date,CNH,IDR,INR,KRW,MYR,PHP,SGD,THB,TWD,BRL,MXN,CLP,PLN,HUF,EUR,JPY,CAD
2019-06-30,-2.601,4.123,6.643,-0.22,55.525,-0.00931,-1.912,-0.696,-0.0204,22.384,220.167,-0.07261,-7.645,-12.648,6.761,-6.146,-2.233
2019-07-01,-5.79,5.903,5.508,-0.179,-5.444,0.0091,-1.8,-1.2,-0.01221,22.849,218.978,-0.06498,-9.333,-13.0,6.745,-5.898,-2.251
2019-07-02,-7.649,3.0,5.0,-0.15,2.743,0.01,-1.703,-0.7,-0.013,23.401,223.705,0.01637,-8.985,-14.25,6.766,-5.908,-2.344
2019-07-03,-8.0,3.892,4.316,-0.096,0.823,0.00125,-1.8,-0.846,-0.00127,22.559,221.179,0.00936,-8.5,-14.087,6.635,-5.856,-2.263
2019-07-04,-11.0,6.707,4.465,-0.1,0.398,-0.00361,-1.938,-0.402,-0.000731,19.193,218.509,0.00884,-8.21,-13.997,6.597,-6.605,-2.294
2019-07-05,-7.3,16.145,3.91,-0.038,0.911,0.00624,-1.96,-0.188,-0.005546,18.435,219.414,0.02787,-8.358,-14.475,6.784,-6.124,-2.383
2019-07-06,-7.3,9.44,3.781,-0.2,53.769,0.00847,-1.96,-0.187,-0.005374,19.891,218.927,0.02919,-8.316,-14.476,6.778,-6.124,-2.368
2019-07-07,-7.3,15.108,8.038,-0.229,54.523,0.00624,-1.96,-0.188,-0.009094,20.808,218.927,0.0219,-8.297,-14.463,6.784,-6.124,-2.368
2019-07-08,-9.5,23.858,4.758,-0.214,-1.983,0.01453,-2.06,0.161,-0.010781,19.766,217.172,0.02114,-9.422,-14.969,6.922,-6.172,-2.356
2019-07-09,-7.0,19.258,4.234,-0.175,-2.228,-0.00056,-2.104,0.3,-0.013065,19.777,215.132,0.01984,-8.566,-14.54,6.723,-5.993,-2.288
2019-07-10,-8.2,23.479,4.702,-0.178,0.028,0.01754,-2.1,0.15,-0.023953,18.166,219.792,-0.01463,-8.777,-13.725,6.579,-6.048,-2.225
2019-07-11,-7.34,6.82,4.359,-0.195,5.71,0.00668,-2.125,0.15,-0.015758,18.193,217.958,-0.03326,-8.626,-12.878,6.574,-6.008,-2.219
2019-07-12,-2.693,3.993,3.531,-0.135,-0.813,0.00848,-1.95,-0.4,-0.009249,20.777,218.758,-0.00951,-8.483,-13.023,6.58,-6.091,-2.265
2019-07-13,-2.695,6.207,3.266,-0.167,49.79,0.00847,-1.95,-0.3225,-0.010154,20.802,218.687,-0.0104,-8.64,-13.093,6.591,-6.069,-2.265
2019-07-14,-2.695,6.207,3.266,-0.167,47.736,0.00847,-1.95,-0.3225,-0.010154,20.802,218.687,-0.0104,-8.429,-12.949,6.591,-6.069,-2.265
2019-07-15,-0.796,11.908,4.203,-0.175,-0.392,0.015,-1.5,-0.055,-0.016719,21.51,219.587,0.00197,-8.204,-12.918,6.636,-6.25,-2.259
2019-07-16,-2.0,12.654,5.432,-0.181,-0.125,0.00962,-1.616,0.772,-0.016774,22.1,220.029,-0.00941,-8.272,-13.075,6.658,-5.938,-2.079
2019-07-17,-1.0,15.7,5.407,-0.218,-1.818,0.01774,-1.464,0.8,-0.005705,19.006,217.034,-0.00867,-8.415,-13.5,6.719,-5.843,-2.081
2019-07-18,0.428,12.45,6.496,-0.249,1.174,0.01383,-1.392,0.43,-0.025605,15.534,217.238,-0.01448,-8.401,-11.72,6.619,-5.905,-2.14
2019-07-19,2.378,7.606,4.843,-0.18,5.971,0.02442,-1.1,0.139,-0.029571,15.839,220.812,-0.03558,-8.116,-12.6,6.603,-5.825,-2.133
2019-07-20,2.354,6.896,5.511,-0.24,32.121,0.00685,-1.1,0.14,-0.030905,13.742,219.981,-0.03151,-8.117,-12.342,6.591,-5.802,-2.125
2019-07-21,2.354,7.636,5.872,-0.238,59.58,0.02382,-1.1,0.14,-0.030799,13.742,220.73,-0.03028,-8.232,-12.598,6.591,-5.802,-2.125
2019-07-22,4.714,13.645,5.428,-0.233,0.532,0.02381,-0.935,0.3995,-0.042813,15.765,218.534,-0.03917,-7.553,-12.0,6.555,-5.633,-2.12
2019-07-23,4.149,13.032,5.04,-0.285,-2.16,0.00969,-1.272,0.759,-0.02429,13.043,224.433,-0.04046,-7.881,-12.64,6.597,-5.794,-2.261
2019-07-24,3.2,7.291,3.231,-0.358,-2.556,0.01418,-1.365,0.696,-0.021706,9.0,221.766,-0.04503,-7.801,-13.1,6.452,-5.685,-2.311
2019-07-25,2.8,0.988,2.873,-0.374,4.028,0.02258,-1.622,0.209,-0.024925,9.332,220.711,-0.0642,-7.658,-13.275,6.287,-5.684,-2.273
2019-07-26,-1.0,4.484,3.725,-0.419,-0.245,0.02517,-1.693,0.5,-0.027333,14.899,221.809,-0.06762,-7.71,-12.769,6.31,-5.605,-2.285
2019-07-27,-1.0,3.6,3.467,-0.388,59.599,0.02517,-1.691,0.479,-0.014167,15.857,221.561,-0.02414,-7.694,-12.787,6.315,-5.609,-2.273
2019-07-28,-1.0,3.6,3.467,-0.388,58.662,0.02517,-1.691,0.479,-0.014167,15.857,221.561,-0.02414,-7.615,-12.753,6.315,-5.609,-2.273
2019-07-29,-3.0,4.684,1.427,-0.279,0.609,0.01031,-0.559,0.326,-0.017032,17.112,223.548,-0.00717,-8.473,-13.0,6.338,-5.741,-2.079
2019-07-30,-3.22,2.5,2.569,-0.298,0.019,0.00656,-0.017,0.386,-0.017031,10.514,223.432,0.01542,-6.629,-12.555,6.1,-5.492,-1.993
2019-07-31,-1.584,6.133,2.403,-0.239,1.42,-0.00096,-0.871,0.163,-0.002565,19.308,222.821,-0.02312,-6.351,-12.235,6.01,-5.351,-1.725
2019-08-01,-0.392,15.996,4.683,-0.247,2.218,0.00445,-1.5235,0.242,-0.002554,19.464,224.991,-0.02148,-6.14,-12.0,5.943,-6.044,-1.719
2019-08-02,7.426,37.833,6.636,-0.129,4.258,0.02706,-1.227,0.142,0.023387,20.005,227.876,-0.01079,-5.5,-11.43,5.917,-5.386,-1.653
2019-08-03,7.223,37.831,6.636,-0.202,41.54,0.01918,-1.227,0.142,0.00793,21.692,227.577,-0.01078,-6.288,-11.96,5.924,-5.377,-1.646
2019-08-04,7.223,37.831,6.636,-0.202,40.053,0.01918,-1.227,0.142,0.00793,21.692,227.577,-0.01078,-6.288,-11.385,5.924,-5.377,-1.646
2019-08-05,18.283,50.463,10.594,-0.137,15.56,0.04409,-0.661,0.008,0.03625,21.854,233.005,-0.01077,-5.4,-11.7,5.929,-5.218,-1.621
2019-08-06,0.14,38.712,10.048,-0.176,11.239,0.06484,-0.804,-0.015,-0.023355,21.387,237.407,-0.02446,-6.144,-12.0,5.796,-5.03,-1.504
2019-08-07,1.317,21.508,9.629,-0.046,11.142,0.06564,-0.536,0.133,-0.01634,21.711,238.987,-0.03293,-5.182,-12.175,5.715,-4.869,-1.348
2019-08-08,-1.302,16.136,5.823,-0.147,9.46,0.05758,-0.695,0.046,-0.008075,22.764,240.061,-0.04318,-5.142,-15.43,5.739,-5.108,-1.332
2019-08-09,5.893,1.33,5.806,-0.162,14.17,0.01208,-0.69,0.139,-0.036818,24.315,242.563,-0.05575,-4.852,-12.5,5.751,-5.255,-1.398
2019-08-10,9.781,6.367,5.839,-0.146,10.74,0.01343,-0.69,0.139,-0.023879,24.487,242.978,-0.02192,-5.117,-13.684,5.745,-5.269,-1.375
2019-08-11,9.781,6.367,5.839,-0.146,63.09,0.01343,-0.69,0.139,-0.023879,24.487,242.978,-0.02192,-5.117,-10.887,5.745,-5.269,-1.375
2019-08-12,12.75,33.125,7.934,-0.181,7.992,0.01297,-0.6935,0.275,-0.005937,25.19,244.771,-0.01006,-4.368,-10.145,5.794,-5.26,-1.441
2019-08-13,6.694,16.781,6.562,-0.217,9.492,0.05435,-0.697,0.487,-0.011154,24.575,241.64,-0.00648,-5.136,-10.32,5.866,-5.13,-1.469
2019-08-14,19.732,23.504,8.016,-0.116,8.136,0.03835,-0.774,0.537,-0.025346,23.192,245.18,-0.02219,-5.02,-10.25,5.856,-5.089,-1.326
2019-08-15,19.761,17.324,9.58,-0.188,7.462,0.04012,-0.868,1.143,-0.025884,25.499,245.075,-0.01855,-4.669,-11.0,5.869,-5.072,-1.325
2019-08-16,11.0,12.657,6.967,-0.075,3.464,0.03305,-0.85,2.696,-0.037759,22.856,234.654,-0.01293,-4.766,-11.0,5.81,-5.011,-1.203
2019-08-17,11.0,20.301,10.031,-0.249,53.349,0.03289,-0.85,2.738,-0.035687,21.2,235.284,-0.01142,-4.799,-11.016,5.829,-5.012,-1.227
2019-08-18,11.0,20.3,10.031,-0.249,52.272,0.03291,-0.85,2.738,-0.035687,21.2,235.284,-0.01142,-4.799,-11.016,5.829,-5.012,-1.227
2019-08-19,15.0,8.395,9.856,-0.128,3.975,0.02306,-1.202,4.217,-0.034562,23.326,239.352,-0.01087,-4.958,-10.93,5.772,-4.867,-1.352
2019-08-20,18.0,12.223,9.581,-0.179,2.624,0.00888,-1.265,4.295,-0.029645,22.237,236.9,-0.00128,-4.457,-10.68,5.672,-4.73,-1.227
2019-08-21,24.735,9.413,7.198,-0.11,1.147,0.00973,-1.241,1.5,-0.032148,21.09,247.654,-0.00615,-4.573,-10.25,5.617,-4.801,-1.131
2019-08-22,23.616,11.725,9.742,-0.192,2.808,0.00154,-1.119,0.75,-0.020661,24.696,295.673,-0.04212,-5.566,-12.238,6.772,-5.88,-1.243
2019-08-23,25.386,4.202,9.704,-0.215,5.002,0.01188,-1.347,0.821,-0.011723,17.451,254.908,-0.04941,-5.616,-11.764,6.057,-5.267,-1.812
2019-08-24,38.772,2.289,9.507,-0.197,56.567,0.01188,-1.387,0.819,-0.020244,7.395,250.044,-0.04,-5.489,-11.698,6.11,-5.235,-1.817
2019-08-25,38.772,2.289,9.507,-0.197,54.836,0.01188,-1.387,0.819,-0.020244,7.395,250.044,-0.04,-5.607,-11.889,6.11,-5.235,-1.817
2019-08-26,35.0,20.356,9.359,-0.199,6.47,0.01281,-1.2,0.25,-0.022188,7.0,259.768,-0.06743,-5.314,-11.964,6.087,-5.253,-1.679
2019-08-27,24.449,15.899,9.097,-0.312,4.274,0.03155,-1.343,-0.137,-0.037306,9.668,271.151,-0.05102,-5.156,-12.65,5.958,-5.185,-1.596
2019-08-28,14.23,17.622,7.534,-0.195,4.11,0.02342,-0.819,0.158,-0.018188,19.887,293.356,-0.0414,-6.126,-13.25,5.852,-5.11,-1.627
2019-08-29,15.0,13.802,9.071,-0.08,7.09,0.02285,-0.906,0.542,-0.0335,12.596,247.978,-0.0541,-5.527,-12.381,5.794,-5.029,-1.5
2019-08-30,13.832,6.669,7.049,-0.171,7.933,0.00726,-0.904,1.273,-0.035304,17.972,258.698,-0.06465,-5.514,-11.877,5.724,-4.91,-1.456
2019-08-31,13.706,6.647,5.522,-0.211,14.759,0.00675,-0.894,1.266,-0.043316,18.398,258.153,-0.0583,-5.776,-12.262,5.73,-4.926,-1.423
2019-09-01,13.706,1.802,5.522,-0.106,14.547,0.00662,-0.894,1.266,-0.039264,19.879,258.153,-0.05408,-5.601,-11.921,5.73,-4.926,-1.423
2019-09-02,13.844,3.972,5.767,-0.093,9.998,0.01338,-0.961,1.1,-0.02385,18.085,248.175,-0.05606,-4.78,-11.933,5.736,-4.89,-1.429
2019-09-03,3.5,19.613,9.903,-0.281,-5.55,0.04771,-0.993,0.424,-0.027145,19.453,252.041,-0.05054,-5.269,-12.22,5.711,-4.906,-1.46
2019-09-04,1.854,14.502,9.878,-0.228,2.357,0.02464,-0.95,0.503,-0.047,20.498,233.037,-0.08956,-5.488,-12.57,5.683,-4.886,-1.587
2019-09-05,4.0,13.682,9.245,-0.242,2.908,0.02387,-0.886,0.35,-0.028756,19.37,261.255,-0.04519,-5.541,-12.72,5.684,-5.661,-1.507
2019-09-06,4.397,5.515,8.038,-0.199,4.427,0.01656,-0.778,0.209,-0.043235,19.179,222.874,-0.06743,-5.257,-12.719,5.675,-4.905,-1.517
2019-09-09,7.691,0.63,7.116,-0.23,3.009,0.00633,-0.277,0.071,-0.03597,18.793,220.78,-0.09437,-4.762,-12.703,5.714,-4.947,-1.539
2019-09-10,6.442,5.054,7.047,-0.2,2.356,0.04175,-0.596,0.018,-0.036199,20.809,222.565,-0.07396,-4.651,-12.744,5.765,-4.911,-1.562
2019-09-11,8.0,9.177,7.148,-0.149,5.203,0.03333,-0.862,0.094,-0.037138,20.242,220.657,-0.07217,-4.994,-12.5,5.67,-4.719,-1.6
2019-09-12,9.0,6.625,5.514,-0.119,2.62,0.00645,-1.404,-2.169,-0.077605,17.607,222.045,-0.03802,-4.75,-12.5,5.637,-4.898,-1.516
2019-09-13,7.157,5.678,7.027,-0.168,5.872,0.01499,-1.063,-1.735,-0.067655,16.228,221.053,-0.10063,-4.473,-11.907,5.594,-4.849,-1.263
2019-09-14,7.273,10.401,6.257,-0.387,12.625,0.01227,-1.05,-1.736,-0.072062,16.206,211.005,-0.0962,-4.48,-11.879,5.585,-4.851,-1.303
2019-09-15,7.273,4.705,7.125,-0.215,28.595,0.02298,-1.05,-1.736,-0.08817,16.206,211.005,-0.11181,-4.49,-11.862,5.585,-4.851,-1.303
2019-09-16,6.0,10.162,9.446,-0.178,7.14,0.0233,-1.005,-0.094,-0.046723,15.132,220.5,-0.08389,-5.011,-11.975,5.855,-5.049,-1.652
2019-09-17,8.0,13.182,8.129,-0.289,6.174,0.02306,-1.541,0.531,-0.054355,14.391,212.395,-0.10854,-5.722,-12.472,5.99,-5.292,-2.06
2019-09-18,5.5,2.04,6.864,-0.241,2.282,0.02694,-1.935,0.6,-0.055906,14.116,224.657,-0.09797,-5.638,-12.277,6.076,-5.642,-1.853
2019-09-19,8.817,0.118,5.51,-0.211,5.226,0.01518,-2.259,0.34,-0.052037,14.781,232.729,-0.09845,-6.01,-12.211,6.169,-10.099,-1.854
2019-09-20,27.547,3.582,5.753,-0.261,8.228,0.01458,-2.081,0.105,-0.062536,14.009,231.276,-0.08733,-7.866,-14.48,6.823,-8.179,-1.798
2019-09-21,31.548,2.404,6.267,-0.29,34.438,0.01425,-2.081,0.103,-0.061354,18.831,238.418,-0.08709,-4.224,-14.784,5.917,-7.003,-1.221
2019-09-22,31.548,-2.143,6.267,-0.29,31.595,0.01425,-2.081,0.103,-0.061354,18.831,238.418,-0.08709,-4.224,-14.784,5.917,-7.003,-1.221
2019-09-23,24.469,4.944,6.547,-0.26,9.527,0.00374,-1.229,-0.206,-0.03573,19.0,241.191,-0.08794,-6.788,-13.426,6.36,-7.402,-1.944
2019-09-24,11.0,8.194,5.922,-0.278,5.804,0.01443,-0.907,-0.75,-0.036871,17.753,270.566,-0.08769,-7.241,-14.526,7.026,-8.286,-2.325
2019-09-25,10.401,17.183,6.479,-0.273,7.676,0.01454,-0.668,-0.281,-0.015499,10.735,241.446,-0.09254,-7.658,-16.185,7.474,-8.569,-2.729
2019-09-26,0.239,8.812,5.475,-0.202,6.743,0.00831,-0.9,0.238,-0.006411,6.255,234.359,-0.06548,-5.89,-13.882,6.661,-7.195,-1.992
2019-09-27,10.0,-0.702,6.094,-0.144,5.199,0.00282,-0.8,0.086,-0.011828,15.143,232.62,-0.09571,-3.7,-11.905,5.623,-4.926,-1.804
2019-09-28,14.0,-4.697,4.997,-0.19,31.952,0.0077,-0.8,0.109,-0.001542,22.767,236.968,-0.10814,-3.7,-11.905,5.578,-4.927,-1.675
2019-09-29,14.0,-4.697,4.997,-0.19,34.205,0.0077,-0.8,0.109,-0.009538,22.767,236.968,-0.10814,-3.7,-11.905,5.578,-4.927,-1.675
2019-09-30,15.655,2.469,5.887,-0.167,4.482,0.01353,-0.85,0.052,-0.009344,20.957,237.561,-0.08755,-3.5,-11.951,5.714,-4.937,-1.582
2019-10-01,15.0,5.742,5.113,-0.022,5.373,0.00981,-1.074,0.144,-0.015823,21.491,236.814,-0.03417,-4.281,-11.925,5.618,-4.977,-1.507
2019-10-02,14.0,9.575,5.124,-0.169,8.47,0.01402,-1.065,0.111,0.005967,22.059,237.78,-0.04354,-4.192,-12.191,5.514,-4.634,-1.203
2019-10-03,13.997,4.664,3.155,-0.19,8.72,0.00229,-1.132,0.212,-0.025502,25.983,261.901,-0.05285,-4.0,-13.55,6.376,-5.35,-1.077
2019-10-04,10.69,-0.329,7.147,-0.064,6.528,0.00043,-1.194,0.094,-0.024111,21.972,218.591,-0.04976,-3.988,-12.19,5.626,-4.749,-1.109
2019-10-05,10.654,-0.982,6.647,-0.053,31.997,0.00281,-1.186,0.084,-0.027822,20.944,217.936,-0.04218,-3.774,-12.19,5.489,-4.622,-0.895
2019-10-06,10.654,6.46,6.674,-0.142,34.653,0.00222,-1.186,0.084,-0.048691,21.329,217.936,-0.06704,-3.957,-12.19,5.489,-4.622,-0.895
2019-10-07,11.551,12.727,6.129,-0.06,6.114,0.01689,-1.339,0.044,-0.023105,20.782,221.209,-0.05881,-3.355,-11.899,5.404,-4.497,-0.785
2019-10-08,7.838,7.656,5.621,-0.086,6.755,0.0093,-1.454,0.042,-0.015,20.919,222.507,-0.04921,-3.269,-11.695,5.43,-4.547,-0.917
2019-10-09,6.111,9.79,5.419,-0.115,6.433,0.01071,-1.5,-0.3,-0.017615,20.775,226.114,-0.05667,-3.597,-12.0,5.447,-4.677,-0.744
2019-10-10,8.788,6.0,4.7,-0.09,10.609,0.00364,-1.217,0.072,-0.044178,22.097,226.687,-0.05978,-3.492,-12.0,5.488,-5.502,-0.66
2019-10-11,10.858,0.929,3.264,-0.083,7.651,-0.00355,-1.132,-0.059,-0.05956,23.807,226.55,-0.03251,-3.92,-11.92,5.488,-4.921,-0.66
2019-10-12,11.828,9.473,4.681,-0.17,10.235,0.00538,-1.133,-0.052,-0.054265,22.337,223.218,-0.03172,-3.342,-11.802,5.446,-4.905,-0.49
2019-10-13,11.828,4.675,,,25.06,,-1.133,,-0.054265,22.337,223.218,,-3.342,-11.802,,-4.905,
2019-10-14,9.327,7.396,6.359,-0.164,7.731,0.01601,-1.059,0.362,-0.033906,21.97,218.743,-0.0206,-3.5,-13.393,5.455,-4.85,-0.589
2019-10-15,8.134,12.258,5.097,-0.155,6.491,0.00506,-1.058,0.85,-0.048935,23.408,219.193,-0.01108,-4.031,-11.28,5.5885,-4.645,-0.674
2019-10-16,8.187,8.515,5.384,-0.142,5.033,0.00528,-1.07,0.832,-0.048134,25.398,218.092,-0.02637,-4.172,-10.784,5.578,-4.658,-0.913
2019-10-17,8.102,1.663,3.907,-0.191,3.552,0.00341,-1.15378,0.685,-0.05187,26.373,217.277,-0.02406,-3.931,-10.835,5.533,-4.796,-0.841
2019-10-18,11.5,1.969,4.555,-0.13,2.155,-0.01089,-1.0,0.305,-0.045475,25.981,219.616,-0.02855,-3.36,-10.788,5.533,-4.949,-0.759
2019-10-19,14.563,2.464,4.713,-0.123,38.221,-0.00344,-1.0,0.431,-0.040049,26.506,219.564,-0.04048,-3.36,-10.783,5.596,-4.957,-0.818
2019-10-20,14.563,8.0,4.712,-0.197,41.742,-0.00387,-1.0,0.431,-0.049375,26.506,219.564,-0.04135,-3.31,-11.134,5.596,-4.957,-0.818
2019-10-21,10.5,1.859,4.797,-0.184,4.877,0.00024,-1.066,0.278,-0.055,26.683,221.524,-0.10408,-3.998,-11.593,5.607,-4.975,-0.779
2019-10-22,8.5,3.226,5.839,-0.226,1.983,0.00097,-0.924,0.04,-0.049452,26.418,220.368,-0.11789,-3.649,-16.2,5.502,-4.962,-0.669
2019-10-23,7.251,0.274,4.081,-0.221,2.573,0.00183,-0.69,0.039,-0.034765,23.665,219.739,-0.14023,-4.263,-16.0,5.53,-4.917,-0.571
2019-10-24,9.671,2.71,2.425,-0.206,2.94,0.00775,-0.75,0.129,-0.036371,21.5,219.46,-0.04712,-3.072,-11.043,5.447,-5.557,-0.695
2019-10-25,9.259,-1.933,1.897,-0.217,5.167,0.01503,-0.691,-0.153,-0.018333,21.648,219.454,-0.10572,-2.68,-10.803,5.474,-4.891,-0.592
2019-10-26,28.887,-0.9,3.264,-0.25,32.414,0.00892,-0.659,0.0555,-0.02,22.086,219.041,-0.12115,-2.4,-10.797,5.456,-4.9,-0.603
2019-10-27,8.5,-0.467,1.862,-0.259,1.573,0.01167,-0.689,-0.0945,-0.018448,22.086,219.041,-0.13237,-2.271,-10.734,5.471,-4.902,-0.603
2019-10-28,9.661,-0.034,2.586,-0.248,4.452,0.02062,-0.646,-0.058,-0.03931,20.815,220.089,-0.12099,-1.895,-11.111,5.4,-4.982,-0.609
2019-10-29,11.0,0.676,2.315,-0.202,4.164,0.00634,-0.55725,-0.092,-0.027877,22.209,216.01,-0.09708,-3.08,-11.25,5.288,-4.914,-0.515
2019-10-30,9.295,5.268,3.664,-0.127,1.449,0.0071,-0.35,-0.104,-0.05289,21.294,213.331,-0.08167,-1.879,-11.61,5.049,-4.496,-0.447
2019-10-31,12.198,9.828,3.595,-0.138,-0.837,0.01127,-0.75,-0.054,-0.037737,24.211,242.364,-0.07481,-0.943,-10.184,5.698,-4.362,-0.101
2019-11-01,13.137,7.672,1.261,-0.11,0.844,0.00877,-1.0,-0.084,-0.024632,19.711,209.471,-0.07481,-1.407,-10.051,4.963,-4.227,0.078
2019-11-02,13.135,5.629,1.004,-0.16,31.24,0.01221,-0.985,-0.1,-0.035,18.971,207.526,-0.11853,-1.24,-10.063,4.932,-4.235,-0.065
2019-11-03,13.135,3.034,2.297,-0.158,39.326,0.00468,-0.985,-0.1,-0.035435,18.977,207.526,-0.06385,-1.239,-10.078,4.932,-4.235,-0.065
2019-11-04,10.0,-2.203,0.094,-0.065,-4.959,-0.00092,-1.065,0.105,0.004345,19.337,208.222,-0.08494,-1.166,-10.28,4.955,-4.247,0.074
2019-11-05,5.5,6.032,1.242,-0.068,-6.371,0.00871,-0.996,0.209,-0.017226,22.155,212.252,-0.09529,-0.812,-9.836,4.862,-4.033,0.104
2019-11-06,10.5,10.183,2.005,0.025,-6.945,0.02125,-1.0,0.204,-0.012757,14.079,212.527,-0.10143,-1.172,-9.852,4.83,-4.018,-0.103
2019-11-07,11.5,6.001,3.0,-0.11,-4.715,0.0075,-1.103,0.305,-0.02,13.256,210.825,-0.07816,-0.85,-10.0,4.819,-4.048,-0.076
2019-11-08,16.17,9.935,1.368,-0.137,-3.557,0.01463,-0.947,0.35,-0.013931,12.603,203.794,-0.05541,-0.01,-10.0,4.723,-4.054,-0.101
2019-11-09,16.168,16.429,1.633,-0.12,31.552,0.01505,-0.946,0.35,-0.011065,14.166,205.702,-0.0897,-0.3,-10.0,4.733,-4.042,-0.096
2019-11-10,,16.429,,,62.478,,-0.946,,-0.004585,14.166,205.702,-0.0897,-0.3,-10.0,,-4.042,
2019-11-11,25.0,7.599,1.597,-0.083,-5.142,0.01043,-0.643,0.547,0.008633,15.04,205.597,-0.07334,0.218,-9.72,4.703,-3.98,-0.142
2019-11-12,19.514,9.419,2.371,-0.068,-3.808,0.01831,-0.706,0.521,-0.012582,15.045,206.682,-0.21389,-0.38,-9.609,4.739,-3.995,-0.059
2019-11-13,28.762,14.128,4.386,-0.038,1.378,-0.00224,-0.631,0.274,-0.000291,22.494,209.85,-0.18118,-0.835,-8.987,4.685,-3.891,0.022
2019-11-14,23.0,7.878,3.089,-0.059,-2.925,0.00977,-0.5,0.372,-0.003432,22.258,215.604,-0.11246,-0.767,-8.859,4.701,-3.962,0.05
2019-11-15,18.82,13.108,3.899,-0.017,-5.207,0.00468,-0.857875,0.34,-0.010605,19.979,239.9,-0.25982,-0.659,-8.906,4.689,-3.964,-0.005
2019-11-16,19.122,13.544,3.138,-0.091,64.086,0.00707,-0.76825,0.3965,-0.01064,19.979,237.431,-0.19479,-0.464,-8.802,4.699,-3.952,-0.01
2019-11-17,19.122,13.544,3.138,-0.091,63.117,0.00707,-0.76825,0.3965,-0.01064,22.755,237.431,-0.19479,-0.526,-8.804,4.699,-3.952,-0.01
2019-11-18,13.841,7.532,3.79,-0.047,-4.779,-0.00202,-0.604,0.4,-0.007881,23.292,226.651,-0.30294,-0.5,-9.0,4.669,-3.899,-0.036
2019-11-19,13.0,10.452,3.694,-0.118,-5.886,0.00903,-0.556,0.5,-0.011742,25.292,254.159,-0.38524,-0.452,-10.56,5.293,-4.412,-0.049
2019-11-20,12.348,5.396,2.653,-0.068,-3.552,0.00836,-0.335,0.4,0.005922,24.042,223.85,-0.22851,-0.526,-9.295,4.592,-3.805,-0.025
2019-11-21,11.847,8.4,2.425,-0.129,-3.561,0.0065,-0.523,0.3,-0.002333,23.258,227.39,-0.12762,-0.517,-9.905,4.714,-3.951,0.012
2019-11-22,14.834,4.708,1.047,-0.136,-2.748,0.00935,-0.342,-0.1,0.008924,23.5,226.254,-0.20178,-0.199,-9.765,4.718,-3.916,-0.017
2019-11-23,14.833,5.529,2.064,-0.127,63.325,0.00455,-0.334,-0.1,0.001676,22.5,225.997,-0.20298,-0.413,-9.678,4.702,-3.911,-0.024
2019-11-24,14.833,5.529,2.064,-0.127,63.08,0.00455,-0.334,-0.1,0.001676,22.5,226.285,-0.20298,-0.217,-9.804,4.702,-3.911,-0.024
2019-11-25,23.0,2.101,0.678,-0.052,-3.473,0.01995,-0.112,0.05,0.006902,21.247,221.597,-0.21001,-0.151,-9.5,4.702,-3.888,0.01
2019-11-26,19.0,4.0,0.25,-0.09,-0.629,0.00503,0.232,-0.1,0.002,18.168,211.352,-0.26494,1.5,-9.5,4.634,-3.839,-0.004
2019-11-27,14.694,6.935,3.314,-0.365,2.655,0.00634,-0.013,0.15,-0.008213,19.115,203.485,-0.23117,0.576,-10.163,4.664,-3.834,0.025
2019-11-28,15.58,7.784,3.305,-0.13,2.054,-0.00861,-0.107,0.2,0.001048,22.509,199.361,-0.25431,0.946,-9.46,4.658,-3.73,-0.005
2019-11-29,14.0,8.451,1.705,-0.085,1.799,0.01792,-0.392,0.2,-0.008995,16.666,185.677,-0.31294,0.459,-9.09,4.623,-3.744,-0.034
2019-11-30,15.41,9.77,1.414,-0.146,55.803,0.00077,-0.392,0.2,-0.017288,17.947,187.256,-0.31346,0.842,-9.452,4.635,-3.747,-0.073
2019-12-01,15.41,9.77,1.414,-0.146,56.074,0.01668,-0.392,0.2,-0.017288,17.947,189.763,-0.31346,0.406,-9.071,4.635,-3.747,-0.073
2019-12-02,16.865,10.5,1.836,-0.161,7.096,0.01609,-0.301,0.35,-0.004219,17.636,198.367,-0.19497,0.529,-9.53,4.633,-3.736,-0.033
2019-12-03,15.767,11.645,1.339,-0.111,6.079,0.01399,-0.425,0.3,0.001645,16.902,226.007,-0.1696,-0.315,-9.618,4.572,-3.702,-0.108
2019-12-04,15.5,4.403,0.489,-0.109,4.087,0.01382,-0.479,0.15,-0.002593,16.248,204.525,-0.08889,-0.36,-9.715,4.554,-3.634,-0.029
2019-12-05,14.106,-0.429,1.34,-0.092,3.705,0.00822,-0.61,0.2,0.002767,15.328,198.859,-0.02994,-0.854,-9.61,4.573,-3.625,-0.056
2019-12-06,14.342,-4.425,-0.597,-0.071,5.904,0.01549,-0.493,0.4,0.010894,15.997,197.785,-0.10318,-0.64,-9.814,4.6225,-3.721,-0.038
2019-12-07,14.35,-2.591,0.401,-0.08,31.347,0.01056,-0.486,0.4,0.0,16.428,197.13,-0.08233,-0.64,-9.813,4.584,-3.728,-0.047
2019-12-08,14.35,-2.591,0.401,-0.08,31.347,0.01056,-0.486,0.4,0.0,16.428,197.13,-0.08233,-0.67,-9.863,4.584,-3.728,-0.047
2019-12-09,13.93,1.875,4.18,-0.057,3.968,0.0243,-0.394,0.175,-0.001937,15.456,193.474,-0.09173,0.254,-9.626,4.702,-3.8,-0.026
2019-12-10,15.5,-0.161,6.234,-0.107,1.847,0.02255,-0.534,0.294215,-0.012581,17.181,193.921,-0.10986,-0.336,-10.09,4.693,-3.789,-0.045
2019-12-11,15.0,4.04,4.398,-0.121,-0.58,0.01996,-0.478,1.04948,-0.009394,17.65,192.432,-0.14585,-0.598,-10.02,4.63,-3.734,-0.103
2019-12-12,14.5,4.683,2.393,-0.108,2.97,0.01371,-0.68,0.45,-0.041368,13.207,168.324,-0.07718,-0.64,-9.75,4.661,-3.83,-0.063
2019-12-13,14.912,-8.228,3.944,-0.162,0.353,0.01901,-0.84,0.2,-0.042701,10.966,166.672,-0.0939,-0.418,-17.89,4.703,-3.78,-0.004
2019-12-14,14.827,-1.222,3.315,-0.14,-9.539,0.01413,-0.836,0.2,-0.03705,12.722,166.471,-0.0939,-0.444,-17.991,4.687,-3.799,-0.042
2019-12-15,14.827,-5.0,2.29,-0.13,30.809,0.02443,-0.836,0.2,-0.054969,12.722,183.862,-0.1084,-0.428,-16.612,4.687,-3.799,-0.042
2019-12-16,13.06,0.758,4.592,-0.255,-4.037,0.02439,-1.31625,0.0,-0.059697,7.227,203.912,-0.15847,-0.426,-16.863,6.127,-4.39,-0.136
2019-12-17,12.5,-2.375,4.352,-0.189,0.497,0.01672,-1.341,0.234,-0.03673,-3.278,187.561,-0.1578,-0.5,-15.463,5.344,-3.786,-0.279
2019-12-18,10.5,-3.273,5.574,-0.223,-2.748,0.02402,-1.83025,0.15,-0.036219,-0.305,209.008,-0.16851,-1.689,-14.068,4.58,-3.808,-0.3
2019-12-19,11.5,-6.052,3.884,-0.284,-2.516,0.01713,-1.10575,0.15,-0.033782,3.797,200.281,-0.11631,-1.584,-9.723,4.632,-3.848,-0.269
2019-12-20,13.295,1.015,4.227,-0.355,-3.139,0.01296,-0.178,0.35,-0.021857,6.996,204.057,-0.21454,-0.73,-21.89,4.824,-13.89,-0.879
2019-12-21,13.295,4.709,6.584,-1.365,10.621,0.01322,-0.172,0.35,-0.022857,10.109,204.154,-0.20392,-1.506,-22.195,4.828,-13.89,-0.9
2019-12-22,13.295,4.709,6.584,-1.365,59.04,0.01273,-0.172,0.35,-0.022857,10.109,204.154,-0.14275,-1.506,-21.964,4.828,-13.89,-0.9
2019-12-23,15.4,0.253,6.21,-0.794,-1.847,0.00545,0.519,0.15,-0.04,5.0,159.52,-0.12813,-2.413,-25.617,10.18,-12.169,-2.194
2019-12-24,14.718,1.133,4.671,-0.936,1.295,0.00546,0.59,0.2851,-0.031333,0.5,167.091,-0.11489,-1.306,-26.729,11.386,-14.545,-5.803
2019-12-25,14.361,1.144,4.788,-0.914,-2.256,0.015,0.61,0.2,-0.022583,6.8,167.223,-0.11489,-1.307,-26.749,11.397,-15.685,-5.653
2019-12-26,12.116,-0.644,2.793,-1.387,0.343,-0.00626,0.4965,0.3295,-0.031057,-0.708,170.513,-0.02616,-0.206,-27.097,11.253,-12.18,-5.893
2019-12-27,7.598,-0.261,2.461,-0.037,-3.132,-0.00274,-0.745,-0.1,-0.08734,-6.494,164.402,-0.05184,3.472,-26.474,7.164,-5.472,-5.14
2019-12-28,6.76,-1.439,0.348,-0.024,64.516,0.01271,-0.742,-0.0149,-0.067984,-5.532,168.02,-0.05225,2.477,-27.01,7.268,-5.466,-4.754
2019-12-29,6.76,1.742,0.348,-0.024,64.516,0.01271,-0.742,-0.0149,-0.071742,12.195,168.02,-0.05225,-1.259,-12.452,7.268,-5.466,-4.754
2019-12-30,5.11,-4.419,5.25,-0.141,0.807,0.01403,-0.946,-1.5,-0.074581,0.562,186.98,-0.06758,0.304,-10.001,4.797,-4.485,-3.282
2019-12-31,2.5,4.522,4.661,-0.04,-10.245,0.00613,-0.32,-0.875,-0.0042,10.398,179.907,-0.05633,-0.983,-10.055,4.874,-4.462,-0.805
2020-01-01,2.483,3.444,2.861,0.005,-2.479,0.00263,-0.322,-0.875,-0.003282,10.397,183.723,-0.05634,-0.49,-10.03,4.847,-4.565,-0.812
2020-01-02,5.5,-1.502,4.144,-0.155,-5.997,-0.00031,-0.129,-2.25,-0.025202,12.341,194.698,-0.03521,-1.778,-9.39,4.738,-4.034,-0.316
2020-01-03,11.498,6.187,4.477,-0.163,-8.468,0.00379,-0.69,-0.5,-0.007474,14.905,195.502,-0.00999,-1.712,-9.388,4.745,-4.152,-0.231
2020-01-04,13.178,1.923,5.183,-0.18,73.758,0.00569,-0.689,-0.5,-0.012004,15.403,195.887,-0.01601,-1.722,-9.378,4.724,-4.144,-0.253
2020-01-05,13.178,1.923,5.183,-0.18,75.483,0.00569,-0.689,-0.5,-0.012004,15.403,195.887,-0.01595,-1.699,-9.397,4.724,-4.144,-0.253
2020-01-06,12.2,8.156,6.297,-0.191,1.648,0.04366,-0.967875,-1.0,-0.012499,16.747,186.631,0.01758,-1.43,-9.745,4.779,-4.112,-0.133
2020-01-07,11.199,1.935,6.0,-0.227,-4.765,0.04642,-0.55,-0.25,-0.025226,17.392,180.948,0.00121,-1.681,-9.574,4.664,-3.929,-0.125
2020-01-08,9.498,-1.598,4.365,-0.16,-1.31,0.03698,-0.347,0.75,-0.017627,16.134,181.323,0.00131,-2.074,-9.648,4.641,-3.792,0.122
2020-01-09,11.501,2.594,3.932,-0.17,2.186,0.01242,-0.406,0.6,-0.029687,21.844,217.693,0.00141,-2.198,-11.068,5.421,-4.105,0.108
2020-01-10,12.699,-3.669,4.383,-0.302,0.469,-0.00333,-0.454,0.45,-0.017057,17.196,180.348,0.00499,-2.383,-9.569,4.708,-4.047,0.194
2020-01-11,12.699,-2.022,3.837,-0.302,60.394,0.01367,-0.454,0.45,-0.016917,17.19,180.732,0.00763,-2.032,-9.678,4.702,-4.028,0.259
2020-01-12,12.699,-2.022,3.837,-0.302,60.545,0.0147,-0.454,0.45,-0.016917,17.19,180.732,0.00763,-2.358,-9.563,4.702,-4.028,0.259
2020-01-13,13.798,1.727,3.908,-0.376,-1.738,0.00947,-0.448,-0.1,-0.036439,17.537,185.715,0.02352,-3.117,-9.56,4.7,-4.027,0.524
2020-01-14,20.497,3.812,4.816,-0.296,1.753,0.01486,-0.475,0.15,-0.014562,16.434,194.782,0.02773,-3.172,-9.608,4.595,-3.989,0.305
2020-01-15,37.0,4.35,3.111,-0.355,2.149,0.00789,-0.651,0.5,-0.026424,18.18,194.317,0.0252,-2.365,-9.625,4.586,-3.828,0.506
2020-01-16,28.997,2.0,3.5,-0.19,-1.348,0.01,-0.302,0.65,-0.035,18.85,197.309,0.02532,-2.154,-9.253,4.665,-3.916,0.481
2020-01-17,37.838,1.431,4.667,-0.187,-3.411,0.00258,-0.165,0.75,-0.01285,19.803,196.117,0.00358,-2.142,-9.342,4.605,-3.893,0.239
2020-01-18,0.0,-0.526,4.667,-0.156,65.547,0.015,0.0,0.0,-0.013844,20.328,194.084,0.00358,-2.141,-9.417,4.615,-3.885,0.237
2020-01-19,0.0,2.602,4.667,-0.156,66.259,0.015,0.0,0.0,-0.013844,20.328,194.084,0.00358,-2.102,-9.417,4.615,-3.885,0.237
2020-01-20,33.999,4.891,4.156,-0.2,-2.154,0.01071,-0.159,0.55,-0.03,19.251,196.777,0.00322,-1.609,-9.324,4.636,-3.882,0.259
2020-01-21,26.198,3.903,3.387,-0.275,-0.011,0.00044,-0.043,0.75,-0.023224,19.164,200.592,0.02894,-1.636,-9.391,4.647,-3.827,0.41
2020-01-22,17.998,-0.055,3.939,-0.273,2.554,0.00925,-0.07,0.7,-0.020939,20.942,199.2,0.00311,-2.531,-9.727,4.651,-3.84,0.281
2020-01-23,17.998,6.83,3.422,-0.221,0.614,-0.00343,-0.149,1.0,-0.02632,24.221,229.742,0.00616,-2.897,-9.675,4.691,-3.949,0.281
2020-01-24,18.502,3.9,3.1,-0.241,0.905,0.00385,-0.249,4.1,-0.021406,22.5,198.957,0.011,-2.796,-9.268,4.648,-3.983,0.256
2020-01-25,18.502,3.4,3.1,-0.251,60.844,0.009,-0.259,4.1,-0.016672,22.5,197.376,0.01112,-2.779,-9.27,4.649,-3.973,0.202
2020-01-26,18.502,3.4,3.1,-0.251,59.642,0.009,-0.259,4.1,-0.016672,22.5,197.376,0.01064,-2.845,-9.232,4.649,-3.973,0.202
2020-01-27,22.996,8.207,5.724,-0.179,0.993,0.01103,-0.51,6.0,0.00014,21.801,200.139,0.01949,-2.721,-9.438,4.7,-4.016,0.187
2020-01-28,25.997,6.286,5.196,-0.27,-0.033,0.01671,-0.543,5.5,0.000503,19.156,200.618,0.02204,-1.856,-9.1605,4.718,-4.027,0.208
2020-01-29,21.5,3.332,5.084,-0.083,-2.198,-0.00336,-0.606,6.5,-0.007671,20.517,198.486,0.03042,-1.556,-9.142,4.642,-3.933,0.309
2020-01-30,34.986,14.086,7.684,-0.083,0.577,0.01996,0.005,4.375,0.002931,17.912,198.093,0.0415,-1.25,-8.798,4.621,-3.956,0.178
2020-01-31,24.0,16.346,7.148,-0.103,3.245,0.02032,0.363625,2.75,0.010982,20.126,198.367,0.07859,-1.585,-8.934,4.672,-4.576,0.205
2020-02-02,26.0,14.112,7.141,-0.081,43.631,0.0171,0.609625,2.75,0.003506,18.853,198.11,0.07859,-1.227,-8.863,4.692,-4.586,0.25
2020-02-03,31.001,20.439,6.332,0.005,0.569,0.02696,0.029,0.9,-0.001302,19.755,197.903,0.00015,-1.427,-8.965,4.732,-4.033,0.222
2020-02-04,24.003,2.29,3.376,-0.02,6.92,0.02812,-0.281,0.5,-0.0085,19.522,197.293,-0.03347,-1.43,-8.862,4.627,-3.971,0.21
2020-02-05,11.5,0.483,3.023,-0.055,2.927,0.00922,-0.029,0.5,-0.017184,20.019,197.82,-0.03383,-1.734,-8.89,4.595,-3.875,0.359
2020-02-06,11.009,7.398,5.69,-0.071,7.136,0.02538,-0.58,0.4,0.010911,22.856,222.802,0.00357,-1.985,-10.147,5.247,-4.519,0.309
2020-02-07,11.197,18.295,5.882,-0.093,8.177,0.03667,-0.301,0.45,0.016108,22.123,195.022,0.01423,-1.77,-8.75,4.629,-4.027,0.326
2020-02-08,11.196,15.221,4.065,-0.082,50.774,0.02713,-0.302,0.45,0.006868,22.153,195.188,0.00575,-1.752,-8.845,4.612,-4.02,0.201
2020-02-09,11.748,15.221,4.065,-0.082,30.204,0.02713,-0.302,0.45,0.007398,22.153,195.303,0.00771,-1.822,-8.633,4.612,-4.02,0.201
2020-02-10,12.198,12.088,6.18,-0.061,8.904,0.04366,-0.617,1.1,-0.00521,22.216,196.152,0.00996,-1.577,-8.25,4.666,-4.031,0.099
2020-02-11,13.998,4.129,4.303,-0.088,6.968,0.01949,-1.046,1.35,-0.020632,18.24,195.769,-5e-05,-1.636,-8.3675,4.683,-4.037,0.128
2020-02-12,11.496,8.361,5.807,-0.061,7.212,0.02413,-0.871,1.75,-0.012483,18.515,191.523,0.01131,-1.637,-9.55,4.633,-3.997,0.141
2020-02-13,8.994,12.0,4.75,-0.055,7.399,0.0225,-0.538,2.0,-0.019997,10.795,190.594,0.03476,-1.231,-9.192,4.611,-4.015,0.186
2020-02-14,7.998,12.122,4.983,-0.043,3.91,0.01007,-0.397,1.9,-0.009927,7.997,189.552,0.0114,-1.435,-9.0,4.604,-4.04,0.143
2020-02-15,9.407,11.6,4.688,-0.044,30.815,0.015,-0.3145,1.974,-0.014112,6.392,189.302,0.0115,-1.364,-8.511,4.591,-4.039,0.145
2020-02-16,9.407,11.6,4.688,-0.044,30.815,0.015,-0.3145,1.974,-0.014112,6.392,189.302,0.01067,-1.312,-7.936,4.591,-4.039,0.145
2020-02-17,7.5,6.835,4.206,-0.064,5.028,0.01746,-0.372,1.625,-0.01307,5.838,190.315,0.00638,-1.243,-8.2125,4.62,-4.017,0.145
2020-02-18,9.498,8.179,4.52,-0.096,25.675,0.02248,-0.347,1.575,-0.001881,4.579,194.049,-0.00019,-1.263,-8.468,4.677,-4.022,0.103
2020-02-19,15.997,11.745,4.49,-0.046,11.602,0.02448,-0.482,1.631,-0.013793,1.225,192.572,-0.01841,-1.426,-8.817,4.631,-4.023,0.095
2020-02-20,15.999,25.089,6.819,-0.053,19.17,0.02887,-0.952,1.85,0.007939,17.316,194.884,-0.01701,-1.608,-8.482,4.651,-4.146,0.062
2020-02-21,20.499,60.965,7.603,0.031,14.215,0.05375,-0.467,2.75,0.002162,22.691,199.393,-0.00137,-1.54,-8.25,4.63,-4.123,0.082
2020-02-22,20.498,58.398,7.862,0.008,50.756,0.04149,-0.457,3.25,-0.003458,21.864,198.971,-0.00117,-1.43,-8.25,4.624,-4.11,0.057
2020-02-23,20.498,58.398,7.862,0.008,50.756,0.04149,-0.457,3.25,-0.003458,21.864,198.971,-0.00117,-1.438,-7.956,4.624,-4.11,0.057
2020-02-24,18.501,40.54,8.037,-0.072,17.355,0.04645,-0.704,2.375,-0.000297,7.871,203.418,-0.00229,-1.189,-8.25,4.693,-4.14,0.101
2020-02-25,19.699,30.43,5.619,0.024,17.135,0.04097,-0.748,2.5,-0.004057,11.91,206.306,-0.01385,-0.56,-8.029,4.625,-4.081,0.141
2020-02-26,16.499,49.014,10.346,-0.096,17.243,0.04511,-0.749,2.5,-0.01391,16.327,205.262,-0.03468,-0.181,-8.055,4.657,-4.008,0.129
2020-02-27,9.099,65.079,7.968,-0.02,25.424,0.03315,-0.7,1.783,-0.017121,21.425,207.799,-0.05279,-0.631,-9.725,4.721,-4.039,0.116
2020-02-28,11.0,100.476,13.711,0.006,8.813,0.07166,-0.629,1.137,-0.006515,20.456,213.167,-0.03409,-0.5,-8.745,4.791,-4.08,-0.065
2020-02-29,12.14,100.473,11.652,-0.001,47.667,0.0582,-0.6855,1.139,-0.004515,18.733,211.801,-0.0377,0.341,-8.224,4.866,-4.185,-0.122
2020-03-01,12.14,100.473,11.652,-0.001,47.667,0.0582,-0.6855,1.139,-0.004515,18.733,211.801,-0.0377,-0.272,-8.519,4.866,-4.185,-0.122
2020-03-02,12.0,90.781,13.864,-0.043,14.139,0.05438,-0.899,0.306,-0.030312,18.687,209.303,-0.10649,-0.073,-7.304,4.833,-4.107,-0.316
2020-03-03,11.498,7.419,12.375,-0.125,15.765,0.04419,-1.002,0.331,-0.045778,20.13,215.964,-0.06586,3.974,-5.8375,3.965,-3.236,0.113
2020-03-04,14.0,21.242,18.845,0.014,4.317,0.02788,-0.552,0.267,-0.053481,22.597,199.886,-0.1084,2.848,-5.542,3.955,-3.347,-0.214
2020-03-05,11.5,38.765,21.072,0.002,10.469,0.03824,-1.102,0.527,-0.034225,20.405,232.477,-0.05363,2.5,-3.0805,4.023,-3.401,-0.343
2020-03-06,13.498,80.757,31.344,0.052,17.166,0.04441,-0.257,0.568,-0.028656,20.667,200.848,-0.00626,3.131,-3.5,3.969,-3.575,-0.357
2020-03-07,15.146,69.848,34.344,-0.003,14.097,0.03424,-0.265,0.7365,-0.040624,20.673,202.02,-0.01209,2.899,-2.985,4.072,-3.6,-0.358
2020-03-08,15.146,69.848,27.258,0.038,9.384,0.03424,-0.265,0.7365,-0.041219,23.878,202.02,-0.01398,2.644,-3.536,4.072,-3.6,-0.358
2020-03-09,11.0,149.687,27.29,-0.056,23.409,0.05235,-0.55,0.426,-0.088593,25.42,241.228,0.05518,3.0,-7.3755,4.41,-3.53,-0.22
2020-03-10,9.0,44.516,25.161,-0.333,22.205,0.02339,-0.75,-0.164,-0.10129,28.374,256.903,-0.02246,2.961,-6.025,4.162,-3.025,-0.02
2020-03-11,3.0,33.226,19.016,-0.444,20.062,0.02756,-1.3,-1.579,-0.108606,27.078,251.563,-0.0809,3.356,-6.064,3.896,-3.85,0.151
2020-03-12,3.0,88.493,41.657,-0.491,25.342,0.11387,-3.5,-1.135,-0.103868,22.382,288.922,-0.04518,4.41,-5.578,3.951,-3.2,-0.119
2020-03-13,8.5,42.39,31.282,-0.991,27.485,0.10365,-1.75,-0.191,-0.126249,22.548,265.019,-0.08012,2.5,-5.311,4.178,-4.4,0.001
2020-03-14,8.5,104.312,34.336,-0.941,26.649,0.10181,-1.54,-0.224,-0.102635,27.172,265.012,-0.04164,2.001,-2.75,4.337,-4.3,-0.637
2020-03-15,8.5,53.979,38.875,-1.109,-0.501,0.10328,-1.75,-0.219,-0.158438,22.895,265.4,-0.0399,1.868,-2.51,4.849,-4.11,-0.422
2020-03-16,4.0,55.938,30.656,-0.334,25.68,0.22294,-0.95,-1.51,-0.097187,25.546,228.495,-0.08347,2.92,-9.416,7.981,-6.5,0.304
2020-03-17,-4.0,50.484,21.258,-1.116,22.473,0.17194,-1.25,-0.39,-0.050004,12.551,192.638,-0.21602,-8.689,-22.368,8.911,-9.0,-0.591
2020-03-18,-4.0,17.56,30.328,-0.647,25.35,0.22811,-2.0,0.71,-0.07681,9.355,198.442,-0.2981,-1.5,-4.743,4.237,-6.5,0.161
2020-03-19,-5.5,114.426,18.412,-0.449,36.28,0.29645,-1.875,2.011,-0.072543,24.56,207.469,-0.17238,-0.969,-4.992,3.37,-8.5,-0.143
2020-03-20,-5.0,91.25,8.187,-0.148,57.679,0.29565,-0.75,0.675,-0.051644,19.595,266.443,-0.13056,3.021,-2.22,2.13,-6.25,0.687
2020-03-21,-5.0,98.226,9.839,-0.459,-73.437,0.30576,-0.872,0.65,-0.095656,25.312,266.826,-0.00653,2.197,-2.58,2.818,-6.625,0.288
2020-03-22,-5.0,98.226,11.0,-0.159,33.083,0.30576,-0.872,0.65,-0.067031,25.312,266.826,-0.00669,2.192,-2.58,2.818,-6.625,0.288
2020-03-23,-20.0,103.71,45.226,-1.294,29.832,0.52335,-1.25,1.009,-0.088125,24.152,266.272,-0.03642,3.565,-4.34,3.383,-9.75,0.012
2020-03-24,-12.0,30.95,52.048,-1.616,41.72,0.42147,-1.375,1.213,-0.082742,28.0,202.481,-0.05637,1.824,-7.497,4.633,-9.75,-0.452
2020-03-25,-18.0,32.05,46.565,-1.15,9.027,0.26015,-1.9375,0.098,-0.092927,30.788,131.914,-0.08229,1.871,-8.291,3.415,-6.25,-0.144
2020-03-26,-27.0,5.5,70.333,-0.452,2.238,0.276,-2.5,-3.931,-0.073167,17.908,141.691,-0.12586,2.201,-8.188,2.945,-5.75,-0.941
2020-03-27,-29.0,-12.294,56.357,-0.392,-0.861,0.07723,-1.75,-0.458,-0.04429,20.925,169.58,-0.16325,1.221,-9.8915,3.871,-7.069,-1.342
2020-03-28,-29.0,-16.902,52.676,-0.239,-50.669,0.14905,-1.75,-0.455,-0.05989,30.999,168.948,-0.16348,1.53,-11.4455,4.015,-7.156,-1.385
2020-03-29,-29.0,-16.902,52.676,-0.239,-30.948,0.14905,-1.75,-0.455,-0.104981,29.114,168.948,-0.16348,1.656,-7.1105,4.015,-7.156,-1.385
2020-03-30,-28.0,2.969,42.875,-0.344,11.029,0.08632,-2.25,0.004,-0.099318,28.053,203.914,-0.15966,2.81,-6.15,2.256,-4.06,-2.1725
2020-03-31,-4.5,43.549,22.5,-0.032,10.301,0.22025,-1.375,0.495,-0.02052,30.148,364.484,-0.143,3.285,-5.246,1.874,-2.124,-0.702
2020-04-01,-8.0,161.833,35.067,-0.042,8.686,0.26765,-1.25,1.259,-0.015106,27.143,328.039,-0.15185,3.316,0.794,3.115,-1.35,-0.975
2020-04-02,2.4,109.662,39.3,-0.085,10.071,0.1566,-0.875,1.262,-0.030656,25.381,253.695,-0.10826,6.5,5.556,2.005,-1.225,-1.424
2020-04-03,-2.5,57.0,42.314,0.019,17.692,0.14306,-0.35,0.934,-0.010373,24.094,303.045,-0.21631,7.203,5.1165,1.633,-0.915,-1.414
2020-04-04,-2.5,47.633,36.893,-0.197,11.694,0.10473,-0.35,0.932,-0.035504,26.063,308.565,-0.23793,7.048,4.6745,1.753,-1.11,-1.408
2020-04-05,-2.5,47.633,36.893,-0.197,-80.839,0.141,-0.35,0.932,-0.005696,21.359,308.565,-0.23793,6.75,5.3285,1.753,-1.11,-1.408
2020-04-06,-3.0,62.656,53.417,0.082,45.646,0.03847,0.65,1.013,-0.01644,25.361,305.883,-0.2806,8.211,3.004,1.754,-1.15,-0.622
2020-04-07,6.0,-2.715,38.386,-0.089,26.725,0.02433,1.3,0.593,-0.037226,24.321,288.023,-0.28471,8.919,3.832,1.641,-1.45,-0.796
2020-04-08,4.5,31.09,34.327,-0.078,24.71,0.01188,0.625,1.056,-0.052045,29.676,300.816,-0.30605,4.495,1.9195,1.73,-1.05,-0.7
2020-04-09,6.0,-15.777,17.377,-0.024,23.805,0.01991,-0.625,1.662,-0.036606,28.036,303.276,-0.35604,3.104,4.307,1.749,-1.275,-0.686
2020-04-10,9.0,9.901,18.436,-0.016,13.659,0.01273,-0.79625,1.662,-0.093323,28.384,306.088,-0.34445,3.651,4.691,1.847,-1.35,-0.837
2020-04-11,6.198,-20.792,12.244,-0.006,-29.839,0.01306,-0.79625,1.662,-0.088156,28.384,305.232,-0.34447,3.546,4.084,1.674,-1.35,-0.835
2020-04-12,6.198,-20.792,12.244,-0.006,-34.263,0.01306,-0.79625,1.662,-0.088156,28.384,304.391,-0.34447,3.584,4.059,1.674,-1.35,-0.835
2020-04-13,10.68,2.048,10.066,-0.162,17.585,0.00964,-0.625,1.686,-0.037374,21.788,303.232,-0.355,3.328,4.024,1.692,-1.325,-0.92
2020-04-14,10.497,34.355,13.258,-0.097,14.393,0.04084,0.25,1.85,-0.035806,22.669,304.365,-0.28688,6.035,1.557,1.628,-1.225,-0.596
2020-04-15,9.998,30.7,19.469,-0.236,23.787,0.028,0.45,1.98,-0.048506,25.24,306.21,-0.22451,7.2,2.191,1.522,-0.85,-0.24
2020-04-16,10.502,27.069,14.485,-0.303,26.728,0.04915,0.325,1.668,-0.036565,23.443,303.916,-0.14245,4.92,2.9205,1.587,-0.85,-0.053
2020-04-17,13.497,13.472,8.022,-0.25,20.228,0.04191,0.15,1.52,-0.051951,32.952,295.819,-0.19166,3.712,2.5,1.475,-0.935,-0.166
2020-04-18,13.495,14.414,8.308,-0.251,-69.883,0.05,0.01125,1.629,-0.043848,34.539,291.58,-0.19282,5.092,3.055,1.504,-0.935,-0.352
2020-04-19,13.495,14.414,8.308,-0.251,-75.654,0.01306,0.01125,1.629,-0.028106,34.539,292.876,-0.19282,3.638,2.897,1.504,-0.935,-0.352
2020-04-20,13.499,29.242,5.84,-0.21,25.072,0.00364,0.025,1.239,-0.036061,33.804,300.66,-0.19794,3.825,5.51375,1.385,-1.097,-0.315
2020-04-21,20.001,65.937,13.25,-0.521,23.623,0.02891,-0.075,0.895,-0.030625,32.668,302.37,-0.42545,4.037,4.706,1.399,-0.798,-0.288
2020-04-22,16.004,45.726,14.258,-0.314,38.685,0.01588,0.3,0.87,-0.075294,35.268,415.427,-0.64493,4.75,4.833,2.177,-0.624,-0.226
2020-04-23,15.504,41.227,-0.118,-0.043,11.348,0.02369,0.2,0.0,-0.036847,28.445,364.757,-0.17549,3.764,3.893,1.516,-1.484,-0.322
2020-04-24,15.998,41.27,6.173,-0.104,12.304,0.02593,0.3,-0.583,-0.0311,37.0,374.068,-0.17512,4.412,4.274,1.47,-1.368,-0.326
2020-04-25,16.836,37.888,6.173,-0.063,-74.324,0.01972,0.3,-0.686,-0.033193,45.0,390.224,-0.16142,4.428,4.271,1.473,-1.406,-0.323
2020-04-26,16.836,37.888,6.173,-0.063,-74.324,0.01972,0.3,-0.686,-0.033193,33.997,390.224,-0.16142,4.156,4.19,1.473,-1.406,-0.323
2020-04-27,14.497,26.345,9.793,0.017,13.95,0.01819,0.45,-0.361,-0.033793,44.753,374.342,-0.23254,4.942,3.889,1.384,-1.124,-0.3
2020-04-28,9.998,6.836,6.076,0.222,18.217,-0.00478,0.4,-0.521,-0.032706,41.697,305.967,-0.45684,3.938,4.492,1.327,-1.068,-0.114
2020-04-29,11.499,19.511,6.477,0.026,6.916,0.00883,0.225,-1.041,-0.040834,30.498,313.933,-0.15941,3.925,4.481,1.293,-1.079,-0.18
2020-04-30,14.998,7.03,1.007,0.027,-2.678,-0.00143,-0.2,-0.867,-0.060233,34.375,287.548,-0.32485,3.867,3.82225,1.34,-0.955,-0.101
2020-05-01,15.989,108.611,8.559,0.089,12.388,-0.00795,-0.4,-0.377,-0.050613,29.164,296.239,-0.17488,3.95,4.404,1.429,-0.95,0.053
2020-05-02,15.987,40.0,8.559,-0.061,-81.679,-0.00739,-0.4,-0.377,-0.041682,29.164,283.572,-0.14666,3.959,4.382,1.368,-0.95,0.056
2020-05-03,15.987,116.129,13.839,-0.061,-41.159,-0.00742,-0.4,-0.377,-0.057406,30.861,295.141,-0.14666,3.772,4.26,1.368,-0.95,0.056
2020-05-04,13.998,62.258,9.774,-0.047,15.042,0.01395,-0.325,-0.49,-0.05125,32.687,297.852,-0.21842,4.0,3.831,1.35,-0.929,0.102
2020-05-05,11.0,43.574,9.738,-0.087,20.029,0.00874,-0.225,0.428,-0.072419,34.88,317.877,-0.28376,3.791,4.177,1.35,-0.929,0.076
2020-05-06,16.995,56.483,10.095,0.057,14.987,0.04659,-0.2,0.672,-0.044938,33.211,331.281,-0.29991,3.7,4.5,1.332,-0.973,0.105
2020-05-07,18.996,71.824,10.084,0.033,15.774,0.06218,-0.3,0.111,0.000977,34.069,330.191,-0.13793,3.648,4.879,1.356,-0.929,0.187
2020-05-08,22.0,41.84,4.383,0.062,28.605,0.0219,-0.3,-0.049,0.000331,2273.95,303.181,-0.08987,3.203,4.817,1.362,-0.896,-0.034
2020-05-09,7.13,39.139,5.98,0.081,22.49,0.04673,-0.3,-0.049,0.000577,33.113,316.997,-0.03372,3.853,4.716,1.357,-0.881,-0.052
2020-05-10,7.13,53.365,9.844,0.02,-1.508,0.03635,-0.3,-0.049,-0.014063,37.104,316.997,-0.03372,3.5,4.742,1.357,-0.881,-0.052
2020-05-11,19.996,29.844,6.25,0.041,49.824,0.02216,-0.325,-1.385,-0.02156,34.628,301.021,-0.0295,3.24,4.595,1.388,-0.706,-0.059
2020-05-12,23.5,23.71,4.613,0.042,60.612,0.01641,-0.25,-0.927,-0.032275,32.932,288.189,0.00012,4.364,4.5,1.345,-0.693,0.033
2020-05-13,31.991,10.0,7.491,0.015,18.45,0.00553,-0.25,-0.519,-0.034333,32.474,297.356,0.00869,3.773,4.688,1.357,-0.748,-0.068
2020-05-14,22.999,20.0,6.0,0.13,27.844,0.0107,-0.175,0.165,0.007,41.658,327.28,0.03842,4.478,5.35625,1.551,-0.835,-0.093
2020-05-15,23.992,18.0,4.5,0.07,24.734,0.01088,-0.25,0.202,-0.005,32.798,282.626,0.0421,3.678,5.088,1.363,-0.69,-0.111
2020-05-16,25.982,18.0,4.0,0.095,38.084,0.01002,-0.25,0.202,-0.012,30.53,283.761,0.04524,3.583,4.79,1.348,-0.664,-0.118
2020-05-17,25.982,18.0,4.0,0.095,-6.786,0.01042,-0.25,0.176,-0.012,32.283,282.589,0.04524,3.548,5.009,1.348,-0.664,-0.118
2020-05-18,28.998,11.5,5.0,0.06,36.933,0.05358,-0.35,-0.132,-0.001999,28.249,262.547,0.14689,3.28,5.115,1.355,-0.929,-0.09
2020-05-19,32.994,20.0,3.75,0.17,53.226,0.00663,-0.69125,-0.233,0.0,23.192,254.769,0.03925,2.845,4.35175,1.354,-0.712,-0.081
2020-05-20,26.995,6.0,4.0,0.017,18.151,0.02608,-0.5,-0.143,0.019,25.345,250.227,-0.05517,2.339,4.04,1.314,-0.597,-0.054
2020-05-21,26.988,6.0,1.5,0.14,97.29,0.02296,-0.1,-0.53,-0.0025,30.0,249.191,-0.00058,2.237,4.0,1.332,-0.747,0.09
2020-05-22,36.502,63.5,5.0,0.061,16.151,0.03041,-0.2075,0.15,0.017503,28.968,247.297,0.03556,2.672,3.875,1.35,-0.722,0.145
2020-05-23,33.502,36.5,4.0,0.064,16.665,0.03034,-0.2075,0.15,4e-06,28.012,246.728,0.03696,2.461,4.041,1.356,-0.732,0.146
2020-05-24,33.502,36.5,4.0,0.064,16.665,0.03034,-0.2075,0.133,4e-06,23.365,246.728,0.03696,2.615,3.702,1.356,-0.732,0.146
2020-05-25,30.505,30.941,5.0,0.05,17.189,0.03961,-0.2075,0.141,-0.011663,25.026,245.42,0.01022,3.017,3.348,1.338,-0.73,0.16
2020-05-26,30.002,20.032,5.5,0.167,16.301,0.02866,-0.125,0.242,-0.017497,23.964,238.966,0.01097,3.5,3.533,1.352,-0.744,0.123
2020-05-27,31.494,16.0,5.5,0.11,20.43,0.04262,-0.05,0.15,0.006,22.568,241.301,0.03504,2.935,3.5,1.385,-0.753,0.082
2020-05-28,29.501,15.1,5.5,0.096,21.675,0.01786,-0.125,0.108,-0.002,20.897,238.285,0.0442,0.841,3.3375,1.394,-0.738,0.081
2020-05-29,39.993,1.623,5.5,0.096,17.829,0.01182,-0.065,0.123,0.0,19.199,237.877,0.04702,1.371,2.5715,1.382,-0.708,0.008
2020-05-30,39.984,4.43,6.0,0.074,17.805,0.00957,-0.213,0.123,0.0,19.894,238.42,0.02355,0.604,3.0095,1.393,-0.71,0.043
2020-05-31,39.984,4.43,6.0,0.074,17.918,0.00957,-0.213,0.12,0.0,21.354,238.42,0.02355,1.107,2.6765,1.393,-0.71,0.043
2020-06-01,29.998,-10.0,4.75,0.085,11.911,0.01654,-0.175,-0.067,-0.015663,18.801,237.908,0.03521,1.515,2.5875,1.412,-0.657,0.101
2020-06-02,29.002,0.0,4.5,0.01,56.739,0.01002,-0.05,-1.52,-0.007258,20.021,232.273,0.01188,1.15,1.8,1.36,-0.634,0.107
2020-06-03,25.001,5.0,4.5,-0.109,17.919,0.01935,-0.25,-2.631,0.003867,15.228,229.831,0.00088,0.507,3.082,1.333,-0.637,0.079
2020-06-04,29.0,7.0,5.5,0.004,16.669,-0.00746,-0.1,-1.319,0.008384,14.965,225.834,0.05622,0.4,3.565,1.4,-0.583,0.185
2020-06-05,24.004,8.0,5.0,-0.017,11.571,0.00882,-0.325,-1.492,-0.025237,14.578,223.604,0.05409,0.037,3.685,1.413,-0.573,0.241
2020-06-06,24.008,7.968,5.0,-0.056,18.532,0.00449,-0.325,-1.527,-0.025238,13.973,241.989,0.05873,0.35,3.679,1.413,-0.567,0.188
2020-06-07,26.0,7.968,5.0,-0.059,18.349,0.00449,-0.311,-1.375,-0.025238,13.973,241.989,0.05873,0.39,3.637,1.413,-0.567,0.188
2020-06-08,20.006,17.188,7.0,0.031,10.854,0.00835,-0.25,-1.473,-0.031671,13.718,225.792,0.02372,-0.124,3.3575,1.433,-0.577,0.142
2020-06-09,23.0,48.548,6.5,-0.026,64.423,0.01906,-0.3565,-1.333,-0.033871,18.453,217.897,-0.04881,-0.093,3.454,1.476,-0.617,0.021
2020-06-10,25.504,39.133,4.0,0.026,19.707,0.01489,-0.15,-0.762,-0.06,17.788,214.835,-0.10991,-0.659,3.062,1.479,-0.633,0.055
2020-06-11,27.498,72.62,4.5,0.009,12.136,0.00567,-0.063,-0.607,-0.047833,16.943,207.757,-0.05001,-0.664,3.4,1.546,-0.603,0.022
2020-06-12,27.003,36.939,6.0,0.0,13.382,0.0127,-0.169,-0.428,-0.04,16.404,214.579,-0.01054,-0.5,3.5,1.589,-0.686,-0.054
2020-06-13,27.004,34.991,5.5,0.021,18.441,0.00493,-0.163,-0.428,-0.0425,17.724,213.123,-0.011,-0.47,3.513,1.567,-0.679,-0.097
2020-06-14,27.004,34.925,5.5,0.021,14.985,0.00493,-0.163,-0.428,-0.0425,17.724,213.123,-0.011,-0.47,3.51,1.567,-0.679,-0.097
2020-06-15,31.0,44.219,5.75,0.004,15.369,0.03375,-0.175,-0.116,-0.049999,17.619,215.163,-0.02093,-0.582,3.5,1.597,-0.697,-0.395
2020-06-16,51.499,15.452,6.0,0.037,69.927,0.03683,-0.228,-0.028,-0.0352,17.99,210.591,-0.13966,-0.585,2.325,1.559,-0.67,-0.192
2020-06-17,37.511,15.0,5.75,0.087,15.752,0.02333,-0.17775,0.395,-0.016,19.443,211.91,-0.11008,-0.748,2.144,1.5055,-0.68,-0.292
2020-06-18,26.497,17.0,5.0,0.033,12.365,0.02076,-0.181,0.298,-0.012833,18.098,212.557,-0.08475,-0.677,1.978,1.533,-0.662,-0.328
2020-06-19,25.504,10.0,4.75,0.031,9.111,0.02208,0.032125,-0.223,-0.035,17.942,220.272,-0.00068,-1.97,1.69,1.59,-0.729,-0.31
2020-06-21,25.509,10.0,5.75,0.08,15.53,0.02028,0.032125,-0.223,-0.02,19.518,222.4,-0.00072,-3.247,-15.843,1.574,-0.791,-0.345
2020-06-22,43.0,7.0,4.0,-0.165,12.879,0.02374,0.05,0.094,-0.049,17.752,220.451,-0.13056,-3.144,-27.55,2.045,-1.712,-0.281
2020-06-23,27.003,10.0,4.25,-0.05,76.853,0.01306,0.213,-0.113,-0.043,16.0,218.385,-0.26146,-2.506,-32.921,2.002,-1.477,-0.772
2020-06-24,25.501,22.0,6.0,-0.038,15.698,0.02328,0.075,-0.337,-0.043,14.187,214.59,-0.28,-2.444,-37.8375,1.84,-1.175,-0.42
2020-06-25,25.001,25.731,5.25,-0.048,12.332,0.02588,0.05,-0.208,-0.04,4.187,206.197,-0.23029,-2.574,-14.0,1.808,-1.31,-0.297
2020-06-26,23.502,12.513,4.75,-0.009,9.691,0.01212,0.1,-0.227,-0.045,14.175,200.825,-0.35937,-2.324,-27.5,1.811,-1.254,-0.428
2020-06-27,23.502,20.0,4.5,0.024,16.525,0.01986,0.1,-0.227,-0.04,14.699,202.658,-0.27007,-2.52,-13.884,1.826,-1.233,-0.434
2020-06-28,23.502,20.0,4.5,0.024,50.226,0.01986,0.1,-0.227,-0.04,14.699,202.658,-0.27007,-1.394,2.964,1.826,-1.233,-0.434
2020-06-29,24.0,36.75,4.5,-0.015,21.058,0.01306,-0.075,-0.258,-0.075,18.205,206.846,-0.2692,-0.925,2.0,1.523,-0.766,-0.378
2020-06-30,24.001,52.516,2.25,0.039,78.863,0.01958,-0.175,-2.313,-0.073,15.437,212.566,-0.27157,-1.034,2.6,1.605,-0.78,-0.212
2020-07-01,25.002,94.194,5.0,0.032,11.98,0.02023,-0.1,-2.659,-0.062,17.936,208.724,-0.06004,-1.296,2.25,1.68,-0.822,-0.322
2020-07-02,26.0,51.808,4.25,0.046,13.216,0.01787,0.0,-0.437,-0.051,17.792,209.499,-0.05871,-1.259,2.0,1.705,-0.849,-0.549
2020-07-03,23.997,45.358,3.5,0.036,27.672,0.0157,0.05,-0.388,-0.027,18.377,207.692,-0.06008,-1.399,1.10625,1.705,-0.859,-0.42
2020-07-04,23.997,35.055,4.0,0.035,15.623,-0.00021,0.05,-0.389,-0.03,19.376,207.355,-0.06013,-1.452,2.037,1.701,-0.859,-0.436
2020-07-05,23.997,35.055,4.0,0.035,52.259,-0.00021,0.05,-0.389,-0.03,19.376,207.355,-0.06013,-1.392,1.492,1.701,-0.859,-0.436
2020-07-06,26.001,23.75,4.75,-0.021,53.125,0.01203,-0.225,-0.35,-0.017,19.642,207.699,-0.02979,-1.577,-0.44875,1.743,-0.852,-0.441
2020-07-07,25.999,11.226,5.5,-0.044,64.6,0.01774,-0.35,-0.551,-0.005,20.206,211.954,-0.22122,-1.751,-0.596,1.805,-0.896,-0.451
2020-07-08,22.003,25.98,8.5,-0.032,15.5,0.02132,-0.3,-0.27,0.002,17.606,211.723,-0.1845,-1.746,1.683,1.729,-0.862,-0.344
2020-07-09,24.5,22.886,7.75,-0.038,9.546,0.02175,-0.375,-0.194,-0.008,16.757,214.682,-0.21798,-2.141,2.7515,1.725,-0.883,-0.228
2020-07-10,24.497,15.17,7.75,-0.051,11.402,0.02435,-0.325,-0.058,-0.008,16.649,214.778,-0.25051,-1.778,2.8515,1.848,-1.047,-0.535
2020-07-11,25.497,15.167,7.75,-0.05,13.384,0.025,-0.325,-0.058,-0.012,16.674,214.487,-0.2005,-1.745,2.8165,1.865,-1.053,-0.577
2020-07-12,25.497,15.167,7.75,-0.05,55.028,0.02459,-0.325,-0.058,-0.012,16.674,214.487,-0.2005,-1.757,2.6405,1.865,-1.053,-0.577
2020-07-13,24.002,15.879,6.75,0.007,63.125,0.02555,-0.35,0.38,-0.01,16.202,212.164,-0.14869,-2.547,2.1285,2.289,-1.244,-0.798
2020-07-14,23.492,49.375,7.0,0.017,79.457,0.03526,-0.275,0.773,-0.012,17.904,214.031,-0.28066,-2.354,2.129,1.724,-1.426,-0.513
2020-07-15,22.501,23.446,6.5,-0.045,11.732,0.02074,-0.225,0.82,-0.038,17.807,212.889,-0.2374,-1.495,2.813,1.647,-1.022,-0.322
2020-07-16,26.995,20.088,6.75,-0.053,32.722,0.01194,-0.175,1.845,-0.018,18.506,212.444,-0.15209,-1.517,2.337,1.648,-0.67,-0.192
2020-07-17,28.499,20.242,6.25,-0.076,11.182,0.03303,-0.2,1.94,-0.022,18.972,213.9,-0.15106,-1.413,2.07575,1.755,-0.751,-0.196
2020-07-18,28.498,23.333,6.25,-0.086,12.033,0.03053,-0.2,1.939,-0.022,18.708,214.766,-0.05116,-1.417,2.08175,1.746,-0.75,-0.232
2020-07-19,28.498,23.333,6.25,-0.086,57.697,0.03053,-0.2,1.939,-0.022,18.708,214.766,-0.05116,-1.412,2.23275,1.746,-0.75,-0.232
2020-07-20,26.002,9.812,5.75,-0.101,99.632,0.02031,-0.2,1.49,-0.03,19.21,213.257,-0.09051,-1.682,1.689,1.794,-0.819,-0.314
2020-07-21,24.002,-2.903,5.0,-0.09,94.549,0.01774,-0.15,1.45,-0.027,15.642,211.538,-0.04805,-2.029,1.7225,1.724,-0.93,-0.261
2020-07-22,24.502,28.507,5.25,-0.053,20.376,0.03111,0.0,1.55,-0.029,15.505,211.588,-0.12065,-1.974,1.88,1.643,-0.933,-0.25
2020-07-23,27.0,18.039,4.0,-0.074,10.315,0.01844,0.175,1.327,-0.02,16.211,214.137,-0.01542,-1.772,1.372,1.745,-0.909,-0.008
2020-07-24,31.998,18.308,6.75,-0.077,71.203,0.03367,0.2,1.52,-0.007,16.0,215.967,-0.05096,-2.011,1.013,1.733,-0.861,-0.1335
2020-07-25,33.494,2.092,7.0,-0.089,58.497,0.03367,0.2,1.514,-0.020014,18.5,215.537,-0.01107,-2.01,1.004,1.735,-0.826,-0.1665
2020-07-26,33.494,2.092,7.0,-0.089,58.121,0.03367,0.2,1.514,-0.020014,18.5,215.537,-0.01107,-2.028,1.193,1.735,-0.826,-0.1665
2020-07-27,32.998,1.875,3.75,-0.038,77.586,-0.00241,0.175,1.659,-0.034,16.537,210.519,0.00917,-1.913,0.3335,1.73,-0.829,-0.232
2020-07-28,29.001,11.255,4.4,-0.016,16.803,0.01981,0.2,1.316,-0.032,16.493,213.212,-0.02115,-1.731,0.121,1.801,-0.835,-0.206
2020-07-29,25.498,6.819,4.5,0.04,10.436,0.01991,-0.05,1.316,-0.04,14.671,214.569,-0.02058,-2.025,0.528,1.74,-0.76,-0.144
2020-07-30,28.0,12.107,5.75,0.005,7.615,0.01779,-0.1,1.353,-0.031,13.472,213.43,-0.17956,-2.025,1.03,1.6585,-0.82,-0.111
2020-07-31,35.0,17.187,5.0,0.051,9.947,0.0103,-0.175,1.305,-0.005,12.984,212.226,-0.09022,-1.748,1.9775,1.7295,-0.767,-0.197
2020-08-01,35.5,14.114,5.0,0.094,12.562,0.01029,-0.175,1.305,-0.005,13.467,212.799,-0.01023,-1.772,1.1135,1.707,-0.764,-0.202
2020-08-02,35.5,14.114,5.0,0.094,65.447,0.01029,-0.175,1.305,-0.005,13.467,212.799,-0.01023,-1.761,1.8275,1.707,-0.764,-0.202
2020-08-03,34.002,11.364,5.5,0.042,63.845,0.03303,-0.15,1.427,-0.002,13.464,211.837,0.01941,-1.738,2.0175,1.648,-0.697,-0.193
2020-08-04,34.0,17.499,6.0,0.03,93.515,0.01936,-0.075,1.146,-0.021004,14.774,212.48,0.11983,-1.556,1.609,1.57,-0.655,-0.133
2020-08-05,31.002,12.063,3.75,-0.003,12.918,0.0194,-0.2,1.027,-0.043,15.098,208.901,0.01979,-1.406,1.684,1.614,-0.618,-0.138
2020-08-06,32.0,9.8,4.75,-0.026,4.35,0.01739,-0.1,1.04,-0.022,16.001,209.995,-0.0001,-1.541,1.744,1.651,-0.708,-0.066
2020-08-07,35.496,10.113,4.25,0.01,6.983,0.01412,0.0,1.117,-0.008,16.439,210.927,-0.02016,-1.56,1.734,1.682,-0.711,-0.134
2020-08-08,35.493,1.94,4.5,0.01,12.155,0.01414,0.0,1.116,-0.008,17.076,207.783,-0.00015,-1.563,1.684,1.677,-0.711,-0.124
2020-08-09,35.493,1.94,4.5,0.01,59.874,0.01414,0.0,1.116,-0.008,17.076,207.047,-0.00015,-1.563,1.686,1.677,-0.711,-0.124
2020-08-10,40.998,14.5,5.5,-0.033,86.88,0.03039,-0.1,1.008,0.003,17.261,209.923,-0.00018,-1.509,1.754,1.701,-0.728,-0.053
2020-08-11,49.0,22.742,5.5,-0.045,93.135,0.0229,-0.1,0.75,0.007,17.992,210.188,-0.10936,-1.432,2.647,1.691,-0.682,-0.09
2020-08-12,35.931,103.489,5.05,0.006,12.705,0.0357,0.0,1.089,-0.003,15.482,208.044,-0.02018,-1.761,2.25,1.637,-0.638,-0.033
2020-08-13,34.497,25.805,5.5,0.027,8.244,0.03068,0.0,0.654,-0.005,15.541,206.357,-0.06491,-1.765,1.637,1.63,-0.665,0.032
2020-08-14,35.462,47.868,5.0,0.018,7.714,0.01396,-0.1,0.993,0.006002,12.415,192.404,-0.12002,-1.28,1.634,1.662,-0.658,-0.044
2020-08-15,35.131,44.271,4.5,-0.002,11.023,0.00968,-0.1,0.993,0.004,13.332,191.958,-0.12035,-1.47,1.701,1.646,-0.657,-0.054
2020-08-16,35.131,44.361,4.5,-0.002,11.023,0.00968,-0.1,0.993,0.004,13.332,191.958,-0.12035,-1.304,1.777,1.646,-0.657,-0.054
2020-08-17,33.501,37.893,4.75,0.072,11.023,0.01516,-0.05,1.414,0.004,13.825,193.043,-0.1307,-1.5,1.7335,1.655,-0.667,-0.1
2020-08-18,33.501,0.679,4.5,0.004,11.023,0.01802,0.05,1.289,0.0,13.865,192.521,-0.07381,-1.615,1.703,1.677,-0.646,-0.095
2020-08-19,32.001,5.223,5.25,-0.012,11.023,0.02287,0.075,1.062,-0.006,14.511,189.555,-0.04152,-1.366,1.669,1.627,-0.634,-0.062
2020-08-20,30.25,10.972,5.0,-0.021,11.023,0.02293,0.0,1.647,0.0,17.155,192.831,-0.02996,-1.485,1.664,1.628,-0.648,-0.053
2020-08-21,28.497,5.721,5.25,-0.018,11.023,0.01793,-0.175,2.913,0.003,17.675,192.631,-0.01111,-1.485,1.693,1.665,-0.693,-0.103
2020-08-22,29.996,7.0,5.25,-0.022,8.347,0.01906,-0.175,2.914,0.0,20.297,192.546,-0.03096,-1.543,1.733,1.672,-0.692,-0.088
2020-08-23,29.996,7.0,5.25,-0.022,81.517,0.01906,-0.175,2.914,0.0,20.297,192.546,-0.03096,-1.523,1.802,1.672,-0.692,-0.088
2020-08-24,30.0,-15.156,4.25,0.04,91.883,0.01175,-0.15,3.887,-0.006,21.0,194.166,0.10915,-1.5,1.817,1.648,-0.678,-0.055
2020-08-25,31.0,-0.774,4.15,0.082,5.038,0.01613,-0.105,4.044,0.0,21.318,197.909,-0.01131,-1.138,1.694,1.633,-0.661,-0.128
2020-08-26,28.498,9.812,4.3,0.014,11.933,0.0225,-0.098125,4.28,-0.002,16.066,194.507,-0.03068,-1.284,1.441,1.617,-0.649,-0.108
2020-08-27,32.997,12.517,4.5,0.026,5.457,0.02,-0.05,2.534,0.002,12.637,220.036,0.0232,-1.593,1.177,1.889,-0.783,-0.118
2020-08-28,31.001,-12.3,5.25,-0.021,3.682,0.0175,-0.025,1.69,-0.004999,9.92,189.796,0.01181,-1.584,0.928,1.671,-0.709,-0.231
2020-08-29,28.501,0.0,4.25,0.0,8.537,0.01749,-0.025,1.69,-0.002,10.075,188.634,-0.00037,-1.393,1.138,1.667,-0.704,-0.254
2020-08-30,28.501,0.0,4.25,0.0,8.311,0.01749,-0.025,1.69,-0.002,10.075,188.634,-0.00037,-1.559,1.094,1.667,-0.704,-0.254
2020-08-31,30.498,-9.0,6.05,0.062,-2.734,0.02,0.1,1.429,0.005,8.432,189.908,0.00839,-1.928,0.624,1.683,-0.725,-0.243
2020-09-01,28.0,6.5,5.5,-0.021,74.235,0.02,0.05,1.315,0.005,10.294,190.588,-0.00049,-1.74,1.5,1.688,-0.633,-0.145
2020-09-02,23.0,16.186,5.5,0.003,15.783,0.0225,-0.05,2.007,0.007999,11.347,189.636,0.03813,-1.564,1.347,1.717,-0.659,-0.162
2020-09-03,23.998,10.0,6.0,0.045,113.898,0.015,-0.14,1.517,-0.003,14.954,186.106,0.03383,-1.534,1.2875,1.699,-0.713,-0.086
2020-09-04,27.5,-0.479,4.75,0.075,10.496,0.015,-0.183875,1.379,0.011663,12.768,212.595,0.03108,-1.532,1.0,1.708,-0.721,-0.115
2020-09-05,28.5,-5.646,4.75,0.075,10.277,0.01823,-0.182875,1.444,0.005831,12.467,212.245,0.02057,-1.534,1.0,1.702,-0.721,-0.114
2020-09-06,28.5,-5.646,4.75,0.075,11.27,0.01823,-0.182875,1.444,0.005831,12.467,212.245,0.02057,-1.51,1.119,1.702,-0.721,-0.114
2020-09-07,28.002,-6.272,5.5,0.062,10.904,0.01292,-0.115,1.579,-0.001167,12.77,209.575,0.01034,-1.536,1.0,1.719,-0.749,-0.136
2020-09-08,27.501,10.781,7.0,-0.01,88.863,0.0225,-0.106,1.487,-0.023335,12.113,184.438,0.02368,-1.199,1.125,1.691,-0.748,-0.168
2020-09-09,30.499,12.142,7.5,-0.005,11.928,0.025,-0.034,1.286,-0.017342,11.916,185.941,-0.02225,-1.632,1.3275,1.689,-0.777,-0.204
2020-09-10,30.998,16.876,6.5,0.0,7.622,0.02,-0.033,0.564,-0.025162,12.302,184.624,-0.01883,-1.365,1.152,1.681,-1.022,-0.232
2020-09-11,31.002,16.91,6.5,-0.001,11.313,0.02,-0.064,0.502,-0.01882,14.737,180.612,0.0102,-1.286,0.335,1.685,-0.949,-0.253
2020-09-12,31.002,19.242,6.0,0.0,11.225,0.02027,-0.062,0.499,-0.017501,15.354,181.325,0.01017,-1.298,0.331,1.698,-0.946,-0.294
2020-09-13,31.002,19.242,6.0,0.0,80.816,0.02027,-0.062,0.499,-0.017501,15.354,180.412,0.01017,-1.314,0.426,1.698,-0.946,-0.294
2020-09-14,29.002,11.971,5.25,-0.001,93.826,0.017,-0.052,0.3,-0.027169,13.306,170.442,0.02873,-1.212,0.25,1.708,-0.821,-0.323
2020-09-15,29.5,6.678,5.25,-0.04,10.694,0.015,-0.052,0.75,-0.046938,10.034,170.557,0.02787,-1.277,0.533,1.646,-0.761,-0.26
2020-09-16,30.997,4.8,5.75,0.01,11.733,0.016,-0.122,0.973,-0.061878,7.045,173.786,0.03015,-1.429,1.345,1.592,-0.699,-0.239
2020-09-17,30.501,-0.318,4.75,0.011,5.186,0.015,-0.064,1.0,-0.03825,5.256,175.779,0.17033,-1.173,1.85,1.603,-0.766,-0.254
2020-09-18,32.5,3.65,4.5,-0.001,4.602,0.01749,0.021,0.645,-0.0676,7.894,174.472,0.17033,-1.022,2.201,1.585,-1.43,-0.227
2020-09-19,32.5,3.688,4.25,0.002,9.865,0.01721,-0.005,0.644,-0.058342,7.852,177.233,0.17034,-1.07,2.02,1.558,-1.434,-0.229
2020-09-20,32.5,-0.072,4.25,0.002,9.865,0.01721,-0.005,0.644,-0.058342,7.852,177.233,0.17034,-1.046,2.117,1.558,-1.434,-0.229
2020-09-21,34.997,-1.166,5.25,0.024,5.278,0.0175,0.102,0.025,-0.093467,8.006,179.027,0.08065,-1.01,2.465,1.578,-1.415,-0.304
2020-09-22,75.0,7.516,5.75,0.011,94.868,0.0225,0.025,0.333,-0.084982,2.487,170.368,0.03399,-1.474,1.703,1.893,-1.455,-0.403
2020-09-23,66.0,13.495,8.0,0.009,9.427,0.021,0.051,1.295,-0.035424,-0.5,173.614,0.03497,-0.918,3.092,1.85,-1.332,-0.629
2020-09-24,55.992,18.393,5.5,0.008,8.258,0.0175,0.123,1.338,-0.017611,2.454,178.669,0.03245,-0.79,2.675,1.806,-1.138,-0.588
2020-09-25,62.997,14.222,6.6,0.042,61.97,0.01251,0.033,0.826,-0.040911,5.933,177.836,-0.01225,-0.764,1.76175,1.865,-1.178,-0.618
2020-09-27,61.499,14.148,6.1,0.044,11.796,0.00941,0.035,0.826,-0.014002,-3.083,179.605,-0.01226,-0.762,1.71075,1.861,-1.177,-0.643
2020-09-28,61.0,14.653,5.0,0.029,13.314,0.005,-0.002,1.302,-0.019144,-3.0,181.858,-0.01217,-0.524,2.12675,1.882,-1.1,-0.646
2020-09-29,36.0,-4.742,4.75,0.009,75.097,0.0275,-0.036,1.75,-0.013715,7.958,178.65,-0.02341,-0.503,3.0,1.662,-0.82,-0.663
2020-09-30,35.001,-7.0,4.5,0.005,13.692,0.005,-0.014,1.578,-0.009336,11.075,176.885,-0.09009,-0.586,3.428,1.632,-0.772,-0.274
2020-10-01,36.0,0.286,4.0,0.005,12.24,0.0075,0.014,1.739,-0.017496,11.606,200.615,-0.02301,-0.042,3.877,1.856,-0.882,-0.231
2020-10-02,36.0,4.715,3.5,0.006,6.122,0.007,-0.027,1.792,-0.023335,8.631,173.352,-0.02402,-0.188,2.49175,1.595,-0.758,-0.201
2020-10-04,36.0,3.578,3.5,0.089,76.794,-0.00331,-0.027,1.791,-0.014,9.802,172.674,-0.01501,-0.162,2.988,1.592,-0.766,-0.176
2020-10-05,35.992,-3.156,4.25,0.041,95.153,0.0085,-0.05,1.643,-0.045,12.158,169.375,-0.00992,-0.362,2.5,1.637,-0.757,-0.14
2020-10-06,36.491,-0.968,3.75,0.01,92.538,0.003,-0.02,1.272,-0.035,11.369,169.571,-0.11026,-0.236,2.06875,1.619,-0.72,-0.143
2020-10-07,36.0,-2.0,4.5,0.04,13.917,0.005,-0.05,0.75,-0.044004,12.01,169.98,-0.07908,-0.275,2.5,1.596,-0.689,-0.143
2020-10-08,35.5,-8.0,3.4,0.07,84.787,0.005,-0.01,0.629,-0.056,16.733,169.85,-0.03092,-0.086,2.634,1.608,-0.724,-0.068
2020-10-09,42.504,-6.0,2.5,0.018,6.058,0.0175,-0.005,0.472,-0.07,14.928,168.914,-0.02961,-0.395,2.696,1.62,-0.706,-0.042
2020-10-11,40.003,0.0,3.0,0.08,90.087,0.015,-0.005,0.472,-0.075,14.923,167.786,-0.02997,-0.351,2.853,1.617,-0.706,-0.021
2020-10-12,49.003,-1.0,3.75,0.058,93.994,0.05,0.0,0.6,-0.051,14.591,169.446,-0.0296,-0.529,2.611,1.648,-0.714,0.017
2020-10-13,48.997,-1.0,5.25,0.047,96.364,0.06,0.0,0.505,-0.065,13.704,171.234,-0.0306,-1.31,2.651,1.726,-0.762,-0.042
2020-10-14,48.993,0.0,4.25,0.021,12.059,0.08501,0.05,0.81,-0.062,15.27,169.476,-0.02993,-1.104,3.719,1.768,-0.777,-0.071
2020-10-15,36.503,0.0,4.75,0.015,3.405,0.05,0.0,0.859,-0.050005,13.268,169.677,-0.00724,-0.882,2.7125,1.705,-0.77,-0.056
2020-10-16,31.497,0.0,4.1,0.029,6.176,0.03003,0.0,0.699,-0.06,12.431,166.926,1e-05,-0.674,2.831,1.673,-0.725,-0.064
2020-10-18,31.497,-2.0,5.0,0.04,89.773,0.0275,0.0,0.699,-0.06,14.308,166.61,3e-05,-0.642,2.961,1.673,-0.739,-0.092
2020-10-19,30.005,0.937,3.35,0.076,72.065,0.02,0.0,0.8,-0.06,12.981,167.999,-0.01975,-0.309,3.0,1.668,-0.69,-0.077
2020-10-20,29.501,-1.194,3.45,0.065,87.051,0.01,0.0,0.85,-0.036131,15.967,168.011,-0.01021,-0.094,2.8835,1.685,-0.662,-0.079
2020-10-21,26.002,11.451,4.5,0.021,12.494,-0.005,0.0,0.6,-0.045696,14.573,166.685,0.0,-0.216,2.765,1.685,-0.67,-0.225
2020-10-22,28.002,10.797,3.75,0.024,87.163,-0.005,-0.02,0.7,-0.041268,15.778,189.643,0.02128,-0.615,2.8725,1.743,-0.741,-0.183
2020-10-25,30.005,0.0,2.95,0.069,69.543,0.0,-0.023,0.728,-0.042,11.355,165.174,0.02749,-0.612,2.835,1.771,-0.878,-0.389
2020-10-26,34.994,8.335,5.0,0.09,95.725,0.0,0.01,0.391,-0.045,11.0,166.31,0.03362,-0.677,2.693,1.839,-0.81,-0.554
2020-10-27,35.503,8.075,4.2,0.18,15.351,-0.005,0.023,0.592,-0.085,9.905,164.433,0.03481,-0.794,1.93,1.81,-0.838,-0.631
2020-10-28,38.998,10.157,5.0,0.053,9.139,-0.01,0.028,0.545,-0.048,17.952,165.556,0.03634,-0.849,1.885,1.73,-0.748,-0.677
2020-10-29,33.0,11.416,4.625,0.036,3.087,0.0025,0.004,0.27,-0.080291,19.338,166.99,0.04396,-0.884,2.46025,1.738,-0.827,-0.501
2020-10-30,33.0,11.156,5.0,0.018,9.94,0.0,0.037,0.25,-0.105,19.974,186.218,0.0349,-0.841,2.489,1.8,-0.963,-0.412
2020-11-01,33.0,6.002,5.0,0.06,7.724,0.0,0.038,0.25,-0.09495,19.396,183.732,0.03488,-1.11,2.896,1.801,-0.963,-0.411
2020-11-02,29.503,4.571,5.5,0.032,8.805,0.0,0.007,0.071,-0.085537,17.123,185.962,0.03597,-1.211,2.51475,2.258,-0.986,-0.483
2020-11-03,23.501,-3.0,5.0,0.06,81.388,0.0,0.014,-0.51,-0.053,15.427,158.782,0.01017,-1.957,2.26,2.031,-0.973,-0.465
2020-11-04,22.0,-8.001,5.0,0.14,12.326,0.0,0.024,-1.647,-0.061995,15.196,158.578,0.01055,-1.71,2.182,1.763,-0.827,-0.31
2020-11-05,25.497,-3.001,4.5,0.07,8.601,0.0025,-0.022,-1.797,-0.031,13.994,170.802,2e-05,-1.482,2.258,1.737,-0.743,-0.231
2020-11-06,37.001,-7.0,5.25,0.16,12.332,0.005,-0.021,-1.637,-0.028,14.585,145.295,0.04666,-1.384,2.2195,1.779,-0.77,-0.277
2020-11-08,37.5,-5.0,5.25,0.15,86.612,0.005,-0.021,-1.637,-0.042,14.452,145.076,0.12069,-1.395,2.4425,1.774,-0.77,-0.292
2020-11-09,34.498,-5.0,3.6,0.17,85.414,0.0,-0.055,-0.513,-0.02,13.743,140.072,0.02499,-1.465,1.9365,1.849,-0.802,-0.375
2020-11-10,32.999,11.998,3.792,0.105,87.628,0.015,-0.09,-1.265,0.010998,14.916,151.977,0.03874,-1.509,1.8445,1.825,-0.782,-0.346
2020-11-11,38.0,22.0,5.023,0.052,11.733,0.0225,-0.155,-3.013,0.015,16.384,151.312,0.02316,-1.579,1.913,1.824,-0.783,-0.312
2020-11-12,35.0,13.0,5.241,0.058,9.188,0.045,-0.1,-0.5,0.015,16.93,151.61,0.03319,-1.561,1.843,1.786,-0.897,-0.348
2020-11-13,35.996,7.0,5.089,0.061,6.584,0.07004,-0.055,-0.472,0.001,15.807,158.595,0.03493,-1.685,1.833,1.849,-0.78,-0.311
2020-11-15,36.994,7.0,5.013,0.09,6.405,0.1,-0.055,-0.438,0.005,16.286,157.711,0.035,-1.602,1.918,1.828,-0.78,-0.3
2020-11-16,34.501,3.0,5.165,0.052,5.787,0.035,-0.03,-0.137,-0.01,14.078,157.943,0.023,-1.702,1.72,1.804,-0.797,-0.2655
2020-11-17,40.0,6.0,5.75,0.046,72.375,0.02,-0.025,-0.164,-0.008001,19.367,180.426,-0.036,-1.256,2.031,1.959,-0.788,-0.247
2020-11-18,31.0,2.0,3.6,0.052,13.807,0.01,-0.025,0.385,-0.003,13.53,157.079,-0.052,-1.05,2.252,1.649,-0.634,-0.1985
2020-11-19,30.002,10.0,5.0,0.048,6.381,0.03,-0.03,0.359,0.004999,12.856,156.395,-0.044,-1.192,2.502,1.665,-0.753,-0.061
2020-11-20,29.0,5.0,4.2,0.042,6.291,0.03003,-0.046,-0.244,0.01,11.112,166.588,-0.093,-1.161,2.279,1.797,-0.831,-0.072
2020-11-22,29.0,5.0,4.2,0.06,88.677,0.03,-0.021,-0.236,0.004,11.102,166.788,-0.081,-1.169,2.257,1.796,-0.819,-0.07
2020-11-23,36.499,7.0,3.75,0.112,100.861,0.0225,-0.03,0.394,0.0,14.0,169.429,-0.079,-1.286,2.234,1.862,-0.845,-0.074
2020-11-24,39.996,9.0,4.25,0.09,83.004,0.025,-0.001,0.45,-0.016,9.33,168.394,-0.08,-0.818,1.65325,1.802,-0.772,-0.057
2020-11-25,42.998,2.0,3.499,0.034,12.336,0.02,0.037,0.471,-0.01,7.959,167.773,-0.069,-0.992,1.718,1.809,-0.756,-0.028
2020-11-26,38.502,3.0,3.966,0.048,7.42,0.02,0.055,0.025,-0.021,5.253,166.557,-0.068,-1.231,1.273,1.847,-0.79,-0.026
2020-11-27,33.5,7.0,4.666,0.128,67.463,0.025,0.013,-0.229,0.0,5.214,161.972,-0.094,-1.282,1.319,1.84,-0.804,-0.16
2020-11-29,32.503,4.0,4.666,0.11,85.789,0.025,0.013,-0.229,0.005,1.346,161.758,-0.093,-1.259,1.399,1.813,-0.783,-0.29
2020-11-30,29.5,10.4,5.425,0.082,86.348,0.0225,0.05,-0.5,0.004,5.668,164.873,-0.126,-1.107,0.955,1.834,-0.794,-0.168
2020-12-01,30.5,11.0,5.133,0.082,88.954,0.041,0.055,-0.427,0.002,6.795,171.991,-0.152,-0.861,1.28475,1.704,-0.75,-0.1095
2020-12-02,27.503,24.0,4.953,0.074,13.08,0.015,0.1,-0.578,-0.024977,3.417,170.029,-0.117,-0.952,1.91775,1.628,-0.65,-0.003
2020-12-03,25.504,8.0,4.959,0.064,5.841,0.015,0.041,-0.622,-0.09,4.443,160.824,-0.077,-1.083,2.5,1.646,-0.601,0.016
2020-12-04,23.006,4.0,4.959,0.063,5.37,0.006,-0.023,-0.521,-0.071317,2.582,147.683,-0.128,-1.0,2.39375,1.644,-0.623,-0.146
2020-12-06,23.006,5.0,4.666,0.05,4.728,0.0,-0.023,-0.521,-0.065,2.419,149.799,-0.13,-0.984,2.34575,1.639,-0.615,-0.133
2020-12-07,23.005,9.0,4.841,0.093,82.694,0.0275,-0.086,-0.609,-0.041488,2.791,149.138,-0.112,-0.907,2.25,1.667,-0.627,-0.262
2020-12-08,20.003,7.5,4.666,0.0,94.789,0.0225,-0.023,-0.498,-0.044461,2.081,148.205,-0.112,-0.872,2.125,1.6615,-0.611,-0.275
2020-12-09,15.502,4.0,4.784,0.054,9.427,0.045,-0.012,-1.221,-0.054,3.698,148.492,-0.079,-0.882,2.125,1.634,-0.557,-0.278
2020-12-10,18.998,7.0,4.882,0.051,7.336,0.06999,-0.016,-1.343,-0.006,6.043,155.881,-0.045,-1.043,2.0,1.689,-0.643,-0.339
2020-12-11,24.496,9.0,5.024,0.033,7.083,0.05992,0.013,-1.032,-0.043,5.207,152.48,-0.03,-1.28,1.5,1.7965,-0.67,-0.536
2020-12-13,24.495,9.0,5.367,0.0,87.424,0.05796,0.013,-1.037,-0.04505,4.474,151.1,-0.03,-1.206,1.583,1.788,-0.67,-0.445
2020-12-14,23.0,11.999,4.667,-0.257,95.697,0.05,-0.018,-0.712,-0.050384,5.475,153.398,-0.039,-1.546,1.65,1.77,-0.653,-0.455
2020-12-15,23.497,21.449,5.25,-0.117,98.381,0.045,-0.058,-0.687,-0.059,4.636,163.383,-0.03,-1.306,2.0,1.781,-0.635,-0.48
2020-12-16,34.0,13.159,7.033,-0.044,15.231,0.045,-0.127,-1.141,-0.08,-4.07,232.973,-0.044,-2.092,1.75,2.864,-0.979,-0.459
2020-12-17,26.0,4.806,5.233,-0.106,5.225,0.01,-0.119,-1.43713,-0.052,-10.001,163.234,-0.018,-1.556,0.75,2.076,-0.829,-0.955
2020-12-18,26.004,7.865,5.009,-0.153,2.346,0.02501,-0.07,-1.25,-0.05,-4.505,162.79,-0.03,-1.474,0.75,2.081,-0.861,-0.684
2020-12-20,27.0,7.865,6.183,-0.25,89.672,0.02002,-0.07,-1.25,-0.044,-4.507,162.44,0.0,-1.651,0.864,2.155,-0.86,-0.768
2020-12-21,30.003,26.0,5.541,-0.32,85.408,0.06499,-0.057625,0.2101,-0.005,-5.059,164.492,0.0,-1.741,0.45,2.125,-0.932,-0.883
2020-12-22,25.996,17.0,9.96,-0.55,15.02,0.065,-0.025,1.4652,0.003,-2.251,164.377,0.0,-2.042,-19.6673,2.218,-8.255,-1.771
2020-12-23,32.0,10.0,6.849,-1.021,97.683,0.03,-0.056375,1.09,0.0,-7.4,115.716,0.009,-22.525,-18.692,9.521,-6.988,-1.157
2020-12-24,30.497,8.0,5.242,-1.47,84.013,0.01,-0.02,1.354,-0.003,-9.5,123.875,-0.001,-20.882,-17.102,7.935,-5.933,-3.703
2020-12-25,31.0,8.001,5.241,-1.47,93.737,0.01,0.025,1.341,-0.001,-10.8,123.869,-0.001,-20.941,-17.096,8.313,-5.883,-3.751
2020-12-27,31.0,10.0,5.893,-1.47,95.385,0.015,0.025,1.338,-0.005,-7.064,123.869,-0.001,-21.124,-16.926,8.303,-5.885,-3.744
2020-12-28,38.003,1.0,5.376,-1.25,93.374,0.0075,-0.065,0.171,-0.065,-9.482,132.988,0.017,-17.018,-11.715,6.321,-3.622,-2.448
2020-12-29,38.503,1.0,5.45,-0.064,14.051,0.0075,0.1,-1.717,-0.02,-8.522,137.671,0.022,-15.284,-11.777,6.23,-1.061,-2.926
2020-12-30,35.498,1.0,3.5,0.0,9.779,0.005,0.0,-2.363,-0.125,10.258,164.99,0.02,-2.21,-1.16,2.354,-0.975,-2.39
2020-12-31,30.997,-1.0,1.25,-0.1,1.209,0.02,-0.005,-4.028,-0.055,4.25,163.237,0.019,-4.057,-0.94,2.408,-1.013,-0.591
2021-01-01,31.014,0.5,1.75,-0.1,1.027,0.02,-0.005,-3.537,-0.040003,4.038,163.052,0.019,-4.044,-0.932,2.53,-0.99,-0.608
2021-01-03,31.014,-3.001,1.5,-0.1,2.665,0.025,-0.005,-3.537,-0.040003,4.477,163.052,0.019,-2.802,-0.741,2.53,-0.99,-0.608
2021-01-04,21.003,1.0,6.124,-0.21,117.176,0.005,-0.045,-0.564,-0.045,11.432,158.991,0.011,-7.221,0.702,1.883,-0.782,-0.431
2021-01-05,14.001,5.0,5.25,-0.07,103.861,0.01,-0.076,1.223,-0.044,12.698,159.372,0.011,-8.29,1.466,1.778,-0.68,-0.477
2021-01-06,14.0,4.5,6.823,-0.2,4.479,0.01,0.004,0.22,-0.033,12.294,146.945,-0.026,-8.464,0.971,1.783,-0.641,-0.37
2021-01-07,9.996,10.0,7.199,-0.103,0.99,0.045,0.037,-0.773,-0.012,15.213,162.238,-0.049,-6.47,1.313,2.03,-0.673,-0.348
2021-01-08,12.002,19.0,6.358,-0.07,84.959,0.02299,0.005,0.468,-0.016,13.312,132.752,-0.039,-4.208,1.4,1.813,-0.698,-0.416
2021-01-10,12.503,19.0,6.358,-0.07,95.13,0.022,0.005,0.679,-0.016,13.451,133.292,-0.051,-4.204,1.423,1.8,-0.704,-0.417
2021-01-11,15.499,21.0,6.708,0.07,81.954,0.015,0.07,1.688,-0.005,12.449,132.713,-0.041,-4.964,1.25,1.879,-0.733,-0.375
2021-01-12,22.502,12.0,7.291,-0.023,86.623,0.025,0.113,1.721,0.003,11.122,144.064,-0.048,-3.669,1.375,1.861,-0.737,-0.422
2021-01-13,22.499,13.0,7.0,-0.018,14.561,0.01,0.062,0.834,0.009,11.405,152.386,-0.113,-2.862,1.63625,1.787,-0.671,-0.262
2021-01-14,22.498,9.497,7.5,0.01,60.476,0.01,0.045,0.6,-0.014,10.238,160.324,-0.1,-2.684,1.5,1.76,-0.678,-0.137
2021-01-15,24.0,10.5,8.685,-0.027,8.015,0.005,0.122,-0.133,0.02,8.13,160.253,-0.33,-2.75,1.85625,1.789,-0.653,-0.138
2021-01-17,23.941,7.002,7.199,-0.027,86.229,0.005,0.121,-0.082,0.02,10.842,159.645,-0.254,-2.755,1.77725,1.788,-0.674,-0.156
2021-01-18,24.995,13.0,8.166,-0.035,80.586,0.01,0.15,0.25,0.015,14.067,158.568,-0.2,-2.738,2.35625,1.792,-0.62,-0.204
2021-01-19,25.498,5.001,5.716,-0.023,77.674,0.0015,0.175,0.901,0.007,11.832,159.385,-0.064,-2.806,2.25,1.818,-0.605,-0.238
2021-01-20,25.501,4.001,5.773,-0.001,15.671,-0.0025,0.156,1.555,0.01,12.972,159.471,-0.05,-3.0,2.0,1.831,-0.651,-0.416
2021-01-21,20.0,5.0,6.299,0.002,16.23,-0.001,0.185,1.203,0.002,9.484,180.995,-0.022,-3.3,1.45,1.878,-0.713,-0.195
2021-01-22,25.0,10.0,8.1,0.052,55.517,0.015,0.156,1.423,0.004,17.0,157.811,-0.02,-3.225,1.375,1.945,-0.737,-0.332
2021-01-24,24.979,11.0,6.998,0.035,102.143,0.015,0.159,1.423,-0.002,15.0,159.519,-0.012,-3.22,1.412,1.931,-0.732,-0.36
2021-01-25,29.0,11.0,6.133,0.023,43.971,0.005,0.208,1.542,0.0,14.992,159.717,0.0,-3.645,1.125,1.943,-0.735,-0.404
2021-01-26,33.499,10.0,5.316,0.035,17.155,-0.0025,0.184,0.75,-0.006,14.821,159.786,-0.009,-4.134,1.125,1.878,-0.718,-0.313
2021-01-27,36.498,12.0,6.647,0.02,-2.97,0.0025,0.035,0.768,0.01,11.776,163.875,-0.021,-5.435,1.125,1.856,-0.672,-0.3
2021-01-28,49.0,10.0,6.766,0.023,9.422,0.0125,0.117,1.37,0.008,6.427,160.122,-0.066,-2.959,1.125,1.783,-0.701,-0.376
2021-01-29,39.998,5.0,6.649,-0.001,6.687,0.005,0.183,0.623,-0.001,1.46,156.307,-0.062,-2.544,1.85,1.762,-0.627,-0.251
2021-01-31,39.159,3.0,5.833,-0.001,8.528,0.002,0.19,0.598,0.0,5.507,155.498,-0.029,-2.57,1.945,1.766,-0.621,-0.195
2021-02-01,35.999,6.0,5.891,-0.001,7.018,0.005,0.120875,0.4,-0.008,9.28,158.319,-0.034,-2.272,2.225,1.707,-0.568,-0.223
2021-02-02,67.0,2.0,5.366,-0.025,11.459,-0.0425,0.03775,0.294,-0.023,11.274,154.905,-0.034,-2.048,2.625,1.694,-0.655,-0.164
2021-02-03,66.003,3.5,4.372,-0.015,22.192,0.01,0.109,1.138,-0.012,11.05,156.365,-0.042,-2.287,2.375,1.695,-0.569,-0.134
2021-02-04,48.501,7.5,6.114,-0.001,12.257,0.0015,0.012,1.916,0.006,9.813,187.138,-0.045,-2.06,2.75,1.913,-0.644,-0.068
2021-02-05,53.998,6.0,5.775,0.005,3.546,0.015,0.11,2.056,0.013,8.266,159.788,-0.027,-1.949,2.345,1.659,-0.54,-0.085
2021-02-07,53.988,6.0,5.775,0.005,7.432,0.01801,0.11,1.921,0.013,8.647,159.012,-0.022,-1.951,2.355,1.677,-0.537,-0.095
2021-02-08,59.496,6.0,5.716,0.008,15.845,0.01,0.066,1.343,-0.018,4.567,158.786,-0.039,-1.568,2.345,1.671,-0.542,-0.187
2021-02-09,34.504,21.0,6.358,0.01,23.552,0.005,0.434,0.69,-0.029,4.839,156.152,-0.067,-1.561,2.875,1.635,-0.523,-0.113
2021-02-10,37.007,18.5,9.825,0.0,76.857,0.003,0.182,0.803,-0.026,6.819,153.412,-0.066,-1.335,3.0,1.608,-0.61,-0.017
2021-02-11,37.0,9.749,7.65,0.0,9.128,0.006,0.2,0.715,-0.026,12.88,152.348,-0.086,-1.221,3.125,1.637,-0.62,-0.056
2021-02-12,36.998,9.798,7.115,0.0,5.347,0.008,0.182,0.616,-0.023,15.511,149.513,-0.1,-1.335,3.125,1.669,-0.616,-0.08
2021-02-14,37.068,11.0,7.815,0.006,6.208,0.015,0.181,0.62,-0.023,15.515,148.933,-0.1,-1.187,3.1,1.658,-0.611,-0.065
2021-02-15,37.499,-1.5,7.464,0.0,10.083,-0.01,0.16,1.121,-0.023,13.764,149.151,-0.1,-1.351,3.5,1.694,-0.567,-0.08
2021-02-16,40.0,18.5,6.532,0.0,8.533,0.005,0.233,1.338,-0.005,13.764,150.919,-0.055,-1.765,3.5,1.675,-0.567,-0.172
2021-02-17,42.505,30.0,7.363,0.003,12.71,0.015,0.292,1.726,0.01,17.044,154.657,-0.073,-1.591,3.05,1.698,-0.569,-0.099
2021-02-18,35.0,24.0,7.12,0.016,7.417,0.033,0.226,1.636,0.017,15.781,152.82,-0.06,-3.383,2.625,1.725,-0.606,-0.061
2021-02-19,33.5,13.001,5.982,0.014,7.398,0.02498,0.337,1.1,-0.013,14.5,151.196,-0.078,-3.617,2.375,1.714,-0.607,-0.094
2021-02-21,33.0,13.0,7.663,0.07,6.055,0.02,0.337,1.1,-0.01,17.5,149.154,-0.089,-3.599,2.416,1.721,-0.592,-0.191
2021-02-22,32.5,22.001,8.069,0.02,9.023,0.055,0.647,0.958,-0.014,15.874,153.61,-0.078,-3.713,2.25,1.725,-0.625,-0.328
2021-02-23,31.0,15.0,4.158,0.013,6.926,0.027,0.387,0.9,-0.028,11.379,156.149,-0.078,-4.334,1.7,1.769,-0.63,-0.364
2021-02-24,39.0,17.0,2.875,0.01,12.021,0.025,0.38,0.854,-0.052,10.847,154.609,-0.074,-2.686,1.5,1.836,-0.699,-0.267
2021-02-25,32.001,14.0,8.399,0.025,7.343,0.025,0.393,1.6,-0.024,4.533,153.672,-0.044,-1.456,2.75,1.746,-0.626,-0.243
2021-02-26,29.002,40.0,17.497,0.058,9.049,0.12979,0.398,1.745,-0.007,13.846,160.057,-0.068,-2.167,3.35,1.826,-0.663,-0.207
2021-02-28,29.661,39.994,17.497,0.012,88.76,0.16962,0.399,2.55,-0.005,14.958,159.658,-0.079,-2.15,3.104,1.812,-0.635,-0.187
2021-03-01,22.498,17.5,13.944,0.093,79.276,0.123,0.181,2.945,-0.008,17.216,156.558,-0.101,-2.281,3.5,1.75,-0.626,-0.134
2021-03-02,29.501,7.0,12.727,0.023,84.0,0.05,0.295,2.264,-0.004,17.676,157.491,-0.105,-1.819,3.875,1.674,-0.574,-0.052
2021-03-03,27.5,1.0,8.223,0.007,11.216,0.032,0.015,0.485,0.0,21.603,159.709,-0.082,-1.677,3.15,1.605,-0.521,-0.026
2021-03-04,29.5,13.0,8.033,0.013,5.567,0.02799,0.199,0.837,0.0035,19.75,181.941,-0.058,-1.506,3.1,1.597,-0.547,-0.088
2021-03-05,31.997,22.001,9.679,0.01,9.251,0.04814,0.342,0.833,0.019,17.539,160.844,-0.08,-1.147,2.85,1.589,-0.556,-0.042
2021-03-06,,,9.679,0.01,9.251,0.04814,0.342,0.833,,,160.844,-0.08,,,1.597,-0.556,-0.042
2021-03-07,32.604,22.0,8.749,0.058,88.905,0.045,0.29,0.75,0.019,16.949,163.29,-0.07,-1.247,2.933,1.611,-0.557,-0.056
2021-03-08,34.497,36.0,11.198,0.035,73.783,0.0825,0.366,1.715,0.004,18.298,165.383,-0.06,-1.248,3.375,1.605,-0.538,-0.109
2021-03-09,35.999,17.0,6.868,0.03,79.288,0.112,0.38775,0.889,-0.008,20.728,164.781,-0.072,-1.172,3.375,1.606,-0.502,-0.186
2021-03-10,38.497,14.0,8.399,-0.005,14.231,0.07,0.288,0.329,-0.005,19.039,161.947,-0.1,-1.257,3.3,1.602,-0.481,-0.034
2021-03-11,35.501,10.0,7.557,0.007,5.912,0.04,0.367,0.343,-0.005,20.4,155.72,-0.081,-1.25,3.3,1.598,-0.498,-0.111
2021-03-12,31.5,8.0,7.232,-0.041,9.825,0.06009,0.433,0.531,0.006,18.879,153.199,-0.1,-1.174,3.249,1.564,-0.518,-0.169
2021-03-14,32.997,11.0,7.466,0.047,92.407,0.035,0.45,0.531,0.008,18.873,152.913,-0.1,-1.195,3.268,1.563,-0.509,-0.177
2021-03-15,32.499,15.5,7.89,0.06,57.891,0.056,0.498,1.25,0.003,19.511,152.997,-0.089,-1.21,3.324,1.59,-0.48,-0.212
2021-03-16,34.499,20.0,7.893,0.016,81.088,0.097,0.472,1.791,0.002,20.181,151.903,-0.086,-1.278,3.27,1.595,-0.527,-0.238
2021-03-17,34.998,15.5,8.486,0.03,14.271,0.1,0.51,1.572,-0.004,20.142,158.694,-0.054,-1.392,3.267,1.596,-0.531,-0.153
2021-03-18,33.999,14.0,8.857,-0.025,6.344,0.08,0.697,1.347,0.013,19.76,155.845,-0.029,-1.131,3.5,1.566,-0.516,-0.153
2021-03-19,27.499,12.0,7.9,-0.018,8.646,0.0,0.541,1.706,0.001,16.367,155.213,-0.054,-1.025,3.5,1.6,-0.517,-0.199
2021-03-21,27.0,7.0,8.516,0.14,75.838,0.0,0.552,1.375,0.001,16.822,153.152,-0.04,-1.024,3.552,1.598,-0.517,-0.176
2021-03-22,28.0,3.0,7.7,0.111,78.405,0.0175,0.474,1.364,-0.029,18.834,156.864,-0.04,-1.261,3.375,1.644,-0.558,-0.269
2021-03-23,32.0,1.0,26.707,-0.074,111.783,0.03,0.616,0.421,-0.02,23.275,240.346,-0.025,-6.217,2.414,2.34,-1.198,-0.156
2021-03-24,61.999,-4.0,39.391,-0.029,10.742,0.022,1.075,2.603,-0.033,15.5,218.79,-0.023,-5.879,3.582,3.302,-1.116,-0.558
2021-03-25,58.998,-2.0,24.259,-0.024,68.42,0.0075,0.938,2.5,-0.029,13.0,154.583,-0.012,-5.923,1.644,2.315,-1.142,-0.467
2021-03-26,47.002,1.0,18.183,0.052,89.766,0.005,0.861,1.357,-0.044,12.513,153.514,-0.01,-6.012,1.283,2.104,-1.164,-0.389
2021-03-28,47.003,1.0,15.737,-0.022,8.656,0.01,0.857,1.372,-0.044,16.714,153.618,-0.01,-6.044,1.203,2.076,-1.164,-0.435
2021-03-29,47.497,4.998,25.517,0.128,9.421,0.008,0.7045,0.603,0.004,10.394,153.342,-0.021,-1.644,3.057,2.141,-1.254,-0.527
2021-03-30,35.5,27.0,14.346,0.14,107.412,0.03251,0.686,1.036,-0.005,24.416,157.369,-0.011,-1.218,3.021,1.914,-0.962,-0.443
2021-03-31,34.999,12.0,12.093,0.245,14.143,0.025,0.426,1.154,-0.016,23.145,156.555,-0.035,-1.156,2.25,1.691,-0.846,-0.267
2021-04-01,37.497,6.0,11.249,0.117,14.263,0.026,0.488,0.482,-0.015,22.91,156.564,-0.041,-1.181,2.061,1.685,-0.77,-0.201
2021-04-02,37.0,7.0,11.249,0.128,7.081,0.03998,0.455,1.113,-0.012,24.081,156.495,-0.041,-1.166,2.08,1.749,-0.968,-0.232
2021-04-04,37.0,13.495,11.249,0.105,8.654,0.055,0.455,1.113,-0.012,25.443,156.749,-0.041,-1.164,2.088,1.749,-0.968,-0.237
2021-04-05,37.0,3.001,8.457,0.163,8.774,0.04499,0.436,1.435,-0.017,26.187,156.488,-0.022,-1.138,2.093,1.686,-0.661,-0.217
2021-04-06,36.503,8.5,7.05,0.105,81.089,0.05,0.324,0.795,-0.015455,25.355,154.396,-0.016,-1.237,2.495,1.627,-0.621,-0.244
2021-04-07,34.0,38.0,10.541,0.087,17.733,0.13,0.151,0.75,-0.007053,25.99,155.092,-0.006,-1.409,2.851,1.615,-0.571,-0.203
2021-04-08,26.501,14.0,8.573,0.082,7.558,0.09,-0.015,2.066,0.000231,25.726,152.194,0.014,-1.302,3.54,1.596,-0.557,-0.242
2021-04-09,31.498,18.0,7.699,0.105,86.993,0.10003,0.088,3.21,0.016909,27.432,152.267,0.011,-1.301,2.947,1.637,-0.571,-0.212
2021-04-11,31.498,17.0,7.874,0.082,86.055,0.12,0.088,3.171,0.028769,27.926,151.946,0.011,-1.251,2.988,1.635,-0.57,-0.233
2021-04-12,36.748,11.0,7.873,0.114,75.785,0.1,0.191,3.314,0.005661,25.383,150.953,0.011,-1.315,2.967,1.625,-0.542,-0.254
2021-04-13,33.495,22.0,10.147,0.082,66.45,0.085,0.198,4.005,0.009193,19.995,151.498,0.001,-1.327,2.937,1.633,-0.529,-0.177
2021-04-14,35.998,14.0,9.622,0.096,16.274,0.03,0.139,3.452,-0.004799,19.863,153.754,0.007,-1.405,3.372,1.616,-0.535,-0.089
2021-04-15,36.003,5.0,9.573,0.058,13.622,0.025,0.016,2.888,-0.026423,20.599,153.13,0.013,-1.583,3.404,1.599,-0.525,-0.156
2021-04-16,34.997,2.5,6.466,0.058,11.063,0.01501,0.131,2.321,-0.017364,19.211,155.452,0.026,-1.4,3.422,1.6,-0.537,-0.126
2021-04-18,34.997,4.0,7.279,0.047,6.984,0.015,0.131,2.315,-0.017367,18.737,155.803,0.022,-1.357,3.318,1.602,-0.537,-0.13
2021-04-19,35.003,6.0,8.012,0.02,14.835,0.005,0.233,2.644,-0.029208,22.918,153.827,0.032,-1.437,3.112,1.587,-0.501,-0.128
2021-04-20,33.5,6.5,6.706,0.0,81.074,0.005,0.309,0.914,-0.02,25.53,153.477,0.027,-1.475,3.14,1.598,-0.482,-0.068
2021-04-21,26.5,8.0,6.006,0.02,13.831,0.02,0.226,2.865,-0.033,30.628,153.939,0.034,-1.422,3.136,1.582,-0.426,-0.057
2021-04-22,40.498,9.0,7.001,0.002,57.34,0.01,0.258,3.0,-0.022213,23.651,154.409,0.039,-2.425,2.888,1.634,-0.922,-0.063
2021-04-23,40.995,5.5,7.594,-0.082,5.902,0.01501,0.251,2.886,-0.012952,23.0,154.217,0.05,-2.274,3.042,1.635,-0.9,-0.105
2021-04-25,40.0,5.2,7.593,-0.082,88.263,0.015,0.253,2.902,-0.013916,25.0,153.453,0.042,-2.111,2.981,1.638,-0.875,-0.127
2021-04-26,33.002,0.75,8.788,-0.141,39.926,0.02,0.242,1.59,-0.077303,30.948,153.876,0.048,-2.001,3.13,1.635,-0.813,-0.185
2021-04-27,25.505,6.0,7.53,-0.061,5.287,0.025,0.26,0.842,-0.023926,26.555,153.461,0.041,-1.582,3.082,1.628,-0.673,-0.146
2021-04-28,30.5,10.0,8.255,0.011,6.252,0.035,0.389,-1.06,-0.020455,17.722,153.554,0.031,-1.028,3.073,1.634,-0.549,-0.128
2021-04-29,27.501,0.0,8.131,0.034,6.528,0.03,0.36,-0.39,-0.028026,31.512,153.928,0.022,-0.853,3.21,1.565,-0.546,-0.038
2021-04-30,32.497,10.0,10.155,0.009,6.059,0.05603,0.45,0.025,-0.015688,26.192,155.37,0.036,-1.077,3.0,1.571,-0.519,-0.078
2021-05-02,31.995,11.0,10.254,0.002,92.591,0.057,0.436,0.026,-0.015123,27.554,153.925,0.03,-1.078,3.012,1.569,-0.514,-0.098
2021-05-03,31.5,9.0,26.371,0.016,95.41,0.04,0.355,0.265,-0.015447,33.588,154.852,0.036,-1.073,2.8,1.583,-0.513,-0.108
2021-05-04,31.5,11.0,22.784,0.019,87.449,0.04,0.366,1.577,-0.007818,18.5,157.389,0.032,-1.181,3.037,1.54,-0.454,-0.058
2021-05-05,32.0,5.55,12.869,0.047,15.774,0.015,0.363,-1.5,-0.010398,30.387,158.839,0.093,-1.096,2.896,1.502,-0.433,-0.043
2021-05-06,29.999,-2.563,9.389,0.018,4.271,0.025,0.29,-2.675,-0.017041,29.072,158.119,0.091,-1.05,3.12,1.493,-0.396,-0.017
2021-05-07,29.498,-3.0,7.737,0.001,11.742,0.03808,0.309,-0.633,-0.033823,29.17,158.07,0.112,-0.69,3.219,1.555,-0.493,-0.02
2021-05-09,29.498,-3.0,7.738,0.0,9.059,0.04013,0.315,-0.363,-0.045429,29.981,158.145,0.104,-0.695,3.276,1.576,-0.503,-0.025
2021-05-10,27.001,-1.5,9.266,0.004,17.919,0.03,0.316,-0.742,-0.038229,29.176,157.982,0.102,-0.507,3.035,1.608,-0.531,-0.029
2021-05-11,25.5,2.072,9.172,0.005,13.411,0.025,0.302,-0.157,-0.039169,31.712,158.526,0.045,-0.723,3.071,1.579,-0.527,0.033
2021-05-12,27.0,6.904,9.274,0.001,11.829,0.03,0.343,0.85,-0.026521,33.044,157.801,0.055,-0.89,3.034,1.528,-0.502,0.1
2021-05-13,27.499,7.962,8.525,0.025,7.024,0.035,0.348,2.5,-0.0261,33.41,160.699,0.054,-1.0,3.401,1.538,-0.511,0.094
2021-05-14,26.498,4.859,7.35,0.03,5.813,0.02202,0.457,1.4,-0.037954,35.663,160.959,0.09,-0.881,2.716,1.552,-0.515,0.105
2021-05-16,27.249,8.5,7.345,0.042,53.125,0.02,0.457,1.464,-0.030888,33.793,160.98,0.06,-0.915,2.924,1.546,-0.519,0.101
2021-05-17,31.499,6.233,10.877,-0.005,72.736,0.025,0.417,2.196,0.00886,33.267,161.191,0.065,-0.9,3.093,1.552,-0.517,0.098
2021-05-18,28.0,3.503,9.315,-0.032,75.402,0.01128,0.318,4.254,-0.030101,33.188,161.218,0.068,-1.028,2.764,1.543,-0.516,0.086
2021-05-19,28.0,13.908,9.397,-0.007,12.217,0.01538,0.325,3.413,-0.011958,31.996,161.369,0.139,-1.112,2.989,1.537,-0.502,0.111
2021-05-20,29.501,12.452,8.996,-0.062,12.571,0.01541,0.361,3.157,-0.01816,42.487,185.179,0.074,-1.441,2.951,1.824,-0.604,0.162
2021-05-21,25.001,5.353,8.585,-0.138,8.096,0.00738,0.299,0.836,-0.008951,36.392,161.697,0.086,-1.584,2.617,1.658,-0.545,0.069
2021-05-23,24.751,0.854,8.588,-0.113,5.749,0.00738,0.263,1.057,-0.006245,36.352,163.58,0.08,-1.484,2.618,1.652,-0.545,0.044
2021-05-24,26.0,2.506,7.823,-0.189,11.586,0.0267,0.317,1.784,-0.009639,36.5,166.872,0.1,-1.293,2.493,1.634,-0.52,0.083
2021-05-25,29.7,0.0,8.822,-0.062,15.868,0.03,0.271,3.196,-0.014793,39.596,171.623,0.099,-1.2,2.563,1.629,-0.533,0.079
2021-05-26,23.002,3.719,8.425,0.007,14.216,0.00543,0.258,4.363,-0.019643,23.715,179.158,0.145,-1.115,2.616,1.57,-0.518,0.083
2021-05-27,25.001,1.009,7.752,-0.036,79.87,0.01,0.257,1.714,-0.019481,21.886,178.086,0.065,-1.256,2.613,1.573,-0.53,0.208
2021-05-28,27.002,8.284,8.332,-0.017,7.443,0.04999,0.225,1.83,-0.019912,23.772,174.631,0.049,-1.252,2.543,1.545,-0.521,0.221
2021-05-30,26.752,8.235,8.31,-0.017,6.034,0.05,0.227,1.921,-0.021942,24.296,174.846,0.047,-1.248,2.674,1.546,-0.52,0.156
2021-05-31,25.003,3.584,7.938,-0.014,5.38,0.02011,0.193,0.0,-0.027906,21.801,173.841,0.049,-1.356,2.48,1.529,-0.494,0.179
2021-06-01,19.501,3.398,5.536,-0.04,88.668,0.01754,0.255,-1.239,-0.02908,29.307,167.635,0.11,-1.409,2.58,1.563,-0.492,0.114
2021-06-02,17.0,7.346,6.555,-0.026,15.517,0.014,0.268,0.082,-0.028322,31.673,167.019,0.051,-1.482,2.537,1.554,-0.49,0.078
2021-06-03,17.5,5.964,4.561,-0.003,8.531,0.01725,0.266,0.027,-0.007201,30.73,169.254,0.079,-1.475,2.21,1.524,-0.439,0.139
2021-06-04,22.0,1.967,5.114,-0.005,7.948,0.02281,0.246,-0.209,-0.013376,31.96,158.3,0.062,-1.351,2.205,1.519,-0.459,0.187
2021-06-06,22.0,1.883,4.895,-0.003,6.371,0.02282,0.246,-0.209,-0.009073,31.348,159.816,0.022,-1.444,2.324,1.515,-0.467,0.187
2021-06-07,18.5,-4.534,3.765,0.001,6.754,0.00353,0.25,0.216,-0.004644,33.802,155.562,0.022,-1.351,1.813,1.533,-0.477,0.191
2021-06-08,21.5,0.189,5.193,-0.034,93.685,0.00295,0.216,1.0,-0.007857,28.228,153.707,0.012,-1.242,1.45,1.513,-0.518,0.202
2021-06-09,20.0,5.189,5.113,-0.019,12.409,0.00883,0.166,0.828,-0.015884,28.378,151.755,0.033,-1.182,1.424,1.521,-0.474,0.22
2021-06-10,20.497,2.691,5.508,-0.022,6.906,0.0117,0.163,0.088,-0.015349,28.106,154.736,0.038,-1.046,1.766,1.525,-0.467,0.207
2021-06-11,22.0,-1.697,4.947,-0.019,10.026,0.00931,0.134,-1.271,-0.008221,30.276,156.917,0.052,-1.032,2.12,1.523,-0.467,0.036
2021-06-13,21.999,-1.676,4.119,-0.018,7.06,0.00932,0.129,-1.271,-0.008306,30.701,156.952,0.042,-1.14,2.061,1.537,-0.472,0.053
2021-06-14,21.999,4.424,5.467,0.013,7.549,0.01536,0.13,-0.834,4.9e-05,36.023,158.809,0.051,-0.993,2.018,1.532,-0.464,0.055
2021-06-15,24.998,6.279,5.354,0.013,88.142,0.0127,0.182,0.096,0.000583,36.523,159.338,0.009,-0.983,1.9,1.545,-0.501,0.062
2021-06-16,26.999,9.114,5.951,-0.014,12.953,0.01474,0.259,0.126,-0.013836,39.636,159.376,0.047,-0.839,1.364,1.504,-0.49,0.165
2021-06-17,29.499,22.047,7.522,0.023,5.181,0.03101,0.405,1.065,0.006491,40.502,169.68,0.097,-0.973,0.243,1.546,-0.536,0.061
2021-06-18,35.499,22.415,6.344,0.012,11.685,0.0258,0.352,1.293,-0.005252,37.864,194.23,0.122,-1.023,0.265,1.567,-0.567,-0.021
2021-06-20,35.498,22.418,6.227,0.012,7.982,0.03167,0.354,1.269,-0.004514,39.24,193.295,0.122,-0.947,0.345,1.569,-0.567,0.081
2021-06-21,31.002,17.805,5.065,-0.006,13.118,0.0243,0.361,1.631,-0.007262,40.139,216.981,0.083,-1.034,0.836,1.615,-0.616,0.045
2021-06-22,46.999,13.279,5.54,0.02,76.726,0.01846,0.468,1.999,-0.000535,38.671,240.218,0.131,-2.208,-0.221,1.822,-0.979,0.202
2021-06-23,48.497,13.309,6.518,0.039,14.436,0.01475,0.46,2.589,-0.012381,37.0,191.489,0.162,-2.3,0.007,1.861,-0.938,-0.11
2021-06-24,51.503,15.13,7.002,0.08,10.336,0.01133,0.572,1.893,-0.018413,40.314,187.555,0.15,-2.435,-2.047,2.149,-1.072,-0.115
2021-06-25,38.502,7.392,6.512,0.095,10.766,0.0101,0.398,0.428,-0.026446,34.422,175.357,0.163,-3.915,-1.214,2.07,-1.11,-0.207
2021-06-27,39.001,7.39,6.578,0.094,11.223,0.01011,0.396,0.6,-0.0166,35.652,177.711,0.366,-3.885,-1.222,2.057,-1.109,-0.161
2021-06-28,45.501,8.097,5.134,0.098,8.391,0.00711,0.296,1.419,0.003639,35.243,181.053,0.366,-4.961,-3.773,2.114,-0.965,-0.054
2021-06-29,34.998,19.362,5.436,0.064,90.866,0.003,0.08,2.5,-6.2e-05,34.514,173.488,0.136,-1.718,-0.704,1.759,-0.72,0.035
2021-06-30,35.0,14.33,5.608,0.07,16.611,0.01872,0.19,2.382,-0.005477,37.898,176.427,0.193,-1.636,0.464,1.773,-0.603,0.079
2021-07-01,32.502,14.565,6.739,0.091,49.402,0.03251,0.178,1.982,-0.002079,37.371,178.528,0.227,-1.562,0.228,1.652,-0.614,0.079
2021-07-02,32.502,14.986,5.936,0.096,9.276,0.05753,0.249,2.464,0.024366,37.335,170.976,0.218,-1.121,-0.285,1.623,-0.559,0.086
2021-07-04,32.502,8.5,6.6,0.047,73.254,0.07544,0.249,2.488,-0.005,37.61,169.814,0.22,-1.314,0.29,1.623,-0.56,0.073
2021-07-05,32.498,6.065,5.388,0.173,70.933,0.02314,0.216,-0.536,-0.001599,37.631,169.028,0.154,-0.865,-0.032,1.608,-0.539,0.089
2021-07-06,32.0,12.171,5.455,0.136,82.109,0.04569,0.118,0.622,0.012456,43.527,170.095,0.222,-1.137,0.427,1.629,-0.552,0.058
2021-07-07,33.504,12.992,5.782,0.091,12.329,0.07705,0.002,0.852,0.012947,42.424,175.453,0.177,-0.94,0.556,1.621,-0.592,0.022
2021-07-08,37.0,17.85,5.738,0.141,19.67,0.13144,0.138,1.509,0.016336,41.097,184.852,0.102,-0.958,2.394,1.64,-0.627,0.03
2021-07-09,40.004,14.742,6.028,0.118,16.406,0.09617,0.234,1.285,-0.002611,41.241,176.116,0.195,-0.974,2.008,1.623,-0.672,0.044
2021-07-11,41.0,12.046,5.851,0.118,25.933,0.10058,0.234,1.279,-0.001877,41.241,176.333,0.145,-0.974,2.019,1.625,-0.676,0.043
2021-07-12,37.499,11.158,6.931,0.142,45.058,0.10528,0.16,1.224,0.000967,41.774,171.233,0.174,-0.879,1.969,1.623,-0.648,0.038
2021-07-13,42.998,6.758,5.684,0.12,39.034,0.05909,0.117,0.021,0.008813,41.209,170.043,0.262,-0.872,2.15,1.602,-0.996,0.061
2021-07-14,45.496,11.383,5.924,0.148,19.897,0.05411,0.087,0.912,0.008122,38.572,174.257,0.196,-0.785,1.39,1.582,-0.798,0.185
2021-07-15,35.497,14.968,7.033,0.105,19.712,0.02216,0.122,1.535,0.001887,37.056,172.878,0.186,-0.854,1.12,1.583,-0.542,0.116
2021-07-16,34.999,12.736,6.345,0.079,76.608,0.04287,0.096,0.979,0.006728,38.123,172.017,0.22,-0.853,1.063,1.568,-0.521,0.13
2021-07-18,34.984,14.597,6.4,0.084,42.543,0.05098,0.096,1.126,0.00843,38.614,175.958,0.14,-0.852,1.001,1.569,-0.52,0.135
2021-07-19,40.495,22.69,6.785,0.102,26.806,0.1889,0.149,0.311,0.013372,41.923,176.396,0.148,-0.851,1.033,1.574,-0.55,0.113
2021-07-20,41.499,21.184,5.92,0.123,34.87,0.16096,0.102,0.477,0.005381,42.36,207.8,0.228,-0.925,1.923,1.557,-0.655,0.106
2021-07-21,41.999,14.394,5.874,0.131,21.414,0.08627,0.171,1.002,-0.000831,41.246,222.117,0.249,-0.867,2.277,1.533,-0.646,0.156
2021-07-22,36.0,8.91,4.973,0.159,14.789,0.02135,0.194,0.695,0.004953,45.923,221.985,0.124,-1.404,2.25,1.61,-0.65,0.125
2021-07-23,39.003,9.794,3.951,0.173,17.147,0.03137,0.128,0.702,0.014099,40.0,216.638,0.18,-1.484,1.699,1.607,-0.655,0.073
2021-07-25,39.998,9.799,3.981,0.152,36.654,0.0099,0.129,0.778,0.016758,41.0,215.353,0.18,-1.395,1.72,1.607,-0.657,0.078
2021-07-26,40.0,12.536,4.948,0.13,21.551,0.0105,0.129,0.859,0.005407,41.479,197.453,0.158,-1.54,1.878,1.588,-0.629,0.078
2021-07-27,40.991,9.677,4.393,0.138,55.3,0.02347,0.172,1.01,0.000461,43.305,190.598,0.153,-1.129,2.58,1.603,-0.598,0.12
2021-07-28,49.499,15.667,5.219,0.157,17.053,0.03877,0.159,0.732,0.000532,39.203,192.119,0.164,-1.066,2.781,1.618,-0.562,0.08
2021-07-29,35.496,5.34,4.695,0.167,16.732,0.01191,0.181,-0.271,-0.009663,43.052,182.299,0.11,-0.615,3.392,1.551,-0.592,0.102
2021-07-30,35.497,-3.576,4.252,0.143,17.926,0.0112,0.171,-0.332,0.000142,46.576,186.813,0.15,-0.63,3.936,1.524,-0.519,0.109
2021-08-01,35.748,-3.603,3.937,0.047,19.428,0.0112,0.171,-0.25,0.000301,47.947,188.133,0.15,-0.714,3.905,1.536,-0.509,0.134
2021-08-02,33.996,-3.703,4.443,0.139,47.268,-0.00413,0.184,0.79,-0.001609,45.724,173.84,0.147,-0.848,4.096,1.542,-0.51,0.133
2021-08-03,34.999,4.258,4.715,0.143,67.399,0.01137,0.186,0.778,-0.005921,44.721,172.066,0.152,-0.946,3.75,1.535,-0.492,0.133
2021-08-04,33.0,5.64,4.944,0.168,17.521,0.0195,0.152,2.576,-0.011529,50.312,173.235,0.139,-1.022,3.793,1.494,-0.454,0.136
2021-08-05,30.497,11.014,6.099,0.155,19.468,0.06849,0.217,4.425,-0.006037,50.461,168.162,0.103,-0.948,3.525,1.512,-0.494,0.177
2021-08-06,34.5,11.678,4.858,0.11,58.995,0.07316,0.14,2.379,0.002235,50.512,167.082,0.16,-0.921,3.516,1.535,-0.506,0.187
2021-08-08,34.5,8.6,5.022,0.092,36.78,0.07326,0.14,1.59,0.012087,46.944,168.968,0.152,-0.916,3.539,1.515,-0.506,0.202
2021-08-09,35.0,10.672,5.139,0.147,43.346,0.04328,0.159,2.12,-0.002052,50.612,169.505,0.148,-0.815,4.134,1.546,-0.521,0.254
2021-08-10,34.999,14.441,5.39,0.158,61.705,0.03337,0.166,0.84,0.003967,51.09,171.847,0.153,-0.817,4.055,1.521,-0.546,0.238
2021-08-11,34.997,9.946,5.322,0.176,18.401,0.03098,0.166,0.963,0.000231,51.586,177.533,0.14,-0.827,5.787,1.517,-0.52,0.217
2021-08-12,36.998,2.759,5.204,0.164,53.23,0.0525,0.164,0.596,0.009273,51.875,178.546,0.102,-0.825,4.067,1.517,-0.511,0.184
2021-08-13,38.498,5.078,5.383,0.11,17.436,0.09782,0.165,0.519,0.006979,50.811,180.142,0.137,-0.723,4.08,1.52,-0.499,0.16
2021-08-15,38.5,5.87,5.374,0.112,26.721,0.0979,0.165,0.565,0.007411,50.734,182.606,0.142,-0.746,4.111,1.516,-0.498,0.18
2021-08-16,37.0,6.179,5.26,0.123,38.493,0.08426,0.166,0.569,-0.002099,51.488,182.759,0.142,-0.421,4.069,1.528,-0.508,0.198
2021-08-17,36.999,7.448,4.562,0.091,42.307,0.05183,0.166,-0.383,0.007097,51.767,186.46,0.16,-0.413,4.22,1.527,-0.51,0.198
2021-08-18,34.002,14.431,4.683,0.14,19.253,0.04137,0.193,-0.92,0.006492,52.703,186.46,0.25,-0.437,5.075,1.527,-0.534,0.193
2021-08-19,34.5,15.661,4.932,0.136,23.778,0.04301,0.214,0.641,0.004209,52.331,188.144,0.229,-0.486,5.272,1.527,-0.541,0.181
2021-08-20,31.499,15.339,4.66,0.128,20.555,0.02451,0.193,0.364,0.002893,56.355,188.927,0.23,-0.498,5.158,1.523,-0.585,0.201
2021-08-22,31.748,15.336,4.658,0.132,27.484,0.02451,0.192,0.364,0.002893,56.113,188.779,0.23,-0.485,5.45,1.524,-0.585,0.195
2021-08-23,39.002,5.596,4.589,0.098,77.244,0.02205,0.193,0.537,-0.000126,54.811,186.616,0.177,-0.7,4.739,1.542,-0.565,0.265
2021-08-24,39.999,8.056,4.574,0.128,70.709,0.01015,0.194,-1.415,0.007143,57.0,191.699,0.194,-0.457,5.895,1.515,-0.542,0.28
2021-08-25,37.001,20.32,5.062,0.128,15.399,0.00539,0.208,-2.377,0.004288,53.243,194.108,0.21,-0.668,4.979,1.525,-0.545,0.271
2021-08-26,39.002,15.776,5.573,0.17,15.31,0.01854,0.256,-0.039,0.005785,60.509,225.947,0.181,-0.775,3.563,1.737,-0.662,0.257
2021-08-27,41.5,13.195,5.106,0.137,15.827,0.00506,0.222,-0.94,0.00976,53.818,183.952,0.149,-0.602,0.371,1.535,-0.592,0.239
2021-08-29,41.999,13.195,5.084,0.132,56.335,0.00506,0.223,-0.94,-0.000482,50.597,183.281,0.184,-0.607,1.626,1.513,-0.592,0.22
2021-08-30,32.5,3.911,4.496,0.072,70.221,0.00194,0.343,-1.197,-0.001325,37.286,182.998,0.188,-0.528,2.89,1.501,-0.559,0.191
2021-08-31,31.5,2.193,4.658,0.135,72.843,0.0035,0.299,-2.5,-0.025146,40.553,186.596,0.204,-0.359,3.186,1.504,-0.535,0.205
2021-09-01,36.498,5.092,7.247,0.141,19.269,0.01684,0.273,-1.981,-0.008173,37.971,187.958,0.257,-0.535,3.474,1.499,-0.491,0.187
2021-09-02,32.998,0.617,4.275,0.166,76.474,0.01543,0.263,0.103,-0.012186,48.695,188.183,0.341,-0.745,4.136,1.523,-0.481,0.176
2021-09-03,30.497,2.908,3.92,0.175,9.405,0.0116,0.281,0.534,-0.004877,50.085,187.792,0.295,-0.526,5.626,1.495,-0.478,0.263
2021-09-04,,2.907,,,9.405,0.01156,0.281,0.534,,,187.792,0.295,,,1.495,-0.477,
2021-09-05,29.999,2.906,3.92,0.177,9.968,0.01159,0.262,0.534,-0.004867,50.085,188.756,0.279,-0.652,5.785,1.495,-0.478,0.231
2021-09-06,26.501,-1.329,4.151,0.16,10.583,0.01477,0.242,-0.009,-0.004503,50.237,188.745,0.268,-0.604,5.666,1.511,-0.472,0.211
2021-09-07,24.0,10.377,4.709,0.157,64.492,0.00987,0.38,0.436,-0.000584,50.102,207.071,0.261,-0.7,5.21,1.526,-0.438,0.296
2021-09-08,22.25,16.434,4.807,0.186,14.782,0.01261,0.338,0.25,-0.002774,50.141,177.436,0.354,-0.65,5.001,1.532,-0.44,0.211
2021-09-09,32.001,10.674,4.874,0.225,11.012,0.0201,0.312,0.004,-0.011082,52.104,179.994,0.255,-0.7,5.2,1.513,-0.514,0.21
2021-09-10,34.995,6.847,4.739,0.252,9.346,0.00502,0.311,-0.537,-0.014584,51.66,178.616,0.368,-0.487,5.697,1.521,-0.454,0.216
2021-09-12,33.0,6.856,3.98,0.183,8.534,0.00502,0.311,-0.537,-0.00862,51.633,178.476,0.369,-0.583,5.53,1.516,-0.454,0.214
2021-09-13,33.498,11.783,4.989,0.165,12.924,0.00943,0.241,0.8,-0.009199,51.579,178.544,0.279,-0.516,7.327,1.542,-0.482,0.206
2021-09-14,27.002,5.162,5.487,0.206,15.554,-0.00144,0.312,0.995,-0.004911,51.794,173.876,0.163,-0.531,8.314,1.535,-0.571,0.208
2021-09-15,26.998,3.508,5.585,0.144,8.557,0.00742,0.286,1.645,-0.009589,54.639,172.84,0.297,-0.516,7.931,1.537,-0.483,0.167
2021-09-16,29.0,5.453,5.225,0.15,9.879,0.00747,0.311,1.543,-0.004525,55.702,174.653,0.405,-0.546,7.71,1.517,-0.518,0.172
2021-09-17,107.0,-1.964,5.21,0.15,9.95,0.01255,0.307,1.415,-0.000461,59.178,177.489,0.3,-0.547,9.132,1.514,-0.558,0.195
2021-09-19,108.0,1.967,5.202,0.15,10.235,0.01253,0.305,1.43,-0.00108,59.174,177.903,0.3,-0.546,9.093,1.507,-0.558,0.195
2021-09-20,113.584,11.68,6.124,0.15,15.935,0.01328,0.333,1.273,-0.001101,61.311,193.026,0.316,-0.315,10.533,1.503,-0.564,0.147
2021-09-21,112.0,13.557,5.79,0.146,61.866,0.00198,0.41,1.495,0.003584,64.749,196.278,0.356,-0.177,9.493,1.495,-0.88,0.189
2021-09-22,115.0,14.211,6.155,0.141,20.64,0.00724,0.443,1.03,-0.008273,64.324,191.919,0.354,-0.263,2.8975,1.731,-0.861,0.091
2021-09-23,96.989,6.199,5.32,0.168,15.756,0.01052,0.322,0.336,-0.018491,64.5,196.538,0.41,-0.386,4.251,1.72,-0.851,0.097
2021-09-24,85.0,7.134,5.5,0.135,15.486,0.09119,0.335,0.588,-0.009329,56.256,196.383,0.543,-1.169,5.687,1.7,-0.728,0.037
2021-09-26,84.251,6.126,5.489,0.136,67.2,0.09067,0.322,0.743,-0.008995,57.262,194.754,0.554,-1.018,5.289,1.694,-0.728,0.076
2021-09-27,70.994,16.657,5.359,0.138,61.244,0.10418,0.346,0.25,-0.012853,58.365,198.95,0.539,-0.724,6.075,1.637,-0.663,0.061
2021-09-28,51.996,11.27,5.376,0.153,16.736,0.06188,0.305,1.75,-0.009651,55.13,207.469,0.587,-0.854,5.72475,1.731,-0.677,0.051
2021-09-29,30.496,10.763,5.259,0.164,17.272,0.03675,0.25,1.724,-0.012037,51.937,229.376,0.563,-0.309,7.317,1.499,-0.51,0.152
2021-09-30,35.005,9.846,6.159,0.15,51.471,0.06114,0.221,1.729,-0.018421,66.981,280.816,0.533,0.423,8.272,1.698,-0.588,0.18
2021-10-01,36.0,5.383,5.335,0.178,13.895,0.03068,0.173,1.0,-0.009309,59.725,244.914,0.453,0.619,5.68,1.506,-0.538,0.152
2021-10-03,36.0,5.367,5.316,0.179,15.726,0.03067,0.16,1.1,-0.010178,59.469,234.669,0.385,0.475,6.197,1.491,-0.543,0.119
2021-10-04,36.495,3.156,5.086,0.217,55.598,0.0349,0.154,1.341,-0.005477,46.606,239.162,0.623,0.095,6.138,1.52,-0.559,0.065
2021-10-05,36.997,-3.983,5.228,0.215,53.262,0.0729,0.151,0.73,-0.003019,48.798,231.118,0.549,-0.083,7.464,1.522,-0.562,0.037
2021-10-06,35.997,9.281,8.118,0.224,18.931,0.06931,0.125,1.279,-0.002289,49.263,244.982,0.574,3.813,8.468,1.519,-0.557,0.099
2021-10-07,34.997,1.812,6.098,0.218,58.019,0.02868,0.184,0.581,0.0003,63.525,237.354,0.724,1.784,9.583,1.498,-0.54,0.112
2021-10-08,38.0,5.203,5.671,0.23,16.521,0.02235,0.194,0.692,0.015092,63.602,238.18,0.808,2.446,9.25,1.51,-0.545,0.093
2021-10-10,38.499,5.202,5.671,0.236,59.739,0.02236,0.195,0.695,0.016204,65.712,238.484,0.841,2.468,9.248,1.515,-0.546,0.088
2021-10-11,43.0,7.191,5.249,0.253,61.337,0.04562,0.219,0.465,0.01339,65.371,241.393,0.828,2.243,9.0,1.509,-0.563,0.115
2021-10-12,40.997,5.33,6.627,0.261,64.186,0.04681,0.223,-3.574,0.00506,65.076,253.832,0.842,1.49,8.454,1.517,-0.561,0.103
2021-10-13,43.003,7.348,5.732,0.241,15.588,0.02695,0.211,-3.5,-0.008987,64.994,255.867,0.839,1.495,8.183,1.51,-0.528,0.101
2021-10-14,38.5,-1.573,5.741,0.203,12.144,0.01848,0.24,-0.675,-0.005632,64.382,219.67,0.718,1.203,9.267,1.496,-0.521,0.105
2021-10-15,37.5,-2.585,5.751,0.192,75.474,0.02736,0.382,0.75,-0.007649,63.584,213.8,0.878,1.25,9.032,1.516,-0.516,0.091
2021-10-17,37.5,-6.081,3.186,0.069,63.815,0.002,0.392,0.75,-0.003659,62.663,217.673,0.868,1.25,9.665,1.511,-0.517,0.106
2021-10-18,32.004,5.06,5.711,0.236,77.771,0.04073,0.566,0.704,-0.001713,62.777,228.522,0.695,1.495,9.215,1.524,-0.499,0.109
2021-10-19,31.397,3.517,5.751,0.188,65.731,0.02391,0.8,0.479,-0.012633,64.677,233.411,0.632,1.518,8.904,1.519,-0.493,0.172
2021-10-20,31.699,4.362,6.133,0.206,14.5,0.01888,0.5,0.6,-0.01124,68.817,220.747,0.554,1.347,8.525,1.513,-0.487,0.147
2021-10-21,40.5,8.143,5.745,0.219,72.596,0.02107,0.62,1.037,-0.008535,70.395,217.697,0.548,0.953,7.718,1.536,-0.509,0.162
2021-10-22,38.999,3.86,5.721,0.196,11.185,0.0226,0.664,1.75,-0.012164,75.0,247.602,0.469,0.081,7.904,1.554,-0.548,0.093
2021-10-24,38.0,5.198,5.057,0.197,67.626,0.01754,0.664,1.4,-0.010168,59.3,249.088,0.413,0.257,7.543,1.533,-0.54,0.075
2021-10-25,32.501,5.154,6.27,0.227,67.896,0.01528,0.813,-0.121,-0.014331,65.0,209.95,0.583,0.05,7.081,1.572,-0.625,0.097
2021-10-26,31.502,2.341,9.44,0.271,11.838,0.00926,0.597,-0.409,-0.024229,66.496,205.188,0.525,-0.051,5.985,1.583,-0.58,0.039
2021-10-27,24.499,7.341,8.693,0.294,14.021,0.01646,0.402,0.285,-0.01184,66.823,203.18,0.587,0.479,4.94,1.565,-0.552,0.082
2021-10-28,25.996,7.849,6.306,0.272,12.486,0.01965,0.507,0.4,-0.016568,64.133,206.427,0.693,3.154,7.061,1.557,-0.525,-0.027
2021-10-29,29.5,7.862,7.212,0.272,12.533,-0.00091,0.42,0.0,-0.008806,82.374,213.406,0.933,4.773,7.684,1.536,-0.532,0.065
2021-10-31,29.5,7.87,7.037,0.276,17.608,-0.00088,0.415,0.0,-0.00837,93.072,216.044,0.858,4.704,7.566,1.537,-0.545,0.021
2021-11-01,27.001,9.642,7.747,0.29,13.206,0.01461,0.49,0.585,-0.003737,98.038,254.186,0.858,4.935,7.2,1.531,-0.584,0.09
2021-11-02,23.502,8.873,7.032,0.332,14.239,0.00305,0.461,0.058,0.00432,99.179,255.202,0.711,6.3,8.07,1.726,-0.467,0.092
2021-11-03,27.506,7.058,6.129,0.336,12.47,0.03577,0.318,-0.751,0.010363,82.629,236.6,0.545,6.337,6.75,1.491,-0.427,0.099
2021-11-04,28.0,14.445,6.14,0.295,11.944,0.04489,0.315,-0.043,0.009742,79.576,271.584,0.622,7.321,7.7,1.462,-0.38,0.127
2021-11-05,29.001,7.969,6.387,0.307,14.647,0.03295,0.315,0.25,0.008529,62.481,237.925,0.648,7.243,7.371,1.467,-0.382,0.125
2021-11-07,30.999,7.966,5.421,0.307,15.939,0.03294,0.315,0.15,0.005762,61.93,244.6,0.709,7.45,7.223,1.46,-0.381,0.156
2021-11-08,30.0,4.718,5.979,0.324,12.887,0.00222,0.301,-2.819,-0.001358,61.907,243.581,0.563,7.5,7.0,1.479,-0.387,0.125
2021-11-09,30.499,5.679,8.09,0.337,65.803,0.02356,0.34,-4.206,-0.004994,61.54,235.308,0.487,7.004,7.559,1.47,-0.402,0.141
2021-11-10,27.5,9.886,8.171,0.538,15.485,0.01687,0.445,-2.782,-0.001883,77.966,235.182,0.523,6.498,7.909,1.471,-0.385,0.147
2021-11-11,27.5,9.414,5.11,0.425,11.122,0.02426,0.432,-2.028,0.005641,76.394,236.587,0.49,6.534,9.805,1.465,-0.39,0.177
2021-11-12,29.502,5.707,4.19,0.357,13.049,0.00855,0.406,-1.75,3e-05,74.872,223.626,0.653,8.38,10.785,1.465,-0.439,0.152
2021-11-14,29.002,5.708,4.21,0.353,14.715,0.00856,0.406,-1.75,0.000976,75.523,230.515,0.718,8.18,12.736,1.45,-0.445,0.085
2021-11-15,30.001,5.42,4.515,0.332,11.188,0.01464,0.445,-0.3,0.006777,74.66,247.941,0.551,8.557,11.151,1.462,-0.345,0.064
2021-11-16,32.002,9.675,5.826,0.33,78.097,0.01611,0.51,-0.1,0.003349,91.639,312.801,0.634,8.335,13.311,1.664,-0.378,-0.017
2021-11-17,28.503,4.345,4.287,0.325,14.578,0.0075,0.499,-0.45,0.000123,75.562,329.528,0.42,8.172,13.85,1.436,-0.359,-0.055
2021-11-18,27.5,6.721,4.619,0.247,10.512,0.01757,0.629,-1.4,0.001296,74.348,255.381,0.515,9.079,14.423,1.441,-0.406,0.026
2021-11-19,28.998,9.497,5.126,0.191,10.463,0.02607,0.597,-0.8,0.005731,71.133,243.878,0.783,9.894,13.9,1.438,-0.486,0.111
2021-11-21,28.5,9.522,5.124,0.184,10.22,0.02642,0.598,-0.5,0.010191,74.505,250.28,0.878,9.874,13.879,1.423,-0.487,0.101
2021-11-22,29.501,6.045,6.086,0.186,12.143,0.0208,0.656,-0.1,-0.002158,73.892,264.663,0.633,11.554,15.103,1.463,-0.483,0.127
2021-11-23,32.004,3.583,6.335,0.286,59.457,0.02246,0.732,-0.05,-0.003297,77.481,285.287,0.572,12.574,16.9665,1.466,-0.475,0.181
2021-11-24,30.502,5.2,6.078,0.317,16.769,0.02153,0.707,0.325,-0.000922,81.793,288.879,0.846,11.5,15.504,1.441,-0.476,0.172
2021-11-25,33.0,6.405,5.371,0.305,15.239,0.01786,0.728,0.75,-0.002668,78.356,296.501,0.771,11.376,17.231,1.427,-0.441,0.212
2021-11-26,34.501,13.089,5.098,0.254,13.076,0.01381,0.571,5.0,0.007977,87.511,306.313,0.917,10.552,12.416,1.426,-0.339,0.144
2021-11-28,36.002,13.814,5.189,0.039,61.035,0.01932,0.57,5.5,0.007407,85.555,316.27,0.596,10.568,13.323,1.427,-0.357,0.185
2021-11-29,29.0,13.719,5.559,0.202,90.185,0.01294,0.321,4.1,-0.000426,76.368,352.967,0.844,9.237,11.783,1.431,-0.338,0.109
2021-11-30,28.499,10.426,5.611,0.25,62.564,0.01498,0.23,1.8,-0.020253,72.367,371.811,0.621,10.849,13.429,1.451,-0.342,0.109
2021-12-01,27.0,11.221,5.391,0.277,16.266,0.01367,0.34,2.2,-0.023349,79.812,255.742,0.666,12.873,16.582,1.42,-0.233,0.151
2021-12-02,28.002,15.276,4.582,0.23,14.177,0.02364,0.471,2.8,-0.018951,79.29,241.664,0.77,14.064,16.677,1.409,-0.267,0.192
2021-12-03,27.003,15.603,5.137,0.212,13.29,0.02184,0.632,1.35,-0.006838,81.983,269.793,0.863,13.917,16.0,1.385,-0.28,0.238
2021-12-05,26.504,15.49,5.481,0.253,62.876,0.02182,0.647,1.35,-0.005339,85.409,267.116,0.699,14.023,15.891,1.391,-0.294,0.227
2021-12-06,26.502,16.455,5.286,0.229,59.214,0.0263,0.615,1.55,-0.004779,83.354,243.932,0.881,12.527,13.918,1.382,-0.347,0.227
2021-12-07,26.499,6.418,4.91,0.255,59.38,0.02509,0.663,-0.75,-0.015222,87.835,254.248,0.699,12.974,16.679,1.4,-0.374,0.245
2021-12-08,24.0,3.184,5.13,0.238,16.556,0.02007,0.622,-0.5,-0.015221,87.726,236.056,0.685,11.5,19.294,1.374,-0.365,0.315
2021-12-09,22.006,9.151,5.335,0.205,12.778,0.03044,0.55,-1.2,0.003157,84.842,239.017,0.626,11.641,19.235,1.354,-0.413,0.381
2021-12-10,17.507,6.282,5.216,0.15,10.091,0.02682,0.65,-0.5,-0.002381,84.15,243.515,0.895,11.718,19.152,1.379,-0.429,0.328
2021-12-12,18.002,6.199,5.256,0.168,32.059,0.02679,0.542,-0.5,0.000649,84.042,242.354,0.754,11.842,19.605,1.385,-0.429,0.349
2021-12-13,13.005,2.346,4.196,0.106,67.104,0.02464,0.69,-0.25,0.000681,90.481,238.245,0.758,11.369,19.122,1.399,-0.427,0.291
2021-12-14,16.0,-0.181,4.416,0.122,75.327,0.01962,0.825,0.65,0.01021,92.022,257.54,0.907,11.781,22.899,1.42,-0.415,0.274
2021-12-15,11.799,3.868,5.697,0.107,15.254,0.00878,0.7,-0.25,0.004618,90.415,249.925,0.736,11.792,31.807,1.458,-0.429,0.333
2021-12-16,14.998,0.25,5.384,-0.009,15.472,0.00182,0.55,-1.3,0.011247,88.886,247.732,1.096,12.148,21.593,1.504,-0.509,0.3
2021-12-17,17.497,-5.999,5.376,0.11,11.649,-0.00969,0.63,-1.2,-0.000147,84.794,234.656,0.879,12.276,19.0,1.572,-0.489,0.11
2021-12-18,,,5.448,0.202,,-0.00969,0.63,-1.35,,,,,,,,,0.11
2021-12-19,16.0,-3.43,5.432,0.212,67.467,-0.00969,0.63,-1.35,0.005149,88.511,241.088,0.679,12.123,18.301,1.544,-0.483,0.105
2021-12-20,15.502,3.268,5.331,0.261,56.492,0.00732,0.795,0.0,-0.000179,80.661,253.002,0.95,12.293,18.75,1.504,-0.498,0.169
2021-12-21,18.999,0.443,5.651,0.177,59.028,0.00112,0.726,0.45,-0.003383,78.337,263.04,0.923,11.993,19.734,1.468,-0.534,-0.255
2021-12-22,19.699,-3.022,6.227,0.12,16.614,0.01767,0.825,1.85,-0.004498,71.848,258.423,0.974,10.671,11.772,1.532,-2.968,-0.264
2021-12-23,40.001,-7.886,6.511,-0.085,13.601,-0.0066,0.865,0.4,-0.00654,74.0,226.2,0.851,18.633,16.047,3.883,-2.509,-0.096
2021-12-24,28.11,-17.92,7.528,0.072,13.761,-6e-05,0.875,-1.0,-0.008354,59.0,223.6,1.14,19.482,13.586,3.888,-2.111,-1.039
2021-12-26,28.11,-20.442,7.041,0.049,68.243,-6e-05,0.887,-1.0,-0.008465,62.938,223.54,1.14,20.168,13.241,3.892,-2.114,-1.13
2021-12-27,27.008,-11.481,6.996,0.143,65.395,-0.00629,0.869,-1.0,-0.036412,58.931,216.631,0.953,17.055,13.497,3.841,-1.973,-1.117
2021-12-28,17.501,0.39,7.226,0.171,64.756,0.01519,1.1,-2.0,-0.067306,41.16,215.137,1.285,13.442,8.281,3.4,-1.435,-0.88
2021-12-29,22.0,2.56,6.059,0.16,9.715,0.09443,2.05,-0.15,-0.052746,49.775,200.059,1.499,0.432,0.875,3.838,-0.608,-0.595
2021-12-30,30.0,3.993,5.287,0.212,33.08,0.10403,0.613,-0.7,-0.012733,89.385,232.077,1.129,15.0,22.832,1.615,-0.529,-0.064
2021-12-31,20.002,-3.517,4.906,0.174,12.365,0.15777,0.566,-4.5,0.005019,91.681,247.675,0.721,16.757,22.631,1.528,-0.536,0.073
2022-01-02,19.504,-4.889,4.36,0.157,12.109,0.15796,0.576,-4.5,0.007868,91.681,239.412,0.721,16.776,23.085,1.556,-0.545,0.062
2022-01-03,14.0,3.742,5.347,0.197,62.136,0.18758,0.353375,-1.5,-0.009482,92.345,243.349,0.971,16.48,21.679,1.448,-0.546,0.083
2022-01-04,12.0,14.377,5.47,0.24,71.676,0.28083,0.523,-2.5,-0.016411,92.842,229.607,0.824,15.115,19.451,1.382,-0.512,0.076
2022-01-05,7.999,9.773,5.378,0.193,14.363,0.18146,0.426,-1.85,-0.018343,92.661,211.278,0.629,16.257,18.457,1.433,-0.491,0.034
2022-01-06,13.748,12.06,6.217,0.211,23.864,0.18322,0.4,-0.5,-0.001161,112.956,239.613,0.422,16.19,18.03,1.649,-0.509,0.125
2022-01-07,20.991,4.548,5.284,0.121,12.515,0.19752,0.397,-2.5,0.003818,97.489,213.634,0.528,13.99,12.656,1.571,-0.552,0.079
2022-01-09,21.0,4.691,5.235,0.123,61.853,0.19817,0.396,-2.5,0.004195,97.814,219.105,0.25,14.5,13.317,1.585,-0.54,0.101
2022-01-10,13.992,-1.581,5.269,0.181,54.188,0.15158,0.306,-0.6,-0.004845,96.084,214.016,0.455,14.25,13.25,1.587,-0.588,0.004
2022-01-11,16.995,1.466,5.298,0.234,69.74,0.07099,0.365,-0.4,-0.00348,96.322,214.958,0.592,14.066,15.706,1.543,-0.555,-0.043
2022-01-12,18.001,1.081,5.209,0.254,16.767,0.0361,0.413,-0.25,-0.012933,93.741,220.731,0.605,13.6,15.082,1.541,-0.525,0.113
2022-01-13,22.0,-2.656,5.513,0.268,60.536,0.03986,0.494,-0.65,-0.011769,91.346,217.877,0.952,13.047,15.444,1.565,-0.544,0.034
2022-01-14,20.498,-1.093,5.289,0.292,95.607,0.06724,0.459,-0.65,-0.006271,93.55,220.043,0.807,13.356,17.0,1.549,-0.564,0.103
2022-01-16,19.0,-0.869,5.065,0.309,68.409,0.0803,0.411,-1.75,-0.005628,94.05,219.248,0.816,13.295,16.789,1.547,-0.563,0.088
2022-01-17,21.002,1.76,6.137,0.207,107.444,0.10168,0.488,-1.7,-0.018598,94.051,217.284,0.601,12.741,15.7,1.576,-0.572,0.037
2022-01-18,20.002,5.528,5.576,0.14,79.403,0.10222,0.23,-1.05,-0.015897,92.442,225.986,0.723,13.017,16.25,1.644,-0.598,-0.074
2022-01-19,19.502,0.736,5.929,0.193,12.362,0.04585,0.3,-0.8,-0.016521,92.519,226.313,0.588,13.714,16.427,1.555,-0.617,-0.074
2022-01-20,57.0,-0.76,5.638,0.318,5.735,0.01238,0.476,-0.65,-0.006196,90.169,219.16,0.704,13.35,16.9405,1.506,-0.58,0.099
2022-01-21,50.504,-5.044,5.509,0.296,12.985,0.00752,0.7,-0.6,-0.015558,90.428,222.36,0.8,12.383,17.4935,1.584,-0.654,0.268
2022-01-23,50.502,-5.08,5.514,0.296,78.633,0.00751,0.7,-0.6,-0.015594,90.428,223.486,0.85,12.761,17.0355,1.56,-0.651,0.267
2022-01-24,43.501,0.764,5.67,0.32,92.471,0.01997,0.85,-0.5,-0.010244,89.0,230.33,0.863,12.322,18.991,1.59,-0.695,0.299
2022-01-25,53.0,-2.175,5.498,0.346,88.112,0.02192,0.65,0.1,-0.014819,85.721,226.706,0.642,12.065,21.35,1.587,-0.679,0.308
2022-01-26,64.997,-1.673,6.488,0.302,96.279,0.01383,0.8,0.55,-0.027421,87.507,223.927,0.919,13.445,21.3,1.577,-0.62,0.024
2022-01-27,31.493,-2.786,7.111,0.298,13.896,0.01978,0.85,0.15,-0.014657,87.772,256.217,0.997,13.435,24.5,1.5375,-0.632,0.07
2022-01-28,38.995,-1.009,7.254,0.33,5.731,0.01251,0.8,0.3,-0.004583,91.295,224.882,0.866,14.35,22.5,1.5375,-0.597,0.086
2022-01-30,38.998,-0.841,7.477,0.329,13.586,0.01251,0.8,0.3,-0.004609,97.213,223.718,0.955,14.082,23.128,1.5315,-0.598,0.081
2022-01-31,37.492,-0.601,6.017,0.329,13.566,0.01616,0.7,1.3,-0.005184,98.181,223.571,0.826,14.983,22.5,1.551,-0.608,0.046
2022-02-01,37.996,-5.512,5.97,0.331,14.085,0.01589,0.7,1.6,-0.005512,102.835,223.553,0.77,15.421,21.292,1.533,-0.585,0.061
2022-02-02,37.996,-4.056,5.406,0.323,16.157,0.01053,0.586,0.0,-0.005115,102.93,225.228,0.838,16.515,21.353,1.524,-0.782,0.025
2022-02-03,37.997,3.199,5.137,0.291,5.816,0.02072,0.7,-0.7,-0.005278,103.388,223.394,0.958,18.311,21.607,1.558,-0.523,0.042
2022-02-04,41.004,1.838,5.353,0.287,7.787,0.03909,0.65,-0.925,-0.005779,103.563,224.444,1.144,18.966,20.449,1.571,-0.569,0.015
2022-02-06,40.0,1.102,4.908,0.264,8.135,0.03906,0.65,-1.5,-0.003062,103.205,223.234,1.143,18.875,20.976,1.565,-0.577,0.031
2022-02-07,38.0,1.961,5.289,0.297,8.349,0.06201,0.779,-1.3,-0.005174,104.117,222.554,0.983,18.924,19.626,1.572,-0.585,0.086
2022-02-08,34.997,0.34,5.472,0.259,9.947,0.04963,0.8,-2.15,0.009121,103.11,225.918,0.994,18.607,20.271,1.574,-0.595,0.02
2022-02-09,25.498,-4.308,4.974,0.264,15.745,0.02745,0.6,-3.25,0.006074,103.246,233.024,0.901,17.884,21.504,1.55,-0.709,0.018
2022-02-10,34.496,-1.518,6.189,0.311,15.055,0.0336,0.7,-0.75,0.005246,122.358,271.913,0.704,19.065,24.706,1.787,-0.69,0.041
2022-02-11,31.497,-0.892,5.265,0.288,10.511,0.01172,0.332,-1.15,0.008531,101.618,236.672,0.811,16.106,18.304,1.75,-0.784,-0.02
2022-02-13,31.995,-0.689,5.295,0.276,14.086,0.02258,0.426,-1.15,0.011984,100.831,236.756,1.013,16.109,19.13,1.665,-0.733,0.017
2022-02-14,35.993,-1.549,5.367,0.252,10.704,0.01852,0.34,-0.85,0.00305,102.031,236.324,0.763,15.324,19.139,1.668,-0.814,0.015
2022-02-15,31.002,-4.091,5.583,0.238,6.781,0.02375,0.482,-0.225,0.001109,102.843,236.595,0.912,15.367,21.009,1.597,-0.586,0.069
2022-02-16,34.993,-3.265,5.692,0.296,18.815,0.02514,0.655,0.6,4.2e-05,102.566,231.656,0.706,15.722,23.121,1.57,-0.532,0.133
2022-02-17,47.996,4.391,6.69,0.301,77.13,0.01649,1.1,0.175,0.010312,78.787,234.289,1.141,15.81,21.383,1.656,-0.589,0.159
2022-02-18,49.501,3.11,5.898,0.381,9.866,0.03245,1.0,-0.8,0.005319,60.587,234.318,1.108,16.943,20.737,1.676,-0.661,0.072
2022-02-20,49.502,3.251,5.246,0.339,10.778,0.03244,1.0,-1.0,0.006721,60.563,234.088,1.037,16.272,20.614,1.685,-0.679,0.061
2022-02-21,75.965,2.343,5.097,0.311,10.687,0.02423,1.114,-1.35,0.000693,59.876,231.327,0.776,16.746,21.931,1.698,-0.662,0.073
2022-02-22,50.0,0.449,5.938,0.28,8.698,0.01189,0.854,-0.2,-0.00836,61.0,232.551,0.898,17.555,24.17,1.77,-0.747,0.01
2022-02-23,53.0,3.233,6.566,0.326,14.915,0.00212,0.9,-1.1,-0.005815,59.706,234.712,0.694,17.546,23.25,1.688,-0.731,-0.053
2022-02-24,78.993,12.33,6.628,0.344,11.966,0.05103,1.4,0.65,0.024156,99.338,240.027,0.661,20.777,26.201,1.966,-1.036,-0.108
2022-02-25,34.505,2.504,6.062,0.307,10.044,0.01875,1.15,-0.375,-0.016401,98.003,235.246,0.868,19.407,21.892,1.938,-0.95,0.158
2022-02-27,34.505,2.343,5.882,0.314,76.323,0.01877,1.25,-0.3,-0.012665,98.008,235.491,0.949,19.831,22.696,1.945,-0.953,0.159
2022-02-28,23.001,4.002,5.853,0.296,79.654,0.02848,1.0,0.7,-0.000213,98.008,230.458,0.98,21.375,24.083,2.743,-1.242,-0.196
2022-03-01,26.499,0.289,6.962,0.293,69.656,0.02342,0.78,0.5,-0.006036,97.85,233.395,0.912,20.737,26.669,1.76,-0.573,0.084
2022-03-02,21.005,8.411,5.887,0.338,15.955,0.03862,0.354,-0.5,-0.008674,99.675,232.61,1.016,24.067,29.613,1.521,-0.346,0.419
2022-03-03,25.501,6.349,5.262,0.28,11.047,0.10772,0.229,0.3,0.00313,99.15,237.398,0.975,25.389,39.1175,1.535,-0.458,0.253
2022-03-04,31.501,8.675,6.406,0.372,6.641,0.13539,-0.09,0.65,0.030558,101.65,242.454,1.219,25.036,34.22,1.786,-0.638,0.064
2022-03-06,25.931,8.781,6.626,0.358,86.705,0.13573,-0.117,1.0,0.028979,100.364,242.14,1.391,24.992,30.43,1.655,-0.711,0.005
2022-03-07,32.5,7.362,7.522,0.325,92.49,0.19206,0.0,2.45,0.004941,103.016,243.642,1.183,27.85,35.5545,1.594,-0.518,0.137
2022-03-08,30.503,0.254,6.485,0.318,113.155,0.18353,0.2,2.65,-0.001069,97.461,256.265,1.038,25.974,35.4065,1.463,-0.404,0.334
2022-03-09,27.003,-7.676,9.685,0.259,13.203,0.05692,0.44,0.475,-0.003854,98.402,252.91,0.994,26.879,36.33,1.461,-0.467,0.448
2022-03-10,25.0,-3.571,8.481,0.308,6.852,0.07905,0.143,0.05,-0.007157,101.963,284.031,1.07,26.265,32.646,1.823,-0.981,0.327
2022-03-11,26.5,-4.066,7.592,0.27,8.332,0.15437,0.017,1.65,-0.006811,102.338,240.107,1.063,26.329,32.36,1.911,-0.913,-0.022
2022-03-13,26.5,-3.976,7.716,0.268,12.42,0.15857,-0.09,1.65,-0.006532,101.997,234.96,0.894,26.446,32.462,1.852,-0.92,-0.048
2022-03-14,30.0,-4.237,7.346,0.281,34.267,0.11024,0.05,1.15,-0.004655,103.498,241.305,1.064,25.076,32.5,1.915,-1.002,-0.058
2022-03-15,27.0,-1.003,6.675,0.251,80.286,0.03487,0.25,2.4,-0.007141,105.934,239.822,1.006,23.063,32.704,2.193,-1.028,-0.171
2022-03-16,26.0,-4.301,5.262,0.204,14.481,0.01775,0.254,0.454,-0.031746,105.402,239.653,0.957,21.9,32.086,2.27,-1.054,-0.106
2022-03-17,26.0,0.215,4.414,0.206,14.301,0.02768,0.337,0.125,-0.075509,106.615,234.903,1.081,22.32,29.582,2.167,-1.18,0.004
2022-03-18,27.0,2.844,4.897,0.178,10.284,0.05178,0.473,0.953,-0.028628,106.48,237.127,1.199,24.141,29.935,2.173,-1.222,0.113
2022-03-20,28.0,2.634,4.794,0.179,83.655,0.05176,0.449,0.694,-0.02605,107.013,241.146,1.179,23.474,30.608,2.145,-1.223,0.108
2022-03-21,22.5,-0.386,5.866,0.133,48.806,0.04958,1.053,0.97,-0.018815,104.502,238.007,1.008,23.37,29.963,2.056,-1.226,0.123
2022-03-22,19.5,0.396,4.261,0.016,63.961,0.03175,1.359,1.166,-0.008734,103.498,241.309,1.057,23.195,34.5,2.051,-1.356,0.227
2022-03-23,36.5,1.342,17.279,0.006,20.651,0.02024,1.75,1.709,0.004277,103.448,244.753,1.13,22.0,32.5,2.52,-1.902,0.184
2022-03-24,42.0,5.966,15.702,0.044,15.436,0.01787,1.9,1.317,0.018867,98.0,243.878,0.995,21.861,27.044,2.557,-2.111,-0.178
2022-03-25,43.5,1.768,16.071,0.147,45.612,0.00805,1.813,0.0,0.011815,99.993,243.081,1.16,21.479,27.041,2.542,-2.28,-0.277
2022-03-27,44.0,1.816,15.978,0.143,60.092,0.00808,1.793,-0.035,0.011827,99.01,249.873,1.05,21.776,27.497,2.535,-2.282,-0.216
2022-03-28,44.5,2.571,16.174,0.192,62.957,0.02356,1.0,0.582,0.003282,99.409,245.336,0.934,22.65,26.4475,2.506,-2.467,-0.277
2022-03-29,32.0,0.086,7.926,0.193,14.006,0.01216,0.85,0.566,-0.011922,97.018,239.762,1.078,22.243,26.212,2.224,-1.545,-0.05
2022-03-30,23.5,-0.605,6.93,0.248,62.468,0.01196,0.85,-1.564,-0.030356,99.141,237.274,0.86,23.415,32.056,2.101,-1.45,0.079
2022-03-31,27.0,1.039,5.866,0.198,58.765,0.01822,0.6,-1.038,-0.002768,99.428,238.733,1.076,24.032,31.165,2.159,-1.358,0.091
2022-04-01,29.0,2.439,6.29,0.171,13.493,0.0144,0.525,-0.465,-0.003772,100.053,237.117,1.167,24.948,30.239,2.084,-1.288,-0.014
2022-04-03,29.0,2.467,6.298,0.172,11.371,0.0095,0.525,-0.455,-0.006096,97.974,237.584,1.236,24.359,30.66,2.099,-1.295,-0.014
2022-04-04,31.0,1.167,6.259,0.173,13.907,0.01467,0.45,0.423,-0.004503,97.351,237.036,0.966,28.221,31.039,2.07,-1.287,0.075
2022-04-05,31.0,-0.031,10.402,0.206,60.79,0.03639,0.58,-0.02,0.000325,97.238,378.555,1.19,29.323,33.91,2.06,-1.255,0.093
2022-04-06,52.0,0.261,9.187,0.285,16.589,0.02843,0.97,0.038,0.002621,96.188,345.503,1.166,33.542,51.561,3.367,-1.318,0.179
2022-04-07,40.0,4.118,6.268,0.202,13.883,0.02178,0.641,0.145,-0.005934,77.475,242.818,1.196,37.393,38.95,2.45,-1.409,0.711
2022-04-08,27.0,3.098,8.221,0.16,13.928,0.03435,0.7,0.517,-0.00883,78.262,242.597,1.36,32.117,33.015,2.186,-1.635,0.568
2022-04-10,28.0,2.423,7.971,0.158,15.256,0.03437,0.703,0.586,-0.00907,78.352,241.843,1.02,33.283,33.594,2.202,-1.634,0.546
2022-04-11,28.5,1.465,7.788,0.118,13.66,0.0526,0.735,0.589,0.001471,78.412,243.545,1.212,33.289,33.291,2.199,-1.521,0.678
2022-04-12,34.0,2.936,6.693,0.123,57.327,0.0361,0.664,0.236,-0.022652,77.038,242.785,1.054,32.935,33.306,2.096,-1.251,0.754
2022-04-13,30.5,2.439,6.369,0.219,18.243,0.03987,0.653,0.324,-0.039999,78.722,243.321,1.29,32.142,31.362,2.069,-1.276,1.019
2022-04-14,34.5,3.422,6.499,0.167,18.982,0.04349,0.157,0.408,-0.018058,78.62,245.48,1.476,31.7,33.5,2.127,-1.423,1.099
2022-04-15,36.0,2.67,6.495,0.193,15.382,0.04317,0.132,0.392,-0.006473,68.686,245.648,1.207,31.7,35.299,2.126,-1.422,1.073
2022-04-17,36.0,2.166,5.873,0.175,63.298,0.04314,0.133,0.382,-0.003906,79.054,245.507,1.006,32.0,35.267,2.131,-1.422,1.039
2022-04-18,36.0,4.189,6.216,0.101,46.357,0.0405,0.127,0.041,-0.002205,79.439,248.5,1.078,31.672,35.158,2.09,-1.345,0.98
2022-04-19,31.0,2.32,5.899,0.012,49.621,0.04933,0.302,0.817,-0.005212,99.872,266.538,1.883,31.621,36.923,2.103,-1.273,1.03
2022-04-20,31.5,4.981,6.57,0.032,18.631,0.03213,0.2,0.026,-0.012154,100.467,283.931,0.98,31.992,35.954,2.059,-2.061,1.033
2022-04-21,54.0,2.447,6.578,0.045,34.873,0.03558,0.355,0.896,-0.009517,96.65,273.902,1.19,31.589,34.333,2.062,-1.458,1.194
2022-04-22,64.0,32.822,7.765,0.004,35.533,0.02626,0.318,1.28,-0.004714,98.5,280.7,1.534,36.493,33.0,2.053,-2.34,1.265
2022-04-24,64.0,31.781,7.231,-0.025,21.471,0.02633,0.321,1.3,0.001649,105.5,287.594,1.388,36.109,33.815,2.114,-2.34,1.234
2022-04-25,69.0,17.133,6.878,0.012,21.774,0.01171,0.637,2.493,-0.018003,104.863,298.99,1.2,31.597,33.477,2.106,-2.254,1.241
2022-04-26,33.0,13.957,7.147,0.156,51.099,0.0096,0.886,1.58,-0.031257,103.329,289.979,1.23,31.375,36.0,2.086,-2.145,1.242
2022-04-27,28.0,20.968,6.668,0.068,20.914,0.01462,0.679,0.954,-0.003359,108.75,292.616,1.182,34.439,36.246,2.21,-2.431,1.26
2022-04-28,36.5,14.142,6.003,-0.003,27.385,0.06554,0.326,-0.014,-0.012504,109.02,288.262,1.222,35.275,35.647,2.619,-2.842,1.122
2022-04-29,35.0,11.545,6.355,0.031,22.293,0.0921,0.38,0.474,-0.02949,107.026,291.555,1.479,35.678,37.282,2.859,-2.871,0.544
2022-05-01,34.0,11.668,6.224,0.032,20.424,0.09208,0.402,0.532,-0.032975,105.142,293.382,0.979,35.65,36.699,2.849,-2.875,0.534
2022-05-02,32.0,11.921,5.758,0.113,19.28,0.06007,0.377,0.341,-0.023746,107.7,294.401,0.969,36.908,37.521,2.956,-2.928,0.402
2022-05-03,32.5,13.29,5.572,0.15,18.687,0.07949,0.278,1.717,-0.018662,111.112,279.066,1.21,37.276,38.809,3.047,-2.914,0.214
2022-05-04,29.0,9.74,5.773,0.15,19.884,0.08082,0.251,0.829,-0.012927,109.53,272.323,1.155,39.0,37.207,3.093,-2.956,-0.08
2022-05-05,25.0,8.202,6.839,0.163,15.033,0.06963,0.379,0.731,-0.01423,109.134,258.723,1.311,36.1,35.315,3.019,-2.973,-0.055
2022-05-06,29.5,11.109,6.078,0.177,13.501,0.09794,0.454,-0.111,-0.0115,110.945,250.796,1.457,36.622,34.333,3.029,-2.893,0.014
2022-05-08,30.5,11.429,6.369,0.174,34.064,0.0979,0.5,-0.1,-0.010032,111.839,257.809,1.037,36.571,35.007,3.034,-2.902,0.108
2022-05-09,26.5,23.897,6.147,0.166,56.87,0.20965,0.573,-0.21,-0.000465,112.5,259.728,1.173,36.0,33.0,3.001,-2.777,0.166
2022-05-10,22.0,7.231,5.297,0.144,58.711,0.11131,0.677,-2.07,-0.01691,112.487,273.141,1.406,37.0,34.642,3.0,-2.749,0.185
2022-05-11,20.0,-9.754,4.898,0.129,20.445,0.06079,0.654,-1.895,-0.017905,110.853,270.518,1.311,37.134,35.0,2.974,-2.728,0.205
2022-05-12,23.0,3.919,4.103,0.058,23.712,0.08894,0.826,-0.306,-0.005515,110.912,271.372,1.176,37.369,35.129,2.957,-2.761,0.252
2022-05-13,22.0,3.005,4.694,0.112,34.359,0.04009,0.707,0.16,0.002919,108.345,271.631,1.444,37.37,35.117,2.98,-2.724,0.214
2022-05-14,,,,,32.121,,,,,,,,,,,,
2022-05-15,22.0,2.985,4.716,0.087,39.494,0.04011,0.703,0.101,0.004022,108.383,274.704,0.994,37.301,35.496,2.975,-2.72,0.138
2022-05-16,19.5,15.711,5.097,0.077,43.753,0.06,0.502,-0.829,-0.006453,107.304,276.06,1.092,36.988,35.0,2.944,-2.548,0.196
2022-05-17,11.0,-0.801,4.589,0.101,52.484,0.01413,0.551,-2.885,-0.032048,105.075,273.567,1.126,36.516,36.367,2.932,-2.545,0.122
2022-05-18,11.5,-1.188,4.855,0.171,17.922,0.02878,0.791,-2.492,-0.018752,102.378,276.15,1.096,35.868,36.5,2.908,-2.476,0.142
2022-05-19,13.0,-10.477,5.637,0.115,27.12,0.02873,1.331,-1.812,-0.027521,123.265,308.891,1.195,40.5,40.105,3.361,-2.851,0.149
2022-05-20,16.5,-12.087,5.465,0.119,17.332,0.01157,1.152,-5.346,-0.018673,101.569,269.012,0.75,35.775,32.734,2.96,-2.582,0.126
2022-05-22,16.5,-9.421,5.872,0.124,44.751,0.01157,1.221,-5.346,-0.01337,99.992,268.788,0.435,35.91,32.991,2.956,-2.574,0.116
2022-05-23,16.5,-0.881,5.713,0.104,44.098,0.00999,0.9,-3.5,-0.02547,102.065,272.376,0.909,35.5,32.558,2.981,-2.564,0.121
2022-05-24,13.5,3.326,4.704,0.102,31.779,0.03638,0.755,-2.074,-0.02554,96.5,267.175,0.987,35.212,31.247,3.044,-2.619,0.118
2022-05-25,18.5,-1.711,6.691,0.168,23.403,0.02208,0.952,-1.821,-0.034928,96.934,268.09,1.164,35.857,33.13,3.008,-2.707,0.18
2022-05-26,15.0,-3.831,6.353,0.124,33.834,0.02261,1.1,-1.291,-0.031041,101.098,268.696,1.52,36.5,34.0,3.096,-2.764,0.405
2022-05-27,19.0,-5.002,6.123,0.169,20.026,-0.00934,0.926,-0.801,-0.044584,98.963,269.229,1.444,37.129,34.157,3.072,-2.808,0.93
2022-05-29,19.0,-4.635,6.228,0.147,30.383,-0.00939,0.915,-0.778,-0.040216,89.0,269.16,1.582,36.645,34.916,3.061,-2.804,0.923
2022-05-30,15.0,-1.25,6.163,0.144,23.936,-0.0091,0.6,-1.858,-0.074552,96.656,267.902,1.162,37.0,34.267,3.06,-2.71,0.886
2022-05-31,17.0,-4.687,6.174,0.113,78.93,0.0404,0.247,-1.54,-0.045586,97.133,269.871,1.124,38.599,35.755,3.037,-2.567,1.0865
2022-06-01,14.0,-11.96,6.481,0.126,19.451,0.0293,0.077,-0.387,-0.031339,99.024,265.361,1.174,38.001,35.922,2.999,-2.517,1.258
2022-06-02,13.5,-8.827,6.573,0.066,15.927,0.06864,0.6,0.5,-0.025783,98.46,253.717,1.376,39.463,36.024,3.021,-2.624,1.088
2022-06-03,13.5,-2.189,5.857,-0.03,16.676,0.05712,0.37,0.405,-0.022864,98.654,234.835,1.325,39.0,36.051,3.025,-2.697,1.173
2022-06-05,13.5,-2.184,5.734,-0.029,18.852,0.05714,0.373,0.307,-0.021265,99.133,234.793,0.934,39.0,36.054,3.018,-2.665,1.216
2022-06-06,12.75,-2.899,6.121,-0.003,13.925,0.05602,0.327,-0.032,-0.014794,98.942,236.767,1.167,38.9,37.204,3.021,-2.688,1.255
2022-06-07,12.7,2.326,6.144,0.003,60.827,0.05102,0.321,-0.617,-0.014165,100.226,233.148,1.231,45.254,38.472,2.993,-2.706,1.321
2022-06-08,12.0,3.453,7.317,0.075,17.971,0.0437,0.352,-1.327,-0.014014,78.693,234.842,1.271,39.096,37.036,3.097,-2.806,1.432
2022-06-09,12.5,4.267,7.593,-0.021,20.968,0.0501,0.329,-0.88,-0.014222,102.182,264.806,1.206,45.2,38.5,4.123,-4.006,1.321
2022-06-10,15.5,8.37,6.068,-0.026,15.281,0.09257,0.3,-0.716,-0.008788,81.5,233.529,1.205,40.24,33.618,3.775,-3.659,0.834
2022-06-12,15.5,8.695,5.693,-0.027,12.01,0.09234,0.3,-0.678,-0.006358,81.537,233.93,0.47,40.311,34.156,3.712,-3.599,0.916
2022-06-13,20.5,12.526,5.362,-0.076,16.376,0.06239,0.206,-1.025,-0.013739,80.874,237.615,0.633,40.064,35.898,3.916,-3.959,0.506
2022-06-14,18.0,5.16,5.366,-0.107,59.762,0.04669,-0.326,0.069,-0.020008,108.778,253.071,0.926,40.202,37.768,4.423,-4.696,-0.005
2022-06-15,16.5,4.688,5.137,-0.078,17.44,0.03764,-0.896,1.0,-0.051701,109.566,257.385,1.345,40.162,35.568,4.451,-4.954,-0.36
2022-06-16,11.0,10.359,5.754,-0.086,64.731,0.04127,-1.246,0.639,-0.038683,108.662,258.162,2.254,38.592,33.836,4.504,-4.913,-0.343
2022-06-17,8.5,7.698,5.645,-0.085,13.139,0.04942,-0.1,0.708,-0.026107,106.638,268.363,1.773,38.675,31.76,4.495,-5.122,-0.382
2022-06-19,8.75,7.734,5.097,-0.106,17.282,0.04761,-0.124,1.0,-0.028055,97.459,268.669,1.663,39.462,32.606,4.511,-5.115,-0.358
2022-06-20,9.5,4.601,5.358,-0.109,12.129,0.02731,-0.2,0.29,-0.025988,105.175,269.58,1.434,39.727,31.543,4.536,-5.2,-0.414
2022-06-21,1.5,0.641,4.73,-0.144,69.21,0.00494,-0.318,-0.309,-0.031223,106.849,271.879,1.511,40.889,33.3,4.527,-5.285,-0.543
2022-06-22,15.5,2.524,5.17,-0.124,16.077,0.01027,-0.249,0.093,-0.016361,103.324,276.498,1.359,39.3,32.28,5.053,-5.818,-0.622
2022-06-23,12.0,3.562,6.22,-0.103,15.377,0.0186,-0.197,0.094,-0.029187,120.0,319.145,1.11,44.74,36.515,5.704,-6.371,-1.588
2022-06-24,13.0,0.264,4.697,-0.09,12.914,-0.00136,0.136,-1.577,-0.03996,104.0,268.462,1.602,40.153,28.966,4.981,-5.554,-0.8
2022-06-26,14.0,0.408,4.739,-0.098,51.13,-0.00148,0.133,-1.664,-0.039583,107.0,269.232,1.203,39.741,29.461,4.944,-5.572,-0.833
2022-06-27,12.5,-0.265,8.058,-0.14,60.285,-0.00047,0.357,-3.276,-0.068644,106.249,268.603,1.203,39.043,29.625,4.935,-5.641,-0.919
2022-06-28,6.5,-0.159,3.747,-0.088,13.963,0.00519,0.211,-3.348,-0.029108,103.802,253.533,1.346,39.483,39.899,4.866,-5.672,-0.818
2022-06-29,3.0,0.896,4.907,-0.067,16.345,0.0,0.103,-2.046,-0.014247,112.403,250.316,0.896,41.181,42.742,4.551,-5.179,-0.608
2022-06-30,3.0,8.82,4.989,-0.095,89.687,0.02685,0.005,-2.5,-0.007873,109.579,250.92,2.166,42.494,41.872,4.605,-5.163,-0.53
2022-07-01,4.5,3.323,5.122,-0.012,8.769,0.04447,0.054,0.541,0.01027,109.698,254.204,1.824,43.0,41.719,4.525,-5.092,-0.547
2022-07-03,4.5,4.042,4.847,-0.01,80.41,0.04445,0.052,0.419,0.010453,110.981,252.004,1.805,42.795,42.104,4.535,-5.094,-0.548
2022-07-04,1.5,5.21,5.179,-0.021,81.945,0.02444,0.204,0.168,0.001422,111.488,256.784,1.656,43.896,38.914,4.496,-4.884,-0.598
2022-07-05,-2.5,9.878,5.673,-0.004,62.466,0.01756,0.049,-0.366,0.005438,110.946,253.099,1.517,46.871,45.302,4.441,-4.779,-0.713
2022-07-06,-6.5,4.802,5.283,0.004,16.931,0.03178,0.151,-1.581,0.001302,112.212,264.194,1.551,50.425,47.842,4.356,-4.775,-0.688
2022-07-07,-7.0,3.7,5.073,-0.007,16.609,0.03324,0.254,-2.305,0.00563,111.037,264.54,1.522,51.881,51.532,4.273,-5.452,-0.37
2022-07-08,-4.5,0.479,4.972,0.04,93.793,0.00884,0.355,-3.068,0.009177,111.91,274.55,1.781,50.564,52.807,4.28,-4.76,0.323
2022-07-10,-5.35,0.69,4.945,0.05,93.584,0.00866,0.353,-3.0,0.009326,109.915,274.367,1.18,50.327,53.601,4.274,-4.762,0.337
2022-07-11,-3.0,4.891,5.352,0.036,101.757,0.03033,0.376,-2.5,0.010741,111.915,275.895,1.538,48.711,58.458,4.259,-4.779,0.63
2022-07-12,-4.0,10.921,6.767,0.105,96.006,0.03992,0.246,-2.688,0.004537,113.415,281.202,1.55,51.403,64.124,4.243,-4.765,0.889
2022-07-13,-8.0,8.699,5.668,0.04,14.428,0.03567,0.441,-2.617,-0.004111,113.781,280.977,1.407,58.382,64.768,4.267,-4.726,1.745
2022-07-14,-3.8,29.045,5.639,0.017,11.266,0.08694,0.277,-0.876,0.008247,113.132,281.892,1.464,57.672,62.361,4.193,-4.83,1.731
2022-07-15,1.5,19.81,5.384,0.04,10.521,0.06345,0.598,0.974,0.00069,112.5,279.771,1.678,48.695,61.75,4.266,-4.772,1.778
2022-07-17,2.0,19.779,4.829,0.03,91.398,0.06348,0.598,1.027,-0.001247,112.003,277.517,0.988,47.816,61.596,4.188,-4.724,1.775
2022-07-18,1.0,16.221,6.621,0.052,87.997,0.03767,0.889,0.155,-0.004373,109.293,273.573,0.68,45.369,60.214,4.175,-4.708,1.8
2022-07-19,1.0,12.388,6.18,0.019,84.31,0.03093,0.741,-1.18,-0.004033,110.299,276.369,1.129,45.572,57.3815,4.221,-4.657,1.889
2022-07-20,2.0,14.669,6.752,0.103,16.752,0.01945,0.204,0.697,-0.013097,103.389,290.758,1.023,47.839,54.739,4.359,-4.973,1.939
2022-07-21,2.0,18.519,5.746,0.044,17.596,0.02358,0.42,1.453,-0.004509,105.274,274.215,1.196,50.256,52.625,4.632,-6.071,1.725
2022-07-22,0.5,9.472,4.984,-0.057,13.666,0.01992,0.476,-0.5,-0.012148,102.0,271.977,1.728,49.941,52.003,4.698,-6.428,0.856
2022-07-24,0.5,9.005,5.021,0.223,65.781,0.01983,0.404,-0.5,-0.011101,103.0,268.418,1.03,49.963,51.997,4.698,-6.475,0.858
2022-07-25,-3.5,-2.663,5.491,-0.122,92.878,0.00945,0.152,-1.172,-0.020571,104.083,271.665,1.314,53.583,55.3725,4.843,-6.84,0.557
2022-07-26,-5.0,0.584,6.712,-0.096,7.294,0.00902,-0.144,-2.779,-0.008758,103.053,271.77,1.408,52.57,58.373,4.971,-7.059,0.305
2022-07-27,-10.5,4.092,4.985,-0.161,12.88,-0.00452,-0.131,-1.102,-0.009281,103.102,267.395,1.453,53.289,60.82,4.973,-7.03,0.002
2022-07-28,-9.0,-6.13,4.622,-0.155,8.148,-0.00252,-0.06,-1.461,-0.002403,94.452,252.984,1.193,61.121,60.941,4.847,-6.808,0.22
2022-07-29,-12.5,-10.533,4.24,-0.128,13.084,0.00875,-0.201,-3.177,0.005231,100.035,254.008,1.248,61.009,61.592,4.84,-6.632,0.241
2022-07-31,-12.5,-6.08,3.854,-0.115,66.919,0.00872,-0.245,-3.431,0.011624,100.976,251.923,0.897,54.258,61.814,4.854,-6.61,0.325
2022-08-01,-13.0,-5.655,4.301,-0.121,63.565,0.01544,-0.943,-3.93,0.034461,101.869,251.252,1.288,50.718,61.175,4.821,-6.437,0.377
2022-08-02,-8.5,6.942,4.834,-0.097,72.67,0.0211,-1.096,-2.566,0.012686,106.245,247.958,1.079,44.442,58.907,4.767,-7.314,0.302
2022-08-03,-15.5,6.577,7.183,-0.119,14.312,0.01911,-1.594,-1.175,0.000579,106.276,252.186,1.387,40.144,57.685,4.662,-6.476,0.304
2022-08-04,-14.0,5.1,4.58,-0.128,8.934,0.0149,-0.892,-4.225,0.001871,107.143,253.462,1.349,45.889,57.327,4.724,-6.431,0.324
2022-08-05,-14.0,1.89,4.124,-0.068,8.683,0.01189,-1.489,-8.799,0.007434,106.27,255.622,1.248,40.568,56.301,4.767,-6.571,0.243
2022-08-07,-14.0,1.649,4.205,-0.065,68.664,0.01358,-1.498,-11.168,0.007396,106.008,253.12,0.583,40.554,56.505,4.792,-6.571,0.273
2022-08-08,-14.5,-6.249,4.088,-0.09,88.341,0.02294,-1.4,-6.298,0.001422,106.038,253.663,1.387,40.0,57.808,4.795,-6.571,0.198
2022-08-09,-12.5,-3.059,4.265,-0.155,104.128,0.02146,-1.627,-7.0,-0.001661,103.159,267.718,1.495,40.5,58.122,4.785,-6.533,0.051
2022-08-10,-11.0,-1.798,5.599,-0.142,9.233,0.01128,-1.374,-6.161,-0.018545,102.993,265.922,1.206,40.598,56.958,4.761,-6.548,0.132
2022-08-11,-11.5,-3.871,5.651,-0.098,3.984,0.00754,-0.905,-8.0,-0.011893,102.498,266.533,1.515,40.251,56.699,4.771,-6.537,0.102
2022-08-12,-10.75,-0.332,5.705,-0.075,105.039,0.01487,-0.35,-4.67,-0.012343,106.021,267.197,1.906,41.355,56.626,4.816,-6.601,0.108
2022-08-14,-10.75,-0.28,5.745,-0.074,95.474,0.01491,-0.435,-3.425,-0.012051,103.592,266.007,1.587,40.552,57.134,4.8,-6.587,0.117
2022-08-15,-11.5,2.585,4.947,-0.029,90.315,0.01828,-0.869,-0.295,0.004911,104.64,260.856,1.667,41.251,56.844,4.8135,-6.444,0.137
2022-08-16,-9.0,6.396,5.028,-0.115,78.322,0.00876,-0.7,-0.963,-0.002846,103.994,261.131,1.377,46.299,60.929,4.744,-6.423,0.217
2022-08-17,-6.5,3.618,7.626,-0.132,11.596,0.01133,-0.55,-0.775,-0.005044,104.342,259.979,1.425,46.607,61.959,4.715,-6.454,0.267
2022-08-18,-3.0,4.102,5.508,-0.101,5.697,0.00763,-0.398,0.094,0.00057,102.275,262.42,1.392,43.262,61.782,4.669,-6.507,0.215
2022-08-19,6.5,4.824,2.974,-0.065,5.302,0.00939,-0.392,0.087,0.007608,105.292,290.499,1.697,42.5,60.809,4.642,-6.736,0.192
2022-08-21,6.0,5.01,2.643,-0.046,52.179,0.00949,-0.392,0.346,0.007173,106.106,290.132,1.347,42.5,60.978,4.642,-6.726,0.164
2022-08-22,6.0,7.376,6.207,-0.107,89.124,0.02156,-0.289,1.091,0.008816,106.912,289.169,1.352,42.154,61.229,4.625,-6.729,0.272
2022-08-23,-2.0,-3.252,4.834,-0.099,94.166,0.00138,-0.222,0.506,-0.001551,102.039,286.252,1.343,59.723,62.592,4.645,-6.638,0.242
2022-08-24,-6.0,2.174,6.448,-0.058,10.914,0.00292,-0.602,-1.503,0.002138,98.0,284.299,1.223,58.595,64.356,4.603,-6.682,0.174
2022-08-25,-7.0,-2.819,7.264,-0.077,4.435,0.00347,-0.6,-3.75,-0.010235,118.996,312.443,1.283,60.271,73.351,5.276,-7.741,0.268
2022-08-26,-6.5,-0.395,6.566,-0.088,6.548,0.00265,-0.506,-1.917,-0.019021,97.885,270.172,0.77,51.74,63.381,4.611,-6.801,0.239
2022-08-28,-6.5,1.425,6.64,-0.086,102.476,0.00682,-0.501,-1.721,-0.016576,98.088,266.547,0.57,50.768,64.206,4.59,-6.818,0.234
2022-08-29,-0.5,2.485,5.842,-0.062,97.599,0.01937,-0.398,0.337,0.006988,96.012,261.337,0.897,53.059,63.465,4.634,-6.845,0.252
2022-08-30,-2.5,-0.459,5.197,-0.085,15.474,0.00638,-0.105,0.435,-0.017588,72.731,263.422,1.201,41.427,67.5535,4.565,-6.824,0.25
2022-08-31,-2.5,0.438,5.738,-0.092,18.458,0.008,-0.151,-0.608,-0.014387,73.708,258.507,1.176,41.756,68.165,4.592,-6.614,0.218
2022-09-01,-3.05,4.195,5.69,-0.062,51.891,0.05712,-0.025,1.35,-0.004982,76.033,258.613,1.784,42.957,69.09,4.555,-6.737,0.466
2022-09-02,-3.0,2.576,6.107,-0.089,8.698,0.04967,0.0,-0.608,-0.000823,101.454,254.327,1.163,45.664,68.345,4.609,-6.758,1.438
2022-09-04,-3.0,2.598,6.042,-0.076,7.691,0.04966,0.0,-0.75,0.001948,101.436,254.333,1.164,43.925,69.228,4.573,-6.754,1.423
2022-09-05,-1.5,0.141,6.002,-0.105,12.678,0.03502,-0.055,-1.714,0.001568,100.649,254.697,1.18,44.206,68.845,4.569,-6.728,1.471
2022-09-06,-9.0,4.993,6.62,-0.024,110.144,0.03802,0.0,-1.443,-0.000463,99.962,257.123,1.136,46.857,68.882,4.437,-6.888,1.724
2022-09-07,-12.0,4.241,6.232,-0.059,13.684,0.04395,0.05,-2.5,-0.005167,101.387,358.497,1.157,46.05,68.054,4.312,-7.092,2.022
2022-09-08,-12.5,1.998,5.128,-0.088,7.444,0.02089,0.11,-4.15,-0.008451,101.171,232.691,0.793,43.306,65.585,3.631,-8.101,2.081
2022-09-09,-10.5,-2.717,5.337,-0.08,6.201,0.02561,0.2,-3.823,-0.012823,96.964,242.516,0.302,42.443,63.359,3.519,-7.008,2.18
2022-09-11,-10.0,-2.161,5.494,-0.08,6.47,0.02566,0.2,-3.809,-0.013063,96.955,242.711,0.403,42.613,63.881,3.518,-6.997,2.241
2022-09-12,-10.0,-0.771,1.891,-0.052,6.076,0.0157,0.35,-3.454,-0.010322,96.498,243.526,1.333,39.753,62.032,3.409,-6.994,2.224
2022-09-13,-9.5,7.266,5.373,-0.076,16.384,0.026,-0.1,-2.182,7.8e-05,97.865,246.649,2.375,39.8,63.653,3.461,-7.036,2.269
2022-09-14,-11.5,4.936,5.806,-0.062,4.891,0.01602,-0.8,-0.5,0.009151,98.509,243.381,1.937,40.08,65.823,3.748,-11.223,2.373
2022-09-15,-10.0,1.265,5.313,-0.145,3.071,0.02828,-0.6,-0.188,0.006548,96.492,250.247,1.322,39.415,68.002,4.238,-8.477,1.917
2022-09-16,-9.5,5.026,5.05,-0.115,3.209,0.02762,-0.55,0.909,0.009567,93.81,248.441,1.361,45.266,66.599,4.421,-8.829,0.946
2022-09-18,-9.5,5.337,5.096,-0.106,2.556,0.02772,-0.55,0.72,0.008587,92.306,247.517,1.362,43.153,66.426,4.434,-8.844,0.84
2022-09-19,-14.5,5.731,5.876,-0.085,1.388,0.02108,-1.05,0.642,0.016512,92.424,248.421,1.391,46.975,67.615,4.653,-8.844,0.768
2022-09-20,-17.0,11.232,5.012,-0.191,103.463,0.02453,-1.075,-1.116,0.008646,87.839,248.504,1.285,38.974,63.793,4.968,-9.266,0.495
2022-09-21,-19.0,6.031,5.976,-0.21,9.686,0.01401,-2.13,1.58,0.01395,88.349,242.826,1.258,37.258,63.484,4.981,-10.659,0.201
2022-09-22,-8.5,7.06,6.515,-0.225,2.632,0.03799,-1.58,1.025,-0.011087,79.131,247.385,1.224,49.131,64.664,5.463,-10.043,-0.058
2022-09-23,-11.0,14.68,6.93,-0.2,3.11,0.04012,-0.895,0.57,0.001107,83.0,263.284,1.371,50.0,64.682,5.484,-9.893,-0.139
2022-09-25,-11.0,14.523,6.905,-0.192,2.01,0.0402,-1.02,0.75,0.001918,85.0,259.296,1.279,49.855,65.475,5.432,-9.864,-0.172
2022-09-26,-9.5,11.154,7.876,-0.118,8.177,0.04771,-1.1,0.713,0.001006,91.517,255.493,1.318,53.0,65.689,5.427,-9.713,-0.164
2022-09-27,-10.0,9.793,8.601,-0.158,61.318,0.04696,-1.5,-2.745,-0.033674,93.441,252.709,1.397,54.336,69.328,5.102,-9.468,-0.166
2022-09-28,-7.0,7.049,10.965,-0.011,13.466,0.08865,-0.5,1.552,0.005925,88.005,256.447,1.203,83.688,70.298,4.815,-9.341,0.081
2022-09-29,-11.0,6.658,11.169,0.013,17.289,0.03148,-1.04,0.11,-0.01697,115.678,296.685,0.928,49.587,92.755,5.275,-10.568,0.127
2022-09-30,-9.0,5.641,7.506,-0.125,9.94,0.01756,-0.94,-2.039,0.00631,98.034,256.59,0.424,50.31,83.439,4.625,-9.216,0.026
2022-10-02,-9.0,5.725,7.682,-0.076,82.752,0.0174,-0.84,-2.039,0.008495,96.799,256.545,0.459,50.0,83.189,4.63,-9.211,0.025
2022-10-03,-9.0,9.544,8.247,-0.062,66.24,0.06673,-0.775,-2.0,0.015578,89.457,255.287,0.892,44.0,85.389,4.725,-9.295,-0.093
2022-10-04,-10.0,-2.58,7.108,-0.118,56.116,0.01678,-0.45,-4.212,-0.010736,67.881,264.939,0.995,46.0,79.551,4.763,-9.277,-0.359
2022-10-05,-17.5,-0.769,6.129,-0.014,17.787,0.02601,-0.25,-3.588,-0.018582,67.244,261.237,1.073,40.4,79.866,4.726,-9.251,-0.033
2022-10-06,-19.0,2.33,9.981,-0.039,54.582,0.03193,0.22,-1.613,-0.015956,65.652,263.128,1.432,42.38,78.4095,4.742,-9.252,0.035
2022-10-07,-18.5,4.958,8.524,-0.05,62.917,0.04868,0.0,0.182,-0.008579,94.144,261.338,1.342,45.5,77.842,4.756,-9.205,0.094
2022-10-09,-19.0,5.053,8.307,-0.043,32.188,0.04832,-0.02,0.314,-0.006336,94.449,261.484,1.35,44.901,78.452,4.686,-9.181,0.117
2022-10-10,-26.0,4.336,7.125,-0.041,66.774,0.08414,0.3,1.273,-0.004133,92.161,262.864,1.242,47.4,79.752,4.706,-9.241,0.116
2022-10-11,-29.5,4.682,5.529,0.042,54.815,0.05229,0.36,-1.056,0.006549,91.898,258.135,1.24,46.0,79.669,4.669,-9.316,-0.019
2022-10-12,-35.0,2.815,7.013,0.085,12.243,0.01188,0.62,-2.891,-0.008349,92.425,258.619,0.844,42.0,79.915,4.694,-9.362,-0.182
2022-10-13,-36.0,6.286,6.614,0.031,7.57,0.07774,1.5,-0.84,0.026156,90.338,257.764,1.132,45.0,78.335,4.686,-9.37,-0.067
2022-10-14,-29.5,9.315,4.761,0.085,17.28,0.05034,1.205,-0.691,0.012439,86.842,258.268,1.135,40.5,99.368,4.644,-9.465,-0.039
2022-10-16,-30.0,9.463,5.268,0.12,3.125,0.05032,1.1,-0.754,0.0173,86.45,256.942,1.135,41.272,100.071,4.666,-9.479,-0.024
2022-10-17,-26.0,7.429,3.956,0.063,39.749,0.03529,0.75,-1.641,0.020252,85.683,257.689,1.03,41.5,107.546,4.636,-9.412,0.044
2022-10-18,-21.5,6.069,4.053,0.068,43.352,0.01919,0.97,-2.864,0.001352,80.896,259.912,1.259,42.5,98.957,4.631,-9.424,0.167
2022-10-19,-27.0,10.484,9.117,0.103,20.51,0.03724,0.67,-0.085,0.026754,86.261,261.115,1.172,42.0,102.877,4.624,-9.508,0.2
2022-10-20,-22.0,4.565,8.338,0.092,17.851,0.03735,0.45,-1.053,0.001965,86.189,261.09,1.368,36.0,124.456,4.724,-9.627,0.42
2022-10-21,-17.0,8.024,7.504,0.06,89.088,0.0168,0.415,-2.059,0.005255,81.966,262.172,0.625,55.5,113.686,4.771,-9.645,1.071
2022-10-23,-16.5,7.17,7.512,0.081,93.214,0.01682,0.51,-2.0,-0.006158,81.139,261.418,0.599,54.882,99.387,4.796,-9.388,0.998
2022-10-24,-20.5,1.764,7.525,0.021,87.125,0.01707,0.26,-1.899,0.001532,68.0,297.987,0.531,46.948,101.495,4.765,-9.271,1.222
2022-10-25,-21.0,3.204,10.842,0.07,93.657,-0.00385,0.12,-1.714,-0.002086,50.0,252.927,1.173,53.148,100.232,4.624,-10.851,1.371
2022-10-26,-22.0,-0.326,9.289,0.078,14.069,-0.0007,0.04,-7.238,-0.032723,54.079,252.372,1.114,57.149,99.727,4.649,-9.424,1.248
2022-10-27,-26.0,-1.83,6.642,0.132,7.499,0.0048,-0.53,-4.963,-0.034835,55.974,248.345,2.012,40.713,96.163,4.737,-10.419,1.059
2022-10-28,-32.0,2.007,7.434,0.113,7.303,0.00085,-0.55,-3.789,-0.011926,52.453,244.33,1.301,31.623,93.714,4.717,-10.812,0.258
2022-10-30,-32.0,2.038,7.39,0.124,8.726,0.00082,-0.5,-3.606,-0.01204,62.5,245.48,1.382,31.939,93.932,4.748,-10.858,0.261
2022-10-31,-36.5,7.161,7.291,0.154,5.938,0.02056,-0.6,-2.93,0.021483,86.152,247.527,1.332,31.638,90.172,4.738,-11.077,-0.017
2022-11-01,-35.5,5.071,6.838,0.106,95.909,0.01671,-0.975,-5.68,-0.013805,88.854,344.451,1.332,30.091,82.734,4.873,-16.088,-0.3
2022-11-02,-61.0,2.763,8.054,0.089,11.795,0.02769,-1.92,-7.75,-0.01808,87.041,330.677,0.843,41.55,116.863,6.8745,-11.535,-0.556
2022-11-03,-43.5,9.577,4.347,0.127,2.155,0.02431,-1.965,-8.625,-0.016852,80.774,233.286,0.519,30.76,91.152,4.693,-11.576,-0.745
2022-11-04,-33.0,0.565,4.04,0.071,4.748,0.02342,-1.625,-17.5,-0.063613,67.991,224.551,0.478,30.0,95.698,4.718,-11.465,-0.596
2022-11-06,-36.25,0.625,4.196,0.064,5.14,0.02368,-1.647,-19.5,-0.056946,54.927,223.907,0.522,29.605,93.92,4.759,-11.405,-0.594
2022-11-07,-38.4,-3.179,5.997,-0.054,4.317,0.0068,-1.85,-17.0,-0.033281,45.715,214.846,1.025,29.625,95.787,4.756,-11.443,-0.572
2022-11-08,-41.0,5.63,5.837,-0.08,14.021,0.01516,-1.65,-9.0,-0.035997,48.22,234.805,0.807,29.6,93.397,4.738,-11.349,-0.558
2022-11-09,-39.0,2.983,5.455,-0.081,99.127,0.01215,-1.4,-8.5,-0.077195,46.386,269.929,0.936,28.901,93.332,4.785,-11.467,-0.511
2022-11-10,-34.0,-8.29,4.093,-0.035,1.56,0.01329,-0.981,-14.0,-0.101732,79.456,229.533,1.093,29.116,93.267,4.847,-11.121,-0.559
2022-11-11,-37.5,-10.625,2.416,0.043,4.59,-0.02397,-1.6,-7.5,-0.223483,82.613,234.238,0.824,28.556,90.433,4.95,-10.896,-0.546
2022-11-13,-38.0,-10.512,2.631,0.042,12.78,-0.02393,-1.6,-8.25,-0.219197,113.742,233.919,0.724,29.395,90.149,4.933,-10.869,-0.556
2022-11-14,-36.0,-0.797,3.447,-0.004,0.89,-0.02473,-1.7,-3.9,-0.134287,105.83,236.78,0.75,28.5,89.951,4.949,-14.036,-0.58
2022-11-15,-43.0,0.517,5.888,-0.131,110.316,0.00193,-2.1,-5.25,-0.126913,98.442,272.208,0.755,31.55,102.225,5.687,-12.222,-0.575
2022-11-16,-38.5,5.301,5.0,0.052,10.146,-0.00035,-1.75,0.2,-0.012242,87.715,236.516,0.543,29.5,97.002,4.977,-10.686,-0.634
2022-11-17,-40.0,5.32,2.873,0.015,3.292,0.00469,-0.8,-1.05,-0.00886,91.261,241.456,0.797,27.621,100.374,4.919,-10.761,-0.545
2022-11-18,-39.5,2.236,1.34,-0.015,1.527,-0.00259,-0.25,-2.0,-0.034075,91.131,242.173,1.069,26.206,98.3,4.918,-10.653,-0.556
2022-11-20,-39.5,2.298,0.627,-0.013,5.661,-0.00258,-0.3,-1.0,-0.037284,84.732,243.204,0.869,26.044,97.545,4.886,-10.678,-0.554
2022-11-21,-41.0,5.459,3.09,0.121,6.715,0.00776,0.1,-0.442,-0.013613,81.251,241.764,0.89,26.608,96.635,4.855,-10.884,-0.554
2022-11-22,-41.0,3.976,3.699,0.057,102.967,0.01087,0.2,-0.7,-0.024986,81.0,243.355,1.074,28.218,91.456,4.881,-10.758,-0.541
2022-11-23,-42.0,1.319,5.546,0.127,8.309,0.0064,0.25,-0.5,-0.04547,77.639,249.087,1.077,28.565,87.113,4.898,-10.659,-0.425
2022-11-24,-43.0,-2.971,3.456,0.011,5.112,-0.00766,0.2,-5.25,-0.08445,74.252,249.644,1.063,28.659,89.971,4.875,-10.612,-0.463
2022-11-25,-42.0,3.947,4.39,-0.047,4.78,0.0013,0.385,-4.75,-0.077748,73.978,250.418,1.539,28.595,92.31,4.924,-10.689,-0.521
2022-11-27,-42.0,3.956,4.036,-0.039,5.806,0.00131,0.5,-4.75,-0.078121,93.643,250.347,0.889,28.544,91.219,4.893,-10.685,-0.529
2022-11-28,-42.7,-1.749,2.931,0.115,4.848,0.0045,0.4,-3.0,-0.021733,63.347,248.44,0.954,28.411,92.157,4.933,-10.758,-0.494
2022-11-29,-41.5,2.939,2.26,0.11,107.436,-0.00187,0.15,-9.0,-0.035269,63.317,237.186,1.043,28.373,96.21,4.875,-10.622,-0.447
2022-11-30,-42.75,-3.949,4.305,0.358,11.274,-0.00287,0.335,-8.5,-0.104062,71.378,232.025,0.607,27.34,94.739,4.78,-10.638,-0.408
2022-12-01,-36.5,-23.042,2.331,0.261,5.328,0.00155,0.75,-7.75,-0.114183,74.575,264.421,0.926,27.072,93.888,4.88,-10.492,-0.395
2022-12-02,-39.5,-4.381,2.466,0.176,5.085,0.01881,0.675,-5.0,-0.051121,75.671,230.189,0.95,27.075,94.45,4.955,-10.526,-0.12
2022-12-04,-39.5,-5.486,2.79,0.167,100.72,0.01885,0.64,-6.0,-0.060488,76.057,226.483,0.87,27.574,94.339,4.981,-10.437,-0.128
2022-12-05,-38.5,-4.865,3.719,0.174,101.831,0.02464,0.78,-7.75,-0.050223,74.447,236.806,0.96,26.508,100.757,4.964,-10.497,0.074
2022-12-06,-40.0,0.722,3.077,0.159,106.126,0.01326,0.855,-9.0,0.009263,73.681,235.375,1.085,26.435,101.773,4.985,-10.5,0.226
2022-12-07,-42.5,-1.528,3.232,0.245,10.998,0.00584,-0.07,-9.0,-0.017234,73.088,248.626,0.955,26.163,100.285,5.114,-10.755,0.787
2022-12-08,-44.5,-3.047,2.128,0.133,3.405,0.00234,-0.195,-7.8,-0.004786,82.508,249.347,0.879,24.165,99.375,5.581,-11.272,0.609
2022-12-09,-43.5,-1.655,2.14,0.049,2.691,0.00456,-0.7,-3.0,-0.009531,83.211,248.031,0.32,23.451,98.592,5.754,-11.431,0.097
2022-12-11,-43.5,-1.438,2.17,0.046,100.538,0.00456,-0.66,-3.2,-0.006014,83.221,242.526,0.74,24.141,99.271,5.736,-11.422,0.095
2022-12-12,-45.0,-1.404,1.698,-0.144,112.338,0.00591,-1.0,-2.25,-0.021085,83.483,247.179,0.87,24.5,99.48,5.935,-11.673,-0.119
2022-12-13,-42.5,-4.501,2.901,-0.22,107.133,-0.00626,-1.93,-2.5,-0.063035,78.337,246.105,0.533,23.901,95.437,5.929,-11.741,-0.324
2022-12-14,-42.7,-5.222,2.955,-0.243,-1.058,0.0045,-1.61,-6.0,-0.025763,80.848,260.323,0.6,23.699,94.628,5.847,-11.769,-0.609
2022-12-15,-57.5,-0.378,4.027,-0.184,11.792,0.0179,-2.6,-2.7,0.006104,102.982,300.144,0.39,25.629,111.752,6.225,-13.842,-0.505
2022-12-16,-48.0,0.095,4.567,0.167,10.733,0.0029,-2.96,0.75,-0.005199,78.894,282.184,0.35,21.5,97.333,5.374,-12.203,-0.783
2022-12-18,-47.0,0.399,4.612,0.2,75.629,0.00291,-2.98,0.75,-0.007099,78.887,276.999,0.35,22.121,96.312,5.352,-12.143,-0.779
2022-12-19,-45.2,-3.39,2.522,-0.037,71.619,0.00664,-1.1,2.5,-0.006885,74.075,268.433,0.617,18.615,101.888,5.177,-12.327,-0.688
2022-12-20,-48.0,-0.686,3.569,-0.058,73.412,-0.006,-1.775,-1.7,-0.01713,67.659,263.957,0.745,20.525,102.452,5.248,-11.963,-0.463
2022-12-21,-41.5,-1.016,3.61,-0.08,16.151,-0.03166,-1.95,-3.0,-0.023489,59.073,257.38,0.804,22.0,101.783,5.19,-11.808,-0.232
2022-12-22,-36.9,-2.967,5.119,-0.198,9.753,-0.00329,-2.705,-4.5,-0.00217,65.0,228.807,0.81,121.084,51.2233,8.992,-17.141,-0.2
2022-12-23,-35.0,-0.811,4.684,-0.089,63.479,0.00274,-1.665,-7.5,-0.016594,29.0,227.384,0.7,99.724,47.849,8.658,-16.962,-0.685
2022-12-25,-35.0,-0.592,4.383,-0.051,84.213,0.00271,-1.75,-7.5,-0.011144,24.0,219.99,0.7,110.971,47.871,8.704,-16.971,-0.589
2022-12-26,-35.5,-0.761,2.886,-0.2,72.24,0.00038,-1.73,-9.5525,-0.015106,3.0,222.81,0.65,109.873,47.754,8.713,-14.687,-0.588
2022-12-27,-33.0,-0.682,4.721,-0.134,10.862,0.00269,-1.25,-9.5,-0.079786,12.468,226.025,-0.599,103.111,27.293,8.318,-14.816,-0.67
2022-12-28,-34.0,-0.575,3.442,-0.107,18.679,0.00774,-2.25,-19.0,-0.041753,20.199,251.725,-1.001,89.53,-10.018,7.486,-15.021,-0.731
2022-12-29,-44.5,-3.147,3.31,-0.089,9.163,0.02271,-2.75,-14.5,-0.036115,-12.037,233.591,0.5,21.101,88.951,5.334,-12.586,-0.655
2022-12-30,-44.0,-13.142,2.688,-0.06,77.02,0.02206,-3.0,-14.0,-0.013027,63.419,238.223,0.25,19.58,84.347,5.419,-12.455,-0.492
2023-01-01,-44.0,-15.289,2.464,-0.04,69.531,0.02211,-3.0,-15.5,-0.013014,63.419,238.009,0.25,20.0,83.402,5.371,-12.45,-0.494
2023-01-02,-42.5,-4.943,2.608,-0.158,74.987,0.02124,-3.003,-14.82,-0.013267,66.232,243.2,0.2,20.0,84.886,5.143,-12.268,-0.493
2023-01-03,-42.0,-3.695,2.805,-0.244,75.017,0.01513,-2.6,-11.25,-0.015572,76.245,244.457,0.745,19.582,88.272,5.035,-11.746,-0.463
2023-01-04,-39.0,-14.826,2.97,-0.193,11.762,0.01672,-4.45,-10.5,-0.02135,80.472,244.647,0.714,23.082,89.908,5.125,-11.816,-0.442
2023-01-05,-44.0,-7.01,2.257,-0.196,12.521,0.01947,-3.375,-6.5,-0.011441,98.993,277.818,1.131,20.518,102.807,5.805,-11.983,-0.449
2023-01-06,-35.5,-7.402,1.907,-0.196,10.968,0.00804,-2.625,-8.25,-0.028081,79.01,238.336,0.605,19.728,90.602,5.074,-11.81,-0.487
2023-01-08,-37.0,-15.244,1.968,-0.194,73.739,0.00875,-2.125,-6.0,-0.028688,79.936,234.037,0.405,20.583,89.331,5.078,-11.812,-0.486
2023-01-09,-35.5,-5.095,2.666,-0.165,78.896,0.00117,-1.75,-4.5,-0.055964,77.782,236.084,0.833,20.75,89.71,5.132,-11.831,-0.428
2023-01-10,-35.0,-10.369,2.477,-0.225,68.395,0.00655,-1.47,-1.25,-0.027019,78.419,233.908,0.874,20.824,90.202,5.139,-11.896,-0.518
2023-01-11,-34.0,-8.085,1.453,-0.229,16.527,0.00822,-1.725,-0.5,-0.064088,74.185,236.363,0.557,22.221,91.3813,5.125,-11.732,-0.505
2023-01-12,-48.0,-12.055,2.121,-0.23,76.796,0.00665,-1.8,-0.45,-0.037734,74.678,236.944,0.734,20.5,91.069,5.161,-11.425,-0.415
2023-01-13,-42.0,-12.525,1.357,-0.231,11.892,-0.00346,-1.375,-1.7,-0.033395,73.196,235.774,0.56,21.154,88.223,5.152,-11.285,-0.437
2023-01-15,-41.5,-12.399,1.42,-0.232,88.752,-0.00346,-1.325,-1.3,-0.027693,72.729,234.181,0.76,20.567,88.692,5.152,-11.368,-0.437
2023-01-16,-25.5,-8.179,1.516,-0.344,72.162,-0.0034,-1.26,0.85,-0.013539,70.857,236.573,0.76,21.0,89.42,5.149,-11.364,-0.43
2023-01-17,-26.0,-2.904,2.447,-0.23,79.427,-0.0065,-1.52,0.3,-0.054108,72.643,239.183,0.59,21.0,92.761,5.144,-11.389,-0.445
2023-01-18,-35.5,-6.158,2.291,-0.157,16.945,-0.01414,-0.78,-1.3,-0.094863,68.258,238.965,0.646,21.0,90.083,5.101,-11.393,-0.488
2023-01-19,-32.0,-2.427,1.739,-0.206,144.331,-0.01493,-1.4,0.3,-0.019666,69.378,250.154,0.576,21.419,90.82,5.097,-11.369,-0.455
2023-01-20,-23.0,-9.819,2.22,-0.175,143.226,-0.02628,-1.5,-2.2,-0.029414,74.474,249.951,0.78,21.039,89.159,5.123,-11.565,-0.189
2023-01-22,-23.0,-9.882,1.636,-0.18,134.046,-0.02636,-1.5,-2.6,-0.027725,73.68,249.012,0.63,21.201,86.159,5.135,-11.535,-0.188
2023-01-23,-23.0,-6.188,2.517,-0.162,140.392,-0.01396,-1.5,-2.0,-0.03097,72.951,245.939,0.84,21.526,88.387,5.161,-11.606,-0.167
2023-01-24,-23.0,-6.192,3.76,-0.1,144.03,-0.00229,-1.65,0.2,-0.027711,76.0,246.024,0.734,21.957,88.278,5.154,-11.576,-0.119
2023-01-25,-22.75,-1.535,3.595,-0.18,5.125,3e-05,-1.625,1.5,-0.031907,78.058,236.969,0.729,22.24,88.972,5.225,-11.676,0.045
2023-01-26,-23.0,-3.82,3.53,-0.291,148.952,-0.00336,-1.5,0.0,-0.036902,71.067,268.766,0.564,23.224,90.896,5.445,-11.913,-0.043
2023-01-27,-17.5,-5.402,3.464,-0.288,-2.029,-0.00305,-1.5,1.25,-0.048739,74.878,223.295,1.077,22.938,90.568,5.526,-12.148,-0.345
2023-01-29,-18.0,-5.279,2.245,-0.277,-4.71,-0.00304,-1.5,1.0,-0.04942,76.348,225.187,0.766,22.755,90.464,5.529,-12.156,-0.308
2023-01-30,-26.0,-4.286,3.758,-0.259,-0.141,0.00993,-1.405,-2.8,-0.057584,72.449,220.883,0.817,20.474,90.516,5.629,-12.554,-0.466
2023-01-31,-28.75,-0.508,3.092,-0.295,7.147,0.01222,-1.68,1.8,-0.025631,74.822,227.126,0.756,19.736,90.561,5.491,-12.19,-0.482
2023-02-01,-34.5,-4.352,2.585,-0.282,7.671,0.00099,-1.8,2.25,-0.052488,76.11,226.688,0.783,19.07,90.367,5.388,-12.003,-0.518
2023-02-02,-32.75,-2.857,2.72,-0.299,-9.524,-0.00177,-2.0,2.5,-0.045158,74.839,222.066,0.546,18.864,90.413,4.961,-11.994,-0.51
2023-02-03,-35.0,2.619,3.133,-0.313,-10.331,0.01313,-1.76,2.5,-0.014481,76.035,222.422,0.916,19.725,90.521,4.744,-12.232,-0.434
2023-02-05,-35.2,4.311,3.207,-0.313,-6.011,0.02905,-1.81,2.5,-0.014173,75.461,223.666,0.777,19.091,90.355,4.71,-12.238,-0.441
2023-02-06,-34.0,4.152,2.483,-0.257,-7.33,0.01982,-2.075,3.3,-0.003798,77.31,224.8,0.978,20.584,90.214,4.554,-12.317,-0.466
2023-02-07,-28.5,2.494,2.383,-0.304,-9.226,0.03183,-2.3,-2.15,-0.004684,78.853,222.973,0.916,22.508,91.284,4.543,-12.169,-0.503
2023-02-08,-31.0,-1.044,1.729,-0.276,3.301,0.01595,-2.65,-1.0,-0.027829,78.979,232.903,0.966,22.4,90.843,4.542,-12.232,-0.477
2023-02-09,-34.75,-2.626,3.031,-0.286,-13.428,0.00434,-2.25,-2.0,-0.029289,65.121,264.649,0.811,23.726,102.969,5.214,-14.018,-0.503
2023-02-10,-31.0,1.263,2.968,-0.25,-10.42,0.01042,-2.15,-1.5,-0.000588,47.102,238.677,0.633,22.007,91.085,4.541,-12.366,-0.546
2023-02-12,-30.3,1.365,2.724,-0.217,13.922,0.01042,-2.15,-1.25,0.003917,47.768,238.9,0.416,21.721,91.117,4.541,-12.373,-0.547
2023-02-13,-28.0,4.367,3.068,-0.218,-7.78,0.01061,-2.1,-0.7,-0.014453,28.301,239.935,0.73,21.77,90.914,4.549,-12.505,-0.485
2023-02-14,-28.0,-1.095,2.046,-0.233,-10.052,0.01422,-2.025,-1.75,-0.017377,27.445,242.276,0.9,21.0,89.41,4.556,-14.163,-0.53
2023-02-15,-33.5,3.837,2.324,-0.221,16.089,0.0127,-1.805,0.85,-0.015211,29.863,244.008,0.822,21.628,89.699,4.534,-12.338,-0.532
2023-02-16,-31.5,-1.166,1.863,-0.268,123.287,0.00802,-1.75,-1.15,-0.018029,84.108,242.439,1.198,21.4,90.378,4.522,-12.479,-0.525
2023-02-17,-27.5,2.179,2.272,-0.366,-6.474,0.0172,-1.625,-0.3,-0.003033,83.0,242.298,1.094,23.53,90.337,4.502,-12.516,-0.522
2023-02-19,-27.5,2.18,1.998,-0.327,-2.911,0.00959,-1.625,-0.3,0.001569,82.0,240.727,1.044,22.069,89.709,4.505,-12.533,-0.529
2023-02-20,-24.5,-4.355,2.464,-0.338,-5.113,0.00857,-1.4,-0.45,-0.015173,67.0,244.209,1.044,27.5,89.706,4.53,-12.553,-0.526
2023-02-21,-30.7,1.291,2.427,-0.312,-4.688,0.00479,-2.4,-1.5,0.000416,67.0,242.984,0.789,26.737,89.453,4.491,-12.599,-0.499
2023-02-22,-33.75,0.974,2.852,-0.286,5.331,0.00595,-1.85,-1.7,-0.011061,80.23,243.101,0.561,22.5,88.985,4.491,-12.654,-0.59
2023-02-23,-32.5,1.535,3.552,-0.262,-14.266,0.00349,-1.6,-2.1,-0.01417,73.991,246.444,0.829,22.5,85.998,4.456,-12.681,-0.545
2023-02-24,-33.5,4.782,4.265,-0.236,-4.384,0.00882,-1.65,-1.5,0.000621,73.019,246.363,0.81,22.5,83.612,4.465,-13.109,-0.461
2023-02-26,-33.0,4.839,9.712,-0.18,159.754,0.00883,-1.65,-1.5,0.007076,77.546,246.1,0.71,22.812,84.466,4.467,-13.102,-0.465
2023-02-27,-32.5,0.877,2.869,-0.241,138.297,0.01806,-2.06,-1.5,-0.001377,71.73,243.897,0.72,20.0,88.616,4.474,-12.702,-0.458
2023-02-28,-32.25,1.933,3.283,-0.241,128.554,0.04509,-2.25,-1.5,-0.001487,76.733,246.196,0.604,19.862,89.28,4.506,-12.688,-0.516
2023-03-01,-31.75,-2.857,3.14,-0.244,3.11,0.01217,-2.55,-4.0,-0.012497,74.576,237.047,0.664,19.0,87.83,4.474,-12.519,-0.455
2023-03-02,-33.5,5.441,3.017,-0.289,-3.266,0.0136,-2.7,-2.3,0.006718,76.841,234.407,0.852,19.238,89.0,4.451,-12.647,-0.41
2023-03-03,-36.0,2.338,3.119,-0.273,-6.814,0.01402,-2.85,-2.9,0.004491,76.766,232.957,0.76,19.239,89.0,4.444,-12.63,-0.483
2023-03-05,-36.3,2.343,2.977,-0.241,164.225,0.01408,-2.75,-3.75,0.009467,76.769,232.426,0.66,19.096,101.496,4.45,-12.623,-0.441
2023-03-06,-42.0,4.908,3.086,-0.327,149.612,0.01147,-2.85,-4.1,0.016581,80.208,234.49,0.789,18.5,100.34,4.494,-12.574,-0.511
2023-03-07,-40.25,4.518,2.761,-0.324,149.491,0.01248,-2.7,-2.75,0.005546,81.14,232.984,0.761,18.5,87.758,4.482,-12.656,-0.47
2023-03-08,-32.0,3.511,3.386,-0.36,5.801,0.01623,-2.675,-3.5,0.008709,78.22,229.807,0.606,18.5,88.654,4.496,-12.609,-0.421
2023-03-09,-32.25,2.984,2.35,-0.452,-5.994,0.01281,-2.65,-2.125,0.005875,75.59,268.914,0.653,18.293,88.489,4.49,-12.653,-0.403
2023-03-10,-33.0,3.873,3.43,-0.503,-6.445,0.01139,-2.7,-1.55,-0.006558,77.588,240.554,0.7,18.562,87.406,4.746,-14.87,-0.556
2023-03-12,-32.0,3.965,3.819,-0.515,168.549,0.01117,-2.7,-1.42,-0.005632,75.36,243.445,0.66,18.292,88.433,4.683,-14.934,-0.544
2023-03-13,-34.0,5.199,3.862,-0.629,153.807,0.00809,-2.625,-2.0,-0.009798,72.791,243.27,0.77,18.663,88.258,5.129,-13.045,-0.684
2023-03-14,-37.5,7.408,3.617,-0.658,155.172,0.00691,-2.2,-1.85,-0.032652,76.421,250.058,0.379,20.61,88.755,4.544,-12.982,-0.473
2023-03-15,-39.5,11.682,3.725,-0.667,-1.334,0.01909,-2.0,-2.0,-0.016797,78.387,260.947,0.4,19.765,91.073,4.588,-13.017,-0.808
2023-03-16,-38.0,8.998,4.161,-0.627,-8.103,0.00819,-1.45,-2.5,-0.025414,80.025,267.678,0.427,19.742,89.232,4.038,-13.063,-0.693
2023-03-17,-36.0,4.945,3.373,-0.512,-8.152,0.00767,-1.2,-4.65,-0.021965,75.882,279.651,0.54,18.995,89.302,4.108,-12.98,-1.308
2023-03-19,-36.0,4.618,3.307,-0.522,187.807,0.00708,-1.2,-4.7,-0.022526,85.688,278.903,0.58,19.241,88.847,4.212,-12.997,-1.416
2023-03-20,-37.5,2.897,3.284,-0.622,162.622,-0.0034,-0.375,-4.0,-0.027106,77.308,289.204,0.47,19.191,90.969,3.982,-13.201,-1.123
2023-03-21,-38.0,3.039,2.664,-0.533,158.642,-0.00368,-1.7,-4.0,-0.047586,76.967,292.364,0.538,19.313,88.5655,4.007,-13.117,-1.066
2023-03-22,-41.5,0.467,3.081,-0.48,-3.362,-0.01465,-2.025,-3.2,-0.034079,73.33,279.407,0.568,19.068,86.9975,4.097,-12.956,-1.308
2023-03-23,-41.0,-4.246,8.741,-0.658,-12.47,-0.03474,-1.5,-4.5,-0.071603,65.79,284.89,0.437,18.663,77.915,4.596,-14.635,-1.38
2023-03-24,-43.3,-1.038,9.683,-0.843,147.197,-0.00925,-1.9,-4.7,-0.04439,71.0,300.083,0.36,18.417,75.462,4.602,-15.202,-1.819
2023-03-26,-44.0,-0.971,9.718,-0.825,169.544,-0.00924,-1.9,-4.5,-0.045758,75.0,299.571,0.51,18.337,75.668,4.624,-15.07,-1.807
2023-03-27,-54.75,-0.105,7.834,-0.834,159.982,-0.0228,-2.4,-2.35,-0.047017,73.128,277.594,0.467,16.741,60.781,4.604,-14.841,-1.635
2023-03-28,-47.5,-0.807,5.193,-0.962,164.669,-0.05877,-2.3,-5.75,-0.038834,62.032,441.508,0.161,17.546,70.329,4.705,-14.62,-1.625
2023-03-29,-63.0,-1.492,3.523,-0.785,0.643,-0.02281,-2.65,-4.2,-0.023535,39.888,406.06,0.272,21.666,111.317,7.108,-14.478,-1.61
2023-03-30,-46.0,-1.482,3.545,-0.623,-10.858,-0.04172,-2.25,-3.7,-0.018476,48.293,271.013,0.107,19.987,95.108,4.815,-13.223,-1.961
2023-03-31,-38.25,-1.362,3.424,-0.491,158.976,0.00068,-2.95,-1.25,-0.013037,47.544,256.562,0.609,16.968,83.465,4.118,-13.244,-1.282
2023-04-02,-38.5,-1.246,3.437,-0.474,-12.503,0.00072,-2.95,-1.25,-0.015203,46.578,257.032,0.538,16.942,83.255,4.106,-13.238,-1.261
2023-04-03,-40.3,-0.359,2.68,-0.538,-13.393,0.02179,-2.925,-0.75,-0.014145,46.798,255.338,0.679,16.368,84.724,4.123,-13.088,-1.248
2023-04-04,-41.0,3.646,2.471,-0.479,159.674,0.01418,-2.8,-1.325,-0.013013,47.777,250.768,0.731,16.205,83.402,4.133,-13.126,-1.132
2023-04-05,-41.6,0.822,1.69,-0.565,-1.438,0.00531,-3.05,-1.85,-0.014649,72.471,258.942,0.903,16.59,83.624,4.278,-13.086,-1.297
2023-04-06,-45.5,2.138,2.675,-0.457,-13.698,0.00958,-3.5,-1.4,-0.014241,73.075,263.838,0.774,17.209,83.357,4.362,-13.337,-1.264
2023-04-07,-45.25,2.127,2.487,-0.535,-15.897,0.00985,-3.5,-0.95,-0.025901,67.049,261.972,0.834,16.918,83.374,4.347,-13.311,-1.2
2023-04-09,-45.25,1.972,2.133,-0.473,-18.919,0.00987,-3.5,-0.75,-0.023662,67.049,265.655,0.734,16.934,83.41,4.365,-13.319,-1.2
2023-04-10,-45.5,3.975,3.277,-0.509,-14.215,0.01286,-3.875,-1.05,-0.018181,70.46,270.838,0.554,16.97,83.959,4.356,-13.432,-1.257
2023-04-11,-46.5,6.61,2.97,-0.42,154.778,0.01964,-3.6,-2.8,-0.011588,71.068,299.972,0.721,16.943,83.137,4.273,-13.313,-1.303
2023-04-12,-46.5,2.535,2.138,-0.431,0.453,0.02276,-3.7,-1.75,-0.023439,42.121,296.307,0.579,16.838,83.0,4.314,-13.437,-1.36
2023-04-13,-43.6,1.022,2.599,-0.443,-4.384,0.00644,-3.9,-2.1,-0.014521,41.124,291.112,0.699,16.51,82.02,4.327,-13.266,-1.385
2023-04-14,-40.0,3.256,3.053,-0.499,-18.681,0.01432,-3.7,-1.0,-0.019967,41.339,290.029,0.74,16.879,81.646,4.315,-13.313,-1.31
2023-04-16,-40.0,2.526,3.053,-0.501,-15.879,0.01432,-3.7,-1.75,-0.019355,41.391,295.152,0.6,17.343,80.865,4.339,-13.342,-1.311
2023-04-17,-36.5,7.726,2.961,-0.539,-10.955,0.03208,-3.875,-0.8,-0.001325,40.699,313.173,0.76,16.979,81.754,4.346,-13.268,-1.354
2023-04-18,-35.0,4.991,2.826,-0.57,190.754,0.01551,-3.85,-0.225,-0.011696,38.358,297.633,0.583,16.881,81.026,4.347,-13.193,-1.462
2023-04-19,-38.4,7.946,3.068,-0.517,-18.319,0.01723,-3.725,-0.1,-0.007248,54.475,311.352,0.907,16.64,81.798,4.231,-13.339,-1.358
2023-04-20,-44.4,7.802,2.469,-0.616,-14.315,0.01266,-3.225,-0.6,-0.026294,38.396,444.669,0.804,22.561,89.405,4.81,-13.507,-1.28
2023-04-21,-39.0,7.16,2.351,-0.494,-26.113,0.01005,-2.725,-1.75,-0.015978,40.137,327.297,0.526,20.002,79.923,4.264,-13.608,-1.316
2023-04-23,-39.25,6.775,2.405,-0.481,-26.579,0.01009,-2.725,-1.75,-0.01578,40.137,324.201,0.331,20.33,79.377,4.27,-13.58,-1.319
2023-04-24,-36.5,7.178,2.384,-0.437,-26.946,-0.00032,-2.5,-3.5,-0.009301,44.5,279.692,0.755,21.982,80.485,4.318,-23.617,-1.276
2023-04-25,-36.5,6.976,2.883,-0.453,-8.554,0.00524,-2.8,-3.4,0.000222,47.195,278.082,0.986,19.102,80.42,4.335,-21.433,-1.281
2023-04-26,-38.25,4.015,4.082,-0.666,6.156,0.00691,-2.25,-3.45,-0.013589,41.553,277.873,0.945,19.302,75.6,4.433,-19.324,-1.286
2023-04-27,-39.0,-0.9,2.632,-0.499,-14.448,0.00735,-2.45,-4.4,-0.003088,66.714,294.462,1.098,16.404,80.435,4.692,-13.725,-1.297
2023-04-28,-38.5,-1.695,2.562,-0.448,158.853,0.00792,-2.3,-5.25,-0.004911,69.914,284.773,0.89,16.149,79.786,4.855,-14.429,-1.683
2023-04-30,-38.25,-1.792,2.598,-0.443,192.296,0.00794,-2.5,-5.0,-0.004766,70.387,284.107,0.79,16.219,79.833,4.911,-14.357,-1.626
2023-05-01,-39.0,0.068,2.568,-0.461,165.467,0.00829,-2.238,-5.25,-0.005743,70.392,277.592,0.84,16.139,79.735,4.885,-14.34,-1.736
2023-05-02,-39.7,3.162,2.767,-0.456,-0.452,0.00947,-2.75,-3.1,-0.009687,70.067,270.342,0.712,15.75,79.066,4.795,-14.219,-1.943
2023-05-03,-37.8,2.138,3.029,-0.382,-10.665,0.00482,-2.8,-2.65,-0.01301,69.933,267.247,0.718,15.752,78.066,4.775,-14.247,-2.071
2023-05-04,-36.5,5.246,2.249,-0.391,-15.869,0.01009,-3.0,-3.95,-0.010496,67.635,251.582,0.709,15.271,77.4718,4.598,-14.188,-2.047
2023-05-05,-39.0,2.969,1.983,-0.388,-14.977,0.00876,-3.35,-6.5,0.003469,66.552,254.16,0.82,15.11,77.0387,4.478,-14.277,-1.938
2023-05-07,-38.7,2.913,1.777,-0.337,183.856,0.00873,-3.35,-5.925,0.007179,65.84,253.584,0.79,15.089,76.7788,4.415,-14.247,-1.907
2023-05-08,-40.5,4.598,1.826,-0.398,157.036,0.01035,-3.25,-6.0,-0.008844,65.74,255.87,0.83,14.723,77.4688,4.307,-13.988,-1.959
2023-05-09,-40.5,8.783,1.985,-0.369,154.802,0.04787,-3.3,-5.6,-0.010561,68.154,239.402,0.686,14.924,77.9897,4.235,-14.045,-1.944
2023-05-10,-40.2,4.122,2.088,-0.374,-2.252,0.02084,-3.0,-5.85,-0.002596,67.853,241.285,0.884,14.775,77.994,4.172,-13.911,-1.956
2023-05-11,-37.0,5.281,1.832,-0.392,-15.258,0.02215,-3.4,-2.6,-0.000174,66.727,247.289,1.469,14.948,79.188,4.19,-14.013,-1.962
2023-05-12,-36.6,5.872,2.077,-0.39,-13.365,0.0216,-3.5,-2.05,0.006191,64.692,248.879,1.181,14.832,79.195,4.161,-14.047,-2.223
2023-05-14,-36.5,5.961,1.903,-0.346,12.053,0.02156,-3.6,0.45,0.009763,64.697,248.545,0.781,14.855,78.979,4.158,-14.086,-2.205
2023-05-15,-34.0,2.982,1.864,-0.351,161.052,0.01664,-3.5,-5.2,0.001443,64.495,250.165,0.906,15.5,79.259,4.171,-14.085,-1.878
2023-05-16,-34.2,3.834,2.214,-0.331,167.326,0.03135,-3.45,-2.25,-0.002292,63.299,252.053,1.089,15.41,78.29,4.204,-14.041,-1.882
2023-05-17,-53.9,8.858,2.266,-0.289,-2.35,0.02225,-2.625,0.5,-0.0011,65.442,254.467,0.798,15.592,78.424,4.183,-14.079,-1.94
2023-05-18,-41.3,3.978,2.607,-0.241,-17.969,0.01105,-3.5,0.6,-0.004256,76.053,314.045,0.713,17.746,90.661,4.753,-16.323,-1.917
2023-05-19,-35.4,3.814,1.57,-0.252,-10.026,0.01531,-3.0,1.4,-0.01636,60.6,277.591,0.704,15.652,79.296,4.148,-14.355,-1.899
2023-05-21,-34.0,3.866,1.697,-0.26,156.932,0.01537,-3.0,0.8,-0.017417,64.082,299.572,0.369,15.54,78.135,4.17,-14.299,-1.901
2023-05-22,-34.25,0.316,1.242,-0.321,163.857,0.0114,-2.7,-1.5,-0.017729,67.78,313.362,0.757,16.43,77.265,4.108,-14.209,-1.954
2023-05-23,-28.9,2.578,1.921,-0.409,153.093,0.0156,-2.7,-1.95,-0.022244,67.038,411.586,0.805,17.395,72.743,4.194,-14.272,-1.935
2023-05-24,-35.3,1.396,2.142,-0.38,6.74,0.01364,-3.6,-1.0,-0.014237,60.0,348.873,0.852,17.469,72.376,4.191,-14.446,-2.008
2023-05-25,-34.75,3.822,2.411,-0.383,151.657,0.01695,-2.7,-1.75,-0.004538,62.489,293.326,1.172,17.248,72.783,4.318,-15.03,-2.02
2023-05-26,-34.9,1.309,2.619,-0.41,171.899,0.00807,-2.9,-3.0,-0.020215,61.871,275.291,1.122,17.893,72.722,4.354,-14.977,-2.136
2023-05-28,-33.75,1.629,2.776,-0.384,-15.254,0.00814,-2.925,-1.5,-0.023084,59.802,279.983,1.132,17.571,72.624,4.354,-14.971,-2.114
2023-05-29,-35.75,1.465,2.485,-0.424,-12.936,0.01387,-2.75,-1.35,-0.011889,62.238,278.554,1.08,17.65,72.827,4.306,-14.703,-2.105
2023-05-30,-42.8,-1.933,1.962,-0.368,136.559,0.01853,-2.75,-0.7,-0.016953,56.67,277.271,0.733,18.513,73.167,4.281,-14.684,-2.166
2023-05-31,-51.7,2.887,1.914,-0.369,6.581,0.01752,-3.1,-0.9,0.003263,41.476,276.979,0.766,15.709,73.869,4.135,-14.477,-2.188
2023-06-01,-51.4,1.674,1.809,-0.312,-11.494,0.01121,-2.95,-1.45,-0.001046,40.947,265.126,0.784,15.383,73.334,4.096,-14.327,-2.107
2023-06-02,-51.5,0.517,1.713,-0.358,-10.993,0.01273,-2.95,-3.4,0.006386,41.758,246.296,0.777,14.592,73.55,4.099,-14.427,-2.064
2023-06-04,-50.8,-0.517,1.556,-0.31,-10.301,0.01254,-2.95,-3.0,0.006416,41.506,246.508,0.726,14.5,73.623,4.092,-14.426,-2.055
2023-06-05,-50.2,0.608,1.779,-0.399,-10.942,0.01652,-2.9,-1.6279,0.010335,40.599,249.937,0.891,14.03,73.476,4.141,-14.409,-2.013
2023-06-06,-44.9,1.406,1.02,-0.379,168.53,0.01236,-2.9,-1.5,0.003245,65.594,240.172,0.802,13.517,74.081,4.112,-14.339,-1.82
2023-06-07,-40.0,1.93,0.988,-0.35,0.391,0.01441,-2.95,-1.85,0.003429,83.146,226.772,0.757,15.374,73.637,4.029,-14.254,-1.31
2023-06-08,-46.5,2.556,0.916,-0.423,-16.832,0.01229,-3.4,-2.05,-0.001186,83.157,260.599,0.755,15.329,82.905,4.735,-16.515,-1.207
2023-06-09,-42.2,-1.623,0.921,-0.377,-8.629,0.01261,-2.7,-3.0,0.00021,67.304,232.936,0.597,13.5,74.195,4.188,-14.515,-1.61
2023-06-11,-42.2,-1.603,1.114,-0.377,12.95,0.01256,-2.7,-3.0,-0.000622,64.104,237.111,0.352,13.5,73.856,4.191,-14.495,-1.671
2023-06-12,-43.0,-1.346,1.308,-0.345,-10.241,0.00756,-3.1,-2.75,0.008206,63.569,231.181,0.92,13.261,74.084,4.179,-14.53,-1.493
2023-06-13,-63.5,0.513,1.391,-0.474,173.411,0.0053,-3.3,-3.0,-0.009568,63.117,210.501,0.639,13.533,74.18,4.131,-14.502,-1.373
2023-06-14,-56.2,2.872,1.492,-0.476,4.345,0.00922,-3.225,-3.0,-0.009697,61.907,219.142,0.788,14.0,73.257,4.018,-14.466,-1.226
2023-06-15,-35.1,2.25,1.361,-0.474,144.799,0.01143,-3.45,-3.0,-0.001508,60.693,237.288,0.834,14.458,68.77,3.716,-14.45,-1.272
2023-06-16,-33.75,3.388,1.598,-0.435,-14.397,0.01225,-3.2,-2.7,-0.002698,53.342,216.832,1.252,15.44,69.428,3.676,-14.531,-1.264
2023-06-18,-33.75,3.658,1.464,-0.387,-13.064,0.01225,-3.2,-2.0,6.6e-05,56.336,221.495,1.093,15.483,68.038,3.705,-14.554,-1.264
2023-06-19,-33.25,4.756,1.807,-0.432,-15.121,0.00771,-3.375,-1.3,-0.001206,54.337,221.572,1.093,14.793,69.94,3.682,-14.574,-1.218
2023-06-20,-32.5,3.866,1.857,-0.429,166.81,0.00403,-3.8,-4.0,0.02826,47.343,227.334,0.959,14.0,68.792,3.645,-14.684,-1.331
2023-06-21,-34.5,0.801,1.779,-0.338,4.614,0.00539,-3.5,-2.25,0.018786,39.571,237.039,0.877,14.0,68.838,3.601,-14.714,-1.449
2023-06-22,-34.5,2.671,1.631,-0.405,-12.827,0.00567,-3.55,-1.4,0.015054,39.034,237.844,1.021,18.138,57.711,4.064,-15.703,-1.514
2023-06-23,-34.2,2.477,1.215,-0.393,-16.287,0.00388,-3.775,0.2,0.044002,52.0,274.503,0.61,20.026,67.287,4.454,-17.85,-2.003
2023-06-25,-35.25,2.521,1.288,-0.405,-5.419,0.0039,-3.775,1.2,0.044301,47.0,272.315,0.743,19.869,57.49,4.458,-17.845,-2.073
2023-06-26,-33.8,3.163,2.295,-0.36,-3.051,0.00607,-3.1,-0.35,0.015532,26.0,232.634,0.743,18.697,58.911,3.859,-15.459,-1.896
2023-06-27,-39.0,0.972,1.97,-0.387,2.64,0.00324,-3.1,-1.3,-0.020151,27.846,228.406,0.684,19.095,58.117,3.777,-15.384,-1.852
2023-06-28,-44.0,0.398,2.071,-0.362,-3.856,0.00387,-3.05,1.15,0.048884,33.725,225.224,0.691,22.6,61.355,3.764,-15.056,-1.746
2023-06-29,-45.7,3.931,1.996,-0.329,-1.776,0.00594,-3.1,-0.55,0.010201,49.472,226.574,0.739,14.256,67.527,3.639,-14.897,-1.166
2023-06-30,-38.35,4.882,2.04,-0.299,149.677,0.00729,-3.5,-1.75,0.015358,57.283,232.774,0.844,14.392,67.672,3.576,-14.936,-1.364
2023-07-02,-38.35,4.912,2.074,-0.292,161.822,0.00729,-3.5,-2.0,0.01716,57.554,230.97,0.983,14.042,67.582,3.582,-14.914,-1.364
2023-07-03,-39.5,4.009,2.221,-0.291,130.154,0.00845,-3.225,-2.6,0.009685,60.737,228.405,0.926,14.15,67.991,3.536,-14.889,-1.359
2023-07-04,-43.7,0.168,2.062,-0.353,152.091,0.0074,-3.3,-3.5,-0.004395,63.07,227.743,0.705,14.2,68.064,3.536,-14.779,-1.341
2023-07-05,-46.6,3.005,1.962,-0.301,4.021,0.00866,-3.275,-4.4,0.01193,63.665,225.17,0.665,14.362,69.027,3.545,-14.645,-1.371
2023-07-06,-48.2,7.261,2.019,-0.28,-4.031,0.00899,-3.4,-2.3,0.034451,64.822,223.057,0.679,14.507,69.6135,3.57,-16.872,-1.321
2023-07-07,-45.0,9.109,1.606,-0.24,-1.652,0.0094,-3.5,-1.95,0.005552,63.72,208.992,0.867,15.0,70.384,3.598,-14.625,-1.157
2023-07-09,-45.0,9.079,1.672,-0.233,181.786,0.00939,-3.5,-1.95,0.005277,65.322,213.689,0.627,14.907,70.508,3.572,-14.622,-1.148
2023-07-10,-45.5,18.087,1.654,-0.23,148.125,0.01859,-3.4,-1.55,0.009597,64.475,209.746,0.72,16.761,69.2913,3.607,-14.615,-1.0
2023-07-11,-45.9,9.256,2.043,-0.362,155.714,0.01148,-3.5,-3.7,-0.006476,65.652,220.202,0.772,18.0,69.341,3.625,-14.428,-0.927
2023-07-12,-47.5,4.3,2.326,-0.361,-0.088,0.00144,-3.45,-4.0,-0.031136,65.411,216.505,0.753,17.203,66.6185,3.65,-14.145,-0.631
2023-07-13,-46.3,1.543,2.22,-0.411,-19.68,-0.02854,-3.65,-3.0,-0.043869,65.356,217.779,0.793,14.545,66.1743,3.68,-14.142,-0.552
2023-07-14,-44.5,2.539,2.45,-0.406,-9.796,-0.01021,-3.45,-1.5,-0.028059,64.159,217.692,1.013,14.743,66.244,3.699,-14.207,-0.502
2023-07-16,-45.0,2.611,2.502,-0.397,-1.215,-0.01019,-3.55,-1.5,-0.024188,63.691,210.682,0.743,14.638,66.606,3.697,-14.227,-0.508
2023-07-17,-43.4,2.488,1.831,-0.416,185.764,-0.02001,-3.5,-2.0,-0.013296,63.268,210.207,0.946,14.816,65.2448,3.699,-14.244,-0.495
2023-07-18,-42.5,2.603,2.131,-0.424,-3.212,-0.01859,-3.6,-5.5,-0.021088,63.896,214.473,0.869,15.456,64.1127,3.68,-14.19,-0.618
2023-07-19,-41.25,3.442,1.488,-0.385,-3.299,-0.01685,-3.5,-7.9,-0.013018,62.234,216.937,0.858,15.747,63.7857,3.688,-14.27,-0.589
2023-07-20,-41.5,2.634,1.643,-0.342,-14.929,-0.00718,-3.5,-3.6,-0.022125,55.624,214.261,0.705,15.825,60.993,3.967,-14.71,-0.639
2023-07-21,-41.0,2.733,1.529,-0.373,-14.619,-0.00196,-3.5,-3.8,-0.001962,54.013,211.021,0.791,16.327,59.251,3.995,-15.072,-0.951
2023-07-23,-41.4,2.663,1.516,-0.375,153.124,-0.00195,-3.525,-3.8,-0.002386,54.863,216.7,0.691,16.265,58.534,4.01,-15.059,-0.946
2023-07-24,-40.9,2.245,1.645,-0.441,170.102,-0.01165,-3.775,-3.0,-4.6e-05,55.0,210.156,0.882,16.397,58.3,4.071,-15.139,-0.963
2023-07-25,-40.9,1.443,1.68,-0.441,175.109,-0.01342,-4.1,-3.15,-0.024867,60.259,218.232,0.88,16.477,58.674,4.078,-15.183,-1.071
2023-07-26,-49.7,4.298,1.357,-0.421,-1.722,-0.01514,-4.65,-3.9,-0.043826,59.608,216.408,0.735,16.617,57.696,4.036,-15.164,-1.16
2023-07-27,-50.1,2.792,1.538,-0.401,-67.476,-0.01065,-4.6,-2.4,-0.014459,58.944,200.448,0.675,16.4,58.881,3.828,-15.294,-1.128
2023-07-28,-51.0,10.013,1.841,-0.439,-15.729,0.00086,-4.6,-2.35,0.009766,59.315,202.982,0.759,14.396,59.855,3.76,-15.129,-1.291
2023-07-30,-51.0,6.606,1.856,-0.437,244.03,0.00086,-4.6,-3.5,0.008674,55.944,203.647,0.629,14.261,59.678,3.735,-15.212,-1.301
2023-07-31,-50.3,4.353,1.393,-0.457,190.53,-0.00192,-5.15,-2.5,-0.00744,59.899,198.973,0.709,14.0,60.7158,3.665,-15.301,-1.152
2023-08-01,-49.4,5.339,1.638,-0.453,186.687,-0.01709,-4.8,-1.9,0.017877,59.205,196.473,0.728,11.909,61.211,3.611,-15.458,-1.12
2023-08-02,-47.0,12.91,1.616,-0.425,-1.509,0.00237,-4.45,-2.0,0.006351,61.291,206.78,0.76,12.5,62.048,3.543,-22.093,-1.094
2023-08-03,-47.1,5.797,2.097,-0.429,-26.753,0.00722,-4.5,-1.3,0.014935,60.99,207.761,0.795,12.561,62.807,3.554,-15.398,-1.064
2023-08-04,-44.0,3.609,2.493,-0.462,-23.359,0.00522,-4.3,0.6,0.001649,60.675,200.966,0.799,14.159,62.714,3.591,-15.416,-1.213
2023-08-06,-44.1,3.516,2.219,-0.461,228.574,0.00525,-4.3,1.3,0.000108,59.679,201.327,0.649,12.38,62.582,3.587,-15.436,-1.233
2023-08-07,-40.1,6.131,1.999,-0.327,208.074,0.0117,-3.95,1.0,0.006959,61.386,203.448,0.699,12.3,62.071,3.573,-15.466,-1.266
2023-08-08,-38.25,8.472,2.125,-0.311,194.474,0.02201,-3.8,1.5,0.014367,62.765,208.19,0.741,12.263,62.0,3.558,-15.499,-1.285
2023-08-09,-40.0,3.464,1.394,-0.314,-4.521,0.01575,-4.0,1.3,-0.011033,63.041,201.288,0.778,12.324,62.0,3.532,-15.633,-1.337
2023-08-10,-40.6,4.105,1.808,-0.349,-20.555,0.00804,-4.15,0.4,-0.01402,61.148,200.766,0.669,12.183,61.034,3.515,-15.738,-1.274
2023-08-11,-40.0,7.555,2.045,-0.404,-18.043,0.00875,-4.2,0.3,0.000205,61.7,202.005,0.968,12.088,61.34,3.509,-15.792,-1.261
2023-08-13,-39.0,7.52,2.063,-0.368,112.036,0.00879,-4.196,0.3,-0.00026,62.02,203.829,0.629,12.144,61.287,3.502,-15.815,-1.263
2023-08-14,-37.5,11.026,1.7,-0.473,167.859,0.04369,-4.4,2.0,0.005459,63.045,202.614,0.811,12.287,60.91,3.482,-15.794,-1.249
2023-08-15,-23.6,4.042,2.025,-0.472,180.226,0.02755,-4.3,1.125,-0.002777,63.854,205.229,0.74,12.351,61.0,3.525,-15.715,-1.234
2023-08-16,-31.0,1.293,1.8,-0.406,-3.0,-0.0056,-4.2,-0.35,-0.003881,65.115,203.388,0.653,13.322,61.566,3.522,-15.739,-1.237
2023-08-17,-36.0,8.558,2.186,-0.425,-16.717,-0.00965,-3.8,0.0,-0.007537,63.063,204.266,0.775,13.269,61.824,3.507,-15.885,-1.321
2023-08-18,-39.0,3.548,1.604,-0.405,-20.742,-0.00711,-4.225,-0.25,-0.012246,62.668,204.423,0.749,13.361,61.827,3.559,-15.943,-1.334
2023-08-20,-39.0,3.483,1.608,-0.409,192.671,-0.00709,-4.225,-0.5,-0.012413,63.162,205.174,0.649,13.374,61.835,3.556,-15.935,-1.327
2023-08-21,18.0,2.961,2.297,-0.429,113.696,0.00219,-4.1,-1.4,-0.013062,65.446,205.31,0.759,15.409,62.392,3.553,-16.072,-1.329
2023-08-22,-23.0,2.993,2.093,-0.416,125.011,-0.01101,-4.2,-3.5,-0.013643,61.627,203.931,0.812,19.5,61.772,3.514,-15.867,-1.334
2023-08-23,-39.0,2.315,2.039,-0.413,6.052,-0.00758,-5.6,-2.25,-0.01868,60.929,201.743,0.706,20.853,57.026,3.546,-15.83,-1.352
2023-08-24,-33.0,1.325,1.838,-0.529,127.549,-0.01151,-4.1,-3.05,-0.053895,74.0,220.962,0.808,19.0,63.91,4.069,-18.286,-1.319
2023-08-25,-18.0,4.416,1.962,-0.453,141.406,0.00257,-3.8,-2.5,-0.042501,60.0,194.208,0.399,16.5,55.42,3.522,-16.145,-1.533
2023-08-27,-17.0,4.387,1.931,-0.456,6.981,0.00259,-3.8,-2.5,-0.045471,55.0,193.729,0.284,16.371,54.412,3.536,-16.131,-1.52
2023-08-28,-8.0,3.85,1.859,-0.506,-6.154,0.00428,-3.636,-1.2,-0.02835,55.029,194.241,0.506,16.732,54.566,3.524,-16.176,-1.379
2023-08-29,-25.0,1.608,2.409,-0.449,5.241,-0.0043,-3.1,-1.45,-0.00717,49.812,194.15,0.464,17.256,53.58,3.563,-16.242,-1.353
2023-08-30,-37.0,3.082,2.569,-0.425,230.728,0.00028,-4.1,-2.35,-0.008218,31.25,196.387,0.514,14.634,53.886,3.499,-16.063,-1.374
2023-08-31,-30.0,3.261,2.748,-0.407,159.346,0.00402,-4.2,-1.85,0.00153,31.95,195.461,0.974,13.5,53.714,3.475,-15.909,-1.317
2023-09-01,-28.0,2.116,2.456,-0.411,-8.042,-0.00387,-4.2,-1.7,-0.009356,33.351,207.05,0.548,13.579,54.777,3.491,-15.909,-1.299
2023-09-02,-29.5,2.109,2.444,-0.397,-10.156,-0.00386,-4.2,-1.7,-0.006945,36.961,206.663,0.748,13.61,54.821,3.486,-15.951,-1.263
2023-09-03,-29.5,2.109,2.444,-0.397,-11.657,-0.0039,-4.2,-1.65,-0.006945,36.963,207.534,0.747,13.61,54.821,3.486,-15.951,-1.263
2023-09-04,-41.8,1.737,2.22,-0.324,-13.225,0.00726,-4.3,-1.2,0.003926,37.575,204.689,0.747,14.12,55.272,3.467,-15.987,-1.291
2023-09-05,-32.5,2.182,2.373,-0.381,198.97,0.02119,-4.3,-1.1,0.013702,61.24,201.884,0.687,13.97,56.287,3.468,-16.158,-1.255
2023-09-06,-28.0,2.762,2.866,-0.363,5.402,0.03384,-4.25,-1.4,0.001083,61.588,200.302,0.688,11.415,57.249,3.461,-16.112,-1.298
2023-09-07,-15.0,3.199,1.71,-0.377,-12.435,0.03026,-4.1,-1.6,0.014061,53.261,197.029,0.778,12.655,58.016,3.436,-18.405,-1.301
2023-09-08,-13.0,2.883,2.549,-0.392,-14.226,0.01017,-3.875,-1.5,0.02166,60.226,199.263,0.319,12.781,58.079,3.424,-16.148,-1.274
2023-09-11,-5.0,3.01,2.359,-0.329,-15.033,0.01004,-4.2,-1.35,0.006869,58.326,197.847,0.269,11.0,57.355,3.421,-16.033,-1.249
2023-09-12,-1.5,4.056,2.467,-0.457,133.422,0.01006,-4.1,-1.15,0.007212,55.917,195.743,0.374,11.216,57.066,3.401,-15.973,-1.279
2023-09-13,0.0,4.252,2.872,-0.389,-10.398,0.01684,-4.05,0.0,0.001259,54.858,192.207,0.45,9.492,57.047,3.349,-16.038,-1.263
2023-09-14,-1.75,3.072,1.934,-0.413,-15.176,0.00769,-4.0,-1.0,0.005712,49.231,194.853,0.714,6.354,56.806,3.098,-16.277,-1.217
2023-09-15,-5.0,2.627,2.657,-0.456,-14.534,0.00816,-4.1,-0.55,0.007511,50.599,197.759,0.696,7.369,56.414,3.031,-16.373,-1.274
2023-09-17,,,,-0.411,,0.00815,,,,,197.718,0.796,,,,,-1.261
2023-09-18,-0.25,2.657,2.947,-0.42,-12.049,0.00944,-4.1,-0.95,-0.002545,53.204,198.994,0.785,6.907,56.277,2.953,-16.426,-1.245
2023-09-19,-14.0,2.506,3.249,-0.927,164.836,-0.02442,-4.13,0.15,-0.003826,53.909,200.789,0.686,6.73,55.766,2.956,-16.555,-1.254
2023-09-20,-43.0,1.421,2.021,-0.766,0.957,-0.01509,-4.1,-0.3,-0.004401,50.756,202.014,0.653,6.737,55.093,2.975,-16.454,-1.251
2023-09-21,-29.0,0.226,2.465,-0.592,-10.835,-0.01513,-4.025,0.1,0.0074,47.551,203.285,0.529,14.08,43.704,3.346,-17.271,-1.267
2023-09-22,-15.5,1.067,1.671,-0.393,-8.517,-0.02561,-3.9,-2.75,0.001441,46.0,199.214,0.625,13.616,43.234,3.411,-17.551,-1.727
2023-09-25,-3.5,1.502,2.541,-0.398,-4.585,-0.02591,-3.8,-4.95,0.007805,39.708,200.826,0.708,13.357,42.712,3.392,-17.615,-1.563
2023-09-26,2.5,1.908,2.216,-0.342,1.941,0.00868,-3.5,-3.2,-0.000835,42.656,199.662,0.635,13.536,41.697,3.362,-17.63,-1.567
2023-09-27,1.0,2.283,1.775,-0.472,-5.361,0.00635,-3.9,-2.05,-0.000893,44.793,201.579,0.548,13.597,42.248,3.45,-19.174,-1.507
2023-09-28,-7.5,4.093,1.203,-0.422,-3.226,0.00884,-4.8,-2.25,-0.014165,64.653,232.764,0.352,7.495,58.578,3.422,-19.076,-1.528
2023-09-29,-12.65,2.5,2.34,-0.454,-7.302,-0.00828,-4.2,-3.7,-0.016148,56.229,199.522,0.213,6.544,50.503,2.981,-16.629,-1.325
2023-10-01,-10.5,2.813,2.342,-0.452,149.784,-0.00828,-4.2,-3.7,-0.013415,56.06,191.903,0.213,6.539,50.51,2.977,-16.706,-1.32
2023-10-02,-10.0,2.713,2.437,-0.423,182.634,-0.02529,-4.375,-0.3,-0.009038,55.312,202.9,0.549,5.966,50.061,2.922,-16.683,-1.336
2023-10-03,-8.0,2.257,3.237,-0.446,162.045,0.00145,-4.4,-1.875,-0.000292,49.125,200.022,0.537,4.774,50.461,2.906,-16.292,-1.424
2023-10-04,-5.75,1.729,3.165,-0.326,6.372,-0.00749,-4.4,-3.1,-0.002152,34.936,201.437,0.557,4.638,51.506,2.871,-16.306,-1.445
2023-10-05,-6.5,0.863,3.29,-0.337,153.388,-0.00684,-4.3,-3.25,0.001329,37.92,202.739,1.001,3.449,52.4043,2.872,-16.269,-1.441
2023-10-06,-7.75,2.587,3.146,-0.41,-11.22,-0.00657,-4.25,-3.25,-0.009525,39.139,208.216,0.646,4.181,52.085,2.854,-16.287,-1.386
2023-10-09,-13.5,2.881,2.956,-0.375,155.297,0.00422,-4.3,-1.746,-0.004393,38.345,210.093,0.856,5.394,52.154,2.938,-16.495,-1.421
2023-10-10,-21.0,3.117,2.742,-0.452,157.149,0.0038,-4.2,-3.5,-0.015679,61.804,207.971,0.595,4.513,51.467,2.947,-16.49,-1.463
2023-10-11,-26.7,1.763,2.307,-0.393,1.381,-0.01547,-4.15,-4.4,-0.011873,59.713,214.301,0.561,4.521,50.728,2.924,-16.389,-1.483
2023-10-12,-26.5,1.857,2.743,-0.428,-10.804,-0.01734,-3.95,-1.7,-0.013092,58.923,214.244,0.341,4.322,58.433,2.925,-16.456,-1.391
2023-10-13,-19.0,0.818,2.613,-0.416,-8.868,-0.01746,-4.15,-0.75,0.00013,58.277,213.458,0.502,5.006,51.178,2.921,-16.571,-1.354
2023-10-16,-19.15,2.042,1.124,-0.444,185.368,-0.01124,-3.95,4.87555,-0.009201,59.72,214.204,0.606,4.81,51.854,2.911,-16.454,-1.297
2023-10-17,-20.8,1.551,0.373,-0.498,139.148,-0.01573,-3.95,2.3,-0.005054,60.381,211.234,0.542,4.511,50.62,2.907,-16.365,-1.287
2023-10-18,-24.4,1.73,1.34,-0.469,0.749,-0.02531,-3.675,1.5,-0.000694,62.334,214.539,0.599,3.148,49.527,2.857,-16.382,-1.226
2023-10-19,-5.5,7.562,0.183,-0.444,168.894,-0.00382,-3.65,2.0,0.008216,62.76,214.518,0.522,3.295,48.195,2.862,-16.461,-1.186
2023-10-20,-14.5,3.37,1.032,-0.439,-11.816,-0.0144,-3.65,0.8,-0.003326,62.754,216.307,0.736,3.155,51.857,2.899,-16.45,-1.15
2023-10-23,-12.0,6.893,0.926,-0.426,174.451,-0.01077,-3.75,5.2,-0.01158,59.756,214.957,0.651,6.0,51.179,2.938,-16.758,-1.107
2023-10-24,-19.4,1.923,0.674,-0.446,170.167,-0.02584,-3.775,-2.9,-0.01882,43.0,242.876,0.574,5.253,43.511,2.928,-16.665,-1.177
2023-10-25,-18.75,1.446,1.185,-0.415,-2.951,-0.02663,-3.75,-2.6,-0.009588,26.0,211.048,0.473,5.217,44.317,2.927,-23.698,-1.311
2023-10-26,-32.4,0.351,1.661,-0.34,173.963,0.00971,-3.9,-3.1,-0.008817,24.413,209.56,0.362,5.0,44.45,2.958,-16.82,-1.275
2023-10-27,-45.0,1.799,1.238,-0.417,-14.195,0.00248,-3.98,-2.0,-0.003964,24.574,209.092,0.422,5.918,45.147,3.035,-16.965,-1.299
2023-10-30,-53.6,-1.095,0.53,-0.447,-11.027,-0.01176,-3.9,-5.0,-0.012515,29.071,207.802,0.31,3.5,45.2,2.964,-16.443,-1.296
2023-10-31,-52.5,1.598,0.692,-0.43,162.2,-0.00995,-4.1,-3.25,-0.006004,53.091,205.49,0.278,3.298,45.25,2.901,-16.483,-1.253
2023-11-01,-42.3,1.94,1.141,-0.38,2.388,-0.00389,-4.1,-2.0,-0.011374,51.263,201.023,0.389,3.481,45.5,2.91,-16.544,-1.125
2023-11-02,-37.0,-1.181,0.877,-0.404,-8.395,-0.02123,-4.375,-2.75,-0.031641,50.976,197.794,0.42,3.236,45.15,2.89,-16.442,-1.074
2023-11-03,-37.4,-0.909,0.877,-0.415,-9.723,-0.03255,-4.05,-4.5,-0.039773,50.322,189.702,0.662,2.4,45.1,2.933,-16.312,-1.196
2023-11-06,-38.0,-4.042,-0.099,-0.386,-11.689,-0.03695,-4.26,-3.6,-0.050644,40.978,176.479,0.534,2.833,44.511,2.936,-16.271,-1.136
2023-11-07,-31.0,2.47,0.542,-0.461,175.873,-0.01773,-4.4,-1.85,-0.017877,26.502,185.282,0.51,2.125,44.318,2.93,-16.282,-1.229
2023-11-08,-33.5,1.68,0.355,-0.398,0.473,-0.01359,-4.55,-2.0,-0.012345,26.229,194.946,0.444,3.321,44.457,2.902,-16.24,-1.193
2023-11-09,-30.8,1.46,0.251,-0.401,-15.393,-0.03715,-4.4,-2.95,-0.011659,27.57,221.703,0.482,3.162,44.274,2.899,-16.435,-1.168
2023-11-10,-29.5,3.122,0.653,-0.387,-17.31,-0.02854,-4.15,1.3,0.001613,26.008,203.022,0.563,3.0,44.021,2.908,-16.481,-1.206
2023-11-12,-27.5,3.134,0.6,-0.349,-18.714,-0.02922,-4.15,4.0,0.000853,25.694,201.367,0.413,3.0,44.024,2.917,-16.486,-1.189
2023-11-13,-30.7,1.316,0.175,-0.315,-19.657,-0.016,-4.25,1.8,-0.006729,60.134,203.505,0.544,3.0,43.7043,2.917,-16.503,-1.209
2023-11-14,-36.0,-2.534,-0.023,-0.445,159.279,-0.00439,-4.75,-3.7,-0.045872,44.352,232.079,0.434,3.441,48.776,3.388,-18.706,-1.237
2023-11-15,-32.5,-2.427,-0.521,-0.412,-4.847,-0.01466,-4.0,1.4,-0.085629,44.755,202.815,0.533,3.0,42.134,2.958,-16.356,-1.456
2023-11-16,-30.0,-1.543,0.357,-0.477,-17.367,-0.02384,-4.1,-4.0,-0.137709,43.269,199.762,0.571,2.792,40.231,2.961,-16.292,-1.294
2023-11-17,-29.5,-5.106,0.64,-0.452,-16.769,-0.02668,-4.0,-4.0,-0.106115,34.283,196.463,0.634,2.867,39.1005,2.942,-16.262,-1.127
2023-11-20,-33.0,-1.037,1.135,-0.423,-10.343,-0.03135,-4.07,-2.5,-0.084649,31.175,195.436,0.544,2.698,38.931,3.002,-16.033,-1.17
2023-11-21,-38.5,1.248,0.491,-0.437,181.319,-0.03813,-3.675,-2.3,-0.098511,33.212,198.312,0.604,4.283,37.536,3.191,-16.131,-1.173
2023-11-22,-29.7,1.176,0.912,-0.483,-3.177,-0.03491,-3.65,1.75,-0.038216,30.0,201.241,0.689,4.493,37.962,3.202,-16.344,-1.2
2023-11-23,-38.6,0.174,1.032,-0.504,-19.112,-0.03486,-4.1,-0.55,-0.049082,39.0,200.022,0.639,4.553,37.964,3.208,-16.294,-1.149
2023-11-24,-39.0,0.173,1.045,-0.471,-18.757,-0.03033,-4.062,-0.85,-0.036131,29.454,201.138,0.594,4.264,37.873,3.239,-16.316,-1.157
2023-11-27,-36.5,-1.348,1.69,-0.467,181.848,-0.02323,-4.15,-3.75,-0.020978,35.814,198.671,0.605,4.41,38.093,3.201,-16.253,-1.129
2023-11-28,-50.4,-1.412,0.34,-0.424,-25.302,-0.02738,-4.25,-4.2,-0.02744,46.688,199.317,0.55,3.311,36.878,3.206,-16.148,-1.158
2023-11-29,-44.0,-0.031,1.19,-0.441,-1.242,-0.02362,-4.35,-2.0,-0.044313,50.102,199.832,0.364,2.477,38.456,2.987,-15.78,-1.167
2023-11-30,-40.4,1.06,1.06,-0.452,-14.126,-0.00803,-4.35,-0.6,-0.034857,54.677,194.367,0.33,2.26,39.034,2.963,-15.852,-1.062
2023-12-01,-41.0,0.482,1.084,-0.416,-13.32,-0.00346,-4.3,-0.8,-0.007708,56.576,224.337,0.57,1.908,39.6,2.933,-15.873,-1.067
2023-12-04,-36.2,0.258,1.017,-0.432,164.314,-0.00817,-4.15,-1.45,-0.016862,59.474,197.078,0.52,1.9,39.676,2.903,-15.751,-1.101
2023-12-05,-34.5,0.294,1.109,-0.405,169.002,-0.01526,-3.9,-1.65,-0.007632,56.268,207.066,0.483,2.0,39.687,2.888,-15.769,-1.145
2023-12-06,-29.75,0.598,0.872,-0.377,-1.322,-0.01734,-3.4,-3.15,-0.019424,48.15,202.878,0.433,1.643,39.798,2.88,-15.759,-1.108
2023-12-07,-28.5,0.678,1.335,-0.381,-16.224,-0.01213,-3.25,-1.95,-0.042572,50.493,204.24,0.66,1.805,40.199,2.888,-15.455,-1.048
2023-12-08,-24.8,1.511,1.202,-0.293,-15.39,-0.01491,-3.55,0.3,-0.017139,48.24,201.063,0.61,1.753,40.124,2.88,-15.672,-1.099
2023-12-11,-27.5,4.142,1.387,-0.39,174.854,0.01064,-3.405,2.5,-0.000514,41.673,201.519,0.48,1.906,40.662,2.879,-15.979,-1.137
2023-12-12,-24.4,2.67,1.67,-0.341,178.535,-0.00821,-2.85,-0.55,-0.015945,45.455,200.746,0.533,2.963,39.644,2.91,-15.807,-1.19
2023-12-13,-28.8,2.753,2.214,-0.339,1.362,-0.00278,-2.9,1.75,-0.013823,42.667,204.129,0.694,3.033,38.68,2.922,-15.657,-1.132
2023-12-14,-38.5,-0.145,1.218,-0.507,-16.721,-0.01508,-3.75,-2.75,-0.092732,28.294,233.292,0.311,4.0,45.8,3.85,-17.494,-1.032
2023-12-15,-27.5,-1.612,0.445,-0.437,-12.656,-0.0103,-3.65,-1.0,-0.060458,14.877,202.3,0.42,3.053,40.414,3.442,-15.448,-1.435
2023-12-18,-23.7,-0.84,1.775,-0.424,165.767,-0.00732,-3.7,0.0,-0.044319,10.144,212.132,0.51,3.0,34.677,2.966,-15.592,-1.477
2023-12-19,-22.1,-0.13,2.213,-0.486,174.675,-0.01931,-3.75,-1.75,-0.03478,-4.92,211.36,0.552,3.2,34.081,3.066,-15.705,-1.225
2023-12-20,-34.0,-0.149,0.861,-0.435,4.009,-0.02099,-4.45,-2.65,-0.046197,4.459,203.192,0.454,2.668,34.429,2.859,-15.555,-1.354
2023-12-21,-67.973,-1.902,2.282,-0.507,-14.804,-0.03721,-4.05,-2.7,-0.044841,3.8,191.145,0.38,23.686,14.6445,4.642,-25.362,-1.586
2023-12-22,-71.8,-0.466,1.711,-0.489,161.897,-0.05717,-4.05,-7.87555,-0.04189,-24.0,187.715,0.798,23.986,10.087,4.939,-25.156,-2.459
2023-12-25,-68.978,-0.444,1.711,-0.518,165.446,-0.05671,-4.05,-5.62055,-0.132106,-21.0,188.598,0.798,23.87,10.136,5.053,-22.599,-2.457
2023-12-26,-71.5,-3.093,2.241,-0.639,-12.332,-0.06716,-4.05,-8.0,-0.217271,-35.063,187.526,0.501,22.596,10.21,5.058,-19.367,-2.449
2023-12-27,-95.0,-5.815,1.885,-0.474,4.893,-0.03519,-4.475,-3.5,-0.179124,-47.13,187.267,0.274,47.658,19.6675,3.627,-18.857,-2.353
2023-12-28,-46.0,-3.71,1.612,-0.504,-16.74,-0.02406,-4.35,-4.5,-0.189435,29.921,190.362,0.728,2.942,34.305,3.018,-15.567,-1.786
2023-12-29,-37.5,0.638,1.623,-0.479,180.585,-0.00116,-4.35,-4.1,-0.115755,34.55,185.072,0.427,3.055,34.513,2.967,-15.572,-1.435
2024-01-01,-39.5,0.836,1.605,-0.479,141.632,-0.00227,0.0,-7.71,-0.116542,34.545,185.575,0.427,3.19,34.637,2.97,-15.587,-1.424
2024-01-02,-39.0,2.353,2.181,-0.486,173.523,-0.00512,-3.9,-2.9,-0.06243,43.344,186.591,0.48,2.448,35.088,2.97,-15.586,-1.439
2024-01-03,-36.2,2.012,2.644,-0.535,-0.434,-0.01001,-4.0,-3.1,-0.023387,44.196,190.321,0.393,1.964,34.851,2.971,-15.643,-1.401
2024-01-04,-33.0,1.101,2.382,-0.617,-17.935,-0.00734,-4.5,-4.2,-0.040164,56.651,217.588,0.336,2.116,39.07,3.443,-15.755,-1.41
2024-01-05,-25.5,2.516,2.206,-0.511,-13.163,-0.00192,-4.05,-2.7,-0.035026,44.048,192.754,0.323,1.744,31.707,3.012,-15.75,-1.465
2024-01-08,-29.0,0.896,2.004,-0.45,156.869,-0.00036,-3.875,0.1,-0.04107,41.757,193.668,0.514,1.064,31.595,3.02,-15.698,-1.303
2024-01-09,-34.0,3.415,2.302,-0.47,160.682,0.002,-4.0,-0.2,-0.021792,44.036,196.916,0.489,1.266,32.5,2.994,-15.552,-1.3
2024-01-10,-33.0,2.306,2.688,-0.491,0.324,0.00196,-3.7,2.2,-0.023782,45.235,195.157,0.423,1.512,32.957,3.012,-15.628,-1.247
2024-01-11,-33.0,2.019,2.692,-0.504,181.306,-0.00198,-3.7,1.0,-0.031344,46.311,193.296,0.634,2.479,33.0,3.054,-15.771,-1.234
2024-01-12,-26.7,1.516,2.654,-0.518,-15.659,0.00038,-3.8,-0.65,-0.028387,40.062,194.09,0.606,2.536,33.282,2.991,-15.616,-1.234
2024-01-15,-27.0,3.243,2.114,-0.497,148.428,-0.00049,-3.625,-1.6,0.020126,37.411,195.017,0.446,2.334,33.908,3.028,-15.648,-1.188
2024-01-16,-25.5,3.859,2.058,-0.54,171.217,-0.00574,-3.8,1.72308,0.014742,41.844,204.654,0.498,2.434,34.657,3.013,-15.738,-1.196
2024-01-17,-26.0,3.031,2.796,-0.48,1.726,-0.00113,-4.125,2.15,0.001161,44.429,209.111,0.461,1.69,34.911,3.012,-15.834,-1.222
2024-01-18,-25.75,1.693,2.112,-0.484,-14.475,-0.00197,-4.1,0.2,-0.024964,40.719,201.199,0.398,1.57,34.891,2.989,-15.904,-1.157
2024-01-19,-23.8,1.378,1.398,-0.403,-7.562,0.00082,-3.85,0.6,-0.052769,40.086,201.22,0.675,2.047,35.233,2.974,-15.914,-1.122
2024-01-22,-12.5,2.688,2.233,-0.497,154.192,0.00424,-4.05,0.95,-0.019794,36.842,201.367,0.54,2.781,35.5,2.991,-15.878,-1.146
2024-01-23,-19.5,2.805,2.344,-0.523,0.043,0.00681,-3.95,0.2,-0.024155,37.289,201.715,0.558,3.976,34.11,3.093,-15.986,-1.204
2024-01-24,-34.5,-0.228,2.281,-0.493,152.129,0.00663,-4.05,0.75,-0.038223,39.0,200.139,0.596,4.9,33.658,3.116,-15.844,-1.159
2024-01-25,-42.5,5.267,2.829,-0.436,145.252,0.01,-4.075,0.15,-0.024827,40.018,227.961,0.602,4.324,30.3445,3.108,-15.935,-1.107
2024-01-26,-48.2,1.755,2.678,-0.52,147.03,0.00668,-4.0,-0.65,-0.044085,40.219,201.405,0.661,3.3,28.814,3.095,-16.04,-1.144
2024-01-29,-51.0,2.552,2.484,-0.455,6.842,0.00832,-4.175,-0.5,-0.028463,40.298,201.808,0.539,3.198,28.015,3.106,-15.936,-1.134
2024-01-30,-38.25,2.393,1.897,-0.46,5.867,0.0095,-4.35,-0.5,-0.04491,42.807,201.317,0.712,2.557,30.471,3.0,-15.86,-1.107
2024-01-31,-39.0,0.812,2.27,-0.697,-12.176,0.01445,-4.35,-0.7,-0.046724,42.966,201.835,0.582,3.058,29.932,3.223,-15.863,-1.16
2024-02-01,-83.0,0.475,2.186,-0.532,-6.941,0.00576,-4.75,-0.15,-0.027564,24.249,198.619,0.592,2.948,29.793,3.043,-18.078,-1.092
2024-02-02,-63.0,2.245,1.89,-0.429,5.156,0.00877,-4.375,0.5,-0.015954,12.952,198.492,0.707,3.033,29.946,3.002,-15.804,-1.188
2024-02-05,-53.0,5.653,1.798,-0.366,-6.291,0.01624,-4.2,0.0,-0.010098,0.887,199.059,0.545,2.939,29.7268,2.94,-15.799,-1.233
2024-02-06,-46.8,3.231,1.85,-0.433,-11.231,0.00834,-4.05,-0.1,-0.009016,1.552,198.275,0.426,3.024,29.936,2.926,-15.82,-1.188
2024-02-07,-47.0,1.853,1.828,-0.49,7.537,0.00317,-4.1,-1.2,-0.011574,2.171,198.629,0.382,3.0,30.064,2.93,-15.829,-1.149
2024-02-08,-24.5,1.149,1.846,-0.388,-12.249,0.00355,-4.2,0.75,-0.010707,41.658,221.652,0.378,2.992,34.517,3.358,-16.04,-1.167
2024-02-09,-20.5,1.473,1.551,-0.412,-8.861,0.00317,-4.4,1.8,-0.008997,42.786,193.063,0.327,2.498,30.065,2.925,-15.994,-1.375
2024-02-12,-19.0,2.776,1.751,-0.438,-13.935,0.00247,-4.45,1.75,-0.006292,37.326,193.36,0.453,2.345,30.294,2.944,-16.022,-1.224
2024-02-13,-17.0,5.038,1.773,-0.445,-6.191,0.01337,-4.5,1.3,-0.008817,41.599,195.467,0.392,2.417,30.799,2.931,-16.16,-1.239
2024-02-14,-12.8,4.95,1.894,-0.432,6.713,0.00489,-4.25,1.05,0.001381,42.03,199.382,0.332,2.341,30.83,2.947,-23.13,-1.163
2024-02-15,-16.0,3.882,1.523,-0.25,138.04,0.0061,-4.175,0.3,0.000535,42.127,198.98,0.499,2.31,30.67,2.924,-16.11,-1.138
2024-02-16,-13.8,3.342,1.681,-0.31,-6.289,0.00251,-4.1,0.65,0.0018,40.383,198.595,0.46,2.456,30.866,2.963,-16.128,-1.189
2024-02-19,-14.25,2.525,1.724,-0.368,-7.019,0.00098,-3.8,1.0,-0.004493,40.377,198.448,0.399,2.351,31.018,2.938,-16.121,-1.191
2024-02-20,-14.0,1.967,1.689,-0.436,-5.786,-0.006,-3.9,0.775,0.001791,34.449,200.329,0.396,2.717,30.6,2.946,-16.064,-1.218
2024-02-21,-40.0,3.77,2.015,-0.563,1.398,-0.00584,-4.005,-0.25,-0.003755,32.149,198.773,0.378,3.7,28.527,3.102,-16.295,-1.213
2024-02-22,-51.4,2.16,1.805,-0.372,-5.113,-0.01148,-4.13,-1.2,-0.01002,28.5,198.048,0.243,3.721,24.916,3.149,-16.325,-1.246
2024-02-23,-49.0,4.789,1.753,-0.441,-8.853,-0.01364,-4.225,-1.2,0.002102,31.042,197.078,0.34,3.506,23.993,3.202,-16.354,-1.249
2024-02-26,-51.3,3.516,1.955,-0.458,145.157,-0.00166,-4.025,-1.25,0.016571,33.041,197.09,0.349,3.406,23.295,3.236,-16.469,-1.293
2024-02-27,-52.5,3.145,1.067,-0.405,-3.955,0.00185,-4.125,-0.4,0.005498,36.906,196.149,0.337,3.578,23.5,3.226,-16.365,-1.26
2024-02-28,-33.7,3.086,1.529,-0.417,2.957,0.00524,-4.05,0.3,0.022143,33.148,194.355,0.349,2.334,24.033,2.964,-16.307,-1.295
2024-02-29,-33.5,2.288,1.027,-0.407,-7.706,0.00355,-4.1,-1.2,0.014399,36.588,192.009,0.382,2.465,24.415,2.924,-16.127,-1.353
2024-03-01,-34.0,0.926,1.208,-0.42,-13.367,0.00446,-4.275,-1.6,-0.007853,36.369,190.61,0.497,2.5,24.555,2.962,-16.225,-1.35
2024-03-04,-28.8,4.109,0.55,-0.413,104.347,0.01166,-4.425,-1.95,-0.001785,37.838,182.466,0.36,2.5,24.4,2.943,-16.147,-1.309
2024-03-05,-30.0,4.542,0.494,-0.444,137.144,0.01174,-4.375,-2.3,0.008341,41.596,173.253,0.369,2.537,24.5,2.927,-16.027,-1.276
2024-03-06,-38.0,4.379,0.203,-0.414,3.618,0.00662,-4.175,-3.5,0.002631,41.288,178.536,0.348,2.538,35.0,2.94,-15.873,-1.274
2024-03-07,-38.6,4.734,0.006,-0.384,138.348,0.00505,-4.1,-4.025,-0.009179,38.729,204.741,0.401,2.432,24.137,2.959,-15.853,-1.29
2024-03-08,-42.0,3.912,-0.361,-0.45,-7.996,0.0011,-4.275,-2.8,-0.009214,38.629,180.409,0.404,2.442,23.968,2.973,-15.791,-1.332
2024-03-11,-41.5,3.054,0.818,-0.493,135.562,0.00071,-4.405,-2.05,-8.7e-05,34.182,180.461,0.437,2.255,24.097,2.961,-17.959,-1.318
2024-03-12,-39.7,3.987,0.632,-0.509,147.266,-0.0002,-4.425,-1.9,-0.000333,29.691,177.522,0.397,2.256,24.363,2.95,-15.821,-1.319
2024-03-13,-39.5,3.035,0.92,-0.509,3.164,-0.00241,-4.425,-0.45,-0.002127,29.854,178.952,0.306,2.258,24.343,2.924,-15.838,-1.326
2024-03-14,-38.6,3.116,0.558,-0.469,-5.224,-0.00265,-4.525,-0.3,0.012119,29.161,191.118,0.442,2.22,24.854,2.923,-15.811,-1.383
2024-03-15,-35.5,3.631,0.014,-0.493,-8.799,-0.01029,-4.45,-0.6,0.008441,29.485,181.8,0.452,2.212,24.402,2.924,-15.996,-1.38
2024-03-18,-38.0,4.255,0.42,-0.479,161.349,-0.0023,-4.2,-1.0,0.004301,27.474,187.398,0.415,2.182,24.296,2.923,-16.0,-1.486
2024-03-19,-36.2,4.713,1.183,-0.456,158.823,0.00158,-4.075,-0.7,0.000145,26.355,294.822,0.376,2.05,23.62,2.924,-16.006,-1.443
2024-03-20,-72.3,4.061,2.834,-0.454,0.633,0.00129,-5.75,-0.79376,0.00038,-4.801,271.157,0.296,1.8,26.695,4.928,-16.044,-1.333
2024-03-21,-56.5,3.497,1.981,-0.489,-7.245,0.00123,-4.105,-0.5,0.001371,4.538,190.569,0.272,3.9,16.849,3.466,-16.85,-2.114
2024-03-22,-28.5,8.28,1.519,-0.591,-7.992,-0.00071,-3.85,1.0,0.038301,-1.0,188.044,0.29,3.683,14.774,3.069,-16.832,-1.497
2024-03-25,-30.0,2.741,1.198,-0.538,-1.306,0.00347,-3.725,-0.6,-0.004749,-5.757,186.043,0.31,2.958,13.672,3.163,-17.003,-1.484
2024-03-26,-40.0,2.377,1.132,-0.504,5.947,0.00772,-3.925,-1.4,-0.005027,-3.694,184.587,0.334,2.879,14.255,3.26,-16.981,-1.459
2024-03-27,-6.0,10.587,1.735,-0.49,131.108,0.00663,-4.35,-1.3,0.014103,23.85,179.027,0.268,2.716,19.5,2.94,-16.789,-1.502
2024-03-28,-2.5,6.228,1.34,-0.512,132.452,0.00491,-4.425,-0.9,-0.009607,36.211,179.568,0.21,2.009,19.1,2.951,-16.162,-1.364
2024-03-29,-3.0,6.225,1.347,-0.458,-2.936,0.00878,-4.4,-0.4,-0.003843,37.113,178.898,0.211,2.045,19.087,2.938,-16.1,-1.358
2024-04-01,0.4,8.748,1.404,-0.5,-9.228,0.00256,-4.9,-0.6,0.001734,36.917,180.268,0.197,2.133,19.198,2.936,-16.086,-1.421
2024-04-02,-9.5,5.719,1.547,-0.425,125.019,0.00797,-4.4,-0.9,0.013189,37.671,175.079,0.166,1.842,19.183,2.923,-15.928,-1.525
2024-04-03,-11.75,6.432,1.709,-0.392,3.48,0.00655,-4.575,-2.0,0.00048,38.255,163.002,0.382,2.224,19.25,2.91,-15.924,-1.538
2024-04-04,-15.0,4.533,1.723,-0.428,-6.227,0.01067,-4.73,-1.85,0.001601,38.814,169.643,0.25,2.447,19.041,2.924,-15.977,-1.373
2024-04-05,-12.5,4.515,1.443,-0.466,2.626,0.02239,-5.5,-1.15,0.007695,36.885,171.622,0.255,2.544,19.037,2.952,-16.035,-1.399
2024-04-08,-5.5,4.625,1.397,-0.459,4.996,0.0219,-5.25,-0.1,0.01806,37.209,174.54,0.166,2.675,19.1,2.95,-15.961,-1.418
2024-04-09,-9.75,3.726,1.098,-0.492,-6.475,0.01664,-5.05,-3.3,-0.006719,35.634,174.756,0.185,2.395,18.786,2.952,-15.965,-1.488
2024-04-10,-1.0,4.549,1.436,-0.401,0.269,0.01387,-5.1,-1.25,0.001842,38.68,177.426,0.212,2.255,18.735,2.926,-16.064,-1.355
2024-04-11,-4.5,6.331,1.58,-0.466,-4.69,0.00875,-4.65,-1.6,0.015617,38.356,181.269,0.172,2.156,18.796,2.957,-16.263,-1.309
2024-04-12,-4.25,15.508,0.977,-0.465,-6.71,0.01511,-4.75,-1.1,0.009098,38.521,184.866,0.236,2.234,18.965,2.998,-16.277,-1.387
2024-04-15,-3.0,12.626,0.926,-0.459,-2.281,0.01494,-5.2,0.35,-0.001274,39.174,187.821,0.216,2.284,19.225,2.921,-16.275,-1.452
2024-04-16,1.5,13.522,1.336,-0.521,138.258,0.01979,-5.1,2.7,-0.005629,39.219,192.737,0.305,3.127,18.75,2.917,-16.274,-1.428
2024-04-17,-0.5,5.976,1.956,-0.517,4.373,0.0162,-4.625,2.4,-0.00609,39.969,185.548,0.314,3.344,18.564,2.892,-16.234,-1.349
2024-04-18,2.7,3.986,1.593,-0.491,132.569,0.00907,-4.55,1.5,-0.017622,39.212,189.311,0.221,3.097,16.978,2.879,-18.592,-1.305
2024-04-19,3.75,4.322,1.463,-0.471,-4.344,0.01535,-4.5,3.35,-0.010864,39.681,197.462,0.236,3.2,16.68,2.907,-16.372,-1.408
2024-04-22,-13.5,3.57,1.519,-0.513,-6.24,0.01462,-4.7,0.8,6.2e-05,33.632,222.073,0.226,4.334,17.672,3.49,-16.541,-1.478
2024-04-23,-37.0,3.017,1.456,-0.45,134.715,0.0117,-4.25,-2.4,-0.00509,21.568,192.841,0.079,4.139,15.393,3.159,-16.652,-1.486
2024-04-24,-52.5,4.956,1.757,-0.522,5.083,0.01679,-4.2,-1.35,-0.001355,17.0,190.736,0.25,6.657,14.87,3.125,-26.303,-1.413
2024-04-25,-51.0,2.804,1.758,-0.537,-4.506,0.01482,-4.3,-1.75,-0.006613,18.087,189.549,0.193,4.73,14.849,3.15,-16.853,-1.414
2024-04-26,-56.0,2.072,1.742,-0.45,0.707,0.00806,-4.5,-1.6,0.008687,19.587,188.903,0.13,4.507,14.232,3.233,-16.88,-1.508
2024-04-29,-35.0,5.747,2.293,-0.488,130.636,0.00976,-4.65,-0.45,-0.002045,41.496,188.799,0.153,3.5,15.5,2.908,-16.573,-1.503
2024-04-30,-24.25,5.224,2.164,-0.432,4.579,0.01119,-4.35,0.4,0.011723,42.041,190.333,0.054,3.385,15.576,2.907,-16.355,-1.546
2024-05-01,-24.0,4.765,2.192,-0.414,4.164,0.01003,-4.35,0.85,0.011297,44.052,190.881,0.075,3.373,15.602,2.916,-16.522,-1.496
2024-05-02,-23.5,3.009,1.85,-0.435,-4.562,0.00922,-4.15,-1.1,-0.003339,41.279,190.823,0.047,3.364,15.53,2.911,-16.176,-1.436
2024-05-03,-25.5,-0.639,1.745,-0.548,-5.214,0.00945,-4.15,-3.4,-0.017992,36.585,188.246,0.12,3.354,15.179,2.936,-16.099,-1.399
2024-05-06,-23.5,1.712,1.767,-0.537,130.618,0.00751,-4.05,-4.0,-0.00059,37.089,186.595,0.074,3.307,15.309,2.926,-16.197,-1.406
2024-05-07,-23.0,2.526,2.0,-0.48,129.222,0.01063,-4.125,-1.0,-0.006519,37.343,185.248,0.072,3.01,15.281,2.957,-16.237,-1.361
2024-05-08,-33.5,2.926,1.766,-0.488,-0.589,0.00882,-4.2,0.05,-0.006806,37.604,186.643,0.101,2.159,15.39,2.982,-16.341,-1.372
2024-05-09,-40.0,2.83,1.76,-0.496,-1.786,0.00848,-4.1,-2.15,-0.011883,38.383,185.76,0.177,2.371,17.561,2.973,-16.363,-1.391
2024-05-10,-42.0,2.945,1.656,-0.456,-3.119,0.00808,-4.2,-1.4,-0.005552,38.826,185.981,0.2,2.529,15.43,2.955,-16.413,-1.572
2024-05-13,-40.5,1.834,1.855,-0.482,123.588,0.0095,-4.85,-1.5,-0.004224,39.955,186.81,0.18,2.778,15.096,2.972,-16.406,-1.288
2024-05-14,-48.0,5.822,1.701,-0.483,163.306,0.00818,-4.725,-2.45,-0.016258,39.409,188.071,0.103,2.757,14.545,2.984,-16.368,-1.279
2024-05-15,-42.0,3.604,1.822,-0.497,0.85,0.00313,-4.55,-3.252,-0.016469,39.6,187.656,0.192,2.778,13.972,2.963,-16.243,-1.304
2024-05-16,-55.25,-0.205,1.702,-0.6,-1.29,-0.00414,-5.15,-2.475,-0.029413,50.172,215.145,0.062,3.194,12.347,3.369,-18.528,-1.343
2024-05-17,-51.5,1.343,1.462,-0.521,-0.977,0.00016,-4.35,-1.314,0.000899,37.432,186.789,0.223,2.764,11.796,2.961,-16.263,-1.308
2024-05-20,-39.5,0.298,1.645,-0.511,131.429,0.0059,-4.4,-0.784,-0.002225,36.428,188.089,0.12,2.695,11.63,2.966,-16.297,-1.347
2024-05-21,-44.0,2.204,1.711,-0.518,9.639,0.00838,-4.35,0.0,-0.00845,29.215,188.819,0.068,3.253,11.638,2.961,-16.254,-1.423
2024-05-22,-44.25,0.876,1.79,-0.519,10.336,0.00388,-4.4,2.277,-0.00266,18.757,187.681,0.129,2.746,11.721,2.909,-16.274,-1.38
2024-05-23,-56.5,2.056,2.013,-0.509,104.865,0.00204,-4.575,0.603,-0.002446,16.0,187.311,0.152,3.0,10.719,3.235,-16.793,-1.349
2024-05-24,-52.5,1.914,1.721,-0.509,131.647,0.00494,-4.5,0.254,-0.007175,15.553,186.654,0.166,2.987,10.872,3.301,-16.877,-1.451
2024-05-27,-50.75,2.739,1.647,-0.527,126.189,0.00058,-4.45,-0.7,-0.010434,11.541,186.444,0.116,3.102,10.454,3.304,-16.831,-1.44
2024-05-28,-57.5,2.567,1.575,-0.587,137.717,-0.00013,-4.475,-1.787,-0.014593,34.643,187.234,0.09,3.53,10.015,3.336,-16.866,-1.419
2024-05-29,-54.0,2.803,1.811,-0.502,3.891,0.00587,-4.525,0.883,0.016455,24.113,191.033,0.191,2.732,9.973,3.331,-16.906,-1.518
2024-05-30,-54.25,2.28,1.684,-0.501,151.253,0.00974,-4.675,-0.485,0.001292,33.979,190.393,0.087,2.743,11.549,2.934,-16.341,-1.482
2024-05-31,-46.8,2.735,1.499,-0.498,-2.324,0.00926,-4.5,-0.287,0.023582,36.578,190.757,0.188,2.727,11.3578,2.896,-16.425,-1.659
2024-06-03,-53.0,1.53,0.998,-0.456,-6.233,0.01181,-4.1,-0.437,0.027928,38.063,195.324,0.06,2.526,11.754,2.922,-16.369,-1.69
2024-06-04,-44.0,2.284,1.247,-0.481,137.85,0.02565,-4.05,-1.438,0.008105,40.003,200.691,0.094,2.339,11.803,3.015,-16.295,-1.73
2024-06-05,-39.75,2.421,1.429,-0.495,2.347,0.03623,-4.125,-1.506,-0.005355,41.097,198.087,0.098,2.343,11.723,3.069,-16.415,-1.986
2024-06-06,-47.75,4.023,1.532,-0.471,-2.535,0.01373,-4.9,-1.581,-0.011934,36.668,199.761,0.182,2.39,11.871,3.296,-16.35,-2.061
2024-06-07,-50.5,1.639,1.148,-0.51,-2.989,0.01562,-4.125,-0.238,-0.002344,38.81,207.427,0.226,2.427,11.933,3.377,-16.469,-1.984
2024-06-10,-51.75,2.704,1.875,-0.572,-5.148,0.02534,-5.1,-1.524,0.004013,51.719,242.529,0.133,3.062,13.2,3.929,-18.869,-2.008
2024-06-11,-47.6,2.786,1.718,-0.523,95.15,0.02679,-4.45,-1.339,-0.013081,42.33,218.452,0.132,2.981,11.624,3.422,-16.539,-2.341
2024-06-12,-50.25,2.111,1.822,-0.493,10.16,0.00917,-4.325,-4.301,-0.039048,44.142,261.063,0.072,3.18,11.474,3.442,-16.353,-2.039
2024-06-13,-50.5,1.26,1.232,-0.506,3.209,0.00638,-4.35,-4.141,-0.011478,38.865,224.692,0.054,3.169,10.878,3.432,-16.452,-2.079
2024-06-14,-42.5,5.63,1.54,-0.536,145.854,0.01147,-4.1,-1.579,-0.001506,34.251,215.48,0.136,2.852,11.034,3.482,-16.611,-2.112
2024-06-17,-43.5,4.8367,1.5501,-0.5298,158.243,0.00913,-4.2,-1.3011,-0.007162,36.4014,215.778,0.1245,2.631,10.4527,3.4296,-16.5802,-2.081
2024-06-18,-44.5,3.2821,1.8022,-0.5118,126.585,0.004356,-4.1,-1.7949,-0.011472,37.9701,216.469,0.1113,2.6291,10.3817,3.4201,-16.5857,-1.986
2024-06-19,-45.8,2.0184,1.5518,-0.5338,3.7649,-0.005732,-4.15,-1.5732,-0.012672,36.209,216.735,0.1113,2.5156,10.6221,3.4237,-16.5382,-1.9501
2024-06-20,-58.75,1.1729,1.4159,-0.5905,-7.482,0.002818,-4.125,-0.9144,-0.00316,26.8258,219.739,0.0454,3.5429,8.843,3.6659,-17.5729,-1.9805
2024-06-21,-55.5,2.6747,1.3951,-0.5373,-7.6366,0.006487,-4.225,0.4977,-0.006881,32.0,215.081,0.0878,3.5467,9.0,3.7108,-17.743,-2.5068
2024-06-24,-47.2,0.8287,1.5315,-0.5296,-8.1516,0.003184,-4.15,-0.5548,-0.010892,33.5641,212.086,0.092,3.4,9.2919,3.7171,-17.7964,-2.0611
2024-06-25,-49.5,1.3873,1.6983,-0.599,-5.3678,0.001539,-4.775,-0.448,-0.016794,41.5579,227.342,0.062,3.8,10.6615,4.1651,-20.2866,-2.1278
2024-06-26,-52.0,2.0325,1.3138,-0.5874,2.9328,0.016504,-4.43,-0.0671,0.019107,37.0288,191.93,0.0821,3.3078,9.4368,3.5099,-17.6089,-2.551
2024-06-27,-42.5,1.0588,1.3173,-0.5467,-1.8372,0.006251,-4.58,-1.6334,-0.007032,34.6332,188.43,0.075,2.5671,10.5257,3.4487,-16.9878,-2.3179
2024-06-28,-47.75,0.5262,1.3913,-0.4848,-2.2427,0.004569,-4.63,-0.5881,0.002889,40.7339,185.304,0.0401,2.4512,10.4479,3.4375,-17.1104,-2.2893
2024-07-01,-37.0,2.1789,1.7347,-0.5096,135.567,0.001206,-4.85,-0.1074,0.002213,41.4371,184.313,0.0572,2.4236,10.4783,3.4032,-17.0096,-2.1976
2024-07-02,-33.0,2.6661,1.7457,-0.535,120.647,0.008793,-4.7,-0.2644,0.006621,43.4124,180.557,0.0804,2.0544,10.5,3.4308,-16.9295,-2.3042
2024-07-03,-26.0,2.3368,2.3799,-0.5501,10.8629,0.008885,-4.45,-1.1624,0.020594,41.7419,193.469,-0.0299,2.3585,10.3943,3.434,-16.9019,-2.1532
2024-07-04,-36.0,2.3361,1.7077,-0.508,-3.2361,-0.001819,-4.525,-1.15,0.038889,42.7071,191.659,0.0634,2.4884,10.4025,3.4508,-19.3377,-2.1156
2024-07-05,-37.8,1.7922,1.3298,-0.5202,89.1734,-0.000255,-4.5,-1.6853,0.022962,41.1133,193.921,0.0401,2.4464,10.4055,3.4723,-16.8583,-2.1112
2024-07-08,-30.5,2.0013,1.7275,-0.5068,132.71,0.00091,-4.625,-2.5522,-0.004135,41.7787,195.022,0.0384,2.471,10.4462,3.4758,-16.8332,-2.0791
2024-07-09,-27.0,2.5572,1.5494,-0.5308,129.81,-0.001346,-4.55,-3.0798,-0.0149,44.0946,194.599,0.0373,2.4108,10.4368,3.4572,-16.9088,-2.0171
2024-07-10,-30.6,1.1968,1.4938,-0.5213,6.5713,-0.004317,-4.425,-3.4976,-0.01787,41.9623,193.082,0.0665,2.3649,10.2308,3.4484,-16.9429,-2.0109
2024-07-11,-34.9,0.4759,1.3936,-0.5132,-13.7243,-0.006608,-4.7,-3.9001,-0.023958,41.6209,193.616,0.0721,2.0465,10.1827,3.4799,-16.6472,-2.0174
2024-07-12,-29.0,1.2843,1.3959,-0.5307,-7.5013,-0.000837,-4.75,-2.1521,-0.018975,41.2381,192.01,0.1001,2.0,10.2707,3.5494,-16.6115,-1.9898
2024-07-15,-18.35,2.2977,1.3577,-0.5335,133.621,0.000674,-4.75,-1.7232,-0.008942,41.7565,193.114,0.052,2.0806,10.1204,3.5344,-16.6392,-1.9216
2024-07-16,-15.8,2.896,1.7381,-0.5364,151.875,0.002625,-4.8,-2.075,-0.009062,43.7627,193.625,0.0019,2.332,9.9967,3.5134,-16.5781,-1.9159
2024-07-17,-19.75,2.8674,1.6953,-0.5333,3.1798,-0.002388,-4.75,-3.0829,-0.022961,43.494,196.252,0.0787,2.4465,9.7281,3.5099,-16.3853,-1.8704
2024-07-18,-23.0,3.1569,1.5617,-0.5443,-9.9536,-0.005673,-4.725,-2.1199,-0.009393,43.1389,195.007,0.0754,2.4459,9.2148,3.5084,-16.4207,-1.9104
2024-07-19,-24.0,2.7369,1.662,-0.5324,-15.7583,0.001392,-4.7,-1.1932,0.003572,43.0697,193.701,0.1102,2.4492,9.0336,3.5232,-16.5332,-2.2856
2024-07-22,-18.5,2.6591,1.4489,-0.52,152.285,-0.001838,-4.6,-0.7663,0.010361,44.9436,192.947,0.0761,2.4512,8.6134,3.5122,-16.4947,-2.3402
2024-07-23,-25.0,2.1507,1.7872,-0.5784,146.228,-0.00128,-4.575,-2.4622,-0.00504,42.4382,194.809,0.1019,2.9775,8.2067,3.626,-16.4984,-2.4078
2024-07-24,-20.5,3.1194,1.7524,-0.5289,3.4458,0.003474,-4.55,-5.011,-0.015285,42.0,196.275,0.047,2.8923,8.022,3.5989,-16.1784,-2.6597
2024-07-25,-37.5,3.5747,1.7804,-0.5326,-1.1999,0.007789,-4.575,-3.276,-0.033116,41.6832,201.118,0.033,2.8403,7.949,3.5919,-16.1622,-2.7124
2024-07-26,-54.0,4.3623,1.6881,-0.5215,160.426,0.002521,-4.7,-3.5042,-0.017056,40.0581,202.827,0.0438,3.1671,7.893,3.5702,-16.2003,-3.1123
2024-07-29,-65.8,3.088,1.7359,-0.5395,-1.4547,0.013287,-4.625,-2.6883,-0.021841,40.6252,202.076,0.0411,3.2941,7.9124,3.5542,-16.4473,-2.7858
2024-07-30,-50.5,3.4827,1.6377,-0.5381,120.538,0.01446,-4.7,-1.9235,-0.019532,42.54,202.889,0.0517,3.044,8.54,3.4603,-16.2953,-2.7434
2024-07-31,-56.0,2.7492,1.8819,-0.5407,2.0641,0.005979,-6.65,-3.9147,-0.057207,42.5157,204.648,0.0429,2.8905,8.4781,3.4472,-15.5309,-2.6762
2024-08-01,-60.25,4.0158,1.77,-0.5243,-9.2738,0.008632,-4.7,-2.1116,-0.039015,42.3982,204.407,0.0918,2.9599,8.6089,3.4738,-17.8214,-2.6945
2024-08-02,-58.0,3.7065,1.2408,-0.4792,-21.2933,0.004979,-4.52,-2.9182,-0.075956,43.4773,206.878,0.0895,2.845,8.6713,3.497,-15.3695,-2.7343
2024-08-05,-65.0,5.8542,2.2889,-0.5086,188.184,0.010717,-4.6,-6.8485,-0.067261,44.4339,212.543,0.0691,3.1075,8.7903,3.522,-14.872,-2.7028
2024-08-06,-69.5,5.7346,1.9389,-0.6357,167.22,0.00865,-4.6,-3.459,-0.024056,44.651,215.383,0.0616,3.237,8.7794,3.5,-14.8699,-2.6876
2024-08-07,-68.25,3.3781,0.8856,-0.5558,-3.3602,0.004986,-4.5,-2.8316,-0.039965,42.6984,212.705,0.056,2.8651,8.8805,3.4806,-15.0123,-2.6532
2024-08-08,-50.0,1.5508,1.4444,-0.5557,-12.4731,-0.000757,-4.45,-6.0035,-0.115565,41.0877,210.569,0.0676,3.0003,11.5,3.4882,-15.1576,-2.6865
2024-08-09,-37.0,2.6488,0.9211,-0.5506,-15.6703,0.006061,-4.5,-3.627,-0.135279,39.8982,203.08,0.0093,3.0471,10.1445,3.4982,-15.0941,-2.6627
2024-08-12,-36.5,3.8334,1.7621,-0.5481,156.027,0.008561,-4.4,-2.6534,-0.048783,39.9006,202.885,0.1151,2.9639,8.8979,3.5033,-15.1913,-2.6652
2024-08-13,-53.0,1.0952,1.447,-0.5294,138.461,0.004384,-4.15,-1.382,-0.075585,41.2531,200.198,0.1025,2.9943,8.8249,3.5467,-15.2328,-2.7056
2024-08-14,-53.0,0.8051,1.1683,-0.542,3.1573,0.002478,-4.1,-1.9126,-0.092498,39.7697,200.106,0.0838,2.7659,8.9406,3.5427,-15.2387,-2.7084
2024-08-15,-50.0,2.5243,0.9513,-0.5532,-7.4198,0.000994,-4.525,-1.4835,-0.037779,39.0332,199.905,0.0541,2.7458,8.9954,3.5373,-15.3765,-2.6733
2024-08-16,-55.0,2.7671,1.2452,-0.5087,-5.4084,0.008886,-4.7,-1.8592,-0.047333,38.3413,199.965,0.0594,2.5676,8.8689,3.5351,-15.273,-2.6603
2024-08-19,-55.5,1.7294,1.2909,-0.5505,142.521,0.003528,-4.925,-0.7841,-0.082251,38.8578,200.504,0.1173,2.4478,8.8773,3.545,-14.991,-2.6719
2024-08-20,-56.3,0.2223,1.6592,-0.6152,153.136,-0.001217,-5.1,-2.2964,-0.075901,40.6715,200.639,0.0526,2.291,8.9013,3.5544,-14.8999,-2.724
2024-08-21,-55.5,1.9873,1.5624,-0.5561,10.7798,0.000109,-5.625,-1.6906,-0.054253,41.582,207.457,0.0867,2.4563,8.6182,3.5381,-14.848,-2.7214
2024-08-22,-66.5,4.0499,1.6081,-0.6735,-8.5578,-0.000517,-6.25,-1.1904,-0.047252,53.7039,245.497,0.0899,3.2624,8.576,4.1907,-17.5187,-2.7515
2024-08-23,-58.0,2.3566,1.1997,-0.5873,-9.121,-0.000135,-5.85,-2.3,-0.065532,42.6386,212.5,0.0319,2.9784,8.3785,3.7058,-15.2621,-3.1222
2024-08-26,-59.5,3.5829,1.4754,-0.5795,135.048,-0.007982,-5.9,-1.8953,-0.065498,36.0,213.976,0.0388,3.0106,8.5437,3.7148,-15.1406,-2.767
2024-08-27,-68.2,3.1706,1.927,-0.6206,178.586,-0.003051,-5.95,-1.3235,-0.05168,37.8249,214.955,0.0523,3.0576,8.0261,3.6926,-15.0568,-2.7626
2024-08-28,-69.5,3.5209,1.4151,-0.6301,4.8666,-0.000604,-5.4,-2.3344,-0.047104,38.0945,218.152,0.076,3.1,7.7918,3.6713,-14.785,-2.7586
2024-08-29,-60.3,3.4373,1.6909,-0.6288,92.586,-0.003197,-5.55,-2.35,-0.045816,38.8645,219.515,0.056,2.5,8.2488,3.531,-14.8612,-2.8888
2024-08-30,-54.5,3.4294,1.459,-0.592,-12.512,-0.001828,-5.55,-2.75,-0.030086,42.6965,226.157,0.0982,2.5,8.0798,3.5476,-14.8638,-3.1729
2024-09-02,-56.5,4.304,1.7155,-0.571,-13.5293,-0.000596,-5.6,-1.363,-0.016389,44.4279,223.006,0.1383,2.6335,8.1465,3.5352,-14.9186,-3.1841
2024-09-03,-65.0,4.9381,1.453,-0.598,206.222,0.001112,-5.175,-1.2272,-0.013626,42.7517,221.948,0.1367,2.5,8.2033,3.5486,-14.8439,-3.3089
2024-09-04,-63.0,5.5438,1.9982,-0.5377,-4.1627,-0.00105,-5.075,-2.8648,-0.037598,43.9886,224.147,0.1275,2.4449,8.1465,3.5502,-14.8333,-3.3861
2024-09-05,-85.5,5.4195,1.9126,-0.806,-17.4532,-0.002647,-5.0,-3.8933,-0.075415,44.9276,250.446,0.1053,2.46,8.1541,3.5603,-16.9815,-3.4125
2024-09-06,-78.25,5.6912,1.4565,-0.7724,-13.158,-0.00529,-5.3,-2.8612,-0.065697,43.3406,215.782,0.0901,2.5,8.2462,3.5739,-14.7865,-3.2842
2024-09-09,-65.9,4.7824,1.9713,-0.6802,-8.879,0.001065,-5.175,-0.9654,-0.021196,44.5432,216.957,0.09,2.5,8.4056,3.553,-14.8899,-3.3097
2024-09-10,-59.15,7.2779,1.9909,-0.6489,131.192,-0.002475,-5.15,-2.2072,-0.03231,43.452,218.887,0.0731,2.411,8.354,3.6274,-14.7447,-3.3024
2024-09-11,-61.0,4.5584,2.0494,-0.6412,7.3156,-0.004355,-5.025,-2.6708,-0.041908,46.33,220.287,0.0732,2.6213,8.6405,3.6242,-14.4642,-3.2546
2024-09-12,-56.0,6.4425,2.0472,-0.5896,-4.4829,-0.002188,-4.95,-2.4539,-0.03045,44.4808,220.028,0.0229,3.5721,9.3163,3.5867,-14.2784,-3.2087
2024-09-13,-51.0,6.7853,2.1639,-0.5956,-4.4169,-0.001745,-4.9,-2.9858,-0.043487,44.5005,216.605,0.1471,4.2895,9.9999,3.5535,-13.967,-2.8229
2024-09-16,-51.0,5.5785,2.1193,-0.5855,-7.2826,-0.002222,-4.9,-2.25,-0.06241,44.4258,216.957,0.1324,4.8171,10.4558,3.4886,-13.8301,-2.6685
2024-09-17,-52.5,5.0552,2.2724,-0.6408,158.516,-0.001014,-4.85,-0.1553,-0.05245,43.7632,216.14,0.0904,5.105,10.6286,3.4187,-13.8067,-2.5545
2024-09-18,-49.0,3.8446,2.3546,-0.6425,7.1512,-0.003352,-4.975,-1.1261,-0.05642,38.8603,216.764,0.0904,5.2126,10.0765,3.4154,-13.7745,-2.4663
2024-09-19,-43.75,4.8226,2.5327,-0.6047,0.3043,-0.008279,-4.85,-1.8078,-0.0345,31.458,225.937,0.0902,5.6192,10.3378,3.1051,-14.5102,-2.1453
2024-09-20,-104.75,5.4427,2.8124,-0.8715,-5.5261,-0.01348,-4.7,-0.1688,-0.009017,31.2141,256.8,0.0903,6.2024,8.459,3.1809,-14.6733,-2.4582
2024-09-23,-102.5,5.6267,3.3953,-0.7155,-13.0666,-0.006888,-4.75,-0.0517,0.004522,30.0,223.629,0.1248,6.5621,8.3256,3.1907,-14.5962,-2.1969
2024-09-24,-89.0,4.4226,2.573,-1.06,159.713,-0.011024,-4.6,-1.2938,-0.02031,26.5143,224.794,0.072,6.3155,8.523,3.1553,-14.8332,-2.1818
2024-09-25,-73.0,5.7671,2.9821,-0.8306,1.3679,-0.011951,-4.075,-0.8019,-0.040435,32.2135,219.958,0.085,6.3319,8.7333,3.106,-14.8905,-2.1852
2024-09-26,-45.0,3.9631,2.6974,-0.5544,-9.0984,-0.012645,-4.155,-0.8606,-0.047481,38.9157,212.145,0.0766,5.4075,9.088,3.0984,-14.4902,-2.0604
2024-09-27,-36.0,3.9179,2.5402,-0.6306,-11.878,-0.009286,-4.275,-1.6602,-0.077742,42.6654,215.061,0.0428,5.2593,10.1834,3.0448,-13.6215,-1.9537
2024-09-30,-34.75,4.4238,3.2177,-0.5974,149.812,-0.001635,-4.1,-1.5327,-0.05852,44.8255,217.299,0.0623,5.2318,10.1311,3.0417,-13.6963,-1.9563
2024-10-01,-33.5,5.7885,2.7994,-0.5845,150.466,0.003829,-3.95,-0.2461,-0.011442,45.0801,217.133,0.0502,5.2485,10.3496,3.0919,-13.4244,-2.0582
2024-10-02,-29.0,5.8518,2.8444,-0.67,0.2841,0.005778,-4.0,1.2192,-0.01267,44.9513,216.802,0.0529,5.1672,10.5195,3.0835,-13.684,-2.101
2024-10-03,-30.0,11.9734,3.028,-0.6009,-11.1509,0.006217,-4.4,2.6416,0.012237,58.851,256.267,0.0306,6.3338,12.3396,3.4844,-15.7344,-2.1084
2024-10-04,-32.0,10.0144,2.8384,-0.5444,-3.4468,0.010108,-3.8,2.6907,0.040111,47.972,217.637,0.025,6.6192,11.1785,3.023,-13.8333,-2.2861
2024-10-07,-35.0,8.5516,2.7137,-0.5043,117.043,0.015616,-3.9,0.976,0.014245,47.4751,218.204,0.0666,7.2894,11.0,3.0259,-13.6693,-2.0164
2024-10-08,-32.5,4.8623,1.9677,-0.4927,134.693,0.00807,-3.85,0.0615,-0.004973,47.5629,221.134,0.132,6.8865,11.25,2.9997,-13.6645,-2.0349
2024-10-09,-36.5,4.7766,2.1829,-0.4664,8.8709,0.011459,-3.875,-0.0313,-0.002821,47.4043,220.133,0.0535,6.5472,11.0592,2.9728,-13.8278,-2.0159
2024-10-10,-32.5,5.4244,3.3135,-0.5299,160.25,0.004698,-3.85,0.7779,0.004671,49.493,219.585,0.053,6.7,10.8669,2.9717,-13.9504,-2.0661
2024-10-11,-32.6,4.5804,3.3801,-0.4876,-0.7147,0.009947,-4.1,0.3526,-0.00061,48.6176,219.769,0.0722,6.7,11.375,2.9969,-14.0316,-2.0178
2024-10-14,-36.5,4.3294,3.1846,-0.4739,133.328,0.009121,-4.5,-0.0164,0.005591,48.9584,221.184,0.0484,6.7156,12.7326,2.9723,-14.1158,-2.0242
2024-10-15,-42.4,4.2156,2.3838,-0.4251,167.199,0.008902,-4.625,-0.2389,-0.00782,48.0351,224.215,0.0486,6.5622,10.9595,3.0593,-13.9551,-2.0372
2024-10-16,-46.0,4.5012,1.8221,-0.4666,4.2213,0.003952,-4.7,-0.281,-0.007115,50.3276,231.609,0.0451,6.9481,10.9446,3.1145,-13.9176,-2.0621
2024-10-17,-42.5,5.2412,2.2675,-0.4342,-13.1591,0.003593,-4.6,-0.3866,-0.005366,48.503,262.737,0.0173,6.6021,11.0186,3.331,-13.9665,-2.2803
2024-10-18,-36.5,5.386,1.8022,-0.439,-15.2621,0.002229,-4.525,-0.4658,-0.023998,46.6187,240.594,0.0406,6.4445,11.0479,3.4207,-13.8549,-2.7549
2024-10-21,-36.0,7.4184,1.4825,-0.4524,148.149,-0.000127,-4.3,-0.9908,-0.016066,47.9473,248.739,0.07,6.3681,10.8629,3.4897,-13.864,-2.965
2024-10-22,-39.5,5.3077,1.661,-0.4295,117.012,0.000786,-4.7,-0.3699,-0.013695,47.5819,254.72,0.0442,6.1087,15.6065,3.4701,-13.9325,-3.1112
2024-10-23,-41.25,6.1436,2.2716,-0.4919,5.3142,0.003845,-4.375,1.4096,-0.014424,47.2687,253.41,0.0258,8.9255,15.5,3.5196,-14.5624,-3.432
2024-10-24,-39.75,4.0968,1.7964,-0.4545,131.983,-0.000295,-4.5,0.2078,-0.021064,44.0,238.083,0.0142,6.619,10.5014,3.5433,-16.6524,-3.5531
2024-10-25,-43.5,7.0725,1.8152,-0.4401,144.74,0.013868,-4.53,-0.5236,-0.009096,41.5578,233.696,0.0271,7.036,10.685,3.5586,-14.5606,-3.567
2024-10-28,-43.5,6.5851,1.6202,-0.3381,-5.8956,0.008045,-4.45,-1.6831,-0.016822,41.1785,236.665,0.0392,7.2989,10.6651,3.6059,-14.5688,-3.5124
2024-10-29,-40.5,5.4822,1.1761,-0.3326,1.8848,0.003458,-4.3,-0.7247,-0.017225,45.8426,238.013,0.0386,7.4,10.3941,3.6324,-14.4899,-3.4829
2024-10-30,-40.1,4.4188,2.1705,-0.2451,-7.9899,0.007051,-4.5,-0.5185,-0.018603,53.2741,246.29,0.0472,8.3004,14.4693,3.5031,-14.2081,-3.4047
2024-10-31,-41.75,6.5428,1.8274,-0.3482,-3.8369,0.004542,-4.65,-0.6582,-0.029878,65.925,283.967,0.0092,8.234,12.75,3.7207,-13.7723,-3.3869
2024-11-01,-43.5,5.1895,1.7635,-0.2752,-4.1298,0.003424,-4.4,-0.4646,-0.022258,56.0745,245.513,0.0083,8.3186,12.75,3.2073,-13.7093,-3.5321
2024-11-04,-44.0,6.8061,1.6074,-0.2547,-6.744,0.010834,-4.275,-1.6459,-0.070033,57.0551,245.419,0.0475,8.2928,12.75,3.1543,-13.6015,-3.0855
2024-11-05,-39.0,8.6554,3.1431,-0.2005,71.7031,0.018409,-4.35,-1.8491,-0.021275,57.054,246.446,0.0966,8.2578,13.0,3.1237,-13.5364,-2.8934
2024-11-06,-33.5,12.6921,3.4785,-0.1472,11.8853,0.048832,-4.2,1.4606,-0.006727,28.4696,244.403,0.1142,8.62,13.2,2.9508,-13.5967,-2.7172
2024-11-07,-36.0,7.3348,2.4134,-0.2518,123.285,0.026419,-3.7,-1.3462,-0.014971,31.1115,235.555,0.0745,8.6009,12.7128,2.9812,-13.4991,-2.6415
2024-11-08,-32.8,6.4056,2.4414,-0.2286,2.1107,0.020477,-3.9,0.05,-0.01213,21.3026,239.384,0.1302,9.0833,12.7613,2.9661,-13.4134,-2.7081
2024-11-11,-24.7,5.4927,2.4936,-0.2145,-4.2113,0.035654,-3.7,1.132,0.010672,21.7258,245.256,0.0682,9.1366,13.0025,2.945,-13.4754,-2.7072
2024-11-12,-16.5,6.1463,2.3409,-0.1859,136.299,0.017723,-3.7,1.0975,0.010491,6.3748,251.373,0.1165,9.8113,12.8702,2.9403,-13.5099,-2.7618
2024-11-13,-14.5,6.8191,1.9987,0.0507,3.8725,0.011153,-3.9,0.0924,0.00534,33.9876,249.456,0.0814,9.8,12.8698,2.9309,-13.5224,-2.7699
2024-11-14,-11.0,7.5151,2.1962,-0.0892,-6.2526,0.020099,-4.025,0.8044,-0.00752,33.2776,257.475,0.0483,10.1,12.8656,2.8781,-13.5852,-2.7745
2024-11-15,-3.5,6.4654,1.7924,-0.15,-6.5097,0.007819,-4.2,0.3373,-0.006146,31.2859,256.041,0.0662,9.0495,12.75,2.8754,-13.5211,-2.7946
2024-11-18,8.2,5.4856,2.6839,-0.27,-6.8768,0.003944,-4.05,-0.5583,0.007468,68.112,248.169,0.0724,9.1349,12.7252,2.8859,-13.5158,-2.8302
2024-11-19,7.0,6.9148,2.6655,-0.3574,129.667,0.013491,-4.65,-1.5416,0.001122,54.5561,281.901,0.0874,10.5969,14.5622,3.3022,-15.3472,-2.9016
2024-11-20,3.5,6.6904,2.4382,-0.29,5.2112,0.041425,-4.15,-1.1099,0.004805,53.2991,252.423,0.0836,9.4058,12.5834,2.8693,-13.5252,-3.2418
2024-11-21,-12.75,6.1727,2.6493,-0.2726,136.085,0.0166,-4.125,-0.1839,-0.005986,49.4945,279.967,0.0953,10.0976,12.5592,2.9388,-13.7377,-2.7802
2024-11-22,-8.75,6.8116,3.1268,-0.225,-6.4525,0.010899,-4.075,-0.4624,0.007445,44.0,266.898,0.1518,10.109,12.845,2.908,-13.7132,-2.9058
2024-11-25,-27.75,6.0214,2.7779,-0.1934,3.7733,0.014894,-3.925,-0.8196,-0.02095,45.105,312.018,0.1537,10.1477,12.6872,2.9362,-13.6011,-2.8903
2024-11-26,-41.5,4.9038,3.0216,-0.0721,130.519,0.016165,-4.05,-2.4263,-0.01467,56.1414,398.678,0.1613,10.2477,12.6448,2.9474,-13.4666,-2.8711
2024-11-27,-42.0,4.7675,2.9851,-0.1399,6.9337,0.010662,-4.035,-1.9103,-0.012754,57.5296,383.09,0.1274,10.2338,12.2237,2.9115,-13.1562,-2.6849
2024-11-28,-31.5,4.4944,3.1275,-0.1999,-5.3415,0.008954,-4.175,-2.1171,-0.005797,56.4511,387.142,0.1278,9.6543,12.6552,2.8793,-13.2969,-2.6844
2024-11-29,-37.0,4.3603,2.8232,-0.24,1.1406,0.013998,-4.05,-2.654,0.017896,63.7669,305.019,0.1369,9.5616,12.655,2.858,-12.9691,-2.8062
2024-12-02,-41.0,5.977,4.5109,-0.215,134.065,0.019601,-4.025,-1.4972,0.024806,62.4831,280.089,0.1171,9.5051,12.6865,2.8214,-12.9315,-2.786
2024-12-03,-46.7,4.7589,3.3072,-0.2,151.042,0.029718,-4.025,-0.5533,0.011215,60.0378,304.966,0.0684,9.1671,12.8064,2.8378,-12.8878,-2.911
2024-12-04,-53.0,4.5852,3.4024,-0.05,1.1044,0.013093,-4.0,-1.5025,-0.009928,56.7999,246.495,0.0673,8.6984,13.0,2.84,-13.0348,-2.7949
2024-12-05,-45.0,3.9934,3.4785,-0.11,0.0702,0.01222,-4.0,-2.498,-0.007175,55.6581,259.125,0.0669,8.5148,13.4349,2.8407,-13.0451,-2.9307
2024-12-06,-42.0,3.26,3.2305,-0.1499,-7.1476,0.009864,-3.875,-4.474,0.003876,55.6747,298.078,0.1377,8.7237,13.4542,2.8682,-13.2055,-3.5266
2024-12-09,-48.0,3.5702,3.4442,-0.22,150.617,0.019285,-3.575,-3.7706,0.007258,61.1151,329.703,0.0625,8.3195,13.5117,2.8899,-13.2484,-3.8281
2024-12-10,-36.0,3.2724,4.7622,-0.18,124.059,0.032196,-3.575,-3.5308,0.002432,58.1153,352.569,0.1371,8.4078,13.3285,2.9534,-13.3599,-4.0037
2024-12-11,-8.3,4.0022,5.3736,-0.1113,0.6851,0.038473,-3.65,-0.3341,0.026734,57.7777,256.249,0.1192,8.4269,13.2193,2.9668,-13.1918,-4.3341
2024-12-12,2.5,4.2625,3.7202,-0.2576,-5.1494,0.018542,-3.4,0.1383,0.003469,61.7313,257.543,0.1107,8.7128,13.6192,2.9363,-12.8668,-4.2275
2024-12-13,0.2,5.8955,3.6062,-0.1921,-6.6359,0.027876,-3.425,0.7001,0.003994,58.7757,268.073,0.0956,9.1924,25.8533,2.9597,-12.8371,-4.0104
2024-12-16,-5.0,6.3895,5.7848,-0.4028,135.326,0.02262,-3.725,-0.7255,0.000506,66.2676,304.343,0.1307,12.028,24.6459,3.8211,-14.6738,-3.9042
2024-12-17,-13.5,9.7733,5.7263,-0.3698,136.646,0.038218,-3.025,-0.2028,-0.010608,57.4601,299.265,0.0777,10.2634,22.2991,3.3778,-12.7378,-4.7809
2024-12-18,-8.8,6.168,5.2422,-0.28,2.7724,0.045456,-3.175,-0.1868,0.003497,50.0967,473.496,0.0836,8.6415,19.7654,2.9496,-12.7944,-4.0767
2024-12-19,3.0,9.4326,5.2697,-0.27,-14.4253,0.069146,-2.85,3.3207,0.013465,59.482,422.812,0.1205,8.6105,14.5466,2.948,-13.3109,-3.6709
2024-12-20,-14.0,8.1635,4.5752,-0.1405,-1.9546,0.036175,-2.7,0.1908,-0.008963,60.5878,295.908,0.1703,9.2,7.4203,2.9991,-29.9636,-3.7454
2024-12-23,-32.0,6.845,4.1495,-0.3366,118.08,0.041533,-3.9,-0.6595,-0.008913,67.9984,285.587,0.114,14.6952,9.0112,4.2568,-23.5793,-3.8631
2024-12-24,-31.0,9.5559,4.6168,-0.2171,8.2844,0.049708,-3.9,-0.6509,-0.007397,53.0,279.718,0.1404,13.32,8.3023,4.4729,-23.8153,-4.7062
2024-12-25,-30.7501,9.5614,4.6147,-0.2126,7.8851,0.044263,-3.925,-0.05,0.00242,53.0,279.316,0.1408,13.3022,8.2854,4.4871,-21.9963,-4.6847
2024-12-26,-32.0,8.6332,10.8331,-0.1243,139.393,0.102079,-3.9,-0.2749,-0.032402,54.3431,301.46,0.1879,13.3266,8.3016,4.4814,-16.45,-4.736
2024-12-27,-29.0,11.1008,6.3261,0.008,-1.3512,0.131523,-4.0,-0.1917,-0.01459,35.5824,275.743,0.1317,7.3,8.8015,4.42,-14.916,-4.348
2024-12-30,-12.0,4.8127,8.6941,-0.1237,137.646,0.124429,-4.5,0.0551,0.030231,74.635,258.364,0.1249,8.2764,14.4012,2.9908,-13.1617,-3.9171
2024-12-31,11.5,7.0243,9.034,-0.0524,-2.2573,0.080361,-4.2,0.7342,0.079456,82.8664,257.702,0.1248,8.075,13.7273,2.9235,-13.1833,-3.6241
2025-01-01,10.5248,9.7781,9.9328,-0.0355,1.9891,0.127758,-4.2826,0.7302,0.078694,82.8836,252.238,0.1241,8.1003,13.7387,2.9244,-13.1549,-3.5897
2025-01-02,0.0,5.0279,6.3568,-0.2779,-4.655,0.02563,-3.975,-0.4309,0.007825,77.9625,244.633,0.0988,8.2217,14.5497,2.8104,-13.0269,-3.5613
2025-01-03,7.0,5.9837,5.3831,-0.3008,-15.5012,0.026099,-3.95,0.4275,0.029014,78.5691,256.698,0.199,8.3169,14.589,2.7999,-13.0669,-3.4086
2025-01-06,6.5,6.1553,4.9951,-0.27,145.263,0.019047,-3.6,-0.0661,0.009807,78.476,257.543,0.1251,8.2155,15.2512,2.8096,-13.0191,-3.3301
2025-01-07,11.9,5.146,5.7487,-0.365,145.823,0.012206,-3.725,0.3775,-0.003744,78.0459,263.828,0.1528,8.856,15.1808,2.7921,-13.1468,-3.3053
2025-01-08,5.0,7.3109,8.7233,-0.3301,3.7944,0.039757,-3.725,1.355,0.020443,79.8719,238.293,0.0915,9.7183,15.6163,2.7983,-13.1369,-3.3098
2025-01-09,-10.0,7.5361,8.1841,-0.42,-9.5427,0.030476,-3.85,1.0097,0.007561,99.0881,268.072,0.046,11.6072,17.8021,3.1838,-13.1407,-3.3817
2025-01-10,-25.5,6.7995,5.7616,-0.3,-7.3382,0.021497,-3.525,2.3299,0.019241,76.5172,231.198,0.0917,10.2213,15.6629,2.7829,-13.1242,-3.9282
2025-01-13,-30.3,9.6574,5.3177,-0.31,-8.6459,0.025312,-3.45,4.3238,0.034576,77.9216,249.776,0.0695,10.1,15.65,2.779,-13.1193,-3.3634
2025-01-14,-33.5,7.782,6.528,-0.345,-8.6459,0.019552,-3.45,1.7801,-0.001691,77.6805,250.947,0.0699,10.4188,15.65,2.794,-13.1828,-3.3056
2025-01-15,-32.5,7.7,6.6077,-0.3,-8.6459,0.010812,-3.9,-2.254,0.002896,76.1392,240.527,0.0032,10.7164,15.65,2.789,-13.0537,-3.312
2025-01-16,-48.75,13.5612,6.1459,-0.5021,-8.6459,0.018444,-4.4,-0.6765,0.017024,76.3061,242.882,-0.0054,10.8866,15.4,2.7671,-12.8219,-3.315
2025-01-17,-36.0,7.5195,5.7998,-0.4661,-8.6459,0.019583,-4.175,-1.8598,0.00763,77.3321,255.416,0.0295,10.8,15.5,2.7589,-12.8523,-3.3479
2025-01-20,-60.5,7.8411,6.632,-0.4502,-8.6459,0.000748,-5.55,-1.8509,-0.027938,79.451,251.563,0.0257,10.8148,15.0621,2.7843,-12.7973,-3.3257
2025-01-21,-68.0,4.6853,6.2102,-0.435,-8.6459,0.001514,-4.75,-2.2554,-0.00865,77.2349,248.717,0.0708,10.2289,15.3,2.8237,-12.7872,-3.3164
2025-01-22,-62.0,4.2729,5.1053,-0.3264,-8.6459,0.003697,-3.725,-1.6509,-0.011999,80.7326,234.839,0.0426,10.0064,15.3,2.8394,-12.7584,-3.3434
2025-01-23,-51.0,2.1917,5.6143,-0.3363,9.1546,0.014412,-3.55,1.0751,-0.023078,73.9841,271.683,0.0859,10.1,14.7976,2.9225,-12.9257,-3.4303
2025-01-24,-36.0,0.806,5.3118,-0.3689,27.4944,0.007581,-3.9,-3.4177,-0.033168,73.0,234.287,-0.0061,10.1,14.6366,2.9641,-12.9681,-3.71
2025-01-27,-30.0,1.4566,4.092,-0.359,4.7568,0.011099,-3.78,-4.8528,-0.01224,74.1191,232.594,-0.1898,10.0803,14.4144,2.9631,-13.246,-3.8133
2025-01-28,-26.5,2.5907,5.4202,-0.3536,10.4692,0.010705,-3.75,-2.3013,-0.010347,83.0642,229.824,-0.0214,10.6635,14.445,2.9884,-13.525,-3.8726
2025-01-29,-25.5,1.0984,4.3527,-0.3619,10.4692,0.011184,-3.825,1.5436,-0.010487,84.6663,238.498,0.0422,10.6564,14.5265,3.0146,-12.8251,-4.1692
2025-01-30,-25.0,2.6095,4.3347,-0.3337,10.4692,0.009198,-4.2,-0.2334,-0.002033,81.5133,233.009,0.1256,10.4556,14.7156,3.1651,-12.4807,-3.9392
2025-01-31,-22.0,4.2468,5.9956,-0.35,12.9911,0.016269,-4.025,-0.5759,0.009914,84.242,233.172,0.1111,9.5226,14.7205,3.2165,-14.1864,-3.9983
2025-02-03,-11.4987,6.9115,7.3425,-0.3359,10.4676,0.031792,-4.15,0.8501,0.047514,83.5493,236.836,0.0966,9.8074,14.8041,3.2874,-12.5358,-4.1926
2025-02-04,-24.0,3.6691,6.1218,-0.3793,10.4668,0.010108,-4.375,-1.4431,-0.002932,82.2191,224.629,0.0844,10.2622,15.028,3.2873,-12.1971,-4.0276
2025-02-05,-14.0,4.4325,6.6354,-0.3834,4.7535,0.012155,-4.35,-3.4037,0.007451,83.5721,228.715,0.06,10.3694,15.0463,3.3222,-12.0608,-3.9749
2025-02-06,-19.3,6.0983,5.6118,-0.4452,9.9853,0.01639,-4.675,-1.5436,0.021818,104.128,253.118,0.0616,11.8456,17.0487,3.7966,-13.6776,-3.9465
2025-02-07,-21.0,5.0548,4.8695,-0.4083,10.4618,0.010622,-4.175,-1.5531,0.000827,83.0535,217.811,-0.0056,10.2905,14.8017,3.3332,-12.0606,-4.5023
2025-02-10,-15.5,5.1391,7.5929,-0.4129,10.461,0.012294,-4.16,0.292,0.016916,82.4908,215.414,0.0614,10.2027,14.8529,3.3079,-12.0961,-3.9838
2025-02-11,-27.0,5.6996,7.7814,-0.3818,10.4693,0.01289,-4.125,0.2974,0.004311,81.4739,220.949,0.0811,9.95,14.9182,3.3177,-12.0832,-4.2036
2025-02-12,-30.0,5.8792,7.6203,-0.4127,1.9006,0.014922,-3.875,0.5981,0.009361,81.4318,221.848,0.0244,10.0,14.8614,3.3201,-12.1854,-4.1679
2025-02-13,-28.5,6.7974,8.5183,-0.4361,30.0,0.008539,-4.15,-0.9536,0.000441,80.277,219.632,0.0375,9.9756,14.62,3.326,-11.9663,-3.9655
2025-02-14,-23.9948,5.0597,6.1376,-0.4589,7.2671,0.007762,-4.2,-2.1574,-0.02152,81.8034,214.202,0.0233,10.0,14.6192,3.3435,-11.8895,-3.9523
2025-02-17,-28.0,3.854,6.793,-0.4524,10.4692,0.011024,-4.125,-2.1726,0.001085,79.9254,213.749,-0.0278,10.0561,14.5747,3.3447,-11.7869,-3.9728
2025-02-18,-31.0,4.3379,5.5638,-0.4665,10.4692,0.007125,-4.05,-1.1788,-0.007199,80.9953,215.027,0.0855,10.0563,14.7171,3.3362,-11.8507,-4.011
2025-02-19,-33.0,4.8255,5.1062,-0.5025,4.7473,0.006649,-4.15,-0.8725,0.003287,79.8267,217.247,0.0721,9.9612,14.7074,3.3455,-11.8607,-4.0771
2025-02-20,-41.0,3.5483,5.2908,-0.6023,10.455,0.002086,-4.3,-0.9674,-0.01901,64.3587,214.927,0.0902,10.3414,14.4541,3.3995,-12.1392,-4.065
2025-02-21,-39.0,3.5529,5.2477,-0.5319,10.4538,0.006245,-4.3,-0.8927,-0.014551,45.3029,209.64,0.0839,10.335,14.5,3.3833,-12.0781,-4.1003
2025-02-24,-38.8,1.9993,7.897,-0.6004,10.4434,0.001127,-4.325,-3.4139,-0.017078,27.1146,211.088,0.1201,10.3372,14.5651,3.3851,-12.078,-4.1472
2025-02-25,-43.6,2.7713,4.3079,-0.5571,10.4418,0.006623,-4.35,-1.907,-0.018368,27.0,212.942,0.0975,10.3648,14.4028,3.3941,-12.0514,-4.2481
2025-02-26,-45.5,4.8848,4.2499,-0.5441,4.7299,0.00927,-4.375,-2.1533,-0.022638,25.2126,209.788,0.0852,10.3645,14.0533,3.4873,-12.0493,-4.2345
2025-02-27,-31.0,2.8591,5.2553,-0.5449,9.1186,0.008626,-4.55,0.7456,0.00058,84.754,210.778,0.1502,10.2353,14.3034,3.3307,-11.7203,-4.1748
2025-02-28,-33.0,5.8782,4.5608,-0.5134,9.0981,0.008521,-4.575,0.989,-0.000829,84.5243,211.694,0.1589,10.46,14.55,3.3203,-11.7819,-4.1737
2025-03-03,-40.5,3.5716,5.3699,-0.4914,29.2192,0.007487,-4.5,-1.0642,-0.007903,78.674,208.397,0.1427,10.26,14.5203,3.3227,-11.8406,-4.0856
2025-03-04,-36.25,4.094,4.542,-0.5536,29.1756,0.005549,-4.625,-2.5962,-0.030769,84.6138,214.726,0.1443,9.9387,14.5224,3.4344,-11.7243,-4.004
2025-03-05,-40.0,5.4262,6.1615,-0.5109,4.0498,0.004389,-4.85,-3.8723,-0.036299,84.7311,208.796,0.0865,9.8053,14.0909,3.5674,-11.6627,-4.0234
2025-03-06,-38.7,1.1314,4.6225,-0.5497,9.0398,0.006726,-5.15,-3.2838,-0.014222,80.8684,236.042,0.0611,9.9555,13.7389,3.8282,-11.658,-4.0933
2025-03-07,-38.25,-0.4383,5.6778,-0.5778,11.2252,0.007116,-5.3,-5.035,-0.024972,82.3126,203.841,0.0692,10.15,13.7173,3.9172,-11.5577,-4.3612
2025-03-10,-40.5,3.7359,7.274,-0.5999,27.7581,0.009374,-5.0,-1.8735,-0.029786,80.8337,203.399,0.0596,9.99,13.4468,3.9659,-11.5119,-4.456
2025-03-11,-41.7,8.178,6.6385,-0.5516,27.6684,0.007202,-5.05,-0.7322,-0.043601,83.5576,207.968,0.1284,9.99,13.1556,4.0197,-13.1459,-4.5085
2025-03-12,-43.5,8.3958,5.2912,-0.5243,1.6298,0.008302,-5.075,-0.7683,-0.030318,85.2617,207.897,0.0983,9.9397,13.0915,4.0155,-11.4321,-4.6584
2025-03-13,-42.8,5.7635,4.7554,-0.5142,4.9722,0.010312,-4.8,0.2586,-0.017859,84.9261,201.574,0.0141,9.7513,12.9204,3.9873,-11.3928,-4.6477
2025-03-14,-38.5,5.3244,5.2666,-0.5327,28.4549,0.007432,-4.575,-1.9085,-0.015996,88.541,198.946,0.1557,9.7529,12.9765,3.9699,-11.4977,-4.6189
2025-03-17,-35.75,3.2712,6.4842,-0.5519,28.3979,0.007035,-4.705,-2.5675,-0.014582,88.7296,198.373,0.0323,10.3346,13.1403,3.9787,-11.447,-4.6501
2025-03-18,-40.0,6.3153,6.2022,-0.597,28.3979,0.006485,-4.775,-1.1109,-0.009938,88.9772,203.606,0.0213,10.234,13.4751,4.0029,-11.6157,-4.8869
2025-03-19,-39.5,16.5688,7.2613,-0.5376,1.6527,0.006995,-4.6,-0.8932,-0.011691,86.9106,205.048,0.0899,10.2625,13.4471,3.9853,-11.6345,-4.7432
2025-03-20,-37.9901,9.8951,14.2512,-0.5494,12.707,0.006219,-4.875,-1.5502,-0.002719,86.9757,201.768,0.1225,10.7752,13.5,3.9742,-11.5547,-4.7256
2025-03-21,-39.0,6.2888,15.5555,-0.5882,10.4177,0.00821,-4.2,-0.3299,-0.004122,86.0797,201.041,0.0499,11.0966,12.8812,4.0113,-12.5668,-4.7788
2025-03-24,-41.0,6.6203,18.5642,-0.5166,28.4593,0.005656,-3.83,-0.0377,-0.012163,85.0,198.861,0.0899,10.6819,12.4317,4.0224,-12.3715,-4.8331
2025-03-25,-44.5,9.5135,17.8729,-0.6202,7.9885,0.00748,-3.475,-0.4878,-0.025163,87.5628,194.134,0.0309,10.3552,12.0732,4.0323,-12.1718,-4.9064
2025-03-26,-56.0,5.3124,5.4673,-0.5632,-4.6214,0.011333,-4.125,-0.5217,-0.00783,86.4871,188.392,0.0671,10.2329,12.0,4.006,-12.2178,-4.9334
2025-03-27,-38.4,5.4282,7.3033,-0.4935,8.6949,0.010196,-5.0,-0.8786,-0.010927,86.3048,187.171,0.0535,10.2852,12.1263,4.0273,-12.2237,-4.9969
2025-03-28,-39.2,5.382,7.5723,-0.5267,28.3999,0.011455,-5.225,0.5312,-0.02145,85.1254,189.67,0.0311,10.1667,13.0,3.9678,-11.5373,-4.9118
2025-03-31,-36.75,5.3924,7.0687,-0.5422,28.3999,0.009385,-5.3,-0.7283,-0.019196,88.5146,193.249,0.035,10.1668,13.1,3.9422,-11.5265,-4.8602
2025-04-01,-35.0,5.7861,7.3417,-0.4819,28.3989,0.007343,-5.25,-0.3515,-0.016443,90.1907,193.647,0.0396,10.252,13.4333,3.9473,-11.4886,-4.9031
2025-04-02,-41.0,6.2439,7.267,-0.5401,1.6599,0.00886,-5.0,-1.1643,-0.017087,89.8722,193.759,0.0064,10.1528,13.5953,3.977,-11.4968,-4.9787
2025-04-03,-31.5,6.4679,7.8169,-0.4995,8.6885,0.007468,-4.8,0.0197,-0.018568,88.7999,191.67,-0.03,9.8622,13.6558,4.0326,-11.2646,-4.7661
2025-04-04,-29.2,10.6526,6.57,-0.5372,8.6537,0.009394,-4.5,0.2382,-0.019853,90.6165,197.675,0.0004,9.8793,13.655,4.0205,-11.3811,-4.8584
2025-04-07,-38.0,17.3612,6.9151,-0.5682,9.2913,0.030396,-4.5,0.9127,0.01507,96.2131,198.188,0.02,10.25,14.5,4.0419,-11.5606,-4.8463
2025-04-08,-47.5,11.6138,8.8539,-0.5507,28.9978,0.017957,-4.8,0.3133,-0.017691,96.1379,313.983,0.005,11.1,14.0794,3.9925,-11.3267,-4.8033
2025-04-09,-57.0,19.3976,6.0841,-0.5461,3.1685,0.020718,-6.95,-0.8123,-0.050368,59.9044,313.816,-0.0012,11.6651,22.4172,6.4653,-11.2319,-4.9085
2025-04-10,-42.0,8.7364,5.5098,-0.5004,9.1554,0.009548,-5.1,-5.963,-0.056583,54.0232,203.551,0.0485,12.1594,16.3,4.798,-11.2563,-7.1279
2025-04-11,-49.0,8.6822,4.5825,-0.4916,9.1684,0.00918,-5.05,-8.0108,-0.176092,31.1302,200.12,0.0176,10.2852,13.9819,4.2509,-11.2028,-5.1013
2025-04-14,-53.5,3.167,4.6191,-0.5676,9.1978,0.014476,-4.95,-9.1682,-0.111664,29.2302,193.479,-0.032,9.6461,14.002,4.2587,-11.1495,-5.0789
2025-04-15,-54.75,5.9508,6.6041,-0.6074,28.5685,0.008615,-4.6,-4.3601,-0.109,31.1089,200.15,0.0021,9.5392,13.613,4.3303,-11.0358,-5.161
2025-04-16,-55.0,5.8639,4.8458,-0.602,2.1125,0.008444,-4.85,-5.4952,-0.125217,92.3997,200.072,0.0351,9.8571,13.2647,4.7062,-10.9967,-4.9347
2025-04-17,-57.75,4.9669,4.3787,-0.6202,8.7507,0.008194,-5.05,-3.2593,-0.096688,91.3216,199.825,0.0108,9.7778,13.25,4.7929,-10.9854,-5.0436
2025-04-18,-56.5,4.9585,5.5462,-0.6383,8.722,0.007913,-5.0882,-1.9274,-0.043611,78.2692,198.75,0.0019,10.0646,13.1443,4.8337,-12.5336,-4.9923
2025-04-21,-56.5,4.6098,4.0465,-0.717,8.733,0.006745,-5.175,-3.2581,-0.057051,91.0552,193.305,-0.0003,10.0364,13.0828,4.8562,-11.0129,-4.9866
2025-04-22,-82.0,4.9392,5.4299,-0.8036,28.5771,0.008018,-5.475,-2.94,-0.045905,83.8305,218.013,0.0188,11.6,20.1001,5.6474,-11.1302,-5.0001
2025-04-23,-76.0,4.0703,5.2642,-0.6433,2.0703,0.006898,-4.975,-2.3445,-0.045671,61.7297,189.073,0.0165,10.0166,18.4463,4.8899,-11.1221,-4.8956
2025-04-24,-51.0,4.255,5.0641,-0.7812,8.7686,0.008192,-5.05,-2.697,-0.017104,60.0,189.543,0.0059,9.7971,12.843,4.9063,-14.4804,-4.8423
2025-04-25,-44.0,4.6304,5.7469,-0.699,8.7299,0.008013,-4.925,-1.1991,-0.027124,61.194,190.751,0.0141,9.7,12.5156,4.9784,-11.6605,-4.8065
2025-04-28,-42.7,1.8561,5.4666,-0.6084,8.6787,0.013677,-5.0,-1.8117,-0.026328,60.7442,190.123,0.0537,9.9529,12.6027,5.1081,-11.2533,-4.8057
2025-04-29,-43.0,2.8068,6.0463,-0.6394,8.6787,0.012401,-5.05,-3.3403,-0.08268,89.4921,192.016,0.1037,9.8061,12.9113,4.8136,-11.2297,-4.8338
2025-04-30,-36.75,0.1958,4.2699,-0.627,8.6787,0.009253,-5.8,-2.1351,-0.054422,92.3112,195.904,0.1251,9.069,12.9114,4.796,-11.1635,-4.8185
2025-05-01,-38.0,-0.0458,5.4021,-0.6005,8.6787,0.009471,-5.8,-1.034,-0.040887,87.99,195.722,0.0827,8.8858,12.9262,4.7816,-11.2543,-4.692
2025-05-02,-41.0,2.1844,3.8024,-0.5801,8.6787,0.007109,-5.25,-6.6833,-0.13234,94.0806,196.869,0.0597,7.9172,12.9114,4.813,-11.2648,-4.6386
2025-05-05,-41.5,2.3295,3.7904,-0.5813,8.6787,0.008126,-5.2,-7.3992,-0.410859,94.8941,195.333,0.0518,7.8861,12.8471,4.7987,-11.2465,-4.629
2025-05-06,-42.2,6.3597,3.9768,-0.6058,8.6787,0.012492,-5.175,-3.9851,-0.314904,97.3762,199.904,0.0451,7.5446,12.8887,4.8118,-11.152,-4.6044
2025-05-07,-43.75,7.6665,5.5422,-0.6192,8.6787,0.01679,-5.25,-1.7419,-0.156134,99.3258,193.138,0.0821,7.2578,12.7589,4.8304,-11.1418,-4.6108
2025-05-08,-43.0,5.4186,5.5,-0.5919,8.6787,0.018307,-5.2,0.4454,-0.034102,99.6591,187.558,0.0472,7.7982,12.8008,4.7632,-11.2932,-4.6423
2025-05-09,-40.0,5.0656,4.7356,-0.5859,8.6787,0.017756,-5.125,-0.0152,-0.147955,98.0592,188.51,0.0718,7.6327,12.7983,4.7418,-11.2993,-5.4854
2025-05-12,-41.3,5.6685,3.4787,-0.6448,8.6787,0.015091,-5.2,1.6376,-0.091029,96.653,187.444,0.0799,6.9,12.9616,4.6765,-11.487,-4.7793
2025-05-13,-42.0,5.25,4.2585,-0.6402,8.6787,0.015595,-5.15,0.7382,-0.051995,96.5094,187.432,0.0275,6.2347,13.2081,4.6887,-11.4648,-4.7777
2025-05-14,-43.1,3.4915,4.1066,-0.6016,8.6787,0.015054,-5.215,-0.8179,-0.079751,95.9476,188.798,0.1499,6.1698,13.25,4.6977,-11.3047,-4.7413
2025-05-15,-48.5,3.8389,4.5271,-0.698,8.6787,0.015328,-6.1,-0.1014,-0.04783,118.865,213.983,0.0426,7.0393,15.25,5.3497,-12.8757,-4.5915
2025-05-16,-41.5,3.2144,3.7534,-0.6254,8.6787,0.013704,-5.45,0.3785,-0.027829,96.5754,187.758,0.0082,6.3755,13.1711,4.6608,-11.2548,-4.6558
2025-05-19,-42.6,3.6696,3.1233,-0.6408,8.6787,0.008541,-5.55,-0.9235,-0.039201,98.0335,188.316,0.041,7.0372,13.5,4.7086,-11.1971,-4.6171
2025-05-20,-43.0,4.7035,3.3228,-0.659,8.6787,0.012091,-5.55,-2.3135,-0.031324,97.4413,199.445,0.0515,6.7485,13.5,4.7198,-11.1585,-4.646
2025-05-21,-44.3,3.1442,3.4168,-0.7081,8.6787,0.012503,-5.625,-2.1742,-0.100598,96.0233,200.81,-0.0116,6.6527,13.4,4.7432,-11.0635,-4.624
2025-05-22,-42.9,1.4798,3.5854,-0.8298,8.6787,0.01261,-5.5,-2.4985,-0.059163,95.0,195.883,-0.0005,6.5188,13.2564,4.9624,-11.3376,-4.6824
2025-05-23,-42.75,0.8801,3.7726,-0.863,8.6787,0.006188,-5.7,-4.1589,-0.145618,87.6066,186.869,-0.0084,6.5258,13.3049,5.0066,-11.321,-4.623
2025-05-26,-41.5,1.8857,4.5746,-0.7761,8.6787,0.007015,-5.625,-2.476,-0.130031,91.5925,184.138,-0.0041,6.3898,13.2416,5.0201,-11.2741,-4.6523
2025-05-27,-43.0,3.2376,4.5855,-0.6685,8.6787,0.008542,-5.45,-2.0991,-0.079758,91.9212,180.41,-0.0204,6.2567,12.926,4.9911,-11.371,-4.6984
2025-05-28,-42.0079,2.4262,4.4882,-0.8639,8.6787,0.008076,-5.395,-0.6251,-0.07432,93.4664,181.314,-0.0068,6.1649,12.875,4.9789,-11.4495,-4.7359
2025-05-29,-39.25,4.6203,3.6687,-0.5565,8.6787,0.007531,-5.45,-1.6608,-0.068069,94.3281,181.125,-0.0078,6.1874,15.0419,4.709,-11.1723,-4.7818
2025-05-30,-38.5,4.6653,4.1504,-0.5749,8.6787,0.008087,-5.45,-0.0413,-0.056189,95.0266,181.96,-0.0125,6.2222,13.3815,4.6909,-11.1877,-4.6958
2025-06-02,-40.2,2.7759,3.7963,-0.5984,8.6787,0.007674,-5.5,0.0337,-0.067219,95.8665,177.121,-0.0176,6.2059,13.5,4.7127,-11.009,-4.7506
2025-06-03,-41.0,4.4225,2.359,-0.6002,8.6787,0.00922,-5.71,0.6003,-0.058125,97.7706,167.569,-0.0203,6.2275,13.7748,4.7652,-11.0071,-4.7464
2025-06-04,-39.5,4.1202,2.5433,-0.6034,8.6787,0.008086,-6.35,-0.291,-0.063287,96.3647,162.825,-0.0322,6.4952,13.8081,4.8432,-10.9316,-4.6538
2025-06-05,-39.0,4.3065,2.4224,-0.5694,8.6787,0.007846,-6.1,-1.6208,-0.042911,94.8827,161.208,-0.0437,6.5383,13.85,5.1081,-10.9581,-4.6471
2025-06-06,-42.7,4.0664,1.8565,-0.5476,8.6787,0.007718,-6.1,-0.5334,-0.037368,92.5356,161.631,-0.0448,6.5683,13.6601,5.1735,-11.0966,-4.6612
2025-06-09,-41.7,3.7949,1.9472,-0.5597,8.6787,0.013035,-6.2,-0.084,-0.04709,95.4785,161.094,-0.027,6.6895,13.6628,5.2701,-11.0828,-4.6682
2025-06-10,-47.2,4.3343,2.8585,-0.6957,8.6787,0.010986,-6.3,-0.4377,-0.024138,88.0695,180.122,-0.0322,7.6317,15.8096,6.0283,-12.6465,-4.5783
2025-06-11,-41.7,4.4936,2.8408,-0.5907,8.6787,0.015637,-5.675,-0.126,-0.013234,65.4537,156.625,-0.0273,6.8346,13.6347,5.3037,-11.0823,-5.2664
2025-06-12,-42.3,4.4242,2.5872,-0.6373,8.6787,0.00961,-5.9,-1.6599,-0.188109,60.8806,156.285,-0.0161,6.8949,13.4155,5.3606,-11.0339,-4.6158
2025-06-13,-41.0,5.7029,2.2452,-0.6024,8.6787,0.012169,-6.075,0.2861,-0.108587,59.8784,156.934,-0.0108,6.8931,13.2093,5.3777,-11.1281,-4.6724
2025-06-16,-42.2,4.8912,1.8188,-0.5842,8.6787,0.013719,-6.175,0.5294,-0.132897,59.7882,156.896,-0.0311,6.8486,13.4172,5.3835,-11.0779,-4.7058
2025-06-17,-42.3,6.3158,1.9978,-0.6015,8.6787,0.016036,-6.175,0.9016,-0.129495,91.0693,159.801,-0.0364,6.5512,13.3082,5.3487,-11.1355,-4.7343
2025-06-18,-39.9,6.7082,2.8086,-0.6085,8.6787,0.02743,-5.975,1.4926,-0.066527,86.853,160.139,0.0103,6.263,13.3018,5.3344,-11.1391,-4.7292
2025-06-19,-39.0,4.4677,2.3101,-0.5502,8.6787,0.018335,-5.9,2.2095,-0.018122,85.3009,163.811,0.0103,6.2627,13.25,5.3332,-11.1819,-4.6789
2025-06-20,-45.9947,4.2233,2.8401,-0.5241,8.6787,0.014273,-5.975,1.8703,-0.066106,81.5938,160.481,0.0145,6.2355,11.2735,5.4012,-11.8014,-4.694
2025-06-23,-40.5,4.5758,3.5125,-0.4901,8.6787,0.015741,-5.9,0.8477,-0.018117,83.0,156.538,0.0062,6.3,10.9266,5.4045,-11.9256,-5.4721
2025-06-24,-37.0,1.0642,3.5069,-0.5411,8.6787,0.009739,-6.1,-1.4977,-0.063169,85.903,151.687,0.0183,6.4278,10.8452,5.4048,-11.6837,-4.8142
2025-06-25,-52.25,0.5589,5.9139,-0.7884,8.6787,0.014562,-8.7,-2.6966,-0.149382,93.8304,210.07,-0.0002,10.0675,16.7619,7.6592,-16.6218,-4.7701
2025-06-26,-33.0,3.0023,3.822,-0.5818,8.6787,0.006459,-6.3,-3.4984,-0.253142,86.4105,137.96,-0.0051,7.426,11.36,5.4181,-11.5803,-6.6983
2025-06-27,-40.7,3.3858,3.1825,-0.5328,8.6787,0.005694,-6.375,-1.7512,-0.172335,90.6034,133.743,-0.002,6.2143,12.7054,5.4361,-11.2337,-4.8199
2025-06-30,-41.0,2.38,2.7485,-0.6117,8.6787,0.00563,-6.6,-1.1735,-0.098948,92.0939,134.183,-0.0063,5.7561,12.4639,5.4092,-11.2096,-4.8237
2025-07-01,-40.5,3.1453,2.2886,-0.5598,8.6787,0.009267,-6.75,-1.2088,-0.093534,91.0519,132.863,-0.0003,5.5445,12.275,5.4217,-11.1073,-4.8666
2025-07-02,-41.0,4.0445,2.2723,-0.5126,8.6787,0.013898,-6.475,-1.5693,-0.055759,92.992,135.671,-0.0062,4.8087,12.1003,5.4663,-11.2168,-4.8779
2025-07-03,-41.0,3.9828,2.7013,-0.5049,8.6787,0.015355,-6.375,-1.674,-0.049633,93.2396,135.337,-0.0206,4.7162,12.2021,5.4596,-11.3325,-4.751
2025-07-04,-40.5,3.7877,2.1958,-0.5516,8.6787,0.01372,-6.4,-2.4349,0.003315,92.462,135.09,-0.0205,4.7779,12.3375,5.4697,-11.1846,-4.7207
2025-07-07,-41.0,3.7256,2.0682,-0.5045,8.6787,0.011553,-6.3,-1.2072,-0.013839,93.2789,135.685,-0.0006,5.263,12.2916,5.4541,-11.1886,-4.7345
2025-07-08,-40.5,3.8199,1.9383,-0.507,8.6787,0.009783,-6.6,-0.5522,-0.03857,94.9793,140.234,-0.0004,5.8061,12.5366,5.4316,-11.2374,-4.7528
2025-07-09,-39.9,4.0707,2.2125,-0.4787,8.6787,0.010453,-6.5,-0.2912,-0.037567,95.0928,160.896,-0.0053,5.9705,12.7415,5.4399,-11.2411,-4.721
2025-07-10,-40.0,3.8826,1.8352,-0.4827,8.6787,0.011813,-6.5,0.6616,-0.047704,95.4675,147.101,-0.0074,5.2535,12.9841,5.4207,-12.8455,-4.6657
2025-07-11,-39.5,4.5437,2.0658,-0.5121,8.6787,0.013946,-6.45,-0.0519,-0.030447,94.2704,143.46,0.0029,4.6424,12.9164,5.4081,-11.3005,-4.6041
2025-07-14,-39.3,4.145,2.3442,-0.5031,8.6787,0.01141,-6.205,0.2784,-0.021213,95.1372,143.039,0.0117,4.7327,12.9226,5.4052,-11.3186,-4.5475
2025-07-15,-38.8,4.6049,2.3972,-0.5217,8.6787,0.011508,-6.65,-0.9557,-0.014109,95.3135,148.859,0.0281,4.628,12.9356,5.3723,-11.4623,-4.565
2025-07-16,-38.9,4.6164,2.6563,-0.5388,8.6787,0.012507,-6.85,-0.2168,0.002297,92.2819,148.111,0.0323,4.6451,12.9294,5.3761,-11.3628,-4.6836
2025-07-17,-39.5,4.5235,2.7998,-0.5359,8.6787,0.011118,-7.25,-0.2088,0.012847,93.3811,152.764,0.0193,4.5,13.0,5.381,-11.3687,-4.7413
2025-07-18,-40.9,4.1509,2.7206,-0.5115,8.6787,0.011096,-7.45,-0.5787,-0.012264,95.084,152.353,0.0323,4.5,12.9476,5.3925,-11.3648,-4.6815
2025-07-21,-42.5,4.2839,2.6931,-0.5213,8.6787,0.009571,-7.0,-2.1721,-0.005507,94.1644,151.414,0.0467,4.5185,12.8254,5.392,-11.242,-4.6454
2025-07-22,-41.5,4.1273,3.0301,-0.5452,8.6787,0.00988,-6.775,-2.5308,0.000203,95.6589,150.29,0.0458,4.4,12.8384,5.4144,-11.185,-4.5994
2025-07-23,-40.3,3.7058,4.0432,-0.5722,8.6787,0.009009,-6.25,-2.8045,-0.014362,95.3369,151.939,-0.0014,4.6213,12.477,5.4788,-11.398,-4.5186
2025-07-24,-38.5,3.539,3.4607,-0.5663,8.6787,0.003326,-6.325,-1.0587,-0.063151,93.0,142.149,-0.0007,4.6214,12.3762,5.5173,-11.4115,-4.4801
2025-07-25,-40.0,3.7515,4.2031,-0.5565,8.6787,0.008876,-6.475,-0.3968,-0.009055,95.3143,143.428,-0.0004,4.6215,12.3761,5.4948,-11.5471,-5.2052
2025-07-28,-44.7,4.0801,5.7099,-0.4967,8.6787,0.010792,-6.575,-0.1311,-0.000775,96.9842,144.686,0.004,4.4238,12.4371,5.4434,-11.6072,-4.6168
2025-07-29,-44.0,4.4362,4.0707,-0.49,8.6787,0.010358,-6.45,-0.3814,0.056802,98.8011,152.799,0.0,4.2879,12.1043,5.352,-11.6676,-4.7016
2025-07-30,-44.8,3.4872,4.4576,-0.4539,8.6787,0.008128,-6.625,-0.2864,0.003435,101.206,151.989,0.0,4.241,12.9673,5.2964,-11.3519,-4.6505
2025-07-31,-45.1,4.2773,4.2061,-0.4316,8.6787,0.017807,-6.725,1.3549,-0.001541,96.396,148.769,0.0,4.24,13.1173,5.2707,-13.1205,-4.6617
2025-08-01,-41.5,4.1535,3.7175,-0.3811,8.6787,0.017442,-6.9,-1.3667,-0.038965,96.8522,151.169,-0.01,4.4909,13.1792,5.3245,-11.3263,-4.725
2025-08-04,-41.75,3.6211,3.6692,-0.4295,8.6787,0.011002,-6.55,-1.4913,-0.029427,98.021,147.819,-0.02,4.4,13.2684,5.3264,-11.2172,-4.7124
2025-08-05,-42.0,3.4205,3.5755,-0.4168,8.6787,0.018198,-6.65,-1.1016,0.007737,96.7016,139.993,-0.0248,4.4,13.2734,5.332,-11.2147,-4.6937
2025-08-06,-42.0,1.912,4.3242,-0.6592,8.6787,0.01761,-6.6,-1.5859,-1e-06,95.7581,138.166,-0.0776,6.281,13.2087,5.3468,-11.2944,-4.6762
2025-08-07,-44.0,-1.475,2.866,-0.4686,8.6787,0.014555,-6.6,-1.8356,-0.009637,94.0651,136.093,-0.0392,4.2861,13.3,5.3395,-11.3448,-4.5757
2025-08-08,-44.1,1.3898,3.2674,-0.4574,8.6787,0.015289,-6.45,-1.1843,0.020283,92.5703,131.957,-0.0663,4.3613,13.1876,5.3646,-11.4035,-4.4868
2025-08-11,-42.8,0.5229,3.1489,-0.49,8.6787,0.012818,-6.45,-0.8072,-0.001386,93.8707,134.368,-0.0582,4.4631,15.1454,5.3871,-11.4444,-4.4978
2025-08-12,-42.5,1.047,2.9787,-0.425,8.6787,0.014178,-6.6,-0.8439,-0.016763,95.6399,136.707,-0.0702,4.3824,13.1646,5.4118,-11.405,-4.5783
2025-08-13,-39.5,0.0303,2.5136,-0.466,8.6787,0.006054,-6.55,-1.6591,-0.008368,94.8165,139.749,-0.071,4.4292,13.188,5.4214,-11.2498,-4.5468
2025-08-14,-39.7,0.5668,2.3427,-0.4935,8.6787,0.012067,-6.5,-0.2412,0.039315,94.5961,139.923,-0.0808,4.4216,13.0846,5.4058,-11.2539,-4.6162
2025-08-15,-39.7,0.2743,2.6515,-0.4901,8.6787,0.013101,-6.9,-0.4115,0.004329,93.2654,138.611,-0.0842,4.4709,13.0712,5.4049,-11.2363,-4.6157
2025-08-18,-38.0,1.1553,2.8426,-0.4924,8.6787,0.013207,-6.85,-0.687,-0.009124,92.4582,140.294,-0.0617,4.4118,13.2041,5.3959,-11.2473,-4.6112
2025-08-19,-39.7,1.8777,2.9052,-0.4789,8.6787,0.017788,-6.65,-0.6866,-0.021394,93.5178,142.475,-0.0103,4.4505,13.1813,5.396,-11.3186,-4.619
2025-08-20,-40.1,1.1451,2.6977,-0.5068,8.6787,0.025194,-6.645,-0.9472,-0.011288,95.3197,142.475,-0.0402,4.5469,13.1742,5.4057,-11.2983,-4.6198
2025-08-21,-45.4999,1.4601,4.1666,-0.6388,8.6787,0.014141,-7.9,-0.8392,-0.017792,113.185,163.145,-0.0327,5.3135,14.7259,6.2313,-13.2955,-4.6248
2025-08-22,-40.0,1.7194,3.8715,-0.531,8.6787,0.019168,-6.975,-1.0366,-0.029629,93.0444,142.154,-0.0234,4.6606,12.9309,5.5066,-11.5519,-5.3304
2025-08-25,-37.5,1.0526,4.666,-0.5004,8.6787,0.014948,-7.1,-1.2554,-0.003077,92.0,141.508,-0.0323,4.7025,12.93,5.5151,-11.5719,-4.6484
2025-08-26,-39.5,5.6155,3.9714,-0.4865,8.6787,0.016165,-7.95,-1.1988,-0.009744,88.8871,142.913,-0.034,4.8474,12.9563,5.4863,-11.5419,-4.647
2025-08-27,-40.6,4.1771,4.1787,-0.5216,8.6787,0.016204,-7.7,-0.9099,-0.010065,91.9537,143.821,-0.0126,4.2401,12.9613,5.462,-11.425,-4.6746
2025-08-28,-39.0,2.0938,3.313,-0.5502,8.6787,0.012909,-7.65,-1.7408,-0.0332,89.344,142.815,-0.0105,4.2658,13.4413,5.4121,-11.3239,-4.6599
2025-08-29,-41.5,8.7166,2.8036,-0.4775,8.6787,0.017348,-7.775,-1.2736,-0.025572,92.7698,140.016,-0.0169,4.4,13.4404,5.412,-11.3104,-4.6796
2025-09-01,-43.0,6.4341,2.6717,-0.472,8.6787,0.015007,-7.925,-1.0319,0.003183,92.2846,140.185,-0.0378,4.0455,13.2,5.4299,-11.299,-4.6803
2025-09-02,-44.0,2.7106,2.6652,-0.4778,8.6787,0.015693,-8.05,-0.7543,-0.001792,92.5197,136.203,-0.0395,3.56,13.4743,5.4115,-11.3676,-4.6802
2025-09-03,-42.5,3.3977,2.6234,-0.4754,8.6787,0.013886,-7.65,-0.2558,-0.018352,92.5059,131.083,-0.0497,2.0043,13.7059,5.4331,-11.3817,-4.6688
2025-09-04,-43.5,4.387,2.6333,-0.5026,8.6787,0.014626,-7.425,-0.4967,-0.016813,93.4149,134.229,-0.0339,2.4535,13.7631,5.4206,-13.1074,-4.6056
2025-09-05,-42.2,4.1636,2.6344,-0.4976,8.6787,0.014096,-7.3,-2.1902,-0.027088,93.797,152.483,-0.0309,2.5445,13.5338,5.4589,-11.4277,-4.5764
2025-09-08,-41.5,13.1558,2.7533,-0.488,8.6787,0.013225,-7.175,-4.445,-0.022893,94.6836,133.462,-0.0424,2.4403,13.4023,5.4877,-11.4985,-4.5632
2025-09-09,-44.1,5.812,2.0699,-0.5696,8.6787,0.011607,-6.925,-2.4134,-0.058544,92.5113,134.756,-0.0532,2.4,13.4089,5.5386,-11.4082,-4.5558
2025-09-10,-45.05,3.4648,2.7773,-0.5677,8.6787,0.016183,-7.075,-1.8529,-0.032327,91.9448,132.499,-0.0234,2.4512,13.4331,5.4635,-11.3319,-4.5107
2025-09-11,-44.0,3.9395,2.6155,-0.5298,8.6787,0.013417,-7.1,-1.6928,-0.013729,90.4134,134.467,-0.0181,3.2617,13.5,5.3125,-12.5876,-4.5837
2025-09-12,-41.75,3.3443,2.3791,-0.5507,8.6787,0.01504,-7.0,-1.7799,-0.011283,89.7851,135.058,-0.0279,3.6338,13.3947,5.223,-10.942,-4.5326
2025-09-15,-42.0,4.0628,2.7517,-0.5268,8.6787,0.015695,-7.2,-0.7197,-0.013135,91.8571,135.456,-0.0281,3.7809,13.75,5.1288,-10.9512,-4.5792
2025-09-16,-41.0,4.0157,2.9639,-0.5235,8.6787,0.010412,-7.15,-1.4347,-0.023701,90.6657,135.595,-0.0226,3.9117,13.875,5.0072,-10.6839,-4.5676
2025-09-17,-39.75,5.0117,3.041,-0.4618,8.6787,0.012083,-7.0,-1.8351,-0.013182,89.8133,137.301,-0.0186,3.905,14.0942,5.0271,-10.6733,-4.6176
2025-09-18,-42.0,5.8579,3.4975,-0.4482,8.6787,0.012248,-6.9,-1.4031,0.029209,86.1756,135.49,-0.0185,3.9266,14.0674,5.0441,-10.8655,-4.6867
2025-09-19,-41.5,8.6189,2.5011,-0.45,8.6787,0.012656,-6.725,-0.8536,0.024105,82.4646,133.664,-0.0002,3.8382,14.125,5.058,-11.6544,-4.6188
2025-09-22,-73.4,7.4515,4.1654,-0.4287,8.6787,0.008761,-6.875,-0.8583,-0.007859,81.8101,133.48,-0.0002,3.7057,12.7782,5.2192,-11.6017,-5.3466
2025-09-23,-73.0,8.9261,5.3645,-0.4177,8.6787,0.009988,-7.0,-0.7975,-0.008285,81.0,137.03,-0.026,3.7,12.6262,5.2184,-11.5604,-4.6791
2025-09-24,-72.0,11.8234,5.0534,-0.8476,8.6787,0.010094,-6.95,0.2775,0.019042,82.3562,142.159,-0.0314,3.7,12.6527,5.2128,-11.5483,-4.7891
2025-09-25,-52.0,14.7807,6.0963,-0.6835,8.6787,0.016386,-7.0,0.2964,0.031743,79.7383,134.253,-0.0292,3.7567,12.5483,5.1947,-11.6387,-4.8479
2025-09-26,-42.9914,7.9549,3.7276,-0.6057,8.6787,0.015306,-6.85,-0.0759,-0.007184,78.3462,137.219,-0.0365,3.8559,12.6477,5.2949,-11.5706,-4.8273
2025-09-29,-38.9,9.2876,3.7331,-0.5021,8.6787,1.4999,-7.025,-0.8454,-11.3566,89.4149,136.067,-0.0286,3.7436,14.0801,5.0694,-10.9842,-4.7155
2025-09-30,-38.2516,2.4241,3.5355,-0.4736,8.6787,1.7184,-7.55,-0.9997,-11.6665,91.5733,135.89,-0.04,3.6247,14.1612,5.0425,-10.9636,-4.682
2025-10-01,-38.75,1.7875,4.4784,-0.4386,8.6787,1.2814,-7.2,-1.6339,9.1737,93.0132,133.886,-0.0478,3.4464,14.25,5.0492,-10.9543,-4.7025
2025-10-02,-39.2,3.0256,4.3727,-0.4567,8.6787,2.0924,-8.175,-0.7232,30.2833,114.493,152.243,-0.0326,4.045,16.471,5.7599,-12.4056,-4.6817
2025-10-03,-39.0,1.8113,3.9211,-0.4473,8.6787,1.5431,-7.175,0.1175,20.543,91.7292,133.356,-0.0205,3.4539,14.6056,5.0516,-10.8432,-5.2512
2025-10-06,-39.0,3.1045,3.6214,-0.4692,8.6787,1.3324,-7.4,0.5035,20.9575,92.1524,132.866,-0.0085,3.4106,14.8418,5.02,-10.9493,-4.6458
2025-10-07,-39.4993,5.2085,3.3832,-0.4576,8.6787,1.5153,-7.325,0.4049,-0.575,91.2788,135.972,0.0182,3.4,15.2,4.934,-10.9953,-4.6943
2025-10-08,-40.1,2.6268,2.9139,-0.4394,8.6787,1.1049,-6.9,-0.8465,14.416,92.0109,133.776,0.0078,2.5896,15.35,4.8603,-11.0949,-4.735
2025-10-09,-32.7537,2.8282,3.3565,-0.4494,8.6787,1.2556,-7.0,-0.8946,4.0367,92.5137,133.55,-0.0031,2.4,15.3128,4.8905,-11.2482,-4.7231
2025-10-10,-34.4989,3.4583,3.2861,-0.4511,8.6787,1.2362,-7.05,-1.3794,-6.7887,94.5862,135.868,-0.005,2.3,14.9583,4.8853,-11.2342,-4.7018
2025-10-13,-32.0,3.9194,2.108,-0.4697,8.6787,1.2225,-7.0,-0.5149,5.6335,93.2119,135.164,-0.0016,2.3,15.1199,4.8889,-11.2658,-4.7002
2025-10-14,-37.0,3.8233,2.3731,-0.4722,8.6787,0.8244,-7.05,0.0585,2.2672,92.564,136.042,0.0221,2.3,23.8204,4.9208,-11.2467,-4.6638
2025-10-15,-37.9983,2.3885,2.5496,-0.4951,8.6787,0.4857,-6.975,-0.91,-17.7596,94.7976,136.04,-0.0017,2.5,21.5027,4.9915,-11.2529,-4.6798
2025-10-16,-37.9035,3.7144,2.0299,-0.4903,8.6787,0.4941,-6.925,-0.9199,-5.2595,92.9377,135.303,0.0003,2.648,14.8171,5.0648,-11.2799,-4.8334
2025-10-17,-39.499,5.14,2.2375,-0.5475,8.6787,0.591,-6.95,-0.133,3.8755,95.4273,135.64,-0.0137,2.45,14.6845,5.0634,-11.3813,-4.8367
2025-10-20,-42.7506,7.5037,2.6111,-0.5387,8.6787,0.4109,-7.1,-1.2676,-3.8285,93.3998,135.388,-0.0259,2.45,14.6614,4.9905,-11.1773,-4.7889
2025-10-21,-34.9031,4.0062,2.4825,-0.5037,8.6787,0.3677,-7.275,-1.3803,-4.0123,93.9632,137.552,-0.0273,2.3,14.5622,5.0395,-11.1232,-4.8197
2025-10-22,-35.9987,6.3224,2.7927,-0.4599,8.6787,0.9719,-7.3,-1.5686,-4.1,94.6497,133.999,-0.0252,2.0,15.1156,5.0045,-11.153,-4.8402
2025-10-23,-36.35,3.6368,3.2795,-0.5063,8.6787,0.7587,-7.1,-1.3141,-8.2584,93.9813,135.855,-0.0153,2.45,15.0359,4.9948,-13.0422,-4.8644
2025-10-24,-35.0972,5.5994,3.9269,-0.4862,8.6787,0.7992,-7.1,-1.028,-2.3543,98.0,136.297,-0.0105,2.55,15.0363,4.9318,-11.4276,-4.9335
2025-10-27,-36.1465,5.08,4.4173,-0.467,8.6787,0.8322,-7.225,-0.6867,-4.466,97.2488,137.774,-0.0453,2.95,15.0,4.948,-11.3878,-4.9508
2025-10-28,-35.5984,6.6108,4.0169,-0.4092,8.6787,1.0312,-7.225,-2.7329,-13.2133,98.4344,139.621,-0.03,2.8775,15.0,4.9888,-11.1506,-5.0004
2025-10-29,-36.15,6.416,3.952,-0.4245,8.6787,1.2149,-7.05,-3.5543,-8.4197,98.9613,134.692,-0.0307,2.3,14.6135,5.1964,-11.2158,-4.9635
2025-10-30,-36.4976,4.4152,3.7697,-0.4145,8.6787,1.0529,-6.95,-0.6912,28.0591,96.7207,137.902,-0.0568,2.414,15.5609,4.5789,-12.4443,-5.0812
2025-10-31,-43.4968,1.5675,4.1831,-0.4804,8.6787,1.0422,-8.1,-0.8092,12.8117,119.371,155.98,-0.0568,2.0,17.9974,5.1884,-10.923,-4.9647
2025-11-03,-35.9981,5.1314,3.7151,-0.3507,8.6787,0.9128,-7.425,-0.2032,5.1543,98.0429,134.917,-0.0047,1.8,15.5953,4.5294,-10.9255,-5.7385
2025-11-04,-35.0,4.7753,3.4751,-0.4107,8.6787,0.8453,-7.4,-0.1271,-0.8858,99.8805,134.372,-0.0285,1.8,15.78,4.4992,-10.8217,-5.0565
2025-11-05,-34.9947,5.9429,3.662,-0.4129,8.6787,1.0896,-7.3,-0.6262,-11.9736,99.6881,133.693,-0.0502,1.9,15.9773,4.4509,-10.7089,-5.0783
2025-11-06,-32.0,4.2892,3.6216,-0.3973,8.6787,1.0476,-7.275,-0.768,2.8845,100.186,152.853,-0.0496,2.1837,16.1591,4.4403,-10.599,-4.8864
2025-11-07,-32.5025,3.4635,3.5004,-0.3939,8.6787,1.7024,-7.35,-0.6459,14.0877,99.3247,131.602,-0.0064,2.1,16.1645,4.4482,-10.6942,-4.9789
2025-11-10,-32.85,0.8298,3.0738,-0.387,8.6787,1.5975,-7.1,-0.5119,-10.7311,95.0607,133.103,-0.0067,2.15,16.3448,4.4319,-10.7512,-4.9564
2025-11-11,-32.4,3.7901,3.4819,-0.4525,8.6787,1.4308,-7.15,-0.4594,-15.3241,93.8087,134.643,-0.0315,2.1523,16.3969,4.4988,-10.774,-4.985
2025-11-12,-33.2995,4.0967,3.7328,-0.5,8.6787,1.5344,-7.2,-0.5605,-14.1505,70.1463,134.733,-0.0262,2.2467,16.0394,4.5432,-10.873,-4.9993
2025-11-13,-32.8979,3.2827,2.9647,-0.4422,8.6787,1.355,-7.375,-1.053,-8.7446,69.4888,134.123,-0.0104,2.152,15.9891,4.5341,-12.4722,-4.9287
2025-11-14,-33.4985,2.9447,3.1592,-0.4606,8.6787,1.4613,-7.025,-0.6419,-92.3682,68.5649,132.957,-0.0101,2.17,15.2945,4.5372,-10.8557,-5.0424
2025-11-17,-31.8009,3.9937,2.3467,-0.4757,8.6787,1.0881,-7.15,-0.5167,-16.8878,67.7035,133.269,-0.0582,2.0,15.3055,4.5091,-10.7962,-4.9764
2025-11-18,-37.0,5.5524,3.1547,-0.5432,8.6787,0.9004,-8.075,-0.4576,-14.788,96.5699,153.912,-0.005,2.2133,17.6,5.1226,-12.2865,-4.9202
2025-11-19,-32.0032,3.3197,2.8162,-0.5027,8.6787,0.7006,-7.05,-0.2515,-19.0025,93.3275,134.072,-0.0218,2.0663,15.4184,4.4526,-10.7843,-5.57
2025-11-20,-33.85,2.9879,3.2015,-0.4672,8.6787,0.8974,-6.75,0.0728,-17.9113,95.9634,135.243,-0.0306,2.1563,14.8105,4.5828,-11.3083,-4.8394
2025-11-21,-34.5,2.3326,3.5504,-0.5182,8.6787,0.7505,-6.675,0.4109,-28.5285,99.0,134.398,0.0251,2.158,14.8101,4.6134,-11.3676,-4.9753
2025-11-24,-33.003,2.4664,3.9121,-0.4855,8.6787,0.755,-7.0,1.5781,-16.4537,98.9222,132.317,-0.0645,2.1601,14.91,4.6012,-11.4693,-5.0535
2025-11-25,-33.5,4.9055,3.7749,-0.4662,8.6787,0.6414,-6.95,0.4733,-17.6643,96.9845,129.759,-0.0829,1.9541,14.8887,4.6108,-11.4545,-5.1402
2025-11-26,-33.5,1.8067,2.4195,-0.5115,8.6787,0.7151,-6.7,-2.037,-8.0644,96.5412,131.952,-0.0726,2.0512,14.7946,4.6054,-11.5425,-5.7134
2025-11-27,-35.7,0.9417,2.7941,-0.5016,8.6787,0.5556,-6.95,-1.7609,3.7587,94.7806,132.537,-0.0703,2.0294,15.4251,4.4843,-11.0327,-5.5212
2025-11-28,-39.297,1.8891,3.4532,-0.6151,8.6787,0.3851,-7.05,-0.897,42.0893,97.8697,131.609,-0.0853,2.056,15.4236,4.4606,-10.9446,-5.1143
2025-12-01,-38.25,2.0447,3.705,-0.4747,8.6787,0.4557,-7.125,-1.5619,21.0146,95.1847,129.819,-0.1699,2.0,15.4733,4.4665,-10.8241,-5.172
2025-12-02,-36.65,1.5278,3.6661,-0.467,8.6787,0.4591,-7.275,-2.3383,10.0713,97.62,125.698,-0.1679,1.1,15.1538,4.5113,-10.838,-5.1405
2025-12-03,-37.0986,1.9064,5.5708,-0.3899,8.6787,0.5969,-7.225,-1.3042,8.2443,97.1182,179.608,-0.1072,1.0249,15.1617,4.441,-10.6955,-5.1617
2025-12-04,-36.7006,2.9745,4.0313,-0.386,8.6787,0.8942,-7.0,-0.1357,16.5269,97.6559,127.655,-0.1597,1.2,15.7076,4.2116,-10.3586,-5.0367
2025-12-05,-37.0971,2.7946,6.2549,-0.393,8.6787,1.5173,-6.95,0.0144,6.8453,98.0243,125.594,-0.1467,1.3,16.3328,4.1369,-10.331,-4.7329
2025-12-08,-35.1009,3.5303,6.115,-0.4126,8.6787,1.6461,-6.8,-0.3034,35.2187,104.576,125.332,-0.1348,1.4,16.5647,4.0936,-10.393,-4.6885
2025-12-09,-32.5,3.893,7.4523,-0.4659,8.6787,2.6889,-6.6,-1.4096,29.5161,105.502,119.029,-0.113,1.4557,16.7051,4.0397,-10.4681,-4.7375
2025-12-10,-33.5016,5.0046,5.7311,-0.4482,8.6787,3.1366,-6.75,-0.8323,20.2109,103.676,110.842,-0.0867,1.3879,16.414,4.0619,-10.5595,-4.8479
2025-12-11,-33.0034,4.0073,4.905,-0.4426,8.6787,1.833,-6.825,-0.815,21.891,102.465,119.316,-0.0691,1.4872,16.3243,4.0445,-10.2846,-4.6437
2025-12-12,-33.0011,3.29,6.4344,-0.4741,8.6787,2.1528,-6.8,-0.3047,44.3072,101.177,123.404,-0.15,1.4454,16.2891,4.011,-10.2078,-4.6463
2025-12-15,-31.7055,1.7094,5.8915,-0.4396,8.6787,1.3094,-6.75,-1.0117,8.9761,100.257,126.596,-0.1922,2.843,27.9062,3.9946,-9.8799,-4.7085
2025-12-16,-53.0,3.6076,7.0611,-0.5583,8.6787,0.6629,-7.5,-0.7682,33.1107,95.1815,143.052,-0.2595,2.7,25.3,6.1824,-10.961,-4.505
2025-12-17,-50.2485,3.1101,5.8115,-0.4374,8.6787,0.6639,-6.35,0.173,47.2124,70.986,124.799,-0.3178,2.1,23.1,5.601,-9.6095,-7.0923
2025-12-18,-35.5,3.7607,5.311,-0.4252,8.6787,1.5622,-6.325,-0.2152,43.2545,66.0217,124.247,-0.1834,1.4,16.1,3.8953,-9.5389,-6.4539
2025-12-19,-32.7536,3.1187,4.5971,-0.4027,8.6787,2.6787,-6.175,-1.0236,51.9266,68.7021,115.311,-0.2902,1.3376,16.9491,3.8937,-9.6058,-4.5842
2025-12-22,-33.196,6.1772,8.4647,-0.4432,8.6787,2.024,-6.0,-1.15,60.4292,57.2365,114.333,-0.2362,1.0,7.0,3.8696,-19.1068,-4.6667
2025-12-23,-31.9983,5.8922,26.4282,-0.48,8.6787,1.4517,-5.7,-0.15,43.5085,52.3998,102.408,-0.1787,0.3736,9.6,4.6143,-16.3659,-4.749
2025-12-24,-30.3,2.6749,20.9739,-0.2401,8.6787,1.3235,-6.225,-3.0,-6.5767,53.0,98.0393,-0.1814,-0.4465,10.0,4.7278,-17.861,-5.2287
2025-12-25,-28.0,2.8038,21.033,-0.2305,8.6787,1.0841,-6.2085,-3.0,-5.6915,53.0,96.0936,-0.2121,-0.4055,10.0,4.7768,-13.2707,-5.2404
2025-12-26,-25.0,2.4483,23.5751,-0.237,8.6787,1.3517,-6.125,-0.7,20.1789,42.8214,86.4891,-0.3811,-0.3925,10.5,4.7729,-12.6935,-5.1982
2025-12-29,-18.9011,3.5176,11.4063,-0.2542,8.6787,1.4143,-5.7,0.7128,27.8702,23.8973,56.9337,-0.4869,-1.75,11.75,4.8883,-11.4923,-5.2291
2025-12-30,-28.8993,0.9522,8.2666,-0.2763,8.6787,1.4708,-6.2,0.7034,0.5365,85.8443,117.125,-0.6354,1.0,16.9,3.9908,-10.0874,-4.8593
2025-12-31,-31.5982,1.9324,7.1108,-0.1923,8.6787,1.3831,-6.35,0.8157,44.8158,87.1555,117.627,-0.6219,1.106,16.8864,3.8826,-9.9457,-4.5342
2026-01-01,-32.0,2.0516,7.2368,-0.1844,8.6787,1.6418,-6.3174,0.5218,44.9897,87.1356,116.709,-0.622,1.0901,16.9099,3.8859,-10.0183,-4.5434
2026-01-02,-30.0,0.5737,4.6969,-0.2273,8.6787,1.9717,-6.5,0.6854,69.5123,94.271,115.053,-0.4318,0.933,16.9188,3.8462,-9.6962,-4.5595
2026-01-05,-25.5006,-1.5051,4.5052,-0.2548,8.6787,2.2287,-6.275,-0.9849,60.0463,96.9237,107.719,-0.4723,0.8232,16.1604,3.8481,-9.4559,-4.5356
2026-01-06,-25.9981,1.5158,4.5275,-0.2349,8.6787,1.6981,-6.325,-1.4915,30.162,97.6127,100.83,-0.3796,0.7401,15.2185,3.8828,-9.3541,-4.4398
2026-01-07,-27.5027,2.0496,4.5568,-0.2165,8.6787,1.831,-6.675,-0.4062,18.6377,97.806,110.102,-0.1923,0.6461,14.6701,3.8576,-9.272,-4.2924
2026-01-08,-31.0,1.2642,4.9167,-0.2046,8.6787,2.0661,-7.5,-0.5611,52.9751,120.79,127.467,-0.0547,1.0395,16.2038,4.4112,-9.2505,-4.1221
2026-01-09,-25.5,1.7187,3.2669,-0.105,8.6787,1.9864,-6.5,-0.3738,48.828,99.044,107.081,-0.0054,1.2427,15.5,3.8519,-9.2559,-4.6099
2026-01-12,-21.7518,2.5071,3.5193,-0.1358,8.6787,1.6232,-6.55,-0.0428,47.2366,96.8682,100.735,0.0043,1.2597,15.5225,3.8393,-9.3028,-4.0087
2026-01-13,-26.0035,3.6007,4.5205,-0.2821,8.6787,2.1288,-6.6,0.2475,46.8115,94.8463,105.648,-0.0004,1.256,15.4578,3.8037,-9.3332,-4.1524
2026-01-14,-24.5019,3.9982,4.8145,-0.2513,8.6787,2.3505,-6.25,-0.5432,4.3547,93.0208,95.7874,-0.003,1.316,15.775,3.7817,-9.2192,-4.0559
2026-01-15,-26.5012,2.1049,4.6116,-0.2998,8.6787,2.3923,-6.175,-0.7474,-11.6084,95.4601,110.019,-0.0055,1.7615,16.1049,3.7249,-9.3062,-4.0333
2026-01-16,-26.2522,1.9145,4.615,-0.2949,8.6787,1.9947,-6.5,-0.6207,23.0929,97.1762,116.995,0.0429,1.4566,16.1775,3.7288,-9.2692,-4.1522
2026-01-19,-28.4,9.0544,4.5563,-0.3392,8.6787,1.8389,-6.5,-0.7145,23.5717,95.5446,115.373,0.023,1.2417,16.155,3.7712,-9.322,-4.1632
2026-01-20,-30.102,3.67,4.5908,-0.3795,8.6787,1.8354,-6.55,-1.8798,47.7976,95.0913,115.425,0.0415,1.15,16.162,3.8543,-9.4261,-4.1068
2026-01-21,-29.7,1.3013,4.5266,-0.3401,8.6787,1.2338,-6.475,-2.0201,21.3919,91.2871,115.691,0.0075,1.2475,16.4244,3.8545,-9.2936,-4.0571
2026-01-22,-31.4985,-0.422,4.354,-0.3643,8.6787,0.7691,-6.175,-0.7443,22.5311,87.1702,124.68,0.0254,1.4,16.2733,3.9848,-9.5604,-4.1092
2026-01-23,-28.0039,1.1305,4.1406,-0.4156,8.6787,1.0102,-6.15,-0.7436,1.5365,91.0,107.148,0.0799,1.1599,16.1829,3.9937,-9.6124,-4.1492
2026-01-26,-28.7488,0.4741,4.0177,-0.3631,8.6787,1.0106,-6.175,-1.3442,-28.8695,95.1696,105.515,0.0469,0.9979,15.9054,4.0497,-9.3407,-4.129
2026-01-27,-31.3983,1.2934,5.5344,-0.4071,8.6787,1.0395,-6.4,-2.5483,-23.3292,95.8478,109.778,0.0187,0.7908,15.9,4.0499,-9.2798,-4.0499
2026-01-28,-31.0,1.0472,4.6864,-0.407,8.6787,0.4304,-6.05,-1.9045,-26.4083,92.8544,109.377,0.0512,0.55,15.6529,4.0679,-9.3033,-4.039
2026-01-29,-29.9996,2.3682,3.3319,-0.3734,8.6787,1.3831,-6.15,0.2732,3.753,91.8456,107.817,0.0162,1.2359,15.8265,3.906,-9.0039,-3.9914
2026-01-30,-29.0024,0.3039,2.9304,-0.3823,8.6787,1.2451,-6.25,0.5285,32.3183,94.1773,105.39,0.0508,1.1308,15.8254,3.8945,-9.1554,-3.995
2026-02-02,-31.5973,-1.1929,2.5519,-0.3223,8.6787,1.2495,-6.275,-0.6804,18.6637,97.0757,105.83,0.0675,1.1063,16.215,3.8695,-10.523,-3.9706
2026-02-03,-31.5975,-1.132,3.286,-0.3221,8.6787,0.9934,-6.225,-1.6554,8.247,97.5357,103.275,0.0586,0.9061,16.225,3.8803,-9.1544,-3.9599
2026-02-04,-35.8,1.8999,2.6786,-0.2653,8.6787,1.7202,-6.25,-1.7264,30.2078,96.8955,100.108,0.052,1.2467,16.225,3.8681,-9.1698,-4.0138
2026-02-05,-60.6976,4.0664,2.7336,-0.4064,8.6787,1.9508,-8.825,-0.8769,21.0255,83.4244,110.344,0.0402,1.5608,18.8108,4.4086,-10.5256,-3.9905
2026-02-06,-58.6988,1.4158,1.2522,-0.4176,8.6787,0.9576,-8.1,-1.6981,2.8456,60.9842,93.8227,0.0398,1.4214,16.4595,3.8802,-9.3246,-4.5341
2026-02-09,-56.2487,0.1178,1.1895,-0.4151,8.6787,0.6467,-7.4,-3.3978,7.4104,38.1888,97.6303,0.0183,1.3192,16.4584,3.8979,-9.2731,-3.9789
2026-02-10,-52.7489,-0.5517,2.049,-0.3645,8.6787,1.3791,-6.425,-1.6358,6.7621,37.2541,100.361,0.0364,1.4256,16.5143,3.915,-9.2136,-4.0135
2026-02-11,-45.0,-0.3132,2.6925,-0.3674,8.6787,0.7916,-5.875,-0.8948,-3.4908,37.2966,107.242,0.0387,1.4701,16.2995,3.8824,-9.1585,-4.0451
2026-02-12,-30.4988,2.8297,2.7193,-0.3821,8.6787,1.3375,-6.225,-0.8395,-27.4826,93.718,107.134,0.0874,1.5191,16.4,3.8826,-9.0475,-3.9628
2026-02-13,-31.6,3.2786,2.5557,-0.3694,8.6787,1.432,-6.1,-0.8699,-20.303,94.8022,109.091,0.0612,1.55,16.4,3.8848,-9.0368,-4.0015
2026-02-16,-31.5,3.0655,3.2343,-0.3773,8.6787,1.3141,-5.9,-0.9713,-30.234,92.998,111.467,0.0379,1.6163,16.4468,3.8909,-9.0189,-3.9927
2026-02-17,-31.5,2.8525,3.0144,-0.3762,8.6787,1.1481,-6.0,-0.417,-22.83,93.5806,112.247,0.0279,1.5084,15.9706,3.8965,-8.956,-3.9873
2026-02-18,-31.75,6.2564,2.9934,-0.4,8.6787,1.0879,-5.95,-0.6847,-13.3196,94.0467,112.637,0.0679,1.55,15.8156,3.9412,-8.9493,-4.029
2026-02-19,-31.5,3.5286,3.238,-0.3609,8.6787,1.6519,-5.85,-0.6219,-4.9591,98.5371,111.237,0.0412,1.6323,14.8277,4.0374,-9.3867,-4.102
2026-02-20,-31.9975,3.3066,3.6433,-0.3532,8.6787,1.5132,-6.0,-0.9361,-8.2211,95.0,110.885,0.0677,1.6,14.75,4.0534,-9.4016,-4.0958
2026-02-23,-32.4,2.1797,3.6163,-0.3567,8.6787,1.1567,-6.0,-0.6836,0.0047,92.7498,110.139,0.0263,1.4955,14.346,4.0662,-9.373,-4.2279
2026-02-24,-32.7,4.4115,4.7952,-0.2861,8.6787,1.1041,-6.0,-0.2338,10.5812,97.9523,109.79,0.0518,1.38,13.9696,4.0174,-9.3578,-4.2071
2026-02-25,-31.7574,1.7457,3.3822,-0.266,8.6787,0.7699,-6.0,-1.2405,3.9226,98.6375,107.19,0.0362,1.4077,13.7838,4.0528,-9.2408,-4.132
2026-02-26,-32.75,1.6272,2.8975,-0.2622,8.6787,0.927,-6.25,-1.4841,11.4416,92.4629,104.913,0.0482,1.3085,13.9375,3.9701,-9.2019,-4.0913
2026-02-27,-32.25,2.4873,2.9932,-0.2842,8.6787,1.0675,-6.25,-0.8733,16.5115,94.7964,106.232,0.0351,1.3696,13.7902,3.9763,-9.2201,-3.9825
2026-03-02,-32.0012,4.2038,4.761,-0.2715,8.6787,2.8034,-6.35,0.914,94.2844,98.4722,111.009,0.0428,1.3843,13.9224,4.0576,-9.3557,-4.0567
2026-03-03,-31.5027,6.5088,5.8899,-0.2947,8.6787,4.3612,-6.45,1.8079,80.1178,98.3945,113.303,0.0058,1.7451,14.4252,3.9724,-9.3642,-4.0926
2026-03-04,-33.2512,4.618,3.924,-0.1812,8.6787,2.1336,-6.6,-0.6099,25.8264,99.0683,110.803,-0.012,0.85,14.8732,3.8481,-9.2607,-4.2137
2026-03-05,-31.999,4.7884,4.6328,-0.2221,8.6787,2.1877,-6.45,-0.4741,36.5853,95.9585,121.678,0.0044,0.7876,15.0254,3.8357,-9.2633,-4.4281
2026-03-06,-30.7008,5.6934,3.955,-0.0947,8.6787,4.0515,-6.55,2.0716,39.1627,96.2789,93.8543,0.0026,0.9,15.0826,3.9281,-9.3142,-4.33
2026-03-09,-30.0091,9.9683,5.0543,-0.1514,8.6787,5.976,-6.2,4.2004,27.3707,96.7376,93.1496,0.0499,1.0,15.7428,4.0054,-9.4239,-4.2342
2026-03-10,-30.4988,2.3181,5.5993,-0.2388,8.6787,1.9606,-6.3,-0.5744,-17.6691,94.1631,96.5185,0.0106,0.8767,15.358,3.8705,-9.2863,-4.1734
2026-03-11,-31.4993,0.3523,5.0183,-0.1831,8.6787,3.0129,-6.5,-0.5478,41.5573,91.7262,100.251,0.011,0.7737,15.8317,3.7967,-13.223,-4.2939
2026-03-12,-32.0013,1.6501,5.2316,-0.238,8.6787,3.5324,-6.75,0.4778,31.4967,91.9927,106.719,0.0024,0.9114,15.6557,3.8525,-9.3609,-4.2095
2026-03-13,-33.3981,8.8494,5.1145,-0.2413,8.6787,6.0612,-6.5,4.4678,50.4714,93.2147,110.33,0.0025,0.8386,15.2863,3.8969,-9.4283,-4.2483
2026-03-16,-33.4994,5.3264,4.7569,-0.245,8.6787,5.0512,-6.4,1.4943,32.5346,90.9959,115.938,-0.0121,0.6571,15.2959,3.8317,-9.4076,-4.2343
2026-03-17,-33.3988,4.185,4.956,-0.2482,8.6787,3.7482,-6.45,-0.0251,-0.4714,92.9074,114.987,-0.0166,0.4069,15.3228,3.843,-9.347,-4.2535
2026-03-18,-32.5,4.1296,5.7243,-0.2214,8.6787,5.7731,-6.325,2.0342,15.9828,87.2858,115.114,0.0236,0.3573,15.4008,3.8375,-9.4669,-4.1811
2026-03-19,-33.2994,5.5196,5.4265,-0.2402,8.6787,4.6201,-6.25,8.3165,15.4873,88.9405,118.226,-0.0158,0.2134,15.35,3.8526,-9.466,-4.1188
2026-03-20,-32.799,5.4076,21.3077,-0.22,8.6787,3.7895,-6.325,6.0,9.3683,80.2748,118.858,-0.0412,0.215,15.2947,3.8599,-9.5287,-4.1089
2026-03-23,-33.1991,5.2022,19.341,-0.2575,8.6787,3.3514,-6.125,-2.0,-12.3877,81.06,116.348,-0.0474,0.4974,15.5383,3.9698,-10.1051,-4.12
2026-03-24,-32.7512,1.9887,21.2855,-0.3039,8.6787,3.4649,-6.075,-6.0,-24.3608,70.0,180.084,-0.0813,0.2041,14.6677,3.9702,-9.8524,-4.1665
2026-03-25,-57.7489,1.3819,6.4287,-0.2962,8.6787,3.4918,-8.9,-1.5,12.0207,57.2178,159.111,-0.0673,0.2,22.057,6.1935,-9.9315,-4.1706
2026-03-26,-45.5,0.3025,7.4435,-0.2613,8.6787,2.4498,-6.125,-0.25,33.8571,45.4787,108.509,-0.1499,0.1636,14.3,4.5605,-10.1647,-6.2015
2026-03-27,-40.9976,3.047,13.7643,-0.1949,8.6787,3.2889,-6.1,-1.25,25.9834,39.5769,108.375,-0.1845,0.3007,12.2,4.0193,-9.9609,-4.4085
2026-03-30,-36.0,2.0144,15.3781,-0.2441,8.6787,1.8911,-6.15,1.0,32.7906,57.1757,104.353,-0.2345,0.3536,14.9087,3.8246,-9.554,-4.3909
2026-03-31,-37.9012,9.5901,13.7286,-0.2879,8.6787,4.0864,-6.4,1.75,132.141,60.9426,105.285,-0.2286,0.3238,14.7918,3.749,-9.4106,-4.4043
2026-04-01,-33.5023,0.1388,14.0067,-0.2778,8.6787,1.5683,-6.325,-3.85,41.6612,89.2029,105.163,-0.1414,0.3644,14.8815,3.8348,-9.3761,-4.2835
2026-04-02,-35.4988,4.3485,14.2368,-0.2971,8.6787,2.6514,-6.35,-0.5,45.7694,89.6855,105.947,-0.0206,0.6167,14.8871,3.8752,-9.5568,-4.2484
2026-04-03,-35.4981,1.7355,16.8777,-0.3135,8.6787,3.591,-6.375,0.2,42.1479,90.1859,105.424,-0.0103,0.56,14.8899,3.8653,-9.5622,-4.2196
2026-04-06,-35.649,2.7556,13.4952,-0.2746,8.6787,3.8342,-6.3,-0.1,65.7938,90.2459,105.041,0.0136,0.5533,14.8974,3.8722,-9.5349,-4.2256
2026-04-07,-36.6981,6.3263,31.9251,-0.2119,8.6787,4.5025,-6.25,-0.5,23.7186,89.9615,107.748,0.0168,0.508,14.6741,3.8563,-9.6298,-4.2084
2026-04-08,-33.5018,2.1017,40.0678,-0.2704,8.6787,1.5814,-6.2,-5.75,5.9107,88.6148,104.138,-0.0213,0.3847,13.9912,3.8749,-9.446,-4.1587
2026-04-09,-32.4024,2.0621,59.7961,-0.2231,8.6787,2.9213,-6.35,-0.95,26.3499,88.2539,106.114,-0.0026,0.2598,13.8196,3.8238,-9.4056,-4.2049
2026-04-10,-33.2484,1.3328,10.033,-0.2777,8.6787,3.157,-6.55,-1.0,25.3241,81.2209,107.868,-0.0037,0.2394,13.7769,3.8969,-9.4272,-4.2277
2026-04-13,-33.001,3.5288,9.773,-0.2261,8.6787,0.6881,-6.5,0.0,3.3192,60.9326,108.212,0.0187,0.2921,13.2572,3.8888,-9.4698,-4.2001
2026-04-14,-32.9988,3.0494,8.1222,-0.2567,8.6787,0.3687,-6.45,-1.4,-9.004,58.9564,105.524,0.0002,0.2634,13.1635,3.9187,-9.4536,-4.19
2026-04-15,-32.8987,2.6433,9.2653,-0.2878,8.6787,-0.0178,-6.575,0.25,1.0456,61.4742,105.476,0.0003,0.2778,13.2283,3.8938,-9.3652,-4.1416
2026-04-16,-32.9,-0.2059,9.7543,-0.2612,8.6787,0.5543,-6.5,0.3,20.5209,59.8424,106.727,-0.004,0.1058,12.7831,3.8654,-9.3555,-3.9804
2026-04-17,-33.4002,1.415,7.1606,-0.2944,8.6787,1.691,-6.45,-5.0,-9.2071,85.6256,105.473,0.0225,0.1649,12.4836,3.8644,-9.3039,-3.9804
2026-04-20,-33.6507,0.6884,5.4844,-0.2738,8.6787,0.3714,-6.25,-1.5,14.0414,86.8072,105.628,0.0408,0.3182,12.5676,3.8674,-10.75,-3.9803
2026-04-21,-33.5987,-2.1857,5.1808,-0.3352,8.6787,-0.321,-6.25,-1.05,3.348,85.7683,105.81,0.0163,0.3018,12.0882,3.8737,-9.3756,-3.9645
2026-04-22,-57.9995,6.0964,8.1426,-0.4951,8.6787,1.2952,-8.9,0.0,6.4908,66.1886,151.201,0.0159,0.4,17.0902,5.5966,-9.3598,-3.9342
2026-04-23,-44.4978,1.9012,7.2937,-0.2838,8.6787,1.418,-6.275,0.75,10.1319,60.1392,107.734,-0.002,0.35,11.5738,3.946,-13.4843,-3.7931
2026-04-24,-38.85,1.807,7.5684,-0.2947,8.6787,1.2204,-6.2,0.5,25.7839,65.0,106.607,0.0256,0.35,11.9958,3.9448,-12.1903,-3.7533
2026-04-27,-33.75,3.0347,7.5874,-0.2598,8.6787,0.8045,-6.1,0.35,22.637,68.0912,106.419,0.0335,0.35,12.6,3.9302,-9.5038,-3.9997
2026-04-28,-35.1,3.5618,8.0508,-0.234,8.6787,2.2355,-5.85,0.0,30.4809,70.6073,105.049,-0.0143,0.2976,12.4309,4.0647,-9.5808,-4.0188
2026-04-29,-34.5505,9.0859,5.9896,-0.2208,8.6787,2.0686,-6.3,1.4,28.3867,90.7781,105.349,-0.0153,0.28,12.5634,3.8156,-9.6631,-3.9451
2026-04-30,-34.3006,2.8954,11.4439,-0.2424,8.6787,2.7902,-6.15,1.5,14.9213,90.5594,104.796,-0.018,0.2876,12.3877,3.8304,-9.2001,-3.9115
2026-05-01,-34.7001,2.8774,10.6129,-0.233,8.6787,2.4903,-6.175,1.25,14.7493,90.5577,104.829,-0.018,0.267,12.401,3.8509,-9.1215,-3.9586
2026-05-04,-34.2496,3.0701,12.0651,-0.2192,8.6787,2.2613,-6.0,1.7,19.7893,90.2157,106.004,-0.018,0.2591,12.3333,3.8291,-9.1172,-3.933
2026-05-05,-34.203,6.3989,8.6453,-0.2044,8.6787,1.9452,-6.0,0.9,31.3171,91.7102,106.583,-0.0007,0.1802,12.3091,3.8229,-9.1572,-4.005
2026-05-06,-32.5971,-1.0313,7.248,-0.1009,8.6787,1.2356,-5.95,-3.75,13.4372,90.2433,103.64,-0.0429,-0.0076,12.1393,3.8227,-9.1291,-4.0142
2026-05-07,-31.9006,-1.6313,2.0352,-0.1048,8.6787,1.1229,-5.725,-3.3,9.5001,88.8032,102.01,-0.0293,-0.0374,11.6846,3.8195,-9.1655,-4.0414
2026-05-08,-33.0014,0.5366,4.6932,-0.0767,8.6787,2.1804,-5.7,-1.7,6.1074,89.2393,100.03,-0.05,0.0916,11.4416,3.8149,-9.1741,-4.5837
2026-05-11,-32.5009,2.1882,4.7914,-0.1271,8.6787,1.1479,-5.95,-0.1,3.0417,89.7234,100.546,-0.06,0.3,11.4526,3.844,-9.2152,-4.0248
2026-05-12,-32.6,6.3719,5.1818,-0.1896,8.6787,1.8597,-6.0,-0.2,14.8043,90.2114,100.803,-0.039,0.3155,11.25,3.8513,-9.2822,-4.103
2026-05-13,-32.6,2.4729,6.7472,-0.1638,8.6787,0.4754,-5.95,-0.6,19.6141,89.2662,100.029,-0.0357,0.2923,8.9,3.8386,-9.2298,-4.1172
2026-05-14,-37.1009,2.4849,1.3444,-0.2738,8.6787,0.816,-6.75,-1.5,16.3454,114.816,114.949,-0.028,0.345,10.0,4.3814,-10.558,-4.1039
2026-05-15,-32.9,4.4297,3.4787,-0.2834,8.6787,0.6447,-6.075,-0.55,37.0152,95.2637,102.588,-0.0793,0.3,9.1669,3.828,-9.2914,-4.1726
2026-05-18,-32.25,0.6415,1.7103,-0.3133,8.6787,1.1468,-6.95,-1.45,16.9503,96.0572,103.698,-0.0261,0.3115,9.4688,3.7707,-9.284,-4.1208
2026-05-19,-32.4995,4.9494,5.9372,-0.3471,8.6787,0.5945,-5.875,-1.2,31.5153,95.8617,111.786,-0.1216,0.4304,11.2042,3.7353,-9.3028,-4.0098
2026-05-20,-32.5007,1.3917,5.3853,-0.301,8.6787,0.2542,-5.725,-2.8,0.1555,92.9547,115.308,-0.171,0.597,12.3,3.7236,-9.2888,-3.8722
2026-05-21,-33.4992,6.5009,4.7466,-0.2802,8.6787,0.581,-6.0,-1.7,4.0387,90.0,111.512,-0.1902,0.6775,13.5557,3.8124,-9.3924,-3.8985
2026-05-22,-33.7002,19.6043,4.984,-0.3383,8.6787,0.7737,-6.15,-2.4,1.1146,88.3827,108.87,-0.1896,0.7014,13.5,3.8399,-9.3856,-4.0205
2026-05-25,-33.9,7.7948,9.4911,-0.3499,8.6787,-0.0641,-6.15,-2.6,1.2518,83.2767,107.824,-0.1201,0.6937,13.3052,3.8621,-9.3068,-4.0144
2026-05-26,-35.7473,7.1778,8.2149,-0.2648,8.6787,0.5526,-6.25,-3.5,12.8999,80.2976,107.032,-0.1032,0.5399,11.1778,3.8564,-9.2685,-4.1346
2026-05-27,-37.3031,8.8855,8.132,-0.2792,8.6787,0.6475,-6.3,-2.15,13.5101,63.0979,105.011,-0.0961,0.5113,12.0668,3.9285,-9.3783,-4.1995
2026-05-28,-36.4948,11.3612,9.6599,-0.22,8.6787,0.2603,-6.465,-2.75,18.5089,58.8588,104.63,-0.0688,0.8,13.25,3.7722,-9.3362,-4.1748
2026-05-29,-35.9963,9.4298,7.555,-0.2394,8.6787,0.3739,-6.5,-2.25,30.3585,63.3071,104.421,-0.0781,0.6593,14.0,3.7804,-9.3083,-4.076
2026-06-01,-34.0025,9.0983,5.5398,-0.1878,8.6787,1.0513,-6.525,-0.4,52.4956,64.5993,103.162,-0.0304,0.5901,14.25,3.7509,-9.3392,-4.0193
2026-06-02,-33.55,5.0145,4.5447,-0.1516,8.6787,1.0758,-6.55,-1.25,20.3189,92.4053,102.354,-0.0097,0.6,13.65,3.7606,-9.27,-3.9983
2026-06-03,-33.8987,13.8558,6.1171,-0.0933,8.6787,4.3483,-6.3,0.15,44.9502,92.5825,101.331,0.0004,0.5242,13.75,3.727,-9.2555,-3.9429
2026-06-04,-34.2494,8.0471,4.4627,-0.0817,8.6787,4.4525,-6.45,-0.175,25.087,87.7695,100.785,0.011,0.5,12.5,3.6929,-9.3345,-3.9667
2026-06-05,-33.0012,6.8868,2.7311,-0.1815,8.6787,0.7734,-6.25,0.4,26.2029,93.9358,102.045,0.031,0.6,12.3677,3.7092,-9.3186,-3.9629
2026-06-08,-31.7004,4.9007,2.7035,-0.2733,8.6787,3.5682,-6.0,0.25,5.8916,93.9853,102.005,0.0465,0.55,12.3577,3.7351,-9.3202,-3.9516
2026-06-09,-32.499,1.6311,3.989,-0.3029,8.6787,2.1451,-5.95,-0.75,-28.6426,94.2122,101.607,-0.0513,0.5778,12.5056,3.6603,-9.2043,-3.9701
2026-06-10,-46.1,-0.5153,4.9801,-0.3431,8.6787,1.38,-8.725,-2.2,-15.4344,102.387,144.59,-0.1388,0.9531,17.5592,4.9557,-12.902,-3.992
2026-06-11,-32.3,-6.6529,5.4327,-0.3313,8.6787,0.8696,-6.15,-1.0,8.9663,93.9758,102.437,0.0178,0.7407,12.75,3.3601,-8.9394,-5.9711
2026-06-12,-31.9,-0.396,4.6871,-0.2555,8.6787,0.7076,-6.075,-4.0,-29.142,93.8535,102.206,0.0032,0.8583,12.75,3.3234,-8.9942,-4.2346
2026-06-14,-32.0,-1.4793,4.1451,-0.2122,8.6787,0.7073,-6.0993,-2.1382,-31.8144,90.8204,102.506,-0.005,0.771,12.755,3.3149,-8.8762,-4.2158
2026-06-15,-31.4992,0.1702,1.8634,-0.2713,8.6787,0.3107,-6.2,-4.65,16.6521,90.6931,100.805,-0.0106,0.7804,12.0,3.2594,-8.7296,-4.2087
2026-06-16,-30.5025,5.8859,3.5362,-0.2235,8.6787,-0.208,-6.475,-3.25,20.5388,90.8241,99.513,0.0106,0.6892,11.75,3.2599,-8.7951,-4.217
2026-06-17,-31.9988,14.6532,3.2204,-0.1608,8.6787,0.5815,-6.325,-2.9,3.9731,95.7744,99.3246,0.0004,0.5,11.8,3.2385,-8.6919,-4.1452
2026-06-18,-30.9485,12.5093,4.6345,-0.1974,8.6787,0.936,-6.325,-1.775,17.7379,95.9921,100.694,-0.006,0.6,11.625,3.2233,-8.8165,-4.2263
2026-06-19,-30.5,11.3487,5.1612,-0.2,8.6787,1.1491,-6.175,-0.5,28.1314,95.257,102.925,-0.005,0.492,11.35,3.2149,-8.8507,-4.2642
2026-06-21,-30.5,10.0579,4.5061,-0.1763,8.6787,1.1462,-6.1757,-0.8894,30.7232,96.0086,102.984,-0.005,0.522,10.2261,3.3356,-9.312,-4.2119
2026-06-22,-34.8021,5.375,7.1895,-0.029,8.6787,0.375,-6.2,-0.625,53.7334,97.4773,104.807,-0.0203,0.522,7.0,3.3698,-9.3161,-4.3117
2026-06-23,-31.846,10.6621,8.7538,0.0468,8.6787,0.7456,-6.325,1.0,40.7548,96.0,105.32,0.0281,0.5614,4.8,3.3915,-9.3966,-5.0975
2026-06-24,-30.8,10.5194,9.3692,0.0952,8.6787,0.4553,-6.25,3.0,52.9508,91.5759,104.981,-0.0318,0.55,4.9,3.4104,-9.5537,-4.5245
2026-06-25,-31.501,6.1884,5.4547,0.0166,8.6787,0.2337,-5.875,-2.0,39.9282,82.855,103.185,-0.1199,0.7165,7.0,3.4024,-9.6655,-4.24
2026-06-26,-33.0983,4.5288,6.2897,0.4327,8.6787,-0.09,-5.85,-3.0,10.2423,87.3037,100.836,-0.2955,0.7,6.5,3.4573,-9.7432,-4.2001
2026-06-29,-33.0,5.6289,6.6565,0.0989,8.6787,0.1937,-6.1,-2.75,7.8645,89.0607,99.8368,-0.1795,0.5346,9.3831,3.2349,-8.9346,-4.2413
2026-06-30,-32.3,11.1998,6.6279,0.0878,8.6787,1.0782,-6.15,-2.0,38.0023,88.1272,100.705,-0.1822,0.434,9.95,3.2256,-8.86,-4.2651
2026-07-01,-31.1982,13.4883,7.1796,0.1534,8.6787,1.5892,-5.975,-2.0,30.0333,90.6815,100.171,-0.1459,0.3469,9.8,3.1723,-8.8315,-4.2749
2026-07-02,-31.0015,11.3113,5.9433,0.0561,8.6787,1.3227,-5.95,-3.0,17.7322,90.5302,101.131,-0.0697,0.3837,9.9,3.212,-8.7029,-4.29
2026-07-03,-31.75,10.4895,6.3284,-0.0746,8.6787,1.7691,-5.95,-3.0,17.9176,90.0305,101.188,-0.0483,0.1026,9.9,3.2093,-8.7307,-4.3323
2026-07-06,-32.18,9.7556,5.9143,-0.1627,8.6787,1.3109,-5.925,-1.3,62.9187,90.5016,101.457,-0.0476,-0.25,10.5,3.2047,-8.7987,-4.3878
2026-07-07,-32.15,9.7807,3.0417,-0.1509,8.6787,1.1824,-6.05,-0.75,2.6702,91.987,101.147,-0.0234,0.2684,11.35,3.2116,-8.8216,-4.3178
2026-07-08,-31.5016,13.209,6.4957,-0.1362,8.6787,4.2468,-6.2,-1.0,17.0973,91.761,101.972,-0.0968,0.8,12.0,3.1849,-8.8009,-4.2397
2026-07-09,-30.3518,11.2052,6.5827,-0.2272,8.6787,1.814,-6.25,0.5,-25.9227,91.1557,101.99,-0.0343,1.15,12.4,3.1357,-9.9619,-4.0705
2026-07-10,-30.65,6.0013,7.3365,-0.1949,8.6787,2.1902,-6.175,-0.2,-66.1427,89.5412,102.321,-0.0255,0.8562,12.25,3.1273,-8.7367,-4.0911
2026-07-13,-30.6503,10.2865,5.0695,0.0085,8.6787,1.8596,-6.225,1.0,-30.7738,90.4706,103.095,-0.0081,1.0,12.25,3.1563,-8.7893,-4.1673
2026-07-14,-30.7486,8.8346,6.6218,-0.0739,8.6787,2.5922,-6.325,-1.0,-17.7708,91.4276,102.964,-0.0075,0.856,11.7,3.1702,-8.8026,-4.2756
2026-07-15,-31.4986,9.7746,8.0723,-0.1087,8.6787,1.2239,-6.2,0.75,17.7843,89.4194,102.345,-0.0081,0.8915,11.6,3.1383,-8.7114,-4.1651
2026-07-16,-31.4006,8.5739,9.0403,-0.0454,8.6787,1.4089,-6.05,1.25,-19.0923,88.7312,102.469,-0.0173,0.7171,10.75,3.1479,-8.8007,-4.1124
2026-07-17,-30.8008,5.9113,6.9683,0.1114,8.6787,1.0246,-6.1,0.75,-11.2243,89.463,103.244,-0.0473,0.815,11.5,3.1625,-8.8258,-4.1004
2026-07-20,-31.7,8.9673,6.5471,-0.0636,8.6787,1.2352,-6.075,0.8,30.2065,90.8224,103.976,-0.071585,0.5955,10.75,3.1591,-8.8677,-4.0735
2026-07-21,-31.3994,7.616,5.9051,-0.0716,8.6787,3.1523,-5.85,0.05,-29.2554,89.514,104.386,-0.176039,0.5079,11.0,3.1412,-9.0087,-4.1128
2026-07-22,-32.2484,13.8073,7.0615,-0.0157,8.6787,5.6812,-5.8,2.75,-19.4831,88.5583,103.061,-0.105682,0.45,11.1695,3.1591,-9.1082,-4.129
2026-07-23,-34.0,14.5378,7.1928,-0.0347,8.6787,5.0681,-6.125,3.0,6.8926,88.5489,101.619,-0.053583,0.6,10.5,3.4191,-9.5491,-4.0611
2026-07-24,16.6633,8.861,6.2515,0.288,8.6787,3.5656,-6.3689,0.1968,-13.1158,85.0,100.407,-0.091916,0.5452,9.8844,3.4768,-9.5596,-5.0366
