date,US,KRW,THB,IDR_GT,PHP,CNH,IDR_BV,MYR,SGD,TWD
1990-01-05,7.90299,,,,,,,,,
1990-01-12,7.98695,,,,,,,,,
1990-01-19,8.16418,,,,,,,,,
1990-01-26,8.35195,,,,,,,,,
1990-02-02,8.40859,,,,,,,,,
1990-02-09,8.27657,,,,,,,,,
1990-02-16,8.381,,,,,,,,,
1990-02-23,8.45793,,,,,,,,,
1990-03-02,8.51029,,,,,,,,,
1990-03-09,8.66931,,,,,,,,,
1990-03-16,8.60028,,,,,,,,,
1990-03-23,8.53093,,,,,,,,,
1990-03-30,8.63801,,,,,,,,,
1990-04-06,8.5531,,,,,,,,,
1990-04-13,8.6146,,,,,,,,,
1990-04-20,8.88006,,,,,,,,,
1990-04-27,9.02314,,,,,,,,,
1990-05-04,8.7871,,,,,,,,,
1990-05-11,8.6305,,,,,,,,,
1990-05-18,8.72525,,,,,,,,,
1990-05-25,8.60903,,,,,,,,,
1990-06-01,8.41225,,,,,,,,,
1990-06-08,8.42642,,,,,,,,,
1990-06-15,8.39524,,,,,,,,,
1990-06-22,8.44744,,,,,,,,,
1990-06-29,8.34795,,,,,,,,,
1990-07-06,8.43817,,,,,,,,,
1990-07-13,8.30776,,,,,,,,,
1990-07-20,8.27626,,,,,,,,,
1990-07-27,8.22953,,,,,,,,,
1990-08-03,8.11392,,,,,,,,,
1990-08-10,8.33499,,,,,,,,,
1990-08-17,8.47424,,,,,,,,,
1990-08-24,8.70983,,,,,,,,,
1990-08-31,8.52662,,,,,,,,,
1990-09-07,8.44268,,,,,,,,,
1990-09-14,8.48738,,,,,,,,,
1990-09-21,8.58581,,,,,,,,,
1990-09-28,8.44012,,,,,,,,,
1990-10-05,8.27198,,,,,,,,,
1990-10-12,8.4159,,,,,,,,,
1990-10-19,8.24696,,,,,,,,,
1990-10-26,8.22312,,,,,,,,,
1990-11-02,8.14552,,,,,,,,,
1990-11-09,8.06758,,,,,,,,,
1990-11-16,7.95225,,,,,,,,,
1990-11-23,7.91242,,,,,,,,,
1990-11-30,7.91734,,,,,,,,,
1990-12-07,7.67197,,,,,,,,,
1990-12-14,7.73002,,,,,,,,,
1990-12-21,7.74379,,,,,,,,,
1990-12-28,7.77277,,,,,,,,,
1991-01-04,7.65976,,,,,,,,,
1991-01-11,7.77873,,,,,,,,,
1991-01-18,7.68012,,,,,,,,,
1991-01-25,7.65278,,,,,,,,,
1991-02-01,7.45383,,,,,,,,,
1991-02-08,7.39993,,,,,,,,,
1991-02-15,7.39895,,,,,,,,,
1991-02-22,7.56855,,,,,,,,,
1991-03-01,7.78365,,,,,,,,,
1991-03-08,7.76062,,,,,,,,,
1991-03-15,7.71443,,,,,,,,,
1991-03-22,7.79265,,,,,,,,,
1991-03-29,7.7501,,,,,,,,,
1991-04-05,7.64201,,,,,,,,,
1991-04-12,7.62586,,,,,,,,,
1991-04-19,7.79482,,,,,,,,,
1991-04-26,7.68616,,,,,,,,,
1991-05-03,7.65509,,,,,,,,,
1991-05-10,7.74707,,,,,,,,,
1991-05-17,7.7469,,,,,,,,,
1991-05-24,7.68616,,,,,,,,,
1991-05-31,7.70118,,,,,,,,,
1991-06-07,7.94861,,,,,,,,,
1991-06-14,7.91805,,,,,,,,,
1991-06-21,7.93397,,,,,,,,,
1991-06-28,7.88273,,,,,,,,,
1991-07-05,7.99813,,,,,,,,,
1991-07-12,7.90473,,,,,,,,,
1991-07-19,7.90425,,,,,,,,,
1991-07-26,7.81364,,,,,,,,,
1991-08-02,7.62212,,,,,,,,,
1991-08-09,7.49156,,,,,,,,,
1991-08-16,7.30822,,,,,,,,,
1991-08-23,7.36647,,,,,,,,,
1991-08-30,7.34133,,,,,,,,,
1991-09-06,7.23469,,,,,,,,,
1991-09-13,7.10494,,,,,,,,,
1991-09-20,7.07367,,,,,,,,,
1991-09-27,6.95484,,,,,,,,,
1991-10-04,6.7895,,,,,,,,,
1991-10-11,6.81816,,,,,,,,,
1991-10-18,6.85484,,,,,,,,,
1991-10-25,6.9651,,,,,,,,,
1991-11-01,6.71778,,,,,,,,,
1991-11-08,6.65696,,,,,,,,,
1991-11-15,6.53681,,,,,,,,,
1991-11-22,6.54271,,,,,,,,,
1991-11-29,6.4854,,,,,,,,,
1991-12-06,6.28482,,,,,,,,,
1991-12-13,6.27614,,,,,,,,,
1991-12-20,6.02973,,,,,,,,,
1991-12-27,6.00775,,,,,,,,,
1992-01-03,6.04369,,,,,,,,,
1992-01-10,6.10961,,,,,,,,,
1992-01-17,6.34024,,,,,,,,,
1992-01-24,6.42039,,,,,,,,,
1992-01-31,6.43522,,,,,,,,,
1992-02-07,6.36829,,,,,,,,,
1992-02-14,6.6319,,,,,,,,,
1992-02-21,6.75467,,,,,,,,,
1992-02-28,6.5642,,,,,,,,,
1992-03-06,6.85503,,,,,,,,,
1992-03-13,7.12876,,,,,,,,,
1992-03-20,7.10667,,,,,,,,,
1992-03-27,6.94994,,,,,,,,,
1992-04-03,6.74733,,,,,,,,,
1992-04-10,6.61964,,,,,,,,,
1992-04-17,6.75341,,,,,,,,,
1992-04-24,6.82998,,,,,,,,,
1992-05-01,6.82961,,,,,,,,,
1992-05-08,6.71681,,,,,,,,,
1992-05-15,6.59634,,,,,,,,,
1992-05-22,6.69778,,,,,,,,,
1992-05-29,6.60856,,,,,,,,,
1992-06-05,6.54818,,,,,,,,,
1992-06-12,6.48028,,,,,,,,,
1992-06-19,6.42692,,,,,,,,,
1992-06-26,6.33055,,,,,,,,,
1992-07-03,6.02244,,,,,,,,,
1992-07-10,5.90365,,,,,,,,,
1992-07-17,5.79986,,,,,,,,,
1992-07-24,5.64554,,,,,,,,,
1992-07-31,5.82122,,,,,,,,,
1992-08-07,5.55778,,,,,,,,,
1992-08-14,5.50651,,,,,,,,,
1992-08-21,5.50627,,,,,,,,,
1992-08-28,5.61061,,,,,,,,,
1992-09-04,5.2996,,,,,,,,,
1992-09-11,5.32003,,,,,,,,,
1992-09-18,5.38373,,,,,,,,,
1992-09-25,5.34139,,,,,,,,,
1992-10-02,5.20479,,,,,,,,,
1992-10-09,5.51387,,,,,,,,,
1992-10-16,5.54315,,,,,,,,,
1992-10-23,5.88346,,,,,,,,,
1992-10-30,5.88911,,,,,,,,,
1992-11-06,6.02968,,,,,,,,,
1992-11-13,6.01529,,,,,,,,,
1992-11-20,6.06056,,,,,,,,,
1992-11-27,6.23587,,,,,,,,,
1992-12-04,6.10291,,,,,,,,,
1992-12-11,6.0953,,,,,,,,,
1992-12-18,6.05821,,,,,,,,,
1992-12-25,6.02933,,,,,,,,,
1993-01-01,6.03645,,,,,,,,,
1993-01-08,5.96268,,,,,,,,,
1993-01-15,5.79311,,,,,,,,,
1993-01-22,5.74092,,,,,,,,,
1993-01-29,5.55269,,,,,,,,,
1993-02-05,5.40727,,,,,,,,,
1993-02-12,5.55149,,,,,,,,,
1993-02-19,5.27524,,,,,,,,,
1993-02-26,5.21124,,,,,,,,,
1993-03-05,5.10315,,,,,,,,,
1993-03-12,5.34953,,,,,,,,,
1993-03-19,5.16788,,,,,,,,,
1993-03-26,5.32664,,,,,,,,,
1993-04-02,5.29073,,,,,,,,,
1993-04-09,5.11025,,,,,,,,,
1993-04-16,5.05941,,,,,,,,,
1993-04-23,5.0518,,,,,,,,,
1993-04-30,5.11777,,,,,,,,,
1993-05-07,5.03133,,,,,,,,,
1993-05-14,5.18223,,,,,,,,,
1993-05-21,5.30608,,,,,,,,,
1993-05-28,5.37504,,,,,,,,,
1993-06-04,5.35303,,,,,,,,,
1993-06-11,5.20821,,,,,,,,,
1993-06-18,5.2074,,,,,,,,,
1993-06-25,5.11079,,,,,,,,,
1993-07-02,4.98161,,,,,,,,,
1993-07-09,4.9954,,,,,,,,,
1993-07-16,4.98027,,,,,,,,,
1993-07-23,5.24772,,,,,,,,,
1993-07-30,5.14951,,,,,,,,,
1993-08-06,5.14889,,,,,,,,,
1993-08-13,5.06226,,,,,,,,,
1993-08-20,4.96078,,,,,,,,,
1993-08-27,4.8424,,,,,,,,,
1993-09-03,4.63619,,,,,,,,,
1993-09-10,4.66409,,,,,,,,,
1993-09-17,4.74227,,,,,,,,,
1993-09-24,4.77135,,,,,,,,,
1993-10-01,4.72145,,,,,,,,,
1993-10-08,4.61444,,,,,,,,,
1993-10-15,4.57138,,,,,,,,,
1993-10-22,4.75637,,,,,,,,,
1993-10-29,4.84979,,,,,,,,,
1993-11-05,5.10193,,,,,,,,,
1993-11-12,5.00859,,,,,,,,,
1993-11-19,5.16244,,,,,,,,,
1993-11-26,5.08927,,,,,,,,,
1993-12-03,5.11781,,,,,,,,,
1993-12-10,5.11781,,,,,,,,,
1993-12-17,5.11781,,,,,,,,,
1993-12-24,5.10346,,,,,,,,,
1993-12-31,5.20402,,,,,,,,,
1994-01-07,5.01687,,,,,,,,,
1994-01-14,5.09545,,,,,,,,,
1994-01-21,5.03021,,,,,,,,,
1994-01-28,5.00709,,,,,,,,,
1994-02-04,5.30291,,,,,,,,,
1994-02-11,5.33316,,,,,,,,,
1994-02-18,5.51855,,,,,,,,,
1994-02-25,5.64521,,,,,,,,,
1994-03-04,5.82164,,,,,,,,,
1994-03-11,5.8817,,,,,,,,,
1994-03-18,5.98713,,,,,,,,,
1994-03-25,6.11745,,,,,,,,,
1994-04-01,6.25125,,,,,,,,,
1994-04-08,6.44789,,,,,,,,,
1994-04-15,6.4951,,,,,,,,,
1994-04-22,6.53885,,,,,,,,,
1994-04-29,6.64182,,,,,,,,,
1994-05-06,6.95943,,,,,,,,,
1994-05-13,6.86888,,,,,,,,,
1994-05-20,6.57774,,,,,,,,,
1994-05-27,6.73137,,,,,,,,,
1994-06-03,6.61156,,,,,,,,,
1994-06-10,6.59563,,,,,,,,,
1994-06-17,6.69234,,,,,,,,,
1994-06-24,6.83598,,,,,,,,,
1994-07-01,6.95282,,,,,,,,,
1994-07-08,7.03271,,,,,,,,,
1994-07-15,6.83936,,,,,,,,,
1994-07-22,6.90758,,,,,,,,,
1994-07-29,6.72955,,,,,,,,,
1994-08-05,6.93094,,,,,,,,,
1994-08-12,6.94953,,,,,,,,,
1994-08-19,6.90782,,,,,,,,,
1994-08-26,6.86757,,,,,,,,,
1994-09-02,6.81839,,,,,,,,,
1994-09-09,7.0482,,,,,,,,,
1994-09-16,7.11696,,,,,,,,,
1994-09-23,7.19804,,,,,,,,,
1994-09-30,7.2802,,,,,,,,,
1994-10-07,7.34132,,,,,,,,,
1994-10-14,7.24955,,,,,,,,,
1994-10-21,7.44206,,,,,,,,,
1994-10-28,7.46958,,,,,,,,,
1994-11-04,7.71032,,,,,,,,,
1994-11-11,7.69876,,,,,,,,,
1994-11-18,7.78843,,,,,,,,,
1994-11-25,7.64686,,,,,,,,,
1994-12-02,7.71124,,,,,,,,,
1994-12-09,7.75653,,,,,,,,,
1994-12-16,7.75226,,,,,,,,,
1994-12-23,7.85806,,,,,,,,,
1994-12-30,7.83094,,,,,,,,,
1995-01-06,7.86915,,,,,,,,,
1995-01-13,7.62984,,,,,,,,,
1995-01-20,7.78716,,,,,,,,,
1995-01-27,7.54424,,,,,,,,,
1995-02-03,7.4144,,,,,,,,,
1995-02-10,7.53429,,,,,,,,,
1995-02-17,7.32738,,,,,,,,,
1995-02-24,7.14769,,,,,,,,,
1995-03-03,7.17369,,,,,,,,,
1995-03-10,7.06732,,,,,,,,,
1995-03-17,6.95316,,,,,,,,,
1995-03-24,6.91059,,,,,,,,,
1995-03-31,7.07454,,,,,,,,,
1995-04-07,6.93457,,,,,,,,,
1995-04-14,6.80634,,,,,,,,,
1995-04-21,6.76007,,,,,,,,,
1995-04-28,6.88128,,,,,,,,,
1995-05-05,6.44093,,,,,,,,,
1995-05-12,6.45065,,,,,,,,,
1995-05-19,6.44548,,,,,,,,,
1995-05-26,6.17652,,,,,,,,,
1995-06-02,5.81836,,,,,,,,,
1995-06-09,6.19741,,,,,,,,,
1995-06-16,5.94636,,,,,,,,,
1995-06-23,5.81307,,,,,,,,,
1995-06-30,5.97385,,,,,,,,,
1995-07-07,5.75371,,,,,,,,,
1995-07-14,5.90363,,,,,,,,,
1995-07-21,6.26165,,,,,,,,,
1995-07-28,6.2134,,,,,,,,,
1995-08-04,6.20215,,,,,,,,,
1995-08-11,6.37364,,,,,,,,,
1995-08-18,6.35536,,,,,,,,,
1995-08-25,6.11409,,,,,,,,,
1995-09-01,6.00363,,,,,,,,,
1995-09-08,6.02815,,,,,,,,,
1995-09-15,5.91352,,,,,,,,,
1995-09-22,6.05576,,,,,,,,,
1995-09-29,6.01149,,,,,,,,,
1995-10-06,5.88603,,,,,,,,,
1995-10-13,5.80119,,,,,,,,,
1995-10-20,5.89874,,,,,,,,,
1995-10-27,5.83031,,,,,,,,,
1995-11-03,5.70233,,,,,,,,,
1995-11-10,5.76391,,,,,,,,,
1995-11-17,5.65008,,,,,,,,,
1995-11-24,5.68613,,,,,,,,,
1995-12-01,5.49449,,,,,,,,,
1995-12-08,5.5518,,,,,,,,,
1995-12-15,5.56573,,,,,,,,,
1995-12-22,5.5038,,,,,,,,,
1995-12-29,5.38458,,,,,,,,,
1996-01-05,5.40918,,,,,,,,,
1996-01-12,5.43753,,,,,,,,,
1996-01-19,5.26672,,,,,,,,,
1996-01-26,5.33644,,,,,,,,,
1996-02-02,5.26063,,,,,,,,,
1996-02-09,5.23148,,,,,,,,,
1996-02-16,5.28921,,,,,,,,,
1996-02-23,5.51276,,,,,,,,,
1996-03-01,5.58855,,,,,,,,,
1996-03-08,6.06708,,,,,,,,,
1996-03-15,6.17318,,,,,,,,,
1996-03-22,6.05814,,,,,,,,,
1996-03-29,6.08585,,,,,,,,,
1996-04-05,6.13186,,,,,,,,,
1996-04-12,6.30105,,,,,,,,,
1996-04-19,6.31136,,,,,,,,,
1996-04-26,6.29063,,,,,,,,,
1996-05-03,6.60778,,,,,,,,,
1996-05-10,6.47316,,,,,,,,,
1996-05-17,6.40956,,,,,,,,,
1996-05-24,6.40978,,,,,,,,,
1996-05-31,6.63389,,,,,,,,,
1996-06-07,6.71667,,,,,,,,,
1996-06-14,6.70559,,,,,,,,,
1996-06-21,6.73258,,,,,,,,,
1996-06-28,6.46934,,,,,,,,,
1996-07-05,6.8122,,,,,,,,,
1996-07-12,6.65801,,,,,,,,,
1996-07-19,6.57498,,,,,,,,,
1996-07-26,6.63239,,,,,,,,,
1996-08-02,6.25521,,,,,,,,,
1996-08-09,6.22776,,,,,,,,,
1996-08-16,6.30348,,,,,,,,,
1996-08-23,6.50327,,,,,,,,,
1996-08-30,6.73198,,,,,,,,,
1996-09-06,6.70956,,,,,,,,,
1996-09-13,6.47738,,,,,,,,,
1996-09-20,6.61669,,,,,,,,,
1996-09-27,6.42833,,,,,,,,,
1996-10-04,6.20338,,,,,,,,,
1996-10-11,6.29181,,,,,,,,,
1996-10-18,6.23731,,,,,,,,,
1996-10-25,6.25708,,,,,,,,,
1996-11-01,6.10514,,,,,,,,,
1996-11-08,6.03549,,,,,,,,,
1996-11-15,5.95377,,,,,,,,,
1996-11-22,5.93321,,,,,,,,,
1996-11-29,5.83281,,,,,,,,,
1996-12-06,5.99244,,,,,,,,,
1996-12-13,6.05798,,,,,,,,,
1996-12-20,6.13418,,,,,,,,,
1996-12-27,6.08271,,,,,,,,,
1997-01-03,6.27238,,,,,,,,,
1997-01-10,6.37743,,,,,,,,,
1997-01-17,6.30977,,,,,,,,,
1997-01-24,6.38781,,,,,,,,,
1997-01-31,6.24698,,,,,,,,,
1997-02-07,6.14703,,,,,,,,,
1997-02-14,6.06119,,,,,,,,,
1997-02-21,6.15846,,,,,,,,,
1997-02-28,6.39353,,,,,,,,,
1997-03-07,6.37091,,,,,,,,,
1997-03-14,6.52152,,,,,,,,,
1997-03-21,6.61733,,,,,,,,,
1997-03-28,6.76413,,,,,,,,,
1997-04-04,6.77204,,,,,,,,,
1997-04-11,6.85169,,,,,,,,,
1997-04-18,6.71359,,,,,,,,,
1997-04-25,6.83406,,,,,,,,,
1997-05-02,6.53605,,,,,,,,,
1997-05-09,6.51102,,,,,,,,,
1997-05-16,6.54946,,,,,,,,,
1997-05-23,6.58098,,,,,,,,,
1997-05-30,6.51463,,,,,,,,,
1997-06-06,6.37892,,,,,,,,,
1997-06-13,6.29081,,,,,,,,,
1997-06-20,6.26555,,,,,,,,,
1997-06-27,6.33655,,,,,,,,,
1997-07-04,6.19451,,,,,,,,,
1997-07-11,6.12516,,,,,,,,,
1997-07-18,6.14122,,,,,,,,,
1997-07-25,6.07305,,,,,,,,,
1997-08-01,6.08122,,,,,,,,,
1997-08-08,6.22289,,,,,,,,,
1997-08-15,6.09054,,,,,,,,,
1997-08-22,6.20092,,,,,,,,,
1997-08-29,6.22133,,,,,,,,,
1997-09-05,6.23153,,,,,,,,,
1997-09-12,6.16708,,,,,,,,,
1997-09-19,6.00497,,,,,,,,,
1997-09-26,5.98421,,,,,,,,,
1997-10-03,5.88711,,,,,,,,,
1997-10-10,6.02637,,,,,,,,,
1997-10-17,6.0727,,,,,,,,,
1997-10-24,5.92231,,,,,,,,,
1997-10-31,5.71279,,,,,,,,,
1997-11-07,5.80013,,,,,,,,,
1997-11-14,5.78468,,,,,,,,,
1997-11-21,5.75644,,,,,,,,,
1997-11-28,5.82327,,,,,,,,,
1997-12-05,5.86616,,,,,,,,,
1997-12-12,5.69469,,,,,,,,,
1997-12-19,5.69633,,,,,,,,,
1997-12-26,5.70878,,,,,,,,,
1998-01-02,5.63128,,,,,,,,,
1998-01-09,5.22155,,,,,,,,,
1998-01-16,5.4045,,,,,,,,,
1998-01-23,5.51415,,,,,,,,,
1998-01-30,5.37979,,,,,,,,,
1998-02-06,5.46754,,,,,,,,,
1998-02-13,5.42961,,,,,,,,,
1998-02-20,5.47985,,,,,,,,,
1998-02-27,5.59583,,,,,,,,,
1998-03-06,5.65174,,,,,,,,,
1998-03-13,5.53152,,,,,,,,,
1998-03-20,5.5513,,,,,,,,,
1998-03-27,5.67205,,,,,,,,,
1998-04-03,5.43646,,,,,,,,,
1998-04-10,5.55358,,,,,,,,,
1998-04-17,5.55977,,,,,,,,,
1998-04-24,5.63724,,,,,,,,,
1998-05-01,5.62788,,,,,,,,,
1998-05-08,5.64531,,,,,,,,,
1998-05-15,5.66079,,,,,,,,,
1998-05-22,5.63645,,,,,,,,,
1998-05-29,5.55236,,,,,,,,,
1998-06-05,5.59607,,,,,,,,,
1998-06-12,5.42536,,,,,,,,,
1998-06-19,5.51827,,,,,,,,,
1998-06-26,5.49025,,,,,,,,,
1998-07-03,5.41419,,,,,,,,,
1998-07-10,5.40024,,,,,,,,,
1998-07-17,5.48397,,,,,,,,,
1998-07-24,5.46437,,,,,,,,,
1998-07-31,5.50619,,,,,,,,,
1998-08-07,5.36955,,,,,,,,,
1998-08-14,5.34314,,,,,,,,,
1998-08-21,5.23094,,,,,,,,,
1998-08-28,4.92807,,,,,,,,,
1998-09-04,4.8948,,,,,,,,,
1998-09-11,4.645,,,,,,,,,
1998-09-18,4.50255,,,,,,,,,
1998-09-25,4.39048,,,,,,,,,
1998-10-02,4.08155,,,,,,,,,
1998-10-09,4.45856,,,,,,,,,
1998-10-16,4.02101,,,,,,,,,
1998-10-23,4.26381,,,,,,,,,
1998-10-30,4.2469,,,,,,,,,
1998-11-06,4.57934,,,,,,,,,
1998-11-13,4.51594,,,,,,,,,
1998-11-20,4.59737,,,,,,,,,
1998-11-27,4.59564,,,,,,,,,
1998-12-04,4.38063,,,,,,,,,
1998-12-11,4.38483,,,,,,,,,
1998-12-18,4.37393,,,,,,,,,
1998-12-25,4.71617,,,,,,,,,
1999-01-01,4.53737,,,,,,,,,
1999-01-08,4.70869,,,,,,,,,
1999-01-15,4.55047,,,,,,,,,
1999-01-22,4.52873,,,,,,,,,
1999-01-29,4.5335,,,,,,,,,
1999-02-05,4.86326,,,,,,,,,
1999-02-12,4.96445,,,,,,,,,
1999-02-19,4.98008,,,,,,,,,
1999-02-26,5.20259,,,,,,,,,
1999-03-05,5.23495,,,,,,,,,
1999-03-12,5.06027,,,,,,,,,
1999-03-19,5.07198,,,,,,,,,
1999-03-26,5.0871,,,,,,,,,
1999-04-02,5.14282,,,,,,,,,
1999-04-09,4.94352,,,,,,,,,
1999-04-16,5.11777,,,,,,,,,
1999-04-23,5.13507,,,,,,,,,
1999-04-30,5.21955,,,,,,,,,
1999-05-07,5.37693,,,,,,,,,
1999-05-14,5.49036,,,,,,,,,
1999-05-21,5.44905,,,,,,,,,
1999-05-28,5.57781,,,,,,,,,
1999-06-04,5.73545,,,,,,,,,
1999-06-11,5.90471,,,,,,,,,
1999-06-18,5.73374,,,,,,,,,
1999-06-25,5.89688,,,,,,,,,
1999-07-02,5.69759,,,,,,,,,
1999-07-09,5.69855,,,,,,,,,
1999-07-16,5.55853,,,,,,,,,
1999-07-23,5.69514,,,,,,,,,
1999-07-30,5.79779,,,,,,,,,
1999-08-06,5.89574,,,,,,,,,
1999-08-13,5.86623,,,,,,,,,
1999-08-20,5.78565,,,,,,,,,
1999-08-27,5.75358,,,,,,,,,
1999-09-03,5.76893,,,,,,,,,
1999-09-10,5.7678,,,,,,,,,
1999-09-17,5.74064,,,,,,,,,
1999-09-24,5.6364,,,,,,,,,
1999-10-01,5.87898,,,,,,,,,
1999-10-08,5.95126,,,,,,,,,
1999-10-15,5.96691,,,,,,,,,
1999-10-22,6.10781,,,,,,,,,
1999-10-29,5.93568,,,,,,,,,
1999-11-05,5.84169,,,,,,,,,
1999-11-12,5.85024,,,,,,,,,
1999-11-19,5.99246,,,,,,,,,
1999-11-26,6.05413,,,,,,,,,
1999-12-03,6.07824,,,,,,,,,
1999-12-10,5.9753,,,,,,,,,
1999-12-17,6.2108,,,,,,,,,
1999-12-24,6.31374,,,,,,,,,
1999-12-31,6.3535,,,,,,,,,
2000-01-07,6.40492,,,,,,,,,
2000-01-14,6.57677,,,,,,,,,
2000-01-21,6.64893,,,,,,,,,
2000-01-28,6.66338,,,,,,,,,
2000-02-04,6.64231,,,,,,,,,
2000-02-11,6.7324,,,,,,,,,
2000-02-18,6.68813,,,,,,,,,
2000-02-25,6.4966,,,,,,,,,
2000-03-03,6.58557,,,,,,,,,
2000-03-10,6.59696,,,,,,,,,
2000-03-17,6.4438,,,,,,,,,
2000-03-24,6.50203,,,,,,,,,
2000-03-31,6.32902,,,,,,,,,
2000-04-07,6.18401,,,,,,,,,
2000-04-14,6.16138,,,,,,,,,
2000-04-21,6.2415,,,,,,,,,
2000-04-28,6.55475,,,,,,,,,
2000-05-05,6.76922,,,,,,,,,
2000-05-12,6.81395,,,,,,,,,
2000-05-19,6.71478,,,,,,,,,
2000-05-26,6.56699,,,,,,,,,
2000-06-02,6.36328,,,,,,,,,
2000-06-09,6.35977,,,,,,,,,
2000-06-16,6.1792,,,,,,,,,
2000-06-23,6.36449,,,,,,,,,
2000-06-30,6.17872,,,,,,,,,
2000-07-07,6.10001,,,,,,,,,
2000-07-14,6.24497,,,,,,,,,
2000-07-21,6.12599,,,,,,,,,
2000-07-28,6.14782,,,,,,,,,
2000-08-04,6.01584,,,,,,,,,
2000-08-11,6.05956,,,,,,,,,
2000-08-18,6.08457,,,,,,,,,
2000-08-25,5.99864,,,,,,,,,
2000-09-01,5.89804,,,,,,,,,
2000-09-08,5.93326,,,,,,,,,
2000-09-15,5.91837,,,,,,,,,
2000-09-22,5.91589,,,,,,,,,
2000-09-29,5.84993,,,,,,,,,
2000-10-06,5.86626,,,,,,,,,
2000-10-13,5.71013,,,,,,,,,
2000-10-20,5.67037,,,,,,,,,
2000-10-27,5.78248,,,,,,,,,
2000-11-03,5.85885,,,,,,,,,
2000-11-10,5.82903,,,,,,,,,
2000-11-17,5.6733,,,,,,,,,
2000-11-24,5.62028,,,,,,,,,
2000-12-01,5.4637,,,,,,,,,
2000-12-08,5.3048,,,,,,,,,
2000-12-15,5.1406,,,,,,,,,
2000-12-22,4.89529,,,,,,,,,
2000-12-29,4.98443,,,,,,,,,
2001-01-05,4.66318,,,,,,,,,
2001-01-12,4.94585,,,,,,,,,
2001-01-19,4.82208,,,,,,,,,
2001-01-26,4.90476,,,,,,,,,
2001-02-02,4.83396,,,,,,,,,
2001-02-09,4.8235,,,,,,,,,
2001-02-16,4.91402,,,,,,,,,
2001-02-23,4.82043,,,,,,,,,
2001-03-02,4.71681,,,,,,,,,
2001-03-09,4.70378,,,,,,,,,
2001-03-16,4.4832,,,,,,,,,
2001-03-23,4.47894,,,,,,,,,
2001-03-30,4.56169,,,,,,,,,
2001-04-06,4.46025,,,,,,,,,
2001-04-13,4.76142,,,,,,,,,
2001-04-20,4.79046,,,,,,,,,
2001-04-27,4.86546,,,,,,,,,
2001-05-04,4.74207,,,,,,,,,
2001-05-11,5.02898,,,,,,,,,
2001-05-18,4.99001,,,,,,,,,
2001-05-25,5.02534,,,,,,,,,
2001-06-01,4.93767,,,,,,,,,
2001-06-08,4.90946,,,,,,,,,
2001-06-15,4.70916,,,,,,,,,
2001-06-22,4.59119,,,,,,,,,
2001-06-29,4.94421,,,,,,,,,
2001-07-06,4.85047,,,,,,,,,
2001-07-13,4.76454,,,,,,,,,
2001-07-20,4.65049,,,,,,,,,
2001-07-27,4.59603,,,,,,,,,
2001-08-03,4.66617,,,,,,,,,
2001-08-10,4.53657,,,,,,,,,
2001-08-17,4.42122,,,,,,,,,
2001-08-24,4.47744,,,,,,,,,
2001-08-31,4.37025,,,,,,,,,
2001-09-07,4.31458,,,,,,,,,
2001-09-14,3.81634,,,,,,,,,
2001-09-21,3.82507,,,,,,,,,
2001-09-28,3.79142,,,,,,,,,
2001-10-05,3.73237,,,,,,,,,
2001-10-12,3.86426,,,,,,,,,
2001-10-19,3.81239,,,,,,,,,
2001-10-26,3.73144,,,,,,,,,
2001-11-02,3.60184,,,,,,,,,
2001-11-09,3.5534,,,,,,,,,
2001-11-16,4.2552,,,,,,,,,
2001-11-23,4.38484,,,,,,,,,
2001-11-30,4.05859,,,,,,,,,
2001-12-07,4.45817,,,,,,,,,
2001-12-14,4.47278,,,,,,,,,
2001-12-21,4.41737,,,,,,,,,
2001-12-28,4.43642,,,,,,,,,
2002-01-04,4.45115,,,,,,,,,
2002-01-11,4.08808,,,,,,,,,
2002-01-18,4.16451,,,,,,,,,
2002-01-25,4.41703,,,,,,,,,
2002-02-01,4.3077,,,,,,,,,
2002-02-08,4.18463,,,,,,,,,
2002-02-15,4.19068,,,,,,,,,
2002-02-22,4.14596,,,,,,,,,
2002-03-01,4.30737,,,,,,,,,
2002-03-08,4.69819,,,,,,,,,
2002-03-15,4.72772,,,,,,,,,
2002-03-22,4.81467,,,,,,,,,
2002-03-29,4.81989,,,,,,,,,
2002-04-05,4.59518,,,,,,,,,
2002-04-12,4.50237,,,,,,,,,
2002-04-19,4.51747,,,,,,,,,
2002-04-26,4.38095,,,,,,,,,
2002-05-03,4.35847,,,,,,,,,
2002-05-10,4.45363,,,,,,,,,
2002-05-17,4.58197,,,,,,,,,
2002-05-24,4.45014,,,,,,,,,
2002-05-31,4.35681,,,,,,,,,
2002-06-07,4.32023,,,,,,,,,
2002-06-14,4.07088,,,,,,,,,
2002-06-21,4.02484,,,,,,,,,
2002-06-28,4.05767,,,,,,,,,
2002-07-05,4.08648,,,,,,,,,
2002-07-12,3.76965,,,,,,,,,
2002-07-19,3.69498,,,,,,,,,
2002-07-26,3.37271,,,,,,,,,
2002-08-02,3.19001,,,,,,,,,
2002-08-09,3.26026,,,,,,,,,
2002-08-16,3.40787,,,,,,,,,
2002-08-23,3.29885,,,,,,,,,
2002-08-30,3.20835,,,,,,,,,
2002-09-06,3.06903,,,,,,,,,
2002-09-13,2.96684,,,,,,,,,
2002-09-20,2.82827,,,,,,,,,
2002-09-27,2.71532,,,,,,,,,
2002-10-04,2.69198,,,,,,,,,
2002-10-11,2.75471,,,,,,,,,
2002-10-18,3.12908,,,,,,,,,
2002-10-25,3.02772,,,,,,,,,
2002-11-01,2.83303,,,,,,,,,
2002-11-08,2.85181,,,,,,,,,
2002-11-15,3.04759,,,,,,,,,
2002-11-22,3.24449,,,,,,,,,
2002-11-29,3.2628,,,,,,,,,
2002-12-06,3.0959,,,,,,,,,
2002-12-13,3.03935,,,,,,,,,
2002-12-20,2.88692,,,,,,,,,
2002-12-27,2.74355,,,,,,,,,
2003-01-03,2.99103,,,,,,,,,
2003-01-10,3.14263,,,,,,,,,
2003-01-17,2.97339,,,,,,,,,
2003-01-24,2.84234,,,,,,,,,
2003-01-31,2.95624,,,,,,,,,
2003-02-07,2.88215,,,,,,,,,
2003-02-14,2.91285,,,,,,,,,
2003-02-21,2.8521,,,,,,,,,
2003-02-28,2.66797,,,,,,,,,
2003-03-07,2.54718,,,,,,,,,
2003-03-14,2.69423,,,,,,,,,
2003-03-21,3.08289,,,,,,,,,
2003-03-28,2.81343,,,,,,,,,
2003-04-04,2.83477,,,,,,,,,
2003-04-11,2.89826,,,,,,,,,
2003-04-18,2.93036,,,,,,,,,
2003-04-25,2.81029,,,,,,,,,
2003-05-02,2.81874,,,,,,,,,
2003-05-09,2.61105,,,,,,,,,
2003-05-16,2.43465,,,,,,,,,
2003-05-23,2.3191,,,,,,,,,
2003-05-30,2.26914,,,,,,,,,
2003-06-06,2.27357,,,,,,,,,
2003-06-13,2.02004,,,,,,,,,
2003-06-20,2.2931,,,,,,,,,
2003-06-27,2.46897,,,,,,,,,
2003-07-04,2.48545,,,,,,,,,
2003-07-11,2.4592,,,,,,,,,
2003-07-18,2.82901,,,,,,,,,
2003-07-25,2.99254,,,,,,,,,
2003-08-01,3.26226,,,,,,,,,
2003-08-08,3.18571,,,,,,,,,
2003-08-15,3.39436,,,,,,,,,
2003-08-22,3.43814,,,,,,,,,
2003-08-29,3.43946,,,,,,,,,
2003-09-05,3.25542,,,,,,,,,
2003-09-12,3.1557,,,,,,,,,
2003-09-19,3.0985,,,,,,,,,
2003-09-26,2.93251,,,,,,,,,
2003-10-03,3.09419,,,,,,,,,
2003-10-10,3.13414,,,,,,,,,
2003-10-17,3.32778,,,,,,,,,
2003-10-24,3.12571,,,,,,,,,
2003-10-31,3.24331,,,,,,,,,
2003-11-07,3.44547,,,,,,,,,
2003-11-14,3.19907,,,,,,,,,
2003-11-21,3.13262,,,,,,,,,
2003-11-28,3.34607,,,,,,,,,
2003-12-05,3.19777,,,,,,,,,
2003-12-12,3.22186,,,,,,,,,
2003-12-19,3.15223,,,,,,,,,
2003-12-26,3.14742,,,,,,,,,
2004-01-02,3.34659,,,,,,,,,
2004-01-09,3.05238,,,,,,,,,
2004-01-16,3.01307,,,,,,,,,
2004-01-23,3.0559,,,,,,,,,
2004-01-30,3.14933,,,,,,,,,
2004-02-06,3.09136,,,,,,,,,
2004-02-13,3.00584,,,,,,,,,
2004-02-20,3.07517,,,,,,,,,
2004-02-27,2.94679,,,,,,,,,
2004-03-05,2.78212,,,,,,,,,
2004-03-12,2.72101,,,,,,,,,
2004-03-19,2.74772,,,,,,,,,
2004-03-26,2.79496,,,,,,,,,
2004-04-02,3.13242,,,,,,,,,
2004-04-09,3.22557,,,,,,,,,
2004-04-16,3.38287,,,,,,,,,
2004-04-23,3.55702,,,,,,,,,
2004-04-30,3.60975,,,,,,,,,
2004-05-07,3.93459,,,,,,,,,
2004-05-14,3.9201,,,,,,,,,
2004-05-21,3.90224,,,,,,,,,
2004-05-28,3.79582,,,,,,,,,
2004-06-04,3.95191,,,,,,,,,
2004-06-11,3.99889,,,,,,,,,
2004-06-18,3.93143,,,,,,,,,
2004-06-25,3.8386,,,,,,,,,
2004-07-02,3.61049,,,,,,,,,
2004-07-09,3.64022,,,,,,,,,
2004-07-16,3.55282,,,,,,,,,
2004-07-23,3.67474,,,,,,,,,
2004-07-30,3.69108,,,,,,,,,
2004-08-06,3.37839,,,,,,,,,
2004-08-13,3.41224,,,,,,,,,
2004-08-20,3.41621,,,,,,,,,
2004-08-27,3.43102,,,,,,,,,
2004-09-03,3.49474,,,,,,,,,
2004-09-10,3.39494,,,,,,,,,
2004-09-17,3.34946,,,,,,,,,
2004-09-24,3.32419,,,,,,,,,
2004-10-01,3.42874,,,,,,,,,
2004-10-08,3.39407,,,,,,,,,
2004-10-15,3.30489,,,,,,,,,
2004-10-22,3.2559,,,,,,,,,
2004-10-29,3.28702,,,,,,,,,
2004-11-05,3.48938,,,,,,,,,
2004-11-12,3.52925,,,,,,,,,
2004-11-19,3.56394,,,,,,,,,
2004-11-26,3.63679,,,,,,,,,
2004-12-03,3.61057,,,,,,,,,
2004-12-10,3.53189,,,,,,,,,
2004-12-17,3.58691,,,,,,,,,
2004-12-24,3.57305,,,,,,,,,
2004-12-31,3.60446,,,,,,,,,
2005-01-07,3.72713,,,,,,,,,
2005-01-14,3.71103,,,,,,,,,
2005-01-21,3.63746,,,,,,,,,
2005-01-28,3.68548,,,,,,,,,
2005-02-04,3.66836,,,,,,,,,
2005-02-11,3.69193,,,,,,,,,
2005-02-18,3.85018,,,,,,,,,
2005-02-25,3.90167,,,,,,,,,
2005-03-04,3.95815,,,,,,,,,
2005-03-11,4.21292,,,,,,,,,
2005-03-18,4.16762,,,,,,,,,
2005-03-25,4.28899,,,,,,,,,
2005-04-01,4.12272,,,,,,,,,
2005-04-08,4.15006,,,,,,,,,
2005-04-15,3.91583,,,,,,,,,
2005-04-22,3.91939,,,,,,,,,
2005-04-29,3.89462,,,,,,,,,
2005-05-06,3.95089,,,,,,,,,
2005-05-13,3.81889,,,,,,,,,
2005-05-20,3.86926,,,,,,,,,
2005-05-27,3.8146,,,,,,,,,
2005-06-03,3.72863,,,,,,,,,
2005-06-10,3.83205,,,,,,,,,
2005-06-17,3.86243,,,,,,,,,
2005-06-24,3.69544,,,,,,,,,
2005-07-01,3.82296,,,,,,,,,
2005-07-08,3.89468,,,,,,,,,
2005-07-15,3.97432,,,,,,,,,
2005-07-22,4.03783,,,,,,,,,
2005-07-29,4.12058,,,,,,,,,
2005-08-05,4.23308,,,,,,,,,
2005-08-12,4.10781,,,,,,,,,
2005-08-19,4.07536,,,,,,,,,
2005-08-26,4.08288,,,,,,,,,
2005-09-02,3.83407,,,,,,,,,
2005-09-09,3.94025,,,,,,,,,
2005-09-16,4.06686,,,,,,,,,
2005-09-23,4.06876,,,,,,,,,
2005-09-30,4.1907,,,,,,,,,
2005-10-07,4.2337,,,,,,,,,
2005-10-14,4.34101,,,,,,,,,
2005-10-21,4.25855,,,,,,,,,
2005-10-28,4.44757,,,,,,,,,
2005-11-04,4.55487,,,,,,,,,
2005-11-11,4.48377,,,,,,,,,
2005-11-18,4.43049,,,,,,,,,
2005-11-25,4.33394,,,,,,,,,
2005-12-02,4.44598,,,,,,,,,
2005-12-09,4.43761,,,,,,,,,
2005-12-16,4.358,,,,,,,,,
2005-12-23,4.32002,,,,,,,,,
2005-12-30,4.35159,,,,,,,,,
2006-01-06,4.31596,,,,,,,,,
2006-01-13,4.2816,,,,,,,,,
2006-01-20,4.30025,,,,,,,,,
2006-01-27,4.43382,,,,,,,,,
2006-02-03,4.4934,,,,,,,,,
2006-02-10,4.57833,,,,,,,,,
2006-02-17,4.54796,,,,,,,,,
2006-02-24,4.62719,,,,,,,,,
2006-03-03,4.70405,,,,,,,,,
2006-03-10,4.76106,,,,,,,,,
2006-03-17,4.61756,,,,,,,,,
2006-03-24,4.659,,,,,,,,,
2006-03-31,4.81412,,,,,,,,,
2006-04-07,4.89094,,,,,,,,,
2006-04-14,4.95428,,,,,,,,,
2006-04-21,4.91697,,,,,,,,,
2006-04-28,4.91763,,,,,,,,,
2006-05-05,4.98409,,,,,,,,,
2006-05-12,5.07094,,,,,,,,,
2006-05-19,4.95895,,,,,,,,,
2006-05-26,4.94094,,,,,,,,,
2006-06-02,4.89973,,,,,,,,,
2006-06-09,4.94091,,,,,,,,,
2006-06-16,5.09653,,,,,,,,,
2006-06-23,5.2068,,,,,,,,,
2006-06-30,5.09598,,,,,,,,,
2006-07-07,5.09953,,,,,,,,,
2006-07-14,5.01813,,,,,,,,,
2006-07-21,4.98874,,,,,,,,,
2006-07-28,4.91422,,,,,,,,,
2006-08-04,4.83184,,,,,,,,,
2006-08-11,4.90505,,,,,,,,,
2006-08-18,4.7793,,,,,,,,,
2006-08-25,4.75377,,,,,,,,,
2006-09-01,4.67982,,,,,,,,,
2006-09-08,4.70126,,,,,,,,,
2006-09-15,4.75319,,,,,,,,,
2006-09-22,4.54563,,,,,,,,,
2006-09-29,4.58389,,,,,,,,,
2006-10-06,4.64372,,,,,,,,,
2006-10-13,4.76783,,,,,,,,,
2006-10-20,4.75516,,,,,,,,,
2006-10-27,4.63383,,,,,,,,,
2006-11-03,4.68846,,,,,,,,,
2006-11-10,4.56593,,,,,,,,,
2006-11-17,4.60111,,,,,,,,,
2006-11-24,4.54916,,,,,,,,,
2006-12-01,4.38024,,,,,,,,,
2006-12-08,4.52623,,,,,,,,,
2006-12-15,4.56902,,,,,,,,,
2006-12-22,4.59227,,,,,,,,,
2006-12-29,4.69938,,,,,,,,,
2007-01-05,4.6443,4.93,5.02202,,5.78215,2.5661,,,,
2007-01-12,4.75863,4.99,4.84511,,5.84164,2.54312,,,,
2007-01-19,4.775,4.99,4.65392,,5.85325,2.56009,,,,
2007-01-26,4.86751,5.07,4.61557,,5.83313,2.5711,,,,
2007-02-02,4.81754,5.05,4.60072,,5.89786,2.7874,,,,
2007-02-09,4.77634,4.95,4.60072,,5.70611,2.80439,,,,
2007-02-16,4.67775,4.88,4.60072,,5.62394,2.81261,,,,
2007-02-23,4.66034,4.87,,,5.61895,2.81261,,,,
2007-03-02,4.45028,4.87,,,5.5991,2.80154,,,,
2007-03-09,4.54468,4.83,,,5.67129,2.81344,,,,
2007-03-16,4.46976,4.79,,,5.86433,2.82383,,,,
2007-03-23,4.51185,4.79,,,5.86433,2.87573,,,,
2007-03-30,4.53791,4.8,4.03511,,5.87619,2.88571,,,,
2007-04-06,4.66675,4.87,3.94423,,5.87619,2.84809,,,,
2007-04-13,4.68341,4.99,3.84591,,5.87619,2.90207,,,,
2007-04-20,4.56907,5.03,3.6859,,,3.16509,,,,
2007-04-27,4.59112,5.04,3.60989,,,3.15639,,,,
2007-05-04,4.54942,5.0,3.53052,,,3.154,,,,
2007-05-11,4.5813,5.09,3.42672,,,3.16244,,,,
2007-05-18,4.73048,5.18,3.29317,,,3.28258,,,,
2007-05-25,4.7945,5.19,3.40252,,,3.47455,,,,
2007-06-01,4.91939,5.19,3.40011,8.44759,,3.50576,,,,
2007-06-08,5.05328,5.32,3.62426,8.80551,,3.48536,,,,
2007-06-15,5.09788,5.36,3.78143,8.80551,,3.5886,,,,
2007-06-22,5.02043,5.44,3.74512,8.80551,,3.62925,,,,
2007-06-29,4.93201,5.38,3.93975,,,3.84058,,,,
2007-07-06,5.09577,5.47,4.24895,,,3.82809,,,,
2007-07-13,5.01128,5.49,4.14691,,,3.80062,,,,
2007-07-20,4.84734,5.48,4.00805,,,3.79636,,,,
2007-07-27,4.60374,5.3,3.98832,,,3.73224,,,,
2007-08-03,4.51167,5.25,4.05093,,,3.67842,,,,
2007-08-10,4.58025,5.29,4.04031,8.90381,,3.69242,,,,
2007-08-17,4.33571,5.27,4.1365,8.90381,,3.7311,,,,
2007-08-24,4.42648,5.35,4.06168,8.90381,,3.63356,,,,
2007-08-31,4.26169,5.47,4.02737,9.268,,3.60577,,,,
2007-09-07,4.01976,5.42,3.96566,9.28497,,3.67619,,,,
2007-09-14,4.17738,5.39,3.8953,9.23597,,3.67485,,,,
2007-09-21,4.29998,5.5,3.92364,9.00811,,3.79744,,,,
2007-09-28,4.22712,5.53,3.97575,8.81267,,3.78074,,,,
2007-10-05,4.33617,5.45,4.02299,8.81658,,3.78074,,,,
2007-10-12,4.4108,5.54,4.08586,8.74979,,3.80292,,,,
2007-10-19,4.03993,5.47,4.11351,8.55797,,3.85997,,,,
2007-10-26,4.03703,5.42,4.1101,8.6605,,3.90803,,,,
2007-11-02,3.91654,5.47,4.19103,8.49415,,4.04926,,,,
2007-11-09,3.75294,5.38,4.33302,8.91282,,4.12134,,,,
2007-11-16,3.67448,5.5,4.61602,9.17028,,4.24748,,,,
2007-11-23,3.40763,5.67,4.72658,9.99907,,4.23888,,,,
2007-11-30,3.41448,5.82,4.67442,9.4029,,4.21792,,,,
2007-12-07,3.50072,6.07,4.71115,8.90736,,4.20479,,,,
2007-12-14,3.61794,5.9,4.71115,8.85827,,4.20474,,,,
2007-12-21,3.58012,5.84,4.69245,9.16821,,4.2121,,,,
2007-12-28,3.52188,5.76,4.53223,9.17591,,4.20297,,,,
2008-01-04,3.16388,5.88,4.45231,9.12655,,4.18504,,,,
2008-01-11,3.06746,5.64,4.20625,8.96916,,4.17849,,,,
2008-01-18,2.84488,5.4,4.13088,9.00478,,4.19302,,,,
2008-01-25,2.78541,5.28,3.72526,9.03534,,3.99363,,,,
2008-02-01,2.7534,5.12,3.59286,9.01778,,3.84609,,,,
2008-02-08,2.69575,5.21,3.57688,8.973,,3.84215,,,,
2008-02-15,2.76099,5.08,3.57727,9.06586,,3.84467,,,,
2008-02-22,2.79957,5.14,3.65595,9.12372,,3.84842,,,,
2008-02-29,2.49388,5.08,3.7119,9.29426,,3.86804,,,,
2008-03-07,2.42617,5.09,3.41271,9.26177,,3.9163,,,,
2008-03-14,2.34672,5.28,3.54694,9.72246,,3.90411,,,,
2008-03-21,2.34416,5.21,3.55695,9.91192,,3.86147,,,,
2008-03-28,2.53341,5.19,3.75451,10.3082,,3.7572,,,,
2008-04-04,2.63292,5.13,3.71306,11.503,,3.78099,,,,
2008-04-11,2.57071,4.98,3.74693,11.0652,,3.73249,,,,
2008-04-18,2.94612,5.01,3.91773,11.3662,,3.72513,,,,
2008-04-25,3.17598,5.0,4.13877,12.3009,,3.72113,,,,
2008-05-02,3.15571,4.98,4.0139,12.4804,,3.73528,,,,
2008-05-09,2.95964,5.29,4.04622,12.3984,,3.79904,,,,
2008-05-16,3.11092,5.36,4.06873,12.1021,,3.82886,,,,
2008-05-23,3.12114,5.5,4.17786,12.3678,,3.84807,,,,
2008-05-30,3.40233,5.54,4.43774,12.4184,,3.8492,,,,
2008-06-06,3.19373,5.6,4.96867,12.9314,,3.83474,,,,
2008-06-13,3.72612,5.84,5.35138,13.2873,,3.99193,,,,
2008-06-20,3.54659,5.79,5.63816,13.0022,,3.98764,,,,
2008-06-27,3.3715,5.85,5.58819,13.035,,4.01613,,,,
2008-07-04,3.27034,6.15,5.49321,12.9451,,4.244,,,,
2008-07-11,3.27842,6.17,5.32985,12.0754,,4.12228,,,,
2008-07-18,3.39882,6.02,5.01678,11.9577,,4.14546,,,,
2008-07-25,3.44698,5.83,4.9077,11.472,,4.14435,,,,
2008-08-01,3.22803,5.76,4.61287,11.3709,,4.16659,,,,
2008-08-08,3.21889,5.71,4.60351,11.3172,,4.17438,,,,
2008-08-15,3.1107,5.91,4.45767,11.4773,,4.16356,,,,
2008-08-22,3.13704,5.89,4.62022,11.8286,,4.03232,,,,
2008-08-29,3.08581,5.86,4.28903,11.7915,,3.96448,,,,
2008-09-05,2.91436,5.87,4.31888,11.9599,,3.92539,,,,
2008-09-12,2.95433,5.71,4.17401,12.7644,,3.70518,,,,
2008-09-19,2.99118,5.85,4.3743,12.4051,,3.48017,,,,
2008-09-26,3.01652,6.04,4.18348,12.748,,3.56345,,,,
2008-10-03,2.67845,5.73,3.91708,12.9544,,3.56345,,,,
2008-10-10,2.77202,5.26,4.00427,14.6579,,2.87645,,,,
2008-10-17,2.8383,5.08,3.94521,15.3678,,2.94459,,,,
2008-10-24,2.60115,4.89,3.71074,16.7065,,3.0017,,,,
2008-10-31,2.81741,4.73,3.51077,16.6099,,2.78796,,,,
2008-11-07,2.55793,4.94,3.53558,15.6186,,2.66499,,,,
2008-11-14,2.34666,5.58,3.39486,15.7881,,2.4865,,,,
2008-11-21,1.99479,5.14,3.30575,16.7542,,2.5463,,,,
2008-11-28,1.93398,5.03,3.41362,15.2028,,2.4143,,,,
2008-12-05,1.66831,4.42,2.58988,14.1607,,2.04413,,,,
2008-12-12,1.54825,4.35,2.55584,12.9997,,1.94727,,,,
2008-12-19,1.35362,4.15,2.33695,11.5232,,1.73668,,,,
2008-12-26,1.49667,4.07,2.35757,11.8266,,1.74711,,,,
2009-01-02,1.72169,3.79,2.35757,11.794,,1.74109,,,,
2009-01-09,1.52787,3.99,2.3872,11.7782,,1.71915,,,,
2009-01-16,1.45073,4.21,2.52227,11.9557,,2.10694,,,,
2009-01-23,1.63243,3.97,2.38432,11.4859,,2.24116,,,,
2009-01-30,1.87006,4.1,2.45377,11.106,,2.24116,,,,
2009-02-06,1.94359,4.5,2.35828,11.274,,2.55507,,,,
2009-02-13,1.86095,4.49,2.43986,12.0443,,2.34652,,,,
2009-02-20,1.79817,4.77,2.47548,12.7776,,2.3442,,,,
2009-02-27,2.0188,4.57,2.67433,12.9084,,2.32755,,,,
2009-03-06,1.83862,4.58,2.85365,12.8464,,2.40624,,,,
2009-03-13,1.87153,4.43,2.85365,12.5566,,2.35188,,,,
2009-03-20,1.6368,4.19,2.4939,11.1987,,2.3402,,,,
2009-03-27,1.79767,4.59,2.44923,11.3739,,2.3544,,,,
2009-04-03,1.88534,4.62,2.41899,11.1043,,2.36944,,,,
2009-04-10,1.88221,4.6,2.42753,11.1169,,2.43626,,,,
2009-04-17,1.87625,4.37,2.40864,10.8016,,2.42365,,,,
2009-04-24,1.94192,4.18,2.21436,11.0092,,2.421,,,,
2009-05-01,2.02893,4.17,2.21493,10.822,,2.3935,,,,
2009-05-08,2.14806,4.58,2.51784,10.37,,2.37563,,,,
2009-05-15,1.98314,4.47,2.36552,10.2057,,2.34825,,,,
2009-05-22,2.20434,4.55,2.56975,9.93319,,2.32828,,,,
2009-05-29,2.34317,4.67,2.87759,9.56741,,2.32645,,,,
2009-06-05,2.85315,4.6,2.81182,9.21931,,2.3388,,,,
2009-06-12,2.7864,4.89,3.41357,9.82948,,2.37449,,,,
2009-06-19,2.80203,4.72,3.26751,10.1293,,2.37628,,,,
2009-06-26,2.5329,4.67,3.03145,9.7886,,2.43187,,,,
2009-07-03,2.42284,4.53,2.87787,9.55578,,2.45578,,,,
2009-07-10,2.2091,4.41,2.81362,9.22439,,2.64258,,,,
2009-07-17,2.51322,4.61,2.86315,9.24474,,2.98646,,,,
2009-07-24,2.54504,4.71,2.93255,8.98157,,2.95653,,,,
2009-07-31,2.53101,4.77,2.85537,8.89792,,2.91961,,,,
2009-08-07,2.82494,4.94,2.98539,9.32884,,2.90465,,,,
2009-08-14,2.49663,5.05,2.98929,9.50792,,2.90562,,,,
2009-08-21,2.54843,4.8,3.01861,9.61058,,2.94433,,,,
2009-08-28,2.46008,4.88,3.06197,9.44153,,2.9608,,,,
2009-09-04,2.35481,4.79,2.9916,9.53754,,2.83807,,,,
2009-09-11,2.29107,4.95,3.00001,9.26256,,2.84494,,,,
2009-09-18,2.46086,4.77,3.16919,9.15136,,2.82686,,,,
2009-09-25,2.37009,4.8,3.33148,9.08163,,2.91322,,,,
2009-10-02,2.2019,4.77,3.20489,9.00524,,2.91164,,,,
2009-10-09,2.34143,4.78,3.50406,8.99649,,2.91164,,,,
2009-10-16,2.35462,4.95,3.68609,8.97356,,3.05934,,,,
2009-10-23,2.42547,5.06,3.69305,9.0907,,3.07755,,,,
2009-10-30,2.32168,4.94,3.69401,9.34063,,3.09582,,,,
2009-11-06,2.30136,4.99,3.63389,9.44707,,3.11133,,,,
2009-11-13,2.26273,4.85,3.48379,9.31166,,3.09078,,,,
2009-11-20,2.17193,4.76,3.33259,9.25219,,3.06576,,,,
2009-11-27,2.0358,4.57,3.63695,9.09027,,2.9971,,,,
2009-12-04,2.24656,4.68,3.55043,8.99196,,2.98015,,,,
2009-12-11,2.24202,4.77,3.52065,8.89354,,2.95213,,,,
2009-12-18,2.27952,4.69,3.59664,8.95114,,2.94706,,,,
2009-12-25,2.53582,4.84,3.60551,8.97844,,2.96426,,,,
2010-01-01,2.68228,4.92,3.63017,8.94457,,2.96694,,,,
2010-01-08,2.56431,4.91,3.63017,8.34023,,2.9838,,,,
2010-01-15,2.4193,4.8,3.63017,8.24202,,2.99363,,,,
2010-01-22,2.33638,4.8,,8.44773,,2.99262,,,,
2010-01-29,2.34659,4.82,,8.49782,,2.98038,,,,
2010-02-05,2.21326,4.78,,8.46588,,2.93108,,,,
2010-02-12,2.33217,4.71,,8.43572,,2.9045,,,,
2010-02-19,2.46112,4.76,3.44217,8.46232,,2.9045,,,,
2010-02-26,2.28027,4.62,3.44217,8.46967,,2.89332,,,,
2010-03-05,2.34156,4.56,3.44217,8.38232,,2.65638,,,,
2010-03-12,2.41685,4.39,,8.33475,,2.69342,,,,
2010-03-19,2.44919,4.32,3.51538,8.33495,,2.68291,,,,
2010-03-26,2.60064,4.43,3.51538,8.32984,,2.74313,,,,
2010-04-02,2.67,4.46,3.51538,8.27756,,2.65009,,,,
2010-04-09,2.63995,4.43,,8.20252,,2.67233,,,,
2010-04-16,2.4694,4.48,,8.12596,,2.66479,,,,
2010-04-23,2.59328,4.41,,8.09404,,2.58168,,,,
2010-04-30,2.41806,4.27,3.12869,8.13252,,2.5289,,,,
2010-05-07,2.17345,4.38,3.24385,8.76543,,2.63407,,,,
2010-05-14,2.14742,4.48,3.10228,8.39949,,2.5629,,,,
2010-05-21,1.99214,4.45,3.10228,8.6403,,2.45304,,,,
2010-05-28,2.09851,4.39,3.06503,8.64214,,2.48009,,,,
2010-06-04,1.97923,4.33,3.06705,8.40266,,2.53906,,,,
2010-06-11,2.00854,4.4,3.01243,8.15035,,2.62892,,,,
2010-06-18,2.01638,4.41,2.98895,7.89031,,2.7575,,,,
2010-06-25,1.91123,4.52,2.98895,7.65525,,2.75095,,,,
2010-07-02,1.80922,4.38,2.98895,7.86882,,2.60872,,,,
2010-07-09,1.83686,4.51,,7.58175,,2.57354,,,,
2010-07-16,1.68986,4.48,,7.5014,,2.53722,,,,
2010-07-23,1.72721,4.41,,7.6195,,2.57243,,,,
2010-07-30,1.59651,4.38,,7.4772,,2.64492,,,,
2010-08-06,1.5046,4.45,3.04839,7.38985,,2.62817,,,,
2010-08-13,1.45802,4.32,3.01318,7.54614,,2.60604,,,,
2010-08-20,1.44878,4.13,2.83085,7.46394,,2.6078,,,,
2010-08-27,1.49582,4.04,2.67335,7.53309,,2.6112,,,,
2010-09-03,1.48347,4.07,2.63631,7.58627,,2.59944,,,,
2010-09-10,1.58344,3.89,2.68431,7.58482,,2.64599,,,,
2010-09-17,1.44213,3.85,2.80162,7.37627,,2.69729,,,,
2010-09-24,1.35193,3.85,2.73578,7.31089,,2.69594,,,,
2010-10-01,1.2695,3.57,2.48664,7.14173,,2.71205,,,,
2010-10-08,1.10083,3.62,2.49783,6.62484,,2.71872,,,,
2010-10-15,1.18635,3.45,2.43976,6.38309,,2.74614,,,,
2010-10-22,1.14705,3.73,2.54195,6.40174,,3.05739,,,,
2010-10-29,1.17578,3.86,2.82097,6.3675,,3.11949,,,,
2010-11-05,1.09139,4.11,2.77245,6.27574,,3.38531,,,,
2010-11-12,1.34644,4.1,2.91067,6.25898,,3.61989,,,,
2010-11-19,1.5088,3.98,2.93339,6.33028,,3.15999,,,,
2010-11-26,1.52657,4.03,2.95801,6.41778,,3.69693,,,,
2010-12-03,1.61904,3.87,3.09552,6.53407,,3.59046,,,,
2010-12-10,1.95403,3.95,3.09552,6.44175,,3.5763,,,,
2010-12-17,1.95445,4.14,3.44641,6.87003,,3.53098,,,,
2010-12-24,2.05923,4.01,3.20455,6.94818,,3.52329,,,,
2010-12-31,2.00441,4.08,3.22472,6.77834,,3.5041,,,,
2011-01-07,1.95279,4.3,3.15247,6.8528,,3.37067,,,,
2011-01-14,1.92872,4.26,3.15448,7.29002,,3.44013,,,,
2011-01-21,2.01618,4.34,3.20523,8.63016,,3.59249,,,,
2011-01-28,1.92435,4.38,3.36355,8.09317,,3.59258,,,,
2011-02-04,2.27688,4.4,3.36441,8.2412,,3.58163,,,,
2011-02-11,2.359,4.47,3.5045,8.34318,,3.68828,,,,
2011-02-18,2.27229,4.43,3.42714,8.23157,,3.6375,,,,
2011-02-25,2.17146,4.27,3.4,8.33872,,3.61134,,,,
2011-03-04,2.17329,4.36,3.39569,7.9511,,3.5521,,,,
2011-03-11,2.0434,4.05,3.31774,7.8705,,3.5156,,,,
2011-03-18,1.94336,4.07,3.26221,7.89365,,3.47403,,,,
2011-03-25,2.16687,4.08,3.30101,7.81287,,3.49292,,,,
2011-04-01,2.24831,4.06,3.34999,7.41614,,3.49367,,,,
2011-04-08,2.29842,4.12,3.24275,7.22297,,3.50315,,,,
2011-04-15,2.1229,4.07,3.23982,7.01115,,3.43786,7.0113,3.58104,1.1017,1.03731
2011-04-22,2.11428,4.12,3.24951,6.88863,,3.44578,7.17372,3.60395,1.23397,1.13014
2011-04-29,1.97029,4.1,3.30799,6.89922,,3.41601,7.16883,3.54859,1.19215,1.15616
2011-05-06,1.8629,4.07,3.40239,6.9842,,3.4027,7.12267,3.56335,1.19067,1.13745
2011-05-13,1.84584,4.01,3.40426,6.90254,,3.41513,7.16216,3.56261,1.15722,1.15054
2011-05-20,1.79731,3.95,3.41498,6.74045,,3.41178,7.03868,3.57911,1.19759,1.19566
2011-05-27,1.71727,3.87,3.442,6.83411,,3.36408,7.02388,3.57829,1.16277,1.21309
2011-06-03,1.60751,3.83,3.418,6.82048,,3.39296,6.94268,3.5855,1.15742,1.20372
2011-06-10,1.56444,3.91,3.44939,6.84688,,3.47089,6.91908,3.54619,1.12546,1.25305
2011-06-17,1.52279,3.94,3.6101,6.95655,,3.59291,7.02538,3.52571,1.13084,1.20515
2011-06-24,1.39102,3.97,3.69528,6.89354,,3.46196,7.02,3.50884,1.0869,1.23448
2011-07-01,1.79774,4.04,3.76082,6.81257,,3.52845,6.9577,3.51205,1.09636,1.22876
2011-07-08,1.56721,4.08,3.89324,6.54583,,3.54163,6.76686,3.51037,1.01928,1.24439
2011-07-15,1.43761,3.92,3.94679,6.66872,,3.58507,6.74322,3.51885,0.829868,1.23218
2011-07-22,1.50653,3.98,3.90184,6.60352,,3.79129,6.74601,3.53579,0.88405,1.29514
2011-07-29,1.36856,4.02,3.86377,6.4313,,3.79374,6.61991,3.51528,0.742035,1.24347
2011-08-05,1.25318,3.77,3.69182,6.10994,,3.89953,6.31324,3.42921,0.619,1.11378
2011-08-12,0.943993,3.67,3.4082,6.13778,,3.79616,6.46535,3.41727,0.619427,1.14162
2011-08-19,0.898829,3.65,3.45792,6.13201,,3.78421,6.3113,3.37652,0.577281,1.04029
2011-08-26,0.939076,3.63,3.45775,6.08104,,3.84658,6.39879,3.38692,0.591361,1.14115
2011-09-02,0.868369,3.57,3.44216,6.08104,,3.94897,6.39256,3.37411,0.591589,1.06604
2011-09-09,0.805457,3.45,3.46964,5.76838,,3.89957,6.07968,3.2796,0.590444,1.03619
2011-09-16,0.927109,3.49,3.4889,6.26014,,3.94506,6.56365,3.27276,0.617389,1.10804
2011-09-23,0.850741,3.55,3.4889,6.62739,,3.8287,6.4802,3.3964,0.628159,1.01467
2011-09-30,0.963038,3.67,3.5723,6.1952,,3.72651,6.521,3.42803,0.702251,1.03287
2011-10-07,1.07281,3.57,3.50478,6.05161,,3.72651,6.47519,3.41727,0.721764,1.04183
2011-10-14,1.10235,3.54,3.42507,5.75223,,3.72651,6.09033,3.38601,0.700205,1.0656
2011-10-21,1.05372,3.62,3.32604,5.67902,,,5.88222,3.38798,0.727621,1.07524
2011-10-28,1.11921,3.67,3.21021,5.63151,,,6.00584,3.4833,0.849738,1.14562
2011-11-04,0.884302,3.55,3.18391,5.59862,,,5.95141,3.43792,0.792883,1.12339
2011-11-11,0.904778,3.52,3.34034,5.51561,,,5.88573,3.39301,0.770165,1.10772
2011-11-18,0.923798,3.5,3.25599,5.56469,,3.38683,5.89178,3.36835,0.75131,1.10286
2011-11-25,0.929491,3.53,3.30484,5.8369,,3.33109,6.13316,3.42199,0.809494,1.11489
2011-12-02,0.923198,3.49,3.11776,5.51061,,3.05369,5.99083,3.39224,0.865674,1.08616
2011-12-09,0.881432,3.51,3.05311,5.52045,,3.03786,5.74552,3.35008,0.970959,1.10886
2011-12-16,0.812033,3.47,3.03998,5.52715,,3.07892,5.85647,3.35728,0.874595,1.0981
2011-12-23,0.985932,3.52,3.13798,5.38034,,3.07461,5.74411,3.36176,0.889552,1.10179
2011-12-30,0.836567,3.46,3.1641,5.35063,,3.00418,5.70373,3.3533,0.847744,1.10482
2012-01-06,0.854089,3.49,3.042934,5.353703,,3.044868,5.68493,3.34201,0.819242,1.11142
2012-01-13,0.78155,3.49,3.08694,5.305537,,3.021573,5.63619,3.29084,0.752274,1.0851
2012-01-20,0.891188,3.53,3.078405,4.858354,,3.007865,5.15498,3.27569,0.773108,1.07755
2012-01-27,0.75059,3.51,3.071347,4.849907,,3.007865,5.07536,3.25424,0.69903,1.06315
2012-02-03,0.785304,3.5,3.089986,4.618234,,3.063914,4.92898,3.2433,0.668706,1.04704
2012-02-10,0.802608,3.56,3.139912,4.494976,,3.136971,4.6848,3.21514,0.677231,1.06015
2012-02-17,0.865271,3.57,3.219628,4.516037,,3.160426,4.77391,3.21446,0.68111,1.05893
2012-02-24,0.895816,3.57,3.264889,4.954296,,3.144832,5.03652,3.23501,0.71699,1.06312
2012-03-02,0.842931,3.59,3.396376,4.79565,,3.203626,5.13306,3.26197,0.641968,1.0801
2012-03-09,0.902388,3.61,3.378587,5.048943,,3.176619,5.35247,3.28465,0.683854,1.08049
2012-03-16,1.1158,3.7,3.599337,5.070753,,3.178793,5.47603,3.39026,0.773599,1.10645
2012-03-23,1.08549,3.81,3.612183,5.112673,,3.161808,5.43009,3.40872,0.717836,1.07693
2012-03-30,1.04023,3.69,3.671709,5.221937,,3.114135,5.37244,3.44393,0.740522,1.08377
2012-04-06,0.901825,3.69,3.64383,5.122762,,3.138687,5.32684,3.42683,0.722394,1.11289
2012-04-13,0.853181,3.63,3.574759,5.168257,,3.132635,5.36578,3.37032,0.674701,1.10115
2012-04-20,0.844557,3.59,3.506716,5.125,,3.149864,5.36536,3.37135,0.681648,1.1015
2012-04-27,0.822264,3.57,3.571003,5.155473,,3.145558,5.37573,3.35464,0.649456,1.08319
2012-05-04,0.78366,3.52,3.567051,5.213819,,3.150679,5.38126,3.35805,0.652791,1.07088
2012-05-11,0.746448,3.48,3.65924,5.29594,,3.061966,5.5236,3.35001,0.623308,1.08286
2012-05-18,0.729894,3.47,3.5072,5.42017,,2.792939,5.78133,3.33619,0.651644,1.04163
2012-05-25,0.760606,3.47,3.590281,5.515739,,2.632183,5.84602,3.32404,0.670866,1.07694
2012-06-01,0.62022,3.39,3.429387,5.496904,,2.760421,5.93733,3.3415,0.645048,1.05104
2012-06-08,0.711539,3.35,3.394755,5.477499,,2.766489,5.87444,3.28634,0.618356,1.03519
2012-06-15,0.674813,3.4,3.317274,5.411942,,2.890349,5.82705,3.28553,0.591807,1.05597
2012-06-22,0.751083,3.42,3.329334,5.35895,,2.935764,5.71277,3.26339,0.603722,1.04363
2012-06-29,0.729254,3.42,3.335884,5.390785,,2.829129,5.71775,3.26506,0.555357,1.0396
2012-07-06,0.639745,3.34,3.331753,5.379333,,2.756532,5.61714,3.23976,0.509707,1.03167
2012-07-13,0.629734,3.06,3.270005,5.421887,,2.685668,5.65548,3.24841,0.494568,0.989165
2012-07-20,0.578012,2.97,3.16235,5.235728,,2.7325,5.55483,3.22004,0.513252,0.935588
2012-07-27,0.659096,2.97,3.139785,5.307905,,2.738549,5.55804,3.20424,0.515143,0.934815
2012-08-03,0.674041,2.87,3.135911,5.285585,,2.767432,5.51952,3.23274,0.515861,0.953635
2012-08-10,0.694031,2.9,3.059232,5.347236,,2.820231,5.5299,3.23805,0.524599,0.989609
2012-08-17,0.798621,3.04,3.181625,5.52351,,2.946513,5.72743,3.35456,0.548487,0.998407
2012-08-24,0.702005,2.93,3.189166,5.633444,,3.044216,5.7619,3.30633,0.530753,0.991228
2012-08-31,0.594757,2.85,3.190125,5.789543,,3.069386,5.83095,3.31372,0.539875,0.981585
2012-09-07,0.637785,2.9,3.23999,5.660561,,3.11055,5.84421,3.33842,0.556073,0.995477
2012-09-14,0.713439,2.93,3.324749,5.531593,,3.30024,5.72619,3.35763,0.607117,0.992563
2012-09-21,0.671751,2.91,3.348641,5.522868,,3.274433,5.71281,3.36567,0.585913,0.983572
2012-09-28,0.629771,2.86,3.29197,5.545019,,3.165845,5.74353,3.36293,0.565253,0.983495
2012-10-05,0.66497,2.82,3.270622,5.466438,,3.165845,5.68098,3.34433,0.537623,0.981046
2012-10-12,0.661886,2.84,3.242644,5.482065,,3.198942,5.6883,3.31756,0.521329,0.968041
2012-10-19,0.749267,2.89,3.09008,5.414606,,3.189425,5.58217,3.28209,0.504824,0.947265
2012-10-26,0.759572,2.86,3.074229,5.34555,,3.219287,5.54148,3.27886,0.515601,0.964198
2012-11-02,0.72762,2.84,3.003021,5.326452,,3.201604,5.45452,3.2583,0.516623,0.950141
2012-11-09,0.637897,2.86,2.996394,5.213014,,3.186408,5.41517,3.2379,0.504303,0.953862
2012-11-16,0.607117,2.84,3.016872,5.091259,,3.160136,5.2114,3.25268,0.503495,0.949139
2012-11-23,0.685387,2.91,3.00116,4.973294,,3.161994,5.15684,3.26474,0.560092,0.940271
2012-11-30,0.613857,2.91,3.194729,4.915065,,3.210676,5.12218,3.28694,0.556807,0.93818
2012-12-07,0.620201,2.93,3.195666,4.810991,,3.253062,5.05825,3.30179,0.570176,0.946674
2012-12-14,0.689272,3.01,3.230451,4.796243,,3.254507,4.9801,3.32148,0.515266,0.946442
2012-12-21,0.751597,3.02,3.20498,4.743365,,3.252024,4.95444,3.3076,0.548432,0.949087
2012-12-28,0.71652,2.97,3.20498,4.72516,,3.226435,4.96547,3.30492,0.53304,0.957352
2013-01-04,0.817395,2.89,3.202995,4.580355,,3.219185,4.90188,3.28806,0.600693,0.962638
2013-01-11,0.780566,2.88,3.242114,4.587603,,3.218205,4.9424,3.29362,0.56257,0.973954
2013-01-18,0.762902,2.85,3.224317,4.617918,,3.223178,4.95177,3.27558,0.551019,0.943316
2013-01-25,0.845775,2.82,3.242902,4.577477,,3.226856,4.88779,3.28469,0.588797,0.93595
2013-02-01,0.878204,2.9,3.239224,4.715558,,3.248664,4.94181,3.31892,0.651868,0.961966
2013-02-08,0.828361,2.84,3.115967,4.703641,,3.252301,4.89586,3.29959,0.678792,0.967747
2013-02-15,0.865282,2.84,3.190169,4.696972,,3.252301,4.86739,3.30019,0.707345,0.972292
2013-02-22,0.826373,2.8,3.188943,4.706559,,3.271629,4.82995,3.28945,0.644501,0.978551
2013-03-01,0.746801,2.74,3.196393,4.791136,,3.281606,4.87643,3.26351,0.582175,0.974534
2013-03-08,0.895755,2.77,3.203816,4.763768,,3.270958,4.88273,3.25452,0.620615,1.00124
2013-03-15,0.833106,2.71,3.202951,4.900284,,3.278229,4.90755,3.25638,0.614316,1.03588
2013-03-22,0.790438,2.65,3.161941,4.95417,,3.28518,4.99663,3.2556,0.59609,1.03906
2013-03-29,0.775549,2.58,3.181449,5.009206,,3.279812,5.13737,3.24525,0.613517,1.07791
2013-04-05,0.673269,2.54,3.176303,5.083275,,3.217783,5.11717,3.23536,0.565679,1.07627
2013-04-12,0.692198,2.76,3.138123,5.020876,,3.214221,5.16696,3.2035,0.518506,1.06013
2013-04-19,0.70485,2.67,3.074964,5.006814,,3.206226,5.11282,3.19709,0.549721,1.02901
2013-04-26,0.679122,2.6,3.121917,4.839575,,3.177492,5.04061,3.20546,0.569066,1.00739
2013-05-03,0.725732,2.52,3.035978,4.902945,,3.123666,5.02015,3.19563,0.529533,0.94214
2013-05-10,0.816455,2.63,3.035978,4.837666,,3.130696,5.03959,3.0949,0.600984,0.975266
2013-05-17,0.828543,2.65,2.935906,4.881927,,3.13034,5.03802,3.05014,0.598765,0.990625
2013-05-24,0.88825,2.71,2.952966,5.008766,,3.154046,5.17072,3.17278,0.810481,1.02945
2013-05-31,1.04831,2.88,3.022238,5.154049,,3.141644,5.32482,3.31111,1.04587,1.05392
2013-06-07,1.08413,2.93,3.023758,5.362019,,3.170059,5.45162,3.27442,0.947206,1.0328
2013-06-14,1.01943,2.98,3.206976,5.671346,,3.189841,5.91355,3.34857,1.11145,1.0368
2013-06-21,1.40612,3.27,3.557369,6.233458,,3.317282,6.46518,3.49357,1.45458,1.09702
2013-06-28,1.38474,3.16,3.427027,6.30638,,3.317282,6.77741,3.54225,1.34212,1.07292
2013-07-05,1.59456,3.21,3.396073,6.611716,,3.29559,6.89748,3.50798,1.3431,1.18742
2013-07-12,1.43392,3.1,3.39018,7.326414,,3.371816,7.572,3.56194,1.11113,1.12617
2013-07-19,1.30124,3.1,3.385152,7.192437,,3.400486,7.76853,3.64339,1.07226,1.13724
2013-07-26,1.36203,3.21,3.403512,7.245895,,3.662901,7.59334,3.68353,1.10531,1.14159
2013-08-02,1.3571,3.24,3.403512,7.161164,,3.632907,7.49239,3.80043,1.19272,1.22567
2013-08-09,1.35702,3.23,3.403512,7.2224,,3.721421,7.47539,3.65851,1.08834,1.24937
2013-08-16,1.56765,3.29,,7.546796,,3.863346,7.79249,3.63183,1.23164,1.27702
2013-08-23,1.63076,3.33,,7.716176,,3.901061,8.11084,3.77358,1.40153,1.27371
2013-08-30,1.59888,3.17,3.881836,7.913319,,3.901911,8.3216,3.81547,1.42126,1.26591
2013-09-06,1.76682,3.3,3.902531,8.082454,,3.948867,8.42243,3.75677,1.57391,1.29815
2013-09-13,1.70463,3.22,3.867046,7.758323,,3.996289,8.26689,3.69129,1.37834,1.29983
2013-09-20,1.47523,3.12,3.636711,7.451191,,3.977162,7.74805,3.559,1.09808,1.24684
2013-09-27,1.39772,3.07,3.59452,7.608605,,3.856715,7.66601,3.61522,1.30703,1.26481
2013-10-04,1.40921,3.05,3.573766,7.466249,,3.856715,7.69813,3.54076,1.22128,1.26297
2013-10-11,1.41097,3.12,3.581497,7.356413,,3.859787,7.55805,3.56232,1.2768,1.27919
2013-10-18,1.33562,3.11,3.530338,7.109141,,3.904054,7.25091,3.49563,1.18761,1.25021
2013-10-25,1.27804,3.03,3.44154,6.665699,,3.99651,6.7755,3.43713,1.04477,1.23858
2013-11-01,1.37354,3.09,3.577879,7.048647,,4.031842,7.01521,3.45737,1.12704,1.24389
2013-11-08,1.41505,3.14,3.583558,7.27375,,4.031842,7.33135,3.53572,1.06329,1.22105
2013-11-15,1.34817,3.25,3.680662,7.719901,,4.031842,7.87706,3.66652,1.06875,1.23419
2013-11-22,1.35182,3.29,3.777578,7.861582,,4.508671,7.99635,3.77294,1.08913,1.22777
2013-11-29,1.36363,3.35,3.513747,8.028852,,4.321014,8.07935,3.78852,1.14617,1.21452
2013-12-06,1.50185,3.39,3.565885,8.171254,,4.343758,8.19783,3.80385,1.37254,1.23394
2013-12-13,1.5309,3.329,3.56683,7.975,,4.444737,8.12833,3.79026,1.4238,1.22214
2013-12-20,1.66841,3.235,3.526529,7.880637,,4.488077,7.98908,3.81165,1.42477,1.20738
2013-12-27,1.74083,3.19,3.412667,7.928146,,4.464573,7.99427,3.83262,1.54341,1.23234
2014-01-03,1.72669,3.325,3.336509,8.371906,,4.528961,8.15274,3.85313,1.55311,1.22941
2014-01-10,1.62164,3.28,3.458613,8.103211,,4.463016,8.31571,3.73739,1.51647,1.22221
2014-01-17,1.62877,3.255,3.356761,7.759852,,4.431547,7.98868,3.76514,1.47882,1.2271
2014-01-24,1.56444,3.26,3.330482,7.895399,,4.353574,7.96903,3.85612,1.40808,1.20457
2014-01-31,1.50977,3.225,3.359607,8.061715,,4.193591,8.1765,3.88728,1.42898,1.18305
2014-02-07,1.46074,3.197,3.333727,7.988437,,4.170447,8.17798,3.82741,1.29102,1.21931
2014-02-14,1.52461,3.133,3.249909,7.830579,,4.154277,7.97813,3.79039,1.26494,1.1529
2014-02-21,1.53293,3.175,3.292115,7.882499,,4.209396,7.79033,3.78991,1.34794,1.15393
2014-02-28,1.50977,3.126,3.264377,7.809257,,4.043359,7.83074,3.77116,1.35174,1.17593
2014-03-07,1.63957,3.19,3.259519,7.721647,,4.197551,7.66923,3.75955,1.36467,1.18929
2014-03-14,1.52624,3.125,3.182811,7.667916,,4.12538,7.54249,3.72988,1.36896,1.18436
2014-03-21,1.71378,3.175,3.25132,7.679496,,4.124376,7.55096,3.74214,1.47228,1.16547
2014-03-28,1.73639,3.15,3.273905,7.630807,,4.126025,7.55275,3.76796,1.4919,1.17048
2014-04-04,1.70218,3.177,3.309603,7.604273,,4.131216,7.45817,3.7654,1.48516,1.18009
2014-04-11,1.56582,3.145,3.247174,7.541278,,4.154654,7.45343,3.73039,1.36978,1.161
2014-04-18,1.72909,3.175,3.116302,7.516273,,4.034853,7.44729,3.73313,1.37256,1.16105
2014-04-25,1.72818,3.17,3.040675,7.535038,,4.075162,7.49504,3.71787,1.42935,1.12152
2014-05-02,1.67581,3.152,3.087909,7.5825,,4.044495,7.49809,3.6771,1.37672,1.11929
2014-05-09,1.62167,3.101,3.036385,7.571465,,4.025717,7.51216,3.67712,1.31373,1.11967
2014-05-16,1.54593,3.067,2.973259,7.500266,,4.042274,7.48871,3.70811,1.24709,1.10697
2014-05-23,1.52414,3.068,3.024342,7.565392,,4.039517,7.51222,3.79574,1.32304,1.12356
2014-05-30,1.52771,3.035,3.111046,7.63032,,3.945448,7.52985,3.77596,1.28544,1.12027
2014-06-06,1.65104,3.072,3.111046,7.632203,,3.860068,7.52875,3.77892,1.26384,1.13765
2014-06-13,1.69466,2.99,3.111046,7.641559,,3.837099,7.52176,3.77724,1.32978,1.17866
2014-06-20,1.69869,2.87,,7.678383,,3.811534,7.54583,3.77069,1.32303,1.24014
2014-06-27,1.63644,2.892,,7.790931,,3.832466,7.69983,3.76324,1.23336,1.24042
2014-07-04,1.74007,2.812,,7.733966,,3.832466,7.64541,3.73348,1.21354,1.27046
2014-07-11,1.64141,2.769,3.169014,7.744979,,3.937597,7.61644,3.72421,1.17569,1.26978
2014-07-18,1.66626,2.711,3.044013,7.761151,,4.053431,7.64147,3.68023,1.19121,1.25508
2014-07-25,1.67636,2.711,3.044013,7.800677,,4.01894,7.65791,3.7016,1.24608,1.26751
2014-08-01,1.67087,2.802,3.044013,7.813307,,3.997022,7.6731,3.69301,1.34612,1.24142
2014-08-08,1.60854,2.718,,7.974212,,3.987159,7.82933,3.65804,1.30608,1.20848
2014-08-15,1.53941,2.761,,7.94455,,3.932482,7.80755,3.67863,1.35835,1.21474
2014-08-22,1.6597,2.825,,7.943028,,3.981184,8.00463,3.70757,1.3829,1.25495
2014-08-29,1.62499,2.736,2.992083,7.910129,,3.975754,8.00237,3.69647,1.38626,1.21617
2014-09-05,1.6874,2.732,3.022916,7.78912,,3.97116,7.84271,3.70989,1.49642,1.27923
2014-09-12,1.81689,2.66,3.012511,7.884081,,3.991139,7.9006,3.74226,1.6512,1.3388
2014-09-19,1.81759,2.636,2.982173,7.992742,,3.935186,7.9942,3.71068,1.68137,1.37086
2014-09-26,1.80251,2.536,2.930387,8.027208,,3.91727,7.98403,3.6997,1.66458,1.38242
2014-10-03,1.73519,2.426,2.888927,8.215656,,3.901119,8.22188,3.68581,1.60744,1.35188
2014-10-10,1.55779,2.456,2.789579,8.111554,,3.898465,8.18946,3.67884,1.48807,1.31305
2014-10-17,1.41835,2.42,2.637752,7.996937,,3.689185,8.10039,3.65263,1.39519,1.23535
2014-10-24,1.49565,2.37,2.620759,7.833995,,3.6119,7.92642,3.65195,1.41566,1.30468
2014-10-31,1.61118,2.295,2.681875,7.788888,,3.560794,7.91094,3.66126,1.48512,1.30642
2014-11-07,1.59183,2.3,2.537564,7.800025,,3.429882,7.8543,3.63612,1.55893,1.31444
2014-11-14,1.60371,2.407,2.537564,7.774078,,3.460219,7.89622,3.64683,1.53542,1.3184
2014-11-21,1.61072,2.357,2.537564,7.6135,,3.507838,7.73015,3.74217,1.52381,1.30296
2014-11-28,1.50814,2.23,,7.573985,,3.402081,7.66966,3.71204,1.46804,1.30925
2014-12-05,1.6823,2.37,2.332302,7.612942,,3.567604,7.75612,3.76809,1.51069,1.30076
2014-12-12,1.52951,2.327,2.375577,7.886484,,3.652858,7.87955,3.96935,1.54005,1.30422
2014-12-19,1.65206,2.37,2.441706,7.935091,,3.571703,8.06162,3.9961,1.78557,1.32832
2014-12-26,1.75612,2.317,2.441706,7.733568,,3.511945,7.84815,3.93983,1.72701,1.2835
2015-01-02,1.61843,2.32,2.441706,7.60703,,3.507926,7.69457,3.94196,1.71758,1.27503
2015-01-09,1.44178,2.221,2.192926,7.590266,,3.507926,7.68974,3.97976,1.5925,1.21948
2015-01-16,1.28471,2.101,2.153359,7.435513,,3.414549,7.46464,3.85399,1.29253,1.0925
2015-01-23,1.3243,2.13,2.286361,7.000433,,3.341419,7.05985,3.84988,1.42204,1.13845
2015-01-30,1.18537,2.047,2.270376,6.900563,,3.38446,6.92025,3.73763,1.42746,1.10329
2015-02-06,1.46238,2.05,2.295265,6.90331,,3.337568,6.88846,3.66164,1.45561,1.1116
2015-02-13,1.51616,2.155,2.295265,7.234388,,3.253126,7.2537,3.73933,1.60666,1.1065
2015-02-20,1.60523,2.147,2.445556,6.914,,3.166725,7.01951,3.73756,1.77234,1.11247
2015-02-27,1.49882,2.107,2.39514,6.804544,,3.166725,6.79802,3.67656,1.73674,1.10679
2015-03-06,1.69389,2.04,2.358175,7.142115,,3.303052,7.0613,3.69152,1.87883,1.16738
2015-03-13,1.58223,2.013,2.36604,7.237525,,3.338843,7.34073,3.71275,1.86357,1.20231
2015-03-20,1.41439,1.903,2.365961,7.232291,,3.323044,7.20074,3.68176,1.98794,1.17874
2015-03-27,1.4156,1.85,2.258708,7.149539,,3.311943,7.13293,3.63409,1.8785,1.16428
2015-04-03,1.25172,1.8,2.224308,7.257965,,3.410852,7.26744,3.60148,1.80655,1.13496
2015-04-10,1.40276,1.8,2.224308,7.176272,,3.449363,7.21968,3.61609,1.64609,1.128
2015-04-17,1.29316,1.802,2.206212,7.380091,,3.394418,7.39459,3.64324,1.64759,1.16796
2015-04-24,1.32399,1.937,2.094764,7.442078,,3.302674,7.4524,3.61763,1.66357,1.17383
2015-05-01,1.50386,2.05,2.028961,7.644581,,3.284359,7.64634,3.62756,1.73129,1.19576
2015-05-08,1.49282,2.07,2.206603,7.955375,,3.262544,7.99152,3.66733,1.86503,1.15784
2015-05-15,1.46031,2.127,2.224205,7.789537,,2.974038,7.82207,3.70042,1.67946,1.14551
2015-05-22,1.57666,2.097,2.14859,7.887505,,3.089187,7.89961,3.69777,1.79389,1.12281
2015-05-29,1.46745,1.915,2.124805,7.994345,,3.265082,7.99661,3.70661,1.85489,1.09368
2015-06-05,1.74016,2.01,2.304829,8.309251,,3.209162,8.2922,3.73396,2.05867,1.13143
2015-06-12,1.73106,2.027,2.270968,8.520976,,3.225428,8.53607,3.81937,2.05228,1.12982
2015-06-19,1.57584,2.015,2.230119,8.353969,,3.183717,8.3885,3.73896,1.88503,1.1029
2015-06-26,1.75447,2.1,2.240731,8.168607,,3.213994,8.22078,3.71073,2.03553,1.10331
2015-07-03,1.64299,2.13,2.236958,8.115081,,3.213994,8.14713,3.66772,1.98966,1.10274
2015-07-10,1.676,2.102,2.082366,8.188572,,3.107563,8.20864,3.69647,1.94029,1.06928
2015-07-17,1.66954,2.052,2.026892,8.119524,,3.186427,8.16223,3.66329,1.9378,1.10279
2015-07-24,1.61994,1.937,2.064768,8.083648,,3.140497,8.14054,3.60297,2.07651,1.09843
2015-07-31,1.54501,2.032,2.070471,8.3685,,3.180388,8.31205,3.67526,2.06188,1.06429
2015-08-07,1.58069,2.037,2.025914,8.292521,,3.13969,8.30588,3.85337,2.06636,1.04773
2015-08-14,1.59695,1.941,2.002793,8.442986,,3.235099,8.49688,4.04509,2.07032,0.999317
2015-08-21,1.43569,1.88,1.956414,8.676579,,3.220639,8.59917,4.11544,1.98944,0.896347
2015-08-28,1.52321,1.911,2.044363,8.522883,,3.136478,8.6715,4.1916,2.1639,0.878367
2015-09-04,1.4648,1.84,2.04424,8.578741,,3.109972,8.69735,4.01583,2.18691,0.863728
2015-09-11,1.50452,1.88,2.190197,8.8429,,3.160594,8.94486,4.0027,2.34033,0.887823
2015-09-18,1.43739,1.82,2.031598,8.835155,,3.15594,9.13868,3.94845,2.20409,0.906109
2015-09-25,1.47585,1.785,2.105315,9.311928,,3.1258,9.34647,3.98276,2.23334,0.886835
2015-10-02,1.28251,1.742,2.065855,9.215,,3.067394,9.3567,3.98357,1.99497,0.925262
2015-10-09,1.40439,1.782,2.029302,8.396869,,2.981246,8.67289,3.87389,1.91254,0.884053
2015-10-16,1.34548,1.77,1.985129,8.496042,,2.953305,8.61931,3.853,1.77981,0.888201
2015-10-23,1.41281,1.809,2.019167,8.561,,2.907979,8.72175,3.84394,1.83997,0.857335
2015-10-30,1.525,1.795,2.133551,8.679826,,2.872868,8.74164,3.84867,1.94458,0.861659
2015-11-06,1.73873,1.92,2.105772,8.477355,,2.94507,8.6564,3.86427,2.08038,0.867453
2015-11-13,1.66847,1.997,2.121973,8.4867,,2.976465,8.65711,3.9449,2.13494,0.863924
2015-11-20,1.68625,1.96,2.139641,8.454296,,3.001129,8.64671,3.9111,2.06408,0.845526
2015-11-27,1.64951,1.982,2.056945,8.3961,,2.912883,8.61073,3.82287,1.95841,0.846311
2015-12-04,1.70876,2.007,2.090492,8.425285,,2.851554,8.58637,3.84531,2.09022,0.851587
2015-12-11,1.56746,1.942,2.079772,8.614067,,2.818006,8.60628,3.88453,1.92366,0.853556
2015-12-18,1.67619,1.855,2.071075,8.619849,,2.726136,8.74759,3.83136,1.94464,0.810302
2015-12-25,1.71629,1.837,2.017195,8.691854,,2.660191,8.82719,3.7649,1.90992,0.790579
2016-01-01,1.76312,1.82,1.947752,8.734171,,2.675699,8.87798,3.74737,2.04881,0.706741
2016-01-08,1.57606,1.81,2.005106,8.800758,,2.693562,8.8928,3.758,2.08737,0.704621
2016-01-15,1.45108,1.79,1.818835,8.442276,,2.693562,8.60658,3.69072,2.02179,0.676086
2016-01-22,1.47955,1.757,1.763372,8.28565,,2.717539,8.5953,3.59676,1.93245,0.678956
2016-01-29,1.32961,1.7,1.720167,8.147365,,2.772358,8.49373,3.51547,1.84296,0.703107
2016-02-05,1.24996,1.626,1.742609,7.914137,,2.718062,8.18137,3.56544,1.76747,0.638202
2016-02-12,1.1991,1.575,1.609398,7.822066,,2.718062,8.08323,3.56753,1.66916,0.638202
2016-02-19,1.22618,1.58,1.58129,7.782699,,2.660574,8.08636,3.61228,1.69627,0.635158
2016-02-26,1.23813,1.55,1.61798,7.900402,,2.628954,8.188,3.6555,1.78751,0.675255
2016-03-04,1.38393,1.63,1.503628,7.650462,,2.623937,8.0547,3.60289,1.72235,0.647624
2016-03-11,1.4806,1.672,1.512976,7.354071,,2.587289,7.90355,3.5758,1.64899,0.659616
2016-03-18,1.33304,1.602,1.426322,7.287199,,2.54597,7.68353,3.5554,1.61189,0.651914
2016-03-25,1.37023,1.597,1.448733,7.411035,,2.510771,7.68262,3.54942,1.5869,0.622659
2016-04-01,1.24027,1.55,1.389935,7.27781,,2.470044,7.62588,3.52237,1.39541,0.654371
2016-04-08,1.15913,1.565,1.40115,7.310397,,2.498302,7.56077,3.53846,1.44578,0.620883
2016-04-15,1.2092,1.597,1.415634,7.215,,2.605696,7.4031,3.53454,1.58686,0.612435
2016-04-22,1.3551,1.58,1.475361,7.269104,,2.717845,7.32062,3.56058,1.61517,0.605801
2016-04-29,1.27782,1.55,1.495242,7.372617,,2.678775,7.43731,3.60848,1.55172,0.613788
2016-05-06,1.2321,1.535,1.484946,7.417812,,2.721761,7.46777,3.60389,1.55245,0.607402
2016-05-13,1.20722,1.532,1.500698,7.373127,,2.687719,7.60305,3.5614,1.5372,0.607188
2016-05-20,1.37166,1.565,1.766212,7.526637,,2.727441,7.5818,3.53292,1.59532,0.61726
2016-05-27,1.35716,1.55,1.771285,7.487895,,2.737701,7.58438,3.55802,1.67512,0.615365
2016-06-03,1.23072,1.512,1.818602,7.495217,,2.760848,7.59528,3.59252,1.61517,0.614061
2016-06-10,1.16545,1.42,1.665917,7.410108,,2.76283,7.49115,3.54383,1.48035,0.610441
2016-06-17,1.12093,1.4,1.689314,7.415167,,2.742029,7.48542,3.543,1.55964,0.599064
2016-06-24,1.09441,1.305,1.647589,7.5375,,2.701713,7.52063,3.53529,1.47698,0.605303
2016-07-01,1.00904,1.25,1.625438,7.128751,,2.640299,7.37183,3.42579,1.40918,0.590549
2016-07-08,0.953985,1.25,1.55538,7.128751,,2.623476,7.37183,3.36654,1.35955,0.590056
2016-07-15,1.14613,1.24,1.670115,6.954887,,2.66088,7.09445,3.21008,1.33905,0.564776
2016-07-22,1.11843,1.252,1.719347,6.849371,,2.582723,6.975,3.22518,1.36647,0.570275
2016-07-29,1.03173,1.235,1.734449,6.704038,,2.582723,6.91315,3.23981,1.40441,0.573121
2016-08-05,1.12984,1.247,1.690611,6.64253,,2.539161,6.79536,3.29096,1.37401,0.574364
2016-08-12,1.10063,1.247,1.736243,6.601423,,2.45384,6.73587,3.29272,1.36803,0.571348
2016-08-19,1.16413,1.252,1.774132,6.601423,,2.45384,6.7064,3.23532,1.29833,0.552878
2016-08-26,1.23651,1.27,1.777863,6.732081,,2.45384,6.89238,3.21897,1.31884,0.553909
2016-09-02,1.18976,1.37,1.885424,6.636623,,2.556277,6.84987,3.2437,1.34472,0.561514
2016-09-09,1.22417,1.372,1.832608,6.625856,,2.554971,6.75783,3.19928,1.26834,0.574821
2016-09-16,1.20817,1.402,1.889544,6.760244,,2.554971,6.91187,3.26226,1.369,0.594424
2016-09-23,1.15439,1.332,1.880083,6.671973,,2.554971,6.77531,3.26863,1.27822,0.589487
2016-09-30,1.14922,1.27,1.84277,6.799659,,,6.82972,3.27408,1.33944,0.587634
2016-10-07,1.26816,1.342,1.919045,6.889178,,,6.89411,3.31036,1.4043,0.647701
2016-10-14,1.28008,1.37,1.870945,6.893378,,2.457957,6.95133,3.41948,1.38903,0.654711
2016-10-21,1.24449,1.455,1.874053,6.905994,,2.393679,7.00406,3.41786,1.37578,0.679678
2016-10-28,1.32127,1.532,1.968058,6.90872,,2.431055,6.94644,3.36525,1.3915,0.700638
2016-11-04,1.24187,1.527,1.917465,6.931511,,2.431055,7.05324,3.38343,1.30982,0.72097
2016-11-11,1.52731,1.68,2.053325,7.494522,,2.431055,7.18287,3.55483,1.50429,0.768752
2016-11-18,1.77728,1.881,2.093349,7.658157,,,7.67579,4.23047,1.8027,0.845352
2016-11-25,1.84693,1.968,2.095447,8.228088,,,8.28995,4.35004,1.83676,0.903833
2016-12-02,1.82901,1.99,2.212029,7.834045,,,8.03107,4.24483,1.80829,0.889402
2016-12-09,1.88068,1.93,2.158911,7.381628,,,7.53112,3.84193,1.87955,0.940545
2016-12-16,2.06707,1.86,2.313787,7.7052,,,7.85152,4.0051,2.04979,0.94869
2016-12-23,2.02786,1.815,2.408033,7.475807,,,7.72892,3.97393,1.95065,0.993933
2016-12-30,1.92249,1.807,2.257153,7.475807,,,7.74982,3.95066,1.88033,0.986243
2017-01-06,1.92056,1.811,2.23363,7.365238,,,7.55623,3.91923,1.95888,0.962216
2017-01-13,1.8821,1.792,2.25426,7.237453,,2.922815,7.43339,3.87563,1.87836,0.946047
2017-01-20,1.9382,1.835,2.257332,7.17068,,2.922815,7.0969,3.84489,1.88284,0.901405
2017-01-27,1.94088,1.88,2.267061,7.181561,,2.922815,7.18695,3.77625,1.88797,0.875351
2017-02-03,1.93113,1.882,2.217649,7.232301,,,7.23084,3.78772,1.78372,0.943802
2017-02-10,1.88487,1.84,2.186889,7.14547,,,7.17664,3.80674,1.73473,0.936524
2017-02-17,1.90818,1.847,2.191731,7.167367,,,7.16687,3.83201,1.70661,0.925832
2017-02-24,1.8028,1.86,2.182576,7.219696,,,7.18849,3.77506,1.72225,0.899898
2017-03-03,2.01403,1.905,2.268024,7.204337,,,7.14705,3.86556,1.77436,0.913637
2017-03-10,2.10477,1.977,2.303308,7.240376,,,7.13287,3.94809,1.86034,0.933003
2017-03-17,2.01833,1.858,2.261462,7.003262,,,6.93671,3.91147,1.72741,0.929334
2017-03-24,1.92665,1.882,2.235982,6.86231,,,6.78417,3.88466,1.74785,0.924215
2017-03-31,1.92776,1.852,2.185124,6.807147,,,6.71272,3.92568,1.76864,0.888625
2017-04-07,1.90969,1.88,2.150141,6.833304,,,6.73934,3.92859,1.67997,0.852897
2017-04-14,1.75751,1.855,2.154249,6.6722,,,6.69351,3.89693,1.64526,0.833038
2017-04-21,1.75871,1.857,2.152778,6.700471,,,6.6574,3.87025,1.66226,0.855019
2017-04-28,1.81259,1.862,2.173565,6.637744,,,6.61332,3.80013,1.63755,0.878143
2017-05-05,1.88157,1.884,2.185454,6.692888,,,6.62327,3.72384,1.65159,0.88323
2017-05-12,1.85175,1.939,2.186831,6.77655,,,6.7713,3.72477,1.6728,0.880424
2017-05-19,1.78531,1.867,2.139882,6.69141,,,6.64644,3.69928,1.61854,0.858504
2017-05-26,1.78937,1.89,2.087938,6.657679,,,6.81492,3.69931,1.58888,0.827819
2017-06-02,1.71715,1.842,2.056418,6.667271,,,6.82881,3.69377,1.61457,0.843962
2017-06-09,1.7615,1.847,2.005944,6.638594,,,6.8167,3.69189,1.64682,0.805121
2017-06-16,1.74505,1.87,1.945721,6.623097,,,6.74266,3.69177,1.61864,0.838035
2017-06-23,1.75655,1.855,1.887817,6.625748,,,6.74886,3.7168,1.51814,0.816657
2017-06-30,1.8834,1.902,1.947773,6.625748,,,6.74886,3.73974,1.59162,0.8313
2017-07-07,1.957,1.997,1.923341,6.923717,,,6.97216,3.82416,1.69074,0.851817
2017-07-14,1.85936,1.94,1.896237,6.772031,,,6.97897,3.89142,1.56262,0.83671
2017-07-21,1.79975,1.917,1.863534,6.724938,,,6.87137,3.82334,1.56876,0.818049
2017-07-28,1.82738,1.92,1.88729,6.733463,,,6.89225,3.83171,1.6089,0.803607
2017-08-04,1.82059,1.947,1.780206,6.667834,,,6.84671,3.78384,1.63866,0.790481
2017-08-11,1.73962,2.0,1.813457,6.625327,,,6.7822,3.73277,1.58439,0.776035
2017-08-18,1.76056,2.0,1.799712,6.570082,,,6.75821,3.71396,1.62758,0.77922
2017-08-25,1.7568,1.96,1.814585,6.370865,,,6.66762,3.7039,1.71881,0.755327
2017-09-01,1.73337,1.967,1.777086,6.23448,,,6.46263,3.68278,1.63839,0.748904
2017-09-08,1.63975,1.94,1.715271,6.027031,,,6.30653,3.63443,1.53505,0.722697
2017-09-15,1.80054,1.95,1.792313,6.049128,,,6.27472,3.6184,1.61143,0.731479
2017-09-22,1.87147,1.967,1.712932,5.963388,,,6.21171,3.66429,1.65168,0.752736
2017-09-29,1.92278,2.077,1.781224,6.07226,,,6.32545,3.66267,1.73299,0.76811
2017-10-06,1.96774,2.077,1.770951,6.143291,,,6.31794,3.71083,1.69252,0.767609
2017-10-13,1.90645,2.115,1.723181,6.19517,,,6.39754,3.70569,1.64896,0.766291
2017-10-20,2.01856,2.305,1.808485,6.235517,,,6.40488,3.71167,1.74383,0.730941
2017-10-27,2.04294,2.405,1.875898,6.409317,,,6.64973,3.82941,1.89705,0.733582
2017-11-03,2.00328,2.38,1.834754,6.258577,,,6.50412,3.81568,1.73692,0.721315
2017-11-10,2.05316,2.352,1.86891,6.272887,,,6.41064,3.86026,1.76405,0.714733
2017-11-17,2.06001,2.381,1.918589,6.185857,,,6.43486,3.8554,1.75144,0.711383
2017-11-24,2.06524,2.35,1.955102,6.072935,,,6.35405,3.78792,1.73001,0.700817
2017-12-01,2.11606,2.27,1.918071,6.028486,,,6.302,3.76663,1.77622,0.705877
2017-12-08,2.14485,2.293,1.894945,6.030231,,,6.18331,3.73978,1.72697,0.705489
2017-12-15,2.15542,2.252,1.881765,6.002704,,,6.19455,3.73024,1.72615,0.703102
2017-12-22,2.2541,2.33,1.870242,5.942005,,,6.15808,3.71702,1.77246,0.71572
2017-12-29,2.20968,2.347,1.850946,5.90989,,,6.09877,3.70591,1.75851,0.704391
2018-01-05,2.28353,2.337,1.820742,5.702256,,,5.9182,3.66957,1.75582,0.701966
2018-01-12,2.34822,2.427,1.794011,5.710107,,,5.83699,3.67061,1.7784,0.755605
2018-01-19,2.43381,2.442,1.790746,5.671661,,,5.84256,3.70447,1.83803,0.753576
2018-01-26,2.47022,2.495,1.770041,5.665769,,,5.89838,3.72764,1.83549,0.73008
2018-02-02,2.59679,2.522,1.79102,5.751869,,3.820361,5.99265,3.73539,1.95156,0.739767
2018-02-09,2.51459,2.535,1.831351,5.766577,,3.812669,5.99758,3.75435,1.92459,0.72561
2018-02-16,2.624,2.517,1.819986,5.736083,,3.812669,6.00194,3.75326,1.9605,0.728108
2018-02-23,2.61661,2.535,1.827632,5.796846,,3.783036,6.15133,3.77868,2.04139,0.727506
2018-03-02,2.62327,2.554,1.821821,5.963839,,3.701402,6.2768,3.74169,1.99838,0.718138
2018-03-09,2.65191,2.537,1.822587,6.264146,,3.700602,6.48023,3.71265,2.11939,0.708874
2018-03-16,2.64347,2.495,1.794418,6.092049,,3.681494,6.40632,3.70434,2.0767,0.726566
2018-03-23,2.61118,2.435,1.782094,6.092049,,3.681494,6.35973,3.68944,2.13329,0.727512
2018-03-30,2.56537,2.425,1.779089,5.895672,,3.658026,6.31837,3.70107,2.09072,0.726211
2018-04-06,2.58747,2.387,1.788974,5.942242,,3.630635,6.21091,3.71083,2.09394,0.730206
2018-04-13,2.67599,2.385,1.793812,5.964328,,3.466097,6.20977,3.74832,2.08695,0.735775
2018-04-20,2.79134,2.44,1.821741,6.133737,,3.185775,6.29824,3.79987,2.16269,0.741383
2018-04-27,2.79887,2.467,1.884406,6.495105,,3.135708,6.77592,3.97009,2.23451,0.760053
2018-05-04,2.78035,2.555,1.893687,6.495105,,3.135708,6.65671,3.91956,2.23466,0.753204
2018-05-11,2.8365,2.56,1.912807,6.495105,,3.019853,6.99988,3.93591,2.25555,0.750139
2018-05-18,2.89151,2.502,2.011008,6.944984,,3.466706,7.06766,4.00687,2.32213,0.776322
2018-05-25,2.76684,2.485,2.088518,6.946149,,3.398243,7.21952,4.008,2.28934,0.777294
2018-06-01,2.73815,2.482,2.043193,6.734009,,3.398243,6.94472,3.98133,2.24138,0.774667
2018-06-08,2.77529,2.472,1.989352,6.925004,,3.457944,6.99416,3.97139,2.2698,0.775456
2018-06-15,2.79914,2.472,2.040356,6.925004,,3.445842,6.99416,3.95768,2.27042,0.766686
2018-06-22,2.77193,2.402,2.079054,7.214855,,3.431217,7.26377,3.93807,2.2595,0.771544
2018-06-29,2.72938,2.351,2.052064,7.483591,,3.357756,7.80057,3.93698,2.26955,0.754786
2018-07-06,2.72291,2.345,2.082184,7.460517,,3.30804,7.63247,3.87636,2.16188,0.745393
2018-07-13,2.7266,2.34,2.104048,7.398871,,3.28677,7.47848,3.82899,2.14687,0.708647
2018-07-20,2.76448,2.31,2.170044,7.713193,,3.246624,7.69444,3.85877,2.13777,0.723863
2018-07-27,2.84618,2.355,2.126684,7.590427,,3.24247,7.73076,3.84225,2.1509,0.74038
2018-08-03,2.81589,2.355,2.159528,7.653575,,3.144738,7.68909,3.82818,2.24131,0.735137
2018-08-10,2.72616,2.265,2.185872,7.527891,,3.269096,7.56133,3.81437,2.15199,0.689281
2018-08-17,2.7515,2.2,2.324171,7.770856,,3.269096,7.78286,3.84383,2.12591,0.709976
2018-08-24,2.72417,2.172,2.353614,7.744312,,3.269096,7.76603,3.80159,2.11547,0.700981
2018-08-31,2.7331,2.102,2.322089,7.902461,,3.337181,7.79185,3.79172,2.09652,0.703173
2018-09-07,2.82278,2.075,2.300545,8.335536,,3.439679,8.44802,3.90814,2.1133,0.706244
2018-09-14,2.89812,2.122,2.363094,8.265927,,3.481163,8.41345,3.86926,2.19698,0.705947
2018-09-21,2.95191,2.215,2.37098,8.03989,,3.481862,8.2254,3.83973,2.32349,0.711793
2018-09-28,2.94608,2.175,2.339294,7.985115,,3.428636,8.12773,3.83709,2.24908,0.738808
2018-10-05,3.071,2.265,2.437282,8.146938,,3.428636,8.241,3.87363,2.35161,0.760152
2018-10-12,2.99432,2.23,2.441014,8.421876,,3.372445,8.48424,3.86135,2.35923,0.762094
2018-10-19,3.0532,2.135,2.450593,8.432288,,3.363448,8.50541,3.87072,2.36963,0.787807
2018-10-26,2.90711,2.08,2.448087,8.39013,,3.354944,8.48832,3.89865,2.3095,0.761152
2018-11-02,3.03817,2.115,2.396856,8.108953,,3.345434,8.32306,3.90264,2.2929,0.771295
2018-11-09,3.0439,2.06,2.385991,7.905018,,3.294717,8.03809,3.92386,2.32511,0.786083
2018-11-16,2.89014,2.058,2.339457,7.924159,,3.158836,8.062,3.94798,2.25059,0.80652
2018-11-23,2.87815,2.007,2.285201,7.882026,,3.180312,7.98762,3.96073,2.22328,0.808502
2018-11-30,2.84286,1.975,2.317728,7.777242,,3.180312,7.89853,3.94568,2.11139,0.802276
2018-12-07,2.69414,1.887,2.247949,7.848292,,3.180312,8.01796,3.91108,2.10167,0.775429
2018-12-14,2.72719,1.885,2.26918,7.848292,,,8.0637,3.90898,2.09421,0.769957
2018-12-21,2.64028,1.902,2.178271,7.848292,,3.023893,7.94253,3.89576,2.0087,0.750895
2018-12-28,2.5714,1.892,2.137786,,,3.023893,7.94848,3.88721,1.97908,0.745065
2019-01-04,2.48237,1.865,2.099962,7.888467,,3.023893,8.02642,3.84744,1.95228,0.72985
2019-01-11,2.52376,1.875,2.13362,7.85095,,2.867484,7.99013,3.85145,2.00729,0.742268
2019-01-18,2.61802,1.895,2.120799,7.945241,,2.892652,8.02048,3.8291,2.05195,0.723302
2019-01-25,2.58905,1.88,2.092375,7.950766,,2.918095,7.97807,3.84258,2.08052,0.70152
2019-02-01,2.50667,1.877,2.0752,7.731633,,2.918095,7.84425,3.83252,1.99863,0.697974
2019-02-08,2.44115,1.852,2.120333,7.715455,,2.918095,7.76047,3.7889,2.00051,0.697974
2019-02-15,2.49478,1.842,2.158351,7.796436,,,7.77252,3.75015,1.98555,0.691136
2019-02-22,2.46765,1.88,2.187721,7.703194,,,7.73277,3.79791,2.0034,0.687254
2019-03-01,2.55617,1.88,2.193058,7.703194,,,7.57242,3.79096,2.08819,0.686798
2019-03-08,2.42357,1.867,2.146695,7.703194,,,7.58705,3.69911,2.02219,0.690665
2019-03-15,2.39843,1.865,2.169171,,,3.013422,7.46198,3.67544,2.03936,0.683036
2019-03-22,2.25536,1.822,2.085464,,5.995221,2.973734,7.2304,3.65812,1.9342,0.673249
2019-03-29,2.24128,1.705,2.076291,,5.543409,2.9006,7.2843,3.61252,1.93297,0.655398
2019-04-05,2.31036,1.775,2.047199,,5.543409,2.9006,7.2372,3.60342,1.94104,0.658785
2019-04-12,2.37343,1.77,2.082648,7.128243,5.844323,2.9006,7.26872,3.62162,1.93285,0.650086
2019-04-19,2.36752,1.8,2.101058,7.060614,5.91738,3.200945,7.21482,3.76072,1.99269,0.644043
2019-04-26,2.29157,1.752,2.090487,7.186405,5.856544,3.188545,7.2764,3.66157,2.00956,0.631772
2019-05-03,2.32842,1.777,2.083357,7.407775,5.729184,3.167878,7.39901,3.66692,2.04044,0.628361
2019-05-10,2.24824,1.765,2.04445,7.459744,5.680109,3.167878,7.58245,3.65382,1.99117,0.608979
2019-05-17,2.17953,1.705,2.057155,7.501037,5.689896,3.167878,7.60008,3.6662,1.98091,0.599652
2019-05-24,2.1289,1.68,2.044702,7.452187,5.657477,3.105201,7.61668,3.67275,1.95901,0.586913
2019-05-31,1.92742,1.59,2.021508,7.492328,5.52583,3.064215,7.61082,3.62647,1.91997,0.594865
2019-06-07,1.85458,1.565,1.934254,7.492328,5.52583,3.064215,7.61082,3.55504,1.81411,0.591924
2019-06-14,1.84411,1.495,1.817286,7.163414,5.52583,3.064215,7.37245,3.54171,1.7575,0.618974
2019-06-21,1.80544,1.475,1.847976,6.87241,5.054862,3.021671,7.05889,3.492,1.78391,0.613181
2019-06-28,1.75492,1.505,1.828226,6.831903,4.942587,3.044794,7.02483,3.49569,1.79859,0.61353
2019-07-05,1.84234,1.45,1.757969,6.739376,4.884864,3.00241,6.90486,3.47299,1.71982,0.595276
2019-07-12,1.8576,1.47,1.771221,6.563972,4.937145,2.994055,6.76821,3.4753,1.77347,0.586511
2019-07-19,1.80469,1.372,1.726677,6.493371,4.824288,2.994055,6.58985,3.48661,1.75925,0.587247
2019-07-26,1.86177,1.342,1.736173,6.601252,4.683552,2.994055,6.73691,3.47679,1.7588,0.592303
2019-08-02,1.66638,1.277,1.671996,6.973209,4.439746,,6.99212,3.4624,1.72069,0.599846
2019-08-09,1.56128,1.215,1.403542,6.759395,4.069658,,6.94594,3.33464,1.65219,0.580418
2019-08-16,1.41044,1.122,1.38339,6.750698,4.069658,,6.95158,3.2518,1.64342,0.546033
2019-08-23,1.40917,1.203,1.460268,6.617431,4.137942,2.931774,6.85883,3.31002,1.72595,0.558177
2019-08-30,1.38652,1.252,1.348999,6.748726,4.110694,2.920774,6.92188,3.23073,1.63659,0.552385
2019-09-06,1.41642,1.33,1.406432,6.715624,4.175772,2.920774,6.91392,3.25182,1.62028,0.584314
2019-09-13,1.7507,1.322,1.394086,6.575413,4.321789,2.920774,6.78481,3.30026,1.65673,0.59911
2019-09-20,1.63191,1.395,1.37264,6.606916,4.321789,2.94,6.79002,3.32513,1.6576,0.6298
2019-09-27,1.54726,1.362,1.377216,6.670747,4.321902,2.952233,6.83894,3.33136,1.66661,0.637518
2019-10-04,1.32761,1.247,1.355384,6.602096,4.169967,2.952233,6.79254,3.28757,1.60645,0.636319
2019-10-11,1.57558,1.347,1.380426,6.63489,4.241449,2.972095,6.79293,3.2929,1.58876,0.626924
2019-10-18,1.55763,1.462,1.404338,6.590244,4.241449,2.989695,6.73688,3.30093,1.63402,0.619278
2019-10-25,1.62576,1.545,1.404364,6.491996,4.241449,3.002002,6.6611,3.33245,1.57572,0.613235
2019-11-01,1.55389,1.605,1.396477,6.422897,4.166145,3.052377,6.55423,3.33701,1.60742,0.612633
2019-11-08,1.73735,1.64,1.455967,6.387309,4.166145,3.048755,6.52794,3.33485,1.63449,0.620206
2019-11-15,1.64843,1.61,1.452991,6.453079,4.158298,3.032787,6.57315,3.28157,1.6348,0.614846
2019-11-22,1.62903,1.55,1.43725,6.479668,4.124675,2.960079,6.59146,3.27657,1.62463,0.59963
2019-11-29,1.61768,1.48,1.385712,6.460876,4.124675,2.967892,6.6098,3.26702,1.62506,0.602311
2019-12-06,1.66919,1.515,1.365315,6.482422,4.124675,2.989368,6.6482,3.28292,1.63159,0.594251
2019-12-13,1.65158,1.497,1.367374,6.538876,,2.990877,6.68564,3.30073,1.62993,0.597725
2019-12-20,1.72785,1.475,1.322234,6.4744,,2.9554,6.71095,3.28632,1.62288,0.585664
2019-12-27,1.67804,1.485,1.24342,6.391824,,2.9554,6.64282,3.27028,1.55285,0.585296
2020-01-03,1.58794,1.361,1.186425,6.369856,,2.9554,6.59722,3.2257,1.57572,0.588231
2020-01-10,1.63645,1.555,1.192578,6.209,,,6.43725,3.1823,1.55429,0.576142
2020-01-17,1.631,1.545,1.255902,6.1191,,,6.34821,3.18609,1.51972,0.557337
2020-01-24,1.50057,1.54,1.204049,5.960381,,,6.14591,3.02729,1.46442,0.561478
2020-01-31,1.32307,1.395,1.126221,6.020862,,,6.19892,3.01409,1.44744,0.54156
2020-02-07,1.40109,1.4,1.049831,5.927516,,,6.17547,2.9668,1.52785,0.555783
2020-02-14,1.41266,1.457,1.010522,5.787428,,,6.03856,2.74385,1.52487,0.548167
2020-02-21,1.31589,1.27,0.910158,5.653988,,,5.90642,2.80741,1.50838,0.520923
2020-02-28,0.90693,1.17,0.855133,6.102722,,2.506643,6.14656,2.70949,1.29781,0.518201
2020-03-06,0.551163,1.18,0.756679,5.959385,,2.419993,5.9915,2.66006,1.03416,0.474996
2020-03-13,0.711989,1.324,1.020992,6.648181,,2.419993,6.79138,2.90507,1.07524,0.42893
2020-03-20,0.513685,1.405,1.327894,7.151969,,2.453514,7.40926,3.54514,1.41972,0.640232
2020-03-27,0.420968,1.27,1.02057,7.096326,,2.316013,7.5272,3.17101,1.15798,0.464578
2020-04-03,0.363833,1.327,1.022562,7.413,,2.225431,7.63149,2.99904,0.713821,0.433861
2020-04-10,0.409291,1.192,0.968105,7.516853,,2.031381,7.8384,3.02165,0.792953,0.420739
2020-04-17,0.36279,1.22,0.8856785,7.268544,,1.990045,7.51538,2.72665,0.748946,0.413572
2020-04-24,0.360667,1.255,0.8729435,7.23743,,1.821248,7.39752,2.65431,0.679046,0.406589
2020-05-01,0.367091,1.247,0.861391,7.209868,,1.729437,7.41901,2.62063,0.60443,0.40151
2020-05-08,0.322667,1.162,0.800747,7.479479,,1.884375,7.59838,2.53884,0.605153,0.397912
2020-05-15,0.307372,1.112,0.7427915,7.479479,,1.915491,7.32529,2.59794,0.453439,0.382269
2020-05-22,0.333415,1.07,0.661876,6.91848,,2.039775,7.13237,2.55167,0.405953,0.37171
2020-05-29,0.300441,1.09,0.748839,6.773197,,2.197156,6.89617,2.51534,0.479674,0.373973
2020-06-05,0.475762,1.2,0.8730495,6.657915,,2.490145,6.74434,2.58357,0.609693,0.390367
2020-06-12,0.326293,1.121,0.7857995,6.788979,,2.450377,6.84194,2.62466,0.539902,0.38077
2020-06-19,0.326586,1.132,0.819415,6.638864,,2.609364,6.79914,2.60181,0.549044,0.376555
2020-06-26,0.297259,1.07,0.7523935,6.517004,,2.570929,6.6908,2.59738,0.563684,0.383223
2020-07-03,0.294247,1.112,0.7885605,6.509981,,2.576516,6.70087,2.43555,0.511057,0.382209
2020-07-10,0.297592,1.122,0.7538375,6.313551,,2.822705,6.58508,2.23051,0.500352,0.379444
2020-07-17,0.281835,1.079,0.772966,6.25297,,2.677265,6.45917,2.21832,0.504746,0.372511
2020-07-24,0.272363,1.045,0.7330865,6.01671,,2.568716,6.24194,2.15471,0.505816,0.352834
2020-07-31,0.212219,1.032,0.715356,5.927803,,2.677076,6.19978,2.1249,0.512938,0.346093
2020-08-07,0.229447,1.062,0.7313985,5.85096,,2.807304,6.08037,2.06006,0.47494,0.338706
2020-08-14,0.297695,1.1,0.7750195,5.761542,,2.795683,5.95995,2.13124,0.512034,0.339629
2020-08-21,0.270731,1.13,0.7789335,5.642501,,2.795683,5.84666,2.13778,0.499277,0.344045
2020-08-28,0.273614,1.172,0.8257975,5.517133,,2.795683,5.81557,2.18607,0.586608,0.356148
2020-09-04,0.30222,1.237,0.8075895,5.497418,,,5.86549,2.13542,0.486293,0.353747
2020-09-11,0.25317,1.23,0.7810145,5.533173,,,5.92905,2.23053,0.480712,0.346998
2020-09-18,0.277075,1.202,0.786751,5.522763,,2.938707,5.86747,2.28317,0.471841,0.328594
2020-09-25,0.264165,1.12,0.7746915,5.629944,,2.960124,5.90143,2.30292,0.449517,0.338741
2020-10-02,0.284739,1.1,0.7802325,5.742871,,3.012694,6.00656,2.30543,0.489677,0.315841
2020-10-09,0.33417,1.205,0.7866385,5.742871,,3.067217,6.0288,2.23425,0.526033,0.292461
2020-10-16,0.316889,1.18,0.790008,5.742871,,3.113088,5.90483,2.1573,0.508614,0.261336
2020-10-23,0.370081,1.197,0.798446,,,3.023759,5.81684,2.14782,0.507608,0.247689
2020-10-30,0.379608,1.24,0.765348,,,3.026233,5.81865,2.15585,0.489803,0.249446
2020-11-06,0.362601,1.257,0.776692,,,3.062783,5.71801,2.2315,0.457907,0.226607
2020-11-13,0.403004,1.297,0.783768,5.328451,,3.130933,5.72668,2.22241,0.499227,0.247375
2020-11-20,0.374702,1.302,0.774342,5.152885,,3.189719,5.54017,2.25888,0.531221,0.218446
2020-11-27,0.367109,1.325,0.759231,5.063183,,3.140908,5.47104,2.30012,0.520713,0.205796
2020-12-04,0.422601,1.335,0.712645,5.036992,,3.116333,5.45042,2.29499,0.522054,0.226613
2020-12-11,0.359097,1.305,0.6700065,5.036992,,3.133703,5.38864,2.29765,0.561099,0.219707
2020-12-18,0.379788,1.347,0.625757,5.036992,,3.098111,5.31,2.21557,0.53418,0.20774
2020-12-25,0.36618,1.325,0.622051,,,2.995179,5.41388,2.21346,0.499296,0.199621
2021-01-01,0.360766,1.335,0.584136,,,2.938778,5.38766,2.24279,0.481443,0.228469
2021-01-08,0.476926,1.321,0.66101,,,2.920528,5.47393,2.2624,0.513486,0.221144
2021-01-15,0.453329,1.31,0.7350325,,,2.940076,5.59608,2.17932,0.499221,0.237106
2021-01-22,0.434311,1.325,0.6786435,,,2.907784,5.63364,2.22078,0.529149,0.238577
2021-01-29,0.44146,1.315,0.702106,5.140157,,2.987593,5.55623,2.21905,0.540096,0.220415
2021-02-05,0.464804,1.305,0.74669,5.176248,,3.041896,5.46965,2.25213,0.593193,0.248235
2021-02-12,0.483613,1.335,0.7618505,5.226976,,3.074446,5.5058,2.2926,0.577692,0.247715
2021-02-19,0.579858,1.345,0.8580045,5.592341,,3.060585,5.68189,2.41932,0.691576,0.255844
2021-02-26,0.774654,1.455,1.024439,5.672829,,3.056653,5.86349,2.482,0.780859,0.333514
2021-03-05,0.783764,1.441,1.132603,5.738914,,3.058693,5.87685,2.61193,0.913972,0.373286
2021-03-12,0.844939,1.605,1.120985,5.85487,,3.072051,6.08466,2.75697,0.960571,0.357397
2021-03-19,0.878942,1.62,1.085148,5.9435,,3.057188,6.15758,2.89748,1.00393,0.341937
2021-03-26,0.853963,1.535,1.044938,5.807163,,3.026872,6.05201,2.82483,1.02058,0.305967
2021-04-02,0.973637,1.571,0.935254,5.820181,,3.022468,6.04327,2.75434,1.03571,0.324017
2021-04-09,0.867545,1.575,0.9666945,5.60757,,3.040627,5.87779,2.70516,0.977249,0.309395
2021-04-16,0.82102,1.575,0.9736915,5.658633,,2.97594,5.90042,2.68639,0.890265,0.276185
2021-04-23,0.814792,1.575,0.996106,5.606867,,2.96751,5.79595,2.70277,0.91516,0.277527
2021-04-30,0.855733,1.63,0.950185,5.619077,,2.96751,5.83161,2.77254,0.928212,0.288049
2021-05-07,0.769244,1.64,0.92019,5.55397,,2.96751,5.7594,2.6893,0.899367,0.277619
2021-05-14,0.81771,1.65,0.9511055,5.526561,,,5.70826,2.72425,0.946707,0.291035
2021-05-21,0.82607,1.627,0.977713,5.557496,,,5.74788,2.71907,0.914378,0.30732
2021-05-28,0.794735,1.676,0.968697,5.522138,,2.912918,5.69805,2.71195,0.876058,0.298782
2021-06-04,0.782041,1.72,0.955867,5.450496,,2.956255,5.61978,2.69539,0.877272,0.306836
2021-06-11,0.748383,1.632,0.865943,5.328457,,2.979571,5.51497,2.69359,0.794439,0.289788
2021-06-18,0.884354,1.675,0.781101,5.339972,,2.974322,5.57045,2.68895,0.849914,0.31055
2021-06-25,0.927887,1.77,0.7463265,5.303585,,2.919072,5.584,2.70926,0.913794,0.320834
2021-07-02,0.862155,1.777,0.725008,5.395278,,2.919044,5.63109,2.6791,0.906305,0.318169
2021-07-09,0.785014,1.685,0.725947,5.352501,,2.849303,5.58767,2.64781,0.885161,0.312166
2021-07-16,0.778236,1.73,0.761521,5.302331,,2.769058,5.47781,2.66693,0.894638,0.314291
2021-07-23,0.716623,1.635,0.7464945,5.226817,,2.712336,5.45229,2.67486,0.840933,0.3173
2021-07-30,0.703133,1.635,0.721225,5.226817,,2.666252,5.4174,2.68784,0.770608,0.312673
2021-08-06,0.764475,1.67,0.632551,5.226817,,2.64376,5.33311,2.70458,0.796685,0.302258
2021-08-13,0.789245,1.66,0.610168,,,2.718552,5.41101,2.74842,0.852618,0.299976
2021-08-20,0.783371,1.597,0.748343,5.160368,,2.680315,5.38983,2.75429,0.83604,0.317181
2021-08-27,0.799509,1.665,0.81757,5.160368,,2.684985,5.31802,2.76317,0.86952,0.326726
2021-09-03,0.783646,1.695,0.885207,5.023118,,2.640603,5.28613,2.75068,0.839762,0.326859
2021-09-10,0.814351,1.745,0.93976,5.038178,,2.690637,5.27987,2.75931,0.844987,0.323204
2021-09-17,0.866441,1.789,1.008723,5.051333,,2.72454,5.26592,2.78309,0.861101,0.316927
2021-09-24,0.956684,1.867,1.025562,5.138676,,2.710745,5.31759,2.87915,0.902093,0.313693
2021-10-01,0.932823,1.957,1.124578,5.138676,,2.701841,5.3607,2.95039,1.00796,0.338843
2021-10-08,1.04652,2.045,1.193594,5.138676,,2.730593,5.33534,3.10453,1.12207,0.354963
2021-10-15,1.12061,2.105,1.257227,,,2.817288,5.31055,3.15349,1.15966,0.372339
2021-10-22,1.20886,2.215,1.336282,,,2.838839,5.31222,3.20894,1.33583,0.422781
2021-10-29,1.18474,2.425,1.313929,,,2.823335,5.29659,3.21337,1.43959,0.448792
2021-11-05,1.05392,2.176,1.298946,,,2.717604,5.31681,3.23227,1.37196,0.459909
2021-11-12,1.23576,2.16,1.30247,,,2.75301,5.30937,3.20559,1.4374,0.454128
2021-11-19,1.20175,2.192,1.304037,,,2.75301,5.27899,3.18236,1.45162,0.482675
2021-11-26,1.18222,2.062,1.309456,,,2.657086,5.26354,3.19542,1.41701,0.481605
2021-12-03,1.12391,2.03,1.289195,,,2.730078,5.35719,3.16202,1.36101,0.490928
2021-12-10,1.2516,1.997,1.345745,5.127426,,2.697002,5.34753,3.17183,1.41064,0.496373
2021-12-17,1.17657,1.937,1.317775,5.1815,,2.68447,5.43423,3.24799,1.31017,0.492469
2021-12-24,1.24175,1.99,1.352492,5.0645,,2.662579,5.3766,3.25162,1.34852,0.518804
2021-12-31,1.25647,2.005,1.343994,5.068169,,2.573412,5.3794,3.2393,1.39673,0.544362
2022-01-07,1.50364,2.255,1.459378,5.218112,,2.612354,5.49062,3.29769,1.49941,0.614407
2022-01-14,1.54614,2.245,1.470473,5.183427,,2.565313,5.50471,3.26188,1.52678,0.632607
2022-01-21,1.54542,2.356,1.52677,5.211703,,2.381756,5.52972,3.32572,1.6183,0.638487
2022-01-28,1.62084,2.397,1.51,5.225048,,2.389734,5.57319,3.36528,1.62123,0.617979
2022-02-04,1.78644,2.407,1.487521,5.232035,,2.389734,5.57912,3.35046,1.6009,0.617979
2022-02-11,1.86091,2.55,1.514804,5.300889,,2.487453,5.60495,3.39696,1.78685,0.62798
2022-02-18,1.82219,2.515,1.457559,5.305107,,2.501326,5.61139,3.37915,1.78715,0.634051
2022-02-25,1.88322,2.467,1.4513,5.342471,,2.521138,5.61893,3.36727,1.75472,0.64167
2022-03-04,1.62744,2.452,1.369438,5.45423,,2.567149,5.64213,3.34226,1.68257,0.630039
2022-03-11,1.95959,2.48,1.499757,5.543196,,2.505932,5.80087,3.34731,1.80066,0.634769
2022-03-18,2.14191,2.496,1.46823,5.560826,,2.537171,5.8467,3.35443,1.94738,0.67324
2022-03-25,2.57331,2.727,1.611812,5.554832,,2.537171,5.8454,3.45739,2.15094,0.878925
2022-04-01,2.54861,2.939,1.641497,5.602338,,2.537171,5.86319,3.55245,2.3343,0.900286
2022-04-08,2.75551,3.12,1.688861,5.671118,,,5.89038,3.60711,2.41319,0.99038
2022-04-15,2.76151,3.18,1.824917,5.848993,,2.518769,6.04994,3.70054,2.33692,1.03431
2022-04-22,2.94877,3.215,2.215548,6.140159,,2.518769,6.20054,3.91722,2.43701,1.07421
2022-04-29,2.90902,3.17,2.303517,6.299473,,2.617831,6.44004,4.11314,2.40587,1.07723
2022-05-06,3.04297,3.36,2.538822,6.299473,,2.597646,6.44004,4.23134,2.59472,1.08295
2022-05-13,2.88436,3.127,2.627703,6.798772,,2.555735,7.17752,4.19992,2.57531,1.14619
2022-05-20,2.80435,3.197,2.389396,6.545476,,2.526359,6.84935,4.05884,2.58187,1.12923
2022-05-27,2.73435,3.14,2.24636,6.197667,,2.478564,6.51787,3.8236,2.46581,0.973832
2022-06-03,2.94909,3.365,2.378714,5.999128,,2.543805,6.32449,3.89608,2.61648,1.02689
2022-06-10,3.24975,3.457,2.467203,6.248813,,2.545218,6.41685,3.89,2.72441,1.1097
2022-06-17,3.34008,3.872,2.592244,6.606342,,2.569444,6.71778,4.05139,2.98704,1.17572
2022-06-24,3.17521,3.662,2.45294,6.4695,,2.60383,6.69542,3.97051,2.8782,1.10457
2022-07-01,2.89507,3.5,2.416345,6.136491,,2.620667,6.53783,4.02241,2.73867,1.1285
2022-07-08,3.13529,3.342,2.318585,6.193781,,2.653086,6.53331,3.91393,2.68845,1.08432
2022-07-15,3.04946,3.256,2.308908,6.457446,,2.556998,6.58536,3.83743,2.69361,1.11065
2022-07-22,2.87345,3.29,2.355795,6.808322,,2.539129,6.82145,3.86347,2.74278,1.13689
2022-07-29,2.69114,3.055,2.288269,6.431078,,2.505307,6.73732,3.80059,2.58815,1.0897
2022-08-05,2.9726,3.095,2.036671,6.405893,,2.460866,6.69964,3.8068,2.48615,1.08763
2022-08-12,2.9759,3.232,1.953184,6.28801,,2.483277,6.57978,3.80181,2.60615,1.07946
2022-08-19,3.11406,3.272,1.992887,6.381958,,2.365037,6.62257,3.78549,2.61184,1.14517
2022-08-26,3.19482,3.632,2.000529,6.563438,,2.443345,6.64682,3.73777,2.73432,1.14786
2022-09-02,3.29619,3.76,2.056139,6.57642,,2.385992,6.69401,3.76641,2.95481,1.17286
2022-09-09,3.44564,3.605,2.149777,6.515766,,2.401065,6.73619,3.79763,2.9909,1.21957
2022-09-16,3.62559,3.77,2.22183,6.648835,,2.45341,6.78467,3.81992,3.16365,1.2866
2022-09-23,3.98067,4.227,2.382445,6.836993,,2.456859,6.8485,4.04827,3.28864,1.30944
2022-09-30,4.03426,4.175,2.645979,6.672546,,2.562723,6.98721,4.19445,3.57367,1.5426
2022-10-07,4.13439,4.225,2.508452,6.672546,,2.562723,6.96711,4.16224,3.4511,1.56339
2022-10-14,4.26679,4.206,2.63609,6.920047,,2.466449,7.06678,4.28909,3.53213,1.63054
2022-10-21,4.35004,4.631,2.759663,7.298212,,2.485133,7.2176,4.32701,3.58589,1.64001
2022-10-28,4.18793,4.195,2.626486,7.126669,,2.437783,7.29073,4.24026,3.23133,1.63253
2022-11-04,4.32727,4.205,2.636601,7.075134,,2.4771,7.26837,4.21416,3.34389,1.5773
2022-11-11,3.94277,3.895,2.407903,6.910055,,2.52622,7.17697,4.29065,3.23312,1.61278
2022-11-18,3.99797,3.844,2.407903,6.818265,,2.52622,7.04075,4.17571,2.97885,1.51212
2022-11-25,3.88714,3.658,2.340564,6.455718,,2.594369,6.86135,4.09086,2.88148,1.44497
2022-12-02,3.66401,3.625,2.15589,6.082721,,2.594369,6.57789,3.95247,2.90555,1.30059
2022-12-09,3.75478,3.563,2.096795,6.156048,,2.594369,6.59991,3.90005,2.89606,1.19405
2022-12-16,3.61559,3.45,1.949815,6.116678,,2.690814,6.5794,3.88445,2.88994,1.19716
2022-12-23,3.86042,3.555,1.983431,6.146994,,2.609522,6.5578,3.90722,2.85767,1.19436
2022-12-30,3.97678,3.739,1.992847,6.147544,,2.61995,6.55813,3.91753,2.88924,1.24582
2023-01-06,3.71093,3.625,1.978013,6.601764,,2.630217,6.54856,3.85096,2.78355,1.2216
2023-01-13,3.61414,3.265,1.907959,6.387344,,2.674684,6.41918,3.82694,2.74711,1.17001
2023-01-20,3.56486,3.287,1.960227,6.335525,,2.674684,6.42914,3.58401,2.79055,1.16115
2023-01-27,3.62056,3.275,2.054487,6.416245,,2.674684,6.42991,3.58828,2.81783,1.16115
2023-02-03,3.66419,3.105,2.060462,6.235897,,2.672485,6.36596,3.54645,2.8382,1.12907
2023-02-10,3.9226,3.382,2.09112,6.324487,,2.676265,6.38389,3.59822,2.99904,1.13249
2023-02-17,4.03271,3.64,2.154087,6.345746,,2.672501,6.39316,3.63835,3.13303,1.20369
2023-02-24,4.20988,3.567,2.143568,6.457489,,2.710783,6.4839,3.64795,3.25985,1.18707
2023-03-03,4.25274,3.805,2.197474,6.527338,,2.72362,6.561,3.73294,3.37989,1.21367
2023-03-10,3.9525,3.61,2.105109,6.531994,,2.671655,6.64346,3.69824,3.25146,1.20485
2023-03-17,3.46174,3.357,2.014029,6.466608,,2.658357,6.58645,3.65598,2.97629,1.16213
2023-03-24,3.40754,3.165,1.905213,6.38065,,2.675521,6.51662,3.61988,2.73639,1.16331
2023-03-31,3.60942,3.295,2.044924,6.356808,,2.669997,6.48265,3.62673,2.92896,1.19774
2023-04-07,3.48168,3.215,2.080443,6.315159,,2.673936,6.41231,3.58306,2.83679,1.20043
2023-04-14,3.60907,3.211,2.082956,6.32298,,2.663063,6.40656,3.55742,2.7801,1.21354
2023-04-21,3.66297,3.26,2.086123,6.365657,,2.651157,6.42439,3.56223,2.81881,1.20916
2023-04-28,3.53437,3.3,2.148632,6.245825,,2.613598,6.36281,3.50576,2.8312,1.19472
2023-05-05,3.41645,3.2,2.13052,6.155183,,2.564284,6.29969,3.5058,2.6784,1.16237
2023-05-12,3.44707,3.205,2.136035,6.067805,,2.511184,6.22914,3.51191,2.66809,1.16603
2023-05-19,3.74506,3.329,2.187266,6.086004,,2.515592,6.15955,3.56571,2.78741,1.17892
2023-05-26,3.94548,3.558,2.256804,6.062888,,2.489825,6.14455,3.59593,3.01969,1.18919
2023-06-02,3.83761,3.41,2.192125,6.00835,,2.439308,6.11012,3.53697,2.89014,1.16689
2023-06-09,3.91547,3.505,2.216196,5.927566,,2.419268,6.08218,3.56984,2.9766,1.17224
2023-06-16,3.98905,3.6,2.303299,5.862026,,2.449652,6.01993,3.58579,3.05341,1.14226
2023-06-23,3.99006,3.62,2.33983,5.905388,,2.454076,6.05081,3.63134,3.0797,1.1431
2023-06-30,4.1284,3.65,2.314436,5.890922,,2.402377,6.04191,3.63005,3.10665,1.17462
2023-07-07,4.33123,3.73,2.314073,5.9405,,2.40991,6.03943,3.68935,3.20261,1.15636
2023-07-14,4.02683,3.637,2.332743,5.825379,,2.425948,6.03379,3.57358,3.0347,1.15834
2023-07-21,4.08858,3.6,2.360782,5.884611,,2.3897,6.04756,3.60584,2.98477,1.15782
2023-07-28,4.19231,3.65,2.368909,5.959608,,2.436212,6.05614,3.62106,3.00682,1.16034
2023-08-04,4.16076,3.775,2.368909,6.032887,,2.420239,6.11279,3.66263,2.99193,1.16188
2023-08-11,4.30739,3.73,2.432622,6.017902,,2.417399,6.14141,3.63286,3.01546,1.17681
2023-08-18,4.37919,3.796,2.507998,6.188707,,2.354358,6.20228,3.6729,3.13484,1.19212
2023-08-25,4.43199,3.842,2.528241,6.313223,,2.377974,6.35674,3.65857,3.21038,1.17656
2023-09-01,4.28614,3.715,2.5406,6.126689,,2.420426,6.25534,3.64159,3.12247,1.17795
2023-09-08,4.39148,3.83,2.67994,6.252014,,2.483152,6.31442,3.64638,3.15571,1.18389
2023-09-15,4.4482,3.879,2.746099,6.316128,,2.480554,6.3803,3.67761,3.19154,1.19771
2023-09-22,4.56826,3.912,2.828131,6.373602,,2.514019,6.46379,3.77258,3.32954,1.23936
2023-09-29,4.60283,3.925,2.828131,6.525457,,2.510449,6.54474,3.78043,3.35423,1.23761
2023-10-06,4.74677,4.1,2.908573,6.762557,,2.510449,6.84654,3.88369,3.39017,1.24791
2023-10-13,4.64145,4.037,2.897664,6.580175,,2.555195,6.74873,3.80898,3.28627,1.25385
2023-10-20,4.85905,4.176,3.017911,6.963328,,2.608214,6.92767,3.89051,3.33593,1.26032
2023-10-27,4.76764,4.173,2.968519,7.050048,,2.552073,7.17051,3.94284,3.30525,1.27152
2023-11-03,4.48697,4.015,2.871753,6.798042,,2.516366,6.91736,3.85063,3.17272,1.24428
2023-11-10,4.66351,3.892,2.747935,6.798042,,2.511533,6.87342,3.75297,3.0895,1.1994
2023-11-17,4.45222,3.72,2.652703,6.798042,,2.51192,6.71332,3.74455,2.95156,1.23651
2023-11-24,4.50005,3.72,2.689095,,,2.580073,6.73297,3.74023,2.95431,1.26782
2023-12-01,4.15353,3.62,2.615326,,,2.559932,6.7078,3.70992,2.92109,1.23884
2023-12-08,4.25235,3.46,2.531618,,,2.551447,6.66468,3.655,2.84528,1.23197
2023-12-15,3.927,3.301,2.453459,,,2.500766,6.64173,3.63535,2.72564,1.2162
2023-12-22,3.88686,3.243,2.477816,6.43795,,2.464602,6.55298,3.63767,2.68727,1.21595
2023-12-29,3.82796,3.155,2.467021,6.43795,,2.386449,6.52606,3.63096,2.68162,1.21548
2024-01-05,4.00308,3.302,2.506294,6.61618,,2.380737,6.57784,3.67283,2.70602,1.21891
2024-01-12,3.83086,3.232,2.419229,6.50082,,2.400079,6.53775,3.60819,2.68463,1.2279
2024-01-19,4.06755,3.355,2.453167,6.449368,,2.388548,6.4882,3.63289,2.86288,1.23166
2024-01-26,4.05836,3.31,2.396036,6.538621,,2.352899,6.49963,3.60876,2.87512,1.25155
2024-02-02,3.98942,3.256,2.361383,6.410152,,2.285322,6.43696,3.58195,2.82161,1.19821
2024-02-09,4.14815,3.34,2.269343,6.497694,,2.285322,6.47241,3.60167,2.90843,1.20452
2024-02-16,4.28538,3.445,2.291651,6.507886,,2.285322,6.505,3.60889,3.03736,1.21696
2024-02-23,4.28255,3.44,2.245583,6.477157,,2.249523,6.46044,3.65042,3.1055,1.21477
2024-03-01,4.15627,3.43,2.245583,6.475111,,2.250229,6.50186,3.64536,3.06229,1.21234
2024-03-08,4.06142,3.297,2.220559,6.462741,,2.193085,6.52353,3.61053,2.98726,1.1959
2024-03-15,4.32299,3.343497,2.233866,6.515864,,2.238158,6.53765,3.62138,3.09049,1.19061
2024-03-22,4.20073,3.343497,2.233866,6.509008,,2.202907,6.53282,3.62959,3.02174,1.20804
2024-03-29,4.20458,3.343497,2.236667,6.577985,,2.181221,6.574,3.63733,3.05728,1.28138
2024-04-05,4.36456,,2.236667,6.554764,,2.170764,6.56564,3.66413,3.14251,1.28186
2024-04-12,4.53238,,2.370338,6.554764,,2.100249,6.56564,3.70263,3.33253,1.45181
2024-04-19,4.65383,,2.47186,6.980742,,2.09134,6.92633,3.74719,3.30526,1.50922
2024-04-26,4.68964,,2.555685,7.080941,,2.125888,7.05275,3.79852,3.40281,1.58693
2024-05-03,4.4782,3.553755,2.539669,7.080941,,2.125888,7.03341,3.76519,3.36995,1.59279
2024-05-10,4.51727,3.481607,2.519637,7.080941,,2.137459,6.95145,3.73834,3.26562,1.58095
2024-05-17,4.44054,3.418214,2.462595,,,2.1141,6.82387,3.69201,3.18788,1.54752
2024-05-24,4.53126,3.451584,2.523643,,,2.106581,6.84066,3.71818,3.28564,1.54702
2024-05-31,4.52728,3.502878,2.506019,6.863941,,2.076642,6.85123,3.71787,3.35115,1.54316
2024-06-07,4.45019,3.502878,2.493448,6.824468,,2.050799,6.84617,3.68693,3.19576,1.52929
2024-06-14,4.22518,3.263682,2.490772,7.062531,,2.053363,6.89591,3.68066,3.19898,1.52558
2024-06-21,4.2663,3.212172,2.463499,7.012063,,2.028908,6.99353,3.67089,3.20492,1.55871
2024-06-28,4.32457,3.20388,2.466049,6.934198,,1.969073,6.94844,3.67337,3.23659,1.56445
2024-07-05,4.21555,3.152333,2.449331,6.921659,,1.981474,6.95437,3.66791,3.23419,1.57514
2024-07-12,4.10905,3.110629,2.368119,6.822222,,1.980029,6.90699,3.65244,3.09978,1.5967
2024-07-19,4.16031,3.098223,2.377371,6.812675,,1.956246,6.84647,3.63406,3.04234,1.56982
2024-07-26,4.07931,3.039829,2.366306,6.767449,,1.891945,6.84519,3.60454,2.95879,1.55933
2024-08-02,3.61066,2.944693,2.301852,6.675427,,1.824941,6.75817,3.52679,2.71837,1.51242
2024-08-09,3.79351,2.958016,2.329108,6.595472,,1.86954,6.67745,3.52998,2.80778,1.47073
2024-08-16,3.76662,2.930222,2.273638,6.563819,,1.887458,6.63128,3.54277,2.77088,1.47023
2024-08-23,3.64769,2.952208,2.315859,6.511153,,1.842869,6.56239,3.53418,2.68181,1.46845
2024-08-30,3.71226,3.012183,2.282056,6.498387,,1.845962,6.54277,3.54497,2.57554,1.53003
2024-09-06,3.48777,2.93023,2.280898,6.4782,,1.761333,6.53895,3.54478,2.45373,1.5262
2024-09-13,3.42177,2.830009,2.25214,6.439651,,1.696329,6.51785,3.53112,2.29707,1.49798
2024-09-20,3.48138,2.870011,2.170156,6.198589,,1.700854,6.34665,3.53069,2.32896,1.49079
2024-09-27,3.50086,2.89006,2.220875,6.151986,,1.802609,6.30328,3.55398,2.50195,1.50006
2024-10-04,3.81165,2.89655,2.261578,6.368319,,1.812859,6.3729,3.56129,2.62075,1.50047
2024-10-11,3.87618,2.995767,2.263205,6.411585,,1.809427,6.47584,3.60978,2.75718,1.50202
2024-10-18,3.87546,2.986053,2.161077,6.392419,,1.755717,6.46603,3.59825,2.73521,1.49013
2024-10-25,4.05328,2.949998,2.168654,6.548742,,1.844946,6.57718,3.68569,2.73615,1.51705
2024-11-01,4.20463,2.997001,2.212928,6.665043,,1.796347,6.67844,3.73046,2.75686,1.496
2024-11-08,4.19065,2.937001,2.213732,6.549447,,1.738938,6.67807,3.71016,2.77604,1.50589
2024-11-15,4.29346,2.989998,2.18728,6.685369,,1.709119,6.72004,3.71341,2.87651,1.51778
2024-11-22,4.29748,2.877008,2.20657,6.722836,,1.695338,6.77696,3.65994,2.83825,1.53254
2024-11-29,4.07436,2.652078,2.07313,6.725533,,1.656638,6.80475,3.6396,2.73718,1.53269
2024-12-06,4.03297,2.634082,2.058975,6.827662,,1.607298,6.85227,3.61618,2.67856,1.52141
2024-12-13,4.24637,2.615789,2.074239,6.891694,,1.431653,6.89938,3.64979,2.7313,1.52438
2024-12-20,4.37764,2.775509,2.071994,6.891694,,1.357821,7.01026,3.6828,2.88972,1.54467
2024-12-27,4.45509,2.783332,2.072259,6.891694,,1.392042,7.02044,3.68356,2.902,1.55845
2025-01-03,4.40921,2.654163,2.061637,,,1.335043,7.00173,3.65443,2.80087,1.54873
2025-01-10,4.58885,2.684319,2.091822,7.071937,,1.42237,7.09654,3.65583,2.92259,1.56522
2025-01-17,4.41353,2.685601,2.138955,6.920944,,1.407544,6.99395,3.66358,2.92628,1.56129
2025-01-24,4.42601,2.706574,2.087402,6.781257,,1.43877,6.89462,3.66141,2.89713,1.56187
2025-01-31,4.36247,2.702059,2.088814,6.837965,,1.395169,6.90369,3.65754,2.84774,1.56187
2025-02-07,4.32996,2.718488,2.061959,6.620926,,1.381931,6.74434,3.65848,2.77132,1.53443
2025-02-14,4.32477,2.71008,2.090176,6.548265,,1.473924,6.66415,3.66381,2.79884,1.53971
2025-02-21,4.25562,2.731386,2.077633,6.515267,,1.579085,6.57533,3.65169,2.80376,1.54436
2025-02-28,4.02346,2.6486,1.953169,6.728292,,1.60345,6.74956,3.64828,2.64999,1.55438
2025-03-07,4.09,2.706731,1.953021,6.647645,6.015532,1.650823,6.69414,3.62852,2.56451,1.57744
2025-03-14,4.08136,2.706731,1.882022,6.684244,5.97941,1.663699,6.73674,3.61288,2.54128,1.58052
2025-03-21,4.00742,2.664672,1.825212,6.877368,5.97941,1.690667,6.83666,3.58314,2.55672,1.57716
2025-03-28,3.98174,2.717622,1.80809,6.734006,5.913842,1.650481,6.86943,3.61063,2.53281,1.57857
2025-04-04,3.70797,2.544691,1.560264,6.734006,5.842551,1.571093,6.86943,3.52319,2.28438,1.57605
2025-04-11,4.15532,2.544691,1.665753,6.845752,5.842551,1.475807,6.926,3.55552,2.43364,1.53857
2025-04-18,3.93375,2.467525,1.665753,6.784729,5.842551,1.493142,6.81259,3.51121,2.31176,1.55236
2025-04-25,3.8828,2.403656,1.602238,6.581659,,1.539271,6.69951,3.43018,2.21977,1.54404
2025-05-02,3.93146,2.403656,1.631421,6.597701,,1.500867,6.63782,3.42173,2.1946,1.53985
2025-05-09,3.98581,2.403656,1.580204,6.545637,5.87033,1.484353,6.57679,3.32392,2.11555,1.52221
2025-05-16,4.06366,,1.632131,6.508077,5.88049,1.551197,6.56616,3.35637,2.20402,1.52909
2025-05-23,4.07315,,1.643814,6.416905,5.88049,1.56109,6.52396,3.32292,2.18959,1.53242
2025-05-30,3.97472,,1.591552,6.422736,5.876841,1.565678,6.51218,3.29456,2.12972,1.54184
2025-06-06,4.12512,,1.519677,6.33866,5.880157,1.540667,6.4915,3.29943,1.96169,1.52654
2025-06-13,4.01982,,1.506542,6.32177,5.921474,1.537276,6.41177,3.32791,1.92969,1.51177
2025-06-20,3.95821,,1.485488,6.396264,5.944759,1.497624,6.45946,3.36105,1.97136,1.50006
2025-06-27,3.82738,,1.381824,6.290892,5.856059,1.504504,6.39322,3.29224,1.88323,1.47787
2025-07-04,3.93322,,1.413499,6.206813,5.856059,1.486072,6.32358,3.27671,1.80419,1.43198
2025-07-11,3.99115,,1.372409,6.175024,5.856059,1.520316,6.27466,3.24238,1.87668,1.43179
2025-07-18,3.95973,,1.349979,6.111248,,1.515432,6.2346,3.25224,1.80715,1.42564
2025-07-25,3.94931,,1.292473,6.061478,,1.588145,6.1688,3.23236,1.80875,1.40556
2025-08-01,3.76924,,1.300854,6.169792,,1.570354,6.24311,3.23644,1.86002,1.39191
2025-08-08,3.82776,,1.246011,5.940631,,1.548351,6.06636,3.18594,1.7317,1.38655
2025-08-15,3.8423,,1.161097,5.879702,,1.580556,6.0107,3.15936,1.68901,1.37562
2025-08-22,3.7564,,1.147157,5.806993,,1.644321,5.9576,3.16093,1.69488,1.3694
2025-08-29,3.69665,,1.151583,5.719988,,1.626174,5.83523,3.17142,1.55391,1.37825
2025-09-05,3.57994,2.620414,1.091233,5.711302,,1.61047,5.87897,3.20423,1.55245,1.3742
2025-09-12,3.62126,2.564353,1.143903,5.599908,,1.60605,5.76699,3.19925,1.46903,1.37029
2025-09-19,3.69003,2.585627,1.143161,5.360133,,1.606315,5.50782,3.19172,1.51403,1.35929
2025-09-26,3.76764,2.716115,1.229549,5.54038,,1.622345,5.63502,3.27316,1.64209,1.36561
2025-10-03,3.70712,2.730676,1.174671,5.439009,,1.599807,5.64188,3.28041,1.65318,1.35392
2025-10-10,3.6447,2.733353,1.261757,5.358105,,1.594169,5.50098,3.31726,1.6421,1.33397
2025-10-17,3.58901,2.67032,1.268774,5.3238,,1.581434,5.440553,3.280909,1.581753,1.26958
2025-10-24,3.59924,2.720954,1.335524,5.378964,,1.603335,5.481386,3.298829,1.655398,1.238525
2025-10-31,3.71399,2.859763,1.390909,5.439497,,1.527562,5.539672,3.323906,1.642079,1.232622
2025-11-07,3.67768,3.0478,1.45142,5.517407,,1.541635,5.622782,3.325672,1.603532,1.252861
2025-11-14,3.73095,3.116196,1.45142,5.424694,,1.547379,5.59499,3.274708,1.617633,1.262168
2025-11-21,3.615,3.071785,1.45142,5.535485,,1.546734,5.600313,3.283502,1.642544,1.265677
2025-11-28,3.59728,3.182575,,5.83,,1.611582,5.789116,3.27826,1.79207,1.267176
2025-12-05,3.71219,3.213167,,5.649079,,1.621239,5.728429,3.302493,1.771249,1.288115
2025-12-12,3.74783,3.363143,,5.619714,,1.616723,5.742061,3.32361,1.94746,1.300507
2025-12-19,3.69154,3.239044,1.315269,5.596809,,1.591877,5.728073,3.312903,1.920547,1.311637
2025-12-26,3.69316,3.234973,1.315269,5.580747,,1.584651,5.728747,3.299741,1.93992,1.324464
2026-01-02,3.73661,3.239909,1.315269,5.4908,,1.61345,5.651054,3.280805,1.916551,1.320126
2026-01-09,3.75431,3.193828,1.291395,5.496979,,1.641568,5.688028,3.290225,1.873855,1.336026
2026-01-16,3.82489,3.317282,1.289676,5.612244,5.725173,1.598272,5.734204,3.325017,1.869643,1.337279
2026-01-23,3.83776,3.432682,1.338115,5.765512,5.714272,1.587329,5.819975,3.328333,1.806169,1.348059
2026-01-30,3.79412,3.434982,1.337702,5.697222,5.714272,1.58258,5.854207,3.317281,1.750927,1.346076
2026-02-06,3.75242,3.434982,1.296834,5.763248,5.714272,1.564088,5.843788,3.330766,1.659537,1.35014
2026-02-13,3.60902,3.434982,1.292769,5.681812,,1.545884,5.822384,3.333923,1.570444,1.371214
2026-02-20,3.64844,,1.326914,5.755982,,1.545884,5.838429,3.330005,1.597605,1.371214
2026-02-27,3.51114,,1.154086,5.752097,,1.559438,5.825001,3.314638,1.579087,1.371774
2026-03-06,3.71488,,1.300054,5.931137,,1.531798,5.95374,3.348726,1.636656,1.37159
2026-03-13,3.87191,,1.437371,6.303681,,1.552516,6.311173,3.376648,1.744739,1.403616
2026-03-20,4.01171,,1.530394,6.520669,,1.550495,6.568684,3.374524,1.792822,1.394717
2026-03-27,4.07018,,1.749304,6.558887,,1.541548,6.672856,3.437795,2.062649,1.416764
2026-04-03,3.99173,,1.67204,6.471139,,1.527508,6.560036,3.433125,1.94835,1.451128
2026-04-10,3.9394,,1.547449,6.243252,6.222596,1.539414,6.384655,3.406561,1.823193,1.461059
2026-04-17,3.83786,,1.537144,6.269231,6.250224,1.501498,6.325866,3.377642,1.751066,1.450687
2026-04-24,3.91845,,1.601471,6.556266,6.250224,1.483862,6.467629,3.366003,1.784114,1.447002
2026-05-01,4.01964,,1.588332,6.700862,6.250224,1.476835,6.651083,3.366746,1.809475,1.441881
2026-05-08,4.01122,3.748861,1.502794,6.468927,7.041877,1.480894,6.511236,3.367873,1.808585,1.458864
2026-05-15,4.25977,4.026068,1.546625,6.575508,7.041877,1.470418,6.596685,3.396658,1.86754,1.472423
2026-05-22,4.26474,3.97277,1.73311,6.671595,7.041877,1.450353,6.750884,3.436851,1.885418,1.526456
2026-05-29,4.14769,3.935328,1.670421,6.71218,,1.411971,6.742073,3.422071,1.773716,1.548925
2026-06-05,4.27783,4.120492,1.669403,6.906398,,1.414196,6.80488,3.428339,1.836977,1.566683
2026-06-12,4.21098,3.985414,1.600508,7.19275,,1.466834,7.347114,3.442972,1.814046,1.718516
2026-06-19,4.22354,4.004415,1.593916,6.894865,,1.437808,7.083241,3.444973,1.812081,1.730816
2026-06-26,4.12849,3.950664,1.540245,7.094104,,1.421263,7.180071,3.439601,1.761026,1.70432
2026-07-03,4.22136,3.984879,1.510007,7.055427,,1.430521,7.149298,3.433459,1.836152,1.704896
2026-07-10,4.30909,3.999281,1.496277,7.154259,,1.427593,7.21213,3.434105,1.853279,1.695853
2026-07-17,4.28096,4.093011,1.487731,7.179201,,1.425523,7.204015,3.439064,1.937136,1.681993
