date,US,KRW,THB,IDR_GT,PHP,CNH,IDR_BV,MYR,SGD,TWD
1990-01-05,7.98401,,,,,,,,,
1990-01-12,8.10128,,,,,,,,,
1990-01-19,8.23916,,,,,,,,,
1990-01-26,8.46673,,,,,,,,,
1990-02-02,8.49688,,,,,,,,,
1990-02-09,8.29958,,,,,,,,,
1990-02-16,8.42461,,,,,,,,,
1990-02-23,8.54167,,,,,,,,,
1990-03-02,8.54129,,,,,,,,,
1990-03-09,8.6361,,,,,,,,,
1990-03-16,8.57393,,,,,,,,,
1990-03-23,8.52139,,,,,,,,,
1990-03-30,8.63565,,,,,,,,,
1990-04-06,8.55902,,,,,,,,,
1990-04-13,8.64032,,,,,,,,,
1990-04-20,8.9526,,,,,,,,,
1990-04-27,9.0426,,,,,,,,,
1990-05-04,8.84018,,,,,,,,,
1990-05-11,8.65253,,,,,,,,,
1990-05-18,8.74607,,,,,,,,,
1990-05-25,8.69332,,,,,,,,,
1990-06-01,8.45924,,,,,,,,,
1990-06-08,8.47229,,,,,,,,,
1990-06-15,8.44816,,,,,,,,,
1990-06-22,8.50311,,,,,,,,,
1990-06-29,8.4142,,,,,,,,,
1990-07-06,8.51112,,,,,,,,,
1990-07-13,8.44046,,,,,,,,,
1990-07-20,8.47709,,,,,,,,,
1990-07-27,8.42049,,,,,,,,,
1990-08-03,8.44792,,,,,,,,,
1990-08-10,8.66001,,,,,,,,,
1990-08-17,8.8021,,,,,,,,,
1990-08-24,9.0433,,,,,,,,,
1990-08-31,8.85408,,,,,,,,,
1990-09-07,8.79127,,,,,,,,,
1990-09-14,8.87273,,,,,,,,,
1990-09-21,8.97949,,,,,,,,,
1990-09-28,8.80012,,,,,,,,,
1990-10-05,8.64676,,,,,,,,,
1990-10-12,8.8143,,,,,,,,,
1990-10-19,8.61756,,,,,,,,,
1990-10-26,8.6316,,,,,,,,,
1990-11-02,8.56469,,,,,,,,,
1990-11-09,8.47175,,,,,,,,,
1990-11-16,8.3039,,,,,,,,,
1990-11-23,8.28455,,,,,,,,,
1990-11-30,8.25163,,,,,,,,,
1990-12-07,8.03131,,,,,,,,,
1990-12-14,8.0349,,,,,,,,,
1990-12-21,8.09776,,,,,,,,,
1990-12-28,8.13366,,,,,,,,,
1991-01-04,8.0232,,,,,,,,,
1991-01-11,8.17393,,,,,,,,,
1991-01-18,8.02623,,,,,,,,,
1991-01-25,8.04392,,,,,,,,,
1991-02-01,7.91097,,,,,,,,,
1991-02-08,7.77739,,,,,,,,,
1991-02-15,7.78624,,,,,,,,,
1991-02-22,7.90535,,,,,,,,,
1991-03-01,8.11536,,,,,,,,,
1991-03-08,8.12954,,,,,,,,,
1991-03-15,8.09678,,,,,,,,,
1991-03-22,8.12524,,,,,,,,,
1991-03-29,8.0594,,,,,,,,,
1991-04-05,7.98437,,,,,,,,,
1991-04-12,7.9704,,,,,,,,,
1991-04-19,8.10272,,,,,,,,,
1991-04-26,8.05556,,,,,,,,,
1991-05-03,8.0465,,,,,,,,,
1991-05-10,8.1017,,,,,,,,,
1991-05-17,8.07818,,,,,,,,,
1991-05-24,8.08719,,,,,,,,,
1991-05-31,8.05903,,,,,,,,,
1991-06-07,8.27918,,,,,,,,,
1991-06-14,8.26966,,,,,,,,,
1991-06-21,8.31731,,,,,,,,,
1991-06-28,8.22721,,,,,,,,,
1991-07-05,8.33202,,,,,,,,,
1991-07-12,8.26068,,,,,,,,,
1991-07-19,8.2752,,,,,,,,,
1991-07-26,8.19933,,,,,,,,,
1991-08-02,8.05788,,,,,,,,,
1991-08-09,7.97614,,,,,,,,,
1991-08-16,7.82917,,,,,,,,,
1991-08-23,7.87438,,,,,,,,,
1991-08-30,7.81452,,,,,,,,,
1991-09-06,7.75948,,,,,,,,,
1991-09-13,7.64123,,,,,,,,,
1991-09-20,7.57333,,,,,,,,,
1991-09-27,7.48771,,,,,,,,,
1991-10-04,7.38483,,,,,,,,,
1991-10-11,7.46842,,,,,,,,,
1991-10-18,7.51254,,,,,,,,,
1991-10-25,7.67475,,,,,,,,,
1991-11-01,7.47554,,,,,,,,,
1991-11-08,7.41484,,,,,,,,,
1991-11-15,7.30796,,,,,,,,,
1991-11-22,7.4411,,,,,,,,,
1991-11-29,7.37798,,,,,,,,,
1991-12-06,7.23546,,,,,,,,,
1991-12-13,7.20845,,,,,,,,,
1991-12-20,6.95913,,,,,,,,,
1991-12-27,6.82078,,,,,,,,,
1992-01-03,6.83669,,,,,,,,,
1992-01-10,6.84858,,,,,,,,,
1992-01-17,7.0864,,,,,,,,,
1992-01-24,7.24077,,,,,,,,,
1992-01-31,7.28055,,,,,,,,,
1992-02-07,7.17753,,,,,,,,,
1992-02-14,7.38816,,,,,,,,,
1992-02-21,7.44717,,,,,,,,,
1992-02-28,7.25695,,,,,,,,,
1992-03-06,7.47472,,,,,,,,,
1992-03-13,7.702,,,,,,,,,
1992-03-20,7.63226,,,,,,,,,
1992-03-27,7.52113,,,,,,,,,
1992-04-03,7.39699,,,,,,,,,
1992-04-10,7.35138,,,,,,,,,
1992-04-17,7.44322,,,,,,,,,
1992-04-24,7.52227,,,,,,,,,
1992-05-01,7.55069,,,,,,,,,
1992-05-08,7.41041,,,,,,,,,
1992-05-15,7.29029,,,,,,,,,
1992-05-22,7.34734,,,,,,,,,
1992-05-29,7.32457,,,,,,,,,
1992-06-05,7.30629,,,,,,,,,
1992-06-12,7.27921,,,,,,,,,
1992-06-19,7.23884,,,,,,,,,
1992-06-26,7.14555,,,,,,,,,
1992-07-03,6.92324,,,,,,,,,
1992-07-10,6.91753,,,,,,,,,
1992-07-17,6.89937,,,,,,,,,
1992-07-24,6.7355,,,,,,,,,
1992-07-31,6.70879,,,,,,,,,
1992-08-07,6.55948,,,,,,,,,
1992-08-14,6.51691,,,,,,,,,
1992-08-21,6.51685,,,,,,,,,
1992-08-28,6.63039,,,,,,,,,
1992-09-04,6.40435,,,,,,,,,
1992-09-11,6.36554,,,,,,,,,
1992-09-18,6.40838,,,,,,,,,
1992-09-25,6.41257,,,,,,,,,
1992-10-02,6.24483,,,,,,,,,
1992-10-09,6.52587,,,,,,,,,
1992-10-16,6.58312,,,,,,,,,
1992-10-23,6.81541,,,,,,,,,
1992-10-30,6.78898,,,,,,,,,
1992-11-06,6.96222,,,,,,,,,
1992-11-13,6.82167,,,,,,,,,
1992-11-20,6.83146,,,,,,,,,
1992-11-27,6.928,,,,,,,,,
1992-12-04,6.81917,,,,,,,,,
1992-12-11,6.79717,,,,,,,,,
1992-12-18,6.74338,,,,,,,,,
1992-12-25,6.67616,,,,,,,,,
1993-01-01,6.68584,,,,,,,,,
1993-01-08,6.73625,,,,,,,,,
1993-01-15,6.58781,,,,,,,,,
1993-01-22,6.54342,,,,,,,,,
1993-01-29,6.35682,,,,,,,,,
1993-02-05,6.29536,,,,,,,,,
1993-02-12,6.34395,,,,,,,,,
1993-02-19,6.15647,,,,,,,,,
1993-02-26,6.01762,,,,,,,,,
1993-03-05,5.86775,,,,,,,,,
1993-03-12,6.11326,,,,,,,,,
1993-03-19,5.96183,,,,,,,,,
1993-03-26,6.09147,,,,,,,,,
1993-04-02,6.15464,,,,,,,,,
1993-04-09,5.96024,,,,,,,,,
1993-04-16,5.88448,,,,,,,,,
1993-04-23,5.88817,,,,,,,,,
1993-04-30,6.01773,,,,,,,,,
1993-05-07,5.90379,,,,,,,,,
1993-05-14,6.01702,,,,,,,,,
1993-05-21,6.13631,,,,,,,,,
1993-05-28,6.14042,,,,,,,,,
1993-06-04,6.08879,,,,,,,,,
1993-06-11,5.96056,,,,,,,,,
1993-06-18,5.93904,,,,,,,,,
1993-06-25,5.81194,,,,,,,,,
1993-07-02,5.74424,,,,,,,,,
1993-07-09,5.74371,,,,,,,,,
1993-07-16,5.68877,,,,,,,,,
1993-07-23,5.92896,,,,,,,,,
1993-07-30,5.80945,,,,,,,,,
1993-08-06,5.83874,,,,,,,,,
1993-08-13,5.71269,,,,,,,,,
1993-08-20,5.6175,,,,,,,,,
1993-08-27,5.49032,,,,,,,,,
1993-09-03,5.296,,,,,,,,,
1993-09-10,5.28342,,,,,,,,,
1993-09-17,5.37921,,,,,,,,,
1993-09-24,5.39464,,,,,,,,,
1993-10-01,5.34142,,,,,,,,,
1993-10-08,5.25605,,,,,,,,,
1993-10-15,5.16725,,,,,,,,,
1993-10-22,5.40051,,,,,,,,,
1993-10-29,5.4327,,,,,,,,,
1993-11-05,5.73175,,,,,,,,,
1993-11-12,5.64756,,,,,,,,,
1993-11-19,5.83792,,,,,,,,,
1993-11-26,5.75707,,,,,,,,,
1993-12-03,5.75712,,,,,,,,,
1993-12-10,5.7403,,,,,,,,,
1993-12-17,5.77448,,,,,,,,,
1993-12-24,5.68923,,,,,,,,,
1993-12-31,5.79615,,,,,,,,,
1994-01-07,5.65526,,,,,,,,,
1994-01-14,5.72789,,,,,,,,,
1994-01-21,5.68938,,,,,,,,,
1994-01-28,5.63838,,,,,,,,,
1994-02-04,5.87981,,,,,,,,,
1994-02-11,5.87914,,,,,,,,,
1994-02-18,6.08166,,,,,,,,,
1994-02-25,6.19764,,,,,,,,,
1994-03-04,6.36774,,,,,,,,,
1994-03-11,6.4565,,,,,,,,,
1994-03-18,6.50597,,,,,,,,,
1994-03-25,6.63253,,,,,,,,,
1994-04-01,6.78312,,,,,,,,,
1994-04-08,6.91628,,,,,,,,,
1994-04-15,6.95271,,,,,,,,,
1994-04-22,6.9309,,,,,,,,,
1994-04-29,7.04499,,,,,,,,,
1994-05-06,7.3458,,,,,,,,,
1994-05-13,7.27446,,,,,,,,,
1994-05-20,7.0204,,,,,,,,,
1994-05-27,7.12071,,,,,,,,,
1994-06-03,6.99087,,,,,,,,,
1994-06-10,7.0187,,,,,,,,,
1994-06-17,7.12618,,,,,,,,,
1994-06-24,7.21026,,,,,,,,,
1994-07-01,7.33379,,,,,,,,,
1994-07-08,7.42015,,,,,,,,,
1994-07-15,7.2502,,,,,,,,,
1994-07-22,7.27942,,,,,,,,,
1994-07-29,7.102,,,,,,,,,
1994-08-05,7.27489,,,,,,,,,
1994-08-12,7.29006,,,,,,,,,
1994-08-19,7.2585,,,,,,,,,
1994-08-26,7.23154,,,,,,,,,
1994-09-02,7.20896,,,,,,,,,
1994-09-09,7.43355,,,,,,,,,
1994-09-16,7.50439,,,,,,,,,
1994-09-23,7.56187,,,,,,,,,
1994-09-30,7.60143,,,,,,,,,
1994-10-07,7.6925,,,,,,,,,
1994-10-14,7.60206,,,,,,,,,
1994-10-21,7.78278,,,,,,,,,
1994-10-28,7.79764,,,,,,,,,
1994-11-04,8.02339,,,,,,,,,
1994-11-11,7.98072,,,,,,,,,
1994-11-18,8.01053,,,,,,,,,
1994-11-25,7.79664,,,,,,,,,
1994-12-02,7.80072,,,,,,,,,
1994-12-09,7.79344,,,,,,,,,
1994-12-16,7.80446,,,,,,,,,
1994-12-23,7.83856,,,,,,,,,
1994-12-30,7.83595,,,,,,,,,
1995-01-06,7.86347,,,,,,,,,
1995-01-13,7.68443,,,,,,,,,
1995-01-20,7.81235,,,,,,,,,
1995-01-27,7.61555,,,,,,,,,
1995-02-03,7.50673,,,,,,,,,
1995-02-10,7.60396,,,,,,,,,
1995-02-17,7.42559,,,,,,,,,
1995-02-24,7.30947,,,,,,,,,
1995-03-03,7.34447,,,,,,,,,
1995-03-10,7.22652,,,,,,,,,
1995-03-17,7.11161,,,,,,,,,
1995-03-24,7.0716,,,,,,,,,
1995-03-31,7.19817,,,,,,,,,
1995-04-07,7.1008,,,,,,,,,
1995-04-14,7.01299,,,,,,,,,
1995-04-21,7.00311,,,,,,,,,
1995-04-28,7.05711,,,,,,,,,
1995-05-05,6.68703,,,,,,,,,
1995-05-12,6.66898,,,,,,,,,
1995-05-19,6.6297,,,,,,,,,
1995-05-26,6.39226,,,,,,,,,
1995-06-02,6.09674,,,,,,,,,
1995-06-09,6.39161,,,,,,,,,
1995-06-16,6.19585,,,,,,,,,
1995-06-23,6.05083,,,,,,,,,
1995-06-30,6.20527,,,,,,,,,
1995-07-07,6.04735,,,,,,,,,
1995-07-14,6.15987,,,,,,,,,
1995-07-21,6.52887,,,,,,,,,
1995-07-28,6.4808,,,,,,,,,
1995-08-04,6.49387,,,,,,,,,
1995-08-11,6.60796,,,,,,,,,
1995-08-18,6.55804,,,,,,,,,
1995-08-25,6.3561,,,,,,,,,
1995-09-01,6.2265,,,,,,,,,
1995-09-08,6.22184,,,,,,,,,
1995-09-15,6.11636,,,,,,,,,
1995-09-22,6.24402,,,,,,,,,
1995-09-29,6.17376,,,,,,,,,
1995-10-06,6.06391,,,,,,,,,
1995-10-13,5.9634,,,,,,,,,
1995-10-20,6.03974,,,,,,,,,
1995-10-27,6.04534,,,,,,,,,
1995-11-03,5.93398,,,,,,,,,
1995-11-10,6.00203,,,,,,,,,
1995-11-17,5.90749,,,,,,,,,
1995-11-24,5.90605,,,,,,,,,
1995-12-01,5.70806,,,,,,,,,
1995-12-08,5.72209,,,,,,,,,
1995-12-15,5.76333,,,,,,,,,
1995-12-22,5.70686,,,,,,,,,
1995-12-29,5.58678,,,,,,,,,
1996-01-05,5.67513,,,,,,,,,
1996-01-12,5.74965,,,,,,,,,
1996-01-19,5.52982,,,,,,,,,
1996-01-26,5.63457,,,,,,,,,
1996-02-02,5.66748,,,,,,,,,
1996-02-09,5.6602,,,,,,,,,
1996-02-16,5.76208,,,,,,,,,
1996-02-23,5.9609,,,,,,,,,
1996-03-01,5.96764,,,,,,,,,
1996-03-08,6.4184,,,,,,,,,
1996-03-15,6.45291,,,,,,,,,
1996-03-22,6.33333,,,,,,,,,
1996-03-29,6.32542,,,,,,,,,
1996-04-05,6.34816,,,,,,,,,
1996-04-12,6.50469,,,,,,,,,
1996-04-19,6.51505,,,,,,,,,
1996-04-26,6.53217,,,,,,,,,
1996-05-03,6.89975,,,,,,,,,
1996-05-10,6.74452,,,,,,,,,
1996-05-17,6.65171,,,,,,,,,
1996-05-24,6.65313,,,,,,,,,
1996-05-31,6.85012,,,,,,,,,
1996-06-07,6.90485,,,,,,,,,
1996-06-14,6.9311,,,,,,,,,
1996-06-21,6.95766,,,,,,,,,
1996-06-28,6.71578,,,,,,,,,
1996-07-05,7.05138,,,,,,,,,
1996-07-12,6.86017,,,,,,,,,
1996-07-19,6.79684,,,,,,,,,
1996-07-26,6.85323,,,,,,,,,
1996-08-02,6.50707,,,,,,,,,
1996-08-09,6.48498,,,,,,,,,
1996-08-16,6.55191,,,,,,,,,
1996-08-23,6.74003,,,,,,,,,
1996-08-30,6.94518,,,,,,,,,
1996-09-06,6.92959,,,,,,,,,
1996-09-13,6.72982,,,,,,,,,
1996-09-20,6.8372,,,,,,,,,
1996-09-27,6.67444,,,,,,,,,
1996-10-04,6.47627,,,,,,,,,
1996-10-11,6.54894,,,,,,,,,
1996-10-18,6.49344,,,,,,,,,
1996-10-25,6.53724,,,,,,,,,
1996-11-01,6.37491,,,,,,,,,
1996-11-08,6.25969,,,,,,,,,
1996-11-15,6.18527,,,,,,,,,
1996-11-22,6.14071,,,,,,,,,
1996-11-29,6.05226,,,,,,,,,
1996-12-06,6.24085,,,,,,,,,
1996-12-13,6.31285,,,,,,,,,
1996-12-20,6.34903,,,,,,,,,
1996-12-27,6.28668,,,,,,,,,
1997-01-03,6.50253,,,,,,,,,
1997-01-10,6.60565,,,,,,,,,
1997-01-17,6.54427,,,,,,,,,
1997-01-24,6.61861,,,,,,,,,
1997-01-31,6.49629,,,,,,,,,
1997-02-07,6.39741,,,,,,,,,
1997-02-14,6.27087,,,,,,,,,
1997-02-21,6.36528,,,,,,,,,
1997-02-28,6.55209,,,,,,,,,
1997-03-07,6.53911,,,,,,,,,
1997-03-14,6.6962,,,,,,,,,
1997-03-21,6.74985,,,,,,,,,
1997-03-28,6.89965,,,,,,,,,
1997-04-04,6.91665,,,,,,,,,
1997-04-11,6.97226,,,,,,,,,
1997-04-18,6.83408,,,,,,,,,
1997-04-25,6.93975,,,,,,,,,
1997-05-02,6.67228,,,,,,,,,
1997-05-09,6.66158,,,,,,,,,
1997-05-16,6.69624,,,,,,,,,
1997-05-23,6.7436,,,,,,,,,
1997-05-30,6.66773,,,,,,,,,
1997-06-06,6.49864,,,,,,,,,
1997-06-13,6.42368,,,,,,,,,
1997-06-20,6.36768,,,,,,,,,
1997-06-27,6.45478,,,,,,,,,
1997-07-04,6.30285,,,,,,,,,
1997-07-11,6.22631,,,,,,,,,
1997-07-18,6.23812,,,,,,,,,
1997-07-25,6.16996,,,,,,,,,
1997-08-01,6.19454,,,,,,,,,
1997-08-08,6.37115,,,,,,,,,
1997-08-15,6.25884,,,,,,,,,
1997-08-22,6.37088,,,,,,,,,
1997-08-29,6.34289,,,,,,,,,
1997-09-05,6.3538,,,,,,,,,
1997-09-12,6.28692,,,,,,,,,
1997-09-19,6.0878,,,,,,,,,
1997-09-26,6.08341,,,,,,,,,
1997-10-03,6.00068,,,,,,,,,
1997-10-10,6.14717,,,,,,,,,
1997-10-17,6.15564,,,,,,,,,
1997-10-24,5.99884,,,,,,,,,
1997-10-31,5.82548,,,,,,,,,
1997-11-07,5.89163,,,,,,,,,
1997-11-14,5.85547,,,,,,,,,
1997-11-21,5.81183,,,,,,,,,
1997-11-28,5.85474,,,,,,,,,
1997-12-05,5.90094,,,,,,,,,
1997-12-12,5.7385,,,,,,,,,
1997-12-19,5.71713,,,,,,,,,
1997-12-26,5.73957,,,,,,,,,
1998-01-02,5.6586,,,,,,,,,
1998-01-09,5.38872,,,,,,,,,
1998-01-16,5.52734,,,,,,,,,
1998-01-23,5.68947,,,,,,,,,
1998-01-30,5.51778,,,,,,,,,
1998-02-06,5.61086,,,,,,,,,
1998-02-13,5.48563,,,,,,,,,
1998-02-20,5.53484,,,,,,,,,
1998-02-27,5.62392,,,,,,,,,
1998-03-06,5.72235,,,,,,,,,
1998-03-13,5.57598,,,,,,,,,
1998-03-20,5.5677,,,,,,,,,
1998-03-27,5.68069,,,,,,,,,
1998-04-03,5.45967,,,,,,,,,
1998-04-10,5.58229,,,,,,,,,
1998-04-17,5.58451,,,,,,,,,
1998-04-24,5.66251,,,,,,,,,
1998-05-01,5.66475,,,,,,,,,
1998-05-08,5.70536,,,,,,,,,
1998-05-15,5.67673,,,,,,,,,
1998-05-22,5.63292,,,,,,,,,
1998-05-29,5.55849,,,,,,,,,
1998-06-05,5.58096,,,,,,,,,
1998-06-12,5.41653,,,,,,,,,
1998-06-19,5.47136,,,,,,,,,
1998-06-26,5.45422,,,,,,,,,
1998-07-03,5.40946,,,,,,,,,
1998-07-10,5.40877,,,,,,,,,
1998-07-17,5.5094,,,,,,,,,
1998-07-24,5.45335,,,,,,,,,
1998-07-31,5.50062,,,,,,,,,
1998-08-07,5.39496,,,,,,,,,
1998-08-14,5.39581,,,,,,,,,
1998-08-21,5.32032,,,,,,,,,
1998-08-28,5.08632,,,,,,,,,
1998-09-04,5.01315,,,,,,,,,
1998-09-11,4.8308,,,,,,,,,
1998-09-18,4.68558,,,,,,,,,
1998-09-25,4.58523,,,,,,,,,
1998-10-02,4.28779,,,,,,,,,
1998-10-09,4.77391,,,,,,,,,
1998-10-16,4.42473,,,,,,,,,
1998-10-23,4.67252,,,,,,,,,
1998-10-30,4.61692,,,,,,,,,
1998-11-06,4.92978,,,,,,,,,
1998-11-13,4.81166,,,,,,,,,
1998-11-20,4.81559,,,,,,,,,
1998-11-27,4.80942,,,,,,,,,
1998-12-04,4.6191,,,,,,,,,
1998-12-11,4.61087,,,,,,,,,
1998-12-18,4.57709,,,,,,,,,
1998-12-25,4.84563,,,,,,,,,
1999-01-01,4.65564,,,,,,,,,
1999-01-08,4.84994,,,,,,,,,
1999-01-15,4.68112,,,,,,,,,
1999-01-22,4.63505,,,,,,,,,
1999-01-29,4.65681,,,,,,,,,
1999-02-05,4.9384,,,,,,,,,
1999-02-12,5.05669,,,,,,,,,
1999-02-19,5.06978,,,,,,,,,
1999-02-26,5.27879,,,,,,,,,
1999-03-05,5.3267,,,,,,,,,
1999-03-12,5.1574,,,,,,,,,
1999-03-19,5.16027,,,,,,,,,
1999-03-26,5.20978,,,,,,,,,
1999-04-02,5.28082,,,,,,,,,
1999-04-09,5.04193,,,,,,,,,
1999-04-16,5.2187,,,,,,,,,
1999-04-23,5.24966,,,,,,,,,
1999-04-30,5.35859,,,,,,,,,
1999-05-07,5.54211,,,,,,,,,
1999-05-14,5.61342,,,,,,,,,
1999-05-21,5.53061,,,,,,,,,
1999-05-28,5.61766,,,,,,,,,
1999-06-04,5.79834,,,,,,,,,
1999-06-11,6.01737,,,,,,,,,
1999-06-18,5.83736,,,,,,,,,
1999-06-25,6.01639,,,,,,,,,
1999-07-02,5.82751,,,,,,,,,
1999-07-09,5.83854,,,,,,,,,
1999-07-16,5.67489,,,,,,,,,
1999-07-23,5.83075,,,,,,,,,
1999-07-30,5.90672,,,,,,,,,
1999-08-06,6.01844,,,,,,,,,
1999-08-13,5.97687,,,,,,,,,
1999-08-20,5.87632,,,,,,,,,
1999-08-27,5.84481,,,,,,,,,
1999-09-03,5.88811,,,,,,,,,
1999-09-10,5.89199,,,,,,,,,
1999-09-17,5.86866,,,,,,,,,
1999-09-24,5.74766,,,,,,,,,
1999-10-01,5.9946,,,,,,,,,
1999-10-08,6.03493,,,,,,,,,
1999-10-15,6.0776,,,,,,,,,
1999-10-22,6.20275,,,,,,,,,
1999-10-29,6.01136,,,,,,,,,
1999-11-05,5.90917,,,,,,,,,
1999-11-12,5.9214,,,,,,,,,
1999-11-19,6.06077,,,,,,,,,
1999-11-26,6.11709,,,,,,,,,
1999-12-03,6.16745,,,,,,,,,
1999-12-10,6.07198,,,,,,,,,
1999-12-17,6.29794,,,,,,,,,
1999-12-24,6.40724,,,,,,,,,
1999-12-31,6.44419,,,,,,,,,
2000-01-07,6.50961,,,,,,,,,
2000-01-14,6.6832,,,,,,,,,
2000-01-21,6.78852,,,,,,,,,
2000-01-28,6.65313,,,,,,,,,
2000-02-04,6.52585,,,,,,,,,
2000-02-11,6.62646,,,,,,,,,
2000-02-18,6.4923,,,,,,,,,
2000-02-25,6.35786,,,,,,,,,
2000-03-03,6.38269,,,,,,,,,
2000-03-10,6.38753,,,,,,,,,
2000-03-17,6.19361,,,,,,,,,
2000-03-24,6.18764,,,,,,,,,
2000-03-31,6.0239,,,,,,,,,
2000-04-07,5.85713,,,,,,,,,
2000-04-14,5.88929,,,,,,,,,
2000-04-21,5.99608,,,,,,,,,
2000-04-28,6.22644,,,,,,,,,
2000-05-05,6.51611,,,,,,,,,
2000-05-12,6.50967,,,,,,,,,
2000-05-19,6.50927,,,,,,,,,
2000-05-26,6.32724,,,,,,,,,
2000-06-02,6.14455,,,,,,,,,
2000-06-09,6.12189,,,,,,,,,
2000-06-16,5.97553,,,,,,,,,
2000-06-23,6.1848,,,,,,,,,
2000-06-30,6.02578,,,,,,,,,
2000-07-07,6.0061,,,,,,,,,
2000-07-14,6.10264,,,,,,,,,
2000-07-21,5.99535,,,,,,,,,
2000-07-28,6.03653,,,,,,,,,
2000-08-04,5.90848,,,,,,,,,
2000-08-11,5.78807,,,,,,,,,
2000-08-18,5.76954,,,,,,,,,
2000-08-25,5.72264,,,,,,,,,
2000-09-01,5.67936,,,,,,,,,
2000-09-08,5.73197,,,,,,,,,
2000-09-15,5.83581,,,,,,,,,
2000-09-22,5.84243,,,,,,,,,
2000-09-29,5.80328,,,,,,,,,
2000-10-06,5.82652,,,,,,,,,
2000-10-13,5.727,,,,,,,,,
2000-10-20,5.6428,,,,,,,,,
2000-10-27,5.7166,,,,,,,,,
2000-11-03,5.8281,,,,,,,,,
2000-11-10,5.80451,,,,,,,,,
2000-11-17,5.70211,,,,,,,,,
2000-11-24,5.63066,,,,,,,,,
2000-12-01,5.52108,,,,,,,,,
2000-12-08,5.34224,,,,,,,,,
2000-12-15,5.18812,,,,,,,,,
2000-12-22,5.01123,,,,,,,,,
2000-12-29,5.11704,,,,,,,,,
2001-01-05,4.93886,,,,,,,,,
2001-01-12,5.24452,,,,,,,,,
2001-01-19,5.17606,,,,,,,,,
2001-01-26,5.26613,,,,,,,,,
2001-02-02,5.15293,,,,,,,,,
2001-02-09,5.02363,,,,,,,,,
2001-02-16,5.10716,,,,,,,,,
2001-02-23,5.09263,,,,,,,,,
2001-03-02,4.94441,,,,,,,,,
2001-03-09,4.92986,,,,,,,,,
2001-03-16,4.75845,,,,,,,,,
2001-03-23,4.80133,,,,,,,,,
2001-03-30,4.92411,,,,,,,,,
2001-04-06,4.87778,,,,,,,,,
2001-04-13,5.16097,,,,,,,,,
2001-04-20,5.27159,,,,,,,,,
2001-04-27,5.32275,,,,,,,,,
2001-05-04,5.18742,,,,,,,,,
2001-05-11,5.49588,,,,,,,,,
2001-05-18,5.40301,,,,,,,,,
2001-05-25,5.50166,,,,,,,,,
2001-06-01,5.36987,,,,,,,,,
2001-06-08,5.35662,,,,,,,,,
2001-06-15,5.2409,,,,,,,,,
2001-06-22,5.11059,,,,,,,,,
2001-06-29,5.40064,,,,,,,,,
2001-07-06,5.37216,,,,,,,,,
2001-07-13,5.23545,,,,,,,,,
2001-07-20,5.12402,,,,,,,,,
2001-07-27,5.10271,,,,,,,,,
2001-08-03,5.16059,,,,,,,,,
2001-08-10,4.99628,,,,,,,,,
2001-08-17,4.84512,,,,,,,,,
2001-08-24,4.91981,,,,,,,,,
2001-08-31,4.82407,,,,,,,,,
2001-09-07,4.80158,,,,,,,,,
2001-09-14,4.56297,,,,,,,,,
2001-09-21,4.69015,,,,,,,,,
2001-09-28,4.57557,,,,,,,,,
2001-10-05,4.50738,,,,,,,,,
2001-10-12,4.66259,,,,,,,,,
2001-10-19,4.61473,,,,,,,,,
2001-10-26,4.52645,,,,,,,,,
2001-11-02,4.35151,,,,,,,,,
2001-11-09,4.30516,,,,,,,,,
2001-11-16,4.891,,,,,,,,,
2001-11-23,5.01383,,,,,,,,,
2001-11-30,4.74593,,,,,,,,,
2001-12-07,5.15163,,,,,,,,,
2001-12-14,5.18134,,,,,,,,,
2001-12-21,5.09164,,,,,,,,,
2001-12-28,5.11613,,,,,,,,,
2002-01-04,5.14372,,,,,,,,,
2002-01-11,4.87198,,,,,,,,,
2002-01-18,4.89565,,,,,,,,,
2002-01-25,5.07542,,,,,,,,,
2002-02-01,4.98752,,,,,,,,,
2002-02-08,4.89006,,,,,,,,,
2002-02-15,4.87147,,,,,,,,,
2002-02-22,4.83131,,,,,,,,,
2002-03-01,4.97628,,,,,,,,,
2002-03-08,5.32493,,,,,,,,,
2002-03-15,5.35554,,,,,,,,,
2002-03-22,5.38998,,,,,,,,,
2002-03-29,5.41186,,,,,,,,,
2002-04-05,5.20822,,,,,,,,,
2002-04-12,5.16452,,,,,,,,,
2002-04-19,5.20059,,,,,,,,,
2002-04-26,5.06464,,,,,,,,,
2002-05-03,5.06597,,,,,,,,,
2002-05-10,5.12887,,,,,,,,,
2002-05-17,5.24165,,,,,,,,,
2002-05-24,5.13668,,,,,,,,,
2002-05-31,5.04501,,,,,,,,,
2002-06-07,5.06419,,,,,,,,,
2002-06-14,4.80366,,,,,,,,,
2002-06-21,4.75769,,,,,,,,,
2002-06-28,4.82093,,,,,,,,,
2002-07-05,4.86581,,,,,,,,,
2002-07-12,4.59595,,,,,,,,,
2002-07-19,4.5677,,,,,,,,,
2002-07-26,4.36639,,,,,,,,,
2002-08-02,4.26611,,,,,,,,,
2002-08-09,4.26536,,,,,,,,,
2002-08-16,4.31962,,,,,,,,,
2002-08-23,4.23078,,,,,,,,,
2002-08-30,4.13527,,,,,,,,,
2002-09-06,4.03829,,,,,,,,,
2002-09-13,3.9064,,,,,,,,,
2002-09-20,3.77883,,,,,,,,,
2002-09-27,3.68921,,,,,,,,,
2002-10-04,3.68232,,,,,,,,,
2002-10-11,3.7833,,,,,,,,,
2002-10-18,4.1311,,,,,,,,,
2002-10-25,4.09649,,,,,,,,,
2002-11-01,3.97816,,,,,,,,,
2002-11-08,3.82872,,,,,,,,,
2002-11-15,4.04584,,,,,,,,,
2002-11-22,4.17467,,,,,,,,,
2002-11-29,4.21276,,,,,,,,,
2002-12-06,4.0926,,,,,,,,,
2002-12-13,4.06489,,,,,,,,,
2002-12-20,3.95184,,,,,,,,,
2002-12-27,3.81268,,,,,,,,,
2003-01-03,4.03408,,,,,,,,,
2003-01-10,4.14724,,,,,,,,,
2003-01-17,4.02554,,,,,,,,,
2003-01-24,3.90582,,,,,,,,,
2003-01-31,3.97638,,,,,,,,,
2003-02-07,3.92208,,,,,,,,,
2003-02-14,3.94822,,,,,,,,,
2003-02-21,3.89672,,,,,,,,,
2003-02-28,3.69543,,,,,,,,,
2003-03-07,3.62017,,,,,,,,,
2003-03-14,3.70725,,,,,,,,,
2003-03-21,4.09741,,,,,,,,,
2003-03-28,3.90077,,,,,,,,,
2003-04-04,3.94537,,,,,,,,,
2003-04-11,3.98222,,,,,,,,,
2003-04-18,3.95841,,,,,,,,,
2003-04-25,3.88719,,,,,,,,,
2003-05-02,3.91573,,,,,,,,,
2003-05-09,3.68898,,,,,,,,,
2003-05-16,3.46239,,,,,,,,,
2003-05-23,3.33467,,,,,,,,,
2003-05-30,3.34713,,,,,,,,,
2003-06-06,3.35605,,,,,,,,,
2003-06-13,3.10498,,,,,,,,,
2003-06-20,3.39721,,,,,,,,,
2003-06-27,3.56377,,,,,,,,,
2003-07-04,3.64954,,,,,,,,,
2003-07-11,3.64199,,,,,,,,,
2003-07-18,3.97407,,,,,,,,,
2003-07-25,4.18521,,,,,,,,,
2003-08-01,4.41163,,,,,,,,,
2003-08-08,4.2846,,,,,,,,,
2003-08-15,4.52864,,,,,,,,,
2003-08-22,4.45773,,,,,,,,,
2003-08-29,4.44721,,,,,,,,,
2003-09-05,4.35675,,,,,,,,,
2003-09-12,4.26632,,,,,,,,,
2003-09-19,4.15783,,,,,,,,,
2003-09-26,4.02501,,,,,,,,,
2003-10-03,4.19461,,,,,,,,,
2003-10-10,4.25177,,,,,,,,,
2003-10-17,4.38994,,,,,,,,,
2003-10-24,4.21166,,,,,,,,,
2003-10-31,4.29792,,,,,,,,,
2003-11-07,4.44965,,,,,,,,,
2003-11-14,4.22733,,,,,,,,,
2003-11-21,4.14509,,,,,,,,,
2003-11-28,4.31695,,,,,,,,,
2003-12-05,4.21479,,,,,,,,,
2003-12-12,4.24613,,,,,,,,,
2003-12-19,4.13264,,,,,,,,,
2003-12-26,4.15282,,,,,,,,,
2004-01-02,4.37398,,,,,,,,,
2004-01-09,4.08801,,,,,,,,,
2004-01-16,4.01482,,,,,,,,,
2004-01-23,4.0685,,,,,,,,,
2004-01-30,4.13703,,,,,,,,,
2004-02-06,4.08938,,,,,,,,,
2004-02-13,4.04375,,,,,,,,,
2004-02-20,4.09653,,,,,,,,,
2004-02-27,3.9851,,,,,,,,,
2004-03-05,3.83222,,,,,,,,,
2004-03-12,3.75982,,,,,,,,,
2004-03-19,3.79004,,,,,,,,,
2004-03-26,3.84183,,,,,,,,,
2004-04-02,4.14322,,,,,,,,,
2004-04-09,4.19844,,,,,,,,,
2004-04-16,4.35181,,,,,,,,,
2004-04-23,4.45305,,,,,,,,,
2004-04-30,4.50455,,,,,,,,,
2004-05-07,4.76666,,,,,,,,,
2004-05-14,4.78834,,,,,,,,,
2004-05-21,4.76509,,,,,,,,,
2004-05-28,4.65218,,,,,,,,,
2004-06-04,4.77793,,,,,,,,,
2004-06-11,4.79401,,,,,,,,,
2004-06-18,4.71015,,,,,,,,,
2004-06-25,4.6476,,,,,,,,,
2004-07-02,4.46471,,,,,,,,,
2004-07-09,4.46604,,,,,,,,,
2004-07-16,4.36441,,,,,,,,,
2004-07-23,4.43455,,,,,,,,,
2004-07-30,4.47808,,,,,,,,,
2004-08-06,4.21916,,,,,,,,,
2004-08-13,4.21698,,,,,,,,,
2004-08-20,4.23452,,,,,,,,,
2004-08-27,4.22895,,,,,,,,,
2004-09-03,4.29133,,,,,,,,,
2004-09-10,4.17948,,,,,,,,,
2004-09-17,4.12776,,,,,,,,,
2004-09-24,4.03161,,,,,,,,,
2004-10-01,4.19067,,,,,,,,,
2004-10-08,4.13171,,,,,,,,,
2004-10-15,4.05422,,,,,,,,,
2004-10-22,3.98487,,,,,,,,,
2004-10-29,4.03244,,,,,,,,,
2004-11-05,4.19031,,,,,,,,,
2004-11-12,4.19961,,,,,,,,,
2004-11-19,4.19832,,,,,,,,,
2004-11-26,4.23987,,,,,,,,,
2004-12-03,4.27225,,,,,,,,,
2004-12-10,4.15392,,,,,,,,,
2004-12-17,4.20637,,,,,,,,,
2004-12-24,4.21662,,,,,,,,,
2004-12-31,4.21384,,,,,,,,,
2005-01-07,4.28455,,,,,,,,,
2005-01-14,4.21476,,,,,,,,,
2005-01-21,4.14213,,,,,,,,,
2005-01-28,4.13807,,,,,,,,,
2005-02-04,4.07342,,,,,,,,,
2005-02-11,4.09548,,,,,,,,,
2005-02-18,4.25978,,,,,,,,,
2005-02-25,4.26999,,,,,,,,,
2005-03-04,4.31152,,,,,,,,,
2005-03-11,4.53348,,,,,,,,,
2005-03-18,4.50886,,,,,,,,,
2005-03-25,4.59054,,,,,,,,,
2005-04-01,4.45212,,,,,,,,,
2005-04-08,4.48828,,,,,,,,,
2005-04-15,4.2726,,,,,,,,,
2005-04-22,4.2525,,,,,,,,,
2005-04-29,4.20076,,,,,,,,,
2005-05-06,4.26554,,,,,,,,,
2005-05-13,4.12068,,,,,,,,,
2005-05-20,4.12674,,,,,,,,,
2005-05-27,4.07183,,,,,,,,,
2005-06-03,3.97423,,,,,,,,,
2005-06-10,4.04214,,,,,,,,,
2005-06-17,4.07757,,,,,,,,,
2005-06-24,3.91876,,,,,,,,,
2005-07-01,4.03502,,,,,,,,,
2005-07-08,4.10763,,,,,,,,,
2005-07-15,4.17156,,,,,,,,,
2005-07-22,4.22308,,,,,,,,,
2005-07-29,4.28327,,,,,,,,,
2005-08-05,4.39032,,,,,,,,,
2005-08-12,4.23862,,,,,,,,,
2005-08-19,4.20907,,,,,,,,,
2005-08-26,4.18791,,,,,,,,,
2005-09-02,4.02879,,,,,,,,,
2005-09-09,4.12165,,,,,,,,,
2005-09-16,4.26118,,,,,,,,,
2005-09-23,4.24651,,,,,,,,,
2005-09-30,4.32441,,,,,,,,,
2005-10-07,4.35977,,,,,,,,,
2005-10-14,4.4894,,,,,,,,,
2005-10-21,4.38966,,,,,,,,,
2005-10-28,4.56881,,,,,,,,,
2005-11-04,4.65697,,,,,,,,,
2005-11-11,4.56368,,,,,,,,,
2005-11-18,4.50191,,,,,,,,,
2005-11-25,4.43129,,,,,,,,,
2005-12-02,4.51934,,,,,,,,,
2005-12-09,4.53709,,,,,,,,,
2005-12-16,4.44639,,,,,,,,,
2005-12-23,4.37663,,,,,,,,,
2005-12-30,4.38915,,,,,,,,,
2006-01-06,4.37717,,,,,,,,,
2006-01-13,4.34857,,,,,,,,,
2006-01-20,4.36,,,,,,,,,
2006-01-27,4.50521,,,,,,,,,
2006-02-03,4.5332,,,,,,,,,
2006-02-10,4.5786,,,,,,,,,
2006-02-17,4.53911,,,,,,,,,
2006-02-24,4.5657,,,,,,,,,
2006-03-03,4.68217,,,,,,,,,
2006-03-10,4.75362,,,,,,,,,
2006-03-17,4.67152,,,,,,,,,
2006-03-24,4.67261,,,,,,,,,
2006-03-31,4.8512,,,,,,,,,
2006-04-07,4.96286,,,,,,,,,
2006-04-14,5.03492,,,,,,,,,
2006-04-21,5.01214,,,,,,,,,
2006-04-28,5.06516,,,,,,,,,
2006-05-05,5.10915,,,,,,,,,
2006-05-12,5.18466,,,,,,,,,
2006-05-19,5.05439,,,,,,,,,
2006-05-26,5.05206,,,,,,,,,
2006-06-02,4.9937,,,,,,,,,
2006-06-09,4.98238,,,,,,,,,
2006-06-16,5.12747,,,,,,,,,
2006-06-23,5.22641,,,,,,,,,
2006-06-30,5.13644,,,,,,,,,
2006-07-07,5.1322,,,,,,,,,
2006-07-14,5.05991,,,,,,,,,
2006-07-21,5.04247,,,,,,,,,
2006-07-28,4.98961,,,,,,,,,
2006-08-04,4.90051,,,,,,,,,
2006-08-11,4.9671,,,,,,,,,
2006-08-18,4.83308,,,,,,,,,
2006-08-25,4.79018,,,,,,,,,
2006-09-01,4.72454,,,,,,,,,
2006-09-08,4.76785,,,,,,,,,
2006-09-15,4.7965,,,,,,,,,
2006-09-22,4.59668,,,,,,,,,
2006-09-29,4.63152,,,,,,,,,
2006-10-06,4.69518,,,,,,,,,
2006-10-13,4.80576,,,,,,,,,
2006-10-20,4.78352,,,,,,,,,
2006-10-27,4.67544,,,,,,,,,
2006-11-03,4.71405,,,,,,,,,
2006-11-10,4.58563,,,,,,,,,
2006-11-17,4.60424,,,,,,,,,
2006-11-24,4.54812,,,,,,,,,
2006-12-01,4.42687,,,,,,,,,
2006-12-08,4.55058,,,,,,,,,
2006-12-15,4.59674,,,,,,,,,
2006-12-22,4.62238,,,,,,,,,
2006-12-29,4.70218,,,,,,,,,
2007-01-05,4.64625,4.99,5.28666,,,3.01182,,,,
2007-01-12,4.76892,5.03,5.0618,,,2.992,,,,
2007-01-19,4.77115,5.05,4.83679,,,2.99889,,,,
2007-01-26,4.87734,5.1,4.78303,,,3.01203,,,,
2007-02-02,4.82856,5.13,4.70462,,,3.04697,,,,
2007-02-09,4.78373,5.0,4.70462,,,3.03433,,,,
2007-02-16,4.6892,4.94,4.70462,,,3.10344,,,,
2007-02-23,4.67826,4.94,,,,3.10344,,,,
2007-03-02,4.51458,4.97,,,,3.13429,,,,
2007-03-09,4.58805,4.92,,,,3.15413,,,,
2007-03-16,4.5455,4.92,,,,3.13995,,,,
2007-03-23,4.61059,4.94,,,,3.37211,,,,
2007-03-30,4.64628,4.92,4.32398,,,3.40166,,,,
2007-04-06,4.75049,4.98,4.25092,,,3.42796,,,,
2007-04-13,4.75981,5.11,4.11649,,,3.43107,,,,
2007-04-20,4.67022,5.14,3.96062,,,3.55728,,,,
2007-04-27,4.69847,5.13,3.85832,,,3.57497,,,,
2007-05-04,4.63815,5.1,3.77849,,,3.65876,,,,
2007-05-11,4.66975,5.17,3.61637,,,3.59723,,,,
2007-05-18,4.80821,5.25,3.51311,,,3.74818,,,,
2007-05-25,4.85932,5.3,3.72887,,,3.97443,,,,
2007-06-01,4.95569,5.29,3.85477,8.78747,,3.97017,,,,
2007-06-08,5.11576,5.44,4.21758,9.04686,,4.10076,,,,
2007-06-15,5.16688,5.49,4.5187,9.04686,,4.33665,,,,
2007-06-22,5.14052,5.62,4.27831,9.04686,,4.39918,,,,
2007-06-29,5.03067,5.51,4.4751,,,4.38632,,,,
2007-07-06,5.19404,5.57,4.66671,,,4.42346,,,,
2007-07-13,5.10746,5.58,4.5894,,,4.45616,,,,
2007-07-20,4.95385,5.57,4.49498,,,4.45185,,,,
2007-07-27,4.78667,5.38,4.59864,,,4.44785,,,,
2007-08-03,4.69837,5.34,4.72366,,,4.26519,,,,
2007-08-10,4.78772,5.35,4.63775,9.26074,,4.2791,,,,
2007-08-17,4.67088,5.34,4.78032,9.26074,,4.32072,,,,
2007-08-24,4.63136,5.45,4.71096,9.26074,,4.09674,,,,
2007-08-31,4.54277,5.56,4.75815,9.64223,,4.22488,,,,
2007-09-07,4.36811,5.49,4.6166,9.62363,,4.26129,,,,
2007-09-14,4.46022,5.49,4.5097,9.57077,,4.37947,,,,
2007-09-21,4.63216,5.57,4.55241,9.17738,,4.46237,,,,
2007-09-28,4.57571,5.6,4.7233,9.1766,,4.34274,,,,
2007-10-05,4.64154,5.53,4.71614,9.1824,,4.34274,,,,
2007-10-12,4.68519,5.61,4.7972,9.20247,,4.34792,,,,
2007-10-19,4.40118,5.55,4.79787,9.15948,,4.39507,,,,
2007-10-26,4.38504,5.49,4.79682,9.21089,,4.46969,,,,
2007-11-02,4.28936,5.55,4.89167,9.15206,,4.54435,,,,
2007-11-09,4.22107,5.43,5.0525,9.63087,,4.49391,,,,
2007-11-16,4.14589,5.53,5.08154,9.98479,,4.56484,,,,
2007-11-23,4.01221,5.72,5.28576,10.3589,,4.51291,,,,
2007-11-30,3.9663,5.72,5.14073,9.95253,,4.5184,,,,
2007-12-07,4.11438,5.99,5.15443,9.57329,,4.49318,,,,
2007-12-14,4.23203,5.81,5.15443,9.7066,,4.47496,,,,
2007-12-21,4.16596,5.77,5.09417,10.0335,,4.45241,,,,
2007-12-28,4.09628,5.69,4.91584,10.0019,,4.44385,,,,
2008-01-04,3.85198,5.84,4.85435,10.0616,,4.41325,,,,
2008-01-11,3.80611,5.7,4.59292,9.83656,,4.40877,,,,
2008-01-18,3.64456,5.43,4.54138,9.83795,,4.40366,,,,
2008-01-25,3.57892,5.4,4.21158,9.92366,,4.25006,,,,
2008-02-01,3.5982,5.25,4.10118,9.91445,,4.22261,,,,
2008-02-08,3.65408,5.31,4.08548,9.96497,,4.13531,,,,
2008-02-15,3.78013,5.24,4.16393,9.9818,,4.11704,,,,
2008-02-22,3.78611,5.28,4.31552,10.0,,4.23492,,,,
2008-02-29,3.52324,5.23,4.42642,10.2481,,4.12927,,,,
2008-03-07,3.54297,5.27,4.2439,10.3374,,4.14305,,,,
2008-03-14,3.42296,5.41,4.44733,10.8068,,4.11636,,,,
2008-03-21,3.32633,5.4,4.42656,11.1554,,4.12829,,,,
2008-03-28,3.46763,5.35,4.60964,11.5168,,4.02066,,,,
2008-04-04,3.48261,5.26,4.42447,12.4933,,4.04965,,,,
2008-04-11,3.46939,5.13,4.42999,11.7106,,4.04867,,,,
2008-04-18,3.74101,5.16,4.64777,12.1119,,4.01804,,,,
2008-04-25,3.87027,5.16,4.89555,12.9269,,4.01396,,,,
2008-05-02,3.83942,5.16,4.65857,12.8428,,4.05162,,,,
2008-05-09,3.76543,5.41,4.73943,12.81,,4.12152,,,,
2008-05-16,3.84834,5.49,4.81882,12.4971,,4.13984,,,,
2008-05-23,3.83119,5.64,4.94255,12.5806,,4.16014,,,,
2008-05-30,4.04202,5.7,5.23306,12.7619,,4.15398,,,,
2008-06-06,3.93604,5.74,5.41014,13.0555,,4.14736,,,,
2008-06-13,4.25852,5.9,5.64625,13.4697,,4.26636,,,,
2008-06-20,4.13462,5.87,6.05248,13.1814,,4.50241,,,,
2008-06-27,3.98843,5.92,6.09887,13.2913,,4.51011,,,,
2008-07-04,3.97304,6.18,5.82094,13.2308,,4.5284,,,,
2008-07-11,3.94397,6.11,5.70035,12.4638,,4.48821,,,,
2008-07-18,4.08084,5.96,5.39517,12.4714,,4.42992,,,,
2008-07-25,4.10879,5.88,5.24874,11.7741,,4.43907,,,,
2008-08-01,3.94823,5.84,4.95234,11.7256,,4.4499,,,,
2008-08-08,3.95229,5.76,4.93352,11.5217,,4.49346,,,,
2008-08-15,3.85376,5.97,4.74679,11.6689,,4.4249,,,,
2008-08-22,3.86663,6.01,4.83492,12.0206,,4.34168,,,,
2008-08-29,3.8078,5.96,4.33605,12.1713,,4.33249,,,,
2008-09-05,3.65768,5.95,4.55637,12.0204,,4.11718,,,,
2008-09-12,3.72812,5.86,4.36186,13.1164,,3.95075,,,,
2008-09-19,3.7728,5.98,4.63533,13.2799,,3.71141,,,,
2008-09-26,3.82729,6.15,4.42839,13.0429,,3.73587,,,,
2008-10-03,3.646,5.83,4.28101,13.1475,,3.73587,,,,
2008-10-10,3.88396,5.4,4.43309,15.4183,,3.04186,,,,
2008-10-17,3.93954,5.47,4.26798,15.6756,,3.10067,,,,
2008-10-24,3.69881,5.44,3.99935,16.8866,,3.14668,,,,
2008-10-31,3.96633,5.49,3.77089,17.2574,,3.06442,,,,
2008-11-07,3.7758,5.42,3.89406,15.453,,2.96892,,,,
2008-11-14,3.74236,6.05,3.77598,15.9213,,2.90758,,,,
2008-11-21,3.17404,5.8,3.68812,17.0957,,3.01088,,,,
2008-11-28,2.94104,5.75,3.83289,15.55,,2.94049,,,,
2008-12-05,2.64901,5.23,2.89236,13.8538,,2.89769,,,,
2008-12-12,2.5858,4.83,2.89384,13.0611,,2.90402,,,,
2008-12-19,2.13288,4.55,2.61542,11.5048,,2.68006,,,,
2008-12-26,2.12856,4.44,2.65889,11.8909,,2.69823,,,,
2009-01-02,2.41746,4.26,2.65889,11.8364,,2.71088,,,,
2009-01-09,2.40514,4.37,2.96532,11.9112,,2.65242,,,,
2009-01-16,2.30539,4.53,3.37487,12.1628,,2.91211,,,,
2009-01-23,2.61889,4.5,3.33465,11.9353,,3.03654,,,,
2009-01-30,2.84025,4.74,3.46661,11.7621,,3.03654,,,,
2009-02-06,2.97742,5.28,3.46385,12.2044,,3.21064,,,,
2009-02-13,2.87672,5.17,3.56713,12.7334,,3.07512,,,,
2009-02-20,2.77153,5.28,3.63647,13.9252,,3.10258,,,,
2009-02-27,3.03352,5.06,3.59203,13.5623,,3.08521,,,,
2009-03-06,2.82791,5.03,3.93728,13.8721,,3.17439,,,,
2009-03-13,2.88104,4.88,3.93728,13.7975,,3.10015,,,,
2009-03-20,2.6272,4.78,3.53608,12.277,,3.08186,,,,
2009-03-27,2.75887,5.05,3.54163,12.2604,,3.11587,,,,
2009-04-03,2.90561,5.05,3.38651,12.1187,,3.15027,,,,
2009-04-10,2.92103,5.07,3.44453,12.0475,,3.15624,,,,
2009-04-17,2.93022,4.84,3.43636,11.8689,,3.14121,,,,
2009-04-24,2.99781,4.7,3.05886,11.9987,,3.12163,,,,
2009-05-01,3.17229,4.69,2.91544,11.9207,,3.08835,,,,
2009-05-08,3.29305,5.08,3.367,11.5288,,3.05599,,,,
2009-05-15,3.12498,5.02,3.29296,11.3566,,3.03289,,,,
2009-05-22,3.44953,5.07,3.57134,11.2087,,3.04006,,,,
2009-05-29,3.46124,5.16,4.08299,10.5081,,3.04216,,,,
2009-06-05,3.85554,5.13,3.85297,10.2655,,3.05993,,,,
2009-06-12,3.78368,5.39,4.07559,10.8813,,3.13115,,,,
2009-06-19,3.78673,5.25,3.87941,11.4744,,3.14989,,,,
2009-06-26,3.50547,5.2,3.67465,11.0724,,3.14293,,,,
2009-07-03,3.49622,5.04,3.65775,10.7625,,3.21686,,,,
2009-07-10,3.29505,4.98,3.61869,10.4851,,3.264,,,,
2009-07-17,3.64916,5.26,3.65994,10.461,,3.35567,,,,
2009-07-24,3.6696,5.25,3.73998,10.2428,,3.42988,,,,
2009-07-31,3.49503,5.34,3.70735,10.0272,,3.49931,,,,
2009-08-07,3.85016,5.4,3.82984,10.5361,,3.49981,,,,
2009-08-14,3.55576,5.53,3.83122,10.6843,,3.48844,,,,
2009-08-21,3.55737,5.43,3.67125,10.6694,,3.49468,,,,
2009-08-28,3.45295,5.43,3.72105,10.4749,,3.48211,,,,
2009-09-04,3.44153,5.35,3.70492,10.5871,,3.44589,,,,
2009-09-11,3.34511,5.42,3.74897,10.4376,,3.4553,,,,
2009-09-18,3.47248,5.31,3.95894,10.2761,,3.44861,,,,
2009-09-25,3.32938,5.35,4.03082,10.0796,,3.48697,,,,
2009-10-02,3.22056,5.32,3.9458,9.92788,,3.49513,,,,
2009-10-09,3.38024,5.27,4.08958,9.91083,,3.49513,,,,
2009-10-16,3.4171,5.52,4.2645,9.85341,,3.72407,,,,
2009-10-23,3.47303,5.6,4.25106,10.068,,3.68893,,,,
2009-10-30,3.38838,5.42,4.34334,10.1249,,3.67786,,,,
2009-11-06,3.50467,5.47,4.44106,10.2471,,3.70406,,,,
2009-11-13,3.4289,5.39,4.39734,10.2198,,3.71204,,,,
2009-11-20,3.36008,5.34,4.1873,10.3201,,3.69444,,,,
2009-11-27,3.20507,5.23,4.24158,10.1416,,3.57824,,,,
2009-12-04,3.48163,5.26,4.22959,10.0858,,3.58332,,,,
2009-12-11,3.5384,5.29,4.19157,9.98548,,3.62071,,,,
2009-12-18,3.54629,5.25,4.18159,9.99639,,3.62928,,,,
2009-12-25,3.79701,5.36,4.14359,10.0491,,3.63195,,,,
2010-01-01,3.83877,5.39,4.18417,10.0403,,3.62664,,,,
2010-01-08,3.80624,5.37,4.18417,9.74569,,3.63965,,,,
2010-01-15,3.67637,5.38,4.18417,9.53559,,3.6778,,,,
2010-01-22,3.59946,5.33,,9.72191,,3.63569,,,,
2010-01-29,3.60562,5.34,,9.77631,,3.57197,,,,
2010-02-05,3.54616,5.32,,9.72454,,3.51495,,,,
2010-02-12,3.69092,5.29,,9.80175,,3.43842,,,,
2010-02-19,3.78215,5.3,3.87434,9.85188,,3.43842,,,,
2010-02-26,3.59106,5.14,3.87434,9.81101,,3.51501,,,,
2010-03-05,3.68338,5.03,3.87434,9.56547,,3.34781,,,,
2010-03-12,3.70727,4.84,,9.41824,,3.43776,,,,
2010-03-19,3.68918,4.72,3.95424,9.05224,,3.35784,,,,
2010-03-26,3.85257,4.91,3.95424,9.13928,,3.44651,,,,
2010-04-02,3.94643,4.91,3.95424,9.0808,,3.47124,,,,
2010-04-09,3.88824,4.83,,8.95293,,3.52985,,,,
2010-04-16,3.76836,4.93,,8.68782,,3.4783,,,,
2010-04-23,3.81508,4.91,,8.5758,,3.40144,,,,
2010-04-30,3.65709,4.82,3.52475,8.58104,,3.33896,,,,
2010-05-07,3.43109,4.89,3.64421,9.29425,,3.23506,,,,
2010-05-14,3.44412,4.99,3.53784,8.74495,,3.24502,,,,
2010-05-21,3.19607,5.0,3.53784,8.96146,,3.16508,,,,
2010-05-28,3.29776,4.94,3.33829,9.03804,,3.2172,,,,
2010-06-04,3.19138,4.91,3.29762,8.88804,,3.24332,,,,
2010-06-11,3.2163,4.93,3.2471,8.67933,,3.29829,,,,
2010-06-18,3.22319,4.91,3.14148,8.36487,,3.40113,,,,
2010-06-25,3.11317,4.98,3.14148,8.00926,,3.37713,,,,
2010-07-02,2.97877,4.91,3.14148,8.20723,,3.24611,,,,
2010-07-09,3.05561,4.94,,8.14634,,3.22222,,,,
2010-07-16,2.94127,4.91,,8.13958,,3.17903,,,,
2010-07-23,2.99431,4.89,,8.24906,,3.23597,,,,
2010-07-30,2.90698,4.84,,8.05165,,3.27845,,,,
2010-08-06,2.82374,4.87,3.39812,7.83625,,3.2792,,,,
2010-08-13,2.68591,4.74,3.41346,8.07732,,3.21092,,,,
2010-08-20,2.61248,4.51,3.28495,8.01302,,3.22345,,,,
2010-08-27,2.65009,4.45,3.0323,8.03809,,3.22217,,,,
2010-09-03,2.70245,4.43,2.95608,8.12891,,3.22667,,,,
2010-09-10,2.79719,4.23,3.02551,8.12219,,3.26821,,,,
2010-09-17,2.74445,4.25,3.15545,7.8783,,3.33494,,,,
2010-09-24,2.61039,4.25,3.19034,7.7339,,3.32402,,,,
2010-10-01,2.52222,4.0,3.0203,7.51041,,3.30002,,,,
2010-10-08,2.38134,4.0,2.98344,7.23671,,3.3206,,,,
2010-10-15,2.57589,3.92,2.9424,7.08207,,3.39994,,,,
2010-10-22,2.56134,4.21,2.98861,7.14404,,3.63769,,,,
2010-10-29,2.6102,4.36,3.20166,7.47666,,3.67283,,,,
2010-11-05,2.53574,4.53,3.19486,7.29895,,3.8268,,,,
2010-11-12,2.75633,4.54,3.63969,7.37414,,3.93203,,,,
2010-11-19,2.87499,4.48,3.52204,7.3945,,3.84705,,,,
2010-11-26,2.86068,4.47,3.57338,7.53806,,4.00668,,,,
2010-12-03,3.01288,4.36,3.58118,7.39623,,3.86116,,,,
2010-12-10,3.29783,4.36,3.58118,7.30971,,3.85891,,,,
2010-12-17,3.32399,4.57,3.90642,7.7739,,3.80292,,,,
2010-12-24,3.38865,4.48,3.72965,7.84493,,3.80992,,,,
2010-12-31,3.29354,4.51,3.72586,7.57453,,3.84996,,,,
2011-01-07,3.32565,4.71,3.70778,7.81997,,3.81068,,,,
2011-01-14,3.33087,4.69,3.70287,8.44178,,3.87344,,,,
2011-01-21,3.41397,4.73,3.71073,9.19172,,3.97915,,,,
2011-01-28,3.32925,4.71,3.79801,8.8499,,4.00241,,,,
2011-02-04,3.64968,4.72,3.78451,8.89987,,4.00248,,,,
2011-02-11,3.64568,4.81,3.91955,9.00006,,4.08987,,,,
2011-02-18,3.58554,4.8,3.89119,8.79204,,4.01286,,,,
2011-02-25,3.42539,4.66,3.88628,8.7855,,3.9332,,,,
2011-03-04,3.48995,4.71,3.89058,8.46179,,3.92988,,,,
2011-03-11,3.39691,4.44,3.84178,8.40855,,3.92743,,,,
2011-03-18,3.27327,4.46,3.71315,8.28995,,3.85323,,,,
2011-03-25,3.44437,4.47,3.69829,8.10629,,3.88279,,,,
2011-04-01,3.44776,4.46,3.70132,7.98511,,3.88992,,,,
2011-04-08,3.56961,4.48,3.65802,7.76398,,3.90246,,,,
2011-04-15,3.40604,4.48,3.65141,7.74643,,3.85353,7.66886,4.05527,2.45453,1.31795
2011-04-22,3.39836,4.48,3.64308,7.79657,,3.8783,7.89042,4.09303,2.59394,1.41831
2011-04-29,3.29182,4.47,3.67772,7.66169,,3.86947,7.86606,4.06271,2.51645,1.44441
2011-05-06,3.15501,4.43,3.7034,7.69291,,3.82662,7.84269,4.05308,2.49158,1.43907
2011-05-13,3.18378,4.37,3.77461,7.62413,,3.82744,7.82212,4.00375,2.42019,1.44628
2011-05-20,3.15066,4.33,3.77461,7.37949,,3.82876,7.71804,4.01868,2.46324,1.55694
2011-05-27,3.06624,4.24,3.76463,7.36413,,3.82097,7.7025,4.00483,2.3805,1.55741
2011-06-03,2.99499,4.21,3.73801,7.33773,,3.83306,7.61069,3.98849,2.35849,1.5373
2011-06-10,2.97291,4.25,3.72527,7.33684,,3.87046,7.5826,3.97079,2.31066,1.62842
2011-06-17,2.94356,4.23,3.76629,7.62285,,3.97616,7.70641,3.95222,2.32493,1.58718
2011-06-24,2.8708,4.26,3.79505,7.45473,,3.88279,7.71699,3.92938,2.32153,1.63716
2011-07-01,3.19537,4.33,3.91044,7.4915,,3.860888,7.71152,3.92287,2.37784,1.60626
2011-07-08,3.01394,4.34,3.97031,7.19857,,3.90557,7.5113,3.91912,2.27699,1.62858
2011-07-15,2.90581,4.19,4.03432,7.26592,,3.92858,7.48404,3.89371,2.14694,1.6142
2011-07-22,2.9621,4.17,4.0255,7.21416,,4.06183,7.47719,3.91147,2.1922,1.66841
2011-07-29,2.8015,4.21,4.02977,7.00084,,4.04873,7.30206,3.89615,2.0314,1.66363
2011-08-05,2.55582,4.01,4.00368,6.80882,,4.04566,7.06887,3.78333,1.76386,1.50679
2011-08-12,2.23716,3.9,3.49739,6.90653,,3.93613,7.2246,3.72589,1.71607,1.47637
2011-08-19,2.06927,3.84,3.47524,6.90275,,3.9328,7.11393,3.70501,1.59773,1.40891
2011-08-26,2.18634,3.86,3.49375,6.79286,,3.98321,7.0547,3.70625,1.6689,1.50134
2011-09-02,1.99439,3.79,3.54803,6.79286,,4.0638,7.05235,3.71619,1.61624,1.49995
2011-09-09,1.91484,3.59,3.59973,6.40107,,4.04761,6.49051,3.66912,1.54671,1.45401
2011-09-16,2.07231,3.68,3.69962,7.07451,,4.06516,7.16135,3.74936,1.59817,1.41326
2011-09-23,1.80605,3.76,3.69962,7.30557,,3.97377,7.5955,3.78468,1.52953,1.36767
2011-09-30,1.92407,3.96,3.69302,6.85679,,3.88059,7.04014,3.76283,1.63981,1.39772
2011-10-07,2.06497,3.83,3.56169,6.8198,,3.88059,7.01135,3.73879,1.68843,1.38428
2011-10-14,2.22982,3.77,3.48986,6.30763,,3.88059,6.4861,3.75479,1.65749,1.42479
2011-10-21,2.20316,3.89,3.39089,6.33431,,,6.40375,3.79081,1.76357,1.4288
2011-10-28,2.30582,3.92,3.3799,6.3076,,,6.53312,3.88586,1.86592,1.51346
2011-11-04,2.0451,3.84,3.40601,6.17025,,,6.44271,3.85797,1.78933,1.50478
2011-11-11,2.05383,3.79,3.43414,6.17026,,,6.42372,3.8327,1.73016,1.48002
2011-11-18,2.00866,3.81,3.38352,6.29335,,3.64265,6.47608,3.82667,1.72399,1.48579
2011-11-25,1.9549,3.8,3.42114,6.81755,,3.60974,6.83938,3.8686,1.78315,1.48605
2011-12-02,2.04355,3.78,3.29064,6.14656,,3.47288,6.43067,3.85337,1.84445,1.45761
2011-12-09,2.04886,3.79,3.20518,6.187,,3.47263,6.4171,3.84154,1.94439,1.48567
2011-12-16,1.85256,3.79,3.19766,6.16881,,3.47311,6.47706,3.83257,1.78875,1.4296
2011-12-23,2.03145,3.85,3.23536,6.03706,,3.4712,6.33193,3.84355,1.79532,1.43285
2011-12-30,1.87619,3.78,3.28664,5.96507,,3.42077,6.29474,3.8298,1.77879,1.44888
2012-01-06,1.96133,3.79,3.223924,6.182362,,3.396532,6.31541,3.79886,1.69941,1.48068
2012-01-13,1.85665,3.79,3.208391,6.128187,,3.407833,6.30093,3.72202,1.69956,1.45183
2012-01-20,2.02986,3.81,3.182898,5.546903,,3.381849,5.83375,3.69264,1.77136,1.4011
2012-01-27,1.89802,3.8,3.190275,5.455842,,3.381849,5.74402,3.68256,1.73651,1.39273
2012-02-03,1.94871,3.77,3.210891,5.237143,,3.432412,5.48992,3.66003,1.62049,1.40819
2012-02-10,1.96543,3.81,3.257432,5.122069,,3.530363,5.21469,3.58954,1.63641,1.41234
2012-02-17,2.00866,3.83,3.348772,5.243521,,3.532839,5.41759,3.51247,1.654,1.40402
2012-02-24,1.97741,3.83,3.413553,5.43719,,3.517,5.57949,3.54712,1.65354,1.39925
2012-03-02,1.9843,3.85,3.437713,5.527003,,3.535151,5.73541,3.56113,1.64803,1.40869
2012-03-09,2.03835,3.87,3.462897,5.723789,,3.532375,6.0514,3.57851,1.70725,1.37922
2012-03-16,2.29762,3.97,3.744463,5.921657,,3.548137,6.25844,3.70018,1.90913,1.40608
2012-03-23,2.23705,4.06,3.715962,5.861512,,3.537318,6.15218,3.73436,1.86712,1.37236
2012-03-30,2.21595,3.96,3.809736,5.889009,,3.505097,6.08863,3.79215,1.81612,1.39162
2012-04-06,2.05268,3.95,3.817005,5.878564,,3.530468,6.04606,3.75671,1.90394,1.39856
2012-04-13,1.9946,3.9,3.785278,6.001209,,3.536576,6.10815,3.69651,1.82575,1.39791
2012-04-20,1.96646,3.84,3.753549,5.837762,,3.544747,6.07679,3.68618,1.79849,1.3961
2012-04-27,1.93128,3.83,3.764251,5.889286,,3.531762,6.06668,3.69145,1.74788,1.37915
2012-05-04,1.87862,3.79,3.780473,6.004534,,3.545977,6.13293,3.69555,1.74545,1.37972
2012-05-11,1.83932,3.74,3.839171,6.209249,,3.506111,6.29889,3.69016,1.70907,1.39241
2012-05-18,1.70215,3.71,3.701685,6.569876,,3.385312,6.62303,3.67624,1.66142,1.34527
2012-05-25,1.74311,3.73,3.773031,6.501952,,3.326273,6.58958,3.66197,1.65803,1.38911
2012-06-01,1.46537,3.63,3.626769,6.445515,,3.355409,6.64736,3.6714,1.63829,1.32554
2012-06-08,1.63867,3.57,3.608485,6.438931,,3.315697,6.60037,3.63368,1.60326,1.28537
2012-06-15,1.58574,3.63,3.483718,6.330616,,3.390459,6.56132,3.63991,1.59464,1.33203
2012-06-22,1.67249,3.64,3.492213,6.15,,3.406333,6.37021,3.64331,1.6455,1.30339
2012-06-29,1.65861,3.62,3.481011,6.108007,,3.324278,6.37561,3.63758,1.61008,1.333
2012-07-06,1.54231,3.53,3.443657,6.013307,,3.285959,6.21468,3.5985,1.45974,1.31257
2012-07-13,1.4978,3.267,3.408675,6.001566,,3.243427,6.24551,3.55206,1.35907,1.25146
2012-07-20,1.4584,3.15,3.28157,5.676207,,3.273866,5.96888,3.5245,1.37007,1.22946
2012-07-27,1.55485,3.14,3.235727,5.706727,,3.268646,5.93877,3.46831,1.38348,1.21037
2012-08-03,1.57507,3.03,3.239701,5.678037,,3.281892,5.86005,3.49407,1.4163,1.24465
2012-08-10,1.64711,3.04,3.213768,5.706608,,3.282612,5.86303,3.50668,1.41098,1.26308
2012-08-17,1.8122,3.18,3.37752,5.91614,,3.329283,6.02805,3.68046,1.47777,1.29561
2012-08-24,1.67624,3.07,3.353342,6.024328,,3.351208,6.0545,3.60257,1.443,1.28604
2012-08-31,1.56368,3.01,3.365217,6.216203,,3.383823,6.33965,3.59146,1.43629,1.28288
2012-09-07,1.66437,3.05,3.473504,5.955146,,3.407817,6.11665,3.60292,1.42495,1.28965
2012-09-14,1.866,3.08,3.613192,5.824306,,3.546776,6.02858,3.62443,1.54628,1.29793
2012-09-21,1.75972,3.06,3.649533,5.939555,,3.503612,6.03024,3.61715,1.58498,1.27919
2012-09-28,1.6387,3.01,3.501271,5.934563,,3.450261,6.06987,3.65386,1.55371,1.26552
2012-10-05,1.73058,2.95,3.477869,5.81,,3.450261,5.95639,3.63828,1.47573,1.25415
2012-10-12,1.66122,2.95,3.449333,5.825,,3.484287,5.98232,3.62267,1.45547,1.24516
2012-10-19,1.76592,3.01,3.360137,5.71685,,3.508062,5.90023,3.57542,1.46139,1.24198
2012-10-26,1.75037,2.97,3.335984,5.698911,,3.54225,5.85907,3.56618,1.4719,1.24012
2012-11-02,1.72428,2.97,3.301554,5.591549,,3.575339,5.78806,3.55794,1.45244,1.24264
2012-11-09,1.61142,2.98,3.370457,5.507904,,3.556616,5.72589,3.5705,1.4388,1.23916
2012-11-16,1.5741,2.96,3.435319,5.363956,,3.521428,5.50361,3.56703,1.42205,1.23747
2012-11-23,1.69337,3.03,3.371439,5.360702,,3.520997,5.49946,3.56603,1.50014,1.2437
2012-11-30,1.60962,3.03,3.559145,5.329485,,3.52235,5.49405,3.59276,1.45345,1.23842
2012-12-07,1.62496,3.06,3.518668,5.336225,,3.54377,5.48381,3.60806,1.47349,1.24904
2012-12-14,1.70752,3.15,3.584415,5.206914,,3.556765,5.41541,3.62333,1.47738,1.24209
2012-12-21,1.75102,3.18,3.526155,5.15315,,3.577156,5.38739,3.62991,1.49214,1.245
2012-12-28,1.7078,3.16,3.526155,5.151728,,3.57384,5.38624,3.61961,1.47966,1.25078
2013-01-04,1.91501,3.13,3.657073,5.075885,4.44151,3.586756,5.36482,3.61843,1.57817,1.25594
2013-01-11,1.87299,3.05,3.698528,5.196261,4.56156,3.594043,5.45735,3.63988,1.56637,1.25748
2013-01-18,1.84518,3.02,3.691307,5.215935,4.60566,3.591861,5.54364,3.60312,1.50878,1.25698
2013-01-25,1.94693,2.99,3.696344,5.158805,4.52383,3.574336,5.47049,3.61285,1.56922,1.24666
2013-02-01,2.01221,3.12,3.664627,5.232451,4.20454,3.598757,5.54732,3.65066,1.66841,1.28648
2013-02-08,1.95349,3.05,3.524637,5.212961,4.02198,3.587685,5.4991,3.62638,1.73096,1.26902
2013-02-15,2.00519,3.08,3.630572,5.227257,3.9355,3.587685,5.4837,3.63131,1.78501,1.28649
2013-02-22,1.96704,3.02,3.585387,5.240052,3.84297,3.576862,5.45495,3.6163,1.73583,1.28737
2013-03-01,1.85322,2.95,3.609503,5.346819,3.93432,3.5871,5.47596,3.60966,1.68604,1.27342
2013-03-08,2.05584,2.99,3.643372,5.325774,3.51014,3.570686,5.46598,3.59424,1.72621,1.3073
2013-03-15,1.99556,2.94,3.609394,5.436692,3.34794,3.582963,5.48208,3.57814,1.75782,1.34471
2013-03-22,1.91287,2.87,3.517905,5.447242,3.09293,3.576568,5.51935,3.5769,1.72436,1.34007
2013-03-29,1.85914,2.79,3.513952,5.538711,3.15317,3.549732,5.67837,3.56727,1.70388,1.40627
2013-04-05,1.6932,2.76,3.475721,5.542462,2.97206,3.497706,5.6524,3.55289,1.58706,1.40998
2013-04-12,1.72167,2.96,3.402483,5.4329,3.29304,3.490662,5.67518,3.51629,1.54564,1.3942
2013-04-19,1.7032,2.87,3.373954,5.415752,3.25524,3.450489,5.62484,3.49568,1.59158,1.36385
2013-04-26,1.66506,2.81,3.444206,5.445011,3.11552,3.431798,5.6096,3.50368,1.56543,1.35206
2013-05-03,1.74081,2.74,3.362919,5.565478,3.10715,3.443896,5.63301,3.49914,1.52662,1.29766
2013-05-10,1.89817,2.86,3.362919,5.414263,3.13498,3.432361,5.63486,3.35088,1.64807,1.33033
2013-05-17,1.95062,2.89,3.301998,5.561163,3.08896,3.423038,5.6764,3.26783,1.61221,1.3463
2013-05-24,2.00718,2.93,3.365351,5.753239,3.12337,3.423578,5.83314,3.35962,1.83706,1.3973
2013-05-31,2.16215,3.1,3.493452,5.945277,3.41398,3.436299,6.04404,3.48682,2.04471,1.40078
2013-06-07,2.15927,3.13,3.608321,6.211234,3.38654,3.444674,6.17999,3.53285,2.07224,1.395
2013-06-14,2.12232,3.21,3.640517,6.373,3.52921,3.456805,6.54182,3.61283,2.28535,1.41133
2013-06-21,2.51417,3.52,3.918766,6.874341,3.74641,3.54617,7.03634,3.72311,2.67176,1.47665
2013-06-28,2.47823,3.41,3.725373,7.067402,4.23013,3.54617,7.29228,3.77516,2.53849,1.46765
2013-07-05,2.71427,3.48,3.704795,7.340211,4.29459,3.514799,7.42726,3.7625,2.60683,1.59985
2013-07-12,2.60108,3.38,3.659679,8.045156,4.13898,3.574313,8.04184,3.82907,2.4746,1.54501
2013-07-19,2.48956,3.42,3.695592,7.787171,3.83019,3.669512,8.18551,3.93559,2.49547,1.55221
2013-07-26,2.55861,3.51,3.850996,7.882803,3.86907,3.717282,8.05356,3.96342,2.5126,1.55745
2013-08-02,2.59984,3.55,3.850996,7.575715,3.62004,3.718808,7.83275,4.13344,2.56932,1.65699
2013-08-09,2.58022,3.58,3.850996,7.52076,3.62684,3.836084,7.79126,4.06988,2.40208,1.69407
2013-08-16,2.82877,3.66,,8.132184,3.51799,3.953755,8.17143,4.0442,2.56281,1.74733
2013-08-23,2.81826,3.73,,8.371302,3.57617,4.003762,8.58929,4.12059,2.75507,1.76939
2013-08-30,2.74912,3.54,4.268172,8.348578,3.74514,4.018307,8.71975,4.18547,2.72537,1.78088
2013-09-06,2.93795,3.683,4.372335,8.8315,3.79934,4.059953,8.86556,4.15455,2.87744,1.82271
2013-09-13,2.89578,3.56,4.356231,8.291621,3.99029,4.136294,8.7298,4.0566,2.67065,1.81949
2013-09-20,2.73006,3.48,3.981227,7.808214,3.84445,4.089976,8.02701,3.90638,2.27839,1.77813
2013-09-27,2.6172,3.44,3.891778,8.304125,3.93254,3.995403,8.26733,3.94137,2.51505,1.78509
2013-10-04,2.64836,3.4,3.817216,8.04225,3.89647,3.995403,8.23912,3.93996,2.45296,1.75377
2013-10-11,2.6816,3.51,3.873919,7.9115,3.93765,4.025096,8.15512,4.01408,2.49482,1.77557
2013-10-18,2.58678,3.47,3.785392,7.402045,3.85279,4.099221,7.72987,3.97312,2.39024,1.75677
2013-10-25,2.49978,3.36,3.805757,7.014448,3.79024,4.193254,7.28517,3.87027,2.21046,1.75682
2013-11-01,2.61815,3.45,3.997282,7.666976,3.74498,4.170497,7.63193,3.86561,2.37769,1.77419
2013-11-08,2.74394,3.49,3.938766,7.873215,3.61773,4.170497,7.95832,3.94873,2.33785,1.77297
2013-11-15,2.7069,3.6,4.024907,8.331924,3.7002,4.170497,8.46903,4.1061,2.43667,1.79564
2013-11-22,2.75175,3.64,4.193616,8.52537,3.59276,4.622417,8.70039,4.3111,2.48964,1.78404
2013-11-29,2.74269,3.67,4.108071,8.600359,3.7174,4.39503,8.74787,4.33339,2.55551,1.75902
2013-12-06,2.87907,3.73,4.081087,8.714214,3.77705,4.534036,8.80722,4.35128,2.72078,1.78719
2013-12-13,2.86643,3.68,3.998643,8.506433,3.78841,4.561993,8.78426,4.32327,2.69478,1.77257
2013-12-20,2.88497,3.625,4.009009,8.381506,3.8503,4.605706,8.62158,4.3497,2.73166,1.75593
2013-12-27,3.00372,3.55,3.896957,8.401256,3.84227,4.582609,8.62759,4.36404,2.76257,1.78102
2014-01-03,2.99294,3.7,3.869306,8.932371,4.08285,4.645489,8.71232,4.38975,2.735,1.77546
2014-01-10,2.85976,3.652,4.034925,8.744981,4.25455,4.603979,8.99843,4.32634,2.67317,1.75688
2014-01-17,2.82677,3.65,3.968995,8.424129,4.36446,4.598478,8.62814,4.32687,2.65169,1.76215
2014-01-24,2.73328,3.585,3.943485,8.722206,4.35213,4.541842,8.77754,4.41352,2.56969,1.74386
2014-01-31,2.66212,3.615,3.993463,8.962725,4.37701,4.500257,9.09451,4.44474,2.59954,1.73722
2014-02-07,2.6729,3.567,3.972608,8.989878,4.49651,4.481763,9.18393,4.37794,2.53916,1.7451
2014-02-14,2.74459,3.482,3.855044,8.554557,4.47147,4.473749,8.94874,4.34926,2.54603,1.71628
2014-02-21,2.73195,3.53,3.765961,8.342602,4.44941,4.518556,8.56922,4.31786,2.65372,1.72331
2014-02-28,2.6565,3.497,3.664538,8.300061,4.64149,4.396202,8.61605,4.31663,2.59273,1.72042
2014-03-07,2.79154,3.579,3.72564,8.020695,4.6323,4.482415,8.31761,4.29471,2.56201,1.69955
2014-03-14,2.64536,3.473,3.688392,7.949611,4.43698,4.433839,8.19487,4.29679,2.54443,1.69794
2014-03-21,2.74801,3.56,3.786359,8.025178,4.45731,4.471109,8.24835,4.2815,2.62513,1.68957
2014-03-28,2.71172,3.514,3.687223,7.945097,4.54749,4.479339,8.2468,4.29311,2.57559,1.6912
2014-04-04,2.72433,3.56,3.678952,7.83412,4.44623,4.507865,8.05262,4.27501,2.62586,1.7044
2014-04-11,2.61753,3.534,3.582633,7.799492,4.48471,4.506821,8.03752,4.22937,2.5584,1.70561
2014-04-18,2.70968,3.54,3.524864,7.88953,4.48678,4.497411,8.04763,4.23918,2.56444,1.66585
2014-04-25,2.66593,3.53,3.477967,7.882682,4.48689,4.348893,8.1405,4.24063,2.47487,1.61886
2014-05-02,2.58972,3.506,3.605385,7.928315,4.51204,4.341197,8.15244,4.22188,2.49819,1.62813
2014-05-09,2.62148,3.422,3.477901,7.993041,4.442,4.244723,8.20426,4.18992,2.45256,1.61625
2014-05-16,2.51599,3.387,3.395494,7.840994,4.20345,4.195075,8.13725,4.16396,2.3595,1.57552
2014-05-23,2.53562,3.381,3.674114,7.990501,4.07928,4.182134,8.17801,4.17679,2.47023,1.58189
2014-05-30,2.45544,3.34,3.807448,8.017403,4.06794,4.114708,8.22874,4.17052,2.34808,1.60105
2014-06-06,2.59501,3.38,3.807448,7.98602,4.0527,4.088521,8.2273,4.18164,2.46356,1.61298
2014-06-13,2.60238,3.31,3.807448,7.981349,4.08247,4.098703,8.19175,4.17033,2.53931,1.65822
2014-06-20,2.62246,3.211,,8.089987,4.11036,4.055255,8.24645,4.16342,2.53571,1.70464
2014-06-27,2.5322,3.182,,8.23455,4.12781,4.050277,8.42724,4.16379,2.46894,1.69952
2014-07-04,2.64836,3.125,,8.102245,4.17732,4.050277,8.32833,4.11425,2.52345,1.72243
2014-07-11,2.51964,3.06,3.789428,8.04601,4.15595,4.125669,8.28039,4.09731,2.47446,1.71864
2014-07-18,2.48357,2.975,3.707967,8.012612,4.19196,4.243559,8.27076,4.02465,2.43328,1.71356
2014-07-25,2.4673,3.002,3.707967,7.999871,4.21186,4.3066,8.25501,4.02819,2.42755,1.7267
2014-08-01,2.5034,3.102,3.707967,8.011967,4.22814,4.248573,8.23592,4.02452,2.49278,1.72267
2014-08-08,2.41308,3.038,,8.264249,4.28835,4.288392,8.36548,4.00865,2.36136,1.68498
2014-08-15,2.34501,3.065,,8.179425,4.28961,4.236453,8.3647,4.02367,2.38097,1.69235
2014-08-22,2.4033,3.144,,8.207049,4.29289,4.232556,8.39061,4.05843,2.36065,1.72655
2014-08-29,2.34308,3.033,3.67135,8.125169,4.30807,4.232071,8.3622,4.04917,2.28084,1.69341
2014-09-05,2.46046,3.069,3.707152,7.92368,4.33767,4.255186,8.1673,4.0647,2.3664,1.76132
2014-09-12,2.61233,3.011,3.666123,8.152311,4.35582,4.267564,8.26654,4.0741,2.51795,1.79988
2014-09-19,2.58722,3.03,3.669944,8.158633,4.33783,4.128953,8.32108,4.05609,2.60182,1.85418
2014-09-26,2.53487,2.92,3.598813,8.203441,4.33982,4.007443,8.29048,4.04278,2.50206,1.83517
2014-10-03,2.44477,2.825,3.472023,8.4608,4.32065,3.977599,8.60482,4.00341,2.41989,1.78881
2014-10-10,2.30346,2.817,3.401924,8.349774,4.28799,3.994675,8.54301,3.9855,2.34395,1.76085
2014-10-17,2.19708,2.73,3.358996,8.177624,4.26202,3.818098,8.43474,3.95557,2.27569,1.67263
2014-10-24,2.27294,2.7,3.170991,7.971723,4.26524,3.733449,8.17073,3.95405,2.28803,1.75184
2014-10-31,2.33171,2.655,3.33182,7.99595,4.2192,3.769478,8.20789,3.95598,2.33171,1.76708
2014-11-07,2.31012,2.675,3.304543,7.971141,4.1766,3.705357,8.12356,3.92479,2.39083,1.75396
2014-11-14,2.31865,2.775,3.304543,7.894236,4.14767,3.60788,8.15532,3.95487,2.3681,1.75973
2014-11-21,2.31344,2.73,3.304543,7.761506,4.00664,3.652218,7.95834,3.98795,2.3647,1.7567
2014-11-28,2.19201,2.59,,7.662724,3.93332,3.529618,7.89474,3.95952,2.23882,1.75536
2014-12-05,2.30651,2.724,2.901777,7.810924,3.92811,3.712744,7.99686,3.9982,2.23384,1.7571
2014-12-12,2.10085,2.696,2.754129,8.169,3.97809,3.757671,8.13749,4.19488,2.24985,1.77082
2014-12-19,2.17583,2.717,2.827915,8.010632,4.08666,3.779579,8.24736,4.31796,2.41365,1.7778
2014-12-26,2.24632,2.65,2.827915,7.84657,4.11698,3.625791,8.05542,4.2707,2.33187,1.76229
2015-01-02,2.12455,2.656,2.827915,7.805408,4.06261,3.631472,7.90748,4.25778,2.36669,1.75829
2015-01-09,1.96914,2.535,2.468704,7.845413,4.02483,3.631472,8.00368,4.31383,2.19231,1.68158
2015-01-16,1.81372,2.347,2.437344,7.748687,3.82513,3.63807,7.72797,4.16225,1.87159,1.58045
2015-01-23,1.81647,2.332,2.634014,7.2445,3.68369,3.43867,7.2757,4.1651,1.98285,1.62306
2015-01-30,1.67277,2.24,2.610155,7.131514,3.59645,3.483115,7.17232,3.99905,1.91383,1.60712
2015-02-06,1.93581,2.267,2.610847,7.114028,3.68394,3.434274,7.09995,3.9014,1.97331,1.69765
2015-02-13,2.01907,2.397,2.610847,7.458366,3.80031,3.353345,7.4838,3.98552,2.13589,1.67592
2015-02-20,2.13097,2.38,2.787036,7.1601,3.90935,3.307444,7.19403,3.98777,2.40575,1.69769
2015-02-27,1.99822,2.355,2.651778,7.029188,3.94439,3.307444,6.98163,3.97871,2.27723,1.63467
2015-03-06,2.23782,2.332,2.638654,7.441609,3.95973,3.475196,7.37282,4.00685,2.39114,1.73971
2015-03-13,2.11219,2.357,2.724324,7.318713,4.08046,3.504607,7.57408,4.03212,2.46837,1.70047
2015-03-20,1.93026,2.207,2.741514,7.387853,4.06774,3.470489,7.43249,4.00169,2.4673,1.68081
2015-03-27,1.94578,2.175,2.693005,7.287224,4.07082,3.556187,7.36009,3.97058,2.27336,1.67289
2015-04-03,1.83639,2.085,2.638165,7.330636,4.1041,3.633367,7.48535,3.96887,2.1987,1.65325
2015-04-10,1.95081,2.075,2.638165,7.211286,4.15644,3.689985,7.36791,3.97594,2.14739,1.64039
2015-04-17,1.84966,2.115,2.643786,7.488726,4.14137,3.582301,7.57626,4.00306,2.23341,1.65881
2015-04-24,1.9156,2.295,2.491716,7.50983,4.1502,3.422092,7.61423,3.97339,2.20988,1.67256
2015-05-01,2.11531,2.424,2.468956,7.665361,4.20589,3.390007,7.83924,3.97409,2.29045,1.69125
2015-05-08,2.14778,2.399,2.776547,8.139753,4.18324,3.413319,8.28215,4.00276,2.43707,1.67599
2015-05-15,2.13895,2.507,2.863036,7.932012,4.16789,3.382554,8.08058,4.05563,2.35489,1.65492
2015-05-22,2.22683,2.477,2.804667,8.036674,4.1608,3.42658,8.14101,4.04238,2.44445,1.62908
2015-05-29,2.0935,2.305,2.732021,8.121848,4.11064,3.584314,8.21066,4.06048,2.41902,1.60428
2015-06-05,2.40217,2.466,2.971263,8.480923,4.09311,3.578537,8.5584,4.12563,2.65781,1.64609
2015-06-12,2.38099,2.456,3.06561,8.648221,4.05254,3.611083,8.78494,4.2428,2.66629,1.62943
2015-06-19,2.26482,2.445,2.929049,8.441346,4.08424,3.578796,8.5885,4.1768,2.50481,1.58846
2015-06-26,2.47627,2.496,2.956821,8.278289,4.0734,3.607408,8.36983,4.16463,2.75408,1.58934
2015-07-03,2.38933,2.52,2.929523,8.201,4.12896,3.607408,8.32236,4.08053,2.7165,1.58457
2015-07-10,2.41723,2.502,2.798892,8.284763,4.11657,3.477842,8.43052,4.13633,2.59765,1.5409
2015-07-17,2.34869,2.467,2.827374,8.191986,4.08621,3.514719,8.36907,4.13947,2.62876,1.53046
2015-07-24,2.27138,2.335,2.811138,8.221332,3.9973,3.45875,8.35726,4.08529,2.67173,1.52394
2015-07-31,2.20335,2.425,2.812326,8.516255,3.99809,3.502692,8.66054,4.16596,2.6523,1.51345
2015-08-07,2.17302,2.412,2.78348,8.391513,3.99022,3.459617,8.65301,4.25552,2.62573,1.47456
2015-08-14,2.19419,2.291,2.718796,8.668482,3.96227,3.499219,8.88494,4.36732,2.60317,1.39056
2015-08-21,2.05218,2.252,2.640222,8.88082,3.64919,3.498412,8.96757,4.47399,2.57367,1.25569
2015-08-28,2.18242,2.287,2.797939,8.743455,3.82584,3.379768,8.99285,4.54491,2.77644,1.29148
2015-09-04,2.12439,2.238,2.857466,8.878744,3.82721,3.303979,9.03681,4.43623,2.80973,1.28984
2015-09-11,2.18124,2.233,3.081147,9.216,3.89354,3.333894,9.31456,4.38961,2.90225,1.29669
2015-09-18,2.1283,2.192,2.766176,8.9467,3.94643,3.310264,9.40367,4.36931,2.73518,1.27866
2015-09-25,2.16581,2.132,2.80179,9.494911,3.99982,3.307874,9.56731,4.41002,2.74344,1.24247
2015-10-02,1.98937,2.082,2.749154,9.322152,4.03492,3.252181,9.50438,4.40667,2.54991,1.27992
2015-10-09,2.09699,2.09,2.607888,8.531942,4.02672,3.217796,8.86598,4.35997,2.55715,1.25732
2015-10-16,2.02454,2.062,2.491737,8.613413,4.03131,3.12325,8.83282,4.3262,2.43186,1.27813
2015-10-23,2.08128,2.102,2.58941,8.621306,3.99522,3.061448,8.90815,4.33429,2.43573,1.27396
2015-10-30,2.1475,2.112,2.650904,8.819763,4.07086,3.056004,8.95078,4.32233,2.49502,1.26634
2015-11-06,2.33252,2.21,2.625039,8.5825,4.0645,3.117133,8.84505,4.32541,2.63555,1.26928
2015-11-13,2.27986,2.33,2.694834,8.588638,4.3048,3.13513,8.79959,4.43736,2.67114,1.2668
2015-11-20,2.26228,2.267,2.790394,8.602666,4.30032,3.150079,8.77007,4.4489,2.5728,1.26105
2015-11-27,2.22358,2.267,2.697404,8.575743,4.30646,3.058998,8.75081,4.39785,2.49784,1.2552
2015-12-04,2.27287,2.3,2.690667,8.508171,4.44416,3.029808,8.672,4.40747,2.58576,1.25942
2015-12-11,2.13751,2.243,2.66334,8.6665,4.40888,2.997559,8.70114,4.43713,2.4802,1.27576
2015-12-18,2.19519,2.122,2.569654,8.639636,4.36563,2.938811,8.86226,4.48126,2.51053,1.24532
2015-12-25,2.24101,2.097,2.52186,8.683659,4.42067,2.800561,8.91908,4.45653,2.48612,1.25337
2016-01-01,2.27296,2.085,2.492604,8.674819,4.4233,2.827246,8.95526,4.43391,2.64703,1.1159
2016-01-08,2.13139,2.057,2.607846,8.76279,4.30608,2.825019,8.97653,4.43219,2.55094,1.11399
2016-01-15,2.03125,2.02,2.481445,8.503432,4.48815,2.825019,8.71921,4.43322,2.47152,1.09595
2016-01-22,2.0484,2.035,2.446523,8.35665,4.50824,2.77848,8.72274,4.28482,2.41752,1.1024
2016-01-29,1.92609,1.98,2.316399,8.201815,4.40729,2.839346,8.67225,4.09825,2.36007,1.05949
2016-02-05,1.84775,1.88,2.265517,7.979908,4.33867,2.868433,8.36749,4.15578,2.26088,0.984811
2016-02-12,1.74642,1.797,2.011012,7.930055,4.17356,2.868433,8.26236,4.16595,2.12379,0.984811
2016-02-19,1.74659,1.816,2.012603,8.064112,4.07063,2.858514,8.31924,4.14351,2.23587,0.939094
2016-02-26,1.76407,1.775,2.100183,8.215894,4.08706,2.880246,8.53744,4.15119,2.39144,0.946244
2016-03-04,1.88107,1.877,1.899371,7.8835,4.11051,2.896252,8.36284,4.12179,2.29953,0.904947
2016-03-11,1.97502,1.922,1.945127,7.745,4.07373,2.851707,8.14355,4.11319,2.19225,0.903933
2016-03-18,1.87141,1.832,1.774351,7.62044,4.00959,2.832996,8.02148,4.12103,2.10739,0.892544
2016-03-25,1.88946,1.832,1.798638,7.738518,4.02909,2.831898,8.02051,4.10691,2.09961,0.906949
2016-04-01,1.78973,1.795,1.591516,7.548748,3.96582,2.842786,7.92816,4.07471,1.94737,0.929529
2016-04-08,1.72017,1.795,1.639158,7.532608,3.82759,2.898292,7.80154,4.07401,1.97324,0.915659
2016-04-15,1.75177,1.838,1.710415,7.381435,3.85909,2.906756,7.57281,4.05434,2.08863,0.919289
2016-04-22,1.88602,1.83,1.784557,7.5627,3.82005,2.922534,7.55906,4.04878,2.08375,0.925868
2016-04-29,1.81736,1.795,1.798432,7.6818,3.82508,2.889212,7.74108,4.08097,2.08387,0.944279
2016-05-06,1.77709,1.774,1.777826,7.739106,3.86602,2.896089,7.79251,4.07786,2.10344,0.918649
2016-05-13,1.70349,1.765,1.780333,7.656357,3.82825,2.903092,7.86771,4.09649,2.06524,0.907297
2016-05-20,1.84884,1.8,2.089991,7.865501,3.80336,2.937836,7.91363,4.05648,2.1747,0.936215
2016-05-27,1.83533,1.775,2.075394,7.796128,3.78771,2.947672,7.93634,4.0733,2.21872,0.92415
2016-06-03,1.70559,1.737,2.195388,7.818887,3.78406,3.005213,7.92719,4.07353,2.16238,0.90646
2016-06-10,1.63865,1.652,2.043407,7.595284,3.71075,2.997981,7.74239,4.05084,2.02033,0.886573
2016-06-17,1.61809,1.597,2.078856,7.594962,3.71342,2.935774,7.73067,4.06686,2.10691,0.881686
2016-06-24,1.58038,1.5,2.026078,7.740658,3.69737,2.884951,7.76107,4.06957,1.92115,0.89037
2016-07-01,1.46105,1.398,1.958066,7.319196,3.50655,2.808089,7.5455,3.96243,1.84132,0.917646
2016-07-08,1.36629,1.387,1.891562,7.319196,3.39409,2.802739,7.5455,3.92655,1.72654,0.930731
2016-07-15,1.59388,1.39,1.931049,7.105196,3.36896,2.826744,7.28224,3.77307,1.76292,0.928465
2016-07-22,1.56799,1.415,2.038935,7.02732,3.37787,2.787549,7.22162,3.79961,1.7986,0.818107
2016-07-29,1.4565,1.382,2.056377,6.913056,3.36874,2.787549,7.1591,3.78927,1.82061,0.801464
2016-08-05,1.5816,1.392,1.991956,6.8287,3.31912,2.750648,7.08015,3.81633,1.83909,0.802882
2016-08-12,1.51521,1.398,2.040164,6.767274,3.35192,2.647496,7.0253,3.8037,1.83548,0.798898
2016-08-19,1.58151,1.425,2.068482,6.767274,3.40494,2.647496,6.99757,3.74902,1.77402,0.77492
2016-08-26,1.63132,1.415,2.144698,7.031547,3.49502,2.647496,7.20077,3.77525,1.80088,0.758858
2016-09-02,1.59722,1.522,2.256105,6.926784,3.51055,2.769224,7.19039,3.78119,1.7986,0.785285
2016-09-09,1.67148,1.508,2.13008,6.893503,3.54901,2.787604,7.06645,3.73853,1.76897,0.786885
2016-09-16,1.70128,1.565,2.222628,6.988313,3.61859,2.787604,7.19574,3.79913,1.91971,0.820194
2016-09-23,1.61667,1.502,2.160501,6.842426,3.64996,2.787604,7.04027,3.8049,1.78954,0.819033
2016-09-30,1.60304,1.424,2.101965,7.022556,3.7223,,7.11775,3.81174,1.83355,0.821948
2016-10-07,1.73216,1.53,2.194522,7.074323,3.75586,,7.13806,3.83755,1.91983,0.877135
2016-10-14,1.7924,1.557,2.198524,6.997335,3.95339,2.689759,7.17263,3.91272,1.93604,0.87191
2016-10-21,1.73821,1.637,2.094172,7.049758,4.05313,2.637861,7.21582,3.913,1.91851,0.914681
2016-10-28,1.84499,1.722,2.151097,7.232719,4.1981,2.695037,7.25582,3.89721,1.96952,0.992566
2016-11-04,1.78332,1.71,2.139697,7.279471,4.29447,2.695037,7.44363,3.90757,1.96233,1.00118
2016-11-11,2.11671,1.95,2.29536,7.845507,4.44266,2.695037,7.69402,4.03651,2.15836,1.11658
2016-11-18,2.33508,2.136,2.603584,7.77595,4.57836,,7.97312,4.6085,2.44265,1.24306
2016-11-25,2.37164,2.185,2.605809,8.254478,4.81112,,8.40728,4.64688,2.46976,1.30331
2016-12-02,2.39036,2.26,2.713331,8.015856,4.81464,,8.21023,4.62955,2.44429,1.26958
2016-12-09,2.46198,2.2,2.69218,7.615544,4.74395,,7.84235,4.38344,2.48772,1.25241
2016-12-16,2.59718,2.16,2.86313,7.923963,4.84442,,8.10111,4.49023,2.57654,1.2721
2016-12-23,2.53726,2.115,2.869082,7.842376,4.87588,,8.05622,4.54091,2.49073,1.31057
2016-12-30,2.42968,2.092,2.648615,7.842376,4.81157,,8.10628,4.52821,2.50605,1.29426
2017-01-06,2.41567,2.102,2.704115,7.705366,4.5929,,7.92827,4.5178,2.51941,1.25692
2017-01-13,2.37991,2.085,2.655407,7.57841,4.48757,3.187016,7.85907,4.47942,2.43479,1.26168
2017-01-20,2.46315,2.12,2.666773,7.53565,4.52769,3.187016,7.58466,4.46025,2.43208,1.25276
2017-01-27,2.48061,2.187,2.701542,7.57765,4.50301,3.187016,7.6445,4.34222,2.46262,1.23849
2017-02-03,2.48889,2.18,2.751532,7.565562,4.49574,,7.68413,4.33949,2.38588,1.28672
2017-02-10,2.40908,2.141,2.698794,7.481211,4.36911,,7.59891,4.32829,2.34203,1.2663
2017-02-17,2.42358,2.14,2.661857,7.508532,4.45232,,7.58299,4.31621,2.35489,1.25786
2017-02-24,2.31878,2.172,2.667433,7.495658,4.50214,,7.59136,4.25394,2.34148,1.20831
2017-03-03,2.49244,2.22,2.733038,7.4691,4.60254,,7.53564,4.3334,2.34161,1.24161
2017-03-10,2.58,2.307,2.804272,7.478399,4.78885,,7.49763,4.41027,2.46942,1.28107
2017-03-17,2.49868,2.167,2.753302,7.184551,4.78223,,7.32629,4.36411,2.31079,1.24475
2017-03-24,2.39975,2.185,2.771466,7.08075,4.79512,,7.18896,4.34915,2.2732,1.22335
2017-03-31,2.39279,2.187,2.686585,7.014661,4.81221,,7.08661,4.36291,2.24223,1.19361
2017-04-07,2.37142,2.197,2.64852,7.098387,4.75643,,7.14078,4.34244,2.20023,1.17732
2017-04-14,2.2285,2.184,2.659774,7.007644,4.77148,,7.09868,4.34284,2.13167,1.155
2017-04-21,2.23557,2.167,2.636422,7.075297,4.77622,,7.11327,4.31936,2.12038,1.16162
2017-04-28,2.28024,2.192,2.714641,7.014406,4.81087,,7.05904,4.28391,2.13466,1.19113
2017-05-05,2.35235,2.212,2.739892,7.057086,4.87254,,7.07024,4.21749,2.17348,1.21146
2017-05-12,2.33274,2.292,2.738431,7.093202,4.88671,,7.19861,4.19865,2.18976,1.21057
2017-05-19,2.24327,2.232,2.703597,7.012301,4.84883,,7.1172,4.12905,2.10267,1.18007
2017-05-26,2.24823,2.235,2.616167,6.921459,4.81081,,7.19546,4.12512,2.08545,1.16834
2017-06-02,2.15737,2.197,2.573931,6.9295,4.81333,,7.19239,4.12155,2.11011,1.16327
2017-06-09,2.19879,2.17,2.506063,6.87331,4.73185,,7.18805,4.108,2.12298,1.1333
2017-06-16,2.15487,2.159,2.411474,6.796482,4.6909,,7.09456,4.11903,2.10456,1.17358
2017-06-23,2.144,2.13,2.379971,6.79607,4.68387,,7.0774,4.13138,2.01697,1.1516
2017-06-30,2.29835,2.212,2.476945,6.79607,4.70369,,7.0774,4.13671,2.1278,1.17131
2017-07-07,2.39273,2.317,2.506797,7.092607,4.73284,,7.23954,4.23904,2.25134,1.18995
2017-07-14,2.31943,2.247,2.471649,6.935391,4.77666,,7.28863,4.26442,2.12346,1.16917
2017-07-21,2.23223,2.22,2.453551,6.896934,4.74527,,7.18024,4.21352,2.09409,1.15306
2017-07-28,2.28709,2.225,2.456452,6.926661,4.74225,,7.19425,4.23,2.12656,1.13249
2017-08-04,2.26731,2.253,2.352794,6.878985,4.71269,,7.18266,4.22598,2.14938,1.12209
2017-08-11,2.18881,2.295,2.384711,6.872331,4.72072,,7.14966,4.2187,2.10283,1.11218
2017-08-18,2.19394,2.317,2.359516,6.864334,4.74821,,7.14653,4.19226,2.1515,1.12229
2017-08-25,2.16936,2.252,2.372469,6.783743,4.7323,,7.09793,4.16725,2.22169,1.09755
2017-09-01,2.15695,2.277,2.292048,6.667041,4.74362,,6.96089,4.1481,2.13448,1.08163
2017-09-08,2.05934,2.235,2.222915,6.4323,4.62238,,6.77547,4.08851,1.98228,1.05383
2017-09-15,2.20051,2.25,2.330232,6.498222,4.65903,,6.80673,4.08773,2.09846,1.05819
2017-09-22,2.26228,2.262,2.257701,6.39729,4.68096,,6.72723,4.10831,2.12351,1.07744
2017-09-29,2.32287,2.37,2.291305,6.453849,4.69288,,6.81622,4.11948,2.22204,1.09752
2017-10-06,2.36786,2.37,2.290312,6.495018,4.69356,,6.774,4.15045,2.17688,1.08773
2017-10-13,2.27836,2.39,2.216278,6.538977,4.70898,,6.86068,4.1613,2.13414,1.08507
2017-10-20,2.38086,2.47,2.270177,6.621243,4.74083,,6.90319,4.16672,2.20656,1.07117
2017-10-27,2.42824,2.535,2.340359,6.792376,4.8274,,7.13743,4.27214,2.34398,1.09246
2017-11-03,2.3433,2.532,2.298649,6.611084,4.85459,,6.98632,4.29791,2.20031,1.07934
2017-11-10,2.3984,2.57,2.344578,6.63339,4.94657,,6.92984,4.38389,2.20975,1.06116
2017-11-17,2.35411,2.57,2.356483,6.602101,4.98609,,6.9525,4.35971,2.17166,1.05513
2017-11-24,2.33828,2.54,2.394907,6.528726,5.08617,,6.88232,4.29489,2.12173,1.04158
2017-12-01,2.36154,2.485,2.362282,6.496428,5.04272,,6.76391,4.28837,2.18129,1.05143
2017-12-08,2.38315,2.487,2.385761,6.531653,5.17815,,6.71367,4.28079,2.11369,1.04527
2017-12-15,2.35474,2.43,2.39504,6.469388,5.10379,,6.79553,4.27247,2.01338,1.0327
2017-12-22,2.48645,2.49,2.372108,6.341787,5.17005,,6.69039,4.27206,2.07495,1.04923
2017-12-29,2.40904,2.467,2.324062,6.290541,5.17461,,6.68681,4.28357,2.04042,1.0242
2018-01-05,2.47447,2.515,2.336811,6.117624,5.14139,,6.56456,4.25285,2.06733,1.02973
2018-01-12,2.55166,2.617,2.295672,6.186424,5.13982,,6.4946,4.21805,2.13325,1.06253
2018-01-19,2.63697,2.64,2.339997,6.172282,5.15381,,6.42809,4.24362,2.18754,1.06882
2018-01-26,2.6618,2.68,2.313643,6.190333,5.16297,,6.44115,4.25143,2.16991,1.06882
2018-02-02,2.85439,2.752,2.34932,6.240141,5.21849,3.909709,6.56667,4.22962,2.34935,1.07159
2018-02-09,2.82942,2.767,2.418801,6.3384,5.55411,3.885921,6.62455,4.25962,2.29623,1.0692
2018-02-16,2.87494,2.752,2.398952,6.394997,5.73519,3.885921,6.70115,4.25636,2.36037,1.09228
2018-02-23,2.87144,2.797,2.407176,6.479374,5.98453,3.886109,6.81304,4.28987,2.47398,1.09036
2018-03-02,2.85699,2.755,2.36097,6.533931,6.05205,3.847893,6.90067,4.23772,2.40639,1.07952
2018-03-09,2.89376,2.747,2.368074,6.789248,6.08979,3.83988,7.01114,4.19839,2.49531,1.06071
2018-03-16,2.84814,2.715,2.388432,6.6971,6.21609,3.836618,6.9202,4.17494,2.44056,1.044
2018-03-23,2.82449,2.65,2.396846,6.6971,6.08694,3.836618,6.97645,4.17809,2.41426,1.0505
2018-03-30,2.74252,2.622,2.394968,6.64525,6.13398,3.739482,6.92796,4.16879,2.36892,1.04005
2018-04-06,2.77347,2.602,2.389921,6.601468,6.02304,3.724637,6.76247,4.18033,2.42739,1.05629
2018-04-13,2.82849,2.607,2.377919,6.534693,6.09208,3.703993,6.73421,4.20046,2.44684,1.04752
2018-04-20,2.95085,2.665,2.397879,6.770599,6.25697,3.531571,6.81613,4.25408,2.52611,1.05775
2018-04-27,2.95492,2.695,2.44019,6.944323,6.23338,3.631007,7.22297,4.38527,2.61334,1.0766
2018-05-04,2.94405,2.762,2.466573,6.944323,6.13794,3.631007,7.13363,4.35668,2.59876,1.0724
2018-05-11,2.97133,2.785,2.524371,6.944323,6.12436,3.684776,7.39182,4.37319,2.59903,1.06472
2018-05-18,3.06698,2.75,2.635678,7.342568,6.22604,3.704483,7.45674,4.44508,2.67486,1.074
2018-05-25,2.93316,2.72,2.674242,7.318363,6.21003,3.626217,7.78815,4.48497,2.62302,1.06159
2018-06-01,2.89308,2.702,2.589449,6.949626,6.12447,3.626217,7.32358,4.46009,2.5685,1.0572
2018-06-08,2.93693,2.707,2.521884,7.252544,6.10034,3.645497,7.42039,4.45644,2.59122,1.05199
2018-06-15,2.92234,2.677,2.588932,7.252544,6.25254,3.611645,7.42039,4.46874,2.60045,1.02742
2018-06-22,2.90039,2.613,2.644037,7.487318,6.55727,3.576603,7.71358,4.47114,2.56338,1.02966
2018-06-29,2.84919,2.555,2.58385,7.743206,6.54088,3.474931,8.14019,4.47182,2.56104,0.996658
2018-07-06,2.82904,2.555,2.570085,7.5765,6.55234,3.520963,7.95874,4.42981,2.43896,0.99333
2018-07-13,2.82894,2.557,2.599121,7.449015,6.52512,3.476192,7.69922,4.35573,2.4623,0.884497
2018-07-20,2.89312,2.522,2.753006,7.826343,6.56329,3.509983,7.98491,4.36794,2.43869,0.894933
2018-07-27,2.96163,2.57,2.712853,7.699123,6.70632,3.514735,8.0161,4.36384,2.45177,0.93761
2018-08-03,2.95062,2.575,2.733746,7.780401,6.59365,3.455045,7.98117,4.31907,2.51324,0.933408
2018-08-10,2.85693,2.496,2.711232,7.653807,6.59424,3.544967,7.84896,4.33383,2.43769,0.870643
2018-08-17,2.87135,2.427,2.715669,7.933282,6.66113,3.544967,8.0977,4.34833,2.44866,0.873102
2018-08-24,2.82607,2.377,2.749393,7.89101,6.57432,3.544967,8.05268,4.32851,2.41426,0.859263
2018-08-31,2.85129,2.31,2.737343,8.158463,6.50383,3.583559,8.13473,4.32789,2.39168,0.846554
2018-09-07,2.94242,2.262,2.746758,8.418158,6.7938,3.633308,8.70923,4.41971,2.41315,0.849962
2018-09-14,2.99401,2.31,2.848598,8.363219,7.03449,3.655025,8.69954,4.3989,2.49041,0.846624
2018-09-21,3.06649,2.41,2.853528,8.101455,7.16476,3.681739,8.40825,4.35716,2.58859,0.855965
2018-09-28,3.05374,2.355,2.80762,8.058603,7.43648,3.617631,8.33527,4.32383,2.53014,0.900088
2018-10-05,3.22517,2.445,2.864337,8.313995,7.72421,3.617631,8.49118,4.3541,2.62518,0.925218
2018-10-12,3.13868,2.4,2.827446,8.709794,8.05178,3.578751,8.80414,4.34888,2.61203,0.937127
2018-10-19,3.19964,2.322,2.842448,8.61515,8.24559,3.56637,8.84925,4.36287,2.62031,0.949537
2018-10-26,3.07551,2.252,2.856366,8.636527,8.06886,3.543733,8.80619,4.38458,2.57335,0.904864
2018-11-02,3.21404,2.28,2.806564,8.28765,8.01587,3.540756,8.57561,4.37559,2.54132,0.912123
2018-11-09,3.1893,2.225,2.820387,8.086513,7.8783,3.471487,8.25161,4.40237,2.56802,0.917835
2018-11-16,3.07195,2.22,2.770951,8.005345,7.33433,3.354372,8.25001,4.4203,2.50133,0.917592
2018-11-23,3.05356,2.165,2.712128,7.868203,7.13206,3.400599,8.14534,4.4213,2.46599,0.948168
2018-11-30,3.01148,2.11,2.683518,7.820119,7.03666,3.400599,8.06509,4.41182,2.38376,0.964689
2018-12-07,2.85038,1.997,2.610389,8.002969,7.00996,3.400599,8.17377,4.35077,2.28063,0.924767
2018-12-14,2.88949,2.0,2.665472,8.002969,7.02021,,8.27213,4.35418,2.27155,0.92295
2018-12-21,2.79019,1.975,2.482615,8.002969,7.05944,3.318571,8.1711,4.35478,2.16347,0.888915
2018-12-28,2.73777,1.956,2.482829,,7.0674,3.318571,8.15328,4.38068,2.11296,0.886352
2019-01-04,2.65882,1.967,2.419892,8.042705,6.93419,3.318571,8.21217,4.3292,2.13115,0.861311
2019-01-11,2.70072,1.995,2.494359,7.944568,6.67122,3.108365,8.22566,4.28647,2.23437,0.892843
2019-01-18,2.78237,2.012,2.466038,8.050751,6.4873,3.092532,8.32116,4.25398,2.22593,0.89517
2019-01-25,2.74946,2.002,2.400673,8.075872,6.4768,3.136912,8.3223,4.27374,2.22711,0.891913
2019-02-01,2.68958,1.983,2.366575,7.867655,6.25255,3.136912,8.1517,4.26163,2.16919,0.885229
2019-02-08,2.63215,1.962,2.411736,7.845689,6.31516,3.136912,8.01212,4.17405,2.15808,0.885229
2019-02-15,2.6662,1.965,2.432666,8.010777,6.31319,,8.14492,4.09235,2.15436,0.858781
2019-02-22,2.65544,2.002,2.465486,7.91918,6.28239,,8.08494,4.12604,2.18257,0.836303
2019-03-01,2.7531,1.985,2.516036,7.91918,6.32003,,7.98409,4.12356,2.29477,0.838328
2019-03-08,2.62309,1.975,2.493463,7.91918,6.09335,,8.06604,4.10507,2.20266,0.841475
2019-03-15,2.59072,1.992,2.538431,,6.18108,3.142445,7.95483,4.07862,2.23318,0.825127
2019-03-22,2.45319,1.932,2.419413,,5.96665,3.103926,7.73432,4.01892,2.08044,0.811477
2019-03-29,2.41388,1.83,2.436001,,5.60559,3.063735,7.81042,3.95376,2.11047,0.783469
2019-04-05,2.50071,1.895,2.432126,,5.83679,3.063735,7.74225,3.90834,2.11897,0.79048
2019-04-12,2.55794,1.885,2.443094,7.662168,5.95728,3.063735,7.79969,3.93784,2.11947,0.782875
2019-04-19,2.55601,1.91,2.457119,7.560583,6.07268,3.371857,7.7501,4.12822,2.1865,0.773908
2019-04-26,2.50363,1.875,2.450953,7.751524,5.96123,3.399505,7.86692,4.00032,2.22141,0.76709
2019-05-03,2.53045,1.902,2.450505,7.857838,5.79928,3.398249,7.98909,4.00779,2.28823,0.769717
2019-05-10,2.45472,1.875,2.435834,7.965608,5.73674,3.398249,8.171,4.01033,2.21244,0.754219
2019-05-17,2.39266,1.825,2.438344,8.030358,5.78115,3.398249,8.18925,4.04697,2.19353,0.739816
2019-05-24,2.32903,1.795,2.392532,7.89682,5.70566,3.304259,8.15758,4.01857,2.16727,0.719626
2019-05-31,2.14189,1.669,2.362809,7.934095,5.55106,3.288478,8.15074,3.98713,2.13355,0.724062
2019-06-07,2.08438,1.655,2.232366,7.934095,5.21304,3.288478,8.15074,3.90043,2.07212,0.717888
2019-06-14,2.09251,1.587,2.095797,7.656146,5.24275,3.288478,7.8705,3.89918,1.9934,0.733332
2019-06-21,2.06779,1.57,2.149384,7.420868,5.1251,3.252808,7.5693,3.82705,2.0289,0.71946
2019-06-28,1.99823,1.595,2.117471,7.342196,5.07402,3.230497,7.5184,3.80432,2.06839,0.713789
2019-07-05,2.04419,1.537,1.977131,7.202407,4.99667,3.171755,7.37506,3.75348,1.91697,0.683739
2019-07-12,2.1062,1.565,1.986933,7.179417,5.04443,3.146996,7.342,3.75407,1.99911,0.672035
2019-07-19,2.04824,1.465,1.910435,7.118411,4.94072,3.146996,7.24402,3.75256,1.98403,0.66995
2019-07-26,2.08079,1.42,1.892075,7.189055,4.74558,3.146996,7.31769,3.73566,1.97341,0.682207
2019-08-02,1.85371,1.34,1.760314,7.538751,4.6058,,7.65356,3.72678,1.89373,0.693661
2019-08-09,1.73264,1.28,1.502977,7.288082,4.40077,,7.52052,3.62456,1.78179,0.674858
2019-08-16,1.53525,1.17,1.428089,7.383958,4.39583,,7.54435,3.41598,1.68085,0.638849
2019-08-23,1.52665,1.252,1.529536,7.222831,4.45429,3.067251,7.42695,3.51918,1.85637,0.655906
2019-08-30,1.50448,1.295,1.446118,7.308457,4.44549,3.053388,7.51215,3.46473,1.7181,0.650081
2019-09-06,1.55001,1.38,1.537941,7.295431,4.56853,3.053388,7.50058,3.47489,1.70422,0.673235
2019-09-13,1.9011,1.402,1.596094,7.168082,4.74865,3.053388,7.35148,3.50795,1.74444,0.701511
2019-09-20,1.75273,1.457,1.510522,7.219833,4.83583,3.095499,7.40192,3.5973,1.72993,0.723828
2019-09-27,1.67318,1.447,1.493073,7.281155,4.831,3.143626,7.44643,3.61154,1.7447,0.733321
2019-10-04,1.51192,1.372,1.435244,7.209626,4.71902,3.143626,7.37116,3.54341,1.6619,0.734187
2019-10-11,1.75168,1.485,1.499997,7.221317,4.78175,3.154249,7.39698,3.58587,1.69065,0.728845
2019-10-18,1.74662,1.592,1.540006,7.117118,4.74039,3.182003,7.32471,3.56655,1.73034,0.695992
2019-10-25,1.79955,1.685,1.501055,7.062326,4.71141,3.235497,7.24234,3.62717,1.69778,0.701429
2019-11-01,1.72601,1.74,1.498422,6.998174,4.66893,3.265992,7.14383,3.60106,1.75118,0.709832
2019-11-08,1.9312,1.8,1.672058,6.948446,4.67416,3.264995,7.11724,3.59253,1.80282,0.713875
2019-11-15,1.83248,1.795,1.700003,7.005169,4.70737,3.235132,7.18541,3.57621,1.78812,0.720548
2019-11-22,1.77229,1.698,1.681521,7.037889,4.72356,3.168995,7.2286,3.56341,1.75383,0.696784
2019-11-29,1.77748,1.635,1.599167,7.08453,4.73742,3.171,7.249,3.56863,1.75369,0.699414
2019-12-06,1.84155,1.685,1.569198,7.081849,4.68674,3.196937,7.2951,3.56572,1.77487,0.700444
2019-12-13,1.81912,1.652,1.590346,7.205401,4.55187,3.196999,7.34891,3.5857,1.80105,0.69974
2019-12-20,1.91531,1.665,1.565162,7.142061,4.5098,3.191248,7.40301,3.58182,1.75298,0.684658
2019-12-27,1.87173,1.682,1.47093,7.066924,4.45895,3.191248,7.30454,3.56153,1.70924,0.688587
2020-01-03,1.7881,1.56,1.409586,7.001841,4.45661,3.191248,7.25016,3.48986,1.76598,0.684632
2020-01-10,1.82486,1.709,1.369299,6.898342,4.67647,,7.13341,3.41847,1.76133,0.667095
2020-01-17,1.83373,1.74,1.458434,6.81013,4.75457,,7.08521,3.41727,1.75784,0.643858
2020-01-24,1.67873,1.7,1.360116,6.597901,4.6106,,6.86691,3.27955,1.68138,0.638714
2020-01-31,1.51702,1.562,1.284971,6.65069,4.45196,,6.91954,3.2704,1.63457,0.604291
2020-02-07,1.57485,1.602,1.216234,6.562193,4.40597,,6.87486,3.25159,1.69931,0.614024
2020-02-14,1.58655,1.657,1.190086,6.558391,4.38422,,6.80742,3.01933,1.67882,0.608654
2020-02-21,1.47126,1.447,1.077906,6.504903,4.3583,,6.77891,3.09035,1.66062,0.555867
2020-02-28,1.13062,1.327,1.051682,6.910495,4.32277,2.728433,7.14585,2.99842,1.39614,0.555012
2020-03-06,0.704129,1.37,0.93411,6.726074,4.21967,2.621859,6.9067,2.94774,1.27243,0.516302
2020-03-13,0.953847,1.619,1.315266,7.299398,4.62847,2.621859,7.73972,3.26341,1.48653,0.479841
2020-03-20,0.938353,1.63,1.619209,8.043571,4.94137,2.674052,8.29195,3.96672,1.70776,0.679171
2020-03-27,0.737685,1.537,1.439396,7.834876,4.84973,2.598463,8.31712,3.71745,1.44421,0.550922
2020-04-03,0.588509,1.55,1.451982,8.085078,4.95186,2.547915,8.35144,3.65226,1.12981,0.505931
2020-04-10,0.720239,1.455,1.380759,7.975275,4.53643,2.532028,8.43668,3.72355,1.15866,0.531353
2020-04-17,0.655926,1.449,1.335995,7.865895,3.87914,2.550925,8.1507,3.20054,1.10892,0.511598
2020-04-24,0.594516,1.535,1.189022,7.875214,3.76279,2.485315,8.03115,3.11518,1.07458,0.492258
2020-05-01,0.641768,1.517,1.138932,7.828656,3.49008,2.508754,8.06041,3.00987,0.971533,0.497633
2020-05-08,0.678294,1.425,1.045442,8.060457,3.35011,2.605214,8.262,2.93763,0.967199,0.49179
2020-05-15,0.641168,1.377,1.074955,8.060457,3.29895,2.655833,8.03557,3.05438,0.812884,0.481195
2020-05-22,0.659055,1.34,1.00691,7.499677,3.27365,2.57781,7.82565,3.00021,0.767497,0.490333
2020-05-29,0.642849,1.365,1.145102,7.298547,3.15604,2.684376,7.58871,2.96634,0.868043,0.492324
2020-06-05,0.903494,1.46,1.312206,7.098772,3.26672,2.845288,7.35731,3.06012,1.02822,0.504683
2020-06-12,0.69851,1.38,1.18356,7.193554,3.29039,2.752689,7.48925,3.09488,0.996534,0.504127
2020-06-19,0.697002,1.39,1.245401,7.15,3.37081,2.8725,7.46105,3.06949,0.935097,0.48976
2020-06-26,0.636433,1.325,1.173951,7.15973,2.89133,2.863751,7.43093,3.06672,0.964461,0.480026
2020-07-03,0.670924,1.382,1.265966,7.193141,2.81148,2.895829,7.45393,3.00218,0.954438,0.481003
2020-07-10,0.634837,1.397,1.248984,7.042862,2.76339,3.024361,7.36884,2.83489,0.960585,0.475502
2020-07-17,0.628274,1.35,1.230183,7.033056,2.72186,2.95367,7.30899,2.80334,0.896393,0.47243
2020-07-24,0.588844,1.302,1.226546,6.846531,2.7918,2.861109,7.134,2.70323,0.856276,0.452318
2020-07-31,0.534707,1.295,1.197112,6.791617,2.77522,2.966,7.11135,2.65986,0.846359,0.443795
2020-08-07,0.562405,1.327,1.217066,6.772213,2.69332,2.981941,7.05915,2.55385,0.823855,0.41951
2020-08-14,0.707724,1.4,1.294783,6.745079,2.70331,2.938971,7.01171,2.63795,0.910346,0.412958
2020-08-21,0.637951,1.41,1.293254,6.6848,2.63907,2.938971,6.97191,2.65,0.901581,0.416142
2020-08-28,0.727667,1.485,1.421466,6.868307,2.79701,2.938971,6.99604,2.76179,1.03191,0.42662
2020-09-04,0.721318,1.54,1.411783,6.892143,2.8756,,7.0821,2.72364,0.945973,0.435603
2020-09-11,0.667401,1.532,1.33522,6.930283,2.93799,,7.13302,2.80179,0.920887,0.434108
2020-09-18,0.6937,1.505,1.30363,6.86826,2.99594,3.11889,7.08843,2.8405,0.887429,0.410841
2020-09-25,0.657709,1.427,1.313699,6.889799,3.02079,3.12531,7.09395,2.84793,0.84117,0.428144
2020-10-02,0.693954,1.427,1.309034,6.887017,2.83125,3.134469,7.07456,2.81647,0.87591,0.413572
2020-10-09,0.775433,1.541,1.325639,6.887017,2.91373,3.186252,7.07126,2.77701,0.920472,0.398193
2020-10-16,0.742295,1.5,1.328019,6.887017,2.87282,3.212248,6.96513,2.7286,0.892823,0.347683
2020-10-23,0.839577,1.495,1.328412,,2.92863,3.188498,6.90205,2.74459,0.866532,0.336333
2020-10-30,0.856844,1.552,1.337844,,2.97657,3.179409,6.90179,2.78266,0.845502,0.332003
2020-11-06,0.821835,1.565,1.29903,,2.99084,3.19575,6.73473,2.85692,0.804825,0.311457
2020-11-13,0.893009,1.627,1.331549,6.273494,3.01108,3.263754,6.68648,2.82102,0.941999,0.321732
2020-11-20,0.829219,1.612,1.321036,6.193066,2.93421,3.322491,6.55206,2.83065,0.960488,0.305526
2020-11-27,0.842212,1.64,1.319057,6.172143,2.94136,3.310247,6.47076,2.9096,0.927516,0.26975
2020-12-04,0.969197,1.664,1.27054,6.173947,3.02933,3.293504,6.44462,2.94728,0.916904,0.314269
2020-12-11,0.893134,1.657,1.246192,6.173947,3.00186,3.300622,6.39786,2.9119,0.962673,0.320645
2020-12-18,0.946234,1.707,1.197002,6.173947,2.97684,3.293214,6.17007,2.82654,0.924894,0.296963
2020-12-25,0.929718,1.692,1.335403,,2.99505,3.189488,6.28856,2.83009,0.878671,0.296444
2021-01-01,0.913168,1.722,1.316314,,3.00059,3.138728,6.22769,2.81249,0.875802,0.32132
2021-01-08,1.1017,1.72,1.339267,,2.99088,3.142937,6.41479,2.84911,1.00051,0.315897
2021-01-15,1.09538,1.73,1.336108,,3.00139,3.142787,6.47888,2.87253,0.988037,0.340423
2021-01-22,1.08892,1.755,1.319187,,2.89998,3.12341,6.53758,2.90536,1.06518,0.335946
2021-01-29,1.09103,1.765,1.31598,6.184475,2.95216,3.181093,6.50471,2.9032,1.03274,0.32283
2021-02-05,1.16868,1.782,1.340947,6.134919,3.01691,3.213874,6.39883,2.9607,1.09384,0.34218
2021-02-12,1.19817,1.83,1.393389,6.197151,3.11916,3.237647,6.44044,2.98524,1.07048,0.344664
2021-02-19,1.34484,1.877,1.502008,6.526667,3.29246,3.262912,6.70156,3.19035,1.25368,0.364929
2021-02-26,1.45122,1.97,1.788396,6.575464,3.74946,3.27734,6.86187,3.2779,1.39803,0.425829
2021-03-05,1.55394,1.995,1.963168,6.661088,3.96538,3.241051,6.81716,3.40707,1.59592,0.494409
2021-03-12,1.63348,2.105,1.964615,6.705454,4.3939,3.255827,6.98036,3.52594,1.59185,0.503126
2021-03-19,1.72993,2.115,1.963453,6.780644,4.45836,3.234062,7.02699,3.64718,1.66574,0.478313
2021-03-26,1.6583,2.01,1.896333,6.68875,4.37534,3.196251,6.93022,3.5491,1.68273,0.429413
2021-04-02,1.72146,2.052,1.953871,6.670226,4.43817,3.194997,6.93599,3.43904,1.79876,0.464479
2021-04-09,1.66382,2.025,1.92271,6.436895,4.27474,3.2075,6.72115,3.35733,1.66528,0.444334
2021-04-16,1.57278,2.022,1.875785,6.471997,4.28286,3.157128,6.8161,3.37121,1.6076,0.408126
2021-04-23,1.56479,2.045,1.850412,6.41356,4.08959,3.171564,6.72724,3.36806,1.65434,0.412186
2021-04-30,1.62942,2.13,1.78187,6.44007,4.12302,3.171564,6.73776,3.44006,1.69008,0.423685
2021-05-07,1.57884,2.12,1.728055,6.395253,4.15291,3.171564,6.68619,3.39539,1.57104,0.421718
2021-05-14,1.6352,2.155,1.757681,6.410617,4.11396,,6.67576,3.42009,1.63644,0.422279
2021-05-21,1.63009,2.117,1.843879,6.442087,4.12387,,6.71625,3.42999,1.59745,0.454551
2021-05-28,1.5892,2.137,1.829497,6.422194,4.14986,3.085,6.67716,3.43132,1.58651,0.454252
2021-06-04,1.55853,2.167,1.85429,6.407676,4.01822,3.121067,6.5992,3.44674,1.61413,0.46177
2021-06-11,1.4619,2.08,1.790445,6.331021,3.85019,3.145592,6.52118,3.43592,1.48497,0.444603
2021-06-18,1.44984,2.035,1.837491,6.50982,3.89648,3.145003,6.6252,3.49895,1.56819,0.45706
2021-06-25,1.53429,2.102,1.808866,6.519431,3.90017,3.09102,6.6797,3.49101,1.654,0.453055
2021-07-02,1.43395,2.105,1.739755,6.563728,3.89278,3.078614,6.73705,3.46317,1.57564,0.444441
2021-07-09,1.35615,2.035,1.692775,6.536144,3.84993,2.991688,6.69973,3.40831,1.45815,0.423064
2021-07-16,1.29866,2.017,1.652994,6.346322,3.91131,2.944099,6.57345,3.42993,1.46329,0.421274
2021-07-23,1.28635,1.882,1.613465,6.284152,3.91174,2.908397,6.55642,3.40781,1.38063,0.417382
2021-07-30,1.23893,1.867,1.537356,6.284152,3.89139,2.849846,6.51945,3.40976,1.31137,0.421068
2021-08-06,1.28681,1.895,1.457473,6.284152,3.8972,2.810761,6.47946,3.43066,1.37461,0.413681
2021-08-13,1.29848,1.92,1.532472,,3.91826,2.884616,6.53517,3.45183,1.47444,0.418067
2021-08-20,1.26002,1.852,1.521443,6.347576,4.08568,2.846449,6.5263,3.4925,1.39696,0.424613
2021-08-27,1.3121,1.937,1.601849,6.347576,4.10196,2.870565,6.42599,3.49372,1.44567,0.437004
2021-09-03,1.32066,1.942,1.618744,6.086466,4.12896,2.830496,6.37568,3.45732,1.41687,0.435767
2021-09-10,1.34113,1.995,1.673131,6.126466,4.14277,2.866562,6.37358,3.45997,1.42021,0.434317
2021-09-17,1.36845,2.072,1.797231,6.125684,4.19865,2.87657,6.34974,3.49341,1.47019,0.43389
2021-09-24,1.45949,2.157,1.783232,6.136416,4.33366,2.866692,6.38353,3.56141,1.52144,0.431569
2021-10-01,1.46504,2.25,1.885769,6.136416,4.50561,2.872639,6.4641,3.62339,1.60362,0.460116
2021-10-08,1.60478,2.362,1.93996,6.136416,4.69993,2.901218,6.47757,3.83502,1.72304,0.470465
2021-10-15,1.57377,2.36,1.977798,,4.91543,2.985235,6.43913,3.80265,1.69362,0.480167
2021-10-22,1.6536,2.408,2.028524,,4.96087,2.990655,6.44818,3.87483,1.80544,0.523048
2021-10-29,1.55389,2.563,1.979164,,4.9023,2.968497,6.43159,3.85199,1.85835,0.575067
2021-11-05,1.45133,2.35,1.927462,,4.96654,2.885944,6.44996,3.86729,1.8179,0.580982
2021-11-12,1.58014,2.35,1.916663,,5.17063,2.93344,6.42508,3.82817,1.81919,0.555123
2021-11-19,1.53427,2.38,1.943884,,5.08938,2.93344,6.42654,3.77296,1.81542,0.570592
2021-11-26,1.48504,2.262,1.934367,,4.99095,2.849997,6.43881,3.75816,1.78571,0.576931
2021-12-03,1.34298,2.235,1.900153,,4.98687,2.896995,6.59349,3.72611,1.72492,0.573547
2021-12-10,1.48548,2.195,1.960789,6.292437,5.03146,2.87247,6.58964,3.72951,1.75068,0.569748
2021-12-17,1.40208,2.152,1.885589,6.413447,4.86868,2.891967,6.65461,3.73646,1.6343,0.580172
2021-12-24,1.49268,2.202,1.934847,6.320421,4.9378,2.820702,6.58959,3.73763,1.65374,0.672607
2021-12-31,1.49805,2.255,1.892736,6.361019,4.82919,2.772009,6.60322,3.75035,1.72336,0.723985
2022-01-07,1.76906,2.457,2.023942,6.439723,4.8547,2.817018,6.67326,3.79284,1.83048,0.790261
2022-01-14,1.76988,2.464,2.076962,6.373726,4.80477,2.791621,6.67902,3.75576,1.8065,0.771659
2022-01-21,1.74742,2.542,2.14526,6.408865,4.95687,2.705034,6.7052,3.86202,1.83642,0.762957
2022-01-28,1.77836,2.59,2.126991,6.448411,5.01254,2.705536,6.73792,3.88157,1.83371,0.731839
2022-02-04,1.9302,2.602,2.134969,6.446721,4.88299,2.705536,6.73062,3.86948,1.83588,0.731839
2022-02-11,1.95101,2.735,2.18776,6.507645,5.27306,2.787081,6.74025,3.89024,2.01303,0.745339
2022-02-18,1.9303,2.73,2.146281,6.487707,5.39195,2.8043,6.72494,3.87532,2.02676,0.742602
2022-02-25,1.98433,2.667,2.163439,6.504073,5.41588,2.785981,6.71658,3.8787,1.9712,0.766443
2022-03-04,1.72221,2.647,2.063847,6.660624,5.31427,2.822124,6.75275,3.84804,1.88857,0.731926
2022-03-11,2.00401,2.695,2.228729,6.702375,5.45897,2.792224,6.93654,3.85386,1.95118,0.743791
2022-03-18,2.14763,2.731,2.217448,6.711744,5.57826,2.799739,6.95903,3.90663,2.12562,0.776826
2022-03-25,2.49161,2.877,2.37434,6.67738,5.70535,2.799739,6.93125,4.03602,2.33903,0.967226
2022-04-01,2.37302,3.005,2.33087,6.731081,5.90987,2.799739,6.95497,4.10223,2.38762,0.979743
2022-04-08,2.71326,3.181,2.357583,6.789011,6.00771,,6.94064,4.19348,2.56037,1.09094
2022-04-15,2.80922,3.32,2.373025,6.916735,6.00885,2.781731,7.03969,4.28286,2.56086,1.18247
2022-04-22,2.90643,3.305,2.725868,6.978254,6.07379,2.781731,7.09896,4.47298,2.63018,1.26111
2022-04-29,2.88499,3.235,2.715385,6.967113,5.99569,2.835315,7.13413,4.69129,2.57975,1.25825
2022-05-06,3.12152,3.42,3.145533,6.967113,6.09118,2.828127,7.13413,4.75913,2.79272,1.27897
2022-05-13,2.93397,3.23,3.289221,7.364318,6.24348,2.81387,7.65889,4.73317,2.79603,1.40057
2022-05-20,2.78474,3.24,3.058532,7.198424,6.3953,2.814689,7.5657,4.60306,2.75949,1.3467
2022-05-27,2.7477,3.217,2.822497,7.0669,6.70269,2.744814,7.4262,4.26777,2.65163,1.16175
2022-06-03,2.9552,3.407,2.863195,6.919625,6.74286,2.803742,7.22613,4.35463,2.88173,1.21059
2022-06-10,3.1575,3.49,2.837668,7.186689,6.77791,2.792311,7.33861,4.35134,2.98025,1.30479
2022-06-17,3.23791,3.795,2.961057,7.458548,6.98829,2.811175,7.57065,4.55689,3.12925,1.39641
2022-06-24,3.12262,3.625,2.833525,7.30847,7.13776,2.844173,7.54793,4.45407,3.01567,1.26461
2022-07-01,2.90226,3.495,2.803148,7.248636,7.02189,2.824222,7.46958,4.48764,2.95115,1.27014
2022-07-08,3.09714,3.36,2.692182,7.251178,6.89442,2.83715,7.44689,4.36586,2.86455,1.23752
2022-07-15,2.92812,3.222,2.496654,7.372782,6.7979,2.78516,7.44437,4.25709,2.82404,1.26499
2022-07-22,2.78315,3.301,2.632277,7.466678,6.82476,2.78284,7.52091,4.23686,2.83131,1.27226
2022-07-29,2.64151,3.125,2.492595,7.106153,6.26811,2.763359,7.33254,4.08354,2.66348,1.18606
2022-08-05,2.83785,3.115,2.382232,7.137788,6.13108,2.741777,7.31666,4.0621,2.62544,1.19544
2022-08-12,2.84846,3.277,2.373573,6.963189,5.93518,2.740151,7.1533,4.07643,2.69116,1.21017
2022-08-19,2.98774,3.302,2.404608,7.0874,5.92973,2.628391,7.16784,4.09536,2.71176,1.25599
2022-08-26,3.03343,3.621,2.393838,7.045082,6.03458,2.658997,7.15211,4.09556,2.90217,1.2698
2022-09-02,3.19219,3.73,2.583615,7.125945,6.23184,2.634462,7.16755,4.12874,3.06203,1.29504
2022-09-09,3.32118,3.62,2.576649,7.146402,6.62419,2.639536,7.22988,4.176,3.09246,1.37787
2022-09-16,3.44749,3.77,2.877515,7.193213,6.72392,2.674391,7.2479,4.21391,3.21041,1.38848
2022-09-23,3.69458,4.127,3.051882,7.26368,6.92843,2.675528,7.29193,4.42294,3.27293,1.44977
2022-09-30,3.80139,4.082,3.182308,7.347464,7.05448,2.743748,7.45434,4.61153,3.49785,1.65023
2022-10-07,3.88344,4.21,3.045433,7.347464,7.08171,2.743748,7.38541,4.56394,3.40454,1.71682
2022-10-14,4.00908,4.18,3.154058,7.352634,7.20151,2.697809,7.44085,4.63323,3.49437,1.75652
2022-10-21,4.21036,4.62,3.189893,7.627131,7.35271,2.733391,7.59307,4.67896,3.60245,1.85764
2022-10-28,4.00813,4.175,3.15552,7.508564,7.45495,2.672548,7.62576,4.60158,3.37751,1.93193
2022-11-04,4.15419,4.19,3.092717,7.443748,7.48004,2.701248,7.56979,4.59989,3.49659,1.81139
2022-11-11,3.82931,3.9,2.899555,7.042086,7.63332,2.73625,7.43616,4.62187,3.3728,1.80947
2022-11-18,3.81762,3.796,2.899555,7.030451,7.5081,2.73625,7.27763,4.46949,3.13462,1.67671
2022-11-25,3.70209,3.613,2.748433,6.935957,7.24471,2.829376,7.16801,4.37814,2.99466,1.61009
2022-12-02,3.50254,3.575,2.663927,6.834742,7.01009,2.829376,6.99679,4.16449,3.01056,1.48926
2022-12-09,3.56546,3.48,2.644017,6.913536,6.85649,2.829376,7.05644,4.1168,2.95755,1.36855
2022-12-16,3.47948,3.35,2.615446,6.863889,6.84633,2.906385,7.03969,4.10925,2.95421,1.35072
2022-12-23,3.74528,3.551,2.674789,6.89738,6.93337,2.856809,7.02232,4.13339,2.94765,1.3136
2022-12-30,3.84163,3.735,2.636722,6.914603,6.99411,2.834649,7.03347,4.14603,3.07412,1.33612
2023-01-06,3.57001,3.575,2.543766,6.960561,7.18718,2.832283,7.02077,4.11519,2.88741,1.32158
2023-01-13,3.5104,3.295,2.386282,6.664705,6.50156,2.895717,6.81119,4.09432,2.8124,1.26986
2023-01-20,3.4824,3.272,2.450083,6.610418,6.23609,2.895717,6.77357,3.89253,2.84429,1.26948
2023-01-27,3.51914,3.287,2.492398,6.718034,6.02917,2.895717,6.76924,3.91063,2.86543,1.26948
2023-02-03,3.53157,3.155,2.467432,6.528243,6.04946,2.893676,6.69083,3.87406,2.90114,1.24006
2023-02-10,3.7435,3.355,2.540431,6.653816,6.22676,2.891139,6.70533,3.95068,3.12252,1.2405
2023-02-17,3.82731,3.619,2.611985,6.71553,6.37473,2.889312,6.7401,3.97998,3.25609,1.28248
2023-02-24,3.94911,3.52,2.560889,6.781482,6.32538,2.912677,6.82438,3.99814,3.28115,1.28231
2023-03-03,3.96347,3.772,2.607375,6.963797,6.44997,2.917173,6.92694,4.09372,3.3865,1.33372
2023-03-10,3.69496,3.582,2.510665,6.932387,6.35589,2.878783,6.97401,4.06352,3.27489,1.31891
2023-03-17,3.39268,3.405,2.456473,6.876746,6.22518,2.869936,6.90473,4.01671,2.96634,1.2658
2023-03-24,3.37804,3.222,2.295728,6.788052,6.19521,2.86586,6.85519,3.9941,2.84523,1.2828
2023-03-31,3.48975,3.36,2.426371,6.771376,6.22962,2.853975,6.82045,4.01781,2.9505,1.31226
2023-04-07,3.38317,3.292,2.458637,6.648,6.15126,2.847202,6.76599,3.95196,2.78254,1.301
2023-04-14,3.52232,3.29,2.471773,6.627859,6.18036,2.827263,6.73084,3.90668,2.76378,1.29582
2023-04-21,3.56992,3.318,2.49808,6.646963,6.17405,2.825085,6.74989,3.93905,2.83468,1.30037
2023-04-28,3.45032,3.367,2.526797,6.512271,6.11577,2.774854,6.70154,3.86139,2.76762,1.28901
2023-05-05,3.44361,3.277,2.469132,6.421589,5.94093,2.731131,6.61323,3.83174,2.62931,1.26329
2023-05-12,3.45877,3.282,2.488094,6.383512,5.80706,2.702875,6.54475,3.80764,2.71804,1.25586
2023-05-19,3.68888,3.415,2.507582,6.417123,5.78489,2.715392,6.53269,3.83445,2.84633,1.2661
2023-05-26,3.8187,3.645,2.588371,6.4105,5.95797,2.718436,6.54826,3.89944,3.02177,1.26935
2023-06-02,3.68976,3.492,2.498917,6.358399,5.83767,2.714981,6.4993,3.82162,2.87777,1.27132
2023-06-09,3.74229,3.617,2.567865,6.319759,5.91209,2.68834,6.45708,3.83979,2.9412,1.26593
2023-06-16,3.76619,3.658,2.604856,6.277089,6.07569,2.670435,6.37289,3.85387,2.96443,1.24372
2023-06-23,3.73661,3.67,2.587493,6.278718,6.1839,2.666624,6.39109,3.92141,3.00721,1.24009
2023-06-30,3.81609,3.661,2.560395,6.243168,6.2908,2.636124,6.39153,3.91243,3.06464,1.26304
2023-07-07,4.0466,3.758,2.564092,6.228366,6.68632,2.639487,6.35349,3.96059,3.18109,1.25491
2023-07-14,3.81452,3.69,2.563406,6.159496,6.3036,2.644225,6.33551,3.84489,3.04311,1.25841
2023-07-21,3.83391,3.635,2.59036,6.227422,6.28216,2.611868,6.33843,3.87781,2.96014,1.26031
2023-07-28,3.96562,3.731,2.571522,6.262877,6.35353,2.65958,6.35076,3.89116,3.02374,1.25852
2023-08-04,4.05798,3.874,2.571522,6.328978,6.53031,2.654285,6.38847,3.93596,3.08346,1.27437
2023-08-11,4.16688,3.82,2.601864,6.312927,6.56407,2.647359,6.3998,3.91129,3.06804,1.28611
2023-08-18,4.24772,3.905,2.713754,6.4885,6.55501,2.559607,6.48175,3.92862,3.19985,1.29155
2023-08-25,4.2344,3.933,2.775782,6.504427,6.52169,2.564036,6.59081,3.93206,3.29744,1.27527
2023-09-01,4.17192,3.78,2.766571,6.367908,6.37532,2.6175,6.47205,3.9128,3.14477,1.28251
2023-09-08,4.25319,3.886,2.873209,6.536144,6.49335,2.663132,6.53599,3.91787,3.21934,1.29647
2023-09-15,4.31943,3.927,2.967169,6.668461,6.45906,2.661315,6.63203,3.93758,3.26524,1.30311
2023-09-22,4.43674,3.995,3.141774,6.736665,6.46255,2.689298,6.76223,4.03988,3.42605,1.32326
2023-09-29,4.57009,4.012,3.141774,6.894048,6.50399,2.673122,6.83933,4.04467,3.41164,1.32806
2023-10-06,4.7799,4.244,3.327535,6.992576,6.58014,2.673122,7.10603,4.16308,3.47242,1.34318
2023-10-13,4.62585,4.165,3.250244,6.762128,6.55405,2.674046,7.00501,4.0828,3.33384,1.34449
2023-10-20,4.92112,4.317,3.339549,7.080402,6.61784,2.703089,7.12406,4.19146,3.39596,1.3432
2023-10-27,4.84411,4.29,3.281989,7.204279,6.92871,2.715231,7.24283,4.21177,3.38029,1.37225
2023-11-03,4.55482,4.1,3.176049,6.842053,7.00176,2.662416,6.9862,4.07642,3.21466,1.34395
2023-11-10,4.62307,3.96,3.066401,6.842053,6.74161,2.645306,6.9177,3.99455,3.10708,1.34177
2023-11-17,4.43934,3.805,2.963413,6.842053,6.54832,2.652552,6.7645,3.96296,2.98264,1.35031
2023-11-24,4.48118,3.775,3.034,,6.30296,2.703066,6.75356,3.97497,2.98945,1.36775
2023-12-01,4.22328,3.7,2.95416,,6.22849,2.67876,6.74485,3.95186,2.98277,1.34207
2023-12-08,4.24196,3.534,2.838938,,6.17081,2.682482,6.71814,3.89518,2.86849,1.33332
2023-12-15,3.92595,3.348,2.747365,,6.0721,2.632941,6.70503,3.86326,2.76201,1.30526
2023-12-22,3.90617,3.291,2.72531,6.47207,5.96691,2.612942,6.63839,3.87594,2.71651,1.29557
2023-12-29,3.85669,3.175,2.676382,6.47207,5.98975,2.557475,6.60435,3.86214,2.70045,1.29123
2024-01-05,4.0372,3.337,2.756724,6.677519,6.1061,2.524581,6.65645,3.91677,2.80642,1.29771
2024-01-12,3.94837,3.305,2.706637,6.648292,6.24944,2.519504,6.6686,3.86589,2.8024,1.32054
2024-01-19,4.14272,3.415,2.749176,6.60953,6.21144,2.502249,6.66605,3.89607,2.98587,1.31856
2024-01-26,4.15947,3.387,2.669863,6.630313,6.19556,2.49991,6.67947,3.86811,2.9448,1.2915
2024-02-02,4.03037,3.29,2.644626,6.521255,6.14238,2.424829,6.60054,3.8369,2.87077,1.24836
2024-02-09,4.18609,3.405,2.561765,6.600113,6.19798,2.424829,6.64661,3.86862,2.9879,1.26149
2024-02-16,4.29195,3.48,2.562074,6.612764,6.25635,2.424829,6.68252,3.87431,3.07157,1.26855
2024-02-23,4.25784,3.48,2.546565,6.55771,6.27475,2.397951,6.6429,3.91584,3.15022,1.26536
2024-03-01,4.17685,3.48,2.546565,6.609306,6.24385,2.379327,6.64643,3.89559,3.09561,1.26275
2024-03-08,4.08558,3.321,2.513659,6.614,6.25041,2.290544,6.68143,3.86945,2.99058,1.24335
2024-03-15,4.30183,3.406579,2.517704,6.636922,6.21804,2.342654,6.68982,3.89164,3.10569,1.23354
2024-03-22,4.21677,3.406579,2.517704,6.637196,6.20004,2.302968,6.6869,3.89177,3.07504,1.25185
2024-03-29,4.19147,3.406579,2.501979,6.692749,6.23342,2.289081,6.70596,3.88976,3.10902,1.40809
2024-04-05,4.37601,,2.501979,6.653882,6.32301,2.286958,6.7088,3.9082,3.20713,1.42984
2024-04-12,4.49822,,2.722764,6.653882,6.68917,2.280692,6.7088,3.95031,3.35833,1.55383
2024-04-19,4.61093,,2.693049,6.980489,6.87208,2.25451,7.01261,3.99239,3.35197,1.56211
2024-04-26,4.6671,,2.74806,7.16097,6.94776,2.301117,7.1049,4.02922,3.47181,1.70164
2024-05-03,4.49697,3.620064,2.76662,7.16097,6.99187,2.301117,7.06905,3.98614,3.4003,1.71288
2024-05-10,4.49979,3.533078,2.756851,7.16097,6.85034,2.315737,6.98984,3.9586,3.28995,1.68645
2024-05-17,4.41787,3.454736,2.731124,,6.63891,2.312592,6.90728,3.91611,3.20756,1.68165
2024-05-24,4.46987,3.512207,2.823627,,6.72295,2.311722,6.90114,3.9286,3.29903,1.6656
2024-05-31,4.51239,3.571811,2.813738,6.909355,6.75533,2.316888,6.92825,3.93424,3.35419,1.67124
2024-06-07,4.42662,3.571811,2.793437,6.883364,6.69312,2.306275,6.93578,3.91953,3.21451,1.65292
2024-06-14,4.20978,3.301569,2.757363,7.168183,6.70812,2.292298,7.02358,3.91716,3.2004,1.65223
2024-06-21,4.25448,3.250296,2.702802,7.123949,6.69992,2.253894,7.12296,3.91224,3.18709,1.71872
2024-06-28,4.33911,3.26589,2.672065,7.044566,6.66506,2.203821,7.08184,3.91458,3.23335,1.73833
2024-07-05,4.2686,3.229878,2.665995,7.041846,6.53341,2.267119,7.07213,3.90517,3.24028,1.75466
2024-07-12,4.18527,3.179165,2.604734,6.928097,6.24616,2.253583,6.99448,3.89319,3.09891,1.80301
2024-07-19,4.23599,3.164121,2.617938,6.936291,6.25068,2.256408,6.96771,3.86011,3.06982,1.74942
2024-07-26,4.19678,3.1125,2.599878,6.965491,6.27536,2.18338,7.00312,3.83482,3.01005,1.7179
2024-08-02,3.79178,2.99031,2.552075,6.82933,6.12725,2.118039,6.91319,3.78332,2.78433,1.66178
2024-08-09,3.94075,3.017739,2.594396,6.759756,6.15218,2.198264,6.83198,3.81072,2.88458,1.61761
2024-08-16,3.89065,2.975644,2.553504,6.706168,6.06349,2.183983,6.77071,3.82882,2.83551,1.61782
2024-08-23,3.8056,3.005655,2.558583,6.629016,6.06485,2.149368,6.69792,3.81606,2.73369,1.61789
2024-08-30,3.90918,3.088467,2.5477,6.620718,6.06838,2.170254,6.66859,3.82607,2.72348,1.61189
2024-09-06,3.70705,2.987,2.53863,6.598477,6.07522,2.133905,6.67734,3.8095,2.59494,1.6025
2024-09-13,3.64666,2.926999,2.534348,6.562752,6.1061,2.068008,6.6496,3.8008,2.46596,1.53545
2024-09-20,3.72623,2.992687,2.459259,6.424103,5.75316,2.033762,6.50575,3.78978,2.47679,1.52601
2024-09-27,3.74678,2.997,2.464276,6.445886,5.74061,2.166584,6.53386,3.81642,2.6515,1.53324
2024-10-04,3.97787,2.995,2.505831,6.632032,5.74999,2.167665,6.63644,3.8128,2.75918,1.53878
2024-10-11,4.07325,3.077546,2.514466,6.667811,5.73145,2.140189,6.71442,3.85416,2.83391,1.54201
2024-10-18,4.07153,3.080535,2.405411,6.642825,5.73541,2.108945,6.69903,3.86019,2.81596,1.53811
2024-10-25,4.23044,3.06069,2.389033,6.732,5.82843,2.151548,6.78096,3.93022,2.83729,1.55668
2024-11-01,4.35931,3.090709,2.414468,6.759417,5.87417,2.137824,6.84293,3.97868,2.85829,1.54931
2024-11-08,4.3043,3.036999,2.413718,6.71351,5.87405,2.102416,6.82646,3.95615,2.85796,1.5765
2024-11-15,4.42464,3.081386,2.416689,6.8996,6.0772,2.069486,6.95317,3.9463,2.9528,1.57803
2024-11-22,4.4061,2.980003,2.420684,6.895825,6.02202,2.074202,6.98174,3.8859,2.89052,1.60066
2024-11-29,4.19168,2.760111,2.294157,6.854241,6.01598,2.027841,6.98416,3.86829,2.75375,1.59958
2024-12-06,4.14954,2.744152,2.256432,6.896824,5.88278,1.948926,6.99314,3.83965,2.70234,1.58043
2024-12-13,4.39718,2.67512,2.287421,7.002262,5.91772,1.772567,7.04274,3.85685,2.76937,1.58503
2024-12-20,4.52271,2.878161,2.221615,7.002262,6.01099,1.708346,7.12275,3.89053,2.95259,1.61713
2024-12-27,4.61722,2.860471,2.229214,7.002262,6.16003,1.693756,7.08051,3.88796,2.97162,1.62219
2025-01-03,4.59447,2.749866,2.268075,,6.16079,1.606114,7.05385,3.87499,2.89766,1.62209
2025-01-10,4.77076,2.834255,2.327941,7.161934,6.13601,1.643416,7.16133,3.87534,3.03941,1.62066
2025-01-17,4.60773,2.812863,2.394135,7.118869,6.33905,1.652082,7.15524,3.88105,2.98167,1.61833
2025-01-24,4.62091,2.86111,2.301981,7.031446,6.27252,1.654215,7.05595,3.87808,2.95154,1.6269
2025-01-31,4.56505,2.857498,2.291548,6.971525,6.23441,1.626922,7.05693,3.87223,2.91457,1.6269
2025-02-07,4.48358,2.83366,2.268722,6.854667,6.11705,1.600254,6.92967,3.8677,2.8307,1.6202
2025-02-14,4.47187,2.845917,2.31235,6.754725,6.14174,1.644799,6.86395,3.87253,2.87178,1.60472
2025-02-21,4.41582,2.858211,2.272737,6.768197,6.12527,1.749521,6.82307,3.86318,2.89934,1.60663
2025-02-28,4.2263,2.709802,2.145183,6.895695,6.12432,1.77221,6.93916,3.85378,2.73331,1.61855
2025-03-07,4.31409,2.805871,2.190399,6.853055,6.2074,1.83564,6.90911,3.84169,2.69129,1.62689
2025-03-14,4.30728,2.805871,2.111732,6.951629,6.22764,1.840927,6.9417,3.82021,2.66338,1.6422
2025-03-21,4.25052,2.808028,2.037426,7.166457,6.25397,1.841337,7.08537,3.78951,2.68543,1.63965
2025-03-28,4.25275,2.845057,2.048445,6.987526,6.21568,1.806658,7.12129,3.81866,2.70075,1.6393
2025-04-04,3.98587,2.692941,1.863449,6.987526,6.11353,1.716288,7.12129,3.73195,2.4789,1.63729
2025-04-11,4.49195,2.692941,1.965773,7.045209,6.24221,1.65331,7.14559,3.77614,2.70293,1.60929
2025-04-18,4.32392,2.624682,1.965773,6.927538,6.29597,1.647264,7.03165,3.76134,2.57528,1.6035
2025-04-25,4.26475,2.577744,1.902944,6.908744,6.31737,1.658104,6.97059,3.71366,2.50984,1.60448
2025-05-02,4.32098,2.577744,1.898121,6.860879,6.25303,1.625692,6.92055,3.71078,2.53106,1.60174
2025-05-09,4.37356,2.577744,1.835138,6.840828,6.15264,1.62975,6.88528,3.61892,2.45545,1.59142
2025-05-16,4.44042,,1.874463,6.867083,6.17843,1.677299,6.88581,3.62921,2.51418,1.60147
2025-05-23,4.50801,,1.858299,6.81123,6.26483,1.693166,6.86659,3.60818,2.51784,1.60272
2025-05-30,4.41366,,1.781933,6.824901,6.25936,1.699782,6.86597,3.57873,2.44306,1.61046
2025-06-06,4.50758,,1.683779,6.759425,6.30102,1.689189,6.83651,3.57324,2.30852,1.60031
2025-06-13,4.42093,,1.683153,6.711847,6.35071,1.697713,6.76537,3.59767,2.26348,1.56267
2025-06-20,4.37414,,1.677172,6.750832,6.40974,1.6379,6.78188,3.62445,2.29962,1.55797
2025-06-27,4.2798,,1.601523,6.643685,6.32117,1.646032,6.72631,3.57448,2.23094,1.53169
2025-07-04,4.33735,,1.598549,6.571309,6.23436,1.643899,6.65766,3.55445,2.13648,1.45668
2025-07-11,4.4223,,1.545912,6.564046,6.24672,1.664603,6.63512,3.53714,2.18643,1.45275
2025-07-18,4.42948,,1.515671,6.523961,6.2715,1.66564,6.62361,3.53959,2.10255,1.44715
2025-07-25,4.38335,,1.475005,6.508128,6.24512,1.732127,6.59545,3.51937,2.08755,1.43965
2025-08-01,4.21834,,1.501203,6.562768,6.20176,1.701974,6.63339,3.49811,2.14026,1.43308
2025-08-08,4.28196,,1.443284,6.398264,6.05609,1.695539,6.53132,3.45573,1.98161,1.42921
2025-08-15,4.32474,,1.344556,6.37732,6.00486,1.743085,6.50023,3.44558,1.92436,1.41433
2025-08-22,4.25664,,1.340849,6.337217,5.98773,1.784085,6.45646,3.45057,1.93184,1.41837
2025-08-29,4.22551,,1.293291,6.341558,6.02758,1.779608,6.44192,3.45382,1.85243,1.42914
2025-09-05,4.08188,2.855617,1.221435,6.372779,6.00292,1.770166,6.46286,3.47174,1.886,1.42729
2025-09-12,4.05476,2.813532,1.261187,6.316336,5.97052,1.794655,6.45094,3.47275,1.79488,1.40343
2025-09-19,4.13559,2.817801,1.318222,6.285656,5.95474,1.791722,6.35051,3.46542,1.82668,1.40313
2025-09-26,4.18231,2.943976,1.434275,6.405638,6.02416,1.874176,6.43028,3.53642,1.93428,1.3977
2025-10-03,4.11628,2.961316,1.394812,6.296376,6.01778,1.859463,6.40907,3.54763,1.92392,1.39634
2025-10-10,4.04843,2.965395,1.500343,6.088498,5.95501,1.846907,6.23631,3.59531,1.86638,1.38332
2025-10-17,4.00399,2.885904,1.580106,5.952116,5.952315,1.822568,6.099668,3.565706,1.779975,1.299242
2025-10-24,3.99399,2.915695,1.685912,5.974792,5.973096,1.845195,6.107107,3.577589,1.855283,1.268412
2025-10-31,4.09784,3.063309,1.704398,6.060678,5.931276,1.792755,6.137904,3.61494,1.959489,1.261463
2025-11-07,4.09031,3.235739,1.735969,6.166041,5.973139,1.805598,6.225393,3.619037,1.890851,1.276165
2025-11-14,4.14534,3.310913,1.735969,6.112078,5.875693,1.805721,6.218198,3.58582,1.908357,1.300762
2025-11-21,4.05942,3.26862,1.735969,6.168758,5.893189,1.812754,6.2322,3.598012,1.958193,1.30717
2025-11-28,4.01708,3.346169,,6.296922,5.932443,1.830025,6.298756,3.600015,2.10025,1.308627
2025-12-05,4.13653,3.375731,,6.179645,5.912851,1.830912,6.263011,3.616462,2.080844,1.334842
2025-12-12,4.19091,3.413293,,6.163335,6.030277,1.836883,6.266836,3.642255,2.277736,1.355563
2025-12-19,4.14807,3.337911,1.677628,6.133186,6.002768,1.82559,6.250708,3.639136,2.269322,1.36991
2025-12-26,4.12869,3.371087,1.677628,6.124792,6.054895,1.832803,6.255942,3.632012,2.281193,1.379777
2026-01-02,4.18379,3.385315,1.677628,6.030827,6.056987,1.842951,6.211035,3.610731,2.216355,1.378901
2026-01-09,4.16829,3.384946,1.707451,6.114809,6.018017,1.868701,6.21943,3.609708,2.164038,1.406157
2026-01-16,4.22786,3.481915,1.703177,6.236144,6.046749,1.835738,6.295001,3.644195,2.167212,1.408073
2026-01-23,4.23511,3.602603,1.856744,6.380554,6.06285,1.825447,6.420862,3.657565,2.114835,1.418127
2026-01-30,4.23846,3.607094,1.996535,6.318784,5.992779,1.807374,6.432517,3.629714,2.069729,1.423207
2026-02-06,4.20401,3.607094,1.83109,6.420822,5.960131,1.806439,6.411056,3.649653,1.989715,1.427086
2026-02-13,4.05309,3.607094,1.858904,6.385586,5.961616,1.782593,6.443376,3.64965,1.909262,1.448273
2026-02-20,4.08452,,1.899328,6.45154,5.966616,1.782593,6.458992,3.636487,1.925132,1.448273
2026-02-27,3.96021,,1.712393,6.413398,5.924122,1.80785,6.456204,3.615941,1.934713,1.446838
2026-03-06,4.13197,,1.834352,6.593603,6.295747,1.797519,6.581275,3.641628,1.975974,1.444419
2026-03-13,4.28159,,1.974925,6.777548,6.621418,1.823806,6.800459,3.662987,2.08043,1.452871
2026-03-20,4.38954,,2.078111,6.838618,6.889901,1.836465,6.936808,3.665814,2.122718,1.451997
2026-03-27,4.43679,,2.218727,6.835937,6.996177,1.814542,6.906578,3.73768,2.364507,1.54043
2026-04-03,4.34252,,2.160745,6.621179,6.852405,1.813429,6.76484,3.755345,2.235244,1.563141
2026-04-10,4.31511,,2.017724,6.54753,6.604874,1.808214,6.663712,3.724888,2.121258,1.559277
2026-04-17,4.24207,,2.0162,6.562551,6.678213,1.766569,6.653321,3.708862,2.026575,1.536419
2026-04-24,4.30712,,2.13211,6.759808,6.802889,1.751787,6.727276,3.695827,2.106445,1.516413
2026-05-01,4.3768,,2.181238,6.824835,6.934854,1.747604,6.812385,3.689875,2.132764,1.515573
2026-05-08,4.36115,3.912096,2.158552,6.576212,7.210829,1.758659,6.705715,3.693665,2.089605,1.536934
2026-05-15,4.59434,4.21446,2.213809,6.675155,7.621581,1.756207,6.753676,3.709226,2.126977,1.548918
2026-05-22,4.56973,4.135196,2.37324,6.716047,7.804295,1.74778,6.852546,3.742684,2.14081,1.614075
2026-05-29,4.4512,4.076194,2.309772,6.701157,7.492636,1.709682,6.832112,3.723046,2.025887,1.639479
2026-06-05,4.5343,4.254227,2.212136,6.850722,7.519735,1.715777,6.868933,3.724413,2.097501,1.66335
2026-06-12,4.48486,4.20263,2.210127,7.363967,7.571138,1.740565,7.402559,3.744536,2.034826,1.766689
2026-06-19,4.44933,4.17111,2.082288,7.052729,6.968196,1.724901,7.149343,3.739233,2.046174,1.767413
2026-06-26,4.37052,4.12057,2.017632,7.122133,6.914126,1.724452,7.239371,3.740305,2.005776,1.754684
2026-07-03,4.47523,4.200264,2.009916,7.104123,7.139361,1.73699,7.207649,3.73058,2.120352,1.754686
2026-07-10,4.56734,4.224056,1.953337,7.209159,7.24885,1.731114,7.256233,3.728945,2.117188,1.742251
2026-07-17,4.55236,4.295909,1.993917,7.226583,7.289782,1.732049,7.256585,3.742011,2.236601,1.72392
