date,KRW,THB,INR,PHP,CNY,IDR,MYR,SGD,TWD
1996-12-20,,2.0,,,,0.5,,,
1996-12-27,,2.0,,,,0.5,,-0.15,
1997-01-03,,2.0,,,,0.5,,-0.15,
1997-01-10,,2.0,,,,0.5,,-0.15,
1997-01-17,,2.0,,,,0.5,,-0.15,
1997-01-24,,,,,,,,,
1997-01-31,,,,,,,,,
1997-02-07,,,,,,,,,
1997-02-14,,,,,,,,,
1997-02-21,,,,,,,,,
1997-02-28,,,,,,,,,
1997-03-07,,,,,,,,,
1997-03-14,,,,,,,,,
1997-03-21,,,,,,,,,
1997-03-28,,,,,,,,,
1997-04-04,,,,,,,,,
1997-04-11,,,,,,,,,
1997-04-18,,,,,,,,,
1997-04-25,,,,,,,,,
1997-05-02,,,,,,,,,
1997-05-09,,,,,,,,,
1997-05-16,,,,,,,,,
1997-05-23,,,,,,,,,
1997-05-30,,5.5,,,,0.5,,-0.15,
1997-06-06,,5.5,,,,0.5,,-0.15,
1997-06-13,,0.0,,,,0.5,,-0.15,
1997-06-20,,0.0,,,,0.5,,-0.15,
1997-06-27,,0.0,,,,0.5,,-0.15,
1997-07-04,,0.0,,,,0.5,,-0.15,
1997-07-11,,0.0,,,,0.5,,-0.15,
1997-07-18,,0.0,,,,0.5,,-0.15,
1997-07-25,,0.0,,,,0.5,,-0.15,
1997-08-01,,0.0,,,,0.5,,-0.15,
1997-08-08,,0.0,,,,0.5,,-0.15,
1997-08-15,,0.0,,,,0.5,,-0.15,
1997-08-22,,0.0,,,,0.5,,-0.15,
1997-08-29,,0.0,,,,0.5,,1.5,
1997-09-05,,0.0,,,,0.5,,1.5,
1997-09-12,,0.0,,,,0.5,,1.5,
1997-09-19,,0.0,,,,0.5,,1.5,
1997-09-26,,0.0,,,,0.5,,1.5,
1997-10-03,,0.0,,,,0.5,,1.5,
1997-10-10,,0.0,,,,0.5,,1.5,
1997-10-17,,0.0,,,,0.5,,1.5,
1997-10-24,,0.0,,,,0.5,,1.5,
1997-10-31,,0.0,,,,0.5,,1.5,
1997-11-07,,0.0,,,,0.5,,1.5,
1997-11-14,,0.0,,,,0.5,,1.5,
1997-11-21,,0.0,,,,0.5,,1.5,
1997-11-28,,0.0,,,,0.5,0.0,1.5,
1997-12-05,,0.0,,,,0.5,0.0,1.5,
1997-12-12,,0.0,,,,0.5,0.0,1.5,
1997-12-19,,0.0,,,,0.5,0.0,1.5,
1997-12-26,,0.0,,,,0.5,0.0,1.5,
1998-01-02,,0.0,,,,0.5,0.0,1.5,
1998-01-09,,0.0,,,,0.5,0.0,1.5,
1998-01-16,,0.0,,,,0.5,0.0,1.5,
1998-01-23,,0.0,,,,0.5,0.0,1.5,
1998-01-30,,0.0,,,,0.5,0.0,1.5,
1998-02-06,,0.0,,,,0.5,0.0,1.5,
1998-02-13,,0.0,,,,0.5,0.0,1.5,
1998-02-20,,0.0,,,,0.5,0.0,1.5,
1998-02-27,,0.0,,,,0.5,0.0,1.5,
1998-03-06,,0.0,,,,0.5,0.0,1.5,
1998-03-13,,0.0,,,,0.5,0.0,1.5,
1998-03-20,,0.0,,,,0.5,0.0,1.5,
1998-03-27,,0.0,,,,0.5,0.0,1.5,
1998-04-03,,0.0,,,,0.5,0.0,1.5,
1998-04-10,,0.0,,,,0.5,0.0,1.5,
1998-04-17,,0.0,,,,0.5,0.0,1.5,
1998-04-24,,0.0,,,,0.5,0.0,1.5,
1998-05-01,,0.0,,,,0.5,0.0,1.5,
1998-05-08,,0.0,,,,0.5,0.0,1.5,
1998-05-15,,0.0,,,,0.5,0.0,1.5,
1998-05-22,,0.0,,,,0.5,0.0,1.5,
1998-05-29,,0.0,,,,0.5,0.0,1.5,
1998-06-05,,0.0,,,,0.5,0.0,1.5,
1998-06-12,,0.0,,,,0.5,0.0,1.5,
1998-06-19,,0.0,,,,0.5,0.0,1.5,
1998-06-26,,0.0,,,,0.5,0.0,1.5,
1998-07-03,,0.0,,,,0.5,0.0,1.5,
1998-07-10,,0.0,,,,0.5,0.0,1.5,
1998-07-17,,0.0,,,,0.5,0.0,1.5,
1998-07-24,,0.0,,,,0.5,0.0,1.5,
1998-07-31,,2.5,,,,15.0,2.5,2.5,
1998-08-07,,2.5,,,,30.0,5.0,2.5,
1998-08-14,,2.5,,,,30.0,5.0,2.5,
1998-08-21,,2.5,,,,30.0,5.0,2.5,
1998-08-28,,2.5,,,,30.0,5.0,2.5,
1998-09-04,,2.5,,,,30.0,5.0,2.5,
1998-09-11,,2.5,,,,30.0,5.0,2.5,
1998-09-18,,2.5,,,,30.0,5.0,5.0,1.25
1998-09-25,,2.5,,,,30.0,5.0,5.0,2.0
1998-10-02,,2.0,,,,30.0,5.0,5.0,0.0
1998-10-09,,1.0,,,,30.0,5.0,5.0,0.0
1998-10-16,,1.0,,,,30.0,5.0,5.0,0.0
1998-10-23,,1.0,,,,30.0,5.0,5.0,0.0
1998-10-30,,1.0,,,,30.0,5.0,5.0,0.0
1998-11-06,,1.0,,,,30.0,5.0,5.0,0.0
1998-11-13,,1.0,,,,30.0,5.0,5.0,0.0
1998-11-20,,1.0,,,,30.0,5.0,5.0,0.0
1998-11-27,,1.0,,,,30.0,5.0,5.0,0.0
1998-12-04,,1.0,,,,30.0,5.0,5.0,0.0
1998-12-11,,1.0,,,,30.0,5.0,5.0,0.0
1998-12-18,,1.0,,,,30.0,5.0,5.0,0.0
1998-12-25,,1.0,,,,30.0,5.0,5.0,0.0
1999-01-01,,1.0,,,,30.0,5.0,5.0,0.0
1999-01-08,,0.0,,,,30.0,5.0,5.0,0.0
1999-01-15,,0.0,,,,30.0,5.0,5.0,0.0
1999-01-22,,0.0,,,,30.0,5.0,5.0,0.0
1999-01-29,,0.0,,,,30.0,5.0,5.0,0.0
1999-02-05,,0.0,,,,30.0,5.0,5.0,0.0
1999-02-12,,1.0,,,,30.0,5.0,5.0,0.0
1999-02-19,,1.0,,,,30.0,5.0,5.0,0.0
1999-02-26,,1.0,,,,30.0,5.0,5.0,0.0
1999-03-05,,1.0,,,,30.0,5.0,5.0,0.0
1999-03-12,,1.0,,,,30.0,5.0,5.0,0.0
1999-03-19,,1.0,,,,30.0,5.0,5.0,0.0
1999-03-26,,1.0,,,,30.0,5.0,5.0,0.0
1999-04-02,,1.0,,,,30.0,5.0,5.0,0.0
1999-04-09,,1.0,,,,30.0,5.0,5.0,0.0
1999-04-16,,1.0,,,,30.0,5.0,5.0,0.0
1999-04-23,,1.0,,,,30.0,5.0,5.0,0.0
1999-04-30,,0.0,,,,30.0,5.0,5.0,0.0
1999-05-07,,0.0,,,,30.0,5.0,5.0,0.0
1999-05-14,,0.0,,,,30.0,5.0,5.0,0.0
1999-05-21,,0.0,,,,30.0,5.0,5.0,0.0
1999-05-28,,0.0,,,,30.0,5.0,5.0,0.0
1999-06-04,,0.0,,,,30.0,5.0,5.0,0.0
1999-06-11,,0.0,,,,30.0,5.0,5.0,0.0
1999-06-18,,0.0,,,,30.0,5.0,5.0,0.0
1999-06-25,,0.0,,,,30.0,5.0,5.0,0.0
1999-07-02,,0.0,,,,30.0,5.0,5.0,0.0
1999-07-09,,0.0,,,,30.0,5.0,5.0,0.0
1999-07-16,,0.0,,,,30.0,5.0,5.0,0.0
1999-07-23,,0.5,,,,30.0,5.0,5.0,0.0
1999-07-30,,0.5,,,,30.0,5.0,5.0,0.0
1999-08-06,,0.75,,,,30.0,5.0,5.0,0.0
1999-08-13,,0.75,,,,30.0,5.0,5.0,0.0
1999-08-20,,1.25,,,,30.0,5.0,5.0,0.0
1999-08-27,,1.25,,,,30.0,5.0,5.0,-0.15
1999-09-03,,1.0,,,,30.0,5.0,5.0,-0.15
1999-09-10,,1.25,,,,30.0,5.0,5.0,-0.15
1999-09-17,,2.25,,,,30.0,5.0,5.0,-0.15
1999-09-24,,2.5,,,,30.0,5.0,5.0,-0.15
1999-10-01,,2.5,,,,30.0,5.0,5.0,-0.15
1999-10-08,,2.0,,,,30.0,5.0,5.0,-0.15
1999-10-15,,2.0,,,,30.0,5.0,0.1,0.0
1999-10-22,,2.0,,,,30.0,5.0,0.1,0.0
1999-10-29,,0.0,,,,0.0,0.0,0.1,0.0
1999-11-05,,0.0,,,,0.0,0.0,0.0,0.0
1999-11-12,,0.0,,,,0.0,0.0,0.0,0.0
1999-11-19,,0.0,,,,0.0,0.0,0.0,0.0
1999-11-26,,0.0,,,,0.0,0.0,0.0,0.0
1999-12-03,,0.0,,,,0.0,0.0,0.0,0.0
1999-12-10,,0.0,,,,0.0,0.0,0.0,0.0
1999-12-17,,0.0,,,,0.0,0.0,0.0,0.0
1999-12-24,,0.0,,,,0.0,0.0,0.0,0.0
1999-12-31,,0.0,,,,0.0,0.0,0.0,0.0
2000-01-07,,0.0,,,,0.0,0.0,0.0,0.0
2000-01-14,,0.0,,,,0.0,0.0,0.0,0.0
2000-01-21,,0.0,,,,0.0,0.0,0.0,-0.7
2000-01-28,,0.0,,,,0.0,0.0,0.0,-0.7
2000-02-04,,0.0,,,,2.0,0.0,0.0,-0.7
2000-02-11,,0.0,,,,2.0,0.0,0.0,-0.7
2000-02-18,,0.0,,,,2.0,0.0,0.0,-0.6
2000-02-25,,0.0,,,,2.0,0.0,0.0,-0.4
2000-03-03,,0.0,,,,2.0,0.0,0.0,-0.4
2000-03-10,,0.0,,,,0.0,0.0,0.0,-0.4
2000-03-17,,0.0,,,,0.0,0.0,0.0,-0.4
2000-03-24,,0.0,,,,0.0,0.0,0.0,-0.4
2000-03-31,,0.0,,,,0.0,0.0,0.0,-0.5
2000-04-07,,0.0,,,,0.0,0.0,0.0,-0.5
2000-04-14,,0.0,,,,0.0,0.0,0.0,-0.5
2000-04-21,,0.0,,,,2.5,0.0,0.0,-0.25
2000-04-28,,0.0,,,,3.0,0.0,0.0,-0.25
2000-05-05,,0.0,,,,3.0,0.0,0.0,0.25
2000-05-12,,1.0,,,,3.0,0.0,0.0,0.25
2000-05-19,,1.0,,,,3.0,0.0,0.0,0.25
2000-05-26,,1.0,,,,3.0,0.0,0.0,0.25
2000-06-02,,1.0,,,,3.0,0.0,0.0,0.25
2000-06-09,,1.0,,,,3.0,0.0,0.0,0.25
2000-06-16,,1.0,,,,3.0,0.0,0.0,0.25
2000-06-23,,1.0,,,,3.0,0.0,0.0,0.25
2000-06-30,,1.0,,,,4.0,0.0,0.0,0.25
2000-07-07,,1.0,,,,3.0,0.0,0.0,0.25
2000-07-14,,1.0,,,,3.0,0.0,0.0,0.25
2000-07-21,,1.0,,,,3.0,0.0,0.0,0.25
2000-07-28,,1.0,,,,2.0,0.0,0.0,0.25
2000-08-04,,0.0,,,,0.0,0.0,0.0,0.25
2000-08-11,,0.0,,,,0.0,0.0,0.0,0.25
2000-08-18,,0.0,,,,1.0,0.0,0.0,0.25
2000-08-25,,1.0,,,,1.0,0.0,0.0,0.25
2000-09-01,,1.0,,,,1.0,0.0,0.0,0.25
2000-09-08,,1.0,,,,1.0,0.0,0.0,0.25
2000-09-15,,1.0,,,,5.0,0.0,1.0,1.0
2000-09-22,,2.0,,,,5.0,0.0,0.6,1.0
2000-09-29,,1.0,,,,5.0,0.0,0.6,1.0
2000-10-06,,1.6,,,,2.0,0.0,0.6,1.0
2000-10-13,,2.5,,,,2.0,0.0,0.6,1.0
2000-10-20,,2.0,,,,2.0,0.0,0.6,1.5
2000-10-27,,2.0,,,,2.0,0.0,0.6,1.5
2000-11-03,,2.0,,,,2.5,0.0,0.6,1.8
2000-11-10,,0.5,,,,2.5,0.0,0.4,1.3
2000-11-17,,0.5,,,,2.5,0.0,0.4,1.3
2000-11-24,,0.7,,,,2.5,0.0,0.4,2.0
2000-12-01,,0.7,,,,2.5,0.0,0.4,2.0
2000-12-08,,0.5,,,,2.5,0.0,0.4,2.0
2000-12-15,,1.5,,,,2.5,0.0,0.4,2.0
2000-12-22,,1.0,,,,2.5,0.0,0.4,2.2
2000-12-29,,2.0,,,,2.5,0.0,0.4,2.2
2001-01-05,,1.0,,,,2.5,0.0,0.4,2.2
2001-01-12,,2.0,,,,2.5,0.0,0.4,1.6
2001-01-19,,2.0,,,,2.5,0.0,0.4,1.6
2001-01-26,,1.5,,,,2.5,0.0,0.4,1.6
2001-02-02,,1.0,,,,2.5,0.0,0.4,1.6
2001-02-09,,1.0,,,,2.0,0.0,0.4,1.2
2001-02-16,,1.0,,,,2.0,0.0,0.2,0.75
2001-02-23,,1.0,,,,2.0,0.0,0.2,0.1
2001-03-02,,1.0,,,,2.0,0.0,0.2,0.1
2001-03-09,,1.0,,,,2.0,0.0,0.1,0.1
2001-03-16,,1.0,,,,2.0,0.0,0.3,0.1
2001-03-23,,1.5,,,,2.0,0.0,0.3,0.1
2001-03-30,,1.0,,,,2.0,0.0,0.3,0.1
2001-04-06,,1.0,,,,2.0,0.0,0.3,0.1
2001-04-13,,0.8,,,,2.0,0.0,0.3,0.1
2001-04-20,,0.5,,,,2.0,0.0,0.3,0.1
2001-04-27,,0.5,,,,2.0,0.0,0.3,0.1
2001-05-04,,0.5,,,,2.0,0.0,0.3,0.1
2001-05-11,,0.5,,,,2.0,0.0,0.3,0.1
2001-05-18,,0.0,,,,2.0,0.0,0.3,0.1
2001-05-25,,0.0,,,,2.0,0.0,0.3,0.1
2001-06-01,,0.0,,,,2.0,0.0,0.3,0.1
2001-06-08,,0.0,,,,2.0,0.0,0.3,0.1
2001-06-15,,0.0,,,,2.0,0.0,0.3,0.1
2001-06-22,,0.0,,,,2.0,0.0,0.3,2.0
2001-06-29,,0.0,,,,2.0,0.0,0.3,2.0
2001-07-06,,1.25,,,,2.0,0.0,0.3,2.0
2001-07-13,,1.25,,,,2.0,0.0,0.3,2.0
2001-07-20,,1.25,,,,2.0,0.0,0.3,2.0
2001-07-27,,1.25,,,,2.5,0.0,0.3,0.5
2001-08-03,,1.25,,,,2.5,0.0,0.0,0.5
2001-08-10,,0.8,,,,2.5,0.0,0.0,0.5
2001-08-17,,-0.8,,,,2.5,0.0,0.0,0.0
2001-08-24,,-0.2,,,,2.5,0.0,0.0,0.0
2001-08-31,,-0.2,,,,2.5,0.0,0.0,0.0
2001-09-07,,0.0,,,,2.5,0.0,0.0,0.0
2001-09-14,,0.0,,,,2.5,0.0,0.0,0.0
2001-09-21,,0.0,,,,2.5,0.0,0.0,0.0
2001-09-28,,0.0,,,,2.5,0.0,0.0,0.0
2001-10-05,,0.0,,,,2.5,0.0,0.0,0.0
2001-10-12,,0.0,,,,2.5,0.0,0.0,0.0
2001-10-19,,0.0,,,,2.5,0.0,0.0,0.0
2001-10-26,,0.0,,,,2.5,0.0,0.0,0.0
2001-11-02,,0.0,,,,2.5,0.0,0.0,0.0
2001-11-09,,0.0,,,,2.5,0.0,0.0,0.0
2001-11-16,,0.0,,,,2.5,0.0,0.0,0.0
2001-11-23,,0.0,,,,2.5,0.0,0.0,0.0
2001-11-30,,0.0,,,,2.5,0.0,0.0,-0.3
2001-12-07,,0.0,,,,2.5,0.0,0.0,0.0
2001-12-14,,0.0,,,,2.5,0.0,0.0,0.0
2001-12-21,,0.0,,,,2.5,0.0,0.0,0.0
2001-12-28,,0.0,,,,2.5,0.0,0.0,0.0
2002-01-04,,0.0,,,,2.5,0.0,0.0,0.0
2002-01-11,,0.0,,,,2.5,0.0,0.0,0.0
2002-01-18,,0.0,,,,2.5,0.0,0.0,0.0
2002-01-25,,0.0,,,,2.5,0.0,0.0,0.0
2002-02-01,,0.0,,,,2.5,0.0,0.0,0.0
2002-02-08,,0.0,,,,2.5,0.0,0.0,0.0
2002-02-15,,0.0,,,,2.5,0.0,0.0,0.0
2002-02-22,,0.0,,,,2.5,0.0,0.0,0.0
2002-03-01,,0.0,,,,2.5,0.0,0.0,0.0
2002-03-08,,0.0,,,,2.5,0.0,0.0,0.0
2002-03-15,,0.0,,,,2.5,0.0,0.0,0.0
2002-03-22,,0.0,,,,2.5,0.0,0.1,0.0
2002-03-29,,0.0,,,,2.5,0.0,0.1,0.0
2002-04-05,,0.0,,,,2.5,0.0,0.1,0.0
2002-04-12,,0.0,,,,2.5,0.0,0.1,0.0
2002-04-19,,0.0,,,,2.5,0.0,-0.5,0.0
2002-04-26,,0.0,,,,2.5,0.0,-0.5,-0.3
2002-05-03,,0.0,,,,2.5,0.0,-0.5,-0.3
2002-05-10,,0.0,,,,2.5,0.0,-0.5,-0.3
2002-05-17,,0.0,,,,2.5,0.0,-0.5,-0.3
2002-05-24,,0.0,,,,2.5,0.0,-0.4,-0.3
2002-05-31,,0.0,,,,2.5,0.0,-0.4,-0.3
2002-06-07,,0.0,,,,2.5,0.0,-0.3,-0.3
2002-06-14,,-0.6,,,,2.5,0.0,-0.3,-0.3
2002-06-21,,-0.6,,,,2.5,0.0,-0.4,-0.3
2002-06-28,,-0.6,,,,2.5,0.0,-0.4,-0.5
2002-07-05,,-0.6,,,,2.5,0.0,-0.4,-0.5
2002-07-12,,-1.0,,,,2.5,0.0,-1.0,-0.5
2002-07-19,,-1.0,,,,2.5,0.0,-1.0,-0.5
2002-07-26,,-1.0,,,,2.5,0.0,-1.0,0.0
2002-08-02,,-0.25,,,,2.5,0.0,-0.4,0.0
2002-08-09,,-0.1,,,,2.5,0.0,0.0,0.0
2002-08-16,,-0.35,,,,2.5,0.0,-0.5,0.0
2002-08-23,,-0.4,,,,2.5,0.0,-0.2,0.0
2002-08-30,,-0.4,,,,2.5,0.0,-0.2,0.0
2002-09-06,,-0.4,,,,2.5,0.0,-0.02,0.0
2002-09-13,,-0.4,,,,2.5,0.0,-0.02,0.0
2002-09-20,,,,,,2.5,0.0,0.5,0.15
2002-09-27,,0.5,,,,2.5,0.0,0.25,0.4
2002-10-04,,0.5,,,,0.5,0.0,0.25,0.4
2002-10-11,,0.5,,,,0.5,0.0,0.25,0.4
2002-10-18,,0.0,,,,0.5,0.0,0.0,0.4
2002-10-25,,0.0,,,,0.5,0.0,0.0,0.2
2002-11-01,,0.0,,,,0.5,0.0,0.0,0.2
2002-11-08,,0.0,,,,0.5,0.0,0.0,-0.15
2002-11-15,,0.0,,,,0.5,0.0,0.0,-0.15
2002-11-22,,0.0,,,,0.5,0.0,0.0,0.1
2002-11-29,,0.0,,,,0.5,0.0,0.0,0.1
2002-12-06,,0.0,,,,0.5,0.0,0.0,0.1
2002-12-13,,0.0,,,,0.5,0.0,0.0,0.1
2002-12-20,,0.0,,,,0.5,0.0,0.0,0.1
2002-12-27,,0.0,,,,0.5,0.0,0.0,0.0
2003-01-03,,0.0,,,,0.5,0.0,0.2,0.0
2003-01-10,,-0.5,,,,0.5,0.0,0.0,0.0
2003-01-17,,-0.5,,,,0.5,0.0,0.0,0.0
2003-01-24,,-0.5,,,,0.5,0.0,0.0,0.0
2003-01-31,,-0.5,,,,0.0,0.0,0.0,0.0
2003-02-07,,-0.5,,,,0.0,0.0,0.0,0.0
2003-02-14,,0.0,,,,0.0,0.0,0.2,0.2
2003-02-21,,-0.5,,,,0.0,0.0,0.0,0.2
2003-02-28,,-0.5,,,,0.0,0.0,-0.2,-0.1
2003-03-07,,-0.5,,,,0.0,0.0,-0.2,-0.1
2003-03-14,,-0.25,,,,0.0,0.0,-0.1,-0.1
2003-03-21,,-0.25,,,,0.0,0.0,-0.1,-0.1
2003-03-28,,-0.25,,,,0.0,0.0,0.2,-0.1
2003-04-04,,0.0,,,,0.0,0.0,0.3,-0.1
2003-04-11,,0.0,,,,0.0,0.0,0.3,-0.1
2003-04-18,,0.0,,,,0.0,0.0,0.0,-0.1
2003-04-25,,0.0,,,,0.0,0.0,0.0,0.3
2003-05-02,,0.0,,,,0.0,0.0,0.0,0.3
2003-05-09,,-0.3,,,,0.0,0.0,-0.2,0.0
2003-05-16,,-0.2,,,,0.0,0.0,-0.3,-0.2
2003-05-23,,-0.7,,,,0.0,0.0,-0.3,-0.3
2003-05-30,,-0.7,,,,0.0,0.0,-0.3,-0.3
2003-06-06,,-0.7,,,,0.0,0.0,-0.3,-0.3
2003-06-13,,-0.7,,,,0.0,0.0,-0.3,-0.3
2003-06-20,,-0.5,,,,0.0,0.0,-0.3,-0.3
2003-06-27,,-0.4,,,,0.0,0.0,0.2,-0.3
2003-07-04,,-0.4,,,,0.0,0.0,0.2,-0.5
2003-07-11,,-0.5,,,,0.0,0.0,0.2,-0.5
2003-07-18,,-0.5,,,,0.0,0.0,0.1,-0.4
2003-07-25,,0.0,,,,0.0,0.0,0.1,-0.4
2003-08-01,,0.0,,,,0.0,0.0,0.1,-0.4
2003-08-08,,0.0,,,,0.0,0.0,0.1,-0.25
2003-08-15,,0.0,0.0,,,0.0,0.0,0.1,-0.25
2003-08-22,,0.0,0.0,,,0.0,0.0,-0.2,-0.25
2003-08-29,,-0.75,0.0,,,0.0,0.0,0.0,-0.25
2003-09-05,,-0.75,0.0,,,0.0,0.0,0.0,-0.25
2003-09-12,,0.0,0.0,,,0.0,0.0,-0.1,-0.25
2003-09-19,,-0.2,0.0,,,0.0,0.0,-0.2,-0.7
2003-09-26,,-0.5,0.0,,,0.0,0.0,-0.6,-0.85
2003-10-03,,-0.75,0.0,,,0.0,0.0,-0.6,-0.85
2003-10-10,,-1.0,0.0,,,0.0,0.0,-0.6,-0.85
2003-10-17,,-1.0,0.0,,,0.0,0.0,-0.6,-0.1
2003-10-24,,-1.0,0.0,,,0.0,0.0,-0.6,-0.1
2003-10-31,,0.0,0.0,,,0.0,0.0,-0.4,-0.1
2003-11-07,,0.0,0.0,,,0.0,0.0,-0.1,-0.1
2003-11-14,,0.0,0.0,,,0.0,0.0,-0.25,-0.1
2003-11-21,,0.0,0.0,,,0.0,0.0,-0.2,-0.1
2003-11-28,,0.0,0.0,,,0.0,0.0,-0.2,0.0
2003-12-05,-0.3,0.0,0.0,,,0.0,0.0,-0.2,0.0
2003-12-12,-0.3,-0.15,0.0,,,0.0,0.0,-0.3,0.0
2003-12-19,-0.3,-0.4,0.0,,,0.0,0.0,-0.3,0.0
2003-12-26,0.0,-0.4,0.0,,,0.0,0.0,-0.3,0.0
2004-01-02,0.0,-0.4,0.0,,,0.0,0.0,-0.3,0.0
2004-01-09,-0.25,-0.5,0.0,,,0.0,0.0,-0.3,0.0
2004-01-16,-0.6,-0.5,0.0,,,0.0,0.0,-0.3,0.0
2004-01-23,0.0,-0.5,0.0,,,0.0,0.0,-0.3,0.0
2004-01-30,-0.5,0.35,-0.4,,,0.0,0.0,-0.3,0.0
2004-02-06,-0.5,0.0,-0.4,,,0.0,0.0,-0.3,0.0
2004-02-13,-0.5,-0.25,-0.4,,,0.0,0.0,-0.3,0.0
2004-02-20,0.0,-0.25,-0.4,,,0.0,0.0,-0.3,0.0
2004-02-27,0.0,-0.25,-0.4,,,0.0,0.0,-0.3,0.0
2004-03-05,0.0,-0.25,-0.2,,,0.0,0.0,0.0,0.0
2004-03-12,0.0,-0.25,-0.2,,,0.0,0.0,0.0,0.0
2004-03-19,-0.25,-0.25,-0.2,,,0.0,0.0,0.0,0.0
2004-03-26,-0.25,-0.25,-0.2,,,0.0,0.0,0.0,0.0
2004-04-02,-0.5,-0.5,-0.75,,,0.0,0.0,0.0,0.0
2004-04-09,-0.3,-0.5,-0.75,,,0.0,0.0,0.0,0.0
2004-04-16,-0.2,-0.5,-0.75,,,0.0,0.0,0.0,0.0
2004-04-23,0.0,-0.5,-0.75,,,0.0,0.0,0.0,0.0
2004-04-30,0.0,0.5,-0.75,,,0.0,0.0,0.0,0.0
2004-05-07,0.0,0.5,-0.75,,,0.0,0.0,0.0,0.0
2004-05-14,0.2,0.5,0.2,,,0.0,0.0,0.0,0.0
2004-05-21,0.2,0.5,0.2,,,0.0,0.0,0.0,0.0
2004-05-28,0.2,0.5,0.2,,,0.0,0.0,0.0,0.0
2004-06-04,0.0,0.0,0.2,,,0.0,0.0,0.0,0.0
2004-06-11,0.0,0.0,0.2,,,0.0,0.0,0.0,0.0
2004-06-18,0.0,0.0,0.2,,,0.0,0.0,0.0,0.0
2004-06-25,0.0,0.5,0.5,,,0.0,0.0,0.0,0.0
2004-07-02,0.3,0.5,0.35,,,0.0,0.0,0.0,0.0
2004-07-09,0.3,0.5,0.0,,,0.0,0.0,0.0,0.0
2004-07-16,0.35,0.5,0.0,,,0.0,0.0,0.0,0.0
2004-07-23,0.35,0.5,0.5,,,0.0,0.0,0.0,0.0
2004-07-30,0.5,0.5,0.5,,,0.0,0.0,0.0,0.0
2004-08-06,0.25,0.5,0.5,,,0.0,0.0,0.0,0.0
2004-08-13,0.25,0.5,0.5,,,0.0,0.0,0.0,0.0
2004-08-20,0.25,0.5,0.3,,,0.0,0.0,0.0,0.0
2004-08-27,0.25,0.6,0.3,,,0.0,0.0,0.0,0.0
2004-09-03,0.25,0.6,0.3,,,0.0,0.0,0.0,0.0
2004-09-10,0.2,0.3,0.0,,,0.0,0.0,0.0,0.0
2004-09-17,0.2,-0.3,-0.2,,,0.0,0.0,0.0,0.0
2004-09-24,0.3,-0.3,-0.2,,,0.0,0.0,0.0,0.0
2004-10-01,0.5,0.3,0.2,0.5,,0.0,0.0,0.0,0.0
2004-10-08,0.7,0.0,0.2,0.5,,0.0,0.0,0.0,0.0
2004-10-15,0.55,0.0,0.2,0.5,,0.0,0.0,0.0,0.0
2004-10-22,0.3,0.0,0.0,0.5,,0.0,0.0,0.0,0.0
2004-10-29,0.0,-0.25,-0.25,0.5,,0.0,0.0,0.0,0.0
2004-11-05,-0.3,-0.25,-0.25,0.5,,0.0,0.0,0.0,0.0
2004-11-12,-0.5,-0.5,-0.5,0.5,,0.0,0.0,0.0,-0.75
2004-11-19,-1.5,-0.5,-0.5,0.5,,0.0,0.0,0.0,-1.0
2004-11-26,-1.25,-0.5,-0.5,0.5,,0.0,0.0,0.0,-1.5
2004-12-03,-1.0,-0.5,-1.0,0.5,,0.0,0.0,0.0,-1.0
2004-12-10,-1.0,-0.5,-1.0,0.5,,0.0,0.0,0.0,-1.0
2004-12-17,-0.5,-0.75,-1.0,0.5,,0.0,0.0,0.0,-1.0
2004-12-24,-0.5,-0.75,-0.75,0.5,,0.5,0.0,0.0,-1.0
2004-12-31,-0.75,-0.75,-0.75,1.0,,0.5,0.0,-0.5,-1.8
2005-01-07,0.0,0.0,0.0,1.0,,0.5,0.0,-0.7,-0.5
2005-01-14,0.0,0.0,0.0,1.0,,0.5,0.0,-0.5,-0.5
2005-01-21,0.0,0.0,0.0,1.0,,0.5,0.0,-0.5,-0.5
2005-01-28,0.0,0.0,0.0,1.0,,0.5,0.0,-0.5,-0.25
2005-02-04,0.0,0.0,0.0,1.0,,0.5,0.0,-0.5,-0.25
2005-02-11,0.0,0.0,0.0,1.0,,0.5,0.0,-0.5,-0.25
2005-02-18,0.2,0.0,0.0,1.0,,0.5,0.0,-0.5,-0.25
2005-02-25,0.2,0.0,0.0,1.0,,0.5,0.0,-0.5,-0.25
2005-03-04,0.0,-0.1,0.0,1.0,,0.5,0.0,-0.5,-0.25
2005-03-11,0.0,-0.1,0.0,0.0,,0.5,0.0,-0.25,-0.25
2005-03-18,0.0,0.0,0.0,0.0,,0.5,0.0,-0.25,-0.25
2005-03-25,0.0,0.0,0.0,0.0,,0.5,0.0,-0.1,-0.25
2005-04-01,0.0,0.2,0.0,0.0,,0.5,0.0,-0.1,0.0
2005-04-08,0.0,0.2,0.0,0.0,,0.5,0.0,-0.1,0.0
2005-04-15,0.0,0.2,0.0,0.0,,0.5,0.0,-0.1,0.0
2005-04-22,-0.1,-0.1,0.0,0.0,,0.5,0.0,-0.1,0.0
2005-04-29,-0.5,-0.1,0.0,0.0,,0.5,0.0,-0.1,-0.35
2005-05-06,-0.5,-0.2,0.0,0.0,,0.5,0.0,-0.25,-0.35
2005-05-13,-0.2,0.0,0.0,0.0,-3.0,0.5,0.0,-0.25,-0.35
2005-05-20,0.0,0.0,0.0,0.0,-2.5,0.5,0.0,-0.25,-0.35
2005-05-27,0.0,0.25,0.0,0.0,-2.5,0.5,0.0,-0.25,-0.25
2005-06-03,0.0,0.25,0.0,0.0,-2.5,0.5,0.0,-0.1,0.0
2005-06-10,0.0,0.0,0.0,0.5,-2.5,0.5,0.0,-0.1,0.0
2005-06-17,0.0,0.0,0.0,0.5,-2.5,0.5,0.0,-0.1,0.0
2005-06-24,0.0,0.0,0.0,0.0,-2.5,0.5,0.0,-0.1,0.0
2005-07-01,0.5,0.0,0.0,0.0,-2.5,0.5,0.0,-0.1,0.1
2005-07-08,1.0,0.0,0.0,0.0,-2.5,0.5,0.0,-0.1,0.15
2005-07-15,0.35,0.0,0.0,0.0,-2.5,0.5,0.0,-0.1,0.15
2005-07-22,0.2,0.0,-0.2,0.0,-2.0,0.5,0.0,-0.1,0.15
2005-07-29,0.25,0.0,-0.2,0.0,-2.0,0.5,0.0,-0.1,0.0
2005-08-05,0.0,0.2,-0.2,0.0,-2.0,0.5,0.0,-0.1,0.0
2005-08-12,0.0,0.2,-0.2,0.0,-2.0,0.5,0.0,-0.1,0.0
2005-08-19,0.2,0.2,-0.2,0.0,-2.0,0.5,0.0,-0.1,0.0
2005-08-26,0.25,0.2,-0.2,0.0,-2.0,1.5,0.0,-0.1,0.0
2005-09-02,0.25,0.2,-0.2,0.0,-2.0,3.0,0.0,0.0,0.0
2005-09-09,0.25,0.2,-0.2,0.0,-2.0,2.5,0.0,0.0,0.0
2005-09-16,0.25,0.2,-0.2,0.0,-2.0,2.5,0.0,0.0,0.0
2005-09-23,0.25,0.2,,0.0,-2.0,6.5,0.0,0.0,0.0
2005-09-30,0.4,0.2,,0.0,-2.0,6.5,0.0,0.0,0.0
2005-10-07,0.4,0.2,0.4,0.0,-0.1,6.5,0.0,0.0,0.0
2005-10-14,0.4,0.2,0.6,0.0,-0.1,6.5,0.0,0.0,0.0
2005-10-21,0.5,0.2,0.6,0.0,-0.1,6.5,0.0,0.0,0.0
2005-10-28,0.5,0.2,0.6,0.0,-0.1,6.5,-0.1,0.0,0.0
2005-11-04,0.5,0.2,0.6,0.0,-0.1,5.0,-0.1,0.0,0.0
2005-11-11,0.5,0.2,0.9,0.0,-0.1,5.0,-0.1,0.0,0.0
2005-11-18,0.1,0.2,0.5,0.0,-0.1,5.0,-0.1,0.0,0.0
2005-11-25,0.1,0.2,0.3,0.0,-0.5,5.0,-0.1,0.0,0.0
2005-12-02,0.1,0.2,0.3,0.0,-0.5,5.0,-0.1,0.0,0.0
2005-12-09,0.1,0.2,0.3,0.0,-0.5,3.0,-0.1,0.0,0.0
2005-12-16,0.0,0.2,0.3,0.0,-0.5,3.0,-0.1,-0.25,0.0
2005-12-23,0.0,0.2,0.1,0.0,-0.5,3.0,-0.1,-0.35,-0.1
2005-12-30,0.0,0.2,0.1,0.0,-0.5,3.0,-0.1,-0.35,-0.1
2006-01-06,-0.5,-0.2,0.0,0.0,-0.5,3.0,-0.1,-0.35,-0.75
2006-01-13,-0.6,-0.5,0.0,0.0,-0.5,3.0,-0.1,-0.35,-0.85
2006-01-20,-0.2,-0.7,0.0,0.0,-0.5,2.5,-0.1,-0.35,-0.85
2006-01-27,-0.35,-0.5,0.0,0.0,-0.5,2.5,-0.1,-0.35,-0.75
2006-02-03,-0.2,-0.2,0.0,0.0,-0.5,2.5,-0.1,-0.35,-0.75
2006-02-10,-0.2,0.1,0.0,0.0,-0.5,1.75,-0.1,-0.35,-0.65
2006-02-17,-0.2,0.1,0.25,0.0,-0.5,1.75,-0.1,-0.35,-0.3
2006-02-24,0.0,0.45,0.25,0.0,-0.5,1.75,-0.1,-0.35,-0.3
2006-03-03,-0.15,0.45,0.0,2.0,-0.5,1.75,-0.1,-0.35,-0.25
2006-03-10,0.0,0.3,0.2,0.5,-0.5,1.75,-0.1,-0.35,-0.35
2006-03-17,-0.1,0.3,0.2,0.5,-0.5,1.75,-0.1,-0.35,-0.35
2006-03-24,-0.1,0.3,0.2,0.5,-0.5,1.75,-0.1,-0.35,-0.35
2006-03-31,-0.1,0.3,0.2,0.5,-0.5,1.75,-0.1,-0.35,-0.35
2006-04-07,-0.3,-0.3,0.2,0.5,-0.5,1.75,-0.1,-0.35,-0.35
2006-04-14,-0.3,-0.3,0.35,0.5,-0.5,1.75,-0.1,-0.35,-0.35
2006-04-21,-0.5,-0.3,0.35,0.5,-0.5,1.25,-0.1,-0.35,-0.65
2006-04-28,-0.55,-0.3,0.35,0.5,-0.5,1.25,-0.1,-0.35,-0.65
2006-05-05,-0.5,-0.3,0.35,0.5,-0.5,1.25,-0.1,-0.35,-0.65
2006-05-12,-0.5,-0.3,0.15,0.5,-0.5,1.25,,-0.725,-0.7
2006-05-19,-0.15,0.1,0.3,0.5,-0.5,1.25,,-0.725,-0.25
2006-05-26,-0.25,0.1,0.5,0.5,-0.5,2.25,,-0.65,-0.3
2006-06-02,-0.25,0.1,0.75,0.5,-0.5,2.25,,-0.65,-0.3
2006-06-09,0.0,0.1,0.2,0.5,-0.5,2.25,,-0.65,0.0
2006-06-16,0.0,0.1,0.2,0.5,-0.5,2.25,,-0.65,0.0
2006-06-23,0.0,0.1,0.2,0.5,-0.5,2.25,,-0.65,0.0
2006-06-30,-0.1,0.1,0.2,0.5,-0.5,2.25,,-0.65,0.0
2006-07-07,-0.1,0.2,0.2,0.5,-0.5,2.25,,-0.65,0.0
2006-07-14,-0.1,0.1,0.5,0.5,-0.5,2.25,,-0.65,0.0
2006-07-21,-0.2,0.1,1.0,0.5,-0.5,2.25,,-0.65,0.0
2006-07-28,-0.2,-0.1,1.0,0.5,-0.5,2.25,,-0.65,0.0
2006-08-04,0.0,-0.1,0.3,0.5,-0.5,2.25,,-0.65,-0.1
2006-08-11,0.0,-0.1,0.3,0.5,-0.5,2.25,,-0.65,-0.1
2006-08-18,0.0,0.1,0.3,0.5,-0.5,2.25,,-0.65,-0.1
2006-08-25,0.0,0.1,0.1,0.5,-0.5,2.25,,-0.65,-0.1
2006-09-01,0.0,0.1,0.1,0.5,-0.5,2.25,-0.25,-0.65,-0.1
2006-09-08,0.0,0.1,0.0,0.5,-0.5,2.25,-0.25,-0.65,-0.1
2006-09-15,0.0,0.1,0.0,0.5,-0.5,2.25,-0.25,-0.3,-0.1
2006-09-22,0.0,0.5,0.0,0.5,-0.5,2.25,-0.25,-0.3,-0.1
2006-09-29,0.0,0.4,0.0,0.5,-0.5,2.25,-0.25,-0.3,0.0
2006-10-06,0.0,0.4,0.0,0.5,-0.5,2.0,-0.25,-0.3,0.0
2006-10-13,0.5,0.4,0.0,0.5,-0.5,2.0,-0.25,-0.3,0.0
2006-10-20,0.2,0.4,0.0,0.1,-0.5,2.0,-0.25,-0.3,0.0
2006-10-27,0.2,0.2,0.0,0.1,-0.5,2.0,-0.25,-0.3,0.0
2006-11-03,0.0,0.1,0.0,0.1,-0.5,2.0,-0.25,-0.3,-0.3
2006-11-10,0.0,0.1,0.0,0.1,-0.5,2.0,-0.25,-0.3,-0.3
2006-11-17,0.0,0.15,0.2,0.1,-0.5,2.0,-0.25,-0.3,-0.3
2006-11-24,0.0,0.15,0.1,0.1,-0.5,2.0,-0.25,-0.3,-0.3
2006-12-01,0.0,0.0,0.1,0.1,-0.5,2.0,-0.25,-0.3,-0.5
2006-12-08,-0.4,0.1,0.1,0.1,-0.5,2.0,-0.25,-0.3,-0.5
2006-12-15,-0.4,0.1,0.25,0.1,-0.5,2.0,-0.25,-0.3,-0.5
2006-12-22,-0.2,0.5,0.25,0.1,-0.5,2.0,-0.25,-0.3,-0.5
2006-12-29,-0.2,0.5,0.25,0.1,-0.5,2.0,-0.25,-0.3,-0.5
2007-01-05,-0.2,0.9,0.25,0.1,-0.5,2.0,-0.25,-0.3,-0.5
2007-01-12,-0.2,0.9,0.25,0.1,-0.5,2.0,-0.25,-0.3,-0.4
2007-01-19,-0.2,0.7,0.25,0.1,-0.5,2.0,-0.25,-0.3,-0.25
2007-01-26,0.0,0.25,0.25,0.1,-0.5,2.0,-0.25,-0.3,-0.25
2007-02-02,-0.1,0.25,0.25,0.1,-0.25,2.0,-0.25,-0.3,-0.25
2007-02-09,-0.1,0.25,0.25,0.1,-0.25,2.0,-0.25,-0.3,0.0
2007-02-16,-0.1,0.25,0.25,0.1,-0.25,2.0,-0.25,-0.3,0.0
2007-02-23,-0.1,0.25,0.25,0.1,-0.25,2.0,-0.25,-0.3,0.0
2007-03-02,0.0,0.25,0.25,0.1,-0.25,2.0,-0.25,-0.3,0.0
2007-03-09,0.0,0.25,0.25,0.3,-0.25,2.0,-0.25,-0.3,-0.4
2007-03-16,0.0,0.25,0.25,0.3,-0.25,1.5,-0.25,-0.3,-0.4
2007-03-23,-0.15,0.25,0.4,0.3,-0.25,1.5,-0.25,-0.3,-0.4
2007-03-30,-0.15,0.25,0.4,0.3,-0.25,1.5,-0.25,-0.3,-0.4
2007-04-06,-0.15,0.25,0.0,0.3,-0.25,1.5,-0.25,-0.3,-0.4
2007-04-13,-0.15,0.25,0.0,0.3,-0.25,1.5,-0.25,-0.3,-0.4
2007-04-20,-0.15,0.25,0.0,0.3,-0.25,1.5,-0.25,-0.3,-0.4
2007-04-27,-0.15,0.25,0.0,0.0,-0.25,1.5,-0.25,-0.3,-0.2
2007-05-04,-0.15,0.25,0.0,0.3,-0.25,0.0,-0.25,-0.3,-0.2
2007-05-11,-0.15,0.25,0.2,0.3,-0.25,-0.75,-0.25,-0.3,-0.2
2007-05-18,-0.15,0.25,0.2,0.3,-0.25,-0.75,-0.25,-0.3,-0.2
2007-05-25,-0.15,0.25,0.0,0.3,-0.25,-0.75,-0.25,-0.3,-0.2
2007-06-01,-0.15,0.25,0.0,0.0,-0.25,-0.75,0.0,-0.3,-0.2
2007-06-08,0.0,0.25,0.0,0.0,-0.25,0.0,0.5,-0.3,-0.2
2007-06-15,0.0,0.25,0.5,0.0,-0.25,2.0,0.0,-0.3,-0.2
2007-06-22,0.0,0.25,0.5,0.0,-0.25,2.0,0.0,0.0,-0.2
2007-06-29,0.0,0.25,0.75,0.0,-0.25,2.0,0.5,0.0,-0.6
2007-07-06,-0.15,0.0,0.25,0.8,-0.25,2.0,0.4,0.0,-0.5
2007-07-13,-0.15,0.5,0.25,0.8,-0.25,1.0,0.4,0.0,-0.55
2007-07-20,-0.15,0.5,0.0,0.25,-0.25,1.5,0.4,0.0,-0.55
2007-07-27,-0.15,0.5,0.5,1.0,-0.25,1.75,1.5,0.0,-0.55
2007-08-03,-0.15,0.5,0.5,1.99,-0.25,1.75,0.6,0.0,-0.55
2007-08-10,0.1,0.5,0.5,1.25,-0.25,1.75,0.6,0.2,-0.55
2007-08-17,1.5,0.5,1.0,2.0,0.0,1.75,0.6,0.5,0.2
2007-08-24,0.5,0.5,2.0,2.0,0.0,2.5,0.5,0.5,0.2
2007-08-31,0.45,0.5,1.5,2.0,0.0,1.5,0.5,0.5,0.19
2007-09-07,0.55,0.5,1.25,2.0,0.0,1.25,0.5,0.45,0.15
2007-09-14,0.01,0.5,1.0,1.0,0.0,1.25,0.25,0.0,0.15
2007-09-21,0.01,0.5,-0.25,1.0,0.0,0.1,0.1,-0.2,-0.7
2007-09-28,-0.25,0.5,-0.25,0.5,0.0,0.1,0.0,-0.35,-0.8
2007-10-05,-0.4,0.5,-0.25,0.5,0.0,0.4,0.25,-0.4,-0.8
2007-10-12,0.15,0.5,0.01,0.5,0.0,0.4,0.0,-0.4,-0.6
2007-10-19,-0.1,0.5,2.0,0.5,0.0,0.7,0.5,-0.25,-0.6
2007-10-26,-0.5,0.5,2.0,0.8,-0.4,0.7,0.1,-0.25,-0.6
2007-11-02,0.1,0.5,1.5,0.8,-0.4,0.7,0.6,-0.25,-0.85
2007-11-09,-0.25,0.5,1.0,0.25,-0.4,0.7,0.6,-0.3,-0.9
2007-11-16,0.25,0.5,1.0,0.25,-0.6,1.0,0.6,-0.3,-0.9
2007-11-23,0.7,0.5,1.5,0.25,-1.5,1.8,0.6,0.01,-0.9
2007-11-30,0.7,0.5,1.5,0.25,-1.5,1.8,0.65,0.01,-0.8
2007-12-07,0.7,0.5,1.25,0.25,-1.25,1.8,0.65,0.01,-0.8
2007-12-14,0.5,0.5,0.7,0.25,-1.25,0.5,0.65,-0.2,-0.8
2007-12-21,1.5,0.5,1.3,0.25,-1.25,0.5,0.65,0.3,-0.5
2007-12-28,1.0,0.5,1.0,0.25,-1.25,0.5,0.4,0.01,-0.8
2008-01-04,1.0,0.5,0.01,0.25,-1.25,0.7,0.5,-0.15,-0.8
2008-01-11,0.6,0.5,0.01,0.25,-1.25,1.0,0.5,0.01,-0.8
2008-01-18,1.2,0.5,0.01,0.25,-1.25,1.0,0.6,0.3,-0.6
2008-01-25,1.0,0.5,0.5,0.75,-1.25,1.3,0.6,0.3,-0.25
2008-02-01,0.8,0.5,0.5,0.75,-1.25,1.3,0.5,0.3,-0.25
2008-02-08,0.8,0.5,0.75,0.75,-1.25,1.3,0.5,0.3,-1.0
2008-02-15,1.0,0.5,1.0,0.75,-1.25,1.3,0.5,0.6,-1.0
2008-02-22,1.0,0.5,1.25,0.75,-1.25,1.3,0.6,0.6,-1.2
2008-02-29,0.1,0.5,1.0,0.75,-1.25,0.7,0.6,0.01,-1.1
2008-03-07,1.5,0.25,1.5,0.75,-1.25,1.0,0.5,0.5,-1.1
2008-03-14,3.0,0.25,1.5,1.0,-1.25,1.5,0.7,0.5,-0.5
2008-03-21,4.0,0.25,1.75,1.75,-1.5,1.5,0.7,0.5,-0.3
2008-03-28,3.3,0.25,1.75,1.75,-1.5,1.5,0.7,0.5,-1.0
2008-04-04,2.0,0.25,1.0,1.75,-1.5,1.0,0.7,0.5,-0.8
2008-04-11,1.8,0.25,1.0,1.75,-1.25,0.7,0.7,0.01,-1.0
2008-04-18,3.0,0.25,1.0,1.75,-1.25,0.7,0.7,0.01,-1.0
2008-04-25,2.85,0.25,1.25,1.75,-1.25,1.0,0.7,0.15,-0.8
2008-05-02,2.85,0.25,1.25,1.75,-1.0,1.0,0.7,0.15,-0.8
2008-05-09,4.0,0.25,1.75,1.75,-1.0,1.0,1.25,0.8,-0.8
2008-05-16,3.75,0.25,2.75,1.75,-0.5,1.5,1.25,0.6,-0.3
2008-05-23,3.5,0.25,2.75,1.75,-0.5,2.0,1.25,0.6,-0.6
2008-05-30,2.6,0.25,1.7,3.0,-0.5,2.0,1.0,0.75,-0.25
2008-06-06,2.0,0.25,1.7,3.0,-0.5,2.0,1.0,0.75,-0.25
2008-06-13,2.5,0.25,1.5,2.5,-0.2,2.0,1.0,1.0,0.25
2008-06-20,1.5,0.25,1.0,2.0,-0.2,0.7,1.0,0.5,-0.25
2008-06-27,2.5,0.25,1.0,2.0,-0.2,0.5,1.0,0.5,0.1
2008-07-04,3.0,0.25,1.5,2.0,0.1,0.5,1.0,0.5,0.1
2008-07-11,1.0,0.25,1.25,1.5,0.1,0.5,1.0,0.5,0.1
2008-07-18,1.8,0.25,1.25,1.5,0.1,0.5,1.0,0.1,-0.25
2008-07-25,1.5,0.25,0.25,1.0,0.0,0.5,1.0,0.4,-0.25
2008-08-01,1.25,0.25,0.25,1.0,0.0,0.5,1.0,0.4,0.25
2008-08-08,1.5,0.25,0.5,1.0,0.0,1.0,1.0,1.0,1.0
2008-08-15,1.0,0.25,0.5,1.0,0.0,1.0,1.25,1.25,1.0
2008-08-22,3.0,0.25,1.0,1.0,0.0,1.0,1.25,0.8,0.5
2008-08-29,3.0,0.25,1.0,1.0,0.0,1.0,1.25,0.6,0.4
2008-09-05,4.0,0.25,1.0,1.0,0.5,4.5,1.7,0.8,0.7
2008-09-12,3.5,1.5,1.5,1.0,0.5,5.0,1.7,1.0,1.2
2008-09-19,4.0,1.5,3.0,1.0,0.75,4.0,1.7,1.0,1.5
2008-09-26,3.0,1.5,1.5,1.0,0.75,4.0,0.75,1.0,0.5
2008-10-03,5.0,1.5,4.0,1.0,0.75,4.0,0.75,1.2,1.0
2008-10-10,12.0,1.5,7.5,2.0,1.94727,10.0,2.0,1.75,1.5
2008-10-17,16.0,1.5,4.00161,5.0,0.75,10.0,2.0,1.3,1.5
2008-10-24,25.0,1.5,10.0,5.0,0.75,30.0,2.0,1.5,2.5
2008-10-31,17.0,1.5,8.0,6.0,0.0,20.0,2.0,1.0,1.5
2008-11-07,15.0,1.5,8.0,6.0,1.0,17.0,2.0,1.0,2.0
2008-11-14,16.0,1.5,12.0,5.0,1.0,20.0,2.5,1.5,2.0
2008-11-21,18.0,1.5,12.0,10.0,1.5,20.0,2.5,3.0,2.0
2008-11-28,18.0,1.5,12.0,10.0,1.5,20.0,2.5,3.0,2.0
2008-12-05,11.0,1.5,12.0,10.0,2.0,10.0,2.5,2.5,2.0
2008-12-12,4.0,1.5,3.0,5.0,3.0,10.0,2.5,1.0,2.0
2008-12-19,2.0,1.5,1.00004,1.00021,1.47016,10.0,1.5,1.0,0.05
2008-12-26,2.0,1.5,1.00004,1.00037,1.46732,10.0,1.5,1.0,0.05
2009-01-02,6.0,2.0,2.00494,4.9707,1.46594,10.0,1.25009,1.0,1.0
2009-01-09,6.0,2.0,1.9987,2.99204,1.46618,5.0,1.25101,0.5,0.5
2009-01-16,6.0,1.24805,1.99805,2.99259,1.46502,5.0,1.24449,0.5,0.5
2009-01-23,6.0,1.24805,1.99805,1.99805,1.43853,5.0,1.00645,1.0,0.5
2009-01-30,4.0,1.24805,1.99805,1.99805,1.43853,5.0,1.00645,0.25,0.5
2009-02-06,2.0,0.5,1.00173,0.99909,1.43853,5.0,0.5,0.25,0.25
2009-02-13,1.99888,0.5,0.250001,1.00009,0.742278,4.99764,0.500108,0.4,0.600734
2009-02-20,3.99535,0.748047,1.49805,1.99414,0.742278,6.98047,0.75,0.6,0.7
2009-02-27,3.99414,0.748047,1.49805,1.99414,0.742278,6.98047,0.25,0.4,0.5
2009-03-06,1.0,0.748047,0.5,1.49805,0.74412,6.98047,0.25,0.3,0.3
2009-03-13,0.500023,0.748047,0.5,1.49805,0.74412,2.99831,0.0,0.1,-0.2
2009-03-20,0.1,0.0,-0.5,0.5,0.74412,2.99831,0.0,-0.3,-0.3
2009-03-27,0.5,0.0,-0.5,0.5,-0.1,2.99831,0.0,-0.3,0.1
2009-04-03,0.2,0.0,0.5,0.5,-0.100049,1.5,-0.25,0.1,-0.25
2009-04-10,0.5,0.100024,0.5,0.5,-0.2,1.5,-0.25,-0.75,-0.25
2009-04-17,0.25,0.100024,0.5,0.500138,-0.2,0.5,-0.250016,-0.998047,-0.250055
2009-04-24,1.0,0.100024,0.5,0.500138,-0.395084,0.5,-0.250016,0.1,0.2
2009-05-01,0.25,-0.084306,0.500154,0.500138,-0.395084,0.5,-0.25004,-0.5,-0.998047
2009-05-08,0.25,-0.084306,-0.7,0.500138,-0.395084,0.5,-0.25004,-0.600566,-0.5
2009-05-15,0.500007,-0.084306,0.75,0.500138,-0.395084,1.0,-0.25004,-0.601178,-0.5
2009-05-22,-1.24805,-0.084306,0.050004,0.500403,-0.298047,1.00014,-0.100001,-0.4,-0.5
2009-05-29,2.74805,-0.084306,0.75,0.500746,0.050031,1.00014,0.75,0.200009,-0.5
2009-06-05,1.5,-0.084306,0.75,0.500746,0.050031,-0.5,0.75,0.200009,-0.5
2009-06-12,1.0,-0.084306,1.00071,0.500746,0.1,0.5,0.75,0.8,-0.1
2009-06-19,2.24805,-0.084315,0.75,0.998047,0.1,1.5,0.5,0.25,-0.1
2009-06-26,1.99805,-0.084315,0.75,0.998047,-0.1,1.99743,0.5,0.25,-0.1
2009-07-03,1.99805,0.250399,0.25,0.997629,-0.1,1.5,0.5,0.2,-0.3
2009-07-10,1.99805,0.250399,1.0,0.997629,-0.1,1.5,0.5,0.200011,0.1
2009-07-17,1.99805,0.250399,0.5,0.997309,0.05,1.5,0.5,0.200011,-0.2
2009-07-24,1.74609,0.250399,0.25,0.997309,-0.05,1.5,0.5,-0.100008,-0.4
2009-07-31,0.75,0.250399,0.25,0.996227,-0.100345,1.0,0.5,-0.100008,-0.4
2009-08-07,0.75,0.250399,-0.25,0.25,-0.100345,1.49609,0.5,-0.100008,-0.3
2009-08-14,1.25,0.250399,0.998047,0.25,0.196094,1.49609,0.5,0.2,-0.2
2009-08-21,1.49805,0.250399,0.75,0.5,0.196094,1.49609,0.5,0.2,-0.1
2009-08-28,1.49805,0.250399,0.75,0.996094,0.196094,1.49558,0.5,0.1,-0.1
2009-09-04,1.74805,0.250399,0.5,0.748047,0.196094,1.49558,0.5,0.2,-0.1
2009-09-11,1.24805,0.250399,0.05,0.05,-0.148047,0.5,0.25,0.200015,-0.4
2009-09-18,0.5,0.250399,0.050003,-0.25,-0.148047,0.1,0.25,-0.2,-0.5
2009-09-25,0.5,0.250399,0.5,-0.25,-0.148047,0.1,0.25,-0.2,-0.3
2009-10-02,0.25,0.250399,0.5,0.05,-0.148047,0.1,0.25,-0.2,-0.5
2009-10-09,0.5,0.250399,-0.05,-0.25,-0.148047,0.750365,0.25,-0.2,-0.7
2009-10-16,1.1,0.250399,-0.25,-0.25,-0.148047,0.750365,0.25,0.3,-0.648047
2009-10-23,1.99805,0.250399,1.24805,0.998047,-0.148047,1.99549,0.892188,0.55,-0.1
2009-10-30,2.98828,0.250399,1.0,1.49609,-0.148047,1.99549,0.986328,0.25,0.25
2009-11-06,1.99609,0.250399,0.5,0.750975,-0.148984,1.99549,0.986328,0.25,-0.15
2009-11-13,2.24219,0.05,1.0,0.5,-0.198047,1.99549,0.498047,0.25,-0.4
2009-11-20,2.48828,0.249804,1.0,0.25,-0.1,1.99549,0.742188,0.5,-0.4
2009-11-27,3.96162,0.249804,0.99996,0.25,-0.1,2.49031,0.742188,0.599565,-0.249923
2009-12-04,3.20917,0.249804,0.99996,0.499884,-0.1,2.49031,0.742188,0.49966,-0.249923
2009-12-11,3.20917,0.249804,0.99996,0.499884,-0.1,2.49031,0.973467,0.49966,-0.249923
2009-12-18,3.27575,0.249804,0.749509,0.499884,-0.1,2.49031,0.973467,0.49966,-0.249923
2009-12-25,2.23934,0.249804,1.49532,0.499884,-0.1,1.99321,0.973467,0.49966,-0.249923
2010-01-01,2.23934,0.249804,1.2457,0.499884,-0.1,1.99321,0.974759,0.49966,-0.747584
2010-01-08,1.79499,0.249804,0.499834,0.499884,-0.377671,1.74534,0.497957,0.249955,-0.747584
2010-01-15,1.59652,0.249804,0.249989,0.499884,-0.45255,1.74534,0.299581,0.249909,-0.499479
2010-01-22,1.99484,0.249804,0.749439,0.499884,-0.45255,1.99317,0.741887,0.49944,-0.249919
2010-01-29,2.49207,0.249804,1.24736,0.749387,-0.452595,2.19113,0.981081,0.549083,-0.249919
2010-02-05,3.72951,0.249804,1.49654,1.24762,-1.44174,2.68362,1.43947,0.997141,-0.099992
2010-02-12,1.79611,0.249799,0.749359,0.749466,-1.41088,2.48465,1.21836,0.499607,-0.299814
2010-02-19,2.29172,0.249799,1.24703,0.499844,-1.41088,1.74458,1.21836,0.798256,-0.299814
2010-02-26,2.78495,0.249799,0.99814,0.499844,-1.68656,1.4967,0.987326,0.798256,-0.299814
2010-03-05,2.23995,0.249799,0.749154,0.499844,-1.72907,1.4967,0.987326,0.798256,-0.548877
2010-03-12,1.49635,0.249799,0.749154,0.499844,-1.72907,1.4967,0.498344,0.199963,-0.548877
2010-03-19,1.74194,0.249799,0.249981,0.499667,-1.842,1.49632,0.498386,0.199962,-0.548877
2010-03-26,1.98493,0.249799,0.249981,0.499667,-1.842,1.49632,0.498386,0.199962,-0.548877
2010-04-02,1.49385,0.249799,0.249969,0.499667,-1.842,0.99774,0.746951,-0.598612,-0.548877
2010-04-09,1.24749,0.249799,-0.249941,0.249969,-1.91861,0.997412,0.748622,-1.19086,-0.548877
2010-04-16,0.998891,0.249799,0.05,0.05,-1.91861,0.998053,0.59921,0.099999,-0.449562
2010-04-23,1.49624,0.249799,0.199993,0.05,-1.92084,0.998053,0.59921,0.149985,-0.449562
2010-04-30,1.24743,0.249799,0.49982,0.399892,-1.92331,0.798721,0.599222,-0.249863,-0.499301
2010-05-07,4.7133,0.249799,2.23864,1.24685,-1.23955,2.98533,2.4645,1.24724,0.499758
2010-05-14,3.22824,0.249799,1.2472,1.24779,-1.48927,1.99268,1.39315,0.749326,-0.299878
2010-05-21,9.94539,0.249799,3.98073,3.47906,-1.24344,4.96775,3.94849,2.24504,1.98933
2010-05-28,6.935,0.249799,2.49188,3.97488,-0.741491,4.96246,3.47633,1.49557,0.749224
2010-06-04,6.44438,0.992262,2.98472,2.98368,-0.728505,2.98599,3.70872,1.49557,0.499757
2010-06-11,7.64863,1.45229,1.7455,2.48552,-0.721739,2.98599,3.46479,1.49557,0.499757
2010-06-18,6.14388,1.45229,1.24823,1.24745,-1.46718,1.49717,2.72534,0.99791,0.249957
2010-06-25,6.83671,1.45229,1.49784,1.24778,-1.47152,1.49717,2.24272,0.499887,0.299965
2010-07-02,7.15263,1.45229,1.49788,1.24778,-0.349356,1.49717,2.49053,1.19841,0.299965
2010-07-09,2.98771,1.45229,0.999223,0.74943,-0.348758,0.499814,1.74415,1.19841,0.299965
2010-07-16,2.98582,1.45229,0.998691,0.499832,-0.099964,0.499814,1.74408,0.499695,0.099998
2010-07-23,2.98182,1.45229,0.898645,0.499832,-0.298925,0.997606,1.49534,0.499695,0.099998
2010-07-30,1.99307,1.45229,0.249986,0.24998,-0.248782,1.49366,1.24715,0.299939,-0.249879
2010-08-06,1.24855,0.987117,0.05,0.499793,-0.248682,1.48709,0.998391,0.299939,-0.099991
2010-08-13,2.24317,0.987117,0.499834,0.749157,-0.248682,1.24383,1.24709,0.499741,-0.099991
2010-08-20,2.48828,0.987117,0.499834,0.749157,-0.248682,1.24383,0.998284,0.499761,-0.2499
2010-08-27,2.98041,0.987117,0.998346,0.74927,-0.248658,1.97953,0.998284,0.649381,-0.099991
2010-09-03,2.24095,0.987117,0.499767,0.749187,-0.199599,1.49334,0.998074,0.499668,-0.099991
2010-09-10,2.48288,0.987117,0.24996,0.749187,-0.396348,1.49334,0.998074,0.34981,-0.09999
2010-09-17,2.48226,0.987117,0.24996,0.749244,-0.497889,1.49334,0.749059,0.299888,-0.299677
2010-09-24,2.48226,0.987117,0.399922,0.749244,-0.59727,1.49334,0.749059,0.299888,-0.499052
2010-10-01,1.99234,0.499281,0.499851,0.499722,-0.74801,1.49334,0.749059,0.49942,-0.599025
2010-10-08,1.99567,0.499281,0.249997,0.499722,-0.698709,1.49334,1.24523,0.49942,-0.698961
2010-10-15,1.84666,0.499281,0.349972,0.499722,-0.698709,1.24298,1.24523,0.349943,-0.698961
2010-10-22,2.09529,0.499281,0.499922,0.499722,-0.698709,1.24298,1.24523,0.349943,-0.698961
2010-10-29,2.49072,0.499281,0.899145,0.499722,-0.648918,1.24298,1.24523,0.349943,-0.698961
2010-11-05,1.99674,0.499281,0.499894,0.499722,-0.648918,1.24298,1.24523,0.349943,-0.698961
2010-11-12,2.78698,0.499227,0.998634,1.4962,-0.39973,1.24298,1.24523,0.599419,-0.698961
2010-11-19,2.49129,0.499227,0.998793,1.24719,-0.09999,1.49263,1.24608,1.09698,-0.299879
2010-11-26,7.38061,0.499227,1.99141,1.24719,-0.099961,1.73987,1.74236,1.39071,0.249972
2010-12-03,5.17729,0.499227,1.49577,1.49526,-0.099961,1.98889,1.49299,0.798618,-0.19996
2010-12-10,5.18759,0.499227,1.49572,1.24577,-0.099961,1.98889,1.73363,0.798618,-0.19996
2010-12-17,5.15726,0.499227,1.24716,0.998903,-0.099994,1.98889,1.73363,0.898043,-0.299829
2010-12-24,4.94453,0.499227,0.749423,0.998903,-0.099994,1.98889,1.2424,0.898043,-0.299829
2010-12-31,4.20091,0.499227,0.749418,0.749481,-0.099999,0.997568,1.2424,0.499356,-0.399766
2011-01-07,4.12333,0.499227,1.09783,0.998102,0.099993,0.997568,1.2424,0.698804,-0.499555
2011-01-14,2.97536,0.499227,0.998175,0.998102,-0.099986,2.93521,0.995928,0.698804,-0.598927
2011-01-21,3.71411,0.499227,1.2958,1.24613,-0.099986,3.40386,0.995928,0.698804,-0.29984
2011-01-28,3.16761,0.998281,1.39294,1.2461,-0.199624,1.72794,0.747848,0.698804,-0.29984
2011-02-04,1.99231,0.499606,1.24571,1.2461,-0.199624,1.49046,0.499495,0.698427,-0.29984
2011-02-11,3.95676,0.499606,0.997997,0.99782,-0.199714,1.49046,0.748183,0.698628,0.199992
2011-02-18,2.67693,0.499606,0.749253,0.748684,-0.199714,0.996873,0.499388,0.648727,0.099999
2011-02-25,3.46742,0.499606,0.998009,0.748684,-0.199714,1.48903,0.748183,0.648727,0.349929
2011-03-04,2.73009,0.499606,0.499773,0.748957,-0.099968,0.996873,0.748472,0.648602,0.1
2011-03-11,1.99166,0.499606,0.749005,0.748957,-0.099959,0.996873,0.499515,0.698101,0.1
2011-03-18,2.97808,0.499606,0.749078,0.997197,-0.149867,1.24469,0.748572,0.996464,0.249955
2011-03-25,1.98987,0.499606,0.199989,0.499719,-0.199688,0.698974,0.499415,0.499395,0.149991
2011-04-01,1.09877,0.499606,0.199989,0.249965,-0.199688,0.698892,0.499415,0.399709,-0.099992
2011-04-08,1.09877,0.499606,0.299935,0.249965,-0.249397,0.698892,0.249912,0.399691,-0.149977
2011-04-15,1.74411,0.499606,0.299935,0.249965,-0.249397,0.499543,0.599197,0.399691,-0.149977
2011-04-22,1.98889,0.499606,0.299935,0.249965,-0.299452,0.499543,0.249948,1.14274,-0.049998
2011-04-29,1.6927,0.499606,0.299933,0.249965,-0.249679,0.499543,0.499705,1.47543,-0.049998
2011-05-06,2.73197,0.499606,0.299952,0.249965,-0.249679,1.24273,0.749071,1.68455,0.099999
2011-05-13,3.16815,0.499606,0.499678,0.249965,-0.199672,1.24273,0.996879,0.897519,0.099999
2011-05-20,2.57726,0.499606,0.74907,0.249965,-0.199672,0.996355,1.24537,0.698573,0.249967
2011-05-27,3.162,0.499606,0.698969,0.499607,-0.049994,0.996355,1.24537,0.798121,0.3499
2011-06-03,2.70867,0.499606,0.2999,0.499607,-0.049994,0.996033,0.749015,0.798121,0.349898
2011-06-10,2.75378,0.499606,0.29991,0.249939,0.049998,0.797845,0.997846,0.798006,0.349898
2011-06-17,2.37965,0.499606,0.299909,0.249937,-0.050001,0.995941,0.997841,0.996707,0.349898
2011-06-24,2.17971,0.499606,0.199969,0.249937,-0.024999,0.995941,0.996904,0.897473,0.399808
2011-07-01,1.68943,0.499606,0.2999,0.249937,0.049991,1.24276,1.39295,0.698739,0.399805
2011-07-08,1.58964,0.199959,0.199967,0.249937,0.024993,1.24276,0.996999,0.69874,0.399805
2011-07-15,2.08015,0.199959,0.499491,0.249937,0.019991,1.48619,0.997686,0.798492,0.399805
2011-07-22,1.59067,0.099997,0.449598,0.249937,0.019991,1.29113,0.89788,0.599204,0.399805
2011-07-29,2.07676,0.099997,0.14999,0.249939,0.024988,0.698695,0.798437,0.996949,0.399805
2011-08-05,3.55966,0.099997,0.799198,0.49981,0.199431,1.97885,1.74194,1.49435,0.798979
2011-08-12,4.69117,0.099997,1.29725,0.998851,0.074986,1.98915,2.23949,1.4967,0.997875
2011-08-19,4.18115,0.099997,0.997782,0.79858,0.099973,1.98183,2.23483,1.98556,0.996454
2011-08-26,4.18746,0.099997,1.64311,0.997851,0.348881,1.98106,2.38031,1.68894,0.996454
2011-09-02,3.14337,0.249918,1.19638,0.997805,0.348885,1.98068,1.73947,1.29391,0.698296
2011-09-09,3.66176,0.249918,1.24615,1.24526,0.348826,1.98052,2.23017,1.58654,0.697999
2011-09-16,4.94113,0.249918,2.48395,2.23403,0.397918,6.84325,2.72834,2.38021,0.897391
2011-09-23,8.90349,0.748907,3.86698,3.46485,0.990732,9.86675,3.47767,3.72598,2.98447
2011-09-30,5.45367,0.748907,2.73562,2.9778,1.17216,7.39485,2.74053,2.78942,1.99322
2011-10-07,3.96832,1.24555,1.99289,2.9778,0.743082,2.98678,2.73978,1.9944,1.49465
2011-10-14,2.98458,1.24555,1.49624,1.49548,0.99341,2.48567,1.49679,1.7959,0.998326
2011-10-21,4.21025,1.24555,2.24002,1.24727,1.08523,2.48466,2.24031,1.99537,1.4929
2011-10-28,3.23037,0.502062,0.998963,1.24727,0.597195,2.48816,1.49763,0.999283,1.1967
2011-11-04,3.7236,0.502062,1.49768,1.89016,0.498379,2.48645,2.19565,1.79662,1.09757
2011-11-11,4.15757,0.502062,1.99413,1.74241,0.49864,3.44778,2.09654,1.99457,1.09719
2011-11-18,3.7263,0.502062,2.23904,1.74241,0.399337,2.97108,2.09411,1.49686,0.997293
2011-11-25,4.20251,0.502062,2.24186,1.49625,0.547609,2.97653,1.89631,1.5954,0.997288
2011-12-02,2.73608,0.502062,0.999029,1.24856,0.694017,2.44161,1.44703,0.749414,0.798812
2011-12-09,3.17822,0.502062,1.19849,0.997632,0.595206,1.99406,1.34767,0.749413,0.699396
2011-12-16,3.22748,0.502062,2.2461,0.997632,0.690289,2.93649,1.49729,0.599862,0.699396
2011-12-23,2.4854,0.502062,1.35092,0.998081,0.496451,2.73156,1.15035,0.200296,0.200869
2011-12-30,2.4866,0.502062,1.35072,0.998081,0.498527,2.48084,1.15035,0.250277,0.299889
2012-01-06,1.99285,0.502062,0.799425,0.997821,0.099964,2.23361,0.997845,0.399863,0.299889
2012-01-13,1.74382,0.002565,0.250048,0.299896,0.099958,1.49753,0.199987,0.05,0.05
2012-01-20,1.49513,0.002565,0.499928,0.299896,0.099957,1.49889,0.399865,0.05,-0.049999
2012-01-27,1.69216,0.002565,0.199999,0.299896,0.099957,1.49889,0.149998,0.299957,0.05
2012-02-03,1.74253,0.05,0.349992,0.299896,0.099957,1.49889,-2e-06,0.249985,0.149985
2012-02-10,1.986,0.049999,0.599866,0.14998,0.099958,1.98539,0.549929,0.249985,0.149985
2012-02-17,1.98771,-1e-06,0.499898,0.14998,0.099958,1.98507,0.999667,0.449825,0.149985
2012-02-24,1.68953,-1e-06,0.249987,0.14998,0.099958,1.49292,0.599879,0.399857,0.100007
2012-03-02,1.49193,-1e-06,0.499843,0.14998,0.099956,1.98941,0.599882,0.299932,0.049999
2012-03-09,1.3943,-1e-06,0.799577,0.049987,0.199452,1.98941,0.799728,0.699255,0.099996
2012-03-16,1.493,-1e-06,0.998936,0.049987,0.447544,1.98855,0.849618,0.799144,0.249899
2012-03-23,1.9835,-1e-06,1.14819,0.049987,0.398236,1.98526,0.999389,0.74956,0.249899
2012-03-30,1.5892,0.0,1.1481,0.05,0.3982,1.7314,0.7997,0.4997,0.2499
2012-04-06,1.49046,-1e-06,1.29753,0.049987,0.398239,1.73143,0.799671,0.499706,0.449249
2012-04-13,1.68942,-1e-06,0.99872,0.049987,0.298943,1.73143,0.199997,0.099998,0.598211
2012-04-20,1.58793,-1e-06,1.14803,0.049987,0.249519,0.99543,0.25,0.19996,0.598211
2012-04-27,0.996548,-1e-06,0.849167,0.049987,0.099958,0.747923,0.249999,0.19996,0.598211
2012-05-04,0.79798,-1e-06,1.24788,0.049987,0.099958,0.747923,0.39976,0.349799,0.199943
2012-05-11,1.7854,-1e-06,0.790484,0.995109,0.149849,0.997514,0.996983,0.84763,0.598608
2012-05-18,3.46307,-1e-06,1.9956,1.98405,0.298826,2.72332,2.23783,1.59462,1.09641
2012-05-25,3.65442,-1e-06,2.49079,1.98405,0.587938,3.97756,2.77553,1.98676,1.4408
2012-06-01,2.48357,-1e-06,1.49775,2.22705,0.299018,3.97681,2.72523,1.49447,1.58652
2012-06-08,2.22592,-1e-06,0.54988,0.997293,0.199709,3.96548,1.93964,0.998423,0.549535
2012-06-15,1.98968,-1e-06,0.69979,0.898167,0.199711,2.74262,1.29833,0.899186,0.299957
2012-06-22,1.39373,-1e-06,0.899449,0.898167,0.149917,2.97084,0.998449,0.649983,0.200044
2012-06-29,1.19089,-1e-06,0.69964,0.898167,0.149922,1.9921,0.798974,0.34989,0.099994
2012-07-06,0.997873,-1e-06,0.499932,0.898167,0.149924,0.955914,0.299927,0.299916,0.199941
2012-07-13,1.34557,-1e-06,0.308654,0.898167,0.149931,1.74084,0.214314,0.300195,0.156208
2012-07-20,0.59933,-1e-06,0.028272,0.898167,0.145984,0.997837,0.05616,0.1,0.106242
2012-07-27,0.729446,-1e-06,0.2,0.898167,0.199552,0.997837,0.056157,0.798152,0.106242
2012-08-03,0.729455,-1e-06,0.099999,0.898167,0.249037,0.997837,0.056156,0.499625,0.106243
2012-08-10,0.499611,-1e-06,0.099998,0.898167,0.249037,0.997833,0.056153,0.499108,0.106243
2012-08-17,0.499606,-1e-06,0.49986,0.898167,0.343533,0.550875,0.32501,1.09193,0.106243
2012-08-24,0.870895,-1e-06,0.39992,0.898167,0.343506,0.550875,0.281448,0.796674,0.35648
2012-08-31,1.3606,0.0,0.3999,0.8982,0.3453,0.7498,0.2814,0.5991,0.3565
2012-09-07,0.972361,-1e-06,0.399927,0.898167,0.345199,0.748667,0.329909,0.399741,0.646336
2012-09-14,0.370627,-1e-06,0.299964,0.898167,0.19953,0.748667,0.329909,0.399741,0.05273
2012-09-21,0.524999,0.309026,-0.062191,0.393641,0.298133,0.748667,0.329909,0.491588,-0.069537
2012-09-28,0.487214,0.309026,-0.301348,0.393641,0.297789,0.748667,0.329909,0.560608,-0.069537
2012-10-05,0.643969,0.309026,0.155835,0.393641,0.237707,0.748667,0.329909,0.520718,-0.069537
2012-10-12,0.692304,0.309026,0.310544,0.393641,-0.03381,1.0047,0.22194,0.415706,-0.069537
2012-10-19,0.692304,0.309026,0.369534,0.393641,-0.10662,0.873113,0.409458,0.341919,-0.073933
2012-10-26,0.565477,0.309026,0.151037,0.225921,0.01731,0.873113,0.409458,0.618589,-0.06288
2012-11-02,0.490961,0.309026,0.142982,0.040976,0.050118,0.520482,0.409458,0.618589,0.094023
2012-11-09,0.477177,0.309026,0.187494,0.040976,0.042334,0.534732,0.307209,0.618589,-0.158579
2012-11-16,0.761196,0.309026,0.179562,0.040976,0.044022,0.534732,0.307209,0.618589,-0.158579
2012-11-23,0.830752,0.309026,0.168408,0.040976,0.044022,0.534732,0.307209,0.465051,0.152975
2012-11-30,0.666194,0.309026,-0.146185,0.040976,0.103346,0.515477,0.307209,0.310227,0.152975
2012-12-07,0.666194,0.309026,-0.249005,0.040976,0.059322,0.515477,0.307209,0.310227,0.112456
2012-12-14,0.488439,0.309026,-0.285521,0.040976,0.182089,1.0436,0.280218,0.393884,0.112456
2012-12-21,0.566055,0.309026,-0.117363,0.040976,0.116127,1.0436,0.280218,0.373302,0.093656
2012-12-28,0.574126,0.309026,-0.121806,0.040976,0.104224,1.0436,0.243138,0.376495,0.084623
2013-01-04,0.5666,0.3369,-0.1316,0.041,0.0586,0.6501,0.352,0.8136,0.1052
2013-01-11,0.05,0.3369,-0.0542,0.041,0.0,0.8929,0.2961,0.6437,0.1039
2013-01-18,0.602,0.361,-0.2544,0.037,0.0,0.8473,0.3249,0.4691,0.0386
2013-01-25,0.9887,0.3897,-0.0555,0.0364,0.0099,0.4767,0.4675,0.6027,0.1496
2013-02-01,1.6727,0.4494,0.0558,0.0831,0.0105,0.627,1.1787,1.0548,0.5619
2013-02-08,1.4514,0.4492,0.1021,0.0816,0.0319,0.6454,0.9975,0.7321,0.9965
2013-02-15,1.1664,0.449,0.4124,0.0818,0.0404,0.6537,0.9565,0.763,1.1148
2013-02-22,1.4968,0.487,0.6003,0.0805,0.0463,0.6099,1.029,0.8375,0.9519
2013-03-01,1.6302,0.4985,0.6699,0.0759,0.0466,0.6343,0.9284,0.6523,0.9264
2013-03-08,1.446,0.4985,0.6087,0.0726,0.0513,0.6343,0.9126,0.8614,1.0344
2013-03-15,2.0769,0.4985,0.1822,0.2355,0.0513,0.6645,0.8942,0.6768,1.0344
2013-03-22,1.7809,0.5714,0.2458,0.3048,0.072,0.6906,0.8776,0.6006,0.7765
2013-03-29,0.9508,0.5714,0.209,0.3661,0.0688,0.6178,0.8254,0.5739,0.7765
2013-04-05,1.77,0.5714,0.4105,0.6198,0.0688,0.8608,0.8251,0.5497,0.7765
2013-04-12,1.6791,0.2313,0.1423,0.6617,0.0095,0.8608,0.7101,0.5235,0.8343
2013-04-19,1.8833,0.2313,-0.1649,0.6617,-0.03,0.8608,0.7101,0.5235,0.8343
2013-04-26,1.6204,0.1254,0.0005,0.5344,0.0501,0.8884,0.5287,0.4924,0.2198
2013-05-03,0.966,0.12542,0.000532,0.48458,-0.01919,0.88844,1.9168,0.5746,0.2198
2013-05-10,1.1532,0.12542,0.40069,0.46533,-0.033423,0.97686,0.5304,0.78774,0.000298
2013-05-17,1.6136,0.12542,0.57429,0.58439,-0.03113,1.2532,0.87191,1.3195,0.67638
2013-05-24,1.5277,0.53801,0.95654,1.2014,-0.007138,1.1934,0.81141,0.81038,0.36111
2013-05-31,1.3967,0.53801,1.2399,1.1462,0.22749,1.4684,0.99164,0.82748,0.38508
2013-06-07,1.5462,0.53801,0.95079,0.73807,0.30936,2.1494,0.91071,0.74789,0.53093
2013-06-14,2.0332,0.53801,1.1439,1.2531,0.52054,2.798,1.0669,1.0388,0.7631
2013-06-21,2.4813,0.86284,1.5516,1.3475,0.34166,3.2117,1.2425,1.0284,1.097
2013-06-28,1.6933,0.87095,1.4725,1.0405,0.35093,2.6951,0.9096,0.77394,0.81349
2013-07-05,1.8901,1.113,1.7179,1.0968,0.27059,2.3251,1.0906,0.98105,0.51437
2013-07-12,1.6056,0.87434,1.0561,0.99364,0.25495,2.0326,0.88492,0.54438,0.51333
2013-07-19,1.4114,0.67999,0.57484,0.79994,0.17843,2.7006,0.93281,0.44597,0.57536
2013-07-26,0.91942,0.85623,0.16,0.60423,0.19898,2.358,1.1239,0.37151,0.41011
2013-08-02,1.2192,0.65965,0.91692,0.59192,0.29925,1.8676,0.85316,0.40759,0.36987
2013-08-09,0.64739,0.57249,0.94485,0.44917,0.20049,1.8043,0.70724,0.29298,0.32571
2013-08-16,0.56495,0.65341,1.0815,0.56922,0.26437,2.3136,0.88204,0.50295,0.35724
2013-08-23,0.95732,0.70104,1.6683,0.82589,0.17973,3.0384,0.75102,0.3385,0.38968
2013-08-30,0.75402,0.71783,2.8486,0.90563,0.191,2.5445,0.2992,0.30212,0.42358
2013-09-06,0.90641,1.0706,2.2731,0.76275,0.23804,3.0529,0.3801,0.31088,0.20838
2013-09-13,1.0764,1.5722,1.7049,0.93875,0.34406,1.8131,0.60218,0.45162,0.27202
2013-09-20,0.95094,1.1518,1.1734,0.74096,0.1402,1.7269,0.34121,0.28446,-0.049191
2013-09-27,1.1381,0.9477,0.76132,0.41411,0.18027,1.7008,0.20766,0.52069,0.21875
2013-10-04,1.1978,0.9185,1.0957,0.24859,0.16949,1.608,0.76613,0.69259,0.16579
2013-10-11,1.2656,0.80341,1.0795,0.22364,0.10822,0.67276,0.74522,0.73644,0.14591
2013-10-18,1.1587,0.83101,0.72413,0.23837,0.039219,0.69904,0.7411,0.4441,0.12289
2013-10-25,1.0857,0.80446,0.45036,0.049936,0.12548,0.64749,0.57464,0.45337,0.094567
2013-11-01,0.821,0.66324,0.95141,0.1372,0.051477,0.83484,0.37211,0.43118,0.041306
2013-11-08,1.1155,0.71113,1.3929,0.13218,0.083181,0.87572,0.57754,0.59022,0.032619
2013-11-15,0.85283,0.71775,1.1974,0.25822,0.068846,0.92055,0.6554,0.69745,0.21801
2013-11-22,0.58336,0.64607,0.99518,0.32017,4.4e-05,0.93747,0.55139,0.64301,0.18956
2013-11-29,0.74909,1.0749,0.84036,0.32727,0.095321,0.89601,0.61753,0.75566,0.29435
2013-12-06,0.91744,1.3806,0.70478,0.3643,0.082134,1.1234,0.66947,0.79684,0.31473
2013-12-13,1.0944,1.5222,0.79823,0.42469,0.13906,1.1904,0.76973,1.0826,0.42757
2013-12-20,0.71448,1.0439,0.53935,0.30588,0.16606,0.82912,0.40585,0.6069,0.37032
2013-12-27,0.64987,1.0765,0.57624,0.31221,0.19049,0.85132,0.40079,0.64617,0.34867
2014-01-03,0.74579,1.3501,0.62783,0.30438,0.061141,1.0345,0.32786,0.64404,0.39792
2014-01-10,0.57809,1.5397,0.4706,0.27238,0.089482,0.90093,0.22434,0.65692,0.35764
2014-01-17,0.41088,1.0097,0.54131,0.32696,0.067485,0.66661,0.2763,0.59718,0.43417
2014-01-24,1.5131,1.2714,0.88858,0.37803,0.21195,0.76798,0.65045,0.81033,0.51796
2014-01-31,1.3758,1.053,1.2808,0.33838,0.21275,0.69713,0.58487,0.66044,0.40584
2014-02-07,1.038,1.2491,0.97705,0.19034,0.22901,0.59913,0.45875,0.55687,0.37788
2014-02-14,0.84611,1.0543,0.65137,0.18569,0.22614,0.60563,0.34922,0.41193,0.34528
2014-02-21,0.87128,0.43217,0.54039,0.19436,0.5271,0.60511,0.31559,0.46323,0.33815
2014-02-28,0.98639,0.44544,0.47196,0.19135,0.47022,0.417,0.38007,0.46685,0.42869
2014-03-07,0.8563,0.45557,0.36828,0.19257,0.47593,0.53519,0.29316,0.48235,0.30187
2014-03-14,0.95804,0.46277,0.55459,0.19442,0.39392,0.5614,0.2897,0.48609,0.36801
2014-03-21,0.96963,0.40199,0.51638,0.1933,0.86551,0.62426,0.32718,0.40724,0.5093
2014-03-28,0.89531,0.39494,0.66627,0.2007,0.66496,0.57267,0.24054,0.35816,0.26572
2014-04-04,0.6272,0.33051,0.66019,0.15465,0.46538,0.54845,0.22469,0.80814,0.2268
2014-04-11,0.4716,0.35883,0.76891,0.14368,0.38534,0.65812,0.23386,0.48902,0.29746
2014-04-18,0.50642,0.33229,0.64718,0.076049,0.52644,0.56346,0.18497,0.52924,0.25426
2014-04-25,0.52416,0.40312,0.72477,0.16784,0.60332,0.648,0.30341,0.51324,0.26754
2014-05-02,0.44143,0.37665,0.59775,0.11581,0.44082,0.64802,0.3185,0.41776,0.25456
2014-05-09,0.41629,0.32565,0.064785,0.11691,0.27863,0.49651,0.22029,0.2415,0.21853
2014-05-16,0.50287,0.35398,0.68738,0.11167,0.33707,0.50137,0.22087,0.24146,0.23754
2014-05-23,0.54836,0.33945,0.51191,0.086487,0.13159,0.43437,0.11313,0.20956,0.12249
2014-05-30,0.29446,0.32105,0.74036,0.10549,0.18437,0.29261,0.13367,0.23372,0.13091
2014-06-06,0.40204,0.38519,0.64846,0.10909,0.21902,0.33437,0.13965,0.23942,0.13762
2014-06-13,0.32716,0.41001,0.67836,0.11978,0.20974,0.29764,0.12306,0.16837,0.11764
2014-06-20,0.38198,0.3391,0.73708,0.10576,0.1994,0.38938,0.1161,0.20674,0.11065
2014-06-27,0.21123,0.41123,0.61036,0.11046,0.18608,0.44035,0.12252,0.19433,0.11052
2014-07-04,0.26514,0.25409,0.48568,8.5e-05,0.48414,0.55475,0.12698,0.15615,0.10638
2014-07-11,0.35073,0.2838,0.52273,8.6e-05,0.33209,0.47971,0.13273,0.17069,0.11219
2014-07-18,1.0533,0.26628,0.58617,0.12457,0.31086,0.43207,0.22556,0.18084,0.17082
2014-07-25,0.78666,0.32112,0.46245,0.11013,0.21616,0.33897,0.21794,0.22401,0.26655
2014-08-01,1.1003,0.32355,1.2025,0.39238,0.21932,0.38234,0.43298,0.54258,0.3457
2014-08-08,1.4476,0.28719,1.2661,0.51751,0.21554,0.42453,0.61447,0.56603,0.33444
2014-08-15,0.68839,0.29325,0.78178,0.38217,0.18228,0.79916,0.48085,0.49859,0.2644
2014-08-22,0.80145,0.27589,0.81873,0.38923,0.12258,0.81421,0.4791,0.57422,0.30308
2014-08-29,0.82263,0.25016,0.7411,0.33088,0.18806,0.53704,0.40354,0.49789,0.2014
2014-09-05,0.80214,0.22877,0.69545,0.29087,0.21778,0.51511,0.42444,0.50191,0.24904
2014-09-12,1.4822,0.39666,1.1931,0.58092,0.051338,0.69241,0.78263,1.1549,0.32046
2014-09-19,1.3353,0.29212,1.1084,0.61081,0.089706,0.7897,0.83506,0.65248,0.3169
2014-09-26,1.0807,0.25049,0.98674,0.61116,0.1743,0.68715,0.77289,0.58018,0.34103
2014-10-03,1.3507,0.30089,1.0958,0.56332,0.17714,1.598,0.74764,0.61641,0.37549
2014-10-10,1.2815,0.33308,1.0414,0.56836,0.13033,1.6946,0.71503,0.69562,0.2976
2014-10-17,1.3132,0.32596,1.1549,0.54607,0.39858,1.398,0.78709,0.54728,0.17156
2014-10-24,1.2151,0.36652,1.0038,0.60201,0.36109,1.3271,0.84767,0.47342,0.18437
2014-10-31,1.1749,0.29298,0.80695,0.38969,0.31692,0.98626,0.68726,0.64108,0.16691
2014-11-07,1.569,0.3166,0.77346,0.39531,0.39784,0.99186,0.55102,0.48501,0.16692
2014-11-14,1.1907,0.39874,0.81234,0.44383,0.35002,1.1878,0.66735,0.63742,0.2448
2014-11-21,1.1503,0.27706,0.70739,0.35897,0.24955,0.91308,0.52669,0.53183,0.29204
2014-11-28,0.82331,0.32531,0.75428,0.39662,0.46441,1.037,0.67358,0.56707,0.32185
2014-12-05,0.5512,0.27285,0.67927,0.4052,0.3716,0.90398,0.98268,0.48537,0.28484
2014-12-12,0.54368,0.40594,0.91826,0.45951,0.70654,1.2487,1.2123,0.79141,0.429
2014-12-19,0.3087,0.32209,1.3369,0.39841,1.187,1.6366,1.0128,0.5621,0.52821
2014-12-26,0.29693,0.2933,1.2074,0.3694,1.0261,1.5507,0.9532,0.5913,0.54427
2015-01-02,0.36049,0.36177,1.1292,0.39552,0.95313,1.4346,1.0405,0.65862,0.57695
2015-01-09,0.17058,0.31455,0.47496,0.32937,0.44681,1.3408,0.92251,0.38689,0.54498
2015-01-16,0.32958,0.3681,0.47011,0.41009,0.63297,1.4768,1.1544,0.2846,0.43435
2015-01-23,0.46016,0.30454,0.35156,0.2293,0.61959,1.2368,1.1097,0.32701,0.32331
2015-01-30,0.45104,0.46072,0.51414,0.14298,1.7025,1.6681,1.0949,0.49856,0.51872
2015-02-06,0.45026,0.44793,0.53083,0.1313,2.1373,1.6072,0.91226,0.45466,0.52502
2015-02-13,1.0804,0.50847,0.69897,0.32963,1.4914,2.005,0.96316,0.51345,0.64079
2015-02-20,1.2136,0.56552,0.73566,0.30043,2.0794,1.9837,1.1105,0.63848,0.8653
2015-02-27,0.84127,0.54305,0.7008,0.28513,1.6861,1.9273,0.99023,0.42219,0.65141
2015-03-06,0.77231,0.45171,0.66077,0.23148,1.0722,1.6607,0.91724,0.32462,0.66852
2015-03-13,1.0196,0.63279,0.84876,0.35644,1.5039,1.3858,1.0421,0.34108,0.76164
2015-03-20,0.42323,0.4744,0.67469,0.35689,0.9077,1.2531,0.90067,0.1732,0.56575
2015-03-27,0.75034,0.47173,0.68055,0.35716,0.83322,1.3445,0.31943,0.17891,0.45005
2015-04-03,0.79914,0.37231,0.67713,0.29746,0.64653,1.3276,0.61557,0.16814,0.46487
2015-04-10,0.67914,0.26805,0.59943,0.34262,0.69927,1.1876,0.6212,0.2952,0.43807
2015-04-17,0.67298,0.50591,0.57532,0.28517,0.56457,1.2982,0.38639,0.27028,0.42663
2015-04-24,0.90769,0.46031,1.4137,0.23184,0.45988,1.3387,0.38313,0.46864,0.34824
2015-05-01,0.64678,0.44067,1.2239,0.27039,0.47005,0.91016,0.6544,0.39692,0.33795
2015-05-08,0.9472,0.70625,1.4636,0.25724,0.44778,1.0049,0.67726,0.4644,0.45301
2015-05-15,0.85122,0.66725,1.1289,0.26334,0.46248,0.96613,0.5974,0.38889,0.37322
2015-05-22,0.67606,0.63881,0.99264,0.2125,0.45272,0.89642,0.52624,0.4149,0.29471
2015-05-29,0.78294,0.65094,0.68033,0.27615,0.35979,0.87501,0.50127,0.16802,0.43587
2015-06-05,0.83423,0.67861,0.61652,0.44894,0.3739,0.9346,0.7483,0.17891,0.4353
2015-06-12,0.60454,0.76517,0.66479,0.61753,0.42453,1.0259,0.88032,0.22071,0.28072
2015-06-19,0.43625,0.68064,0.46227,0.39706,0.43795,0.52049,0.75501,0.11679,0.16082
2015-06-26,0.57738,0.75108,0.43025,0.33955,0.398,0.53174,0.84352,0.38236,0.2443
2015-07-03,0.96504,0.62079,0.4422,0.37515,0.48796,0.53704,0.77266,0.40711,0.24172
2015-07-10,1.2149,0.54683,0.33687,0.30481,0.51416,0.74769,0.97304,0.54459,0.3577
2015-07-17,0.64798,0.59158,0.2389,0.27752,0.50828,0.71639,0.6272,0.35996,0.34762
2015-07-24,0.62962,0.65185,0.76326,0.42742,0.36535,1.3748,0.68254,0.37058,0.3954
2015-07-31,0.50417,0.62854,0.76739,0.42591,0.84641,1.4014,1.402,0.30555,0.5443
2015-08-07,0.38788,0.62945,0.62714,0.40549,0.53021,1.3833,2.0277,0.41741,0.46566
2015-08-14,1.0004,0.73244,1.1629,0.63351,1.8129,1.5827,2.6765,0.9943,0.82453
2015-08-21,0.88764,0.91013,1.4124,0.67561,2.3903,1.682,2.4656,0.72599,0.69291
2015-08-28,0.53567,0.7762,1.0913,0.69783,2.5643,1.2276,2.1357,0.59042,0.69452
2015-09-04,0.8013,0.72539,0.98423,0.63376,2.0528,1.2282,2.0969,0.32688,0.30068
2015-09-11,0.60179,1.5699,0.72231,0.99263,1.5787,1.6614,3.44,0.35194,0.27123
2015-09-18,0.39891,1.012,0.55698,0.65191,1.2505,1.2462,2.0603,0.2183,0.41975
2015-09-25,0.36755,1.0814,0.6356,0.69056,1.7739,1.7496,2.3335,0.24462,0.47637
2015-10-02,0.46689,1.0949,0.45582,0.5732,1.1743,1.46,2.3341,-0.33161,0.40947
2015-10-09,0.48149,1.0535,0.26254,0.53821,1.0131,1.9752,0.81905,0.37099,0.43592
2015-10-16,0.31894,1.0573,0.2419,0.5227,1.4272,0.71026,1.9393,0.33453,0.36171
2015-10-23,0.61115,1.1556,0.17677,0.56078,1.6318,0.72832,2.0717,0.72067,0.35307
2015-10-30,0.67691,1.011,0.34992,0.44236,1.0689,0.81197,1.528,0.65241,0.17598
2015-11-06,0.60487,1.0038,0.70397,0.38509,1.7026,0.64862,1.2296,0.67643,0.41395
2015-11-13,0.49208,1.0575,0.6079,0.42621,1.5052,0.55004,1.2788,0.37581,0.50251
2015-11-20,0.44258,1.0801,0.56162,0.37204,1.7044,0.94946,0.8036,0.34958,0.38814
2015-11-27,0.6206,0.93627,0.6006,0.22314,2.1028,0.99406,0.78233,0.33586,0.53962
2015-12-04,0.54447,0.94255,0.55425,0.21708,1.4764,0.80718,0.72552,0.30309,0.3609
2015-12-11,0.70166,1.358,0.73825,0.42215,1.5506,0.99522,1.0811,0.49998,0.60572
2015-12-18,0.48897,1.0957,0.46262,0.48686,0.92141,0.79896,0.86454,0.40562,0.36027
2015-12-25,0.50431,0.88125,0.39665,0.38378,1.0629,0.7842,0.71401,0.34901,0.20903
2016-01-01,0.3977,0.79547,0.32753,0.34068,0.90976,0.52235,0.55784,0.29553,0.19005
2016-01-08,1.2286,0.92976,0.52706,0.29636,0.95203,0.6012,0.71271,0.41076,0.5252
2016-01-15,0.80557,1.1282,0.93564,0.55182,0.89362,0.77041,0.95136,0.48322,0.68671
2016-01-22,0.65871,1.1097,0.7948,0.52103,0.70014,0.6135,0.73492,0.23651,0.3071
2016-01-29,0.7258,0.82231,0.69833,0.53302,0.89206,0.70728,0.54513,0.14215,0.27112
2016-02-05,0.62307,0.65697,0.58846,0.44625,1.5807,0.62508,0.72162,0.30137,0.29481
2016-02-12,0.94201,0.65721,0.6789,0.39117,1.499,0.81827,0.71505,0.019317,0.23639
2016-02-19,0.33766,0.86964,0.60074,0.38661,1.5831,0.90965,0.98572,-0.038835,0.44563
2016-02-26,0.056897,0.81497,0.46698,0.41831,1.4629,0.45573,0.84286,0.058209,0.42701
2016-03-04,0.18905,0.69193,-0.063327,0.36165,1.1229,0.34941,0.5301,0.09806,-0.19237
2016-03-11,0.58512,1.2717,0.18417,0.56804,2.0288,0.50607,0.54959,0.17166,0.14307
2016-03-18,0.56932,0.81977,0.31466,0.29494,0.91628,0.43689,0.48611,0.32306,0.19009
2016-03-25,0.64674,0.82409,0.5388,0.29054,1.1434,0.41918,0.531,0.334,0.36522
2016-04-01,0.40933,0.71667,0.35077,0.18395,0.61988,0.35259,0.46844,0.098685,0.40773
2016-04-08,0.43891,0.78023,0.38818,0.27077,0.55948,0.46522,0.61373,0.33815,0.37496
2016-04-15,0.41141,0.80092,0.30844,0.23319,0.53211,0.39003,0.40815,0.16613,0.44161
2016-04-22,0.4463,0.83449,0.29555,0.29818,0.59681,0.36905,0.37074,0.27823,0.29614
2016-04-29,0.49509,0.68058,0.22876,0.15552,0.48702,0.33085,0.31817,0.2393,-0.020938
2016-05-06,0.80284,0.66245,0.28022,0.35404,0.8538,0.52885,0.6608,0.45406,0.44837
2016-05-13,0.96018,0.82869,0.3415,0.38522,0.9702,0.69256,0.88134,0.19228,0.7259
2016-05-20,0.62941,0.6521,0.40392,0.30452,0.65385,0.55135,0.68886,0.11378,0.50054
2016-05-27,0.34242,0.66157,0.40344,0.29123,0.4762,0.54105,0.53732,8.3e-05,0.32635
2016-06-03,0.17744,0.7173,0.33808,0.2747,0.19004,0.5141,0.52165,0.000112,0.33276
2016-06-10,0.5383,0.83452,0.48648,0.3434,0.1376,0.3125,0.55625,0.37895,0.26842
2016-06-17,1.2215,0.84058,0.92203,0.49624,0.56838,0.47611,0.85108,0.82824,0.77895
2016-06-24,1.6777,0.92392,0.98082,0.65489,0.94385,0.80443,1.0229,0.77815,1.1484
2016-07-01,0.79607,0.72012,0.48504,0.4714,0.48057,0.60242,0.81499,0.43595,0.58813
2016-07-08,0.75936,0.69593,0.43221,0.44616,0.188,0.60704,0.82421,0.37744,0.57896
2016-07-15,0.53068,0.80174,0.3613,0.44972,0.084212,0.62941,1.0068,0.28574,0.38522
2016-07-22,0.61478,0.835,0.30222,0.48737,0.21404,0.63261,0.84907,0.36211,0.38607
2016-07-29,0.36199,0.73474,0.22579,0.40827,0.083143,0.57327,0.90508,0.21909,0.1594
2016-08-05,0.36815,0.67537,0.20236,0.32951,0.14583,0.5063,0.80062,0.20713,0.18674
2016-08-12,0.47008,0.80655,0.19835,0.39634,0.23677,0.54909,0.9416,0.24816,0.15796
2016-08-19,0.66999,0.79197,0.34333,0.38793,0.2763,0.49378,0.90125,0.28297,0.27515
2016-08-26,0.5439,0.71011,0.2953,0.38856,0.34867,0.49956,0.84098,0.15687,0.22639
2016-09-02,0.48205,0.69106,0.26902,0.33562,0.34651,0.49292,0.7475,0.16112,0.20941
2016-09-09,0.77682,0.77324,0.22413,0.45011,0.3694,0.49597,0.64008,0.34625,0.19195
2016-09-16,1.0708,0.92117,0.42932,0.79041,0.48228,0.61069,0.78501,0.68589,0.28972
2016-09-23,0.64745,0.80365,0.29512,0.6615,0.26192,0.50461,0.66174,0.44356,0.27666
2016-09-30,0.82818,0.81701,0.98343,0.65434,0.27209,0.62507,0.6695,0.38585,0.28162
2016-10-07,0.78198,0.72664,0.71441,0.54617,0.58983,0.47165,0.66322,0.59065,0.54105
2016-10-14,0.81437,0.98098,0.65356,0.58331,0.39627,0.6449,0.75725,0.4342,0.55412
2016-10-21,0.67008,0.80479,0.55765,0.52137,0.41591,0.66147,0.63138,0.18934,0.23206
2016-10-28,0.86582,0.89426,0.68336,0.53585,-0.015096,0.62796,0.80013,0.26314,0.60926
2016-11-04,1.4252,0.93769,1.1141,0.71277,0.14481,0.75873,0.92455,0.41627,0.86864
2016-11-11,1.0868,0.83626,1.297,0.76468,0.47192,2.3039,1.7985,0.77849,1.2393
2016-11-18,1.0375,0.86699,1.0254,0.74981,1.2259,1.5872,2.6216,0.91085,1.1313
2016-11-25,0.77914,0.88818,0.74221,0.79859,1.0762,1.5675,2.4218,0.2159,0.6111
2016-12-02,0.46406,0.76931,0.6196,0.67233,0.21691,1.2574,2.2262,-0.099867,0.34646
2016-12-09,0.49209,0.89442,0.58999,0.6669,0.32609,1.1076,1.8633,0.24613,0.31813
2016-12-16,0.55103,0.91444,0.6689,0.61854,0.024391,0.98491,2.0543,0.085178,0.41805
2016-12-23,0.39821,0.74119,0.59748,0.50381,0.000265,0.88595,1.4774,0.074355,0.46261
2016-12-30,0.49146,0.74984,0.38855,0.55142,0.19838,0.8076,1.3235,-0.040607,0.63895
2017-01-06,0.1628,0.7351,0.31566,0.54026,-0.64523,0.75522,1.2509,-0.10239,0.073387
2017-01-13,0.12956,0.83709,0.30399,0.32102,-0.17438,0.76375,0.94825,-0.020167,-0.014126
2017-01-20,0.45153,0.84613,0.25508,0.42857,0.070948,0.72651,0.99068,0.2398,-0.014156
2017-01-27,0.6446,0.87992,0.26229,0.46881,0.13395,0.70262,0.85389,0.49953,0.34544
2017-02-03,0.37943,0.74859,0.1598,0.3587,0.12008,0.46262,0.83112,0.13699,0.063191
2017-02-10,0.7036,0.85473,0.30326,0.40801,0.33811,0.45896,0.93026,0.34456,0.28405
2017-02-17,0.44432,0.82081,0.21087,0.3664,0.1013,0.38855,0.70505,0.12504,0.18427
2017-02-24,0.22744,0.71988,0.21633,0.42994,0.000106,0.3105,0.76322,0.17831,0.20158
2017-03-03,0.51679,0.7143,0.17958,0.47613,0.034103,0.37318,0.5099,0.31629,0.51496
2017-03-10,0.33808,0.69529,0.51717,0.50525,-0.072996,0.58475,0.58434,0.33969,0.36866
2017-03-17,0.25725,0.63867,0.000154,0.27103,-0.23158,0.46688,0.51449,0.30785,0.12634
2017-03-24,0.42459,0.68336,0.13376,0.31064,0.000123,0.5009,0.47434,0.19481,0.26558
2017-03-31,0.33049,0.62949,0.14523,0.29265,0.026721,0.48249,0.50009,0.19975,0.2837
2017-04-07,1.4072,0.60135,0.081039,0.072595,0.29907,0.65349,0.60713,0.50944,0.49772
2017-04-14,1.5446,0.73994,0.16483,0.1797,0.28001,0.66256,0.65775,0.38562,0.54544
2017-04-21,2.7115,0.93815,0.57496,0.48085,0.28382,0.75619,0.72672,0.61245,0.77722
2017-04-28,2.5,0.38708,0.25893,0.43822,-0.047557,0.5653,0.61179,0.37757,0.31738
2017-05-05,2.403,0.36208,0.3442,0.32256,0.02418,0.52831,0.91839,0.46043,0.45678
2017-05-12,1.5335,0.35272,0.36068,0.10374,0.061381,0.52397,0.93711,0.16212,0.41867
2017-05-19,1.6781,0.36262,0.91318,0.11281,0.26275,0.80887,0.94325,0.17475,0.085475
2017-05-26,1.4882,0.362,0.57856,0.35323,-0.54627,0.65275,0.84311,0.000181,0.2984
2017-06-02,1.2175,0.35411,0.45659,0.1205,-0.10523,0.60274,0.8299,0.26819,0.19429
2017-06-09,1.1516,0.40174,0.68659,0.22204,0.25468,0.6236,0.82859,0.31224,0.21216
2017-06-16,1.2681,0.35834,0.82827,0.34018,0.31588,0.56083,0.76407,0.29707,0.59584
2017-06-23,0.73105,0.35845,0.63486,0.39384,0.1217,0.44676,0.79126,0.23231,0.46362
2017-06-30,0.90734,0.37617,0.83066,0.70285,0.049091,0.65186,0.83621,0.19566,0.45754
2017-07-07,1.4855,0.37947,0.78388,0.7282,0.060492,0.99084,0.66662,0.23059,0.65823
2017-07-14,0.70366,0.36692,0.42394,0.47246,0.0421,0.80658,0.64299,0.019342,0.51473
2017-07-21,0.7726,0.2997,0.32748,0.4659,0.024401,0.81199,0.72061,0.14405,0.20178
2017-07-28,0.77004,0.27936,0.28273,0.22518,0.13236,0.57229,0.69289,0.31342,0.20544
2017-08-04,1.1361,0.27077,0.24079,0.22759,0.14555,0.78295,0.58571,0.18268,0.19692
2017-08-11,3.1947,0.33739,1.0931,0.41519,0.33885,0.99019,0.68574,0.46586,0.63975
2017-08-18,2.2281,0.33232,0.72176,0.59092,0.42144,0.85114,0.68418,0.32056,0.48075
2017-08-25,1.3278,0.32167,0.42183,0.40244,0.32023,0.70943,0.65488,0.19618,0.44366
2017-09-01,2.3052,0.34803,0.4001,0.49434,0.17022,0.65125,0.71903,0.2789,0.47081
2017-09-08,3.5095,0.34445,0.42275,0.23236,-0.021358,0.68195,0.72058,-0.1223,0.18511
2017-09-15,2.7185,0.3917,0.55279,0.47832,0.097996,0.55676,0.77505,0.31764,0.23382
2017-09-22,1.9037,0.36036,1.0176,0.40104,0.033341,0.59838,0.75322,0.21814,0.16053
2017-09-29,2.528,0.1356,0.97612,0.46708,0.11279,1.2302,0.74973,0.27813,0.15232
2017-10-06,1.5271,0.11686,0.66835,0.42298,0.030849,1.0904,0.69919,0.1782,0.096905
2017-10-13,1.2468,0.11989,0.40223,0.45155,0.084846,0.76017,0.69899,0.027261,0.1019
2017-10-20,1.3959,0.11862,0.50613,0.48459,0.16026,0.79475,0.77885,0.050397,0.10193
2017-10-27,1.6847,0.13545,0.98969,0.56849,0.17297,1.2802,0.79592,0.1396,0.051105
2017-11-03,0.77712,0.12,0.46943,0.43075,0.066947,0.91422,0.73433,-0.046247,0.04132
2017-11-10,1.2135,0.12477,0.84966,0.45867,0.13,0.86053,0.79023,0.044522,0.039365
2017-11-17,0.93024,0.12099,0.66408,0.39355,0.055204,0.77665,0.76192,-0.00686,0.03991
2017-11-24,0.91782,0.12931,0.54528,0.32447,0.017328,0.59105,0.80525,-0.044382,-0.033924
2017-12-01,0.8563,0.1235,0.75737,0.31425,0.044857,0.62713,0.80823,0.028145,-0.09124
2017-12-08,1.2183,0.15277,0.84673,0.35056,0.086423,0.68778,0.88383,0.036473,-0.062148
2017-12-15,0.94327,0.13137,0.92066,0.32028,-0.087084,0.49281,0.82218,-0.038123,-0.049039
2017-12-22,0.61467,0.1072,0.64338,0.25487,-0.17211,0.43392,0.64908,-0.022324,-0.042628
2017-12-29,0.68944,0.1211,0.70531,0.28475,-0.18972,0.44832,0.76885,-0.026755,-0.063336
2018-01-05,0.5848,-0.009048,0.54346,0.25404,-0.040269,0.22943,0.79302,-0.005908,-0.17144
2018-01-12,0.66163,-0.009745,0.82048,0.27324,0.19114,0.35913,0.74916,0.052823,0.13634
2018-01-19,0.46757,-0.009906,0.52194,0.45406,0.031302,0.48304,0.81859,0.045808,0.11201
2018-01-26,0.48395,-0.010603,0.69086,0.37352,0.093565,0.58264,0.73907,0.039189,0.000292
2018-02-02,1.3082,0.04125,1.0348,0.47551,0.18498,0.9362,0.81832,0.11977,0.18791
2018-02-09,1.5243,0.046694,1.0435,0.67674,0.65045,1.2621,0.83477,0.36874,0.43706
2018-02-16,1.0015,0.012012,0.28904,0.62719,0.43307,0.93719,0.77645,0.017688,0.25943
2018-02-23,1.0853,0.011865,0.96837,0.4538,0.32503,1.0937,0.79097,0.33418,0.37082
2018-03-02,1.1938,0.16121,0.86795,0.42371,0.59606,1.0408,0.84358,0.36186,0.2792
2018-03-09,0.6644,0.15878,0.63671,0.32986,0.30784,0.92702,0.76924,0.22089,0.26026
2018-03-16,0.94145,0.17753,0.67453,0.38569,0.27887,0.91916,0.87763,0.19743,0.12047
2018-03-23,0.92886,0.15709,0.54111,0.30102,0.22568,0.82513,0.76356,0.18487,0.095324
2018-03-30,0.71911,0.15131,0.50846,0.30468,0.14997,0.56405,0.79656,0.061616,0.093285
2018-04-06,0.59418,0.1413,0.34294,0.25323,0.1873,0.50711,0.84622,0.06105,0.087848
2018-04-13,0.569456,0.146738,0.349805,0.258439,0.142392,0.526732,0.803136,0.012077,0.128443
2018-04-20,0.436722,0.130336,0.386848,0.271274,0.114879,0.666826,0.777918,0.011407,0.128132
2018-04-27,0.659715,0.139413,0.593729,0.280111,0.237884,0.661576,0.805657,0.244303,0.401811
2018-05-04,0.651082,0.1367,0.449157,0.353037,0.320729,0.768527,0.793776,0.309261,0.419158
2018-05-11,0.469242,0.548455,0.888972,0.342488,0.285782,0.911668,0.789636,0.392536,0.49895
2018-05-18,0.635283,0.550277,0.671063,0.352516,0.290075,1.40396,0.805296,0.415065,0.502564
2018-05-25,0.883783,0.551501,0.510757,0.454454,0.286932,1.15729,0.779679,0.372796,0.443559
2018-06-01,0.557071,0.56922,0.349922,0.354203,0.347054,0.846851,0.810288,0.360097,0.454401
2018-06-08,0.819735,0.611223,0.612453,0.419646,0.202872,1.04979,0.868982,0.36163,0.560485
2018-06-15,0.92749,0.587448,0.774225,0.452146,0.316486,1.00271,0.798759,0.4551,0.464607
2018-06-22,0.824448,0.617268,0.343156,0.385822,0.493567,0.971473,0.813204,0.495812,0.689987
2018-06-29,0.61369,0.641746,0.756124,0.34285,0.770206,1.17572,0.855564,0.595276,0.700036
2018-07-06,0.54113,0.625214,0.540476,0.34867,0.424524,1.17972,0.833131,0.52439,0.377671
2018-07-13,0.806502,0.635173,0.516421,0.334503,0.411999,1.13031,0.803016,0.396281,0.411784
2018-07-20,0.74669,0.576068,0.517798,0.317011,0.569577,0.973162,0.783406,0.368311,0.421044
2018-07-27,0.458877,0.605608,0.439321,0.29606,0.503074,0.854779,0.927659,0.306804,0.337745
2018-08-03,0.458601,0.447195,0.360395,0.296196,0.341185,0.708673,0.927659,0.211255,0.349935
2018-08-10,0.592573,0.476091,0.389296,0.283862,0.067596,0.631519,0.845902,0.29141,0.343814
2018-08-17,0.534601,0.490152,0.947208,0.382579,0.138074,0.971704,0.779825,0.427389,0.261654
2018-08-24,0.469588,0.253562,0.824371,0.286637,-0.201903,0.794766,0.811355,0.306126,0.172268
2018-08-31,0.665444,0.385543,0.958153,0.393853,0.105701,1.87533,0.845675,0.336896,0.16356
2018-09-07,0.809028,0.400751,0.84669,0.742257,0.329869,1.51287,0.849399,0.417403,0.288722
2018-09-14,0.715483,0.377489,0.519835,0.667405,0.148874,1.25166,0.813287,0.269919,0.255137
2018-09-21,0.657907,0.228054,0.702586,0.606594,0.293203,1.04047,0.832366,0.212505,0.104431
2018-09-28,0.464768,0.204134,0.455965,0.310943,0.213311,0.857504,0.873647,0.233676,0.142932
2018-10-05,0.823889,0.448435,0.778389,0.398577,0.515104,1.18457,0.813771,0.484979,0.502191
2018-10-12,0.901593,0.545713,0.660905,0.40541,0.469331,1.093,0.875301,0.28792,0.516286
2018-10-19,0.831753,0.380438,0.535057,0.216151,0.533188,1.0068,0.875301,0.298171,0.60607
2018-10-26,1.16161,0.429168,0.773541,0.13253,0.74128,1.00216,0.875301,0.438605,0.629194
2018-11-02,0.626877,0.477155,0.405828,0.148176,0.000432,0.764389,0.920865,0.174425,0.063707
2018-11-09,0.823781,0.437946,0.560706,0.342916,0.000161,0.845785,0.864197,0.264062,0.383853
2018-11-16,0.60329,0.313807,0.545139,0.230109,0.09578,0.810715,0.796018,0.319235,0.295033
2018-11-23,0.397578,0.304956,0.415199,0.272549,0.000217,0.699229,0.85668,0.267106,0.265961
2018-11-30,0.257196,0.355332,0.321144,0.266321,-0.215268,0.574522,0.871277,0.000184,0.06783
2018-12-07,0.609461,0.300894,0.45921,0.176103,0.000377,0.984965,0.902795,0.083371,0.09542
2018-12-14,0.501744,0.34102,0.465812,0.22425,-0.279475,0.847783,0.925766,0.095456,0.095513
2018-12-21,-0.12662,0.251957,-0.132979,0.164134,0.000135,0.335513,0.659457,0.073248,0.000125
2018-12-28,-0.115956,0.312766,0.215628,0.191883,0.000266,0.209043,0.659457,0.074326,0.100214
2019-01-04,0.369315,0.120587,0.403858,0.106561,0.000176,0.315869,0.882096,0.097901,0.230205
2019-01-11,0.217297,0.112963,0.467779,0.016691,-0.195948,0.303331,0.896977,0.059654,0.06351
2019-01-18,0.257217,0.036701,0.207394,0.196979,0.000133,0.378262,0.852813,0.086399,0.092112
2019-01-25,0.195142,0.036626,0.243571,0.22765,-0.258163,0.347404,0.889501,-0.013901,0.000123
2019-02-01,0.173456,0.034558,0.32659,0.116885,0.000135,0.351342,0.854097,9.9e-05,0.038207
2019-02-08,0.29136,0.219045,0.331535,0.116151,-0.015764,0.342982,0.874475,8.9e-05,0.067479
2019-02-15,0.355509,0.203374,0.353419,0.152787,0.000122,0.38149,0.856592,7.9e-05,0.107781
2019-02-22,0.106345,0.22123,0.297816,0.077902,-0.170758,0.383672,0.884766,-0.069808,0.062691
2019-03-01,0.273447,0.268365,0.349453,0.05188,0.000121,0.508827,0.857933,-0.068478,0.084113
2019-03-08,0.534896,0.215454,0.182835,0.136916,0.30787,0.870191,0.86647,0.13769,0.16958
2019-03-15,0.473386,0.215777,0.226641,0.256097,0.123725,0.606784,0.86647,5.5e-05,0.164067
2019-03-22,0.322787,0.191854,0.317036,0.16478,-0.062106,0.588157,0.86042,-0.025883,-0.048437
2019-03-29,0.705557,0.262577,0.554952,0.242699,0.247582,0.794698,0.887627,0.212227,0.271237
2019-04-05,0.48194,0.245955,0.399908,0.242564,0.000101,0.486042,0.887627,-0.020612,-0.031794
2019-04-12,0.313543,0.234127,0.256491,0.136951,0.027514,0.613741,0.887627,-0.00513,6.3e-05
2019-04-19,0.397043,0.237909,0.337987,0.269259,-0.154666,0.39736,,0.010139,-0.076496
2019-04-26,0.511782,0.383614,0.438168,0.297636,0.172694,0.417917,0.854621,0.227554,0.177497
2019-05-03,0.503484,0.365549,0.286263,0.178306,0.092556,0.726922,0.843099,0.094328,0.14672
2019-05-10,0.581419,0.24843,0.406382,0.256615,0.757048,0.8745,0.874549,0.237634,0.52598
2019-05-17,0.877629,0.396315,1.74793,0.378453,0.870835,0.74844,0.821744,0.394093,0.654267
2019-05-24,0.436695,0.324015,0.53801,0.293356,0.344504,0.699309,0.821744,0.2422,0.333254
2019-05-31,0.448485,0.33322,0.423865,0.26086,0.437947,0.505096,0.821744,0.272207,0.352667
2019-06-07,0.351416,0.205542,0.33888,0.237984,0.585606,0.535463,,0.161969,0.285873
2019-06-14,0.312263,0.213635,0.185472,0.245865,0.228812,0.733042,,0.232852,0.25305
2019-06-21,0.29045,0.0002,0.599954,0.000135,0.000195,0.000318,0.85252,0.075297,-0.112326
2019-06-28,0.515454,0.241154,0.435823,0.27621,0.328228,0.476684,0.85252,0.096902,0.281217
2019-07-05,0.307596,0.228694,0.192358,0.24981,0.113496,0.421289,0.884579,0.063401,0.250471
2019-07-12,0.000217,0.000157,0.000136,0.000131,0.000111,0.00022,0.880738,0.057126,7.7e-05
2019-07-19,-0.072322,0.00016,0.067822,0.040957,0.184144,0.011309,0.880738,-0.028028,-0.036938
2019-07-26,0.066141,0.045102,0.071138,0.112234,0.000206,0.117007,0.880738,0.000104,0.025623
2019-08-02,0.682833,0.379857,0.49851,0.441065,1.80685,0.966422,,0.195515,0.449378
2019-08-09,0.67131,0.413769,0.630237,0.395115,0.681442,0.921778,0.89045,0.308668,0.306163
2019-08-16,0.638822,0.40352,0.720924,0.363168,0.466763,0.872385,0.89045,0.294755,0.432218
2019-08-23,0.420153,0.293931,0.739856,0.298363,0.214145,0.77582,0.874873,0.283588,0.36224
2019-08-30,0.34689,0.14207,0.447315,0.165332,0.000483,0.851279,0.874873,0.167127,0.39097
2019-09-06,0.040584,0.195041,0.409288,0.00016,-0.20646,0.589967,0.874873,0.122199,0.109092
2019-09-13,0.060184,-0.027908,0.243852,0.010183,-0.27931,0.471565,,0.000108,0.083981
2019-09-20,0.347774,0.039953,0.282194,0.01828,0.000195,0.456177,,0.072808,0.000171
2019-09-27,0.393863,0.118044,0.34455,0.184842,0.145311,0.650999,,0.183993,0.118046
2019-10-04,0.139702,0.000125,0.11799,0.000148,0.232138,0.578257,,0.000122,0.000182
2019-10-11,0.000491,0.115576,0.372411,0.100279,0.000453,0.427594,0.863133,0.18457,-0.060395
2019-10-18,0.265716,0.095415,0.308792,0.027735,0.192894,0.495819,0.872931,0.00593,-0.008204
2019-10-25,0.197782,0.060034,0.23686,-0.017361,0.189225,0.340955,0.872931,-0.079988,0.000119
2019-11-01,0.129866,0.061081,0.192673,0.106854,0.000168,0.34638,0.875381,0.011624,0.000129
2019-11-08,0.258499,0.121207,0.208829,0.168624,-0.109611,0.305033,0.867472,0.010949,-0.031561
2019-11-15,0.240622,0.12216,0.279165,0.28314,0.330519,0.365846,0.867472,0.067333,0.109573
2019-11-22,0.341549,0.133312,0.28486,0.254907,0.555812,0.411619,0.867472,0.050362,0.144279
2019-11-29,0.32753,0.113254,0.16507,0.238509,0.245172,0.163947,,0.045447,0.061518
2019-12-06,0.398487,0.180269,0.26852,0.324728,0.322497,0.340422,0.878732,0.050904,0.101537
2019-12-13,0.000352,5.5e-05,0.000184,0.000151,0.500818,0.000175,0.878732,4.6e-05,9.6e-05
2019-12-20,0.091746,0.045074,0.211689,6.9e-05,0.191309,0.070376,0.675143,2.5e-05,7.9e-05
2019-12-27,0.243562,0.047936,0.220426,0.050101,0.147737,0.036767,0.893902,2.9e-05,-0.0532
2020-01-03,0.378403,0.158112,0.383853,0.199883,0.061959,0.551317,0.932889,6.8e-05,0.183728
2020-01-10,0.36629,0.063367,0.090744,0.192143,0.230191,0.000212,0.926836,-0.033743,0.000125
2020-01-17,0.193704,6.6e-05,0.312099,0.166247,0.19752,0.000146,0.90428,5.1e-05,0.000103
2020-01-24,0.353952,0.326554,0.242851,0.085009,0.606142,0.237934,0.918187,0.013531,9.7e-05
2020-01-31,1.02622,1.10358,0.532974,0.624427,1.24034,1.07378,0.927257,0.500638,0.628894
2020-02-07,0.834627,0.316005,0.667506,0.321418,0.563973,1.06023,0.880432,0.496194,0.480966
2020-02-14,0.514096,0.258268,0.579322,0.084479,0.479947,0.421575,0.916526,0.411222,0.101899
2020-02-21,0.901473,0.728155,0.82339,0.631872,0.669081,1.06512,0.916526,0.327202,0.54338
2020-02-28,1.19815,0.764593,1.51093,0.938866,0.232539,2.36488,0.916526,0.380293,0.496323
2020-03-06,1.1592,0.304357,1.77061,0.145402,0.441613,1.95918,,0.372367,0.26024
2020-03-13,2.90675,0.53021,2.09953,1.00959,1.34383,4.91303,0.905696,1.05089,1.12691
2020-03-20,3.44985,0.931837,1.90233,0.827268,2.02715,5.91238,0.883777,0.994361,1.01693
2020-03-27,3.17978,1.20759,2.68911,1.4531,1.49396,4.31262,0.916285,0.985357,0.830572
2020-04-03,3.16857,1.14558,2.86118,1.25714,1.71758,9.06599,0.916285,0.716677,0.830735
2020-04-10,2.13607,0.706646,2.10717,0.823385,0.598733,4.22341,0.916285,0.633945,0.467935
2020-04-17,2.18539,0.461633,1.79979,0.658486,0.726015,2.82947,,0.476562,0.406373
2020-04-24,2.40048,0.70804,1.88725,1.12269,0.647921,4.73506,,0.327766,0.601548
2020-05-01,2.59851,0.59228,1.88228,0.888733,0.772104,3.95665,0.85676,0.505716,0.50013
2020-05-08,1.60337,0.542315,1.69185,0.785675,0.840753,2.52544,0.85676,0.314122,0.132816
2020-05-15,1.66687,0.468112,1.16775,0.830046,0.959906,2.29753,0.85676,0.436272,0.000245
2020-05-22,1.40464,0.573028,0.979893,0.924057,1.12438,2.77122,,0.431611,0.435053
2020-05-29,1.26691,0.539094,0.658921,0.821839,1.13455,2.45756,,0.263589,0.420467
2020-06-05,0.421357,0.236054,0.439703,0.292812,0.33426,1.68875,,0.119518,0.000287
2020-06-12,1.03674,0.487585,0.751672,0.651854,0.326379,3.21063,,0.284796,0.126376
2020-06-19,1.05623,0.267321,0.759938,0.37491,0.144828,2.5437,,0.104497,0.000235
2020-06-26,0.838756,0.233735,0.633745,0.378994,0.26447,1.9535,,0.04021,0.000223
2020-07-03,0.577962,0.000192,-0.292343,0.225747,0.164854,2.2545,,0.076681,-0.184915
2020-07-10,0.895732,0.234003,0.623425,0.401268,0.101572,2.04086,,0.265742,0.115744
2020-07-17,0.548217,0.258985,0.431768,0.222948,0.086234,2.1062,,0.119287,0.000205
2020-07-24,0.667074,0.127343,0.515077,0.271279,0.442518,0.733214,,0.182532,0.131365
2020-07-31,0.197874,0.000323,0.237518,0.000245,0.095942,1.27677,,0.13389,-0.088279
2020-08-07,0.309775,0.000295,0.394487,0.000222,0.183566,0.993737,,0.09162,-0.084887
2020-08-14,0.363796,0.000241,0.338088,0.000241,0.40266,1.60435,,0.117762,0.000161
2020-08-21,0.295779,0.000278,0.417612,0.000262,0.539758,1.18207,,0.000141,0.00012
2020-08-28,0.271283,0.000256,-0.08127,0.000217,0.478422,0.972405,,0.091995,0.046671
2020-09-04,0.3611,0.126816,0.229954,0.104685,0.236339,1.01781,0.869025,0.093838,0.079134
2020-09-11,0.429305,0.000289,0.471355,0.111382,0.36737,2.327,0.869025,0.144738,0.038162
2020-09-18,-0.139264,0.000284,0.393373,0.000188,0.395152,0.588413,0.925135,0.000184,-0.117429
2020-09-25,0.462956,0.436932,0.601256,0.208732,0.412296,2.16829,0.935422,0.232388,0.047178
2020-10-02,0.345359,0.396988,0.43468,0.183722,0.446607,1.74821,0.916974,0.22957,0.000228
2020-10-09,0.060016,0.029974,0.323774,0.040246,0.508043,0.569877,0.916974,0.050516,-0.272644
2020-10-16,0.255181,0.027912,0.339019,0.04066,0.558094,0.635757,0.916974,0.037659,-0.115926
2020-10-23,0.284994,0.027832,0.658345,0.044257,0.601921,0.664413,,0.139222,-0.057172
2020-10-30,1.19502,0.047311,1.50703,0.094715,1.8414,1.18984,,0.546898,-0.214026
2020-11-06,0.283323,0.055155,0.637596,0.000264,1.017,0.617816,,0.124825,-0.127685
2020-11-13,0.289255,0.000353,0.654054,0.000217,0.863431,0.321689,,0.156427,-0.085804
2020-11-20,0.671783,0.000317,0.371683,0.000204,0.769167,1.12544,,0.097519,-0.159095
2020-11-27,0.271859,0.000254,0.294007,0.000119,0.892086,0.924232,,0.072604,-0.181034
2020-12-04,0.092625,0.000279,0.133566,0.000289,0.558652,0.6433,0.91712,0.000251,-0.999243
2020-12-11,0.115693,0.000296,0.000301,0.000295,0.38365,0.480069,0.91712,0.091334,-1.01974
2020-12-18,0.228306,0.000334,0.067286,0.117324,0.324739,0.280599,0.91712,0.068795,-0.834255
2020-12-25,0.53835,0.101488,0.179925,0.17105,0.19136,0.551399,,0.190581,-0.38395
2021-01-01,0.524519,0.220252,0.191183,0.131027,0.000381,-0.446218,,-0.106651,-0.728551
2021-01-08,0.839868,0.185367,0.551514,0.283041,0.485388,0.956349,,0.301956,-0.251842
2021-01-15,0.492097,0.161207,0.237094,0.255438,0.220732,1.22663,,0.35529,-0.350279
2021-01-22,0.699203,0.000361,0.371204,0.264476,0.39032,1.26651,,0.232989,-0.19086
2021-01-29,0.968545,0.237773,0.3716,0.259156,0.321947,1.17779,0.884564,0.497245,-0.09396
2021-02-05,0.831357,0.128699,0.205127,0.145305,-0.021441,0.687456,0.884564,0.338937,-0.074014
2021-02-12,0.540743,0.105078,0.32692,0.163357,0.309594,0.670692,0.811144,0.076561,-0.129301
2021-02-19,0.584199,0.153508,0.388029,0.372282,0.41625,1.25695,0.811144,0.245525,-0.259899
2021-02-26,1.39944,0.635727,1.79995,0.882118,0.346426,2.18533,0.811144,0.61966,0.000319
2021-03-05,1.11104,0.390237,0.943177,0.763057,0.442412,1.73089,,0.512906,-0.114009
2021-03-12,1.03059,0.548681,0.869583,0.717822,0.359148,1.65768,,0.510448,-0.13491
2021-03-19,0.958119,0.506649,0.801951,0.591164,0.427983,1.21971,,0.407614,0.287779
2021-03-26,0.721961,0.545864,1.10477,0.553877,0.526126,1.375,,0.381512,0.544578
2021-04-02,0.531944,0.499298,1.17417,0.442998,0.457741,1.2839,,0.239465,0.368135
2021-04-09,0.540788,0.684602,1.42116,0.362626,0.321777,1.42854,0.99196,0.302651,0.251366
2021-04-16,0.36063,0.542721,0.433466,0.323043,0.174217,0.882636,1.00071,0.155662,0.205842
2021-04-23,0.368895,0.575198,0.843897,0.385078,0.046756,0.878052,0.999896,0.168957,0.135661
2021-04-30,0.373815,0.521674,0.551624,0.256399,0.0082,0.511014,0.996536,0.121014,-0.143666
2021-05-07,0.32818,0.062203,0.491638,0.104227,-0.096682,0.128994,0.976894,0.096174,-0.09653
2021-05-14,0.425204,0.273246,0.444168,0.180632,-0.027241,0.820968,0.992489,0.230715,0.000322
2021-05-21,0.307879,0.28884,0.427277,0.230479,-0.07132,1.04032,0.983215,0.14705,0.118667
2021-05-28,0.166422,0.248409,0.33063,0.202831,0.108975,0.820358,0.950891,0.016751,-0.04679
2021-06-04,0.461175,0.301393,0.572779,0.358421,0.192135,0.974501,1.01386,0.086984,-0.104674
2021-06-11,0.256003,0.291087,0.489263,0.406746,0.158762,0.828068,1.01763,0.017473,-0.125527
2021-06-18,0.618419,0.321127,0.645289,0.512287,0.265573,1.38325,1.00057,0.226616,0.10973
2021-06-25,0.180938,0.441308,0.479724,0.329757,0.181538,1.17557,1.00321,0.248479,0.085039
2021-07-02,0.412947,0.590224,0.48637,0.655741,0.177081,1.04515,0.995576,0.23547,0.08534
2021-07-09,0.510376,0.624949,0.593132,0.719106,0.221541,1.06219,0.999435,0.18928,0.197612
2021-07-16,0.333992,0.30833,0.416105,0.427846,0.085911,0.437075,1.00015,0.075632,-0.087941
2021-07-23,0.308981,0.198417,0.38433,0.231778,0.085343,1.00358,1.00015,0.17253,0.058463
2021-07-30,0.311819,0.293722,0.440567,0.371466,0.302317,0.355997,1.00015,0.18948,0.018972
2021-08-06,0.36689,0.577662,0.355078,0.59447,0.147426,0.340343,,0.15623,-0.056978
2021-08-13,0.683895,0.261686,0.387806,0.391699,0.280155,0.516173,,0.172317,0.000125
2021-08-20,0.663989,0.260404,0.517169,0.400675,0.332774,1.07943,,0.188118,0.404534
2021-08-27,0.537099,0.000253,-0.321699,0.339522,0.292002,0.363427,,0.152355,-0.139342
2021-09-03,0.383425,0.105281,0.038897,0.000192,0.1931,0.121748,,0.011578,-0.506564
2021-09-10,0.398483,0.223722,0.274356,0.300471,-0.015728,0.713616,,0.035423,-0.10405
2021-09-17,0.583568,0.469482,0.462196,0.325432,0.107827,0.815667,,0.110073,-0.036897
2021-09-24,0.531336,0.597675,0.346285,0.624374,0.25396,0.761632,,0.214114,0.04085
2021-10-01,0.551732,0.365999,0.348072,0.506755,-0.194379,0.596147,,0.231278,0.025375
2021-10-08,0.826189,0.484506,0.381509,0.683928,0.222422,0.518204,0.275702,0.383232,0.595607
2021-10-15,0.319795,0.469829,0.382806,0.554781,0.073323,0.476665,0.275702,0.079583,0.171925
2021-10-22,0.452174,0.407103,0.269722,0.533101,0.034875,0.529548,0.275702,0.146209,0.122571
2021-10-29,0.328951,0.287684,0.30909,0.31856,0.097635,0.371226,,0.176454,0.115186
2021-11-05,0.270768,0.251558,0.297075,0.276891,-0.042456,0.409732,,0.132668,0.158117
2021-11-12,0.274415,0.026778,0.217448,0.486724,-0.324795,0.224345,0.30079,0.212467,0.109668
2021-11-19,0.384412,0.02566,0.353172,0.512798,0.154922,0.404821,0.30079,0.235685,0.236105
2021-11-26,1.0013,0.214133,0.742656,0.587846,0.166533,1.19638,0.30079,0.405674,0.363098
2021-12-03,0.462596,0.000298,0.467491,0.217227,0.158586,1.03234,,0.231558,0.000121
2021-12-10,0.569174,0.000399,0.619381,0.353624,0.136345,1.0241,,0.271311,0.084262
2021-12-17,0.457313,-0.068455,0.489746,0.169087,0.129114,0.244444,0.283255,0.121534,0.059969
2021-12-24,0.255069,-0.114095,0.088481,0.075527,0.046077,0.250209,0.283255,0.093159,7.5e-05
2021-12-31,0.25003,-0.24413,0.210692,0.526193,-0.149919,0.000308,0.283255,0.155215,-0.077254
2022-01-07,0.777782,0.51441,0.430383,0.677578,0.126624,0.654868,0.307076,0.158589,0.09432
2022-01-14,0.246151,0.45283,0.385193,0.42459,-0.170126,0.420201,0.28826,0.057868,-0.163227
2022-01-21,0.595749,0.000377,0.34041,0.645636,-0.093073,0.548991,0.313555,0.108253,0.000162
2022-01-28,0.778553,0.000353,0.435862,0.574641,0.013225,0.770469,0.311148,0.130694,0.130055
2022-02-04,0.217259,-0.144045,0.379109,0.271591,0.041504,0.505873,0.313027,6e-05,0.017062
2022-02-11,0.339744,-0.141694,0.429477,0.239127,8.1e-05,0.478684,0.329023,0.025005,-0.027493
2022-02-18,0.357224,-0.133886,0.329485,0.408875,-0.167642,0.593733,0.299518,0.138955,9.8e-05
2022-02-25,0.732076,0.240123,1.00324,0.532827,0.185841,0.691311,0.312776,0.241742,0.82937
2022-03-04,1.45649,0.629847,1.39761,0.814555,0.311061,1.12617,0.329493,0.631745,1.50831
2022-03-11,1.3346,0.481036,1.30459,0.819224,0.547233,1.03779,0.357019,0.378891,0.97132
2022-03-18,0.866144,0.327974,0.58956,0.706397,0.663404,0.505618,0.310119,0.091993,0.671196
2022-03-25,0.995256,0.370156,1.0036,0.722465,0.602328,0.87414,0.317147,0.054162,0.587818
2022-04-01,0.795614,0.181653,0.731678,0.455605,0.259407,0.690675,0.304037,-0.020858,0.973245
2022-04-08,0.612609,0.172414,0.747062,0.605493,0.38006,0.686545,0.331797,-0.040909,0.822301
2022-04-15,0.401205,0.176196,0.591526,0.598174,0.463131,0.587602,0.331797,-0.012587,0.935905
2022-04-22,0.760894,0.484402,0.823596,0.840541,1.32203,0.819874,0.331797,0.099594,1.19658
2022-04-29,1.33845,1.14563,0.998297,1.05999,1.26337,1.62944,,0.267421,1.38599
2022-05-06,1.59714,0.994724,1.05818,0.981429,1.49344,1.82419,,0.568551,1.87565
2022-05-13,1.12844,0.599526,0.755602,0.81716,0.897441,1.30789,,0.656783,1.10089
2022-05-20,0.641089,0.330197,0.568088,0.538351,0.23421,0.637689,0.311008,0.388801,0.42197
2022-05-27,0.313108,0.280568,0.677191,0.425149,0.295792,0.420112,0.311008,0.277412,-0.130479
2022-06-03,0.239519,0.280656,0.703588,0.934993,0.030849,0.125434,0.311008,0.296337,0.126955
2022-06-10,0.745285,0.276786,0.820706,0.921018,0.765055,0.839562,,0.34784,0.372455
2022-06-17,0.98671,0.515258,0.751947,0.851069,0.39397,1.40505,0.286349,0.391098,0.485711
2022-06-24,0.650704,0.544062,0.412978,0.516057,0.382417,1.08202,0.312975,0.262323,0.410159
2022-07-01,0.919162,0.327367,0.472323,0.204054,0.2338,1.59147,0.312975,0.061121,0.158025
2022-07-08,0.861076,0.329193,0.442565,0.982226,0.450887,1.79171,0.312975,0.28473,0.378731
2022-07-15,1.12423,0.361089,0.621215,1.07774,1.49304,2.41621,,0.413545,0.529295
2022-07-22,0.883108,0.381894,0.490654,1.03758,1.19524,2.01578,0.339176,0.43346,0.426333
2022-07-29,0.480068,0.34526,0.119983,0.853249,0.631683,1.44513,0.343221,0.319397,0.670276
2022-08-05,0.59812,0.000451,0.512715,0.766289,1.08933,1.30942,0.343221,0.305524,0.908556
2022-08-12,0.564082,0.000362,0.397693,0.733523,0.763282,1.02456,0.307741,0.224845,0.666781
2022-08-19,0.863258,0.000379,0.390696,0.723828,1.30603,1.08628,0.307741,0.223944,0.72548
2022-08-26,0.823645,0.313015,0.568539,0.599102,0.282651,1.15731,0.32356,0.256828,0.797574
2022-09-02,0.931402,0.334722,0.486285,0.644064,0.277275,1.00922,0.308022,0.242307,0.781555
2022-09-09,0.881212,0.554945,0.505413,0.820061,0.310051,1.02226,0.348458,0.267656,0.976137
2022-09-16,0.733056,0.619037,0.535143,0.880527,0.847054,1.20389,0.298625,0.403159,1.11523
2022-09-23,0.610925,0.56496,0.660253,0.851492,0.649469,1.02408,0.315868,0.399613,1.04827
2022-09-30,0.994664,0.678775,0.546239,1.23068,0.654664,1.95475,0.31831,0.662978,1.0826
2022-10-07,1.40387,0.665568,1.14109,0.902209,1.04386,1.46876,0.362976,0.770477,0.903961
2022-10-14,1.30857,0.639922,0.828945,0.866162,0.875999,2.08244,0.359433,0.459973,0.980149
2022-10-21,1.33313,0.610049,0.860667,1.00875,0.492568,1.89697,0.319423,0.470541,0.694923
2022-10-28,1.44191,0.677729,0.953063,1.02699,0.453629,2.0538,0.335694,0.579546,0.760007
2022-11-04,0.330212,-0.230248,0.343788,0.185884,0.001016,0.5099,0.335694,0.33904,0.261378
2022-11-11,0.124334,-0.242789,0.3109,0.000543,-0.038924,0.748296,0.335694,0.439044,-0.370191
2022-11-18,0.000926,0.000822,0.05932,0.344347,0.448801,1.21596,0.325465,0.348368,0.234995
2022-11-25,0.04852,0.000776,0.025123,0.271454,0.437226,0.367083,0.325465,0.340461,-0.065776
2022-12-02,0.000929,0.000573,-0.333035,-0.178499,0.09368,0.001023,0.365571,0.000257,-0.28131
2022-12-09,0.541328,0.091143,0.387162,0.209516,1.02548,0.24524,0.415336,0.48692,0.185786
2022-12-16,0.54227,0.069037,0.325378,0.089897,0.842606,0.206216,0.325197,0.471502,0.152015
2022-12-23,0.000451,0.063893,0.238011,0.421564,0.461666,0.17531,0.304539,0.197363,0.000231
2022-12-30,0.144317,0.069649,0.251889,0.197856,0.327882,0.414499,0.311606,0.197855,0.027926
2023-01-06,-0.089338,0.000613,-0.309386,0.000533,0.438606,0.313053,0.352876,0.236271,-0.298198
2023-01-13,0.226236,0.000505,-0.476426,0.388124,0.231433,-0.930309,0.389906,0.344505,-0.449014
2023-01-20,0.417779,0.162624,-0.299324,0.000373,0.505135,-0.053163,0.322828,0.283068,-0.124309
2023-01-27,0.495945,0.000453,0.048714,0.000469,0.376689,-0.090667,0.36702,0.239154,-0.060521
2023-02-03,0.3174,0.000366,0.099671,0.126197,0.228663,-0.155103,0.341217,0.214671,-0.350269
2023-02-10,0.897648,0.416405,0.068781,0.209273,0.816045,0.099254,0.378061,0.368518,0.000457
2023-02-17,0.785061,0.405556,-0.027008,0.54881,0.711644,0.099161,0.322684,0.508504,0.199007
2023-02-24,0.465,0.414525,0.173324,0.692534,0.565424,0.014596,0.328424,0.20233,0.117038
2023-03-03,0.561569,0.418237,-0.161668,0.713058,0.523455,0.013293,0.328424,0.204871,0.099542
2023-03-10,0.643736,0.454162,0.096535,0.780514,0.569577,0.16378,0.378451,0.252778,0.183863
2023-03-17,0.876581,0.46661,0.450583,0.710874,0.508864,0.699265,0.38161,0.239215,0.16863
2023-03-24,0.51389,0.154792,0.245481,0.215286,0.351751,0.417773,0.331547,0.000188,0.000392
2023-03-31,0.603066,0.436768,0.242753,0.291254,0.473259,0.342517,0.331003,0.251112,0.22463
2023-04-07,0.652077,0.430771,0.163306,0.283438,0.399235,0.294065,0.331003,0.356095,0.255458
2023-04-14,0.320278,0.394239,0.085237,0.260522,0.19356,0.258027,0.331003,0.204664,0.210813
2023-04-21,0.386721,0.345647,0.127838,0.318256,0.259939,0.058798,0.32798,0.212666,0.239959
2023-04-28,0.670657,0.350469,0.040631,0.244935,0.502704,0.057844,0.354224,0.2492,0.50313
2023-05-05,0.039161,0.000255,9.1e-05,0.000287,0.294733,-0.293367,0.354224,-0.016029,-0.22794
2023-05-12,0.307815,0.000267,0.083067,0.397655,0.50341,0.359216,0.354224,0.100158,0.11957
2023-05-19,0.23431,0.00024,0.316819,0.394277,0.351215,0.345474,,0.151131,0.145235
2023-05-26,0.199126,0.000244,0.135363,0.113929,0.26448,0.165999,,0.151029,0.086938
2023-06-02,0.227598,0.120169,0.191229,0.128123,0.227187,0.427432,,0.161565,0.103651
2023-06-09,0.000415,-0.128013,0.203881,0.126097,-0.172223,-0.103,0.361261,-0.084886,0.063928
2023-06-16,-0.058403,-0.113516,-0.057942,0.108599,-0.261931,-0.163981,0.361261,-0.074812,-0.062574
2023-06-23,0.000358,0.000198,6.4e-05,0.01976,0.08645,0.049266,0.361261,9.7e-05,0.00016
2023-06-30,0.171573,0.000224,0.019955,0.000224,0.115226,0.254797,,0.0001,0.108713
2023-07-07,0.155053,0.000249,0.149454,0.000225,-0.020405,0.306192,,0.045753,0.155792
2023-07-14,0.055858,-0.110639,0.154805,-0.021987,-0.021251,0.294098,,0.049565,-0.061064
2023-07-21,0.110944,-0.261529,0.16384,0.024165,0.000269,0.370654,,0.106449,0.159926
2023-07-28,0.14611,-0.240256,0.056725,0.000207,-0.245812,0.495365,,0.107986,0.233959
2023-08-04,0.23365,0.145531,0.281626,0.439537,0.021761,0.518734,,0.21658,0.12822
2023-08-11,0.159423,0.134279,0.381808,0.368894,0.100469,0.35609,,0.183574,0.088057
2023-08-18,0.278367,0.134451,0.528028,0.314736,0.000222,0.403988,0.328126,0.034138,0.122831
2023-08-25,0.000349,0.130985,-0.077343,0.000279,-0.480914,0.000253,0.340107,0.156948,0.000274
2023-09-01,0.000316,0.12223,-0.055335,0.000239,-0.424814,0.057567,0.317402,-0.059253,-0.008738
2023-09-08,0.102204,0.127479,0.40493,0.024087,0.118895,0.074122,0.317402,-0.063286,0.128088
2023-09-15,0.000318,0.027198,0.078683,0.000252,-0.330887,0.045837,0.340313,0.090874,-0.085957
2023-09-22,0.079303,0.027294,-0.135346,0.06525,-0.45771,0.040322,0.340313,0.10843,0.205102
2023-09-29,0.210221,0.00032,0.119901,0.227988,-0.306686,0.249948,0.091574,0.070984,0.165514
2023-10-06,0.178558,0.189507,0.153309,0.242317,-0.324153,0.367779,0.091574,0.088227,0.2768
2023-10-13,0.132107,-0.14158,0.094502,0.180638,-0.291036,0.328871,0.093851,8.5e-05,0.000189
2023-10-20,0.12545,0.000283,0.097353,0.161188,0.214148,0.491419,0.093573,7.2e-05,0.097671
2023-10-27,0.113705,0.000291,0.085986,0.276281,-0.081375,0.509653,0.095538,-0.018554,0.164601
2023-11-03,-0.373446,-0.399844,-0.363274,-0.389557,-0.342592,-0.406439,0.096703,-0.105651,-0.4617
2023-11-10,0.000398,0.000282,0.521053,0.000236,-0.277504,0.000349,0.099157,0.000159,-0.189124
2023-11-17,0.000408,0.00029,-0.176375,-0.343765,-0.406804,-0.433109,0.093352,0.000131,-0.388127
2023-11-24,-0.142358,-0.5607,-0.172904,-0.111496,0.000256,-0.098927,0.09166,-0.122763,-0.347292
2023-12-01,-0.179958,0.000352,0.065846,0.047452,0.045163,0.031995,0.095676,0.000152,-0.695918
2023-12-08,-0.28575,0.000507,0.054473,-0.0269,0.000193,0.029546,0.105092,0.000184,-0.745587
2023-12-15,0.000358,0.000451,-0.971759,-0.45174,-0.393655,-0.765485,0.092246,0.000123,-0.771221
2023-12-22,0.000276,0.000324,-0.25525,-0.275508,-0.463169,0.000187,0.080236,-0.071449,-0.93079
2023-12-29,0.000351,0.00051,-0.199867,-0.346513,-0.477361,0.096632,0.075939,0.000166,-1.47738
2024-01-05,0.162809,0.000399,-0.460784,-0.192937,-0.411696,0.150335,0.094864,0.000121,-1.20742
2024-01-12,0.000304,0.000295,-0.40271,-0.026098,-0.219628,0.1397,0.09556,7.3e-05,-2.02974
2024-01-19,0.000284,0.000276,0.015134,-0.025054,-0.274755,0.142289,0.091632,0.000131,-0.627633
2024-01-26,0.068806,0.000307,-0.045142,0.14355,-0.155891,0.600674,0.095827,-0.384086,-0.702451
2024-02-02,-0.215215,0.000242,-0.087928,0.000291,-0.549916,0.304258,0.095827,9.5e-05,-0.622044
2024-02-09,-0.219141,0.000271,-0.092717,-0.047598,-0.399422,0.252047,0.096306,7.7e-05,-0.49918
2024-02-16,-0.139179,0.000175,-0.023601,-0.043617,-0.278072,0.246505,0.096306,6.7e-05,-0.311938
2024-02-23,0.000162,0.000189,-0.152457,0.000116,-0.724627,0.093251,0.092343,5.6e-05,-0.513732
2024-03-01,-0.016032,0.000134,-0.071691,0.094467,-0.485321,0.095686,0.095316,0.053151,-0.45918
2024-03-08,-0.343354,0.000187,-0.125161,0.11111,-0.665888,-0.023133,0.103437,-0.103185,-0.801348
2024-03-15,-0.129121,0.000196,0.219439,0.126808,-0.763035,-0.089269,0.084689,0.102547,-0.679363
2024-03-22,0.234303,0.000214,0.68184,0.24906,0.542925,0.060155,0.079662,0.085776,-0.156375
2024-03-29,0.241394,0.000168,0.408925,0.158236,0.11678,0.060626,0.079662,0.137422,-0.023211
2024-04-05,0.194923,0.000191,0.663378,0.172262,0.021852,0.157001,0.091995,0.180796,-0.232867
2024-04-12,0.625488,0.217225,0.759449,0.460639,0.898026,0.440066,0.091995,0.368484,0.266969
2024-04-19,0.680485,0.32903,0.885084,0.716379,0.43301,0.658099,0.082105,0.327344,0.028683
2024-04-26,0.491108,0.226507,0.576881,0.597714,0.250931,0.560534,0.081964,0.040911,0.014607
2024-05-03,0.166595,0.000162,0.678991,0.510012,-0.678786,0.379278,0.091589,-0.168403,-0.01382
2024-05-10,0.194698,0.000142,0.757897,0.48712,-0.932797,0.372906,0.093448,9.9e-05,-0.138469
2024-05-17,0.073236,0.000124,0.592099,0.359469,-0.91948,0.278142,0.093448,3.7e-05,-0.372612
2024-05-24,0.104998,0.000136,0.638141,0.492764,-0.621004,0.300855,0.084776,3.9e-05,-0.33836
2024-05-31,0.187646,0.073242,2.03197,0.570815,-0.539754,0.346275,0.084776,1.1e-05,-0.344024
2024-06-07,0.156861,0.0923,0.965965,0.601326,-0.708228,0.407922,0.10048,4.8e-05,-0.373906
2024-06-14,0.226112,9.1e-05,0.87442,0.600363,-0.442607,0.673396,0.064644,3.5e-05,-0.288185
2024-06-21,0.422158,8.7e-05,0.947966,0.576013,0.000236,0.62509,0.057279,0.089131,-0.284018
2024-06-28,0.341333,9.7e-05,0.578026,0.462957,-0.777169,0.339227,0.057279,1e-05,-0.043495
2024-07-05,0.249998,9.9e-05,0.223236,0.000249,-0.757999,0.000205,0.066102,3.8e-05,-0.34538
2024-07-12,0.147645,7.8e-05,0.276041,0.127194,-0.621762,0.03802,0.051414,-0.038941,-0.377972
2024-07-19,0.179616,8.4e-05,0.449512,0.174102,-0.855541,0.078575,0.05156,0.063064,-0.557641
2024-07-26,0.101321,0.000109,0.39509,0.22138,-1.23996,0.058467,0.052279,0.021373,-0.58801
2024-08-02,-0.086843,0.000116,0.267537,0.08998,-1.38658,-0.048335,0.062767,4.6e-05,-0.863229
2024-08-09,-0.172242,0.000132,0.871701,-0.099792,-0.843479,-0.103784,0.072869,-0.117314,-1.37092
2024-08-16,-0.16933,0.0001,0.494058,-0.075095,-0.877454,-0.130043,0.07829,-0.090029,-1.06328
2024-08-23,-0.394428,-0.208027,0.337232,-0.430649,-0.745067,-0.31018,0.076859,-0.233278,-1.32798
2024-08-30,-0.383686,-0.183023,0.258294,-0.193231,-0.789619,-0.325978,0.08367,-0.153236,-1.58983
2024-09-06,0.000457,-0.102869,0.187371,0.000387,-0.117481,0.000633,0.108428,-0.065727,-1.245
2024-09-13,-0.505158,-0.246235,-0.223671,-0.439648,-0.481424,-0.25713,0.106148,-0.273333,-1.46998
2024-09-20,-0.140794,0.000145,-0.336675,-0.481158,-0.736471,-0.838472,0.103001,-0.292673,-1.17719
2024-09-27,-0.553654,-0.114426,-0.300468,-0.40101,-1.29653,-0.359185,0.113423,-0.426024,-1.59572
2024-10-04,0.000332,0.000257,8.9e-05,0.000245,-0.40666,0.000296,0.118431,0.00011,-0.32554
2024-10-11,0.000218,0.000142,0.193472,0.0002,-0.426359,0.000202,0.113698,8.4e-05,-0.381076
2024-10-18,-0.333408,-0.173064,0.145913,-0.272156,-0.358899,-0.157192,6.6e-05,-0.064153,-0.683043
2024-10-25,0.000302,-0.184381,0.141593,-0.054255,-0.309572,-0.141301,6.5e-05,0.160257,-0.48961
2024-11-01,0.068036,5.6e-05,0.275763,3.3e-05,-0.012025,3.7e-05,0.000124,0.043094,-0.619518
2024-11-08,0.000256,-0.18531,0.165094,0.000165,-0.421849,-0.214651,7.6e-05,6.8e-05,-0.660685
2024-11-15,0.000244,0.000158,0.216308,0.000188,-0.91912,0.000182,7.6e-05,8.1e-05,-0.287921
2024-11-22,0.000222,0.000187,0.096598,0.000156,-0.57436,0.167629,5e-05,0.244509,-0.305134
2024-11-29,0.000183,0.000204,0.000117,0.000157,-0.731686,0.000117,4.8e-05,8.8e-05,-0.392947
2024-12-06,1.21611,0.000207,9.6e-05,0.000235,-0.732787,0.000105,4.8e-05,8.1e-05,-0.751923
2024-12-13,0.674049,0.000317,0.125468,0.000249,-0.747351,0.000132,4.8e-05,9.7e-05,-0.777501
2024-12-20,0.520922,0.000144,0.149397,9.5e-05,-0.487293,8.7e-05,3.7e-05,0.168495,-0.177777
2024-12-27,0.600809,0.000175,0.706081,0.000126,-0.785816,9.3e-05,3.7e-05,0.16033,-0.198537
2025-01-03,0.428617,0.000216,0.373773,0.000159,0.00039,0.000107,4.6e-05,0.122834,-0.132133
2025-01-10,0.448606,0.117762,0.42423,0.098315,-0.568854,0.075764,6.1e-05,0.201097,-0.069045
2025-01-17,0.213039,0.000255,0.299628,0.000228,0.000737,0.276099,0.000108,-0.262662,0.000396
2025-01-24,0.000369,0.000277,0.000193,-0.104629,-0.470922,-0.169283,6.7e-05,0.000128,-0.670612
2025-01-31,0.464211,0.131057,0.19479,0.000166,0.272763,0.22026,6.7e-05,0.302856,0.000345
2025-02-07,0.000303,0.000303,0.1862,0.000158,-0.476212,0.000215,8.6e-05,0.000122,-0.134145
2025-02-14,-0.440924,-0.415589,-0.415324,-0.467918,-1.05242,-0.74217,6.2e-05,0.000114,-0.602713
2025-02-21,0.000183,0.000236,0.000115,0.000162,-0.646505,0.000324,6.2e-05,-0.073682,-0.454591
2025-02-28,0.390822,0.328781,0.427956,0.12627,-0.341606,0.596877,6.4e-05,0.253072,-0.239983
2025-03-07,0.000215,0.000398,0.00012,0.000251,-0.631028,0.000428,7.5e-05,-0.261554,-0.442228
2025-03-14,0.000186,0.000375,0.044506,-0.115776,-0.298761,0.000439,7.5e-05,0.000167,-0.38671
2025-03-21,0.130987,0.00031,0.000195,0.000215,0.090909,0.000531,6.9e-05,0.100417,-0.05752
2025-03-28,0.136632,0.162964,0.055096,0.339807,0.020455,0.542056,9.7e-05,0.111231,-0.117345
2025-04-04,-0.100389,0.000427,-0.486325,-0.351983,0.481369,0.000903,9.7e-05,-0.308688,-1.36251
2025-04-11,0.262937,0.586867,0.114773,0.4607,-0.038721,0.760395,-0.015347,-0.571777,-1.39457
2025-04-18,-0.366951,0.000493,-0.338714,-0.450122,-0.316158,0.000722,-0.01439,-0.23471,-1.18823
2025-04-25,0.000578,0.000538,0.733635,0.000305,-0.345685,0.000478,-0.016064,0.000195,-0.696123
2025-05-02,-0.958539,-0.623703,0.000588,-0.539649,-0.991755,-0.609478,-0.015331,-0.499288,-2.22911
2025-05-09,0.001141,0.00063,1.49631,0.000516,-0.479223,0.000618,-0.015331,-0.492003,-2.66498
2025-05-16,-0.930496,0.000522,0.156606,0.032695,-0.471984,-0.167447,-0.016147,-0.487804,-1.67702
2025-05-23,-0.875369,-0.189801,-0.027973,-0.315416,-0.683328,-0.696706,-0.016216,-0.531303,-3.17812
2025-05-30,-0.118107,0.00049,0.000384,0.000388,-0.46313,0.000458,-0.01624,-0.25317,-1.53185
2025-06-06,-0.294056,0.000455,0.069227,0.00031,-0.581008,0.000414,-0.017139,-0.16206,-1.31775
2025-06-13,0.452034,0.00049,0.418044,0.339373,-0.406191,0.363824,-0.017461,0.000217,-2.11049
2025-06-20,0.325173,0.174568,0.475826,0.51287,-0.415655,0.00048,-0.017009,0.111402,-2.14273
2025-06-27,0.000484,0.00041,0.000325,0.000329,-0.58589,0.000476,-0.017009,-0.224278,-2.38427
2025-07-04,0.00048,0.000352,0.000239,0.000268,-0.291811,0.000372,-0.016219,0.000168,-1.88402
2025-07-11,0.343295,0.000353,0.099412,0.050931,-0.312123,0.00039,-0.015135,0.105675,-1.73993
2025-07-18,0.269989,0.000289,0.083969,0.046363,-0.142843,0.049762,-0.014753,0.093762,-1.14873
2025-07-25,0.000424,0.000299,0.000193,0.000284,-0.427745,0.000289,-0.074395,-0.107663,-1.56603
2025-08-01,0.466058,0.000248,0.000206,0.315108,0.331132,0.156101,-0.077136,0.208108,0.000645
2025-08-08,0.000276,0.000233,0.000198,0.000235,-0.240095,0.000296,-0.076975,-0.092956,-0.616403
2025-08-15,0.000288,0.000217,0.000154,0.00022,-0.275865,0.000305,-0.074851,0.000121,-0.235878
2025-08-22,0.00023,0.000168,0.000132,0.000199,-0.244078,0.341534,-0.072049,0.082379,-0.054845
2025-08-29,0.000264,0.000163,0.756897,0.244144,-0.681632,1.14713,-0.066707,0.00012,-0.15576
2025-09-05,-0.203772,-0.10998,0.000135,0.000244,-0.508138,0.251714,-0.075445,-0.097575,-0.399453
2025-09-12,-0.064967,0.000232,9.8e-05,0.000255,-0.291862,0.503118,-0.075445,-0.08734,-0.385842
2025-09-19,-0.125761,0.000221,8.4e-05,0.000219,-0.362013,0.758932,-0.068418,-0.082701,-0.327614
2025-09-26,0.204124,0.128469,0.119287,0.434604,-0.166218,0.842306,-0.062027,0.095395,0.216151
2025-10-03,0.000191,0.000209,0.070002,0.249957,-0.336188,0.265866,-0.058931,-0.076148,-0.120645
2025-10-10,0.246358,0.120093,-0.48341,0.000261,-0.256665,0.186968,-0.054469,0.134645,0.000371
2025-10-17,-0.028042,0.114503,-0.904208,0.000233,-0.149672,0.18958,-0.046706,8.6e-05,-0.149413
2025-10-24,0.209344,0.12313,-0.772457,0.000246,-0.189911,0.186251,-0.05294,8.4e-05,-0.14407
2025-10-31,0.000266,0.000237,-0.446654,0.000265,-0.303224,0.108171,-0.046927,7.4e-05,-0.447556
2025-11-07,0.262272,0.000188,-0.363787,0.000235,-0.33399,0.229901,-0.046523,7e-05,-0.214675
2025-11-14,-0.317392,0.000213,-0.783967,0.000208,-0.635278,0.217829,-0.048476,0.000146,-2.11747
2025-11-21,0.00026,0.000166,1.06459,0.10812,-0.260327,0.147948,-0.054745,7.6e-05,-0.169374
2025-11-28,-0.265127,-0.33559,0.000293,0.103707,-0.528424,-0.222546,-0.056071,-0.226188,-0.189539
2025-12-05,-0.274802,-0.355114,0.223312,0.00022,-0.480617,-0.208746,-0.05913,-0.270228,-0.837852
2025-12-12,-0.265938,-0.248522,0.136266,0.392206,-0.367376,-0.204108,-0.061384,-0.274134,-0.029796
2025-12-19,-0.099368,0.000144,-0.299974,0.274915,-0.177188,-0.165851,-0.061384,-0.085664,-0.137568
2025-12-26,-0.849997,-0.1855,-0.117158,0.262047,-0.496859,0.000108,-0.061384,-0.147102,-0.150872
2026-01-02,-0.437227,0.000228,0.057189,0.302291,-0.364549,0.000169,,-0.15463,-0.153086
2026-01-09,0.000278,0.000228,-0.141588,0.329467,-0.116489,0.609889,-0.060881,0.0001,0.000345
2026-01-16,-0.67008,0.000226,0.000324,0.314867,5.6e-05,0.426796,-0.05052,0.08026,-0.432335
2026-01-23,-0.444772,0.000344,0.231531,0.362178,0.218766,0.11815,-0.053689,0.000115,-0.20148
2026-01-30,-0.2293,0.158688,0.00041,0.200594,8.4e-05,0.673859,-0.116852,-0.425231,-0.354816
2026-02-06,-0.411344,0.000356,-0.559784,0.244219,0.061418,0.736795,-0.116974,-0.15893,-0.302773
2026-02-13,-0.514267,0.000201,-0.212067,0.00015,0.132173,0.000174,-0.114705,-0.180727,-0.188731
2026-02-20,-0.208111,0.000203,0.055799,0.092528,0.186849,0.370699,-0.114705,-0.188139,-0.259286
2026-02-27,-0.071796,0.000206,0.055058,0.094598,0.13355,0.212413,-0.06111,-0.177199,-1.04511
2026-03-06,1.57486,0.511511,0.663148,0.540601,0.211039,0.87244,-0.063954,0.458412,0.703158
2026-03-13,2.21736,1.60041,1.33996,0.82303,0.437843,1.09593,-0.061364,0.612552,0.72747
2026-03-20,2.35929,1.65692,1.47316,0.840533,0.17562,0.960511,-0.062524,0.539126,0.657465
2026-03-27,2.41349,1.31415,1.75016,1.21436,0.138318,0.935921,-0.064731,0.231305,0.810925
2026-04-03,1.57108,0.578395,1.3697,1.03665,0.060244,1.51461,-0.068791,0.162865,0.377279
2026-04-10,0.674801,0.507123,0.505901,0.783144,0.074014,1.22152,-0.068791,0.049226,0.085191
2026-04-17,-0.293136,0.151294,0.000241,0.490346,0.072182,0.705682,-0.068791,0.084358,-0.015049
2026-04-24,0.586386,0.522112,0.780788,1.01215,0.063261,0.623087,-0.065535,0.200506,0.216531
2026-05-01,0.62253,0.494592,0.779258,0.98805,7e-06,1.02744,-0.062265,0.000135,0.137944
2026-05-08,0.632942,0.084256,0.300504,0.270178,-0.042035,0.420956,-0.064482,0.000147,0.000448
2026-05-15,0.863478,0.503769,0.23686,0.588857,-0.047176,0.816589,-0.063269,0.135008,0.34106
2026-05-22,0.453206,0.464438,-0.212481,0.540959,-0.003856,0.799913,-0.060826,0.079622,0.144053
2026-05-29,0.579071,0.154022,-0.198587,0.361295,-0.022399,1.02735,-0.061593,-0.039557,0.074694
2026-06-05,1.97346,0.141492,-0.354197,0.332708,3e-06,1.72367,-0.064728,0.175409,0.269273
2026-06-12,0.136011,0.000276,-0.288839,0.000592,-0.005817,0.00058,-0.063005,0.000152,0.000352
2026-06-19,1.06311,0.233894,0.217139,0.482114,0.136856,0.890011,-0.063005,0.443683,0.000269
2026-06-26,0.112831,0.41004,0.225577,0.089183,0.066949,0.620316,-0.061086,0.300127,0.139408
2026-07-03,0.000692,0.317116,0.449361,0.406569,0.007224,0.716485,-0.062923,0.247261,0.120953
2026-07-10,0.110271,0.466076,0.469241,0.476539,0.062645,0.841103,-0.060016,0.263927,0.00029
2026-07-17,0.189867,0.351043,0.608678,0.417045,0.083188,0.388709,-0.060016,0.124071,0.226459
