date,CNH,IDR,INR,KRW,MYR,PHP,SGD,THB,TWD
1988-07-01,,,,,,,,,
1988-07-08,,,,,,,,,
1988-07-15,,,,,,,,,
1988-07-22,,,,,,,,,
1988-07-29,,,,,,,,,
1988-08-05,,,,,,,,,
1988-08-12,,,,,,,,,
1988-08-19,,,,,,,,,
1988-08-26,,,,,,,,,
1988-09-02,,,,,,,,,
1988-09-09,,,,,,,,,
1988-09-16,,,,,,,,,
1988-09-23,,,,,,,,,
1988-09-30,,,,,,,,,
1988-10-07,,,,,,,,,
1988-10-14,,,,,,,,,
1988-10-21,,,,,,,,,
1988-10-28,,,,,,,,,
1988-11-04,,,,,,,,,
1988-11-11,,,,,,,,,
1988-11-18,,,,,,,,,
1988-11-25,,,,,,,,,
1988-12-02,,,,,,,,,
1988-12-09,,,,,,,,,
1988-12-16,,,,,,,,,
1988-12-23,,,,,,,,,
1988-12-30,,,,,,,,,
1989-01-06,,,,,,,,,
1989-01-13,,,,,,,,,
1989-01-20,,,,,,,,,
1989-01-27,,,,,,,,,
1989-02-03,,,,,,,,,
1989-02-10,,,,,,,,,
1989-02-17,,,,,,,,,
1989-02-24,,,,,,,,,
1989-03-03,,,,,,,,,
1989-03-10,,,,,,,,,
1989-03-17,,,,,,,,,
1989-03-24,,,,,,,,,
1989-03-31,,,,,,,,,
1989-04-07,,,,,,,,,
1989-04-14,,,,,,,,,
1989-04-21,,,,,,,,,
1989-04-28,,,,,,,,,
1989-05-05,,,,,,,,,
1989-05-12,,,,,,,,,
1989-05-19,,,,,,,,,
1989-05-26,,,,,,,,,
1989-06-02,,,,,,,,,
1989-06-09,,,,,,,,,
1989-06-16,,,,,,,,,
1989-06-23,,,,,,,,,
1989-06-30,,,,,,,,,
1989-07-07,,,,,,,,,
1989-07-14,,,,,,,,,
1989-07-21,,,,,,,,,
1989-07-28,,,,,,,,,
1989-08-04,,,,,,,,,
1989-08-11,,,,,,,,,
1989-08-18,,,,,,,,,
1989-08-25,,,,,,,,,
1989-09-01,,,,,,,,,
1989-09-08,,,,,,,,,
1989-09-15,,,,,,,,,
1989-09-22,,,,,,,,,
1989-09-29,,,,,,,,,
1989-10-06,,,,,,,,,
1989-10-13,,,,,,,,,
1989-10-20,,,,,,,,,
1989-10-27,,,,,,,,,
1989-11-03,,,,,,,,,
1989-11-10,,,,,,,,,
1989-11-17,,,,,,,,,
1989-11-24,,,,,,,,,
1989-12-01,,,,,,,,,
1989-12-08,,,,,,,,,
1989-12-15,,,,,,,,,
1989-12-22,,,,,,,,,
1989-12-29,,,,,,,,,
1990-01-05,,,,,2.7075,,,,
1990-01-12,,,,,2.699,,,,
1990-01-19,,,,,2.706,,,,
1990-01-26,,,,,2.7045,,,,
1990-02-02,,,,,2.699,,,,
1990-02-09,,,,,2.7055,,,,
1990-02-16,,,,,2.7055,,,,
1990-02-23,,,,,2.704,,,,
1990-03-02,,,,,2.707,,,,
1990-03-09,,,,,2.705,,,,
1990-03-16,,,,,2.7175,,,,
1990-03-23,,,,,2.723,,,,
1990-03-30,,,,,2.728,,,,
1990-04-06,,,,,2.7305,,,,
1990-04-13,,,,,2.73,,,,
1990-04-20,,,,,2.7195,,,,
1990-04-27,,,,,2.717,,,,
1990-05-04,,,,,2.71,,,,
1990-05-11,,,,,2.695,,,,
1990-05-18,,,,,2.7005,,,,
1990-05-25,,,,,2.6985,,,,
1990-06-01,,,,,2.709,,,,
1990-06-08,,,,,2.708,,,,
1990-06-15,,,,,2.7125,,,,
1990-06-22,,,,,2.7105,,,,
1990-06-29,,,,,2.711,,,,
1990-07-06,,,,,2.707,,,,
1990-07-13,,,,,2.704,,,,
1990-07-20,,,,,2.7075,,,,
1990-07-27,,,,,2.7075,,,,
1990-08-03,,,,,2.7005,,,,
1990-08-10,,,,,2.7025,,,,
1990-08-17,,,,,2.693,,,,
1990-08-24,,,,,2.695,,,,
1990-08-31,,,,,2.689,,,,
1990-09-07,,,,,2.689,,,,
1990-09-14,,,,,2.6955,,,,
1990-09-21,,,,,2.703,,,,
1990-09-28,,,,,2.7015,,,,
1990-10-05,,,,,2.6995,,,,
1990-10-12,,,,,2.6985,,,,
1990-10-19,,,,,2.6995,,,,
1990-10-26,,,,,2.7005,,,,
1990-11-02,,,,,2.702,,,,
1990-11-09,,,,,2.7005,,,,
1990-11-16,,,,,2.6965,,,,
1990-11-23,,,,,2.682,,,,
1990-11-30,,,,,2.7045,,,,
1990-12-07,,,,,2.697,,,,
1990-12-14,,,,,2.6945,,,,
1990-12-21,,,,,2.7065,,,,
1990-12-28,,,,,2.7155,,,,
1991-01-04,,,,,2.708,,,,
1991-01-11,,,,,2.7248,,,,
1991-01-18,,,,,2.7215,,,,
1991-01-25,,,,,2.702,,,,
1991-02-01,,,,,2.697,,,,
1991-02-08,,,,,2.6915,,,,
1991-02-15,,,,,2.6865,,,,
1991-02-22,,,,,2.7005,,,,
1991-03-01,,,,,2.723,,,,
1991-03-08,,,,,2.73,,,,
1991-03-15,,,,,2.736,,,,
1991-03-22,,,,,2.7449,,,,
1991-03-29,,,,,2.767,,,,
1991-04-05,,,,,2.7445,,,,
1991-04-12,,,,,2.7395,,,,
1991-04-19,,,,,2.748,,,,
1991-04-26,,,,,2.758,,,,
1991-05-03,,,,,2.756,,,,
1991-05-10,,,,,2.76,,,,
1991-05-17,,,,,2.7572,,,,
1991-05-24,,,,,2.759,,,,
1991-05-31,,,,,2.7595,,,,
1991-06-07,,,,,2.77,,,,
1991-06-14,,,,,2.789,,,,
1991-06-21,,,,,2.7833,,,,
1991-06-28,,,,,2.787,,,,
1991-07-05,,,,,2.7945,,,,
1991-07-12,,,,,2.782,,,,
1991-07-19,,,,,2.782,,,,
1991-07-26,,,,,2.787,,,,
1991-08-02,,,,,2.789,,,,
1991-08-09,,,,,2.772,,,,
1991-08-16,,,,,2.777,,,,
1991-08-23,,,,,2.782,,,,
1991-08-30,,,,,2.7835,,,,
1991-09-06,,,,,2.775,,,,
1991-09-13,,,,,2.7565,,,,
1991-09-20,,,,,2.7515,,,,
1991-09-27,,,,,2.751,,,,
1991-10-04,,,,,2.7365,,,,
1991-10-11,,,,,2.7455,,,,
1991-10-18,,,,,2.7485,,,,
1991-10-25,,,,,2.7495,,,,
1991-11-01,,,,,2.749,,,,
1991-11-08,,,,,2.7445,,,,
1991-11-15,,,,,2.7415,,,,
1991-11-22,,,,,2.738,,,,
1991-11-29,,,,,2.7535,,,,
1991-12-06,,,,,2.74,,,,
1991-12-13,,,,,2.75,,,,
1991-12-20,,,,,2.738,,,,
1991-12-27,,,,,2.7385,,,,
1992-01-03,,,,,2.72,,,,
1992-01-10,,,,,2.7175,,,,
1992-01-17,,,,,2.697,,,,
1992-01-24,,,,,2.665,,,,
1992-01-31,,,,,2.627,,,,
1992-02-07,,,,,2.602,,,,
1992-02-14,,,,,2.597,,,,
1992-02-21,,,,,2.5905,,,,
1992-02-28,,,,,2.586,,,,
1992-03-06,,,,,2.567,,,,
1992-03-13,,,,,2.576,,,,
1992-03-20,,,,,2.589,,,,
1992-03-27,,,,,2.589,,,,
1992-04-03,,,,,2.577,,,,
1992-04-10,,,,,2.548,,,,
1992-04-17,,,,,2.5535,,,,
1992-04-24,,,,,2.529,,,,
1992-05-01,,,,,2.524,,,,
1992-05-08,,,,,2.526,,,,
1992-05-15,,,,,2.526,,,,
1992-05-22,,,,,2.5224,,,,
1992-05-29,,,,,2.5105,,,,
1992-06-05,,,,,2.522,,,,
1992-06-12,,,,,2.5165,,,,
1992-06-19,,,,,2.5165,,,,
1992-06-26,,,,,2.5093,,,,
1992-07-03,,,,,2.499,,,,
1992-07-10,,,,,2.5008,,,,
1992-07-17,,,,,2.495,,,,
1992-07-24,,,,,2.5028,,,,
1992-07-31,,,,,2.5009,,,,
1992-08-07,,,,,2.501,,,,
1992-08-14,,,,,2.5005,,,,
1992-08-21,,,,,2.496,,,,
1992-08-28,,,,,2.495,,,,
1992-09-04,,,,,2.493,,,,
1992-09-11,,,,,2.4964,,,,
1992-09-18,,,,,2.52,,,,
1992-09-25,,,,,2.5105,,,,
1992-10-02,,,,,2.496,,,,
1992-10-09,,,,,2.5075,,,,
1992-10-16,,,,,2.502,,,,
1992-10-23,,,,,2.508,,,,
1992-10-30,,,,,2.5122,,,,
1992-11-06,,,,,2.5202,,,,
1992-11-13,,,,,2.5212,,,,
1992-11-20,,,,,2.524,,,,
1992-11-27,,,,,2.534,,,,
1992-12-04,,,,,2.54,,,,
1992-12-11,,,,,2.544,,,,
1992-12-18,,,,,2.583,,,,
1992-12-25,,,,,2.5995,,,,
1993-01-01,,,,,2.619,,,,
1993-01-08,,,,,2.599,,,,
1993-01-15,,,,,2.5917,,,,
1993-01-22,,,,,2.5937,,,,
1993-01-29,,,,,2.63,,,,
1993-02-05,,,,,2.63,,,,
1993-02-12,,,,,2.635,,,,
1993-02-19,,,,,2.629,,,,
1993-02-26,,,,,2.634,,,,
1993-03-05,,,,,2.62,,,,
1993-03-12,,,,,2.606,,,,
1993-03-19,,,,,2.596,,,,
1993-03-26,,,,,2.601,,,,
1993-04-02,,,,,2.5925,,,,
1993-04-09,,,,,2.579,,,,
1993-04-16,,,,,2.5822,,,,
1993-04-23,,,,,2.5675,,,,
1993-04-30,,,,,2.5665,,,,
1993-05-07,,,,,2.5665,,,,
1993-05-14,,,,,2.5697,,,,
1993-05-21,,,,,2.5645,,,,
1993-05-28,,,,,2.557,,,,
1993-06-04,,,,,2.557,,,,
1993-06-11,,,,,2.5725,,,,
1993-06-18,,,,,2.572,,,,
1993-06-25,,,,,2.5845,,,,
1993-07-02,,,,,2.5745,,,,
1993-07-09,,,,,2.5735,,,,
1993-07-16,,,,,2.569,,,,
1993-07-23,,,,,2.566,,,,
1993-07-30,,,,,2.563,,,,
1993-08-06,,,,,2.551,,,,
1993-08-13,,,,,2.553,,,,
1993-08-20,,,,,2.5532,,,,
1993-08-27,,,,,2.5488,,,,
1993-09-03,,,,,2.5488,,,,
1993-09-10,,,,,2.5452,,,,
1993-09-17,,,,,2.5493,,,,
1993-09-24,,,,,2.5495,,,,
1993-10-01,,,,,2.5476,,,,
1993-10-08,,,,,2.541,,,,
1993-10-15,,,,,2.5437,,,,
1993-10-22,,,,,2.5478,,,,
1993-10-29,,,,,2.556,,,,
1993-11-05,,,,,2.558,,,,
1993-11-12,,,,,2.5488,,,,
1993-11-19,,,,,2.5553,,,,
1993-11-26,,,,,2.5575,,,,
1993-12-03,,,,,2.555,,,,
1993-12-10,,,,,2.5519,,,,
1993-12-17,,,,,2.5504,,,,
1993-12-24,,,,,2.569,,,,
1993-12-31,,,,,2.6905,,,,
1994-01-07,,,,,2.6291,,,,
1994-01-14,,,,,2.7401,,,,
1994-01-21,,,,,2.7401,,,,
1994-01-28,,,,,2.7651,,,,
1994-02-04,,,,,2.7705,,,,
1994-02-11,,,,,2.7701,,,,
1994-02-18,,,,,2.7817,,,,
1994-02-25,,,,,2.7276,,,,
1994-03-04,,,,,2.7251,,,,
1994-03-11,,,,,2.7221,,,,
1994-03-18,,,,,2.7201,,,,
1994-03-25,,,,,2.7211,,,,
1994-04-01,,,,,2.6776,,,,
1994-04-08,,,,,2.6851,,,,
1994-04-15,,,,,2.6888,,,,
1994-04-22,,,,,2.6901,,,,
1994-04-29,,,,,2.6783,,,,
1994-05-06,,,,,2.6406,,,,
1994-05-13,,,,,2.6091,,,,
1994-05-20,,,,,2.5895,,,,
1994-05-27,,,,,2.59,,,,
1994-06-03,,,,,2.5905,,,,
1994-06-10,,,,,2.598,,,,
1994-06-17,,,,,2.594,,,,
1994-06-24,,,,,2.5902,,,,
1994-07-01,,,,,2.6047,,,,
1994-07-08,,,,,2.5965,,,,
1994-07-15,,,,,2.595,,,,
1994-07-22,,,,,2.5912,,,,
1994-07-29,,,,,2.5942,,,,
1994-08-05,,,,,2.5715,,,,
1994-08-12,,,,,2.5572,,,,
1994-08-19,,,,,2.546,,,,
1994-08-26,,,,,2.548,,,,
1994-09-02,,,,,2.5495,,,,
1994-09-09,,,,,2.5523,,,,
1994-09-16,,,,,2.5555,,,,
1994-09-23,,,,,2.556,,,,
1994-09-30,,,,,2.5635,,,,
1994-10-07,,,,,2.5657,,,,
1994-10-14,,,,,2.56,,,,
1994-10-21,,,,,2.5535,,,,
1994-10-28,,,,,2.553,,,,
1994-11-04,,,,,2.5635,,,,
1994-11-11,,,,,2.557,,,,
1994-11-18,,,,,2.566,,,,
1994-11-25,,,,,2.557,,,,
1994-12-02,,,,,2.558,,,,
1994-12-09,,,,,2.564,,,,
1994-12-16,,,,,2.5638,,,,
1994-12-23,,,,,2.563,,,,
1994-12-30,,,,,2.553,,,,
1995-01-06,,,,,2.5515,,,,
1995-01-13,,,,,2.5605,,,,
1995-01-20,,,,,2.552,,,,
1995-01-27,,,,,2.557,,,,
1995-02-03,,,,,2.554,,,,
1995-02-10,,,,,2.548,,,,
1995-02-17,,,,,2.5535,,,,
1995-02-24,,,,,2.553,,,,
1995-03-03,,,,,2.55,,,,
1995-03-10,,,,,2.551,,,,
1995-03-17,,,,,2.551,,,,
1995-03-24,,,,,2.546,,,,
1995-03-31,,,,,2.5295,,,,
1995-04-07,,,,,2.4913,,,,
1995-04-14,,,,,2.465,,,,
1995-04-21,,,,,2.4655,,,,
1995-04-28,,,,,2.469,,,,
1995-05-05,,,,,2.4667,,,,
1995-05-12,,,,,2.489,,,,
1995-05-19,,,,,2.464,,,,
1995-05-26,,,,,2.4595,,,,
1995-06-02,,,,,2.456,,,,
1995-06-09,,,,,2.4418,,,,
1995-06-16,,,,,2.4415,,,,
1995-06-23,,,,,2.4381,,,,
1995-06-30,,,,,2.4373,,,,
1995-07-07,,,,,2.4445,,,,
1995-07-14,,,,,2.4487,,,,
1995-07-21,,,,,2.449,,,,
1995-07-28,,,,,2.4572,,,,
1995-08-04,,,,,2.4627,,,,
1995-08-11,,,,,2.4732,,,,
1995-08-18,,,,,2.4915,,,,
1995-08-25,,,,,2.487,,,,
1995-09-01,,,,,2.495,,,,
1995-09-08,,2270.0,,,2.5017,,,25.08,
1995-09-15,,2275.0,,,2.5155,,,25.195,
1995-09-22,,2267.0,,,2.5088,,,25.065,
1995-09-29,,2265.0,,,2.515,,,25.07,
1995-10-06,,2267.5,,,2.5365,,,25.11,
1995-10-13,,2264.0,,,2.545,,,25.1,
1995-10-20,,2271.0,,,2.526,,,25.085,
1995-10-27,,2276.0,,,2.5345,,,25.14,
1995-11-03,,2285.0,,,2.546,,,25.25,
1995-11-10,,2283.5,,,2.534,,,25.125,
1995-11-17,,2286.0,,,2.5312,,,25.15,
1995-11-24,,2281.0,,,2.5425,,,25.11,
1995-12-01,,2284.0,,,2.531,,,25.1475,
1995-12-08,,2287.5,,,2.538,,,25.145,
1995-12-15,,2283.5,,,2.543,,,25.155,
1995-12-22,,2287.5,,,2.538,,,25.175,
1995-12-29,,2288.0,,,2.5397,,,25.19,
1996-01-05,,2288.5,,,2.553,,,25.2425,
1996-01-12,,2290.5,,,2.5625,,,25.265,
1996-01-19,,2289.0,,,2.55,,,25.275,
1996-01-26,,2292.0,,,2.553,,,25.345,
1996-02-02,,2290.5,,,2.5525,,,25.33,
1996-02-09,,2294.25,,,2.5468,,,25.27,
1996-02-16,,2304.0,,,2.5535,,,25.24,
1996-02-23,,2310.0,,,2.552,,,25.21,
1996-03-01,,2313.5,,,2.5435,,,25.215,
1996-03-08,,2322.5,,,2.5445,,,25.22,
1996-03-15,,2339.0,,,2.5405,,,25.23,
1996-03-22,,2336.0,,,2.542,,,25.2575,
1996-03-29,,2337.0,,,2.534,,,25.24,
1996-04-05,,2330.0,,,2.5315,,,25.235,
1996-04-12,,2331.5,,,2.5175,,,25.325,
1996-04-19,,2327.0,,,2.496,,,25.275,
1996-04-26,,2332.0,,,2.4945,,,25.3,
1996-05-03,,2330.0,,,2.494,,,25.25,
1996-05-10,,2330.5,,,2.4895,,,25.24,
1996-05-17,,2329.5,,,2.4898,,,25.285,
1996-05-24,,2331.5,,,2.5003,,,25.306,
1996-05-31,,2332.5,,,2.4962,,,25.31,
1996-06-07,,2335.0,,,2.498,,,25.36,
1996-06-14,,2324.5,,,2.495,,,25.344,
1996-06-21,,2328.5,,,2.4967,,,25.32,
1996-06-28,,2327.5,,,2.495,,,25.395,
1996-07-05,,2339.5,,,2.4915,,,25.418,
1996-07-12,,2331.91,,,2.4925,,,25.42,
1996-07-19,,2330.5,,,2.4885,,,25.305,
1996-07-26,,2333.0,,,2.4923,,,25.325,
1996-08-02,,2343.5,,,2.4945,,,25.265,
1996-08-09,,2340.5,,,2.4914,,,25.307,
1996-08-16,,2343.5,,,2.494,,,25.288,
1996-08-23,,2344.0,,,2.4935,,,25.308,
1996-08-30,,2342.0,,,2.4935,,,25.305,
1996-09-06,,2347.0,,,2.4985,,,25.35,
1996-09-13,,2323.0,,,2.4985,,,25.405,
1996-09-20,,2319.0,,,2.5007,,,25.383,
1996-09-27,,2319.0,,,2.508,,,25.4175,
1996-10-04,,2324.5,,,2.5,,,25.432,
1996-10-11,,2320.5,,,2.5053,,,25.45,
1996-10-18,,2323.5,,,2.5063,,,25.49,
1996-10-25,,2327.0,,,2.5052,,,25.501,
1996-11-01,,2329.2,,,2.5278,,,25.509,
1996-11-08,,2334.5,,,2.518,,,25.455,
1996-11-15,,2336.5,,,2.5233,,,25.42,
1996-11-22,,2345.0,,,2.5185,,,25.415,
1996-11-29,,2345.0,,,2.5275,,,25.541,
1996-12-06,,2350.0,,,2.5205,,,25.55,
1996-12-13,,2353.0,,,2.5233,,,25.567,
1996-12-20,,2360.5,,844.25,2.5255,26.3,1.3996,25.615,27.5015
1996-12-27,,2363.5,,843.65,2.5288,26.3,1.39995,25.63,27.4995
1997-01-03,,2361.75,,844.0,2.5223,26.29,1.40175,25.6205,27.5
1997-01-10,,2362.8,,846.95,2.4805,26.3375,1.4045,25.611,27.5
1997-01-17,,2372.0,,849.1,2.4832,26.311,1.405,25.67,27.391
1997-01-24,,2374.5,,854.0,2.489,26.34,1.4079,25.805,27.46
1997-01-31,,2376.23,,865.1,2.4855,26.348,1.40718,25.8901,27.431
1997-02-07,,2378.5,,867.5,2.492,26.345,1.4133,26.0,27.5
1997-02-14,,2382.5,,875.05,2.484,26.35,1.418,26.045,27.536
1997-02-21,,2389.61,,857.2,2.4763,26.3425,1.42339,25.9652,27.6
1997-02-28,,2396.5,,864.0,2.4815,26.3315,1.4269,25.885,27.52
1997-03-07,,2393.75,,869.65,2.4816,26.3245,1.4337,25.93,27.5045
1997-03-14,,2401.75,,879.5,2.4772,26.3325,1.4346,25.9675,27.51
1997-03-21,,2405.0,,884.95,2.4783,26.342,1.447,25.97,27.53
1997-03-28,,2401.5,,894.05,2.471,26.37,1.447,26.002,27.53
1997-04-04,,2405.75,,894.0,2.4868,26.365,1.4377,25.9825,27.53
1997-04-11,,2406.25,,893.3,2.5055,26.366,1.4406,26.085,27.6
1997-04-18,,2411.5,,894.0,2.5126,26.37,1.441,26.0745,27.63
1997-04-25,,2435.5,,892.4,2.5084,26.368,1.4437,26.075,27.6345
1997-05-02,,2431.7,,893.2,2.508,26.375,1.4469,26.1,27.6655
1997-05-09,,2429.5,,893.15,2.506,26.376,1.4402,26.01,27.6895
1997-05-16,,2437.5,,892.05,2.4836,26.4045,1.4318,25.88,27.7425
1997-05-23,,2441.5,,891.7,2.503,26.3735,1.4305,25.6,27.8145
1997-05-30,,2435.5,,891.45,2.5128,26.3745,1.4291,24.975,27.872
1997-06-06,,2429.75,,890.5,2.5112,26.3895,1.43135,23.95,27.899
1997-06-13,,2428.5,,888.0,2.5137,26.381,1.4278,24.6,27.89
1997-06-20,,2430.5,,888.35,2.5153,26.38,1.4265,25.25,27.925
1997-06-27,,2431.5,,888.15,2.5235,26.388,1.42943,24.8001,27.8175
1997-07-04,,2430.0,,887.35,2.5248,26.405,1.4345,28.85,27.8525
1997-07-11,,2442.5,,890.5,2.5047,26.275,1.4373,30.15,27.8995
1997-07-18,,2505.0,,895.1,2.6403,29.0,1.4675,30.445,27.928
1997-07-25,,2610.0,,891.85,2.6498,28.6,1.4683,32.05,27.9565
1997-08-01,,2619.0,,890.0,2.6382,29.55,1.4745,31.95,28.7605
1997-08-08,,2595.0,,894.5,2.6965,28.55,1.474,30.9,28.7
1997-08-15,,2900.0,,895.0,2.7825,30.2,1.5175,31.8,28.725
1997-08-22,,2710.0,,899.7,2.7753,29.81,1.5015,33.45,28.726
1997-08-29,,2915.0,,902.55,2.9284,30.3,1.5115,34.25,28.71
1997-09-05,,2970.0,,907.0,2.9525,32.45,1.515,35.45,28.6175
1997-09-12,,2940.0,,908.85,2.9784,32.2,1.5155,35.2,28.6125
1997-09-19,,2985.0,,914.45,3.0378,33.55,1.5169,35.75,28.61
1997-09-26,,3120.0,,914.85,3.1446,33.55,1.5255,35.15,28.6015
1997-10-03,,3667.5,,914.0,3.3725,34.95,1.5405,36.4,28.6
1997-10-10,,3385.0,,914.75,3.1028,33.45,1.53875,35.7,28.6
1997-10-17,,3625.0,,915.0,3.245,33.76,1.5565,37.25,29.3535
1997-10-24,,3605.0,,929.85,3.3895,35.25,1.584,38.85,30.3735
1997-10-31,,3595.0,,964.8,3.325,35.5,1.5769,40.55,30.95
1997-11-07,,3310.0,,980.0,3.295,35.0,1.5695,38.55,30.875
1997-11-14,,3440.0,,986.4,3.32,34.0,1.582,38.3,31.2495
1997-11-21,,3580.0,,1055.5,3.4333,34.4,1.58375,39.05,32.4075
1997-11-28,,3670.0,,1111.0,3.505,34.7,1.596,39.8,32.285
1997-12-05,,3925.0,,1257.0,3.7204,35.2,1.6155,42.925,32.21
1997-12-12,,4500.0,,1455.0,3.815,35.05,1.625,42.15,31.98
1997-12-19,,4500.0,,1455.0,3.7853,35.05,1.625,42.15,31.98
1997-12-26,,5750.0,,1832.0,3.8585,39.95,1.6745,47.25,32.658
1998-01-02,,6100.0,,1695.0,3.97,41.15,1.697,48.25,32.625
1998-01-09,,8550.0,,1809.0,4.7125,44.25,1.772,53.55,34.126
1998-01-16,,8850.0,,1619.0,4.2019,41.5,1.7345,51.65,33.85
1998-01-23,,14750.0,,1746.0,4.555,44.2,1.769,54.65,34.0
1998-01-30,,11000.0,,1524.0,4.3531,42.65,1.7155,52.75,34.0
1998-02-06,,9500.0,,1554.0,3.8082,40.6,1.653,47.95,32.865
1998-02-13,,8450.0,,1621.5,3.8644,40.275,1.6455,46.15,32.835
1998-02-20,,9000.0,,1657.5,3.7741,40.38,1.6385,44.65,32.8175
1998-02-27,,8850.0,,1633.0,3.6886,39.95,1.6265,43.25,32.076
1998-03-06,,10450.0,,1636.5,3.9648,40.1,1.646,44.25,32.195
1998-03-13,,10000.0,,1522.5,3.715,39.75,1.6165,40.85,32.4135
1998-03-20,,9425.0,,1448.0,3.6684,37.85,1.6045,39.7,32.782
1998-03-27,,8550.0,,1378.75,3.575,37.37,1.5875,38.45,32.616
1998-04-03,,8550.0,,1447.0,3.79,39.25,1.6295,40.85,32.98
1998-04-10,,8100.0,,1387.5,3.6636,38.0,1.609,40.125,32.957
1998-04-17,,8100.0,,1384.5,3.79,38.0,1.5985,39.425,33.0215
1998-04-24,,7900.0,,1364.0,3.755,38.47,1.59,38.83,32.993
1998-05-01,,7950.0,,1336.5,3.6837,40.25,1.5835,38.5,33.0
1998-05-08,,9125.0,,1387.0,3.8,39.65,1.621,38.6,33.237
1998-05-15,,11000.0,,1437.5,3.789,39.75,1.643,39.05,33.4405
1998-05-22,,10850.0,,1383.5,3.785,38.72,1.639,39.35,33.6105
1998-05-29,,11250.0,,1407.5,3.818,39.0575,1.6745,39.4,33.975
1998-06-05,,11575.0,,1394.5,3.9702,39.2,1.6965,43.3,34.308
1998-06-12,,13800.0,,1397.5,4.0353,40.55,1.745,43.5,34.9
1998-06-19,,14250.0,,1393.5,3.8948,40.45,1.631,41.0,34.0885
1998-06-26,,14700.0,,1386.5,4.083,42.0,1.674,41.5,34.561
1998-07-03,,14600.0,,1356.5,4.145,41.25,1.70275,41.5,34.386
1998-07-10,,15288.0,,1313.0,4.2753,42.0,1.72575,41.745,34.41
1998-07-17,,13297.5,,1283.5,4.155,41.52,1.699,40.77,34.2725
1998-07-24,,14100.0,,1245.75,4.14,42.1,1.70725,40.8,34.3705
1998-07-31,,13150.0,,1231.5,4.1558,42.02,1.7275,40.9,34.372
1998-08-07,,12850.5,,1326.5,4.2665,42.5,1.74875,41.95,34.609
1998-08-14,,12875.0,,1324.5,4.2013,43.3,1.747,41.785,34.706
1998-08-21,,11900.0,,1302.5,4.2614,42.85,1.76275,41.65,34.6945
1998-08-28,,10975.0,,1334.5,4.1953,44.2,1.7795,41.95,34.8275
1998-09-04,,10800.0,,1343.0,3.8,43.75,1.751,40.835,34.7
1998-09-11,,11550.0,,1367.5,3.8,43.7,1.7215,40.775,34.495
1998-09-18,,11050.0,,1386.0,3.795,43.85,1.72425,40.615,34.531
1998-09-25,,11000.0,,1386.5,3.805,43.75,1.693,39.225,34.57
1998-10-02,,10700.0,,1388.25,3.795,43.95,1.6835,39.5,34.08
1998-10-09,,9200.0,,1332.5,3.7998,43.2,1.6465,38.55,32.85
1998-10-16,,8100.0,,1323.5,3.795,42.895,1.6115,37.875,33.0
1998-10-23,,7875.0,,1317.0,3.795,42.05,1.6253,37.58,32.91
1998-10-30,,7700.0,,1319.5,3.795,40.38,1.6265,36.75,32.425
1998-11-06,,8300.0,,1311.5,3.795,40.0,1.6315,36.665,32.55
1998-11-13,,7825.0,,1317.0,3.8,40.5,1.6482,36.85,32.68
1998-11-20,,7425.0,,1263.0,3.801,39.6,1.6305,36.175,32.435
1998-11-27,,7400.0,,1243.0,3.795,39.425,1.651,36.1,32.43
1998-12-04,,7500.0,,1214.8,3.8005,38.75,1.6535,35.95,32.33
1998-12-11,,7450.0,,1207.5,3.8,39.05,1.6505,35.85,32.3
1998-12-18,,7750.0,,1208.25,3.7997,39.275,1.6479,36.365,32.28
1998-12-25,,7825.0,,1207.3,3.7998,38.875,1.6555,36.45,32.25
1999-01-01,,7950.0,,1202.5,3.7998,38.85,1.652,36.5,32.22
1999-01-08,,8000.0,,1172.5,3.8,38.0,1.67575,36.45,32.17
1999-01-15,,8950.0,,1183.5,3.7998,38.7,1.6815,37.23,32.225
1999-01-22,,8900.0,,1179.75,3.7998,38.65,1.682,36.85,32.305
1999-01-29,,8850.0,,1175.0,3.7997,38.52,1.6915,36.945,32.315
1999-02-05,,8775.0,,1170.1,3.8,38.65,1.6874,36.775,32.255
1999-02-12,,8725.0,,1175.55,3.7998,38.55,1.6928,36.925,32.275
1999-02-19,,8825.0,,1204.5,3.7999,38.85,1.707,37.4,32.54
1999-02-26,,8825.0,,1223.5,3.8,39.07,1.721,37.345,33.08
1999-03-05,,8900.0,,1241.75,3.8,39.15,1.7295,37.53,33.19
1999-03-12,,9175.0,,1233.5,3.8,39.0,1.7325,37.325,33.16
1999-03-19,,8875.0,,1220.5,3.8,38.745,1.7235,37.495,33.1
1999-03-26,,8900.0,,1222.65,3.8001,38.85,1.7307,37.63,33.13
1999-04-02,,8612.5,,1224.0,3.8,38.745,1.7277,37.655,33.115
1999-04-09,,8750.0,,1223.1,3.8001,38.55,1.7335,37.995,33.105
1999-04-16,,8675.0,,1216.95,3.8,38.15,1.705,37.5,32.855
1999-04-23,,8600.0,,1191.25,3.8,38.1,1.7105,37.62,32.745
1999-04-30,,8150.0,,1188.0,3.7998,38.005,1.6995,37.2,32.7
1999-05-07,,7862.5,,1202.5,3.8005,37.88,1.6985,36.9,32.76
1999-05-14,,7840.0,,1207.4,3.8,37.81,1.7113,37.15,32.765
1999-05-21,,8100.0,,1193.25,3.8003,37.87,1.72,37.0,32.805
1999-05-28,,8125.0,,1185.85,3.8005,38.0,1.7245,37.145,32.745
1999-06-04,,8125.0,,1183.75,3.8,38.015,1.7275,37.125,32.735
1999-06-11,,7635.0,,1167.4,3.7995,37.905,1.711,36.9,32.455
1999-06-18,,7295.0,43.145,1163.5,3.7995,37.8,1.7033,36.85,32.345
1999-06-25,,6900.0,43.3375,1155.0,3.8003,37.925,1.7025,36.685,32.36
1999-07-02,,6805.0,43.39,1164.25,3.8003,38.07,1.6983,36.865,32.27
1999-07-09,,6630.0,43.295,1187.15,3.8005,38.515,1.7005,37.075,32.305
1999-07-16,,6755.0,43.2325,1183.5,3.8,38.35,1.704,37.195,32.385
1999-07-23,,6885.0,43.27,1208.4,3.7995,38.315,1.6977,37.325,32.28
1999-07-30,,6845.0,43.31,1203.5,3.8003,38.505,1.6835,37.165,32.195
1999-08-06,,7030.0,43.47,1200.0,3.8,38.95,1.664,37.675,32.12
1999-08-13,,7975.0,43.43,1206.75,3.7995,39.345,1.6747,37.975,32.065
1999-08-20,,7435.0,43.565,1200.5,3.8,39.585,1.6765,38.325,31.925
1999-08-27,,7555.0,43.496,1182.5,3.8003,39.73,1.6885,38.275,31.855
1999-09-03,,7875.0,43.495,1191.0,3.8,39.725,1.6865,38.755,31.83
1999-09-10,,8225.0,43.53,1192.5,3.7995,39.94,1.6923,39.53,31.795
1999-09-17,,8185.0,43.54,1203.0,3.7998,40.175,1.6925,40.035,31.79
1999-09-24,,8650.0,43.565,1212.5,3.7995,40.89,1.7075,41.025,31.78
1999-10-01,,7975.0,43.587,1215.5,3.7995,40.7,1.696,40.615,31.79
1999-10-08,,7865.0,43.4175,1203.0,3.7995,40.505,1.6826,40.275,31.785
1999-10-15,,8005.0,43.431,1205.5,3.7995,40.35,1.6745,39.215,31.775
1999-10-22,,6875.0,43.4,1205.25,3.7995,40.2,1.6655,39.075,31.76
1999-10-29,,6905.0,43.3825,1199.5,3.7995,40.2,1.666,38.695,31.74
1999-11-05,,6825.0,43.425,1186.0,3.7995,40.0,1.6683,38.525,31.755
1999-11-12,,7055.0,43.395,1170.0,3.7995,40.205,1.6665,38.75,31.745
1999-11-19,,7025.0,43.387,1174.45,3.7995,40.475,1.6705,38.685,31.755
1999-11-26,,7210.0,43.3975,1159.0,3.8,40.85,1.6718,38.855,31.735
1999-12-03,,7245.0,43.4125,1150.0,3.7995,40.82,1.6863,38.925,31.655
1999-12-10,,7225.0,43.48,1132.5,3.8,40.73,1.6772,38.625,31.62
1999-12-17,,7065.0,43.495,1130.5,3.8,40.675,1.6747,38.255,31.66
1999-12-24,,6980.0,43.48,1132.1,3.7995,40.15,1.6705,37.6,31.565
1999-12-31,,6987.5,43.5,1135.5,3.7995,40.3,1.666,37.56,31.385
2000-01-07,,7150.0,43.485,1137.5,3.7995,40.4,1.662,37.345,30.775
2000-01-14,,7150.0,43.5,1124.5,3.7995,40.6,1.6753,37.525,30.755
2000-01-21,,7335.0,43.55,1127.5,3.8,40.6,1.6762,37.195,30.775
2000-01-28,,7450.0,43.6,1120.5,3.7995,40.5,1.7075,37.58,30.675
2000-02-04,,7550.0,43.6,1129.5,3.7995,40.6,1.6915,37.525,30.725
2000-02-11,,7325.0,43.605,1115.0,3.7995,40.48,1.6955,37.455,30.565
2000-02-18,,7445.0,43.64,1129.0,3.7995,40.7,1.7045,38.105,30.715
2000-02-25,,7350.0,43.6,1136.5,3.8,40.9,1.7107,37.825,30.725
2000-03-03,,7465.0,43.575,1121.0,3.7995,40.85,1.7248,37.985,30.735
2000-03-10,,7365.0,43.575,1120.0,3.7995,40.9,1.7038,37.825,30.762
2000-03-17,,7455.0,43.59,1118.5,3.8,40.93,1.7115,37.925,30.76
2000-03-24,,7445.0,43.595,1110.0,3.7995,40.9,1.7157,37.715,30.665
2000-03-31,,7570.0,43.605,1104.5,3.7995,41.15,1.7105,37.81,30.485
2000-04-07,,7645.0,43.625,1107.0,3.7995,41.12,1.7137,37.985,30.445
2000-04-14,,7605.0,43.65,1108.3,3.7997,41.17,1.7073,37.875,30.387
2000-04-21,,8000.0,43.65,1109.6,3.7998,41.23,1.698,37.945,30.594
2000-04-28,,7925.0,43.645,1110.5,3.8,41.3,1.707,38.085,30.625
2000-05-05,,7970.0,43.645,1110.25,3.8,41.3,1.7215,38.51,30.655
2000-05-12,,8425.0,43.93,1114.75,3.7995,41.47,1.7277,38.885,30.745
2000-05-19,,8360.0,43.98,1122.5,3.7995,41.7,1.7275,38.985,30.725
2000-05-26,,8515.0,44.3,1129.0,3.7995,43.25,1.7338,39.145,30.815
2000-06-02,,8320.0,44.65,1121.75,3.7995,42.5,1.72385,38.885,30.835
2000-06-09,,8605.0,44.75,1115.25,3.7995,42.5,1.7223,39.105,30.795
2000-06-16,,8580.0,44.7,1116.5,3.7995,42.6,1.7265,39.175,30.855
2000-06-23,,8695.0,44.675,1119.5,3.7995,42.9,1.73205,39.075,30.775
2000-06-30,,8755.0,44.68,1114.9,3.7995,43.18,1.7287,39.2,30.815
2000-07-07,,9315.0,44.725,1118.5,3.7995,44.05,1.73845,39.755,30.835
2000-07-14,,9485.0,44.705,1112.5,3.7995,44.53,1.743,40.025,30.885
2000-07-21,,8870.0,44.875,1112.0,3.7995,44.55,1.7449,40.185,31.095
2000-07-28,,8945.0,44.88,1113.35,3.7995,44.865,1.7345,41.285,31.0525
2000-08-04,,8610.0,45.4,1115.5,3.8,44.65,1.72085,40.645,31.075
2000-08-11,,8315.0,45.85,1115.5,3.7995,44.85,1.71295,40.705,31.085
2000-08-18,,8352.5,45.875,1115.0,3.8,44.975,1.71835,41.025,31.09
2000-08-25,,8325.0,45.905,1114.5,3.7995,45.025,1.7205,40.845,31.035
2000-09-01,,8275.0,45.825,1104.5,3.7995,45.175,1.72045,40.875,31.04
2000-09-08,,8390.0,45.625,1109.0,3.8005,45.6,1.736,41.595,31.055
2000-09-15,,8625.0,45.75,1120.5,3.8,45.6,1.7435,41.945,31.12
2000-09-22,,8760.0,46.15,1134.5,3.8,46.15,1.748,42.755,31.23
2000-09-29,,8825.0,46.075,1115.5,3.8005,46.15,1.7403,42.195,31.33
2000-10-06,,8782.5,46.1,1116.5,3.8005,46.395,1.748,42.485,31.295
2000-10-13,,8925.0,46.4,1128.5,3.7995,48.6,1.7542,43.565,31.725
2000-10-20,,8905.0,46.35,1137.5,3.8005,48.6,1.7575,43.88,32.275
2000-10-27,,9140.0,46.75,1135.5,3.8,51.25,1.7545,43.78,32.275
2000-11-03,,9175.0,46.7,1133.5,3.8,51.0,1.734,43.43,32.205
2000-11-10,,9230.0,46.7,1134.5,3.8,50.1,1.743,43.655,32.025
2000-11-17,,9480.0,46.85,1145.0,3.8,49.95,1.7533,44.15,32.245
2000-11-24,,9415.0,46.855,1189.5,3.8,49.4,1.7595,43.8,32.875
2000-12-01,,9520.0,46.88,1209.5,3.8,49.55,1.7498,43.73,33.055
2000-12-08,,9577.5,46.75,1190.5,3.8,50.1,1.7365,43.43,33.025
2000-12-15,,9355.0,46.75,1207.0,3.8,50.05,1.734,43.5,33.085
2000-12-22,,9315.0,46.7,1237.5,3.8,49.95,1.7255,42.45,33.175
2000-12-29,,9620.0,46.75,1264.5,3.8,49.9,1.73175,43.32,33.075
2001-01-05,,9475.0,46.75,1260.5,3.8001,51.075,1.731,43.48,32.895
2001-01-12,,9610.0,46.575,1280.5,3.7995,51.5,1.7328,43.58,32.705
2001-01-19,,9450.0,46.375,1276.5,3.7995,47.5,1.7373,43.275,32.575
2001-01-26,,9450.0,46.5,1280.5,3.7995,49.65,1.7485,42.975,32.575
2001-02-02,,9540.0,46.45,1249.5,3.8005,49.15,1.7387,42.275,32.315
2001-02-09,,9651.0,46.435,1265.55,3.7995,48.235,1.747,42.625,32.28
2001-02-16,,9605.0,46.57,1241.5,3.8005,47.6,1.739,42.5,32.265
2001-02-23,,9685.0,46.6,1248.5,3.7995,48.25,1.7445,43.04,32.355
2001-03-02,,9850.0,46.56,1268.5,3.8005,48.35,1.7498,43.375,32.375
2001-03-09,,10150.0,46.56,1268.5,3.7995,47.95,1.7562,43.565,32.375
2001-03-16,,10325.0,46.675,1292.5,3.7995,48.55,1.7773,44.005,32.675
2001-03-23,,10395.0,46.7,1307.5,3.7995,49.15,1.7845,44.195,32.775
2001-03-30,,10425.0,46.65,1328.0,3.8005,49.425,1.8055,44.995,32.835
2001-04-06,,10845.0,46.55,1341.5,3.8005,50.15,1.8133,45.495,32.925
2001-04-13,,10612.5,46.85,1323.5,3.7995,49.9,1.8035,45.42,32.925
2001-04-20,,11775.0,46.825,1298.2,3.7995,50.25,1.8135,45.685,32.885
2001-04-27,,11850.0,46.85,1327.5,3.7995,50.87,1.819,45.7005,32.925
2001-05-04,,10950.0,46.825,1298.0,3.7995,50.45,1.823,45.66,32.885
2001-05-11,,11270.0,46.875,1301.0,3.7995,50.3,1.8126,45.495,32.875
2001-05-18,,11375.0,46.955,1303.5,3.7995,50.35,1.81,45.485,32.975
2001-05-25,,11455.0,46.975,1287.5,3.7995,50.5,1.8095,45.545,33.505
2001-06-01,,11450.0,47.025,1285.5,3.7995,50.75,1.8125,45.39,34.055
2001-06-08,,11212.5,46.975,1285.5,3.8,50.9,1.809,45.11,34.075
2001-06-15,,11260.0,47.025,1291.5,3.8,51.55,1.8135,45.29,34.43
2001-06-22,,11355.0,47.025,1303.5,3.8,52.2,1.821,45.24,34.445
2001-06-29,,11390.0,47.025,1297.5,3.8,52.425,1.8238,45.23,34.445
2001-07-06,,11357.0,47.155,1295.5,3.8005,52.88,1.82775,45.355,34.475
2001-07-13,,11330.0,47.155,1308.0,3.8005,53.205,1.8368,45.65,34.995
2001-07-20,,11249.0,47.115,1305.5,3.7995,53.25,1.82325,45.8,34.975
2001-07-27,,9962.5,47.145,1299.5,3.8005,53.425,1.79575,45.64,34.755
2001-08-03,,9515.0,47.13,1287.5,3.8005,53.45,1.77555,45.425,34.675
2001-08-10,,9110.0,47.125,1282.5,3.7995,51.875,1.75985,45.27,34.605
2001-08-17,,8750.0,47.125,1285.5,3.8005,51.15,1.75245,44.835,34.545
2001-08-24,,8695.0,47.125,1281.5,3.7995,51.1,1.7483,44.38,34.625
2001-08-31,,8862.5,47.125,1277.5,3.8005,51.0,1.7415,44.085,34.555
2001-09-07,,9150.0,47.161,1290.5,3.7995,51.38,1.74875,44.58,34.665
2001-09-14,,9102.5,47.5225,1290.55,3.7995,51.285,1.73245,44.105,34.511
2001-09-21,,9415.0,48.025,1299.5,3.7995,51.25,1.74465,44.275,34.575
2001-09-28,,9705.0,47.875,1308.5,3.7995,51.35,1.76635,44.475,34.565
2001-10-05,,9865.0,48.015,1311.5,3.7995,51.6,1.79035,44.75,34.565
2001-10-12,,10000.0,48.055,1299.5,3.7995,51.775,1.81785,44.72,34.565
2001-10-19,,10090.0,48.045,1302.5,3.8005,51.7,1.82415,44.75,34.555
2001-10-26,,10260.0,48.0,1296.5,3.8005,52.05,1.82795,44.9,34.555
2001-11-02,,10675.0,47.975,1296.5,3.8001,51.95,1.82595,44.73,34.525
2001-11-09,,10470.0,48.025,1283.5,3.8005,51.75,1.8225,44.475,34.47
2001-11-16,,10635.0,48.0,1283.5,3.8005,51.96,1.83575,44.49,34.495
2001-11-23,,10440.0,47.967,1280.35,3.7995,52.025,1.83805,44.355,34.477
2001-11-30,,10465.0,47.935,1272.5,3.7995,52.0,1.83115,43.89,34.465
2001-12-07,,10365.0,47.835,1273.5,3.8,51.95,1.83415,43.925,34.455
2001-12-14,,10210.0,47.865,1285.5,3.8005,52.05,1.83655,43.82,34.485
2001-12-21,,10205.0,47.845,1309.5,3.8005,51.2,1.83885,43.875,34.945
2001-12-28,,10475.0,48.305,1323.5,3.7995,51.675,1.85035,44.21,35.085
2002-01-04,,10400.0,48.26,1305.0,3.7995,51.6,1.84485,43.925,34.915
2002-01-11,,10431.0,48.425,1312.5,3.7995,51.3,1.84145,44.02,35.055
2002-01-18,,10395.5,48.255,1320.5,3.8005,51.35,1.83505,43.98,35.025
2002-01-25,,10435.0,48.365,1326.5,3.7995,51.3,1.83395,44.07,35.045
2002-02-01,,10325.0,48.545,1317.5,3.8005,51.32,1.83695,44.075,35.005
2002-02-08,,10250.0,48.705,1321.5,3.8005,51.23,1.83385,43.965,35.095
2002-02-15,,10247.0,48.705,1315.5,3.8005,51.3,1.824,43.59,35.125
2002-02-22,,10215.0,48.765,1322.5,3.7995,51.38,1.83235,43.86,35.095
2002-03-01,,10100.0,48.725,1324.5,3.7995,51.15,1.83115,43.67,35.105
2002-03-08,,10015.0,48.725,1313.5,3.7995,50.98,1.8213,43.35,34.935
2002-03-15,,9995.0,48.725,1321.5,3.8005,50.95,1.82115,43.26,34.985
2002-03-22,,9825.0,48.775,1327.5,3.8005,51.1,1.83275,43.37,35.02
2002-03-29,,9825.0,48.81,1325.5,3.8005,51.02,1.8418,43.575,35.005
2002-04-05,,9585.0,48.855,1330.5,3.7995,51.1,1.83525,43.545,35.005
2002-04-12,,9545.0,48.905,1331.5,3.7995,51.0,1.83685,43.55,34.995
2002-04-19,,9351.5,48.885,1311.5,3.8005,50.86,1.82145,43.3,34.865
2002-04-26,,9305.0,48.98,1297.5,3.8005,50.825,1.80385,43.22,34.765
2002-05-03,,9310.0,48.985,1282.5,3.8,50.115,1.80385,43.08,34.585
2002-05-10,,9285.0,48.98,1279.5,3.8005,49.65,1.8045,42.92,34.555
2002-05-17,,9090.0,48.985,1260.5,3.8005,49.45,1.79485,42.6,34.445
2002-05-24,,8957.5,49.0,1243.5,3.7995,50.3,1.79865,42.86,34.415
2002-05-31,,8697.5,49.025,1226.5,3.7995,50.2,1.78695,42.34,34.145
2002-06-07,,8920.0,49.025,1227.5,3.8005,50.665,1.78935,42.43,34.165
2002-06-14,,8730.0,49.0,1236.5,3.7995,50.4,1.78765,42.18,34.105
2002-06-21,,8630.0,48.925,1216.5,3.8005,50.28,1.77095,42.03,33.855
2002-06-28,,8713.0,48.885,1205.5,3.8005,50.4,1.76675,41.53,33.56
2002-07-05,,8860.0,48.835,1204.5,3.7995,50.6,1.7695,41.62,33.585
2002-07-12,,9075.0,48.805,1182.5,3.8005,50.5,1.7447,41.08,33.285
2002-07-19,,8775.0,48.745,1170.5,3.7995,50.375,1.7308,40.445,33.015
2002-07-26,,9150.0,48.69,1197.5,3.7995,51.3,1.76305,41.965,33.675
2002-08-02,,9120.0,48.66,1182.5,3.7995,51.3,1.753,42.13,33.705
2002-08-09,,8960.0,48.675,1201.5,3.8005,51.65,1.7646,42.37,33.925
2002-08-16,,8840.0,48.585,1188.5,3.8001,51.8,1.74695,41.795,33.885
2002-08-23,,8890.0,48.535,1202.5,3.7995,52.34,1.75565,42.28,34.115
2002-08-30,,8860.0,48.525,1203.5,3.7995,51.85,1.74985,42.19,34.24
2002-09-06,,8870.0,48.595,1195.5,3.7995,51.85,1.75055,42.32,34.125
2002-09-13,,8975.0,48.455,1206.5,3.8,52.25,1.76955,42.8,34.405
2002-09-20,,9035.0,48.445,1219.5,3.8005,52.45,1.77845,43.33,34.785
2002-09-27,,9025.0,48.375,1229.5,3.7995,52.44,1.77955,43.415,34.925
2002-10-04,,9020.0,48.375,1232.5,3.7995,52.7,1.7813,43.505,34.995
2002-10-11,,9010.0,48.325,1259.5,3.7995,52.77,1.7953,43.865,35.165
2002-10-18,,9225.0,48.405,1245.5,3.8005,53.3,1.7902,43.745,34.925
2002-10-25,,9250.0,48.375,1231.5,3.8005,53.1,1.7736,43.425,34.805
2002-11-01,,9230.0,48.325,1221.5,3.8005,53.15,1.7643,43.265,34.785
2002-11-08,,9190.0,48.275,1204.5,3.7995,52.88,1.7593,43.0,34.485
2002-11-15,,9030.0,48.215,1208.5,3.8005,53.4,1.7635,43.515,34.715
2002-11-22,,8985.0,48.205,1211.5,3.8,53.85,1.7682,43.375,34.745
2002-11-29,,8980.0,48.34,1207.5,3.8005,53.55,1.7663,43.495,34.825
2002-12-06,,8990.0,48.235,1220.5,3.7995,53.55,1.7675,43.575,34.895
2002-12-13,,8875.0,48.175,1210.5,3.8005,53.55,1.74655,43.28,34.845
2002-12-20,,8890.0,48.025,1204.5,3.8005,53.65,1.7454,43.075,34.855
2002-12-27,,8915.0,48.01,1197.5,3.7995,53.27,1.737,43.3,34.875
2003-01-03,,8925.0,48.005,1197.5,3.8,53.5,1.7437,43.025,34.815
2003-01-10,,8925.0,47.995,1177.5,3.8,53.53,1.7388,42.785,34.565
2003-01-17,,8875.0,47.925,1170.5,3.8,53.61,1.73285,42.72,34.455
2003-01-24,,8890.0,47.9,1170.5,3.8,53.58,1.7309,42.67,34.565
2003-01-31,,8870.0,47.815,1170.5,3.8,53.85,1.7386,42.77,34.705
2003-02-07,,8870.0,47.725,1186.5,3.8,53.95,1.7446,42.905,34.755
2003-02-14,,8925.0,47.885,1204.5,3.8,53.9,1.75485,43.08,34.825
2003-02-21,,8920.0,47.735,1192.5,3.8,54.25,1.7419,42.86,34.755
2003-02-28,,8895.0,47.685,1193.5,3.8,54.5,1.73905,42.785,34.745
2003-03-07,,8885.0,47.645,1221.5,3.8,54.85,1.7348,42.49,34.635
2003-03-14,,8920.0,47.655,1242.0,3.8,54.8,1.7575,42.745,34.69
2003-03-21,,8955.0,47.685,1254.0,3.8,54.4,1.7693,43.05,34.785
2003-03-28,,8905.0,47.555,1260.5,3.8,53.6,1.77225,42.98,34.785
2003-04-04,,8897.5,47.4,1257.5,3.8,53.2,1.7757,43.065,34.795
2003-04-11,,8880.0,47.405,1230.5,3.8,52.45,1.78015,42.985,34.795
2003-04-18,,8730.0,47.355,1206.5,3.8,52.3,1.7664,42.76,34.775
2003-04-25,,8740.0,47.355,1237.5,3.8,53.05,1.7854,43.045,34.945
2003-05-02,,8660.0,47.35,1211.5,3.8,52.55,1.77185,42.78,34.785
2003-05-09,,8560.0,47.185,1201.0,3.8,52.35,1.74225,42.555,34.775
2003-05-16,,8460.0,47.135,1197.5,3.8,52.6,1.7244,42.125,34.715
2003-05-23,,8270.0,46.905,1190.5,3.8,52.85,1.7224,41.875,34.685
2003-05-30,,8310.0,47.02,1206.5,3.8,53.25,1.73545,41.74,34.715
2003-06-06,,8185.0,46.83,1201.5,3.8,53.5,1.72675,41.615,34.675
2003-06-13,,8220.0,46.65,1191.5,3.8,53.55,1.7323,41.61,34.645
2003-06-20,,8225.0,46.48,1189.5,3.8,53.3,1.7338,41.565,34.585
2003-06-27,,8290.0,46.425,1194.5,3.8,53.65,1.75515,41.985,34.585
2003-07-04,,8222.5,46.415,1184.5,3.8,53.35,1.74845,41.67,34.455
2003-07-11,,8217.5,46.125,1178.5,3.8,53.45,1.7546,41.625,34.395
2003-07-18,,8335.0,46.25,1183.5,3.8,53.74,1.7644,41.75,34.465
2003-07-25,,8505.0,46.095,1180.5,3.8,54.1,1.74465,41.915,34.375
2003-08-01,,8540.0,46.175,1179.5,3.8,54.9,1.7594,42.02,34.495
2003-08-08,,8560.0,46.035,1181.5,3.8,54.65,1.75645,41.9,34.415
2003-08-15,,8540.0,45.9,1175.5,3.8,55.05,1.7472,41.63,34.355
2003-08-22,,8430.0,45.845,1163.5,3.8,55.25,1.74175,41.355,34.215
2003-08-29,,8485.0,45.865,1175.5,3.8,55.0,1.7517,41.09,34.155
2003-09-05,,8480.0,45.895,1170.5,3.8,55.0,1.7556,40.67,34.105
2003-09-12,,8452.5,45.805,1169.5,3.8,55.05,1.7513,40.75,34.085
2003-09-19,,8472.5,45.965,1168.5,3.8,55.1,1.7439,40.335,34.055
2003-09-26,,8437.5,45.865,1150.5,3.8,55.05,1.73215,40.11,33.795
2003-10-03,,8367.5,45.375,1147.5,3.8,54.95,1.72645,39.575,33.73
2003-10-10,,8380.0,45.385,1147.5,3.8,54.75,1.72265,39.07,33.745
2003-10-17,,8440.0,45.325,1176.5,3.8,54.7,1.74005,39.925,33.915
2003-10-24,,8495.0,45.34,1186.5,3.8,55.35,1.7433,39.865,34.02
2003-10-31,,8495.0,45.295,1182.5,3.8,55.3,1.7409,39.895,33.965
2003-11-07,,8485.0,45.295,1177.5,3.8,55.2,1.7397,39.93,34.015
2003-11-14,,8505.0,45.395,1171.5,3.8,55.35,1.7205,39.9,33.995
2003-11-21,,8550.0,45.765,1195.5,3.8,55.55,1.71925,39.855,34.035
2003-11-28,,8510.0,45.845,1202.5,3.8,55.7,1.72395,39.925,34.195
2003-12-05,,8500.0,45.605,1190.5,3.8,55.38,1.71595,39.905,34.105
2003-12-12,,8475.0,45.545,1182.5,3.8,55.45,1.71115,39.64,34.015
2003-12-19,,8490.0,45.525,1193.0,3.8,55.4,1.7094,39.63,34.045
2003-12-26,,8485.0,45.585,1198.5,3.8,55.55,1.704,39.57,34.045
2004-01-02,,8445.0,45.69,1195.5,3.8,55.5,1.702,39.56,33.985
2004-01-09,,8335.0,45.455,1180.5,3.8,55.25,1.6919,38.99,33.78
2004-01-16,,8350.0,45.425,1183.5,3.8,55.53,1.70215,39.055,33.695
2004-01-23,,8405.0,45.355,1187.5,3.8,55.745,1.6941,39.115,33.565
2004-01-30,,8455.0,45.315,1172.5,3.8,55.99,1.6961,39.24,33.375
2004-02-06,,8430.0,45.27,1167.5,3.8,55.95,1.6855,39.055,33.295
2004-02-13,,8402.5,45.235,1160.5,3.8,56.1,1.67445,38.88,33.13
2004-02-20,,8440.0,45.265,1167.25,3.8,56.35,1.68825,39.17,33.1
2004-02-27,,8455.0,45.245,1176.5,3.8,56.33,1.7015,39.29,33.36
2004-03-05,,8565.0,45.31,1172.5,3.8,56.3,1.707,39.31,33.395
2004-03-12,,8660.0,45.26,1180.5,3.8,56.35,1.71275,39.49,33.47
2004-03-19,,8562.5,45.24,1157.5,3.8,56.27,1.6931,39.405,33.23
2004-03-26,,8616.0,44.465,1156.5,3.8,56.42,1.69065,39.535,33.27
2004-04-02,,8580.0,43.725,1143.5,3.8,56.25,1.6772,39.17,32.92
2004-04-09,,8585.0,43.62,1144.0,3.8,56.25,1.67875,39.21,32.94
2004-04-16,,8619.5,43.92,1159.5,3.8,55.83,1.67775,39.4165,32.97
2004-04-23,,8620.5,44.04,1157.5,3.8,55.775,1.697,39.575,33.0875
2004-04-30,,8782.0,44.505,1173.5,3.8,56.065,1.701,40.01,33.37
2004-05-07,,8734.5,44.665,1178.5,3.8,55.7,1.70085,40.175,33.31
2004-05-14,,9038.0,45.655,1186.5,3.8,56.0,1.7266,40.89,33.67
2004-05-21,,9060.0,45.305,1175.5,3.8,55.85,1.71375,40.725,33.61
2004-05-28,,9287.5,45.5,1167.5,3.8,55.87,1.7012,40.57,33.46
2004-06-04,,9450.0,45.12,1164.5,3.8,55.9,1.711,40.695,33.58
2004-06-11,,9380.0,45.125,1160.5,3.8,55.88,1.7166,40.725,33.6
2004-06-18,,9395.0,45.665,1157.5,3.8,56.42,1.71695,40.94,33.79
2004-06-25,,9417.5,45.875,1150.5,3.8,56.1,1.7077,40.85,33.68
2004-07-02,,9147.5,45.87,1150.5,3.8,55.95,1.71285,40.695,33.72
2004-07-09,,8920.0,45.7,1150.5,3.8,55.8,1.7015,40.745,33.71
2004-07-16,,8922.5,45.945,1162.5,3.8,56.015,1.7014,40.805,33.87
2004-07-23,,9065.0,46.325,1165.5,3.8,56.05,1.725,41.0695,34.07
2004-07-30,,9130.0,46.455,1166.5,3.8,55.9,1.7207,41.32,34.14
2004-08-06,,9190.0,46.37,1155.5,3.8,55.75,1.7162,41.35,34.16
2004-08-13,,9255.0,46.295,1160.5,3.8,55.695,1.7145,41.53,34.2
2004-08-20,,9235.0,46.275,1154.5,3.8,55.72,1.7083,41.465,34.05
2004-08-27,,9305.0,46.345,1153.5,3.8,56.15,1.7124,41.585,34.07
2004-09-03,,9265.0,46.31,1151.5,3.8,56.1,1.7023,41.537,33.91
2004-09-10,,9275.0,46.26,1144.5,3.8,56.15,1.6973,41.56,33.93
2004-09-17,,9035.0,45.92,1147.5,3.8,56.23,1.69275,41.29,33.87
2004-09-24,,9115.0,45.91,1152.5,3.8,56.37,1.6897,41.375,33.95
2004-10-01,,9147.0,45.9,1148.5,3.8,56.3,1.68395,41.355,33.94
2004-10-08,,9095.0,45.84,1148.0,3.8,56.35,1.6809,41.29,33.86
2004-10-15,,9095.0,45.835,1143.5,3.8,56.4,1.67785,41.42,33.87
2004-10-22,,9090.0,45.73,1138.5,3.8,56.32,1.6684,41.265,33.79
2004-10-29,,9095.0,45.37,1119.0,3.8,56.33,1.6634,41.05,33.43
2004-11-05,,9065.0,45.2,1110.5,3.8,56.37,1.6547,40.86,33.28
2004-11-12,,9035.0,45.015,1103.0,3.8,56.345,1.65215,40.33,32.98
2004-11-19,,8960.0,45.1,1064.5,3.8,56.325,1.64645,39.95,32.55
2004-11-26,,9000.0,45.015,1048.0,3.8,56.185,1.63995,39.46,32.37
2004-12-03,,9055.0,44.155,1044.0,3.8,56.055,1.63615,39.105,32.065
2004-12-10,,9242.5,44.765,1065.0,3.8,56.35,1.654,39.715,32.47
2004-12-17,,9300.0,43.965,1059.5,3.8,56.22,1.64715,39.14,32.35
2004-12-24,,9267.5,43.83,1047.5,3.8,56.1,1.6394,38.98,32.18
2004-12-31,,9315.0,43.455,1032.5,3.8,56.29,1.63245,38.85,31.675
2005-01-07,,9245.0,43.825,1048.5,3.8,56.2,1.64875,39.16,32.14
2005-01-14,,9165.0,43.72,1040.0,3.8,55.65,1.63665,38.7075,31.955
2005-01-21,,9152.5,43.81,1040.5,3.8,55.55,1.63625,38.56,31.91
2005-01-28,,9145.0,43.735,1024.0,3.8,55.1,1.63575,38.46,31.8
2005-02-04,,9190.0,43.43,1022.5,3.8,54.655,1.63445,38.315,31.605
2005-02-11,,9270.0,43.825,1032.7,3.8,54.75,1.6488,38.51,31.755
2005-02-18,,9250.0,43.835,1023.0,3.8,54.7,1.63725,38.515,31.535
2005-02-25,,9271.0,43.73,1007.5,3.8,54.75,1.6321,38.385,31.17
2005-03-04,,9355.0,43.745,1006.5,3.8,55.0,1.6246,38.405,30.94
2005-03-11,,9365.0,43.575,999.5,3.8,54.13,1.61845,38.29,30.775
2005-03-18,,9365.0,43.66,1006.5,3.8,54.35,1.628,38.54,31.14
2005-03-25,,9425.0,43.78,1014.5,3.8,54.2,1.6436,38.995,31.44
2005-04-01,,9465.0,43.745,1008.0,3.8,54.85,1.65735,39.13,31.39
2005-04-08,,9500.0,43.8,1016.1,3.8,54.595,1.6577,39.755,31.625
2005-04-15,,9535.0,43.905,1019.5,3.8,54.63,1.6557,39.665,31.695
2005-04-22,,9675.0,43.745,998.5,3.8,54.17,1.64775,39.435,31.505
2005-04-29,,9560.0,43.575,993.5,3.8,54.15,1.6344,39.46,31.265
2005-05-06,,9487.5,43.425,1000.3,3.8,54.02,1.64045,39.445,31.15
2005-05-13,,9470.0,43.445,1003.5,3.8,54.225,1.65725,39.5875,31.32
2005-05-20,,9451.0,43.565,1008.7,3.8,54.58,1.66215,40.005,31.317
2005-05-27,,9492.5,43.585,1002.3,3.8,54.395,1.65955,40.415,31.3575
2005-06-03,,9580.0,43.575,1007.3,3.8,54.49,1.66485,40.73,31.4225
2005-06-10,,9600.0,43.665,1008.3,3.8,55.195,1.6701,40.695,31.3
2005-06-17,,9615.0,43.595,1008.63,3.8,55.47,1.6704,41.095,31.319
2005-06-24,,9645.0,43.625,1013.63,3.8,55.675,1.67355,41.109,31.33
2005-07-01,,9775.0,43.575,1033.9,3.8,55.87,1.6916,41.405,31.6795
2005-07-08,,9805.0,43.625,1053.0,3.8,56.075,1.7009,42.095,32.0565
2005-07-15,,9770.0,43.535,1036.93,3.8,55.87,1.68805,41.799,31.9415
2005-07-22,,9790.0,43.455,1019.0,3.78,55.875,1.6546,41.385,31.645
2005-07-29,,9802.0,43.49,1026.5,3.7505,56.145,1.66065,41.605,31.925
2005-08-05,,9745.0,43.505,1016.0,3.7515,55.905,1.65415,41.185,31.88
2005-08-12,,9805.0,43.645,1015.0,3.7508,55.655,1.6512,40.865,31.92
2005-08-19,,9985.0,43.625,1028.0,3.7665,56.025,1.6705,41.25,32.2
2005-08-26,,10430.0,43.715,1027.35,3.7653,55.935,1.6713,41.015,32.31
2005-09-02,,10250.0,43.87,1025.7,3.7605,56.095,1.67585,41.095,32.55
2005-09-09,,10205.0,43.88,1027.5,3.77,56.085,1.67415,40.975,32.71
2005-09-16,,10145.0,43.88,1029.0,3.7695,56.17,1.6819,41.035,32.98
2005-09-23,,10240.0,43.906,1034.3,3.7685,56.225,1.6852,41.105,33.235
2005-09-30,,10290.0,44.0075,1043.2,3.769,56.025,1.69035,41.065,33.2
2005-10-07,,10050.0,44.38,1037.55,3.7695,55.825,1.6847,40.865,33.265
2005-10-14,,10115.0,44.845,1046.7,3.7738,55.835,1.6887,40.865,33.47
2005-10-21,,10055.0,45.065,1058.2,3.774,55.445,1.69485,40.905,33.695
2005-10-28,,10025.0,45.08,1042.3,3.7747,54.925,1.6926,40.75,33.62
2005-11-04,,10125.0,45.505,1045.8,3.7765,54.72,1.69855,40.925,33.68
2005-11-11,,9990.0,45.6825,1040.7,3.7787,54.405,1.70385,41.135,33.49
2005-11-18,,10095.0,45.7725,1036.05,3.7795,54.595,1.70115,41.205,33.605
2005-11-25,,10052.5,45.8075,1042.81,3.78,54.125,1.69355,41.235,33.565
2005-12-02,,10095.0,46.182,1038.0,3.779,54.195,1.68845,41.385,33.54
2005-12-09,,9680.0,46.195,1035.0,3.77,53.43,1.68225,41.275,33.535
2005-12-16,,9875.0,45.35,1016.75,3.77,53.425,1.66675,40.935,33.205
2005-12-23,,9855.0,45.155,1015.5,3.7795,53.22,1.6657,40.91,33.19
2005-12-30,,9805.0,45.05,1008.5,3.7795,53.08,1.6628,41.0,32.853
2006-01-06,,9520.0,44.585,982.75,3.7525,52.515,1.6392,39.915,32.025
2006-01-13,,9370.0,44.24,986.0,3.74,52.405,1.6291,39.55,31.97
2006-01-20,,9425.0,44.25,981.5,3.745,52.92,1.62735,39.125,32.01
2006-01-27,,9365.0,44.147,972.5,3.7505,52.4,1.62475,38.975,31.99
2006-02-03,,9285.0,44.2,971.5,3.7465,51.86,1.6361,39.545,32.14
2006-02-10,,9195.0,44.195,964.5,3.724,51.485,1.62585,39.175,32.23
2006-02-17,,9245.0,44.4585,976.0,3.7203,51.795,1.63375,39.325,32.465
2006-02-24,,9280.0,44.43,967.0,3.7145,52.065,1.62405,39.375,32.51
2006-03-03,,9180.0,44.325,973.0,3.7055,51.185,1.6211,38.865,32.365
2006-03-10,,9245.0,44.5,981.0,3.717,51.19,1.6289,39.128,32.52
2006-03-17,,9150.0,44.435,972.0,3.7045,51.045,1.61765,38.955,32.4
2006-03-24,,9134.0,44.655,981.0,3.6965,51.26,1.62055,38.955,32.69
2006-03-31,,9060.0,44.6175,971.5,3.6831,51.13,1.61785,38.855,32.46
2006-04-07,,9005.0,44.68,954.5,3.668,51.115,1.6066,38.145,32.33
2006-04-14,,9010.0,45.19,959.2,3.672,51.425,1.60925,38.09,32.5
2006-04-21,,8885.0,45.1425,946.5,3.6588,51.575,1.5967,37.825,32.26
2006-04-28,,8817.5,44.966,943.0,3.625,51.795,1.58145,37.535,31.86
2006-05-05,,8779.0,44.935,934.0,3.606,51.465,1.5713,37.675,31.565
2006-05-12,,8770.0,45.045,936.5,3.5805,51.77,1.56715,37.875,31.51
2006-05-19,,9185.0,45.565,948.5,3.616,52.64,1.5856,38.165,31.935
2006-05-26,,9245.0,45.89,948.5,3.6425,52.825,1.5819,38.3,32.045
2006-06-02,,9260.0,45.9125,946.0,3.6425,52.825,1.57295,38.075,31.975
2006-06-09,,9410.0,45.96,955.0,3.667,53.155,1.59405,38.305,32.435
2006-06-16,,9340.0,45.84,956.5,3.642,53.095,1.5935,38.455,32.485
2006-06-23,,9405.0,46.12,958.87,3.6825,53.34,1.5974,38.405,32.755
2006-06-30,,9265.0,46.04,948.5,3.6745,53.19,1.58175,38.145,32.295
2006-07-07,,9010.0,45.975,945.0,3.6485,52.335,1.57535,37.9025,32.315
2006-07-14,,9190.0,46.375,954.25,3.671,52.375,1.58875,38.0125,32.735
2006-07-21,,9115.0,46.795,950.25,3.679,52.125,1.5817,37.985,32.745
2006-07-28,,9090.0,46.685,956.5,3.6665,51.605,1.57935,37.815,32.875
2006-08-04,,9060.0,46.525,962.0,3.6755,51.505,1.57255,37.775,32.795
2006-08-11,,9055.0,46.525,963.0,3.6755,51.275,1.5776,37.295,32.655
2006-08-18,,9045.0,46.465,959.0,3.6705,51.105,1.57315,37.545,32.635
2006-08-25,,9135.0,46.575,963.0,3.68,51.365,1.5798,37.695,32.895
2006-09-01,,9085.0,46.555,962.0,3.667,50.72,1.57405,37.525,32.915
2006-09-08,,9125.0,46.175,956.5,3.6615,50.495,1.5731,37.418,32.915
2006-09-15,,9115.0,46.075,956.5,3.671,50.215,1.58375,37.205,32.94
2006-09-22,,9205.0,45.915,946.0,3.6755,50.395,1.58455,37.415,32.925
2006-09-29,,9225.0,45.975,946.5,3.688,50.175,1.58565,37.595,33.095
2006-10-06,,9215.0,45.615,950.5,3.6875,50.015,1.58935,37.545,33.155
2006-10-13,,9205.0,45.465,955.5,3.6803,49.965,1.58685,37.475,33.14
2006-10-20,,9145.0,45.315,957.5,3.676,50.085,1.57415,37.255,33.18
2006-10-27,,9095.0,45.015,945.0,3.6515,49.715,1.5587,36.715,33.265
2006-11-03,,9115.0,44.865,938.5,3.6465,49.695,1.56315,36.735,32.915
2006-11-10,,9115.0,44.695,936.0,3.64,49.895,1.55565,36.595,32.77
2006-11-17,,9145.0,44.935,938.5,3.6535,49.945,1.5568,36.54,32.93
2006-11-24,,9132.5,44.72,929.4,3.6355,49.74,1.5503,36.515,32.755
2006-12-01,,9165.0,44.69,930.2,3.5925,49.53,1.5391,35.805,32.365
2006-12-08,,9070.0,44.735,918.0,3.548,49.665,1.5429,35.525,32.39
2006-12-15,,9095.0,44.695,923.0,3.5505,49.385,1.54225,35.23,32.56
2006-12-22,,9065.0,44.595,928.5,3.5365,49.255,1.54105,36.35,32.565
2006-12-29,,8970.0,44.275,929.6,3.527,49.05,1.5336,36.15,32.605
2007-01-05,,9015.0,44.385,934.75,3.512,48.915,1.5364,35.77,32.645
2007-01-12,,9135.0,44.465,941.0,3.515,48.975,1.54325,35.95,32.76
2007-01-19,,9075.0,44.255,936.5,3.5016,48.915,1.5383,35.27,32.815
2007-01-26,,9125.0,44.315,941.0,3.5005,49.095,1.53755,33.4,32.945
2007-02-02,,9055.0,44.085,938.25,3.4997,48.735,1.5356,34.95,32.915
2007-02-09,,9045.0,44.065,934.5,3.4942,48.29,1.53375,33.6,32.99
2007-02-16,,9045.0,44.105,936.25,3.4925,48.095,1.5316,33.4,32.975
2007-02-23,,9085.0,44.26,939.0,3.4935,48.16,1.53225,33.45,33.08
2007-03-02,,9185.0,44.365,947.5,3.5071,48.745,1.52775,33.675,32.835
2007-03-09,,9175.0,44.21,945.5,3.5041,48.535,1.52685,32.8,33.02
2007-03-16,,9215.0,44.155,943.2,3.5085,48.845,1.5255,32.9,33.07
2007-03-23,,9105.0,43.625,937.35,3.4575,48.175,1.51785,32.15,33.035
2007-03-30,,9130.0,43.285,941.35,3.4581,48.225,1.51815,32.35,33.085
2007-04-06,,9100.0,42.975,933.0,3.449,47.905,1.51415,32.48,33.09
2007-04-13,,9100.0,42.55,928.25,3.442,47.86,1.5164,32.45,33.07
2007-04-20,,9085.0,41.865,927.0,3.4203,47.515,1.51165,32.475,33.16
2007-04-27,,9075.0,41.09,929.5,3.4208,47.445,1.51755,33.025,33.29
2007-05-04,,8930.0,40.815,925.625,3.4205,47.315,1.5162,32.75,33.27
2007-05-11,,8825.0,41.215,927.5,3.41,47.09,1.51755,32.875,33.29
2007-05-18,,8795.0,40.71,933.0,3.4002,46.555,1.52685,32.75,33.35
2007-05-25,,8745.0,40.58,931.5,3.3915,46.185,1.529,32.65,33.28
2007-06-01,,8795.0,40.54,928.5,3.4007,46.015,1.5318,32.85,33.01
2007-06-08,,9045.0,41.065,933.3,3.4655,46.615,1.54065,32.55,33.03
2007-06-15,,8950.0,40.68,929.0,3.4607,46.215,1.5406,32.55,33.19
2007-06-22,,9015.0,40.77,927.5,3.455,46.065,1.5385,32.265,32.73
2007-06-29,,9015.0,40.7,924.5,3.4545,46.215,1.52915,31.85,32.81
2007-07-06,,9035.0,40.34,921.0,3.448,46.075,1.5197,31.4,32.83
2007-07-13,,9005.0,40.405,915.875,3.4465,45.695,1.51595,30.625,32.8
2007-07-20,,9055.0,40.32,915.175,3.41,44.87,1.51185,30.05,32.785
2007-07-27,,9245.0,40.615,922.35,3.46,45.765,1.51365,29.95,32.775
2007-08-03,,9305.0,40.37,923.0,3.461,45.58,1.5184,29.945,32.91
2007-08-10,,9355.0,40.75,930.1,3.476,45.885,1.5245,31.35,32.94
2007-08-17,,9490.0,40.95,941.75,3.5125,46.85,1.5297,33.275,32.85
2007-08-24,,9395.0,41.035,941.5,3.487,46.665,1.5224,33.0,32.98
2007-08-31,,9385.0,40.955,937.5,3.5015,46.495,1.52465,32.4,33.01
2007-09-07,,9395.0,40.685,937.9,3.5045,46.545,1.5236,32.5,33.0475
2007-09-14,,9370.0,40.47,930.0,3.4825,46.34,1.5113,32.0,33.09
2007-09-21,,9175.0,39.89,921.0,3.445,45.315,1.5048,31.8,32.92
2007-09-28,,9145.0,39.76,914.5,3.409,45.015,1.4834,31.9,32.6
2007-10-05,,9055.0,39.465,916.7,3.4035,44.615,1.47425,31.605,32.555
2007-10-12,,9085.0,39.375,918.0,3.37,44.05,1.4635,31.505,32.61
2007-10-19,,9085.0,39.52,915.85,3.3615,44.275,1.46455,31.53,32.585
2007-10-26,,9125.0,39.42,908.45,3.3495,43.975,1.45355,31.76,32.45
2007-11-02,,9135.0,39.4,908.5,3.345,43.725,1.44935,31.75,32.425
2007-11-09,,9135.0,39.12,910.35,3.322,42.755,1.44045,31.525,32.265
2007-11-16,,9325.0,39.325,917.25,3.3785,43.455,1.45325,31.5,32.34
2007-11-23,,9365.0,39.69,930.7,3.3605,42.975,1.44155,31.21,32.34
2007-11-30,,9325.0,39.63,924.25,3.3585,42.575,1.44675,30.75,32.23
2007-12-07,,9275.0,39.38,919.75,3.3242,41.655,1.4409,30.325,32.31
2007-12-14,,9370.0,39.415,928.75,3.312,41.475,1.44985,30.15,32.43
2007-12-21,,9440.0,39.505,940.75,3.348,41.495,1.45385,30.215,32.475
2007-12-28,,9395.0,39.43,938.9,3.3185,41.56,1.44685,29.95,32.485
2008-01-04,,9450.0,39.32,938.65,3.284,41.025,1.4328,29.775,32.465
2008-01-11,,9445.0,39.31,939.05,3.2595,40.675,1.43155,29.5,32.47
2008-01-18,,9455.0,39.31,944.75,3.2635,40.65,1.4361,31.1,32.335
2008-01-25,,9330.0,39.35,945.4,3.2413,40.675,1.422,31.35,32.275
2008-02-01,,9265.0,39.4,944.55,3.231,40.505,1.41515,31.1,32.045
2008-02-08,,9265.0,39.575,941.75,3.2335,40.625,1.41775,31.45,32.02
2008-02-15,,9165.0,39.68,945.05,3.2217,40.745,1.4117,31.6,31.68
2008-02-22,,9170.0,40.045,949.75,3.217,40.675,1.4065,31.15,31.315
2008-02-29,,9040.0,40.125,937.55,3.1944,40.405,1.39345,30.35,30.93
2008-03-07,,9105.0,40.46,956.75,3.1675,41.075,1.3858,31.53,30.67
2008-03-14,,9252.5,40.43,994.05,3.1625,41.675,1.38125,31.46,30.915
2008-03-21,,9210.0,40.48,1009.75,3.181,41.68,1.38655,31.285,30.745
2008-03-28,,9225.0,40.855,991.5,3.197,41.75,1.38055,31.425,30.405
2008-04-04,,9218.5,39.995,977.05,3.193,41.75,1.3809,31.675,30.49
2008-04-11,,9165.0,39.9,975.75,3.152,41.575,1.3571,31.585,30.325
2008-04-18,,9195.0,39.815,997.75,3.142,42.025,1.3589,31.425,30.415
2008-04-25,,9235.0,40.13,995.85,3.1585,42.025,1.36295,31.7,30.375
2008-05-02,,9220.0,40.66,1009.05,3.164,42.355,1.3634,31.735,30.49
2008-05-09,,9245.0,41.595,1045.75,3.192,42.5975,1.3692,31.725,30.77
2008-05-16,,9270.0,42.485,1037.75,3.2375,42.725,1.37045,32.2925,30.68
2008-05-23,,9320.0,42.685,1043.2,3.2135,43.145,1.35815,32.06,30.475
2008-05-30,,9315.0,42.29,1028.75,3.241,43.675,1.36375,32.485,30.4
2008-06-06,,9335.0,42.95,1030.6,3.26,44.36,1.36385,33.111,30.42
2008-06-13,,9310.0,42.92,1041.25,3.276,44.475,1.38,33.215,30.46
2008-06-20,,9255.0,42.875,1032.75,3.258,44.35,1.36545,33.37,30.39
2008-06-27,,9210.0,42.79,1043.75,3.2636,44.725,1.3627,33.5305,30.38
2008-07-04,,9210.0,43.15,1045.75,3.2675,45.5,1.3631,33.505,30.4
2008-07-11,,9155.0,42.89,999.25,3.2425,45.575,1.356,33.6375,30.4
2008-07-18,,9135.0,42.57,1013.85,3.2425,44.295,1.3542,33.315,30.356
2008-07-25,,9122.0,42.245,1006.75,3.249,44.225,1.3616,33.4425,30.415
2008-08-01,,9095.0,42.315,1015.75,3.2635,44.275,1.37185,33.5225,30.72
2008-08-08,,9215.0,42.205,1027.95,3.3012,44.55,1.40405,33.67,31.265
2008-08-15,,9225.0,43.1,1026.9,3.3495,45.225,1.41755,33.8425,31.135
2008-08-22,,9140.0,43.385,1051.6,3.344,45.5,1.41145,33.965,31.15
2008-08-29,,9145.0,43.905,1079.5,3.394,45.825,1.41515,34.21,31.3
2008-09-05,,9380.0,44.6125,1111.65,3.4595,46.685,1.4358,34.58,31.6475
2008-09-12,,9485.0,45.575,1006.5,3.4525,46.775,1.42825,34.665,31.94
2008-09-19,,9345.0,45.47,1123.5,3.459,46.555,1.42925,34.125,32.175
2008-09-26,,9370.0,46.425,1164.0,3.435,46.575,1.4265,33.885,32.13
2008-10-03,,9565.0,47.075,1223.5,3.4685,47.1,1.4487,34.165,32.175
2008-10-10,,9625.0,48.35,1376.0,3.5083,47.85,1.48145,34.355,32.41
2008-10-17,,9850.0,48.7,1295.0,3.527,48.05,1.47915,34.24,32.6
2008-10-24,,10050.0,49.9,1427.5,3.5815,48.9,1.50415,34.635,33.455
2008-10-31,,10900.0,49.375,1335.0,3.5485,49.025,1.4843,34.93,33.065
2008-11-07,,10900.0,47.55,1328.0,3.5525,48.81,1.4938,34.9355,32.795
2008-11-14,,11700.0,48.85,1419.0,3.5955,49.3,1.52085,34.9745,33.15
2008-11-21,,12050.0,50.05,1478.35,3.6205,49.75,1.532,35.2675,33.38
2008-11-28,,12100.0,50.075,1472.5,3.6235,48.95,1.50885,35.505,33.285
2008-12-05,,11825.0,49.6,1485.5,3.6345,49.05,1.52465,35.63,33.6
2008-12-12,,11250.0,48.5,1370.0,3.579,48.15,1.48555,35.015,33.3015
2008-12-19,,11000.0,47.275,1307.5,3.4705,46.85,1.4579,34.4725,32.535
2008-12-26,,11225.0,48.545,1289.1,3.4795,47.515,1.44855,34.965,33.01
2009-01-02,,11050.0,48.62,1259.55,3.466,47.45,1.45165,34.76,32.825
2009-01-09,,10950.0,48.7,1350.5,3.5405,47.22,1.48325,34.845,33.215
2009-01-16,,11150.0,48.65,1374.0,3.5763,47.05,1.48885,34.875,33.29
2009-01-23,,11200.0,49.125,1390.5,3.6265,47.4,1.50865,34.9025,33.75
2009-01-30,,11400.0,48.925,1392.5,3.607,47.325,1.51055,34.9625,33.755
2009-02-06,,11750.0,48.675,1374.0,3.5965,47.025,1.49825,35.0,33.64
2009-02-13,,11850.0,48.625,1406.5,3.605,47.3,1.50715,35.145,34.06
2009-02-20,,12100.0,49.825,1510.0,3.678,48.275,1.53745,35.745,34.835
2009-02-27,,12050.0,51.275,1543.5,3.7044,48.925,1.54625,36.17,35.01
2009-03-06,,12050.0,51.625,1543.5,3.7175,48.525,1.54675,36.035,34.78
2009-03-13,,11950.0,51.58,1485.0,3.7055,48.5,1.54295,35.93,34.49
2009-03-20,,11800.0,50.575,1395.0,3.645,48.33,1.51485,35.31,33.755
2009-03-27,,11460.0,50.65,1352.0,3.611,48.2,1.5141,35.365,33.9
2009-04-03,,11450.0,50.05,1345.0,3.5805,47.9,1.5078,35.36,33.37
2009-04-10,,11200.0,49.725,1333.0,3.616,47.7,1.5181,35.435,33.8
2009-04-17,,10650.0,49.825,1331.5,3.6165,47.875,1.50055,35.4675,33.915
2009-04-24,,10750.0,49.725,1321.5,3.5823,48.325,1.48655,35.3585,33.565
2009-05-01,,10630.0,49.78,1295.5,3.5615,48.45,1.4816,35.27,33.08
2009-05-08,,10382.5,49.245,1239.0,3.5211,47.105,1.4639,34.85,32.965
2009-05-15,,10400.0,49.425,1261.5,3.5498,47.65,1.46485,34.55,32.945
2009-05-22,,10225.0,47.06,1240.5,3.4923,46.925,1.44245,34.325,32.575
2009-05-29,,10250.0,47.075,1254.0,3.4945,47.225,1.4448,34.3295,32.465
2009-06-05,,9945.0,47.275,1250.0,3.4955,47.225,1.45085,34.225,32.67
2009-06-12,,10100.0,47.575,1255.75,3.504,47.875,1.45215,34.1,32.815
2009-06-19,,10350.0,48.075,1268.4,3.5371,48.375,1.4544,34.1125,32.85
2009-06-26,,10145.0,48.125,1282.0,3.5321,48.225,1.45405,34.04,32.925
2009-07-03,,10200.0,47.905,1272.25,3.5265,48.075,1.45345,34.085,32.88
2009-07-10,,10275.0,49.005,1286.25,3.5778,48.375,1.4641,34.065,33.04
2009-07-17,,10105.0,48.56,1250.5,3.5725,47.5,1.4496,34.045,32.7425
2009-07-24,,9955.0,48.2,1230.6,3.532,47.975,1.4407,33.9625,32.655
2009-07-31,,9925.0,47.82,1209.5,3.5225,48.025,1.442,34.035,32.518
2009-08-07,,9960.0,47.685,1206.0,3.5005,47.775,1.4397,33.9935,32.492
2009-08-14,,9965.0,48.15,1220.2,3.518,48.075,1.44435,34.025,32.595
2009-08-21,,9995.0,48.465,1230.7,3.5195,48.41,1.43915,34.025,32.606
2009-08-28,,10040.0,48.485,1225.4,3.5225,48.775,1.4383,34.0125,32.625
2009-09-04,,10115.0,48.825,1222.5,3.5255,48.625,1.43915,34.0725,32.605
2009-09-11,,9900.0,48.38,1202.8,3.4928,48.275,1.4218,33.935,32.328
2009-09-18,,9700.0,47.995,1188.8,3.4788,47.68,1.41585,33.6975,32.158
2009-09-25,,9642.5,47.89,1167.1,3.47,47.325,1.4146,33.565,32.128
2009-10-02,,9620.0,47.585,1159.3,3.479,46.925,1.41315,33.4675,32.05
2009-10-09,,9435.0,46.425,1145.5,3.3983,46.475,1.3919,33.3275,31.94
2009-10-16,,9460.0,46.16,1145.5,3.371,46.715,1.394,33.435,32.0
2009-10-23,,9340.0,46.375,1162.5,3.3825,47.025,1.3934,33.4375,32.098
2009-10-30,,9610.0,46.875,1163.5,3.4125,47.725,1.39965,33.445,32.235
2009-11-06,,9430.0,46.725,1149.0,3.4,47.125,1.393,33.375,32.209
2009-11-13,,9330.0,46.225,1141.3,3.376,46.5,1.38635,33.2575,32.039
2009-11-20,,9525.0,46.6,1140.0,3.3855,47.075,1.38855,33.2405,32.05
2009-11-27,,9490.0,46.51,1156.5,3.391,47.1,1.38725,33.2475,32.045
2009-12-04,,9390.0,46.095,1134.0,3.381,45.975,1.38675,33.14,31.87
2009-12-11,,9505.0,46.43,1145.0,3.3985,46.325,1.3935,33.1425,31.978
2009-12-18,,9570.0,46.66,1157.2,3.4375,46.675,1.40345,33.2315,32.08
2009-12-25,,9460.0,46.68,1156.0,3.429,46.475,1.4075,33.345,32.0
2010-01-01,,9425.0,46.41,1164.65,3.424,46.25,1.40445,33.36,31.99
2010-01-08,,9185.0,45.44,1111.5,3.376,45.625,1.3961,33.15,31.58
2010-01-15,,9190.0,45.575,1119.0,3.3395,45.87,1.39145,32.87,31.528
2010-01-22,,9400.0,46.29,1147.0,3.3965,46.325,1.40365,33.0425,31.68
2010-01-29,,9330.0,46.13,1157.8,3.4098,46.605,1.40395,33.17,31.69
2010-02-05,,9470.0,46.635,1165.9,3.444,46.625,1.4214,33.19,31.887
2010-02-12,,9340.0,46.41,1147.3,3.4176,46.425,1.4139,33.1975,31.8
2010-02-19,,9320.0,46.215,1156.4,3.4135,46.205,1.4157,33.1775,31.8
2010-02-26,,9320.0,46.04,1156.0,3.4028,46.025,1.4058,33.0375,31.785
2010-03-05,,9210.0,45.495,1136.1,3.364,45.975,1.39895,32.6475,31.72
2010-03-12,,9130.0,45.385,1124.3,3.307,45.635,1.39445,32.59,31.54
2010-03-19,,9100.0,45.275,1128.7,3.3035,45.525,1.398,32.3075,31.499
2010-03-26,,9135.0,45.12,1134.7,3.307,45.525,1.4046,32.41,31.58
2010-04-02,,9070.0,44.7,1122.0,3.248,44.925,1.3986,32.35,31.459
2010-04-09,,9015.0,44.18,1114.2,3.1898,45.645,1.39,32.215,31.315
2010-04-16,,8985.0,44.22,1106.3,3.1905,44.405,1.3726,32.23,31.09
2010-04-23,,8995.0,44.405,1104.7,3.1916,44.275,1.37115,32.2075,31.16
2010-04-30,,9000.0,44.225,1104.4,3.1838,44.425,1.36985,32.345,31.118
2010-05-07,,9275.0,45.38,1151.4,3.2735,45.85,1.39725,32.285,31.55
2010-05-14,,9105.0,45.1675,1126.5,3.1925,44.925,1.3861,32.32,31.529
2010-05-21,,9370.0,46.88,1190.1,3.3205,46.625,1.4095,32.385,31.529
2010-05-28,,9190.0,46.26,1190.9,3.293,46.125,1.4034,32.55,31.529
2010-06-04,,9255.0,46.805,1197.8,3.275,46.645,1.41055,32.62,31.529
2010-06-11,,9200.0,46.73,1242.1,3.2845,46.475,1.4025,32.4675,31.529
2010-06-18,,9095.0,46.095,1198.6,3.251,45.875,1.384,32.4025,31.529
2010-06-25,,9075.0,46.455,1211.4,3.253,46.325,1.39155,32.39,31.529
2010-07-02,,9080.0,46.53,1224.5,3.2245,46.525,1.39175,32.4,32.225
2010-07-09,,9025.0,46.61,1195.9,3.1985,46.075,1.38135,32.355,32.04
2010-07-16,,9065.0,46.7425,1184.5,3.208,46.475,1.37675,32.2415,32.04
2010-07-23,,9040.0,46.87,1179.8,3.2,46.325,1.37185,32.235,32.09
2010-07-30,,8925.0,46.33,1181.25,3.182,45.615,1.36035,32.26,31.96
2010-08-06,,8940.0,45.995,1142.8,3.1483,44.925,1.34755,32.0175,31.715
2010-08-13,,8965.0,46.6,1164.8,3.1675,44.975,1.36285,31.9,31.91
2010-08-20,,8965.0,46.705,1164.0,3.1375,44.975,1.35895,31.53,31.965
2010-08-27,,8965.0,46.83,1177.6,3.145,44.975,1.3555,31.335,32.03
2010-09-03,,8965.0,46.5325,1156.1,3.1205,44.975,1.345,31.1705,32.03
2010-09-10,,8965.0,46.2705,1163.75,3.1055,44.975,1.3403,30.7925,31.81
2010-09-17,,8971.0,45.945,1161.5,3.1013,44.3,1.33645,30.755,31.73
2010-09-24,,8947.5,45.2475,1149.67,3.0911,43.815,1.32265,30.67,31.3825
2010-10-01,,8891.5,44.46,1126.21,3.0869,43.745,1.31215,30.1825,30.92
2010-10-08,,8943.5,44.2,1116.65,3.1138,43.365,1.3058,30.0,30.855
2010-10-15,,8900.0,44.165,1111.25,3.0821,43.295,1.2971,29.82,30.66
2010-10-22,,8943.5,44.55,1128.65,3.1138,43.195,1.2993,29.925,30.8425
2010-10-29,,8933.0,44.44,1122.1,3.1115,42.965,1.29475,29.948,30.595
2010-11-05,,8905.0,44.13,1109.2,3.085,42.675,1.28585,29.6325,30.2
2010-11-12,,8935.0,44.695,1122.7,3.117,43.735,1.29495,29.81,30.205
2010-11-19,,8981.0,45.43,1135.15,3.121,43.7,1.29805,29.9675,30.4025
2010-11-26,,9047.5,45.825,1163.45,3.163,44.275,1.3193,30.26,30.5525
2010-12-03,,8991.0,44.9775,1131.0,3.144,43.77,1.3023,30.0225,30.2575
2010-12-10,,9020.5,45.0825,1140.45,3.135,43.61,1.30875,30.0825,30.07
2010-12-17,,9047.5,45.5125,1163.3,3.1285,44.36,1.31675,30.1575,29.8975
2010-12-24,,9041.0,45.045,1150.05,3.093,44.075,1.29925,30.19,29.635
2010-12-31,,8967.5,45.175,1120.0,3.0835,43.755,1.2821,30.035,29.115
2011-01-07,,9030.0,45.21,1119.25,3.0696,44.13,1.29375,30.3375,29.27
2011-01-14,,9065.0,45.405,1116.4,3.0591,44.36,1.2885,30.4575,29.005
2011-01-21,,9070.0,45.575,1119.45,3.0595,44.49,1.2826,30.6975,29.07
2011-01-28,,9065.0,45.875,1116.7,3.0555,44.21,1.2828,31.0,29.035
2011-02-04,,8965.0,45.615,1103.15,3.0435,43.705,1.2752,30.8,28.955
2011-02-11,,8920.0,45.59,1123.15,3.0545,43.77,1.2816,30.77,29.22
2011-02-18,,8825.0,45.175,1111.35,3.0335,43.285,1.2748,30.57,29.305
2011-02-25,,8815.0,45.33,1125.4,3.05,43.71,1.2735,30.6355,29.76
2011-03-04,,8777.5,44.965,1115.15,3.0295,43.23,1.2665,30.465,29.37
2011-03-11,,8785.0,45.185,1124.65,3.043,43.61,1.26925,30.4,29.61
2011-03-18,,8745.0,45.035,1126.4,3.0525,43.645,1.2742,30.293,29.545
2011-03-25,,8685.0,44.575,1109.9,3.0265,43.22,1.2607,30.253,29.39
2011-04-01,,8690.0,44.53,1088.0,3.0255,43.4,1.26185,30.295,29.24
2011-04-08,,8642.5,44.055,1082.5,3.0222,42.92,1.25705,30.035,28.875
2011-04-15,,8667.5,44.37,1087.55,3.0229,43.255,1.2439,30.135,29.05
2011-04-22,,8627.5,44.385,1080.95,3.0055,43.125,1.2346,29.9305,28.9
2011-04-29,,8565.5,44.255,1067.7,2.961,42.715,1.2235,29.87,28.555
2011-05-06,,8575.0,44.59,1076.6,3.0073,42.96,1.2318,30.175,28.615
2011-05-13,,8567.5,44.915,1090.7,3.0023,43.25,1.24415,30.22,28.71
2011-05-20,,8552.5,45.075,1089.65,3.012,43.235,1.2393,30.3145,28.855
2011-05-27,,8582.5,45.195,1082.45,3.0316,43.375,1.2367,30.3395,28.81
2011-06-03,,8527.5,44.815,1078.25,3.0095,43.21,1.23135,30.2925,28.685
2011-06-10,,8527.5,44.845,1085.5,3.0193,43.355,1.2355,30.4425,28.835
2011-06-17,,8602.5,44.8,1081.25,3.0446,43.59,1.23415,30.543,28.88
2011-06-24,,8610.0,44.985,1083.95,3.04,43.505,1.23775,30.702,28.9
2011-07-01,,8530.0,44.52,1066.75,3.0093,43.14,1.2278,30.805,28.72
2011-07-08,,8527.5,44.39,1058.55,2.9922,42.82,1.22195,30.2325,28.79
2011-07-15,,8539.5,44.545,1059.25,3.0062,42.95,1.2184,30.075,28.915
2011-07-22,,8514.5,44.415,1051.8,2.9757,42.41,1.20815,29.7835,28.83
2011-07-29,,8497.5,44.165,1053.5,2.968,42.14,1.20355,29.775,28.84
2011-08-05,,8565.5,44.73,1070.45,3.0108,42.61,1.2188,29.85,28.965
2011-08-12,,8557.5,45.38,1077.7,3.0042,42.54,1.21325,29.9825,28.905
2011-08-19,,8550.0,45.825,1081.2,2.9805,42.58,1.20665,29.8225,28.97
2011-08-26,,8555.0,46.16,1083.65,2.988,42.43,1.20545,30.0025,29.02
2011-09-02,,8520.0,45.82,1063.85,2.9638,42.21,1.20515,29.905,29.005
2011-09-09,,8607.5,46.645,1085.65,3.0005,42.735,1.22605,30.0725,29.345
2011-09-16,,8800.0,47.295,1108.45,3.0907,43.36,1.24005,30.3595,29.52
2011-09-23,,9075.0,49.375,1177.4,3.1662,43.62,1.29755,30.915,30.365
2011-09-30,,9035.0,49.34,1190.0,3.189,43.88,1.3023,31.1775,30.645
2011-10-07,,8980.0,48.96,1169.45,3.1585,43.455,1.2893,30.9225,30.385
2011-10-14,,8830.0,48.96,1152.05,3.129,43.27,1.26595,30.7775,30.19
2011-10-21,,8835.0,49.835,1143.7,3.1495,43.335,1.2704,30.94,30.19
2011-10-28,,8805.0,48.695,1102.5,3.07,42.6,1.24095,30.495,29.875
2011-11-04,,8920.0,49.18,1116.4,3.115,43.005,1.2691,30.685,30.09
2011-11-11,,8945.0,50.055,1120.35,3.143,43.135,1.28515,30.7725,30.09
2011-11-18,,9065.0,51.43,1133.85,3.1655,43.48,1.29585,31.0025,30.26
2011-11-25,,9200.0,52.16,1161.15,3.1971,43.985,1.31085,31.3725,30.435
2011-12-02,,9015.0,51.18,1128.4,3.1275,43.165,1.28305,30.8075,30.125
2011-12-09,,9065.0,52.195,1143.58,3.149,43.6,1.29545,30.925,30.21
2011-12-16,,9070.0,52.56,1155.47,3.178,43.825,1.30275,31.325,30.325
2011-12-23,,9130.0,52.795,1150.6,3.1575,43.505,1.29375,31.3125,30.29
2011-12-30,,9210.0,53.38,1160.47,3.1682,43.865,1.2965,31.545,30.325
2012-01-06,,9195.0,52.735,1157.65,3.1517,44.25,1.2937,31.715,30.18
2012-01-13,,9220.0,51.71,1154.48,3.134,43.945,1.2938,31.85,29.995
2012-01-20,,8940.0,50.3,1134.15,3.107,43.275,1.2736,31.52,29.97
2012-01-27,,8972.5,49.405,1121.68,3.043,42.75,1.2546,31.065,29.76
2012-02-03,,8955.0,48.575,1114.68,3.0115,42.505,1.2425,30.913,29.475
2012-02-10,,9057.5,49.65,1128.58,3.0317,42.51,1.2598,30.87,29.58
2012-02-17,,9035.0,49.29,1126.7,3.0435,42.58,1.25795,30.7875,29.54
2012-02-24,,9160.0,49.075,1126.92,3.0125,42.83,1.25595,30.33,29.56
2012-03-02,,9115.0,49.585,1116.82,3.0035,42.825,1.25065,30.5875,29.445
2012-03-09,,9120.0,49.745,1117.38,3.0075,42.615,1.25295,30.565,29.43
2012-03-16,,9185.0,50.215,1122.2,3.0563,42.93,1.25785,30.7225,29.525
2012-03-23,,9195.0,51.095,1136.8,3.077,42.95,1.26245,30.71,29.57
2012-03-30,,9170.0,50.955,1131.98,3.0635,42.9,1.258,30.845,29.51
2012-04-06,,9162.5,51.185,1133.35,3.0645,42.88,1.26065,30.9945,29.525
2012-04-13,,9177.5,51.48,1134.05,3.0575,42.65,1.2471,30.757,29.4855
2012-04-20,,9185.0,52.105,1137.92,3.0646,42.595,1.24835,30.891,29.47
2012-04-27,,9195.0,52.455,1130.94,3.0465,42.275,1.2386,30.7455,29.205
2012-05-04,,9237.5,53.405,1134.52,3.042,42.365,1.24325,30.94,29.245
2012-05-11,,9252.5,53.455,1146.02,3.0705,42.495,1.2503,31.1725,29.375
2012-05-18,,9367.5,54.525,1167.98,3.136,43.18,1.27295,31.3105,29.55
2012-05-25,,9497.5,55.42,1181.78,3.153,43.79,1.2794,31.6605,29.64
2012-06-01,,9490.0,55.435,1181.44,3.195,43.45,1.29425,31.68,29.965
2012-06-08,,9460.0,55.43,1173.48,3.1895,43.28,1.2856,31.66,29.96
2012-06-15,,9387.5,55.56,1164.62,3.1655,42.34,1.27235,31.455,29.895
2012-06-22,,9579.0,57.135,1157.95,3.1915,42.485,1.2768,31.8,29.935
2012-06-29,,9385.0,55.5119,1141.22,3.179,41.93,1.2667,31.555,29.805
2012-07-06,,9425.0,55.761,1144.58,3.1745,41.89,1.27175,31.6895,29.95
2012-07-13,,9465.0,54.9912,1148.42,3.1845,41.895,1.2653,31.5935,29.96
2012-07-20,6.37325,9485.0,55.355,1143.28,3.1505,41.98,1.2566,31.7075,29.9925
2012-07-27,6.383,9480.0,55.405,1137.18,3.1615,41.875,1.2484,31.535,30.06
2012-08-03,6.3768,9452.5,55.5252,1127.62,3.1295,41.74,1.24305,31.525,29.905
2012-08-10,6.37,9485.0,55.14,1129.4,3.1165,41.75,1.24475,31.4325,29.935
2012-08-17,6.36575,9515.0,55.675,1135.95,3.1322,42.46,1.254,31.5275,30.0185
2012-08-24,6.36175,9515.0,55.3568,1135.76,3.0995,42.195,1.2499,31.1925,29.975
2012-08-31,6.357,9560.0,55.539,1133.38,3.1245,42.08,1.24855,31.309,29.88
2012-09-07,6.342,9565.0,55.1296,1126.48,3.1115,41.52,1.23685,31.0525,29.675
2012-09-14,6.3175,9475.0,54.0465,1115.08,3.042,41.33,1.21975,30.7425,29.3
2012-09-21,6.312,9557.5,53.3113,1118.32,3.0508,41.645,1.2232,30.785,29.295
2012-09-28,6.308,9585.0,52.8687,1114.12,3.0585,41.795,1.2268,30.825,29.33
2012-10-05,6.29365,9572.5,51.7204,1106.78,3.055,41.325,1.2271,30.5425,29.185
2012-10-12,6.27325,9642.0,52.8189,1111.28,3.0585,41.48,1.22175,30.6775,29.205
2012-10-19,6.2565,9628.5,53.8784,1105.03,3.0505,41.36,1.2207,30.7075,29.24
2012-10-26,6.2445,9610.0,53.8937,1096.8,3.0385,41.315,1.221,30.7075,29.29
2012-11-02,6.2425,9629.0,53.903,1091.75,3.0535,41.17,1.22335,30.765,29.217
2012-11-09,6.2342,9636.5,54.6872,1089.82,3.0635,41.17,1.2242,30.64,29.015
2012-11-16,6.2425,9631.5,55.2802,1092.02,3.07,41.35,1.2292,30.7665,29.186
2012-11-23,6.2255,9639.5,55.425,1084.84,3.059,40.965,1.2221,30.67,29.095
2012-11-30,6.214,9607.5,54.4104,1082.5,3.0396,40.795,1.2204,30.6975,29.08
2012-12-07,6.208,9692.5,54.3402,1081.92,3.0555,40.92,1.22065,30.6425,29.0655
2012-12-14,6.22375,9689.5,54.5156,1074.72,3.0565,41.125,1.2207,30.6125,29.0655
2012-12-21,6.224,9790.0,55.1714,1076.08,3.06,41.165,1.2207,30.6075,29.0705
2012-12-28,6.2235,9793.5,54.8624,1068.35,3.0615,41.04,1.2231,30.585,29.0505
2013-01-04,6.212,9780.0,54.9252,1062.9,3.047,40.88,1.2292,30.4725,29.0355
2013-01-11,6.18375,9890.7,54.7968,1056.58,3.0211,40.565,1.2247,30.28,28.943
2013-01-18,6.19125,9838.45,53.9186,1059.38,3.0116,40.6775,1.22785,29.731,28.9665
2013-01-25,6.2205,9787.5,53.8994,1084.5,3.045,40.7775,1.23445,29.946,29.287
2013-02-01,6.21275,9665.0,53.0615,1091.96,3.1065,40.575,1.24,29.78,29.625
2013-02-08,6.2215,9645.0,53.539,1091.22,3.0985,40.72,1.23725,29.79,29.7255
2013-02-15,6.2195,9665.0,54.3694,1082.68,3.0938,40.595,1.23765,29.9,29.5955
2013-02-22,6.2345,9705.5,54.3434,1085.86,3.1017,40.75,1.2376,29.8435,29.6555
2013-03-01,6.2215,9712.0,55.048,1090.1,3.0965,40.74,1.23955,29.7985,29.6705
2013-03-08,6.206,9682.0,54.371,1093.62,3.106,40.675,1.24815,29.7425,29.673
2013-03-15,6.20445,9713.0,54.0566,1112.46,3.1235,40.575,1.2484,29.5275,29.7345
2013-03-22,6.20325,9762.0,54.3482,1117.12,3.1119,40.875,1.2488,29.29,29.873
2013-03-29,6.206,9733.0,54.5576,1112.76,3.0938,40.855,1.2403,29.265,29.8405
2013-04-05,6.199,9748.5,54.8174,1137.54,3.0582,41.185,1.23985,29.265,29.948
2013-04-12,6.18635,9702.0,54.6747,1132.8,3.039,41.26,1.2367,29.06,29.948
2013-04-19,6.17455,9700.0,54.0002,1119.76,3.0355,41.15,1.2364,28.615,29.783
2013-04-26,6.1675,9707.5,54.353,1110.56,3.0353,41.2,1.2365,29.2475,29.558
2013-05-03,6.154,9747.5,53.8279,1097.32,3.0335,40.785,1.2338,29.68,29.535
2013-05-10,6.15425,9750.0,54.9469,1115.8,2.9908,41.185,1.2391,29.81,29.7605
2013-05-17,6.1465,9775.0,55.0793,1120.18,3.022,41.265,1.25685,29.8625,29.9805
2013-05-24,6.12385,9830.0,55.7702,1128.02,3.0487,41.69,1.2644,29.94,29.9255
2013-05-31,6.15,9942.0,56.6978,1132.76,3.0955,42.342,1.265,30.428,29.99
2013-06-07,6.1445,9974.4,57.1813,1121.6,3.0947,42.2605,1.2456,30.6455,29.732
2013-06-14,6.1333,9922.7,57.504,1126.82,3.1145,42.844,1.2502,30.5655,29.855
2013-06-21,6.1335,10039.6,59.5834,1156.0,3.1995,43.9895,1.2765,31.1725,30.19
2013-06-28,6.1368,9980.0,59.4435,1145.64,3.1605,43.095,1.2683,31.114,30.01
2013-07-05,6.1378,10015.0,61.018,1151.0,3.1885,43.636,1.2754,31.2625,30.1575
2013-07-12,6.1415,9975.0,59.8932,1123.42,3.1775,43.35,1.263,31.1575,29.895
2013-07-19,6.1354,10145.0,59.3922,1120.66,3.1923,43.275,1.2649,31.0225,29.8925
2013-07-26,6.13525,10283.0,59.1925,1113.42,3.208,43.238,1.2648,31.1465,29.899
2013-08-02,6.12775,10265.0,60.895,1117.98,3.2575,43.531,1.2708,31.273,29.965
2013-08-09,6.11825,10250.0,60.439,1111.82,3.2545,43.5475,1.2576,31.22,29.905
2013-08-16,6.10845,10500.0,62.0793,1112.82,3.277,43.7245,1.2696,31.275,29.883
2013-08-23,6.1129,10974.1,63.8682,1114.04,3.3005,44.11,1.2782,31.8725,29.88
2013-08-30,6.1179,11275.0,66.985,1111.3,3.2847,44.535,1.27645,32.1625,29.93
2013-09-06,6.11235,11530.0,64.8369,1087.82,3.3285,44.2,1.2735,32.2305,29.715
2013-09-13,6.11425,11180.0,63.2347,1085.76,3.29,43.795,1.2691,31.8635,29.6825
2013-09-20,6.1113,11090.0,62.7955,1077.64,3.165,43.225,1.25125,31.0675,29.575
2013-09-27,6.1165,11295.0,62.9065,1073.8,3.2275,43.343,1.2552,31.2825,29.557
2013-10-04,6.1068,11185.0,61.4288,1070.72,3.1827,43.115,1.24585,31.305,29.345
2013-10-11,6.10665,10970.0,61.1979,1071.78,3.1785,43.11,1.24685,31.325,29.36
2013-10-18,6.09055,10845.0,61.2714,1060.38,3.1565,43.065,1.23725,31.0725,29.375
2013-10-25,6.0763,10695.0,61.4133,1062.82,3.157,43.05,1.2365,31.07,29.395
2013-11-01,6.08875,11140.0,62.3955,1063.23,3.1725,43.435,1.2434,31.24,29.435
2013-11-08,6.08135,11385.0,63.543,1067.89,3.1795,43.345,1.2471,31.5,29.525
2013-11-15,6.07545,11360.0,62.8808,1061.08,3.2023,43.575,1.2465,31.58,29.565
2013-11-22,6.07455,11510.0,62.7238,1062.32,3.2155,43.855,1.2506,31.8325,29.5725
2013-11-29,6.08525,11755.0,62.3671,1057.68,3.223,43.675,1.254,32.0675,29.595
2013-12-06,6.06825,11785.0,61.1783,1053.62,3.2335,43.8625,1.2499,32.235,29.5415
2013-12-13,6.0754,11990.0,62.1727,1054.42,3.2355,44.2,1.25565,32.0425,29.625
2013-12-20,6.06935,12110.0,62.041,1061.88,3.2874,44.52,1.2666,32.585,29.875
2013-12-27,6.0726,12145.0,61.9634,1054.16,3.2878,44.3225,1.2666,32.8635,29.997
2014-01-03,6.0496,12102.5,62.28,1054.61,3.2865,44.69,1.2661,33.0,29.97
2014-01-10,6.03365,11860.0,61.4638,1058.55,3.269,44.555,1.2668,33.005,29.997
2014-01-17,6.02335,11880.0,61.603,1062.22,3.2969,45.1105,1.2745,32.835,30.114
2014-01-24,6.0419,12135.0,62.6667,1086.53,3.3325,45.4195,1.2799,32.8525,30.234
2014-01-31,6.03785,12180.0,62.7999,1085.88,3.347,45.341,1.2782,33.035,30.3365
2014-02-07,6.0278,11975.0,62.1534,1074.34,3.33,44.84,1.2677,32.8075,30.3075
2014-02-14,6.0341,11580.0,61.9026,1059.42,3.3068,44.487,1.2605,32.315,30.245
2014-02-21,6.0958,11685.0,61.9895,1074.05,3.295,44.585,1.2676,32.535,30.3175
2014-02-28,6.1166,11560.0,61.7886,1069.06,3.277,44.6695,1.2667,32.603,30.2985
2014-03-07,6.1112,11435.0,61.2369,1065.56,3.258,44.43,1.268,32.365,30.2465
2014-03-14,6.15735,11310.0,61.2589,1071.96,3.2795,44.6445,1.2651,32.265,30.3425
2014-03-21,6.1954,11395.0,60.8578,1078.15,3.3085,45.2275,1.2745,32.39,30.576
2014-03-28,6.2048,11335.0,59.8342,1067.58,3.2736,44.7325,1.2594,32.465,30.46
2014-04-04,6.21355,11265.0,59.8057,1049.83,3.2795,44.77,1.2599,32.483,30.205
2014-04-11,6.2098,11460.0,60.3747,1038.71,3.237,44.424,1.2479,32.28,30.0625
2014-04-18,6.22475,11392.5,60.2577,1038.01,3.2405,44.3165,1.25265,32.1875,30.1725
2014-04-25,6.25975,11565.0,60.5898,1039.99,3.2703,44.562,1.2559,32.2475,30.292
2014-05-02,6.25615,11507.5,60.0185,1029.6,3.266,44.52,1.2534,32.35,30.1725
2014-05-09,6.23315,11454.5,59.8846,1025.39,3.229,43.56,1.249,32.62,30.1275
2014-05-16,6.23435,11335.0,58.6567,1024.31,3.234,43.7095,1.2508,32.5,30.1335
2014-05-23,6.2338,11602.5,58.322,1024.43,3.212,43.6145,1.252,32.5675,30.106
2014-05-30,6.2477,11712.5,59.1963,1021.4,3.213,43.87,1.2537,32.85,29.9985
2014-06-06,6.24445,11752.5,58.9723,1017.72,3.2122,43.5125,1.2517,32.483,29.987
2014-06-13,6.2103,11792.5,59.6538,1020.56,3.2185,43.861,1.2501,32.378,30.0125
2014-06-20,6.2279,11970.0,60.2548,1021.76,3.2235,43.8525,1.2509,32.455,29.986
2014-06-27,6.2166,12031.5,60.0286,1014.48,3.2132,43.7375,1.2495,32.46,29.8675
2014-07-04,6.2066,11812.0,59.7906,1009.39,3.186,43.501,1.2453,32.385,29.885
2014-07-11,6.20385,11615.3,60.0835,1019.86,3.186,43.46,1.2409,32.143,29.9375
2014-07-18,6.2067,11614.3,60.3897,1029.94,3.183,43.5,1.2413,32.1375,29.9965
2014-07-25,6.18985,11555.0,60.0208,1025.66,3.175,43.2965,1.2409,31.83,29.9575
2014-08-01,6.17525,11779.5,60.8291,1031.93,3.2127,43.675,1.2463,32.15,30.007
2014-08-08,6.15535,11736.0,61.1831,1030.28,3.2075,43.955,1.2509,32.148,29.995
2014-08-15,6.14725,11703.4,60.9242,1020.18,3.1545,43.7245,1.2461,31.9125,29.958
2014-08-22,6.1598,11700.9,60.4777,1020.04,3.161,43.8965,1.24905,31.955,29.9675
2014-08-29,6.1489,11720.4,60.5487,1014.77,3.152,43.678,1.2479,31.945,29.875
2014-09-05,6.1423,11730.0,60.2591,1021.63,3.1825,43.564,1.2535,32.065,29.887
2014-09-12,6.13945,11847.5,60.8483,1036.45,3.1972,44.0065,1.2632,32.24,30.044
2014-09-19,6.1444,11986.3,60.8412,1040.83,3.234,44.568,1.2663,32.1975,30.2215
2014-09-26,6.14535,12134.0,61.3863,1048.35,3.2595,44.991,1.273,32.335,30.3365
2014-10-03,6.1678,12253.3,61.7985,1074.48,3.2585,45.0405,1.275,32.6275,30.512
2014-10-10,6.14315,12224.8,61.3033,1071.9,3.2573,44.807,1.2739,32.445,30.424
2014-10-17,6.1394,12077.5,61.3237,1063.26,3.274,44.877,1.2753,32.3925,30.3895
2014-10-24,6.1241,12041.5,61.172,1056.54,3.279,44.764,1.2761,32.415,30.3985
2014-10-31,6.1262,12100.9,61.441,1073.93,3.2895,44.974,1.2855,32.608,30.4625
2014-11-07,6.1377,12161.5,61.3902,1088.36,3.3463,44.9235,1.2926,32.825,30.5825
2014-11-14,6.1301,12185.0,61.6903,1102.4,3.347,45.0045,1.2988,32.825,30.7295
2014-11-21,6.13405,12092.5,61.5706,1109.62,3.3555,44.925,1.2977,32.7525,30.8955
2014-11-28,6.16075,12280.0,62.2108,1112.56,3.3828,44.9945,1.3035,32.858,31.0175
2014-12-05,6.1563,12404.8,61.8694,1118.79,3.471,44.659,1.3224,33.0125,31.2325
2014-12-12,6.1936,12532.3,62.5727,1103.45,3.495,44.548,1.31225,32.8125,31.3065
2014-12-19,6.22145,12514.6,63.2977,1098.83,3.4767,44.72,1.3163,32.87,31.518
2014-12-26,6.21515,12402.0,63.6543,1099.8,3.4908,44.725,1.3216,32.928,31.693
2015-01-02,6.22745,12497.6,63.2364,1105.85,3.5165,44.841,1.3298,32.965,31.732
2015-01-09,6.20665,12567.2,62.1211,1087.44,3.5625,44.863,1.3338,32.858,31.894
2015-01-16,6.2343,12611.6,61.6744,1077.91,3.5595,44.628,1.3274,32.573,31.494
2015-01-23,6.2514,12445.7,61.4107,1076.54,3.603,44.021,1.3444,32.6,31.258
2015-01-30,6.284,12767.5,61.9975,1104.5,3.6293,44.195,1.3529,32.775,31.731
2015-02-06,6.252,12686.0,61.9525,1095.86,3.5473,44.336,1.3515,32.63,31.555
2015-02-13,6.2445,12750.0,62.175,1097.7,3.5795,44.263,1.3544,32.583,31.3245
2015-02-20,6.2793,12857.6,62.2552,1110.4,3.6205,44.234,1.359,32.5525,31.756
2015-02-27,6.2866,12981.2,61.7148,1101.05,3.6042,44.092,1.36,32.328,31.441
2015-03-06,6.2824,13036.2,62.7655,1112.26,3.653,44.249,1.3797,32.5375,31.589
2015-03-13,6.28395,13273.5,63.1137,1138.21,3.6855,44.405,1.3912,32.945,31.717
2015-03-20,6.20535,13180.0,62.2668,1114.53,3.7263,44.901,1.38255,32.6225,31.4085
2015-03-27,6.21275,13063.9,62.5749,1104.64,3.6842,44.809,1.3684,32.56,31.216
2015-04-03,6.19545,12962.5,62.049,1086.65,3.67,44.315,1.3564,32.4725,30.887
2015-04-10,6.21715,12922.8,62.2506,1093.19,3.667,44.581,1.36495,32.523,31.2125
2015-04-17,6.1965,12855.9,62.4617,1082.27,3.625,44.279,1.3462,32.353,31.0155
2015-04-24,6.19675,12960.0,63.5685,1075.74,3.581,44.238,1.3329,32.568,30.6705
2015-05-01,6.2144,12999.8,63.7222,1081.95,3.5615,44.655,1.3284,33.19,30.68
2015-05-08,6.20905,13103.8,63.8734,1090.32,3.5968,44.617,1.33015,33.5525,30.723
2015-05-15,6.20215,13106.7,63.3751,1087.96,3.564,44.3575,1.3195,33.4925,30.424
2015-05-22,6.1988,13129.3,63.4662,1094.43,3.5852,44.596,1.33645,33.49,30.45
2015-05-29,6.2024,13217.2,63.7471,1113.1,3.6675,44.542,1.3487,33.655,30.8015
2015-06-05,6.2119,13377.5,64.0768,1122.25,3.718,45.271,1.3576,33.935,31.0575
2015-06-12,6.21325,13300.5,64.0694,1112.75,3.759,45.26,1.34385,33.6825,30.9275
2015-06-19,6.20695,13330.5,63.4966,1103.71,3.7445,45.025,1.3353,33.655,30.7355
2015-06-26,6.209,13327.3,63.5653,1122.49,3.7675,45.152,1.3499,33.8,31.024
2015-07-03,6.20555,13351.1,63.4536,1122.38,3.7775,45.093,1.3474,33.773,30.8825
2015-07-10,6.2156,13285.9,63.3695,1127.59,3.7938,45.079,1.3501,33.935,31.0235
2015-07-17,6.2127,13355.8,63.4795,1149.31,3.8082,45.231,1.3662,34.218,31.11
2015-07-24,6.228,13474.5,64.1235,1172.61,3.8087,45.527,1.3728,34.933,31.509
2015-07-31,6.21825,13522.2,63.8992,1162.29,3.825,45.637,1.3684,34.933,31.545
2015-08-07,6.21645,13524.8,63.7899,1165.29,3.9235,45.795,1.3853,35.163,31.687
2015-08-14,6.4518,13800.5,65.0646,1176.92,4.0795,46.13,1.40555,35.2575,32.138
2015-08-21,6.44715,14025.2,66.1665,1194.2,4.1827,46.746,1.40455,35.6225,32.645
2015-08-28,6.46025,13995.0,66.1961,1176.41,4.2,46.735,1.40615,35.8125,32.345
2015-09-04,6.4613,14142.0,66.6915,1196.1,4.2585,46.87,1.4226,35.918,32.624
2015-09-11,6.41145,14341.2,66.4653,1183.08,4.3175,46.795,1.41595,36.145,32.525
2015-09-18,6.3854,14360.0,65.7179,1164.89,4.2043,46.294,1.39585,35.5475,32.31
2015-09-25,6.39705,14642.5,66.1402,1190.5,4.3855,46.755,1.4229,36.165,33.053
2015-10-02,6.36295,14685.8,65.3682,1178.53,4.4152,46.707,1.4322,36.5175,32.81
2015-10-09,6.3417,13418.3,64.8108,1143.45,4.1325,45.701,1.3937,35.5255,32.217
2015-10-16,6.36355,13465.9,64.7331,1129.24,4.1788,46.052,1.3815,35.2455,32.1895
2015-10-23,6.3915,13562.5,64.9034,1131.55,4.2205,46.614,1.3954,35.5305,32.427
2015-10-30,6.32235,13699.2,65.4348,1140.73,4.2987,46.775,1.4005,35.6355,32.478
2015-11-06,6.3885,13759.3,66.1202,1153.08,4.3105,47.16,1.4124,35.84,32.706
2015-11-13,6.4088,13737.5,66.1857,1170.69,4.3735,47.19,1.4246,35.9405,32.86
2015-11-20,6.4176,13604.6,66.0982,1151.95,4.2845,47.016,1.4127,35.7155,32.463
2015-11-27,6.44955,13797.6,66.9144,1155.72,4.2592,47.184,1.4128,35.8925,32.689
2015-12-04,6.4425,13829.8,66.7063,1161.5,4.226,47.06,1.3958,35.7525,32.711
2015-12-11,6.53465,14135.8,67.1332,1189.62,4.2915,47.447,1.413,36.1475,33.0085
2015-12-18,6.55295,13881.1,66.2826,1180.86,4.2927,47.321,1.4143,36.0975,32.879
2015-12-25,6.5392,13600.8,66.0016,1169.13,4.3115,47.055,1.40565,36.048,32.788
2016-01-01,6.57055,13881.5,66.204,1175.83,4.2935,46.859,1.41725,36.025,32.939
2016-01-08,6.6849,13941.2,66.8878,1207.46,4.3847,47.297,1.44135,36.34,33.363
2016-01-15,6.6163,13987.4,67.7479,1216.95,4.3995,47.921,1.44015,36.35,33.605
2016-01-22,6.6064,13790.2,67.6044,1196.52,4.2995,47.723,1.42745,36.0125,33.397
2016-01-29,6.59565,13690.0,67.8998,1208.68,4.1537,47.733,1.42315,35.67,33.513
2016-02-05,6.5699,13635.0,67.7951,1205.88,4.1663,47.785,1.40535,35.6,33.393
2016-02-12,6.51145,13492.5,68.2085,1208.38,4.17,47.521,1.39745,35.625,33.0585
2016-02-19,6.52875,13480.5,68.8344,1232.59,4.2067,47.672,1.40755,35.755,33.32
2016-02-26,6.53965,13373.5,68.7384,1240.03,4.213,47.519,1.40655,35.7225,33.291
2016-03-04,6.50705,13049.2,66.9786,1199.56,4.121,46.768,1.37595,35.3625,32.599
2016-03-11,6.48515,13010.2,67.008,1186.03,4.0878,46.474,1.37205,35.065,32.6675
2016-03-18,6.46015,13083.5,66.3983,1161.15,4.0533,46.504,1.35705,34.8775,32.358
2016-03-25,6.5242,13287.1,66.9108,1169.3,4.0387,46.439,1.37115,35.275,32.587
2016-04-01,6.4806,13146.7,66.365,1151.11,3.8928,46.142,1.35145,35.235,32.283
2016-04-08,6.4812,13110.0,66.49,1147.82,3.9018,46.11,1.3476,35.055,32.3285
2016-04-15,6.4856,13197.0,66.5658,1146.75,3.905,46.135,1.3579,35.045,32.328
2016-04-22,6.5011,13182.5,66.6023,1146.48,3.8983,46.741,1.35255,35.0325,32.368
2016-04-29,6.4858,13191.1,66.391,1142.33,3.9045,46.943,1.3443,34.9025,32.251
2016-05-06,6.51255,13354.5,66.5465,1170.25,4.0043,47.09,1.3601,35.12,32.384
2016-05-13,6.5528,13328.0,66.9775,1177.22,4.0265,46.66,1.37245,35.4825,32.704
2016-05-20,6.56355,13624.4,67.4752,1188.97,4.082,46.706,1.38205,35.7275,32.719
2016-05-27,6.5718,13594.0,67.035,1181.76,4.0802,46.69,1.3752,35.695,32.57
2016-06-03,6.54995,13452.9,66.96,1168.94,4.1453,46.269,1.3606,35.3775,32.315
2016-06-10,6.59745,13290.0,66.816,1167.02,4.0718,46.067,1.3555,35.1825,32.295
2016-06-17,6.60145,13342.5,67.0734,1171.87,4.1007,46.424,1.35035,35.255,32.362
2016-06-24,6.6305,13410.0,67.805,1168.07,4.09,46.869,1.34915,35.275,32.365
2016-07-01,6.66685,13092.3,67.1863,1147.45,3.998,46.986,1.3441,35.055,32.218
2016-07-08,6.70195,13147.7,67.1881,1150.32,4.033,47.199,1.3454,35.215,32.265
2016-07-15,6.7029,13106.4,67.0641,1137.18,3.9475,46.775,1.34755,34.955,31.941
2016-07-22,6.68165,13118.0,67.1403,1137.39,4.057,47.124,1.35775,34.93,31.991
2016-07-29,6.63735,13091.0,66.726,1111.91,4.0708,47.049,1.3436,34.795,31.788
2016-08-05,6.66965,13134.0,66.8485,1115.59,4.0215,47.0,1.34785,35.035,31.572
2016-08-12,6.6439,13086.9,66.8408,1101.19,4.0285,46.572,1.34455,34.7375,31.399
2016-08-19,6.65795,13184.9,67.1353,1118.13,4.0128,46.407,1.347,34.6425,31.693
2016-08-26,6.67925,13193.5,66.8748,1109.58,4.017,46.225,1.3508,34.565,31.614
2016-09-02,6.69615,13209.5,66.6564,1116.17,4.088,46.67,1.3601,34.585,31.674
2016-09-09,6.69485,13188.8,66.892,1106.99,4.0685,47.492,1.35875,34.8475,31.583
2016-09-16,6.6512,13176.3,67.1086,1127.35,4.1375,47.946,1.3675,34.93,31.695
2016-09-23,6.6786,13066.9,66.6765,1103.98,4.1132,48.075,1.35905,34.625,31.325
2016-09-30,6.6735,13028.9,66.587,1101.99,4.1357,48.399,1.36345,34.655,31.2635
2016-10-07,6.7057,12949.7,66.57,1113.95,4.157,48.27,1.3729,34.885,31.4485
2016-10-14,6.7337,13053.9,66.677,1132.08,4.2025,48.36,1.38875,35.29,31.7235
2016-10-21,6.7717,13063.7,66.954,1137.63,4.1838,48.29,1.39535,35.145,31.7405
2016-10-28,6.7906,13064.4,66.783,1147.67,4.2,48.53,1.39275,35.06,31.644
2016-11-04,6.76975,13122.6,66.74,1143.94,4.198,48.52,1.38325,34.965,31.476
2016-11-11,6.81895,13554.4,67.673,1165.12,4.2945,49.2265,1.41245,35.4275,31.922
2016-11-18,6.9009,13358.2,68.138,1178.78,4.419,49.685,1.42655,35.5525,31.9775
2016-11-25,6.94805,13525.9,68.512,1176.58,4.4583,49.78,1.4282,35.6125,31.845
2016-12-02,6.87465,13499.3,68.07,1168.88,4.4532,49.681,1.42145,35.6075,31.9095
2016-12-09,6.9258,13315.7,67.535,1173.15,4.4245,49.979,1.43155,35.69,31.8415
2016-12-16,6.9602,13416.5,67.856,1188.85,4.478,50.002,1.448,35.8775,32.0295
2016-12-23,6.9501,13438.1,67.841,1204.39,4.4742,49.759,1.447,35.9675,32.1995
2016-12-30,6.9663,13468.0,67.886,1202.86,4.4862,49.63,1.4445,35.785,32.37
2017-01-06,6.8346,13359.5,68.054,1197.19,4.4725,49.522,1.4359,35.6875,31.89
2017-01-13,6.8539,13328.9,68.14,1178.84,4.463,49.825,1.43085,35.4325,31.554
2017-01-20,6.84605,13404.4,68.0365,1174.96,4.447,49.9845,1.42645,35.4125,31.5935
2017-01-27,6.8631,13360.4,68.0665,1175.23,4.4303,49.8,1.42695,35.2525,31.4845
2017-02-03,6.79435,13313.2,67.0675,1135.72,4.428,49.701,1.40705,35.0225,30.795
2017-02-10,6.8641,13306.0,66.8645,1148.35,4.444,49.951,1.42075,35.0805,30.9855
2017-02-17,6.8468,13340.0,67.1105,1151.82,4.453,50.104,1.41825,34.9875,30.9025
2017-02-24,6.8559,13333.3,66.7105,1131.8,4.4405,50.215,1.40505,34.87,30.6525
2017-03-03,6.902,13388.5,66.7775,1156.47,4.4542,50.313,1.41565,35.0725,31.0425
2017-03-10,6.8937,13367.4,66.5785,1151.7,4.453,50.2555,1.41435,35.3375,30.9955
2017-03-17,6.8843,13341.0,65.4535,1130.24,4.4355,50.249,1.40205,34.8575,30.5815
2017-03-24,6.87175,13301.8,65.3425,1117.58,4.4262,50.213,1.39915,34.5525,30.389
2017-03-31,6.87185,13321.9,64.795,1118.08,4.4255,50.241,1.3973,34.3325,30.369
2017-04-07,6.8954,13314.7,64.2445,1134.56,4.435,49.741,1.4022,34.5875,30.632
2017-04-14,6.88025,13305.1,64.5095,1141.25,4.407,49.541,1.39775,34.3475,30.366
2017-04-21,6.891,13319.5,64.7095,1136.06,4.3993,49.833,1.3977,34.39,30.3475
2017-04-28,6.8986,13329.3,64.2885,1139.44,4.341,50.156,1.39775,34.5925,30.2425
2017-05-05,6.9016,13334.0,64.2625,1137.21,4.3387,49.8575,1.40415,34.68,30.1905
2017-05-12,6.89855,13335.3,64.2145,1123.95,4.3457,49.712,1.40395,34.6525,30.1445
2017-05-19,6.8759,13316.8,64.5855,1118.49,4.3215,49.699,1.3856,34.3325,30.0305
2017-05-26,6.8162,13309.4,64.4935,1119.57,4.2688,49.747,1.38165,34.0425,30.1675
2017-06-02,6.7769,13292.7,64.2545,1118.6,4.2802,49.371,1.38175,34.0525,30.0945
2017-06-09,6.78815,13295.4,64.309,1125.23,4.2653,49.5105,1.3843,34.07,30.1265
2017-06-16,6.8144,13287.5,64.4815,1133.8,4.2758,49.836,1.3825,33.9575,30.3335
2017-06-23,6.83715,13308.3,64.5095,1136.13,4.2878,50.171,1.38645,33.94,30.3195
2017-06-30,6.78085,13344.3,64.62,1144.75,4.2933,50.4475,1.377,33.93,30.395
2017-07-07,6.8038,13413.4,64.6265,1154.45,4.2982,50.692,1.3818,34.1025,30.556
2017-07-14,6.77095,13313.4,64.298,1129.73,4.2922,50.587,1.37155,33.7825,30.317
2017-07-21,6.75795,13316.2,64.4025,1117.77,4.284,50.754,1.36305,33.455,30.401
2017-07-28,6.73615,13324.4,64.1245,1121.79,4.2813,50.548,1.3571,33.38,30.246
2017-08-04,6.73475,13324.0,63.729,1129.38,4.2782,50.364,1.3607,33.298,30.181
2017-08-11,6.67595,13371.6,64.1575,1143.82,4.2952,51.105,1.362,33.244,30.338
2017-08-18,6.68005,13366.2,64.1215,1141.43,4.289,51.439,1.3635,33.202,30.325
2017-08-25,6.64475,13326.1,63.9265,1122.33,4.2723,51.049,1.3559,33.2555,30.055
2017-09-01,6.5626,13338.8,63.919,1122.21,4.271,51.129,1.3573,33.1675,30.051
2017-09-08,6.51665,13174.8,63.9745,1133.79,4.1955,50.906,1.34135,33.131,30.045
2017-09-15,6.55095,13254.9,64.163,1132.96,4.1895,51.3355,1.3457,33.102,30.076
2017-09-22,6.5735,13294.7,64.8515,1132.64,4.198,50.6235,1.3445,33.072,30.151
2017-09-29,6.6475,13453.3,65.362,1144.24,4.2205,50.889,1.35805,33.318,30.354
2017-10-06,6.6491,13537.4,65.4915,1144.42,4.237,51.272,1.36565,33.42,30.416
2017-10-13,6.57255,13450.7,64.7105,1127.1,4.222,51.303,1.3503,33.044,30.085
2017-10-20,6.61865,13524.2,65.0645,1132.34,4.225,51.55,1.3606,33.167,30.273
2017-10-27,6.6499,13603.5,65.0185,1127.17,4.242,51.694,1.3675,33.262,30.192
2017-11-03,6.63615,13532.1,64.6405,1116.56,4.2365,51.284,1.36375,33.166,30.231
2017-11-10,6.65525,13532.9,65.3105,1119.36,4.1918,51.2665,1.3592,33.1055,30.168
2017-11-17,6.63655,13521.7,64.9765,1096.08,4.161,50.862,1.3554,32.8235,30.067
2017-11-24,6.59075,13505.1,64.561,1084.96,4.1163,50.667,1.3452,32.651,29.987
2017-12-01,6.6145,13533.0,64.5395,1085.37,4.091,50.3345,1.34715,32.6375,30.041
2017-12-08,6.62705,13542.2,64.481,1093.49,4.0875,50.5415,1.3528,32.645,30.034
2017-12-15,6.60585,13576.1,64.086,1088.87,4.0795,50.465,1.3479,32.5175,29.953
2017-12-22,6.56815,13556.3,64.027,1077.59,4.0798,50.0555,1.3441,32.753,29.895
2017-12-29,6.51255,13544.2,63.83,1069.12,4.0465,49.9765,1.3363,32.5875,29.641
2018-01-05,6.4817,13414.1,63.3085,1063.12,3.9975,49.834,1.3272,32.189,29.495
2018-01-12,6.46875,13331.8,63.571,1063.24,3.972,50.408,1.3274,31.9225,29.612
2018-01-19,6.4033,13333.2,63.8515,1068.37,3.9372,50.7475,1.321,31.858,29.332
2018-01-26,6.3284,13325.2,63.646,1066.11,3.8705,51.039,1.3075,31.3395,29.129
2018-02-02,6.31215,13502.0,64.1885,1087.04,3.8855,51.7195,1.3189,31.4425,29.322
2018-02-09,6.32425,13659.7,64.319,1086.86,3.9395,51.639,1.32965,31.7485,29.316
2018-02-16,6.2901,13538.9,64.3465,1066.41,3.8943,52.3155,1.3106,31.2575,29.076
2018-02-23,6.3311,13678.4,64.897,1078.22,3.9185,51.785,1.3211,31.4285,29.269
2018-03-02,6.3468,13777.9,65.2615,1084.74,3.9035,52.0095,1.3219,31.4505,29.325
2018-03-09,6.32345,13747.4,64.989,1066.46,3.9115,52.0565,1.3153,31.3575,29.257
2018-03-16,6.32975,13764.9,65.019,1070.52,3.9072,51.952,1.3174,31.1875,29.107
2018-03-23,6.31005,13784.6,64.9875,1082.33,3.9185,52.436,1.3136,31.196,29.172
2018-03-30,6.26645,13719.3,65.1135,1061.61,3.8635,52.168,1.30995,31.183,29.1195
2018-04-06,6.3105,13771.4,64.925,1069.81,3.8716,52.0505,1.3174,31.2775,29.298
2018-04-13,6.2712,13763.2,65.273,1070.97,3.8798,51.9915,1.31155,31.152,29.321
2018-04-20,6.2883,13956.8,66.307,1073.1,3.8977,52.1945,1.31595,31.3625,29.499
2018-04-27,6.32685,13865.5,66.664,1068.92,3.9195,51.723,1.325,31.518,29.57
2018-05-04,6.36045,13988.2,66.863,1076.77,3.9395,51.7775,1.3351,31.758,29.716
2018-05-11,6.32815,13967.7,67.345,1068.38,3.9497,52.484,1.3355,31.9085,29.751
2018-05-18,6.36335,14152.7,67.98,1081.74,3.9722,52.3795,1.3431,32.206,29.956
2018-05-25,6.38585,14057.5,67.783,1078.99,3.9813,52.634,1.34155,31.9475,29.952
2018-06-01,6.41255,13844.6,67.0105,1073.74,3.979,52.5505,1.3386,32.029,29.865
2018-06-08,6.40105,13982.9,67.612,1076.97,3.9885,52.9555,1.3356,32.09,29.891
2018-06-15,6.4361,14075.6,68.3925,1103.86,3.9848,53.4715,1.3495,32.623,30.152
2018-06-22,6.5159,14109.6,67.879,1115.0,4.0022,53.3105,1.3593,32.9285,30.388
2018-06-29,6.6283,14263.9,68.479,1111.78,4.0385,53.4125,1.3636,33.053,30.434
2018-07-06,6.65865,14355.5,68.764,1115.85,4.04,53.3895,1.3582,33.1525,30.463
2018-07-13,6.70905,14400.2,68.4985,1131.18,4.051,53.5355,1.3669,33.333,30.61
2018-07-20,6.7843,14485.9,68.7225,1128.95,4.062,53.3705,1.3642,33.3525,30.591
2018-07-27,6.8198,14352.0,68.625,1116.91,4.0625,53.276,1.3609,33.3695,30.561
2018-08-03,6.84315,14479.9,68.544,1124.59,4.0813,53.142,1.3655,33.2285,30.584
2018-08-10,6.8543,14520.0,68.9415,1127.34,4.086,53.1865,1.3706,33.304,30.733
2018-08-17,6.8543,14622.2,69.975,1122.83,4.106,53.3575,1.3726,33.2085,30.738
2018-08-24,6.8006,14584.4,69.81,1113.5,4.1075,53.3745,1.3651,32.652,30.64
2018-08-31,6.83265,14807.5,70.741,1115.98,4.109,53.5695,1.3701,32.7525,30.682
2018-09-07,6.8473,14917.3,71.9435,1124.29,4.146,53.797,1.3774,32.7915,30.776
2018-09-14,6.8638,14789.9,71.8535,1120.13,4.1383,54.0315,1.3718,32.6315,30.765
2018-09-21,6.84275,14846.1,72.159,1114.56,4.1305,54.2595,1.3643,32.419,30.611
2018-09-28,6.875,14908.6,72.541,1109.81,4.1383,54.0315,1.3663,32.3145,30.468
2018-10-05,6.89765,15174.3,74.042,1130.44,4.1497,54.1955,1.3823,32.814,30.929
2018-10-12,6.9175,15199.3,73.578,1130.97,4.154,54.0775,1.3782,32.7175,30.865
2018-10-19,6.9341,15180.3,73.3965,1130.45,4.1575,53.721,1.377,32.579,30.892
2018-10-26,6.95825,15192.9,73.2725,1143.55,4.1768,53.6025,1.38225,33.116,31.031
2018-11-02,6.8981,14885.6,72.8215,1118.18,4.1588,53.3075,1.3742,32.866,30.566
2018-11-09,6.94945,14714.7,72.51,1128.87,4.179,53.1005,1.37765,33.0635,30.787
2018-11-16,6.92245,14552.5,71.8605,1126.4,4.1915,52.61,1.3727,32.8325,30.814
2018-11-23,6.94265,14508.9,70.489,1131.82,4.1905,52.4115,1.37485,33.0665,30.925
2018-11-30,6.95575,14321.4,69.705,1121.37,4.1842,52.552,1.3719,32.945,30.842
2018-12-07,6.88315,14498.9,71.162,1121.54,4.167,52.782,1.3697,32.8545,30.908
2018-12-14,6.90375,14612.0,71.9665,1133.84,4.1862,53.1185,1.3768,32.8345,30.856
2018-12-21,6.9133,14606.5,70.149,1125.09,4.179,52.9395,1.37215,32.6155,30.713
2018-12-28,6.88395,14527.2,69.952,1115.98,4.154,52.556,1.3658,32.55,30.553
2019-01-04,6.87015,14235.0,69.643,1117.72,4.136,52.3995,1.3601,32.0325,30.807
2019-01-11,6.7598,14079.8,70.373,1118.74,4.095,52.1975,1.3524,31.943,30.771
2019-01-18,6.79275,14226.2,71.1895,1124.27,4.113,52.6555,1.3574,31.737,30.858
2019-01-25,6.75625,14052.8,70.953,1117.94,4.1257,52.545,1.3539,31.5445,30.707
2019-02-01,6.75155,13987.8,71.44,1118.76,4.0953,52.39,1.3497,31.2575,30.784
2019-02-08,6.78265,13985.5,71.1865,1123.31,4.0688,52.1705,1.3561,31.453,30.842
2019-02-15,6.7807,14129.2,71.39,1126.67,4.086,52.4705,1.3582,31.2565,30.829
2019-02-22,6.7133,14026.8,71.0935,1122.78,4.0775,52.0915,1.35115,31.3285,30.747
2019-03-01,6.70995,14168.6,70.9075,1127.22,4.0743,51.9045,1.3537,31.793,30.843
2019-03-08,6.7289,14325.9,70.034,1133.66,4.0898,52.3085,1.3588,31.7545,30.925
2019-03-15,6.713,14239.3,68.963,1135.37,4.0905,52.6485,1.35285,31.6875,30.859
2019-03-22,6.7258,14259.9,69.24,1138.24,4.0645,52.6785,1.3521,31.7545,30.874
2019-03-29,6.72185,14260.4,69.305,1137.28,4.082,52.694,1.35455,31.7315,30.852
2019-04-05,6.71295,14137.4,69.08,1137.37,4.0885,52.0975,1.35525,31.8925,30.81
2019-04-12,6.7072,14100.3,69.234,1134.11,4.1143,51.6975,1.3531,31.7525,30.845
2019-04-19,6.7057,14046.6,69.315,1136.65,4.133,51.7555,1.3552,31.825,30.817
2019-04-26,6.7382,14165.2,69.855,1158.45,4.1318,52.0615,1.36055,31.9195,30.891
2019-05-03,6.737,14258.0,69.115,1165.55,4.1433,51.8805,1.36065,31.914,30.871
2019-05-10,6.8625,14399.5,70.155,1182.01,4.1575,52.3145,1.36285,31.5695,31.008
2019-05-17,6.943,14477.7,70.2625,1193.46,4.1765,52.7105,1.377,31.8275,31.354
2019-05-24,6.9154,14348.6,69.3925,1186.87,4.188,52.171,1.37555,31.8485,31.509
2019-05-31,6.9327,14319.8,69.65,1190.21,4.19,52.2265,1.3764,31.584,31.587
2019-06-07,6.9385,14202.3,69.305,1180.54,4.159,51.9635,1.36125,31.256,31.356
2019-06-14,6.9347,14339.5,69.774,1186.3,4.1658,52.0965,1.3703,31.22,31.491
2019-06-21,6.8657,14137.5,69.562,1159.15,4.149,51.4965,1.35685,30.774,30.944
2019-06-28,6.87295,14126.6,68.955,1157.58,4.132,51.2375,1.35285,30.69,30.984
2019-07-05,6.8958,14168.4,68.661,1175.1,4.1355,51.3715,1.36115,30.8135,31.188
2019-07-12,6.88155,14036.5,68.63,1178.94,4.113,51.199,1.35935,30.9425,31.092
2019-07-19,6.87385,13913.9,68.855,1172.66,4.1128,50.953,1.3565,30.758,31.032
2019-07-26,6.8814,13993.9,68.855,1184.04,4.1195,51.0225,1.36975,30.8935,31.112
2019-08-02,6.97195,14230.3,69.79,1205.44,4.158,51.6175,1.37655,30.726,31.494
2019-08-09,7.092,14224.5,70.985,1215.08,4.184,52.0015,1.3835,30.784,31.394
2019-08-16,7.04805,14196.9,71.091,1205.98,4.1782,52.3625,1.3862,30.928,31.286
2019-08-23,7.08635,14195.3,71.4235,1205.92,4.1912,52.2315,1.3846,30.6585,31.265
2019-08-30,7.15715,14177.4,71.675,1208.88,4.2055,52.0955,1.3872,30.6,31.328
2019-09-06,7.112,14060.5,71.5885,1191.47,4.179,51.8705,1.37965,30.642,31.198
2019-09-13,7.03345,13966.9,70.938,1178.13,4.164,51.9585,1.37285,30.457,30.905
2019-09-20,7.08575,14078.0,71.0175,1189.29,4.1675,52.0055,1.3763,30.471,30.963
2019-09-27,7.1152,14152.8,70.438,1198.5,4.1858,51.7955,1.3799,30.629,31.016
2019-10-04,7.11465,14134.8,70.921,1194.7,4.185,51.7275,1.37915,30.437,30.88
2019-10-11,7.083,14123.6,71.0065,1179.63,4.1865,51.5055,1.37325,30.4395,30.576
2019-10-18,7.077,14130.1,71.049,1179.06,4.1865,51.2445,1.3647,30.294,30.554
2019-10-25,7.063,14039.5,70.8285,1173.92,4.1845,51.3035,1.3626,30.154,30.591
2019-11-01,7.0374,14007.9,70.571,1164.74,4.1653,50.5085,1.35675,30.172,30.445
2019-11-08,6.9936,14020.7,71.298,1158.76,4.1347,50.5775,1.35985,30.3785,30.384
2019-11-15,7.0024,14061.0,71.637,1163.93,4.1525,50.6165,1.3604,30.251,30.509
2019-11-22,7.04625,14112.2,71.745,1179.43,4.171,50.9235,1.3644,30.198,30.563
2019-11-29,7.0299,14109.6,71.71,1180.79,4.1778,50.8745,1.36745,30.232,30.518
2019-12-06,7.032,14029.5,71.2755,1188.93,4.159,50.8225,1.3614,30.357,30.482
2019-12-13,7.0139,14035.5,70.8465,1177.94,4.1345,50.667,1.3551,30.204,30.265
2019-12-20,6.9994,13982.4,71.151,1159.74,4.141,50.7475,1.3547,30.18,30.142
2019-12-27,6.99335,13970.2,71.565,1159.97,4.1272,50.8495,1.35235,30.1475,30.082
2020-01-03,6.96305,13930.9,71.782,1165.27,4.1023,51.1245,1.3488,30.169,30.048
2020-01-10,6.9136,13754.3,70.916,1158.66,4.076,50.5635,1.3484,30.235,29.969
2020-01-17,6.8649,13665.6,71.065,1160.65,4.0547,50.9505,1.34755,30.398,29.947
2020-01-24,6.93265,13604.2,71.316,1168.81,4.058,50.8405,1.35135,30.5805,30.052
2020-01-31,7.0017,13786.8,71.553,1197.66,4.098,51.0805,1.3649,31.2325,30.357
2020-02-07,7.0032,13730.3,71.4785,1194.0,4.1395,50.9195,1.38985,31.351,30.132
2020-02-14,6.9949,13709.6,71.577,1183.75,4.138,50.5755,1.39225,31.215,30.02
2020-02-21,7.03815,13807.4,71.9055,1209.29,4.1915,50.9235,1.3984,31.5765,30.403
2020-02-28,6.98965,14389.9,72.6345,1208.85,4.215,51.1775,1.39555,31.575,30.218
2020-03-06,6.93485,14333.4,74.0675,1189.46,4.1727,50.5815,1.3785,31.4855,29.921
2020-03-13,7.02825,14629.1,73.991,1212.47,4.2775,51.0845,1.41745,31.956,30.164
2020-03-20,7.13205,15963.8,75.3595,1250.42,4.3947,51.2545,1.45275,32.69,30.287
2020-03-27,7.1076,16274.3,75.246,1220.67,4.337,51.0965,1.4307,32.547,30.198
2020-04-03,7.1118,16709.0,76.2615,1238.19,4.355,50.8415,1.43995,33.007,30.241
2020-04-10,7.04805,15779.6,76.0225,1211.08,4.3097,50.5145,1.4134,32.6775,30.066
2020-04-17,7.07945,15621.8,76.566,1217.72,4.3698,50.9105,1.42165,32.5125,30.08
2020-04-24,7.0936,15598.9,76.3075,1234.3,4.3625,50.82,1.42475,32.4415,30.086
2020-05-01,7.1294,15226.5,75.738,1223.11,4.3022,50.6375,1.41505,32.5115,29.894
2020-05-08,7.08245,14905.8,75.53,1216.91,4.334,50.4615,1.4114,32.175,29.85
2020-05-15,7.1305,14890.0,75.844,1232.65,4.351,50.7605,1.4267,32.075,29.956
2020-05-22,7.1504,14882.1,76.0225,1242.4,4.3625,50.7755,1.42545,31.925,30.083
2020-05-29,7.16285,14667.5,75.584,1235.9,4.3465,50.5805,1.41335,31.825,30.018
2020-06-05,7.07795,14013.8,75.609,1205.59,4.2668,49.8945,1.39305,31.465,29.704
2020-06-12,7.0831,14234.0,76.0025,1204.95,4.2635,50.3175,1.39315,30.995,29.683
2020-06-19,7.072,14222.5,76.21,1208.23,4.2675,50.0695,1.39595,30.9985,29.594
2020-06-26,7.0883,14368.0,75.651,1203.35,4.2905,49.937,1.39425,30.939,29.523
2020-07-03,7.06715,14541.8,74.63,1199.75,4.2873,49.5145,1.3944,31.124,29.467
2020-07-10,7.00315,14445.9,75.163,1200.53,4.2668,49.4735,1.39025,31.3045,29.471
2020-07-17,6.99515,14777.4,74.929,1205.14,4.2645,49.4375,1.39025,31.6985,29.482
2020-07-24,7.0238,14593.0,74.7205,1203.09,4.263,49.3765,1.38335,31.638,29.481
2020-07-31,6.9767,14736.3,74.91,1192.36,4.2393,49.1355,1.37095,31.2215,29.347
2020-08-07,6.96775,14718.5,75.049,1189.05,4.1882,49.1215,1.37255,31.1975,29.406
2020-08-14,6.9417,14900.0,74.863,1186.61,4.1927,48.7215,1.3707,31.091,29.407
2020-08-21,6.91815,14766.7,74.936,1192.04,4.178,48.7155,1.37275,31.5395,29.421
2020-08-28,6.8639,14539.7,73.1875,1182.33,4.164,48.4035,1.3589,31.124,29.345
2020-09-04,6.8458,14753.5,73.28,1191.08,4.1475,48.6255,1.3678,31.4275,29.336
2020-09-11,6.8359,15021.2,73.489,1187.1,4.1515,48.575,1.36745,31.28,29.322
2020-09-18,6.76895,14687.1,73.543,1162.38,4.1155,48.46,1.35735,31.0885,29.014
2020-09-25,6.83635,14982.0,73.6675,1177.12,4.1705,48.501,1.37895,31.653,29.271
2020-10-02,6.75465,14881.4,73.279,1165.44,4.1635,48.5055,1.36335,31.536,28.93
2020-10-09,6.679,14658.6,73.011,1143.33,4.1347,48.4025,1.3534,31.012,28.606
2020-10-16,6.69305,14753.0,73.376,1141.4,4.1505,48.6755,1.3584,31.1565,28.759
2020-10-23,6.6692,14694.1,73.852,1130.32,4.1567,48.4305,1.35945,31.3085,28.652
2020-10-30,6.69605,14775.4,74.629,1135.92,4.1558,48.5485,1.36555,31.173,28.59
2020-11-06,6.59225,14252.5,73.9785,1121.21,4.1293,48.1735,1.3476,30.5235,28.58
2020-11-13,6.6107,14202.3,74.6115,1109.65,4.1228,48.2405,1.34855,30.192,28.476
2020-11-20,6.55765,14225.6,74.118,1115.28,4.0925,48.2435,1.3435,30.2665,28.519
2020-11-27,6.56855,14147.0,74.038,1104.63,4.0685,48.1205,1.3379,30.2935,28.523
2020-12-04,6.51545,14150.1,73.7765,1084.63,4.062,48.1005,1.33295,30.17,28.1835
2020-12-11,6.5393,14165.6,73.7535,1092.04,4.0495,48.1555,1.3372,30.113,28.188
2020-12-18,6.51795,14137.2,73.537,1098.58,4.0398,48.1005,1.32925,29.853,28.171
2020-12-25,6.50975,14197.3,73.5825,1103.15,4.0605,48.04,1.32875,30.08,28.135
2021-01-01,6.50225,13922.5,73.066,1089.33,4.0203,48.0505,1.3217,30.01,28.129
2021-01-08,6.4569,14089.0,73.294,1092.83,4.0293,48.1225,1.32245,30.0575,27.998
2021-01-15,6.4828,14082.6,73.18,1103.13,4.037,48.0565,1.3302,30.065,27.991
2021-01-22,6.4944,14094.5,72.982,1106.21,4.0433,48.1035,1.32765,29.993,27.975
2021-01-29,6.4411,14010.0,72.8445,1114.27,4.04,48.0865,1.32705,29.8675,27.984
2021-02-05,6.4625,14013.0,72.8375,1119.18,4.0697,48.1055,1.3349,30.105,27.948
2021-02-12,6.42245,13980.7,72.617,1104.53,4.0413,48.0795,1.32495,29.865,28.035
2021-02-19,6.4564,14095.8,72.5415,1105.36,4.0422,48.5045,1.32395,29.9855,27.92
2021-02-26,6.4789,14346.5,73.9725,1127.47,4.0498,48.795,1.32965,30.449,27.863
2021-03-05,6.5199,14418.2,73.2065,1130.73,4.0747,48.6555,1.3436,30.538,27.962
2021-03-12,6.5023,14375.0,72.713,1137.02,4.1185,48.4255,1.34465,30.746,28.27
2021-03-19,6.511,14400.0,72.4705,1129.32,4.11,48.5485,1.34275,30.849,28.42
2021-03-26,6.54185,14401.5,72.5935,1130.4,4.147,48.4745,1.34565,31.1585,28.612
2021-04-02,6.5728,14532.0,73.4265,1128.92,4.1395,48.6105,1.3438,31.303,28.524
2021-04-09,6.5573,14597.5,74.749,1120.18,4.134,48.512,1.341,31.4565,28.448
2021-04-16,6.522,14544.5,74.4995,1115.27,4.1257,48.3705,1.3338,31.199,28.329
2021-04-23,6.4932,14520.0,75.0105,1116.56,4.1085,48.3455,1.3285,31.4435,28.075
2021-04-30,6.4682,14433.4,73.9925,1116.02,4.088,48.2065,1.33035,31.161,27.912
2021-05-07,6.4274,14154.5,73.2885,1114.39,4.1128,47.8305,1.3261,31.1465,27.843
2021-05-14,6.4401,14300.6,73.246,1127.54,4.1252,47.7685,1.3328,31.3475,27.969
2021-05-21,6.4353,14353.2,72.8345,1126.46,4.1405,47.9455,1.3313,31.365,27.948
2021-05-28,6.36905,14311.2,72.4285,1114.49,4.133,47.8205,1.3234,31.2425,27.698
2021-06-04,6.38825,14273.5,72.8785,1112.45,4.128,47.6905,1.3244,31.205,27.672
2021-06-11,6.3976,14213.7,73.2645,1117.08,4.1085,47.7865,1.3262,31.075,27.653
2021-06-18,6.4581,14492.2,74.1465,1136.19,4.1395,48.5545,1.3457,31.4975,27.8
2021-06-25,6.45745,14442.1,74.1435,1126.44,4.1567,48.5445,1.3419,31.7875,27.903
2021-07-02,6.4808,14504.0,74.5275,1133.77,4.1625,49.3215,1.34865,32.145,27.943
2021-07-09,6.4825,14485.7,74.5355,1144.09,4.1917,49.9595,1.3517,32.59,27.978
2021-07-16,6.48075,14494.5,74.614,1142.18,4.2055,50.4515,1.35625,32.785,27.997
2021-07-23,6.48585,14502.7,74.4975,1153.99,4.2265,50.228,1.3609,32.94,28.057
2021-07-30,6.4641,14437.6,74.3505,1150.71,4.2205,50.0445,1.3542,32.905,27.939
2021-08-06,6.4836,14402.7,74.2285,1147.01,4.2192,50.6655,1.3551,33.41,27.875
2021-08-13,6.47985,14355.4,74.2545,1163.3,4.2375,50.4675,1.3556,33.335,27.825
2021-08-20,6.5066,14447.7,74.3625,1181.0,4.239,50.3355,1.3634,33.3675,28.02
2021-08-27,6.46805,14367.8,73.4705,1163.38,4.191,49.885,1.3462,32.5825,27.869
2021-09-03,6.42715,14247.6,73.007,1155.5,4.146,49.8935,1.3414,32.475,27.609
2021-09-10,6.4359,14224.1,73.4745,1169.38,4.1355,49.9705,1.33965,32.71,27.646
2021-09-17,6.4669,14263.9,73.676,1180.03,4.1715,50.0305,1.3482,33.2975,27.775
2021-09-24,6.46565,14303.3,73.8295,1181.09,4.1877,50.7925,1.3541,33.4375,27.748
2021-10-01,6.4391,14276.9,74.2095,1183.32,4.179,50.7895,1.3562,33.6675,27.825
2021-10-08,6.44615,14211.8,75.089,1195.3,4.1775,50.6055,1.3543,33.86,28.079
2021-10-15,6.43065,14045.4,74.9745,1182.54,4.1575,50.7365,1.34755,33.375,27.976
2021-10-22,6.37795,14189.9,74.903,1175.89,4.1505,50.753,1.34735,33.265,27.883
2021-10-29,6.4025,14228.6,74.9475,1174.43,4.1403,50.5065,1.3487,33.355,27.839
2021-11-05,6.3979,14317.6,74.225,1183.25,4.1588,50.2335,1.3501,33.22,27.866
2021-11-12,6.37395,14181.3,74.4055,1178.67,4.165,49.8305,1.3524,32.755,27.796
2021-11-19,6.3875,14248.0,74.298,1189.68,4.1832,50.4795,1.35915,32.75,27.808
2021-11-26,6.39795,14428.2,75.015,1195.99,4.2385,50.501,1.3716,33.7175,27.87
2021-12-03,6.37835,14465.9,75.306,1184.92,4.2308,50.5405,1.37215,33.9125,27.719
2021-12-10,6.3734,14345.4,75.715,1178.93,4.2113,50.3235,1.364,33.6,27.718
2021-12-17,6.385,14374.9,76.0465,1187.39,4.2205,49.895,1.36525,33.33,27.826
2021-12-24,6.37395,14183.4,75.04,1186.9,4.1955,50.0565,1.3574,33.4,27.734
2021-12-31,6.35945,14230.5,74.4915,1190.74,4.166,51.2065,1.34805,33.19,27.688
2022-01-07,6.3889,14341.4,74.289,1203.29,4.2085,51.3575,1.35705,33.6275,27.692
2022-01-14,6.3545,14314.1,74.1235,1189.01,4.1783,51.2925,1.34685,33.185,27.605
2022-01-21,6.33955,14308.1,74.3215,1191.24,4.1855,51.2825,1.3442,32.9775,27.706
2022-01-28,6.3659,14400.6,75.048,1209.41,4.1895,51.1955,1.35585,33.4225,27.844
2022-02-04,6.36695,14411.5,74.6555,1200.23,4.1792,51.2965,1.3461,33.0475,27.83
2022-02-11,6.358,14309.3,75.376,1194.38,4.1902,51.2785,1.34345,32.655,27.843
2022-02-18,6.32325,14356.8,74.5765,1195.55,4.1858,51.4935,1.34525,32.155,27.871
2022-02-25,6.31455,14330.0,75.1535,1200.91,4.2023,51.2535,1.3535,32.4875,28.001
2022-03-04,6.32835,14389.7,76.4935,1219.61,4.1778,52.0555,1.36205,32.7125,28.158
2022-03-11,6.35125,14304.6,76.5285,1234.65,4.1955,52.359,1.3605,33.2825,28.397
2022-03-18,6.37165,14336.2,76.0135,1212.33,4.195,52.3605,1.35605,33.3175,28.349
2022-03-25,6.38285,14354.7,76.265,1224.73,4.2095,52.1965,1.35825,33.6,28.687
2022-04-01,6.36805,14364.4,75.9535,1219.57,4.2125,51.6175,1.35695,33.4625,28.671
2022-04-08,6.371,14376.6,75.908,1229.62,4.221,51.6105,1.36325,33.57,28.942
2022-04-15,6.38105,14368.3,76.3235,1228.08,4.2355,52.1745,1.35735,33.635,29.138
2022-04-22,6.523,14435.2,76.4775,1245.77,4.325,52.444,1.3698,33.9675,29.317
2022-04-29,6.64135,14524.0,76.4925,1260.58,4.3538,52.3305,1.38075,34.265,29.434
2022-05-06,6.7033,14483.9,76.9395,1269.15,4.3665,52.5155,1.3838,34.3475,29.631
2022-05-13,6.80225,14630.0,77.468,1281.21,4.3987,52.3745,1.3945,34.775,29.807
2022-05-20,6.7001,14664.1,77.751,1270.23,4.3892,52.168,1.38065,34.4125,29.681
2022-05-27,6.71825,14526.0,77.5695,1250.19,4.3792,52.2075,1.36995,34.1125,29.276
2022-06-03,6.64705,14428.7,77.6785,1250.12,4.3888,52.857,1.3749,34.36,29.353
2022-06-10,6.7268,14614.2,78.113,1280.69,4.402,53.036,1.38685,34.7625,29.641
2022-06-17,6.7242,14852.3,78.0935,1296.17,4.4032,53.7895,1.3906,35.275,29.8
2022-06-24,6.68245,14832.3,78.279,1291.34,4.4025,54.9265,1.3871,35.475,29.709
2022-07-01,6.7095,15009.3,78.949,1301.17,4.4075,55.1725,1.39875,35.68,29.814
2022-07-08,6.6864,14959.6,79.3405,1294.9,4.4262,55.863,1.3984,35.875,29.764
2022-07-15,6.76745,14990.7,79.7315,1320.27,4.4493,56.3425,1.4001,36.5925,29.927
2022-07-22,6.75345,14973.0,79.8645,1308.9,4.4523,56.1155,1.386,36.615,29.872
2022-07-29,6.75305,14864.8,79.345,1306.5,4.4508,55.3825,1.3829,36.4,30.07
2022-08-05,6.7627,14944.6,79.3875,1302.11,4.4505,55.5615,1.3814,35.7775,29.999
2022-08-12,6.7405,14675.3,79.6235,1305.69,4.444,55.7535,1.3723,35.345,29.967
2022-08-19,6.8406,14902.9,79.923,1338.16,4.4777,56.0405,1.392,35.785,30.118
2022-08-26,6.87805,14812.4,79.8255,1337.04,4.4663,56.0815,1.3917,36.08,30.241
2022-09-02,6.90275,14859.5,79.667,1357.16,4.4865,56.8085,1.39865,36.5775,30.585
2022-09-09,6.93455,14822.8,79.598,1378.05,4.4978,56.8055,1.39935,36.3925,30.82
2022-09-16,7.00955,14959.5,79.6275,1383.34,4.5352,57.3075,1.4068,36.91,31.273
2022-09-23,7.1458,15106.2,81.1765,1418.96,4.5775,58.729,1.4288,37.58,31.828
2022-09-30,7.12895,15263.4,81.352,1437.34,4.6375,58.743,1.43475,37.77,31.785
2022-10-07,7.11685,15268.0,82.5645,1417.52,4.6502,58.995,1.43065,37.565,31.662
2022-10-14,7.2091,15463.2,82.2905,1436.62,4.7048,58.974,1.42455,38.24,31.952
2022-10-21,7.24335,15574.5,82.745,1435.87,4.7387,58.733,1.42445,38.215,32.154
2022-10-28,7.27865,15563.5,82.3095,1424.19,4.725,57.964,1.41175,37.9675,32.118
2022-11-04,7.19105,15658.4,82.06,1409.71,4.748,58.531,1.40725,37.4,32.049
2022-11-11,7.0831,15471.2,80.49,1316.02,4.622,57.214,1.37365,35.9825,30.989
2022-11-18,7.11895,15641.2,81.5305,1339.38,4.5562,57.153,1.3732,35.775,31.116
2022-11-25,7.19655,15699.1,81.6975,1334.51,4.4838,56.724,1.3761,35.7925,30.903
2022-12-02,7.04425,15409.9,81.4205,1304.91,4.3883,55.9015,1.35505,34.8025,30.614
2022-12-09,6.9681,15583.2,82.4615,1303.06,4.404,55.42,1.35205,34.7025,30.663
2022-12-16,6.98455,15614.4,82.7535,1307.69,4.4245,55.425,1.35865,34.905,30.753
2022-12-23,7.0022,15593.3,82.875,1281.94,4.4243,55.275,1.3506,34.7375,30.759
2022-12-30,6.91865,15497.8,82.7805,1258.18,4.404,55.558,1.3412,34.56,30.724
2023-01-06,6.8434,15602.7,82.4295,1258.59,4.4032,55.323,1.33955,33.7275,30.649
2023-01-13,6.7127,15124.5,81.2285,1238.39,4.3348,54.899,1.32015,32.925,30.288
2023-01-20,6.7739,15048.8,80.978,1233.72,4.285,54.402,1.3203,32.7375,30.343
2023-01-27,6.7682,14984.9,81.5605,1231.24,4.244,54.608,1.313,32.845,30.213
2023-02-03,6.7856,15014.4,82.2125,1241.25,4.2587,53.964,1.31975,33.37,29.876
2023-02-10,6.8238,15192.2,82.5055,1268.55,4.3342,54.568,1.3298,33.7325,30.176
2023-02-17,6.87815,15182.8,82.7675,1296.5,4.435,55.308,1.3374,34.4875,30.413
2023-02-24,6.97845,15269.7,82.9895,1316.45,4.4353,55.29,1.349,34.975,30.627
2023-03-03,6.9172,15315.7,81.8025,1302.97,4.4773,54.881,1.3478,34.66,30.632
2023-03-10,6.9101,15435.6,81.9145,1311.24,4.52,54.922,1.34805,34.655,30.663
2023-03-17,6.8913,15371.8,82.6395,1307.13,4.486,54.726,1.3423,34.0725,30.604
2023-03-24,6.86825,15184.5,82.3555,1298.51,4.4295,54.339,1.33205,34.1975,30.342
2023-03-31,6.86695,14952.1,82.121,1304.03,4.4152,54.323,1.32955,34.085,30.53
2023-04-07,6.876,14939.7,81.825,1317.03,4.4015,54.443,1.33105,34.165,30.4315
2023-04-14,6.86865,14794.2,81.8395,1304.14,4.4012,55.356,1.33015,34.3325,30.492
2023-04-21,6.90065,14941.6,82.0485,1331.82,4.4373,55.895,1.33545,34.445,30.645
2023-04-28,6.92385,14655.7,81.7745,1337.97,4.4622,55.418,1.33405,34.1225,30.735
2023-05-05,6.9212,14669.5,81.7325,1319.31,4.4363,55.369,1.3256,33.8675,30.673
2023-05-12,6.97085,14845.2,82.2015,1340.24,4.48,55.898,1.33785,33.9775,30.805
2023-05-19,7.0318,14955.7,82.897,1328.08,4.5378,55.82,1.3472,34.5,30.631
2023-05-26,7.06675,14976.7,82.589,1325.63,4.6003,55.848,1.35285,34.7725,30.736
2023-06-02,7.0961,14833.7,82.366,1304.51,4.5765,55.972,1.3482,34.72,30.681
2023-06-09,7.14185,14858.1,82.438,1289.13,4.6143,56.059,1.3434,34.5825,30.732
2023-06-16,7.13335,14962.1,81.926,1277.61,4.615,55.8,1.338,34.68,30.723
2023-06-23,7.2157,15042.0,82.05,1309.07,4.6783,55.801,1.35295,35.2275,31.042
2023-06-30,7.27465,15039.4,82.055,1317.43,4.6665,55.323,1.3535,35.325,31.162
2023-07-07,7.22565,15158.4,82.604,1299.28,4.6665,55.4985,1.34685,35.075,31.267
2023-07-14,7.146,14964.5,82.137,1267.25,4.5267,54.417,1.31975,34.64,30.877
2023-07-21,7.191,15044.8,82.052,1289.57,4.5627,54.837,1.3311,34.4375,31.352
2023-07-28,7.15395,15071.0,82.238,1276.61,4.555,54.929,1.3314,34.2775,31.372
2023-08-04,7.1863,15182.1,82.835,1311.44,4.554,55.722,1.33895,34.675,31.7115
2023-08-11,7.25305,15286.9,82.888,1328.49,4.588,56.63,1.3509,35.08,31.87
2023-08-18,7.30035,15323.0,83.174,1343.13,4.6488,56.299,1.35595,35.3925,31.962
2023-08-25,7.30075,15296.1,82.692,1330.37,4.6407,56.7535,1.3583,35.1775,31.845
2023-09-01,7.2681,15238.4,82.6965,1319.85,4.6462,56.689,1.35305,35.06,31.874
2023-09-08,7.3611,15352.7,83.0095,1334.87,4.6772,56.724,1.36475,35.5875,32.083
2023-09-15,7.2828,15370.0,83.1345,1328.11,4.6833,56.769,1.363,35.72,31.915
2023-09-22,7.29615,15364.4,82.9325,1332.48,4.6895,56.768,1.3639,35.9225,32.129
2023-09-29,7.2857,15479.0,83.0495,1345.97,4.6953,56.603,1.3649,36.515,32.169
2023-10-06,7.31015,15670.9,83.1705,1348.95,4.7142,56.715,1.3681,37.02,32.164
2023-10-13,7.31025,15706.3,83.267,1352.63,4.7283,56.805,1.37055,36.325,32.213
2023-10-20,7.32245,15871.6,83.1645,1350.99,4.7677,56.79,1.3716,36.4725,32.338
2023-10-27,7.32755,15889.2,83.301,1350.8,4.7782,56.875,1.3685,36.18,32.404
2023-11-03,7.2952,15616.7,83.1545,1305.54,4.727,55.755,1.3541,35.48,32.095
2023-11-10,7.30585,15693.8,83.2945,1320.45,4.7087,55.925,1.36055,36.0025,32.374
2023-11-17,7.2176,15415.6,83.2465,1295.26,4.681,55.451,1.3437,35.075,31.699
2023-11-24,7.1545,15539.0,83.3725,1304.23,4.6877,55.45,1.3393,35.3425,31.632
2023-12-01,7.14565,15482.1,83.3155,1304.88,4.6733,55.401,1.33655,35.0975,31.437
2023-12-08,7.17905,15538.8,83.449,1313.94,4.664,55.592,1.3397,35.45,31.448
2023-12-15,7.12635,15534.9,83.0105,1297.81,4.6693,55.839,1.3311,34.86,31.287
2023-12-22,7.1548,15466.7,83.201,1298.81,4.6285,55.541,1.3239,34.59,31.099
2023-12-29,7.1202,15416.8,83.2295,1297.19,4.594,55.423,1.31905,34.365,30.583
2024-01-05,7.14915,15480.8,83.1075,1310.84,4.6553,55.444,1.32645,34.515,30.949
2024-01-12,7.1837,15531.9,82.8165,1310.01,4.6477,55.773,1.331,34.9275,31.089
2024-01-19,7.207,15600.9,83.1195,1336.74,4.7185,56.008,1.3417,35.52,31.431
2024-01-26,7.1875,15765.0,83.1095,1334.57,4.73,56.378,1.34045,35.6075,31.248
2024-02-02,7.21185,15711.8,82.9945,1335.56,4.717,56.118,1.3424,35.5425,31.367
2024-02-09,7.2176,15627.4,83.0195,1332.39,4.765,56.048,1.3463,35.9175,31.41
2024-02-16,7.2155,15638.3,83.018,1334.01,4.7793,56.0115,1.3462,36.04,31.374
2024-02-23,7.2072,15598.1,82.8895,1330.98,4.7773,55.927,1.3438,36.01,31.602
2024-03-01,7.21035,15706.2,82.8675,1334.21,4.746,56.079,1.34445,35.8625,31.604
2024-03-08,7.1949,15511.3,82.7505,1314.78,4.6835,55.546,1.32985,35.3725,31.351
2024-03-15,7.20605,15634.8,82.8895,1331.68,4.7072,55.637,1.33795,35.91,31.652
2024-03-22,7.27085,15821.6,83.5345,1343.41,4.7365,56.355,1.3491,36.3475,31.947
2024-03-29,7.25415,15885.8,83.3655,1347.19,4.725,56.117,1.3479,36.3225,31.9665
2024-04-05,7.2523,15879.3,83.3185,1354.58,4.7475,56.591,1.3495,36.63,32.12
2024-04-12,7.2666,16127.4,83.5965,1384.32,4.7705,56.657,1.36115,36.5475,32.296
2024-04-19,7.2476,16209.7,83.3925,1376.15,4.7832,57.5,1.36105,36.8575,32.52
2024-04-26,7.26545,16218.2,83.412,1376.39,4.768,57.762,1.362,37.02,32.602
2024-05-03,7.1886,15976.7,83.3925,1355.92,4.7385,57.158,1.3496,36.81,32.281
2024-05-10,7.23265,16058.6,83.5185,1369.3,4.7397,57.623,1.3546,36.795,32.453
2024-05-17,7.2297,15968.3,83.2955,1352.82,4.6877,57.715,1.34475,36.1225,32.184
2024-05-24,7.26215,16048.6,83.0575,1366.79,4.7115,58.208,1.35,36.6675,32.232
2024-05-31,7.2678,16247.2,83.4625,1384.27,4.7065,58.532,1.3516,36.8,32.507
2024-06-07,7.26405,16283.3,83.498,1378.63,4.692,58.772,1.35115,36.795,32.429
2024-06-14,7.274,16479.4,83.541,1385.52,4.7207,58.724,1.3544,36.675,32.398
2024-06-21,7.29175,16472.4,83.577,1390.62,4.7127,58.89,1.3552,36.7475,32.383
2024-06-28,7.3012,16353.9,83.349,1378.12,4.7175,58.4495,1.35525,36.7225,32.456
2024-07-05,7.29105,16277.3,83.504,1381.13,4.7087,58.599,1.35005,36.5075,32.451
2024-07-12,7.2898,16249.2,83.5025,1375.1,4.6715,58.416,1.35055,36.145,32.51
2024-07-19,7.2835,16198.3,83.722,1389.48,4.6858,58.402,1.3448,36.35,32.805
2024-07-26,7.25745,16276.0,83.73,1383.64,4.6578,58.484,1.34245,35.93,32.805
2024-08-02,7.1493,16173.2,83.792,1357.66,4.497,57.854,1.3247,35.2325,32.633
2024-08-09,7.17025,15943.2,83.9505,1364.72,4.424,57.309,1.32305,35.2625,32.39
2024-08-16,7.17105,15696.9,83.908,1355.65,4.4323,57.127,1.3182,34.8375,32.283
2024-08-23,7.12575,15485.5,83.846,1329.35,4.3748,56.244,1.30355,34.0575,31.902
2024-08-30,7.08655,15506.9,83.845,1335.14,4.3205,56.231,1.3035,34.0125,31.988
2024-09-06,7.09025,15420.8,83.952,1333.95,4.3302,56.1035,1.3001,33.5875,31.948
2024-09-13,7.09835,15386.4,83.891,1329.99,4.3012,55.9575,1.29795,33.21,31.954
2024-09-20,7.05165,15194.4,83.506,1336.2,4.2037,55.7465,1.2932,33.0675,32.002
2024-09-27,6.98005,15106.5,83.698,1308.24,4.1255,55.99,1.28,32.3725,31.512
2024-10-04,7.0948,15662.5,84.017,1348.59,4.2197,56.688,1.3047,33.2625,32.288
2024-10-11,7.0748,15597.3,84.1065,1352.03,4.2887,57.287,1.3053,33.2225,32.22
2024-10-18,7.1183,15476.2,84.057,1369.06,4.306,57.535,1.3107,33.1375,32.037
2024-10-25,7.129,15652.9,84.0765,1388.72,4.3427,58.3605,1.3202,33.67,32.061
2024-11-01,7.1338,15788.2,84.057,1377.44,4.3807,58.471,1.32465,33.9525,31.873
2024-11-08,7.1953,15646.0,84.364,1394.35,4.3825,58.3865,1.3254,34.1875,32.197
2024-11-15,7.2367,15925.4,84.439,1397.88,4.4748,58.773,1.3434,34.8175,32.53
2024-11-22,7.2591,15930.6,84.462,1405.57,4.47,58.964,1.3489,34.5325,32.579
2024-11-29,7.2504,15856.0,84.596,1398.35,4.4475,58.641,1.34055,34.2475,32.504
2024-12-06,7.2789,15847.3,84.698,1422.37,4.4177,57.847,1.34125,34.01,32.41
2024-12-13,7.27765,16021.2,84.819,1434.47,4.4495,58.711,1.3494,34.135,32.515
2024-12-20,7.29735,16221.7,84.963,1446.71,4.506,58.806,1.3567,34.3025,32.637
2024-12-27,7.2962,16189.1,85.487,1472.8,4.4707,57.96,1.358,34.0325,32.82
2025-01-03,7.35995,16214.0,85.777,1469.83,4.5002,58.14,1.3711,34.545,32.943
2025-01-10,7.35705,16244.4,86.138,1472.92,4.4975,58.6535,1.37205,34.6925,33.062
2025-01-17,7.3379,16367.0,86.572,1456.31,4.5065,58.4065,1.3665,34.365,32.867
2025-01-24,7.24075,16119.0,86.166,1428.36,4.3775,58.3545,1.3455,33.5625,32.672
2025-01-31,7.2919,16288.9,86.5635,1452.61,4.4602,58.4145,1.35535,33.5525,32.849
2025-02-07,7.30545,16312.4,87.6835,1451.91,4.4397,58.087,1.353,33.7125,32.826
2025-02-14,7.2525,16187.9,86.639,1438.6,4.4358,57.731,1.3385,33.67,32.69
2025-02-21,7.24975,16297.5,86.5945,1434.23,4.4183,57.924,1.3365,33.5875,32.777
2025-02-28,7.2926,16543.5,87.415,1461.08,4.4625,58.0205,1.34885,34.24,32.907
2025-03-07,7.24065,16269.6,87.097,1447.96,4.412,57.3795,1.32995,33.6375,32.806
2025-03-14,7.24055,16326.8,86.943,1452.15,4.4462,57.252,1.3346,33.615,32.941
2025-03-21,7.25725,16530.3,86.036,1467.08,4.4205,57.3605,1.3365,33.94,33.017
2025-03-28,7.27015,16593.6,85.5455,1469.47,4.4383,57.4005,1.3409,33.925,33.171
2025-04-04,7.29115,17014.8,85.604,1459.78,4.4367,57.379,1.34255,34.51,33.161
2025-04-11,7.28905,16814.3,86.205,1426.49,4.4245,56.9865,1.31975,33.53,32.342
2025-04-18,7.30385,16849.0,85.4005,1423.41,4.4137,56.78,1.31115,33.435,32.614
2025-04-25,7.29145,16832.3,85.361,1440.84,4.3737,56.238,1.31495,33.5925,32.558
2025-05-02,7.21225,16436.7,84.49,1393.66,4.2568,55.579,1.2927,32.98,30.67
2025-05-09,7.23745,16518.6,85.385,1398.83,4.3007,55.4365,1.2971,32.9475,30.14
2025-05-16,7.2098,16493.0,85.6225,1401.07,4.2937,55.83,1.3004,33.4425,30.202
2025-05-23,7.17355,16263.2,85.162,1367.56,4.2315,55.3605,1.2852,32.4875,29.97
2025-05-30,7.2019,16343.8,85.533,1380.41,4.2568,55.816,1.28965,32.8325,29.888
2025-06-06,7.19315,16314.4,85.747,1361.28,4.2315,55.907,1.2898,32.74,29.968
2025-06-13,7.18535,16296.2,86.13,1368.67,4.2458,56.1825,1.2817,32.395,29.562
2025-06-20,7.1802,16421.8,86.607,1372.01,4.2535,57.27,1.2867,32.785,29.559
2025-06-27,7.17395,16233.4,85.4945,1360.99,4.2308,56.694,1.2762,32.5925,29.084
2025-07-04,7.16535,16195.6,85.5035,1362.45,4.2225,56.452,1.27455,32.3925,28.958
2025-07-11,7.1708,16218.3,85.819,1375.67,4.2535,56.493,1.2802,32.4,29.218
2025-07-18,7.17745,16299.7,86.122,1388.78,4.2438,57.008,1.2837,32.4,29.392
2025-07-25,7.166,16343.7,86.5295,1382.66,4.2225,57.144,1.2813,32.425,29.495
2025-08-01,7.19365,16404.5,87.28,1388.66,4.279,57.711,1.2902,32.5325,29.712
2025-08-08,7.1903,16248.8,87.491,1390.15,4.2432,56.788,1.2851,32.315,29.876
2025-08-15,7.18545,16180.6,87.4785,1386.76,4.2133,57.002,1.2816,32.45,30.004
2025-08-22,7.17135,16222.5,87.2225,1381.08,4.2267,56.3925,1.28085,32.345,30.311
2025-08-29,7.1228,16441.3,88.1805,1390.53,4.2248,57.1225,1.28305,32.2925,30.58
2025-09-05,7.12585,16378.8,88.163,1387.93,4.2292,56.66,1.2839,32.055,30.453
2025-09-12,7.12575,16402.4,88.2418,1392.34,4.2032,57.135,1.2831,31.725,30.337
2025-09-19,7.117,16639.5,88.0986,1396.75,4.207,57.059,1.2844,31.8475,30.234
2025-09-26,7.1413,16713.9,88.7164,1409.18,4.2222,58.1645,1.29245,32.2075,30.488
2025-10-03,7.13585,16582.2,88.7479,1405.99,4.2078,57.923,1.28905,32.3475,30.404
2025-10-10,7.13455,16586.4,88.6538,1424.21,4.2227,58.3005,1.298,32.725,30.581
2025-10-17,7.12935,16565.9,88.0169,1421.64,4.2265,58.1475,1.29595,32.81,30.665
2025-10-24,7.12788,16613.0,87.8063,1439.42,4.2233,58.665,1.29899,32.705,30.836
2025-10-31,7.1224,16643.4,88.763,1428.66,4.1885,58.688,1.30148,32.335,30.769
2025-11-07,7.12683,16692.0,88.68,1462.54,4.1768,59.072,1.30182,32.41,30.999
2025-11-14,7.09735,16723.1,88.6874,1453.59,4.1328,59.065,1.29865,32.4145,30.7022
2025-11-21,7.11057,16719.8,89.6455,1475.14,4.1475,58.829,1.3085,32.4595,31.4079
2025-11-28,7.06894,16649.6,89.35,1466.47,4.1328,58.6345,1.29513,32.114,31.4101
2025-12-05,7.06742,16691.2,89.936,1471.76,4.1108,58.938,1.29505,31.8265,31.2755
2025-12-12,7.05416,16655.2,90.6218,1478.76,4.097,59.0445,1.29168,31.561,31.3067
2025-12-19,7.03465,16731.9,89.5855,1478.27,4.076,58.6275,1.29252,31.4345,31.5506
2025-12-26,7.00295,16752.5,89.7363,1441.42,4.0485,58.749,1.2835,31.0135,31.4041
2026-01-02,6.96759,16706.3,90.1031,1444.7,4.054,58.8065,1.28544,31.4255,31.3678
2026-01-09,6.97386,16843.2,90.2993,1460.07,4.0725,59.279,1.28694,31.3575,31.6385
2026-01-16,6.96661,16918.7,90.7759,1474.88,4.0575,59.4235,1.28949,31.51,31.5994
2026-01-23,6.96224,16821.4,91.8566,1465.3,4.0068,59.1155,1.27731,31.114,31.5562
2026-01-30,6.95145,16786.7,91.9148,1444.89,3.9453,58.8905,1.26906,31.486,31.5081
2026-02-06,6.93075,16850.1,90.587,1463.44,3.9475,58.425,1.27129,31.52,31.6323
2026-02-13,6.90565,16828.2,90.5874,1444.78,3.9078,57.868,1.26393,31.128,31.4151
2026-02-20,6.89817,16865.3,90.8156,1446.34,3.903,57.982,1.26694,31.145,31.5707
2026-02-27,6.86065,16787.3,91.0604,1440.0,3.8925,57.7625,1.26487,31.0155,31.3444
2026-03-06,6.89761,16970.8,91.895,1485.54,3.9475,59.205,1.27958,31.86,31.8282
2026-03-13,6.90255,16930.7,92.4731,1499.01,3.9375,59.745,1.28266,32.399,32.0732
2026-03-20,6.90685,16956.4,93.7329,1504.43,3.9362,59.967,1.28237,32.8875,31.9991
2026-03-27,6.91574,16979.5,94.9119,1510.47,4.011,60.454,1.28732,32.8215,31.993
2026-04-03,6.88487,17001.3,92.6379,1510.36,4.03,60.362,1.28682,32.673,32.0104
2026-04-10,6.82337,17082.2,92.9436,1482.42,3.9653,59.884,1.27272,32.0475,31.7467
2026-04-17,6.81244,17078.6,92.3715,1459.89,3.9505,59.478,1.26801,31.7615,31.4217
2026-04-24,6.83478,17241.4,94.2037,1479.86,3.9645,60.715,1.27706,32.346,31.4946
2026-05-01,6.82582,17302.3,94.7857,1466.66,3.9717,61.2415,1.27131,32.374,31.5987
2026-05-08,6.79755,17350.8,94.4235,1461.76,3.9212,60.521,1.2674,32.2285,31.3244
2026-05-15,6.81188,17602.0,95.9212,1497.93,3.9565,61.608,1.27979,32.6345,31.554
2026-05-22,6.79709,17692.5,95.6205,1517.61,3.9688,61.5895,1.27975,32.6665,31.4244
2026-05-29,6.76205,17805.8,94.618,1503.98,3.9645,61.422,1.27537,32.466,31.3851
2026-06-05,6.78335,18125.2,95.2487,1553.85,4.03,61.67,1.28895,32.78,31.5448
2026-06-12,6.76321,17788.9,95.0869,1516.0,4.0595,60.755,1.28317,32.719,31.6041
2026-06-19,6.78472,17784.0,94.3223,1530.65,4.1363,60.6965,1.29193,32.937,31.6339
2026-06-26,6.80277,17847.1,94.4051,1535.16,4.089,61.2895,1.29384,33.374,31.8743
2026-07-03,6.78494,17971.2,95.2332,1532.74,4.0722,61.504,1.29143,33.17,31.9521
2026-07-10,6.78205,18067.3,95.4126,1503.24,4.073,61.555,1.29169,33.2985,32.093
2026-07-17,6.77735,17944.4,96.4753,1487.52,4.0968,61.648,1.29165,33.63,32.424
