date,CNH,IDR,INR,KRW,MYR,PHP,SGD,THB,TWD
1995-09-22,,,,,,,,,
1995-09-29,,,,,,,,,
1995-10-06,,,,,,,,,
1995-10-13,,,,,,,,,
1995-10-20,,,,,,,,,
1995-10-27,,,,,,,,,
1995-11-03,,,,,,,,,
1995-11-10,,,,,,,,,
1995-11-17,,,,,,,,,
1995-11-24,,,,,,,,,
1995-12-01,,,,,,,,,
1995-12-08,,,,,,,,,
1995-12-15,,,,,,,,,
1995-12-22,,,,,,,,,
1995-12-29,,,,,,,,,
1996-01-05,,,,,,,,,
1996-01-12,,,,,,,,,
1996-01-19,,,,,,,,,
1996-01-26,,,,,,,,,
1996-02-02,,,,,,,,,
1996-02-09,,,,,,,,,
1996-02-16,,,,,,,,,
1996-02-23,,,,,,,,,
1996-03-01,,,,,,,,,
1996-03-08,,,,,,,,,
1996-03-15,,,,,,,,,
1996-03-22,,,,,,,,,
1996-03-29,,,,,,,,,
1996-04-05,,,,,,,,,
1996-04-12,,,,,,,,,
1996-04-19,,,,,,,,,
1996-04-26,,,,,,,,,
1996-05-03,,,,,,,,,
1996-05-10,,,,,,,,,
1996-05-17,,,,,,,,,
1996-05-24,,,,,,,,,
1996-05-31,,,,,,,,,
1996-06-07,,,,,,,,,
1996-06-14,,,,,,,,,
1996-06-21,,,,,,,,,
1996-06-28,,,,,,,,,
1996-07-05,,,,,,,,,
1996-07-12,,,,,,,,,
1996-07-19,,,,,,,,,
1996-07-26,,,,,,,,,
1996-08-02,,,,,,,,,
1996-08-09,,,,,,,,,
1996-08-16,,,,,,,,,
1996-08-23,,,,,,,,,
1996-08-30,,,,,,,,,
1996-09-06,,,,,,,,,
1996-09-13,,,,,,,,,
1996-09-20,,,,,,,,,
1996-09-27,,,,,,,,,
1996-10-04,,,,,,,,,
1996-10-11,,,,,,,,,
1996-10-18,,,,,,,,,
1996-10-25,,,,,,,,,
1996-11-01,,,,,,,,,
1996-11-08,,,,,,,,,
1996-11-15,,,,,,,,,
1996-11-22,,,,,,,,,
1996-11-29,,,,,,,,,
1996-12-06,,,,,,,,,
1996-12-13,,,,,,,,,
1996-12-20,,,,,,,,,
1996-12-27,,,,,,,,,
1997-01-03,,,,,,,,,
1997-01-10,,,,,,,,,
1997-01-17,,,,,,,,,
1997-01-24,,,,,,,,,
1997-01-31,,,,,,,,,
1997-02-07,,,,,,,,,
1997-02-14,,,,,,,,,
1997-02-21,,,,,,,,,
1997-02-28,,,,,,,,,
1997-03-07,,,,,,,,,
1997-03-14,,,,,,,,,
1997-03-21,,,,,,,,,
1997-03-28,,,,,,,,,
1997-04-04,,,,,,,,,
1997-04-11,,,,,,,,,
1997-04-18,,,,,,,,,
1997-04-25,,,,,,,,,
1997-05-02,,,,,,,,,
1997-05-09,,,,,,,,,
1997-05-16,,,,,,,,,
1997-05-23,,,,,,,,,
1997-05-30,,,,,,,,,
1997-06-06,,,,,,,,,
1997-06-13,,,,,,,,,
1997-06-20,,,,,,,,,
1997-06-27,,,,,,,,,
1997-07-04,,,,,,,,,
1997-07-11,,,,,,,,,
1997-07-18,,,,,,,,,
1997-07-25,,,,,,,,,
1997-08-01,,,,,,,,,
1997-08-08,,,,,,,,,
1997-08-15,,,,,,,,,
1997-08-22,,,,,,,,,
1997-08-29,,,,,,,,,
1997-09-05,,,,,,,,,
1997-09-12,,,,,,,,,
1997-09-19,,,,,,,,,
1997-09-26,,,,,,,,,
1997-10-03,,,,,,,,,
1997-10-10,,,,,,,,,
1997-10-17,,,,,,,,,
1997-10-24,,,,,,,,,
1997-10-31,,,,,,,,,
1997-11-07,,,,,,,,,
1997-11-14,,,,,,,,,
1997-11-21,,,,,,,,,
1997-11-28,,,,,,,,,
1997-12-05,,,,,,,,,
1997-12-12,,,,,,,,,
1997-12-19,,,,,,,,,
1997-12-26,,,,,,,,,
1998-01-02,,,,,,,,,
1998-01-09,,,,,,,,,
1998-01-16,,,,,,,,,
1998-01-23,,,,,,,,,
1998-01-30,,,,,,,,,
1998-02-06,,,,,,,,,
1998-02-13,,,,,,,,,
1998-02-20,,,,,,,,,
1998-02-27,,,,,,,,,
1998-03-06,,,,,,,,,
1998-03-13,,,,,,,,,
1998-03-20,,,,,,,,,
1998-03-27,,,,,,,,,
1998-04-03,,,,,,,,,
1998-04-10,,,,,,,,,
1998-04-17,,,,,,,,,
1998-04-24,,,,,,,,,
1998-05-01,,,,,,,,,
1998-05-08,,,,,,,,,
1998-05-15,,,,,,,,,
1998-05-22,,,,,,,,,
1998-05-29,,,,,,,,,
1998-06-05,,,,,,,,,
1998-06-12,,,,,,,,,
1998-06-19,,,,,,,,,
1998-06-26,,,,,,,,,
1998-07-03,,,,,,,,,
1998-07-10,,,,,,,,,
1998-07-17,,,,,,,,,
1998-07-24,,,,,,,,,
1998-07-31,,,,,,,,,
1998-08-07,,,,,,,,,
1998-08-14,,,,,,,,,
1998-08-21,,,,,,,,,
1998-08-28,,,,,,,,,
1998-09-04,,,,,,,,,
1998-09-11,,,,,,,,,
1998-09-18,,,,,,,,,
1998-09-25,,,,,,,,,
1998-10-02,,,,,,,,,
1998-10-09,,,,,,,,,
1998-10-16,,,,,,,,,
1998-10-23,,,,,,,,,
1998-10-30,,,,,,,,,
1998-11-06,,,,,,,,,
1998-11-13,,,,,,,,,
1998-11-20,,,,,,,,,
1998-11-27,,,,,,,,,
1998-12-04,,,,,,,,,
1998-12-11,,,,,,,,,
1998-12-18,,,,,,,,,
1998-12-25,,,,,,,,,
1999-01-01,,,,,,,,,
1999-01-08,,,,,,,,,
1999-01-15,,,,,,,,,
1999-01-22,,,,,,,,,
1999-01-29,,,,,,,,,
1999-02-05,,,,,,,,,
1999-02-12,,,,,,,,,
1999-02-19,,,,,,,,,
1999-02-26,,,,,,,,,
1999-03-05,,,,,,,,,
1999-03-12,,,,,,,,,
1999-03-19,,,,,,,,,
1999-03-26,,,,,,,,,
1999-04-02,,,,,,,,,
1999-04-09,,,,,,,,,
1999-04-16,,,,,,,,,
1999-04-23,,,,,,,,,
1999-04-30,,,,,,,,,
1999-05-07,,,,,,,,,
1999-05-14,,,,,,,,,
1999-05-21,,,,,,,,,
1999-05-28,,,,,,,,,
1999-06-04,,,,,,,,,
1999-06-11,,,,,,,,,
1999-06-18,,,,,,,,,
1999-06-25,,,,,,,,,
1999-07-02,,,,,,,,,
1999-07-09,,,,,,,,,
1999-07-16,,,,,,,,,
1999-07-23,,,,,,,,,
1999-07-30,,,,,,,,,
1999-08-06,,,,,,,,,
1999-08-13,,,,,,,,,
1999-08-20,,,,,,,,,
1999-08-27,,,,,,,,,
1999-09-03,,,,,,,,,
1999-09-10,,,,,,,,,
1999-09-17,,,,,,,,,
1999-09-24,,,,,,,,,
1999-10-01,,,,,,,,,
1999-10-08,,,,,,,,,
1999-10-15,,,,,,,,,
1999-10-22,,,,,,,,,
1999-10-29,,,,,,,,,
1999-11-05,,,,,,,,,
1999-11-12,,,,,,,,,
1999-11-19,,,,,,,,,
1999-11-26,,,,,,,,,
1999-12-03,,,,,,,,,
1999-12-10,,,,,,,,,
1999-12-17,,,,,,,,,
1999-12-24,,,,,,,,,
1999-12-31,,,,,,,,,
2000-01-07,,,,,,,,,
2000-01-14,,,,,,,,,
2000-01-21,,,,,,,,,
2000-01-28,,,,,,,,,
2000-02-04,,,,,,,,,
2000-02-11,,,,,,,,,
2000-02-18,,,,,,,,,
2000-02-25,,,,,,,,,
2000-03-03,,,,,,,,,
2000-03-10,,,,,,,,,
2000-03-17,,,,,,,,,
2000-03-24,,,,,,,,,
2000-03-31,,,,,,,,,
2000-04-07,,,,,,,,,
2000-04-14,,,,,,,,,
2000-04-21,,,,,,,,,
2000-04-28,,,,,,,,,
2000-05-05,,,,,,,,,
2000-05-12,,,,,,,,,
2000-05-19,,,,,,,,,
2000-05-26,,,,,,,,,
2000-06-02,,,,,,,,,
2000-06-09,,,,,,,,,
2000-06-16,,,,,,,,,
2000-06-23,,,,,,,,,
2000-06-30,,,,,,,,,
2000-07-07,,,,,,,,,
2000-07-14,,,,,,,,,
2000-07-21,,,,,,,,,
2000-07-28,,,,,,,,,
2000-08-04,,,,,,,,,
2000-08-11,,,,,,,,,
2000-08-18,,,,,,,,,
2000-08-25,,,,,,,,,
2000-09-01,,,,,,,,,
2000-09-08,,,,,,,,,
2000-09-15,,,,,,,,,
2000-09-22,,,,,,,,,
2000-09-29,,,,,,,,,
2000-10-06,,,,,,,,,
2000-10-13,,,,,,,,,
2000-10-20,,,,,,,,,
2000-10-27,,,,,,,,,
2000-11-03,,,,,,,,,
2000-11-10,,,,,,,,,
2000-11-17,,,,,,,,,
2000-11-24,,,,,,,,,
2000-12-01,,,,,,,,,
2000-12-08,,,,,,,,,
2000-12-15,,,,,,,,,
2000-12-22,,,,,,,,,
2000-12-29,,,,,,,,,
2001-01-05,,,,,,,,,
2001-01-12,,,,,,,,,
2001-01-19,,,,,,,,,
2001-01-26,,,,,,,,,
2001-02-02,,,,,,,,,
2001-02-09,,,,,,,,,
2001-02-16,,,,,,,,,
2001-02-23,,,,,,,,,
2001-03-02,,,,,,,,,
2001-03-09,,,,,,,,,
2001-03-16,,,,,,,,,
2001-03-23,,,,,,,,,
2001-03-30,,,,,,,,,
2001-04-06,,,,,,,,,
2001-04-13,,,,,,,,,
2001-04-20,,,,,,,,,
2001-04-27,,,,,,,,,
2001-05-04,,,,,,,,,
2001-05-11,,,,,,,,,
2001-05-18,,,,,,,,,
2001-05-25,,,,,,,,,
2001-06-01,,,,,,,,,
2001-06-08,,,,,,,,,
2001-06-15,,,,,,,,,
2001-06-22,,,,,,,,,
2001-06-29,,,,,,,,,
2001-07-06,,,,,,,,,
2001-07-13,,,,,,,,,
2001-07-20,,,,,,,,,
2001-07-27,,,,,,,,,
2001-08-03,,,,,,,,,
2001-08-10,,,,,,,,,
2001-08-17,,,,,,,,,
2001-08-24,,,,,,,,,
2001-08-31,,,,,,,,,
2001-09-07,,,,,,,,,
2001-09-14,,,,,,,,,
2001-09-21,,,,,,,,,
2001-09-28,,,,,,,,,
2001-10-05,,,,,,,,,
2001-10-12,,,,,,,,,
2001-10-19,,,,,,,,,
2001-10-26,,,,,,,,,
2001-11-02,,,,,,,,,
2001-11-09,,,,,,,,,
2001-11-16,,,,,,,,,
2001-11-23,,,,,,,,,
2001-11-30,,,,,,,,,
2001-12-07,,,,,,,,,
2001-12-14,,,,,,,,,
2001-12-21,,,,,,,,,
2001-12-28,,,,,,,,,
2002-01-04,,,,,,,,,
2002-01-11,,,,,,,,,
2002-01-18,,,,,,,,,
2002-01-25,,,,,,,,,
2002-02-01,,,,,,,,,
2002-02-08,,,,,,,,,
2002-02-15,,,,,,,,,
2002-02-22,,,,,,,,,
2002-03-01,,,,,,,,,
2002-03-08,,,,,,,,,
2002-03-15,,,,,,,,,
2002-03-22,,,,,,,,,
2002-03-29,,,,,,,,,
2002-04-05,,,,,,,,,
2002-04-12,,,,,,,,,
2002-04-19,,,,,,,,,
2002-04-26,,,,,,,,,
2002-05-03,,,,,,,,,
2002-05-10,,,,,,,,,
2002-05-17,,,,,,,,,
2002-05-24,,,,,,,,,
2002-05-31,,,,,,,,,
2002-06-07,,,,,,,,,
2002-06-14,,,,,,,,,
2002-06-21,,,,,,,,,
2002-06-28,,,,,,,,,
2002-07-05,,,,,,,,,
2002-07-12,,,,,,,,,
2002-07-19,,,,,,,,,
2002-07-26,,,,,,,,,
2002-08-02,,,,,,,,,
2002-08-09,,,,,,,,,
2002-08-16,,,,,,,,,
2002-08-23,,,,,,,,,
2002-08-30,,,,,,,,,
2002-09-06,,,,,,,,,
2002-09-13,,,,,,,,,
2002-09-20,,,,,,,,,
2002-09-27,,,,,,,,,
2002-10-04,,,,,,,,,
2002-10-11,,,,,,,,,
2002-10-18,,,,,,,,,
2002-10-25,,,,,,,,,
2002-11-01,,,,,,,,,
2002-11-08,,,,,,,,,
2002-11-15,,,,,,,,,
2002-11-22,,,,,,,,,
2002-11-29,,,,,,,,,
2002-12-06,,,,,,,,,
2002-12-13,,,,,,,,,
2002-12-20,,,,,,,,,
2002-12-27,,,,,,,,,
2003-01-03,,,,,,,,,
2003-01-10,,,,,,,,,
2003-01-17,,,,,,,,,
2003-01-24,,,,,,,,,
2003-01-31,,,,,,,,,
2003-02-07,,,,,,,,,
2003-02-14,,,,,,,,,
2003-02-21,,,,,,,,,
2003-02-28,,,,,,,,,
2003-03-07,,,,,,,,,
2003-03-14,,,,,,,,,
2003-03-21,,,,,,,,,
2003-03-28,,,,,,,,,
2003-04-04,,,,,,,,,
2003-04-11,,,,,,,,,
2003-04-18,,,,,,,,,
2003-04-25,,,,,,,,,
2003-05-02,,,,,,,,,
2003-05-09,,,,,,,,,
2003-05-16,,,,,,,,,
2003-05-23,,,,,,,,,
2003-05-30,,,,,,,,,
2003-06-06,,,,,,,,,
2003-06-13,,,,,,,,,
2003-06-20,,,,,,,,,
2003-06-27,,,,,,,,,
2003-07-04,,,,,,,,,
2003-07-11,,,,,,,,,
2003-07-18,,,,,,,,,
2003-07-25,,,,,,,,,
2003-08-01,,,,,,,,,
2003-08-08,,,,,,,,,
2003-08-15,,,,,,,,,
2003-08-22,,,,,,,,,
2003-08-29,,,,,,,,,
2003-09-05,,,,,,,,,
2003-09-12,,,,,,,,,
2003-09-19,,,,,,,,,
2003-09-26,,,,,,,,,
2003-10-03,,,,,,,,,
2003-10-10,,,,,,,,,
2003-10-17,,,,,,,,,
2003-10-24,,,,,,,,,
2003-10-31,,,,,,,,,
2003-11-07,,,,,,,,,
2003-11-14,,,,,,,,,
2003-11-21,,,,,,,,,
2003-11-28,,,,,,,,,
2003-12-05,,,,,,,,,
2003-12-12,,,,,,,,,
2003-12-19,,,,,,,,,
2003-12-26,,,,,,,,,
2004-01-02,,,,,,,,,
2004-01-09,,,,,,,,,
2004-01-16,,,,,,,,,
2004-01-23,,,,,,,,,
2004-01-30,,,,,,,,,
2004-02-06,,,,,,,,,
2004-02-13,,,,,,,,,
2004-02-20,,,,,,,,,
2004-02-27,,,,,,,,,
2004-03-05,,,,,,,,,
2004-03-12,,,,,,,,,
2004-03-19,,,,,,,,,
2004-03-26,,,,,,,,,
2004-04-02,,,,,,,,,
2004-04-09,,,,,,,,,
2004-04-16,,,,,,,,,
2004-04-23,,,,,,,,,
2004-04-30,,,,,,,,,
2004-05-07,,,,,,,,,
2004-05-14,,,,,,,,,
2004-05-21,,,,,,,,,
2004-05-28,,,,,,,,,
2004-06-04,,,,,,,,,
2004-06-11,,,,,,,,,
2004-06-18,,,,,,,,,
2004-06-25,,,,,,,,,
2004-07-02,,,,,,,,,
2004-07-09,,,,,,,,,
2004-07-16,,,,,,,,,
2004-07-23,,,,,,,,,
2004-07-30,,,,,,,,,
2004-08-06,,,,,,,,,
2004-08-13,,,,,,,,,
2004-08-20,,,,,,,,,
2004-08-27,,,,,,,,,
2004-09-03,,,,,,,,,
2004-09-10,,,,,,,,,
2004-09-17,,,,,,,,,
2004-09-24,,,,,,,,,
2004-10-01,,,,,,,,,
2004-10-08,,,,,,,,,
2004-10-15,,,,,,,,,
2004-10-22,,,,,,,,,
2004-10-29,,,,,,,,,
2004-11-05,,,,,,,,,
2004-11-12,,,,,,,,,
2004-11-19,,,,,,,,,
2004-11-26,,,,,,,,,
2004-12-03,,,,,,,,,
2004-12-10,,,,,,,,,
2004-12-17,,,,,,,,,
2004-12-24,,,,,,,,,
2004-12-31,,,,,,,,,
2005-01-07,,,,,,,,,
2005-01-14,,,,,,,,,
2005-01-21,,,,,,,,,
2005-01-28,,,,,,,,,
2005-02-04,,,,,,,,,
2005-02-11,,,,,,,,,
2005-02-18,,,,,,,,,
2005-02-25,,,,,,,,,
2005-03-04,,,,,,,,,
2005-03-11,,,,,,,,,
2005-03-18,,,,,,,,,
2005-03-25,,,,,,,,,
2005-04-01,,,,,,,,,
2005-04-08,,,,,,,,,
2005-04-15,,,,,,,,,
2005-04-22,,,,,,,,,
2005-04-29,,,,,,,,,
2005-05-06,,,,,,,,,
2005-05-13,,,,,,,,,
2005-05-20,,,,,,,,,
2005-05-27,,,,,,,,,
2005-06-03,,,,,,,,,
2005-06-10,,,,,,,,,
2005-06-17,,,,,,,,,
2005-06-24,,,,,,,,,
2005-07-01,,,,,,,,,
2005-07-08,,,,,,,,,
2005-07-15,,,,,,,,,
2005-07-22,,,,,,,,,
2005-07-29,,,,,,,,,
2005-08-05,,,,,,,,,
2005-08-12,,,,,,,,,
2005-08-19,,,,,,,,,
2005-08-26,,,,,,,,,
2005-09-02,,,,,,,,,
2005-09-09,,,,,,,,,
2005-09-16,,,,,,,,,
2005-09-23,,,,,,,,,
2005-09-30,,,,,,,,,
2005-10-07,,,,,,,,,
2005-10-14,,,,,,,,,
2005-10-21,,,,,,,,,
2005-10-28,,,,,,,,,
2005-11-04,,,,,,,,,
2005-11-11,,,,,,,,,
2005-11-18,,,,,,,,,
2005-11-25,,,,,,,,,
2005-12-02,,,,,,,,,
2005-12-09,,,,,,,,,
2005-12-16,,,,,,,,,
2005-12-23,,,,,,,,,
2005-12-30,,,,,,,,,
2006-01-06,,,,,,,,,
2006-01-13,,,,,,,,,
2006-01-20,,,,,,,,,
2006-01-27,,,,,,,,,
2006-02-03,,,,,,,,,
2006-02-10,,,,,,,,,
2006-02-17,,,,,,,,,
2006-02-24,,,,,,,,,
2006-03-03,,,,,,,,,
2006-03-10,,,,,,,,,
2006-03-17,,,,,,,,,
2006-03-24,,,,,,,,,
2006-03-31,,,,,,,,,
2006-04-07,,,,,,,,,
2006-04-14,,,,,,,,,
2006-04-21,,,,,,,,,
2006-04-28,,,,,,,,,
2006-05-05,,,,,,,,,
2006-05-12,,,,,,,,,
2006-05-19,,,,,,,,,
2006-05-26,,,,,,,,,
2006-06-02,,,,,,,,,
2006-06-09,,,,,,,,,
2006-06-16,,,,,,,,,
2006-06-23,,,,,,,,,
2006-06-30,,,,,,,,,
2006-07-07,,,,,,,,,
2006-07-14,,,,,,,,,
2006-07-21,,,,,,,,,
2006-07-28,,,,,,,,,
2006-08-04,,,,,,,,,
2006-08-11,,,,,,,,,
2006-08-18,,,,,,,,,
2006-08-25,,,,,,,,,
2006-09-01,,,,,,,,,
2006-09-08,,,,,,,,,
2006-09-15,,,,,,,,,
2006-09-22,,,,,,,,,
2006-09-29,,,,,,,,,
2006-10-06,,,,,,,,,
2006-10-13,,,,,,,,,
2006-10-20,,,,,,,,,
2006-10-27,,,,,,,,,
2006-11-03,,,,,,,,,
2006-11-10,,,,,,,,,
2006-11-17,,,,,,,,,
2006-11-24,,,,,,,,,
2006-12-01,,,,,,,,,
2006-12-08,,,,,,,,,
2006-12-15,,,,,,,,,
2006-12-22,,,,,,,,,
2006-12-29,,,,,,,,,
2007-01-05,,,,,,,,,
2007-01-12,,,,,,,,,
2007-01-19,,,,,,,,,
2007-01-26,,,,,,,,,
2007-02-02,,,,,,,,,
2007-02-09,,,,,,,,,
2007-02-16,,,,,,,,,
2007-02-23,,,,,,,,,
2007-03-02,,,,,,,,,
2007-03-09,,,,,,,,,
2007-03-16,,,,,,,,,
2007-03-23,,,,,,,,,
2007-03-30,,,,,,,,,
2007-04-06,,,,,,,,,
2007-04-13,,,,,,,,,
2007-04-20,,,,,,,,,
2007-04-27,,,,,,,,,
2007-05-04,,,,,,,,,
2007-05-11,,,,,,,,,
2007-05-18,,,,,,,,,
2007-05-25,,,,,,,,,
2007-06-01,,,,,,,,,
2007-06-08,,,,,,,,,
2007-06-15,,,,,,,,,
2007-06-22,,,,,,,,,
2007-06-29,,,,,,,,,
2007-07-06,,,,,,,,,
2007-07-13,,,,,,,,,
2007-07-20,,,,,,,,,
2007-07-27,,,,,,,,,
2007-08-03,,,,,,,,,
2007-08-10,,,,,,,,,
2007-08-17,,,,,,,,,
2007-08-24,,,,,,,,,
2007-08-31,,,,,,,,,
2007-09-07,,,,,,,,,
2007-09-14,,,,,,,,,
2007-09-21,,,,,,,,,
2007-09-28,,,,,,,,,
2007-10-05,,,,,,,,,
2007-10-12,,,,,,,,,
2007-10-19,,,,,,,,,
2007-10-26,,,,,,,,,
2007-11-02,,,,,,,,,
2007-11-09,,,,,,,,,
2007-11-16,,,,,,,,,
2007-11-23,,,,,,,,,
2007-11-30,,,,,,,,,
2007-12-07,,,,,,,,,
2007-12-14,,,,,,,,,
2007-12-21,,,,,,,,,
2007-12-28,,,,,,,,,
2008-01-04,,,,,,,,,
2008-01-11,,,,,,,,,
2008-01-18,,,,,,,,,
2008-01-25,,,,,,,,,
2008-02-01,,,,,,,,,
2008-02-08,,,,,,,,,
2008-02-15,,,,,,,,,
2008-02-22,,,,,,,,,
2008-02-29,,,,,,,,,
2008-03-07,,,,,,,,,
2008-03-14,,,,,,,,,
2008-03-21,,,,,,,,,
2008-03-28,,,,,,,,,
2008-04-04,,,,,,,,,
2008-04-11,,,,,,,,,
2008-04-18,,,,,,,,,
2008-04-25,,,,,,,,,
2008-05-02,,,,,,,,,
2008-05-09,,,,,,,,,
2008-05-16,,,,,,,,,
2008-05-23,,,,,,,,,
2008-05-30,,,,,,,,,
2008-06-06,,,,,,,,,
2008-06-13,,,,,,,,,
2008-06-20,,,,,,,,,
2008-06-27,,,,,,,,,
2008-07-04,,,,,,,,,
2008-07-11,,,,,,,,,
2008-07-18,,,,,,,,,
2008-07-25,,,,,,,,,
2008-08-01,,,,,,,,,
2008-08-08,,,,,,,,,
2008-08-15,,,,,,,,,
2008-08-22,,,,,,,,,
2008-08-29,,,,,,,,,
2008-09-05,,,,,,,,,
2008-09-12,,,,,,,,,
2008-09-19,,,,,,,,,
2008-09-26,,,,,,,,,
2008-10-03,,,,,,,,,
2008-10-10,,,,,,,,,
2008-10-17,,,,,,,,,
2008-10-24,,,,,,,,,
2008-10-31,,,,,,,,,
2008-11-07,,,,,,,,,
2008-11-14,,,,,,,,,
2008-11-21,,,,,,,,,
2008-11-28,,,,,,,,,
2008-12-05,,,,,,,,,
2008-12-12,,,,,,,,,
2008-12-19,,,,,,,,,
2008-12-26,,,,,,,,,
2009-01-02,,,,,,,,,
2009-01-09,,,,,,,,,
2009-01-16,,,,,,,,,
2009-01-23,,,,,,,,,
2009-01-30,,,,,,,,,
2009-02-06,,,,,,,,,
2009-02-13,,,,,,,,,
2009-02-20,,,,,,,,,
2009-02-27,,,,,,,,,
2009-03-06,,,,,,,,,
2009-03-13,,,,,,,,,
2009-03-20,,,,,,,,,
2009-03-27,,,,,,,,,
2009-04-03,,,,,,,,,
2009-04-10,,,,,,,,,
2009-04-17,,,,,,,,,
2009-04-24,,,,,,,,,
2009-05-01,,,,,,,,,
2009-05-08,,,,,,,,,
2009-05-15,,,,,,,,,
2009-05-22,,,,,,,,,
2009-05-29,,,,,,,,,
2009-06-05,,,,,,,,,
2009-06-12,,,,,,,,,
2009-06-19,,,,,,,,,
2009-06-26,,,,,,,,,
2009-07-03,,,,,,,,,
2009-07-10,,,,,,,,,
2009-07-17,,,,,,,,,
2009-07-24,,,,,,,,,
2009-07-31,,,,,,,,,
2009-08-07,,,,,,,,,
2009-08-14,,,,,,,,,
2009-08-21,,,,,,,,,
2009-08-28,,,,,,,,,
2009-09-04,,,,,,,,,
2009-09-11,,,,,,,,,
2009-09-18,,,,,,,,,
2009-09-25,,,,,,,,,
2009-10-02,,,,,,,,,
2009-10-09,,,,,,,,,
2009-10-16,,,,,,,,,
2009-10-23,,,,,,,,,
2009-10-30,,,,,,,,,
2009-11-06,,,,,,,,,
2009-11-13,,,,,,,,,
2009-11-20,,,,,,,,,
2009-11-27,,,,,,,,,
2009-12-04,,,,,,,,,
2009-12-11,,,,,,,,,
2009-12-18,,,,,,,,,
2009-12-25,,,,,,,,,
2010-01-01,,,,,,,,,
2010-01-08,,,,,,,,,
2010-01-15,,,,,,,,,
2010-01-22,,,,,,,,,
2010-01-29,,,,,,,,,
2010-02-05,,,,,,,,,
2010-02-12,,,,,,,,,
2010-02-19,,,,,,,,,
2010-02-26,,,,,,,,,
2010-03-05,,,,,,,,,
2010-03-12,,,,,,,,,
2010-03-19,,,,,,,,,
2010-03-26,,,,,,,,,
2010-04-02,,,,,,,,,
2010-04-09,,,,,,,,,
2010-04-16,,,,,,,,,
2010-04-23,,,,,,,,,
2010-04-30,,,,,,,,,
2010-05-07,,,,,,,,,
2010-05-14,,,,,,,,,
2010-05-21,,,,,,,,,
2010-05-28,,,,,,,,,
2010-06-04,,,,,,,,,
2010-06-11,,,,,,,,,
2010-06-18,,,,,,,,,
2010-06-25,,,,,,,,,
2010-07-02,,,,,,,,,
2010-07-09,,,,,,,,,
2010-07-16,,,,,,,,,
2010-07-23,,,,,,,,,
2010-07-30,,,,,,,,,
2010-08-06,,,,,,,,,
2010-08-13,,,,,,,,,
2010-08-20,,,,,,,,,
2010-08-27,,,,,,,,,
2010-09-03,,,,,,,,,
2010-09-10,,,,,,,,,
2010-09-17,,,,,,,,,
2010-09-24,,,,,,,,,
2010-10-01,,,,,,,,,
2010-10-08,,,,,,,,,
2010-10-15,,,,,,,,,
2010-10-22,,,,,,,,,
2010-10-29,,,,,,,,,
2010-11-05,,,,,,,,,
2010-11-12,,,,,,,,,
2010-11-19,,,,,,,,,
2010-11-26,,,,,,,,,
2010-12-03,,,,,,,,,
2010-12-10,,,,,,,,,
2010-12-17,,,,,,,,,
2010-12-24,,,,,,,,,
2010-12-31,,,,,,,,,
2011-01-07,,0.9764823001941441,1.3359969857293121,0.21064913508323702,,0.0,-0.0074595241091432,-0.053689726664743934,-0.09784414326387914
2011-01-14,,1.0174197429549057,5.152759168666065,0.21254373790488104,,0.09046783820179888,-0.010380980910105931,0.04291687661083058,-0.09637656734124465
2011-01-21,,2.767022673855938,4.949647848775681,1.061209787346522,,1.3351370110762433,-0.014218969370505144,0.2018818696072464,-0.1316843183271319
2011-01-28,,3.1942535651964623,5.785437251823806,1.0239318984902024,,0.5005747924487068,-0.040025316590912734,0.08925364862368372,-0.15314928562530541
2011-02-04,,1.2170347071583514,1.3006894553130015,0.4089258276295572,,0.4223054777021487,-0.0449754242145301,0.10970646396364808,-0.35755940696072797
2011-02-11,,1.4335578221247152,1.3380035342060659,0.16839201119724376,,0.3236626857647556,-0.03073306321481504,0.18803655913619094,-0.1317647638469975
2011-02-18,,2.226212152420185,2.0559732503527317,0.1462264765784114,,0.052251803931326196,-0.04453192146919292,0.5159586311069977,-0.17055329710499237
2011-02-25,,1.737320284357168,1.8214780620463875,0.21118623345103513,,0.18203111201326516,-0.042747530377361016,0.3586582514305268,-0.16788706078890395
2011-03-04,,1.703156486618589,1.3994674804044758,0.24994177337985762,,0.12037901042566672,-0.10366975995091647,0.46384642148134503,-0.070828428672214
2011-03-11,,3.3303661340786332,1.5527051372080332,0.25876185823297176,,0.22151169530460785,-0.04412275080463412,0.6571804088726735,-0.06787291787133237
2011-03-18,,3.0884391296611446,2.0190570759530653,0.3529818806622931,,0.28005114019775695,-0.04427567696462537,1.2800330934327206,-0.10268659673416612
2011-03-25,,2.2327040721636853,1.5866130037771828,0.25379703936508163,,0.03725335414487399,-0.023316856310080996,1.8916458512337744,-0.14006072674934442
2011-04-01,,2.0624462643720034,2.029977123331306,0.27716857784003524,,0.4006289969506075,-0.003446351433624213,1.0087094354097212,-0.5598614746506665
2011-04-08,,2.1001540075284773,1.8604635776755973,0.39547623123469566,,0.24250450921491154,-0.01829858846994745,0.5420923239137335,-0.21727435547741503
2011-04-15,,1.9915068783680865,1.1598710744726834,0.251202771257239,,0.3382090478777062,-0.016363711376234068,0.4359157405036649,-0.08269533275006943
2011-04-22,,1.8533163303759037,2.0175595550263146,0.32675716214540274,,0.8097309286309693,0.7219516658279649,0.213183728292369,-0.19910381014315875
2011-04-29,,1.8164129939732876,2.0188526601640135,0.4035124940683744,,0.3139603660518758,0.018188491989740922,0.6784443969462303,-0.03511976043336786
2011-05-06,,2.236830159595834,1.8194632292967983,0.36064760494838216,,0.5631920081948637,-0.0015466734649978889,0.38085077778392873,-0.0412884863041297
2011-05-13,,2.2018503697538176,1.838752602222727,0.25857383215077717,,0.4289829739416954,0.003960535050496651,0.5330419561172702,-0.0513008677903565
2011-05-20,,6.162784755018408,4.093924158922826,0.5001386612882893,,1.0180029481046866,-0.005549782066655247,0.6898928849260965,-0.21452779519233467
2011-05-27,,3.1949321480781445,3.551269511926232,0.33706013308242005,,1.0288041078385783,0.0017763918060013878,2.759575698409688,-0.10935641521494632
2011-06-03,,1.780712788259958,1.3899222838884682,1.1863192022400157,,1.107855955765944,-0.02283272111428558,1.6272263046456594,-0.06012995974698102
2011-06-10,,1.717846958305984,1.6255449253496337,0.44095119204202665,,1.0224577732982487,-0.013637445985979116,1.1035048226089303,-0.03521491440613977
2011-06-17,,1.0532197465189965,1.9350759700425708,0.4411966233313961,,0.9585411337380011,-0.010413638924474205,0.93422769766163,-0.08912637536269356
2011-06-24,,1.6797067274121729,3.3792458627338795,0.5964969051508335,,1.2436199042210576,-0.0164351002388117,3.2623354469084944,-0.23875877478390564
2011-07-01,,0.8696853868308791,1.3241218002291697,0.36392175299942864,,0.6968981218556283,-0.007342945133682079,3.41229427486285,-0.12177702838801063
2011-07-08,,1.1654366850332842,1.324382145677895,0.3808079026815038,,1.2047518994016184,-0.007280331220054693,0.32905017395313746,-0.08824458476927592
2011-07-15,,1.283583421573759,1.5071097360099714,0.4429676934383484,,0.8496225952487282,-0.01050997214841374,0.39533606236643287,-0.04598113082154522
2011-07-22,,3.338277311457923,2.54408398305053,0.8281444620012127,,0.6855261138855564,-0.00982052703478588,0.6487927301024035,-0.11454466666177023
2011-07-29,,3.115337400943167,2.0542246619471016,0.7918284751789642,,0.5478287415365123,-0.03736379811371243,0.9045328617742412,-0.09484959117702985
2011-08-05,,0.9479197180519956,0.7952592216657557,0.3242595206187586,,0.1759397530207454,-0.007382016343319806,0.6387810277056897,-0.11035519853808962
2011-08-12,,1.027960214833837,0.219120845291413,0.4247305119799761,,0.2450661820051036,-0.02111164285225952,1.4204124276967436,-0.26544714052988083
2011-08-19,,1.0000593220567497,1.2876090790939474,0.4307027334328221,,0.1736883740757136,-0.016118556427986423,0.7910212780769138,-0.41954286926994905
2011-08-26,,5.623169352422014,1.0982606722879722,1.2782699261582389,,0.017509267682862678,-0.058517322268456844,0.7313123213557704,-0.47203964006351823
2011-09-02,,2.029194033657776,0.37036073806694614,0.2932853076587712,,-0.0934212427271175,-0.10822953363011566,0.6976708494252716,-0.5450981132431642
2011-09-09,,0.4688646006289368,0.5028426535207097,0.19353288617479228,,0.020123877838095144,0.003941174348359993,0.8144582267024116,-0.13078448857457226
2011-09-16,,0.4735939955750035,0.4863220801796108,0.14089009264103905,,0.2589762348906483,-0.008988116449498785,0.5711915098073662,-0.20137904013009042
2011-09-23,,0.6910042152309291,0.46677812662191254,0.13816326885308586,,0.6662091309294158,0.0027458278037677656,0.44018472004967985,-0.15017919543369532
2011-09-30,,0.2627580333061883,0.3441893306712766,0.13110593216026703,,0.6160677578141492,-0.003948080603674221,0.6372263149760445,-0.07996486652903038
2011-10-07,,0.2641104213793466,0.26876638342911974,0.09039012593695928,,0.460483360244609,-0.0026233637585792117,0.3161951490388002,-0.05714602712092346
2011-10-14,,0.7300339025354105,1.880321609611801,0.22062035471839866,,0.46435142353413517,-0.008335654780437322,0.4431783947141372,-0.12999117607455643
2011-10-21,,0.7142807106922243,0.6890219797178596,0.6727774215599515,,0.658370451892117,0.003573709180052736,0.5826362677922959,-0.2783149599882143
2011-10-28,,0.6255610330365684,0.42462708354550704,0.25571173417179854,,0.3318638892558829,0.0,0.4383488606630793,-0.20050960851841995
2011-11-04,,0.7741887567448874,0.4397174727870199,0.16452456301539228,,0.30857082727168705,-0.0005696724518851624,0.36685949093439923,-0.09042864897589485
2011-11-11,,0.6591076702317589,0.43400110545529336,0.15334116271711792,,0.3006955962325222,0.0010712087836244528,0.3464635276792759,-0.10849444888547512
2011-11-18,,0.9035053813908329,1.0428810391877237,0.6538656713974693,,1.3416628860796744,0.005225913452397313,1.5567749004330511,-0.2605286759672442
2011-11-25,,0.779237518898017,1.2673722266544134,0.32192443519907116,,1.1966701386209913,0.01687703382309437,0.7980598947201291,-0.2889927912486767
2011-12-02,,0.2849291748980707,0.4219321483258324,0.14143458377015056,,0.20357256751539973,-0.0014353166986564299,0.22829944118732673,-0.12576218706339917
2011-12-09,,0.2942304013467498,0.49150252936523237,0.12749244712990934,,0.2576157269908948,0.0034784607500301457,0.24106869408698925,-0.1356290934498273
2011-12-16,,0.42077520075366737,0.5505224564619615,0.1564822445981295,,0.2186701575407394,0.012177775206994,0.2015689728852879,-0.13637656660072944
2011-12-23,,1.7936735760619016,1.5602943973927113,0.36403718053938505,,0.36702698267975425,0.01341313733701067,0.5528085406819767,-0.3753677596494007
2011-12-30,,1.2720866008389131,3.5464353422470567,0.4864451489641588,,0.27830297401834847,0.02572596146634466,0.6179068087598855,-0.45217561324417477
2012-01-06,,0.9154348842794484,0.923911274951886,0.490464561369823,,0.4704630404970813,0.03132313093217868,0.9022916253868911,-0.311693920199432
2012-01-13,,0.9820361827419801,0.7987400848070075,0.56851506264996,,0.4763229115733546,-0.006031431769508984,2.225522542753498,-0.22844472589237477
2012-01-20,,0.2947522675387178,1.8040988591350466,0.44530162236818754,,0.3646795693251631,0.0,0.4100834127891191,-0.3219799984885508
2012-01-27,,0.2331713218135746,2.5234625593377724,0.5032729492650987,,1.0732824176726616,-0.0014931139991365121,0.3697716941361709,-0.26534330353621116
2012-02-03,,0.2582802257137208,2.020577781084474,0.6863610862168208,,0.8277921179534234,-0.004092419337021269,0.7622641728018906,-0.15639238123453134
2012-02-10,,0.6703672867111539,0.5233945233512802,0.2837558815605461,,0.7131772769043427,0.0008630637952052011,0.5259245413239777,-0.08884494442884482
2012-02-17,,0.5343846740387015,0.6018159822844332,0.35257319802208237,,1.0155238912650957,-0.0011024030834375323,1.959724189748687,-0.08887294345708102
2012-02-24,,0.540634435621038,0.7732789847315824,0.4576145106047229,,1.3666207551208436,-0.0014864081397282717,0.4589171291330504,-0.2161191968196213
2012-03-02,,0.5026482229567063,1.5773199804219826,0.8274251726894284,,1.5767199343842666,0.008557742910917055,0.3548402801361258,-0.14806571245046116
2012-03-09,,0.5479303505913182,1.9296372661608179,0.7290006652948184,,0.826347736070547,0.0,0.3350824543508894,-0.11894265652428321
2012-03-16,,0.8922654729645799,3.553652654938181,0.5693737777020392,,0.7529669474004529,0.021849553136251598,0.7512988131074735,-0.07111472013210575
2012-03-23,,1.4425649379003445,2.1054006008190176,0.6136652196389136,,0.7009050598311365,0.05837191864624765,1.0254891853267452,-0.12019358329195352
2012-03-30,,1.0113231051115972,1.1520863238940364,0.4570919129409987,,0.820445429403469,-0.003137041064031771,1.1053689361467283,-0.0840210529581164
2012-04-06,,2.682842262446735,1.1662837732893039,0.4408447248730836,,5.254752606705792,-0.013978849724429962,1.1456806351292783,-0.13858983102220201
2012-04-13,,2.5885318770637538,2.562774093001341,1.2157153722013023,,1.6498411319154727,-0.006209716468499489,0.46148013226913487,-0.17178879175921238
2012-04-20,,4.053102254571276,2.8696822485668467,2.306270421951656,,1.6765198906450778,-0.00747226780184252,0.464469558477552,-0.24368929274218082
2012-04-27,,12.453466674635271,3.6845181942059138,0.7711394851422485,,1.322173327425009,-0.010953026709057677,0.5971828927821038,-0.054661608155365166
2012-05-04,,2.4669562945057817,1.9963329585991756,0.6148088875750803,,0.8642095438568621,0.0,0.6227026746862492,-0.04118977720582321
2012-05-11,,2.807351741815216,1.2504974911213307,0.43165578844722907,,0.7412977025129579,-0.0036463582052091376,0.5198886662579767,-0.07223265094675967
2012-05-18,,1.0360800906912224,1.032823854332023,0.42036919203795664,,0.5511726549560765,-0.003349209115710622,2.3399107770941114,-0.15609744523599092
2012-05-25,,1.0212737315392597,1.0897499558842236,0.7247370352073818,,0.6114652696689494,-0.005299732650525285,1.0714713605777122,-0.30811343573530386
2012-06-01,,0.7054764319036172,1.0115215820317651,0.3712743020206912,,0.30035894054981743,-0.04352200001275301,0.5777736297125909,-0.07628416624833388
2012-06-08,,0.693380393005358,1.0886153601722965,0.3802427256652282,,0.3585058350983987,0.0,0.5168152449671817,-0.06292781279347838
2012-06-15,,1.7781683148655625,7.474088235045873,0.852553625259196,,0.43213867561882857,0.0,0.8524356560409692,-0.05886567491774076
2012-06-22,,0.404009826743833,0.6601200007038165,4.065003492362355,,0.33833478479101153,0.002729756437830611,0.40240163316053107,-0.18918914659038072
2012-06-29,,0.3232543262855582,0.40198950579621723,0.7830257790855072,,0.31801926797334534,0.005326873326715399,0.33461202930245343,-0.1164297670998268
2012-07-06,,0.3404642056271044,0.3902340157373029,0.39974070459459976,,0.4364036084717252,0.0,0.3655913032642081,-0.08372935086954704
2012-07-13,,0.5994246508208773,0.6697000546884859,0.30197613787249605,,0.28887276694808506,-0.0021097055830312985,0.5828569720437624,-0.08420340841320233
2012-07-20,,5.447990940404426,0.9750115498546077,0.7356676274023637,,1.4571722289532623,-0.002278915859262771,0.9359110970562758,-0.15981738028072498
2012-07-27,,2.8531974888891467,1.0166032450959614,0.7256573098297467,,0.7461448875935196,0.013888667421427773,0.8373156324723597,-0.3431728701026072
2012-08-03,inf,2.903463375796178,3.7471583686563097,1.7229976379643548,,0.5614010306566783,-0.009494489012561301,0.8400798271430624,-0.08354068085195283
2012-08-10,51.14880620730926,2.244600516133502,2.23912035149958,0.6842152356936593,,0.4906515172214886,0.0032823547861423803,1.4615126450718863,-0.055966247853773333
2012-08-17,22.605627714264813,2.1319472396817045,1.4304425686021278,0.4677303771458115,,0.0817902634972148,0.0,1.2436133251583896,-0.04653231493925563
2012-08-24,18.510186805770044,3.9898310251720233,1.2086601045767662,1.0880571376909862,,0.10401640035926357,0.007436647526113675,0.53542193190639,-0.07819847766018456
2012-08-31,99.66375344986201,2.994583486829987,1.3775789185327627,0.7559422535923049,,0.1396781340540014,0.00706199236103786,0.4312150772177948,-0.04527214929436077
2012-09-07,3.566567018660702,2.775868339698127,1.8179553050753654,0.9846388405424397,,0.16717182892752935,0.006247135451969196,0.4700422580447264,-0.050422540862334435
2012-09-14,2.7842334727288907,0.8987922303911737,0.8333967609624086,0.7310121004116421,,0.017779424429717267,0.004212234711969933,0.48047569457358574,-0.023676425287556743
2012-09-21,3.311340339950694,0.7054065208419316,1.5461161319475825,0.4162193861529855,,0.09913319007422829,0.0,0.6300857563647834,-0.018180625944696365
2012-09-28,2.7581470239287533,0.7393470818719325,1.9611741568229852,0.417482280752927,,0.16420514376483608,0.004225331869218519,0.5608093920015271,-0.007446469799488031
2012-10-05,5.367520619298037,1.358525378666696,1.6342067516349659,0.557956973644152,,0.13391629664567012,0.008882143928172225,0.6383913669722674,-0.026437938868236265
2012-10-12,2.9564059354073176,1.7669755784810863,0.466659515666999,0.5066607694376104,,0.12863300829601682,0.0,0.5327994574188808,-0.025061470070995896
2012-10-19,10.184965324352865,1.373181737054637,0.40527067464635474,0.47789691187476174,,0.05355709305523003,-0.02837356069871011,0.5170359490728014,-0.025035200664132763
2012-10-26,6.93797858448681,1.3222817377087972,0.8709103266791294,0.4203030078945187,,0.17070779241749015,0.005663761729812035,1.5328395651654523,-0.22194975396657843
2012-11-02,3.834545019605396,3.047943230811568,0.9011594740035827,1.9235167839505576,,0.5146872303686326,0.03885585968799771,3.5090210478778143,-0.08682283066911015
2012-11-09,4.6839759530318705,3.048264559229989,1.264346551359765,0.9236794046700586,,0.25986136733795956,0.03129841266295772,1.0665679526904128,-0.03319634174577449
2012-11-16,2.3566836241710507,4.656493807301485,1.3030791726198327,0.669729939527488,,0.3070483622303308,0.06321434055587434,0.7497935265662484,-0.02188944955008538
2012-11-23,1.2425733576568632,7.4379510282401045,1.5313430530602603,0.5195668693009119,,0.081333925995305,0.024416007174828315,0.6889776436838461,-0.021705016179524205
2012-11-30,1.9594082509473576,2.7131272107952316,0.6659512429180431,0.5768433960437575,,-0.2051697840571566,0.002759329227556239,0.8270369326191148,-0.024690523747443457
2012-12-07,5.121301583745035,1.0132733342750224,0.9170354065029505,0.7939785442380897,,-0.04899023702434497,-0.02419601837672282,1.5749680922185532,-0.07595676172953082
2012-12-14,2.282590236084866,0.9151049097959578,0.9161893619463773,0.7382626078816484,,-0.08381040780024655,0.13192633392989433,2.147901986067554,-0.39111578269556735
2012-12-21,2.0953885902788993,1.018434462844236,1.6500696065184457,0.7158169690127296,,-0.6992073740315401,1.636739288958256,3.8767994985590386,-0.49308469555939516
2012-12-28,2.4995448189130087,1.0604387072851367,1.2566567558638917,0.7307763306327556,,-0.45056960170966687,0.12720174189104788,7.474993375728669,-0.31466837317730956
2013-01-04,1.3397628166674358,1.078364526609619,1.3528413392501284,0.8330701926332484,,-0.1982961072761099,0.04907311075380687,1.974349425898834,-0.4200950197590982
2013-01-11,1.607393636316526,0.8792381376230951,1.3663516376079519,0.8459342430072954,,-0.8995361589599992,0.028093622457761647,1.2002716967902773,-0.11734306541773683
2013-01-18,1.1264266803123681,0.7792266283483819,1.4434706791451655,0.733458915110669,,-0.118121450023373,0.024114496670242163,0.44074864112398005,-0.10332288609741701
2013-01-25,0.6461303373908213,0.6819517057806717,1.3312803485032616,0.23239383577120648,,-0.06006248896254737,0.016220714121996674,0.3107474644166027,-0.03201884716681298
2013-02-01,1.074609637786354,0.516870731472702,1.1533684245373588,0.23348270135744592,,0.08902242392304607,0.019730409251276677,0.28547589128831824,-0.03796524426144055
2013-02-08,0.9394482852261284,1.1863725760384827,0.8333537555281747,0.261816086803444,,0.0668947511520416,0.003962509507569253,0.27269656126579045,-0.04656082218844207
2013-02-15,0.7683201417415011,0.8165693662376143,0.7706883670961886,0.2188333941388908,,-0.019702385318653766,0.011323840789448125,0.5044400667541071,-0.033581769991214275
2013-02-22,1.2279538300104933,0.7101907141230025,0.800241480808035,0.48337245262424633,,0.03620451164716527,0.014379023565360995,0.7467693792561082,-0.051501812861777234
2013-03-01,1.4540651887559204,2.406968758914328,1.715773371306374,0.6132098343817536,,0.05580261853140389,0.01704004357528157,1.26968859486867,-0.12430348228144106
2013-03-08,1.2208128424003057,1.85755427474315,0.9760129890788615,6.683906263533921,,0.07263314337457308,-0.007311925107907935,14.749765674315992,-0.35647087873920025
2013-03-15,2.2983087215904474,2.0188039430449067,1.0494771787741985,0.43192825584765787,,-0.3118994486333941,-0.018701064981808836,1.0221023674919316,-0.4536950879083207
2013-03-22,2.34561501139439,1.5132456468369455,1.4340773274483305,0.4228218865662537,,-0.02984892539801956,0.003451946800169756,0.969378584888079,-0.32724765982149334
2013-03-29,6.319155221858743,1.5838602054636144,1.8264391289217752,0.26907592909832817,,-0.2336932177872825,-0.013146644010195413,0.8094582266353412,-0.3949492807748837
2013-04-05,3.8344745523901165,1.9321496461071788,2.153554155295407,0.1981073600476404,,0.07517402826172614,-0.007798470035167439,0.6734326441590076,-0.4547742285866288
2013-04-12,1.844102265605155,1.4166175236276612,2.9205501788344206,0.19761674761406428,,-0.024001928926968313,-0.012547525235306556,0.8417447656360062,-0.24045910113147442
2013-04-19,1.5083263855635471,2.0655848480100283,1.3373875204907941,0.15707897543360713,,0.013106186541014387,-0.004392871193998128,0.47294427679837175,-0.16333165862560678
2013-04-26,4.319856653251611,2.2446600330865665,1.2569833665893835,0.12212974626597084,,0.3651057034315407,-0.022452850288085666,0.19402439340634645,-0.12629910211717615
2013-05-03,3.789666195821872,1.7358303689226429,1.2285495357284386,0.6801290849925201,,0.24271554815541313,0.010127106906843111,0.16196250686328337,-0.1461765664930121
2013-05-10,3.2817709992474313,3.219220830568068,0.6536072739045975,0.1758766793492192,,0.17934888241010688,-0.009857186420004065,0.182480524910197,-0.07069609110014977
2013-05-17,4.443959130499403,3.7760015090424655,0.807527842151809,0.19624450148579706,,0.22351268113178444,0.0036262754109683917,0.31985859840003766,-0.0570516247224912
2013-05-24,2.2155025327757984,2.9195004895975627,0.7771353232781352,0.18061356678536783,,0.18605084977950326,0.005803737211741326,0.49287373007687874,-0.08152500067826039
2013-05-31,0.9941395356580951,1.2938377308441436,1.277646342279162,0.4537210978525747,,0.27348780511781995,0.0022557158248966477,0.41809166470714526,-0.11596844910329351
2013-06-07,1.2196838449231995,1.5343731407302865,1.5519547960560933,0.337116580140151,,0.1866924760434923,-0.00855015784343838,0.4522917555044774,-0.07045939127520504
2013-06-14,1.3835041388267963,0.9888611391631946,1.9483218425418924,0.33025614683678006,,0.03692684253467501,-0.00827717533673208,0.3223460384195168,-0.10884651052662733
2013-06-21,2.531086400923369,0.7989548826575841,0.6940872636659449,0.1629240118149493,,0.07602141541007032,0.0,0.2611311042650633,-0.06739197695237806
2013-06-28,5.201549294650624,0.5108311402156395,0.5721671329481682,0.16300615026595744,,0.03514800207434904,-0.006752310700319943,0.2773428603208738,-0.04231689101750058
2013-07-05,3.4465028414987566,0.8518481584895625,0.5683403641552157,0.1734087122343038,,-0.009547662647272224,-0.006890501703154687,0.26893024369479623,-0.07782753426368207
2013-07-12,11.817319628581359,0.9309423378838709,0.38416651577751804,0.1197812991094814,,-0.018464274729536368,-0.006616228484963117,0.27604166666666663,-0.059589678762641284
2013-07-19,5.120869933604015,0.7640144099927737,0.6189941522150373,0.22694627654013466,,-0.016951201442855467,-0.007458891370878067,0.750373939379615,-0.10025499923727905
2013-07-26,4.5767488780005765,0.7879351373844292,0.7668140830509448,0.24210919433567618,,-0.007034357618494682,-0.004058891541340127,0.6327235902108372,-0.10762648709534757
2013-08-02,3.8848296305948278,0.7332870987169894,0.7028625824437342,0.2493843375472008,,0.02769619247146051,-0.004190737273780869,0.6512761302868254,-0.10280548058008142
2013-08-09,4.562166135440495,0.7897500424811222,0.820042420305395,0.6337270844965568,,-0.014856351305161278,-0.002021725434795059,0.7484654284602857,-0.29002398235928467
2013-08-16,4.0164235466950435,0.615237780792774,0.7669809698498223,0.623803028236257,,-0.06553743336780969,-0.003077791919066979,1.1426110142549484,-0.2814970537207521
2013-08-23,2.4822483426771904,0.3065772313419584,0.8112532961067163,0.7629420317686758,,-0.1285747944122699,0.007275569943475782,0.326426194024662,-0.31418373363732854
2013-08-30,2.5037274576950157,0.402541302480675,0.6281153040702883,1.0633159384397666,,0.043136299837852735,-0.004369101604641746,0.3251484641123806,-0.4533275924583031
2013-09-06,2.0835644402915516,0.7137825783841577,0.4112214131639475,0.3188827709121128,,0.05451368604975502,-0.0022069929280239403,0.37317411583601984,-0.15143352920298142
2013-09-13,2.4838719812328507,0.25970397472143686,0.38314725486297857,0.32808054069353265,,-0.0929591118819333,-0.005633211189561176,0.23678718111375008,-0.15996293197946113
2013-09-20,1.8526386184378747,0.3186364656896763,0.38411781210425344,0.37276274959681854,,-0.22936640641193945,-0.007909420102669117,0.20723878333287374,-0.22266854160071264
2013-09-27,1.8027871621621618,0.3814689056608002,1.0126530539709617,0.41329047654607765,,-0.1139717350938725,-0.006440580045063262,0.21727552625737145,-0.3356171326415894
2013-10-04,1.3575416872412351,0.44515637552286763,1.1464819218438442,1.4123341882229052,,-0.24269919939001144,-0.0018495355025890804,0.2286467763520428,-0.2820988993239033
2013-10-11,1.2274331165519872,0.5927749678525505,1.2455829667357332,0.9733439936038377,,-0.0974858950402325,-0.0050700166915575865,0.21198654252405916,-0.2459450094283366
2013-10-18,0.799806297981234,0.545735182849937,1.1466496804576467,0.687421999335921,,-0.8676342963512648,-0.0023998137797995654,0.5055247436910738,-0.2751346155290372
2013-10-25,1.2841741178202157,2.203297917950642,1.1041338971709116,0.585574956740601,,-1.1910063895007448,-0.006026474650444607,0.7776236392115486,-0.4219254344640804
2013-11-01,0.682200230033241,0.3002695273018462,1.4167202161212273,0.6101519361020292,,-0.24285267017208131,-0.004877285201764285,0.5838915218015059,-2.3705092565615153
2013-11-08,0.7116431184477566,0.3466138417729355,1.3893490429465103,0.5429608329037561,,-0.13195936297243266,-0.004644861342394286,0.4340970852888381,-0.9208817549236483
2013-11-15,0.7994781078823451,0.36564881654654136,0.953642665980122,0.7297478991596639,,-0.24303148811764,-0.004471007547064462,0.8118259874069835,-1.0507619210391386
2013-11-22,0.9167219084076373,0.5424281964526847,0.9319088319088318,0.7546016597255871,,-0.4773347241226747,0.0,1.1410174256361494,-1.137551634575758
2013-11-29,1.0070416093227579,0.8550575366257103,1.0295995717601552,0.7065703772982599,,-0.5551278228817338,-0.00756479306554045,0.892370551280279,-1.6255639661841954
2013-12-06,0.5968226246734568,0.8744612994932115,1.81489833733878,1.0411953438494534,,-0.7016036820586264,0.004354632457006593,0.9662757257122315,-1.766283347088177
2013-12-13,0.4816373180396531,1.147711195054945,0.9067017821254061,1.0049886728336797,,-0.31767931993575427,0.0,0.40107904882271106,-1.997333216752645
2013-12-20,0.5858351302040139,1.1008691838910583,0.9012617605606978,0.5672605586855074,,-0.4410177606020955,0.005270304109512813,0.28170509596879445,-0.48164074684728847
2013-12-27,0.41135152503056327,1.2426343667668631,0.9343438713895619,0.5660602079031811,,-0.13290404762139416,0.0025036725462635146,0.25566247440772155,-0.5878809611538056
2014-01-03,0.5688167792856381,0.9430494032238219,1.4296639488869758,0.584025356876305,,0.04584402956931843,-0.0030512514898688916,0.2718996098784252,-0.38752979641218793
2014-01-10,0.7837084625934158,0.7138810626913547,1.7523890371978408,0.5421068558859264,,-0.06960764353440753,-0.006023028947125206,0.43526206913836346,-0.32333516208125057
2014-01-17,1.5525495300510057,0.8513547736926294,1.586066979083324,0.6338471846244454,,-0.006646086225068242,0.0,0.48041642589963646,-0.6141323966743257
2014-01-24,0.6947034628553047,0.5179137641611185,0.9681290517446237,0.3258098251816667,,0.12913230522054395,0.008530256484830858,0.7504296822703145,-0.641211151498287
2014-01-31,0.6355351059593859,0.48150830743631784,0.9101156392591931,0.2909602621520023,,0.1129389812308111,0.0,0.607540278860969,-1.0906747868918183
2014-02-07,0.5873524297051044,0.5112446526787533,1.021227746344295,0.2116496800189618,,-0.026969845014386505,-0.002039702586513718,0.48770975434198227,-0.6223126531137266
2014-02-14,0.46504870540889887,0.3435414405266291,1.0058786511154996,0.17591179956267006,,0.07091013378938553,-0.0024184405456107614,0.3046736599979595,-0.44908810919909425
2014-02-21,0.2573867500847002,0.41314560380521215,2.053228360860126,0.22653842811979924,,0.043834922464497265,0.0,0.25441142495996855,-0.5645121064668643
2014-02-28,0.44679036332373223,0.5309993218175291,2.7920321321269372,0.24819030239716278,,0.07444719759179243,0.0,0.2923296166598635,-0.8306265175858208
2014-03-07,0.2912814850391907,0.811977307480728,3.001572963253756,0.3005769744313201,,0.20637158682343795,-0.004017938358047935,0.3823122211001327,-0.6807915302875511
2014-03-14,0.4420722785396986,81.40725983374246,3.463421134455648,0.47267658214973735,,0.2924769730232755,-0.00792981399201747,0.5463878618477306,-0.4789375033760061
2014-03-21,0.2886707295774389,0.8694004603202387,2.9934806229626947,0.5139532324333389,,0.21235820644300304,0.0026433103138509915,0.45228359536646134,-0.24748314831836715
2014-03-28,0.3743731943305816,0.9576475526158607,1.6070388664915882,0.29451976182059414,,0.10682884292240141,0.002735916511170544,0.6203789077470052,-0.25795275666014167
2014-04-04,0.5605174141544977,1.1220345776943281,1.5602445283970154,0.23106645116781366,,0.1508662886851325,-0.002473519112292867,0.7484122903319946,-0.18361241119001023
2014-04-11,0.571761605513886,0.8305828664712647,1.1136411341866086,0.26292235918941864,,0.09310561528097094,-0.004468013280311195,0.5415613369028852,-0.19428748191388515
2014-04-18,1.3635258603867257,0.7725649107008855,1.1005436205357542,0.3555554151316579,,0.22087677843458334,-0.005261683269850572,0.6181683278690921,-0.2449728369143174
2014-04-25,0.7418597077556337,0.7010758522097277,2.2896277011195,0.27014510800059693,,0.1943778034567165,-0.0010916835764761864,0.6375205020188067,-0.22640290910400138
2014-05-02,0.6591064295536825,0.7231930678562306,1.4061392624204183,0.45898248193225655,,0.17862555679145908,0.00219989710232806,0.5359753996912201,-0.2625259694781386
2014-05-09,0.3488770560944749,0.8007931353186218,1.6004342984409798,0.46787967684105153,,0.020222130770059868,0.0,0.6305109713554946,-0.2856143609638406
2014-05-16,1.1491280329289428,2.8057278830628025,1.320267857815407,0.5947891575448974,,0.06423568546460168,-0.005238498756252904,0.3589967585461735,-0.5144497168222868
2014-05-23,1.4116713057900117,0.5253845743586618,1.2652360686755633,1.1712006244321889,,0.05972742651723409,0.0,0.35906404701900174,-0.9943024081606301
2014-05-30,2.6495281462489024,0.5160402608357124,0.6605150581793292,1.643143143143143,,0.1619262750378724,0.10308761989907203,0.3634840119442095,-0.44281306377251506
2014-06-06,2.69112680555224,0.6308348400282997,0.8200257204096212,1.4887414751097503,,0.12244308275903425,0.0,0.2837604478335379,-0.5142892824137673
2014-06-13,1.2156181748105006,0.9384616952775638,1.144826841195565,0.7518911592700807,,0.09202836493888022,-0.00881207087790703,0.2683260384837724,-0.46006741372382703
2014-06-20,1.1965680742228149,1.6103707851804865,1.465525899873864,0.6835385134655013,,0.1210767837067085,0.0,0.2817876705458289,-0.2821769952318255
2014-06-27,1.1657116301624504,1.8025409797450591,1.4754118557285274,0.4744046106899201,,0.13918491672603744,0.0,0.4441563113986212,-0.23139535673762238
2014-07-04,1.6778710597180422,0.5495039706681593,1.5582296437121774,0.5196012605973381,,0.464032532426111,-0.006656110192989855,1.0266959149041845,-0.24013607479322263
2014-07-11,5.9384223613199865,0.72553223556983,2.8211926703609156,0.24981565776792042,,0.5529068837861439,-0.019902105937272846,0.6227650735058328,-0.165613157216969
2014-07-18,4.412491707150042,0.9329817013472331,2.393703593544428,0.2887507449627835,,0.38958236490722303,0.006154737498885819,0.6531473285206558,-0.6319730194280951
2014-07-25,2.4475297389416926,1.1181045695103782,1.8153407677952431,0.3172329880898563,,0.2906152566528365,-0.006490341034989827,0.5124632091463398,-0.22720879120879123
2014-08-01,2.513233757844959,0.7318062313209642,1.2755664490478233,0.4125217059440893,,0.18976691079657668,0.005259584905040595,0.24125203658720973,-0.19960171921973874
2014-08-08,2.799590074425012,0.7904385583703699,1.5633741529359155,0.4080181238818137,,0.18309597179423115,0.005650053947608912,0.29612753504808353,-0.15730880590617646
2014-08-15,5.376831299558751,0.7660224034109591,1.4404881158364449,0.3857245748386812,,0.1650586535595563,0.007013983597912462,0.27688889865104443,-0.20134345082822977
2014-08-22,1.6256163856349073,0.8255931399046307,1.3119156343085203,0.36506026393676366,,0.2052129053872046,0.017804952998715286,0.3426786551294244,-0.3628363854970707
2014-08-29,1.8420550966246776,3.7469672382292525,2.4138777182717415,0.5767563717923515,,0.23874435951745093,0.01576137941770482,0.6212907641631851,-0.2273322499574838
2014-09-05,2.464510260747455,4.485642668352103,3.3710178544415013,0.36950837228936384,,0.35411683375904296,0.014488296341186273,0.4883477106061753,-0.32148909183155755
2014-09-12,2.3661372920861146,1.8434508946380819,1.596281555045796,0.27469927195999916,,0.20928256835610007,0.01629173239447353,0.8760426106917454,-0.1774966447293954
2014-09-19,4.8919749954334195,1.5682559545743449,2.2392386657018353,0.3067601441462377,,0.1709452853854487,0.018088153302120963,0.7573572620390585,-0.08408402237552391
2014-09-26,5.064159557851736,1.6481311750450507,1.6877692243016056,0.5081442927242228,,0.18541352592289806,0.050962002182907334,0.811722945889462,-0.1897865733160183
2014-10-03,2.2378191033428987,6.927875679677057,2.6918029035844513,0.2260294768253858,,0.18310467749150322,0.01344725482501516,0.4727897794257209,-0.2779830862385623
2014-10-10,1.0863917667635952,1.1177298966992957,1.2828758067694175,0.16951075197288726,,0.1621287487686956,0.008438559909793008,0.332309224042173,-0.0662920079246124
2014-10-17,1.1364486522272348,0.8046118531941063,1.5769108725734469,0.12031628257930643,,0.3108661336198491,0.020259823424937335,0.32496345390795883,-0.10129199122740677
2014-10-24,2.5659263860847954,1.6179517420250789,2.7235392462268897,0.7101189451743063,,0.4228763131473909,0.012732987810080486,0.8018356624299636,-0.3943487232171619
2014-10-31,3.0114872918829545,0.9909471536421138,3.158502759658806,0.14892513002622818,,0.47453075910958353,0.03105681646435194,0.5909357310309338,-0.2692265637012865
2014-11-07,2.720779959500353,1.0224447738406186,3.6273422779392686,0.16680718747776285,,0.62561045801793,0.08152331705929357,0.5986996761236718,-0.1849799732977303
2014-11-14,2.4233398580151335,2.2000605930731774,3.042957200193369,0.21210825584694257,,0.6689350545970547,0.09020011785963016,0.7152336710584278,-0.2027260914042412
2014-11-21,3.701182852586469,1.6085957294063078,3.317662794735015,0.5788845869346466,,0.9249863241709175,0.07241626485023443,0.6013295136196007,-0.28036231324557004
2014-11-28,2.2268994082840234,0.9211805575794315,1.966239433841418,0.4655705021762482,,1.7042654172624663,0.18383051635838948,0.7077320937306087,-0.7156181465430848
2014-12-05,2.262544490563248,0.7074633712761992,1.3849366191795585,1.256648067501361,,0.5836259375770846,0.06498734771885244,0.6939999009067036,-0.12544604256347797
2014-12-12,1.8575270191109348,2.9050747950633435,1.19934235398588,0.23388038609215017,,0.496111779049423,0.07110099820540326,0.4300738292535042,-0.09175964278018531
2014-12-19,2.2012551108472977,1.4216482393384744,1.1726420196334373,0.23634979678007725,,0.44643219470934653,0.1467683623025833,0.48241546929908785,-0.09200171683030206
2014-12-26,1.5207539281087963,0.9559518046136072,3.401003257917808,0.3386771447282253,,0.7942532782218281,0.24292941788739963,0.6137881869972162,-0.10382104419439905
2015-01-02,2.073093593185909,1.1029181615018866,1.2340113055310784,0.5336244716440633,,1.3772823454985712,0.8651324687034019,7.4840818550171955,-0.07244147476434792
2015-01-09,2.1442115664655708,0.9292906796350505,0.990688198816963,0.19088611200113925,,2.0669805244308086,0.5343707805056175,1.0298696476978553,-0.054817835970685715
2015-01-16,1.6851905367059519,4.234559619561247,1.815121928379201,0.21499139036363052,,0.7842123629794864,0.07337415105988887,0.5792786811137638,-0.017031628715099337
2015-01-23,1.613394174915034,0.8757027979627128,1.5347600549528637,0.2612501803491559,,0.36998256506791016,0.04933589887490312,0.525733251497337,-0.0146181216737464
2015-01-30,4.990224973467785,0.4098218840333277,1.117259360070931,0.10471107671999819,,0.23150365157181846,0.11110325450422388,0.3424375724523387,-0.0017913734050961647
2015-02-06,1.447403211549414,0.376483541339578,1.4138247904910646,0.1201351006290768,,0.28568493524027555,0.11273998606338755,0.5208376370711001,-0.01055983259988874
2015-02-13,1.199300326656329,0.4943930704493009,1.9617109978134386,0.1095027808941828,,0.9367830264503872,0.2166486271149495,0.5050769626086885,-0.01485921770075954
2015-02-20,1.0509399153099819,1.0297503718796486,4.747907251437962,0.19589069306477586,,1.0995381049820614,0.6189435602335773,1.312008062261847,-0.01803398809361487
2015-02-27,2.0070356340340725,3.943150929168104,2.0340231937668083,0.22155934536131106,,2.0690278824415977,1.063989389798829,0.8208062898834073,-0.006116615019710527
2015-03-06,2.1344076493142157,3.0919826131323833,0.9331953719446884,0.1775534316386862,,0.8750557660018006,0.23115905650761778,0.39788025642192915,-0.011063541038370527
2015-03-13,7.63374067867997,1.2335576177296226,0.9891383944724916,0.12559673858243076,,0.7684784077733439,0.1751192463269715,0.24016626992211154,-0.009543559410793174
2015-03-20,0.9514035887900016,0.7658237008480095,0.8409063029909442,0.07893052317220194,,0.6595324550988723,0.14726839925652982,0.2030848576173344,-0.016219039549752793
2015-03-27,0.8205347547062438,0.8792662335278788,1.289192331834412,0.07640402347024308,,0.4696472938437845,0.12466251555955495,0.18854368479937847,-0.00744403824958475
2015-04-03,0.8959485143372067,11.9357197772319,1.190689317693802,0.29168613926804504,,0.2701311896499042,0.5750573018991487,0.505185866835375,-0.04539175952074299
2015-04-10,1.8216223051698874,4.250086094395708,1.5260556084475385,0.14830124644439832,,0.36774120022141904,0.11777860586863953,0.9907462521707648,-0.012002719357333533
2015-04-17,1.5892981795721757,5.983124550714731,1.6610570866101406,0.12746921173354944,,0.37078150599082094,0.05936106006306482,0.6418514486448422,-0.009596536805150518
2015-04-24,1.4196778742791187,1.7859446847810239,1.327388061195215,0.1951838528179567,,0.5112181224496875,0.07633189265043051,0.36178396148222647,-0.011858744987790264
2015-05-01,1.488487144838856,1.6779270331562133,1.4269377567570192,0.1807148232389424,,0.36803680909003317,0.20486970338983054,0.13770785973728672,-0.014194536511832404
2015-05-08,2.077454086679761,3.7975172719904284,1.2649947884420967,0.20633856706380457,,0.5092456542747034,0.1897452086349388,0.26226544110878797,-0.011723188121899248
2015-05-15,1.6523278212793637,2.986144684449769,1.9083189251070605,0.32357744234734254,,0.40092474165565145,0.13508435856554743,0.16584120910757036,-0.013347824809799373
2015-05-22,13.053475417776701,2.3091108295496174,1.9669534596406089,0.33490267041554117,,0.5347285755967777,0.07567146325953245,0.2543767052914553,-0.03047952167149827
2015-05-29,4.098634797990702,2.7763447637914522,1.6304393228067582,0.16425549161526212,,0.5123683970508122,0.10912512755467565,0.5124958267754091,-0.012735902553359569
2015-06-05,2.7273091961339118,1.8614403087099154,5.135959526499337,0.29496849701973304,,0.2948708138454451,0.3392615493330977,0.4409411841975633,-0.02949962054136099
2015-06-12,4.887978962725038,1.3751678867445096,3.563876801411085,0.10995182272302718,,0.26145451177099677,0.07021355728060248,0.20929396679555917,-0.029126712786132106
2015-06-19,3.287367565648005,1.1892390190438744,1.4314167511140246,0.11866103225487475,,0.2373300750310071,0.09247083775185577,0.22458599842285115,-0.037695358306045326
2015-06-26,5.83538999745203,2.5715087899709426,1.9286573887575658,0.08191476641899394,,0.6536460387634919,0.07843378373039389,0.3113763010012501,-0.02854816106069947
2015-07-03,7.096481579940662,8.30181892328525,2.008877876182218,0.1159748666763145,,0.7593406517345441,0.11454405784422678,0.6124582744519927,-0.03453204689323421
2015-07-10,3.2414069403750503,3.4753833736884583,6.876948875997099,0.18436883497629336,,1.3919759445746516,0.10925093086540352,0.6289917714807307,-0.049204696061752776
2015-07-17,2.917045483990532,2.2595611217809055,5.478594574913526,0.15890930128058023,,1.3652103942289295,0.14283216885546882,0.41762855723938663,-0.0938602902189396
2015-07-24,2.46003733710996,1.525341539609269,1.755554621613292,0.18834031665105128,,0.8778054459608046,0.37027269742821717,0.23837657249458213,-0.06919041935392001
2015-07-31,2.190051547078333,3.7780007417078587,1.4713060998337781,0.09964452586641567,,1.4115846419426672,0.2298004315982692,0.18747091264102014,-0.05827379620979874
2015-08-07,1.9096420440001618,2.16926102642421,1.3768101576424514,0.11741459766959782,,1.4039067952131095,0.2212197704640989,0.1964895109796892,-0.061108113840932565
2015-08-14,0.23447396439448334,0.9033782130056652,0.8197592135611058,0.2111010622626326,,1.1272970605150145,0.17510723724552146,0.6387288927241423,-0.05329451118771289
2015-08-21,0.34046803688701627,1.1045626116615235,0.9427266479785945,0.33338864692350356,,0.5870064055672528,0.23019549739202727,0.7369344660896748,-0.058275331675711
2015-08-28,0.39402934108202486,0.9964362492938921,0.9261732480445866,0.10314253060084975,,0.3690800140132474,0.2650799490871485,0.5856144987728904,-0.034929521619317616
2015-09-04,4.304663140861191,1.3751520348029174,1.1556963510500997,0.11105435514955891,,0.3709530972347788,0.360092132681003,0.5754999027890375,-0.03174756234360169
2015-09-11,1.2558004873615725,1.6000266568708086,1.7151355306197877,0.11080201933993027,,1.2140330366343854,0.3080990592280357,1.0699663477294707,-0.042349461294425975
2015-09-18,1.3911778672810735,2.0510417105097014,1.061670507710841,0.1034777269174947,,0.4127197671299244,0.15462869630771578,0.1449787963142013,-0.041903419227388626
2015-09-25,1.3785358264427094,2.093405290088561,1.059964444862126,0.08585219933374125,,0.31189149597421567,0.13745882654655905,0.11361988482330483,-0.009352715539804176
2015-10-02,1.671689875854454,2.2793140067867683,0.9445814775676702,0.09120458366212647,,0.3182269947784146,0.11509867963294941,0.10678419386529855,-0.0073026363221263615
2015-10-09,1.52633851792326,0.39171290887850463,0.9995955812229222,0.06357467865163767,,0.1867055282310181,0.047520353530074444,0.08208276568740465,-0.004788263861312015
2015-10-16,0.8497689796828708,0.33470197787462286,1.7956803344257217,0.13071000083764506,,0.21919151768381742,0.045438930981315385,0.10662420286480435,-0.01481907325575647
2015-10-23,0.9224013205487379,0.35491659465263053,1.7143713219287646,0.08866377021061704,,0.16099867499526782,0.07865893940303886,0.11052896210924917,-0.003960647643941044
2015-10-30,0.6440501451501621,4.679495056931102,1.9622785650693284,0.1599542165698171,,0.6352734245012439,0.178525400804,0.22825473078257794,-0.018173443227045918
2015-11-06,0.3985574983145094,4.913129482382288,2.3026718370770682,0.35845465761875384,,0.6659871675967574,0.4765238041858167,0.6869523434167832,-0.039334444439708266
2015-11-13,0.47566113551451,2.378435442568459,1.8784295705191427,0.4574261148476257,,0.931581266660406,0.5806087385806528,1.0284505765647818,-0.05580758384223661
2015-11-20,1.0691846191085446,1.8897080785374059,1.662168427731277,0.1028197753029968,,0.5292201822210372,0.16061940810158995,0.2768386257169271,-0.019603662226999014
2015-11-27,3.7284797759896606,1.1171547782441698,1.372042908856585,0.11963706665494969,,0.9581419013843854,0.20261431507262986,0.3240084334121539,-0.02449406606294438
2015-12-04,1.9828651876745613,0.9950250664583704,1.0456658745738197,0.130179548156956,,0.8559714870641647,0.25570246603998764,0.3161897480875573,-0.03144729413950564
2015-12-11,0.846664973911302,1.3763257770884556,1.1678662832162174,0.13422892470564934,,0.5819052034193608,0.13966766724818824,0.20832918239411416,-0.18483438590712437
2015-12-18,1.007824517398595,0.6846200612102497,0.9515212775240699,0.06653688256674424,,0.5008356139551952,0.1331730287774369,0.17622811637996758,-0.19831099460383675
2015-12-25,1.0988663296785106,0.6167306797020483,0.9407238860333704,0.06017780695037013,,0.4051227223784286,0.1900880023248709,0.1839814270691575,-0.09837164142624272
2016-01-01,2.15936628832161,0.5754909358719733,1.1000781847060852,0.169733206115691,,2.035256050574197,0.24989336056097172,3.2106013840605607,-0.05470474865944711
2016-01-08,0.7744393480690408,0.5175309558352171,1.1893496756850404,0.0906720980652518,,0.33650931793896466,0.1790953109556755,0.253113889940648,-0.03234795246492915
2016-01-15,0.5529561828936671,1.0953650086012647,1.7043306742909523,0.14799815835089128,,0.31650046241086427,0.18235274911337734,0.27996665308485774,-0.05995499564738926
2016-01-22,,0.9773851268150653,,0.06998246291571437,,0.3576746029326586,0.09506580741523912,0.15425818959486737,
2016-01-29,,1.086183431625303,,0.08396491228070176,,0.3068872845752577,0.22281325902260565,0.25338695862659666,
2016-02-05,,1.8351264526422457,,0.11391366484852535,,0.9193191514694501,0.24188008436275985,0.3401246528450559,
2016-02-12,,2.782615630671604,,0.18513959627159118,,0.6685212140399918,0.1459378242150286,0.2684788640956639,
2016-02-19,,1.675056179775281,,0.12008234298099858,,0.5032996953657748,0.10142171236802539,0.47482424547830426,
2016-02-26,,1.6632712155081004,,0.1502520242766242,,0.5680559487034325,0.14633537024877175,0.5881089512838973,
2016-03-04,,0.6394685523490982,,0.05603206392452677,,0.2906732329250958,0.060791559415566375,0.1822569607673952,
2016-03-11,,0.7585520452236565,,0.07959825039910087,,0.43078749120891424,0.06344334287283969,0.32146578426612843,
2016-03-18,,0.4728920225043277,,0.13449976916812342,,0.3354949533281504,0.05557615278763815,0.5998243119849278,
2016-03-25,,0.9694214592069509,,0.1061364833492655,,0.5365556442350742,0.05083170891025583,0.12218784504519971,
2016-04-01,,0.6657368406664466,,0.09756427857629842,,0.7656071145549,0.036800650949180266,0.1694962750433477,
2016-04-08,,0.5707869790864522,,0.12161634257551678,,0.8779391100702576,0.0373926115636428,0.14918335479716677,
2016-04-15,,0.8789859773441789,,0.16516458603483875,,0.7635697985093363,0.05579043098844181,0.49572925754785063,
2016-04-22,,1.4775703899902055,,0.7526306118699087,,0.38119245190016326,0.17350041521125903,0.5048359586635899,
2016-04-29,,1.9140946343765066,,0.40961441463812087,,0.4463228824652889,0.17666183167861654,0.6476575395841451,
2016-05-06,,1.036290261577331,,0.07083398214706042,,0.5584640019489269,0.11710019398076132,0.23948331592410124,
2016-05-13,,1.0387603362709308,,0.09000884689046383,,0.39740615224191866,0.09348357391701338,0.14696827327526407,
2016-05-20,,0.7495432217523209,,0.12274968399848205,,0.4471468107677745,0.6087601086002313,0.29295583167346423,
2016-05-27,,0.5587133879862283,,0.1271743876946169,,0.5109491812706196,0.1253841224504742,0.15451668224254045,
2016-06-03,,0.5499840708398344,,0.0969556770054373,,0.5256921132908727,0.06833463920833127,0.13348441389285803,
2016-06-10,,1.7099509968873559,,0.20222470549610086,,0.6458976906440577,0.168839017601186,0.25112291324279906,
2016-06-17,,0.9450717829803703,,0.12227301135790886,,0.296348454116961,0.10159673422395699,0.1942536833778305,
2016-06-24,,1.0086326719425893,,0.18171600584232836,,0.26604334813882524,0.25889756438643513,0.22958401902891676,
2016-07-01,,0.4988608597188759,,0.05909435896794683,,0.5971204583144881,0.24180191288699301,0.21481349098103397,
2016-07-08,,0.49651476121072435,,0.06913884960019019,,0.7075391050945854,0.10697841600476918,0.20389848499469265,
2016-07-15,,0.5267070447641045,,0.05700451409933706,,0.3493069352149985,0.052906827576376686,0.18139380284297577,
2016-07-22,,2.0437972382082914,,0.05906651772188838,,0.304771088908562,0.15156439125767923,0.19977185395873914,
2016-07-29,,3.6239791809487043,,0.03292264437036901,,0.33104178663191464,0.0475090764082999,0.3162063847743212,
2016-08-05,,2.715605648400052,,0.037449565586976506,,0.5146030575023567,0.006588901967975298,0.15156975622225954,
2016-08-12,,2.1447132220381393,,0.023223761328644555,,0.5432039492312049,0.0,0.11247481870344644,
2016-08-19,,1.3206933588662968,,0.02099902315131386,,0.5241846356432385,-0.02107791175301444,0.14262352972650014,
2016-08-26,,1.3872284665573047,,0.014907147136076679,,0.4873681158127188,0.021877926363406647,0.29869072979247946,
2016-09-02,,1.7760256054250763,,0.03865605205408565,,0.23498665420459958,0.027369624128586498,0.4720949365123715,
2016-09-09,,4.909374764168742,,0.066264380741484,,0.15643848633886046,-0.04039799909177635,0.1565445786566117,
2016-09-16,,5.104774031700179,,0.03355252607925093,,0.3398781678456553,0.006872432239322347,0.17702866278405846,
2016-09-23,,1.8541290609883367,,0.030277270739781932,,0.15145738141079793,-0.0597663629049185,0.10106709878566354,
2016-09-30,,2.0426023826168005,,0.019331523511149546,,0.38430328296824673,-0.0557830089954864,0.12392316620455236,
2016-10-07,,3.171039978721663,,0.018787394979977494,,0.2861116745300351,-0.04566593158623519,0.0692086055924919,
2016-10-14,,1.1227427771675982,,0.05554615480053873,,0.23092333955438407,-0.08043200127941147,0.1493682052075676,
2016-10-21,,1.0357585965904184,,0.07743854277383937,,0.29443103570667994,-0.09283158134643757,0.14795204846936572,
2016-10-28,,1.5084024795537054,,0.03777266736921448,,0.05357266316371682,-0.053430826033446746,0.14350586212161393,
2016-11-04,,2.818616675166629,,0.05913813403452057,,0.10094722818625154,-0.061044292763079336,1.2414920260763875,
2016-11-11,,0.46903567512074473,,0.05250184721468004,,0.09780569601042369,-0.0019753959539185943,0.11926571879167991,
2016-11-18,,0.31689270136667635,,0.025280750561003006,,0.16815643906975367,0.004150714518181012,0.09624155186644609,
2016-11-25,,0.30224369635114867,,0.013625284954153449,,0.1634965282172363,0.014577724889079362,0.06402559726580762,
2016-12-02,,0.5355831932083829,,0.014961786324911226,,0.19629126851467163,-0.02371095206073468,0.11471144105595792,
2016-12-09,,0.6412744976649237,,0.027974799778316288,,0.28152651717696403,-0.034397488970881254,0.29303086565276765,
2016-12-16,,0.7147307829639967,,-0.042261359682694316,,0.28623842639662717,0.01372929884711647,0.017211843605254237,
2016-12-23,,0.7685154134211342,,-0.11236599326768236,,0.21631002247650183,0.07468960432980608,0.014071323063937538,
2016-12-30,,2.416129387078214,,0.0,,0.5037821215411067,0.05557075265246986,0.07393653287292316,
2017-01-06,,1.102109771611752,,0.014800124710650703,,1.1694654876093367,-0.0725327801985714,0.1444434917436568,
2017-01-13,,0.9725433526011561,,0.009666194243501658,,0.3120332582595296,-0.11256455851780181,0.23944500871484284,
2017-01-20,,0.7231373101581134,,-0.0324345636947107,,0.2704207712766834,-0.2445068658585678,0.1473288438563202,
2017-01-27,,0.9150266363543823,,-0.04394323675603637,,0.3029853375986257,-0.12336571656916756,0.15686267943184623,
2017-02-03,,0.8819185457124934,,-0.027226444901487377,,0.44466848214458166,-0.05930717110971152,0.12532673611428674,
2017-02-10,,2.7899195468558107,,-0.03092242127411704,,0.33725220792934624,-0.015209289507558888,0.1170855464519088,
2017-02-17,,1.6250301796199873,,-0.03643465867775807,,0.5084637336959644,-0.022267173766929035,0.11640256465867808,
2017-02-24,,3.185083994254668,,-0.02999593991067804,,1.3396077828784356,-0.0315129544018359,0.20225790958142578,
2017-03-03,,2.415677908828594,,-0.01101047416843595,,3.7806243925271588,-0.03702313340025333,0.11181432304483667,
2017-03-10,,1.8981111232836694,,0.0,,1.4374944304173474,-0.03843759772214816,0.0964153661634979,
2017-03-17,,1.5387979781192618,,-0.017939768580269064,,1.3867250336225312,-0.056901917735252494,0.03259995934017616,
2017-03-24,,7.527155727155727,,-0.09174189700881738,,4.023839565284928,-0.09197580818307034,0.04778226134598025,
2017-03-31,,2.307510026599368,,-0.06947077466108757,,3.6687920528533957,-0.07328345716969852,0.11871183576792375,
2017-04-07,,2.4698636875961317,,-0.039447852171416435,,0.43514938743535253,-0.15248483348912226,0.03859358303204673,
2017-04-14,,1.7628084319170902,,-0.05047824490368772,,0.2529080784049519,-0.12185468274422925,0.04741124764736368,
2017-04-21,,5.636307782533111,,-0.053091604807758604,,0.3392092536651609,-0.1423491043977246,0.047072158758506025,
2017-04-28,,6.04907230418974,,-0.10836434862734802,,0.44113735166255436,-0.3081277619710636,0.05377307118192359,
2017-05-05,,15.857782235697297,,-0.07686369066856463,,0.39079637200401707,-0.20572153917166716,0.15010079422382672,
2017-05-12,,18.420505117214645,,-0.04950916657042482,,0.41900000641762025,-0.19456873811263647,0.10052719189369817,
2017-05-19,,6.226780174335027,,-0.11829193618418855,,0.9757382990019627,-0.053817702214977586,0.06389908949142312,
2017-05-26,,5.540440820220782,,-0.1171913746867333,,1.1454903576841677,-0.07494681132359463,0.07348024564690488,
2017-06-02,,12.397687136481295,,-0.27324590408241195,,0.43291222283747016,-0.08706462062811991,0.034543313858966425,
2017-06-09,,8.050742691949257,,-0.2312238367849379,,0.3513270501842117,-0.26055412288242136,0.0,
2017-06-16,,9.37716203817155,,-0.21174326774292182,,0.3005483525746053,-0.5211898460375103,0.0,
2017-06-23,,5.608708208601087,,-0.30661491468705615,,1.0658946614836817,-0.4081429932903935,-0.1240633297276035,
2017-06-30,,3.645560618213994,,-0.24913609436707543,,3.7240726396419657,-0.16895628341902127,0.0,
2017-07-07,,3.1145326850351167,,-0.1241680122799673,,2.5283472341120588,-0.03749042453815656,-0.04615219777576608,
2017-07-14,,0.8251958686877263,,-0.03447167334023797,,0.6396268163804492,-0.13627220501356455,-0.003359636197444052,
2017-07-21,,0.8291357540499613,,-0.03436326309904593,,0.6510798373083312,-0.11219649771125617,0.0,
2017-07-28,,1.316035851409995,,-0.029524615086933687,,0.6140163020913004,-0.4777940234117636,-0.014809429983980736,
2017-08-04,,14.581964949548594,,-0.03997259653119509,,0.4928477976450065,-0.1306548714599537,-0.05304738118743912,
2017-08-11,,2.569430807439067,,-0.0933920979687876,,0.21478629526275003,-0.169942470184103,-0.8074437797895141,
2017-08-18,,2.1892939920803833,,-0.048655050095075,,0.253299609521698,-0.48577510842996946,-0.4496605835200105,
2017-08-25,,1.3568873212295884,,-0.02495208298100231,,0.21541102248736937,-0.1221708544906956,-0.12677485739325034,
2017-09-01,,2.236875897492544,,-0.048889377544444744,,0.37568988020774835,-0.1117454519150783,-0.12689090653692425,
2017-09-08,,0.63792347609775,,-0.032403045465494586,,0.5364826745395217,-0.08133284744681821,-0.4070385741402053,
2017-09-15,,0.4775791967707023,,-0.09456979206691031,,0.40970215013953937,-0.07016239144922247,-0.7810390761210433,
2017-09-22,,0.4608734739428919,,-0.0934619452309316,,0.23350264497825793,-0.07648086868079133,-7.596482058041497,
2017-09-29,,0.9813729747582555,,-0.10505848567000593,,0.22466237188064728,-0.10819680748541291,-0.11393253761127661,
2017-10-06,,0.8982333478610495,,-0.10958936657907976,,0.20794350883943147,-0.0993276693963859,-0.04765806172962556,
2017-10-13,,0.4159678019893264,,-0.0403101355744194,,0.8670501368225711,-0.05967001471892771,-0.012851058637929371,
2017-10-20,,0.5538462140236413,,-0.028343301363433975,,0.9183187410040478,-0.0489025850041374,-0.020738715525352162,
2017-10-27,,0.6314079609116374,,-0.022289057892547107,,1.4264017229683001,-0.03569278251067612,-0.007427920179051207,
2017-11-03,,0.6290850212404605,,-0.020906733035398813,,0.4455951836301727,-0.06536348842104182,-0.06985393150024119,
2017-11-10,,0.705880885251628,,-0.024837785133831603,,0.5202904054057452,-0.09242086596719372,-0.24565716901351,
2017-11-17,,1.3361036731389218,,-0.013005156129701712,,0.659754526473444,-1.6404344102172472,-0.17561461665959988,
2017-11-24,,5.96972747143525,,-0.026256840473734007,,0.7672960592000939,-0.25744566876831354,-0.18215077283818662,
2017-12-01,,2.571323852807506,,-0.03612386672918594,,1.4604268787425652,-0.09070259484737009,-0.2680317889983133,
2017-12-08,,2.8282611430248648,,-0.051409284310306815,,0.600568109361052,-0.08617904572294745,-0.5070228421583273,
2017-12-15,,4.703413656373547,,-0.15491740638410442,,0.6559190605539656,-0.18937537812686878,-0.8003452423239669,
2017-12-22,,2.2924988810562827,,-0.1607716303897165,,0.39629473531557746,-0.12935272356661603,-0.667580423297349,
2017-12-29,,2.415926168024697,,-0.27637633857524346,,0.6200495094759089,-0.5424101449535682,-0.21510419431637667,
2018-01-05,,0.7458852820691462,,-0.46438644669736323,,0.6715226855587377,-0.4615139977603584,-0.14385175608705023,
2018-01-12,,0.948982955080516,,-0.3477548792138665,,0.20307659580125775,-0.3224505102288419,-0.06949657014708793,
2018-01-19,,0.7762009430606606,,-0.2307436335234497,,0.276942005933373,-0.317007859172251,-0.16358096830690394,
2018-01-26,,0.7372295331265791,,-0.23182105159630328,,0.3027241791764412,-0.28362144815692897,-0.1524573691386134,
2018-02-02,,0.39516016202466775,,-0.0942057889663775,,0.6123889524975533,-0.08754724720911836,-0.12863791314658368,
2018-02-09,,0.41801728998308596,,-0.07726492834535213,,0.35269801112966565,-0.07248654170972246,-0.09796829151558738,
2018-02-16,,0.28022784017914554,,-0.05382342577257832,,0.27972830578917063,-0.06391321025141602,-0.08847453065352626,
2018-02-23,,0.2845804442732409,,-0.05093236045482627,,0.21406166157081785,-0.0556010265913637,-0.09462988250495112,
2018-03-02,,0.37440691034488816,,-0.05878604792312606,,0.2876270811846176,-0.06613000413524212,-0.12190436637532329,
2018-03-09,,0.6751175363863773,,-0.06250244543193315,,0.3410761330490436,-0.11699745741813142,-0.31243646410652703,
2018-03-16,,0.7914925709530332,,-0.12912382458915547,,0.7783834545414838,-0.3045239702903444,-0.5597723558200999,
2018-03-23,,2.0199981152903796,,-0.2207869367729076,,0.4331572493161022,-0.29599075264563346,-0.5799439569138423,
2018-03-30,,0.8253016799432131,,-0.11371196254773933,,0.8887501027200263,0.2616384125641276,-0.8063769021375341,
2018-04-06,,1.0926372491876097,,-0.1302151706856973,,0.3863201475141773,-0.32298236164886573,-0.46299190897100223,
2018-04-13,,1.1699677620911324,,-0.1314744547692699,,0.37661405867943754,-0.32162016843275376,-0.5309745095882024,
2018-04-20,,0.4810179813389541,,-0.13203128780698536,,0.5901830313531049,-0.23164281189174624,-0.34630392271715527,
2018-04-27,,0.688624942167483,,-0.274500005820654,,0.46978053454992397,-0.1675315118893507,-0.31123487138471667,
2018-05-04,,0.7315887161648982,,-0.2839347293793087,,0.4680678335285875,-0.1600434667906182,-0.26827109970442375,
2018-05-11,,0.7989605626993531,,-0.16339242472319176,,0.2912436397356032,-0.3062415474775624,-1.1161890392193845,
2018-05-18,,0.5977697249368007,,-0.16207596277499237,,0.3338629935753091,-0.3095143793777659,-0.6527791750503018,
2018-05-25,,0.6612354526448089,,-0.15006198919101096,,0.4257484306850952,-0.19106376526892424,-0.19805751218246606,
2018-06-01,,0.5016993494450808,,-0.19569123865772473,,0.40407907955342426,-0.2509018947301829,-0.24625128606892385,
2018-06-08,,0.4961642751884045,,-0.24861860606180247,,0.5501553874876282,-0.23472976759248815,-0.22569158762438488,
2018-06-15,,0.573315382074081,,-0.1437176886362734,,0.5168878013973205,-0.1545557340012659,-0.1663094182188496,
2018-06-22,,0.643671433124297,,-0.1413631059594465,,0.3489669061404698,-0.1481844304285498,-0.20455232087396824,
2018-06-29,,1.8490418121599412,,-0.1051714528050406,,0.42148123798806547,-0.17589413447782548,-0.19119209162894976,
2018-07-06,,1.8169636987365678,,-0.087295473059467,,0.48803384367445607,-0.1584065813757077,-0.17095935863325698,
2018-07-13,,1.7950825515412472,,-0.16112412000658755,,0.9828781828330971,-0.18934787041694423,-0.40390880595552947,
2018-07-20,,1.865478001843002,,-0.12450158845420714,,0.9413237564254228,-0.20558870023419204,-0.4301213335712423,
2018-07-27,,0.8167011643681825,,-0.07978394246055141,,0.9844256326739332,-0.19685036098886913,-0.540784114353951,
2018-08-03,,0.7559618386696382,,-0.0970358859210136,,0.9051508523708363,-0.15330719377835386,-0.26457554725040044,
2018-08-10,,0.8030654115795539,,-0.11779197925349634,,1.412365191074388,-0.2394690383398288,-0.4590054777120629,
2018-08-17,,0.8278565332263362,,-0.12520729414577425,,0.8830119190396841,-0.32166750218709755,-0.39159138419322986,
2018-08-24,,1.3315438867215093,,-0.18692179556606123,,0.7920141938450113,-0.17335400747898558,-0.1597107242882729,
2018-08-31,,0.8166414445652493,,-0.21444007858546169,,1.2273334162623875,-0.1561879131135175,-0.14614148031419924,
2018-09-07,,0.8693736545283648,,-0.11748070588801002,,1.7023861550563761,-0.1648850813167291,-0.16066013096166465,
2018-09-14,,0.6359450149273317,,-0.16199811996707925,,2.0029345110116803,-0.145975205659967,-0.16203576682276094,
2018-09-21,,0.6292157591369969,,-0.23323696834954605,,11.313761210762332,-0.1459108700657474,-0.34188995888271095,
2018-09-28,,0.8834534105615353,,-0.17731510634498446,,0.9198609007429314,-0.2326835812869193,-0.4709492018873607,
2018-10-05,,0.6614303814419183,,-0.11508794556545768,,1.1258025375310565,-0.12617156861873266,-0.1376656540545512,
2018-10-12,,0.9937058040633511,,-0.11294444884757494,,0.9375629061081404,-0.1507494035508848,-0.13439310939324844,
2018-10-19,,0.8161436450658144,,-0.15039366763504697,,0.8216384855631764,-0.17015853193334796,-0.11531399057735639,
2018-10-26,,0.7497909956180062,,-0.19739264777465027,,0.6954601641821005,-0.19190265458442618,-0.08854392832492114,
2018-11-02,,0.5733576432870225,,-0.08888393777297934,,1.3840243336346534,-0.2849857921556305,-0.10455737123509443,
2018-11-09,,0.6589911438463529,,-0.07599307759903874,,2.033876230925627,-0.25740507247545186,-0.0647969597902388,
2018-11-16,,0.7534985563041385,,-0.08528110706325692,,1.1150983188197128,-0.2163810633718234,-0.0851711750119528,
2018-11-23,,1.0319372325924057,,-0.09955567897806164,,1.32021461070553,-0.2011966667241766,-0.08628715667217585,
2018-11-30,,1.6626851350305656,,-0.22453686117399976,,0.6579269940133384,-0.31474692020554124,-0.29543814988230227,
2018-12-07,,0.6075591612701317,,-0.42801569326118477,,0.523656966766352,-0.5284532270916334,-0.3419278725035598,
2018-12-14,,0.591176427432529,,-0.3846757722539097,,0.8628926608603421,-0.3190014159945823,-0.3496510612317581,
2018-12-21,,0.6159813324605825,,-0.24661574540569067,,1.7243220777849977,-0.24753073752047663,-0.5042356482476886,
2018-12-28,,0.7495047241694605,,-0.18246173934214463,,0.7511686886492465,-0.2497972036620674,-0.2650757458442578,
2019-01-04,,0.4809185391133303,,-0.13857480589174734,,0.6937596071068011,-0.25179144935185765,-0.14966596452617564,
2019-01-11,,0.7007894313401615,,-0.2805191807874784,,2.025282871634803,-1.3617119404309677,-0.17931853992739683,
2019-01-18,,0.5153748725577404,,-0.2912570617953759,,0.5748485625110511,-0.24670633795556474,-0.18451675777740556,
2019-01-25,,0.4756474724219299,,-0.3341146053948561,,0.6911366783101284,-0.27989431006649435,-0.16720671160076497,
2019-02-01,,0.5396721943333276,,-0.30503169006261843,,0.6270301066545998,-0.2502754931484383,-0.4305083563591491,
2019-02-08,,0.5715299291817785,,-0.2767005986292258,,0.5910377118192723,-0.20268578843502472,-0.1535219748356762,
2019-02-15,,0.5935601583737147,,-0.27057814655833207,,0.7850619438466235,-0.23810250278316086,-0.13960455471847338,
2019-02-22,,0.6548326766879201,,-0.3540582089054793,,0.6125188405436041,-0.18610270969974266,-0.13085458284654972,
2019-03-01,,0.6330268069664295,,-0.4096384147658878,,0.66830426716141,-0.1949668088751256,-0.12241847481686141,
2019-03-08,,0.5625996113644977,,-0.26980611392553017,,0.5149569924471085,-0.19896016815801218,-0.13929251172484813,
2019-03-15,,0.7318164530702563,,-0.6895829365835079,,0.7990409211431472,-0.24434315290506953,-0.13989627202109486,
2019-03-22,,0.7607855030707408,,-0.8340561934145971,,1.4728087150491715,-0.2242077291069812,-0.5876248699109474,
2019-03-29,,1.6339809173468214,,-0.8438500100260679,,1.6111636296035534,-0.30550674970812675,-0.5819943973983321,
2019-04-05,,1.311197260376554,,-1.0231320026712176,,0.8410307039561512,-0.3625594092870886,-0.33478900520141897,
2019-04-12,,1.6283634642864928,,-0.6819215727593324,,1.1223224839951782,-0.6397479103596657,-0.29394097550088416,
2019-04-19,,2.006132855567806,,-0.7156715147865474,,0.8573478923519589,-0.6117502378772375,0.1552147846690657,
2019-04-26,,0.9729926628465543,,-0.17267532787562356,,0.5938515669260817,-0.38925057277221753,-0.2787719815505783,
2019-05-03,,1.1659302929081883,,-0.18012966274440545,,0.6795385161519346,-0.3584415047540306,-0.3732207162148644,
2019-05-10,,1.0699284153383586,,-0.23867655158419573,,0.7543463565596713,-0.4868471886558734,-0.2011763863079835,
2019-05-17,,3.426132331454811,,-0.3187122360671206,,0.7164850415715911,-0.1446496696610475,-0.148415139391146,
2019-05-24,,0.8483996071838745,,-0.22333535004179036,,0.44901132773368263,-0.14389983150620653,-0.14676005822457694,
2019-05-31,,0.8259754365444065,,-0.21873892649050447,,0.4566963680824843,-0.13705674047320787,-0.1416738373513114,
2019-06-07,,1.0277636853573746,,-0.2069848597633015,,0.44142916373731367,-0.08345835497067877,-0.1358340948714459,
2019-06-14,,0.6955622041402224,,-0.2876197343803931,,0.49399066786067775,-0.09911416838559507,-0.19819036876624502,
2019-06-21,,0.5480010102458037,,-0.1396371405058669,,0.4052472346063711,-0.09090860077147661,-0.24368649048663044,
2019-06-28,,0.5683691662864733,,-0.1262756362917435,,0.3550707876755236,-0.11947417586553793,-0.19910806319755459,
2019-07-05,,0.5965093086028634,,-0.08371729014322837,,0.3368157278190893,-0.13136577917639639,-0.16447491240163134,
2019-07-12,,0.7619361305519009,,-0.08402559871482579,,0.5231052634090703,-0.14555366355757746,-0.16371374506958516,
2019-07-19,,0.956909040400214,,-0.16705056865481993,,0.7571287607623102,-0.15470728294103211,-0.26085565839500957,
2019-07-26,,0.7521121208569937,,-0.19824320727287617,,0.6216287188359233,-0.14253939388123293,-0.25292582848262607,
2019-08-02,,0.5040074678373324,,-0.1465008803432919,,0.2734264119174362,-0.12803352768236306,-0.19111139943680383,
2019-08-09,,0.5484023939352269,,-0.14134356269205106,,0.3371922289559951,-0.12254496374828806,-0.2638483957254834,
2019-08-16,,0.7039662835895198,,-0.12195989810601034,,0.5598725780311927,-0.1838859994588582,-0.25622057537561943,
2019-08-23,,0.6643370382844953,,-0.11855247102855734,,0.3754270644638297,-0.23758833880696734,-0.19919156305229468,
2019-08-30,,6.771353989862928,,-0.21277248485476108,,0.4581528835020816,-0.22927471636953,-0.23358655782078688,
2019-09-06,,1.4651170745240818,,-0.1994546693933197,,0.49663100022523315,-0.13988251458611284,-0.20322006484263416,
2019-09-13,,1.361564231816901,,-0.19368205962369286,,0.9026481523636088,-0.15994961099689603,-0.2080364122192083,
2019-09-20,,0.7250200128233825,,-0.14202792371745857,,0.7337901694437834,-0.186064430314041,-0.2675466684548906,
2019-09-27,,0.6464022757415456,,-0.11089300713166965,,0.5780892485911902,-0.13953286072501006,-0.18875700567593617,
2019-10-04,,0.8180578671508919,,-0.11410202418052737,,0.5655693499153283,-0.14950876863628543,-0.09867450030466934,
2019-10-11,,1.2225888764868507,,-0.10830725117622116,,0.6587627530181908,-0.2119414631650314,-0.0814168922864575,
2019-10-18,,1.7873783503968712,,-0.14211917224327628,,0.7664821752470715,-0.14853816218045432,-0.07930672100373834,
2019-10-25,,1.7526437034289144,,-0.22968630248512925,,0.5955993709226468,-0.2069840657928553,-0.17493304200733012,
2019-11-01,,1.7105209425784478,,-0.19316785887161836,,0.2561394132884522,-0.29195657803867403,-0.1415740428342655,
2019-11-08,,1.5433541734496643,,-0.33090650417661643,,0.23057834427074747,-0.138973700319592,-0.12443135036293562,
2019-11-15,,1.3201010625931648,,-0.1735096958605483,,0.2290431292742058,-0.16293539699920095,-0.13360127449352374,
2019-11-22,,1.9069102646596556,,-0.10213377935079149,,0.1713362243508095,-0.1248860211402131,-0.1451488823577626,
2019-11-29,,2.8323493196097624,,-0.1823914117821057,,0.4104987373445918,-0.4292328505268195,-0.23951433139602737,
2019-12-06,,1.1677064857829462,,-0.23025454780758872,,0.6624496574631513,-0.13433709517701276,-0.3337481954843801,
2019-12-13,,1.257773938353341,,-0.15494957279567495,,0.5010485455770125,-0.11168144990200635,-0.3213568229659664,
2019-12-20,,1.6376573175544282,,-0.19817058464388143,,1.0996896762726187,-0.1194208112464481,-0.28586567465758367,
2019-12-27,,1.707869843545565,,-0.22971025958042038,,0.660754022719972,-0.2326818154959261,-0.30724871942488524,
2020-01-03,,2.3349454891344115,0.9628321534430396,-0.12555618877787073,,0.5178444765009206,-0.22413737713695644,-0.6148530001298634,-0.8461081928124821
2020-01-10,,0.8554044854832344,0.6250091869391791,-0.16471230717982882,,0.32206993600123374,-0.30100736022287433,-0.654890509606276,-1.537396494548096
2020-01-17,,0.9068702208523741,0.7065996013454591,-0.31451017942522236,,0.1854622110400477,-0.24934981341338838,-0.35861843737500065,-2.300543790330845
2020-01-24,,1.0757905303664046,0.6880354128260552,-0.24474050326639246,,0.16396240826767894,-0.14212254908001923,-0.41681378684608955,-0.6709945304513696
2020-01-31,,0.3804913910038713,0.6591433729209173,-0.06463547439131288,,0.2087045480041055,-0.014783115580142702,-0.11188556453232609,-0.2805247644973659
2020-02-07,,0.4522380226874812,2.1299392696584905,-0.06927127271728294,,0.4714052933824809,-0.011432090304574325,-0.12305790152520511,-0.22368173647515396
2020-02-14,,0.49725932392849276,2.057567044187548,-0.057584767470542475,,0.42820592877833863,-0.026519406078348958,-0.09437563811739678,-0.22625502124080438
2020-02-21,,0.5101087306825957,1.9340711489246312,-0.040592711023654325,,0.41433396696367636,-0.03738545113245291,-0.08851222818348539,-0.1743896687565888
2020-02-28,,0.22589698529936256,1.1166228684216566,-0.0516336069454745,,0.5152127178577217,-0.0390582007932061,-0.14383323385778485,-0.218376486287761
2020-03-06,,0.22494441436355883,0.9345219234954474,-0.007383779816513761,,0.35886664526344997,-0.012228281538853301,-0.051881635599276,-0.11185547523856437
2020-03-13,,0.28686644669227024,0.6534093866400463,-0.3023878052214175,,0.38004345736175554,-0.027876362678259724,-0.08190062639684756,-0.27708900799578245
2020-03-20,,0.09885839237393755,0.6998546226081489,-0.10209683052967224,,0.5186323723365311,-0.02039011952388008,-0.00967904537974677,-0.3754725845718351
2020-03-27,,0.09268913033945131,1.1792583268736834,-0.06131201363031597,,0.7505891870602387,-0.03752247935686374,-0.013607822243270978,-0.4197906547984854
2020-04-03,,0.14874469448226155,0.6525706888328678,-0.05371016585911294,,0.6712523981416834,-0.016188191676965162,0.0,-0.7369178538263319
2020-04-10,,0.1628006506165861,1.7261153536719214,-0.040975467111486315,,1.3973351884595688,-0.020453661742356827,0.11458049235627647,-2.982119970651308
2020-04-17,,0.16634648561411322,0.7498439111060369,-0.09512149492362046,,0.5096586121198899,-0.012729378803899856,0.02653083651453585,-0.4507039294852135
2020-04-24,,0.19222171264372484,0.6641870886148233,-0.07100644266840646,,0.29516084447669394,-0.005946689478508586,0.014738769310837436,-0.4614163253240995
2020-05-01,,0.2934250104929348,0.8782402511382484,-0.04332771879078627,,0.1873635137617556,-0.015201294480124422,0.0,-0.24784014456283926
2020-05-08,,0.5740174233482863,2.1451608536261784,-0.04498808814770697,,2.044943298455134,-0.039261573188933155,0.061025779881822194,-0.1301445609255791
2020-05-15,,0.5380645089385225,0.9007543024185608,-0.011529473294356666,,0.36263359563657416,-0.015175471468109027,0.06206023159884465,-0.07278969118221924
2020-05-22,,0.6031941046495785,1.5101744411222482,0.021736683639121134,,0.3308838400862941,-0.01916931451934356,0.06853334692154264,-0.07114282918497697
2020-05-29,,0.9259535260645138,0.9305204019272786,0.014330719137832902,,0.2931150082466002,-0.014511883873026,0.20387113499900467,-0.1731783178278357
2020-06-05,,0.3112352455106716,1.0743330710052519,-0.008240270025957655,,0.1327922516198704,-0.014261733417967406,0.074542097882236,-0.09417508383190812
2020-06-12,,0.23660994153949605,1.0059042967177478,-0.06519499654359859,,0.1726695876881366,-0.022784354039226865,0.024160744121094233,-0.11911986413339631
2020-06-19,,0.2284621108027524,1.002037434542624,-0.050634409152132034,,0.28261956264188154,-0.010925430008708346,-0.009589081838622818,-0.13542653425006365
2020-06-26,,0.20147192293066293,0.938185928054905,0.0,,0.2852292020373514,-0.019237238725204393,-0.007416537204027386,-0.1171379446399415
2020-07-03,,0.8109472026532888,0.594582057233602,-0.01907093725587333,,0.8199406382102468,-0.03675635940919037,-0.0032582309466011213,-0.6653875555734374
2020-07-10,,0.5412516181000913,0.5101323846248491,-0.14017635293123362,,0.7449659994086854,-0.09276480923694778,0.0,-0.23125554042521537
2020-07-17,,0.3978776911655531,0.508374970770922,-0.16129242952246883,,0.7009637959116046,-0.061534926470588225,0.02714663759780262,-0.24851097692583837
2020-07-24,,0.26685829492245994,0.8728780083856444,-0.17403388748716006,,11.37635231970364,0.0,0.025350310920063332,-1.1043164004230968
2020-07-31,,0.2856933797909408,1.5867908848357608,-0.010913571897698674,,1.2747864084800116,-0.018866444521992633,0.014477879376428731,-0.08317585141835324
2020-08-07,,0.3183959156785244,1.6534499414791832,-0.040259953757715884,,1.3604823759920308,-0.015546918543289814,0.030439850751766927,-0.0705719028516096
2020-08-14,,0.4319897830981998,1.7925860328893992,-0.041290456753020614,,0.8620734827235459,-0.01100288838391934,0.05189019485108037,-0.07133989704632915
2020-08-21,,0.4766494809984215,2.3609443877169825,-0.025407626107167534,,0.7203740122286982,-0.007473465679811135,0.027731675932894707,-0.060169782956856654
2020-08-28,,0.41222004550932756,0.4419141898773206,-0.013468585621665894,,0.6855872981873679,-0.007918702684983148,0.016366109807214823,-0.08899385683372787
2020-09-04,,0.31142786225155816,0.43814754800662314,0.0,,0.46285863081147616,-0.010488759486420696,0.009475171859123511,-0.10400624794074219
2020-09-11,,0.27399336768025934,0.42220205011062106,0.0,,0.5754139574672357,-0.006979923738865317,0.010409007552646902,-0.1520369744014403
2020-09-18,,0.21982467606848546,0.4285490954367704,0.0,,0.5880296952935646,-0.0040872176940451015,-0.0027808138981574677,-0.03578530147054578
2020-09-25,,0.2149338622510332,5.810059135148453,0.009601312705110174,,0.5997100411998422,-0.003041254821348274,0.006749741501529671,-0.014429197162205287
2020-10-02,,0.22971374240211892,1.4212221111838603,0.0,,0.4296488431723906,-0.004567073923380673,0.011414642821523114,-0.005975104931415961
2020-10-09,,0.25084912514379126,1.36339537678657,0.004426590677101055,,0.447310784710057,-0.0025100011322036456,0.007620531593439104,-0.002476026517353616
2020-10-16,,0.4391634883332691,0.8868264149522387,0.016785479394921317,,0.21452299711495784,-0.004727847141033994,0.022427250157512,-0.005974144965712732
2020-10-23,,0.45235859503607734,0.8590439737640844,0.01698979313706313,,-0.015545022029088954,-0.007532179694825675,0.019410756523751013,-0.01051202969394022
2020-10-30,,0.8198159501841698,1.554995752942604,0.01998553114487177,,-0.1096388684223186,-0.012451792196007259,0.06868628206685004,-0.029977180831898795
2020-11-06,,0.2427123128731924,0.5584522243219522,0.055305553550498224,,0.09122435399800378,-0.004504604797085315,0.033841158410871985,-0.02945763305322129
2020-11-13,,0.25626456673403175,0.5289567174274462,0.046123261459081015,,0.09815721084073036,-0.00794618779659444,0.045882786658610765,-0.07370712308608668
2020-11-20,,0.24575298319608527,0.45544237352289124,0.03091706451016132,,0.10863129230436298,-0.004888762361511832,0.049846128475036756,-0.09146749195222294
2020-11-27,0.5105491929574778,0.33419846695670186,0.6661731278918288,0.04639848382330133,0.6460270432124058,0.2500757596628006,-0.006425708566815236,0.020118887624036925,-0.20030809104249114
2020-12-04,0.6535571266129431,1.3829346599314054,1.818354550636519,0.006560833289952534,0.6830341759859663,0.7122776226565617,-0.07245731334313525,-0.16127053340154116,-0.05579314465668793
2020-12-11,0.4975845730465276,1.555043096638963,2.969749936103027,-0.006020359698215954,1.0291992448130318,0.8445283865659362,-0.007553592291194602,-0.44340993757691516,-0.08895638033288693
2020-12-18,0.5831184023226643,3.454972068977481,2.9873399277954964,-0.12748034040719594,4.78018147086915,0.4453831008595158,-0.011857241089951284,-0.28281427569698,-0.10921588030236463
2020-12-25,0.8830905503383912,1.5609971272520926,3.0289600999194923,-1.8617726546367157,0.30072114424596497,2.065221064488876,-0.008160215934833953,0.17709486095457627,-14.751768537103127
2021-01-01,2.8365682013310702,0.21191237499149604,1.163848121473795,-0.04497135751126333,0.2594415403591085,2.9765053627227434,-0.01652431505135124,-0.21857424548374418,-17.03369779853407
2021-01-08,0.8573783457519878,0.32002158799231667,1.0621695413614765,-0.04067751222788698,0.26061305234423876,0.9070667178762244,-0.007957368414110282,0.060912361817960066,-0.08964336303813811
2021-01-15,0.5573116545934859,0.29227082453918674,1.341902482211365,-0.020048505139731075,0.2535088655049185,0.6037693628349312,0.0011219524306072793,0.055756256497198786,-0.1278743242949873
2021-01-22,0.5133304524499048,0.6568752591484484,2.036496415971957,0.0,3.8162630650666256,0.3173653183384727,0.006320934210755991,0.09596750440101652,-0.13298808468845777
2021-01-29,0.5526246260579045,1.1501914421722483,9.907477191126423,0.0,1.0049545574186756,0.2205177034427644,0.010601073093145693,0.07481893180645441,-0.721594600890044
2021-02-05,0.5437414450690374,1.0730591597242858,4.179511990296761,0.03252925446050572,0.39912329322484297,0.12969392483071432,0.00448425266340963,0.02112009753598862,-0.33203791257114634
2021-02-12,0.5440135097101042,1.27493938882623,3.864437644320123,0.006817524453398325,0.2621932634528084,0.5251450947877919,0.005623471882640586,0.026808397847526456,-0.14675994567722805
2021-02-19,0.5653844677598886,0.6856720209264702,3.940109548921657,0.016310857877828964,0.2409828487920277,0.12322888009125678,0.023519026784584392,0.04350594653135717,-0.032741334533348085
2021-02-26,0.6543934219360111,0.4724070979395883,0.62673681222126,0.0,0.38754662859410116,0.26859833028131447,0.036173119015208685,0.009430161223313405,-0.09634542693279302
2021-03-05,2.4534262687027613,0.562535456851098,0.48907248986942814,0.007004818219335437,0.5725378139457304,0.14928810615550042,0.02977821875784778,0.011799895266610435,-0.06020248839472634
2021-03-12,0.8186778190383482,0.3574967357181883,0.496561885221679,-0.015938494263401465,0.30905423766002516,0.1745201019389723,0.044037533254903956,-0.004211461399800287,-0.036056744735488325
2021-03-19,0.8590651362614649,0.9604431089384221,2.6952672889517406,-0.033994298560536124,0.2837147088329432,0.4377103758470154,0.04800042027291473,0.10128508623605005,-0.05989984468462449
2021-03-26,1.0942259202288327,1.579137333587025,2.25784470649724,0.011823665129276493,0.2861158627110256,0.33579114502421636,0.21292743183025095,0.07216846473029045,-0.08814501883300777
2021-04-02,2.159164998974634,1.3706000348857492,1.0420357323060263,0.07408565744005026,0.407193177604746,2.2967159812341786,0.11464817480754544,0.5053173805398344,-0.7483264615046953
2021-04-09,0.8640995336898106,1.0490682056728147,0.7609979292849108,0.032904930930100336,0.47132447980316655,0.6619530834038022,0.04367385535185919,0.0871580425830753,-0.026298281924045583
2021-04-16,0.7415029222895364,0.6941395693910959,0.6544315640545846,0.0695488948656943,4.400991218105183,0.4601443890487707,0.04683337562873745,0.028515557664468994,-0.11210391022789064
2021-04-23,2.146847623150941,1.108774254181868,0.7132899917922931,-0.049658066905320326,1.5988265380411264,0.6678379030220869,0.07985888012379527,0.040432134386902026,-0.027003242632393433
2021-04-30,4.596903439986263,2.266779707087246,0.8596983033636786,0.0,1.8431792340456252,0.4032640032948929,0.05794674974555794,0.03664886271472516,-0.01224529356093
2021-05-07,2.79292072775229,0.5666396368152605,0.7024903266502388,0.0,0.3896601027151615,0.3050561818717837,0.0624946195418241,0.03811944363837813,-0.009185516690651784
2021-05-14,0.7867037816906458,0.3411096581356249,1.3087096673238818,0.0,0.4261204553876559,0.39675487402550147,0.05284416970380364,0.048076260912605896,-0.011264908935498719
2021-05-21,0.7562148367835572,0.30268407915849527,1.8600317012160388,-0.0294516225462517,1.5587806242756086,0.23567130848243156,0.04078110456096804,0.07107344716691052,-0.08980051345440716
2021-05-28,0.512477969610436,0.6464816272526295,2.7048168542015802,-0.013257860146532881,0.725450064742492,0.40416246909057607,0.027411764409651842,0.030762106836409252,-0.026497327732740585
2021-06-04,0.4397568202304872,1.0906607801821688,0.7521305460299639,-0.013932171130593522,0.7590398232018494,0.4671348134515517,0.04724032173133585,0.10656737588652483,-0.025666513496286854
2021-06-11,0.4050093842592152,4.960569953314691,0.8668166878867734,-0.020131623103023973,0.9897611788617887,0.5844435314056802,0.02644267664309598,0.0978923369221026,-0.03206911008367138
2021-06-18,0.8753378046785538,0.322047977787135,1.5373556571038511,0.0,0.33432104531505075,0.1714241119254209,0.025207498984270705,0.0027804659080309675,-0.04225401761759096
2021-06-25,0.6919073330664272,0.3069360024936224,0.8764894145893328,0.022999984884767948,0.33940107488199195,0.14840520877681093,0.018320375936204766,-0.016974209010883267,-0.028796907570827254
2021-07-02,0.7866956038673762,0.3512339001885577,0.9262036712746452,0.028426593333404943,0.7473504769843908,0.18492643308005197,0.01262225634027067,0.09416975521053662,-0.045715727956545854
2021-07-09,2.0293785234263435,0.9885951378174388,1.9105595453081907,0.045564228610431384,1.0000243206926533,0.23700818213585792,0.02469565580647295,-0.016471725586613514,-0.021685595395007196
2021-07-16,1.8668386858959594,1.4214813504696773,2.085813451254628,0.0780481066427227,1.0479067392784207,0.4973584531750357,0.03524506974985572,0.0,0.0
2021-07-23,7.633326772944958,3.5673860225811063,3.8868898533144356,0.10971590646663393,1.8272294983455164,0.18123112986544482,0.13987790967850958,0.03583977275597933,-0.040247613998875845
2021-07-30,1.893863895675268,1.2316905807526313,3.011371989084242,0.119320287775254,0.937711724248058,0.21896191380948266,0.017937474741643093,0.08091042259341664,0.0
2021-08-06,1.2019210968871192,1.5250013644053921,25.361574641218176,0.11355014036896473,0.8402498329069581,0.18871541403950012,0.020272349191035554,0.042003462519641224,0.0
2021-08-13,1.3475691564884005,4.000815780283177,4.311455092642153,0.07888726289529066,0.7770713318643978,0.19696776394843418,0.0272784207183685,0.05083939042654911,0.02345403705607192
2021-08-20,1.6077351492125054,0.7707651309357046,3.2068493029587786,0.05456082234134393,0.7342238994789544,0.1886739664203178,0.030239258997979832,0.05332382843209103,0.0
2021-08-27,0.8179720325992259,0.6673953118012151,0.6529178413434217,0.04586255236736976,0.27827727395776936,0.4199056177726954,0.010438651883398195,0.03260883830466706,0.0
2021-09-03,0.8296419615198197,0.5653102958680196,0.6853818346136467,0.05087982278999012,0.3926504200184036,0.3123789065165726,0.012148539351967183,0.015601387242077557,0.0
2021-09-10,1.0838779781842893,1.375906359631986,0.5127357733690364,0.06200977537521135,0.47080026418009024,0.2262323143170451,0.018694988334457024,0.009780988876470276,0.0
2021-09-17,0.862200540370964,0.8561633019645386,0.7561101727780756,0.07723218448812115,0.25395527905668325,1.4971763582590067,0.02371908232922649,0.025935709934160146,0.0
2021-09-24,1.8813277020998156,1.9599503310360535,2.1197342549007927,0.12297822687357152,0.4096398787153646,0.16081602312186805,0.03554120278105295,0.04853799486571426,0.0
2021-10-01,0.9413674217291821,1.8476128663776317,3.582029738306344,0.23510498383078804,0.4113453430433116,0.22913330762644846,0.04035662050367933,0.0509471054487795,0.0
2021-10-08,1.6470844212358573,1.3330386210462037,1.0218814797132063,0.23468102058081883,0.5989234853466663,0.19176069890761074,0.03732790568175272,0.2752938499645777,0.0
2021-10-15,1.6695794047973895,0.966902288260383,0.8075285872754228,0.10789324217513971,1.4269807856668038,0.5451867934349794,0.053591284302591656,0.03357283209221323,0.0
2021-10-22,0.8809224021233455,0.4402124746024135,0.7402952673614422,0.11121617423918004,1.3538357580093807,0.603050033967691,0.1135143498104742,0.04226648448433789,-0.008180220482505192
2021-10-29,0.6328369066995725,0.43783424948195204,5.319453316215207,0.30308798646362095,2.2680852270502307,0.282081884602948,0.07333449751156902,0.05524549288832446,0.0
2021-11-05,0.581876359854584,1.2787361167112643,1.0316542566830402,0.2321663732157041,0.5429553605367974,0.5942084281710895,0.3064160155848639,0.13517809368934583,0.055311962189514785
2021-11-12,0.8699575159723254,0.5917956809323531,0.7153958822363078,0.28568103799383254,0.5707165222456856,1.0418541743514078,0.5578289316653329,0.04683837618644446,0.03318277302841666
2021-11-19,1.1947583769584034,0.5620752300396997,0.8319837100203624,0.15748626426849965,1.1713966003371687,0.13010405471244413,0.12438607296362303,0.06769154870488059,0.06394421426457532
2021-11-26,1.1569253699563504,0.43151883338581126,0.9233457457812454,0.16539891399860307,0.33228606275843287,0.13461472995090015,0.07079220412949576,0.02565929407657686,0.062490948168488616
2021-12-03,1.4595514210485558,0.9995127905575666,0.9125748473064966,0.07948542379032487,0.24560224231739952,0.2431493475108748,0.06406023985794636,-0.011713867144407869,-0.015013698630136985
2021-12-10,1.4312943314725426,0.4852633874581177,1.6058692421991085,0.009400433020596234,0.23882622995851796,0.7578080260781465,0.04180330717273494,-0.046919921944296616,-0.015276100908686533
2021-12-17,1.5779529614747214,0.8020748960527027,6.7417152238941815,-0.0082513799679659,0.7093232025024757,0.251051292592394,0.07848600079175701,-0.06719123356917782,-0.03844413205689408
2021-12-24,1.6413164885588358,0.632884765973694,0.5166890598055499,0.12524110267133223,0.5550491905960108,0.19072300635720058,0.08649475089852686,0.0,0.024968372804841942
2021-12-31,1.607513001833352,0.40827600864510183,0.6166976639114706,0.31475586540534417,0.5019409505997252,0.14985620413783488,0.07903545184824583,0.06673653821052067,0.01594135263747772
2022-01-07,0.5669773942942173,0.3909319666931304,1.0376871667951049,0.18690098468271332,0.2460578631942593,0.2090757756231683,0.026705652302923186,0.027866885352986703,0.05225132572714126
2022-01-14,0.5990055484768065,0.8397176900877218,1.893646600174147,0.1232099062070338,0.2662930919056586,0.17224796871586864,0.02702722333092378,0.019267748814275988,0.10996612511797223
2022-01-21,0.6426339990873671,0.7427010206357466,1.8522789139387172,0.11146517687401278,0.2761341835283967,1.042958883296933,0.03287562868144609,0.028686235886605474,0.07073234382645573
2022-01-28,0.7431954985605862,0.7066602481482056,0.8880782725983866,0.1022620547474516,0.402098454661414,2.2821715937911415,0.027012287970537202,0.02165733637570328,0.013730256710491148
2022-02-04,1.0743051976035762,0.8333000666588836,0.6635456176296163,0.11557423497158818,1.1222167321553218,0.9049269304787105,0.032039364741615256,0.027998951942089498,0.02091072527536429
2022-02-11,1.1808870254036878,0.5257176387652274,0.4995435140417653,0.10055231427460132,1.1020192499928598,1.072091859222902,0.017925609680762712,0.024662997305512677,0.0
2022-02-18,1.339348698686038,0.5677246837708221,0.47497578386921574,0.2711294898424439,1.0732778500574796,0.6017065533847252,0.06447550418339218,0.17678617634251168,0.1562604310282273
2022-02-25,1.8627586206896551,0.6866305430792428,0.5391052378378111,0.23519265968930397,0.777212510243103,0.4234707461386908,0.07791902712713804,0.0,-0.02598628880940959
2022-03-04,0.9744891860663071,1.0022205333525809,0.4212158522508657,0.16258412995472413,0.4739995672428277,0.27897956098404736,-0.010623283059851489,-0.001828128266648083,-0.07299682778766717
2022-03-11,1.5106309551413057,0.6726538066181134,0.9003832392058,0.1663612571812172,0.37208100003809463,0.3535153823151508,-0.011938619092658425,-0.0815466325537072,-0.26428387438127
2022-03-18,5.115364323707279,0.5037217109752206,0.5465870365265562,0.04093462621674722,0.3915322131279486,0.3535754684503024,0.02146127400747083,0.003009865698765994,-0.06709170591935884
2022-03-25,3.5594145295995374,0.499245588877112,1.5486252600424646,0.04433089448155346,0.5310884328903169,0.5664392839274165,0.1412000452207337,-0.03323116478906593,-0.03283604893967946
2022-04-01,1.3020827287325631,2.9868832249403825,1.0308676032762678,0.05819549903494763,0.865265760197775,0.47627447991153,0.08877029584055655,-0.011799890290729566,-0.007672240814955289
2022-04-08,1.6750795574078268,9.602448758117308,1.5242026801046846,0.06954287111381982,1.0643224463418095,0.45094942133540994,0.07650199144051655,-0.04700667331508679,-0.00870651777058757
2022-04-15,1.7990739780933622,1.7431942521916814,1.2273973074012063,0.09417050681421928,0.9093748840966129,0.5404945520680227,0.008119588802551163,0.09258203480436761,-0.5988321058491052
2022-04-22,0.31293890489131665,1.1141626941411655,1.7626255958261439,0.0,0.057182642354052446,0.4024585233822866,0.009408466509774794,-0.09746788978905037,-0.12938474651177473
2022-04-29,0.33040078573012704,0.935985996200763,2.1513884865289903,0.007880778099218536,0.10025493973479165,0.34750365617576695,0.016633253153265096,-0.140917898537875,-0.2319892370883091
2022-05-06,0.5124785965649457,0.6928914689492065,1.9683147548555018,0.08444632926069873,0.10101455554004321,0.6435556868793151,0.050765006176606293,-0.13498304198570435,-0.3527403911515081
2022-05-13,0.574332878087719,0.3881681785432897,1.4443235232824694,0.05090723940011108,0.5162513680821371,0.6761589004762192,0.10055987096226496,-0.15504619476905346,-0.35964655806830154
2022-05-20,0.1487591598314066,0.22046297288607866,2.9865525362777623,0.026946944326682053,0.2677216704559052,0.2996370349076829,0.04281965381611034,-0.08129507629552388,-0.1376222427870787
2022-05-27,0.09900199046428736,0.08743458232953277,1.0737444034060544,0.02545722113903037,0.20756362235508782,0.39337311629391514,0.04041240082364969,-0.09044632992821494,-0.06932167466831278
2022-06-03,0.16668395051708773,0.17868958177374114,1.620309577082493,-0.025505841718504944,0.2818463647387568,0.22152707116567846,0.02303262699664215,-0.1728983524687373,-0.11053225576517069
2022-06-10,0.13415613942118668,0.1324499305550008,1.135017954608233,-0.019380925021545533,0.18184044833140314,0.3170987761861989,0.013821896213470209,-0.2122827217831981,-0.08860719766462435
2022-06-17,0.11895367163505965,0.11825333370607474,1.362835607166373,-0.07361845380889875,-0.08698297281496639,0.20073051812320386,-0.07100075212205866,-0.43670149704346806,-0.5520437989715964
2022-06-24,0.1177683090882517,0.13238076877446908,1.360309134244057,-0.05416383592844941,-0.24856369554880947,0.10518537808014063,-0.022169611884057257,-0.3784549709252582,-0.1962018035914774
2022-07-01,0.14289996818909695,0.07291246881325081,0.9442246956735045,-0.0941006844199613,0.3518692867605169,0.1086301835204441,-0.004930466477857225,-0.4007424806523603,-0.289206737997394
2022-07-08,-0.07465577480394386,0.11087290969899666,1.4231451011560048,-0.08354147821479585,0.12589014987438274,0.13439273212701466,0.015870069717279098,-16.548854556069678,-0.4477606579750746
2022-07-15,-0.04410359921399138,0.16581631554777418,2.1776741467043994,-0.051295101914221874,-0.11016414442529009,0.4247804406715323,0.02047911224025118,-0.33235066668225566,-0.4033889409559513
2022-07-22,-0.023489841078253873,0.5537767606748977,2.5747482969252995,-0.0495576111181576,-0.21138409999334828,0.14080878577846231,0.015400120214578504,-0.30583022766357865,-0.4628633081583534
2022-07-29,-0.12678298276568886,0.23251331935315228,0.7871283398788838,-0.052072642326965825,-0.14687313312534966,0.10030905612244898,-0.011485154687627386,-0.2654831883860892,-0.3491640189907825
2022-08-05,-0.6713915530344926,0.2227682011315853,1.083420239202533,-0.2157241363171894,-0.5176289220142667,0.15761805181590083,-0.04844197133805833,-0.3230563583367886,-0.4154484616124555
2022-08-12,-0.4447262510003973,0.10705607925042854,0.9481570813104574,-0.24048829845694894,-0.39999644192831674,0.15544465459996604,-0.08674719519886852,-0.4893804786179832,-0.39718522069650375
2022-08-19,-0.01942848552200661,0.08355592115874706,2.77051911103781,-0.042168355198655395,-0.04385016711259788,1.3553837619273954,-0.021845447625081105,-0.15362435764771912,-0.5843207983466029
2022-08-26,-0.08262046396403284,0.11138702333058599,1.6980406983669898,-0.04480480929185469,-0.03450050459282448,0.4883677216568637,-0.021095951989128833,-0.19287173411986758,-0.7317054633433686
2022-09-02,-0.06380319711560573,0.15300388974488038,1.4237276084415786,-0.056356689178281516,-0.101950570642767,0.24491728626407946,-0.0272989536593749,-0.9515284847439104,-0.6261556658244857
2022-09-09,-0.6364231445319682,0.25968154381374325,7.409854181762664,-0.11656409420414487,-0.23185084725216026,0.24208582383049546,-0.03373243690545763,-0.36251308270848936,-0.818630658044884
2022-09-16,-0.06047444284878464,0.15271829486081828,3.6813909597499905,-0.2178226803427747,-0.5271557980081076,0.24963881041977215,-0.13772013792393598,-0.29250590849765423,-0.9877764911850836
2022-09-23,-0.09715560835015231,0.1845418173517079,0.40285261412526086,-0.09127403250049343,-0.386784605787078,0.1511534963810799,-0.06355553642742758,-0.24763409229189115,-0.5942233067108106
2022-09-30,-0.06395144204591251,2.6905599565264238,0.5086245239668072,-0.08428078981585074,-0.44103876872666553,0.09142376893623363,-0.06271754283895188,-0.37433681460524604,-0.25322933153479243
2022-10-07,-0.10897868556311836,0.28053171815219624,0.6492251899893556,-0.043670000343678045,-0.23199101446030793,0.07529439512121161,-0.02864991311322016,-0.26090651491568473,-0.24650572387886355
2022-10-14,-0.31783479469426706,0.19202927355881283,0.5047337234224012,-0.04099014568028602,-0.22509911799350704,0.2966952438937432,-0.009585952928674318,-0.24014862410290086,-0.47051788591620797
2022-10-21,-0.31259578580218483,0.26530797804512946,0.4646655557838192,-0.02963300512653592,-0.24853748185677535,0.24381856874719116,0.004646161442902438,-0.2603034759403279,-0.5512240833542476
2022-10-28,-0.6460964045016665,0.14252409388380521,0.7926312412407343,-0.021344469130679028,-0.17966303990909124,0.1319361028047675,-0.0572097921165376,-0.2971269080187014,-0.6559457475516127
2022-11-04,-0.34219669331234753,0.16093165347596355,0.6549366613813444,-0.06910736300062185,-0.26288327372926074,0.0841280977761839,-0.09927486956306719,-0.5473181950610566,-0.8500403536721841
2022-11-11,-0.31575395070635603,0.05311097315671113,0.44831412447341235,-0.015225753208887695,-0.08036438629676335,-0.03493660524865109,-0.04855966330263558,-0.23222114187264384,-0.1906154304347494
2022-11-18,-0.319423570768376,0.09252692361990264,0.19903972593259045,-0.011558552820874243,-0.051952453257383124,0.04434035369096358,-0.029170956386232322,-0.2303333696389822,-0.19331182900576158
2022-11-25,-0.29726528305197836,0.05219091313483125,0.1893130550168419,-0.017190899816881152,-0.23663730062762708,0.026720733534066662,-0.019027479853904575,-0.18916791780840364,-0.20325655339629628
2022-12-02,-0.2307175106376068,0.026445710043098765,0.31675287370710303,-0.031962677141310535,-0.4913836288949003,0.0756787381682635,-0.013334833960065674,-0.3735351791561506,-0.6070352518738827
2022-12-09,-0.2624378172696379,0.019065015424187644,0.32221701832296673,-0.10611754889356233,-0.1692775162234381,0.2606676872567645,-0.0357329620648241,-0.41105207609803623,-0.8288391920695606
2022-12-16,-0.31574539659015394,0.03167616698638897,0.34966055442492466,-0.1206031988556939,-0.16831919942605914,0.10840498226960404,-0.09741186958011973,-0.3355341169335855,-0.9749811788034245
2022-12-23,-0.49700549973271485,0.12301286179784594,0.5304486515597167,-0.09515709475535092,-1.2784721989756636,0.3411688336006891,-0.1259332594184634,-0.9040287230996277,-3.9959536133079365
2022-12-30,-0.4917884065331872,0.14424183772220242,1.277284147675209,-0.0850817610329225,-0.47850882263146505,0.39736206251464257,-0.12764089942189688,-0.8707006865548743,-2.510768162300413
2023-01-06,-0.4750390968414569,0.06132025698846956,0.9767895531151886,-0.12200251489749758,-0.7968188458887334,0.3236477128537426,-0.3126670754138566,-0.45139154741478316,-3.7191916365162814
2023-01-13,-0.6983208359552512,0.024606208733082842,0.38155829198450697,-0.14320319699895662,-0.3063541276276788,0.12636073243120882,-0.12879951259410105,-0.4565294745581781,-0.8079842684870366
2023-01-20,-0.1827174297372973,0.052098358279273733,0.43361634571951074,-0.18084503925116843,-0.3319093786606186,-0.12276723377160155,-0.11859261411202085,-0.46160609690284704,-0.58305180741633
2023-01-27,-0.17151855799980617,0.0689536428729608,0.22205423058698853,-0.21090650633517308,-0.8256344332168817,-0.008668869571378244,-0.13006935298805683,-0.33432940268013706,-0.5954274029962608
2023-02-03,-0.6313510788133875,0.26739542520378534,0.4316265601149322,-0.26194254280576085,-0.31670499520964884,0.06723019723569916,-0.1764506759775956,-0.42784120711517604,-0.7054086630933757
2023-02-10,-0.9493344985499051,0.18387303540753272,1.1203902771414138,-0.11408729656388314,-0.182046415480525,0.08891969869428676,-0.16837094891322474,-0.7489343970553767,-0.43218837119240033
2023-02-17,-1.043288578561798,0.2594693654613054,0.9459372652627762,-0.2459789244953003,-0.2560865694584985,0.12437394171642456,-0.7648738257505987,-0.7760818896124181,-0.40199020954896114
2023-02-24,-0.7083787472042475,0.26013296209000203,6.5468416081140015,-0.513401628350407,-0.2594497071406992,0.23591113500557226,-0.645894814746288,-0.8395474180729056,-3.689429573630611
2023-03-03,-0.33066767718186046,0.6192107235615053,0.36114575393546355,-0.11922497904579003,-0.27512686481742915,0.22234823753423874,-0.32421301882410253,-0.33283024978055786,-1.263318242553373
2023-03-10,-0.29355400798391557,0.6953068011464477,0.43504425765704424,-0.23446937405909346,-0.6537031625665076,0.35628711552623743,-0.30358244277436147,-0.4885098630257381,-1.4816689795540756
2023-03-17,-0.8853642350298638,0.3446910087118009,0.34583100561937535,-0.40245365648809167,-0.3562148434373203,0.44300898147549406,-0.52477026421854,-0.6864035233615637,-3.7156545122477262
2023-03-24,-3.444880888527198,0.17548239791562237,0.6520974753254665,-0.5496575661428226,-0.31014769634158523,0.13707053145570494,-0.3238473284601355,-0.46217507185252815,-1.108807835973884
2023-03-31,-2.2469253622346517,0.23690918670025043,0.47998991491711823,-0.5707838224140218,-0.7535379966668223,0.38549427168576106,-0.49116744943927926,-0.5276570241329711,-0.7191383331425772
2023-04-07,-1.738941147672833,0.12665569634539037,6.96398300650859,-0.356287375798614,-0.5932831478747036,0.26767107303872156,-0.3965182788801948,-1.0714339322435869,-0.7489351988463959
2023-04-14,-3.4562281864699242,0.20252472210774605,1.2290472593198372,-0.2808590105255117,-1.9687038926219762,0.123142931098831,-1.282948117315926,-1.1408669242781144,-1.1255031230352495
2023-04-21,-1.2590530724775992,0.1484177015032363,0.7977102645162443,-0.1817988286943387,-0.5891104012923597,0.17620429671357213,-0.6498371335504887,-3.5006175195440647,-1.292575373625716
2023-04-28,-1.3745255750814949,0.09207853574263435,0.8819630880330768,-0.20217408787496985,-0.8684253551197838,0.10398246860178817,-0.6900886111001227,-0.6894630201498407,-3.8682929448401757
2023-05-05,-1.5592581998474448,0.061088466408461196,0.799881436314363,-0.15587458719862543,-0.4300378870714808,0.1730641928960708,-0.36890722425284883,-0.7318609613268433,-1.6352756086798026
2023-05-12,-1.055646499199859,0.04660480205375276,0.48311849591918377,-0.1846461371235918,-0.40891197217287023,0.22318663058153673,-0.24082815372494093,-0.7326381809136211,-1.7856392294220667
2023-05-19,-0.8320411527311999,0.12793756984392463,0.42378004677291026,-0.15172919159859166,-0.3083416819307235,0.34093800984284217,-0.20897698424596262,-0.44226810751276957,-1.2958541917931943
2023-05-26,-1.9474777773713285,0.07877512392027272,0.3174638651341129,-0.19423467474257503,-1.8608983585529015,0.33608402811680893,-0.6580540777710744,-0.8761259474954395,-1.0406910610026174
2023-06-02,-1.7715657847046031,0.06456111540443071,0.2785169463693389,-0.3677157852049876,-0.32568445879846153,0.8770194526871085,-0.3286960186246345,-0.58795998131806,-1.2054884601684777
2023-06-09,-3.4839210616082994,0.08961210215257821,0.7155766985153271,-0.3616227822352808,-0.36395381565697993,1.8426135590779251,-0.3784483296909148,-0.7929966640232853,-2.0640415969899664
2023-06-16,-0.9301322405879876,0.06146588294418195,0.49011164524059314,-0.8288134858215164,-0.5244532356701102,0.47664427605528165,-5.696332334991213,-1.4939265040335123,-3.2276434488615418
2023-06-23,-0.5583348659086729,0.18250388291063993,0.3985178140506829,-0.1187500856011943,-0.4949327049329295,0.5838574966134307,-0.2039602371649323,-0.4864697525028885,-0.9655146334084765
2023-06-30,-0.6573102906123753,0.1154534811143407,0.4599299369297241,-0.14908877810426227,-0.4131927889994005,0.31715541670163117,-0.24151908438943617,-0.7143387932484616,-1.099885065172686
2023-07-07,-0.44409469024656245,0.1266482252980217,0.522551095122883,-0.11859234445615606,-0.35046461353531094,0.22261315594839157,-0.2275825310072928,-0.42376455509473654,-1.4644342717848058
2023-07-14,-0.4512190757269579,0.053409645167249435,0.2885532716322357,-0.17779832347140037,-0.19902381525537688,0.06765067244269858,-0.1790187979761032,-0.6298483204981747,-0.6364412305846575
2023-07-21,-0.48862553267373,0.03683671388881383,0.27418465451764096,-0.12585634940192975,-0.16442179608147858,0.03342459105312741,-0.14116738727609637,-1.3473511198841115,-0.42962929879410455
2023-07-28,-0.5308979963885561,0.03158143864231649,0.40899663628283106,-0.13228528053231692,-0.16105690482914434,0.028694791201537593,-0.16474763406940066,-1.292081460739471,-0.4358896285461258
2023-08-04,-0.7581397965613467,0.1539847994479595,0.3869267631733634,-0.1397511971311798,-0.6704605152853071,0.13601301892654694,-0.5283491698861856,-0.4832821382920878,-0.8038600861144175
2023-08-11,-0.5599926874959951,0.13848359618790587,0.5272148361963955,-0.1519016697588126,-0.72932384939246,0.08558019570767582,-0.5152209234458064,-0.533383187605461,-1.1833815087733581
2023-08-18,-1.541607522552013,0.1871967567188338,0.5762012889438006,-0.3194074653117061,-0.5352224972532522,-0.006029554403068581,-0.8525084514419033,-3.0244944986323543,-1.5732116766153876
2023-08-25,-0.3591188029860967,0.10315073581208295,0.3845919779509221,-0.20979925364247182,-0.45568056115634914,0.046060436340115814,-0.5858056705576397,-0.5006758375376574,-1.3374881360825883
2023-09-01,-0.46856780003463605,0.08739941623712484,0.37860349541278965,-0.2300975367387573,-0.4028765267436121,0.12491410213716234,-0.5517306907278895,-0.6039233475153639,-1.782768303258042
2023-09-08,-0.2383470326848406,0.03977088442027899,0.3866698064712521,-0.2182854252074852,-0.7618075678762765,0.19892379199550803,-0.3452066190673213,-0.4115343194780484,-1.1735169962230616
2023-09-15,-0.05215824750918749,0.04222040131399791,1.0710303530869296,-0.25685388978638907,-1.0505564205595521,0.0,-0.3212897185274755,-0.4871735447726046,-1.0091148894552227
2023-09-22,-0.10263395697953062,0.029807101813462043,0.691036685148183,-0.2928620699541768,-1.0702449846117477,-1.5419559959428883,-0.3993427779358905,-0.733270264203153,-0.8735825725486069
2023-09-29,-0.2766644149215642,0.022689106491234515,1.1476057834242268,-0.3614453877720676,-18.550163739208095,-0.33955746974807294,-1.9555241236503116,-0.6220266767708933,-1.022176395129544
2023-10-06,-0.49157185857864394,0.014914424374076038,1.06108811060137,-0.5982686613480909,-2.16744539724421,-0.26869657516457957,-2.432681635043131,-0.7657995672698663,-1.7280972892741562
2023-10-13,-0.8358903413422175,0.049750812389903386,11.651031080071578,-0.6073330910275853,-2.163908751060438,-0.13471472944253718,-2.674428058906629,-0.22643297483952518,-6.7433136205937245
2023-10-20,-1.079298298024181,0.10219991517036618,1.092602002408913,-1.2524211507587135,-1.1576851753601438,-0.9131269817932602,-2.55024875449585,-0.26436983565254146,-3.0184202246268756
2023-10-27,-3.7250158794727177,0.06103896454528765,0.9138136189085402,-1.1654596441552432,-0.9283455613837062,-0.06997038058752478,-1.008203575073246,-0.35510742180387056,-4.750729625072906
2023-11-03,-0.9580806816397714,0.014294640569254728,0.657765938096826,-0.12837166782462428,-0.3212564932354318,-0.05038324230419497,-0.36220031422211035,-0.3456053602356002,-0.8128747738248904
2023-11-10,-1.0163148001024558,0.04724767192944942,0.4561498715266565,-0.1074388910024729,-0.5041471524462718,-0.07583159062034761,-0.28803240656831114,-0.2359036240859871,-0.634127385011335
2023-11-17,-0.45813069489749436,0.029130473044471205,0.6594668738701596,-0.1191876809973217,-0.8965504271060977,-0.0065692086485352645,-0.22762028846238877,-0.18381815980475247,-0.38849349223627044
2023-11-24,-0.5500163175754049,0.03237863598689664,0.995247597629198,-0.16105032638450198,-0.9245195757914042,-0.15048639330131758,-0.24903706744811158,-0.18724279043513956,-0.38673068002597644
2023-12-01,-0.7179848317987828,0.03675661305616456,0.9715047281284178,-0.2143407856407841,-1.0220268266049515,0.058148787225862975,-0.4227700591506671,-0.29583554244814103,-0.6046521441894619
2023-12-08,-0.46466260933049824,0.08657666980244591,1.1615659170908217,-0.6964686914527554,-1.6610466873576266,0.00656405229944518,-0.6987833365322049,-0.5297750823771742,-1.8880433728641353
2023-12-15,-0.5589612787812337,0.12034100325792059,0.4618559075978377,-0.3053156122629807,-1.9609952698543855,0.042239272965866416,-0.48229624245488734,-0.33430833943353827,-1.8036837536712682
2023-12-22,-0.700523375163619,0.12030739878500683,0.4220598399659728,-0.32197676867176667,-0.7903472127995566,-0.1668898863203026,-0.5047722737393545,-0.3110650036689776,-1.87920049616599
2023-12-29,-0.5863460176661325,0.24091041973897057,0.436216744166295,-0.4280568933752747,-0.7004405874856054,0.04524701712804163,-1.763176478779379,-0.8568587821097927,-1.0140793659070761
2024-01-05,-0.5460827391712053,0.1622434676870315,0.5953080697575059,-0.34131265886233064,-0.32267924813716514,0.054439193478501825,-0.3870396582729283,-0.47766775756326335,-0.5986948433401212
2024-01-12,-0.8152462404934192,0.15271075868387382,0.8149372626020217,-0.5235798378107726,-0.305568663539051,0.09388294774119894,-0.3918405211618343,-0.4152523047854839,-0.4752944895070027
2024-01-19,-0.6562133138909828,0.2415640062226945,0.5971319913987134,-0.2690618590438533,-0.2896385016674548,0.17149033164912814,-0.4335472800171597,-0.39160976881839454,-0.4525241462753197
2024-01-26,-1.071214235587355,0.31066874314469206,0.5841225037696297,-0.2551376688614939,-0.4137842301272708,0.5054704269019795,-0.5579550045679718,-0.5509756122648399,-0.7065861774093861
2024-02-02,-0.9592584599805775,0.14506201104800134,0.5536292442648809,-0.24357675599927622,-0.396613425025324,0.18667006455090554,-0.56889789610276,-0.43392692354850576,-0.8073251751398419
2024-02-09,-0.8981849493332814,0.16631207284981353,0.8195014464367402,-0.2295361244003817,-0.39688822092540316,0.19900748936401572,-0.5752688565099463,-0.4374732951101484,-0.8692171654094021
2024-02-16,-0.9497542026949919,0.2273109895004523,2.3121761536834975,-1.3372514347513758,-0.5631362894185934,0.26875341411696985,-1.2174620967280045,-0.7286601836844948,-1.3544676649108083
2024-02-23,-1.5541419660081388,0.6690161720628438,1.6633948049724425,-1.2299269808876634,-0.5267163101256083,0.37826712093270404,-1.025133030901719,-0.6671265919780812,-1.5720660453965432
2024-03-01,-4.020980541538283,0.2818881496510902,1.9909656276511316,-1.0899715646266226,-0.48318910907656637,0.48655850450361204,-1.1853166114596823,-0.6390134922409748,-1.7394496845408276
2024-03-08,-3.5252213685279696,0.17931433635370653,1.6150367850700904,-0.34578555173798575,-0.47649535151975236,0.20018240941136137,-0.43348679174051197,-0.6520310079888161,-0.9374670231491951
2024-03-15,-2.251975090621805,0.171822116588898,0.9801371262936881,-0.23983547447463566,-0.4549185158588974,0.14411459862624193,-0.3288412724316311,-0.34899238133531135,-0.7215018328452151
2024-03-22,-0.5461749157106133,0.13861964591879986,0.30603843626584293,-0.2243301675900722,-0.3540908414700428,0.13281712755927438,-0.2511865662107988,-0.307260023067676,-0.6788767210762097
2024-03-29,-0.30639186508977573,0.14979054217875032,0.32070724243454607,-0.21191934443835064,-0.17719465106381016,0.08469553651672021,-0.26586801717267794,-0.17171797718149254,-0.17939930797681772
2024-04-05,-0.4253753004799224,0.2491369981107504,0.3486724243105275,-0.6046902136887456,-0.7541726611631999,0.14706443088383597,-0.5671517063098509,-0.5847940742648672,-1.3145074397544276
2024-04-12,-0.2693495026139584,0.1806484648122815,0.3308922173645417,-0.2968421465365557,-0.7741245251466531,0.16130806243912404,-0.4814651931507044,-0.5840719876167364,-1.5874707523922795
2024-04-19,-0.21587420857645037,0.2540438397581255,0.6087563552066595,-0.2255066621878849,-0.9085927702960579,0.1755100007472538,-0.5281863368249771,-0.6558181853100183,-2.1624051699915707
2024-04-26,-1.2681800302752184,0.17537129787242073,0.6882893160029498,-0.2255814331001185,-0.958347928801271,0.1819694420487589,-0.5882246134766715,-0.7689953951387348,-3.1900897503582466
2024-05-03,-0.4513519717210669,0.0777922792569165,0.7164180843626194,-0.18126591906042167,-0.6575658796127147,0.12973991962794057,-0.3222436094709619,-0.6629834613882015,-0.7588253880628454
2024-05-10,-0.4944415907017396,0.10143751452496248,1.0653807277628033,-0.2607088961291733,-0.897655608410679,0.09632865571699795,-0.4219087983398695,-0.6694883921381829,-0.7477679262991954
2024-05-17,-0.6072725092497143,0.13307763800977485,1.003835759741958,-0.24998969249686526,-0.6892034332178889,0.008954207686726522,-0.3901728905775759,-0.41733403358362553,-0.751714153030841
2024-05-24,-0.5605003235804407,0.12750403295500373,0.7703700264636242,-0.19852684908484386,-0.45954299961732525,0.07111486195822377,-0.34534995549767933,-0.2914691657682509,-0.7725710387531813
2024-05-31,-1.3431655001128922,0.08998935595084656,0.4331673716916857,-0.24151844009915155,-0.47571026819113466,0.3754818089439721,-0.4695313800236173,-0.29169976629077515,-0.7603229430629405
2024-06-07,-1.7769978337811763,0.09554976750429753,0.3878746745503138,-0.22984129665011724,-0.4797645111616263,0.39355073087255377,-0.47411375911718034,-0.2847942547011681,-0.7682098771497806
2024-06-14,-1.9446577596677506,0.12790087320535043,0.5207311636201516,-0.38405844198047606,-0.7153382783434216,0.1163741859928669,-1.3182259406489782,-0.5150757680597841,-1.1151495050807139
2024-06-21,-3.3528287259622145,0.10337709890404531,0.656919282877026,-0.4041425180436904,-0.777791569593502,0.10368152685092076,-1.940690577245984,-1.3772501261752998,-1.0865600022318627
2024-06-28,-3.3927254548004577,0.09259700994309537,0.9755830047267126,-0.42572136965842444,-0.7800662315532263,0.03828639312314797,-1.9880487323046214,-1.8837990768814814,-2.745033749830716
2024-07-05,-2.327589576270466,0.10202529385025001,0.8240767146727506,-0.4471593269630246,-0.9367868198713342,0.01778733713202027,-0.9629627674177949,-1.2265196328824004,-3.837747025977179
2024-07-12,-2.020154846188879,0.44354115943485434,0.809347862240508,-0.4867061899707459,-2.441145959671551,-0.014399396789980883,-1.1584341731138001,-0.7685974345127687,-4.058105713684688
2024-07-19,-3.0123986573776955,0.48450119608725517,0.6712928762963954,-0.35172605223652614,-1.2675745406654142,-0.009980139990425794,-0.9968820526674208,-0.612753546879692,-1.3998055782495837
2024-07-26,-2.659861252497832,0.35096609757801817,1.2181401610983944,-0.42510168022733535,-1.2375748892301806,0.24921784912728723,-1.1503170531633704,-0.5097609895894674,-1.2689262764862737
2024-08-02,-0.7327945972349744,0.33138185810510074,1.3051322562560523,-0.25173995589400616,-0.22402138731424687,0.17308814494340716,-0.424645429138013,-0.3977395162142178,-0.9490319346784281
2024-08-09,-0.549686361559288,0.1767938963571568,1.26475122019091,0.6671666940654283,0.9561169369601544,0.23276336333527112,-0.46052063929058595,-0.9424082375608765,-1.9839222531490304
2024-08-16,-0.6839636677955535,0.1572234778093369,1.5046473689687936,-0.31946382083152447,-0.2277352419491412,0.16733363694682357,-0.45181615093891014,-0.5014870047993452,-1.8255060675400878
2024-08-23,-0.6655343437227905,0.44668900741020434,1.2685769083150065,-0.2742959723623351,-0.23102647642586974,0.058393532945938104,-0.48701010966993064,-0.4047064336881569,-1.5669204914452821
2024-08-30,-1.318685082322465,0.25308718688354725,1.2940030465433807,-0.28858458036464085,-0.41601635112024893,0.03939098176669306,-0.5908542612541674,-0.37816245351379413,-0.8770353166322629
2024-09-06,-1.5004144314231114,0.3250682030296504,1.9940165331016357,-0.2917251756627926,-0.3588658260716924,0.03241071177111958,-0.578170884986979,-0.47473002716646956,-0.9189939956950266
2024-09-13,-1.2940382523921028,0.41723799767089587,2.0013613209204286,-0.2899919418515354,-0.4113598072682597,0.04061815478385311,-0.5420088103754206,-0.44616778629345055,-0.8474107280542289
2024-09-20,-1.2186090531840763,0.4225531304456208,0.9140149434128118,-0.843653498223459,-0.24343618276401913,-0.08112242976576034,-1.6926212874189388,-0.6505505014022812,-2.8333142941070872
2024-09-27,-0.7369178259633837,0.489928055231892,0.8406883532598287,-0.29311737038655244,-0.24331279589801327,0.03628308248723793,-0.6798379325292054,-0.5068014564735074,-0.589323380893873
2024-10-04,-0.3371239541224029,0.09493106244931063,0.6329775297708097,-0.1464692865023194,-0.1379758121824008,0.039539889631307806,-0.1837560981967149,-0.1660694348098966,-0.28613828021667886
2024-10-11,-0.3066036963866126,0.09834006169901023,0.7215080724764293,-0.13560459143560985,-0.11675686805106184,0.12554424835759373,-0.19018689645056558,-0.18253173794508853,-0.29676407269571603
2024-10-18,-0.3255983777716086,0.07276037212677187,1.1752552802508955,-0.1255281961651159,-0.1559824071215008,0.12736153240653827,-0.19938201481346846,-0.17833654099109703,-0.29245125393375077
2024-10-25,-0.46513726082071405,0.0844385015765319,1.0951302707017927,-0.20788610614192007,-0.3267547846391194,0.02624833783486449,-0.29429897902307056,-0.22428265606850403,-0.3529068599694987
2024-11-01,-0.9001239622854137,0.1637949184558961,2.7175132252543164,-0.18485860907681614,-0.49016826292311727,0.12085636568892696,-0.8013373104648274,-0.38312698284349866,-1.506024096385542
2024-11-08,-0.8429871575217092,0.14458251179517206,1.0162435395013347,-0.140301942961116,-0.6255812734475039,0.21089754174387576,-0.7778142352347299,-0.397713690831367,-0.5959663976862533
2024-11-15,-0.36724413844436177,0.1308059651777859,1.2554956879373833,-0.13789669589978296,-0.29619134801286895,0.12028928866497107,-0.38130055698793514,-0.5735034390729712,-0.6020703780606144
2024-11-22,-0.32691868377563915,0.12153462237167593,1.3460248869683513,-0.20159488278493584,-0.2580807040009061,0.32702589322057835,-0.3762988007300969,-0.31839309261214654,-0.6067916796579217
2024-11-29,-0.6656642919801165,0.11408096676452875,1.893161102828782,-0.2791427489761915,-0.21575286028124638,0.3176185605575073,-0.2742359372553509,-0.3402870022024356,-0.7549638762282628
2024-12-06,-1.2132814963687453,0.11077425463794717,4.9938523005863376,-0.19504230969619663,-0.18878089786163868,0.17889610886017887,-0.2639400012452064,-0.3119616800180061,-0.7911077293479002
2024-12-13,-0.6311230985726731,0.18396965445570276,5.647210215461775,-0.21301268171044982,-0.3192396461761644,0.13715740193627562,-0.3959706168305066,-0.5979876652491004,-1.5797470840777081
2024-12-20,-0.6997101717030588,0.20709421798840788,17.644784383041774,-0.20996359951345736,-0.202884270738532,0.23657340103761168,-0.35241412054939353,-0.4581782743238355,-1.277586274586785
2024-12-27,-0.7868977516059957,0.22813044505884097,2.23350690381465,-0.21475330704403678,-0.19603829083534885,0.3032182376743585,-0.7339602297666076,-0.454157830480191,-0.9000417291664317
2025-01-03,-0.10596068505417452,0.2843948826708627,2.0324944452579374,-0.23391240601567406,-0.2233418391696946,0.22148062024427587,-0.5677119583179423,-0.3056698859815708,-4.163128063276885
2025-01-10,-0.3498503936750949,0.3590533569669939,2.5417413648858616,-0.20681279884177975,-0.21386350750686783,0.21649425631749336,-0.4487928361645484,-0.32977572430673174,-4.586085613794286
2025-01-17,-0.34628727171205936,0.5311396829184416,3.781089873266743,-0.15757406790379502,-0.29368481988961814,0.19093279234348057,-0.3678578285903166,-0.26059020434798374,-0.8254635319262624
2025-01-24,-0.33499079104819224,0.15301834855893406,0.9125753925959696,-0.2057803333812872,-0.1211447026874213,0.20669170517160435,-0.1977063401827153,-0.18059845479570535,-0.6976025871433792
2025-01-31,-0.299246131464092,0.15204910062317975,0.7702357394564979,-0.1218832184390099,-0.07768989442352169,0.30293753663779066,-0.20160423385429585,-0.22126071027662852,-0.6370433355505116
2025-02-07,-0.2633368469765529,0.1771814708679956,0.4807859489317834,-0.12766379646362638,-0.07518071279411662,0.48952407952737176,-0.20919731845169115,-0.21859406047419103,-0.6979633207364665
2025-02-14,-0.2713355267575371,0.15252440704397624,0.362582565367715,-0.1417827046186119,-0.07966723982410642,0.41451997086556813,-0.20522727084432243,-0.22063036295205296,-0.7507383179384222
2025-02-21,-0.5128429860234656,0.18868910523157914,0.3311845425783355,-0.2206863455673,-0.1333942817098117,0.20621925047812312,-0.2861608218847915,-0.894882730141824,-0.9086504981787015
2025-02-28,-0.6068016149493567,0.19066614874979815,0.3365276834713483,-0.23399731397676565,-0.2444327628758849,0.2801918410783966,-0.29961016128621293,-0.34740270943609775,-1.2363928262270578
2025-03-07,-0.5578151260504202,0.09305159954359127,0.5371355685131196,-0.19918602550326636,-0.1663845236229498,0.13353046910795474,-0.23458237706773816,-0.18665578924625437,-1.081536540449609
2025-03-14,-0.6316130581403008,0.11187997921718046,0.6361988738562603,-0.19995010677150896,-0.1785198551590517,0.22189086497014593,-0.230046690343869,-0.18814682907850236,-0.9939673982800666
2025-03-21,-0.684577718196571,0.13491653214142413,1.1881864496996426,-0.2841715735663909,-0.19908666243347412,0.15855693755019956,-0.24865693883526954,-0.24528092785582448,-1.1444210245068207
2025-03-28,-3.273907272080357,0.6096876288575338,1.0362821504606394,-0.5894437289684683,-0.2791583101445797,0.5153504636177904,-2.281316199991502,-0.5982721280823817,-3.5310289459569772
2025-04-04,-2.713053902546108,0.30162819539425517,0.8441905403438267,-0.3991943815333632,-0.2930595917730737,0.4790291724548522,-2.08607348978152,-0.3875169919351352,-1.9232156357281842
2025-04-11,-2.874300563761405,0.16657094594594596,0.4565634230398033,-0.19777049373966452,-0.4243818020285778,0.3229517577687657,-0.2923142307390017,-0.18694492858283626,-0.316952711217422
2025-04-18,-3.4141921480561654,0.14240437158469946,0.5395979041155968,-0.2884693502524325,0.5608423746075568,0.303682015178953,-0.2977901219659462,-0.16955107159983768,-0.579974703322049
2025-04-25,-1.9003572323064553,0.140008152631439,0.5566248383030263,-0.21441652654335813,-0.49231449740130484,0.32167361065031314,-0.3040266056139557,-0.18041378913029388,-0.30325462354625504
2025-05-02,-0.7172267412614868,0.19672099799454537,0.46075537299950575,-0.1561445799634304,-0.14906029757243539,0.38252361352335174,-0.30326250156097084,-0.2716446476020588,-0.15022764189364157
2025-05-09,-0.5583768934335533,0.14525807553475317,0.3981107080313567,-0.135351776729286,-0.09898671503869513,0.31197485691753696,-0.2733973557551388,-0.3485897754366252,-0.15081752842020868
2025-05-16,-0.58073938417493,0.13314374930299988,0.2941648592598851,-0.17344473129645818,-0.0857957360639375,0.20309411905151414,-0.2710725415418471,-0.23753022394904033,-0.1439119182705794
2025-05-23,-0.9242187758440771,0.20694154563851194,0.34477232000222263,-0.24849810177378193,-0.15832838185779363,0.1795953275148605,-0.3816497911625693,-0.17799313052011775,-0.457767770064827
2025-05-30,-0.8698418479714541,0.22518587468057305,0.5158861589252824,-0.20856883639865342,-0.16843458104227313,0.1175206969077701,-0.36044520408179925,-0.16854873671250453,-0.8657456848556302
2025-06-06,-0.980987613933368,0.24482469785808306,0.4126971038577173,-0.20993799724637546,-0.1923076923076923,0.14024087765758433,-0.47841167892455116,-0.19775903035103104,-0.8528238209404879
2025-06-13,-1.071634295008151,0.2729989570826359,0.40658334423422243,-0.20912734256474116,-0.1762553715989169,0.21095566601240906,-0.5023412843734698,-0.2300521473693136,-0.5684963187370976
2025-06-20,-1.525957845328814,0.4072881315424693,1.6885553883653195,-0.2893473599589359,-0.3385564628350881,0.21855100129664312,-0.7089333860376758,-0.3381751571733777,-0.564020829182732
2025-06-27,-19.12225332356459,0.24389368006722392,0.25645760027865483,-0.34404820071918824,-0.40940121046407174,0.08655184260552896,-0.646686689561766,-0.38231873921362913,-0.43400379573693687
2025-07-04,-16.287085219977023,0.20495266620313418,0.21278729493092294,-0.5208037963274236,-0.6063788643180665,0.08653026716266488,-0.6130385352391605,-0.3621144072647309,-0.4947424002413819
2025-07-11,-3.790059030535451,0.2571503339125337,0.24671467448055745,-0.35760447206911383,-0.29964479477863293,0.233008626028147,-0.5878077157391666,-1.0619021406492393,-0.3273034087073911
2025-07-18,-3.36566204861388,0.4332465179481372,1.080430569916255,-0.5994827973914999,-0.34056023441744937,0.1770955837126338,-1.350006366152816,-1.0326419180438655,-0.617639167943528
2025-07-25,-2.8568493689301304,0.782898221717745,3.861838482748944,-0.35443113854501357,-0.3180954507444913,0.25342969415686356,-1.17884557319464,-9.298027486305878,-1.5241967703923978
2025-08-01,-1.4127638170529717,1.1552480968387604,0.9630876288659794,-0.3677091639349104,-0.2327256786726769,0.35086373004037996,-0.8839846772215199,-2.2484752076355523,-2.130741496647016
2025-08-08,-1.754090641553855,0.07614266521101153,0.8059433443904027,-0.48725578128633323,-0.21064300887317164,0.10564662478696704,-0.7790875845883934,-0.9913726127590411,-2.6249281721778197
2025-08-15,-1.6235172182073931,0.10389398322406262,0.6010983025223162,-0.7404438035383755,-0.2037419345857492,0.11930512334625615,-0.789875508023777,-0.8251589923369065,-2.507132950267486
2025-08-22,-1.531324384811955,0.1007053170225033,0.4886474376925231,-0.7554728368736765,-0.20464309941961256,0.16869750303252237,-0.8163822564347105,-0.7880875965027125,-1.6384026522324564
2025-08-29,-1.525209311967886,0.09444306904726937,0.3793245859126073,-0.5396023710973779,-0.35127351716772687,0.12592162463315495,-1.5980100443262906,-0.8756915285648316,-1.4257952199756274
2025-09-05,-1.1588432339770502,0.110843760133472,0.3613726965446767,-0.5431700158049221,-0.4209847498716219,0.13263477181855785,-2.0665024988377496,-0.8168735326637394,-0.6205228071524049
2025-09-12,-1.1394113611589276,0.10172110135204833,0.40618370931319997,-0.5296482779160789,-0.5351514374630576,0.14681003381656163,-3.4621559788943124,-0.9532202458719086,-0.4791163706131812
2025-09-19,-1.0395464197953215,0.0948503089814611,0.4729307557933039,-0.7274516794023281,-0.537517654973913,0.15742992560788172,-3.7838888802476243,-0.618566606879368,-0.5923164108825318
2025-09-26,-1.8564806021596143,0.08113288650726137,0.7970625020510708,-0.5311609821271018,-0.5160511963437266,0.13968836759449751,-1.27889053065543,-0.38423661000341836,-0.7129375826753399
2025-10-03,-1.4501282795354817,0.042794691627799177,0.6063487392639729,-0.4329909200442197,-0.5995617747681021,0.12037894636846663,-0.8843958769278463,-0.9650806126628989,-0.6203690154153618
2025-10-10,-1.5469297708052459,0.0721803514786312,0.6040739120364412,-0.30220239362310375,-0.5020070517090455,0.1059348620170479,-0.7256907045251042,-0.9785558016285626,-0.635897192378465
2025-10-17,-11.10717840946798,0.10446049985268309,0.690953765227021,-0.3016962778615881,-0.5216925008594789,0.129242727593923,-0.7623935235931908,-0.758394772552443,-0.838498632480269
2025-10-24,-11.332255311503392,0.2481760161236144,0.8462853402915923,-0.2942023671492797,-0.6471859073786839,0.1356716907842547,-0.9040019505851755,-0.4853472025636614,-2.1543979809619644
2025-10-31,-11.10372911364391,0.2182382668651571,0.2724597042237465,-0.21951974962663504,-0.3729910150808269,0.17806007727204168,-1.7670230580960968,-0.5454088983975899,-0.8734651728625586
2025-11-07,-5.134964412049369,0.19224936995429498,0.3388210647980929,-0.15280094413847364,-0.4469866369540497,0.2705694023237623,-2.144070230453378,-0.5501958280119199,-0.8462168905632942
2025-11-14,-1.548849220311079,0.7212599008926152,0.3966818184931429,-0.1649775933000294,-0.33425061054581584,0.2772859989803958,-1.7383652467745239,-0.5779148956891333,-0.44609953259742285
2025-11-21,-1.4396182637538113,0.34435290991230405,0.3840263442654665,-0.15884575101379478,-0.24168089493473657,0.21816327180140038,-0.8872982616950928,-0.5531806349497037,-0.28974778809070556
2025-11-28,-1.009974016638337,0.1321214875741316,0.42738440187377924,-0.18272468153013127,-0.26238549870905165,0.23071673829632786,-0.5238990591248296,-0.7058290498039351,-0.255614829652035
2025-12-05,-0.8678404611831709,0.12180005101159279,0.556818966112223,-0.21697701678513315,-0.3137085427629237,0.26650902160515616,-0.4189084710397377,-0.5826607537858547,-0.2405973398968145
2025-12-12,-1.067811372402638,0.15461046748747187,0.7762813042657172,-0.41266676962921606,-1.3697022987682437,0.5316382126228156,-0.7056580501246555,-2.899100641203052,-1.2716057880943834
2025-12-19,-2.489947443778561,0.14242846838182255,0.6292303011077086,-0.8162814967886645,-1.5932785755729622,0.3044910744447028,-2.0535393664643706,-1.4185880222640617,-0.6026678760060651
2025-12-26,-2.235575328379992,0.48583920888243565,0.7883745035895117,-0.10682229191965963,0.7853107029199934,0.34683872482075795,-0.9137036715059839,-0.39100037495977297,0.8938062754582767
2026-01-02,-2.6329073619795875,0.1419535604413789,0.4299950703675979,-0.1146657918326233,-0.39062251272279974,0.39082667763825446,-0.7392900820460454,-0.2317518809166125,-0.5475923852183651
2026-01-09,-0.8763155675493337,0.07780286550146276,3.239781620409773,-0.07940007308905676,-0.23398618375079488,0.5022968275297967,-0.7395586473653066,-0.2646160822718562,-0.46884375837465675
2026-01-16,-0.9669691221173405,0.08324814484862662,2.7338181173236378,-0.3468710217656493,-0.28284188906771723,0.5074906924795235,-8.600760302366922,-0.4492707371516168,-0.6242323829910977
2026-01-23,-3.002706045765167,0.0713824298089128,0.7562444532510229,-0.19082533856635786,-0.13972194442514133,0.23031824395219447,-0.548859442519774,-0.3906412330346258,-0.5730015159537816
2026-01-30,-5.70405713599808,0.12659579309772467,0.5078945435852245,-0.14449588755106818,-0.2074151446226535,0.32150403616844003,-0.5399952278022626,-0.2534521295183172,-20.775416815500613
2026-02-06,-2.407909347751732,0.16478384020372985,0.18174018206743775,-0.11412243996909399,-0.14963647315796896,0.6566856831298705,-0.554799039905138,-0.26433890164160134,-0.9521161651941061
2026-02-13,-2.8083010361257994,0.3007614745432463,0.2818761177044383,-0.10978219019855893,-0.1823631398639591,0.4391374424953832,-0.7173213938332846,-0.2657106251340497,-0.5322927009490382
2026-02-20,-2.2782768414714747,0.3618159794667108,0.27190892443036113,-0.1250477667876578,-0.25348642810440386,0.22164542862234893,-0.7059345362757561,-0.44770797778091803,-0.43911359451393733
2026-02-27,-1.7098129952456418,0.4234498720916068,2.335802127953572,-0.2476817474189657,-0.28412257365855437,0.2875414689657833,-0.9624568513446087,-0.6543565680817934,-0.510716578398331
2026-03-06,-0.5889383910386965,0.2190076103717326,1.2409430770470073,-0.0723051966613309,-0.13322382845669986,0.17295452474254988,-0.5306492002251278,-0.2362230979084571,-0.2756127731933106
2026-03-13,-0.6236521241654791,0.1879870574511231,1.7975726514739918,-0.07619713586720422,-0.15151843512524626,0.23954289895255698,-0.5354446702413306,-0.2543489190548014,-0.28227755498200063
2026-03-20,-1.2543422928120547,0.23057323807089503,1.7843866589597108,-0.10402099208127893,-0.17633182078813403,0.28489231750207733,-0.5734504995155201,-0.613913757908913,-0.39259461313049443
2026-03-27,-9.798246630363419,0.4928631842052111,1.61587329335874,-0.3980012423722001,-0.13269428239356362,1.0129957179229996,-1.6458135268676102,-0.37688084952007855,-0.6747033889391421
2026-04-03,-1.1612596092813314,12.857274465095927,0.8390555854320684,-0.6383831922849833,0.19405426757657937,0.8615708117766357,-1.4396080192535783,0.023957179339148163,3.5362108651309017
2026-04-10,-0.6698574955602721,0.7636188468224436,0.2812838168395996,-0.12104942489268401,-0.07934554141362433,0.2890900191493564,-0.4631582775015227,-0.41386100629119327,-0.6602130215241685
2026-04-17,-0.9491621495818255,0.6391147441193096,0.3116246821352496,-0.14779907500321082,-0.12630474465669153,0.40797981070504036,-0.644030983073301,-0.4618224779428622,-0.5366337256115695
2026-04-24,-0.5734855817500446,0.3296451735978634,0.361065840766923,-0.07879034721515121,-0.12855259276037712,0.08892347578396172,-0.37954427757638526,-0.18602473157454832,-0.4729752504346897
2026-05-01,-1.352105185852989,0.4235719487205541,0.33860442195446633,-0.0955515997991693,-0.43967904504721445,0.12011862874640195,-0.5538103821581322,-0.3071608430271574,-0.4198492489999522
2026-05-08,-0.9459318362737656,0.37816789763548797,0.3154044936341545,-0.09574685339228278,-0.15209745356920398,0.09387144614658645,-0.5405612049850905,-0.32694000055580774,-0.4496796755490532
2026-05-15,-1.24165248830285,0.3374302054936809,0.5196030776557179,-0.07641936599423632,-0.13178817285628214,0.08458139174364632,-0.47833698262092894,-0.4773815378269905,-0.39480874544404065
2026-05-22,-1.1949754588181174,0.6007000774124062,0.5626477922858167,-0.11210975106587816,-0.12552046683149115,0.058638663546301345,-0.5192238635941505,-0.46334732062137246,-0.3678518879743057
2026-05-29,-0.98483139024696,0.7818830148817506,0.3857739715128543,-0.06740707169621975,-0.27761079855252524,0.10193754998111144,-0.5110810493834649,-0.42878006721683587,-0.4379489091057346
2026-06-05,-0.822942043270578,0.523793039695059,0.47964734420205185,-0.048514826730881845,-0.1280527530459906,0.15047875959949453,-0.4608455851125075,-0.4830819133489912,-0.5449959632984271
2026-06-12,-0.7913794214290316,0.1638915117134934,0.46541352410768577,-0.0494020174923855,-0.1549190962351148,0.08816338782204189,-0.3986398442910549,-0.45793121458938524,-0.839352123275085
2026-06-19,-0.937002078790465,0.21301409949454642,0.5753426202695844,-0.0431403278248276,-0.21587505082439237,0.07294330364739918,-0.4267329628546359,-0.6625804417573858,-1.3455530111182696
2026-06-26,-1.0102658551558985,0.3669536411402598,0.9940814458311807,-0.048003016637680265,-0.07755670551400244,0.06508847005978938,-0.6230966612994537,-0.5251302266647895,-0.9017491869840476
2026-07-03,-1.0674860142125842,1.1968862606346442,0.467679793461936,-0.2013326011708063,-0.07666467323096621,0.2067525372811868,-0.7827563204800309,-0.4197803156765765,-0.8264856321382618
2026-07-10,-1.289266954135633,2.4708561094229875,1.019158275238833,-0.11753945366123592,-0.2113616729060984,0.2099034312718307,-2.0672306103378744,-0.4267901985333572,-1.1884591414402368
2026-07-17,-2.866630695804609,0.5452532322420292,0.8925414117640272,-0.10781654487083886,-0.26648467109460017,0.6444398916660837,-3.0411035163045534,-0.4728091977286014,-0.7880742264692348
