date,KRW,THB,INR,PHP,CNH,IDR,MYR,SGD,TWD
2011-02-04,1.1000000000000014,-9.000000000000002,-28.0,0.5999999999999996,3.700000000000017,1.0,-2.0,17.199999999999996,-6.300000000000001
2011-02-11,1.1000000000000014,-9.000000000000002,-28.0,0.5999999999999996,3.700000000000017,1.0,-2.0,17.199999999999996,-6.300000000000001
2011-02-18,1.1000000000000014,-9.000000000000002,-28.0,0.5999999999999996,3.700000000000017,1.0,-2.0,17.199999999999996,-6.300000000000001
2011-02-25,1.1000000000000014,-9.000000000000002,-28.0,0.5999999999999996,3.700000000000017,1.0,-2.0,17.199999999999996,-6.300000000000001
2011-03-04,1.8999999999999986,-4.600000000000001,-20.099999999999994,-0.1999999999999993,-14.0,1.5,-2.3999999999999986,18.8,-5.5
2011-03-11,1.8999999999999986,-4.600000000000001,-20.099999999999994,-0.1999999999999993,-14.0,1.5,-2.3999999999999986,18.8,-5.5
2011-03-18,1.8999999999999986,-4.600000000000001,-20.099999999999994,-0.1999999999999993,-14.0,1.5,-2.3999999999999986,18.8,-5.5
2011-03-25,1.8999999999999986,-4.600000000000001,-20.099999999999994,-0.1999999999999993,-14.0,1.5,-2.3999999999999986,18.8,-5.5
2011-04-01,4.899999999999999,-2.5,-9.0,-1.0,19.200000000000017,1.8000000000000007,-4.100000000000001,17.800000000000004,-3.1999999999999993
2011-04-08,4.899999999999999,-2.5,-9.0,-1.0,19.200000000000017,1.8000000000000007,-4.100000000000001,17.800000000000004,-3.1999999999999993
2011-04-15,4.899999999999999,-2.5,-9.0,-1.0,19.200000000000017,1.8000000000000007,-4.100000000000001,17.800000000000004,-3.1999999999999993
2011-04-22,4.899999999999999,-2.5,-9.0,-1.0,19.200000000000017,1.8000000000000007,-4.100000000000001,17.800000000000004,-3.1999999999999993
2011-04-29,4.899999999999999,-2.5,-9.0,-1.0,19.200000000000017,1.8000000000000007,-4.100000000000001,17.800000000000004,-3.1999999999999993
2011-05-06,7.199999999999996,-1.799999999999999,-1.9000000000000057,-0.6000000000000005,40.30000000000001,3.6000000000000014,-4.100000000000001,17.9,-2.700000000000003
2011-05-13,7.199999999999996,-1.799999999999999,-1.9000000000000057,-0.6000000000000005,40.30000000000001,3.6000000000000014,-4.100000000000001,17.9,-2.700000000000003
2011-05-20,7.199999999999996,-1.799999999999999,-1.9000000000000057,-0.6000000000000005,40.30000000000001,3.6000000000000014,-4.100000000000001,17.9,-2.700000000000003
2011-05-27,7.199999999999996,-1.799999999999999,-1.9000000000000057,-0.6000000000000005,40.30000000000001,3.6000000000000014,-4.100000000000001,17.9,-2.700000000000003
2011-06-03,5.600000000000001,-3.8000000000000007,-3.4000000000000057,-0.7000000000000002,27.69999999999999,3.400000000000002,-3.5,14.199999999999996,-4.5
2011-06-10,5.600000000000001,-3.8000000000000007,-3.4000000000000057,-0.7000000000000002,27.69999999999999,3.400000000000002,-3.5,14.199999999999996,-4.5
2011-06-17,5.600000000000001,-3.8000000000000007,-3.4000000000000057,-0.7000000000000002,27.69999999999999,3.400000000000002,-3.5,14.199999999999996,-4.5
2011-06-24,5.600000000000001,-3.8000000000000007,-3.4000000000000057,-0.7000000000000002,27.69999999999999,3.400000000000002,-3.5,14.199999999999996,-4.5
2011-07-01,0.3999999999999986,-6.8999999999999995,-11.300000000000011,-2.5,18.200000000000017,7.0,-1.7999999999999972,14.900000000000002,-4.5
2011-07-08,0.3999999999999986,-6.8999999999999995,-11.300000000000011,-2.5,18.200000000000017,7.0,-1.7999999999999972,14.900000000000002,-4.5
2011-07-15,0.3999999999999986,-6.8999999999999995,-11.300000000000011,-2.5,18.200000000000017,7.0,-1.7999999999999972,14.900000000000002,-4.5
2011-07-22,0.3999999999999986,-6.8999999999999995,-11.300000000000011,-2.5,18.200000000000017,7.0,-1.7999999999999972,14.900000000000002,-4.5
2011-07-29,0.3999999999999986,-6.8999999999999995,-11.300000000000011,-2.5,18.200000000000017,7.0,-1.7999999999999972,14.900000000000002,-4.5
2011-08-05,-0.7999999999999972,-2.3000000000000007,-8.0,-3.4,2.8000000000000114,9.5,-0.6999999999999957,17.900000000000002,-3.5
2011-08-12,-0.7999999999999972,-2.3000000000000007,-8.0,-3.4,2.8000000000000114,9.5,-0.6999999999999957,17.900000000000002,-3.5
2011-08-19,-0.7999999999999972,-2.3000000000000007,-8.0,-3.4,2.8000000000000114,9.5,-0.6999999999999957,17.900000000000002,-3.5
2011-08-26,-0.7999999999999972,-2.3000000000000007,-8.0,-3.4,2.8000000000000114,9.5,-0.6999999999999957,17.900000000000002,-3.5
2011-09-02,-1.2000000000000028,-2.700000000000001,-13.299999999999983,-4.999999999999999,-3.6999999999999886,10.799999999999997,0.6000000000000014,13.100000000000001,-3.5
2011-09-09,-1.2000000000000028,-2.700000000000001,-13.299999999999983,-4.999999999999999,-3.6999999999999886,10.799999999999997,0.6000000000000014,13.100000000000001,-3.5
2011-09-16,-1.2000000000000028,-2.700000000000001,-13.299999999999983,-4.999999999999999,-3.6999999999999886,10.799999999999997,0.6000000000000014,13.100000000000001,-3.5
2011-09-23,-1.2000000000000028,-2.700000000000001,-13.299999999999983,-4.999999999999999,-3.6999999999999886,10.799999999999997,0.6000000000000014,13.100000000000001,-3.5
2011-09-30,-4.599999999999994,-7.200000000000001,-12.400000000000006,-7.699999999999999,-10.0,9.5,2.1000000000000014,10.699999999999996,-2.6000000000000014
2011-10-07,-4.599999999999994,-7.200000000000001,-12.400000000000006,-7.699999999999999,-10.0,9.5,2.1000000000000014,10.699999999999996,-2.6000000000000014
2011-10-14,-4.599999999999994,-7.200000000000001,-12.400000000000006,-7.699999999999999,-10.0,9.5,2.1000000000000014,10.699999999999996,-2.6000000000000014
2011-10-21,-4.599999999999994,-7.200000000000001,-12.400000000000006,-7.699999999999999,-10.0,9.5,2.1000000000000014,10.699999999999996,-2.6000000000000014
2011-10-28,-4.599999999999994,-7.200000000000001,-12.400000000000006,-7.699999999999999,-10.0,9.5,2.1000000000000014,10.699999999999996,-2.6000000000000014
2011-11-04,-9.799999999999997,-10.6,-14.199999999999989,-8.5,-23.299999999999983,9.099999999999998,5.5,6.299999999999997,-2.0
2011-11-11,-9.799999999999997,-10.6,-14.199999999999989,-8.5,-23.299999999999983,9.099999999999998,5.5,6.299999999999997,-2.0
2011-11-18,-9.799999999999997,-10.6,-14.199999999999989,-8.5,-23.299999999999983,9.099999999999998,5.5,6.299999999999997,-2.0
2011-11-25,-9.799999999999997,-10.6,-14.199999999999989,-8.5,-23.299999999999983,9.099999999999998,5.5,6.299999999999997,-2.0
2011-12-02,-7.600000000000001,-11.399999999999999,-27.69999999999999,-8.399999999999999,-35.5,7.600000000000001,5.399999999999999,4.299999999999997,2.3000000000000007
2011-12-09,-7.600000000000001,-11.399999999999999,-27.69999999999999,-8.399999999999999,-35.5,7.600000000000001,5.399999999999999,4.299999999999997,2.3000000000000007
2011-12-16,-7.600000000000001,-11.399999999999999,-27.69999999999999,-8.399999999999999,-35.5,7.600000000000001,5.399999999999999,4.299999999999997,2.3000000000000007
2011-12-23,-7.600000000000001,-11.399999999999999,-27.69999999999999,-8.399999999999999,-35.5,7.600000000000001,5.399999999999999,4.299999999999997,2.3000000000000007
2011-12-30,-7.600000000000001,-11.399999999999999,-27.69999999999999,-8.399999999999999,-35.5,7.600000000000001,5.399999999999999,4.299999999999997,2.3000000000000007
2012-01-06,-10.400000000000002,-16.6,-37.8,-8.799999999999999,-26.599999999999994,4.0,5.299999999999997,3.3999999999999986,3.299999999999997
2012-01-13,-10.400000000000002,-16.6,-37.8,-8.799999999999999,-26.599999999999994,4.0,5.299999999999997,3.3999999999999986,3.299999999999997
2012-01-20,-10.400000000000002,-16.6,-37.8,-8.799999999999999,-26.599999999999994,4.0,5.299999999999997,3.3999999999999986,3.299999999999997
2012-01-27,-10.400000000000002,-16.6,-37.8,-8.799999999999999,-26.599999999999994,4.0,5.299999999999997,3.3999999999999986,3.299999999999997
2012-02-03,-18.5,-14.5,-43.7,-7.9,1.6999999999999886,2.8999999999999986,5.5,-2.6999999999999957,2.8000000000000007
2012-02-10,-18.5,-14.5,-43.7,-7.9,1.6999999999999886,2.8999999999999986,5.5,-2.6999999999999957,2.8000000000000007
2012-02-17,-18.5,-14.5,-43.7,-7.9,1.6999999999999886,2.8999999999999986,5.5,-2.6999999999999957,2.8000000000000007
2012-02-24,-18.5,-14.5,-43.7,-7.9,1.6999999999999886,2.8999999999999986,5.5,-2.6999999999999957,2.8000000000000007
2012-03-02,-19.4,-16.299999999999997,-49.599999999999994,-6.9,-8.099999999999994,0.09999999999999787,5.600000000000001,-4.399999999999999,5.099999999999998
2012-03-09,-19.4,-16.299999999999997,-49.599999999999994,-6.9,-8.099999999999994,0.09999999999999787,5.600000000000001,-4.399999999999999,5.099999999999998
2012-03-16,-19.4,-16.299999999999997,-49.599999999999994,-6.9,-8.099999999999994,0.09999999999999787,5.600000000000001,-4.399999999999999,5.099999999999998
2012-03-23,-19.4,-16.299999999999997,-49.599999999999994,-6.9,-8.099999999999994,0.09999999999999787,5.600000000000001,-4.399999999999999,5.099999999999998
2012-03-30,-19.4,-16.299999999999997,-49.599999999999994,-6.9,-8.099999999999994,0.09999999999999787,5.600000000000001,-4.399999999999999,5.099999999999998
2012-04-06,-20.4,-23.5,-64.80000000000001,-6.0,-10.5,-0.9000000000000021,5.900000000000006,-5.0,5.599999999999998
2012-04-13,-20.4,-23.5,-64.80000000000001,-6.0,-10.5,-0.9000000000000021,5.900000000000006,-5.0,5.599999999999998
2012-04-20,-20.4,-23.5,-64.80000000000001,-6.0,-10.5,-0.9000000000000021,5.900000000000006,-5.0,5.599999999999998
2012-04-27,-20.4,-23.5,-64.80000000000001,-6.0,-10.5,-0.9000000000000021,5.900000000000006,-5.0,5.599999999999998
2012-05-04,-23.2,-25.1,-66.10000000000001,-4.6000000000000005,-13.0,-4.199999999999999,3.799999999999997,-4.899999999999999,2.900000000000002
2012-05-11,-23.2,-25.1,-66.10000000000001,-4.6000000000000005,-13.0,-4.199999999999999,3.799999999999997,-4.899999999999999,2.900000000000002
2012-05-18,-23.2,-25.1,-66.10000000000001,-4.6000000000000005,-13.0,-4.199999999999999,3.799999999999997,-4.899999999999999,2.900000000000002
2012-05-25,-23.2,-25.1,-66.10000000000001,-4.6000000000000005,-13.0,-4.199999999999999,3.799999999999997,-4.899999999999999,2.900000000000002
2012-06-01,-20.799999999999997,-24.6,-58.0,-4.1,-1.4000000000000057,-8.7,2.200000000000003,-4.399999999999999,5.899999999999999
2012-06-08,-20.799999999999997,-24.6,-58.0,-4.1,-1.4000000000000057,-8.7,2.200000000000003,-4.399999999999999,5.899999999999999
2012-06-15,-20.799999999999997,-24.6,-58.0,-4.1,-1.4000000000000057,-8.7,2.200000000000003,-4.399999999999999,5.899999999999999
2012-06-22,-20.799999999999997,-24.6,-58.0,-4.1,-1.4000000000000057,-8.7,2.200000000000003,-4.399999999999999,5.899999999999999
2012-06-29,-20.799999999999997,-24.6,-58.0,-4.1,-1.4000000000000057,-8.7,2.200000000000003,-4.399999999999999,5.899999999999999
2012-07-06,-12.7,-23.900000000000002,-48.599999999999994,-3.8000000000000007,5.599999999999994,-16.1,1.6999999999999957,-8.200000000000003,7.399999999999999
2012-07-13,-12.7,-23.900000000000002,-48.599999999999994,-3.8000000000000007,5.599999999999994,-16.1,1.6999999999999957,-8.200000000000003,7.399999999999999
2012-07-20,-12.7,-23.900000000000002,-48.599999999999994,-3.8000000000000007,5.599999999999994,-16.1,1.6999999999999957,-8.200000000000003,7.399999999999999
2012-07-27,-12.7,-23.900000000000002,-48.599999999999994,-3.8000000000000007,5.599999999999994,-16.1,1.6999999999999957,-8.200000000000003,7.399999999999999
2012-08-03,-14.200000000000003,-30.200000000000003,-49.29999999999998,-3.1999999999999993,-3.1999999999999886,-18.799999999999997,-1.3000000000000043,-12.300000000000004,3.700000000000003
2012-08-10,-14.200000000000003,-30.200000000000003,-49.29999999999998,-3.1999999999999993,-3.1999999999999886,-18.799999999999997,-1.3000000000000043,-12.300000000000004,3.700000000000003
2012-08-17,-14.200000000000003,-30.200000000000003,-49.29999999999998,-3.1999999999999993,-3.1999999999999886,-18.799999999999997,-1.3000000000000043,-12.300000000000004,3.700000000000003
2012-08-24,-14.200000000000003,-30.200000000000003,-49.29999999999998,-3.1999999999999993,-3.1999999999999886,-18.799999999999997,-1.3000000000000043,-12.300000000000004,3.700000000000003
2012-08-31,-11.899999999999999,-27.9,-42.5,-2.5,7.599999999999994,-24.2,-3.700000000000003,-9.5,4.0
2012-09-07,-11.899999999999999,-27.9,-42.5,-2.5,7.599999999999994,-24.2,-3.700000000000003,-9.5,4.0
2012-09-14,-11.899999999999999,-27.9,-42.5,-2.5,7.599999999999994,-24.2,-3.700000000000003,-9.5,4.0
2012-09-21,-11.899999999999999,-27.9,-42.5,-2.5,7.599999999999994,-24.2,-3.700000000000003,-9.5,4.0
2012-09-28,-11.899999999999999,-27.9,-42.5,-2.5,7.599999999999994,-24.2,-3.700000000000003,-9.5,4.0
2012-10-05,-7.200000000000003,-23.1,-43.69999999999999,0.09999999999999964,22.900000000000006,-25.9,-5.600000000000001,-12.199999999999996,6.200000000000003
2012-10-12,-7.200000000000003,-23.1,-43.69999999999999,0.09999999999999964,22.900000000000006,-25.9,-5.600000000000001,-12.199999999999996,6.200000000000003
2012-10-19,-7.200000000000003,-23.1,-43.69999999999999,0.09999999999999964,22.900000000000006,-25.9,-5.600000000000001,-12.199999999999996,6.200000000000003
2012-10-26,-7.200000000000003,-23.1,-43.69999999999999,0.09999999999999964,22.900000000000006,-25.9,-5.600000000000001,-12.199999999999996,6.200000000000003
2012-11-02,-4.900000000000002,-21.599999999999998,-42.30000000000001,0.9000000000000004,48.099999999999994,-28.299999999999997,-8.800000000000004,-11.899999999999999,5.5
2012-11-09,-4.900000000000002,-21.599999999999998,-42.30000000000001,0.9000000000000004,48.099999999999994,-28.299999999999997,-8.800000000000004,-11.899999999999999,5.5
2012-11-16,-4.900000000000002,-21.599999999999998,-42.30000000000001,0.9000000000000004,48.099999999999994,-28.299999999999997,-8.800000000000004,-11.899999999999999,5.5
2012-11-23,-4.900000000000002,-21.599999999999998,-42.30000000000001,0.9000000000000004,48.099999999999994,-28.299999999999997,-8.800000000000004,-11.899999999999999,5.5
2012-11-30,-3.900000000000002,-19.2,-34.099999999999994,1.799999999999999,61.5,-30.0,-9.099999999999998,-8.899999999999999,3.0
2012-12-07,-3.900000000000002,-19.2,-34.099999999999994,1.799999999999999,61.5,-30.0,-9.099999999999998,-8.899999999999999,3.0
2012-12-14,-3.900000000000002,-19.2,-34.099999999999994,1.799999999999999,61.5,-30.0,-9.099999999999998,-8.899999999999999,3.0
2012-12-21,-3.900000000000002,-19.2,-34.099999999999994,1.799999999999999,61.5,-30.0,-9.099999999999998,-8.899999999999999,3.0
2012-12-28,-3.900000000000002,-19.2,-34.099999999999994,1.799999999999999,61.5,-30.0,-9.099999999999998,-8.899999999999999,3.0
2013-01-04,-2.5,-13.8,-30.5,2.1999999999999993,72.79999999999998,-27.8,-8.499999999999996,-13.8,3.900000000000002
2013-01-11,-2.5,-13.8,-30.5,2.1999999999999993,72.79999999999998,-27.8,-8.499999999999996,-13.8,3.900000000000002
2013-01-18,-2.5,-13.8,-30.5,2.1999999999999993,72.79999999999998,-27.8,-8.499999999999996,-13.8,3.900000000000002
2013-01-25,-2.5,-13.8,-30.5,2.1999999999999993,72.79999999999998,-27.8,-8.499999999999996,-13.8,3.900000000000002
2013-02-01,5.0,-18.9,-25.0,2.5999999999999996,53.30000000000001,-27.8,-9.899999999999999,-10.400000000000002,5.299999999999997
2013-02-08,5.0,-18.9,-25.0,2.5999999999999996,53.30000000000001,-27.8,-9.899999999999999,-10.400000000000002,5.299999999999997
2013-02-15,5.0,-18.9,-25.0,2.5999999999999996,53.30000000000001,-27.8,-9.899999999999999,-10.400000000000002,5.299999999999997
2013-02-22,5.0,-18.9,-25.0,2.5999999999999996,53.30000000000001,-27.8,-9.899999999999999,-10.400000000000002,5.299999999999997
2013-03-01,6.5,-20.700000000000003,-19.0,2.3000000000000007,124.89999999999998,-27.099999999999998,-10.8,-13.500000000000004,1.1000000000000014
2013-03-08,6.5,-20.700000000000003,-19.0,2.3000000000000007,124.89999999999998,-27.099999999999998,-10.8,-13.500000000000004,1.1000000000000014
2013-03-15,6.5,-20.700000000000003,-19.0,2.3000000000000007,124.89999999999998,-27.099999999999998,-10.8,-13.500000000000004,1.1000000000000014
2013-03-22,6.5,-20.700000000000003,-19.0,2.3000000000000007,124.89999999999998,-27.099999999999998,-10.8,-13.500000000000004,1.1000000000000014
2013-03-29,6.5,-20.700000000000003,-19.0,2.3000000000000007,124.89999999999998,-27.099999999999998,-10.8,-13.500000000000004,1.1000000000000014
2013-04-05,7.800000000000004,-10.1,-6.199999999999989,3.0,113.80000000000001,-26.9,-12.400000000000002,-11.100000000000001,1.3000000000000007
2013-04-12,7.800000000000004,-10.1,-6.199999999999989,3.0,113.80000000000001,-26.9,-12.400000000000002,-11.100000000000001,1.3000000000000007
2013-04-19,7.800000000000004,-10.1,-6.199999999999989,3.0,113.80000000000001,-26.9,-12.400000000000002,-11.100000000000001,1.3000000000000007
2013-04-26,7.800000000000004,-10.1,-6.199999999999989,3.0,113.80000000000001,-26.9,-12.400000000000002,-11.100000000000001,1.3000000000000007
2013-05-03,10.400000000000002,-9.3,-8.299999999999983,1.4000000000000004,106.39999999999998,-25.4,-13.2,-12.899999999999999,4.800000000000001
2013-05-10,10.400000000000002,-9.3,-8.299999999999983,1.4000000000000004,106.39999999999998,-25.4,-13.2,-12.899999999999999,4.800000000000001
2013-05-17,10.400000000000002,-9.3,-8.299999999999983,1.4000000000000004,106.39999999999998,-25.4,-13.2,-12.899999999999999,4.800000000000001
2013-05-24,10.400000000000002,-9.3,-8.299999999999983,1.4000000000000004,106.39999999999998,-25.4,-13.2,-12.899999999999999,4.800000000000001
2013-05-31,13.5,-8.0,-12.199999999999989,1.4000000000000004,103.79999999999998,-22.0,-12.400000000000002,-10.299999999999997,5.800000000000001
2013-06-07,13.5,-8.0,-12.199999999999989,1.4000000000000004,103.79999999999998,-22.0,-12.400000000000002,-10.299999999999997,5.800000000000001
2013-06-14,13.5,-8.0,-12.199999999999989,1.4000000000000004,103.79999999999998,-22.0,-12.400000000000002,-10.299999999999997,5.800000000000001
2013-06-21,13.5,-8.0,-12.199999999999989,1.4000000000000004,103.79999999999998,-22.0,-12.400000000000002,-10.299999999999997,5.800000000000001
2013-06-28,13.5,-8.0,-12.199999999999989,1.4000000000000004,103.79999999999998,-22.0,-12.400000000000002,-10.299999999999997,5.800000000000001
2013-07-05,11.099999999999998,-8.099999999999998,-15.199999999999989,2.200000000000001,90.1,-17.0,-14.2,-6.0,5.100000000000001
2013-07-12,11.099999999999998,-8.099999999999998,-15.199999999999989,2.200000000000001,90.1,-17.0,-14.2,-6.0,5.100000000000001
2013-07-19,11.099999999999998,-8.099999999999998,-15.199999999999989,2.200000000000001,90.1,-17.0,-14.2,-6.0,5.100000000000001
2013-07-26,11.099999999999998,-8.099999999999998,-15.199999999999989,2.200000000000001,90.1,-17.0,-14.2,-6.0,5.100000000000001
2013-08-02,12.700000000000003,-4.399999999999999,-7.600000000000023,1.5999999999999996,88.69999999999999,-17.7,-12.5,-5.099999999999998,10.100000000000001
2013-08-09,12.700000000000003,-4.399999999999999,-7.600000000000023,1.5999999999999996,88.69999999999999,-17.7,-12.5,-5.099999999999998,10.100000000000001
2013-08-16,12.700000000000003,-4.399999999999999,-7.600000000000023,1.5999999999999996,88.69999999999999,-17.7,-12.5,-5.099999999999998,10.100000000000001
2013-08-23,12.700000000000003,-4.399999999999999,-7.600000000000023,1.5999999999999996,88.69999999999999,-17.7,-12.5,-5.099999999999998,10.100000000000001
2013-08-30,12.700000000000003,-4.399999999999999,-7.600000000000023,1.5999999999999996,88.69999999999999,-17.7,-12.5,-5.099999999999998,10.100000000000001
2013-09-06,14.0,-3.6999999999999993,-5.100000000000023,2.8999999999999995,81.79999999999998,-14.4,-11.2,-5.200000000000003,10.599999999999998
2013-09-13,14.0,-3.6999999999999993,-5.100000000000023,2.8999999999999995,81.79999999999998,-14.4,-11.2,-5.200000000000003,10.599999999999998
2013-09-20,14.0,-3.6999999999999993,-5.100000000000023,2.8999999999999995,81.79999999999998,-14.4,-11.2,-5.200000000000003,10.599999999999998
2013-09-27,14.0,-3.6999999999999993,-5.100000000000023,2.8999999999999995,81.79999999999998,-14.4,-11.2,-5.200000000000003,10.599999999999998
2013-10-04,13.200000000000003,-5.399999999999999,9.900000000000006,2.0999999999999996,56.19999999999999,-14.0,-9.600000000000001,-3.6000000000000014,6.5
2013-10-11,13.200000000000003,-5.399999999999999,9.900000000000006,2.0999999999999996,56.19999999999999,-14.0,-9.600000000000001,-3.6000000000000014,6.5
2013-10-18,13.200000000000003,-5.399999999999999,9.900000000000006,2.0999999999999996,56.19999999999999,-14.0,-9.600000000000001,-3.6000000000000014,6.5
2013-10-25,13.200000000000003,-5.399999999999999,9.900000000000006,2.0999999999999996,56.19999999999999,-14.0,-9.600000000000001,-3.6000000000000014,6.5
2013-11-01,14.499999999999996,-2.6000000000000014,22.200000000000017,3.0999999999999996,40.099999999999994,-8.8,-9.099999999999998,-2.8999999999999986,7.699999999999999
2013-11-08,14.499999999999996,-2.6000000000000014,22.200000000000017,3.0999999999999996,40.099999999999994,-8.8,-9.099999999999998,-2.8999999999999986,7.699999999999999
2013-11-15,14.499999999999996,-2.6000000000000014,22.200000000000017,3.0999999999999996,40.099999999999994,-8.8,-9.099999999999998,-2.8999999999999986,7.699999999999999
2013-11-22,14.499999999999996,-2.6000000000000014,22.200000000000017,3.0999999999999996,40.099999999999994,-8.8,-9.099999999999998,-2.8999999999999986,7.699999999999999
2013-11-29,14.499999999999996,-2.6000000000000014,22.200000000000017,3.0999999999999996,40.099999999999994,-8.8,-9.099999999999998,-2.8999999999999986,7.699999999999999
2013-12-06,13.500000000000004,-3.3000000000000007,31.19999999999999,3.3000000000000007,49.20000000000002,-4.8999999999999995,-8.7,-2.6000000000000014,8.600000000000001
2013-12-13,13.500000000000004,-3.3000000000000007,31.19999999999999,3.3000000000000007,49.20000000000002,-4.8999999999999995,-8.7,-2.6000000000000014,8.600000000000001
2013-12-20,13.500000000000004,-3.3000000000000007,31.19999999999999,3.3000000000000007,49.20000000000002,-4.8999999999999995,-8.7,-2.6000000000000014,8.600000000000001
2013-12-27,13.500000000000004,-3.3000000000000007,31.19999999999999,3.3000000000000007,49.20000000000002,-4.8999999999999995,-8.7,-2.6000000000000014,8.600000000000001
2014-01-03,15.7,-1.8999999999999986,41.5,4.3,28.30000000000001,-2.3999999999999995,-8.5,2.099999999999998,4.699999999999999
2014-01-10,15.7,-1.8999999999999986,41.5,4.3,28.30000000000001,-2.3999999999999995,-8.5,2.099999999999998,4.699999999999999
2014-01-17,15.7,-1.8999999999999986,41.5,4.3,28.30000000000001,-2.3999999999999995,-8.5,2.099999999999998,4.699999999999999
2014-01-24,15.7,-1.8999999999999986,41.5,4.3,28.30000000000001,-2.3999999999999995,-8.5,2.099999999999998,4.699999999999999
2014-01-31,13.5,6.199999999999999,52.400000000000006,2.200000000000001,31.099999999999966,-1.6000000000000005,-5.899999999999999,4.0000000000000036,7.200000000000003
2014-02-07,13.5,6.199999999999999,52.400000000000006,2.200000000000001,31.099999999999966,-1.6000000000000005,-5.899999999999999,4.0000000000000036,7.200000000000003
2014-02-14,13.5,6.199999999999999,52.400000000000006,2.200000000000001,31.099999999999966,-1.6000000000000005,-5.899999999999999,4.0000000000000036,7.200000000000003
2014-02-21,13.5,6.199999999999999,52.400000000000006,2.200000000000001,31.099999999999966,-1.6000000000000005,-5.899999999999999,4.0000000000000036,7.200000000000003
2014-02-28,11.899999999999999,12.5,57.5,2.3999999999999995,-53.19999999999999,0.6000000000000001,-4.599999999999998,7.900000000000002,9.999999999999996
2014-03-07,11.899999999999999,12.5,57.5,2.3999999999999995,-53.19999999999999,0.6000000000000001,-4.599999999999998,7.900000000000002,9.999999999999996
2014-03-14,11.899999999999999,12.5,57.5,2.3999999999999995,-53.19999999999999,0.6000000000000001,-4.599999999999998,7.900000000000002,9.999999999999996
2014-03-21,11.899999999999999,12.5,57.5,2.3999999999999995,-53.19999999999999,0.6000000000000001,-4.599999999999998,7.900000000000002,9.999999999999996
2014-03-28,11.899999999999999,12.5,57.5,2.3999999999999995,-53.19999999999999,0.6000000000000001,-4.599999999999998,7.900000000000002,9.999999999999996
2014-04-04,10.899999999999999,10.6,53.79999999999998,1.7000000000000002,-38.20000000000002,1.9000000000000004,-1.3000000000000007,4.299999999999997,7.900000000000002
2014-04-11,10.899999999999999,10.6,53.79999999999998,1.7000000000000002,-38.20000000000002,1.9000000000000004,-1.3000000000000007,4.299999999999997,7.900000000000002
2014-04-18,10.899999999999999,10.6,53.79999999999998,1.7000000000000002,-38.20000000000002,1.9000000000000004,-1.3000000000000007,4.299999999999997,7.900000000000002
2014-04-25,10.899999999999999,10.6,53.79999999999998,1.7000000000000002,-38.20000000000002,1.9000000000000004,-1.3000000000000007,4.299999999999997,7.900000000000002
2014-05-02,12.399999999999999,14.9,64.1,2.0,-37.69999999999999,2.5999999999999996,3.1000000000000014,5.100000000000001,6.899999999999999
2014-05-09,12.399999999999999,14.9,64.1,2.0,-37.69999999999999,2.5999999999999996,3.1000000000000014,5.100000000000001,6.899999999999999
2014-05-16,12.399999999999999,14.9,64.1,2.0,-37.69999999999999,2.5999999999999996,3.1000000000000014,5.100000000000001,6.899999999999999
2014-05-23,12.399999999999999,14.9,64.1,2.0,-37.69999999999999,2.5999999999999996,3.1000000000000014,5.100000000000001,6.899999999999999
2014-05-30,12.399999999999999,14.9,64.1,2.0,-37.69999999999999,2.5999999999999996,3.1000000000000014,5.100000000000001,6.899999999999999
2014-06-06,8.0,17.2,74.19999999999999,2.6999999999999993,-24.599999999999966,3.4000000000000004,4.400000000000002,2.0,5.599999999999998
2014-06-13,8.0,17.2,74.19999999999999,2.6999999999999993,-24.599999999999966,3.4000000000000004,4.400000000000002,2.0,5.599999999999998
2014-06-20,8.0,17.2,74.19999999999999,2.6999999999999993,-24.599999999999966,3.4000000000000004,4.400000000000002,2.0,5.599999999999998
2014-06-27,8.0,17.2,74.19999999999999,2.6999999999999993,-24.599999999999966,3.4000000000000004,4.400000000000002,2.0,5.599999999999998
2014-07-04,6.5,22.0,73.1,3.299999999999999,-15.599999999999994,3.6,5.800000000000001,1.1000000000000014,3.599999999999998
2014-07-11,6.5,22.0,73.1,3.299999999999999,-15.599999999999994,3.6,5.800000000000001,1.1000000000000014,3.599999999999998
2014-07-18,6.5,22.0,73.1,3.299999999999999,-15.599999999999994,3.6,5.800000000000001,1.1000000000000014,3.599999999999998
2014-07-25,6.5,22.0,73.1,3.299999999999999,-15.599999999999994,3.6,5.800000000000001,1.1000000000000014,3.599999999999998
2014-08-01,6.699999999999996,22.2,66.4,4.199999999999999,21.5,8.1,6.400000000000002,1.9000000000000021,0.6999999999999957
2014-08-08,6.699999999999996,22.2,66.4,4.199999999999999,21.5,8.1,6.400000000000002,1.9000000000000021,0.6999999999999957
2014-08-15,6.699999999999996,22.2,66.4,4.199999999999999,21.5,8.1,6.400000000000002,1.9000000000000021,0.6999999999999957
2014-08-22,6.699999999999996,22.2,66.4,4.199999999999999,21.5,8.1,6.400000000000002,1.9000000000000021,0.6999999999999957
2014-08-29,6.699999999999996,22.2,66.4,4.199999999999999,21.5,8.1,6.400000000000002,1.9000000000000021,0.6999999999999957
2014-09-05,2.5,22.6,62.900000000000006,3.7,41.5,7.8,5.5,4.399999999999999,-0.8999999999999986
2014-09-12,2.5,22.6,62.900000000000006,3.7,41.5,7.8,5.5,4.399999999999999,-0.8999999999999986
2014-09-19,2.5,22.6,62.900000000000006,3.7,41.5,7.8,5.5,4.399999999999999,-0.8999999999999986
2014-09-26,2.5,22.6,62.900000000000006,3.7,41.5,7.8,5.5,4.399999999999999,-0.8999999999999986
2014-10-03,1.3999999999999986,20.9,43.39999999999998,4.5,70.69999999999999,9.799999999999999,5.100000000000001,5.700000000000003,2.1000000000000014
2014-10-10,1.3999999999999986,20.9,43.39999999999998,4.5,70.69999999999999,9.799999999999999,5.100000000000001,5.700000000000003,2.1000000000000014
2014-10-17,1.3999999999999986,20.9,43.39999999999998,4.5,70.69999999999999,9.799999999999999,5.100000000000001,5.700000000000003,2.1000000000000014
2014-10-24,1.3999999999999986,20.9,43.39999999999998,4.5,70.69999999999999,9.799999999999999,5.100000000000001,5.700000000000003,2.1000000000000014
2014-10-31,3.0,21.6,30.900000000000006,2.9000000000000004,86.39999999999998,7.8,3.5,6.699999999999996,1.6000000000000014
2014-11-07,3.0,21.6,30.900000000000006,2.9000000000000004,86.39999999999998,7.8,3.5,6.699999999999996,1.6000000000000014
2014-11-14,3.0,21.6,30.900000000000006,2.9000000000000004,86.39999999999998,7.8,3.5,6.699999999999996,1.6000000000000014
2014-11-21,3.0,21.6,30.900000000000006,2.9000000000000004,86.39999999999998,7.8,3.5,6.699999999999996,1.6000000000000014
2014-11-28,3.0,21.6,30.900000000000006,2.9000000000000004,86.39999999999998,7.8,3.5,6.699999999999996,1.6000000000000014
2014-12-05,3.0,22.0,16.599999999999994,3.4999999999999996,93.29999999999995,5.1,3.6000000000000014,6.700000000000003,0.29999999999999716
2014-12-12,3.0,22.0,16.599999999999994,3.4999999999999996,93.29999999999995,5.1,3.6000000000000014,6.700000000000003,0.29999999999999716
2014-12-19,3.0,22.0,16.599999999999994,3.4999999999999996,93.29999999999995,5.1,3.6000000000000014,6.700000000000003,0.29999999999999716
2014-12-26,3.0,22.0,16.599999999999994,3.4999999999999996,93.29999999999995,5.1,3.6000000000000014,6.700000000000003,0.29999999999999716
2015-01-02,3.200000000000003,21.599999999999998,10.199999999999989,2.4000000000000004,124.10000000000002,1.8999999999999995,3.0,5.600000000000001,4.799999999999997
2015-01-09,3.200000000000003,21.599999999999998,10.199999999999989,2.4000000000000004,124.10000000000002,1.8999999999999995,3.0,5.600000000000001,4.799999999999997
2015-01-16,3.200000000000003,21.599999999999998,10.199999999999989,2.4000000000000004,124.10000000000002,1.8999999999999995,3.0,5.600000000000001,4.799999999999997
2015-01-23,3.200000000000003,21.599999999999998,10.199999999999989,2.4000000000000004,124.10000000000002,1.8999999999999995,3.0,5.600000000000001,4.799999999999997
2015-01-30,3.200000000000003,21.599999999999998,10.199999999999989,2.4000000000000004,124.10000000000002,1.8999999999999995,3.0,5.600000000000001,4.799999999999997
2015-02-06,7.700000000000003,20.5,2.299999999999983,4.1,147.5,3.3000000000000003,2.799999999999997,6.299999999999997,3.6999999999999957
2015-02-13,7.700000000000003,20.5,2.299999999999983,4.1,147.5,3.3000000000000003,2.799999999999997,6.299999999999997,3.6999999999999957
2015-02-20,7.700000000000003,20.5,2.299999999999983,4.1,147.5,3.3000000000000003,2.799999999999997,6.299999999999997,3.6999999999999957
2015-02-27,7.700000000000003,20.5,2.299999999999983,4.1,147.5,3.3000000000000003,2.799999999999997,6.299999999999997,3.6999999999999957
2015-03-06,15.299999999999997,15.3,-2.1000000000000227,2.8,267.9,1.9999999999999998,0.3999999999999986,5.600000000000001,6.100000000000001
2015-03-13,15.299999999999997,15.3,-2.1000000000000227,2.8,267.9,1.9999999999999998,0.3999999999999986,5.600000000000001,6.100000000000001
2015-03-20,15.299999999999997,15.3,-2.1000000000000227,2.8,267.9,1.9999999999999998,0.3999999999999986,5.600000000000001,6.100000000000001
2015-03-27,15.299999999999997,15.3,-2.1000000000000227,2.8,267.9,1.9999999999999998,0.3999999999999986,5.600000000000001,6.100000000000001
2015-04-03,20.0,13.299999999999999,-1.8999999999999773,2.7,253.49999999999997,1.9,-1.8000000000000007,12.0,9.299999999999997
2015-04-10,20.0,13.299999999999999,-1.8999999999999773,2.7,253.49999999999997,1.9,-1.8000000000000007,12.0,9.299999999999997
2015-04-17,20.0,13.299999999999999,-1.8999999999999773,2.7,253.49999999999997,1.9,-1.8000000000000007,12.0,9.299999999999997
2015-04-24,20.0,13.299999999999999,-1.8999999999999773,2.7,253.49999999999997,1.9,-1.8000000000000007,12.0,9.299999999999997
2015-05-01,22.099999999999994,11.299999999999999,-10.800000000000011,3.1000000000000005,267.8,4.5,-4.900000000000002,13.399999999999999,11.0
2015-05-08,22.099999999999994,11.299999999999999,-10.800000000000011,3.1000000000000005,267.8,4.5,-4.900000000000002,13.399999999999999,11.0
2015-05-15,22.099999999999994,11.299999999999999,-10.800000000000011,3.1000000000000005,267.8,4.5,-4.900000000000002,13.399999999999999,11.0
2015-05-22,22.099999999999994,11.299999999999999,-10.800000000000011,3.1000000000000005,267.8,4.5,-4.900000000000002,13.399999999999999,11.0
2015-05-29,22.099999999999994,11.299999999999999,-10.800000000000011,3.1000000000000005,267.8,4.5,-4.900000000000002,13.399999999999999,11.0
2015-06-05,24.300000000000004,12.6,-18.099999999999994,1.3000000000000007,273.09999999999997,5.1,-5.900000000000002,17.799999999999997,10.300000000000004
2015-06-12,24.300000000000004,12.6,-18.099999999999994,1.3000000000000007,273.09999999999997,5.1,-5.900000000000002,17.799999999999997,10.300000000000004
2015-06-19,24.300000000000004,12.6,-18.099999999999994,1.3000000000000007,273.09999999999997,5.1,-5.900000000000002,17.799999999999997,10.300000000000004
2015-06-26,24.300000000000004,12.6,-18.099999999999994,1.3000000000000007,273.09999999999997,5.1,-5.900000000000002,17.799999999999997,10.300000000000004
2015-07-03,29.6,7.4,-15.400000000000006,-0.8999999999999995,281.80000000000007,5.3,-5.0,16.0,11.899999999999999
2015-07-10,29.6,7.4,-15.400000000000006,-0.8999999999999995,281.80000000000007,5.3,-5.0,16.0,11.899999999999999
2015-07-17,29.6,7.4,-15.400000000000006,-0.8999999999999995,281.80000000000007,5.3,-5.0,16.0,11.899999999999999
2015-07-24,29.6,7.4,-15.400000000000006,-0.8999999999999995,281.80000000000007,5.3,-5.0,16.0,11.899999999999999
2015-07-31,34.400000000000006,8.899999999999999,-12.400000000000006,-2.8,246.70000000000005,4.2,-5.800000000000001,17.599999999999994,13.399999999999999
2015-08-07,34.400000000000006,8.899999999999999,-12.400000000000006,-2.8,246.70000000000005,4.2,-5.800000000000001,17.599999999999994,13.399999999999999
2015-08-14,34.400000000000006,8.899999999999999,-12.400000000000006,-2.8,246.70000000000005,4.2,-5.800000000000001,17.599999999999994,13.399999999999999
2015-08-21,34.400000000000006,8.899999999999999,-12.400000000000006,-2.8,246.70000000000005,4.2,-5.800000000000001,17.599999999999994,13.399999999999999
2015-08-28,34.400000000000006,8.899999999999999,-12.400000000000006,-2.8,246.70000000000005,4.2,-5.800000000000001,17.599999999999994,13.399999999999999
2015-09-04,36.800000000000004,7.1,-14.099999999999994,-3.7,234.8,5.300000000000001,-3.5,12.100000000000001,13.200000000000003
2015-09-11,36.800000000000004,7.1,-14.099999999999994,-3.7,234.8,5.300000000000001,-3.5,12.100000000000001,13.200000000000003
2015-09-18,36.800000000000004,7.1,-14.099999999999994,-3.7,234.8,5.300000000000001,-3.5,12.100000000000001,13.200000000000003
2015-09-25,36.800000000000004,7.1,-14.099999999999994,-3.7,234.8,5.300000000000001,-3.5,12.100000000000001,13.200000000000003
2015-10-02,42.800000000000004,13.8,-1.3999999999999773,-5.799999999999999,246.7,6.0,-4.300000000000001,11.299999999999997,13.399999999999999
2015-10-09,42.800000000000004,13.8,-1.3999999999999773,-5.799999999999999,246.7,6.0,-4.300000000000001,11.299999999999997,13.399999999999999
2015-10-16,42.800000000000004,13.8,-1.3999999999999773,-5.799999999999999,246.7,6.0,-4.300000000000001,11.299999999999997,13.399999999999999
2015-10-23,42.800000000000004,13.8,-1.3999999999999773,-5.799999999999999,246.7,6.0,-4.300000000000001,11.299999999999997,13.399999999999999
2015-10-30,42.800000000000004,13.8,-1.3999999999999773,-5.799999999999999,246.7,6.0,-4.300000000000001,11.299999999999997,13.399999999999999
2015-11-06,39.10000000000001,14.0,5.399999999999977,-6.699999999999999,247.60000000000002,7.1000000000000005,0.3999999999999986,12.900000000000006,14.399999999999999
2015-11-13,39.10000000000001,14.0,5.399999999999977,-6.699999999999999,247.60000000000002,7.1000000000000005,0.3999999999999986,12.900000000000006,14.399999999999999
2015-11-20,39.10000000000001,14.0,5.399999999999977,-6.699999999999999,247.60000000000002,7.1000000000000005,0.3999999999999986,12.900000000000006,14.399999999999999
2015-11-27,39.10000000000001,14.0,5.399999999999977,-6.699999999999999,247.60000000000002,7.1000000000000005,0.3999999999999986,12.900000000000006,14.399999999999999
2015-12-04,43.7,13.899999999999999,18.0,-8.200000000000001,225.80000000000007,8.5,-0.9000000000000021,11.0,12.5
2015-12-11,43.7,13.899999999999999,18.0,-8.200000000000001,225.80000000000007,8.5,-0.9000000000000021,11.0,12.5
2015-12-18,43.7,13.899999999999999,18.0,-8.200000000000001,225.80000000000007,8.5,-0.9000000000000021,11.0,12.5
2015-12-25,43.7,13.899999999999999,18.0,-8.200000000000001,225.80000000000007,8.5,-0.9000000000000021,11.0,12.5
2016-01-01,43.099999999999994,12.0,14.600000000000009,-8.899999999999999,210.79999999999995,9.9,-1.3000000000000007,12.299999999999997,9.800000000000004
2016-01-08,43.099999999999994,12.0,14.600000000000009,-8.899999999999999,210.79999999999995,9.9,-1.3000000000000007,12.299999999999997,9.800000000000004
2016-01-15,43.099999999999994,12.0,14.600000000000009,-8.899999999999999,210.79999999999995,9.9,-1.3000000000000007,12.299999999999997,9.800000000000004
2016-01-22,43.099999999999994,12.0,14.600000000000009,-8.899999999999999,210.79999999999995,9.9,-1.3000000000000007,12.299999999999997,9.800000000000004
2016-01-29,43.099999999999994,12.0,14.600000000000009,-8.899999999999999,210.79999999999995,9.9,-1.3000000000000007,12.299999999999997,9.800000000000004
2016-02-05,37.2,10.4,13.300000000000011,-10.5,181.0,8.3,-3.1999999999999993,8.399999999999999,7.400000000000006
2016-02-12,37.2,10.4,13.300000000000011,-10.5,181.0,8.3,-3.1999999999999993,8.399999999999999,7.400000000000006
2016-02-19,37.2,10.4,13.300000000000011,-10.5,181.0,8.3,-3.1999999999999993,8.399999999999999,7.400000000000006
2016-02-26,37.2,10.4,13.300000000000011,-10.5,181.0,8.3,-3.1999999999999993,8.399999999999999,7.400000000000006
2016-03-04,29.900000000000006,16.4,11.900000000000006,-9.6,65.70000000000005,8.9,-0.8000000000000007,5.0,4.0
2016-03-11,29.900000000000006,16.4,11.900000000000006,-9.6,65.70000000000005,8.9,-0.8000000000000007,5.0,4.0
2016-03-18,29.900000000000006,16.4,11.900000000000006,-9.6,65.70000000000005,8.9,-0.8000000000000007,5.0,4.0
2016-03-25,29.900000000000006,16.4,11.900000000000006,-9.6,65.70000000000005,8.9,-0.8000000000000007,5.0,4.0
2016-04-01,26.4,17.7,19.299999999999983,-11.3,93.60000000000002,8.0,0.6000000000000014,-0.8999999999999986,2.8999999999999986
2016-04-08,26.4,17.7,19.299999999999983,-11.3,93.60000000000002,8.0,0.6000000000000014,-0.8999999999999986,2.8999999999999986
2016-04-15,26.4,17.7,19.299999999999983,-11.3,93.60000000000002,8.0,0.6000000000000014,-0.8999999999999986,2.8999999999999986
2016-04-22,26.4,17.7,19.299999999999983,-11.3,93.60000000000002,8.0,0.6000000000000014,-0.8999999999999986,2.8999999999999986
2016-04-29,26.4,17.7,19.299999999999983,-11.3,93.60000000000002,8.0,0.6000000000000014,-0.8999999999999986,2.8999999999999986
2016-05-06,22.700000000000003,18.0,27.500000000000014,-13.399999999999999,85.70000000000005,6.0,1.8000000000000007,-0.8999999999999986,1.0
2016-05-13,22.700000000000003,18.0,27.500000000000014,-13.399999999999999,85.70000000000005,6.0,1.8000000000000007,-0.8999999999999986,1.0
2016-05-20,22.700000000000003,18.0,27.500000000000014,-13.399999999999999,85.70000000000005,6.0,1.8000000000000007,-0.8999999999999986,1.0
2016-05-27,22.700000000000003,18.0,27.500000000000014,-13.399999999999999,85.70000000000005,6.0,1.8000000000000007,-0.8999999999999986,1.0
2016-06-03,21.799999999999997,14.099999999999998,30.89999999999999,-14.9,52.5,4.199999999999999,1.3000000000000007,-3.799999999999997,-0.8000000000000043
2016-06-10,21.799999999999997,14.099999999999998,30.89999999999999,-14.9,52.5,4.199999999999999,1.3000000000000007,-3.799999999999997,-0.8000000000000043
2016-06-17,21.799999999999997,14.099999999999998,30.89999999999999,-14.9,52.5,4.199999999999999,1.3000000000000007,-3.799999999999997,-0.8000000000000043
2016-06-24,21.799999999999997,14.099999999999998,30.89999999999999,-14.9,52.5,4.199999999999999,1.3000000000000007,-3.799999999999997,-0.8000000000000043
2016-07-01,18.599999999999994,17.6,32.0,-15.5,39.299999999999955,3.9,-0.3000000000000007,-2.700000000000003,0.6000000000000014
2016-07-08,18.599999999999994,17.6,32.0,-15.5,39.299999999999955,3.9,-0.3000000000000007,-2.700000000000003,0.6000000000000014
2016-07-15,18.599999999999994,17.6,32.0,-15.5,39.299999999999955,3.9,-0.3000000000000007,-2.700000000000003,0.6000000000000014
2016-07-22,18.599999999999994,17.6,32.0,-15.5,39.299999999999955,3.9,-0.3000000000000007,-2.700000000000003,0.6000000000000014
2016-07-29,18.599999999999994,17.6,32.0,-15.5,39.299999999999955,3.9,-0.3000000000000007,-2.700000000000003,0.6000000000000014
2016-08-05,14.399999999999991,15.9,36.10000000000001,-15.0,51.299999999999955,1.8999999999999995,0.10000000000000142,-3.6999999999999957,0.0
2016-08-12,14.399999999999991,15.9,36.10000000000001,-15.0,51.299999999999955,1.8999999999999995,0.10000000000000142,-3.6999999999999957,0.0
2016-08-19,14.399999999999991,15.9,36.10000000000001,-15.0,51.299999999999955,1.8999999999999995,0.10000000000000142,-3.6999999999999957,0.0
2016-08-26,14.399999999999991,15.9,36.10000000000001,-15.0,51.299999999999955,1.8999999999999995,0.10000000000000142,-3.6999999999999957,0.0
2016-09-02,14.0,17.7,42.5,-15.5,31.899999999999977,1.1999999999999993,-1.6000000000000014,0.6000000000000014,1.1999999999999957
2016-09-09,14.0,17.7,42.5,-15.5,31.899999999999977,1.1999999999999993,-1.6000000000000014,0.6000000000000014,1.1999999999999957
2016-09-16,14.0,17.7,42.5,-15.5,31.899999999999977,1.1999999999999993,-1.6000000000000014,0.6000000000000014,1.1999999999999957
2016-09-23,14.0,17.7,42.5,-15.5,31.899999999999977,1.1999999999999993,-1.6000000000000014,0.6000000000000014,1.1999999999999957
2016-09-30,6.299999999999997,12.899999999999999,39.29999999999998,-14.8,-15.699999999999932,0.09999999999999964,-1.3999999999999986,1.8999999999999986,-0.7000000000000028
2016-10-07,6.299999999999997,12.899999999999999,39.29999999999998,-14.8,-15.699999999999932,0.09999999999999964,-1.3999999999999986,1.8999999999999986,-0.7000000000000028
2016-10-14,6.299999999999997,12.899999999999999,39.29999999999998,-14.8,-15.699999999999932,0.09999999999999964,-1.3999999999999986,1.8999999999999986,-0.7000000000000028
2016-10-21,6.299999999999997,12.899999999999999,39.29999999999998,-14.8,-15.699999999999932,0.09999999999999964,-1.3999999999999986,1.8999999999999986,-0.7000000000000028
2016-10-28,6.299999999999997,12.899999999999999,39.29999999999998,-14.8,-15.699999999999932,0.09999999999999964,-1.3999999999999986,1.8999999999999986,-0.7000000000000028
2016-11-04,7.699999999999989,9.0,33.900000000000006,-13.600000000000001,-44.39999999999998,-0.7000000000000002,-4.399999999999999,-1.5,-3.3999999999999986
2016-11-11,7.699999999999989,9.0,33.900000000000006,-13.600000000000001,-44.39999999999998,-0.7000000000000002,-4.399999999999999,-1.5,-3.3999999999999986
2016-11-18,7.699999999999989,9.0,33.900000000000006,-13.600000000000001,-44.39999999999998,-0.7000000000000002,-4.399999999999999,-1.5,-3.3999999999999986
2016-11-25,7.699999999999989,9.0,33.900000000000006,-13.600000000000001,-44.39999999999998,-0.7000000000000002,-4.399999999999999,-1.5,-3.3999999999999986
2016-12-02,0.5,10.0,25.0,-14.5,-54.5,0.5000000000000009,-3.6999999999999993,-1.7000000000000028,0.8000000000000043
2016-12-09,0.5,10.0,25.0,-14.5,-54.5,0.5000000000000009,-3.6999999999999993,-1.7000000000000028,0.8000000000000043
2016-12-16,0.5,10.0,25.0,-14.5,-54.5,0.5000000000000009,-3.6999999999999993,-1.7000000000000028,0.8000000000000043
2016-12-23,0.5,10.0,25.0,-14.5,-54.5,0.5000000000000009,-3.6999999999999993,-1.7000000000000028,0.8000000000000043
2016-12-30,0.5,10.0,25.0,-14.5,-54.5,0.5000000000000009,-3.6999999999999993,-1.7000000000000028,0.8000000000000043
2017-01-06,-1.0999999999999943,9.5,28.299999999999997,-14.5,-84.19999999999999,1.7999999999999998,-2.8999999999999986,-3.5999999999999943,1.8999999999999986
2017-01-13,-1.0999999999999943,9.5,28.299999999999997,-14.5,-84.19999999999999,1.7999999999999998,-2.8999999999999986,-3.5999999999999943,1.8999999999999986
2017-01-20,-1.0999999999999943,9.5,28.299999999999997,-14.5,-84.19999999999999,1.7999999999999998,-2.8999999999999986,-3.5999999999999943,1.8999999999999986
2017-01-27,-1.0999999999999943,9.5,28.299999999999997,-14.5,-84.19999999999999,1.7999999999999998,-2.8999999999999986,-3.5999999999999943,1.8999999999999986
2017-02-03,-2.5,9.5,25.799999999999997,-13.0,-89.89999999999998,3.6000000000000005,-1.8000000000000007,-3.799999999999997,2.8999999999999986
2017-02-10,-2.5,9.5,25.799999999999997,-13.0,-89.89999999999998,3.6000000000000005,-1.8000000000000007,-3.799999999999997,2.8999999999999986
2017-02-17,-2.5,9.5,25.799999999999997,-13.0,-89.89999999999998,3.6000000000000005,-1.8000000000000007,-3.799999999999997,2.8999999999999986
2017-02-24,-2.5,9.5,25.799999999999997,-13.0,-89.89999999999998,3.6000000000000005,-1.8000000000000007,-3.799999999999997,2.8999999999999986
2017-03-03,-1.6000000000000085,1.6000000000000014,22.700000000000003,-13.200000000000001,-96.70000000000005,3.3000000000000007,-2.099999999999998,2.299999999999997,2.5
2017-03-10,-1.6000000000000085,1.6000000000000014,22.700000000000003,-13.200000000000001,-96.70000000000005,3.3000000000000007,-2.099999999999998,2.299999999999997,2.5
2017-03-17,-1.6000000000000085,1.6000000000000014,22.700000000000003,-13.200000000000001,-96.70000000000005,3.3000000000000007,-2.099999999999998,2.299999999999997,2.5
2017-03-24,-1.6000000000000085,1.6000000000000014,22.700000000000003,-13.200000000000001,-96.70000000000005,3.3000000000000007,-2.099999999999998,2.299999999999997,2.5
2017-03-31,-6.5,-1.0999999999999979,9.5,-11.7,-121.30000000000001,4.700000000000001,-4.300000000000001,4.600000000000001,1.0
2017-04-07,-6.5,-1.0999999999999979,9.5,-11.7,-121.30000000000001,4.700000000000001,-4.300000000000001,4.600000000000001,1.0
2017-04-14,-6.5,-1.0999999999999979,9.5,-11.7,-121.30000000000001,4.700000000000001,-4.300000000000001,4.600000000000001,1.0
2017-04-21,-6.5,-1.0999999999999979,9.5,-11.7,-121.30000000000001,4.700000000000001,-4.300000000000001,4.600000000000001,1.0
2017-04-28,-6.5,-1.0999999999999979,9.5,-11.7,-121.30000000000001,4.700000000000001,-4.300000000000001,4.600000000000001,1.0
2017-05-05,-2.5999999999999943,-3.0,-5.5,-8.8,-131.30000000000007,4.800000000000001,-5.0,2.8999999999999986,-1.2000000000000028
2017-05-12,-2.5999999999999943,-3.0,-5.5,-8.8,-131.30000000000007,4.800000000000001,-5.0,2.8999999999999986,-1.2000000000000028
2017-05-19,-2.5999999999999943,-3.0,-5.5,-8.8,-131.30000000000007,4.800000000000001,-5.0,2.8999999999999986,-1.2000000000000028
2017-05-26,-2.5999999999999943,-3.0,-5.5,-8.8,-131.30000000000007,4.800000000000001,-5.0,2.8999999999999986,-1.2000000000000028
2017-06-02,-4.1000000000000085,-2.6999999999999993,-17.200000000000003,-6.699999999999999,-123.89999999999998,5.7,-3.8999999999999986,1.8999999999999986,0.4000000000000057
2017-06-09,-4.1000000000000085,-2.6999999999999993,-17.200000000000003,-6.699999999999999,-123.89999999999998,5.7,-3.8999999999999986,1.8999999999999986,0.4000000000000057
2017-06-16,-4.1000000000000085,-2.6999999999999993,-17.200000000000003,-6.699999999999999,-123.89999999999998,5.7,-3.8999999999999986,1.8999999999999986,0.4000000000000057
2017-06-23,-4.1000000000000085,-2.6999999999999993,-17.200000000000003,-6.699999999999999,-123.89999999999998,5.7,-3.8999999999999986,1.8999999999999986,0.4000000000000057
2017-06-30,-6.099999999999994,-4.699999999999999,-24.69999999999999,-4.199999999999999,-128.2,5.7,-2.099999999999998,2.0,1.1000000000000014
2017-07-07,-6.099999999999994,-4.699999999999999,-24.69999999999999,-4.199999999999999,-128.2,5.7,-2.099999999999998,2.0,1.1000000000000014
2017-07-14,-6.099999999999994,-4.699999999999999,-24.69999999999999,-4.199999999999999,-128.2,5.7,-2.099999999999998,2.0,1.1000000000000014
2017-07-21,-6.099999999999994,-4.699999999999999,-24.69999999999999,-4.199999999999999,-128.2,5.7,-2.099999999999998,2.0,1.1000000000000014
2017-07-28,-6.099999999999994,-4.699999999999999,-24.69999999999999,-4.199999999999999,-128.2,5.7,-2.099999999999998,2.0,1.1000000000000014
2017-08-04,-3.8999999999999915,-5.9,-33.7,-2.1999999999999993,-138.10000000000002,5.5,-0.6000000000000014,0.8999999999999986,2.3000000000000043
2017-08-11,-3.8999999999999915,-5.9,-33.7,-2.1999999999999993,-138.10000000000002,5.5,-0.6000000000000014,0.8999999999999986,2.3000000000000043
2017-08-18,-3.8999999999999915,-5.9,-33.7,-2.1999999999999993,-138.10000000000002,5.5,-0.6000000000000014,0.8999999999999986,2.3000000000000043
2017-08-25,-3.8999999999999915,-5.9,-33.7,-2.1999999999999993,-138.10000000000002,5.5,-0.6000000000000014,0.8999999999999986,2.3000000000000043
2017-09-01,-2.9000000000000057,-7.099999999999998,-43.400000000000006,-1.6999999999999993,-138.59999999999997,6.9,0.0,-0.10000000000000142,3.3999999999999986
2017-09-08,-2.9000000000000057,-7.099999999999998,-43.400000000000006,-1.6999999999999993,-138.59999999999997,6.9,0.0,-0.10000000000000142,3.3999999999999986
2017-09-15,-2.9000000000000057,-7.099999999999998,-43.400000000000006,-1.6999999999999993,-138.59999999999997,6.9,0.0,-0.10000000000000142,3.3999999999999986
2017-09-22,-2.9000000000000057,-7.099999999999998,-43.400000000000006,-1.6999999999999993,-138.59999999999997,6.9,0.0,-0.10000000000000142,3.3999999999999986
2017-09-29,-2.9000000000000057,-7.099999999999998,-43.400000000000006,-1.6999999999999993,-138.59999999999997,6.9,0.0,-0.10000000000000142,3.3999999999999986
2017-10-06,5.599999999999994,-6.099999999999998,-44.900000000000006,-0.6999999999999993,-132.50000000000006,7.2,0.5999999999999979,-2.6000000000000014,6.100000000000001
2017-10-13,5.599999999999994,-6.099999999999998,-44.900000000000006,-0.6999999999999993,-132.50000000000006,7.2,0.5999999999999979,-2.6000000000000014,6.100000000000001
2017-10-20,5.599999999999994,-6.099999999999998,-44.900000000000006,-0.6999999999999993,-132.50000000000006,7.2,0.5999999999999979,-2.6000000000000014,6.100000000000001
2017-10-27,5.599999999999994,-6.099999999999998,-44.900000000000006,-0.6999999999999993,-132.50000000000006,7.2,0.5999999999999979,-2.6000000000000014,6.100000000000001
2017-11-03,5.200000000000003,-4.199999999999999,-46.79999999999998,-0.8000000000000007,-130.60000000000002,6.699999999999999,1.1999999999999993,-2.3000000000000043,8.299999999999997
2017-11-10,5.200000000000003,-4.199999999999999,-46.79999999999998,-0.8000000000000007,-130.60000000000002,6.699999999999999,1.1999999999999993,-2.3000000000000043,8.299999999999997
2017-11-17,5.200000000000003,-4.199999999999999,-46.79999999999998,-0.8000000000000007,-130.60000000000002,6.699999999999999,1.1999999999999993,-2.3000000000000043,8.299999999999997
2017-11-24,5.200000000000003,-4.199999999999999,-46.79999999999998,-0.8000000000000007,-130.60000000000002,6.699999999999999,1.1999999999999993,-2.3000000000000043,8.299999999999997
2017-12-01,7.099999999999994,-5.399999999999999,-45.5,-0.09999999999999787,-124.40000000000003,4.799999999999999,1.8999999999999986,-1.2999999999999972,7.899999999999999
2017-12-08,7.099999999999994,-5.399999999999999,-45.5,-0.09999999999999787,-124.40000000000003,4.799999999999999,1.8999999999999986,-1.2999999999999972,7.899999999999999
2017-12-15,7.099999999999994,-5.399999999999999,-45.5,-0.09999999999999787,-124.40000000000003,4.799999999999999,1.8999999999999986,-1.2999999999999972,7.899999999999999
2017-12-22,7.099999999999994,-5.399999999999999,-45.5,-0.09999999999999787,-124.40000000000003,4.799999999999999,1.8999999999999986,-1.2999999999999972,7.899999999999999
2017-12-29,7.099999999999994,-5.399999999999999,-45.5,-0.09999999999999787,-124.40000000000003,4.799999999999999,1.8999999999999986,-1.2999999999999972,7.899999999999999
2018-01-05,6.0,-6.1,-50.099999999999994,-0.6999999999999993,-90.09999999999997,2.3000000000000007,1.5999999999999979,-0.6000000000000014,8.299999999999997
2018-01-12,6.0,-6.1,-50.099999999999994,-0.6999999999999993,-90.09999999999997,2.3000000000000007,1.5999999999999979,-0.6000000000000014,8.299999999999997
2018-01-19,6.0,-6.1,-50.099999999999994,-0.6999999999999993,-90.09999999999997,2.3000000000000007,1.5999999999999979,-0.6000000000000014,8.299999999999997
2018-01-26,6.0,-6.1,-50.099999999999994,-0.6999999999999993,-90.09999999999997,2.3000000000000007,1.5999999999999979,-0.6000000000000014,8.299999999999997
2018-02-02,9.099999999999994,-7.600000000000001,-53.7,-1.8000000000000007,-112.19999999999999,-1.1000000000000014,3.200000000000003,2.6999999999999957,7.299999999999997
2018-02-09,9.099999999999994,-7.600000000000001,-53.7,-1.8000000000000007,-112.19999999999999,-1.1000000000000014,3.200000000000003,2.6999999999999957,7.299999999999997
2018-02-16,9.099999999999994,-7.600000000000001,-53.7,-1.8000000000000007,-112.19999999999999,-1.1000000000000014,3.200000000000003,2.6999999999999957,7.299999999999997
2018-02-23,9.099999999999994,-7.600000000000001,-53.7,-1.8000000000000007,-112.19999999999999,-1.1000000000000014,3.200000000000003,2.6999999999999957,7.299999999999997
2018-03-02,4.800000000000011,-5.0,-53.39999999999999,-2.3000000000000007,-29.899999999999977,-2.5,3.299999999999997,-1.8999999999999986,7.5
2018-03-09,4.800000000000011,-5.0,-53.39999999999999,-2.3000000000000007,-29.899999999999977,-2.5,3.299999999999997,-1.8999999999999986,7.5
2018-03-16,4.800000000000011,-5.0,-53.39999999999999,-2.3000000000000007,-29.899999999999977,-2.5,3.299999999999997,-1.8999999999999986,7.5
2018-03-23,4.800000000000011,-5.0,-53.39999999999999,-2.3000000000000007,-29.899999999999977,-2.5,3.299999999999997,-1.8999999999999986,7.5
2018-03-30,4.800000000000011,-5.0,-53.39999999999999,-2.3000000000000007,-29.899999999999977,-2.5,3.299999999999997,-1.8999999999999986,7.5
2018-04-06,8.700000000000003,-4.0,-50.099999999999994,-2.3999999999999986,-56.099999999999966,-3.8000000000000007,7.5,-2.3999999999999986,10.100000000000001
2018-04-13,8.700000000000003,-4.0,-50.099999999999994,-2.3999999999999986,-56.099999999999966,-3.8000000000000007,7.5,-2.3999999999999986,10.100000000000001
2018-04-20,8.700000000000003,-4.0,-50.099999999999994,-2.3999999999999986,-56.099999999999966,-3.8000000000000007,7.5,-2.3999999999999986,10.100000000000001
2018-04-27,8.700000000000003,-4.0,-50.099999999999994,-2.3999999999999986,-56.099999999999966,-3.8000000000000007,7.5,-2.3999999999999986,10.100000000000001
2018-05-04,-2.200000000000003,-4.6,-42.2,-5.5,-63.099999999999966,-7.300000000000001,9.100000000000001,-1.3999999999999986,13.5
2018-05-11,-2.200000000000003,-4.6,-42.2,-5.5,-63.099999999999966,-7.300000000000001,9.100000000000001,-1.3999999999999986,13.5
2018-05-18,-2.200000000000003,-4.6,-42.2,-5.5,-63.099999999999966,-7.300000000000001,9.100000000000001,-1.3999999999999986,13.5
2018-05-25,-2.200000000000003,-4.6,-42.2,-5.5,-63.099999999999966,-7.300000000000001,9.100000000000001,-1.3999999999999986,13.5
2018-06-01,-0.5,-3.799999999999999,-35.29999999999998,-6.699999999999999,-74.69999999999999,-9.5,9.5,0.29999999999999716,14.599999999999994
2018-06-08,-0.5,-3.799999999999999,-35.29999999999998,-6.699999999999999,-74.69999999999999,-9.5,9.5,0.29999999999999716,14.599999999999994
2018-06-15,-0.5,-3.799999999999999,-35.29999999999998,-6.699999999999999,-74.69999999999999,-9.5,9.5,0.29999999999999716,14.599999999999994
2018-06-22,-0.5,-3.799999999999999,-35.29999999999998,-6.699999999999999,-74.69999999999999,-9.5,9.5,0.29999999999999716,14.599999999999994
2018-06-29,-0.5,-3.799999999999999,-35.29999999999998,-6.699999999999999,-74.69999999999999,-9.5,9.5,0.29999999999999716,14.599999999999994
2018-07-06,-4.599999999999994,-3.8000000000000007,-34.20000000000002,-9.399999999999999,-70.80000000000001,-10.0,7.699999999999999,-1.0,11.600000000000001
2018-07-13,-4.599999999999994,-3.8000000000000007,-34.20000000000002,-9.399999999999999,-70.80000000000001,-10.0,7.699999999999999,-1.0,11.600000000000001
2018-07-20,-4.599999999999994,-3.8000000000000007,-34.20000000000002,-9.399999999999999,-70.80000000000001,-10.0,7.699999999999999,-1.0,11.600000000000001
2018-07-27,-4.599999999999994,-3.8000000000000007,-34.20000000000002,-9.399999999999999,-70.80000000000001,-10.0,7.699999999999999,-1.0,11.600000000000001
2018-08-03,-10.600000000000009,-3.1999999999999993,-37.69999999999999,-13.200000000000003,-84.79999999999995,-10.9,6.5,-2.299999999999997,6.899999999999999
2018-08-10,-10.600000000000009,-3.1999999999999993,-37.69999999999999,-13.200000000000003,-84.79999999999995,-10.9,6.5,-2.299999999999997,6.899999999999999
2018-08-17,-10.600000000000009,-3.1999999999999993,-37.69999999999999,-13.200000000000003,-84.79999999999995,-10.9,6.5,-2.299999999999997,6.899999999999999
2018-08-24,-10.600000000000009,-3.1999999999999993,-37.69999999999999,-13.200000000000003,-84.79999999999995,-10.9,6.5,-2.299999999999997,6.899999999999999
2018-08-31,-11.899999999999991,-6.100000000000001,-37.900000000000006,-13.399999999999999,-88.5,-14.9,4.300000000000001,-2.1000000000000014,3.9000000000000057
2018-09-07,-11.899999999999991,-6.100000000000001,-37.900000000000006,-13.399999999999999,-88.5,-14.9,4.300000000000001,-2.1000000000000014,3.9000000000000057
2018-09-14,-11.899999999999991,-6.100000000000001,-37.900000000000006,-13.399999999999999,-88.5,-14.9,4.300000000000001,-2.1000000000000014,3.9000000000000057
2018-09-21,-11.899999999999991,-6.100000000000001,-37.900000000000006,-13.399999999999999,-88.5,-14.9,4.300000000000001,-2.1000000000000014,3.9000000000000057
2018-09-28,-11.899999999999991,-6.100000000000001,-37.900000000000006,-13.399999999999999,-88.5,-14.9,4.300000000000001,-2.1000000000000014,3.9000000000000057
2018-10-05,-22.200000000000003,-9.700000000000001,-43.0,-16.000000000000004,-72.30000000000001,-16.8,5.800000000000001,-1.7999999999999972,-0.6000000000000014
2018-10-12,-22.200000000000003,-9.700000000000001,-43.0,-16.000000000000004,-72.30000000000001,-16.8,5.800000000000001,-1.7999999999999972,-0.6000000000000014
2018-10-19,-22.200000000000003,-9.700000000000001,-43.0,-16.000000000000004,-72.30000000000001,-16.8,5.800000000000001,-1.7999999999999972,-0.6000000000000014
2018-10-26,-22.200000000000003,-9.700000000000001,-43.0,-16.000000000000004,-72.30000000000001,-16.8,5.800000000000001,-1.7999999999999972,-0.6000000000000014
2018-11-02,-22.799999999999997,-10.000000000000002,-43.0,-17.4,-64.89999999999998,-19.299999999999997,7.100000000000001,-0.7999999999999972,-3.5
2018-11-09,-22.799999999999997,-10.000000000000002,-43.0,-17.4,-64.89999999999998,-19.299999999999997,7.100000000000001,-0.7999999999999972,-3.5
2018-11-16,-22.799999999999997,-10.000000000000002,-43.0,-17.4,-64.89999999999998,-19.299999999999997,7.100000000000001,-0.7999999999999972,-3.5
2018-11-23,-22.799999999999997,-10.000000000000002,-43.0,-17.4,-64.89999999999998,-19.299999999999997,7.100000000000001,-0.7999999999999972,-3.5
2018-11-30,-25.5,-13.100000000000001,-43.79999999999998,-17.4,-56.69999999999999,-21.0,6.200000000000003,-1.7000000000000028,-6.399999999999999
2018-12-07,-25.5,-13.100000000000001,-43.79999999999998,-17.4,-56.69999999999999,-21.0,6.200000000000003,-1.7000000000000028,-6.399999999999999
2018-12-14,-25.5,-13.100000000000001,-43.79999999999998,-17.4,-56.69999999999999,-21.0,6.200000000000003,-1.7000000000000028,-6.399999999999999
2018-12-21,-25.5,-13.100000000000001,-43.79999999999998,-17.4,-56.69999999999999,-21.0,6.200000000000003,-1.7000000000000028,-6.399999999999999
2018-12-28,-25.5,-13.100000000000001,-43.79999999999998,-17.4,-56.69999999999999,-21.0,6.200000000000003,-1.7000000000000028,-6.399999999999999
2019-01-04,-25.5,-10.3,-40.400000000000006,-16.1,-67.80000000000001,-20.5,7.199999999999999,-4.399999999999999,-9.099999999999994
2019-01-11,-25.5,-10.3,-40.400000000000006,-16.1,-67.80000000000001,-20.5,7.199999999999999,-4.399999999999999,-9.099999999999994
2019-01-18,-25.5,-10.3,-40.400000000000006,-16.1,-67.80000000000001,-20.5,7.199999999999999,-4.399999999999999,-9.099999999999994
2019-01-25,-25.5,-10.3,-40.400000000000006,-16.1,-67.80000000000001,-20.5,7.199999999999999,-4.399999999999999,-9.099999999999994
2019-02-01,-28.700000000000003,-13.399999999999999,-34.0,-16.3,-17.5,-18.6,6.199999999999999,-8.099999999999994,-10.0
2019-02-08,-28.700000000000003,-13.399999999999999,-34.0,-16.3,-17.5,-18.6,6.199999999999999,-8.099999999999994,-10.0
2019-02-15,-28.700000000000003,-13.399999999999999,-34.0,-16.3,-17.5,-18.6,6.199999999999999,-8.099999999999994,-10.0
2019-02-22,-28.700000000000003,-13.399999999999999,-34.0,-16.3,-17.5,-18.6,6.199999999999999,-8.099999999999994,-10.0
2019-03-01,-24.60000000000001,-9.6,-28.700000000000017,-15.699999999999996,-90.0,-17.0,6.300000000000001,-7.399999999999999,-7.399999999999999
2019-03-08,-24.60000000000001,-9.6,-28.700000000000017,-15.699999999999996,-90.0,-17.0,6.300000000000001,-7.399999999999999,-7.399999999999999
2019-03-15,-24.60000000000001,-9.6,-28.700000000000017,-15.699999999999996,-90.0,-17.0,6.300000000000001,-7.399999999999999,-7.399999999999999
2019-03-22,-24.60000000000001,-9.6,-28.700000000000017,-15.699999999999996,-90.0,-17.0,6.300000000000001,-7.399999999999999,-7.399999999999999
2019-03-29,-24.60000000000001,-9.6,-28.700000000000017,-15.699999999999996,-90.0,-17.0,6.300000000000001,-7.399999999999999,-7.399999999999999
2019-04-05,-26.299999999999997,-8.9,-23.30000000000001,-16.4,-24.400000000000034,-16.9,3.3999999999999986,-9.100000000000001,-12.299999999999997
2019-04-12,-26.299999999999997,-8.9,-23.30000000000001,-16.4,-24.400000000000034,-16.9,3.3999999999999986,-9.100000000000001,-12.299999999999997
2019-04-19,-26.299999999999997,-8.9,-23.30000000000001,-16.4,-24.400000000000034,-16.9,3.3999999999999986,-9.100000000000001,-12.299999999999997
2019-04-26,-26.299999999999997,-8.9,-23.30000000000001,-16.4,-24.400000000000034,-16.9,3.3999999999999986,-9.100000000000001,-12.299999999999997
2019-05-03,-22.0,-8.0,-24.400000000000006,-14.399999999999999,-27.30000000000001,-14.6,1.3999999999999986,-12.0,-15.099999999999994
2019-05-10,-22.0,-8.0,-24.400000000000006,-14.399999999999999,-27.30000000000001,-14.6,1.3999999999999986,-12.0,-15.099999999999994
2019-05-17,-22.0,-8.0,-24.400000000000006,-14.399999999999999,-27.30000000000001,-14.6,1.3999999999999986,-12.0,-15.099999999999994
2019-05-24,-22.0,-8.0,-24.400000000000006,-14.399999999999999,-27.30000000000001,-14.6,1.3999999999999986,-12.0,-15.099999999999994
2019-05-31,-26.799999999999997,-9.4,-24.5,-12.700000000000003,7.0,-11.0,0.6999999999999993,-13.899999999999999,-16.0
2019-06-07,-26.799999999999997,-9.4,-24.5,-12.700000000000003,7.0,-11.0,0.6999999999999993,-13.899999999999999,-16.0
2019-06-14,-26.799999999999997,-9.4,-24.5,-12.700000000000003,7.0,-11.0,0.6999999999999993,-13.899999999999999,-16.0
2019-06-21,-26.799999999999997,-9.4,-24.5,-12.700000000000003,7.0,-11.0,0.6999999999999993,-13.899999999999999,-16.0
2019-06-28,-26.799999999999997,-9.4,-24.5,-12.700000000000003,7.0,-11.0,0.6999999999999993,-13.899999999999999,-16.0
2019-07-05,-24.300000000000004,-7.800000000000001,-19.400000000000006,-9.800000000000004,16.0,-12.4,2.599999999999998,-14.599999999999998,-16.800000000000004
2019-07-12,-24.300000000000004,-7.800000000000001,-19.400000000000006,-9.800000000000004,16.0,-12.4,2.599999999999998,-14.599999999999998,-16.800000000000004
2019-07-19,-24.300000000000004,-7.800000000000001,-19.400000000000006,-9.800000000000004,16.0,-12.4,2.599999999999998,-14.599999999999998,-16.800000000000004
2019-07-26,-24.300000000000004,-7.800000000000001,-19.400000000000006,-9.800000000000004,16.0,-12.4,2.599999999999998,-14.599999999999998,-16.800000000000004
2019-08-02,-25.499999999999993,-6.800000000000001,-7.0,-6.699999999999996,50.099999999999966,-8.799999999999999,3.799999999999997,-12.900000000000002,-12.299999999999997
2019-08-09,-25.499999999999993,-6.800000000000001,-7.0,-6.699999999999996,50.099999999999966,-8.799999999999999,3.799999999999997,-12.900000000000002,-12.299999999999997
2019-08-16,-25.499999999999993,-6.800000000000001,-7.0,-6.699999999999996,50.099999999999966,-8.799999999999999,3.799999999999997,-12.900000000000002,-12.299999999999997
2019-08-23,-25.499999999999993,-6.800000000000001,-7.0,-6.699999999999996,50.099999999999966,-8.799999999999999,3.799999999999997,-12.900000000000002,-12.299999999999997
2019-08-30,-25.499999999999993,-6.800000000000001,-7.0,-6.699999999999996,50.099999999999966,-8.799999999999999,3.799999999999997,-12.900000000000002,-12.299999999999997
2019-09-06,-31.10000000000001,-1.3999999999999995,2.200000000000017,-5.399999999999999,72.19999999999999,-5.199999999999999,8.0,-15.299999999999997,-9.5
2019-09-13,-31.10000000000001,-1.3999999999999995,2.200000000000017,-5.399999999999999,72.19999999999999,-5.199999999999999,8.0,-15.299999999999997,-9.5
2019-09-20,-31.10000000000001,-1.3999999999999995,2.200000000000017,-5.399999999999999,72.19999999999999,-5.199999999999999,8.0,-15.299999999999997,-9.5
2019-09-27,-31.10000000000001,-1.3999999999999995,2.200000000000017,-5.399999999999999,72.19999999999999,-5.199999999999999,8.0,-15.299999999999997,-9.5
2019-10-04,-30.999999999999993,2.0,11.0,-2.3999999999999986,77.70000000000005,-4.3,4.599999999999998,-14.899999999999999,-8.399999999999999
2019-10-11,-30.999999999999993,2.0,11.0,-2.3999999999999986,77.70000000000005,-4.3,4.599999999999998,-14.899999999999999,-8.399999999999999
2019-10-18,-30.999999999999993,2.0,11.0,-2.3999999999999986,77.70000000000005,-4.3,4.599999999999998,-14.899999999999999,-8.399999999999999
2019-10-25,-30.999999999999993,2.0,11.0,-2.3999999999999986,77.70000000000005,-4.3,4.599999999999998,-14.899999999999999,-8.399999999999999
2019-11-01,-31.5,3.0,20.69999999999999,0.20000000000000284,90.89999999999998,0.39999999999999947,3.3999999999999986,-14.900000000000002,-5.799999999999997
2019-11-08,-31.5,3.0,20.69999999999999,0.20000000000000284,90.89999999999998,0.39999999999999947,3.3999999999999986,-14.900000000000002,-5.799999999999997
2019-11-15,-31.5,3.0,20.69999999999999,0.20000000000000284,90.89999999999998,0.39999999999999947,3.3999999999999986,-14.900000000000002,-5.799999999999997
2019-11-22,-31.5,3.0,20.69999999999999,0.20000000000000284,90.89999999999998,0.39999999999999947,3.3999999999999986,-14.900000000000002,-5.799999999999997
2019-11-29,-31.5,3.0,20.69999999999999,0.20000000000000284,90.89999999999998,0.39999999999999947,3.3999999999999986,-14.900000000000002,-5.799999999999997
2019-12-06,-29.9,7.3999999999999995,28.0,1.3999999999999986,83.19999999999999,3.3000000000000007,3.6000000000000014,-14.399999999999999,-5.0
2019-12-13,-29.9,7.3999999999999995,28.0,1.3999999999999986,83.19999999999999,3.3000000000000007,3.6000000000000014,-14.399999999999999,-5.0
2019-12-20,-29.9,7.3999999999999995,28.0,1.3999999999999986,83.19999999999999,3.3000000000000007,3.6000000000000014,-14.399999999999999,-5.0
2019-12-27,-29.9,7.3999999999999995,28.0,1.3999999999999986,83.19999999999999,3.3000000000000007,3.6000000000000014,-14.399999999999999,-5.0
2020-01-03,-30.800000000000004,5.2,30.30000000000001,2.799999999999997,70.09999999999997,5.1,3.3000000000000043,-9.900000000000002,-5.700000000000003
2020-01-10,-30.800000000000004,5.2,30.30000000000001,2.799999999999997,70.09999999999997,5.1,3.3000000000000043,-9.900000000000002,-5.700000000000003
2020-01-17,-30.800000000000004,5.2,30.30000000000001,2.799999999999997,70.09999999999997,5.1,3.3000000000000043,-9.900000000000002,-5.700000000000003
2020-01-24,-30.800000000000004,5.2,30.30000000000001,2.799999999999997,70.09999999999997,5.1,3.3000000000000043,-9.900000000000002,-5.700000000000003
2020-01-31,-29.0,11.899999999999999,29.5,4.5,66.39999999999998,5.7,2.9999999999999964,-7.5000000000000036,-1.3999999999999986
2020-02-07,-29.0,11.899999999999999,29.5,4.5,66.39999999999998,5.7,2.9999999999999964,-7.5000000000000036,-1.3999999999999986
2020-02-14,-29.0,11.899999999999999,29.5,4.5,66.39999999999998,5.7,2.9999999999999964,-7.5000000000000036,-1.3999999999999986
2020-02-21,-29.0,11.899999999999999,29.5,4.5,66.39999999999998,5.7,2.9999999999999964,-7.5000000000000036,-1.3999999999999986
2020-02-28,-29.0,11.899999999999999,29.5,4.5,66.39999999999998,5.7,2.9999999999999964,-7.5000000000000036,-1.3999999999999986
2020-03-06,-27.9,8.9,26.400000000000006,5.399999999999999,30.600000000000023,7.5,2.900000000000002,-7.0000000000000036,-5.200000000000003
2020-03-13,-27.9,8.9,26.400000000000006,5.399999999999999,30.600000000000023,7.5,2.900000000000002,-7.0000000000000036,-5.200000000000003
2020-03-20,-27.9,8.9,26.400000000000006,5.399999999999999,30.600000000000023,7.5,2.900000000000002,-7.0000000000000036,-5.200000000000003
2020-03-27,-27.9,8.9,26.400000000000006,5.399999999999999,30.600000000000023,7.5,2.900000000000002,-7.0000000000000036,-5.200000000000003
2020-04-03,-27.200000000000003,8.0,24.900000000000006,7.0,-18.30000000000001,7.800000000000001,2.6000000000000014,-4.5,-2.5
2020-04-10,-27.200000000000003,8.0,24.900000000000006,7.0,-18.30000000000001,7.800000000000001,2.6000000000000014,-4.5,-2.5
2020-04-17,-27.200000000000003,8.0,24.900000000000006,7.0,-18.30000000000001,7.800000000000001,2.6000000000000014,-4.5,-2.5
2020-04-24,-27.200000000000003,8.0,24.900000000000006,7.0,-18.30000000000001,7.800000000000001,2.6000000000000014,-4.5,-2.5
2020-05-01,-30.200000000000003,12.299999999999999,35.099999999999994,10.699999999999996,26.69999999999999,10.5,-0.1999999999999993,-1.2000000000000028,-1.4000000000000057
2020-05-08,-30.200000000000003,12.299999999999999,35.099999999999994,10.699999999999996,26.69999999999999,10.5,-0.1999999999999993,-1.2000000000000028,-1.4000000000000057
2020-05-15,-30.200000000000003,12.299999999999999,35.099999999999994,10.699999999999996,26.69999999999999,10.5,-0.1999999999999993,-1.2000000000000028,-1.4000000000000057
2020-05-22,-30.200000000000003,12.299999999999999,35.099999999999994,10.699999999999996,26.69999999999999,10.5,-0.1999999999999993,-1.2000000000000028,-1.4000000000000057
2020-05-29,-30.200000000000003,12.299999999999999,35.099999999999994,10.699999999999996,26.69999999999999,10.5,-0.1999999999999993,-1.2000000000000028,-1.4000000000000057
2020-06-05,-27.9,15.7,48.099999999999994,12.800000000000004,30.30000000000001,10.7,-0.10000000000000142,0.7000000000000028,-1.1999999999999957
2020-06-12,-27.9,15.7,48.099999999999994,12.800000000000004,30.30000000000001,10.7,-0.10000000000000142,0.7000000000000028,-1.1999999999999957
2020-06-19,-27.9,15.7,48.099999999999994,12.800000000000004,30.30000000000001,10.7,-0.10000000000000142,0.7000000000000028,-1.1999999999999957
2020-06-26,-27.9,15.7,48.099999999999994,12.800000000000004,30.30000000000001,10.7,-0.10000000000000142,0.7000000000000028,-1.1999999999999957
2020-07-03,-26.200000000000003,12.600000000000001,62.80000000000001,13.100000000000001,18.30000000000001,13.100000000000001,1.2000000000000028,4.400000000000002,1.5
2020-07-10,-26.200000000000003,12.600000000000001,62.80000000000001,13.100000000000001,18.30000000000001,13.100000000000001,1.2000000000000028,4.400000000000002,1.5
2020-07-17,-26.200000000000003,12.600000000000001,62.80000000000001,13.100000000000001,18.30000000000001,13.100000000000001,1.2000000000000028,4.400000000000002,1.5
2020-07-24,-26.200000000000003,12.600000000000001,62.80000000000001,13.100000000000001,18.30000000000001,13.100000000000001,1.2000000000000028,4.400000000000002,1.5
2020-07-31,-20.0,15.200000000000001,66.19999999999999,14.199999999999996,19.400000000000034,14.8,2.200000000000003,5.599999999999998,1.8999999999999986
2020-08-07,-20.0,15.200000000000001,66.19999999999999,14.199999999999996,19.400000000000034,14.8,2.200000000000003,5.599999999999998,1.8999999999999986
2020-08-14,-20.0,15.200000000000001,66.19999999999999,14.199999999999996,19.400000000000034,14.8,2.200000000000003,5.599999999999998,1.8999999999999986
2020-08-21,-20.0,15.200000000000001,66.19999999999999,14.199999999999996,19.400000000000034,14.8,2.200000000000003,5.599999999999998,1.8999999999999986
2020-08-28,-20.0,15.200000000000001,66.19999999999999,14.199999999999996,19.400000000000034,14.8,2.200000000000003,5.599999999999998,1.8999999999999986
2020-09-04,-12.599999999999994,14.8,67.8,14.499999999999996,34.89999999999998,16.0,0.6000000000000014,10.100000000000001,0.8999999999999986
2020-09-11,-12.599999999999994,14.8,67.8,14.499999999999996,34.89999999999998,16.0,0.6000000000000014,10.100000000000001,0.8999999999999986
2020-09-18,-12.599999999999994,14.8,67.8,14.499999999999996,34.89999999999998,16.0,0.6000000000000014,10.100000000000001,0.8999999999999986
2020-09-25,-12.599999999999994,14.8,67.8,14.499999999999996,34.89999999999998,16.0,0.6000000000000014,10.100000000000001,0.8999999999999986
2020-10-02,-6.399999999999999,15.4,73.30000000000001,15.0,24.099999999999966,19.1,5.600000000000001,11.299999999999997,6.100000000000001
2020-10-09,-6.399999999999999,15.4,73.30000000000001,15.0,24.099999999999966,19.1,5.600000000000001,11.299999999999997,6.100000000000001
2020-10-16,-6.399999999999999,15.4,73.30000000000001,15.0,24.099999999999966,19.1,5.600000000000001,11.299999999999997,6.100000000000001
2020-10-23,-6.399999999999999,15.4,73.30000000000001,15.0,24.099999999999966,19.1,5.600000000000001,11.299999999999997,6.100000000000001
2020-10-30,-6.399999999999999,15.4,73.30000000000001,15.0,24.099999999999966,19.1,5.600000000000001,11.299999999999997,6.100000000000001
2020-11-06,-4.799999999999997,16.4,69.6,15.699999999999996,30.19999999999999,20.7,6.600000000000001,12.3,9.0
2020-11-13,-4.799999999999997,16.4,69.6,15.699999999999996,30.19999999999999,20.7,6.600000000000001,12.3,9.0
2020-11-20,-4.799999999999997,16.4,69.6,15.699999999999996,30.19999999999999,20.7,6.600000000000001,12.3,9.0
2020-11-27,-4.799999999999997,16.4,69.6,15.699999999999996,30.19999999999999,20.7,6.600000000000001,12.3,9.0
2020-12-04,-0.8999999999999986,14.500000000000002,67.29999999999998,16.799999999999997,72.30000000000001,24.0,9.399999999999999,13.600000000000001,10.399999999999999
2020-12-11,-0.8999999999999986,14.500000000000002,67.29999999999998,16.799999999999997,72.30000000000001,24.0,9.399999999999999,13.600000000000001,10.399999999999999
2020-12-18,-0.8999999999999986,14.500000000000002,67.29999999999998,16.799999999999997,72.30000000000001,24.0,9.399999999999999,13.600000000000001,10.399999999999999
2020-12-25,-0.8999999999999986,14.500000000000002,67.29999999999998,16.799999999999997,72.30000000000001,24.0,9.399999999999999,13.600000000000001,10.399999999999999
2021-01-01,6.0,15.5,62.099999999999994,16.1,113.10000000000002,25.200000000000003,11.0,13.8,15.899999999999999
2021-01-08,6.0,15.5,62.099999999999994,16.1,113.10000000000002,25.200000000000003,11.0,13.8,15.899999999999999
2021-01-15,6.0,15.5,62.099999999999994,16.1,113.10000000000002,25.200000000000003,11.0,13.8,15.899999999999999
2021-01-22,6.0,15.5,62.099999999999994,16.1,113.10000000000002,25.200000000000003,11.0,13.8,15.899999999999999
2021-01-29,6.0,15.5,62.099999999999994,16.1,113.10000000000002,25.200000000000003,11.0,13.8,15.899999999999999
2021-02-05,9.700000000000003,14.100000000000001,63.10000000000001,16.400000000000002,103.59999999999997,27.4,12.100000000000001,15.500000000000004,16.200000000000003
2021-02-12,9.700000000000003,14.100000000000001,63.10000000000001,16.400000000000002,103.59999999999997,27.4,12.100000000000001,15.500000000000004,16.200000000000003
2021-02-19,9.700000000000003,14.100000000000001,63.10000000000001,16.400000000000002,103.59999999999997,27.4,12.100000000000001,15.500000000000004,16.200000000000003
2021-02-26,9.700000000000003,14.100000000000001,63.10000000000001,16.400000000000002,103.59999999999997,27.4,12.100000000000001,15.500000000000004,16.200000000000003
2021-03-05,7.0,10.0,60.60000000000001,14.899999999999999,265.79999999999995,24.8,13.199999999999996,16.3,19.1
2021-03-12,7.0,10.0,60.60000000000001,14.899999999999999,265.79999999999995,24.8,13.199999999999996,16.3,19.1
2021-03-19,7.0,10.0,60.60000000000001,14.899999999999999,265.79999999999995,24.8,13.199999999999996,16.3,19.1
2021-03-26,7.0,10.0,60.60000000000001,14.899999999999999,265.79999999999995,24.8,13.199999999999996,16.3,19.1
2021-04-02,7.299999999999997,9.6,56.0,14.299999999999997,269.20000000000005,25.8,16.799999999999997,17.4,20.1
2021-04-09,7.299999999999997,9.6,56.0,14.299999999999997,269.20000000000005,25.8,16.799999999999997,17.4,20.1
2021-04-16,7.299999999999997,9.6,56.0,14.299999999999997,269.20000000000005,25.8,16.799999999999997,17.4,20.1
2021-04-23,7.299999999999997,9.6,56.0,14.299999999999997,269.20000000000005,25.8,16.799999999999997,17.4,20.1
2021-04-30,14.700000000000003,3.5,38.900000000000006,7.800000000000004,233.00000000000006,26.400000000000002,26.0,17.800000000000004,24.10000000000001
2021-05-07,14.700000000000003,3.5,38.900000000000006,7.800000000000004,233.00000000000006,26.400000000000002,26.0,17.800000000000004,24.10000000000001
2021-05-14,14.700000000000003,3.5,38.900000000000006,7.800000000000004,233.00000000000006,26.400000000000002,26.0,17.800000000000004,24.10000000000001
2021-05-21,14.700000000000003,3.5,38.900000000000006,7.800000000000004,233.00000000000006,26.400000000000002,26.0,17.800000000000004,24.10000000000001
2021-05-28,14.700000000000003,3.5,38.900000000000006,7.800000000000004,233.00000000000006,26.400000000000002,26.0,17.800000000000004,24.10000000000001
2021-06-04,19.200000000000003,-0.5,23.299999999999997,3.4999999999999964,191.79999999999995,25.3,26.8,17.9,25.199999999999996
2021-06-11,19.200000000000003,-0.5,23.299999999999997,3.4999999999999964,191.79999999999995,25.3,26.8,17.9,25.199999999999996
2021-06-18,19.200000000000003,-0.5,23.299999999999997,3.4999999999999964,191.79999999999995,25.3,26.8,17.9,25.199999999999996
2021-06-25,19.200000000000003,-0.5,23.299999999999997,3.4999999999999964,191.79999999999995,25.3,26.8,17.9,25.199999999999996
2021-07-02,20.6,0.6999999999999993,-3.200000000000003,0.40000000000000213,198.3,24.3,24.9,15.299999999999997,24.10000000000001
2021-07-09,20.6,0.6999999999999993,-3.200000000000003,0.40000000000000213,198.3,24.3,24.9,15.299999999999997,24.10000000000001
2021-07-16,20.6,0.6999999999999993,-3.200000000000003,0.40000000000000213,198.3,24.3,24.9,15.299999999999997,24.10000000000001
2021-07-23,20.6,0.6999999999999993,-3.200000000000003,0.40000000000000213,198.3,24.3,24.9,15.299999999999997,24.10000000000001
2021-07-30,20.6,0.6999999999999993,-3.200000000000003,0.40000000000000213,198.3,24.3,24.9,15.299999999999997,24.10000000000001
2021-08-06,16.799999999999997,-5.4,-17.599999999999994,-2.3999999999999986,173.39999999999998,21.7,19.9,13.200000000000003,22.800000000000004
2021-08-13,16.799999999999997,-5.4,-17.599999999999994,-2.3999999999999986,173.39999999999998,21.7,19.9,13.200000000000003,22.800000000000004
2021-08-20,16.799999999999997,-5.4,-17.599999999999994,-2.3999999999999986,173.39999999999998,21.7,19.9,13.200000000000003,22.800000000000004
2021-08-27,16.799999999999997,-5.4,-17.599999999999994,-2.3999999999999986,173.39999999999998,21.7,19.9,13.200000000000003,22.800000000000004
2021-09-03,12.599999999999994,-13.200000000000001,-26.700000000000003,-4.400000000000002,149.60000000000002,22.0,22.299999999999997,10.199999999999996,19.300000000000004
2021-09-10,12.599999999999994,-13.200000000000001,-26.700000000000003,-4.400000000000002,149.60000000000002,22.0,22.299999999999997,10.199999999999996,19.300000000000004
2021-09-17,12.599999999999994,-13.200000000000001,-26.700000000000003,-4.400000000000002,149.60000000000002,22.0,22.299999999999997,10.199999999999996,19.300000000000004
2021-09-24,12.599999999999994,-13.200000000000001,-26.700000000000003,-4.400000000000002,149.60000000000002,22.0,22.299999999999997,10.199999999999996,19.300000000000004
2021-10-01,6.0,-16.0,-55.099999999999994,-7.100000000000001,182.59999999999997,21.4,20.0,10.100000000000001,14.600000000000001
2021-10-08,6.0,-16.0,-55.099999999999994,-7.100000000000001,182.59999999999997,21.4,20.0,10.100000000000001,14.600000000000001
2021-10-15,6.0,-16.0,-55.099999999999994,-7.100000000000001,182.59999999999997,21.4,20.0,10.100000000000001,14.600000000000001
2021-10-22,6.0,-16.0,-55.099999999999994,-7.100000000000001,182.59999999999997,21.4,20.0,10.100000000000001,14.600000000000001
2021-10-29,6.0,-16.0,-55.099999999999994,-7.100000000000001,182.59999999999997,21.4,20.0,10.100000000000001,14.600000000000001
2021-11-05,1.5999999999999943,-20.0,-66.4,-10.399999999999999,193.40000000000003,20.1,19.799999999999997,8.899999999999999,9.699999999999996
2021-11-12,1.5999999999999943,-20.0,-66.4,-10.399999999999999,193.40000000000003,20.1,19.799999999999997,8.899999999999999,9.699999999999996
2021-11-19,1.5999999999999943,-20.0,-66.4,-10.399999999999999,193.40000000000003,20.1,19.799999999999997,8.899999999999999,9.699999999999996
2021-11-26,1.5999999999999943,-20.0,-66.4,-10.399999999999999,193.40000000000003,20.1,19.799999999999997,8.899999999999999,9.699999999999996
2021-12-03,-3.8000000000000043,-18.400000000000002,-79.9,-14.399999999999999,151.29999999999995,17.1,17.6,8.699999999999996,9.199999999999996
2021-12-10,-3.8000000000000043,-18.400000000000002,-79.9,-14.399999999999999,151.29999999999995,17.1,17.6,8.699999999999996,9.199999999999996
2021-12-17,-3.8000000000000043,-18.400000000000002,-79.9,-14.399999999999999,151.29999999999995,17.1,17.6,8.699999999999996,9.199999999999996
2021-12-24,-3.8000000000000043,-18.400000000000002,-79.9,-14.399999999999999,151.29999999999995,17.1,17.6,8.699999999999996,9.199999999999996
2021-12-31,-15.599999999999998,-20.4,-82.1,-17.6,135.39999999999998,13.799999999999997,17.799999999999997,5.699999999999996,5.899999999999999
2022-01-07,-15.599999999999998,-20.4,-82.1,-17.6,135.39999999999998,13.799999999999997,17.799999999999997,5.699999999999996,5.899999999999999
2022-01-14,-15.599999999999998,-20.4,-82.1,-17.6,135.39999999999998,13.799999999999997,17.799999999999997,5.699999999999996,5.899999999999999
2022-01-21,-15.599999999999998,-20.4,-82.1,-17.6,135.39999999999998,13.799999999999997,17.799999999999997,5.699999999999996,5.899999999999999
2022-01-28,-15.599999999999998,-20.4,-82.1,-17.6,135.39999999999998,13.799999999999997,17.799999999999997,5.699999999999996,5.899999999999999
2022-02-04,-27.4,-23.6,-85.7,-20.099999999999998,146.5,10.2,16.9,2.6999999999999957,1.7999999999999972
2022-02-11,-27.4,-23.6,-85.7,-20.099999999999998,146.5,10.2,16.9,2.6999999999999957,1.7999999999999972
2022-02-18,-27.4,-23.6,-85.7,-20.099999999999998,146.5,10.2,16.9,2.6999999999999957,1.7999999999999972
2022-02-25,-27.4,-23.6,-85.7,-20.099999999999998,146.5,10.2,16.9,2.6999999999999957,1.7999999999999972
2022-03-04,-27.4,-19.6,-88.39999999999999,-20.5,40.60000000000002,12.500000000000004,15.800000000000004,3.299999999999997,1.8999999999999986
2022-03-11,-27.4,-19.6,-88.39999999999999,-20.5,40.60000000000002,12.500000000000004,15.800000000000004,3.299999999999997,1.8999999999999986
2022-03-18,-27.4,-19.6,-88.39999999999999,-20.5,40.60000000000002,12.500000000000004,15.800000000000004,3.299999999999997,1.8999999999999986
2022-03-25,-27.4,-19.6,-88.39999999999999,-20.5,40.60000000000002,12.500000000000004,15.800000000000004,3.299999999999997,1.8999999999999986
2022-04-01,-31.0,-17.6,-89.6,-22.200000000000003,80.19999999999993,14.599999999999998,13.300000000000004,-0.7000000000000028,2.0999999999999943
2022-04-08,-31.0,-17.6,-89.6,-22.200000000000003,80.19999999999993,14.599999999999998,13.300000000000004,-0.7000000000000028,2.0999999999999943
2022-04-15,-31.0,-17.6,-89.6,-22.200000000000003,80.19999999999993,14.599999999999998,13.300000000000004,-0.7000000000000028,2.0999999999999943
2022-04-22,-31.0,-17.6,-89.6,-22.200000000000003,80.19999999999993,14.599999999999998,13.300000000000004,-0.7000000000000028,2.0999999999999943
2022-04-29,-31.0,-17.6,-89.6,-22.200000000000003,80.19999999999993,14.599999999999998,13.300000000000004,-0.7000000000000028,2.0999999999999943
2022-05-06,-35.7,-17.5,-84.19999999999999,-21.5,90.39999999999998,17.2,8.200000000000003,-3.0,-2.9000000000000057
2022-05-13,-35.7,-17.5,-84.19999999999999,-21.5,90.39999999999998,17.2,8.200000000000003,-3.0,-2.9000000000000057
2022-05-20,-35.7,-17.5,-84.19999999999999,-21.5,90.39999999999998,17.2,8.200000000000003,-3.0,-2.9000000000000057
2022-05-27,-35.7,-17.5,-84.19999999999999,-21.5,90.39999999999998,17.2,8.200000000000003,-3.0,-2.9000000000000057
2022-06-03,-42.7,-18.3,-96.39999999999999,-21.999999999999996,143.5,16.799999999999997,6.700000000000003,-6.5,-8.0
2022-06-10,-42.7,-18.3,-96.39999999999999,-21.999999999999996,143.5,16.799999999999997,6.700000000000003,-6.5,-8.0
2022-06-17,-42.7,-18.3,-96.39999999999999,-21.999999999999996,143.5,16.799999999999997,6.700000000000003,-6.5,-8.0
2022-06-24,-42.7,-18.3,-96.39999999999999,-21.999999999999996,143.5,16.799999999999997,6.700000000000003,-6.5,-8.0
2022-07-01,-50.4,-20.2,-98.49999999999999,-22.500000000000004,184.10000000000002,20.6,5.799999999999997,-6.200000000000003,-8.600000000000009
2022-07-08,-50.4,-20.2,-98.49999999999999,-22.500000000000004,184.10000000000002,20.6,5.799999999999997,-6.200000000000003,-8.600000000000009
2022-07-15,-50.4,-20.2,-98.49999999999999,-22.500000000000004,184.10000000000002,20.6,5.799999999999997,-6.200000000000003,-8.600000000000009
2022-07-22,-50.4,-20.2,-98.49999999999999,-22.500000000000004,184.10000000000002,20.6,5.799999999999997,-6.200000000000003,-8.600000000000009
2022-07-29,-50.4,-20.2,-98.49999999999999,-22.500000000000004,184.10000000000002,20.6,5.799999999999997,-6.200000000000003,-8.600000000000009
2022-08-05,-55.1,-21.4,-107.5,-23.700000000000003,234.60000000000002,19.700000000000003,8.700000000000003,-5.899999999999999,-10.000000000000007
2022-08-12,-55.1,-21.4,-107.5,-23.700000000000003,234.60000000000002,19.700000000000003,8.700000000000003,-5.899999999999999,-10.000000000000007
2022-08-19,-55.1,-21.4,-107.5,-23.700000000000003,234.60000000000002,19.700000000000003,8.700000000000003,-5.899999999999999,-10.000000000000007
2022-08-26,-55.1,-21.4,-107.5,-23.700000000000003,234.60000000000002,19.700000000000003,8.700000000000003,-5.899999999999999,-10.000000000000007
2022-09-02,-64.0,-18.700000000000003,-117.1,-25.199999999999996,253.20000000000005,18.200000000000003,3.3000000000000043,-7.399999999999999,-7.500000000000007
2022-09-09,-64.0,-18.700000000000003,-117.1,-25.199999999999996,253.20000000000005,18.200000000000003,3.3000000000000043,-7.399999999999999,-7.500000000000007
2022-09-16,-64.0,-18.700000000000003,-117.1,-25.199999999999996,253.20000000000005,18.200000000000003,3.3000000000000043,-7.399999999999999,-7.500000000000007
2022-09-23,-64.0,-18.700000000000003,-117.1,-25.199999999999996,253.20000000000005,18.200000000000003,3.3000000000000043,-7.399999999999999,-7.500000000000007
2022-09-30,-68.0,-18.4,-103.0,-24.599999999999994,237.0,16.800000000000004,3.0,-7.799999999999997,-8.200000000000003
2022-10-07,-68.0,-18.4,-103.0,-24.599999999999994,237.0,16.800000000000004,3.0,-7.799999999999997,-8.200000000000003
2022-10-14,-68.0,-18.4,-103.0,-24.599999999999994,237.0,16.800000000000004,3.0,-7.799999999999997,-8.200000000000003
2022-10-21,-68.0,-18.4,-103.0,-24.599999999999994,237.0,16.800000000000004,3.0,-7.799999999999997,-8.200000000000003
2022-10-28,-68.0,-18.4,-103.0,-24.599999999999994,237.0,16.800000000000004,3.0,-7.799999999999997,-8.200000000000003
2022-11-04,-72.69999999999999,-16.4,-102.69999999999999,-22.299999999999997,208.0,14.399999999999999,-0.5,-9.600000000000001,-9.899999999999999
2022-11-11,-72.69999999999999,-16.4,-102.69999999999999,-22.299999999999997,208.0,14.399999999999999,-0.5,-9.600000000000001,-9.899999999999999
2022-11-18,-72.69999999999999,-16.4,-102.69999999999999,-22.299999999999997,208.0,14.399999999999999,-0.5,-9.600000000000001,-9.899999999999999
2022-11-25,-72.69999999999999,-16.4,-102.69999999999999,-22.299999999999997,208.0,14.399999999999999,-0.5,-9.600000000000001,-9.899999999999999
2022-12-02,-79.8,-20.0,-92.59999999999997,-18.799999999999997,206.70000000000005,15.0,-0.30000000000000426,-12.399999999999999,-12.699999999999996
2022-12-09,-79.8,-20.0,-92.59999999999997,-18.799999999999997,206.70000000000005,15.0,-0.30000000000000426,-12.399999999999999,-12.699999999999996
2022-12-16,-79.8,-20.0,-92.59999999999997,-18.799999999999997,206.70000000000005,15.0,-0.30000000000000426,-12.399999999999999,-12.699999999999996
2022-12-23,-79.8,-20.0,-92.59999999999997,-18.799999999999997,206.70000000000005,15.0,-0.30000000000000426,-12.399999999999999,-12.699999999999996
2022-12-30,-79.8,-20.0,-92.59999999999997,-18.799999999999997,206.70000000000005,15.0,-0.30000000000000426,-12.399999999999999,-12.699999999999996
2023-01-06,-77.1,-18.7,-89.19999999999999,-15.399999999999999,167.5,19.1,-3.700000000000003,-11.199999999999996,-13.699999999999996
2023-01-13,-77.1,-18.7,-89.19999999999999,-15.399999999999999,167.5,19.1,-3.700000000000003,-11.199999999999996,-13.699999999999996
2023-01-20,-77.1,-18.7,-89.19999999999999,-15.399999999999999,167.5,19.1,-3.700000000000003,-11.199999999999996,-13.699999999999996
2023-01-27,-77.1,-18.7,-89.19999999999999,-15.399999999999999,167.5,19.1,-3.700000000000003,-11.199999999999996,-13.699999999999996
2023-02-03,-75.9,-19.0,-86.10000000000002,-14.900000000000006,162.20000000000005,23.0,-4.199999999999996,-10.0,-15.0
2023-02-10,-75.9,-19.0,-86.10000000000002,-14.900000000000006,162.20000000000005,23.0,-4.199999999999996,-10.0,-15.0
2023-02-17,-75.9,-19.0,-86.10000000000002,-14.900000000000006,162.20000000000005,23.0,-4.199999999999996,-10.0,-15.0
2023-02-24,-75.9,-19.0,-86.10000000000002,-14.900000000000006,162.20000000000005,23.0,-4.199999999999996,-10.0,-15.0
2023-03-03,-80.4,-19.9,-78.30000000000001,-13.700000000000003,156.79999999999995,22.799999999999997,-4.5,-10.899999999999999,-19.699999999999996
2023-03-10,-80.4,-19.9,-78.30000000000001,-13.700000000000003,156.79999999999995,22.799999999999997,-4.5,-10.899999999999999,-19.699999999999996
2023-03-17,-80.4,-19.9,-78.30000000000001,-13.700000000000003,156.79999999999995,22.799999999999997,-4.5,-10.899999999999999,-19.699999999999996
2023-03-24,-80.4,-19.9,-78.30000000000001,-13.700000000000003,156.79999999999995,22.799999999999997,-4.5,-10.899999999999999,-19.699999999999996
2023-03-31,-81.1,-19.9,-73.89999999999998,-12.5,159.70000000000005,17.900000000000006,-5.5,-7.099999999999994,-21.199999999999996
2023-04-07,-81.1,-19.9,-73.89999999999998,-12.5,159.70000000000005,17.900000000000006,-5.5,-7.099999999999994,-21.199999999999996
2023-04-14,-81.1,-19.9,-73.89999999999998,-12.5,159.70000000000005,17.900000000000006,-5.5,-7.099999999999994,-21.199999999999996
2023-04-21,-81.1,-19.9,-73.89999999999998,-12.5,159.70000000000005,17.900000000000006,-5.5,-7.099999999999994,-21.199999999999996
2023-04-28,-81.1,-19.9,-73.89999999999998,-12.5,159.70000000000005,17.900000000000006,-5.5,-7.099999999999994,-21.199999999999996
2023-05-05,-78.5,-17.599999999999998,-66.9,-9.899999999999999,192.69999999999993,9.0,-9.100000000000001,-5.700000000000003,-18.1
2023-05-12,-78.5,-17.599999999999998,-66.9,-9.899999999999999,192.69999999999993,9.0,-9.100000000000001,-5.700000000000003,-18.1
2023-05-19,-78.5,-17.599999999999998,-66.9,-9.899999999999999,192.69999999999993,9.0,-9.100000000000001,-5.700000000000003,-18.1
2023-05-26,-78.5,-17.599999999999998,-66.9,-9.899999999999999,192.69999999999993,9.0,-9.100000000000001,-5.700000000000003,-18.1
2023-06-02,-74.80000000000001,-15.0,-51.69999999999999,-6.300000000000004,148.39999999999998,6.300000000000004,-8.100000000000001,-0.7999999999999972,-11.899999999999999
2023-06-09,-74.80000000000001,-15.0,-51.69999999999999,-6.300000000000004,148.39999999999998,6.300000000000004,-8.100000000000001,-0.7999999999999972,-11.899999999999999
2023-06-16,-74.80000000000001,-15.0,-51.69999999999999,-6.300000000000004,148.39999999999998,6.300000000000004,-8.100000000000001,-0.7999999999999972,-11.899999999999999
2023-06-23,-74.80000000000001,-15.0,-51.69999999999999,-6.300000000000004,148.39999999999998,6.300000000000004,-8.100000000000001,-0.7999999999999972,-11.899999999999999
2023-06-30,-64.3,-11.299999999999999,-36.30000000000001,-2.0999999999999943,80.89999999999998,0.7999999999999972,-6.699999999999996,0.9000000000000057,-10.099999999999994
2023-07-07,-64.3,-11.299999999999999,-36.30000000000001,-2.0999999999999943,80.89999999999998,0.7999999999999972,-6.699999999999996,0.9000000000000057,-10.099999999999994
2023-07-14,-64.3,-11.299999999999999,-36.30000000000001,-2.0999999999999943,80.89999999999998,0.7999999999999972,-6.699999999999996,0.9000000000000057,-10.099999999999994
2023-07-21,-64.3,-11.299999999999999,-36.30000000000001,-2.0999999999999943,80.89999999999998,0.7999999999999972,-6.699999999999996,0.9000000000000057,-10.099999999999994
2023-07-28,-64.3,-11.299999999999999,-36.30000000000001,-2.0999999999999943,80.89999999999998,0.7999999999999972,-6.699999999999996,0.9000000000000057,-10.099999999999994
2023-08-04,-50.699999999999996,-5.300000000000001,-16.69999999999999,2.3000000000000043,18.699999999999932,-2.1000000000000014,-6.800000000000004,3.5,-5.699999999999996
2023-08-11,-50.699999999999996,-5.300000000000001,-16.69999999999999,2.3000000000000043,18.699999999999932,-2.1000000000000014,-6.800000000000004,3.5,-5.699999999999996
2023-08-18,-50.699999999999996,-5.300000000000001,-16.69999999999999,2.3000000000000043,18.699999999999932,-2.1000000000000014,-6.800000000000004,3.5,-5.699999999999996
2023-08-25,-50.699999999999996,-5.300000000000001,-16.69999999999999,2.3000000000000043,18.699999999999932,-2.1000000000000014,-6.800000000000004,3.5,-5.699999999999996
2023-09-01,-29.3,1.9000000000000004,-2.8000000000000114,6.799999999999997,-9.700000000000045,-5.700000000000003,-4.5,5.0,0.3999999999999986
2023-09-08,-29.3,1.9000000000000004,-2.8000000000000114,6.799999999999997,-9.700000000000045,-5.700000000000003,-4.5,5.0,0.3999999999999986
2023-09-15,-29.3,1.9000000000000004,-2.8000000000000114,6.799999999999997,-9.700000000000045,-5.700000000000003,-4.5,5.0,0.3999999999999986
2023-09-22,-29.3,1.9000000000000004,-2.8000000000000114,6.799999999999997,-9.700000000000045,-5.700000000000003,-4.5,5.0,0.3999999999999986
2023-09-29,-29.3,1.9000000000000004,-2.8000000000000114,6.799999999999997,-9.700000000000045,-5.700000000000003,-4.5,5.0,0.3999999999999986
2023-10-06,-13.7,6.1,10.599999999999994,9.0,-31.399999999999977,-7.900000000000006,-7.0,4.0,7.099999999999994
2023-10-13,-13.7,6.1,10.599999999999994,9.0,-31.399999999999977,-7.900000000000006,-7.0,4.0,7.099999999999994
2023-10-20,-13.7,6.1,10.599999999999994,9.0,-31.399999999999977,-7.900000000000006,-7.0,4.0,7.099999999999994
2023-10-27,-13.7,6.1,10.599999999999994,9.0,-31.399999999999977,-7.900000000000006,-7.0,4.0,7.099999999999994
2023-11-03,3.1999999999999993,6.300000000000001,14.900000000000006,7.5,-54.5,-9.799999999999997,-5.699999999999996,8.0,13.000000000000007
2023-11-10,3.1999999999999993,6.300000000000001,14.900000000000006,7.5,-54.5,-9.799999999999997,-5.699999999999996,8.0,13.000000000000007
2023-11-17,3.1999999999999993,6.300000000000001,14.900000000000006,7.5,-54.5,-9.799999999999997,-5.699999999999996,8.0,13.000000000000007
2023-11-24,3.1999999999999993,6.300000000000001,14.900000000000006,7.5,-54.5,-9.799999999999997,-5.699999999999996,8.0,13.000000000000007
2023-12-01,23.799999999999997,7.9,16.49999999999997,5.399999999999999,-45.700000000000045,-14.0,-8.299999999999997,11.899999999999999,21.6
2023-12-08,23.799999999999997,7.9,16.49999999999997,5.399999999999999,-45.700000000000045,-14.0,-8.299999999999997,11.899999999999999,21.6
2023-12-15,23.799999999999997,7.9,16.49999999999997,5.399999999999999,-45.700000000000045,-14.0,-8.299999999999997,11.899999999999999,21.6
2023-12-22,23.799999999999997,7.9,16.49999999999997,5.399999999999999,-45.700000000000045,-14.0,-8.299999999999997,11.899999999999999,21.6
2023-12-29,23.799999999999997,7.9,16.49999999999997,5.399999999999999,-45.700000000000045,-14.0,-8.299999999999997,11.899999999999999,21.6
2024-01-05,37.5,10.2,22.899999999999977,5.0,-15.799999999999955,-17.6,-11.0,13.399999999999999,28.9
2024-01-12,37.5,10.2,22.899999999999977,5.0,-15.799999999999955,-17.6,-11.0,13.399999999999999,28.9
2024-01-19,37.5,10.2,22.899999999999977,5.0,-15.799999999999955,-17.6,-11.0,13.399999999999999,28.9
2024-01-26,37.5,10.2,22.899999999999977,5.0,-15.799999999999955,-17.6,-11.0,13.399999999999999,28.9
2024-02-02,57.9,13.600000000000001,23.100000000000023,7.300000000000004,-36.60000000000002,-22.4,-12.800000000000004,15.5,31.700000000000003
2024-02-09,57.9,13.600000000000001,23.100000000000023,7.300000000000004,-36.60000000000002,-22.4,-12.800000000000004,15.5,31.700000000000003
2024-02-16,57.9,13.600000000000001,23.100000000000023,7.300000000000004,-36.60000000000002,-22.4,-12.800000000000004,15.5,31.700000000000003
2024-02-23,57.9,13.600000000000001,23.100000000000023,7.300000000000004,-36.60000000000002,-22.4,-12.800000000000004,15.5,31.700000000000003
2024-03-01,73.2,14.799999999999999,18.099999999999994,7.600000000000001,6.600000000000023,-28.6,-15.100000000000001,13.899999999999999,40.6
2024-03-08,73.2,14.799999999999999,18.099999999999994,7.600000000000001,6.600000000000023,-28.6,-15.100000000000001,13.899999999999999,40.6
2024-03-15,73.2,14.799999999999999,18.099999999999994,7.600000000000001,6.600000000000023,-28.6,-15.100000000000001,13.899999999999999,40.6
2024-03-22,73.2,14.799999999999999,18.099999999999994,7.600000000000001,6.600000000000023,-28.6,-15.100000000000001,13.899999999999999,40.6
2024-03-29,73.2,14.799999999999999,18.099999999999994,7.600000000000001,6.600000000000023,-28.6,-15.100000000000001,13.899999999999999,40.6
2024-04-05,87.1,9.4,22.099999999999966,9.800000000000004,-46.10000000000002,-25.0,-17.5,10.699999999999996,45.6
2024-04-12,87.1,9.4,22.099999999999966,9.800000000000004,-46.10000000000002,-25.0,-17.5,10.699999999999996,45.6
2024-04-19,87.1,9.4,22.099999999999966,9.800000000000004,-46.10000000000002,-25.0,-17.5,10.699999999999996,45.6
2024-04-26,87.1,9.4,22.099999999999966,9.800000000000004,-46.10000000000002,-25.0,-17.5,10.699999999999996,45.6
2024-05-03,91.0,8.6,13.400000000000006,9.5,-98.09999999999991,-22.5,-15.5,9.299999999999997,43.50000000000001
2024-05-10,91.0,8.6,13.400000000000006,9.5,-98.09999999999991,-22.5,-15.5,9.299999999999997,43.50000000000001
2024-05-17,91.0,8.6,13.400000000000006,9.5,-98.09999999999991,-22.5,-15.5,9.299999999999997,43.50000000000001
2024-05-24,91.0,8.6,13.400000000000006,9.5,-98.09999999999991,-22.5,-15.5,9.299999999999997,43.50000000000001
2024-05-31,98.80000000000001,10.8,14.299999999999983,8.0,-70.79999999999995,-17.6,-17.300000000000004,6.299999999999997,42.199999999999996
2024-06-07,98.80000000000001,10.8,14.299999999999983,8.0,-70.79999999999995,-17.6,-17.300000000000004,6.299999999999997,42.199999999999996
2024-06-14,98.80000000000001,10.8,14.299999999999983,8.0,-70.79999999999995,-17.6,-17.300000000000004,6.299999999999997,42.199999999999996
2024-06-21,98.80000000000001,10.8,14.299999999999983,8.0,-70.79999999999995,-17.6,-17.300000000000004,6.299999999999997,42.199999999999996
2024-06-28,98.80000000000001,10.8,14.299999999999983,8.0,-70.79999999999995,-17.6,-17.300000000000004,6.299999999999997,42.199999999999996
2024-07-05,102.1,9.5,9.699999999999989,5.799999999999997,-17.600000000000023,-16.799999999999997,-21.5,2.5,39.599999999999994
2024-07-12,102.1,9.5,9.699999999999989,5.799999999999997,-17.600000000000023,-16.799999999999997,-21.5,2.5,39.599999999999994
2024-07-19,102.1,9.5,9.699999999999989,5.799999999999997,-17.600000000000023,-16.799999999999997,-21.5,2.5,39.599999999999994
2024-07-26,102.1,9.5,9.699999999999989,5.799999999999997,-17.600000000000023,-16.799999999999997,-21.5,2.5,39.599999999999994
2024-08-02,97.19999999999999,8.100000000000001,0.799999999999983,3.1000000000000014,7.2000000000000455,-14.600000000000001,-24.099999999999994,0.7999999999999972,32.5
2024-08-09,97.19999999999999,8.100000000000001,0.799999999999983,3.1000000000000014,7.2000000000000455,-14.600000000000001,-24.099999999999994,0.7999999999999972,32.5
2024-08-16,97.19999999999999,8.100000000000001,0.799999999999983,3.1000000000000014,7.2000000000000455,-14.600000000000001,-24.099999999999994,0.7999999999999972,32.5
2024-08-23,97.19999999999999,8.100000000000001,0.799999999999983,3.1000000000000014,7.2000000000000455,-14.600000000000001,-24.099999999999994,0.7999999999999972,32.5
2024-08-30,97.19999999999999,8.100000000000001,0.799999999999983,3.1000000000000014,7.2000000000000455,-14.600000000000001,-24.099999999999994,0.7999999999999972,32.5
2024-09-06,89.4,3.6000000000000005,-11.599999999999994,1.0,41.39999999999998,-12.299999999999997,-26.500000000000004,2.3999999999999986,29.799999999999997
2024-09-13,89.4,3.6000000000000005,-11.599999999999994,1.0,41.39999999999998,-12.299999999999997,-26.500000000000004,2.3999999999999986,29.799999999999997
2024-09-20,89.4,3.6000000000000005,-11.599999999999994,1.0,41.39999999999998,-12.299999999999997,-26.500000000000004,2.3999999999999986,29.799999999999997
2024-09-27,89.4,3.6000000000000005,-11.599999999999994,1.0,41.39999999999998,-12.299999999999997,-26.500000000000004,2.3999999999999986,29.799999999999997
2024-10-04,84.7,-1.0999999999999996,-24.100000000000023,-1.8000000000000043,55.10000000000002,-10.999999999999996,-27.0,3.1999999999999957,21.30000000000001
2024-10-11,84.7,-1.0999999999999996,-24.100000000000023,-1.8000000000000043,55.10000000000002,-10.999999999999996,-27.0,3.1999999999999957,21.30000000000001
2024-10-18,84.7,-1.0999999999999996,-24.100000000000023,-1.8000000000000043,55.10000000000002,-10.999999999999996,-27.0,3.1999999999999957,21.30000000000001
2024-10-25,84.7,-1.0999999999999996,-24.100000000000023,-1.8000000000000043,55.10000000000002,-10.999999999999996,-27.0,3.1999999999999957,21.30000000000001
2024-11-01,78.0,-1.0,-15.799999999999983,-2.4000000000000057,120.79999999999995,-9.600000000000001,-25.700000000000003,0.20000000000000284,19.599999999999994
2024-11-08,78.0,-1.0,-15.799999999999983,-2.4000000000000057,120.79999999999995,-9.600000000000001,-25.700000000000003,0.20000000000000284,19.599999999999994
2024-11-15,78.0,-1.0,-15.799999999999983,-2.4000000000000057,120.79999999999995,-9.600000000000001,-25.700000000000003,0.20000000000000284,19.599999999999994
2024-11-22,78.0,-1.0,-15.799999999999983,-2.4000000000000057,120.79999999999995,-9.600000000000001,-25.700000000000003,0.20000000000000284,19.599999999999994
2024-11-29,78.0,-1.0,-15.799999999999983,-2.4000000000000057,120.79999999999995,-9.600000000000001,-25.700000000000003,0.20000000000000284,19.599999999999994
2024-12-06,69.4,1.7000000000000002,-27.099999999999994,-1.5,145.70000000000005,-5.0,-22.8,-1.5,11.399999999999991
2024-12-13,69.4,1.7000000000000002,-27.099999999999994,-1.5,145.70000000000005,-5.0,-22.8,-1.5,11.399999999999991
2024-12-20,69.4,1.7000000000000002,-27.099999999999994,-1.5,145.70000000000005,-5.0,-22.8,-1.5,11.399999999999991
2024-12-27,69.4,1.7000000000000002,-27.099999999999994,-1.5,145.70000000000005,-5.0,-22.8,-1.5,11.399999999999991
2025-01-03,62.099999999999994,-1.4,-33.30000000000001,-1.6999999999999957,170.5,-5.599999999999998,-17.299999999999997,-5.700000000000003,0.09999999999999432
2025-01-10,62.099999999999994,-1.4,-33.30000000000001,-1.6999999999999957,170.5,-5.599999999999998,-17.299999999999997,-5.700000000000003,0.09999999999999432
2025-01-17,62.099999999999994,-1.4,-33.30000000000001,-1.6999999999999957,170.5,-5.599999999999998,-17.299999999999997,-5.700000000000003,0.09999999999999432
2025-01-24,62.099999999999994,-1.4,-33.30000000000001,-1.6999999999999957,170.5,-5.599999999999998,-17.299999999999997,-5.700000000000003,0.09999999999999432
2025-01-31,47.0,-1.2999999999999998,-40.69999999999999,-3.5,232.89999999999998,-2.200000000000003,-16.599999999999998,-10.699999999999996,7.5
2025-02-07,47.0,-1.2999999999999998,-40.69999999999999,-3.5,232.89999999999998,-2.200000000000003,-16.599999999999998,-10.699999999999996,7.5
2025-02-14,47.0,-1.2999999999999998,-40.69999999999999,-3.5,232.89999999999998,-2.200000000000003,-16.599999999999998,-10.699999999999996,7.5
2025-02-21,47.0,-1.2999999999999998,-40.69999999999999,-3.5,232.89999999999998,-2.200000000000003,-16.599999999999998,-10.699999999999996,7.5
2025-02-28,37.900000000000006,1.0999999999999999,-32.70000000000002,-3.299999999999997,194.10000000000002,4.700000000000003,-13.8,-8.5,0.7000000000000028
2025-03-07,37.900000000000006,1.0999999999999999,-32.70000000000002,-3.299999999999997,194.10000000000002,4.700000000000003,-13.8,-8.5,0.7000000000000028
2025-03-14,37.900000000000006,1.0999999999999999,-32.70000000000002,-3.299999999999997,194.10000000000002,4.700000000000003,-13.8,-8.5,0.7000000000000028
2025-03-21,37.900000000000006,1.0999999999999999,-32.70000000000002,-3.299999999999997,194.10000000000002,4.700000000000003,-13.8,-8.5,0.7000000000000028
2025-03-28,37.900000000000006,1.0999999999999999,-32.70000000000002,-3.299999999999997,194.10000000000002,4.700000000000003,-13.8,-8.5,0.7000000000000028
2025-04-04,29.0,7.3999999999999995,-42.69999999999999,-6.100000000000001,255.89999999999998,2.5999999999999943,-8.0,-7.699999999999996,-5.5
2025-04-11,29.0,7.3999999999999995,-42.69999999999999,-6.100000000000001,255.89999999999998,2.5999999999999943,-8.0,-7.699999999999996,-5.5
2025-04-18,29.0,7.3999999999999995,-42.69999999999999,-6.100000000000001,255.89999999999998,2.5999999999999943,-8.0,-7.699999999999996,-5.5
2025-04-25,29.0,7.3999999999999995,-42.69999999999999,-6.100000000000001,255.89999999999998,2.5999999999999943,-8.0,-7.699999999999996,-5.5
2025-05-02,28.7,6.6,-45.79999999999998,-5.5,293.0999999999999,1.2999999999999972,-7.5,0.10000000000000142,-4.300000000000011
2025-05-09,28.7,6.6,-45.79999999999998,-5.5,293.0999999999999,1.2999999999999972,-7.5,0.10000000000000142,-4.300000000000011
2025-05-16,28.7,6.6,-45.79999999999998,-5.5,293.0999999999999,1.2999999999999972,-7.5,0.10000000000000142,-4.300000000000011
2025-05-23,28.7,6.6,-45.79999999999998,-5.5,293.0999999999999,1.2999999999999972,-7.5,0.10000000000000142,-4.300000000000011
2025-05-30,28.7,6.6,-45.79999999999998,-5.5,293.0999999999999,1.2999999999999972,-7.5,0.10000000000000142,-4.300000000000011
2025-06-06,23.6,4.8,-46.79999999999998,-4.100000000000001,298.0999999999999,0.10000000000000142,-8.099999999999998,2.3999999999999986,1.1000000000000085
2025-06-13,23.6,4.8,-46.79999999999998,-4.100000000000001,298.0999999999999,0.10000000000000142,-8.099999999999998,2.3999999999999986,1.1000000000000085
2025-06-20,23.6,4.8,-46.79999999999998,-4.100000000000001,298.0999999999999,0.10000000000000142,-8.099999999999998,2.3999999999999986,1.1000000000000085
2025-06-27,23.6,4.8,-46.79999999999998,-4.100000000000001,298.0999999999999,0.10000000000000142,-8.099999999999998,2.3999999999999986,1.1000000000000085
2025-07-04,17.4,5.5,-43.30000000000001,-3.799999999999997,283.4000000000001,2.6000000000000014,-6.0,9.299999999999997,9.799999999999997
2025-07-11,17.4,5.5,-43.30000000000001,-3.799999999999997,283.4000000000001,2.6000000000000014,-6.0,9.299999999999997,9.799999999999997
2025-07-18,17.4,5.5,-43.30000000000001,-3.799999999999997,283.4000000000001,2.6000000000000014,-6.0,9.299999999999997,9.799999999999997
2025-07-25,17.4,5.5,-43.30000000000001,-3.799999999999997,283.4000000000001,2.6000000000000014,-6.0,9.299999999999997,9.799999999999997
2025-08-01,18.400000000000006,6.5,-41.79999999999998,-2.5,289.4000000000001,6.800000000000004,-1.5000000000000036,10.0,22.89999999999999
2025-08-08,18.400000000000006,6.5,-41.79999999999998,-2.5,289.4000000000001,6.800000000000004,-1.5000000000000036,10.0,22.89999999999999
2025-08-15,18.400000000000006,6.5,-41.79999999999998,-2.5,289.4000000000001,6.800000000000004,-1.5000000000000036,10.0,22.89999999999999
2025-08-22,18.400000000000006,6.5,-41.79999999999998,-2.5,289.4000000000001,6.800000000000004,-1.5000000000000036,10.0,22.89999999999999
2025-08-29,18.400000000000006,6.5,-41.79999999999998,-2.5,289.4000000000001,6.800000000000004,-1.5000000000000036,10.0,22.89999999999999
2025-09-05,18.6,4.0,-21.100000000000023,-1.7999999999999972,274.5000000000001,9.899999999999999,3.5000000000000036,8.100000000000001,25.30000000000001
2025-09-12,18.6,4.0,-21.100000000000023,-1.7999999999999972,274.5000000000001,9.899999999999999,3.5000000000000036,8.100000000000001,25.30000000000001
2025-09-19,18.6,4.0,-21.100000000000023,-1.7999999999999972,274.5000000000001,9.899999999999999,3.5000000000000036,8.100000000000001,25.30000000000001
2025-09-26,18.6,4.0,-21.100000000000023,-1.7999999999999972,274.5000000000001,9.899999999999999,3.5000000000000036,8.100000000000001,25.30000000000001
2025-10-03,18.89999999999999,6.3999999999999995,-23.899999999999977,0.10000000000000142,274.9000000000001,11.3,7.600000000000001,8.600000000000001,33.69999999999999
2025-10-10,18.89999999999999,6.3999999999999995,-23.899999999999977,0.10000000000000142,274.9000000000001,11.3,7.600000000000001,8.600000000000001,33.69999999999999
2025-10-17,18.89999999999999,6.3999999999999995,-23.899999999999977,0.10000000000000142,274.9000000000001,11.3,7.600000000000001,8.600000000000001,33.69999999999999
2025-10-24,18.89999999999999,6.3999999999999995,-23.899999999999977,0.10000000000000142,274.9000000000001,11.3,7.600000000000001,8.600000000000001,33.69999999999999
2025-10-31,20.10000000000001,3.4999999999999996,-43.60000000000002,3.4000000000000057,227.39999999999998,11.699999999999996,9.600000000000001,12.0,47.400000000000006
2025-11-07,20.10000000000001,3.4999999999999996,-43.60000000000002,3.4000000000000057,227.39999999999998,11.699999999999996,9.600000000000001,12.0,47.400000000000006
2025-11-14,20.10000000000001,3.4999999999999996,-43.60000000000002,3.4000000000000057,227.39999999999998,11.699999999999996,9.600000000000001,12.0,47.400000000000006
2025-11-21,20.10000000000001,3.4999999999999996,-43.60000000000002,3.4000000000000057,227.39999999999998,11.699999999999996,9.600000000000001,12.0,47.400000000000006
2025-11-28,20.10000000000001,3.4999999999999996,-43.60000000000002,3.4000000000000057,227.39999999999998,11.699999999999996,9.600000000000001,12.0,47.400000000000006
2025-12-05,22.0,-1.0999999999999996,-25.600000000000023,4.5,211.89999999999998,8.100000000000001,6.900000000000002,13.400000000000006,57.5
2025-12-12,22.0,-1.0999999999999996,-25.600000000000023,4.5,211.89999999999998,8.100000000000001,6.900000000000002,13.400000000000006,57.5
2025-12-19,22.0,-1.0999999999999996,-25.600000000000023,4.5,211.89999999999998,8.100000000000001,6.900000000000002,13.400000000000006,57.5
2025-12-26,22.0,-1.0999999999999996,-25.600000000000023,4.5,211.89999999999998,8.100000000000001,6.900000000000002,13.400000000000006,57.5
2026-01-02,25.60000000000001,-0.5,-28.19999999999999,4.599999999999994,188.69999999999993,9.8,6.299999999999997,14.800000000000004,75.80000000000001
2026-01-09,25.60000000000001,-0.5,-28.19999999999999,4.599999999999994,188.69999999999993,9.8,6.299999999999997,14.800000000000004,75.80000000000001
2026-01-16,25.60000000000001,-0.5,-28.19999999999999,4.599999999999994,188.69999999999993,9.8,6.299999999999997,14.800000000000004,75.80000000000001
2026-01-23,25.60000000000001,-0.5,-28.19999999999999,4.599999999999994,188.69999999999993,9.8,6.299999999999997,14.800000000000004,75.80000000000001
2026-01-30,25.60000000000001,-0.5,-28.19999999999999,4.599999999999994,188.69999999999993,9.8,6.299999999999997,14.800000000000004,75.80000000000001
2026-02-06,38.6,-3.5,-32.60000000000002,5.899999999999999,117.79999999999995,5.700000000000003,12.2,24.799999999999997,77.10000000000001
2026-02-13,38.6,-3.5,-32.60000000000002,5.899999999999999,117.79999999999995,5.700000000000003,12.2,24.799999999999997,77.10000000000001
2026-02-20,38.6,-3.5,-32.60000000000002,5.899999999999999,117.79999999999995,5.700000000000003,12.2,24.799999999999997,77.10000000000001
2026-02-27,38.6,-3.5,-32.60000000000002,5.899999999999999,117.79999999999995,5.700000000000003,12.2,24.799999999999997,77.10000000000001
2026-03-06,50.2,-11.399999999999999,-50.39999999999998,4.299999999999997,186.5999999999999,1.6000000000000014,13.099999999999998,22.799999999999997,84.5
2026-03-13,50.2,-11.399999999999999,-50.39999999999998,4.299999999999997,186.5999999999999,1.6000000000000014,13.099999999999998,22.799999999999997,84.5
2026-03-20,50.2,-11.399999999999999,-50.39999999999998,4.299999999999997,186.5999999999999,1.6000000000000014,13.099999999999998,22.799999999999997,84.5
2026-03-27,50.2,-11.399999999999999,-50.39999999999998,4.299999999999997,186.5999999999999,1.6000000000000014,13.099999999999998,22.799999999999997,84.5
2026-04-03,71.8,-18.1,-42.89999999999998,4.899999999999999,91.60000000000014,0.9000000000000057,10.799999999999997,27.5,100.60000000000001
2026-04-10,71.8,-18.1,-42.89999999999998,4.899999999999999,91.60000000000014,0.9000000000000057,10.799999999999997,27.5,100.60000000000001
2026-04-17,71.8,-18.1,-42.89999999999998,4.899999999999999,91.60000000000014,0.9000000000000057,10.799999999999997,27.5,100.60000000000001
2026-04-24,71.8,-18.1,-42.89999999999998,4.899999999999999,91.60000000000014,0.9000000000000057,10.799999999999997,27.5,100.60000000000001
2026-05-01,87.19999999999999,-23.8,-36.30000000000001,1.7999999999999972,56.40000000000009,3.3000000000000043,17.4,22.800000000000004,106.6
2026-05-08,87.19999999999999,-23.8,-36.30000000000001,1.7999999999999972,56.40000000000009,3.3000000000000043,17.4,22.800000000000004,106.6
2026-05-15,87.19999999999999,-23.8,-36.30000000000001,1.7999999999999972,56.40000000000009,3.3000000000000043,17.4,22.800000000000004,106.6
2026-05-22,87.19999999999999,-23.8,-36.30000000000001,1.7999999999999972,56.40000000000009,3.3000000000000043,17.4,22.800000000000004,106.6
2026-05-29,87.19999999999999,-23.8,-36.30000000000001,1.7999999999999972,56.40000000000009,3.3000000000000043,17.4,22.800000000000004,106.6
2026-06-05,105.1,-31.4,-41.5,-1.1999999999999957,37.80000000000018,-3.900000000000002,29.400000000000002,19.9,105.3
2026-06-12,105.1,-31.4,-41.5,-1.1999999999999957,37.80000000000018,-3.900000000000002,29.400000000000002,19.9,105.3
2026-06-19,105.1,-31.4,-41.5,-1.1999999999999957,37.80000000000018,-3.900000000000002,29.400000000000002,19.9,105.3
2026-06-26,105.1,-31.4,-41.5,-1.1999999999999957,37.80000000000018,-3.900000000000002,29.400000000000002,19.9,105.3
