date,CNH,INR,KRW,TWD,SGD,THB,MYR,IDR,PHP
2010-01-01,,,,,,,,,
2010-01-08,,,,,,,,,
2010-01-15,,,,,,,,,
2010-01-22,,,,,,,,,
2010-01-29,,,,,,,,,
2010-02-05,,,,,,,,,
2010-02-12,,,,,,,,,
2010-02-19,,,,,,,,,
2010-02-26,,,,,,,,,
2010-03-05,,,,,,,,,
2010-03-12,,,,,,,,,
2010-03-19,,,,,,,,,
2010-03-26,,,,,,,,,
2010-04-02,-0.08783749876137747,,,,0.0029842024937627443,0.058586859186332774,0.03273963931100177,0.10434111807997049,0.04107511708716949
2010-04-09,-0.02113478633379451,0.015444285594355733,0.008844929264615331,-0.038753754703584775,0.006907889680626056,0.08080440316953474,0.03268553216032899,0.0792521475170771,0.02712789251348191
2010-04-16,-0.030189223096407147,0.008685183092129733,0.016515183411759615,-0.03127410799032937,0.021615054188593774,0.05618006475935822,0.026895595104940107,0.07210601058063304,0.04319380556987085
2010-04-23,-0.0029363965923359103,0.02064337788628734,0.013233242463353001,-0.03220672165058147,0.06437204512729888,0.0304244778520939,0.02454912475728399,0.09784824826018745,0.07701996115185672
2010-04-30,-0.004429048740547614,0.0440130850211542,0.029333689356282555,0.022977677613940983,0.08485967172907838,0.08002172491859927,0.05981890511030841,0.11354735496242974,0.09405990222556504
2010-05-07,-0.02756240748234262,0.0829148927786143,0.08065553115564761,0.0465974117995156,0.10296866672276472,0.09919323135935443,0.07595737082584009,0.16513094307464282,0.1416189339140752
2010-05-14,-0.13637563372556283,0.10387746788115315,0.10554172339512657,0.10410572027139686,0.022298374962469225,0.09624354088948639,0.06149763668381514,0.07786131495167936,0.06319211652305601
2010-05-21,-0.12542686874469666,0.038847331030201104,0.03322572965268478,0.01669177280549583,0.03495148498374068,0.0931091412837084,0.06288628668957497,0.11244881320075262,0.11166853194538096
2010-05-28,-0.1699420375069467,0.05003861175314128,0.06187051004904642,0.04342612799014667,-0.018217471343676905,0.05942928536236014,0.011695765256780177,0.02868888044212703,0.04358961082660606
2010-06-04,-0.13422932113798058,0.0017963256280300044,0.003505744240848152,-0.027041659836932297,-0.018297107729420503,0.01823159638674543,-0.023839755062388335,0.05108187297060329,0.057906866696985304
2010-06-11,-0.1638918802215894,-0.004362282587880628,-0.007239044920969384,-0.049595835701833124,-0.026320686357525602,0.05070130639552861,-0.012903206742380213,0.05711818151545778,0.08843761675969297
2010-06-18,-0.17724198967762028,-0.00029204186140852073,0.0008356203163222276,-0.05351334849238221,-0.04181638960291156,-0.006527928682380946,-0.0014896173358103226,0.021254668345940253,0.05288635263105057
2010-06-25,-0.1944856216453026,-0.02763572664236058,-0.006407970877567948,-0.07879368480947058,-0.025396508917783223,0.01654066780477681,0.0019370797182940436,0.04058146069612789,0.04752158663661099
2010-07-02,-0.21933187478133043,-0.003679612671685817,0.00834689727612048,-0.04994541565654487,-0.03154199763910803,-0.009380437727953606,-0.007128963218604234,0.040520210045513316,0.05855291902808446
2010-07-09,-0.28778762662361146,-0.004062678713262713,0.0036776138723464413,-0.07115222761452422,-0.04394671556878649,0.01621660554012383,-0.02009592807463001,0.009286412644586406,0.010649090264529093
2010-07-16,-0.23738341396891904,-0.02352250431622771,-0.031006903531825003,-0.09880316088143992,-0.030392119668565698,0.1085882936009277,-0.006367914092134441,0.022405144845834002,0.03874901069688974
2010-07-23,-0.19832479024691363,0.01692919880557575,-0.006640660701324741,-0.05894533146744152,-0.010349541861163658,0.09229614138070374,-9.725334128951602e-05,0.0228899392299029,0.059304393570107194
2010-07-30,-0.09367558732778214,0.016788579026991712,0.0008171533595451308,-0.04344419334447558,-0.0003833169742026854,0.09576134316465712,-0.0005200478561224742,0.02353835562803308,0.03758462947630825
2010-08-06,0.011238121374087306,0.031903219342623856,0.009429665085279204,-0.030833112283758624,0.05737343609912493,0.10756613561673944,0.020811424471703255,0.11372854629689666,0.0867920169973857
2010-08-13,0.010281618510700419,0.0673394692209417,0.06567406735963566,0.025253613564844457,0.04781886918642808,0.12948603287037663,0.015668437960468573,0.06835190801666347,0.05430519043685322
2010-08-20,0.030854067378221828,0.06567596666818964,0.05070838494555918,0.024299228722451716,0.08470325849834648,0.1188594011268691,0.0562683373552213,0.15172503720839536,0.08733633718486544
2010-08-27,0.01671045715254227,0.10042862898649574,0.08734878209764485,0.08649151027294266,0.06936315977350471,0.19264854708342227,0.09455348777339001,0.13870677584594926,0.09969058570179357
2010-09-03,0.040762671745823376,0.08764523671081648,0.08996387411575224,0.08308071326628053,0.0460391995083107,0.154495042010808,0.0862945663988306,0.09503866352659962,0.05832426741633512
2010-09-10,0.05683435589861485,0.051831558610404116,0.038564576553456575,0.05022724823477809,0.07117171952706158,0.18927112505818844,0.10337580277993919,0.12162719189820237,0.13427297779099057
2010-09-17,0.0840401042566068,0.06796812804727992,0.060608470442953255,0.0701848468663222,0.06453410946693694,0.1549567846266564,0.08722005377092223,0.09789488189864048,0.15701615100210553
2010-09-24,0.044697542821491076,0.0692677295156443,0.05158590030816246,0.0516261448161881,0.07585606311968451,0.1515788376331031,0.10069284834627545,0.1384558817592323,0.17142408466779102
2010-10-01,0.12009762695140402,0.11054816385061095,0.05483791124623494,0.08751416863065309,0.08375971190300202,0.17064090864284864,0.10431288270337458,0.1682236058004607,0.21463459650848726
2010-10-08,0.10343694111194246,0.13903691739730917,0.09943325699154215,0.10797864879804564,0.0707065349152316,0.176066761278598,0.10186429160008093,0.18640072287509035,0.19173294598815005
2010-10-15,0.15155186907089213,0.1378239348178596,0.08545813933431923,0.07516139076411754,0.06404350730321973,0.15179324798932559,0.10282785320083665,0.1699967571287999,0.20760051347687458
2010-10-22,0.17513043490073343,0.12358549964504206,0.08731667901454365,0.07290029822899413,0.07475467432549543,0.1712136446847099,0.10178269430994202,0.16758701453192337,0.21047027536860163
2010-10-29,0.1635679285768461,0.10669654080180102,0.0788474952103213,0.055640748612184154,0.060353276562592484,0.1478932552193939,0.09104461630391736,0.15886425390380232,0.22388621015437948
2010-11-05,0.15396627759319959,0.12232677065178166,0.07550403876766243,0.051167910108087966,0.048092582154982466,0.11778938433468422,0.1014158129056355,0.17208955239942902,0.19391508912596933
2010-11-12,0.20942376747697455,0.10106394280045095,0.05407695781271471,0.03985539538263971,0.09726962702274289,0.187967722570213,0.10566631751530942,0.18005154783849697,0.22595497060624403
2010-11-19,0.12730893208997784,0.14652301821907088,0.10468684184169597,0.06829196351458044,0.10205860655753884,0.13082334847542576,0.07242968133047878,0.16195717544878185,0.12612844610958795
2010-11-26,0.10619799637609528,0.09332504748421933,0.07463081517679004,0.047873622543331606,0.08434767882221905,0.11368125595318013,0.06515622125385168,0.18215201630464328,0.16655442145517085
2010-12-03,0.08988460686813493,0.08529816191836481,0.11531565513959752,0.07280135647493147,0.05049898988195878,0.06435367235175349,0.03851937408150885,0.14074566560552348,0.0819329472077488
2010-12-10,0.07411722782933872,0.048543321837847486,0.06617620592727924,0.05972897026592783,0.048489494467959915,0.11191931589978044,0.0430179707817917,0.13456447557470597,0.06783603845465791
2010-12-17,0.09989788253972787,0.06066581793263737,0.08232656400844096,0.08894009726174978,0.03483381796672447,0.11473102933285961,0.0271076529336165,0.10189466406936276,0.038550201129162076
2010-12-24,0.12119746293510936,-0.004700961622130961,0.08332622666287559,0.06644556343858632,0.01931952321438324,0.07150678009009681,0.03300119540195379,0.052722903279804,-0.005294867462431796
2010-12-31,0.07460665576099146,-0.01162371396083195,0.09286535953275621,0.07672863185090328,0.004111756155520396,0.04340444469328286,0.030399600710715013,0.017997185132129445,0.013058848085639951
2011-01-07,0.02722894381264318,-0.021687398748888143,0.07830782860913743,0.07216341355846367,0.011571247344743796,0.06973941667463279,0.02499863540652214,0.04319235164272506,-0.008494834281616903
2011-01-14,-0.049610591502039725,0.0050743901759098264,0.07801688844916388,0.08465563421246003,0.017656924769458016,0.038655481446290274,0.05380011705988874,0.009524060700622172,-0.0032854795098433698
2011-01-21,-0.08870632962086233,-0.026415290074700337,0.09228580567599831,0.06800586771413819,0.0225540089714098,0.03954083878788506,0.05179999527435353,-0.007981469179348721,-0.03678563116734246
2011-01-28,-0.12478609149976272,-0.07024712109148723,0.10538317906693706,0.09393403198072647,0.01326984552947863,0.022210523107431435,0.02736415002768222,-0.0729577471853382,-0.07733986633082779
2011-02-04,-0.14790366491607898,-0.05485317536059142,0.09467026323726468,0.07744391585994137,-0.0032828468431898017,-0.057990413580255584,0.0066916782041106515,-0.04696284918392024,-0.09111949311709289
2011-02-11,-0.06739755121627589,-0.13556912708426339,0.08352621209080535,0.07915722158066352,-0.012650405741137405,-0.034021368214365744,0.02111813752431768,-0.04739134331141592,-0.051421373780422996
2011-02-18,-0.01837884936466061,-0.11801879014131522,0.07979338586776574,0.09505817090669488,-0.038285756584659936,-0.0604777953585387,-0.007685244303331729,-0.09372900795357353,-0.1144121533864233
2011-02-25,0.005316297115660618,-0.10371509489864472,0.018493948740111676,0.035915465653209466,-0.022790417945241614,0.0038847116201701226,0.01695276860047823,-0.03947966774982348,-0.05120526691565175
2011-03-04,0.012417203558577228,-0.05228246418130311,0.056894886054502436,0.062002871637810486,-0.047537025251985554,-0.04768300791808322,-0.0078321610970562,-0.07082438959471915,-0.11117493228454478
2011-03-11,0.03379644323123898,-0.12218234099618819,0.0031474077743585127,-0.002828668963829273,-0.039741219533322436,-0.039320732635924394,0.010119265593921511,-0.056199606520451084,-0.06313532706676206
2011-03-18,0.006710936906404896,-0.05592843934573466,0.009291390430818502,0.0074923664642181365,-0.03535266888488664,-0.015176293484223002,-0.002844268317076626,-0.011043948026856043,-0.03332438938381088
2011-03-25,0.01653365561418063,-0.08840071585503928,-0.03554509975835174,-0.028770421910026656,-0.06845908324737415,-0.018467107206613598,-0.0051003768371300495,-0.033064536307142234,-0.08152482821758866
2011-04-01,0.05177140119600132,-0.11217425178215024,-0.024171340317129975,-0.05406439995410395,-0.03808231609473722,0.004800805167469946,-0.0022145629688319346,-0.02637382924009124,-0.0806012438115058
2011-04-08,0.03295972600303365,-0.081521100471317,0.0014811064231929905,-0.0411947304585798,-0.044157588586191565,0.026562871733166737,-0.010762384103884415,0.020721444947875867,-0.017518324736855106
2011-04-15,0.08118997669518535,-0.013392467432796096,0.016548161068888234,-0.008873647604426438,-0.01823384529278016,0.04769811181040229,-0.007930002098261113,0.04724392769612784,0.02603021667147587
2011-04-22,0.11854174719366029,0.03261267316058891,0.009348201046902815,-0.008727853221341064,-0.00987716892490731,0.0749485226254194,-0.01660965345569565,0.09880499639820606,0.07332595545857679
2011-04-29,0.08311971489029624,0.022229792092662848,0.033529487415409065,-0.026739179705224103,-0.010883580180125918,0.1184448456799787,0.0005649272313776876,0.08606881209287565,0.07387856642241353
2011-05-06,0.03682712813670186,0.06540101565877698,0.04178800105015057,-0.0194234244892737,-0.009782615278709272,0.10477544232413649,0.002041236275821312,0.0884826200321509,0.10928041200573446
2011-05-13,0.0001409723248020356,0.06350128784963971,0.05644978612065543,-0.01514691371354182,0.0072044204960768354,0.10134538892637668,0.013940332461267246,0.11326973829707221,0.11808557699106714
2011-05-20,-0.02643384083857825,0.0444673196429779,0.08260444693756064,0.0417833133330241,0.024562076934117272,0.08598296147945739,0.015159038608667963,0.09020174892321187,0.10838327915157642
2011-05-27,-0.024061092199724854,0.015595070552171464,0.05175813164328957,0.01823758073815185,0.04630693132588348,0.08459275053418835,0.03416495701135247,0.11752015713246777,0.13686403669009017
2011-06-03,-0.09868797007687036,0.03388678158549041,0.07270565161531817,0.0272293425904806,0.0239521006197716,0.06894935924577972,0.016983444709139484,0.07853905066973255,0.09613611249809573
2011-06-10,-0.08379661146696193,-0.011375674767350574,0.04656717689011636,0.0029100188770865287,0.033022020773687544,0.04921280465759015,0.04204882620129702,0.08176278630699052,0.09086064867139854
2011-06-17,-0.08220087075005811,0.013008521182909405,0.07766477632901125,0.05434029896257542,0.04742056308897524,0.0168807068269059,0.03418544171574034,0.08067800012386428,0.09429448091717774
2011-06-24,-0.13024471282865324,0.020646251120647108,0.03254669316830494,0.051433729447019516,-0.021580398125381706,-0.01825313600146128,0.03110371618392538,0.03143483334778807,0.06910277795562614
2011-07-01,-0.07789721176068909,-0.05225018213103105,-0.010822505209472588,0.0029814784393966676,-0.01733265529314032,-0.03968344997349238,0.0059486592258943816,0.03734424406760972,0.03845632032848556
2011-07-08,-0.09490320821143783,-0.06283213119509234,-0.014340839625193169,-0.019991430351890216,-0.015269837282106735,-0.03880590666120831,0.01620832635107483,0.04833101189473865,0.025749039132898943
2011-07-15,-0.07726642218115032,-0.03746122122796791,-0.0010484965850023897,-0.017548010844551598,-0.0006408040088707878,0.0032668189559661442,0.04672487669591163,0.07067119599658689,0.03235695497266633
2011-07-22,-0.053225977421766046,-0.028543016637927465,0.018445967770003513,0.0035986521292166174,-0.035197303531464996,-0.023230039645994793,0.03516491353432549,0.05679260303063316,0.04213591513560111
2011-07-29,-0.03985059401433588,-0.05296987277091603,-0.02423317187174856,-0.04498163153102297,0.0009712690597130091,0.024818396565926548,0.019426354696618908,0.07249907577910264,0.036114938080933356
2011-08-05,-0.049019574732678706,-0.02030209978116737,-0.009684761930623509,-0.027295613128105245,0.0285416541721073,0.07573729681999986,0.021741476615181554,0.08385062481707273,0.06526901364830096
2011-08-12,-0.07660190880568685,-0.012589157016231312,-0.006653204191835016,-0.03780510935729886,-0.054865133880575456,0.007730695790486131,-0.010642250795570796,0.02311835838326637,0.033323968826302064
2011-08-19,-0.08216432926579742,-0.062031783910311944,-0.08683472687559135,-0.13704657376949214,-0.10574492357266418,-0.01018271007958571,-0.03793227597726112,0.0045271018348085335,0.008497894145857998
2011-08-26,-0.053955490599565614,-0.07834068680578277,-0.16333552112334004,-0.14594337261515022,-0.13716463325081207,0.002059732963010319,-0.04268174472524677,0.0027022374121852266,0.015181830435878396
2011-09-02,-0.028920567729260327,-0.12231177349325684,-0.1853658385320882,-0.1821454088582879,-0.13508802963098,-0.01970394235797368,-0.07661183776238278,-0.0005956477298525442,0.0018458296244769912
2011-09-09,-0.054847610151427695,-0.15010756591998842,-0.17230784384842668,-0.1947975256047716,-0.07950225028513369,0.04297849234650197,-0.05419967602298037,0.014177800298655896,0.040256280616628004
2011-09-16,-0.05000279610091596,-0.08475685333302074,-0.09147958428033665,-0.13043684347447027,-0.06182697948098248,0.041719762090159485,-0.062218543488434364,0.07157722822538837,0.04541453729456357
2011-09-23,-0.10196520657944408,-0.05889951090735224,-0.11404175931524652,-0.12641302150635525,-0.09495352560808179,0.010115440192024927,-0.08934396545675405,-0.0034819021090708446,-0.00029598175849798736
2011-09-30,-0.1331759231563785,-0.07335958352592087,-0.1277316327332363,-0.11875094380471829,-0.15110023381154836,-0.08338327880490226,-0.14744104114557022,-0.13640634350769787,-0.11318043001553235
2011-10-07,-0.1860465079335114,-0.14498016472398767,-0.22499874332183634,-0.21539829166892765,-0.16379952786305996,-0.17227353614075192,-0.13947384913503402,-0.12054179539971344,-0.09345488853694306
2011-10-14,-0.19236579117030317,-0.13551571699196785,-0.20870362745327764,-0.1914024427044705,-0.15541272661911965,-0.1721008879189858,-0.11917487399959459,-0.16077694318782498,-0.10625952927164128
2011-10-21,-0.1450375853184367,-0.1325924386320807,-0.19804966943436764,-0.17309973835611459,-0.14832977842805128,-0.15945295633279422,-0.08159497055578946,-0.11390847428532425,-0.07532963205107812
2011-10-28,-0.16982426965761377,-0.09325689293854289,-0.1680313858441549,-0.17500399740556816,-0.16195137637216384,-0.21270446144988764,-0.07365661080001917,-0.13181365838345194,-0.07778338275010377
2011-11-04,-0.06723373996819237,-0.08209165563243914,-0.1487431384983715,-0.1752629176931606,-0.030189564978301497,-0.116460034788199,-0.028349507690513143,-0.023656339370091928,-0.023676126761859706
2011-11-11,-0.03959290843139396,0.028274813357718642,-0.0073685603832238655,-0.0306530028295402,-0.0008247307370821133,-0.10384784505677214,-0.004160509584500538,-0.027861029309212526,-0.011639228616397546
2011-11-18,-0.04095319185042978,0.04079873362227637,0.07263275491349486,-0.004434317726834891,0.020748060354226716,-0.09637041243425148,-0.010315968655090657,-0.016758743088891137,-0.006226863036539854
2011-11-25,-0.10712301295649418,0.06456883136924318,0.06574382296419845,0.003307900570733935,-0.00651273083165016,-0.052510850702692125,0.006615619411245888,-0.022967925720488225,-0.000727231360153624
2011-12-02,-0.08709924704705596,0.03273682573578007,0.03329108028266603,-0.02879437675535712,-0.0726250422673198,-0.09651445710646112,-0.02928307690496279,-0.05471109090520443,-0.030349547563762513
2011-12-09,-0.07304490691599597,-0.06770755840004483,-0.050145653437962956,-0.13395984993243282,-0.0184841806985947,-0.031555296767888485,0.013454603366390927,-0.05623916853035382,-0.012770826306576666
2011-12-16,-0.08808830562168879,-0.001839835922959665,0.055316235168755945,-0.0637300606022162,-0.03444768026098011,0.0006385016711547564,0.020200890315735798,-0.019901667943575063,0.0005429545950708103
2011-12-23,-0.11053593912073456,-0.04373143665925561,0.01865539922916959,-0.09462020752755684,-0.014774383061459062,0.07623330182492083,0.0708448240995585,0.09514391413225454,0.10239314295884938
2011-12-30,-0.09000689442166543,-0.04542057157684276,0.08062259852533682,-0.03776374506773905,0.0004895704770939702,0.12419834700864829,0.07565827749561915,0.06757615844890097,0.08906860630108149
2012-01-06,-0.09571160074683949,-0.04748620510486212,0.053668906798564286,-0.015994916933873782,0.0022887850117170316,0.12022794257817182,0.08923679553061259,0.1094705928665487,0.08660473550584769
2012-01-13,-0.14717124674737114,-0.05546844279128038,0.036802265609666485,-0.019586121525433597,-0.010469420286260522,0.08081420805471495,0.04851182522707642,0.05436231371281686,0.07644548939069828
2012-01-20,-0.046334332488408236,-0.07806212837596149,0.004208197503495548,-0.03281967707106581,0.028755876286684412,0.1312028548426305,0.05689775144319409,0.08333629025773348,0.10195795917399586
2012-01-27,-0.07866155078983716,-0.03710609788682362,0.02008651131344319,-0.010109499686155488,-0.019579781376692473,0.08419017651205074,0.027187743384843976,0.04006305637865637,0.09127611944421687
2012-02-03,-0.0986630581055703,-0.05998358644080071,0.010522424165944066,-0.05150989619086488,0.023600713746755986,0.11714795319332616,0.02894402643146421,0.052207738821968164,0.09125804894112832
2012-02-10,-0.07267443472510493,-0.015159172539076948,0.018709898401746194,-0.04982387758693818,0.044502858277777335,0.1238148856327701,0.04657169708468345,0.06084469053233654,0.09832275960442338
2012-02-17,-0.028359215108982205,0.029922096629816153,0.05679104676633884,0.049511949827723,0.08076312476928482,0.12294500001224318,0.07115591362865015,0.04119408669168756,0.10599669780581777
2012-02-24,-0.012876470728885536,0.09256754913241316,0.08068284175978846,0.08331364769263949,0.1265424893972753,0.15552634204464244,0.0840994539823896,0.08920064203824474,0.13564837100404148
2012-03-02,0.03485626613251824,0.16667266696900995,0.13022501499118277,0.15150503396174386,0.07121921606449089,0.10745281025835585,0.04577886327858938,0.029900598691266822,0.13130445014419756
2012-03-09,0.06811689974975987,0.07239226637552143,0.052782498327344385,0.10853807193395326,0.10519016046684193,0.1194150580079727,0.08128892200517868,0.06319565854283837,0.15582329636510295
2012-03-16,0.10859360118083483,0.09643593918062798,0.08183866698244913,0.16309526520504924,0.1082200449675792,0.11381451586321578,0.07410407485532922,0.05753982212197073,0.14580925065517114
2012-03-23,0.10621130404419432,0.13680581130974723,0.0925117406697753,0.16671323409369698,0.11766720474696157,0.13689482678362364,0.049071799854057296,0.05915223405593295,0.1629228742125779
2012-03-30,0.0846447190704902,0.1205416840684137,0.08576990303107923,0.12468065697436792,0.1221188108200515,0.15267269731073085,0.03536318377375025,0.055858755954409034,0.14267867077413854
2012-04-06,0.06927223523782988,0.13226012234628115,0.10448761186592748,0.13281759255140813,0.10308364999354591,0.144008183477232,0.05286622798493479,0.06312621600546997,0.13038231319425542
2012-04-13,0.051087996682706915,0.10937507182513961,0.08867201616606035,0.10805192224774807,0.06740826123112598,0.12371967784684035,0.04856909495964157,0.05705238848380745,0.08813345872038703
2012-04-20,0.030038407245071674,0.08974602325417536,0.07858658600166457,0.07051914083644029,0.04744259773734427,0.09952959534703254,0.051492925071449314,0.04242384543917055,0.07100857275163897
2012-04-27,0.04785620778821098,0.0309793154408613,0.02981932569402357,0.07386947621168893,0.026468620379819896,0.10429145916095983,0.0455945969813909,0.047747389210989866,0.09697569216442758
2012-05-04,0.04679893355848286,0.016416849973520442,0.004985439874982234,0.037106620323552164,0.02157204642272692,0.09773517453774883,0.018689966777468925,0.03619790471643647,0.0827417162779156
2012-05-11,0.06946691598182575,-0.022184424506958678,0.0015249427302048701,-0.03426224681610712,0.010281424015439633,0.09792805175274921,0.018638532390371942,0.07489911845963881,0.10206777236378883
2012-05-18,0.038593814447858144,-0.05632694925084003,-0.002289812844253447,-0.02073167094374817,-0.039838782602757306,0.052646002740734055,0.01729806586569449,0.03401722338140445,0.05528534830859755
2012-05-25,-0.028358851780351024,-0.12125535122569886,-0.05398458336960399,-0.06448346224734358,-0.0691516632879674,0.007215603031881734,-0.017022761378036044,0.02182521350894362,-0.002779251964460272
2012-06-01,-0.040679277096313804,-0.10432142914220854,-0.1250486218229998,-0.10706730542200482,-0.07660032330373845,-0.028130907436714203,-0.02083714421677829,-0.025891197802353716,-0.018171400608776977
2012-06-08,-0.011817478436258355,-0.08546220050592801,-0.1091888951182991,-0.1375541856134035,-0.07621319806572835,-0.03828252336276705,-0.003432102056094344,-0.04923863757882785,0.016276129355063063
2012-06-15,-0.03854124653737223,-0.09677181313459826,-0.09547815704900664,-0.12048862897486678,-0.09497841611864466,-0.05393552858477335,-0.0004964958950122167,-0.05175906751692061,-0.02994712922567011
2012-06-22,0.005901219822609605,-0.04806316773456487,-0.10282740220819608,-0.14042542000635194,-0.061759850973111874,-0.024329956078297243,-0.004170543096424062,-0.05687523475078571,-0.02242332297881866
2012-06-29,0.02306885546898929,-0.026716893022424415,-0.0868862453826349,-0.1210448209641033,-0.06249131886569792,-0.037337080080657614,0.004213296224683916,-0.05794302082653502,0.0024130323212609994
2012-07-06,-0.02337583151443834,-0.028637415139208144,-0.08636882292349224,-0.0938924281986182,-0.0367497212856307,-0.008749185145016547,0.00017510834873846193,-0.05191963131781563,0.040352259768825505
2012-07-13,-0.0426895294206977,-0.008300524935073383,-0.09020698547067063,-0.05466835634906175,-0.0031074195731424226,0.025854668423732186,0.010813867334201532,-0.025341992706771066,0.050752862346676864
2012-07-20,-0.06943646851393925,0.02080953810820141,-0.07798400919707582,-0.05539238387868117,0.00036059859757386903,0.013048598997941419,0.021459824280928075,-0.03943790968309635,0.01119674448634278
2012-07-27,-0.09069583846326879,-0.012093586322379224,-0.0854689104445221,-0.05515988801759342,0.01132224110579827,-0.0026690591097162653,0.04685047628264627,-0.020080279977086946,0.008061747294183519
2012-08-03,-0.14507949308087476,-0.0007489845848080989,-0.08030050112755927,-0.043136235938568745,0.0026381362686240806,-0.04107968408520346,0.0210830015630048,-0.03191951686171812,-0.014833258248154735
2012-08-10,-0.11360601696558259,0.0025523490546213168,-0.08385056672996694,-0.07780555322729477,0.05660740774846218,0.0054594155376594955,0.03151197569084019,-0.0034884578787277576,0.024468740536429223
2012-08-17,-0.07008877387446866,0.056557468206314354,-0.03635740515258412,-0.025155100134570674,0.09439055825702614,0.05471895401365412,0.07108491791340299,0.03966705962783301,0.07574134581301628
2012-08-24,-0.10635851326510792,0.08405970544725072,0.08798707982535792,0.03974259872593677,0.09926461332004699,0.07733172531745414,0.061670756444743624,0.0640177588289923,0.05544617462791912
2012-08-31,-0.14584497167439192,0.08674882999432754,0.06492834849831741,0.054525508287177615,0.10526253984174883,0.10381788504608824,0.046336284505816394,0.08705955862048498,0.015856037631836628
2012-09-07,-0.13530713073736678,0.10668770791260584,0.0454488069347283,0.050950360678172046,0.09987559528886614,0.08531532500888339,0.04694448283294683,0.059620282148060255,0.03967445614996379
2012-09-14,-0.1027959269465768,0.03683049413015915,0.03715180417969055,0.05522247616407405,0.06896441145905907,0.06667117374468479,0.028293467877375633,0.08182876669236805,0.053445670590818395
2012-09-21,-0.08151196101220393,0.04185317087022433,0.037715611869334253,0.036913154327320896,0.08221278792039222,0.10153504338957653,0.024572865659466814,0.09027768902780053,0.038769370487619526
2012-09-28,-0.11278561108588736,0.08053811063568794,0.08315618445632644,0.06901087175418752,0.06710280164685756,0.09293323926843655,0.015235257528474655,0.07052605241443821,0.008663550881562898
2012-10-05,-0.075365298094213,0.07519459399963502,0.07698061812924628,0.06092029688555556,0.027089415984004717,0.07904484056357042,0.009891982012315559,0.049870884972833096,-0.0030965270083207486
2012-10-12,-0.06643615954411075,0.07014512400470352,0.07164210555081052,0.04596085266912198,0.036806411702466235,0.08019714061419858,0.020599460829065386,0.07004217400250035,0.04230260664001939
2012-10-19,-0.039950113629132034,0.09478395212695645,0.09580700272976195,0.07930929357870653,0.00865740522709757,0.07061719110577336,0.006285741915782239,0.05486928202107855,0.030025099122171994
2012-10-26,-0.007108741097677118,0.0866166541011868,0.05876260041573822,0.037309521485958896,0.016678600931003373,0.10445094175721259,0.02516471369059925,0.05872829862916262,0.039962470710660725
2012-11-02,-0.04600465679782495,0.10848806484507101,0.06080855304468091,0.039124939228905475,0.002023298075666702,0.06801203940545797,0.022287454142841945,0.05673780486154101,0.0223092629427466
2012-11-09,-0.039516287615565915,0.08251001345760045,0.02286128583546798,-0.01162952074503032,-0.004413497020536283,0.06909401149898375,0.006524350038306537,0.04654552170372561,0.030159866611006336
2012-11-16,-0.031866388584603556,0.06851409613999948,-0.014323215435188885,-0.031487238737549106,-0.017310332149220287,0.053234770351323846,-0.005293445403951047,0.04077065331786223,0.049090001209014744
2012-11-23,-0.044220889209438674,0.05791232189525708,-0.02188118823969898,-0.023671363789675937,-0.03497951732622351,0.034118956245832166,-0.0115577182820088,0.048471929450185414,0.05594208102484188
2012-11-30,-0.005544010288769385,0.03418894671389161,-0.03120359805933237,-0.0475814715002052,-0.012030590308237166,0.04322403447886192,-0.019501113322027308,0.06863728717684303,0.06629379579304917
2012-12-07,-0.0797039911900157,0.06765953711033035,0.003254336087562315,-0.009651594612289927,0.019156571438070813,0.06066899457213726,-0.00848128024670114,0.031466926794962546,0.08105141003343341
2012-12-14,-0.03015374325616893,0.09280984302871609,0.001719103176010428,0.02069506344024319,0.011878673651464666,0.04506961357940753,-0.01544474872727264,0.007908046482130615,0.08491993589821512
2012-12-21,0.06887584494331822,0.057438261568758975,-0.025287410832731005,-0.01245634692228137,0.028881440592959606,0.05464236720997828,0.01726707287703988,0.015021529938737288,0.07550518188698518
2012-12-28,0.03382450632136891,0.03257639570562887,-0.003667378735482174,-0.0072243502741198284,0.03317195485668023,0.0558417928964543,0.013467011397072959,-0.0029008187478396508,0.08560968552747283
2013-01-04,0.0783697464498676,0.02500346685845045,-0.007941439351843549,-0.02294647493381241,0.026647416894171272,0.05963413236324655,0.012628999891498793,0.0012454798497500974,0.06630069135246863
2013-01-11,0.09113062095551161,0.027697325324220756,0.0009418319325940061,0.0011500863832374364,0.05856815728990128,0.08826350335983868,0.02344441107229578,0.022618634729829168,0.10621401335134983
2013-01-18,0.06263234019903763,0.05819195156790791,0.039891733588896194,0.048418467472215454,0.05350638231788274,0.07677211517117666,0.009764040486560432,-0.005868145343324471,0.10797382442196124
2013-01-25,0.14375516344198225,0.045910490709491825,0.026815394782642166,0.05391276912288845,0.04905006802204248,0.11250138755752115,0.002717774413296681,0.028698439334419845,0.127342016512749
2013-02-01,0.10870721567651032,0.06825228813483086,0.04972049593111194,0.08059957708588428,0.0724747579528735,0.1119733796805793,-0.01153884650007253,0.022494223086049203,0.12838869603237768
2013-02-08,0.20228236990910542,0.06406178976118149,0.0144721973495745,0.06211879789432473,0.08944012064416995,0.14965955053500313,-0.008278745086522044,0.03357987655097894,0.14444186187752805
2013-02-15,0.24141365435597084,0.05352513918503554,0.027644036735986255,0.07432860284797016,0.10455900769323545,0.1567018508871323,-0.0033691179950094963,0.03166387061661524,0.17177671507763748
2013-02-22,0.23434713403039975,0.05742349612662956,0.04726817981075282,0.10338312548357287,0.0937464045243761,0.17152251343762792,0.008395453737438885,0.05827965054585427,0.16090641752904133
2013-03-01,0.1935559590374556,0.04530912197200543,0.03589329198071667,0.07627314817633746,0.06865773930370977,0.1511791599083372,0.00695970219404618,0.08405772845598491,0.16691510627953576
2013-03-08,0.1721547426596386,-0.0050383094008950025,0.04352638959887223,0.052265820616870684,0.05094403430837069,0.14262880446015025,0.012085388906133865,0.11456010742449152,0.13659635531606185
2013-03-15,0.101267442531217,-0.03228944583745097,0.034662626685282305,0.04131711809697869,0.037508500364756614,0.1427307592189173,0.0011978440242392807,0.12334244513187187,0.18016373192970114
2013-03-22,0.06837941748280674,0.011179536830578485,0.005483574306044403,0.04027167731781134,0.037988259807782754,0.15155934102630297,-0.018993478301014832,0.12566433465421234,0.13333133621310012
2013-03-29,0.054250350214466,0.004249044386718026,0.003065352848474312,0.05009571651110001,0.020703427853728584,0.060654626255826294,-0.03291493002426282,0.08998964549967603,0.114626163579306
2013-04-05,-0.011686579239753137,-0.04447214995027693,-0.024503476475580932,0.012483609160613085,0.02537284147528318,0.09706308931925012,-0.01245479373538494,0.11368568182920846,0.1368894619987877
2013-04-12,0.00012885612024060578,-0.05704744419736407,-0.0035102343086581556,0.0143242976812612,0.025561987714528556,0.05341100286918188,0.003529746942703582,0.13455214177351316,0.10580260406684694
2013-04-19,-0.0527373531979487,-0.06922634113200843,-0.03539705408441485,0.015633348244685763,0.025509383481598036,0.06274003636860215,0.01309067366812755,0.10042278721513753,0.11558254127449352
2013-04-26,-0.014823501282505092,-0.09251003422137138,-0.03252776495297738,0.011412898318191367,0.007538857284504985,0.05591987755828942,0.04137085341684532,0.1190168259892399,0.12044645205105908
2013-05-03,-0.11417940356753054,-0.049184503308666194,-0.02073027233935054,0.033100978975738826,0.017388966183455423,0.05433258722411782,0.05017165547853164,0.10514233481985968,0.10603859945009297
2013-05-10,-0.10602097117958476,-0.02147449701186055,-0.006780555659246623,0.02092149444385072,0.030001346513209626,0.053096582999455855,0.04277795696370834,0.09228749630519495,0.1107872868528812
2013-05-17,-0.08697693896650627,0.006836912050431465,0.007562698653870825,0.02847525089970837,0.04778784127096003,0.06424600767247046,0.08501400703209328,0.10222254521100815,0.10758172075413341
2013-05-24,-0.0017538285165832335,0.036662115972930565,-0.018559192684260317,0.046170191336958766,0.047852297780613284,0.05546086880677148,0.08679558136574439,0.10104941490055452,0.08823404906558352
2013-05-31,-0.027198428593109725,0.056005862159910436,-0.016017517971802953,0.046636165149440245,0.03712751968132899,0.04313265103333386,0.07957282083243555,0.06895278710523556,0.09015257654555597
2013-06-07,-0.0001918148762154459,0.04509768084587584,-0.026521952355905043,0.030315637465644585,0.006617303608717151,-0.0031000443492326113,0.06736635898035459,0.039053660200934814,0.027164459368790972
2013-06-14,-0.022178324383107295,0.006746787356092909,-0.0024756317765231017,0.0294625961799575,-0.031321862495762076,-0.052600609688918,0.08700164915648134,0.009499642306412426,0.007090183971110164
2013-06-21,-0.08009713357340331,0.0014293495490971253,-0.032045909646203796,0.020934827435567627,-0.0302639919538521,-0.00930637371817511,0.07988713685480953,0.007926103159640263,-0.043334207305028016
2013-06-28,-0.07387924042698746,0.027410691004149612,-0.030992983402043706,0.017989599135233902,-0.05711573875205822,-0.10853576197601367,0.04915387184418396,-0.09007733092358094,-0.10220989846146367
2013-07-05,-0.12094076109025931,-0.002625505904592984,-0.09519895794228184,-0.015950012013661308,-0.046313673960920454,-0.02558759044777581,0.04904815610544322,-0.021996455238797452,-0.03970376906399409
2013-07-12,-0.10043067506642522,0.050724096275034825,-0.03372389598428782,0.014978511240812509,-0.038513899963291465,-0.05794826708005285,0.04249803967286159,-0.07013405954567808,-0.05840259033150019
2013-07-19,-0.10758931549842021,0.05957124355014898,-0.048402811501811804,0.02277604307129444,-0.017761270320285405,-0.06120269123848221,0.045466932390779924,-0.0759021478615729,-0.05660830209625267
2013-07-26,-0.11086876427961734,0.03831847426227242,-0.019472486440075265,0.035875904714766094,-0.04133697738400066,-0.06599300125306407,0.04928284840288999,-0.05238714980017711,-0.05928841008048913
2013-08-02,-0.11413883002562297,0.026512709878984353,-0.03834357296043933,0.004970139097599358,-0.04051416926613882,-0.06694342883016446,0.06445849232715695,-0.055648552842573196,-0.06465245141485987
2013-08-09,-0.12278303867514495,-0.009771679248386178,-0.028326267284883855,0.0017648764777096204,-0.05664184269614658,-0.13263721842629117,0.00569920724373052,-0.09552130927815661,-0.10569593793649901
2013-08-16,-0.12564112861118826,-0.07289514397267816,-0.011049379115657842,-0.02202512211651353,-0.0657170388365742,-0.12808106294738053,0.005726411175317914,-0.10327543967880004,-0.12815429536366807
2013-08-23,-0.11973798760997045,-0.10588502479577144,-0.05488097233673983,-0.06314222094242616,-0.05938595094373156,-0.10602015860334113,0.008525028464419826,-0.12076652606005034,-0.10781981259967921
2013-08-30,-0.13077116213922135,-0.08283968992960133,-0.02740080403656009,-0.03530380675243272,-0.06956314768502558,-0.1547387478274258,-0.027592581063600186,-0.19519562140181002,-0.1307677704151029
2013-09-06,-0.07099583991065117,-0.0898165644303095,-0.06764805409201546,-0.047316290831295404,-0.05015164974047259,-0.15826357756965237,-0.02741117677928795,-0.1482187561433257,-0.09818855645355029
2013-09-13,-0.024711439548797287,-0.07211918553312913,0.0013038251708739068,-0.00909723847076549,-0.03642399625449144,-0.09217234247198824,-0.02202619747845347,-0.15618274791379783,-0.04382179882860271
2013-09-20,0.07139929340981599,-0.022283492885724954,0.0343741168427707,0.028130142460552676,-0.0013291166534870058,0.00041405207653255616,0.00847835172384137,-0.031457863280410336,-0.007946184083287733
2013-09-27,0.1001754189171562,0.03176965034160695,0.08991290163987298,0.04382912855779786,0.027268567769462848,0.023726212154817183,0.015825265864831906,-0.05001019177449528,-0.00633529741315364
2013-10-04,0.07278267386797399,0.028666666921632,0.0735734528958103,0.018065327796113806,0.012680599576004425,-0.016678596511563448,0.0021925198233105903,-0.03968558975571845,-0.018737703979958553
2013-10-11,0.057085651353520284,-0.0059310836967938485,0.09290676750150517,0.02819962001447429,-0.03074539250243724,-0.018040143164768097,-0.005103584421059182,-0.05404744832187802,-0.028345035814565378
2013-10-18,0.1194940318571236,-0.017069471114693258,0.06570830373885794,0.0173727194179083,-0.010496000452146603,-0.0163698282635254,-0.006691825423359887,-0.04425037246276631,-0.020017723029715384
2013-10-25,0.08695254758607707,0.01105129429087448,0.07882815918465624,0.035020701065487714,-0.013439306334385392,0.005409561957084641,-0.004446669558030969,-0.024400465568694685,-0.023302940187413412
2013-11-01,0.052570479205062526,0.05021944493815411,0.07148260415560692,0.03517898901882077,-0.015137988264218194,0.02360479855801767,0.01947796073803687,-0.012998973814264403,0.0008964521901031475
2013-11-08,0.042374412894947255,0.07904102343204755,0.056111964670415126,0.030007419740007535,-0.008928533558519192,-0.0022157537207823097,0.017322070120210142,-0.04589883331277633,0.02789333089727819
2013-11-15,0.001652179756543859,0.12668603708457304,0.08101608858492604,0.06552818036958818,-0.006362593976747988,-0.028576479986528014,0.00904056570523526,-0.020327996561009698,-0.026516308086224072
2013-11-22,0.02751561142675918,0.1087725371563888,0.033170944745381625,0.037713875944714204,0.035748752718568255,0.059848435438214054,0.03919680108800083,0.0389504016205926,0.02961453617836618
2013-11-29,0.03567964157453396,0.1014757925106533,0.0699392231157816,0.0378614518744147,0.04641751427906016,0.04883063383834063,0.03801599142568257,0.02886851307463445,0.0015904595536362365
2013-12-06,0.03384302032894748,0.09139321826986091,0.04062512720196132,0.011759468839374065,0.04113227819614984,0.02576803402612704,0.05029732346000326,0.04421097976480581,0.03845036431822635
2013-12-13,-0.014818563920651506,0.08366535151251497,0.04478546915025117,0.029285728261776,-0.001966486958933089,-0.028604922102782204,0.031216487876783106,-0.04552996670505394,-0.019476784125194158
2013-12-20,-0.010692062223662369,0.067619990456528,-0.006999246130875214,0.027286644042529673,-0.05443038980643422,-0.10308671348124498,0.021152955809921714,-0.0934608179825478,-0.10793646757548814
2013-12-27,-0.05001138413304407,0.02566537984910333,-0.021505229682324156,0.020229652398500164,-0.03670713123941205,-0.05419029457547797,0.034240615287319365,-0.05295487515043007,-0.0892417715098901
2014-01-03,-0.044807304978672136,0.07288822110491111,-0.014242509502635947,0.021378030972472928,0.003715111527645476,-0.09470730214816925,0.04646730768731544,-0.04101023309590879,-0.08158224817097981
2014-01-10,-0.07472235882673672,0.0665488397555869,0.002650491892378426,0.02017750540512786,-0.015287454801024225,-0.17428413877698645,0.027064287041404178,-0.05977210642748432,-0.08718845373324768
2014-01-17,-0.09560494099321293,0.018680437740801636,-0.0396723930009637,0.023340435767169154,-0.015475069621396997,-0.16773212823644457,0.014902928733771859,-0.06628537597917372,-0.12303148352926563
2014-01-24,-0.08365019929933659,-0.0028962546942814527,-0.05707472765849442,0.010389863029196533,-0.01823249620658629,-0.11609617563529984,-0.0025119966494875356,-0.037503919925455875,-0.08830262865852667
2014-01-31,-0.06017398205756219,0.018821259163534165,-0.0452014305191506,0.02944031228641819,-0.03989893884793361,-0.08347562336896619,-0.004339914588753047,0.001071936167090115,-0.061674656766891545
2014-02-07,-0.04678930753810828,-0.008041937477161198,-0.04968886249099658,0.024742100283718926,-0.048371336161117995,-0.09767734164930175,-0.0002494104227688254,-0.013032200602372868,-0.05066921598609753
2014-02-14,-0.06061185990478535,-0.008380907991472952,-0.02227283985698225,0.02791671428342113,-0.06056488168598406,-0.09146093947156242,0.010404544653430214,0.029817095394207627,-0.054273308586015645
2014-02-21,-0.043637197211213063,0.0011634288629700507,-0.04233678942176411,0.025384608001344233,-0.043197154356029444,-0.03534704205783168,0.013752710608275542,0.0430802880540373,0.004725179919297773
2014-02-28,-0.0743022746745261,0.008784659358626712,-0.03342504644156108,0.04774075774373543,-0.024353208233492296,-0.05003772390002137,0.00989177701070787,0.08760737495863147,0.015904876072168506
2014-03-07,-0.11816999379555337,-0.0033491360456867625,-0.04349750074208725,0.022933988239776326,-0.0010891654824938257,-0.02697696065926536,0.004756180111587405,0.09994171173147492,0.06594870004529163
2014-03-14,-0.1042604623899619,0.002719983171491691,-0.000212099788695852,0.03197252456361177,0.022650703629180313,0.010347950998165878,-0.00440559334373436,0.11548222672075603,0.11682832147332434
2014-03-21,-0.07060450572377608,0.056454309803481095,0.005978293857389794,0.03944364469292161,-0.006731324661167548,0.021703308687929024,-0.01806727432004518,0.15084123755160483,0.09103175793259766
2014-03-28,-0.06486851115402636,0.03599416611804784,-0.032514232865492154,0.032653508015146215,-0.024545072550424152,0.046480815129201325,-0.022046015291037335,0.10943801657601071,0.07353490762582382
2014-04-04,-0.06250866924306031,0.02827953955253726,-0.03421021300431448,0.004923979441830539,0.01291335341954003,0.1113769058275107,0.008677373758506413,0.11326460551256368,0.06692536727242704
2014-04-11,-0.008828570982915451,0.07514933480061714,0.01775384409429126,0.02633922018761936,0.021663405255218038,0.1032546717430014,0.01629045424618436,0.13252735664507043,0.11594968708996234
2014-04-18,0.04144296587851848,0.08133006864026626,0.02523926641225316,0.041249649608532835,0.016039930683479753,0.06987200056282905,0.021633996751727835,0.08768352488384146,0.0970034524594201
2014-04-25,-0.009485190214533645,0.07898750162148538,0.02687177151987008,0.035658383531300686,0.05619674343011205,0.06945271771781325,0.02742521265696496,0.09857761751602467,0.07461937215174252
2014-05-02,-0.01584370987613415,0.07863072350940037,0.03230830280666375,0.041947582124368665,0.07640188277419391,0.09990257442174766,0.03108017947819075,0.10289563416108116,0.10128015689674186
2014-05-09,-0.024626399494684925,0.10781664789168133,0.015595246568722132,0.036153569431299104,0.07645657969087871,0.09203796947202125,0.032898795025288585,0.08001644440267164,0.11488606626462428
2014-05-16,-0.07302520101817311,0.0990933921416648,0.019032295734946025,0.05564799023322564,0.06787708303204454,0.048722283478976,0.025692592775931722,0.08299177634247812,0.11332296040568579
2014-05-23,-0.053678899234816946,0.12574699174938075,0.008350425623707913,0.043217896730890715,0.05114182788422461,0.07462484556300364,0.028326539605110668,0.07969269603174922,0.07764790048435977
2014-05-30,-0.01412425441928633,0.15715973765167668,0.02800798495777812,0.032774222174394296,0.05236608298066159,0.05255105754496814,0.018117141687277183,0.07359328431364176,0.058392327760719454
2014-06-06,-0.005503133093210266,0.1601399479399621,0.018603744821263035,0.041783523311156756,0.049633094088154195,0.0437848059448287,0.02219410837981428,0.043435300683297484,0.02526053085234281
2014-06-13,0.0055806757074403635,0.10233832571259249,0.010217640106397141,0.04069731323547998,0.07086117184506513,0.06067863487989289,0.031399976487345604,0.01192640039608861,0.0564820861602886
2014-06-20,0.008046105267043302,0.15351352581876654,0.03861152155571368,0.05015389997448949,0.06909373221951398,0.06785440670272536,0.030436026516436954,0.04705363025207632,0.067944881668911
2014-06-27,-0.007107078671096723,0.14948340428551354,0.02848536496926002,0.06970699348313047,0.02694313317081587,0.06940966434985629,0.01872955498259543,0.01651954823439894,0.0567491512181757
2014-07-04,-0.016242143330395642,0.11493312425156255,-0.006548400613227479,0.05532639889273128,0.017993103917934405,0.06348013838762423,0.013014091219686108,-0.0026404007970075583,0.04192849667311194
2014-07-11,-0.04134657347875503,0.11481177900680528,0.00021123572980030758,0.04598573264796535,0.022883416648435073,0.07398198880855311,0.017257630173006078,0.018359972408910963,0.053898070048362
2014-07-18,-0.034981348309831795,0.13446804339235463,0.006099192873715076,0.06539377185546691,0.012197117089904452,0.07439229163240846,0.016307269587819917,0.027303159059490767,0.03388261431684114
2014-07-25,-0.0017036133179395563,0.09561319101403498,-0.007783621648372652,0.0573405535207705,0.013061708023800023,0.08521012593361643,0.0064221755566835625,0.03793694896908306,0.024815557750965667
2014-08-01,0.046076249691289206,0.1221383681300221,0.02393451394852697,0.06900639601866487,0.02957178674155969,0.08258071425892766,0.004409550122004724,0.05038394984531536,0.021505290161933033
2014-08-08,0.08765474601673962,0.1515675189240362,0.03727183046168214,0.06250815684892785,0.027983119135477352,0.08542254882765832,-0.0018123037833808198,0.0381873065040601,0.006836257629435849
2014-08-15,0.08277078377845104,0.10295779472822275,0.05786235337563461,0.041514647134096805,0.008028763356358937,0.07869192238594191,-0.02335187935598526,0.004400259307793419,0.009144430985335461
2014-08-22,0.09420473504876714,0.04950389762029772,0.008732816207636773,0.021977683831559958,0.011148658047723359,0.10185936212358548,-0.002630220103032599,0.03476039940182751,0.028537722838239077
2014-08-29,0.0924622418731218,0.05603492291738377,0.02257233020783289,0.021805933786072984,0.008955937439449002,0.09509632571942639,-0.001276583417010535,0.06045512903963157,0.07048111187386397
2014-09-05,0.091084402457839,0.09030013065436293,0.03047875655776977,0.03296677333635678,0.008348321787478241,0.06865079664422691,0.0018290022557376773,0.03964907404631113,0.041743461059205345
2014-09-12,0.11818732108740093,0.04775730093574637,0.03595842151098427,0.03250670017325774,0.0146137178355783,0.08444860724703229,-0.004421666928485557,0.057324852525315606,0.06816589618120439
2014-09-19,0.1320490591653396,0.06973862782355233,0.028990263630178426,0.02274299783987921,0.026272075123813465,0.07486807432235132,-0.016080060802426743,0.05927023144994337,0.06762432469202295
2014-09-26,0.12032935351754759,0.07611432056139833,0.03680779005386281,-0.005472261272595702,0.010340567497527431,0.0662987392005876,-0.016856409969651764,0.07597393613312242,0.06302972506555093
2014-10-03,0.11212147074205081,0.0784330436021623,0.03231585921195901,-0.007157953448901466,0.006081250099077451,0.06742238751452057,-0.0238428005650988,0.045181869962874543,0.04205186925907789
2014-10-10,0.13195019244102824,0.02764091762961307,0.010877795132331336,-0.056256308130890886,-0.012369238362060386,0.0338536808408465,-0.022734782097781014,-0.016681103829760957,0.048912359620967294
2014-10-17,0.13089465639121123,0.06311023004577798,-0.0063457046655521765,-0.041889522569171334,-0.02652579616616002,0.012514218133353516,-0.03481753702759871,-0.024688681018592007,0.04483926370119029
2014-10-24,0.07714289595750312,0.02525925253099537,-0.039648254001534156,-0.04732415663168332,-0.05599584777068145,-0.009855054114814799,-0.04858484151854636,-0.011832019991384612,0.016364272441549588
2014-10-31,0.025979669269821315,-0.0013808475458656488,-0.06772935431928495,-0.10330045475021521,-0.037120313807163186,0.026125540605923092,-0.024160645101614975,-0.0030966766103688315,0.02990982920669083
2014-11-07,0.07326007778378596,0.05276834570592648,-0.07376072648356846,-0.0693088825617636,-0.004461286604200865,0.04114003695989865,0.008270638372894545,0.007056307866955436,0.04759529588000788
2014-11-14,0.05821759357223666,0.0949251394288968,-0.03337539131023437,-0.01231417188051509,-0.008598541727778297,0.0203207642556249,-0.021754958554628168,-0.031875596958327534,0.02775003010370547
2014-11-21,0.08728156010109522,0.06764437485611907,-0.06164690869706746,-0.03247517773512776,-0.0029603239124380565,0.012072221561250096,-0.031049123813123636,-0.029159443345873726,0.011741943340062733
2014-11-28,0.09970969275631614,0.0584963502851501,-0.05576880265881545,-0.04326988035045254,0.005464306108356354,0.011188242139345661,-0.031009983573730082,-0.004843062013893729,0.031452149226197434
2014-12-05,0.13697852820843615,0.06367895213076658,-0.05143222734702313,-0.03721756409809274,0.002620951467710242,0.006034823851585713,-0.025789169617290497,-0.013011768261652179,0.004231368399805646
2014-12-12,0.24807340039266634,0.060155704325133286,-0.034061240321863195,-0.023748245009695523,-0.0063449059475590985,0.010317412038570062,-0.058973926913157726,0.008572306541005048,0.0039743851700482224
2014-12-19,0.27511482513146834,0.05201908115342313,-0.027426454956679613,-0.0018025208694929518,0.005756383952808974,-0.04514518826629921,-0.06506168503266263,-0.01292834777062346,-0.00869384933524664
2014-12-26,0.327963300400099,0.012560158511778496,-0.06648605911261818,-0.02333394312291759,-0.003858952343019695,-0.05511732025426763,-0.07004710029397554,0.002346558265950094,-0.018860732869221408
2015-01-02,0.3406756818132841,0.031662421165655985,-0.05133370849746921,0.0010784165444732707,0.030406827561060723,-0.03887281025797584,-0.042377764933459794,0.04303351254961818,-0.00841251103015317
2015-01-09,0.3594306002496612,0.03160749295947696,-0.01427023033654784,0.012248049131725836,0.04450530197379088,-0.0360976646085005,-0.031510475540925675,0.054847456943308615,0.008781880480075444
2015-01-16,0.3733164282611341,0.06590964733048743,-0.007488347432971665,0.03730602196579014,0.052488388963706,0.00046433605684370605,-0.03174022035155666,0.036647889418222945,0.05547745695353434
2015-01-23,0.41905998265240463,0.06286852199169779,0.012568917163935822,0.07931521928415819,0.02395553623628821,-0.01450158685300007,-0.04227519575547678,0.014736145055644911,0.05309162152544822
2015-01-30,0.3534368659133236,0.06042973665217666,-0.019697423788309187,0.05537533539807704,0.041063242045966675,0.00890503576731394,-0.02846924159343267,0.045014471432541114,0.04514246615428519
2015-02-06,0.31668896392118917,0.059862372224113614,-0.01453165152789282,0.053811970025888556,0.0313941431520508,0.0018230045370035697,-0.02381507383968362,0.0587860301119143,0.06503392487551096
2015-02-13,0.24946724974343315,0.0550591346084115,0.004828852852019061,0.04918107961578855,0.034296969219742124,0.02367245304855814,-0.00029776346772525386,0.056409663872800664,0.06838692459603557
2015-02-20,0.2949760156510175,0.03180736088071967,0.005322188809952166,0.05134795242390133,0.02389525849156371,0.022967498778071693,-0.004531763284637336,0.05000369325524723,0.06610808206049867
2015-02-27,0.22635539708884167,0.03797862528749185,-0.00374266818682667,0.04705008890762663,0.025099458524740825,0.005967440832568727,-0.007176035820808835,0.047443245777683885,0.07026938679589101
2015-03-06,0.13396171517310584,0.028167642568222462,-0.009806710879951552,0.03658753118979163,0.023330055871445765,-0.006750905608460478,0.0402453922286794,0.049322442235810726,0.06686611034163725
2015-03-13,0.08557397226006991,0.04169719555275009,-0.00041284658301332655,0.04414517645300542,0.027704229992204787,0.03460341869047223,0.041797634851469034,0.06641253931794644,0.08451791786283458
2015-03-20,0.06701426819332923,0.08321501148493127,0.046380925285552266,0.06626283463855032,0.02506491965631419,0.017802099765253487,0.037605853856879534,0.05333639051411687,0.09164791997092259
2015-03-27,0.12190190148196223,0.0500965590356941,0.02850717968202421,0.062438497413413785,0.017369327557085867,0.012860454121845777,0.021979029925736526,0.052053362135218606,0.08429815323865597
2015-04-03,0.11684590408786555,0.04415322811824396,0.04471061325738557,0.05602315510418521,0.023315412905892785,-0.0016372138951066262,0.03398959890328168,0.028966397329842408,0.08575111586762318
2015-04-10,0.16202229110334265,-0.006458824437997279,0.047324756573924986,0.020888560131284706,0.0339569652443803,0.004325607712852175,0.05725204745936008,0.04493073953660698,0.07672991819157815
2015-04-17,0.17824188743216496,0.03577578751873922,0.060833035941554314,0.04090090125318824,0.05071172996290052,0.019631563709205935,0.05617048835035643,0.06449039803682588,0.08156463179722806
2015-04-24,0.2521667485418373,0.03082789376935935,0.10050479960020642,0.0511318726060388,0.03278225824751857,-0.019892099681338316,0.0234489798209232,0.016164824591788474,0.051374825797836365
2015-05-01,0.31428472694085485,-0.026329380764126498,0.10176953167871883,0.010502216331095937,0.03528653222739919,-0.016444351672895152,0.044641644315104756,0.027219261710831333,0.03291687693720391
2015-05-08,0.3604424198063594,-0.058874729076713095,0.10256581144383592,0.05722594288859284,0.016196921381768092,-0.055351556214465525,0.0027646843181488023,-0.04912128965157869,-0.0017302341945200084
2015-05-15,0.27286608335732154,-0.05696045445085751,0.08413631507655239,0.03775771798754235,0.007499057420332633,-0.06743854632808066,0.0037133557051838295,-0.036371027992538885,-0.0013181728225664102
2015-05-22,0.27072707263388196,-0.072279494974822,0.06335007575243079,0.01690750318926959,0.007955094744037439,-0.05859862663680282,0.0022376998057698216,-0.032562346906276574,0.007201759745244729
2015-05-29,0.32629744927482207,-0.06685358184627965,0.07134380679025298,0.005230010995083134,0.013810149093250956,-0.040605153193964405,-0.01868311976252013,-0.025107754341281208,0.010244132018893737
2015-06-05,0.3304792776597836,-0.05103406786542308,0.07763038582794213,0.0017340834732326726,-0.007460069078144116,-0.047157552353193743,-0.033448235246187785,-0.0556295469918453,-0.03638191949365499
2015-06-12,0.368689027085912,-0.05805422388936954,0.04936390542503322,0.005716711422008913,-0.008691239876283063,-0.022421993345565383,-0.02065237787697427,-0.061935403031693426,-0.03688936452779501
2015-06-19,0.31524176960616046,-0.0636219397944302,0.04061349152566862,-0.02528956922058967,-0.017318638257139085,-0.014304813422052476,-0.03916815444802335,-0.09782410996302637,-0.04107847439614609
2015-06-26,0.15488417355533457,-0.07107099063251532,0.007301819252475639,-0.047013584122288066,-0.04418988087294373,-0.002517847232641479,-0.05183416112005634,-0.0793815841807195,-0.03576680429297774
2015-07-03,0.03895055853585205,-0.01405885038461463,0.013357269086506918,-0.030485068555305972,-0.03922476672646269,-0.011800744655000805,-0.07001468035659464,-0.10286993194937288,-0.047532056044692794
2015-07-10,-0.11153249901903095,-0.024182915749980438,0.021685312772823373,-0.014452414893183274,-0.03805239941683425,-0.03835303570899651,-0.06153594671799123,-0.09715824815707919,-0.0756522669253048
2015-07-17,-0.11263112571928602,-0.034228157065333775,0.007943421926265515,-0.027348980809843937,-0.07212749915992234,-0.053719804558164164,-0.07319407768782149,-0.10752847186700087,-0.07230250998940413
2015-07-24,-0.12465433842813312,-0.028935420010146373,-0.053828025350963316,-0.07109272120792198,-0.046480706632923585,-0.050195558973561205,-0.07573317690197356,-0.10986190537375506,-0.042426298543427166
2015-07-31,-0.12870056174263667,0.03601905172491904,-0.03919219240063576,-0.09155481225852569,-0.03940252752933482,-0.05982585266406826,-0.05511944588064388,-0.04623765114848766,-0.006410803512252983
2015-08-07,-0.17758550984305188,0.04072274129071651,-0.03892534080477272,-0.11333345107820847,-0.07502491529961297,-0.04772089869785834,-0.04787945128708415,-0.07608953095215121,-0.02784834519438384
2015-08-14,-0.16709247714438824,0.04082638931008553,-0.02690361695352017,-0.11196964224145134,-0.08005762698053864,-0.056730999002846616,-0.07401712492685508,-0.09144604084236363,-0.04534568800530536
2015-08-21,-0.19514584673092727,0.035928378291224305,-0.04677865905162104,-0.12636971194052649,-0.10243805081123725,-0.07488060074012548,-0.1128038440393011,-0.147686417679866,-0.05280683975169609
2015-08-28,-0.2990621330439005,0.007021086123970122,-0.0788094470489682,-0.1488618174392382,-0.13255018430424048,-0.09122708619386,-0.104151913466759,-0.1848620584324081,-0.04058314132661245
2015-09-04,-0.4478602342764244,-0.01598016507949751,-0.11978108205841842,-0.21979078569480137,-0.12025709404541907,-0.09852357409287205,-0.07900905370093447,-0.13730266660702561,-0.05852953437548969
2015-09-11,-0.46063678802901364,-0.013991969728857967,-0.0651440910447425,-0.15248399851135552,-0.15795603356615562,-0.09557874254766663,-0.08743866032088743,-0.11143269062905325,-0.0621188303495277
2015-09-18,-0.3259572003126703,-0.04193619319918085,-0.08441837698677901,-0.15070536664272893,-0.13363872646923802,-0.07642640607616258,-0.07110172967727202,-0.13385521597389172,-0.0951328544075487
2015-09-25,-0.28795039312350035,-0.05442122055381482,-0.05296185628627814,-0.1042417584589348,-0.14258790762658702,-0.08787950514966436,-0.02427395568381563,-0.11679733533603631,-0.06646628164805257
2015-10-02,-0.18427409377962078,-0.04880269243633428,-0.046168332678006685,-0.11174191964526514,-0.16557869939655223,-0.0787171589715534,-0.07122812847938853,-0.16868467306897017,-0.08553698478865712
2015-10-09,-0.24851343493406297,-0.07542066605412856,-0.07987917560217728,-0.14040623536074293,-0.16063684514719334,-0.09795020278152844,-0.051907668489495684,-0.14389994458896282,-0.07614044776735973
2015-10-16,-0.21746298023302657,-0.05023908460034221,-0.03074088869750291,-0.0707763028782935,-0.11187750302433841,-0.04704324063824483,-0.011761517588324999,-0.0593258359851081,-0.0648395546986098
2015-10-23,-0.16697071685621623,-0.050029629527641006,-0.027958621342724754,-0.06863223960040443,-0.10098715851096429,-0.013793515291133929,-0.002292311291833826,-0.07140929621454539,-0.08289088090463537
2015-10-30,-0.06647330049953659,-0.03382244502642351,-0.007703253326154957,-0.018755143853523393,-0.04275594771189084,-0.01679158300850947,-0.007111125546657604,-0.0315991041878565,-0.042426481904989544
2015-11-06,-0.10030144802402319,-0.028216248869393112,0.0050312593849026754,0.0009769799181285066,-0.06404437735669966,-0.02397652863977484,-0.010118472643988241,-0.0683423607484368,-0.05432111571513509
2015-11-13,-0.07125759422162936,-0.060004528286462744,0.009525531836247048,0.013181650683874224,-0.03389214003342289,0.0004384011157521073,0.05416675625740108,-0.004116945791487581,-0.039965006354888644
2015-11-20,0.04272860972354309,-0.06853347561796141,0.02863138575652968,0.045648869839187256,-0.01537503004755525,0.012263305643758216,0.05211503367393355,0.031081681895821944,-0.05379257154138806
2015-11-27,0.12157993000666956,-0.06697725006621447,0.05052303720649309,0.06735802735836849,-0.012949098598603825,0.020219691813895935,0.03002091310208499,0.02556510090644437,-0.023661949944957072
2015-12-04,0.05524009216179415,-0.018337683192765297,0.026578064171054905,0.054157001980950525,-0.001639020938550395,-0.0055745092928090045,0.05712869818901023,0.032359902271215546,-0.01784314285126065
2015-12-11,0.094136458469265,0.036887707065895725,0.07305873940120566,0.048524672648420974,-0.003114230167660992,-0.03546954319740436,0.03929626146316334,0.03337446629462626,0.0015253040733451684
2015-12-18,0.10412454253185288,-0.0009504727390421408,0.01687064531838356,0.011108551399575006,-0.015736505703930703,-0.08195536671989423,-0.017712626820228117,0.003009402258134841,-0.05725978609789628
2015-12-25,0.1534348008363846,-0.047654175514210806,-0.02399869773975727,-0.04177822831602995,0.007105850340397346,-0.06908729573516847,0.017730318927413613,0.05975786005354777,-0.007324137431131916
2016-01-01,0.180931246562114,-0.013633855771567838,0.016574443335510836,0.015250144997587256,0.029793572397688095,-0.04825070261915876,0.021086280505960175,0.07215928153509488,0.021918104191403387
2016-01-08,0.11066955975210035,-0.011364944500597218,0.010590125561802388,0.006989339306750608,-0.039374401801196335,-0.09142636669707738,-0.008255294672622426,0.0007980526545843247,-0.026519208256438276
2016-01-15,-0.05004502934267663,-0.028046338035300877,-0.029252193741779564,-0.012857645127876793,-0.09671583498198988,-0.13103869690013337,-0.0350969365236935,0.005382796954464197,-0.0705014947880862
2016-01-22,-0.13548700674744119,-0.08044994105449454,-0.05707902988259317,-0.08623844219263965,-0.15390302924792376,-0.12811683255507056,-0.049347033961798736,-0.028152296776076113,-0.11511847293289001
2016-01-29,-0.12671836290968308,-0.10913206552615229,-0.08247533476584401,-0.11106681935732077,-0.15140128197162372,-0.09538688855450062,-0.024614420763568567,0.0003509904294656252,-0.13906169449243322
2016-02-05,-0.2527759385922348,-0.08312370934787694,-0.07680613584089535,-0.09794530455324058,-0.1354508268740231,-0.08368656328126445,-0.010675515133377722,0.010588752579389293,-0.06239682848717365
2016-02-12,-0.23428381558775335,-0.050372006251876655,-0.06529298526287786,-0.0651536475357517,-0.10912817361844596,-0.05667346263184925,0.002137672919219291,0.0703732039775371,-0.019416692966871096
2016-02-19,-0.2417672760803704,-0.035823610526113825,-0.028528719111444723,-0.03251773466474894,-0.13872321078443495,-0.0879484043846741,-0.010981375648777103,0.033005045124641086,-0.040979410617396184
2016-02-26,-0.1532519153453702,-0.11816256811991721,-0.08086722608086383,-0.04870747854014823,-0.0733651469580705,-0.03200786037527337,-0.00459275201415732,0.029597801971700477,-0.01968264148184673
2016-03-04,-0.2211204956754278,-0.09668029975452619,-0.05717319963080314,-0.008773370856127727,-0.08313472826006052,0.007098481596939266,-0.002659615953676031,0.04863687417416429,-0.022001540354139593
2016-03-11,-0.15374103293760655,-0.10164938100017729,-0.02785603882793808,0.0014943702155587602,0.000835738628206073,0.07416429169408012,0.03141921332103159,0.09902956689529852,0.024067325268307016
2016-03-18,-0.2218333383630764,-0.016574525880018953,0.0035909624295751286,0.06298950966057149,-0.008441185697346754,0.08105752067843053,0.03151941538547742,0.07439518582613402,0.033165693137082286
2016-03-25,-0.19065381334939957,-0.03297149470731853,-0.001981387771238019,0.05292844418448439,0.010089256148911652,0.07507960511320277,0.031264288757692604,0.07721521879274285,0.042541406262076364
2016-04-01,-0.154206966589566,-0.033199733332311965,0.0007381797426164738,0.05211733229199389,-0.012334976609728265,0.0796305412313103,0.006642547169565027,0.04970803300997595,0.05702583081922796
2016-04-08,-0.04243700805568196,-0.03147003576340346,0.011406620816397428,0.043063551516009824,0.02415319613755873,0.1185097117524192,0.031438150343877425,0.06326169280894334,0.0969895438559778
2016-04-15,0.02125559446254144,0.01458783639614758,0.028759251681472975,0.09233259573832875,0.06531366195562693,0.094729903700709,0.05370357696857564,0.0689076330961651,0.11661257894988708
2016-04-22,0.04973094964022806,0.015660961716335464,0.04840307852779535,0.09569531513134066,0.12627116645015146,0.08853882772490973,0.06132184512672634,0.0790954485996167,0.1649410708612038
2016-04-29,0.07479726831368438,0.0560616636338267,0.06950672506488598,0.11487790729181846,0.11191044328264166,0.08104618090951554,0.029632147733186898,0.06289105556208519,0.0814865849353037
2016-05-06,0.06307416261523535,0.0434334912577814,0.05268114712478944,0.04683320143756475,0.07888403089992568,0.07256862591034619,0.006152610872984354,0.008225598799844747,0.05662933605058562
2016-05-13,0.05467596466539604,0.04703942366705505,0.03904441297158012,0.03831159072780643,0.07245021076466607,0.085693093754589,0.003413200604933664,0.022691995201819637,0.04946224169932378
2016-05-20,0.007622622613883578,0.10237006543230542,0.07423678810762002,0.0102940987739224,0.028949790349328985,0.054896502722152185,-0.028229560931047004,0.013564672495260055,0.09068502123778188
2016-05-27,0.043214357180143104,0.08045919980793492,0.026139522845407548,-0.03313746916248306,0.04228813041415869,0.03136284726737859,-0.021050339429677045,-0.004504176845966157,0.07504837048944069
2016-06-03,-0.010197622965405273,0.09750298962602955,0.014225270451329486,-0.03384350240659373,-0.012231711626261799,0.023738669330273687,-0.03321945973913287,-0.007480573626384768,0.07167051434799987
2016-06-10,0.05512373067365672,0.08588576850062424,0.006899742007689724,-0.02103758150805568,-0.006963379200858988,0.030406888420652756,-0.036055510666004764,0.008304607415958287,0.05689400899937702
2016-06-17,-0.0025158040084551914,0.09040543135353296,0.007292975656278955,-0.013247033905377847,-0.02926329753802026,0.03289571443159911,-0.044754248920860995,-0.007736408607296852,0.027430266538901904
2016-06-24,-0.027730852530469363,0.071754576831216,0.012724156957593102,-0.010867272031291009,-0.02993374214016331,0.018849320545168524,-0.04785210834000608,0.001667524343083926,0.03498126015474945
2016-07-01,-0.04596105019840202,0.057132495017699014,-0.015447794116540514,-0.01585045674896257,-0.029927258860514172,0.008863170202634052,-0.045753360502390095,-0.001780785373711069,0.051721628354385984
2016-07-08,-0.009946564062699892,0.04754196345017725,-0.024793450175817355,-0.021076338654108184,0.013458058460321887,0.05355446953888254,-0.04291187465772417,0.02543901187844,0.07739202150304791
2016-07-15,-0.024730202571392468,0.09742928941772,0.0077133865786773725,0.022772159986491403,-0.02665216376689017,0.04944919349603616,-0.04949817347433427,0.030223994998582526,0.059677861609863214
2016-07-22,0.03143249663828129,0.058475941280120125,-0.025950408013700077,-0.006859950898171263,-0.005141697514243759,0.05595349425000862,-0.029272457063281188,0.038995994765281594,0.10144735898915869
2016-07-29,0.021439544083529327,0.07815078083877403,0.0008778129631927811,0.04737354652180947,0.03694486596402413,0.07177364166103661,-0.009188867527994304,0.0715079226861075,0.11419446772769071
2016-08-05,0.023233361890248716,0.08441345938887324,0.008085967607508238,0.07308622614177196,0.0492608730133286,0.091577170465726,0.0023617623661360554,0.07841750938714753,0.13007158156609044
2016-08-12,0.04146102228352966,0.11067388053544569,0.01977574527042769,0.09791105860545635,0.03353133081343884,0.08517595279740231,0.02173642058309344,0.1295333044048146,0.06928910238788255
2016-08-19,0.0678209453939278,0.1053521981783554,0.025572733571163297,0.12127773282210264,0.03679191505533197,0.11363582232860203,0.03342357762149373,0.13208049404326694,0.08616730144147411
2016-08-26,0.09420233074458828,0.11246260865707036,0.05143524881271766,0.11808060822878375,0.014703100064619612,0.08549536649808687,0.030373447114523167,0.11768382131548982,0.06769047446965004
2016-09-02,0.03625778523870338,0.060677626601842505,0.04326693812501503,0.06524932732938815,0.01708918430478601,0.07571334460721424,0.028096017461910705,0.11377711011583003,0.04314161899718982
2016-09-09,0.04635522162595329,0.04189771000875808,0.02568156770298291,0.06097257682784907,-0.0067710841274584155,0.06256170128172567,0.018455040971427472,0.09916546778046964,0.03884708716821095
2016-09-16,0.0646357720316928,0.07537268277240905,0.010197477875230732,0.03073953140608232,0.03900259283867147,0.01671705713100291,0.03761672521280168,0.08837839553051552,-0.005298666817676434
2016-09-23,0.05117418396514317,0.08180929813452664,0.042333700707272826,0.05512873924719841,0.03310122369965818,0.045563951546647274,0.011524173488962397,0.08581495000467854,-0.010005694836770829
2016-09-30,0.037787530244902,0.0820036602756904,0.037776494055918874,0.04895423635493401,0.003710123975563917,0.03260473911785411,0.014934514480210659,0.08060486881806206,-0.013726632289740692
2016-10-07,0.018928323141199854,0.05866517982295427,0.033036193362605104,0.060650471350607305,0.007847485654299824,0.018756121723701114,0.004858839618298916,0.07612194415588469,-0.018413311404735566
2016-10-14,-0.007044914244037415,0.03401107886972099,0.04020278191141813,0.059085814460571484,-0.01727798261894886,0.008236762027289402,-0.0018117577201177681,0.05092407079448691,-0.05790441937417512
2016-10-21,0.02471106489849184,0.018122196743705743,0.01795158080409287,0.03469450934213647,-0.045180140036551464,-0.02110740823164381,0.0009347514091286868,0.03824782509264857,-0.08257227389665722
2016-10-28,0.03791521362998296,0.004928592250141861,0.0061096148389623295,0.01672691737423726,-0.013204279745734127,-0.01567264361054299,0.010062554062734819,0.03637948268803726,-0.04008522147426241
2016-11-04,0.041263317230328056,0.006294899201970239,0.00830294284622024,0.03522974927037126,-0.004220095802635271,-0.016096566423981606,0.0037369094354744448,-0.0018423875175201943,-0.07359996794078683
2016-11-11,0.01803189462474286,-0.0066382470201507005,0.0007331523898255199,0.02335010516657121,-0.027794300046410925,-0.04407066623226896,-0.02155293353545229,-0.0027069280772469284,-0.09603355616375886
2016-11-18,0.015393448407703403,-0.0278752286361712,-0.03395250849080078,-0.009028227136401057,-0.010398388684741633,-0.029165121133292615,-0.032207535995039116,-0.03457592659683861,-0.12840237787818687
2016-11-25,0.032828936457322655,-0.04370153978869418,-0.035547353047578945,-0.008504928147376134,-0.006671021702609359,-0.04998940369703231,-0.03586230826850212,-0.05067037659962992,-0.10439949101191281
2016-12-02,0.06064112864054216,-0.05990383015340761,-0.03136784862261077,-0.013553299412743414,0.019568893558126632,-0.013951806120124033,-0.026997289899583166,-0.044177975496157984,-0.12503540938283741
2016-12-09,0.061626129122444695,-0.08221977434301131,-0.031826089898545185,0.018904358833376378,0.015896203663402275,0.03826808845128671,-0.034678023871948405,-0.006831605939915164,-0.0961514959700338
2016-12-16,0.07578006889554523,-0.09206958375293972,-0.033562005248580995,0.0148880303070964,0.044505735082231546,0.03144609755171235,-0.007024048354210777,0.007631920681260951,-0.06998851944135964
2016-12-23,0.02125214013768506,-0.06082289371905425,0.0125894730708076,0.05362099219124339,0.027926802932287664,0.01965314848176547,-0.02006849307120273,-0.029615668811389995,-0.11992828004832923
2016-12-30,0.01655913268597864,-0.08160792698564023,-0.005775946102181351,0.004530564290133654,0.0005504727933693943,0.017887747720206626,-0.02165420880094704,-0.06489642366160275,-0.15050256029750742
2017-01-06,0.01730864010129629,-0.07539917177426325,-0.003789656774774386,-0.009669314145003938,0.001917999198127518,0.02533542352771434,-0.014302761728528068,-0.015072246173373216,-0.10240628602787716
2017-01-13,0.012570955142333418,-0.06064617971988717,-0.013401307355971781,-0.0013294233762515262,0.05102987184872898,0.061591932868810595,0.009908731947601446,-0.009837886632327653,-0.019279845696576814
2017-01-20,-0.002355720779823045,-0.04036870273575843,0.012996955861785509,0.02233956460173836,0.06628303188135298,0.04869589726356871,0.0015078627112004028,-0.025512920433016006,-0.05531763998334327
2017-01-27,0.004409254614046176,-0.03425048418676724,0.021310897769676984,0.007734419410152071,0.06688905481359697,0.04484909873670606,-0.0032262348232272586,-0.029249931850605648,-0.02352155858938154
2017-02-03,0.010023622479771177,-0.03256242752310534,0.02261524083598765,0.0026332775896111826,0.09438723276586192,0.06835099269022837,0.02286430796645078,-0.009333588436239992,0.014600864836486593
2017-02-10,-0.015550963591156375,0.024305735317840416,0.049975840817463535,0.04102951256222376,0.07767531419637486,0.05747841865947745,0.030624229757123977,0.02431899053415343,0.03543726958883475
2017-02-17,-0.0011623567576943827,0.05220924713349184,0.043742294051765995,0.05408273254662177,0.08819932298493871,0.07285100581574522,0.04523544572888838,0.03824488950686877,0.023420031844120004
2017-02-24,-0.028768724522343803,0.08535709040741857,0.04964398964606431,0.07037138843057456,0.08327948189851941,0.050325083887515554,0.0482381053948151,0.04370545920363078,0.05024343566334544
2017-03-03,-0.015736887279320655,0.0835866579765554,0.05235175775058387,0.06558665890676707,0.06551278580054642,0.041052645967790014,0.041715417124366105,0.026328047515306707,0.05264287713852589
2017-03-10,-0.019025186787210657,0.10024655645170277,0.060790277906711765,0.05925504925181713,0.05470174024388097,0.025792693897781938,0.03998383219682733,0.015531923015357663,0.028547215468847753
2017-03-17,0.024170343085327062,0.07413952844290428,0.026350149105173415,0.026841743407970853,0.06442129458990031,0.011363684434477328,0.04756855127631354,0.02994388182068164,0.042238245724840695
2017-03-24,0.04093614932977907,0.09320317344089624,0.02662739842751627,0.03177426281296469,0.09885816864207353,0.03321742344540457,0.07620382159621819,0.09710905738948838,0.1124726348218914
2017-03-31,0.05281475818403614,0.1371929338187723,0.06128836568535867,0.08748774823728667,0.08709179234946962,0.01961910542453449,0.06143369885200034,0.04979431743708851,0.060822726069446276
2017-04-07,0.03186173696873951,0.10675220238674576,0.06795275105520737,0.06783386361143684,0.06926489005878977,0.002307260628390928,0.03783117621695542,0.0405151897923961,0.00872537802305473
2017-04-14,0.057801464101663313,0.10688474221113076,0.052804264813180346,0.04580721096102103,0.0490881058010455,0.005248890570087816,0.04055361770324328,0.06967610947604541,0.046591034662842645
2017-04-21,0.03847938467803047,0.09074531272398545,0.03544873732828435,0.05138621210881489,0.051192993118323926,0.016818847902503542,0.03893444398599222,0.06666782366725066,0.0534337820198445
2017-04-28,0.023001123424780445,0.09165761563813035,0.03298485670508544,0.042123494315797316,0.024170029777662805,-0.013148676218817101,0.04049460869313659,0.06408768366684114,0.03279435339652004
2017-05-05,0.022122402893808513,0.053856764170996385,0.03834646954265164,0.028121335304241768,0.04295073564342289,-0.010561275836192152,0.048111401786385066,0.05877648261401447,0.05836132840762964
2017-05-12,-0.009105365407894084,0.062430909821923564,0.061853022175296424,0.04309953888478013,0.040870632379599314,-0.010284594782572043,0.03686488947163369,0.05640693733925062,0.08053324345206647
2017-05-19,-0.010595355054290323,0.05441400626421533,0.0770295769750442,0.023956540711234098,0.04641455184241039,-0.021719232369227015,0.03915471950914373,0.058837872973791505,0.07583019002671598
2017-05-26,-0.020356345058536007,0.06359083416340106,0.09416561324402384,0.020934919613942782,0.03154375468037962,-0.009601162947915576,0.040350131215691754,0.07267208567647288,0.06772311045035728
2017-06-02,0.015219689609939024,0.0531937191044598,0.08875442432781,0.02001783760255016,0.03061849839646058,0.0019582397414392716,0.036732585022527964,0.058641055171159806,0.08213493033780672
2017-06-09,0.01695632434151939,0.07547659355771863,0.12490135636518218,0.04595606860156032,0.03347369647659093,0.017821814184017626,0.03398208810657355,0.06321427196505525,0.10124136768530967
2017-06-16,0.03713339513555347,0.07739476028874748,0.12294078722769619,0.053612244111208796,0.02640741160247373,0.003625752542034455,0.024726153504699866,0.02409024165304352,0.08419826431108923
2017-06-23,0.0083215383548918,0.053995683822760654,0.09558397247275874,0.028941256079304978,0.027781917745935303,0.001949151276286365,0.025762933017150935,0.027723888451745893,0.08090556950260108
2017-06-30,0.04714297121232747,0.05136438320894676,0.08519356279938517,0.025300818004577508,0.010763537061860617,0.0045922923995203035,0.022367491766363656,0.04591195313754248,0.06646021201709118
2017-07-07,0.0415802088765993,0.04280416824382449,0.09629738180220304,0.056102067714352444,0.015369422195277593,-0.005566352905848504,0.012523734530498487,0.03069456729676645,0.03363401410508082
2017-07-14,0.04745213912136137,0.03447069777809375,0.10576986984807402,0.05149042142243587,0.01868377719431713,-0.012700633534851846,0.016580536361956888,0.0346884815700097,0.03347055162721091
2017-07-21,0.06593851248454996,0.054752574967194434,0.10863542533084303,0.0563618879047052,0.04593744617437956,0.004936775587283115,-0.0005981116938249542,0.029110627327453287,0.03980592855121401
2017-07-28,0.08063403375343547,0.08075100541079294,0.10910722922273486,0.0720999113517955,0.04274592294678037,0.004579873794226863,-0.0050464778992926895,0.013995153810302696,0.04201313812045804
2017-08-04,0.09560174086055007,0.06362418674102166,0.10518547857536564,0.05562597336984609,0.030798961448839535,0.007644287529116056,0.0024590501424839317,0.025647544336539596,0.028842993142847106
2017-08-11,0.09091321264580543,0.07560153829873784,0.06885186816778521,0.051491003312934325,0.02164534711307553,0.021985383633432498,-0.0007548445604026455,0.01785932330999529,0.014895804161422888
2017-08-18,0.06909373257634499,0.0683977159220408,0.04675879041325981,0.05073360031765617,0.019333672840181393,0.0075025665732457725,-0.0007467668737302091,-0.004455094926033354,0.020491222548249866
2017-08-25,0.06782509272965065,0.029565289884617485,0.013554336140614076,0.03767732935539314,0.010065897541688074,-0.0017475608759003336,0.0022093726931604607,0.030496075236195352,0.01879152915653215
2017-09-01,0.08498078389940744,0.024938897007416472,0.0013025945533247096,0.02148415319995145,0.006018868619083406,0.005249021897691719,-0.00438790141495371,0.029667612980128766,0.013500343209805976
2017-09-08,0.06871339008998767,0.02086639131398549,0.0028588108889220365,0.034574971161891455,0.007064310663418283,0.03251078298592702,-0.008832050224767407,0.03267930821384368,-0.00397146139759208
2017-09-15,0.08370860249875989,0.03117448958169433,-0.010127993599229335,0.03801179645411601,-0.000891640925946291,0.03675787941656061,-0.006390012810588708,0.023053576691593136,0.01767166579138646
2017-09-22,0.05593488154611492,0.035526213540183704,-0.007697331626014936,0.0436557001277631,2.8041619996699296e-05,0.04821942501062537,0.00385890802999711,0.00729513323244646,0.045857304977515057
2017-09-29,0.04556169886522987,0.05193852036430613,0.0031355817382276996,0.019344904818437314,-0.0019327634131975913,0.05215497010646253,0.004170079401188076,0.013967878012335788,0.05435452389846773
2017-10-06,0.04820998583529423,0.04552935896445476,-0.00128856831970392,0.005239700638350442,-0.002822179850237916,0.06399518617892408,-0.002474748881436284,0.01469189845514407,0.035132710520757726
2017-10-13,0.03539288638158311,0.012624561125468503,0.006116047667594771,0.008383512528782333,0.0011734806901504413,0.07222971481415463,0.0051151006667709,0.012538617951468822,0.05248914509588509
2017-10-20,0.05031389523096941,0.00939801189219125,-0.008384154246678932,0.00847611373440671,0.001504546334533785,0.08463381949282134,-0.0021852459129636514,0.027154129704769048,0.0557656576990464
2017-10-27,0.053605973989217404,0.02511746518182889,0.009570150707225444,0.027164172196517455,0.002991842123289956,0.0681584838718452,-0.01506986010175293,0.016755013501587257,0.04238702666584615
2017-11-03,0.08139245966718534,0.013099703471212365,0.036216802155286665,0.02891947112324722,0.017852509601516076,0.08369050905311948,-0.016133688587353312,0.03366317837329191,0.04475885987464956
2017-11-10,0.09046681726687034,0.025176113729333593,0.04137071785084956,0.019094957114269562,0.030800855115803216,0.08596737083796668,-0.01484110264305194,0.046325483349081154,0.05493096028251365
2017-11-17,0.09890669865268542,0.0736025160497693,0.09777179731037933,0.044606771950936874,0.05040267376303653,0.07543942045287544,-0.019292910470658065,0.021482960346817848,0.05067889015813165
2017-11-24,0.08217743298176394,0.0480618708132301,0.0753541219864271,0.039079733011625706,0.036984318876776,0.08133592242860388,-0.027221568372475247,0.022791647116743974,0.03625731116382269
2017-12-01,0.06900505420333225,0.04236345806802788,0.06332089434942656,0.01754569063282041,0.04908856872424927,0.04672782861743663,-0.032050738031095705,0.03404562806838385,0.04982014890580544
2017-12-08,0.04401199565498359,0.04079312018616754,0.07618502791910498,0.024176765050677673,0.06620467142660225,0.038406524058594016,-0.03547785281377891,0.01609263827591434,0.015002659728617473
2017-12-15,0.04393483312019164,0.01864776870513296,0.054666628212113544,-0.0009033339102337834,0.06486250060509136,0.027319380671672278,-0.037112464762354413,0.02664382384814523,0.015025562398612635
2017-12-22,0.03661683038563446,0.017714536948730597,0.032138384622037997,-0.01733107300701775,0.059286417422416804,0.03473521551364378,-0.010198407967401124,0.03453236602002363,0.006711899027976642
2017-12-29,0.055291546416373905,0.03634811015395201,0.03833941817422204,0.003988330648558858,0.0502102244070457,0.040365747588062106,0.0026508767393531585,0.05283566902716075,0.03142683167348537
2018-01-05,0.0494192600602954,0.06948992492361938,0.019057414284336716,0.014658114455894378,0.03335430138193907,0.033478695372404665,0.018428912851643275,0.07348134929167571,0.029350093906572283
2018-01-12,0.054047086569125824,0.05374177091822929,0.030039527621972262,0.010394097640356037,0.05004745597058324,0.04731307464605816,0.03506931749002451,0.07001047313943509,0.03741418171813393
2018-01-19,0.0731816830398131,0.03777292967531487,0.009615574756606016,0.014415246176502805,0.052430721884006104,0.06717782010100226,0.046043852326698165,0.07166151745915883,0.04568905808946333
2018-01-26,0.06344206423748133,0.05135612165140202,0.0027597511278205644,0.014350974842505693,0.04726978468802656,0.05955901048535228,0.04627450757843121,0.08276945373797595,0.07207099894180047
2018-02-02,0.0928777902253497,0.05389717342574407,0.00942024829952981,0.040420947084344405,0.05320524626056944,0.0722111743318079,0.06288286306659074,0.09788425735850836,0.07640591497464122
2018-02-09,0.03801420121259369,0.057365944989298256,0.006542350713005796,0.03156194650583011,0.031577087730555675,0.07856442727662305,0.07100048211918697,0.09603594176170027,0.04376306863968793
2018-02-16,-0.07041782965364618,0.04163799593993467,-0.006929318184081268,0.03601302300831044,-0.001520795840788125,0.044099678734611736,0.05544865341961547,0.07230699636122928,0.022910622619829013
2018-02-23,-0.03401078132945656,0.01652515719264791,-0.0695373334748366,-0.031311236720354074,0.0003950238663197325,0.06287535175884962,0.06811782431431368,0.0829057264088231,0.029138185315009224
2018-03-02,0.018081523892881535,0.0060071191100483645,-0.049343901304696125,-0.040710330100548475,0.023968747643529298,0.06183209974750703,0.08030328419384336,0.10631527951397679,0.03895847600059632
2018-03-09,0.0032619133543025924,0.03583099907213061,-0.009697798520457823,0.018152470962952805,0.01580602560054345,0.0599639608418121,0.0754105781093104,0.08748078866684139,0.01835850900273428
2018-03-16,0.03165017517634183,0.01859733197406932,-0.025417713074537218,0.028399593768282827,0.019886175228009506,0.03302848700325001,0.050525203557576503,0.05002388820601311,0.004245482765997011
2018-03-23,0.00044877217182204276,-0.010350236609864893,-0.009155141735380568,0.03497036003209075,0.03666190504190325,0.03921894691648742,0.04778221798268767,0.013402601155464211,-0.023294951677977238
2018-03-30,-0.03173733443904503,-0.02879625116293738,0.021656492021462803,0.04549179302873263,0.005413014678021355,0.02283126973574845,0.03736613816899936,-0.02307152145513136,-0.07113072950122579
2018-04-06,-0.05980194611180245,-0.051904726690473524,-0.020773639490013984,0.016814744683463445,-0.017775881433362173,-0.010745656648518676,0.024714480752588308,-0.026271878874625898,-0.09441969840743702
2018-04-13,-0.09168457092541615,-0.04307343046974843,-0.020905528743576873,0.0036414070235242235,-0.022422116244808166,-0.039592676986242914,0.007836790862150167,-0.031092370082427934,-0.1037858389302091
2018-04-20,-0.10166485927768498,-0.033282708070464295,-0.0271393026744553,-0.005752477567272152,-0.013914678692259486,-0.030193096943355258,0.02144349603155149,-0.03457207334346002,-0.12097821502569772
2018-04-27,-0.15270048832081962,-0.03875050328823271,-0.02620679672609505,-0.01677177923158979,0.0017477723158680902,-0.015206234340053193,0.018083327434783136,-0.04969713536539899,-0.15710745723546538
2018-05-04,-0.12831301626263247,-0.04675040175853695,-0.03897870046398655,-0.03354432447863509,0.013336288824802978,-0.027366444307364013,-0.0037547413519885,-0.11321908507873246,-0.1320260871968113
2018-05-11,-0.01734720628637554,-0.006367459016340504,-0.01314940455792346,-0.05285445817262513,0.04858653959490766,-0.003690082475209522,0.012022047487216803,-0.11611429019850661,-0.1194573868136608
2018-05-18,-0.02401197026052415,0.015498668339620991,0.04046436617961913,0.015082731265485094,0.036121913684945994,-0.02237608125857271,0.0044670191165803175,-0.10125458426877998,-0.10524260532295138
2018-05-25,-0.04214991599626572,0.033325755054740114,0.022811293753838058,0.04116075006259656,-0.0011185857712696645,-0.03025863668394102,-0.0037674963831264563,-0.13508957912537056,-0.0986285583358999
2018-06-01,-0.051067145406294756,0.00999180806379485,0.00371730233825307,0.00335624319980532,0.00973345994657393,-0.03983989618713313,-0.032120172927902146,-0.09667838488442193,-0.10080002393903342
2018-06-08,-0.0859165636436714,0.013939029780120293,0.024118167732451568,0.022563313753444447,-0.01679753891600022,-0.03178921772251986,-0.0486388675325653,-0.07247082467245924,-0.09283179934037378
2018-06-15,-0.0706773357462005,0.04487192354520886,-0.008366028776085166,0.007725387854899068,-0.021809856626781254,-0.05078911397787156,-0.03756328297191924,-0.050638618319743145,-0.06227851388440797
2018-06-22,-0.03957232966050306,0.05463415164656915,-0.017143103657720538,0.011604827649568605,-0.019079615442741726,-0.051105280327299774,-0.05705434700245604,-0.03557655092232004,-0.05695091320792045
2018-06-29,-0.07718607607367467,0.07879360752712117,-0.005277144672725775,0.02411165241231572,-0.04187127044837524,-0.08287945839296995,-0.0952538345959999,-0.061159868760901404,-0.12201890137141902
2018-07-06,-0.09343664089288062,0.06767629810724607,-0.0369097521845152,-0.0018525339219266357,-0.05180559927367945,-0.08660182865720234,-0.08252354063768408,-0.0627909463566656,-0.09942300488064504
2018-07-13,-0.14008541362753313,0.03637213800214134,-0.043512460433317024,0.0014202317974145728,-0.09254304108419298,-0.09019305815204515,-0.11597970991077133,-0.09625536176620209,-0.09462674078509359
2018-07-20,-0.07397278272316044,0.027484585592842947,-0.07711192398028555,-0.033081783921179664,-0.09167737501183915,-0.09165724009422949,-0.09193988892861338,-0.06412038080780746,-0.04331526846248934
2018-07-27,-0.0728593519294769,0.04215525275142795,-0.06914056637957255,0.007869225118049883,-0.08131849055138751,-0.062042230011016386,-0.06015953601950663,-0.007878927008798442,-0.04251918354277784
2018-08-03,-0.06948405643079525,0.02929825962943511,-0.08504805848294517,0.03525340465197857,-0.06418168841707406,-0.04481268142356587,-0.0402660897823095,0.033409943096419426,0.020356733452867815
2018-08-10,-0.15544600340859738,0.060310739966686455,-0.06999368206149015,0.05059224704888088,-0.08912989250712933,-0.03096261736583461,-0.036633446123506275,0.008476217901327132,0.008641482025302238
2018-08-17,-0.13651004757112872,0.05002102840682987,-0.07979654289927929,0.014032247386081664,-0.07179137207927333,-0.02786780844035519,-0.026639099998688742,0.049563437607600846,0.01714815823862459
2018-08-24,-0.1669692890016048,0.07568341152628477,-0.07502716359899697,0.014012914424542444,-0.09043937515361478,-0.029828076551209115,-0.007780271424662644,-0.03264771388925425,-0.008402632848422797
2018-08-31,-0.12566257058566954,0.07846058478400586,-0.09086825548215405,-0.023237487997379347,-0.06462896989476619,-0.009346845161591233,0.029292663457609613,-0.002482695663784895,0.01769382896300975
2018-09-07,-0.1253007323873554,0.0774114285166938,-0.06161913617406878,-0.012843934134384227,-0.0670612196110536,-0.00026716072199306495,0.02298057204961701,0.004134674578660125,0.014743365643825612
2018-09-14,-0.13554643736853045,0.08137451604360812,-0.05392491954415135,-0.00832394560479166,-0.06853270800911027,-0.00903282507110248,0.021000785843800607,-0.024004680820112867,0.009135332942502572
2018-09-21,-0.107187604124098,0.0688813196810365,-0.05228247004862485,-0.02192801973855829,-0.03907568503801251,0.051977777931107916,0.0626922349705632,0.018628656423482326,0.04835724358741267
2018-09-28,-0.02904207300389139,0.062100663301142944,-0.016670367890225357,-0.002861158671377595,-0.015731749367715153,0.0958695235071243,0.06806466470070749,0.02696552875467617,0.025977197305300237
2018-10-05,0.021679305369820767,0.039241174455126426,0.005590223119183335,0.01242604019767235,0.02023059070668154,0.0840856143327331,0.0748336455523031,0.04827083573442259,0.012460466552001392
2018-10-12,-0.015529283910760583,0.01454195767437838,0.030418685208440266,0.03680930536939364,-0.015629037137763646,0.045786287516291324,0.031565202767462885,-0.03634158681174604,-0.044349545165626836
2018-10-19,-0.096767628484697,-0.06587227160432363,-0.0189503357899774,-0.03249986945952266,-0.07185750967757265,0.014908716931293142,-0.01373174233182084,-0.0200008834228651,-0.05483595055887314
2018-10-26,-0.11619713539672638,-0.05006934203481883,-0.05723370659840121,-0.08454869806910459,-0.08222881788049641,-0.02015630085917053,-0.02113591452133612,-0.025680341966829445,-0.07407461205573185
2018-11-02,-0.04366289050453531,-0.09039646272661983,-0.0623532467366017,-0.11028242060499593,-0.09424146489031582,-0.0497730720545011,-0.05605035962645566,-0.037760309489549115,-0.10154836844727022
2018-11-09,-0.03428726356705347,-0.12458823137482256,-0.12090733787774521,-0.14887243268431227,-0.052624397974526005,-0.014239569961025822,-0.05222204662401175,-0.02852139739634474,-0.08900859973097575
2018-11-16,-0.019440792604619617,-0.07978755262901238,-0.08536761262677928,-0.10321034250137373,-0.041826178313755236,-0.012815191341982946,-0.0431851176309026,0.015501489342696573,-0.08453155835751858
2018-11-23,-0.0205567013880259,-0.08034351790160699,-0.07432674442447329,-0.08395857310702404,-0.041107334530749995,-0.04122998467544736,-0.05817336864542,0.007278161848821796,-0.09207020181618475
2018-11-30,-0.058992276604461935,-0.07872116189255962,-0.09164085024691015,-0.09832609752758437,-0.05139681107217342,-0.05952086774354637,-0.07044789030063736,-0.002038810612075892,-0.06787729042402368
2018-12-07,-0.0325438427377982,-0.1040011481721752,-0.12132586212712582,-0.13494211494067798,-0.0053678951669784425,-0.02863350731174119,-0.06861499083716804,0.03437793424445523,-0.030843343471289586
2018-12-14,-0.018846541028104014,-0.06343751761841432,-0.084427197770931,-0.09256268745244611,-0.016038503774515434,-0.04283912250154298,-0.0707582047566202,0.03235990976653014,0.006442045081843872
2018-12-21,-0.07441544196945493,-0.07401311875225502,-0.11048523901396923,-0.10745301304121391,-0.044676257798355934,-0.08721432428201492,-0.08568274518439001,0.0349815059592995,0.018967026122885144
2018-12-28,-0.12677834893830386,-0.030769835791478073,-0.12254712008876467,-0.11564177154752286,-0.06697949136366077,-0.09619134176472866,-0.0709825727512472,0.030816393090798755,0.027500067590221278
2019-01-04,-0.13298692675761714,-0.01627469404220072,-0.12803301299014969,-0.13191156170539386,-0.049939965535731545,-0.09545665787879454,-0.0490583260535864,0.07760830865139212,0.053342421205696766
2019-01-11,-0.04346380617232981,0.05133739773381407,-0.10522724138309236,-0.07805673185723982,-0.0032439164273032617,-0.07402906398872666,-0.03585718149363082,0.08617226159447355,0.10253401964310704
2019-01-18,-0.012896403775247478,0.024043781192128577,-0.07270524416046165,-0.06830831430831452,0.04349400461974895,-0.04341942976403956,-0.028649012662397944,0.08599187738222014,0.10005542549541424
2019-01-25,-0.0017250599928058108,0.04658993613399076,-0.038139424712902326,-0.016247398614634534,0.08148642183306887,-0.028133693547550465,0.005427711175266303,0.10853949391457363,0.13025608549021506
2019-02-01,-0.03267767957857082,0.08381959875028144,0.04680205571470264,0.03590302223139119,0.027178407090392653,-0.035230207962995586,-0.007520021382304343,0.0931409253704718,0.12031613619688208
2019-02-08,0.024930985520713378,0.021333404898564723,0.038252283425287636,0.0063412736014498705,0.03533674927681929,-0.010313592950763173,-0.014483007708533613,0.10716683723867071,0.15585519252760882
2019-02-15,-0.003157539744446325,0.028723251598030686,0.054737351774070575,0.010348093861196617,0.03769036108590562,0.010150147385926012,-0.011706933196388825,0.08131371766991435,0.1305182133287648
2019-02-22,0.0602540383528698,0.024176005676768142,0.039659016860657204,0.01370264250778419,0.05953542867661987,0.009107039230399572,-0.0041657986624557,0.06179846361896324,0.07462407774821855
2019-03-01,0.10391527144801316,0.01860188266237195,0.06519657342682361,0.040293144515787915,0.04769272076899256,0.010542357561097226,0.024439075006423394,0.07094416294581407,0.0775706115611392
2019-03-08,0.16430686111696957,-0.007854796619962912,0.06178478793609443,0.04304173107693998,0.0345227854659278,-0.005195321930797192,0.011960039645177112,0.059184210905259604,0.023931756464007137
2019-03-15,0.14436119251941903,0.01575376317400945,0.05605513033523568,0.062381357120964154,0.03787500605101535,0.012761126014905422,0.01073663907908795,0.03397546762647252,0.03560606601828553
2019-03-22,0.21205970708179933,0.021057650875516032,0.032359805754447635,0.04673033477229005,0.049364671860599785,0.018777912118933315,0.006123893294327054,0.04715205450983362,0.041709175377175
2019-03-29,0.24170047613044865,0.06068807088599826,0.054109856870319106,0.07901187417418853,0.050659379944768546,0.051354358589543736,-0.015131007728670376,0.05202146595772206,0.07075557694882129
2019-04-05,0.24336093635935896,0.053515062224750665,0.06904839719291811,0.08958540036483953,0.04900448085139786,0.03953492355940469,-0.015784670746950447,0.03048348785433852,0.020383257972252267
2019-04-12,0.2720152626895942,0.08026676830922419,0.06285977169918411,0.125870905657246,0.038030801871212105,0.03030553640826472,-0.024909333830592573,0.017538239113932264,-0.003918300130118624
2019-04-19,0.23029117228653462,0.07759591018098888,0.0625802146136234,0.09242208037764499,0.032838443744582335,0.04728056913988343,-0.03735697251344483,-0.006580065381349698,-0.020882304072985747
2019-04-26,0.2577153405005941,0.0653435894163863,0.05011455373707463,0.0939815301210487,0.04438400900018458,0.030617483227864284,-0.047530838583707435,0.003753334643892714,-0.027449507482538493
2019-05-03,0.18036937435392097,0.086347925486562,0.017488406240807386,0.0954860625270193,0.05142578557884292,0.009492168722927019,-0.02718483072074207,-0.02126216077095222,-0.03446161889838528
2019-05-10,0.18650333288033139,0.07606885631613025,-0.011020539258153939,0.09777695628775085,0.057717102869284886,0.01643520554758915,-0.029618690665278002,-0.031495801536692625,-0.012832750968122753
2019-05-17,0.11094436497189442,0.06788049211492009,0.008812483146236616,0.11082367410329752,0.010366669228307757,0.00715238787742134,-0.04763411468770151,-0.028572208775349495,-0.021301558294874567
2019-05-24,0.0358923039090282,0.05041220439104421,-0.04091990058288175,0.0624148229052679,-0.019903797586968253,-0.03127598211587035,-0.06980150111971728,-0.10953451969471217,-0.04867952150687849
2019-05-31,-0.04243775734701849,0.05546766483073462,-0.08156070898949785,0.005910087357710481,-0.015808688472025878,-0.016783988830912477,-0.06212213237512021,-0.07051142461147641,0.013688037244069307
2019-06-07,-0.0076269311732701794,0.0864213071040929,-0.0708331147711343,-0.005878153472169245,-0.02474455597709735,-0.006091689247672782,-0.017498479907344766,-0.027630163695672394,0.021933849991064847
2019-06-14,-0.049349998925965366,0.07734424602892886,-0.04580646577438596,0.02475893385070016,-0.010646502728542728,0.01703572993238467,-0.01874602549800386,-0.03979373214447968,0.023533837437499372
2019-06-21,-0.04779321749650123,0.038103117747727566,-0.04886530106164688,-0.002881752379451541,0.003272867517202016,0.015693592182642213,-0.01696109688803471,-0.04305908181481222,-0.0029018454942164595
2019-06-28,-0.009965980427891097,0.03147999224453102,-0.04275864078090219,-0.010811048920672306,0.03321864962689958,0.046787384043525115,0.0232130836995168,-0.023986868029457042,0.016842740603284057
2019-07-05,-0.06001938015927166,0.008583228983976454,-0.007055339618087686,0.01517692379433555,-0.0003100425204500823,0.049860468701226957,0.018298971046867507,-0.017984147775768733,0.01594324413249204
2019-07-12,-0.024213864844940147,0.010479827140473574,-0.036403012190628914,0.002467903363164936,0.010398986644650776,0.04174348857113053,0.03161430912808694,-0.0050689725366197536,0.02964446803686016
2019-07-19,-0.07870541041694779,0.014300210433953353,-0.05657994591595106,-0.0018127903448110771,0.0029112970456104392,0.033764354123635876,0.028791119507740603,-0.020788033862706,0.0383937217586201
2019-07-26,-0.02113043785252877,-0.017189646311795315,-0.060206754574275934,-0.013229302487273387,0.0062391533531123144,0.03994946690137002,0.012018697288872282,0.008626689581758384,0.04980348624646069
2019-08-02,-0.014061360535313483,-0.028948379169221994,-0.039760295495868014,-0.007264875260503345,-0.008445813631063004,0.022915203961558106,0.006489615684744265,0.0009139010383734103,0.026748796513208717
2019-08-09,0.0045440703821348905,-0.03722292351630685,-0.06104302269440609,-0.018584980817285768,-0.0037921206766835525,0.021612408985568266,0.010188439800787208,0.020888302340496878,0.04886642849670686
2019-08-16,-0.004182756304578206,-0.025279388900049327,-0.053546862656367544,-0.015422163313546733,-0.01145845870276574,0.026103515117581466,0.006017885451573335,0.07522977857406943,0.03505558065526948
2019-08-23,0.03193667227665209,-0.026426251774600118,-0.05913756041720131,0.01057360439703281,-0.017458103960002802,0.01064862535799005,0.0005629327694203212,0.03715654491318432,0.006290927241291655
2019-08-30,0.051300732806737415,-0.06959854017815914,-0.05949676167612239,0.00892668140201458,-0.002379535202942762,0.016199197171824053,-0.02541784461269181,0.007457887190177814,-0.010165648347763678
2019-09-06,0.06381887790782059,-0.09619249263703722,-0.04684518801527471,0.003766772847887623,-0.01905742688064649,0.0008584158523996521,-0.022806655892948058,0.0190398049599807,-0.0005412299582623348
2019-09-13,0.0772750316341888,-0.07406228844599738,-0.05176249250559728,0.01986535264478384,-0.024549261697860203,-0.0013583096820024565,-0.021067042890504872,0.009345397321570914,-0.0071252720023231575
2019-09-20,0.03547241624595898,-0.07707979676003163,-0.04204744573421326,0.024029907763136293,-0.033651376889398676,-0.032662487401910134,-0.04933571994745911,0.0030682351313977563,-0.007870283193643246
2019-09-27,0.02836334872245949,-0.05687497558657917,-0.036614051444308515,0.00219866467507579,-0.04997884849384171,-0.05594144089429154,-0.04571469518187676,-0.020200046626852597,-0.016206196607569723
2019-10-04,-0.010470218360042693,-0.04463724006891567,-0.018521942808694014,0.018362032614362533,-0.07432984566045597,-0.051845837964589414,-0.060256939661997855,-0.028097768615387153,-0.037491622069484976
2019-10-11,0.0015216590065492142,-0.02561928524140633,-0.029161883028577584,0.004066548871023201,-0.08675200613306622,-0.0753183529490915,-0.06930311586572557,-0.05020807009509021,-0.055196189162991516
2019-10-18,0.026886118713512985,-0.03324509487754845,-0.03212566430567243,0.006458013045477884,-0.08137353753523868,-0.06494203749987015,-0.06306852019591247,-0.055854276602003594,-0.05213708487567281
2019-10-25,0.0027976389729822415,-0.010050999273611083,-0.024040955181581225,0.0015411375025404794,-0.07709994297461442,-0.0516864304153799,-0.047730324046936445,-0.02129792744804959,-0.03718841745379464
2019-11-01,0.039080197106072134,0.03291045132622372,-0.002699331652721959,0.026119406930002143,-0.023448948018431892,-0.05579865769563952,-0.03551468723991036,-0.013950565834914386,-0.02584550085361137
2019-11-08,0.08411583168471637,0.055688545925328015,0.04394224346552278,0.06842444340283116,0.018908503961501566,-0.03584542423981585,-0.013533474020778868,-0.012000954644687312,0.015504832916072075
2019-11-15,0.06834657523073062,0.0679340719980992,0.08050507211027202,0.08272176895737537,0.046806561631280275,0.003945864261704735,0.006550452690510689,-0.017437122501920754,0.0340197252594745
2019-11-22,0.014609344074099084,0.07499172652883423,0.10345799248858523,0.1054273023486445,0.040486155986101835,-0.027364730787198255,-0.009100959174067391,-0.02055185320032571,0.005504878216989084
2019-11-29,0.013177384719279317,0.09389593331628632,0.10415977452592173,0.08957243811915028,0.03763135171226395,-0.03517505632445328,-0.009535812587033732,-0.036730058255811215,-0.01962446515038785
2019-12-06,-0.03082080816088606,0.07774107401430541,0.06595915715861977,0.08558354246065036,0.01560046784654645,-0.048754537341588744,-0.026992899681883564,-0.048240065459868475,-0.02482320710316621
2019-12-13,-0.017776225344078966,0.09657424455862262,0.038485720199144424,0.06368773439275444,-0.005238687014337273,-0.06395945306806095,-0.020703079419944537,-0.023636049250267632,-0.024136858378032144
2019-12-20,0.00824157896216171,0.07357191590852175,0.015807448404911995,0.06974197550996841,0.017061067484400283,-0.03881351089841267,-0.016569367608812335,-0.00549612363385954,0.0008280027954619129
2019-12-27,0.04183636572956573,0.06958874508007185,0.03695129392044372,0.08738300191070714,0.02737934552014032,-0.04405253602548154,0.016304300664318205,0.014018524677625877,-0.005913177153184179
2020-01-03,0.05296929105435488,0.06387923189697986,0.07254991142149692,0.09920030946356206,0.04701026870962366,-0.017424078924584308,0.03342187422548282,0.04327547805320897,0.014260679590687886
2020-01-10,0.05791340697397196,0.09152625217419441,0.08693013081346557,0.10425393068537225,0.0393106264833154,-0.019268083843127393,0.03443282886609822,0.03502833644554393,-0.0012938401637168084
2020-01-17,0.07318491783870762,0.07836846703663625,0.06249264145028288,0.10622580093582812,0.04452463880454438,-0.03163342908616684,0.01284399860120633,0.01331450576393678,-0.013850304408935088
2020-01-24,0.06412318927398708,0.049758054589934986,0.06831681760278396,0.07281256400936442,0.02953871728706403,0.0045087997830526305,0.016305824961622584,0.0062678766635659855,-0.02555830748640453
2020-01-31,0.012948426888936382,0.06050344776367389,0.07502953082588171,0.06794334718102313,0.0032738515511283595,-0.014528713183194597,-0.012968613448880006,0.005930000591868989,-0.04535366790615036
2020-02-07,0.00774489229714348,0.02963489763973648,0.06717615702823299,0.061178412852553876,-0.03445946534667499,-0.0785367851284926,-0.050106157090003656,-0.03927511423830232,-0.11343719925814533
2020-02-14,0.005858347002220654,-0.02090020921845337,-0.00856159957859326,-0.00731889008251585,-0.017874918709967602,-0.04270968826870991,-0.02556946658058301,-0.021230762726339947,-0.05516367204152495
2020-02-21,0.03515159580458338,0.01691310560718229,0.02275750743068805,0.0075381508898839655,-0.0017438040436807967,-0.04573110702871741,-0.03335234166936285,-0.038994387091072724,-0.07186578913411346
2020-02-28,0.08046795072583102,0.016568652924334515,0.06520701874165269,0.02129023000833996,-0.004043958797007363,-0.06191861088582851,-0.019748842581014614,-0.021789002917895317,-0.04887945663909399
2020-03-06,0.009604227634040896,0.002054945641496886,0.03523466015002974,0.01698182673815296,-0.05919749849404177,-0.1509805772982622,-0.05625721230194447,-0.1263173488398568,-0.13920113361440656
2020-03-13,0.04201818824073733,-0.062273476551034435,-0.04662592521817377,-0.027726222293065206,-0.08201152951090407,-0.1427236085058361,-0.057679708279745334,-0.11963401536220886,-0.15146988187649768
2020-03-20,-0.03082432356712239,-0.09516995284738528,-0.0617847231110531,-0.052134987405066724,-0.19851160506886778,-0.33168119912348004,-0.18013785181809983,-0.24728680188894714,-0.2938590844303981
2020-03-27,-0.09617777982551523,-0.2092089195088569,-0.21856278249958105,-0.1661010603003117,-0.2914735020384027,-0.33652546255645,-0.21172882545051674,-0.4113118668507223,-0.4918971340501024
2020-04-03,-0.11084508936444593,-0.33664945593629625,-0.3417487896363163,-0.2696080990011893,-0.2474800019223622,-0.3717629531014639,-0.18211802527316934,-0.3301141232526561,-0.3978232577232266
2020-04-10,-0.1143797806086404,-0.3448744050606116,-0.23669605198786936,-0.22205252567499834,-0.3094878410776847,-0.3278133012451967,-0.1789842892497555,-0.30542744499734376,-0.37461103956138864
2020-04-17,-0.09741885540209871,-0.41621882601168814,-0.24587560535522712,-0.21858935550345748,-0.24373801176371135,-0.26489232486076286,-0.1617366714958859,-0.3025553345761871,-0.33743325806734425
2020-04-24,-0.041929340836842854,-0.3042650768276154,-0.1902307564547332,-0.17417947284746127,-0.2144683804790697,-0.23629066558265066,-0.11116243063981468,-0.29804088018895314,-0.27509666593470605
2020-05-01,-0.053065505872119445,-0.27895034484902226,-0.15973657361784888,-0.13417582249415005,-0.22505740319880552,-0.18470462308310065,-0.11125906118490914,-0.2785148667844659,-0.2758302802557182
2020-05-08,0.0032537836948751675,-0.24208819240810442,-0.11489611617059303,-0.1051894429007465,-0.19255897764841468,-0.16504634763752435,-0.0991335220317966,-0.24064753428429242,-0.2752718315500786
2020-05-15,-0.006064397590575865,-0.20459305309268316,-0.12729717240898708,-0.05492832722046259,-0.21700719516107636,-0.18696838455342935,-0.11091832191053186,-0.24383660371811722,-0.2587287496844439
2020-05-22,-0.05872709346545335,-0.2695307049742208,-0.1423937794645953,-0.08053609962474972,-0.23153840336644382,-0.1547327539678216,-0.08712537607776039,-0.26617377776558726,-0.28504143062305864
2020-05-29,-0.02988072814201992,-0.279305867154898,-0.11531249044141845,-0.07749483180765182,-0.1860760888306876,-0.02764414128377357,-0.031433703972302496,-0.18187446578236433,-0.20329480790899623
2020-06-05,-0.06785163509509573,-0.2144938097347282,-0.008531465849269004,-0.04353155621247318,-0.16493878133049122,-0.016045139635650685,-0.006663647029894193,-0.14557785232809906,-0.1480250683606119
2020-06-12,0.026833546929333707,-0.13722681493476685,-0.005218915875792263,-0.0341077358962707,0.043642614196587104,0.24039996972485067,0.14612236336093165,0.008160280638936257,0.10961057654365547
2020-06-19,0.09145509434921983,0.01860497952452711,0.20838953211977884,0.1251643625306862,0.10760916154504141,0.20416468597784032,0.17079972291638423,0.15133879212821277,0.3039589964184817
2020-06-26,0.09962424106090495,0.13133784917372715,0.3085808309279594,0.21333415782311604,0.041089599768054264,0.220317126751282,0.11532050352162138,0.08367239920433356,0.18155004989388246
2020-07-03,0.10855237200220991,0.16798762430418535,0.22041880958346205,0.17465877657784823,0.08624830702493735,0.15542434816375383,0.11185947335402524,0.05893250542211881,0.1467022508322149
2020-07-10,0.15919172308626273,0.2503077943135974,0.21282060839400074,0.18785228664234843,0.03124907326609172,0.1110550435514348,0.13431837568977834,0.0675137936979322,0.14530171780918977
2020-07-17,0.2134638031252063,0.1519659055107514,0.14563538358745998,0.15908467365518497,0.014448018185591494,0.08597660576135713,0.1231891820206874,0.08207207566025687,0.06799951186919095
2020-07-24,0.179758338606252,0.15015069148560478,0.11611195274931241,0.13045315995415763,0.03906552065011226,0.07703283058828791,0.1530059997770028,0.12202721797443772,0.1080823441691443
2020-07-31,0.1411218451372669,0.17468410235547083,0.15294524090498207,0.16319191818699785,-0.017188061264269194,0.02971557257608559,0.12147470759892443,0.07485343505674535,0.05171192652239043
2020-08-07,0.16935101312305356,0.12691529383983813,0.1220800333496097,0.11274719179874992,-0.02423532715866994,0.04819494643649502,0.14858862416608964,0.11342683315389834,0.053085995975072464
2020-08-14,0.1849899793191323,0.17976465074369763,0.14496669495397452,0.14993343579805618,0.008664382501180512,0.033505874959216975,0.11732057274811858,0.13204377175817505,0.05341466343948831
2020-08-21,0.20723444475749275,0.20485176928912985,0.19901603161272519,0.17077143768004888,0.032078166441520395,0.01754497651052045,0.08523323030385832,0.14355081313347284,0.09264806242115853
2020-08-28,0.19907882210127603,0.21240713842353998,0.2004851805747414,0.16851241153750962,0.007060547777381743,-0.03299934943264393,0.06812955419910605,0.1036586771545629,0.028126917497319326
2020-09-04,0.1911897508941749,0.17141011232573433,0.1270640571376367,0.14169562458965324,-0.08012781638937128,-0.08151636151778607,-0.02019838003519059,0.07753248449970407,-0.09415572659129978
2020-09-11,0.17532836060799184,0.1384001429596271,0.07584873619387711,0.10331694598664498,-0.0674035992957629,-0.052422273071347725,-0.019700952021307394,0.0710742800811488,-0.11285617704135831
2020-09-18,0.12129693240989248,0.12792240884787276,0.10495007642345566,0.10046796357212529,-0.056499809381308275,-0.0685802734890748,-0.0016002075052155007,0.014948987524874724,-0.05653367999381409
2020-09-25,0.13497122640666248,0.11251972824808121,0.11266615745463948,0.0930331816767005,-0.041870245614493484,-0.03204117178124655,0.012348350590118962,0.03114377118800782,-0.0467726072772372
2020-10-02,0.03346838700726806,0.10260752422001929,0.12231940377905293,0.09911396005215245,-0.07052765720388354,-0.09737896696112802,-0.028423196360215286,-0.005646017326085939,-0.08751564638119014
2020-10-09,-0.035489933626502435,0.04090589508587961,0.05705645574102558,0.026822008976349565,-0.060825620282288995,-0.08734935607988614,-0.05922549174808189,-0.020993360854330234,-0.03246715786579912
2020-10-16,0.029579951159730555,0.058515676971016006,0.07937816344427606,0.035948788413161736,-0.033205417404240656,-0.07041343605054173,-0.04221077715845922,-0.005116238454693445,-0.026147129135495106
2020-10-23,0.0615622325412879,0.08881222566206581,0.08311499032394831,0.056310461839476744,-0.01818719165122129,-0.08335437298032122,-0.05546686623661845,0.004009859683581141,-0.017609659761273377
2020-10-30,0.004980070928642277,0.04952093369031729,0.06214722149225338,0.035632627057921695,0.0029878397112277355,-0.0904736788565037,-0.07045926177826445,-0.007296792256365592,0.08958406133393915
2020-11-06,-0.002679923248125604,0.0745352222000033,0.048354603480865066,0.01830934253808003,-0.04897796342593708,-0.1028551831870228,-0.07310242499584785,-0.003050590374968465,0.07859083152136215
2020-11-13,0.037769534403082616,0.0374861502131143,-0.03660217799345222,-0.02226911034575174,-0.0010232559032372635,-0.05178322260402446,-0.02915034413707218,0.016600056576494993,0.09547307827862284
2020-11-20,0.02882707294444309,0.09264810335291962,0.0037355013078812505,0.013820707326841486,0.0698193574560646,0.03569148141124945,0.007938629734850267,0.03507911659890439,0.14893894351057924
2020-11-27,0.020234538232363874,0.11678199151512025,0.07893293435847237,0.05143791615815374,0.10223668329666591,0.04869264060220946,0.04395762442764273,0.041220436900001545,0.19760897177399706
2020-12-04,0.04319207212827969,0.09894769340264808,0.08143392364413682,0.07472404270571076,0.12921970071874522,0.09158567729079081,0.05875322844985931,0.09868744309499533,0.16038202254712353
2020-12-11,0.09056653743716936,0.13476421585457032,0.10614348784744365,0.09281421495803066,0.13144646462689913,0.1246174807366307,0.0748742475355364,0.14688896090782677,0.17854542072651292
2020-12-18,0.03169361287457484,0.145391684275328,0.13074398496391026,0.1087663666660319,0.12196522810650912,0.14045113959902888,0.11164090597739662,0.16021486647128924,0.20401198449426516
2020-12-25,0.0899143311519488,0.16093770792663165,0.13824687801978275,0.10224132055780899,0.14182023369465657,0.17456156827853597,0.09074328913266161,0.21046046068342505,0.21964004336832055
2021-01-01,0.09449139732572753,0.21935275049439085,0.19598941394445735,0.15262423880415632,0.12978858412229233,0.18317100009623122,0.08974431400017124,0.19853362294390742,0.18302971016790615
2021-01-08,0.10728575587503819,0.1858851839199538,0.18710414293048228,0.13547766453689647,0.11575612305231253,0.13435278759255187,0.06137042440621343,0.16815221233853528,0.18537648227701098
2021-01-15,0.13703575713108584,0.16264691982943447,0.18340724514093676,0.13382417930455937,0.16692744154830486,0.2194664794701957,0.08251332060587213,0.20392455110902574,0.21179408973173253
2021-01-22,0.14560824640296133,0.19864603210469234,0.29728971510490787,0.192951217793496,0.16909831214551296,0.22453841360629578,0.0848585993300679,0.2205074693633673,0.11006161921211444
2021-01-29,0.17078715812204237,0.19048017669136286,0.2678385685190614,0.19118516942861596,0.2104319027836281,0.22594643157329575,0.08481953732773473,0.20692066842432766,0.10808403311640724
2021-02-05,0.09114618435323685,0.2106213046362484,0.32589988066128317,0.24434840091532273,0.1183016850773777,0.15203065479140143,0.03030652809270773,0.09416285189954898,-0.010989476915288066
2021-02-12,0.12133709058300646,0.1059792314632535,0.2083304666944148,0.1543174891079886,0.06969804203335972,0.1057161974177383,-0.0069816463773344495,0.11909063663882158,0.00704839411672431
2021-02-19,0.16115696556551917,0.155086396186352,0.22419918371554992,0.1744050683938294,0.03920348535959839,0.08218752391055428,0.003551333602128892,0.1104828133492326,-0.025251327540324553
2021-02-26,0.1486184729431681,0.16483019101806562,0.1941242236593137,0.14156671382209218,0.008653474401294048,0.04270479299086727,-0.01419592080458365,0.07470589117485815,0.019675700908001303
2021-03-05,0.0520829673536376,0.1442747546969656,0.16556238628719555,0.1641821342107992,0.037714374632493275,0.031869825870018964,-0.027567691512914827,0.0716042615431558,-0.04878413718662955
2021-03-12,0.07354656850715457,0.09151434886960352,0.09808706152896018,0.12122418134429225,0.06587879101905347,0.040603176109118344,-0.05143764814073304,0.05255254421841293,-0.051653913348420843
2021-03-19,0.028861642479281358,0.10019991078109136,0.08845855306985584,0.10592249306194645,0.08289795051716808,0.0562731837938788,-0.022521131274493733,0.040749361399615935,-0.07778169457689899
2021-03-26,-0.006949904082214076,0.08830560605029092,0.09694588573415874,0.13165752751722337,0.09796032868517912,0.050924528081613296,-0.009169546643437165,0.0562145046022664,-0.11276640778520353
2021-04-02,-0.0338202328712196,0.06985194319714516,0.07963647737813684,0.11451478455576591,0.10477838050689403,0.08305119937310312,-0.015976156168861166,0.03556769006387661,-0.08702729321983504
2021-04-09,-0.06267797836751754,0.03427408514648711,0.05666933840032318,0.10146780491724705,0.06106965086413574,0.038201605614361256,-0.02972995435439696,-0.040167296546522735,-0.12347884627264527
2021-04-16,-0.08061602836288806,0.03560924721702108,-0.012571634275891697,0.06915956790890476,0.058073545771875956,0.030603885096442518,-0.009113255591162606,-0.04874192586558124,-0.10068110353940618
2021-04-23,-0.11470462294702699,0.027413392293510697,0.01479011420936871,0.07627294689803321,0.06791569639961104,0.033532962912397934,0.0072634105271403016,-0.03564682088301652,-0.08143255604070276
2021-04-30,-0.041295375530443934,0.01696847343066743,0.018296050052718726,0.06873435384216009,0.09570724801821928,0.057362516068230285,0.026478555149522798,0.026015305105705266,-0.03611440071278871
2021-05-07,-0.0678913227434812,0.05053629339951016,0.06814691931739247,0.1334934913744501,0.10168448753777959,0.05620134962521384,0.014476965580234591,-0.02570464502346681,-0.09691036413200216
2021-05-14,-0.15054046677433774,-0.019838006584263823,0.008687952370555863,0.10584096014084032,0.08977348672050933,0.049586996448427456,-0.007512108301021669,-0.048436117961880853,-0.11065094435028477
2021-05-21,-0.12288811306820335,-0.022687886736500573,0.030686236004850542,0.08967724614193351,0.05877364756459791,0.03211434045162154,-0.001521729129149385,-0.04825491167770046,-0.09966736538622278
2021-05-28,-0.03870442824996445,-0.02049664550031416,0.01459870614878156,-0.03197751236996638,0.05567679732712705,0.0365117526857901,-0.00992390115965236,-0.07805529919947851,-0.09173812701408934
2021-06-04,0.01101496507553179,0.04351212989251074,0.046518808722785465,0.021594434826246456,0.053191056178976126,0.02422953445231535,-0.0035560490242962928,-0.06777527282825346,-0.030521966676802847
2021-06-11,0.026064267797966778,0.03276477290130231,0.05229518471970529,0.06208845897618609,0.017873571076021832,0.027261950239474864,-0.023318757140890156,-0.04718482174256344,0.010024564738719377
2021-06-18,0.042542471913062485,0.0416526016060903,0.05901812083887492,0.053435514588656474,0.007446983248586392,0.045375411549878564,-0.03188300104802089,-0.041874119565862955,0.070726993675164
2021-06-25,0.012717543199931569,0.06913257957865149,0.0667428454782577,0.06872600725951195,-0.004376319045217514,0.023917020372300257,-0.007754382259920867,-0.030887796925325617,0.045805225777540315
2021-07-02,0.0150769137420248,0.07794766904714479,0.07196705985790963,0.06025182500982851,-0.019063668289856395,-0.008556363424768954,-0.01632453112667953,0.0018187028207226064,0.07580679947229996
2021-07-09,0.009050658531361222,0.06465475063189174,0.05926006173576859,0.054700646984287005,-0.017610366579082992,0.007727006199316655,-0.05017583457526609,-0.007806233807182039,0.06750558104049986
2021-07-16,0.020579424948598657,0.05809458385030375,0.04675249490544964,0.04954397090779139,-0.022220469715829694,0.0020186717807870735,-0.05613562022311758,-0.007655259153583671,0.051041369222158295
2021-07-23,-0.007952950066623998,0.07076743500720895,0.006025044057830442,0.028874252538034995,-0.013154228064429674,0.013286810385282344,-0.05491796371699653,0.00920583530417396,0.04832066283476699
2021-07-30,-0.0067093053598057395,0.1046427524532838,0.02810330688068774,0.033813206184829525,-0.01920590082474405,-0.024315266904884503,-0.050063412204318425,0.017537246494157444,0.023251828464594837
2021-08-06,-0.037707302437585355,0.08040173078759949,0.03329121549412761,0.00035629339145337724,-0.010466234502212401,-0.04063063895474617,-0.06027034271165377,0.023626017950581613,0.0018389429985994354
2021-08-13,-0.037689304015342984,0.0614784457348545,0.0016001203504121264,-0.0021770860966334737,0.03920787165924189,-0.0180781167202122,-0.060376630426941524,0.04367104067933347,0.04224912783676871
2021-08-20,-0.03733917358755434,0.10103034295672941,0.036444204535703406,0.10197843994977873,0.015151370950203358,-0.01565879383373847,-0.03720989509164507,0.0615293402975734,0.019320954006090574
2021-08-27,-0.10948491622890266,0.08545335778204333,0.004699971197430486,0.04086895680741165,-0.02412057236683296,-0.018372784889817417,-0.049109135785074365,0.03066997702095442,-0.006205435862851161
2021-09-03,-0.09012437932879713,0.0636761027358741,-0.041041149660427934,-0.03185306389157283,-0.022552991336610262,-0.0002047953140067449,0.007391287227412668,-0.003931766861050789,-0.0014312052246587825
2021-09-10,-0.07585062757513228,0.06395603790739024,-0.03331978553733883,0.0036394010134479515,-0.023750599719068788,0.008378790016784876,0.008867598044764335,0.005142038054822606,-0.0015443772392398358
2021-09-17,-0.01758647301076266,0.09210093378383633,-0.014963738726093467,0.01747214940874464,-0.014531824081709388,0.013773448908217745,-0.008265397669035224,0.014502493602361,0.017238300989456334
2021-09-24,-0.07611307529329459,0.10210176136593141,-0.04447930331966887,0.008969077267092729,-0.016267558061173304,0.026794441575976435,-0.007187493741933615,0.018238451792921495,-0.005433039701346232
2021-10-01,-0.04667053746135785,0.10323251182767912,-0.05039749731040999,-0.013007741247132998,-0.021841489867737707,0.0328165936602316,-0.0008416492907317163,0.02002183448531447,-0.007271174857534035
2021-10-08,-0.04088002365204524,0.12710903754856773,-0.048874877884358625,-0.025735227844018382,-0.025974730057805928,0.033627260205661536,0.0025615272818679813,0.030812738554871544,0.012891099925019134
2021-10-15,-0.03288770576423161,0.11101981478929623,-0.0637592395096096,-0.06373845535095235,-0.01260648990669111,0.04048122875453952,0.026842117233397467,0.06522143827425708,0.03132891401963889
2021-10-22,-0.03135965372655214,0.11674279500869744,-0.10296241876118017,-0.07270003809785841,0.005326219043519487,0.05859490092449793,0.04795711535037839,0.0835423645911213,0.1009608587991444
2021-10-29,0.030411005989229523,0.14545427058044247,-0.07639434190062921,-0.04610046448019567,0.01198994916301821,0.07680674069241533,0.06066712687572462,0.09030972680569427,0.1506370100594463
2021-11-05,-0.002602152159075999,0.13906621042034573,-0.06321203032628198,-0.02101485959522975,0.0065847603165885005,0.06469992085540976,0.04752361247450132,0.06065505043472186,0.07577065746081146
2021-11-12,-0.021174985335811414,0.08459516942771828,-0.09610918775554378,-0.031228987319893875,0.023987429411041816,0.06208921042429427,0.01753183034647776,0.06956398256425267,0.14969447075845643
2021-11-19,0.024667706898940267,0.08061635628274644,-0.06582231381743053,0.018366857692805993,0.03971333086866835,0.050689833906684356,0.0086513616582371,0.09790030927076998,0.10706803094566908
2021-11-26,0.01297112998560479,0.09570798854644558,-0.030423737979360155,0.06950153521728275,0.04802676740503742,0.020797614734142655,-0.041486194358205,0.10649714535694876,0.07025612908419276
2021-12-03,0.0035184341664269425,0.06149892311747962,-0.05337290712212894,0.03474003747131782,0.02637542254849201,-0.024362278688861316,-0.04964568264594682,0.06853497283149146,0.05381117048549555
2021-12-10,-0.02269491648404731,-0.017301716451786575,-0.08628404167047599,-0.00845780935022944,0.001009558637722563,-0.02926184569543988,-0.048246519893504036,0.07026077304094969,0.0120751233692733
2021-12-17,0.04019889323064696,-0.009983896481184473,-0.05167794851177998,0.012656363366817303,0.02074559968410128,-0.00457477646573512,-0.03926901881914446,0.08133201994173511,0.039610935786777546
2021-12-24,0.02148755841608363,-0.0042084090553107245,-0.042368719311893344,0.03130866880838745,0.016290709500927036,0.006465276364219896,-0.019809023932958247,0.07175369668108189,0.04859196958918233
2021-12-31,0.011232548908322926,-0.04984038722818518,-0.03500618711648684,0.0315028169417495,0.018564059700143076,0.01977001156392255,-0.005281291357849938,0.052241656087693045,0.03662253686640149
2022-01-07,0.002113409585339454,-0.0305967265148972,-0.002238209306598904,0.08059083121344734,0.0034859387275449905,0.011046417636507044,0.002318430637743063,0.015266481005431487,0.03076191863222455
2022-01-14,-0.02250137991672929,-0.030706611914487425,0.007195912377834013,0.09062094709892499,0.009828944012577168,0.011699304548570488,-0.03512819048336979,0.010195778440218461,-0.02845269149760199
2022-01-21,-0.048117672271459355,-0.029093715507515938,-0.020158305355757022,0.07950005745151323,0.023688080692412683,0.01761780161916704,-0.020837997624254534,0.00744735876842384,-0.0038856618391562847
2022-01-28,-0.026727216639544693,0.007745294853247486,-0.028422582348017755,0.085884498819496,0.02978490720987992,0.017887271206535438,-0.02282117703913933,0.020278491697762746,0.033292221340715855
2022-02-04,-0.05925110374447762,-0.003088801168111388,-0.04699941794004303,0.05228912448681022,0.001229836161463993,0.008139113378289764,-0.007674322911034537,0.009635603989188724,-0.01217058566227358
2022-02-11,-0.06871192391601078,-0.046546328077608834,-0.1087351571213464,0.021589970258974134,0.031393491901212656,0.024353109119144456,-0.005540325503185173,0.012006470429220428,0.009907629906718896
2022-02-18,-0.060843968333424314,-0.03293198444220735,-0.07646237810036549,0.0088809203028557,0.05904775871809953,0.032380694349179784,0.03437362276030864,0.014087838740007186,-0.0014033469579768365
2022-02-25,-0.04393133580915354,-0.02220096845973174,-0.07813749070217124,0.027272115151474097,0.07968527109983903,0.061749977532785216,0.058329294838517676,0.049252687214176305,0.019099417573354316
2022-03-04,-0.06917987628643552,0.014567602800276802,-0.06759176700090475,0.048488027158571256,0.060220806831043916,0.056139264811097433,0.05819075672860041,0.052096893595587446,0.02201467992827766
2022-03-11,-0.11711784247555812,-0.0318029112353706,-0.10339239718526638,-0.002543756103005279,0.028661003460847212,0.03252007718670402,0.07443894280732088,0.04056235759353832,0.02061971283558961
2022-03-18,-0.14021857730670284,-0.07503967285164315,-0.10380297055431598,-0.005046860255527363,0.04340367083838004,0.009867524165994901,0.04313700709928803,0.04742937704680372,-0.025743535557339214
2022-03-25,-0.1429297044982718,-0.02110702426919353,-0.12569768306282114,-0.03123923928778538,0.06909195674990087,0.0249068135805377,0.04815407829052898,0.058023214570743775,-0.024558846999871875
2022-04-01,-0.16842886819388703,0.01652375831781505,-0.10689866317472951,-0.028525154905100436,0.0887820237194692,0.011504376497282642,0.022562873114878812,0.06201184999744491,0.00031023052060774603
2022-04-08,-0.12021009785131653,-0.011652823119590039,-0.08684011564944338,-0.030194692488766606,0.06458707296241428,0.026015703899485487,0.03770888545360762,0.05479482610377495,0.020019039075368283
2022-04-15,-0.11084962191074155,-0.008017933135642252,-0.07555825074699563,-0.03040685041990976,0.03040180129034553,0.007961621627910809,0.03286178919419491,0.07446264029825933,-0.034083257836233116
2022-04-22,-0.13189382454986998,-0.026161241817975522,-0.07884472742220527,-0.06271916615169992,0.012363841024127353,0.012990591661506734,0.03976686260558093,0.07296782060637952,-0.043235606493878365
2022-04-29,-0.12854764946171748,-0.008064375989395245,-0.05000001690174827,-0.051302409751746936,0.034746149051105846,0.030680163730933963,0.052510629212704885,0.08368951678035863,-0.035564455899772085
2022-05-06,-0.12780289477911566,0.004084746546499929,0.015413723442851968,-0.03742912658946551,0.007622291255199087,-0.004057869025249516,0.04974786535986642,0.07130700864113848,-0.1023051564190709
2022-05-13,-0.1631250668486377,-0.0239043007925428,-0.020278695599331265,-0.06318576492462036,-0.040792223945064876,-0.041835239160754156,-0.009258058700909011,0.05887368800552295,-0.07279771184284023
2022-05-20,-0.153693558579711,-0.057050927591950185,-0.03828204454588491,-0.10971748556349148,-0.0718550229735353,-0.07816980314810706,-0.037266104263422584,-0.04371448807880718,-0.15097797625535136
2022-05-27,-0.11475489038878983,-0.0904560655260287,-0.05246531028520618,-0.14113017292134167,-0.01649297911525771,-0.03448878692338564,-0.02712816478741864,0.004341932961622774,-0.0667795428045661
2022-06-03,-0.11666444026868561,-0.02382833231986936,-0.014097166329390731,-0.08925817513513756,0.0011676654060881475,-0.01991928042822444,-0.03630068168392775,0.014035475024071431,-0.08761121925022053
2022-06-10,-0.051690323325516374,0.006571019232339381,-0.028173509379009865,-0.08653522598604013,-0.005458517046907474,-0.006255919340419247,-0.019568886394417895,0.036919983075996754,-0.053542594777381325
2022-06-17,-0.006328145290956044,-0.0027788876748040536,0.0035146784168595957,-0.04212489458354263,-0.04573640126624312,-0.02772040876231241,-0.06310253628892326,0.01875665717574293,-0.0705864865927861
2022-06-24,0.031703782500283495,-0.06483531910625118,-0.04192667831120467,-0.05877273220793988,-0.09700802509847328,-0.07259249599462692,-0.09586294279101626,-0.009407150645946771,-0.11804061847120728
2022-07-01,0.027359786961527632,-0.11474518389924171,-0.1119151689348854,-0.12234923648347795,-0.09422715116482827,-0.08111304416715726,-0.10915992895450355,-0.005073480452230328,-0.14013752597789697
2022-07-08,0.05427034892687921,-0.1182808123877983,-0.14644884840757388,-0.14128202499258968,-0.08886713513121691,-0.06958404772235749,-0.10316530095008414,-0.05949660949901947,-0.12953621986632413
2022-07-15,0.0557217910256238,-0.12134834154813312,-0.15813333459237278,-0.18654486441931084,-0.06329203999809963,-0.0720995541169911,-0.10838513473058242,-0.07091147184656599,-0.09343617627710366
2022-07-22,0.05697165387489811,-0.0745264440506137,-0.1371165790547666,-0.16175975050743752,-0.08114339621727495,-0.0976096528509478,-0.12167644570921343,-0.08272782610409557,-0.12192421666390096
2022-07-29,0.05379958769599824,-0.06761823454432836,-0.1487059176704726,-0.1570545339717171,-0.05371543736984563,-0.07127484415048713,-0.08787117462931082,-0.048458758514117406,-0.07203928984060504
2022-08-05,0.06470447817042846,-0.022654862819260657,-0.11881044587969569,-0.10426301047426101,-0.024705067519096957,-0.03317220301851531,-0.04719236440459085,-0.03918558816209128,-0.06793308367796946
2022-08-12,0.04133171767061583,0.04451203224120093,-0.07578571084076025,-0.08972634211381525,0.02833659885649986,0.01049148368931796,-0.028144052473342285,0.07116566565391658,0.004119001464504279
2022-08-19,0.02746657923943019,0.09744696318439594,-0.0445369419817645,-0.05161732987363443,0.008814392267716187,-0.00042524213249528486,-0.028103744330656433,0.030062301197206764,-0.006941874479649002
2022-08-26,0.03674682401629248,0.08437385295172106,-0.04310519976786509,-0.054469459983463864,0.004928171825344663,-0.007859946672542861,-0.02774168464316773,0.02059107774420532,0.02026853785706706
2022-09-02,0.0043869136563667865,0.08248372576847629,-0.05667755923369011,-0.05415308797016749,0.005418512061666547,-0.0017555320458759738,-0.024713909059246753,-0.006664685032834683,0.001645188196688352
2022-09-09,-0.052145523709301145,0.05710447918093742,-0.07364809194196198,-0.0800986924907896,0.007502281791628818,-0.006433656519163833,-0.0018558661063643456,0.01269395873231538,0.024596840466395875
2022-09-16,-0.05124395014082417,0.07933028237681405,-0.07453981629345119,-0.11492868930615785,0.05184590159833391,0.05927665606453125,0.026948032463854688,0.04312334266080242,0.042431675677585545
2022-09-23,-0.1110940702599077,0.15364239828440596,-0.023481922256960885,-0.07002702755701762,0.049113780225908954,0.03853988510669204,0.021081975412397647,0.017722770403967303,0.051899698923771
2022-09-30,-0.1470187950591395,0.1103492455508146,0.006813547282193966,-0.049670883738638594,0.04160538310650708,0.03685373281635851,-0.017226451475231386,0.05501386335756031,0.01516179287852637
2022-10-07,-0.15183706952907094,0.09531566248115908,-0.006711054865112587,-0.015790101325391603,-0.00032580052991093567,0.020106288976365683,-0.02209689895246658,0.04362909904084944,-0.10266889582817029
2022-10-14,-0.1102859591863492,0.05246596018290717,-0.08665679304106622,-0.07461209068826413,0.014943528316193166,0.029741706424289305,-0.00880888278137526,0.05482571103565448,-0.043391030098188565
2022-10-21,-0.09803034027289748,0.07589395986553349,-0.04301446220281857,-0.06007136204858554,-0.04557327396807942,0.00517102430230576,-0.05852941414987267,-0.010572961652380641,-0.05896446033140812
2022-10-28,-0.10808197603936343,0.027504930291108565,-0.07846061467020515,-0.1299119950419616,-0.07821168274360346,0.00941375060915739,-0.031180107403005586,0.0095424169921845,-0.05405930481108712
2022-11-04,-0.16026964700713542,0.0240722961593427,-0.10229679747647236,-0.15711082070868088,-0.07057091087605905,0.0031055538248496717,-0.03679124686502622,-0.004047189909528015,-0.04014734638868056
2022-11-11,-0.10664844833280895,0.02213009142616862,-0.09352920685842392,-0.16190991203153082,-0.04349857069233387,0.002499554952521521,-0.04613532821238309,-0.011816879381058243,-0.07984408547909894
2022-11-18,-0.09141180747391076,0.023398889132876022,-0.07365772204435306,-0.16012978837084546,-0.005615597536124284,0.006968626605230455,-0.02437676420128465,-0.011671721462239049,-0.08782254040164084
2022-11-25,-0.07741260440887743,0.03275176661250967,-0.003830506005055412,-0.09534029295970115,0.006961339169350822,-0.016799080593492555,-0.03456394183849554,-0.007465097443636992,-0.04779118164521989
2022-12-02,-0.06357252573741867,0.04175806140706406,-0.014841375164127868,-0.05194995612987796,0.012049309842455003,-0.0008078964605218175,-0.0031164809018182638,-0.01743208337435931,-0.012889297581166304
2022-12-09,-0.05597123639299184,0.05400705433777908,0.011738701039229582,0.007162302213046701,-0.001168337276361342,-0.007881724533358891,-0.009891529885073247,-0.031276197739030565,-0.01776972682855238
2022-12-16,0.016533136979306917,0.04724464614709767,0.020774372697776933,0.02620835460658988,-0.006852685445231543,-0.004468999578718602,0.006710841962383363,-0.0653866386559443,0.004775736499427197
2022-12-23,0.025150328542681066,0.05362474534680217,0.0026237383602714104,0.00981789874880512,0.00423939743551216,-0.007813693344987271,0.03689733585710275,-0.05238791506911511,0.03715687035672666
2022-12-30,0.006112861637729949,0.052919456341385285,0.030118276011733336,0.028638184467041583,0.039911745980026225,0.01748686618073947,0.05581186998443677,-0.034699938145763554,0.13044904131432666
2023-01-06,0.017388525431211832,0.040832407263252435,0.07082557674118206,0.06118629562436162,0.03298965906867046,0.05481127511894357,0.06170511895018915,-0.02538997769026352,0.10157076077622662
2023-01-13,0.0353900234049096,0.04465174912607672,0.0015931123649401968,0.0312820384411463,0.07511370434782094,0.0699466402477178,0.06854188600369238,-0.0192570070600393,0.1215583540276981
2023-01-20,0.08486054757883821,0.038455137231608205,0.03439302052900217,0.0906186072405788,0.10348161565147329,0.05525916498347705,0.03305473553713956,-0.05505811832300189,0.14994750920769384
2023-01-27,0.16617484547216854,0.021406331709171056,0.07525275836519185,0.14531221145816886,0.07386441398011989,0.043365346335720645,0.035978422856625336,-0.026002380484028365,0.13695653339933678
2023-02-03,0.10435049732231683,0.013450081232399214,0.054417047311942746,0.1550287675106592,0.08100289108853076,0.03324750997207371,0.04038248420555046,-0.021019227841161836,0.13112125951569098
2023-02-10,0.08913510529546897,-0.028712972879835874,0.05613119578722703,0.1365669764488473,0.04717915980589815,0.03071520754864121,0.015047534726914336,-0.025353087954421483,0.11136652257339463
2023-02-17,0.07711067571532304,-0.027382852346958586,-0.0011121051360145628,0.10784422867262045,0.02667460036651015,0.028759275741527368,0.01728550413382912,-0.02891544054580031,0.06603034826085441
2023-02-24,0.06627787305118638,-0.02495141768392628,0.010276411553173936,0.07192205048950662,0.025506029008409925,0.018842363896740544,-0.006505975490134652,-0.02257426636213289,0.025711937003048746
2023-03-03,0.04794160591366747,-0.031192740948974063,0.005461174898155008,0.0463553895986184,0.0070810392733946514,-0.004646414416146882,-0.01701531556915903,-0.023503600445177852,0.02979223112022389
2023-03-10,0.03255630572769519,-0.06807026285270368,-0.004413400495038466,0.03499088858344912,-0.00430689814699825,-0.010061973244712696,-0.01613279425937897,0.01456449596185827,0.011371065343869446
2023-03-17,0.0032595400619594983,-0.050009103632179475,0.017851134973651206,0.05959369890312338,-0.019750604618351986,-0.012029996012213218,-0.031229140167238434,-0.006907192590084321,0.014271568599774298
2023-03-24,0.033546057859942024,-0.04799432350948862,0.01454193265119752,0.06641324044659314,-0.023109313151348232,-0.033877036398665794,-0.04362511444614814,-0.01816754731374637,-0.010961814508394951
2023-03-31,0.03935849098580135,-0.04049901933699651,0.034827636938105755,0.07952692014035811,-0.011968038691348326,-0.04712404725016217,-0.06619598439419949,-0.012982746723514182,0.005434168663715155
2023-04-07,0.017441071999229507,-0.06622895731102041,0.07681529365001438,0.11839892962895426,-0.005453206936790522,-0.03941381843497549,-0.03993448645368147,0.017898250445707475,-0.025562520857759452
2023-04-14,0.011930375255639447,-0.02837847169453589,0.07845291188240111,0.09893318208537494,0.0020411791328669437,-0.06425433040443806,-0.046543904595184316,0.022470547248701678,-0.06893029738246881
2023-04-21,-0.02164336018325308,-0.020107129952599223,0.04279131255853841,0.06606114386767636,0.0027136153648434913,-0.05174369430163139,-0.044429646468871375,-0.008231248054904938,-0.08495096330556073
2023-04-28,-0.03627331844760917,-0.011136435311126291,0.0709937129747269,0.06459950027801575,-0.021558213296316353,-0.07593331747715393,-0.05168875520561311,-0.01124932676540169,-0.07839209455307028
2023-05-05,-0.027548886147817697,0.0011184159401782523,0.02401665025390276,0.04389372109693923,-0.034198199420789166,-0.09906523704136916,-0.051290822545800197,0.0005762451770205956,-0.05895150060793597
2023-05-12,-0.022019333124822182,0.0117459913534681,0.008482707184941596,-0.0015060050617794474,-0.028387437579453945,-0.08214455635953577,-0.02997853238591741,-0.013564485311396979,-0.02818703912306475
2023-05-19,-0.02427282320745583,0.011830175130722154,0.012557828279837757,0.0025258946326225384,-0.03666357297071876,-0.056236065627826015,-0.03723419817786855,-0.027634546794795156,-0.03007899794158142
2023-05-26,-0.029109216662895676,0.02044253321754752,0.009828298403171232,0.0014627822708064286,-0.024584538730351824,-0.07570040720041327,-0.01958930573453177,-0.023016937533903103,-0.0031983967881838993
2023-06-02,-0.07009069891131148,0.041363706714905746,0.046035459378477306,0.0423773843055244,-0.007649806460914732,-0.048477806306830296,-0.03541029429871845,-0.018760405765601007,-0.018986476906189154
2023-06-09,-0.02690426766719689,0.0501577685538841,0.050799560083683915,0.05585588244954742,-0.003508980180509269,-0.04373311359991128,-0.03682984814754331,-0.019710363683403287,-0.011886974614832013
2023-06-16,-0.03133337893836163,0.0624009677943711,0.08282235896438817,0.07329348677913039,0.0011585103921234463,-0.005489339738459442,-0.025577025300222545,0.00236115752369237,0.005768741430058455
2023-06-23,-0.01594447074274541,0.08211051275510428,0.09754692501361895,0.0887079934751469,0.014643368751956487,-0.020602142727617512,-0.007954681135446506,-0.009465629224937544,-0.014313951487377352
2023-06-30,-0.04723580409194206,0.10526313734743908,0.0836990793270882,0.08282204507200497,-0.02086735667369055,-0.06658016464137884,-0.022535323894123493,-0.024626588802201255,-0.0164632752393441
2023-07-07,-0.07053877914942852,0.0725225919069814,0.036953179729914076,0.08074062512925018,-0.02907193101139427,-0.048039052917366654,-0.035927565447805954,-0.019456498282670154,-0.003155156215097321
2023-07-14,-0.06729239101858653,0.0864891984204057,0.02923038190782634,0.06591532367546904,-0.05067420852147286,-0.0662935098877453,-0.04086177103431954,-0.015089277951265245,-0.015999171839194304
2023-07-21,-0.0336581325515084,0.08098115330394151,-0.01756743620952328,0.04509496415806247,-0.022279456488922378,-0.026293009563161718,-0.007070807809537172,0.00697741166664656,0.015876814932532568
2023-07-28,-0.05279024634872975,0.10445225295989324,0.032442383535777886,0.10230187684898517,0.002379059302143105,8.501260480464623e-05,-0.001717636587368787,-0.005061287859961183,0.0033874227728336592
2023-08-04,-0.006027769879688449,0.08892393013900879,0.04235571840505603,0.08908219028552189,0.03150099266416717,0.006481266410735209,0.013403453951095656,0.0164527591230339,-0.009075317791975124
2023-08-11,0.020814137112953546,0.08367853756708321,0.04203967472008596,0.10135707417713036,0.02579462312066383,-0.019982487835569884,0.01554354145266501,0.021397944353124032,-0.0195431959042498
2023-08-18,-0.015402429213860813,0.06357640448883117,0.05017771004524274,0.08298324185684436,0.0282277737403529,0.013291781070235764,0.019836392174862105,0.026424345380082315,-0.03958143271256631
2023-08-25,-0.01753821991823834,0.06512237617276107,0.020850620349670557,0.026016099261763515,-0.01048695462687732,-0.007685384521037619,0.030264816612383783,0.025529121051453885,-0.037433575621374615
2023-09-01,-0.04033842453689118,0.04289526807421851,-0.0214531928525874,-0.00752534387858006,0.007419584773753485,0.018762276455523086,0.04470480761042417,0.03876422015721559,-0.055472365708888915
2023-09-08,-0.01185354044844189,0.03871922466019306,-0.03211681175720926,-0.013579012625447362,0.014432665360134322,0.004107019140001,0.06154411810666982,0.041497569044118165,-0.051411794547744805
2023-09-15,-0.058006689614130025,0.04589910001794806,-0.029762786454925916,-0.014402297894811511,-0.016166640997271386,-0.007867263486615705,0.04666828896280606,0.03321564540917166,-0.044841967496235924
2023-09-22,-0.041007698726341246,0.05145011306929348,-0.03019866202147714,-0.04210818284696671,0.02753140767392992,0.023961376730344597,0.047828001342412385,0.05037694174991536,-0.042692161668020034
2023-09-29,-0.027310709747794704,0.07862691969220847,0.012058822920099743,-0.01649818274669279,-0.00034005488002186723,0.01288318999824245,0.05204736105525232,0.051911967407420434,-0.05159872782116359
2023-10-06,-0.036245088780477275,0.024970870292284175,-0.022140281906121828,-0.03434250039092568,0.02452269220430736,-0.012883626217891297,0.033195521478267764,0.032725131305507915,-0.009100656735039792
2023-10-13,-0.05524938898319931,0.015730332746899833,-0.024697856577509114,-0.018806688533373972,-0.02311788110595181,-0.053774831685971414,0.0033863947496870495,0.0027541631107368403,-0.056646475397021945
2023-10-20,-0.04235589001523543,0.004538740006347908,-0.0872376117080762,-0.045158168275877486,-0.028624699408569043,-0.052696755051956146,0.021430941353334454,0.006659843836580137,-0.059057417894383235
2023-10-27,-0.12869359749153908,0.0003063597522956485,-0.06066317974511737,-0.014676749930545796,-0.09140552133656854,-0.09789569877799931,-0.006439831482363267,-0.007427559337729761,-0.07559267302713124
2023-11-03,-0.1209945029056616,-0.005277043635020462,-0.09370889843735064,-0.05053656316547439,-0.0725944363679698,-0.09753878940312521,-0.002292951394459841,-0.01381913292479986,-0.07880603692132482
2023-11-10,-0.08041135814021061,-0.0243631464522025,-0.12245767228908555,-0.04300885810138766,-0.046799904953218174,-0.07814676689063482,-0.004974056466493515,-0.013334039104327289,-0.06725146684185823
2023-11-17,-0.05360764284282027,-0.01022800563292492,-0.08995495610568316,-0.005654083908282814,-0.021415935805048747,-0.08913687306977014,-0.0006294811830436231,-0.007410722563482963,-0.020620446401130366
2023-11-24,-0.03877790649799451,0.011092999936986203,-0.03860345510370067,0.018229405255876685,-0.020654620922044842,-0.09713340220292555,0.011194300878399233,0.011854004892615677,0.008289398850362062
2023-12-01,-0.06919465948758052,0.0239000442006283,-0.019760153385376178,0.04318620364997017,-0.04377677259522095,-0.11101846647195313,-0.006519638497768376,0.004572303446899184,0.014206828851309083
2023-12-08,-0.07122339989343907,0.018323224846993114,-0.026513605632600523,0.037872803024656676,-0.03729834729081993,-0.1141193440403363,0.0009823689619530285,0.019325454353230853,0.0035675023319470256
2023-12-15,-0.08708638609003394,0.02234934752124218,-0.016890414581149926,0.05071473127322079,-0.053196340790671925,-0.11029909693348383,-0.011761597149978265,0.025005140558548078,0.01754418190600049
2023-12-22,-0.11236470303955848,0.037760412395156706,-0.03259826881650785,0.02699894149001203,-0.027942140559627404,-0.09036835222871975,0.008390946962055779,0.024515031066291826,0.05320070429478285
2023-12-29,-0.10035524671284435,0.08672394650076498,0.02185946190989263,0.07819705197169924,-0.024251982513316506,-0.04613335937993934,0.02099050508459932,0.04199225567358589,0.028040619777119247
2024-01-05,-0.07261254430421005,0.08354189510008858,0.05310276107049461,0.07325078907505045,0.02054117176369985,-0.01583608751953225,0.02631492517455225,0.05428498177971264,0.02991413447917779
2024-01-12,-0.09568940664207481,0.10050277974971067,0.09745047287662345,0.08191419115030563,-0.00046781129534245736,-0.015833811767991257,0.029656816603752745,0.0593894686101617,0.05635805193148613
2024-01-19,-0.06667015813091126,0.09460317809853791,0.048449852504655944,0.042953149711918215,0.036705612658529674,0.010082278745616513,0.031624214493954916,0.055651191322947824,0.07829382114939243
2024-01-26,-0.08570896356665969,0.11363849074280807,0.061263427024860206,0.06317257087919614,0.02910986439381702,-0.004128866747506343,0.030375217550828282,0.06703531167738852,0.08694232607209784
2024-02-02,-0.07239976318079044,0.12446417195755721,0.07119673119955205,0.09155337220963133,0.0050355561340804655,-0.03702838093203198,0.038127755665837704,0.050023289512921565,0.11005971395285385
2024-02-09,-0.1204091705254271,0.10467075175756513,0.045488458579852065,0.08627169883532204,0.02325423526665915,-0.003958687772124492,0.0482239185243305,0.06116948353141183,0.08480548224408935
2024-02-16,-0.058617672856493996,0.11265095512086098,0.0818969786240542,0.07932521594943687,0.004352574423394984,-0.01955021880298169,0.03472321123232014,0.0362366053167662,0.09780681219851317
2024-02-23,-0.050157261686321064,0.09887534762316896,0.059139027668538624,0.050265190302356544,0.040257147692946305,-0.008018148356711663,0.05332195222734626,0.04544664955590605,0.09193754921161279
2024-03-01,0.001967697139209079,0.10747651911494138,0.05914978345414035,0.0735722203599174,0.030152621665877177,0.012834670236146373,0.061726667736746066,0.032770467539267045,0.10162410783067344
2024-03-08,0.039888469548358785,0.09162584366389481,0.06292395140816254,0.07991799685018108,0.008014143612053104,-0.009874880582644074,0.0644856406920109,0.02105028110762852,0.10421482940027715
2024-03-15,0.05907800059471846,0.06503197572294539,0.048267094466746485,0.0855115078300468,0.009764430349372688,-0.0033195947602324694,0.05157839169688483,0.02620343095022548,0.06914042698954326
2024-03-22,0.06742167308970437,0.047193980810211755,0.04455046554263653,0.1128529709442887,0.010340200599749494,-0.013650597293524136,0.06549937965282293,0.012431528228754374,0.04824357873939711
2024-03-29,0.03265433599798406,0.03107961791127778,0.025571285171450242,0.11202250963921934,-0.006905933699401956,-0.02489321893077001,0.05856096510984443,0.010580043953469342,0.06481861582904003
2024-04-05,0.060709608240301804,0.016672319633599386,0.03452702764260707,0.1205685783745789,0.012393441727409638,-0.03565722204137156,0.03205640132038834,-0.008443820391452306,0.04048237090540141
2024-04-12,0.08283520294581237,0.02798239693475324,0.06332976980648031,0.1470534521071798,0.008280884389826326,-0.02721466147848517,0.04464701478587152,0.006297368970008321,0.015278921492484443
2024-04-19,0.06111347206587325,0.027886265397071952,0.07224007047375469,0.1495376343895991,0.020292098650470436,0.009982485941242736,0.042588767793581894,0.008196109841827948,0.0236812447288699
2024-04-26,0.06047675011868492,0.042990253778125265,0.08116882096411704,0.15937878185326682,0.00535982747891417,-0.026717831937416392,0.027042923731429802,-0.0069980014089008336,-0.037034978714009625
2024-05-03,0.11978998927520301,0.036528535018154784,0.044698018309714094,0.08170865991733933,0.031065042603852788,-0.017595077865440345,0.037899054614652705,-0.02840288835099969,-0.01177278144306193
2024-05-10,0.06874538648513351,0.025576368025920004,0.01556283354823318,0.1080440208104747,0.048096493920333216,-0.013378053191724248,0.04985767554702569,-0.01397780121706127,-0.03484907118610536
2024-05-17,0.08577036352118128,0.03133450431900542,0.021262092847176284,0.11641858017720885,0.02111664549579828,-0.010420046640466474,0.042836982402176815,-0.03421634171719212,-0.053998276603353546
2024-05-24,0.05253373467016864,0.0006576575383476779,0.029341494325050732,0.10700937253120735,0.0395749654461941,-0.011119137004934387,0.042656977414748276,0.003030729856650538,-0.043536608880600625
2024-05-31,0.017839807062886237,0.012939996769421924,0.021112290896940777,0.1181656034270766,0.056056532233903056,-0.0021523490134987,0.051559835369804574,-0.012319299860953592,-0.044277765822736015
2024-06-07,0.009827682002637061,0.025531048929661182,0.016976144837548723,0.13002622072107783,0.058471111033334466,-0.02984028614980261,0.03623497024838862,-0.05731119171005794,-0.0761636304753548
2024-06-14,0.001153399436386593,0.00165022219939992,-0.016487517236500437,0.06784415539259392,0.0485386023383807,-0.03921378697023137,0.041025215692427786,-0.06048573032975213,-0.04551541615952637
2024-06-21,-0.0009793228215588812,0.0559272702614102,0.020718765584098797,0.10485445596603427,0.02442904253051026,-0.055439109377082296,0.041235034292678385,-0.08742812805252065,-0.07515708160575585
2024-06-28,-0.011903853009810561,0.06010498003137421,0.0035809138715530153,0.10663602433342945,0.02511912261076432,-0.053306713011003204,0.03473948695945328,-0.057725252708536345,-0.11420288113632893
2024-07-05,-0.030200916531516242,0.05125499904106867,0.013607423266519092,0.13610347820361035,0.03497195069299153,-0.05577300688268316,0.022154313990800034,-0.0311241649147167,-0.05071248753333357
2024-07-12,-0.012966925087942727,0.06437138670696108,0.030339607523224288,0.12442401815605386,0.05852852825491439,-0.062338105060860904,0.03794184509218823,-0.0046092811484541585,-0.02534171898408566
2024-07-19,-0.01974954625214309,0.07708019055741389,0.06510537277427009,0.1275068032479023,0.09634537169830182,-3.002867738910453e-05,0.04515977511995839,0.03333846270411023,0.03135638366942395
2024-07-26,-0.012704974435299832,0.10105882166475944,0.09739635856300577,0.20278230778726503,0.049792824713568606,-0.031977861814249664,0.03823351308229217,0.036069467797533505,0.02428355656653558
2024-08-02,-0.05564848851525639,0.0899823598750995,0.05105120178764366,0.1280539578890849,0.039752830759738345,-0.046857248941303276,0.014545279494426744,0.021278506445124634,0.016559161605263384
2024-08-09,-0.08000384069372402,0.09980650923566614,0.020438797250949214,0.08433309392897925,0.027204303482854186,-0.04382111771558961,0.006463848742003897,0.030471100831693576,0.014236477822370475
2024-08-16,-0.09889929582107193,0.11397118443532861,-0.01903895904377073,0.04389452535584404,-0.015710609040175072,-0.06391577027465889,-0.012805723027572213,-0.008266965260942172,0.004388507694063293
2024-08-23,-0.07368985543669382,0.07964608308034826,-0.05127745454458932,0.009854629996898012,0.01089455932275385,-0.04610410553247046,0.002774953219027765,0.028622295842064105,0.033785883447180254
2024-08-30,-0.07321234988233805,0.06672404359664874,0.0035767183982828854,0.03570894671811864,0.015287497819524987,0.00682090975309535,0.024168827894850864,0.07907123153513318,0.07900450674237725
2024-09-06,-0.0733207810180776,0.09689786185643534,0.024417637352138755,0.04541645764900437,0.03311934454935184,0.019563668894698516,0.03697496416065871,0.10618791194707633,0.0564806524928958
2024-09-13,-0.09165883059117341,0.0802370594996642,-0.017921613333936826,0.01857033994472701,0.04648927608755926,0.08862500214522395,0.028096215741968855,0.13676058939273616,0.08299034861047971
2024-09-20,-0.1011760985766621,0.05740874899741932,-0.0808103497265158,-0.04869110096975149,0.0747596009842173,0.08646073462876736,0.03811077644509453,0.1270623276813332,0.13133912470485676
2024-09-27,-0.07826936181906774,0.07598787886084324,-0.07797338417413524,-0.06639359055668947,0.08397528769374141,0.10962594150854876,0.0483261714483989,0.09183814557857595,0.12316421921086373
2024-10-04,0.07646036864057137,0.07152825568916654,-0.07588235426872458,-0.03863271946296365,0.04655652988831527,0.10012193081631082,0.030004298999178225,0.059353264961993446,0.13461086061517413
2024-10-11,0.1459009361543977,0.0734983022356186,-0.07712442360359617,-0.03164601333084249,0.025781351761478888,0.08087855398190325,0.006715875818999351,0.022736373351515127,0.11626585942337897
2024-10-18,0.09383153378111331,0.020698785604094994,-0.10597907117539762,-0.06987838061774099,0.03595152838189719,0.1098677063743434,-0.0018348067897795417,0.030526233867513852,0.07358724241761827
2024-10-25,0.14092088977086803,0.017511254077442473,-0.07367439596324754,0.0014148730045384639,0.060505301372829834,0.13076021225754264,0.02032062606296048,0.06273799204906894,0.0976213197490452
2024-11-01,0.1561658926410079,0.0007728084524138978,-0.051865645233035274,0.060012110518199435,0.06079700080607253,0.108400639543345,0.004490075204275357,0.05154011253486246,0.10194940869455138
2024-11-08,0.1549526252843716,-0.021960656355890507,-0.035338102972675145,0.07607541314923871,0.08618762476593922,0.12118065443670822,0.004956213680958221,0.03363773923266322,0.07184128340440665
2024-11-15,0.2043192743766582,-0.0025949305578443216,-0.017958730794308764,0.05927643567794405,0.10507504950711777,0.11697431783945422,-0.0016393749395957613,-0.0196889618282583,0.018780186734499438
2024-11-22,0.17634323702414711,-0.016141457291171335,-0.05176894408920507,0.052494644307122584,0.1001046817597917,0.06276232788696756,-0.026827870200091475,-0.052106382278223506,-0.04184467914641843
2024-11-29,0.15174736510351394,-0.053385742215155574,-0.11140832612763685,0.026046431072055398,0.0843710899928265,0.06220792879295356,-0.05448361059832152,-0.0639473139466773,-0.017168550485315848
2024-12-06,0.19231881744630464,-0.0540858236902757,-0.06690479424266549,0.02817082706968499,0.07922670924822661,-7.004812308952779e-05,-0.036235915419002396,-0.08195139073611912,-0.04757228003558467
2024-12-13,0.2292220564104941,-0.02944280290988921,-0.03535033765216866,0.037869684597660935,0.06348537951907574,0.019170715916796865,-0.023826692174468533,-0.05652684324759072,-0.042721769096324635
2024-12-20,0.20596937800835668,-0.027131053367082103,-0.0588749758575835,0.06380481308266539,0.04993296921816359,-0.01388679993183306,-0.03665930992399158,-0.055525376972592966,-0.09175337707459619
2024-12-27,0.058734576878523015,-0.040459045460702114,-0.038885915326941856,0.038121566258526585,0.040198521270440324,-0.060461289984615973,-0.04225140204939404,-0.09721724069619953,-0.14800266158131414
2025-01-03,-0.009206353905099718,-0.10423874203090833,-0.09728020695088269,-0.013788837103048124,0.049597435463375916,-0.030075605312919862,-0.001123350772344267,-0.06326070702302289,-0.13439488575262537
2025-01-10,-0.029235971642791014,-0.049211206958275966,-0.06633878718437991,0.04270084288701348,0.061864266926130895,-0.05980358626265225,-0.002506889125049483,-0.04851782279651751,-0.10164029325150814
2025-01-17,-0.05035205616571048,-0.03919307401072558,-0.06153766158938634,0.00029076659113336234,0.0433756307166675,-0.08531279805856329,-0.02683328091323922,-0.09046468195481161,-0.13236755710395265
2025-01-24,-0.037096402131600925,-0.05893944617335478,-0.030548797951007067,-0.020448837048682833,0.058732280202688614,-0.08763650944671841,-0.032391953519042005,-0.07276296865538434,-0.14103315031959163
2025-01-31,-0.014803038189155515,-0.04126872963858297,-0.02338939791495509,-0.008618761027525679,0.06764547911364893,-0.07817365719190938,-0.01903944274179814,-0.04624827480389726,-0.1261809794578248
2025-02-07,-0.07248855861844206,-0.051160448502061584,-0.002189339269032864,0.03219464372200065,0.03468598514973209,-0.10818725079436309,-0.04048177787811902,-0.024728992153105978,-0.17405333821141866
2025-02-14,-0.01936833666932536,-0.027969285100102326,-0.017241670625957717,-0.0012098737013541694,0.030693484523370174,-0.11797627781410469,-0.0009612515857888582,-0.06024361611174811,-0.08135322981115856
2025-02-21,0.018786644511957107,0.00115729325240288,0.042551339184503156,0.03182801982864625,0.03449667303261528,-0.12833949291752145,0.001144157691659764,-0.08058500577020844,-0.11206702786181033
2025-02-28,0.015670958643367427,-0.04176837212490625,0.035276590055469015,0.010781978100862233,0.04972840475661755,-0.13584573768126074,-0.0020468908230375504,-0.044738225530231546,-0.08119852706475505
2025-03-07,-0.021134703048961256,-0.05692076977625682,0.07778908542750518,0.06384695696392306,0.025883351271488664,-0.18749760611252153,-0.024185999889585474,-0.16327937327631936,-0.11502627081152994
2025-03-14,0.0027497132413305536,-0.10920942257899924,0.04218374482978948,-0.006058429500859219,0.026961449706954355,-0.1748298008498841,-0.03896539221509254,-0.098754976699297,-0.04928987262025153
2025-03-21,0.01986882093295783,-0.09371868518840643,0.02729343746497559,-0.01949375876638726,0.030730519868230388,-0.1509934381674718,-0.05108793653092292,-0.06939842915155481,-0.01768009336403331
2025-03-28,-0.01680188163063967,-0.05178095964682505,0.06529214180061604,-0.02438163597110332,0.040228441003051785,-0.16641404811967941,-0.07834640213846544,-0.11723172942202353,-0.04096374854496432
2025-04-04,0.03641333643349576,-0.019634332859123305,0.0945095560541338,-0.046906923835212666,0.04389546837032299,-0.16387578642323675,-0.07372471899049593,-0.09569367537177875,-0.07161102020633336
2025-04-11,0.03398281694924421,-0.02042824083757111,0.04643326939866643,-0.05867218827107834,0.0063717698025893554,-0.19537282432912484,-0.06328743968715855,-0.08509069438833095,-0.06554225936610969
2025-04-18,-0.01634867680411567,-0.022750056131034313,-0.02022071625725541,-0.07738623405191092,-0.08149731704621743,-0.17210856438017164,-0.07414332345730479,-0.1332279001650747,-0.04338268419214053
2025-04-25,-0.015868047646154793,-0.01627825459205745,-0.03665666743206675,-0.17002307685319806,-0.022309117425651337,-0.16252718351471174,-0.048383569710033214,-0.10709571836646425,-0.0259981402570979
2025-05-02,-0.007914224108130696,0.03235849916197431,-0.021266801798750734,-0.19306426590622827,-0.008344233007397506,-0.12589880083018468,-0.031129801563172244,-0.06243360804586828,0.06698548726118325
2025-05-09,-0.031876820601429046,0.023451512972735955,0.011426619339770738,-0.16873267340635323,-0.004224978256729628,-0.06702036350337348,-0.030908185765286866,0.010791128314670217,0.04088626550807817
2025-05-16,-0.0238541747356269,0.03284808019043339,0.014904707693576214,-0.12171673320501952,-0.00034564322225527633,-0.04927216066640039,-0.028745486427649958,0.02885512646761157,0.06342139324892315
2025-05-23,-0.022714585559260314,0.04597372004565692,-0.005332499788511136,-0.10163899976247137,-0.008193908495943703,-0.04131661614731108,-0.012191956962210426,0.043649678455738083,0.05851758068311419
2025-05-30,-0.0020019769125454445,0.09308681617308423,-0.01049342671671738,-0.08283851293050937,-0.003414710213780481,-0.02299183662175963,-0.025286870538987927,0.1401746117571978,0.06692169472412068
2025-06-06,-0.026665711594848318,0.11628987359254594,0.02314698639525581,-0.06269480758168555,-0.005088952203603725,-0.044963149643733935,-0.0254757495666178,0.07820752914475193,0.006841896273439119
2025-06-13,-0.03365061543953374,0.09300784689437513,0.05102272710267286,-0.05596522776630586,0.025295062797283663,-0.032320501401182256,0.0030637804839592775,0.08777978441838918,0.013050560493995889
2025-06-20,-0.012989199037964028,0.1100618663789632,0.09142520219549066,-0.01409141303815531,-0.0038352303426840706,-0.05536400376404238,0.008374283285668582,0.1354674412275596,0.020350811401229407
2025-06-27,-0.017658711254302517,0.05694188209233708,0.09089002067204088,-0.006149237852408618,-0.022659214390461813,-0.0962098144363317,-0.007233844148328394,0.059120679857095126,0.030806755193047763
2025-07-04,0.015484823605847353,0.06553826145836616,0.16664803286162044,0.020292283912455744,0.036025178861747165,-0.03877040974175916,0.01584309100240855,0.05770983921682671,0.051895740346148855
2025-07-11,0.05993993336214487,0.1127366101130054,0.21472505922743235,0.05844460052535361,0.13335700168443587,-0.007755975907415724,0.06353656549956721,0.09192829382342005,0.05019963193134913
2025-07-18,0.06224681056850301,0.10913592405256978,0.22753391271187873,0.14373543218318652,0.09419700029818046,-0.026250583057563226,0.024162178516908384,0.09040443135533138,0.051662605216353796
2025-07-25,0.06925425866225154,0.052998534981952616,0.24591348018329828,0.15959357141622021,0.09134193291779624,0.04023234702812584,0.01097847642632388,0.09054966015134447,0.005562962597384313
2025-08-01,0.09036333543533459,0.037918954314484665,0.2247743929401862,0.162666382009359,0.10270794240220837,0.015040864974176671,-0.005675756805089804,0.10145348692493528,0.0002058473119230797
2025-08-08,0.05285817681432725,0.019938160094298496,0.221990448460625,0.11685406107113394,0.06918582735998591,0.006084151038149521,-0.008539428809902994,0.0981911322684148,-0.02382846499948954
2025-08-15,0.054023237615137276,0.02294980529474344,0.19091318220137143,0.11373565747405401,0.0840929240073347,0.05158302385625557,-0.009441600726829869,0.05833095918106679,-0.019704016886279874
2025-08-22,0.07922385851812486,-0.02658960975466762,0.20048102902876774,0.09502717891328771,0.08586861016932446,0.06822637244496566,0.026327796803384373,0.09061086493173676,-0.015267760003128572
2025-08-29,0.13105973846138674,-0.008966513171820623,0.2186730803628869,0.11678536135800499,0.08803577288350972,0.08680323591709627,0.05740478960400619,0.09092351107625163,-0.00949852306334975
2025-09-05,0.14907473510292668,0.004812507272923483,0.160942439219931,0.10726634013590797,0.08181313359188813,0.08448199499427211,0.03773520018155718,0.09604162726318677,-0.03530747296101566
2025-09-12,0.14347101322085898,-0.023314880298691776,0.12485559548571068,0.11222175519153588,0.09635970089119716,0.11917750843052843,0.03878713482408802,0.09336434032965713,-0.03929808195604778
2025-09-19,0.16175433387697424,0.0009057898378266316,0.10189568955434414,0.10409899164151959,0.11213204598662507,0.19200325132542773,0.06279476749695068,0.12847522590809035,-0.03704502160021583
2025-09-26,0.1379634398135714,6.371151428474775e-05,0.11659688842035543,0.14456406155852086,0.08143659927492664,0.17754925052061843,0.04483236959526682,0.15466643477715714,-0.022692163304267154
2025-10-03,0.1333037915156723,-0.01219483040018865,0.11990633061823885,0.12467897078923151,0.06097835457253886,0.13260010567283764,0.03726643866548773,0.16531770582656335,-0.05933627848737011
2025-10-10,0.1448730383404353,-0.03218031797084642,0.1031201646558273,0.12619911078798296,0.07630739427193589,0.14309965436367023,0.06245229431986221,0.1414567493058545,-0.055870565373247416
2025-10-17,0.12888255543498595,-0.010215079204348498,0.11117492088487424,0.16233742673839302,0.055154311783251586,0.0645084770919615,0.06125588898479872,0.12166014360818167,-0.04310188437406204
2025-10-24,0.08964511058864133,0.012614151288676823,0.12445824549348572,0.15494220719785012,0.015802442692706364,0.04612818915260686,0.04675885345004005,0.048155907513720564,-0.051784344713984964
2025-10-31,0.13922793545899026,0.03453971013028223,0.15954412382832395,0.15576087122558135,0.06260877092497097,0.07552635601419411,0.05080829075845461,0.0929165928744613,-0.051761369632242094
2025-11-07,0.12266031764880125,0.04884957632733844,0.2339403138284588,0.16115423317874011,0.04356484901117952,0.039272031766737214,0.03295804171677208,0.08037445771469187,-0.06681072321601889
2025-11-14,0.10739563686820297,0.05427264291187761,0.24654051852741787,0.161564631746014,0.060024183048328794,0.033948926858954565,0.0267832637425931,0.060930408630381905,-0.09224691964216092
2025-11-21,0.05556306042144499,0.034358453879974604,0.20352944440657694,0.12778244658552396,0.06663380464068602,0.012582173005251107,0.017498910748052765,0.0630655613959803,-0.11765349861383179
2025-11-28,-0.00964213419262272,0.04096464561305169,0.23585180919070403,0.14226016024231036,0.04565242921830048,0.014283605815062828,0.026593563266585463,0.07191334834652174,-0.026076341527824454
2025-12-05,0.014763848370236587,0.0650313255068351,0.1901501930382743,0.08696715275238276,0.049127536168589,-0.006432726654434617,0.01654020903918152,0.07836884483680429,-0.020851325262356113
2025-12-12,0.013735399665783632,0.057410213329182724,0.20302183357734904,0.120322864476341,0.04217128546399351,-0.015463482791160388,0.01019081457120663,0.09453378885754127,-0.026537350061147436
2025-12-19,0.017402427750981886,0.041816641846345703,0.18853636295808052,0.0938383296585883,0.06386124760470935,-0.030330341833987973,0.024463216687371947,0.07296137838657657,-0.03703636231957397
2025-12-26,0.003976654217316522,0.0280276842722742,0.19024118040949922,0.09750469025023811,0.068793131897948,-0.0209811997638214,0.03472157520412367,0.06109045580671868,-0.017785887147994117
2026-01-02,0.0035599359165701117,0.05183584289467724,0.17175465890461084,0.07947732971222266,0.049567511834819555,-0.026920453972131497,0.025386610431850087,0.050395468467174354,-0.007100116073070595
2026-01-09,0.002835586650105526,0.04508528598382888,0.1514748786194513,0.06491992618241582,0.050446776438434426,-0.021448606579261842,0.028865829007031607,0.057674838897931124,0.01598180711471997
2026-01-16,0.05278612205418298,0.04042872509466022,0.17697809004243403,0.07232904327037382,0.09169937680863072,-0.01623003949560875,0.04819800255780837,0.12132986549995373,0.04159095356552456
2026-01-23,0.015159112972643385,-0.001033211716421789,0.20161816341964922,0.10380977807606584,0.09215354958813649,-0.029590768412205648,0.05983125222857488,0.09272540759095982,0.07659116027233637
2026-01-30,0.01323552982733922,-0.003915366386264552,0.20548340640004525,0.1317265165529644,0.09940075993812947,0.0037272947122666267,0.06661238758399612,0.09204744137340448,0.065844862830847
2026-02-06,0.005871006397223155,-0.026530610695843393,0.19463536679186078,0.12402846303169213,0.08793013246793713,0.017280050140526804,0.07250176455468349,-0.00777129460190551,0.09430941197069487
2026-02-13,0.0033348679596283404,-0.026507109125565975,0.2786652774314131,0.1480493872826063,0.08196998806958788,0.06463650650434705,0.06383587163556292,-0.05338985427802889,0.13490862568683504
2026-02-20,0.045388423840741154,-0.008385098665389279,0.23792617165360141,0.14847727021889234,0.09971984110070231,0.13130374585012294,0.07269568734098897,-0.024309320230836207,0.06260468669419161
2026-02-27,0.029119066392604864,-0.023169786511772372,0.357102282896248,0.24000937304044,0.10356401525209158,0.16336484237147264,0.08843814064558764,-0.02824172456135088,0.07096229040193336
2026-03-06,0.027136129231339012,-0.0244033263276755,0.39155616205595223,0.19592125994362242,0.0974293108280726,0.18214882623748974,0.060075725237624944,-0.04711212754768468,0.10551111229644405
2026-03-13,0.017203464083484832,-0.039245688213545904,0.42064265366578724,0.2355992812581622,0.05551151074498506,0.11743389746589195,0.047835763695911915,-0.13250915996212242,0.045923261386267455
2026-03-20,0.021860024415969903,-0.06325205815160473,0.2928264069850002,0.17526061368617363,0.05791855533942325,0.11823458683992971,0.01958603363093303,-0.18754994451017026,0.023051469731734997
2026-03-27,-0.01956208455984587,-0.11476109897739128,0.3110066876758957,0.18726484521715037,0.06527498725888492,0.12924686481100078,0.025670884992949894,-0.18345880442808316,-0.0077820631624963
2026-04-03,-0.027895564185390853,-0.11926201286205185,0.3364113514616758,0.16098666045299836,0.05068122425558386,0.13867721940409528,0.025361975033058037,-0.20916000079069264,-0.02679900613069286
2026-04-10,-0.06918846319865857,-0.14303408593321976,0.23271926513985264,0.12062749994268707,0.041862623373015495,0.14790816914103733,0.005298589586578473,-0.24044358747237737,-0.05662241158676373
2026-04-17,-0.02034776124101967,-0.1228991246941149,0.15910842987906726,0.07268293535478065,0.0285245455806038,0.1665980866529697,-0.012591050728133268,-0.1962143321313583,-0.05835668134389671
2026-04-24,0.005549696838832219,-0.06611117910836128,0.19088915062613943,0.12013044105470705,0.02153504366268777,0.12032344483026947,-0.014511849891452044,-0.15915389678718128,-0.05420065276938679
2026-05-01,0.013303684816627026,-0.02814230440646348,0.21579527858617453,0.14108340666354557,0.003608066193454107,0.09388135421077681,-0.011868786796947361,-0.15557645302440726,-0.0628410027697921
2026-05-08,0.034647748637191,-0.038076655455080655,0.2147135978394985,0.19410070031011273,-0.004411458241376565,0.0981790085397547,-0.006257889794160754,-0.13159594618561954,-0.0912355059576484
2026-05-15,0.044382630230655806,-0.06829408385986291,0.2597895647080364,0.20274955367042224,-0.0032212026619724554,0.04774396284864224,0.004885891128033393,-0.16410093518365265,-0.06865248863853601
2026-05-22,0.041850645113889584,-0.05217786611171071,0.30861449216431325,0.21349888131372197,-0.005700207705949367,0.025514617724388344,-0.007220082609448397,-0.20726606990519336,-0.07854128527799986
2026-05-29,0.0281419822117126,-0.07838043779635484,0.254665746711888,0.20307116442545414,0.014524433478909415,0.006788573575838619,-0.002297859453675777,-0.29004355388432934,-0.1034658780020532
2026-06-05,0.04851588308765109,-0.05970735046671827,0.2285799470669705,0.17690853039752596,0.03836357364500742,0.10618478216581462,-0.020576240544578184,-0.21349576661238068,-0.09132692672698539
2026-06-12,0.031159819116208354,-0.03761834616270576,0.4171951816599435,0.28619776658506346,0.04199670342081596,0.11594045900057814,-0.0031954936573921344,-0.2434908848108588,-0.020098498384644614
2026-06-19,0.04501880637774036,0.009269636302851936,0.3968910734150022,0.2996722121555102,0.015425377561806286,0.10548542149887208,-0.021784819633499986,-0.1680229040345651,-0.01820201351103279
2026-06-26,0.0930408205340516,0.021756454309388218,0.3401645940439142,0.2751696586923327,0.058390085569850925,0.08313970828992279,-0.0003620776287265315,-0.13882497177955777,0.02684627431489517
2026-07-03,0.09189607865711835,0.05097969897193266,0.5094608065781507,0.33879007271382555,0.04818457647333396,0.0589823645912384,-0.016508266096578517,-0.17543196663108596,0.012188119979404277
2026-07-10,0.043390255388173316,0.05744259514170302,0.4473789505089538,0.31363424958343167,0.049822199369115694,0.06701415137575317,-0.0072752193092480155,-0.23851496813578876,0.01462149529854706
2026-07-17,0.010961825782104029,0.009116097521431499,0.3224667661913756,0.2782536489395664,0.09012498239373379,0.08968635742766828,-0.0021968296548733335,-0.2535398139852916,0.04682183203554047
