date,CNH,IDR,INR,KRW,MYR,PHP,SGD,THB,TWD
2013-01-04,1.8264829052864406,9.188094763028863,4.005972259593129,6.968756300539536,1.114157500003572,3.7106409458954492,0.2063635512741926,3.4168246375478546,3.368519219271573
2013-01-11,1.8219248835597812,9.19935020067628,4.003631798088381,6.962792555912036,1.1056210034786678,3.7029056258470283,0.20269591604510453,3.410487428569248,3.3653283785812445
2013-01-18,1.8231370049203104,9.194053457313467,3.9874755018752794,6.965439110321689,1.1024714989938302,3.705675114031337,0.20526467242691834,3.392190272502181,3.366139989846753
2013-01-25,1.8278502893724087,9.18886134029906,3.987119346127576,6.988874330266929,1.1135009011618604,3.7081304587060484,0.2106255267552373,3.399395759715527,3.3771437315584354
2013-02-01,1.8266036320617738,9.17626639164243,3.971451618193159,6.995729525597324,1.1334966905216115,3.703152113400655,0.2151113796169455,3.393837027255863,3.3886185994552953
2013-02-08,1.8280110352335488,9.17419492533983,3.9804103602935714,6.9950516153669815,1.1309181234200252,3.7067193722422673,0.21289117484985837,3.394172766725191,3.3920052632932403
2013-02-15,1.8276895176678822,9.17626639164243,3.9958014955994208,6.987194727808562,1.1294001088204275,3.70364490631441,0.21321442023632478,3.3978584803966405,3.387622322745708
2013-02-22,1.8300983834545037,9.180448014111146,3.99532317105078,6.9901275787399975,1.1319503482786202,3.7074558396868715,0.21317402027671933,3.395967060682566,3.389647605711695
2013-03-01,1.8280110352335488,9.181117513299279,4.008205531900178,6.994024714134313,1.1302724413959786,3.70721041079866,0.2147484105258277,3.3944580566740115,3.3901532861998334
2013-03-08,1.8255165660261885,9.178023770499639,3.9958309234845513,6.997248573464897,1.1333357247264952,3.7056136531051016,0.2216624550324116,3.392576999368544,3.3902375414258135
2013-03-15,1.8252667765329695,9.18122047340233,3.990031645788688,7.014329058337817,1.1389541679514876,3.703152113400655,0.22186273141448729,3.3853220325038653,3.3923079878162383
2013-03-22,1.8250733482579884,9.186252576447092,3.99541149434353,7.018509223916671,1.135233472123755,3.7105186292174173,0.2221830902190852,3.377246160839642,3.396955062404023
2013-03-29,1.8255165660261885,9.183277452426493,3.9992570242978998,7.014598694600135,1.1294001088204275,3.7100292128366705,0.21535328583914679,3.376392262743184,3.395866531227351
2013-04-05,1.8243879887197822,9.184868706002513,4.004007661803894,7.036623315042002,1.1178265075919138,3.718074112393212,0.21499040455782253,3.376392262743184,3.399462544368439
2013-04-12,1.8223452520351027,9.180087328805161,4.0014010795793284,7.032447722939455,1.111528513934656,3.7198935076431057,0.21244654176587427,3.369362658142137,3.399462544368439
2013-04-19,1.820436005364639,9.179881164491475,3.9889877502611193,7.02086965561239,1.1103761555883516,3.717223927123079,0.21220393127582415,3.3539310558610653,3.393937760932895
2013-04-26,1.8192935694213748,9.180654061605823,3.9954998098359646,7.012619671591273,1.110310266413919,3.7184382563554808,0.2122848079793338,3.3757940999396197,3.386354434792381
2013-05-03,1.8171022768998502,9.184766120856752,3.9857919201083787,7.000626122386744,1.1097170684002156,3.7083143667525436,0.21009883779340122,3.39047341829918,3.3855760007591984
2013-05-10,1.8171429000591188,9.185022563991893,4.006367264335592,7.017326915411428,1.0955409101436235,3.718074112393212,0.21438530964031025,3.39484390768998,3.3931820108990234
2013-05-17,1.8158828141252585,9.187583384853566,4.0087739649924785,7.021244665661698,1.1059188638505477,3.7200146830446474,0.22860859074526813,3.396603512651928,3.400547170320569
2013-05-24,1.812190983700554,9.193194213141211,4.021239676552464,7.028219162397274,1.1147152702495073,3.7302612918927056,0.2345977013593256,3.3991953789914824,3.3987109597422136
2013-05-31,1.8164520818184267,9.204523486654617,4.037735409275472,7.032412411581554,1.1299494439771498,3.7457795012467483,0.23507212217948348,3.415363237135055,3.4008639927609177
2013-06-07,1.815557372742515,9.207777089573018,4.04622692185783,7.022511516280326,1.1296909709053737,3.743852843637086,0.21961734153765156,3.422485832679939,3.392223906863047
2013-06-14,1.8137329411494532,9.202580340664719,4.0518545106011485,7.027154785223471,1.1360686257120631,3.757565611902383,0.2233035385155749,3.4198719219269638,3.396352329998956
2013-06-21,1.8137655494906695,9.21429255181461,4.0873770117865,7.052721049232323,1.162994547597378,3.7839509690764372,0.24412195769940143,3.439536295888604,3.4075107437187473
2013-06-28,1.8143034336629495,9.20833836930551,4.085026281583106,7.0437187117979425,1.1507302429302164,3.7634069810993624,0.23767742109124682,3.43765787866493,3.4015306594522756
2013-07-05,1.814466371763126,9.211839248099919,4.111168902612404,7.048386408721883,1.1595505867731892,3.7758824977355103,0.24325985489903426,3.442419296203737,3.406433648457402
2013-07-12,1.8150690119970119,9.207837241758064,4.0925629761396705,7.024132883037598,1.156094724081472,3.769306703226551,0.233489843368354,3.439054986718395,3.3976912423328676
2013-07-19,1.81407527571147,9.224736252259914,4.084162904614962,7.021673076442781,1.1607416601336584,3.767575101062273,0.234993067671359,3.4347127476666377,3.3976076128115977
2013-07-26,1.8140508271288753,9.23824732522919,4.080794844675018,7.0151916385843025,1.165647690004268,3.766719738232273,0.23491400691312514,3.438701879370093,3.397825035021297
2013-08-02,1.8128276352614492,9.236495329453033,4.109151069539074,7.019278764467376,1.180960030016863,3.7734733279628703,0.23964662341322399,3.442755105467233,3.4000300339101486
2013-08-09,1.811276107920974,9.235032984566555,4.101634591933448,7.013753591204487,1.180038654030305,3.77385229636948,0.2292051426928051,3.441058915087286,3.3980256904965205
2013-08-16,1.8096730585129337,9.259130536145614,4.128412600038195,7.01465261312925,1.1869283697166775,3.7779085857335097,0.2387018902300623,3.442819056352975,3.3972897568311384
2013-08-23,1.81040129233271,9.303293230025005,4.156821584931185,7.01574832648533,1.1940739721466884,3.786686514116848,0.24545283823404435,3.46174356903014,3.3971893602646164
2013-08-30,1.811218900384274,9.330343164370879,4.204468713728949,7.013285780191601,1.189275323565352,3.7962753968838325,0.24408278732786554,3.4708011776078624,3.3988613218646075
2013-09-06,1.8103113146225822,9.352707613263105,4.17187488573071,6.991930972552516,1.2025217520586213,3.7887247890836524,0.2417690154373747,3.472913209203756,3.391651968818624
2013-09-13,1.810622112393883,9.32188174670909,4.146853201112573,6.990035481595865,1.1908875647772805,3.7795196556150525,0.23830798783398155,3.461461154066546,3.3905576465578102
2013-09-20,1.8101395165094845,9.313799080344413,4.13988341485578,6.982528743932112,1.1521530555961395,3.766419031569354,0.22414305164729326,3.4361622566980126,3.3869294098644502
2013-09-27,1.810990037504834,9.332115428902103,4.141649497000077,6.978959037988469,1.1717078437386605,3.7691452138325925,0.22729492243668586,3.443058835757073,3.3863206024317245
2013-10-04,1.80940290440065,9.32232887392423,4.117878780555605,6.976086598358404,1.1577298931511986,3.763870964404288,0.2198180278856328,3.443777829197274,3.379122174010298
2013-10-11,1.809378341316508,9.302919553269277,4.114112875204061,6.977076096688848,1.1564093873943264,3.763754988759043,0.2206203707697715,3.444416500782132,3.3796332037463146
2013-10-18,1.8067383896307874,9.291459423260974,4.11531317615825,6.966382613429761,1.1494638188255433,3.7627106022411367,0.21289117484985837,3.4363231836375294,3.380143972464323
2013-10-25,1.8043959581031865,9.277531621516506,4.117626424073873,6.968681031924631,1.1496222095758546,3.7623622308737397,0.2122848079793338,3.436242723404956,3.380824591854218
2013-11-01,1.8064428061386153,9.318297513481275,4.133493157390327,6.96906672370524,1.1545199206064056,3.771265567711884,0.21784956285310014,3.441699324971485,3.3821844424802245
2013-11-08,1.8052267108046443,9.34005197849784,4.151716842079971,6.97344001796098,1.1567239517253254,3.769191356320604,0.22082085594456446,3.449987545831587,3.385237362083426
2013-11-15,1.8042560605573374,9.337853692275143,4.141240870686329,6.967042536337008,1.1638693016286021,3.7744835914060846,0.22033962398147547,3.452524008827496,3.3865912292727933
2013-11-22,1.8041079124089183,9.350971501715929,4.138740960941544,6.968210474682072,1.1679828665927807,3.780888737403345,0.22362343615106045,3.4604877804654537,3.386844875437755
2013-11-29,1.8058678102298868,9.37203396097417,4.133037892743862,6.9638331092018415,1.1703126028333009,3.7767758560201203,0.22633844221072896,3.4678430561918687,3.387605428142688
2013-12-06,1.8030702603739217,9.374582815370232,4.113792551478245,6.959987132784972,1.1735651419045103,3.7810597409093334,0.22306354811403908,3.4730528187625835,3.385796054419325
2013-12-13,1.8042478306804153,9.39182824802156,4.129915996644961,6.960746131701886,1.1741834755151837,3.7887247890836524,0.22765336679203796,3.467063146621842,3.3886185994552953
2013-12-20,1.8032515153177346,9.401786836547139,4.127795456811574,6.96779620106726,1.190096978790288,3.795938526407344,0.23633614510019282,3.483852059784344,3.397022010251675
2013-12-27,1.8037868494407736,9.404672841436273,4.126543888155469,6.960499520236997,1.1902186480932728,3.7914924487903985,0.23633614510019282,3.492362619414247,3.401097376661822
2014-01-03,1.7999921541545314,9.40116732181385,4.131640346965797,6.9609263093195715,1.189823168721494,3.79974976294536,0.23594130954407044,3.4965075614664802,3.4001968813285717
2014-01-10,1.7973521344141639,9.380926672551716,4.118448383622775,6.964655326114949,1.1844841277420737,3.796724381064683,0.23649403568234761,3.4966590651407343,3.401097376661822
2014-01-17,1.7956435829493547,9.382611592916636,4.120710570652306,6.96811633665683,1.192982633026033,3.8091150353757253,0.24255394483403306,3.491495019642936,3.4049901799008517
2014-01-24,1.7987185320165244,9.403849118160702,4.1378302060765915,6.9907444109121615,1.2037227730707267,3.8159415282504616,0.24678194987960905,3.492027845535656,3.4089671189265163
2014-01-31,1.7980479883129294,9.407550541263888,4.139953481116197,6.990145997151043,1.2080644222291896,3.814211700416224,0.24545283823404435,3.4975676054818488,3.412351608004294
2014-02-07,1.7963821017134987,9.390576422279116,4.129605522815973,6.9794617985267715,1.2029723039923526,3.8031005982039594,0.237204234962544,3.4906571477883044,3.4113952066386015
2014-02-14,1.7974267133539346,9.357034751126987,4.125562182039457,6.965476867542762,1.1959809543963835,3.795197011661042,0.23150846764583743,3.4755315187148588,3.4093308815588776
2014-02-21,1.8076000094471876,9.366061246972958,4.126965015864232,6.979191828919986,1.1924061679544706,3.797397479586843,0.23712534883462869,3.482316432946947,3.4117251035488096
2014-02-28,1.8110063865905117,9.355306142226368,4.123718881428279,6.974535036671674,1.1869283697166775,3.7992909421068455,0.23641509350744971,3.484404308678541,3.411098206339418
2014-03-07,1.8101231532450128,9.344434106456882,4.1147499489987505,6.971255761544036,1.1811135101798533,3.7939149169478172,0.2374408560150342,3.4770775919974737,3.4093804753034633
2014-03-14,1.8176464901799014,9.333442569110167,4.115109144991373,6.977244027501748,1.187690971751653,3.7987311194440396,0.23515117043848674,3.473983051387803,3.4125493699983793
2014-03-21,1.8238070811968308,9.340929941679784,4.108539995277823,6.983001888356675,1.196494914469977,3.8117053089132793,0.24255394483403306,3.477849733183238,3.420215387497917
2014-03-28,1.8253231860661956,9.335650562941629,4.091577403834988,6.9731496837468,1.1858902967751703,3.80070030678388,0.23063541707250532,3.4801625859604504,3.4164143474670157
2014-04-04,1.826732391225983,9.329455852866344,4.091100974139893,6.956383525281673,1.187690971751653,3.8015382722528743,0.231032352734447,3.480716875560156,3.4080074735907044
2014-04-11,1.8261286893075965,9.346617990268731,4.100570143016292,6.945734837606311,1.1746469749441073,3.793779863939306,0.2214621385316716,3.474447843401748,3.40327854786598
2014-04-18,1.828533280901741,9.340710523138037,4.0986303650348095,6.9450606975907965,1.1757276388856337,3.7913570682015116,0.2252613072852111,3.4715781784239548,3.4069309135099157
2014-04-25,1.8341402482123035,9.355738574665539,4.1041265620767176,6.946966376704575,1.1848817238202856,3.7968814779152145,0.22785244704194402,3.4734405208571544,3.4108836512515763
2014-05-02,1.8335649799376639,9.350754275691397,4.0946528480304805,6.936925656281917,1.1835659945482733,3.795938526407344,0.22585985880843812,3.4766140209469096,3.4069309135099157
2014-05-09,1.829881822995191,9.346137944873403,4.09241937690818,6.932828307010258,1.1721724917761382,3.77413929806476,0.2223432311434407,3.4849255971928677,3.40543837591941
2014-05-16,1.8300743234970889,9.335650562941629,4.071701805574083,6.931774494159648,1.173719761154915,3.7775654697798267,0.2237833466015491,3.481240089335692,3.4056375096881766
2014-05-23,1.8299860987002492,9.35897587111533,4.065979380665205,6.931891639331937,1.1668937960845154,3.77538966387358,0.22474227267790678,3.483314858589582,3.4047244874383122
2014-05-30,1.8322133960196936,9.368411926546678,4.080859039936754,6.928929514213544,1.1672050801337215,3.7812307151781224,0.22609917913984237,3.4919517449306197,3.4011473804121137
2014-06-06,1.8316930692427456,9.371821262898285,4.077067842134642,6.925320110161609,1.1669560606466598,3.7730482531375573,0.2245026273518408,3.480716875560156,3.4007639544128008
2014-06-13,1.8262092039572806,9.375219015158416,4.088557851460367,6.9281067752300345,1.1689154125105334,3.7810255425474315,0.22322354811438042,3.477479179819314,3.4016139615473717
2014-06-20,1.829039197323898,9.390158798552019,4.098582237247227,6.929281909526417,1.1704677257685379,3.780831729735798,0.22386329223855853,3.479854514485432,3.4007306060727114
2014-06-27,1.827223133503624,9.395283489475089,4.0948211153193,6.922131444926644,1.1672673253175205,3.7782058576938065,0.22274347129287006,3.480008562086445,3.396770932709242
2014-07-04,1.825613241984564,9.376871242863814,4.090848457965392,6.917101466981717,1.1587662114878567,3.772783926336154,0.21937646474496578,3.47769535263488,3.3973566822762176
2014-07-11,1.8251700670722912,9.360078473540778,4.095735261418206,6.92742064195604,1.1587662114878567,3.7718409748282835,0.21583692279843678,3.4701946975836746,3.399111875171134
2014-07-18,1.8256293537356703,9.359992376492132,4.100818560597585,6.937255827099759,1.1578241482999556,3.7727609380946383,0.21615921753976514,3.470023572592008,3.401080708189404
2014-07-25,1.8229108537696102,9.35487352270848,4.094691168813762,6.933091586795304,1.155307632344655,3.768071800332634,0.21583692279843678,3.4604092412940015,3.3997797105745344
2014-08-01,1.8205493675244713,9.37411601148304,4.108068292891911,6.939186114283622,1.167111705092802,3.7767758560201203,0.2201791618501941,3.4704124506836282,3.4014306877775002
2014-08-08,1.8173216223576383,9.370416319822818,4.113871007592714,6.937585888940811,1.1654918175076545,3.7831663833031417,0.22386329223855853,3.4703502403504722,3.4010307011050562
2014-08-15,1.8160048273435085,9.367634676860941,4.109630468526413,6.92773436129745,1.1488300048287272,3.7779085857335097,0.2200186739666848,3.4629977825676024,3.3997964007465273
2014-08-22,1.8180443094858791,9.367421040904343,4.102274702047624,6.927597121195676,1.1508884332334808,3.781834590251307,0.22238326236780095,3.464328663102245,3.4001134610991177
2014-08-29,1.8162732040321314,9.369086192241431,4.103447999909,6.9224172648127835,1.1480371719956328,3.7768445428425803,0.2214621385316716,3.4640156740543064,3.397022010251675
2014-09-05,1.8151992648505477,9.36990494164752,4.098653598310172,6.929154669988027,1.1576670514494245,3.77423112121344,0.22593963861621108,3.467765092600826,3.397423603242581
2014-09-12,1.8147351615996012,9.379872153841744,4.108383881491919,6.9435566914455205,1.1622754267697268,3.7843373502803894,0.23364818395929537,3.4732079176384274,3.4026629738237655
2014-09-19,1.8155410978928535,9.39151960990564,4.108267191062457,6.947773750764445,1.173719761154915,3.7970161127185142,0.2360992624744257,3.471888809784688,3.4085535916154153
2014-09-26,1.8156956982715253,9.403766708502243,4.117186683220726,6.954972778591248,1.181573809382457,3.8064624697676526,0.2413763195752694,3.4761502348985562,3.412351608004294
2014-10-03,1.8193422103137824,9.413550567449608,4.123879092324419,6.97959210260082,1.181266966790298,3.807562085013156,0.2429461786103894,3.4851554910595457,3.4181200488580634
2014-10-10,1.8153376399204648,9.411221954291047,4.1158336750984095,6.977188053697474,1.1808986313553347,3.80236437721518,0.24208306113360414,3.4795463480731317,3.4152317706259585
2014-10-17,1.8147270175144468,9.399099496428562,4.116166391387452,6.969094939215308,1.1860124789489432,3.8039254140604335,0.24318144505071715,3.477926914520829,3.4140971540128335
2014-10-24,1.812231806858721,9.39611429582039,4.113689568485877,6.962754697200742,1.1875384978625112,3.8014042449557808,0.24380855175779362,3.478621278626959,3.414393265089551
2014-10-31,1.8125746556086406,9.401035108984054,4.11807736474863,6.9790800960359505,1.1907355775439155,3.806084545014641,0.2511477477238072,3.4845576570403143,3.4164964189513247
2014-11-07,1.8144500791477534,9.406030503175682,4.117250213293684,6.992427255039336,1.207855257840158,3.8049610431305623,0.256655693846658,3.49119042018886,3.4204279499389343
2014-11-14,1.8132110630287641,9.407960966059306,4.122126706234524,7.005244900259394,1.2080644222291896,3.806762484770653,0.2614407612465538,3.49119042018886,3.425223105264823
2014-11-21,1.8138552169467417,9.400340704697138,4.120184483881321,7.01177289335152,1.2106007906161569,3.8049944326696226,0.26059346676104783,3.4889792950456884,3.430610542230505
2014-11-28,1.8181985233808566,9.415727201701133,4.130528618113107,7.014418945170355,1.2187037689259301,3.806540260078353,0.26505295439141946,3.492195246484145,3.4345515613348896
2014-12-05,1.8174759477326912,9.425838773464694,4.12502571174252,7.020003023139844,1.2444427368796493,3.7990558547596187,0.2794482675246774,3.4968862776232505,3.441459219323847
2014-12-12,1.8235165008412466,9.43606459050244,4.136329080749395,7.006196914294169,1.2513333756857736,3.7965672595308537,0.27174322115027205,3.4908095403518424,3.4438257437177784
2014-12-19,1.828002998554144,9.434651241709066,4.147848993576889,7.002001256360243,1.246083568026318,3.8004208288468435,0.274824770449225,3.4925603876761278,3.4505588111998797
2014-12-26,1.8269898598283048,9.425613028909824,4.153466879673629,7.002883624073714,1.2501309363070192,3.800532629394783,0.27884312378457665,3.494323359651639,3.4560958363095926
2015-01-02,1.828966939217912,9.433291904856032,4.14688008472472,7.008369549014731,1.2574661767659359,3.8031228994717874,0.2850285549862176,3.4954463925652632,3.4573256354397564
2015-01-09,1.8256212978925657,9.43884552418573,4.129085705786296,6.991581589026993,1.270462545594769,3.8036134015774032,0.2880320112160689,3.492195246484145,3.4624179043257803
2015-01-16,1.8300663033826416,9.442372304335796,4.12186893395302,6.982779260042999,1.269620085561791,3.798361464730933,0.28322214172968746,3.48348372434938,3.449797051498218
2015-01-23,1.832805438664056,9.429130460708814,4.117584087071327,6.9815074735688105,1.2817668317659563,3.784666792787132,0.29594781686881355,3.484312288372662,3.4422753434200017
2015-01-30,1.8380067203933748,9.454658158521799,4.127094061651469,7.0071480228601715,1.28903979221566,3.7886116605129114,0.3022504366271775,3.4896660296497637,3.4572941210140256
2015-02-06,1.8329014125592302,9.448254302193842,4.126367962386007,6.999294722122589,1.2661867507319804,3.7917969881206224,0.3012150867343652,3.4852321106052293,3.451732055036203
2015-02-13,1.8317010763210029,9.453286550586572,4.1299529896894684,7.000972360693271,1.2752231258541027,3.790149113618219,0.30335855183678856,3.4837906799660088,3.4444005389628036
2015-02-20,1.8372585092992733,9.461690355180561,4.1312420659925815,7.01247558975254,1.2866121378467383,3.7894937241465296,0.30674913516900665,3.4828541706207465,3.458081683862867
2015-02-27,1.8384203840271034,9.471257435907809,4.122523772487408,7.0040195489522015,1.2820998321020338,3.786278360101069,0.3074846997479607,3.4759337277761726,3.448112773670962
2015-03-06,1.8377520730785277,9.47548538196925,4.139405559461655,7.01414926043018,1.2955487478131456,3.789832772328524,0.3218660842318507,3.4823932703206837,3.452808958725734
2015-03-13,1.837998763646252,9.493524845375514,4.144937861670349,7.037212131932573,1.3044062016472064,3.7933520757104673,0.3301666840579362,3.494839504365783,3.4568528147403144
2015-03-20,1.8254118231898984,9.486455808056498,4.131428378451963,7.016188070364047,1.3154157842361207,3.80446006621512,0.32392962012564586,3.485002234354265,3.4470785569183438
2015-03-27,1.8266036320617738,9.477607979997611,4.136364239234259,7.007274769014954,1.3040534057359798,3.8024090121018146,0.3136421741213126,3.4830845411343394,3.4409307838807552
2015-04-03,1.8238151516681866,9.469815852537783,4.127924395485296,6.990854848151711,1.3001916620664788,3.7913232201903613,0.30483413126934655,3.480393577299302,3.4303353834054775
2015-04-10,1.8273116023887728,9.466748472122836,4.131168173852584,6.996855306555068,1.2993738890891888,3.7973077592898083,0.3111177979293969,3.4819475313472643,3.4408186556058915
2015-04-17,1.823984616522792,9.461558128917899,4.134553568903693,6.986815966169816,1.2878542883066382,3.7905105240262547,0.29728580859447573,3.476706752350466,3.4344870795267974
2015-04-24,1.8240249610651893,9.469622969906265,4.1521180646340605,6.980764075835391,1.2756420910162956,3.7895841482355683,0.2873570196278354,3.4833302112006774,3.4233012805690817
2015-05-01,1.826869179674814,9.472689251709944,4.154533010497312,6.986520247617792,1.2701818044362714,3.7989662831358495,0.2839752105204545,3.502248625731883,3.4236109764990554
2015-05-08,1.826007905176874,9.480657543461115,4.1569029992864595,6.994226510119257,1.2800445612771802,3.798114952320026,0.28529171782914303,3.513111376289824,3.42501155976141
2015-05-15,1.82489600613232,9.480878828824753,4.149071039819373,6.992059662034167,1.270883509608563,3.7922818038155977,0.2772528769612416,3.5113215331690038,3.4152317706259585
2015-05-22,1.824355724931043,9.482601652852042,4.150507480720946,6.997988958773278,1.2768142605010695,3.797644168905325,0.29001684474849987,3.5112468868061133,3.416085994155906
2015-05-29,1.8249363139226122,9.489274290670254,4.154923692807746,7.01490419449918,1.2995102310349997,3.796432564278658,0.2991411655406749,3.5161616334626764,3.4275633900923603
2015-06-05,1.826466807281788,9.50132947018546,4.160082363935154,7.0230908776620415,1.3131858892992523,3.812666650888011,0.3057184349378794,3.524446930155722,3.435840325105695
2015-06-12,1.8266841084822263,9.495556907488172,4.159966870849784,7.014589707895964,1.324152964582041,3.8124236402053913,0.29553862872956005,3.5169784146478658,3.4316457557548494
2015-06-19,1.825669631977772,9.49780992184664,4.150986361158066,7.006432511170882,1.3202880967072848,3.80721789106202,0.2891559857077812,3.5161616334626764,3.425418338324908
2015-06-26,1.8259998523827556,9.497569842018944,4.152067723969333,7.023304710890758,1.3264116515185136,3.8100345756704037,0.3000305156326444,3.520460802488973,3.434761098500296
2015-07-03,1.825444052923442,9.499354057437694,4.150308930139533,7.023206709670119,1.3290624151647576,3.808727023819199,0.2981768095444224,3.519661666696959,3.430189680428832
2015-07-10,1.827062260930442,9.494458601477005,4.148982673135449,7.027837890807586,1.3333681553104855,3.808416506139376,0.30017866378106345,3.524446930155722,3.4347449818154976
2015-07-17,1.8265955840635122,9.499706026408148,4.150717019130655,7.046917041285263,1.3371566365583423,3.811782692464891,0.31203316331561193,3.532751821402457,3.4375293109095457
2015-07-24,1.829055253971752,9.50855428933737,4.160810911404475,7.06698731255106,1.3372879235650559,3.81830555655424,0.3168524497515608,3.5534319411885744,3.450273219308748
2015-07-31,1.8274885166823007,9.512088058252674,4.157306841743304,7.058147475981919,1.3415584672784993,3.8207187910192464,0.3136421741213126,3.5534319411885744,3.451415097822773
2015-08-07,1.8271990042674338,9.512280316174664,4.1555948706088035,7.060725262061233,1.366984112585391,3.824174914854951,0.3259167226816963,3.559994393409153,3.4559065021342086
2015-08-14,1.8643591616423987,9.532460102372996,4.175380622511368,7.070656135536487,1.405974431886718,3.8314634975697293,0.34042868526032855,3.5626782725842583,3.4700391306195613
2015-08-21,1.8636381726934637,9.548610990538775,4.1921742925642755,7.085231784112892,1.43095697102608,3.844728690576776,0.33971696678610197,3.572977460687807,3.485691704638597
2015-08-28,1.8656680167360993,9.546455401949554,4.192621548820853,7.070222707153741,1.4350845252893227,3.844493348634547,0.34085547333096716,3.5782969944749583,3.4764594494959487
2015-09-04,1.8658305359388745,9.556904372164187,4.200077508519026,7.086821543055419,1.4489169855989985,3.847377811934615,0.3524861833172778,3.581238562596545,3.4850482138320995
2015-09-11,1.8580854543995315,9.570891792660836,4.196680006963179,7.07587648637495,1.4626765310386967,3.84577635960922,0.3478006839136261,3.5875386264522606,3.482009024398569
2015-09-18,1.8540141343507763,9.572201842602215,4.185371338915383,7.0603819409410375,1.4361078110776013,3.835012363061897,0.3335035487102978,3.5708698302883923,3.475376779836407
2015-09-25,1.8558369466012814,9.591683537963938,4.191776731437796,7.082128665926917,1.4783036444092994,3.84492120188741,0.3526970425695087,3.588091800301244,3.4981123337364517
2015-10-02,1.8504921062911313,9.594636319506732,4.180035901678754,7.072023178140433,1.4850531331431545,3.843894046375647,0.3592117235907023,3.5977915977428285,3.4907333469730104
2015-10-09,1.8471468713076131,9.504374725899428,4.17147225613755,7.041805287102393,1.4188825507130423,3.8221201794988295,0.3319620811433268,3.5702507484794737,3.472494263544189
2015-10-16,1.8505863977303243,9.50791584296745,4.170272662651207,7.029300119060481,1.430024123981216,3.829771192811418,0.32316986538133413,3.5623378615346324,3.4716403124159285
2015-10-23,1.8549689826259392,9.515063910282816,4.172900010627503,7.031343653226755,1.4399536044416377,3.8419009251963385,0.33318111252299915,3.5703914825486094,3.4789914091021754
2015-10-30,1.8440909744881377,9.525092715950628,4.181054227034522,7.039423687328594,1.4583126514085298,3.8453488721601534,0.3368293157180262,3.5733423320045494,3.480562937042896
2015-11-06,1.8544994990492407,9.529470238100282,4.191474297751636,7.050191902077176,1.4610539066678427,3.85354607566917,0.34529038507209436,3.57906458810673,3.487558547310199
2015-11-13,1.85767204591877,9.527884598711877,4.1924644275244,7.065348597551135,1.4755636038777726,3.8541820057382963,0.35389107256211644,3.5818647933343226,3.492256112609122
2015-11-20,1.8590442160336513,9.518163249829598,4.191141515019384,7.0492114375361306,1.4550038591270364,3.850487969310349,0.3455027669354816,3.5755847682289463,3.4801009792576214
2015-11-27,1.8640103609319596,9.532249942977192,4.20341419060872,7.052478805360773,1.4490813492186554,3.8540548520729203,0.34557355086755853,3.580528360019712,3.4870386298736076
2015-12-04,1.862916663544383,9.534580963238259,4.200299401234809,7.057467552210464,1.441255919193865,3.8514233832992164,0.33346772760091414,3.5766201967649534,3.4877114127736024
2015-12-11,1.877118787876041,9.556465865625533,4.206678705517061,7.081389207378526,1.4566363221761376,3.8596132986104013,0.3457151037023904,3.587607789920144,3.4967651040571157
2015-12-18,1.8799153299351634,9.538283481641084,4.193927419308597,7.073998265563401,1.456915905598662,3.856954171600334,0.34663470904431704,3.586223610863237,3.4928341561001712
2015-12-25,1.8778148338278757,9.51788389352352,4.189678984156825,7.064015161448232,1.461285871410242,3.851317130310751,0.3404998292558053,3.5848513836898888,3.490062594790784
2016-01-01,1.8825975428435473,9.538312297386009,4.192740884078294,7.069729560185953,1.4571022511304024,3.84714309268976,0.348718374222276,3.5842131418855856,3.4946573660615945
2016-01-08,1.8998512515788952,9.54260376382334,4.203016588770328,7.096274258684044,1.4781212084324187,3.8564468685392943,0.3655801744092494,3.592919062968025,3.5074475015048145
2016-01-15,1.8895363013124593,9.54591220335423,4.215793462969452,7.104103007509184,1.4814908981034782,3.8695538217029806,0.36474727482960545,3.5931942039795284,3.514674865421929
2016-01-22,1.8880388761496887,9.53171347394541,4.2136730696881335,7.087172622628702,1.4584987368688143,3.865413461976234,0.3558896356648919,3.583866100410647,3.508466075589283
2016-01-29,1.886410340827392,9.524420918282495,4.218033089052212,7.097284134025443,1.4239995032985393,3.865622982593829,0.35287272465565817,3.5743099993708003,3.511933423256821
2016-02-05,1.882498611680531,9.52039529527969,4.2164899209482165,7.094964869848868,1.4270283517679185,3.8667117827181428,0.34028638208316997,3.572345637857985,3.5083462971791985
2016-02-12,1.8735621656738788,9.509889254492798,4.222569190514401,7.097035898564561,1.4279160358107101,3.8611717186040164,0.33464914723175,3.5730476385888146,3.4982787193127187
2016-02-19,1.8762155007683714,9.508999475766538,4.231703619980949,7.116872925563219,1.4366784923438325,3.864344223444678,0.3418506043794325,3.5766901195003595,3.506157817298642
2016-02-26,1.8778836472174594,9.501030415942267,4.230307995037906,7.122890851854811,1.4381749829968795,3.8611296310619223,0.3411398975516068,3.575780742360988,3.505287090186536
2016-03-04,1.8728862045159052,9.47648210818976,4.204373165385894,7.089710101870766,1.4160958523566805,3.84519920836889,0.3191444016416372,3.5656519366276855,3.484281613055553
2016-03-11,1.8695149478015998,9.473488944178552,4.204812015248072,7.078366874347367,1.4080069280255403,3.838893016431421,0.31630597178834613,3.5572034819888736,3.486380699881164
2016-03-18,1.8656525373391761,9.479107173314809,4.195671453745002,7.057166172318833,1.399531364151886,3.8395383303990496,0.3053132261577233,3.551841922160126,3.4768612855831447
2016-03-25,1.8755183403281204,9.494548918716369,4.203360389082538,7.0641605581462725,1.395922858011847,3.838139623436781,0.31564980378580043,3.5631744977388777,3.483913435835428
2016-04-01,1.8688130986703464,9.483926055542206,4.195169809078165,7.048481973225823,1.3591286930471211,3.831723598143417,0.3011780901195513,3.5620399067789856,3.474540775886365
2016-04-08,1.8689056784047087,9.481130576757746,4.197051560414364,7.045619770160894,1.361437985121024,3.8310298462186143,0.29832523255026067,3.556918256658931,3.475949194125264
2016-04-15,1.8695843346913603,9.48774481001683,4.198190932139611,7.044687133477281,1.3622577832916491,3.831571881030519,0.30593938872261206,3.556632949952288,3.4759337277761726
2016-04-22,1.871971393352911,9.486645471404625,4.198739111484574,7.044451657749816,1.3605405606687992,3.844621723832635,0.30199169963188827,3.556276202062236,3.4771702804253897
2016-04-29,1.869615171763691,9.487297638746574,4.195561505127044,7.040825315198156,1.3621297341205927,3.8489340997568573,0.29587343147807,3.552558459880666,3.473549050512989
2016-05-06,1.8737310845931994,9.499608685681835,4.1979009514220476,7.06497268018018,1.387368783721156,3.8520606642554633,0.3075582264565707,3.558770768766916,3.4776644736650004
2016-05-13,1.8798924392192553,9.497622364406624,4.20435674209498,7.070911005681529,1.3928975122534626,3.842887266593284,0.3165974638654692,3.569039617191276,3.487497394581239
2016-05-20,1.8815316151191073,9.519617581864553,4.211760122960439,7.080842665085672,1.406587064387653,3.843872636079435,0.32356790414109,3.5759207003738127,3.48795594892032
2016-05-27,1.8827877675756188,9.517383797906584,4.205214871053524,7.074760131664198,1.4061460068224916,3.8435300089828455,0.31859917508650243,3.575010622954424,3.4833916192881422
2016-06-03,1.8794574160302382,9.50694997517166,4.20409542618122,7.063852634235259,1.4219751623252728,3.834472190409587,0.3079257789288234,3.5660760248443895,3.4755315187148588
2016-06-10,1.886683210738356,9.494767151707292,4.201942572820119,7.062208770100286,1.4040851621284396,3.8300968585292954,0.30417038995658313,3.560548799888586,3.4749124194844363
2016-06-17,1.8872893218722318,9.4987097082081,4.205787542132286,7.066356042483006,1.41115769084458,3.837816566888307,0.30036381810772317,3.562607363171004,3.4769848949776163
2016-06-24,1.8916802161355166,9.503755976275723,4.216635938539909,7.063108093099201,1.4085449700547104,3.847356476097876,0.29947476452073185,3.5631744977388777,3.4770775919974737
2016-07-01,1.8971474845077632,9.479779550115635,4.207469357697366,7.045297368000621,1.3857942360782083,3.8498496849968555,0.2957246440949656,3.556918256658931,3.472525302575774
2016-07-08,1.902398528827725,9.484002117365291,4.207496148514666,7.047795443519486,1.3945105158912312,3.8543727059263957,0.29669136660936835,3.561472128197374,3.473983051387803
2016-07-15,1.9025402685714132,9.480855939506053,4.205648878447411,7.036306792566264,1.37308246714766,3.8453488721601534,0.2982881288640053,3.5540615199639483,3.463890451000579
2016-07-22,1.8993649630356217,9.481740611853681,4.206784459817152,7.036491442852337,1.4004437842243103,3.852782425383873,0.30582891793281763,3.5533460588187404,3.465454613241528
2016-07-29,1.8927127874426424,9.479680250180099,4.20059468206476,7.013834536283295,1.4038395403356394,3.851189611820397,0.29535257875600057,3.5494736982968136,3.459088860077933
2016-08-05,1.8975673847876178,9.482959566750917,4.2024288650015205,7.0171386919268555,1.3916549673619865,3.8501476017100584,0.29851073033409414,3.556347561822497,3.452270651846156
2016-08-12,1.8936991404637868,9.47936700885566,4.2023136725364765,7.004146692224677,1.3933940982351136,3.84099950217477,0.29605938458123326,3.547819795068622,3.446776045273319
2016-08-19,1.8958116293619431,9.48682751438244,4.206709986122716,7.019412926024925,1.38948925201641,3.8374503099226374,0.2978798974282269,3.545081251990733,3.4560958363095926
2016-08-26,1.8990057057960925,9.487479563051405,4.202822214557493,7.01173684432484,1.3905353553771453,3.8335207772731885,0.3006970095292756,3.5428416093972284,3.4536000604552037
2016-09-02,1.9015327343699577,9.488691546686487,4.199551066020709,7.017658461089362,1.4080558529014033,3.8431015599617244,0.3075582264565707,3.5434200620525482,3.4554961550695342
2016-09-09,1.9013385741124587,9.487123263558964,4.2030793785188765,7.009399899244167,1.403274381154575,3.860561275803546,0.30656515945328205,3.550981398621904,3.4526190011490216
2016-09-16,1.894797289516236,9.486175040268584,4.206312202680011,7.027625024832521,1.4200917407031812,3.8700753776203807,0.31298425531399915,3.5533460588187404,3.4561589397361296
2016-09-23,1.898908384745098,9.477837594093865,4.199852567002871,7.006677110730916,1.4142013143728984,3.8727622914748436,0.30678592625085266,3.544575964507503,3.444416500782132
2016-09-30,1.8981444599320692,9.474925245987354,4.198509363298087,7.004872915261524,1.4196566007262916,3.8794791523521166,0.310018252297433,3.545442015369948,3.4424512828972755
2016-10-07,1.9029579109860875,9.468827900836182,4.198254025612612,7.015667536176533,1.4247936602705005,3.8768102496724017,0.3169252909214222,3.5520569373911997,3.4483512872554414
2016-10-14,1.90712476970195,9.476842218678614,4.199860065868668,7.031811927644116,1.4356795863006335,3.878673025746592,0.32840406197170263,3.5635996376871786,3.4570577311587773
2016-10-21,1.9127521632305455,9.477592670516449,4.204005816431619,7.036702430009276,1.431219924472883,3.8772244998854504,0.3331452798615244,3.559482360627869,3.4575934679672544
2016-10-28,1.915539302909631,9.477646252675134,4.201448557136302,7.045489079109995,1.4350845252893227,3.882182163417125,0.33128020991878776,3.5570608794930885,3.45454855715915
2016-11-04,1.9124641586204811,9.482091213596561,4.2008044733232275,7.042233723011875,1.4346082213984412,3.8819760840758493,0.32443580279608214,3.55434756115583,3.449225350672737
2016-11-11,1.9197055010581943,9.514466496843896,4.214687282052953,7.060579364987069,1.4573351342241425,3.8964320963818926,0.3453257851818383,3.5674883547168883,3.4632954272603667
2016-11-18,1.9316518378799459,9.499885707474741,4.221535060466576,7.072235284313093,1.485913426148603,3.9057030766833267,0.3552589418808462,3.571010477264714,3.465032530491411
2016-11-25,1.9384610446684516,9.512361644938844,4.227008912407272,7.07036720415568,1.4947675274504963,3.907613296939446,0.3564149101328725,3.572696699824027,3.460880383823329
2016-12-02,1.927840733165814,9.510393111230314,4.22053658745986,7.063801304363829,1.4936229388724152,3.905622566247118,0.35167747737844024,3.572556289826604,3.4629037710981336
2016-12-09,1.9352535688667845,9.496699069153053,4.212645982012727,7.06744771771573,1.4871572777252677,3.9116029172034423,0.3587577733428371,3.574870537502069,3.4607704704192788
2016-12-16,1.9402082095656519,9.504240571741192,4.217387812732235,7.080741732298411,1.499176518176563,3.9120630046281675,0.3701832939635246,3.58011035806295,3.4666573531339413
2016-12-23,1.938756047962396,9.505849235035976,4.217166731941044,7.093728493683704,1.498327564795667,3.907191351765965,0.36949244764934686,3.582615752929051,3.471950924479492
2016-12-30,1.9410842373386181,9.508071780280964,4.217829827738473,7.09245733347515,1.501006018251788,3.9045954895993495,0.3677632409241528,3.5775288111905605,3.4772320679381528
2017-01-06,1.9219979461517842,9.499983021240597,4.2203015076785775,7.087732423120404,1.4979475364007373,3.902417015282911,0.3617918303181941,3.574800487416229,3.4622924810219664
2017-01-13,1.9248178333255557,9.497689889137582,4.22156441223282,7.072286183100865,1.4958211856471328,3.9085168660988585,0.3582686732771897,3.5676294780589233,3.451700363835262
2017-01-20,1.923671843616234,9.5033382902502,4.220044325875344,7.068989383445607,1.4922297115285594,3.9117129573682132,0.3551888402334288,3.567064865156635,3.4529514032319693
2017-01-27,1.9261592347077103,9.5000503867622,4.220485168479634,7.06921915210362,1.4884673018544359,3.9080149840306073,0.35553929933843864,3.562536448729248,3.449495361236555
2017-02-03,1.9160913844550542,9.496511303229012,4.205699574927595,7.035022090026947,1.4879480148463904,3.9060250536245102,0.3414953141035426,3.555990712088132,3.4273523391390066
2017-02-10,1.9263049308441065,9.495970340301833,4.2026681835431186,7.046081408462424,1.4915548717773834,3.9110425249141847,0.35118490119509377,3.557645420538097,3.43351935312428
2017-02-17,1.923781389839372,9.498522319469615,4.206340514596871,7.049098579047533,1.4935780263395655,3.914100845223112,0.3494237172245395,3.554990854841572,3.430837086779841
2017-02-24,1.9251095954248114,9.498019944424838,4.200362361821503,7.0315645647084235,1.4907669827164218,3.9163137868453024,0.34007288934111213,3.5516268606875596,3.422714225124405
2017-03-03,1.9318112246758117,9.50215140851164,4.20136619745656,7.053127540997814,1.4938474712846121,3.9182634930176006,0.3475887895774752,3.5574173476107904,3.43535723330886
2017-03-10,1.9306079510468632,9.500574185964533,4.198381702605016,7.048994390674862,1.4935780263395655,3.91711999368599,0.34667006159765895,3.5649447230197087,3.4338420326579038
2017-03-17,1.9292434567140944,9.498597279178806,4.181339966861951,7.030185278535486,1.4896403489785046,3.9169906462436552,0.3379354513145651,3.551268322087039,3.420395250965679
2017-03-24,1.9274188045091443,9.495654643398302,4.179642666842873,7.018920912292289,1.4875414281361745,3.916273957315684,0.33586490937820934,3.5424799064960446,3.414080700826262
2017-03-31,1.9274333567370907,9.49716457656453,4.171228439887378,7.019368207505637,1.4873832664267947,3.9168314264204507,0.3345418031042651,3.5360924274223,3.413422351284724
2017-04-07,1.93085452261551,9.49662396701411,4.162696116998333,7.0340001895556865,1.4895276157615427,3.9068295427167916,0.3380424317907301,3.5434923451130445,3.4220452141749935
2017-04-14,1.9286549884943742,9.495902699354984,4.1668124997777936,7.039879431909179,1.4831941858598499,3.902800609566003,0.33486380092461765,3.536529235815966,3.413323561459996
2017-04-21,1.9302162123750708,9.496984405852292,4.1699080222583,7.035321414787742,1.4814454373588235,3.9086774151770496,0.3348280285087237,3.537765824444175,3.4127141417898215
2017-04-28,1.9313184924657933,9.49771989866561,4.163380766103524,7.038292192626331,1.4681047363174566,3.915138148328291,0.33486380092461765,3.5436368955614026,3.4092482198518663
2017-05-05,1.931753268780232,9.498072443178005,4.162976257381623,7.036333173266145,1.4675747640709886,3.9091689364452398,0.3394321375037263,3.546163151912341,3.407527305357025
2017-05-12,1.9313112445921383,9.498169933550908,4.16222904189195,7.02460454547843,1.4691868504594505,3.9062463526506916,0.3392896924338655,3.545369873105371,3.4060024853052213
2017-05-19,1.9280225440756966,9.49678167499183,4.1679899273897085,7.019734840344844,1.463602564210556,3.9059848121758125,0.3261332588260336,3.5360924274223,3.402213531873279
2017-05-26,1.91930213181953,9.49622583148502,4.166564443529768,7.020699961998268,1.4513327572991128,3.906950160278855,0.32327843712021725,3.527609744016593,3.406765185965619
2017-06-02,1.9135197702534599,9.494970291343918,4.162851760233225,7.0198331823874875,1.4539997374739035,3.8993632072813553,0.3233508117312353,3.52790345133936,3.4043424308062282
2017-06-09,1.9151784449475084,9.495173389723215,4.163699590344643,7.025742738187048,1.4505125184464556,3.9021847682922424,0.3251945967115523,3.5284172316728752,3.4054051831023324
2017-06-16,1.919038020186812,9.494579022650203,4.166378360955088,7.033330101890203,1.4529712193841706,3.9087376144366166,0.32389345441435285,3.525109742714509,3.41225271233914
2017-06-23,1.9223709781381166,9.496143179715661,4.1668124997777936,7.0353830293534445,1.4557737808896938,3.915437170527934,0.32674652339675925,3.52459425980608,3.411791069873025
2017-06-30,1.914102462825865,9.4988446063602,4.168523960396352,7.042941551537205,1.4570556680028028,3.920933191557902,0.3199072197465178,3.5242995787961386,3.414278121200686
2017-07-07,1.9174812796277503,9.504009486272086,4.168624543390948,7.0513793190650125,1.4581963304089685,3.9257681072198176,0.3233869970725574,3.529370695385138,3.419561065679113
2017-07-14,1.9126414020426292,9.496526325800426,4.1635285265607616,7.029733945103044,1.4567994220052445,3.923694626288547,0.3159414871655619,3.519942916930104,3.411708611287803
2017-07-21,1.9107195896260776,9.496736618107507,4.165152452232612,7.019090908042805,1.4548871525855023,3.9269904325499323,0.3097248358273287,3.51020125223478,3.4144755026079983
2017-07-28,1.9074885451006394,9.497352219877659,4.160826506189579,7.022680902789541,1.454256701792318,3.9229233798964342,0.30535007010518794,3.507956918233689,3.4093639443285486
2017-08-04,1.9072806896485106,9.49732219931357,4.154639718005856,7.0294240885641415,1.4535323603855677,3.9192766341394543,0.30799927321467574,3.5054973351226604,3.407212587316943
2017-08-11,1.8985115162568627,9.500888333841008,4.161340997711818,7.042128816902746,1.4574981201262227,3.9338823397810394,0.3089542077273207,3.50387429969078,3.4124010521694808
2017-08-18,1.8991254725504818,9.500484411298883,4.160779721104656,7.040037141268679,1.4560536055347433,3.9403966396159853,0.3100549233035061,3.5026101150718842,3.411972454830114
2017-08-25,1.893827069185088,9.497479797221597,4.157733985899996,7.023162160485584,1.4521523239113547,3.932785955780225,0.3044654404861265,3.5042201669563875,3.4030290364911253
2017-09-01,1.8813868658968815,9.49843236040093,4.157616656779947,7.023055234344715,1.4518479918593294,3.934351850911209,0.30549743232178234,3.5015704808089345,3.402895938297737
2017-09-08,1.8743604402152376,9.486061193028688,4.15848456646236,7.033321281953619,1.4340125223279871,3.9299807948019234,0.2936765694994493,3.500469399979424,3.4026962577858915
2017-09-15,1.8796100772980813,9.49212257437177,4.161426720569871,7.032588955903464,1.432581395071204,3.9383825206470036,0.2969143237653586,3.4995937035183484,3.4037275115157803
2017-09-22,1.8830464151545219,9.495120738548517,4.1721000407956454,7.032306470025879,1.4346082213984412,3.9244158953581074,0.2960221967267823,3.4986870029394126,3.4062180901190193
2017-09-29,1.8942408441350378,9.506979708095672,4.179941049838787,7.042495940146645,1.4399536044416377,3.9296467901816956,0.30604984730995893,3.506097791487525,3.412928304537854
2017-10-06,1.8944815071628378,9.51321150439369,4.181920363227856,7.042653237430096,1.4438554716444223,3.9371447942019255,0.3116305057704091,3.509154523167248,3.4149687857460735
2017-10-13,1.8829018850482688,9.506786428285377,4.1699234758203465,7.027403241248033,1.440308949426129,3.937749229999026,0.3003267899848597,3.4978400067002586,3.404026708672315
2017-10-20,1.8898914216604312,9.512235952242532,4.175379085576124,7.032041567022979,1.441019260809137,3.942552210462969,0.3079257789288234,3.5015554056971903,3.4102562261505014
2017-10-27,1.894601816960712,9.518082391555732,4.174671844784977,7.027465345609997,1.4450348561424906,3.9453417206209713,0.31298425531399915,3.5044156042479484,3.4075769886261944
2017-11-03,1.8925319760510322,9.512819919763924,4.168841149331438,7.018007809200389,1.4437374566563819,3.9373788126904543,0.31023825816514355,3.501525254791907,3.408867887966375
2017-11-10,1.8954060168815452,9.51287903670464,4.179152819680698,7.020512372390183,1.4331302359569222,3.9370375174228567,0.30689629137558516,3.4996994317214454,3.406781759956056
2017-11-17,1.892592250147504,9.51205108133736,4.174025666063312,6.999495457544853,1.4257554300008042,3.9291160828543235,0.3040966137198755,3.4911447222673457,3.403428224813515
2017-11-24,1.8856671508398994,9.51082267086424,4.167610513308896,6.989298398935532,1.414954701613102,3.9252748111038938,0.29654270088397744,3.4858754831247794,3.4007639544128008
2017-12-01,1.8892642089202978,9.512886426076506,4.167277439460246,6.9896762216674455,1.4087894389472615,3.9186907266861373,0.29799124980293146,3.4854619340252473,3.4025631152899387
2017-12-08,1.8911597579697352,9.51356601480376,4.166370606762978,6.99712969512759,1.4079335362233718,3.922794780981434,0.3021765186022335,3.485691704638597,3.402330073258089
2017-12-15,1.8879556200804624,9.516066172826827,4.160225931335614,6.992895740233209,1.405974431886718,3.9212800266908228,0.298547825762087,3.4817784059557586,3.399629486489993
2017-12-22,1.8822322098917799,9.51460666290402,4.159304869395434,6.982482345171878,1.4060479676067268,3.913132389833644,0.2957246440949656,3.4889945609393926,3.3976912423328676
2017-12-29,1.8737310845931994,9.5137136903903,4.156223299267966,6.974591159168392,1.3978523099536195,3.9115528949435263,0.28990460080487823,3.48392877925962,3.389158538050399
2018-01-05,1.8689828216365856,9.504061671529763,4.148019601335849,6.968963260023252,1.3856691657259723,3.9086974819995692,0.28307145989409765,3.471624779279866,3.3842207574550387
2018-01-12,1.8669828904656425,9.497907437814957,4.152157391515169,6.969076128963721,1.3792697461829262,3.9201498926397544,0.28322214172968746,3.463311090316699,3.388179684580852
2018-01-19,1.8568134824767344,9.498012444377963,4.156560074763291,6.973889401470551,1.3704698107729192,3.926862355624786,0.27838902554018824,3.4612885278724463,3.378679070231553
2018-01-26,1.8450474395927718,9.497412258302269,4.153336479352314,6.971771788895554,1.353383697662631,3.9325900463681105,0.268116916956941,3.4448792827482784,3.371734241511514
2018-02-02,1.8424763475197627,9.510593101601815,4.161824066924772,6.991213684972219,1.3572516756671598,3.945834886416865,0.276798055849702,3.4481604809391735,3.378338087516073
2018-02-09,1.844391450507668,9.522205170950965,4.163855077486169,6.991048083978234,1.3710538117036057,3.9442772009574787,0.28491574970681083,3.4578454801281753,3.3781334420636036
2018-02-16,1.8389769688371655,9.513322302397961,4.164282542508553,6.9720531461648685,1.3595139455849214,3.95729269427563,0.2704850476232594,3.4422593473870178,3.369913091622389
2018-02-23,1.8454739967302478,9.523573225271969,4.172801397680159,6.983066812279772,1.365708927510782,3.947100532040842,0.2784647229021713,3.4477151245671926,3.376528935446441
2018-03-02,1.8479507488777975,9.53082113817935,4.178402275884168,6.989095605921978,1.3618735865782086,3.951426394202912,0.279070095603217,3.4484148812712663,3.378440394539539
2018-03-09,1.8442649452931126,9.528604994305686,4.174218024805264,6.972100031347752,1.3639209321429984,3.9523296671872803,0.2740647764925958,3.4454534729166926,3.3761188612856183
2018-03-16,1.8452607409053836,9.529877152748284,4.174679534874375,6.975899790713693,1.3628210049342484,3.95032021536049,0.27566009722445545,3.4400173735117376,3.3709786950781546
2018-03-23,1.842143600451997,9.53130730598938,4.174194943709834,6.986871403664056,1.365708927510782,3.959593378335563,0.2727714597160268,3.4402898814682517,3.3732093451219867
2018-03-30,1.835210006101998,9.526558879570128,4.176131900987548,6.967541902717415,1.3515735083915015,3.954469280090901,0.2699889685457145,3.4398730745239847,3.371408052851403
2018-04-06,1.8422149127165484,9.530349256852375,4.173232757548812,6.975236341595059,1.3536678582927963,3.952214401162774,0.27566009722445545,3.442898989209418,3.377519254307578
2018-04-13,1.8359677238923755,9.529753642589418,4.178578474514105,6.976320058850946,1.3557836059148685,3.9510802436816723,0.27120964388324886,3.438878448629844,3.3783039828488457
2018-04-20,1.8386907639124872,9.543722123678954,4.194295472312383,6.978306934933082,1.3603866355787055,3.954977125352744,0.2745588382603655,3.4456129116925407,3.3843563644661288
2018-04-27,1.8448024819652653,9.537159019426346,4.1996650770799056,6.974404071929067,1.3659640946466398,3.945902556861824,0.2814124594381855,3.4505588111998797,3.3867603338643857
2018-05-04,1.850099129566015,9.54596939605074,4.202645749862685,6.981721098175463,1.3710538117036057,3.946955691968169,0.2890061954139122,3.4581446621039054,3.3916856212895596
2018-05-11,1.8450079343563475,9.544502800185505,4.2098286610507785,6.973898761479911,1.3736396266616426,3.9605083612434693,0.28930575356787847,3.462872431977507,3.392862744872098
2018-05-18,1.850554968238458,9.5576606975898,4.21921354426797,6.986326134782164,1.3793200973825541,3.958515293405904,0.2949803749328925,3.4721527705958044,3.3997296383871207
2018-05-25,1.8540846051347928,9.550911340166357,4.21631142604333,6.983780697374595,1.3816083991291763,3.963362298757729,0.29382566189974035,3.4640939305007215,3.3995961002951818
2018-06-01,1.8582570077374445,9.535650543891204,4.204849323530142,6.978903160100266,1.3810305314447917,3.9617746120255544,0.2916242916844048,3.466641742403125,3.396687226184269
2018-06-08,1.856462039408846,9.545590433474121,4.213785482087931,6.981906821615223,1.383415220369047,3.969451938230096,0.28938062908736234,3.4685444551217657,3.3975574317415598
2018-06-15,1.8619227666104239,9.552198080873733,4.225263169493793,7.006568407201567,1.3824871227769366,3.979148801681055,0.29973415347592225,3.485017561081779,3.4062512559648344
2018-06-22,1.8742453437834836,9.554610695756155,4.217726708377723,7.016609683894219,1.3868442099253262,3.9761333098940437,0.3069698613590651,3.49433854418164,3.414047793640975
2018-06-29,1.8913483610626307,9.565487148862204,4.226527128923126,7.013717613510653,1.395873335900214,3.9780448009701432,0.3101282612816109,3.4981123337364517,3.415560404497923
2018-07-06,1.8959167613026255,9.57188842301789,4.230680352179247,7.01737172530546,1.3962446919730587,3.977614097418608,0.30616029369755404,3.501118128569617,3.41651283243993
2018-07-13,1.9034573612284904,9.574997374356531,4.2268118472182,7.031016614646547,1.3989637642205535,3.9803449852509374,0.31254540217647026,3.5065478972699813,3.421326752957321
2018-07-20,1.9146111192099646,9.580931041514544,4.230076656525341,7.029043276189337,1.401675463158193,3.9772581588610842,0.310568176238482,3.5071327320708243,3.4207058480501984
2018-07-27,1.919830145912173,9.571644584298577,4.228656899829694,7.018321222859731,1.4017985476558559,3.9754859483387843,0.30814624558413484,3.5076423091328985,3.419724686276039
2018-08-03,1.9232481519405504,9.580516759838511,4.227475874825283,7.02517380376806,1.4064155651161045,3.972967576055501,0.3115206619316226,3.5034079414138706,3.4204769963941115
2018-08-10,1.924876192555814,9.583282288378786,4.233258318902495,7.0276161544334865,1.4075664963954304,3.9738046047467384,0.3152486001695863,3.5056775098926742,3.4253369958486357
2018-08-17,1.924876192555814,9.590296200779141,4.248138035401517,7.023607563047777,1.4124493185967417,3.977014548935586,0.31670675149239724,3.5028058672502524,3.42549967418512
2018-08-24,1.9170108435836741,9.587707743299985,4.24577726598231,7.015263486697422,1.412814570929286,3.9773331038234128,0.311227686026795,3.4859061095891097,3.4223063448723905
2018-08-31,1.9217125924759195,9.60288908815112,4.259025319951097,7.017488221633717,1.4131796899012727,3.980979876267082,0.314883729876926,3.4889792950456884,3.4236761634225816
2018-09-07,1.9238544139884908,9.61027689223413,4.27588108873818,7.024907004292961,1.422144014013588,3.9852177035311915,0.3201976641284608,3.490169335464419,3.426735165449994
2018-09-14,1.9262612242320176,9.601699794356767,4.274629323934299,7.021200028981944,1.4202850754871277,3.989567209824855,0.3161237460830839,3.4852780795149316,3.4263776801924535
2018-09-21,1.9231896976189327,9.605492483475903,4.2788720175652175,7.016214987177636,1.4183984650204229,3.993778092297064,0.31064147658669145,3.478744670674498,3.421359421486097
2018-09-28,1.927891643552635,9.609693506636598,4.284151919257393,7.0119441084837515,1.4202850754871277,3.989567209824855,0.31210635636230516,3.4755160459044547,3.416676952510542
2018-10-05,1.9311807738826274,9.627358486362922,4.304632499766184,7.030362216448434,1.4230360424729935,3.9925978791685073,0.32374877848817457,3.4908552535926907,3.4316942551041594
2018-10-12,1.934054432678944,9.629004653142333,4.298346068007944,7.030830950565382,1.4240717254539206,3.9904182028555195,0.32077829994097057,3.487910102947499,3.4296228558458592
2018-10-19,1.9364512688490623,9.627753813600188,4.29587625055985,7.030371062522326,1.4249139320849455,3.983803986522732,0.3199072197465178,3.483667909025736,3.4304972507070173
2018-10-26,1.939928005949192,9.628583492443562,4.294185367966475,7.041892737911368,1.4295454031142056,3.9815957087801066,0.3237126062359053,3.5000165492765594,3.43498670481823
2018-11-02,1.9312460113652088,9.608149581673432,4.2880112412717475,7.019457642544556,1.425226571121678,3.976077034218252,0.3178717436148386,3.492438688759098,3.4198882801056447
2018-11-09,1.9386625197545801,9.596602273099911,4.2837244833835015,7.028972411372803,1.4300719834657785,3.9721863443994176,0.32037914903848874,3.4984299549078166,3.4270925229574924
2018-11-16,1.934769753212771,9.58551807914589,4.274726739635004,7.026781985403778,1.4330586650957748,3.962906215742716,0.3167796032754769,3.491418878477178,3.4279691321595833
2018-11-23,1.9376835460151043,9.582517533218173,4.255456669275737,7.031582235518895,1.4328200585568238,3.9591260328967888,0.3183446342585976,3.4985206852874344,3.4315649182785517
2018-11-30,1.9395686556506577,9.569510201099044,4.244272051205051,7.02230643105778,1.431315526767411,3.9618031555901716,0.31619664034998207,3.494839504365783,3.4288773974354645
2018-12-07,1.929076396001664,9.581828063462028,4.264958968080024,7.022458019842284,1.4271963524403164,3.9661702234985925,0.3145917377586384,3.492088721850223,3.4310150500713377
2018-12-14,1.9320647422332602,9.589598387915172,4.276200732962986,7.03336538085865,1.4317934011911089,3.9725252668176725,0.3197619659151926,3.4914797918735756,3.429331220905927
2018-12-21,1.9334470925208762,9.589221914101325,4.250621551279366,7.025618311438691,1.4300719834657785,3.9691497521000287,0.3163788527737293,3.484787635500012,3.4246860177310596
2018-12-28,1.929192615103857,9.583778033245586,4.247809292554074,7.017488221633717,1.4240717254539206,3.9618792677795756,0.31174033754485175,3.482777368654578,3.4194628804689997
2019-01-04,1.9271859400570337,9.563458999712138,4.243382192662536,7.019046175120709,1.419729137206128,3.9588970492967386,0.3075582264565707,3.4667510124015943,3.4277419368842676
2019-01-11,1.9109933038183877,9.552496425065693,4.253809666873074,7.0199583310016305,1.4097667173050328,3.9550346010213935,0.3018807918515939,3.4639530644875443,3.4265726879933838
2019-01-18,1.9158558669410304,9.562840613960278,4.265345335632766,7.024889215130119,1.4141526892482872,3.9637706965618564,0.3055711052875209,3.457483192672747,3.429396036020834
2019-01-25,1.9104680024053813,9.550576943162852,4.2620176860102355,7.019242985011936,1.4172357023594393,3.96166994531756,0.30298931651892824,3.4513992473246704,3.4244906416314476
2019-02-01,1.9097721081532202,9.545940800111362,4.268857936568244,7.019976208096603,1.4098399746949046,3.9587157334201284,0.29988234553309917,3.4422593473870178,3.4269950744832958
2019-02-08,1.9143678810454348,9.545776357589014,4.265303193698727,7.024034962949214,1.4033481156857182,3.954517201040512,0.30461293311176263,3.448494368104314,3.4288773974354645
2019-02-15,1.9140803414606808,9.555998856949083,4.268157803514369,7.02702165838446,1.4075664963954304,3.9602511069080295,0.30616029369755404,3.4422273545534097,3.428455805432982
2019-02-22,1.9040906333666827,9.548725064401724,4.263995912095625,7.023563031717752,1.405484055513032,3.953001787656566,0.3009560816823189,3.4445282263841697,3.4257924285175356
2019-03-01,1.9035914993909988,9.55878352752137,4.261376210736143,7.0275097035072625,1.4046989527959952,3.9494054916154764,0.3028415842096034,3.4592461397687306,3.428909820228691
2019-03-08,1.9064116830465645,9.569824366834524,4.248980838414072,7.0332066156984485,1.4084960691035773,3.9571588817658725,0.3066019573042918,3.4580344475790943,3.4315649182785517
2019-03-15,1.9040459449566145,9.563761026454337,4.233570128889467,7.034713867981347,1.4086672119716157,3.9636377481456457,0.3022134782976899,3.455922281351402,3.4294284420029815
2019-03-22,1.9059508775206357,9.565206681320978,4.237578730308009,7.0372384887600905,1.40229073420449,3.964207402665594,0.30165893938257526,3.4580344475790943,3.4299144057596496
2019-03-29,1.9053634142666696,9.565241744065762,4.2385170536653165,7.036394725526232,1.406587064387653,3.964501597073277,0.30346929585211047,3.457309878351036,3.4292015780717526
2019-04-05,1.904038496694108,9.556579047012976,4.235265253278478,7.0364738585797095,1.4081781546198948,3.9531169629631076,0.30398593915831057,3.462370872430308,3.4278393126085764
2019-04-12,1.9031815762644766,9.55395135273566,4.2374920714405855,7.033603481346999,1.414468710302781,3.9454094244457796,0.3023982562874614,3.4579714623963373,3.428974662661602
2019-04-19,1.9029579109860875,9.550135652594328,4.23866133299034,7.035840618745356,1.4190035355295954,3.9465307066913757,0.3039490449156529,3.46025214444347,3.428066485764177
2019-04-26,1.9077928269421853,9.558543531473095,4.24642166510245,7.0548381836833824,1.4187131473753913,3.9524257120595183,0.3078890297602691,3.463217108298523,3.4304648793427233
2019-05-03,1.9076147219785229,9.565073431677574,4.235771783916321,7.060948357598531,1.4214925717698557,3.9489429970270904,0.3079625267469257,3.4630447849882358,3.4298172318993414
2019-05-10,1.926071806835649,9.574948762739039,4.250707079845959,7.074971658167143,1.4249139320849455,3.9572735792990454,0.30957809530100044,3.452191464623765,3.4342452357083557
2019-05-17,1.9377339577711363,9.580364813544328,4.252238228328193,7.084611930345025,1.429473575213824,3.9648146766881847,0.3199072197465178,3.4603306959536635,3.445341850646339
2019-05-24,1.9337508087076678,9.571407655452775,4.2397787925086,7.079074868814128,1.4322232930082903,3.95452678495487,0.3188536511398616,3.4609902851477505,3.450273219308748
2019-05-31,1.9362493477130025,9.569398473936657,4.243482700225814,7.081885041124708,1.4327007339340465,3.95559002890666,0.3194713949411883,3.452650663251071,3.452745643542732
2019-06-07,1.9370856128289282,9.561159202304317,4.2385170536653165,7.073727239898999,1.4252746607607745,3.9505415490411626,0.30840339526503324,3.4422113577527695,3.445405636326476
2019-06-14,1.936537793999093,9.57077324604224,4.245261447538961,7.078594498667058,1.4269083340051456,3.9530977679998656,0.3150296939700183,3.441058915087286,3.4497017907217704
2019-06-21,1.9265380005184272,9.556586120424376,4.242218441229158,7.0554422568809025,1.422867341350731,3.9415138441951774,0.30516583679159914,3.426670177635186,3.432179119270884
2019-06-28,1.9275934172694156,9.555814823935872,4.233454117926301,7.054086898042937,1.4187615512573921,3.936471685830456,0.3022134782976899,3.4239368686316447,3.433470942212451
2019-07-05,1.930912530620631,9.558769411701064,4.229181352444312,7.069108529339895,1.4196082401498242,3.9390835439750007,0.3083299306749326,3.427952905637332,3.4400334054473536
2019-07-12,1.9288439172687883,9.549416358753158,4.2287297569205435,7.07237100865716,1.4141526892482872,3.9357200006047246,0.3070066443212013,3.4321306434320404,3.436950551367973
2019-07-19,1.9277243568337192,9.540643619451867,4.232002844179089,7.067029951564911,1.4141040617591578,3.9309036391914343,0.3049078531168494,3.426150123017732,3.435018930137666
2019-07-26,1.9288221196163948,9.54637679936063,4.232002844179089,7.076687598657076,1.4157317967735077,3.9322667119051884,0.31462824143638807,3.430545805788721,3.437593596853446
2019-08-02,1.9418949560887426,9.563128773082331,4.245490733029061,7.094599924503676,1.4250341894358212,3.9438607622768975,0.31958036895099473,3.425109201708468,3.449797051498218
2019-08-09,1.9589673882119614,9.562721108991893,4.262468587115538,7.102565197228452,1.4312677267626217,3.9512725643192312,0.3246165202448435,3.4269950744832958,3.4466167918530153
2019-08-16,1.9527509828198384,9.560778909897131,4.263960746518501,7.095047793401692,1.429880531782812,3.958190686273153,0.32656619050174734,3.4316619224659752,3.443170713139579
2019-08-23,1.958170398393108,9.560666202885931,4.268626946846259,7.0949980400951596,1.432987089111873,3.95568576116276,0.32541128926178803,3.4229099485678054,3.442499261019261
2019-08-30,1.9681118570389997,9.559404426433577,4.272142011769433,7.097449590105505,1.4363931924203548,3.9530785726681694,0.3272873270441403,3.4210000089583352,3.4445122663481
2019-09-06,1.9617834982116034,9.551124726610015,4.270934446541566,7.082943117875195,1.4300719834657785,3.948750227800173,0.3218298438129076,3.422371616893562,3.440353990196677
2019-09-13,1.9506773393540622,9.544445523546482,4.261806256109032,7.0716837146592,1.4264761507527224,3.9504453230254226,0.3168888709997209,3.4163158527938564,3.430917983111237
2019-09-20,1.9580857249854469,9.552368574168076,4.262926325543628,7.081111769390442,1.427316335642812,3.951349482219026,0.31939873900334986,3.4167754116254736,3.432792943251906
2019-09-27,1.962233340774295,9.557667763354404,4.2547328902663715,7.088826053874439,1.4316978445737405,3.947303272904923,0.32201103277537163,3.4219472725807525,3.4345032003686278
2019-10-04,1.962156038483649,9.55639512075274,4.261566581501409,7.085650386823178,1.4315067039414386,3.945989554991419,0.3214673673699074,3.4156589736031595,3.4301087251565754
2019-10-11,1.9576975467714857,9.555602436058173,4.2627714221467095,7.072956108967674,1.4318650626623495,3.941688598083896,0.31718019324059277,3.415741107102996,3.420215387497917
2019-10-18,1.9568500890936478,9.556062552794366,4.2633697798487065,7.072472789827731,1.4318650626623495,3.9366082951864576,0.3109346242619311,3.4109496731048337,3.419495609943531
2019-10-25,1.9548698904267852,9.549630064410048,4.26026146207411,7.068103854965684,1.4313872224907918,3.9377589759702856,0.3093946393574308,3.4063175843567266,3.4207058480501984
2019-11-01,1.9512387837733773,9.547376735162365,4.256619295239675,7.060253165126674,1.4267883018363805,3.9221416389493085,0.3050921339613771,3.4069143419913845,3.4159217770605372
2019-11-08,1.944995445126913,9.548290088015511,4.266868276535944,7.055105746832039,1.4194147744531067,3.923506813369432,0.30737439954747015,3.4137351213601166,3.41391615406993
2019-11-15,1.9462529474360912,9.551160286590816,4.2716117002687835,7.059557489026009,1.4237105625053128,3.924277610095145,0.3077787741509034,3.4095292417816916,3.4180217220524582
2019-11-22,1.9524955604136476,9.554794950481748,4.27311816580037,7.072786549905607,1.4281558152148082,3.9303245065980588,0.31071477156235366,3.407775697022278,3.419790127019469
2019-11-29,1.9501724809703338,9.554610695756155,4.272630207894483,7.073938984975659,1.4297847921944191,3.929361815704636,0.3129476915742559,3.4089009660471876,3.418316673469544
2019-12-06,1.950471160382876,9.548917534542715,4.266552649856557,7.080809021955176,1.4252746607607745,3.928339169913082,0.308513582031714,3.4130271334157327,3.417136345463658
2019-12-13,1.9478938944164654,9.549345113384078,4.260515564775319,7.071522429128285,1.4193664021800843,3.9252748111038938,0.3038752523465311,3.407974365941179,3.4099919293436507
2019-12-20,1.9458244310959196,9.54555467487328,4.264804379250867,7.055951121046716,1.4209373045634301,3.926862355624786,0.30358002760455366,3.407179453339703,3.4059195479974846
2019-12-27,1.944959697519318,9.544681768540798,4.27060612763618,7.0561494216970155,1.417599210948303,3.928870289604535,0.30184381985787484,3.4061020009956104,3.4039269862330217
2020-01-03,1.9406175967474957,9.541864673444872,4.273633748245758,7.060708098804333,1.4115477920320212,3.9342638343640415,0.29921530826545395,3.4068149071128615,3.4027961030258522
2020-01-10,1.9334904861955315,9.529106781478463,4.261496078036134,7.055019443960689,1.4051161153604783,3.9232299721262285,0.29891870437776863,3.409000193725176,3.400163514071858
2020-01-17,1.9264214724714508,9.522637005191882,4.263594951190975,7.056735471993456,1.3998767020931573,3.9308545731632702,0.2982881288640053,3.4143768167742694,3.399429152599507
2020-01-24,1.9362421354897263,9.518133847577385,4.267120706172524,7.063741416183599,1.4006902414036229,3.9286932810486594,0.30110409278342165,3.420362550923166,3.4029292145069143
2020-01-31,1.9461529767131482,9.53146689164732,4.2704384338446495,7.088124932050846,1.410499049816708,3.933402819683385,0.3110811658800127,3.441459219323847,3.4130271334157327
2020-02-07,1.9463671874544939,9.527360348486893,4.269396705180163,7.085064293952548,1.4205750075967234,3.9302459543165655,0.32919582765043676,3.445246164496836,3.4055877299634485
2020-02-14,1.9451813120895955,9.525851596346639,4.270773793311218,7.076442644500288,1.4202125793233513,3.923467269312404,0.3309211434876409,3.4408987485137073,3.401863826205316
2020-02-21,1.9513453515452526,9.532959959308414,4.2753527569335255,7.0977886895103675,1.4330586650957748,3.9303245065980588,0.33532872591913404,3.4524131730464256,3.4145412877537358
2020-02-28,1.9444304834613397,9.57428185058694,4.285440015567417,7.09742477343863,1.4386495914538187,3.9352999823326393,0.33328860280418976,3.452365668236555,3.408437773317649
2020-03-06,1.93655942411687,9.570347757159563,4.304976839599239,7.081254701602981,1.428563308299057,3.923585896792599,0.32099595148171445,3.449527122392664,3.3985605750076515
2020-03-13,1.9499377416899055,9.590767974691957,4.303943464186039,7.100414880237502,1.4533687267842115,3.933481124386601,0.34885948262904354,3.4643599566197953,3.4066491603404008
2020-03-20,1.964598710632517,9.678078937901722,4.322269995426564,7.131234773860988,1.480399269421697,3.9368034190419436,0.3734583119730779,3.487069220736119,3.4107185775457918
2020-03-27,1.9611646340887827,9.697342455399093,4.320762746069968,7.107155167310843,1.467182864853229,3.933716001713211,0.35816383499015136,3.482685198508423,3.407775697022278
2020-04-03,1.9617553763313726,9.723702775394143,4.3341682237875085,7.121405914812816,1.4713246103044662,3.9287129502133107,0.3646083907628568,3.496719660184078,3.4091986195476407
2020-04-10,1.9527509828198384,9.666473245536126,4.331029349102977,7.0992678024776765,1.460868296124631,3.9222604237806253,0.34599814927461686,3.4866867676775697,3.4033949652056426
2020-04-17,1.9571962210722809,9.656422653630218,4.338153113979894,7.104735536784751,1.4747172414697873,3.9300691891192083,0.3518181688773885,3.48162463077477,3.403860499081639
2020-04-24,1.9591929690836603,9.65495567793097,4.3347712296588705,7.118259286749883,1.4730452875285456,3.928289977892018,0.3539963597329719,3.4794384673890635,3.404059947275632
2020-05-01,1.96422707941262,9.630792609892595,4.327280015998779,7.109152074406261,1.4591265197695606,3.924692408528809,0.34716486615995606,3.481593872900752,3.397657791363623
2020-05-08,1.957619893043538,9.60950567793582,4.324529928325356,7.104070137911094,1.4664909031141673,3.92121066928714,0.3445821195845928,3.4711897534821903,3.396184839838611
2020-05-15,1.9643813581946845,9.608445125678054,4.328678599171957,7.116921602365488,1.470405703738543,3.927118493073481,0.35536408513863177,3.4680769105017,3.3997296383871207
2020-05-22,1.96716829919705,9.607914427461576,4.331029349102977,7.124800271834477,1.4730452875285456,3.927413954783793,0.35448755334329696,3.463389401918603,3.4039602281510835
2020-05-29,1.9689079464665187,9.593389440800015,4.325244620574897,7.1195547285956895,1.4693709235369818,3.9235661265231294,0.34596277295905653,3.46025214444347,3.401797201734123
2020-06-05,1.9569843177559074,9.547797837385799,4.32557532371893,7.094724352652802,1.4508641317691906,3.909910776241872,0.3314955879079899,3.448875816978897,3.391281716874779
2020-06-12,1.957711664983273,9.563388747859216,4.330766234482153,7.094193351287931,1.450090419199967,3.918352929123016,0.3315673702639178,3.4338259011538828,3.390574491358242
2020-06-19,1.9561433253353424,9.562580496624802,4.333492687678026,7.096911757722478,1.4510281756864587,3.91341204027242,0.3335751870798392,3.4339388162176787,3.3875716380803427
2020-06-26,1.9584455374635334,9.57275879054198,4.326130658917652,7.092864612978413,1.4564032762650385,3.910762210960723,0.33235663628752604,3.432017524002042,3.385169620584958
2020-07-03,1.955457286897357,9.584782539849025,4.312542571143296,7.089868480738355,1.4556571641737217,3.902265555972165,0.3324642152236742,3.4379792257546837,3.3832709931286997
2020-07-10,1.946360047835678,9.578165916255392,4.319659088597012,7.090518404936745,1.4508641317691906,3.901437172686422,0.3294835870855363,3.443761857180247,3.3834067289869285
2020-07-17,1.9452170517760194,9.600854265631135,4.31654099849776,7.094351021748698,1.4503249407770271,3.9007092455278727,0.3294835870855363,3.4562693611516866,3.3837799076250863
2020-07-24,1.949304382123329,9.588297240667746,4.313754485547021,7.092648526143909,1.4499731377830734,3.8994746025066664,0.32450809369468947,3.454358929776388,3.3837459880483998
2020-07-31,1.9425760256092497,9.598069116594049,4.316287392959792,7.08368981545124,1.4443981612746732,3.894581787808203,0.3155039301850165,3.4411069600573874,3.3791903263990655
2020-08-07,1.9412923606057564,9.596860484916576,4.3181412335403335,7.080909947951275,1.4322710473599147,3.8942968208319115,0.31667032361049235,3.4403379633998723,3.3811987351554653
2020-08-14,1.9375467012940357,9.60911649193355,4.315659776479614,7.078855781228776,1.433344917811167,3.8861204111050354,0.3153215582551985,3.436918388236568,3.3812327412425582
2020-08-21,1.9341483928471295,9.600129924698912,4.3166344159068295,7.08342140410925,1.429832663134374,3.885997254603756,0.31681602717684487,3.451240728524009,3.381708705078293
2020-08-28,1.926275793314967,9.584638118137375,4.2930246413579365,7.075242346817636,1.4264761507527224,3.879572125157638,0.3066755489443147,3.4379792257546837,3.379122174010298
2020-09-04,1.9236353255416088,9.599235621755183,4.294287720365875,7.0826157375444705,1.4225057430824626,3.8841480846620926,0.31320360968185856,3.4476833058068492,3.378815430769025
2020-09-11,1.9221881367086648,9.617217815602178,4.297135735154691,7.079268637059489,1.4234697147199484,3.883108995263504,0.3129476915742559,3.4429789156771102,3.378338087516073
2020-09-18,1.9123459788837367,9.594724836473109,4.297870269166714,7.05822490632691,1.4147603334305616,3.8807387153883797,0.3055342694831149,3.4368379758819705,3.3677784721167106
2020-09-25,1.9222539634745832,9.614604759507829,4.299561725002855,7.070826056183954,1.4280359326995293,3.8815844162875788,0.32132233999573623,3.4548329308280645,3.3765972647939226
2020-10-02,1.9102311565982952,9.607867389982776,4.294274073984553,7.060853977099188,1.426356066693737,3.8816771935757655,0.3099449062507521,3.4511297504103644,3.3648791189880436
2020-10-09,1.898968275743499,9.592782472926807,4.290610114728064,7.04170033603573,1.4194147744531067,3.8795514652811836,0.30261994481598803,3.4343742263567125,3.3536164860327085
2020-10-16,1.9010696745821596,9.599201730917567,4.295596906675494,7.040010858102608,1.4232288089129532,3.8851758234191665,0.30630753657494586,3.4390228912021357,3.358950761733734
2020-10-23,1.8974999127041667,9.59520133165591,4.302063090533497,7.030256057457552,1.4247214902378722,3.8801297805410715,0.30708020618676335,3.4438896261740806,3.3552232487522047
2020-10-30,1.901517800303859,9.600718914665876,4.3125291716162995,7.035198174266102,1.4245049488836428,3.882563298276521,0.3115572778851977,3.4395523355386195,3.3530570063342204
2020-11-06,1.8858947166453266,9.564687608905738,4.303774510448549,7.0221637382662,1.4181079010822057,3.874809077334102,0.29832523255026067,3.4184968787402163,3.3527071725017215
2020-11-13,1.8886895484078556,9.561159202304317,4.312294650824956,7.011799929268738,1.4165325441805006,3.87619891720767,0.29902994114534276,3.4075769886261944,3.349061627241627
2020-11-20,1.8806323070683744,9.562798437366874,4.305658417782731,7.016860773444833,1.409156030263153,3.876261103684204,0.2952781490734088,3.410041490316047,3.350570531817765
2020-11-27,1.8822931079864496,9.557257866458935,4.304578474914739,7.007265716250918,1.403274381154575,3.873708281742437,0.29110122049743664,3.4109331680501604,3.350710779354898
2020-12-04,1.874176279565244,9.55747697018422,4.3010402527131255,6.988994193991239,1.401675463158193,3.873292572068083,0.28739453111573304,3.40684805317097,3.33873670031955
2020-12-11,1.877830126101455,9.558571769292007,4.30072845172097,6.995802785670617,1.3985934167069076,3.8744353580967075,0.29057787556380643,3.4049569722033044,3.338896355464776
2020-12-18,1.8745599093212033,9.556564900040074,4.297788680915377,7.0017737157546405,1.396195185797153,3.873292572068083,0.28461487340231084,3.396285337301135,3.3382930800157586
2020-12-25,1.8733010530253273,9.56080708466522,4.298407225723518,7.005925002754381,1.4013061187403286,3.872033997211783,0.2842386506740207,3.403860499081639,3.3370143528852423
2021-01-01,1.8721482708503248,9.541261515463823,4.291363142276535,6.993318107331582,1.3913565267121553,3.8722525411894244,0.2789187867816241,3.4015306594522756,3.3368010726341852
2021-01-08,1.865149326456106,9.553149630053277,4.294478750153457,6.996525940855528,1.3935926636010023,3.8737498432066535,0.2794860768522429,3.403112213866927,3.3321330790526336
2021-01-15,1.8691525158018274,9.552695271755551,4.292922159591061,7.005906872689294,1.3955018418708038,3.872377402021784,0.28532930686818375,3.403361704491532,3.3318830299345397
2021-01-22,1.8709402671024962,9.553539929346822,4.290212835401228,7.0086950374763255,1.3970611902307837,3.873354939537231,0.2834104621008586,3.4009640211023644,3.331311254197989
2021-01-29,1.8626993329837462,9.547526639331053,4.288327032193323,7.0159547609588255,1.3962446919730587,3.873001472437179,0.28295843361536765,3.396770932709242,3.3316329182762465
2021-02-05,1.8660162398345477,9.547740749170218,4.288230932469193,7.020351553284526,1.4035692866640725,3.8733965156891563,0.2888563826795496,3.404691270916411,3.3303456406902043
2021-02-12,1.8597996648411965,9.545433086065023,4.285199054199243,7.007175184102891,1.3965664223904948,3.8728558908384363,0.2813747228771139,3.396687226184269,3.333453729575636
2021-02-19,1.8650718869169876,9.553632159653057,4.284158811887449,7.007926352748414,1.3967890982125322,3.881656577144469,0.2806196924512722,3.4007139314856154,3.329343277894172
2021-02-26,1.8685507428680777,9.571261288999706,4.303693402514122,7.027731463484044,1.398667497183032,3.8876278485934246,0.28491574970681083,3.416053152894142,3.3272996438179088
2021-03-05,1.8748590383976291,9.576246576417766,4.293284214839181,7.030618720825894,1.4047971243508661,3.884764854657282,0.29535257875600057,3.4189718097613198,3.330846445565633
2021-03-12,1.8721559604666513,9.573245865665552,4.286520185610006,7.036166083745347,1.4154890193991665,3.8800265344849794,0.2961337561415829,3.4257599044904077,3.341801171705499
2021-03-19,1.873493054254725,9.574983485564092,4.28317958250404,7.029370960658697,1.4134230285081433,3.882563298276521,0.29471974980343174,3.4291043349151633,3.3470931226689546
2021-03-26,1.878220000085363,9.575087646805788,4.28487538614211,7.030326831370318,1.4223851812642443,3.8810378864803674,0.2968771676912652,3.439087081204565,3.353826210246137
2021-04-02,1.8829399213120472,9.584108393341092,4.296284905885208,7.029016702471628,1.4205750075967234,3.8838395569538573,0.2955014215039126,3.443713939598479,3.3507458381660573
2021-04-09,1.8805789328656388,9.588605560157692,4.3141358342548894,7.021244665661698,1.4192454612595766,3.8818111900199064,0.29341560429954144,3.4486056390571465,3.348077859331494
2021-04-16,1.8751810773671274,9.58496819426418,4.310792413953596,7.016851807046411,1.4172357023594393,3.8788901237672007,0.2880320112160689,3.440386043019732,3.343886014949042
2021-04-23,1.8707554754545528,9.583282288378786,4.317628103737225,7.018007809200389,1.4130579983891056,3.8783731462131907,0.28405048621773116,3.4481922845202595,3.3348795006245067
2021-04-30,1.8668978626962949,9.577300244249448,4.303963736716423,7.0175240639276275,1.4080558529014033,3.8754938667362513,0.28544206550843393,3.439167312913784,3.329056703884473
2021-05-07,1.8605701018882979,9.557787873714773,4.294403707088937,7.0160624489867125,1.4141040617591578,3.8676635113277187,0.2822423037014163,3.438701879370093,3.3265815882813654
2021-05-14,1.8625440679460155,9.568056773409742,4.2938236388976,7.027793547465953,1.417114503459777,3.8663664264483257,0.28728199243044117,3.445134519082556,3.331096753982666
2021-05-21,1.8617984600080295,9.57172819284342,4.28818974404588,7.026835251030594,1.4208165534916177,3.8700649491673897,0.28615590845573435,3.4456926215487065,3.3303456406902043
2021-05-28,1.8514503218843987,9.568797726477007,4.28259986834209,7.0161521801522015,1.4190035355295954,3.867454417851719,0.28020418259582197,3.4417793473778016,3.321360208420526
2021-06-04,1.854460365466752,9.566159950193938,4.2887936709616294,7.014320069210167,1.4177930281792617,3.8647322166334486,0.2809595266909542,3.4405783383860062,3.3204210716348674
2021-06-11,1.8559229200355432,9.561961567212228,4.294076180525652,7.0184734169163985,1.4130579983891056,3.866743172829214,0.2823177099526302,3.436403637396775,3.3197342211785834
2021-06-18,1.8653351568863736,9.581365852637376,4.306042865851569,7.0354358388169125,1.4205750075967234,3.882686878392638,0.2969143237653586,3.449908177602648,3.3250360206965914
2021-06-25,1.8652345030233095,9.577902831235873,4.306002404593218,7.026817496136901,1.4247214902378722,3.882480903047158,0.29408652012477515,3.459073130748238,3.3287342099284394
2021-07-02,1.8688439595341444,9.582179752434687,4.311168184791491,7.033303641847072,1.426115855306562,3.898360091458963,0.2991040921167545,3.47025691759365,3.3301667210067727
2021-07-09,1.8691062384306825,9.580917234890126,4.311275521957759,7.042364840173987,1.4331063795723562,3.9112126772008913,0.3013630595076449,3.4840054928494704,3.331418487054239
2021-07-16,1.8688362444074813,9.581524546107472,4.312328157162683,7.04069399600917,1.4363931924203548,3.921012478765944,0.3047235383066326,3.4899710937155826,3.3320973615778553
2021-07-23,1.869622880883194,9.582090117970866,4.3107655677754835,7.050980781519234,1.4413742273868453,3.9165726401267174,0.30814624558413484,3.494687724749494,3.334238155202395
2021-07-30,1.8662637913961602,9.577591193647088,4.308790397833114,7.04813442215404,1.4399536044416377,3.912912609612979,0.303210874069408,3.4936246219080824,3.3300235622076304
2021-08-06,1.8692759116558832,9.575170967988164,4.307148173461992,7.044913835487181,1.4396455366168852,3.9252452055972675,0.3038752523465311,3.508855256368665,3.3277302297802827
2021-08-13,1.8686973619481126,9.571881457022398,4.3074983819069415,7.059016072822721,1.4439734727065685,3.921329564748446,0.30424416075075916,3.5066078960700233,3.3259348971616083
2021-08-20,1.8728170463627078,9.578290511321589,4.308951782514024,7.074116816197362,1.4443273923705,3.9187105935779627,0.3099815799465478,3.5075823723661697,3.332918540908861
2021-08-27,1.8668746720498546,9.572744870623273,4.296883965107872,7.059084840336975,1.4329393689429344,3.9097203563654706,0.29728580859447573,3.483775334422738,3.3275149599746294
2021-09-03,1.8605312051552296,9.564343750459747,4.290555326962158,7.0522884297144355,1.422144014013588,3.9098907337517925,0.29371384468349976,3.4804705625566634,3.3181418065248294
2021-09-10,1.8618916914084327,9.562692988100176,4.296938407246101,7.064228972807562,1.4196082401498242,3.9114328313096562,0.29240838581586776,3.4876808415502927,3.3194810520421654
2021-09-17,1.8666968592244426,9.565487148862204,4.299677101656856,7.073295140865347,1.428275683359992,3.912632819453772,0.2987703694372015,3.5054823190930486,3.3241363355256937
2021-09-24,1.866503548546519,9.568245558855645,4.301758380733364,7.074193019898359,1.4321516572046853,3.9277487058896283,0.30313702700664136,3.509678024656225,3.323163765523055
2021-10-01,1.862388778797309,9.566398125492084,4.306892174322907,7.076079326132238,1.4300719834657785,3.9276896403071264,0.30468667126760474,3.5165329803420597,3.3259348971616083
2021-10-08,1.8634830533676114,9.561827884427206,4.3186740766706055,7.086152478883935,1.4297129814874119,3.924060266038649,0.30328471567918863,3.522234376704989,3.3350219659878566
2021-10-15,1.8610756217873825,9.55005021901888,4.317148055723206,7.075419946432458,1.4249139320849455,3.9266455726827836,0.2982881288640053,3.5078071167204135,3.3313469997610747
2021-10-22,1.8528467291090345,9.560285722912907,4.316193943125597,7.06978058666871,1.4232288089129532,3.926970729475267,0.29813970035061543,3.504505793193851,3.3280171841206427
2021-10-29,1.8566885390915433,9.563009302547488,4.316787868421917,7.068538202493112,1.420768248979967,3.9221020408698104,0.2991411655406749,3.5072076861614785,3.326437915280867
2021-11-05,1.8559698115208394,9.569244828703198,4.3071010206498235,7.076020168786357,1.425226571121678,3.916682134808869,0.30017866378106345,3.503152104185149,3.3274073076914
2021-11-12,1.8522193715966335,9.55967947430422,4.3095298638379305,7.072141963139724,1.426716275618806,3.908627246358966,0.3018807918515939,3.4890556221838396,3.324892125452081
2021-11-19,1.8543429555298228,9.564371824969498,4.308084033461016,7.0814396423804284,1.4310765038917839,3.921567313271067,0.3068595043540423,3.488902962081261,3.3253237490829815
2021-11-26,1.85597762655462,9.57693990386248,4.317688093538977,7.086729573271609,1.4442094330663233,3.9219931380654556,0.3159779416066282,3.5180169904088756,3.327550841493857
2021-12-03,1.8529094432189457,9.579549434624376,4.321559812906364,7.077430540741768,1.442391100471761,3.9227749950650486,0.3163788527737293,3.52378367798505,3.322118098634908
2021-12-10,1.8521330791514836,9.571184612306944,4.326976291408619,7.072362526425315,1.4377713886274777,3.9184721648223255,0.3104215594212704,3.5145260669691587,3.3220820216466107
2021-12-17,1.8539514894845026,9.573238909119615,4.331344995292526,7.079512900039279,1.4399536044416377,3.9099207973362757,0.3113375620501261,3.506457892319648,3.325970835419685
2021-12-24,1.8522193715966335,9.55982754567489,4.318021304697969,7.079100145062459,1.4340125223279871,3.9131523674587045,0.3055711052875209,3.5085558999826545,3.3226590973316728
2021-12-31,1.8499418956251725,9.563142827501041,4.310685024916571,7.082330241577262,1.4269563428387804,3.935866477112596,0.29865910379035504,3.502248625731883,3.3209991063330433
2022-01-07,1.8545621095960079,9.570905738397972,4.307962892311239,7.09281475093007,1.4371062896694937,3.938810982184529,0.3053132261577233,3.5153441846005995,3.321143562815779
2022-01-14,1.849163223339988,9.569000344441529,4.305732621025448,7.080876307084346,1.4299044652477804,3.9375445426582236,0.29776853265279035,3.5020979665978884,3.317996915736008
2022-01-21,1.8468077880121019,9.568581089451493,4.308400277294374,7.082750060389631,1.431626171117974,3.937349563374155,0.29579904055372847,3.495825510740938,3.3216489962356874
2022-01-28,1.8509556202853754,9.575025151362727,4.31812790882365,7.097887916367852,1.432581395071204,3.935651637557855,0.3044285639303926,3.5092293258751406,3.3266175033064203
2022-02-04,1.8511205480120634,9.575781777955028,4.312884198431251,7.09026848407705,1.43011984065992,3.9376225237283586,0.29721152266791034,3.497945920471418,3.326114575537799
2022-02-11,1.849713862488611,9.56866495451266,4.322488921957685,7.085382501275675,1.4327484654917748,3.937271561014544,0.2952409321545933,3.4859979833546206,3.3265815882813654
2022-02-18,1.8442333164887577,9.571978976543793,4.311825444177744,7.086361609528611,1.4316978445737405,3.941455586111852,0.296579869387392,3.4705679595868264,3.327586721725647
2022-02-25,1.8428564943560544,9.570110520822217,4.319532688634098,7.090834881719985,1.4356319944483498,3.9367839083696055,0.3026938300722188,3.4808553999676084,3.3322402238231783
2022-03-04,1.845039538670339,9.574267951853114,4.337205769902301,7.106286414490127,1.4297847921944191,3.952310457105829,0.30899091777302873,3.487757267856264,3.337831506040336
2022-03-11,1.8486516439258047,9.568336442842298,4.337663220472943,7.1185428080867625,1.4340125223279871,3.958123842310809,0.307852279241164,3.505031733323935,3.3462835057847005
2022-03-18,1.8518584627300496,9.570543086010256,4.330910956090658,7.100299406796265,1.4338933399191696,3.9581524902703604,0.30457606199474785,3.506082784471745,3.3445917561830343
2022-03-25,1.8536147060761259,9.571832693695196,4.334214117451896,7.110475690522113,1.4373438757955816,3.955015442832225,0.3061971064494954,3.5145260669691587,3.356444058474974
2022-04-01,1.851293300270051,9.572508202354511,4.330121310929305,7.106253616582631,1.4380562956784801,3.9438607622768975,0.30523953419011446,3.510425408846471,3.3558861589521523
2022-04-08,1.8517564431343512,9.573357163819509,4.329522080691732,7.1144604575442845,1.4400720668003617,3.9437251401586595,0.30987155482403395,3.5136328109919437,3.365293827315801
2022-04-15,1.8533326606179301,9.572779670056741,4.334980885627298,7.113207253164946,1.4435013848894687,3.954593869783661,0.3055342694831149,3.5155671914775692,3.3720431642318043
2022-04-22,1.875334392813959,9.577424947214077,4.336996579924353,7.127509091618231,1.4644121403838426,3.9597459336371554,0.3146647437816677,3.525404185116342,3.378167552547464
2022-04-29,1.893315256076016,9.583557732534226,4.337192696810646,7.13932721149226,1.4710490269846987,3.9575793750871804,0.3226268297991598,3.534124425037787,3.382150468741921
2022-05-06,1.9025999424536646,9.580792966691579,4.343019398732719,7.14610266403862,1.4739617728716505,3.961108364118626,0.3248333380825736,3.536529235815966,3.3888211105940997
2022-05-13,1.9172534398055088,9.59082949401417,4.349864947865486,7.155560222887184,1.4813090427234676,3.958419831657354,0.33253592808540666,3.5488987378095067,3.39474326525569
2022-05-20,1.9021224516586723,9.593157608918002,4.353511412712966,7.146953265417789,1.479146978134507,3.954469280090901,0.32255440276936065,3.5384198704687257,3.3905071104539646
2022-05-27,1.9048277039540833,9.583695426166113,4.351174308691108,7.131050818745518,1.4768660593042775,3.955226162728794,0.31477424282366057,3.5296638860344567,3.376768067738981
2022-06-03,1.8941731472216152,9.57697455761947,4.352578513806928,7.130994825688641,1.4790558412012016,3.9675901538766016,0.318381001201051,3.536893097116055,3.3793947557013104
2022-06-10,1.9060995476664577,9.589748937764565,4.358156496258878,7.155154274171667,1.4820589831042699,3.9709709282524726,0.3270349884043485,3.5485392195600833,3.389158538050399
2022-06-17,1.9057129593039002,9.605910014392725,4.3579068267495895,7.167169041149322,1.4823315493168328,3.9850782808338803,0.32973530868278045,3.5631744977388777,3.3945083935113587
2022-06-24,1.8994846867732407,9.6045625141383,4.360279367791194,7.163435717908118,1.4821725613882242,4.005995927865902,0.32721523678710734,3.5688282230461064,3.391450030207275
2022-07-01,1.9035244325588754,9.616425287963752,4.368802074376975,7.171019138692464,1.4833076352898882,4.010464640740178,0.3355789806439979,3.5745903077118086,3.3949780818482385
2022-07-08,1.900075612711514,9.613108513203088,4.373748717057756,7.166188751074794,1.4875414281361745,4.022902264767735,0.33532872591913404,3.580040674079785,3.3932996095350147
2022-07-15,1.9121243542263477,9.615185287804868,4.37866473983298,7.185591540118392,1.4927467804338894,4.031449134910684,0.3365436626417425,3.599843301375965,3.3987610829618053
2022-07-22,1.910053485422755,9.61400385813772,4.3803314486576195,7.176942368797674,1.4934208165877452,4.027412066702068,0.32642190076771144,3.600457992513033,3.3969215867993667
2022-07-29,1.9099942546819835,9.606751280918544,4.373805433014805,7.1751070849606675,1.4930838553014083,4.014263659374693,0.32418274348847564,3.594568774642695,3.4035279970004377
2022-08-05,1.91142221859664,9.612105309555572,4.3743409251290934,7.17174130460689,1.4930164494168492,4.017490515361881,0.32309747767273544,3.577319204202894,3.4011640477732543
2022-08-12,1.9081341061489816,9.593921087417497,4.377309275410332,7.174486915657545,1.4915548717773834,4.020940188638688,0.3164881642934505,3.5651569396229172,3.4000967762181222
2022-08-19,1.922875447085592,9.609311103867903,4.38106367117332,7.199050815003753,1.4991095217385153,4.0260746436274335,0.3307415619122278,3.5775288111905605,3.4051229996646275
2022-08-26,1.9283351815387546,9.603219946799847,4.379843002283077,7.19821349438067,1.4965603253669855,4.026805989872193,0.3305260214436706,3.585738695194423,3.4091986195476407
2022-09-02,1.9319198829276074,9.60639467033016,4.377855447355066,7.213149560032488,1.5010728877559754,4.039685962418302,0.3355074856843621,3.5994332972701804,3.4205096926945284
2022-09-09,1.9365161634134442,9.603921814877467,4.376988966906543,7.228424735385585,1.5035883883422478,4.039633152025204,0.33600784309294274,3.594362709456679,3.42816382989197
2022-09-16,1.947273504977416,9.613101828510032,4.377359510573701,7.23225614382213,1.5118691840279568,4.048431505207694,0.34131762161769036,3.608482517041907,3.442755105467233
2022-09-23,1.9665247715241372,9.622860534558024,4.396625796413809,7.257679487897331,1.5211529975665286,4.0729336423164195,0.3568349311400976,3.6264719939853194,3.4603464055152884
2022-09-30,1.9641639585044994,9.633213084739381,4.398785418488837,7.270549462128891,1.5341754279335535,4.073171996989299,0.36099061800633486,3.6315151367243654,3.458994480388372
2022-10-07,1.9624652117988337,9.63351441386512,4.4135798060618185,7.256664144849814,1.5369102294270172,4.077452694551883,0.35812888645187035,3.626072765821124,3.4551172236515857
2022-10-14,1.9753441168756847,9.646218286492543,4.410255669671589,7.270048411303505,1.548583264163609,4.077096668812548,0.35385597437493416,3.643882088183201,3.4642347766734596
2022-10-21,1.9800838065639874,9.653390240411618,4.415763589470907,7.269526216262239,1.555762836487018,4.073001749448966,0.35378577430470526,3.6432281086948475,3.4705368597407684
2022-10-28,1.9849454054521138,9.652683708170782,4.410486532370062,7.261358510037628,1.552867560945706,4.0598221281836775,0.3448300695708091,3.636730530622288,3.4694166206392993
2022-11-04,1.9728371972320482,9.658762793188314,4.40745068701404,7.2511392884596,1.5577234767474217,4.069556528412603,0.34163744536199886,3.6216707044204863,3.46726598163186
2022-11-11,1.957711664983273,9.646735510048089,4.388132953105642,7.1823673093381695,1.530827511852189,4.046798623682829,0.3174714306375328,3.583032709154689,3.4336323028053175
2022-11-18,1.9627602426387207,9.657663737498698,4.4009771833679,7.199962099305335,1.5164889427777173,4.045731882301408,0.3171437826013999,3.5772493254425144,3.4377221563445275
2022-11-25,1.9736017445183103,9.661358664852504,4.4030234016425736,7.196319462259741,1.5004709011821622,4.038197401599099,0.319253411289099,3.5777383742523456,3.430853266569666
2022-12-02,1.952211681202345,9.642765439000438,4.399627084053275,7.173889351861322,1.478941908353099,4.023591213432523,0.3038383540198661,3.5496892232805854,3.4214574206695154
2022-12-09,1.941342590767544,9.653948689862387,4.412331517751191,7.17247062364719,1.4825132188604335,4.014940539434832,0.3016219591854665,3.546811730467127,3.423056716015049
2022-12-16,1.943700566868414,9.655948844387197,4.415866309435226,7.176017500869377,1.4871572777252677,4.015030755502375,0.3064915596887681,3.552630085422365,3.425987550469374
2022-12-23,1.9462243853921894,9.654596613802106,4.417333448506026,7.156129834513298,1.4871120738558088,4.01232072674351,0.3005489381586045,3.547819795068622,3.426182634356064
2022-12-30,1.9342206638924895,9.648453357349673,4.416192526408651,7.137421511285541,1.4825132188604335,4.017427520118001,0.2935647356099364,3.542696943935855,3.4250441081364356
2023-01-06,1.923284684156489,9.655199255184623,4.4119433825539796,7.137747325725181,1.4823315493168328,4.0131887352610915,0.2923337366668334,3.518313528330835,3.422600035422561
2023-01-13,1.904001254549403,9.62407122450138,4.397266170808403,7.121567427867459,1.466675473066703,4.005495133413343,0.27774536650579335,3.494232247629345,3.410751594466967
2023-01-20,1.9130769919600732,9.61905353277881,4.394177512842866,7.117789274342628,1.4551205520497432,3.996400917891974,0.2778589835030184,3.4885212098338303,3.412565848399316
2023-01-27,1.9122351726947282,9.61479830638849,4.401345076143569,7.115777070625906,1.4455062207517366,4.000180392164351,0.2723145953206591,3.4917995263444364,3.4082722953341174
2023-02-03,1.9148027197381892,9.616765019579047,4.409307358627469,7.123874215359383,1.4489639493899245,3.988317157576571,0.27744232472158853,3.5076572927632825,3.3970554824948205
2023-02-10,1.9204165014363168,9.628537417229058,4.412864957785178,7.145629794896341,1.4665370487960934,3.9994476303524182,0.2850285549862176,3.5184617643228053,3.407046906451047
2023-02-17,1.9283497204375786,9.627918487168147,4.416035472260891,7.167423604978719,1.4895276157615427,4.012917563526371,0.29072743063774104,3.5405969395434043,3.414870148582798
2023-02-24,1.9428268290773847,9.633625751654263,4.41871409376994,7.182693998724051,1.4895952572167617,4.012592060349841,0.2993635772256188,3.554633520551545,3.421881972854988
2023-03-03,1.9340110634696301,9.636633725045726,4.4043078054888705,7.172401553068543,1.4990201861717334,4.005167204825963,0.29847363352997963,3.54558628428746,3.4220452141749935
2023-03-10,1.9329841094548923,9.64443180887267,4.405676020365421,7.178728533370655,1.5085119938441398,4.005913996842674,0.29865910379035504,3.545442015369948,3.423056716015049
2023-03-17,1.9302597464731601,9.640289940931346,4.414487774454261,7.175589173100305,1.5009614360980166,4.002338916426076,0.2943845605114534,3.528490607319531,3.4211307193696054
2023-03-24,1.926909343071633,9.628030449706916,4.411045242492999,7.168972732266834,1.48828671086995,3.9952422011788893,0.28671910895121916,3.5321525419814623,3.4125328913259008
2023-03-31,1.9267200484120894,9.612607037181519,4.4081937693781,7.173214748356931,1.4850531331431545,3.994947710002293,0.28484053911712437,3.5288574048147487,3.4187098067467865
2023-04-07,1.9280370875206028,9.61177737816391,4.404582820387244,7.183134480527123,1.481945391918824,3.997154282804265,0.28596810444744497,3.5312017282327415,3.415478256154398
2023-04-14,1.9269675803740978,9.60199049105062,4.404760012142792,7.173299098686906,1.4818772310136206,4.013785054363684,0.28529171782914303,3.5360924274223,3.4174643541260274
2023-04-21,1.93161561006495,9.611904547999398,4.407310535833342,7.194301706833624,1.490046083363297,4.023474930722289,0.28926831370565287,3.5393638490451593,3.422469516937695
2023-04-28,1.9349719733011368,9.592584617272095,4.403965459067632,7.198908818912144,1.4956419179551725,4.014904450728789,0.2882194280503974,3.5299569907482136,3.425402070358973
2023-05-05,1.9345891650003562,9.593525787393265,4.403451719583405,7.184864151638159,1.489820695695556,4.014019870350313,0.281865187130216,3.5224558524727545,3.4233827887973822
2023-05-12,1.9417371685564992,9.605431859656786,4.409173550070821,7.200603981385277,1.4996230464268938,4.023528601345686,0.291063847798189,3.5256985408473653,3.427677014466534
2023-05-19,1.9504427185677173,9.612847777056562,4.417598873307913,7.191489569185821,1.5124423131079017,4.022132228108176,0.2980283645059252,3.5409593240373143,3.422012568042741
2023-05-26,1.955400685393157,9.614250939078017,4.413876499745933,7.189643097117585,1.526121518759792,4.022633714668101,0.3022134782976899,3.548826844499148,3.425434606026201
2023-06-02,1.9595453373544294,9.604656898281833,4.411172730404585,7.173582770319728,1.520934513842697,4.024851565693467,0.2987703694372015,3.5473158897921495,3.4236435704919854
2023-06-09,1.9659718464313982,9.606300450070043,4.41204649566005,7.161722851228537,1.5291601771437373,4.026404707546861,0.29520371385062705,3.5433477737668335,3.4253044570053883
2023-06-16,1.9647809698055647,9.613275616008465,4.40581640079662,7.152746424046125,1.5293118679548154,4.021773869387265,0.29117596170603677,3.546163151912341,3.42501155976141
2023-06-23,1.9762592076167091,9.618601567386348,4.4073288175361,7.177072240415942,1.5429347960758213,4.021791790373637,0.30228739359079765,3.561827027587123,3.435341126228993
2023-06-30,1.984395701934599,9.618428703091038,4.407389754131591,7.183438148074228,1.5404093260236644,4.0131887352610915,0.3026938300722188,3.564590928570591,3.439199403795163
2023-07-07,1.977637195349776,9.626310112729433,4.414058105504545,7.169565543866347,1.5404093260236644,4.016355993360125,0.29776853265279035,3.5574886259885248,3.442563228268052
2023-07-14,1.966552759601218,9.613436008435613,4.408388584851935,7.144604477352459,1.5099931972055782,3.996676605043942,0.27744232472158853,3.5450090836942345,3.4300115701781158
2023-07-21,1.972830244120357,9.618787695522812,4.40735319261989,7.16206410845448,1.5179145535642957,4.004365148602576,0.2860056680708364,3.5391460869131333,3.4452780608973304
2023-07-28,1.9676646517153935,9.620527646419676,4.409617482344994,7.151963406098499,1.5162255307119217,4.006041442200649,0.2862310201844661,3.534489162248673,3.44591577535042
2023-08-04,1.972176435662938,9.627872381302485,4.4168506773905,7.178881049118201,1.5160059676415478,4.020375042021926,0.29188572471235463,3.5460189662008954,3.4566793911211597
2023-08-11,1.981422070056673,9.634751531473784,4.417490298949451,7.191798237885124,1.5234441992671244,4.036538880125714,0.3007710369934986,3.5576311675039825,3.461665128429245
2023-08-18,1.9879222922104902,9.637110246578176,4.420934798988863,7.202757990051549,1.5366091217787587,4.0306767729985555,0.30450231568203007,3.566499933286515,3.464547697162917
2023-08-25,1.9879770826030085,9.635353172926717,4.415122862163071,7.193212378015332,1.534865216928592,4.038717328468559,0.30623391784630805,3.5604066736802737,3.460880383823329
2023-09-01,1.9834949093825844,9.631573836852489,4.415177279489561,7.18527337275968,1.5360496812047275,4.037580188385251,0.3023613034208387,3.5570608794930885,3.461790630437442
2023-09-08,1.9962093780950108,9.639046633312969,4.418955059078125,7.196589187815624,1.5426996402840263,4.038197401599099,0.3109712616797299,3.571994452604156,3.468326294835422
2023-09-15,1.9855154036476728,9.640172836532642,4.420459778160189,7.1915121579313555,1.5440029896485936,4.038990402090023,0.30968815271439554,3.575710756008298,3.463076118708021
2023-09-22,1.987346811771219,9.639808424013642,4.418027023914919,7.194797146546494,1.545325966966856,4.038972786687114,0.3103482429506923,3.5813638401212247,3.469759049082884
2023-09-29,1.9859135228827764,9.647239545573877,4.419436815571584,7.204870221694771,1.5465620083824292,4.036061987338068,0.3110811658800127,3.5977231350720733,3.471003255906118
2023-10-06,1.9892637933869994,9.659560768289149,4.4208927176456205,7.207081791028634,1.5505792304276937,4.038038726011006,0.3134229159439314,3.6114583071453517,3.4708478146859028
2023-10-13,1.989277472903292,9.661817184732916,4.422052312217917,7.209806124401014,1.5535657298674679,4.039624350021868,0.31521211913060215,3.5925062094563467,3.4723700977827385
2023-10-20,1.990944971427405,9.672286627594184,4.420820574079893,7.208592936008304,1.561864008320449,4.039360253889341,0.3159779416066282,3.5965585519639136,3.476243009317623
2023-10-27,1.9916412171893192,9.67339491213371,4.422460553902661,7.208452288511412,1.5640639065457829,4.040855877271114,0.31371524949859675,3.588506479967149,3.478281871968245
2023-11-03,1.9872165976373188,9.6560961334679,4.420700323236489,7.1743720272714855,1.5532907518110994,4.020967092417325,0.30313702700664136,3.5689691574413787,3.4687002547637413
2023-11-10,1.9886753970919724,9.6610210088825,4.422382520582393,7.185727866575025,1.5494118614384031,4.024011507376193,0.3078890297602691,3.5835883804894006,3.477355631511769
2023-11-17,1.9765224876719945,9.64313526268959,4.42180608593472,7.166466726182369,1.5435117623179335,4.015499747898865,0.29542700289922696,3.5574886259885248,3.456285134644333
2023-11-24,1.9677415293646525,9.651108271786734,4.423318518778732,7.173368107301508,1.5449420570529997,4.015481713796376,0.29214708941093936,3.5650862057590507,3.454169266428261
2023-12-01,1.9665037799522525,9.647439796857608,4.42263460629287,7.173866361505775,1.541865460245279,4.014597644131845,0.29009166704557926,3.558129902863969,3.4479855431609145
2023-12-08,1.971167062328415,9.651095400862795,4.4242356668125575,7.1807855359015536,1.5398734490481911,4.018039306012026,0.292445708300803,3.5681232529781366,3.4483353881195593
2023-12-15,1.9637991818910534,9.650844384728863,4.418967105819482,7.1684335075048935,1.5410091675121185,4.022472549984306,0.2860056680708364,3.551340040091875,3.4432026758071856
2023-12-22,1.9677834601369537,9.64644460471633,4.421259366985701,7.169203739613895,1.532232841525129,4.0171214867579765,0.28058192596147424,3.5435646229490776,3.4371756643273907
2023-12-29,1.9629358149170113,9.643213102883712,4.421601852290722,7.167955665491948,1.5247511042669066,4.014994670052025,0.2769117805223924,3.5370386045735684,3.420444299024612
2024-01-05,1.966993468520115,9.647355825394937,4.420134950496453,7.178423432074658,1.5380063554837868,4.015373502351107,0.2825062007077167,3.541394012155439,3.432340688430914
2024-01-12,1.9718145706624688,9.650651252509945,4.416627316900835,7.177790049753848,1.5363724735767186,4.02128988131619,0.2859305394129745,3.553274484542505,3.43685405887019
2024-01-19,1.975052775942304,9.655083883881183,4.4202793313734565,7.197989092970487,1.5514909524792506,4.025494537674897,0.2939374666142889,3.5700959181239695,3.4477946670389374
2024-01-26,1.9723434061234688,9.665547571979161,4.420159015423628,7.1963644215715705,1.5539252025038417,4.0320790114845755,0.29300537848312636,3.572556289826604,3.441955374134323
2024-02-02,1.9757255064558903,9.662167301388996,4.418774340540731,7.197105958534464,1.5511730043021246,4.027456616680469,0.2944590567308047,3.570729163527716,3.4457563848593193
2024-02-09,1.9765224876719945,9.65678106280933,4.419075519961611,7.194729601037682,1.5612975371061655,4.026208466455131,0.2973600890030521,3.581224641902737,3.447126313550555
2024-02-16,1.9762314898939954,9.657478312539327,4.419057451754127,7.1959447226993465,1.5642940922648219,4.025557026795115,0.29728580859447573,3.584629432740137,3.4459795244340485
2024-02-23,1.9750805263550932,9.654904390948236,4.417508395494519,7.1936707919861975,1.5638755333570098,4.024047268918235,0.2955014215039126,3.583796677660784,3.4532204097293073
2024-03-01,1.9755174938079714,9.661810817840754,4.417242946673303,7.196094635375493,1.557302158013572,4.026761410898304,0.29598500748934325,3.579692181307483,3.453283694860487
2024-03-08,1.9733724417020921,9.649324069550472,4.415830056534991,7.181424630235367,1.5440456936670484,4.017211506292276,0.2850661539184123,3.5659346820879705,3.445246164496836
2024-03-15,1.974920950964055,9.657254477996887,4.417508395494519,7.194196581997785,1.5490932514249813,4.01884844755704,0.29113859180001767,3.5810158082379915,3.454801337746947
2024-03-22,1.9838732035555193,9.669131374007815,4.425259720176775,7.202966436604375,1.5552984663334521,4.031670967694041,0.2994377034626343,3.5931254258234437,3.4640782797013565
2024-03-29,1.9815737188934033,9.673180907412203,4.423234554715302,7.205776220657663,1.552867560945706,4.027438796927272,0.298547825762087,3.592437383963357,3.4646884794433532
2024-04-05,1.9813186599354875,9.672771653225015,4.422670613350257,7.211246722165679,1.5576181637043038,4.035849961964905,0.29973415347592225,3.6008675767907232,3.469478889078561
2024-04-12,1.983288506772923,9.688274967798117,4.4260016531855415,7.232964323324639,1.5624511212097636,4.03701554559503,0.3083299306749326,3.5986127844036337,3.47494338355064
2024-04-19,1.9806703795798155,9.693365107464077,4.423558377263377,7.22704502417986,1.5651097785845576,4.051784947803305,0.3082564606873895,3.607059125741838,3.48185528467961
2024-04-26,1.9831302359161063,9.69388934740528,4.423792183906349,7.227219408567087,1.5619269297630487,4.056331120023884,0.3089542077273207,3.6114583071453517,3.484373636184098
2024-05-03,1.9724964378917713,9.678886689859356,4.423558377263377,7.212235469709799,1.5557206299281126,4.045819362946371,0.29980825224962143,3.60576954739093,3.4744788218562355
2024-05-10,1.9786054973696454,9.683999810600085,4.425068164202935,7.222054939338188,1.555973842564776,4.053921793556154,0.30350620779866627,3.6053619663785623,3.479792888799827
2024-05-17,1.9781975415338493,9.678360785949911,4.4223945261049336,7.209946581626475,1.5449420570529997,4.055517105066875,0.29620812217121484,3.586915939885629,3.471469434647487
2024-05-24,1.9826759282456363,9.683376897339299,4.419533139025818,7.220220203854993,1.550006328664674,4.064022802335712,0.30010459245033816,3.6018908041387734,3.472959747889046
2024-05-31,1.9834536322686744,9.6956758652189,4.424397429183987,7.232928203855881,1.5489445320051378,4.06957361323018,0.30128907585799775,3.6054978451748854,3.48145545075914
2024-06-07,1.9829375245352145,9.697895321717818,4.424822679474145,7.228845531421801,1.5458589307912292,4.0736655510137,0.3009560816823189,3.6053619663785623,3.4790530841977914
2024-06-14,1.9843063465647972,9.709866395033695,4.425337529311008,7.2338307994207875,1.5519570936860978,4.072848501877214,0.30335855183678856,3.602095324029045,3.4780966924979464
2024-06-21,1.9867435720816915,9.709441532045615,4.425768362621087,7.237504969842523,1.5502609921918666,4.07567129695648,0.3039490449156529,3.6040701961340056,3.4776335937415803
2024-06-28,1.988038718206492,9.702221679991231,4.423036611524352,7.228475530510715,1.5512789982605684,4.068163133561558,0.30398593915831057,3.603389646223433,3.4798853259041462
2024-07-05,1.9866475685706322,9.697526778136439,4.424894534901058,7.230657283663912,1.5494118614384031,4.070717631590944,0.30014162880152095,3.5975177189324894,3.4797312593162624
2024-07-12,1.9864761108019748,9.695798955776779,4.424876571528374,7.226281734728899,1.5414802192508732,4.067589824913281,0.3005119168898813,3.5875386264522606,3.481547734315814
2024-07-19,1.9856115159068655,9.692661577442465,4.427501786446782,7.236684855412182,1.5445366588504026,4.067350135823124,0.2962453031122688,3.5931942039795284,3.490580942796841
2024-07-26,1.9820285274681828,9.697446909121581,4.4275973362163406,7.232472986734747,1.5385432336575526,4.068753212555191,0.2944963027594511,3.581572601125427,3.490580942796841
2024-08-02,1.967014449815291,9.69111083033281,4.428337537537132,7.213517908582782,1.5034105077885702,4.057922595588133,0.2811860187080788,3.561968952083529,3.48532404631159
2024-08-09,1.9699405215071586,9.676787685019141,4.43022733943196,7.218704558372264,1.4870442642200337,4.0484576794496245,0.27993967731362096,3.562820076328115,3.477849733183238
2024-08-16,1.9700520874043685,9.661218519610841,4.429720960536543,7.212036323089286,1.4889186366848357,4.045276859542419,0.2762671696364825,3.5506943928080665,3.474540775886365
2024-08-23,1.9637149837728316,9.647659381198253,4.428981782897584,7.192445379947863,1.4758608044789336,4.029699368728569,0.2650913119219662,3.5280502726580787,3.4626687037502566
2024-08-30,1.9581986212691622,9.649040365142769,4.428969856199073,7.196791434249848,1.463371136299317,4.029468206246989,0.26505295439141946,3.5267281041093645,3.4653608324696434
2024-09-06,1.9587206008532727,9.643472526446013,4.430245206944356,7.195899744513759,1.4656137303241454,4.0271981991743635,0.262441184585986,3.5141539739416094,3.4641095810551423
2024-09-13,1.9598623626733174,9.641239281341157,4.429518337159072,7.19292670239054,1.458894053534234,4.0245924740316426,0.26078609673872044,3.5028510353886553,3.4642973686053797
2024-09-20,1.953261631993683,9.628682217898026,4.424918485562696,7.197585043491377,1.4359650898594716,4.020814628100406,0.2571197668691409,3.4985509269180652,3.465798400846683
2024-09-27,1.9430560800724068,9.62288039375631,4.427215082347338,7.176438001424136,1.4171872245622608,4.025173103360802,0.2468600779315258,3.477309296960858,3.450368425668605
2024-10-04,1.9593621213492942,9.659024599204324,4.431019159319432,7.206814881175852,1.4397640354735097,4.037562548123116,0.26597312928956535,3.5044306363038076,3.4746956441711982
2024-10-11,1.9565391745785015,9.654853101335013,4.432083852934002,7.209362445705842,1.4559836567139355,4.048073721889669,0.266432899412607,3.5032273572235257,3.472587377748828
2024-10-18,1.962668932870268,9.647058638972878,4.431495140146391,7.221879651939442,1.4600093989421714,4.0523934582754215,0.2705613456433628,3.500665571615144,3.4668914848575176
2024-10-25,1.9641709721354914,9.658411482316101,4.431727098680383,7.236137738560294,1.468496274491672,4.066639291129879,0.2777832402725334,3.516607233172983,3.4676403382108694
2024-11-01,1.9648440517806123,9.6670181045515,4.431495140146391,7.227981982909644,1.4772085289705206,4.068530904829083,0.2811482736007839,3.524962488996086,3.461759256411995
2024-11-08,1.9734280350920526,9.657970572245025,4.435140770323368,7.240183635846328,1.4776193378132525,4.067084698728015,0.2817143006719894,3.5318600801822,3.4718732805081194
2024-11-15,1.9791653013837531,9.675670597864322,4.43602938018143,7.242712082199686,1.4984616579906385,4.073682565774005,0.29520371385062705,3.55012013394511,3.48216274048526
2024-11-22,1.9822558542100195,9.675997066978221,4.436301729073883,7.248198193446484,1.4973884086254774,4.076927088185032,0.29928944549349695,3.541900909591978,3.483667909025736
2024-11-29,1.9810566397584348,9.67130325656977,4.437886984170504,7.243048249113299,1.4923421405578532,4.071434110638995,0.29307997751337356,3.5336135693434074,3.4813631586854257
2024-12-06,1.9849797518909067,9.670754417791573,4.439091988628338,7.260079773423609,1.48561919866337,4.057801594040894,0.2936020149627712,3.526654599019104,3.4784670171534557
2024-12-13,1.984808007898948,9.68166812418405,4.440519574304699,7.268550721992558,1.4927917303147797,4.072627102804483,0.2996600492111879,3.530323250870244,3.4817015213211153
2024-12-20,1.9875112685502925,9.694105131055267,4.442215867604682,7.277047291894782,1.5054098420100528,4.074243890515098,0.30505528050912584,3.535218237813193,3.4854466141070555
2024-12-27,1.9873536646770222,9.692093455256217,4.448364317598805,7.2949206299188685,1.4975449959176201,4.059753117452481,0.30601302913650447,3.527315950404491,3.4910380856619447
2025-01-03,1.9960531392394483,9.693630345547652,4.451750905289935,7.292902026826734,1.5041218402330936,4.06285389513073,0.31561333738047226,3.542262821940758,3.4947787952836857
2025-01-10,1.9956590371755039,9.695503512979741,4.455950661339241,7.295002104057664,1.503521686842551,4.071647249363271,0.31630597178834613,3.5465235252630287,3.4983845866308205
2025-01-17,1.9930526981487635,9.703022391505884,4.460976437652283,7.283661118181981,1.5055207990143273,4.067427185010507,0.31225272638598567,3.5370386045735684,3.49246911487688
2025-01-24,1.9797247921926524,9.68775397939693,4.456275668306537,7.264282211967789,1.4764777851778699,4.066536476581529,0.2967656911848234,3.5134093722690833,3.486518441982255
2025-01-31,1.9867641430635794,9.698239173226476,4.4608782486615,7.281117217355999,1.4951936080758808,4.067564146687132,0.30405972356032146,3.513111376289824,3.4919213030669662
2025-02-07,1.9886206449480701,9.69968083377806,4.473733740286219,7.280635209992612,1.4905868065937748,4.061941886670155,0.302324349188651,3.5178686884658483,3.491220884309744
2025-02-14,1.981346237013422,9.692019328561306,4.461750060613198,7.271425697433256,1.4897079828089723,4.055794290939101,0.2915495839782702,3.516607233172983,3.487069220736119
2025-02-21,1.9809669855134187,9.698767000798695,4.461236303158909,7.2683833988144215,1.4857550067215237,4.059131806466356,0.29005425659683665,3.5141539739416094,3.4897270499085082
2025-02-28,1.9868601353842674,9.71374855441431,4.4706668926496125,7.286931167267332,1.4957091471057575,4.060796396374154,0.2992523775665166,3.5333945512735414,3.4936854010973066
2025-03-07,1.979710981373256,9.697053614784865,4.467022440096506,7.2779109482547115,1.484328101391256,4.049687096677679,0.2851413475420284,3.5156415160530243,3.490611425490294
2025-03-14,1.9796971703631185,9.700563208403315,4.465252731521554,7.28080049583419,1.4920497987857542,4.04746257632197,0.28863162148736915,3.514972395921,3.494718082515772
2025-03-21,1.982000969199667,9.712950339470709,4.454765813314187,7.291029309716777,1.486252811863722,4.0493559131292445,0.29005425659683665,3.52459425980608,3.497022580336643
2025-03-28,1.9837769240698524,9.71677235783547,4.449048398136496,7.2926570705434015,1.490271420242884,4.0500530140889754,0.2933410303034593,3.5241522057209327,3.5016760002283744
2025-04-04,1.9866612839222253,9.741838832531512,4.449732011027895,7.2860410184167606,1.489910856858696,4.049678382726207,0.2945707906552025,3.541249137109912,3.501374486627827
2025-04-11,1.9863732220280783,9.729984993810366,4.456728180627815,7.262972160464244,1.4871572777252677,4.042814397677766,0.27744232472158853,3.512440560478137,3.476366695155752
2025-04-18,1.988401606389563,9.732046586838385,4.447351955578322,7.260810680272557,1.484713339960667,4.039184151044825,0.2709046147124696,3.509603255505942,3.4847416440390853
2025-04-25,1.9867024288483761,9.731054938572521,4.446889322013911,7.2729815558306266,1.475609332796749,4.029592684992404,0.2737986420931542,3.5143028277674278,3.483023114186318
2025-05-02,1.9757809691884147,9.707271918534216,4.436633184164753,7.2396886591324074,1.4485177043000226,4.017805432069015,0.25673305430776494,3.4959013171314526,3.4232849781261603
2025-05-09,1.979268934412383,9.712242297721133,4.447170441339202,7.24339145191377,1.4587778001482234,4.015238221575651,0.2601310033644903,3.4949153855359074,3.4058531931983493
2025-05-16,1.9754412116610773,9.710691327448153,4.449948099075854,7.244991509400038,1.4571488320881154,4.022311359322269,0.2626719094476132,3.5098275461876045,3.4079081473535973
2025-05-23,1.970400650630295,9.696660165706854,4.444555324953827,7.220783409019184,1.4425565401280236,4.013866343060536,0.25091434825956627,3.4808553999676084,3.4001968813285717
2025-05-30,1.97434488009835,9.701603899516076,4.448902266389698,7.23013583547463,1.4485177043000226,4.022060566636935,0.25437086373078216,3.491418878477178,3.397457062046432
2025-06-06,1.97312918427546,9.699803432378138,4.451401100011305,7.216180712571818,1.4425565401280236,4.023689595934827,0.25448716759414,3.488597571942989,3.4001301457017328
2025-06-13,1.9720442309402537,9.698687230781747,4.455857782801083,7.2215947443681054,1.4459302590157643,4.028605320508011,0.24818732175364133,3.4780040899019204,3.386489752789881
2025-06-20,1.9713272378253885,9.706364999410015,4.461380643710483,7.224032096889006,1.4477421734338018,4.047776926405766,0.2520808012088074,3.4899710937155826,3.3863882660084474
2025-06-27,1.9704564094733135,9.69482612717032,4.448452046388233,7.215967655085898,1.442391100471761,4.037668385028544,0.24388691245210944,3.4840822005547967,3.3701881947878105
2025-07-04,1.9692569086565175,9.692494879390903,4.448557310777387,7.217039828616333,1.4404273696998182,4.03339071955176,0.24259317513552303,3.477926914520829,3.36584650435923
2025-07-11,1.9700172243985463,9.69389551329864,4.452240427199988,7.22669616414914,1.4477421734338018,4.034116736671614,0.24701631572576596,3.4781584227982836,3.374784957710322
2025-07-18,1.970944166774955,9.698901981717507,4.455764895635699,7.236180942880733,1.4454590942878622,4.043191608863481,0.24974653310874384,3.4781584227982836,3.38072252847277
2025-07-25,1.969347618882762,9.701597780969232,4.460485396259181,7.231764459068913,1.4404273696998182,4.045574397852671,0.24787518753339352,3.4789297302025073,3.3842207574550387
2025-08-01,1.9731986924357459,9.705310966418073,4.469121341524815,7.236094532373161,1.4537193374346797,4.055447796592154,0.25479724511600427,3.4822395896687754,3.39155100461035
2025-08-08,1.972732895480032,9.695774338877277,4.471535930930553,7.237166933971541,1.4453177015693517,4.039325035801327,0.25083653633095837,3.4755315187148588,3.3970554824948205
2025-08-15,1.9720581480499486,9.691568272743226,4.471393048885154,7.234725370014446,1.4382461886269013,4.043086354938289,0.24810929733195777,3.479700443150099,3.40133070610739
2025-08-22,1.970093921407052,9.694154446495324,4.468462325154493,7.2306210807684,1.4414215467452036,4.032336170938154,0.24752392003958784,3.4764594494959487,3.4115106829372195
2025-08-29,1.9633009065450222,9.707551740909665,4.4793858501337205,7.237440248414314,1.4409719224105864,4.045198084580562,0.24924005603548402,3.4748350051240333,3.420346200500916
2025-09-05,1.9637290172848585,9.70374309465015,4.479187373863742,7.235568707518342,1.4420128498762343,4.03706849440237,0.24990232061490092,3.4674531774392205,3.4161845114704037
2025-09-12,1.9637149837728316,9.705182944568836,4.48008077364925,7.238741063943052,1.4358461399491382,4.045416888598677,0.24927902491883552,3.4571050136004513,3.4123680896643274
2025-09-19,1.9624862883171341,9.719534665846824,4.4784566417829526,7.241903388339258,1.4367498046083838,4.044085820219935,0.2502916832332218,3.460958886001805,3.4089671189265163
2025-09-26,1.9658948326073789,9.723995987535227,4.485444765122356,7.250763253916752,1.4403563192184212,4.063275202996933,0.2565396419326384,3.472199344683543,3.417333163571559
2025-10-03,1.9651313748774089,9.716085109874685,4.485799766103745,7.248496959969784,1.4369399457887826,4.059114542316227,0.25390551296425057,3.4765367382079706,3.414574178703794
2025-10-10,1.964949179563529,9.716338361445294,4.4847388968017565,7.26137255300912,1.4404747338830315,4.0656106696490015,0.2608246182818983,3.4881393117959636,3.4203789010780845
2025-10-17,1.9642200661751341,9.71510164467977,4.477528841494384,7.259566413754668,1.4413742273868453,4.062982885779086,0.25924401693893245,3.4907333469730104,3.423121939077947
2025-10-24,1.9640138550099626,9.71794080038648,4.475133252053209,7.271995533655512,1.4406168129739645,4.0718432968755875,0.2615870394294238,3.487527971413176,3.4286828385970156
2025-10-31,1.9632447472773245,9.719769020426375,4.485969896501782,7.264492220998949,1.4323426746117272,4.072235276633999,0.26350207845004703,3.4761502348985562,3.42650768961832
2025-11-07,1.9638665352816906,9.722684841711443,4.4850343847481104,7.287929929159346,1.4295454031142056,4.078757038880387,0.26376328538119836,3.4784670171534557,3.4339549459003273
2025-11-14,1.959721474939475,9.724546276151559,4.48511782736501,7.281791637586641,1.418955143359439,4.0786385324004835,0.26132526335426204,3.4786058535504116,3.4243343132633925
2025-11-21,1.9615824093781762,9.724348924844662,4.495863003587751,7.29650817952399,1.4225057430824626,4.074634930601689,0.2688814429880635,3.47999315839418,3.447059453626846
2025-11-28,1.9557105393893213,9.720141471095983,4.492561241605437,7.290613431338162,1.418955143359439,4.071323260546577,0.2586110762135397,3.4692920721274927,3.447129497244946
2025-12-05,1.9554954911016635,9.72263691341217,4.499098306259719,7.294214242517528,1.413617656768781,4.076486043920788,0.25854930444476276,3.460299276090023,3.4428350434354127
2025-12-12,1.9536175137227707,9.720477758961565,4.506694802206586,7.298959177738032,1.4102549985647341,4.078291396899853,0.2559436966645683,3.4519221811537664,3.443832132147055
2025-12-19,1.950847938084937,9.72507235597239,4.495193476527796,7.2986277641206625,1.4051161153604783,4.071203869780458,0.256593801168542,3.447906015871083,3.4515926062390396
2025-12-26,1.9463314888506624,9.726302779847325,4.496875369477211,7.273384017792996,1.398346442144032,4.073274131602809,0.2495907213290581,3.4344225935605333,3.446938457638671
2026-01-02,1.9412693974057187,9.723541172774633,4.500954570237728,7.275656966535336,1.3997040480298084,4.074252393012706,0.25110107218878025,3.4476196652486997,3.445781889045195
2026-01-09,1.9421688734893015,9.73170229349706,4.5031297084549085,7.286239658758527,1.404257061494063,4.08225511174973,0.25226730748062137,3.4454534729166926,3.4543747334317736
2026-01-16,1.941128736298283,9.736174798057172,4.5083938318753205,7.296331909532143,1.4005670204066092,4.0846897710261185,0.25424679136541606,3.4503049557691834,3.4531381330708326
2026-01-23,1.9405012616477006,9.730407164308108,4.5202286653670205,7.28981527864398,1.3879929177554722,4.079493157369471,0.24475630405027457,3.43765787866493,3.451770083151661
2026-01-30,1.9389502709093687,9.728342185191142,4.52086206100906,7.275788473081437,1.3725249970338917,4.075679787326277,0.23827646893840118,3.449543002592437,3.4502446556331723
2026-02-06,1.9359680324541224,9.732111870480999,4.5063107148948465,7.288545107683043,1.37308246714766,4.0677438804249215,0.240032132979029,3.4506222649896783,3.4541787504500556
2026-02-13,1.9323399171158748,9.730811329593434,4.506315130529726,7.275712339820508,1.3629745557982738,4.058164554767344,0.23422591444431543,3.4381077356822525,3.447288669042586
2026-02-20,1.9312561590355573,9.733013535656545,4.508831077017659,7.276791506476613,1.3617454881984778,4.060132617551911,0.23660454425871497,3.438653718706109,3.452229475273086
2026-02-27,1.9258021894356778,9.728377927134316,4.511523022605092,7.272398392570047,1.3590516247260163,4.056339776196385,0.23496935010019532,3.4344870795267974,3.4450356227338244
2026-03-06,1.9311749747893157,9.739249499132443,4.520646620917438,7.303533621500757,1.37308246714766,4.0810059977829205,0.24653189908673906,3.4613513044819024,3.4603526892708376
2026-03-13,1.9318909085482003,9.736883820994224,4.526917791413905,7.3125601691944215,1.3705460041517514,4.090085505301717,0.2489360466166457,3.4781275581244437,3.4680207904546694
2026-03-20,1.9325136727724206,9.738400622663727,4.540449248213617,7.316169367902271,1.3702157909072,4.09379441091662,0.24870992840264,3.4930926463664114,3.4657077774042113
2026-03-27,1.9337999731294102,9.739762013024245,4.55294909290736,7.320176139656307,1.3890405867879159,4.101882745260389,0.2525625379567661,3.4910837884566788,3.4655171288704554
2026-04-03,1.9293262503756332,9.741045090702862,4.528698345173971,7.3201033119897065,1.3937663759585917,4.100359767876888,0.25217405869278814,3.4865490487616593,3.4660608499986663
2026-04-10,1.9203534847082857,9.745792264668438,4.531992857574192,7.301431166515325,1.3775815142674586,4.092409357587591,0.24115634251484724,3.4672191772041527,3.4577887829290015
2026-04-17,1.918750352611128,9.745581496769951,4.525818489511316,7.2861163693982425,1.3738421531806508,4.085606496278816,0.2374487424192677,3.458254864482814,3.447498737028998
2026-04-24,1.9220242823864944,9.755068747417134,4.545459458942586,7.299702767689215,1.3773797437303166,4.106190784505782,0.2445605610680143,3.4764903656975865,3.4498161025646015
2026-05-01,1.9207124803741549,9.75859471962595,4.551618554001037,7.290742985773367,1.3791942146295837,4.11482506428442,0.24004786490697702,3.477355631511769,3.4531159805061185
2026-05-08,1.916562253142894,9.761393893822081,4.547789982848832,7.287396468147481,1.366397729405434,4.102990412246962,0.2369675579072796,3.472851154254078,3.444397346568364
2026-05-15,1.9186681466734643,9.775767810933758,4.563527021066358,7.31183943401337,1.3753597960671111,4.120791732236949,0.24669600197180167,3.4853700109953993,3.451700363835262
2026-05-22,1.9164945794126333,9.78089609994994,4.560387232215869,7.3248920079507025,1.378463782004702,4.120491401464992,0.24666474635555555,3.4863500879486304,3.447584661215277
2026-05-29,1.9113260985204095,9.787279525901603,4.549847732799308,7.315870206549027,1.3773797437303166,4.117768077165689,0.24323633259008318,3.480193387888653,3.446333257999882
2026-06-05,1.914471080219933,9.805058514144754,4.556491365619708,7.348491001172221,1.3937663759585917,4.1217975890034015,0.2538279334452047,3.4898185733156835,3.4514087576536805
2026-06-12,1.9114976294193118,9.786329946258011,4.55479121032586,7.323830566202317,1.401059813320364,4.106849383360575,0.24933357880444956,3.48795594892032,3.4532868590119166
2026-06-19,1.9146730249334634,9.786054455644033,4.5467176410039,7.33344776077027,1.4198016684248052,4.105886035776985,0.25613722432608094,3.494596645920705,3.454229330380582
2026-06-26,1.9173298821775528,9.789596309022926,4.547595097115863,7.336389889116944,1.4083004413825053,4.115608539526691,0.257614540829386,3.507777153724711,3.461800042453135
2026-07-03,1.9147054502116234,9.796525755511327,4.556328620497634,7.334812262400344,1.4041833939556305,4.119102213347827,0.2557501315428503,3.501645852958961,3.464237906363104
2026-07-10,1.914279416132773,9.801858953495756,4.558210645204742,7.315378057644101,1.4043798286662756,4.119931084099578,0.25595143849016827,3.5055123509267947,3.4686379378197443
2026-07-17,1.9137927191731332,9.795233967095873,4.567404973080232,7.304132550848365,1.4102061811662034,4.121521890226893,0.25566495101816417,3.5153739217244273,3.4778929554661837
2026-07-24,1.9127373957809577,9.793594558477004,4.568446033831352,7.285568232706638,1.4087161045546208,4.124097520371448,0.25510722651960227,3.5172010574184616,3.4762151778956363
