date,CNH,IDR,INR,KRW,MYR,PHP,SGD,THB,TWD
1988-07-01,,,,,,,,,
1988-07-08,,,,,,,,,
1988-07-15,,,,,,,,,
1988-07-22,,,,,,,,,
1988-07-29,,,,,,,,,
1988-08-05,,,,,,,,,
1988-08-12,,,,,,,,,
1988-08-19,,,,,,,,,
1988-08-26,,,,,,,,,
1988-09-02,,,,,,,,,
1988-09-09,,,,,,,,,
1988-09-16,,,,,,,,,
1988-09-23,,,,,,,,,
1988-09-30,,,,,,,,,
1988-10-07,,,,,,,,,
1988-10-14,,,,,,,,,
1988-10-21,,,,,,,,,
1988-10-28,,,,,,,,,
1988-11-04,,,,,,,,,
1988-11-11,,,,,,,,,
1988-11-18,,,,,,,,,
1988-11-25,,,,,,,,,
1988-12-02,,,,,,,,,
1988-12-09,,,,,,,,,
1988-12-16,,,,,,,,,
1988-12-23,,,,,,,,,
1988-12-30,,,,,,,,,
1989-01-06,,,,,,,,,
1989-01-13,,,,,,,,,
1989-01-20,,,,,,,,,
1989-01-27,,,,,,,,,
1989-02-03,,,,,,,,,
1989-02-10,,,,,,,,,
1989-02-17,,,,,,,,,
1989-02-24,,,,,,,,,
1989-03-03,,,,,,,,,
1989-03-10,,,,,,,,,
1989-03-17,,,,,,,,,
1989-03-24,,,,,,,,,
1989-03-31,,,,,,,,,
1989-04-07,,,,,,,,,
1989-04-14,,,,,,,,,
1989-04-21,,,,,,,,,
1989-04-28,,,,,,,,,
1989-05-05,,,,,,,,,
1989-05-12,,,,,,,,,
1989-05-19,,,,,,,,,
1989-05-26,,,,,,,,,
1989-06-02,,,,,,,,,
1989-06-09,,,,,,,,,
1989-06-16,,,,,,,,,
1989-06-23,,,,,,,,,
1989-06-30,,,,,,,,,
1989-07-07,,,,,,,,,
1989-07-14,,,,,,,,,
1989-07-21,,,,,,,,,
1989-07-28,,,,,,,,,
1989-08-04,,,,,,,,,
1989-08-11,,,,,,,,,
1989-08-18,,,,,,,,,
1989-08-25,,,,,,,,,
1989-09-01,,,,,,,,,
1989-09-08,,,,,,,,,
1989-09-15,,,,,,,,,
1989-09-22,,,,,,,,,
1989-09-29,,,,,,,,,
1989-10-06,,,,,,,,,
1989-10-13,,,,,,,,,
1989-10-20,,,,,,,,,
1989-10-27,,,,,,,,,
1989-11-03,,,,,,,,,
1989-11-10,,,,,,,,,
1989-11-17,,,,,,,,,
1989-11-24,,,,,,,,,
1989-12-01,,,,,,,,,
1989-12-08,,,,,,,,,
1989-12-15,,,,,,,,,
1989-12-22,,,,,,,,,
1989-12-29,,,,,,,,,
1990-01-05,,,,,,,,,
1990-01-12,,,,,,,,,
1990-01-19,,,,,,,,,
1990-01-26,,,,,,,,,
1990-02-02,,,,,,,,,
1990-02-09,,,,,,,,,
1990-02-16,,,,,,,,,
1990-02-23,,,,,,,,,
1990-03-02,,,,,,,,,
1990-03-09,,,,,,,,,
1990-03-16,,,,,,,,,
1990-03-23,,,,,,,,,
1990-03-30,,,,,,,,,
1990-04-06,,,,,0.007543040088207054,,,,
1990-04-13,,,,,0.011603408574203833,,,,
1990-04-20,,,,,0.008830079448272077,,,,
1990-04-27,,,,,0.005530987551533806,,,,
1990-05-04,,,,,0.006646996408343209,,,,
1990-05-11,,,,,0.0016618967909567406,,,,
1990-05-18,,,,,-0.0038885337396924458,,,,
1990-05-25,,,,,-0.0012952171299089876,,,,
1990-06-01,,,,,-0.0031449475556036832,,,,
1990-06-08,,,,,0.0014776508045131198,,,,
1990-06-15,,,,,-0.0035019849631987565,,,,
1990-06-22,,,,,-0.0038634948250446666,,,,
1990-06-29,,,,,-0.00643562026295974,,,,
1990-07-06,,,,,-0.007167172093542895,,,,
1990-07-13,,,,,-0.00846059856470427,,,,
1990-07-20,,,,,-0.005715881700160685,,,,
1990-07-27,,,,,-0.003502630551202146,,,,
1990-08-03,,,,,-0.0009229349986009661,,,,
1990-08-10,,,,,0.0020387366898483306,,,,
1990-08-17,,,,,0.0007403294804175786,,,,
1990-08-24,,,,,-0.002040249247098558,,,,
1990-08-31,,,,,-0.005181358741997655,,,,
1990-09-07,,,,,-0.007040977763301037,,,,
1990-09-14,,,,,-0.008701341579850252,,,,
1990-09-21,,,,,-0.0055494038086695285,,,,
1990-09-28,,,,,-0.002955303222217931,,,,
1990-10-05,,,,,-0.002033836330180838,,,,
1990-10-12,,,,,-0.0016655875045130664,,,,
1990-10-19,,,,,-0.003329636816448156,,,,
1990-10-26,,,,,-0.0029591292168039685,,,,
1990-11-02,,,,,0.0,,,,
1990-11-09,,,,,-0.00018503099321920402,,,,
1990-11-16,,,,,0.002781127221346824,,,,
1990-11-23,,,,,0.000556431434184268,,,,
1990-11-30,,,,,-0.002606592427240817,,,,
1990-12-07,,,,,0.005747675042616973,,,,
1990-12-14,,,,,0.0005563282480065546,,,,
1990-12-21,,,,,-0.0031496089028961727,,,,
1990-12-28,,,,,0.0018491129529123462,,,,
1991-01-04,,,,,0.005909527816558291,,,,
1991-01-11,,,,,0.0035142919734681977,,,,
1991-01-18,,,,,0.00932846025008216,,,,
1991-01-25,,,,,0.00774625784130889,,,,
1991-02-01,,,,,0.0,,,,
1991-02-08,,,,,-0.001296896893215771,,,,
1991-02-15,,,,,-0.0018559767762696966,,,,
1991-02-22,,,,,0.00167644632725239,,,,
1991-03-01,,,,,-0.0014801112785358672,,,,
1991-03-08,,,,,0.009594169534029584,,,,
1991-03-15,,,,,0.013088950805454025,,,,
1991-03-22,,,,,0.010840712505408523,,,,
1991-03-29,,,,,0.01076854593265164,,,,
1991-04-05,,,,,0.0215533457547602,,,,
1991-04-12,,,,,0.00720387808152001,,,,
1991-04-19,,,,,0.0065922231042157,,,,
1991-04-26,,,,,0.016881134822095967,,,,
1991-05-03,,,,,0.022365735213517146,,,,
1991-05-10,,,,,0.023681694132537068,,,,
1991-05-17,,,,,0.026991448542319274,,,,
1991-05-24,,,,,0.020778730978551097,,,,
1991-05-31,,,,,0.013134081543526577,,,,
1991-06-07,,,,,0.010747894700550598,,,,
1991-06-14,,,,,0.012350320438943019,,,,
1991-06-21,,,,,0.015938464219937387,,,,
1991-06-28,,,,,0.005873573270247956,,,,
1991-07-05,,,,,0.015366839492004347,,,,
1991-07-12,,,,,0.01987777773128263,,,,
1991-07-19,,,,,0.01229671914114805,,,,
1991-07-26,,,,,0.008664314130141015,,,,
1991-08-02,,,,,0.01118539534839913,,,,
1991-08-09,,,,,0.010452428916293499,,,,
1991-08-16,,,,,0.005353409298296974,,,,
1991-08-23,,,,,0.00650291308951334,,,,
1991-08-30,,,,,0.008120589603832107,,,,
1991-09-06,,,,,0.004861808442178317,,,,
1991-09-13,,,,,-0.00503236144695407,,,,
1991-09-20,,,,,-0.009675515027435688,,,,
1991-09-27,,,,,-0.01281953098213462,,,,
1991-10-04,,,,,-0.015688717785178552,,,,
1991-10-11,,,,,-0.01649036189941544,,,,
1991-10-18,,,,,-0.01320688576446094,,,,
1991-10-25,,,,,-0.013910440181233108,,,,
1991-11-01,,,,,-0.014264031679619649,,,,
1991-11-08,,,,,-0.008331872144548003,,,,
1991-11-15,,,,,-0.011772299316855639,,,,
1991-11-22,,,,,-0.014664877639285034,,,,
1991-11-29,,,,,-0.016481401775168436,,,,
1991-12-06,,,,,-0.00777791747799883,,,,
1991-12-13,,,,,-0.006003838647622217,,,,
1991-12-20,,,,,-0.0005453058391966525,,,,
1991-12-27,,,,,-0.004736755076180321,,,,
1992-01-03,,,,,0.0007305936398034341,,,,
1992-01-10,,,,,-0.009331327428884206,,,,
1992-01-17,,,,,-0.011342968305350642,,,,
1992-01-24,,,,,-0.019279032808139362,,,,
1992-01-31,,,,,-0.031033151565300954,,,,
1992-02-07,,,,,-0.04375639830440403,,,,
1992-02-14,,,,,-0.0522248357716526,,,,
1992-02-21,,,,,-0.052870794185645664,,,,
1992-02-28,,,,,-0.06102192244769311,,,,
1992-03-06,,,,,-0.05784564005031323,,,,
1992-03-13,,,,,-0.06886300978947646,,,,
1992-03-20,,,,,-0.06098991862414982,,,,
1992-03-27,,,,,-0.056138624472238496,,,,
1992-04-03,,,,,-0.049360179538505355,,,,
1992-04-10,,,,,-0.05308640834299938,,,,
1992-04-17,,,,,-0.05683130644767598,,,,
1992-04-24,,,,,-0.042739090512246225,,,,
1992-05-01,,,,,-0.038018543015574724,,,,
1992-05-08,,,,,-0.030435435411346745,,,,
1992-05-15,,,,,-0.027719908752312117,,,,
1992-05-22,,,,,-0.025213883344406662,,,,
1992-05-29,,,,,-0.024901451100951544,,,,
1992-06-05,,,,,-0.022255965396380306,,,,
1992-06-12,,,,,-0.02118557069937954,,,,
1992-06-19,,,,,-0.028402653535122946,,,,
1992-06-26,,,,,-0.028402653535122946,,,,
1992-07-03,,,,,-0.02662210188419023,,,,
1992-07-10,,,,,-0.019418085857101586,,,,
1992-07-17,,,,,-0.02085428642048648,,,,
1992-07-24,,,,,-0.013535238484346013,,,,
1992-07-31,,,,,-0.008434839536895278,,,,
1992-08-07,,,,,-0.009986356838596389,,,,
1992-08-14,,,,,-0.009946372032817341,,,,
1992-08-21,,,,,-0.00872011737189271,,,,
1992-08-28,,,,,-0.005792485985441909,,,,
1992-09-04,,,,,-0.010763508339245664,,,,
1992-09-11,,,,,-0.009382242692856813,,,,
1992-09-18,,,,,-0.008019353156526798,,,,
1992-09-25,,,,,0.004255071737294114,,,,
1992-10-02,,,,,0.004591284639807736,,,,
1992-10-09,,,,,-0.0019212301778939178,,,,
1992-10-16,,,,,0.0049975116504714645,,,,
1992-10-23,,,,,-0.00031969309735213614,,,,
1992-10-30,,,,,0.0028349556809713627,,,,
1992-11-06,,,,,0.0044682113755336594,,,,
1992-11-13,,,,,0.007847551576634304,,,,
1992-11-20,,,,,0.010045528149636773,,,,
1992-11-27,,,,,0.011556215475484688,,,,
1992-12-04,,,,,0.016312277357526384,,,,
1992-12-11,,,,,0.017314386952694383,,,,
1992-12-18,,,,,0.009478743954543845,,,,
1992-12-25,,,,,0.028469577621080377,,,,
1993-01-01,,,,,0.04062966833445214,,,,
1993-01-08,,,,,0.04350632467162141,,,,
1993-01-15,,,,,0.03803634361463393,,,,
1993-01-22,,,,,0.03282840828013678,,,,
1993-01-29,,,,,0.03192656443161623,,,,
1993-02-05,,,,,0.042645582736217436,,,,
1993-02-12,,,,,0.04224886753285517,,,,
1993-02-19,,,,,0.04303823731435885,,,,
1993-02-26,,,,,0.03680446384879699,,,,
1993-03-05,,,,,0.03633952229064408,,,,
1993-03-12,,,,,0.029436672295129807,,,,
1993-03-19,,,,,0.008864964588949809,,,,
1993-03-26,,,,,-0.0013473199997897645,,,,
1993-04-02,,,,,-0.0068965790590603815,,,,
1993-04-09,,,,,-0.002504094537807977,,,,
1993-04-16,,,,,-0.004912304151603264,,,,
1993-04-23,,,,,-0.004443678944150653,,,,
1993-04-30,,,,,-0.02405118336909695,,,,
1993-05-07,,,,,-0.024440743171452284,,,,
1993-05-14,,,,,-0.026340078975104708,,,,
1993-05-21,,,,,-0.02281438517177936,,,,
1993-05-28,,,,,-0.026740075473903335,,,,
1993-06-04,,,,,-0.024339621463955963,,,,
1993-06-11,,,,,-0.018981782393603708,,,,
1993-06-18,,,,,-0.00909361011577603,,,,
1993-06-25,,,,,-0.011212180091141555,,,,
1993-07-02,,,,,-0.003090595467588386,,,,
1993-07-09,,,,,-0.0017463863951487912,,,,
1993-07-16,,,,,-0.003374908647808983,,,,
1993-07-23,,,,,0.000584055307170317,,,,
1993-07-30,,,,,-0.00019483682477627884,,,,
1993-08-06,,,,,-0.001364655636286738,,,,
1993-08-13,,,,,-0.007303721416290432,,,,
1993-08-20,,,,,-0.004494389587839209,,,,
1993-08-27,,,,,-0.0014872219092844086,,,,
1993-09-03,,,,,-0.0032120361354025517,,,,
1993-09-10,,,,,-0.009255528552420511,,,,
1993-09-17,,,,,-0.010474573998872971,,,,
1993-09-24,,,,,-0.013713253972256534,,,,
1993-10-01,,,,,-0.009758078990985575,,,,
1993-10-08,,,,,-0.010115100595598503,,,,
1993-10-15,,,,,-0.01095901378971953,,,,
1993-10-22,,,,,-0.008728552197514672,,,,
1993-10-29,,,,,-0.005948205688384611,,,,
1993-11-05,,,,,0.00195809735561403,,,,
1993-11-12,,,,,0.001956564897304114,,,,
1993-11-19,,,,,-0.0017248142261181432,,,,
1993-11-26,,,,,0.002546973418949827,,,,
1993-12-03,,,,,0.0034075586699975347,,,,
1993-12-10,,,,,0.0038429912791678733,,,,
1993-12-17,,,,,0.0010193680801147131,,,,
1993-12-24,,,,,0.000352948100685313,,,,
1993-12-31,,,,,0.008364978612672824,,,,
1994-01-07,,,,,0.05716934560931031,,,,
1994-01-14,,,,,0.03302186830494647,,,,
1994-01-21,,,,,0.07276417439081861,,,,
1994-01-28,,,,,0.06955087956907968,,,,
1994-02-04,,,,,0.07785109752894037,,,,
1994-02-11,,,,,0.08340514915162034,,,,
1994-02-18,,,,,0.08071378703805432,,,,
1994-02-25,,,,,0.08403203275373294,,,,
1994-03-04,,,,,0.06536987800869287,,,,
1994-03-11,,,,,0.06566694492777114,,,,
1994-03-18,,,,,0.06515343163357612,,,,
1994-03-25,,,,,0.05715192621023657,,,,
1994-04-01,,,,,0.011309160372877103,,,,
1994-04-08,,,,,0.01827928861410344,,,,
1994-04-15,,,,,-0.02027644486922031,,,,
1994-04-22,,,,,-0.01889941865560929,,,,
1994-04-29,,,,,-0.0274984330416167,,,,
1994-05-06,,,,,-0.033845544432063224,,,,
1994-05-13,,,,,-0.04787725656768749,,,,
1994-05-20,,,,,-0.0640569173156853,,,,
1994-05-27,,,,,-0.05195729478255162,,,,
1994-06-03,,,,,-0.05084724897813986,,,,
1994-06-10,,,,,-0.04955273397462889,,,,
1994-06-17,,,,,-0.045926726089575376,,,,
1994-06-24,,,,,-0.04783512442596227,,,,
1994-07-01,,,,,-0.033185778107630126,,,,
1994-07-08,,,,,-0.030400465789394815,,,,
1994-07-15,,,,,-0.03493061312652235,,,,
1994-07-22,,,,,-0.03599185102612257,,,,
1994-07-29,,,,,-0.03306117601822156,,,,
1994-08-05,,,,,-0.017727980138528054,,,,
1994-08-12,,,,,-0.014515948048858363,,,,
1994-08-19,,,,,-0.012551896971374488,,,,
1994-08-26,,,,,-0.017134375576231653,,,,
1994-09-02,,,,,-0.016542169562788978,,,,
1994-09-09,,,,,-0.01884465673533431,,,,
1994-09-16,,,,,-0.016206172461805557,,,,
1994-09-23,,,,,-0.013487193581152579,,,,
1994-09-30,,,,,-0.018873968910464556,,,,
1994-10-07,,,,,-0.012790872060618352,,,,
1994-10-14,,,,,-0.011355170743343246,,,,
1994-10-21,,,,,-0.012113830383511437,,,,
1994-10-28,,,,,-0.015813216818874043,,,,
1994-11-04,,,,,-0.007220247973487082,,,,
1994-11-11,,,,,0.0024606023311835035,,,,
1994-11-18,,,,,0.004311196173834908,,,,
1994-11-25,,,,,0.007039528483527624,,,,
1994-12-02,,,,,0.0029374347959761904,,,,
1994-12-09,,,,,0.0022307897242043184,,,,
1994-12-16,,,,,0.003320639832226524,,,,
1994-12-23,,,,,0.0030469963806087907,,,,
1994-12-30,,,,,-0.00019506485968401321,,,,
1995-01-06,,,,,-0.004962207615161973,,,,
1995-01-13,,,,,-0.0033258369695821077,,,,
1995-01-20,,,,,0.0027375848149063797,,,,
1995-01-27,,,,,-0.0003917727768033563,,,,
1995-02-03,,,,,-0.00253881593256855,,,,
1995-02-10,,,,,-0.0011739386987020817,,,,
1995-02-17,,,,,-0.007039528483527624,,,,
1995-02-24,,,,,-0.0013697292034879904,,,,
1995-03-03,,,,,-0.001956564897304114,,,,
1995-03-10,,,,,-0.005475179888088877,,,,
1995-03-17,,,,,-0.005005093736222821,,,,
1995-03-24,,,,,-0.004693008222259709,,,,
1995-03-31,,,,,-0.002745638124132088,,,,
1995-04-07,,,,,-0.008659766772035282,,,,
1995-04-14,,,,,-0.027397889331144842,,,,
1995-04-21,,,,,-0.03468555798789008,,,,
1995-04-28,,,,,-0.036440069627005856,,,,
1995-05-05,,,,,-0.0338475472473051,,,,
1995-05-12,,,,,-0.032427512745695775,,,,
1995-05-19,,,,,-0.02558394372010664,,,,
1995-05-26,,,,,-0.03548309258807347,,,,
1995-06-02,,,,,-0.03613528191707738,,,,
1995-06-09,,,,,-0.037951428874778426,,,,
1995-06-16,,,,,-0.04374996690705635,,,,
1995-06-23,,,,,-0.04191089561563677,,,,
1995-06-30,,,,,-0.03680260730472207,,,,
1995-07-07,,,,,-0.02191379334789978,,,,
1995-07-14,,,,,-0.008351204458090122,,,,
1995-07-21,,,,,-0.006837355194800887,,,,
1995-07-28,,,,,-0.008133432393011786,,,,
1995-08-04,,,,,-0.003858734656585927,,,,
1995-08-11,,,,,-0.010622714345261852,,,,
1995-08-18,,,,,0.0037268130310031955,,,,
1995-08-25,,,,,0.0129268614860647,,,,
1995-09-01,,,,,0.01254315453637167,,,,
1995-09-08,,,,,0.021553256950863964,,,,
1995-09-15,,,,,0.024357896259334377,,,,
1995-09-22,,,,,0.031252543504104446,,,,
1995-09-29,,,,,0.0289136819325283,,,,
1995-10-06,,,,,0.028432200515139394,,,,
1995-10-13,,,,,0.03522790653736485,,,,
1995-10-20,,,,,0.03845087203245545,,,,
1995-10-27,,,,,0.027614533620664017,,,,
1995-11-03,,,,,0.02873806989007388,,,,
1995-11-10,,,,,0.02901064143293819,,,,
1995-11-17,,,,,0.01691414315962514,,,,
1995-11-24,,,,,0.017616333769930104,,,,
1995-12-01,,,,,0.018859119737095975,,,,
1995-12-08,,0.006148460300452463,,,0.011643980784074803,,,0.002687772261636301,
1995-12-15,,0.005479465764625324,,,0.008904778342959663,,,-0.001986492508633475,
1995-12-22,,0.007251982117524314,,,0.013539935266031033,,,0.0035842332278153144,
1995-12-29,,0.009884759232541285,,,0.009103565740493202,,,0.004179526434423764,
1996-01-05,,0.009000170510397254,,,0.0012607857940537537,,,0.0031809171950252235,
1996-01-12,,0.010763420770622645,,,0.003138488256860694,,,0.005661235758600558,
1996-01-19,,0.008549871221238625,,,0.014346320536227308,,,0.007149980807655609,
1996-01-26,,0.005695524706345267,,,0.006096980240067773,,,0.0053555617444334125,
1996-02-02,,0.0030587745063250793,,,0.002745638124132088,,,0.0037553162029437814,
1996-02-09,,0.0030607807017437594,,,0.007274189157736477,,,0.00812609763434402,
1996-02-16,,0.0036024273443668875,,,0.006144170569535534,,,0.004760024854354672,
1996-02-23,,0.010032799531394687,,,0.004317118164983591,,,0.005163864503518578,
1996-03-01,,0.011319232739938734,,,0.008262883919556319,,,0.00248225317347206,
1996-03-08,,0.011302011197377837,,,0.002164715988486776,,,0.0027799859047608066,
1996-03-15,,0.01693483806293994,,,0.000589680606767673,,,0.0025806465934916645,
1996-03-22,,0.02226396943450304,,,0.0009845427594538103,,,0.0021823240483405115,
1996-03-29,,0.020761991448429384,,,0.0009052089486007997,,,0.0026760509552312683,
1996-04-05,,0.020971474445161675,,,-0.007470056360399546,,,-9.904422332684959e-05,
1996-04-12,,0.017098133232948953,,,-0.012171332036699845,,,-0.0011881189516462776,
1996-04-19,,0.018396796295808926,,,-0.012827013559754463,,,0.001976285228212138,
1996-04-26,,0.01515508546766231,,,-0.022579687752165567,,,-0.0027657070177777854,
1996-05-03,,0.017956134143585878,,,-0.022984962737728765,,,-0.001185068280109558,
1996-05-10,,0.01546227486062346,,,-0.02094982190288852,,,-0.0007917656787337357,
1996-05-17,,0.011436093997013508,,,-0.02538308000546119,,,0.0,
1996-05-24,,0.008406127741012348,,,-0.024674979516994933,,,0.002970593332118021,
1996-05-31,,0.007750307901321918,,,-0.017130360605951522,,,0.0036024662383833395,
1996-06-07,,0.004296462033505755,,,-0.019164591544534093,,,0.0035622440202591754,
1996-06-14,,-0.0017115964811811324,,,-0.01687050034826354,,,0.005139366916058652,
1996-06-21,,-0.004935102817478665,,,-0.018662443563780218,,,0.0034188743122651744,
1996-06-28,,-0.0036437721164261916,,,-0.01482922199220793,,,0.003164559602963468,
1996-07-05,,-0.0010735374085237837,,,-0.014523283224344707,,,0.006320384460982709,
1996-07-12,,0.0034253940578947706,,,-0.010381406871258214,,,0.003665534325131503,
1996-07-19,,0.0021077899413537438,,,-0.00140322765332479,,,0.0057205008547733804,
1996-07-26,,-0.000643431657587179,,,-0.0024081890024830743,,,0.00019760893256703937,
1996-08-02,,0.0012867254616839574,,,-0.0006818683456137897,,,0.002965894413378134,
1996-08-09,,0.005562701549965077,,,0.002006421218854526,,,0.0009900010708596696,
1996-08-16,,0.004710929483273674,,,0.0006424155043067703,,,0.0008697027746165098,
1996-08-23,,0.0051337011143850475,,,-0.002522877416886282,,,-0.0007115468537555181,
1996-08-30,,0.004918217975403927,,,-0.001082229498176046,,,-7.902327239506235e-05,
1996-09-06,,0.0029933740546645993,,,-0.0018030656993458516,,,-0.0021711249029836566,
1996-09-13,,0.00963295472038439,,,0.001401822598640634,,,0.00023671440517691877,
1996-09-20,,-0.002364829652022671,,,0.0007206918953833741,,,0.00335140776971965,
1996-09-27,,-0.0036586718956908015,,,0.002281963477988924,,,-0.00047264564273463705,
1996-10-04,,-0.00880117305073913,,,0.006600684031352166,,,-1.9671292699641185e-05,
1996-10-11,,-0.0031827121130065805,,,0.0030045090202986957,,,0.0004719578471932273,
1996-10-18,,-0.004300157131565285,,,0.006728368528684525,,,0.005713738330490159,
1996-10-25,,-0.004080323496396865,,,0.005601583086198403,,,0.006494168253277088,
1996-11-01,,-0.007065654060468773,,,0.004280263350165736,,,0.009297628337868069,
1996-11-08,,-0.004839720777160217,,,0.014504557761033543,,,0.00795029376520251,
1996-11-15,,-0.0038478029517694523,,,0.009577088364310593,,,0.006582212440982893,
1996-11-22,,-0.0032047885564221446,,,0.011880222650323957,,,0.004415714476670551,
1996-11-29,,0.0012801367227170957,,,0.009976140199527861,,,0.004337546232824341,
1996-12-06,,-0.0008525149706439805,,,0.011540120110366758,,,0.007506274068508123,
1996-12-13,,0.011555874367795482,,,0.008766742738425926,,,0.0056913116040182565,
1996-12-20,,0.014555051471830893,,,0.008996875972893226,,,0.007222798819283671,
1996-12-27,,0.017737402730809926,,,0.006953440155295976,,,0.007740204223986691,
1997-01-03,,0.01663860910265136,,,0.01145415004511574,,,0.007755316767478426,
1997-01-10,,0.017620189968012845,,,0.006762695834935828,,,0.00667706928474443,
1997-01-17,,0.01677268690804734,,,-0.010347409239462757,,,0.00473572830825475,
1997-01-24,,0.01915359681532358,,,-0.008820520662358056,,,0.00660532780130918,
1997-01-31,,0.019262028026211908,,,-0.015468335845433834,,,0.011536940528924955,
1997-02-07,,0.017717462733397582,,,-0.012991089069565143,,,0.016948468896859303,
1997-02-14,,0.01781595373185496,,,-0.01248196772915744,,,0.022560272260173875,
1997-02-21,,0.015864954647977214,,,-0.01379332213233575,,,0.024486260298289153,
1997-02-28,,0.01884477081356728,,,-0.020465161263405807,,,0.016472175837596748,
1997-03-07,,0.01959401146148121,,,-0.015594078495190122,,,0.013026333704151405,
1997-03-14,,0.017170064201593505,,,-0.01666405521422698,,,0.014098142120815726,
1997-03-21,,0.01732417730350644,,0.04090490491193588,-0.019310172844201445,0.0012349785448408923,0.024699583198801223,0.013667638728664055,0.000309026296961612
1997-03-28,,0.01740633230657096,,0.04779342959241628,-0.020172040664838575,0.0015956843931359543,0.03305592595161849,0.013178485298677156,0.0011084964654632934
1997-04-04,,0.016690672455635713,,0.057609207425254105,-0.020548256673619147,0.003038361623405539,0.03177099162770197,0.014780645858700758,0.0010903144819902622
1997-04-11,,0.01801434880342967,,0.054064114141122666,0.002536590654078852,0.0010435938521258237,0.023363246884248345,0.014401287784160832,0.0010903144819902622
1997-04-18,,0.014336037918478262,,0.05074550570247549,0.008940264410879695,0.002088198644036865,0.025022390687416463,0.016037441591306933,0.007601280439515801
1997-04-25,,0.015462071519849907,,0.0457745813849435,0.00943705020272545,0.0011383040500603236,0.023238084531040537,0.010389553646877214,0.00617173859550002
1997-05-02,,0.02463687610220866,,0.03106935537204869,0.009171253134138468,0.0007587829486146447,0.025621560934227905,0.00711634463567723,0.007391231403983234
1997-05-09,,0.02212056434167753,,0.02919500814498832,0.006400021845467507,0.0011380881349816185,0.02349594136893085,0.00383877630716567,0.006000144892140291
1997-05-16,,0.019535118317600464,,0.020473512312727316,0.008817692402644184,0.000986230782058506,0.015534564722693656,-0.001344731736594884,0.0055590404903456125
1997-05-23,,0.01984275117805545,,0.03985092122128986,0.002943609859517027,0.0023508456804539613,0.005891043553656494,-0.0032867103105971296,0.005149760669477033
1997-05-30,,0.018603264902028904,,0.03155698433677845,0.00862679640427877,0.0015937770188951816,0.0025197745536354454,-0.011071298868348123,0.010644454388267555
1997-06-06,,0.0172909003176418,,0.0247585186266166,0.01249415580216251,0.0018975697832299687,-0.003213639764473142,-0.03752527501595582,0.013272973020899581
1997-06-13,,0.011590733093732375,,0.01242953855210338,0.013631836463838032,0.0021622860365138052,-0.002268009834875795,-0.08087743226290556,0.01404127095457941
1997-06-20,,0.009723879245937539,,0.0034405967554071992,0.014182930050781195,0.0014794304995287,-0.013357649563123797,-0.054195582736340064,0.01299188248488159
1997-06-27,,0.012003455380630967,,-0.006395892539296177,0.017769153725658238,0.0003791469239731171,-0.014268555977929143,-0.029347302418607946,0.014246025800748185
1997-07-04,,0.01064664560733064,,-0.0065651275276188414,0.014650083385134516,0.0008719883781913573,-0.005768851035849343,-0.04657554905956829,0.010388999895202478
1997-07-11,,0.009821738298500193,,-0.006682977727219708,0.007673536251775692,0.0014780848231183974,-0.004243337033843053,0.10074955647975248,0.00910695622822999
1997-07-18,,0.012773144407910664,,-0.003922672443797737,-0.0031491067022528796,-0.003609083602180707,-0.002570963442335983,0.14522709792562694,0.009706628584456034
1997-07-25,,0.028136660272367386,,0.003020981318515581,0.05124744737900999,0.09514467625941281,0.016351010066482707,0.15494477617370128,0.010564777679198833
1997-08-01,,0.0707596201027254,,-0.0015125629616905556,0.054998542681211404,0.08099012602957645,0.014681932225855898,0.20536186903803122,0.010463581138524525
1997-08-08,,0.07510709066175458,,-0.0035330771687078766,0.05140900995880582,0.11362923808267711,0.02353695644056447,0.20569110136298363,0.03794963799949658
1997-08-15,,0.0626135927279865,,0.0027427181280623714,0.082245515286544,0.0781224859300198,0.02904739978719728,0.1772857142709996,0.0339315893729939
1997-08-22,,0.17209813247285055,,0.0036939651340217594,0.10585979171792559,0.13548220623978358,0.05904021044348834,0.2168739383006142,0.03221035628140889
1997-08-29,,0.10679656062714926,,0.009212023942294145,0.09936118022094587,0.12244627341941339,0.049419732935635896,0.29217646203962033,0.030180035339538946
1997-09-05,,0.18208144840101248,,0.01344098760475454,0.15369547224474367,0.13818150875024982,0.054484480362054444,0.3577182408513102,0.028654648241909886
1997-09-12,,0.20128817001094657,,0.021170707122966093,0.16089649778416681,0.2070563890737156,0.059280640875109314,0.3653768100398196,0.0257502171710966
1997-09-19,,0.19031258384721728,,0.02281425457719255,0.16899416284423885,0.19936030526119408,0.06052152584430315,0.3322199268826824,0.024321340323421037
1997-09-26,,0.20509139598286197,,0.029182144004689548,0.18548674242360141,0.24012750205706634,0.05939301520492918,0.3657025837191452,0.028090988012300144
1997-10-03,,0.24994174446893425,,0.030520624430001142,0.2195248443846206,0.23948347725879415,0.061505868735304836,0.19751462530256525,0.02653643505159531
1997-10-10,,0.4064881261002,,0.026047468724433642,0.2974853422138465,0.2853005519168046,0.06934068547953642,0.18838385146950065,0.02479795030602583
1997-10-17,,0.30106517182741044,,0.021715360022422914,0.1614123825688406,0.1427559565877634,0.04741012579641174,0.15922891172505604,0.023776948023071842
1997-10-24,,0.3285040669720365,,0.025626108271208814,0.20263118470416774,0.16586995190194953,0.05833444191277104,0.15035476145888937,0.048762058887042325
1997-10-31,,0.319529205211337,,0.04380182008985223,0.250585551456201,0.17638178540617044,0.07163434411904035,0.19553589599011278,0.0545675997662709
1997-11-07,,0.32595747455515856,,0.07565592302414625,0.20951503831267282,0.21787576037935086,0.06748110066225926,0.27177959665772233,0.07547587636502939
1997-11-14,,0.1322374523965424,,0.09072885338976189,0.1690563637869078,0.14750613710858973,0.03369285334835481,0.19248981022320732,0.07217897121332184
1997-11-21,,0.238522836493698,,0.09200057742706136,0.17920593346515146,0.13151661692618166,0.052225260904214255,0.13539810961236265,0.08420074004477796
1997-11-28,,0.20549298061015264,,0.15654577695390515,0.15906569899213574,0.12690885186402934,0.04669291741583603,0.13115631157746055,0.12114438335908817
1997-12-05,,0.21162970925187086,,0.20287333952449416,0.17153825139717305,0.06703924380271431,0.052085060066284716,0.11574365931225516,0.12058430726793601
1997-12-12,,0.2889567698837814,,0.3243031445311395,0.22244494580980478,0.08907963005368869,0.06389908876669498,0.19840832417948784,0.11843327806442216
1997-12-19,,0.41047764993170865,,0.4644383879550089,0.22780709551463896,0.043738750062908505,0.06883903716621126,0.16468441530784794,0.11135440034378963
1997-12-26,,0.36624439495488303,,0.4640010621950186,0.18543844793222752,0.043738750062908505,0.06318559060711348,0.1816100661911908,0.11165154340287842
1998-01-02,,0.44968962377425825,,0.6953329737799256,0.13462419781574653,0.13371020353246443,0.0834075741975368,0.2608838792970567,0.13268313085431105
1998-01-09,,0.5889348648150268,,0.6167872159152346,0.24646116506451987,0.20717214054884137,0.09789158773556311,0.30124513899940153,0.1316721478170506
1998-01-16,,0.8580769946420315,,0.6816054201197739,0.37310320261807584,0.27057870172618204,0.12966914128336338,0.3629638520681895,0.15064776751484033
1998-01-23,,0.8980956882829254,,0.5545406708615976,0.21485438605940654,0.16322789797837478,0.09076589403543317,0.2847821187519912,0.10836848163298729
1998-01-30,,1.4116990916128191,,0.5931619104266268,0.3147558566041042,0.21919209260228234,0.114953520748244,0.29841343406112575,0.09398752548555667
1998-02-06,,1.2009470834093996,,0.4415411645819747,0.27848206701435396,0.19767921244827447,0.08894748601649627,0.3136076723468375,0.09641372966802031
1998-02-13,,1.0158203272211868,,0.4545255790774583,0.13719185362994524,0.17740754199152553,0.04390194949342496,0.22470890514284703,0.05040488566113055
1998-02-20,,0.8588036409564737,,0.42933705845899706,0.1182845328787312,0.15767436468368556,0.0382488367480458,0.1670540846631665,0.013105142150875437
1998-02-27,,0.8970329152697403,,0.4000499324203872,0.07397142319408423,0.15159492593187807,0.026280690129115214,0.11498739503211608,0.0163591836169954
1998-03-06,,0.8130511077854656,,0.2616908843802177,-0.00858420711960628,0.12658258960823243,0.006785960648853284,0.00754282659434935,-0.004168876398324972
1998-03-13,,0.8425245816345459,,0.11755391433564188,0.03851474771626595,0.1346007208319242,0.012840286473177198,0.048620687006073915,0.006700453584338462
1998-03-20,,0.7985076962177722,,0.045347819978458936,-0.01874646581654371,0.1258342276197415,-0.005244497598350051,-0.03132786314185276,0.013464295277691551
1998-03-27,,0.4941658785248162,,-0.23522497228841388,-0.05052290721286834,-0.05399769232882612,-0.042702431684347786,-0.17410146624660694,0.0037897355870502025
1998-04-03,,0.3376425117694044,,-0.2065054492468379,-0.10480091855312823,-0.09635568362568625,-0.06670153446737975,-0.22703713183334173,-0.00027590012590517077
1998-04-10,,0.0,,-0.22328175876381096,-0.2178525336797943,-0.11990392722552112,-0.08383563288741008,-0.2707089755877461,-0.03415823997362066
1998-04-17,,-0.0885533973414443,,-0.1543051080570459,-0.13709053340159438,-0.08810726751026676,-0.07510631941742119,-0.2524906141154677,-0.026735317877007336
1998-04-24,,-0.5993790211074366,,-0.23198839378853098,-0.18385951161758673,-0.15113862935726674,-0.101348725659889,-0.32654908177344577,-0.02920166014202419
1998-05-01,,-0.3310325133253951,,-0.11091689784318426,-0.14779994975272648,-0.10314855717348426,-0.07597056708422717,-0.3063706286126,-0.03006510686268893
1998-05-08,,-0.17811986994025375,,-0.15077799534861924,-0.03323895470590266,-0.008658062743114758,-0.04295423184232977,-0.2195005600357085,0.004099299750940588
1998-05-15,,0.07685145809947258,,-0.1562085054325415,-0.016805363928877437,-0.015639980982181445,-0.015001046647718508,-0.17864468447807624,0.012168693563709532
1998-05-22,,0.20067069546215066,,-0.14240494938851178,0.003940188355826324,-0.015724771784350722,0.00274264989839873,-0.134011431036813,0.018805830562402814
1998-05-29,,0.2037476209666309,,-0.16580229374348487,0.02579890462284351,-0.031272409803907664,0.007655832830423537,-0.09450125851447622,0.0467304312064214
1998-06-05,,0.07376615023960831,,-0.15074473392738952,-0.03772868714913047,-0.026341415008602542,0.01716651099724431,-0.11608955515005048,0.05381379904706085
1998-06-12,,0.1462625069782515,,-0.08781779251650867,0.06643779309420927,-0.013933094303923976,0.048303987058796904,0.058245813702432425,0.05680356044467505
1998-06-19,,0.3813028588290841,,-0.03549836791640715,0.0953250486978563,0.06890480067796423,0.08394237408661603,0.09140975040149346,0.06260724494121339
1998-06-26,,0.5108256237659905,,0.010641276354290241,0.08567715397649311,0.0791984000071082,0.027032871854167195,0.06421337075265487,0.04415711849141468
1998-07-03,,0.5419162108360212,,-0.042709861575651153,0.07446599324310377,0.06771817405495106,0.026942752771804412,0.01578660593064063,0.046824561570973255
1998-07-10,,0.5891574670358981,,-0.0225957135216035,0.12345651804056268,0.08206495305430428,0.05663172312904452,0.03369384578647239,0.04244582331637847
1998-07-17,,0.6352041452595785,,-0.053024468308220385,0.12048825627080406,0.10008345855698275,0.07659604908368872,0.05717955079686199,0.04118835533525145
1998-07-24,,0.5207132881613603,,-0.06083083809221268,0.10122414309131345,0.07629652209342952,0.06630582645765476,0.048753373087586205,0.038047865574445616
1998-07-31,,0.5730028687178823,,-0.07031649841745935,0.11677810598478322,0.04493773682376334,0.0752463018625042,0.05802384011637729,0.04069107686000306
1998-08-07,,0.36540385915521867,,-0.1189102027542388,0.08950388215130278,0.0580547473359978,0.06363203390614891,0.05787778657797071,0.033578566244330865
1998-08-14,,0.15548744829170147,,-0.08036159909371143,0.11869168695803856,0.06689423483003054,0.06237740794242291,0.07163555662752064,0.03434602358858729
1998-08-21,,0.17112236656333124,,-0.043581490514855936,0.10434811431682234,0.11179637260006814,0.06381373139022689,0.060041448589986945,0.03207406451710826
1998-08-28,,0.05617027146705489,,-0.07752958638632368,0.10987101948557321,0.09267072573986779,0.051360476364890606,0.05553555230896379,0.02095621291200267
1998-09-04,,-0.05322764101106259,,-0.04397923822296512,0.055148379805048275,0.12004804228723565,0.04776512072596273,-0.031674202095228754,0.015028741470068052
1998-09-11,,-0.24512245803298427,,-0.03977900850601657,-0.060079581668168514,0.07595583224220137,0.0034324976493241843,-0.06322138128439914,-0.005747142255568161
1998-09-18,,-0.21007146974685753,,-0.018834312625866545,-0.02464126339012407,0.0772814585970436,0.0540026801575646,-0.0055029181972305885,0.01185430198970483
1998-09-25,,-0.2854170658209281,,-0.00036068530598409865,-0.07314760148984556,0.04310510053482375,0.029576201261980017,-0.021555970733735386,-0.0008684073955111948
1998-10-02,,-0.28312625591592067,,0.02187473295684672,-0.08558679727360885,0.058840500022933284,-0.005742487988292355,-0.056379128617555896,0.005336749135878005
1998-10-09,,-0.3568244654701118,,0.05572936581892041,-0.11916986451754585,0.045383005847817515,-0.024786778982455737,-0.05527901173888772,-0.009636517848274018
1998-10-16,,-0.36837256357934045,,0.037466155728804296,-0.08936399453910893,0.03966525639243157,-0.03138801985551304,-0.05599041682182371,-0.04239153839729859
1998-10-23,,-0.5543107357057302,,0.06054198450564208,-0.08701137698962969,0.01870752833659317,-0.05771846658570612,-0.07439081758058297,-0.04069107686000306
1998-10-30,,-0.5127285739120762,,0.06712348418268821,-0.09082053803604961,0.0007136910021023901,-0.060982862532694804,-0.08465806906343643,-0.043465716495727946
1998-11-06,,-0.512162392230433,,-0.005291017634415418,-0.11710940814690929,-0.05116946304567982,-0.07247078006628482,-0.1323402072543698,-0.06518403364390846
1998-11-13,,-0.4390319317472464,,-0.009863509405195536,-0.10170959035864136,-0.07927318089450797,-0.06840019410068132,-0.1307148019076365,-0.06413521401373412
1998-11-20,,-0.4192146636912657,,0.011070928115758605,-0.11459667805678908,-0.05640367093129539,-0.06719130626986675,-0.12244574997750624,-0.05981790295740819
1998-11-27,,-0.3907672742724717,,-0.05506684649408733,-0.09870066106186814,-0.10989567082321772,-0.08744570972087362,-0.14811016039566782,-0.07116921793322417
1998-12-04,,-0.3780661339200506,,-0.07737810501252618,-0.0013166558847468313,-0.1040914799545214,-0.05880588836572376,-0.1232466914714041,-0.06765576663358663
1998-12-11,,-0.4317824164255377,,-0.11840480112454266,0.0001315702916180328,-0.1202173463021885,-0.040301750356731,-0.1259400643400217,-0.06481879426073034
1998-12-18,,-0.39421639557229504,,-0.1378697942231213,0.0013166558847468313,-0.11593184253249733,-0.04371390101815287,-0.12479388945728775,-0.06679024107830367
1998-12-25,,-0.3502024294331143,,-0.13760955433063948,-0.0013938750662376709,-0.10790342866193825,-0.027000353116450992,-0.07570752501259248,-0.06853841053178522
1999-01-01,,-0.31292000504164186,,-0.13965749978337438,0.0012640229207094844,-0.12270125363178774,-0.016771881613828254,-0.0803592134524087,-0.05519265871933321
1999-01-08,,-0.14603155538875434,,-0.10265415406008316,0.0,-0.1061324184364083,0.0033348522645043066,-0.05464383942089235,-0.019364367181791575
1999-01-15,,-0.012422519998557036,,-0.12114152134672196,0.0013166558847468313,-0.12116910929854319,0.039095403982574606,-0.03834980537486565,-0.02547322021554521
1999-01-22,,0.12796034757506725,,-0.10688027278924217,0.0012640229207094844,-0.08301978638322094,0.03399383807119405,-0.009357106100694068,-0.02103401412999739
1999-01-29,,0.14483094787845552,,-0.1119503253368821,0.0012640229207094844,-0.04378783785126039,0.03355309461948719,0.002717392976499866,-0.0037077131923783924
1999-02-05,,0.06416194421728427,,-0.10990337272866935,0.0012377053998184895,-0.03770186718401147,0.036115872187387876,0.007607698694848342,-0.007245849939719218
1999-02-12,,0.11458303292571159,,-0.11826720751836817,0.0,-0.046755199079062226,0.023505099402243157,-0.0020373521478442846,-0.013090200007597197
1999-02-19,,0.1613397833997272,,-0.07175372018350767,-0.000315756238809195,-0.026873018251096337,0.0374972464346065,0.020520555899895765,-0.0049451499323125425
1999-02-26,,0.17610860260923644,,-0.03146326945578526,0.0012903397490067192,-0.014692056035445322,0.033356278874312584,0.03537783908165126,0.0033861814716651395
1999-03-05,,0.16268558227709562,,0.007136149711132411,-0.0001315702916180328,0.008224153267623269,0.040011263789692,0.03806994964197408,0.022933278418149072
1999-03-12,,0.17783724434662673,,0.027969568460732397,0.0,0.0025575461511171405,0.04675407708397572,0.04579704610130042,0.027181395503272032
1999-03-19,,0.1687895505753776,,0.020682625244218045,7.895048492834178e-05,-0.0070265380120386745,0.05006370204737387,0.02605656981875004,0.02689648686534607
1999-03-26,,0.12591459893526213,,0.010874149494672913,5.263296403734685e-05,-0.0033496552834848536,0.04025402896961916,0.028266132298685243,0.026015239141235824
1999-04-02,,0.11287934807185351,,0.016617911228659743,7.894840725675145e-05,0.0,0.04653927585003004,0.030489344016900066,0.02785183856297646
1999-04-09,,0.07377309465994131,,0.04298596275183719,0.0,0.01941555548952767,0.030530217942669302,0.032524289098647685,0.028952010686007945
1999-04-16,,-0.022599831917240465,,0.032912469539279066,7.894840725675145e-05,-0.0038835000263977015,0.03045623394475394,0.020339684237122846,0.026941779551558298
1999-04-23,,-0.025605950905172037,,0.031045176902686933,5.263296403734685e-05,-0.01302101730296501,0.013581549184723873,0.01748531434101963,0.016881923339702176
1999-04-30,,-0.028655255760375198,,0.01373502839015206,7.895048492834178e-05,-0.01096330479726948,0.011170016196896171,0.018105503632273034,0.013218759955158088
1999-05-07,,-0.07388884209915858,,0.015182005697678136,-5.263296403734685e-05,-0.01682904501542737,0.007145207404644305,0.011490494791599914,0.013702007919003112
1999-05-14,,-0.10408784606193144,,0.02266659981293273,0.00018420325565537965,-0.017532831691460693,0.0033615459366581613,-0.000677277370961793,0.014915322252162522
1999-05-21,,-0.11834976845704404,,0.0024047443074000086,2.6316135740112045e-05,-0.027134458910814896,0.002515871788965507,-0.006706933256718006,0.006890770700568094
1999-05-28,,-0.0857245411409675,,-0.025034926996720053,7.894425224175272e-05,-0.03119566715327604,-0.00058122640404068,-0.009281121164805395,-0.008347927358649532
1999-06-04,,-0.09110554852229313,,-0.046061857976556375,0.0001315702916180328,-0.02981426271042631,-0.0028951960003279487,-0.010311440543159911,-0.013498347061866145
1999-06-11,,-0.12153666572483246,,-0.041168291469123375,0.0,-0.02558082744924617,-0.002890175422233243,-0.005372746302390485,-0.012899488374039425
1999-06-18,,-0.15049539669088396,,-0.04448155706332457,-0.0001315876046374953,-0.0219186857076461,-0.007279112064726534,-0.015996039706871024,-0.01967876789758538
1999-06-25,,-0.1988620947633457,,-0.049587930466229224,-0.0001579030478568999,-0.027398974188114433,-0.01595840506442181,-0.020945985970000525,-0.023979766815855896
1999-07-02,,-0.22169322473656372,,-0.058023840116377734,7.894425224175272e-05,-0.021391189981317282,-0.014693285157069025,-0.026097795387357348,-0.023063259746652243
1999-07-09,,-0.2513960642660944,,-0.04931151663083089,5.262880902234812e-05,-0.012529529614932144,-0.020514735414354335,-0.03019198068013429,-0.02554632231293885
1999-07-16,,-0.26884052163515193,,-0.02479225188593226,0.0001315702916180328,0.00952201807446329,-0.0026427852703670984,-0.01139804495236918,-0.016881923339702176
1999-07-23,,-0.24147923184730047,,-0.00652702601437305,0.0,0.006540245680609846,-0.0038072970283983265,-0.011361480229579612,-0.011054926035136692
1999-07-30,,-0.16867279507215294,,0.017025949589926093,-7.895464060014845e-05,0.00812373440436387,-0.0010596963195829145,0.003354582146152918,-0.012927234501459939
1999-08-06,,-0.13858616328614737,,0.0008312552432103715,-5.2626039376280076e-05,0.01636483467333605,-0.008870548999509342,0.007155907130774963,-0.017397097994722
1999-08-13,,-0.10905212853974255,,-0.006147730586234523,0.0,0.029705154413915746,-0.028028973202252283,0.014032973348790723,-0.01988198341289893
1999-08-20,,-0.015552413007485555,,0.011250118654595909,-0.00021053185687924802,0.038209660073243334,-0.02669024606706616,0.026010135837612136,-0.022815850196014953
1999-08-27,,-0.08874714830368369,,0.012278319650404157,-0.0001315702916180328,0.04086409889701148,-0.02822886647061218,0.03127325215410792,-0.02536087675141374
1999-09-03,,-0.072736132491098,,-0.0010565241342002096,7.894425224175272e-05,0.044125751146107284,-0.022834715816202666,0.030506344420883735,-0.02725048632460325
1999-09-10,,0.03095024604110108,,0.020014236585609524,0.0001315876046374953,0.04689768291451246,-0.0144226193904885,0.04904822868699332,-0.019445273191430523
1999-09-17,,0.11998911467668627,0.008883819603935361,0.024619240020149924,0.0,0.055069225362127217,-0.006478995452491421,0.07020425867324853,-0.017150404776577588
1999-09-24,,0.1707817992198848,0.004661744795259715,0.04071809301878471,-0.00013157721627909957,0.05763438638898011,-0.005891033237237386,0.08738611935863938,-0.017771317267579523
1999-10-01,,0.23990168484035834,0.004025075872990502,0.0406072409491518,-0.00021053185687924802,0.07145896398214457,0.005402561734221267,0.10691904553454057,-0.015300844955300708
1999-10-08,,0.184706844473137,0.0067217858575467915,0.023600038132926215,-0.0002631578962555281,0.05518031664362022,-0.0026497880954018393,0.09119456847892105,-0.016070242087417697
1999-10-15,,0.15213956509808035,0.004270058421192324,0.01634228702064,-0.0001315876046374953,0.054670895469189684,-0.012638212272547689,0.07955658541973376,-0.018700872246508293
1999-10-22,,0.15072121426806007,0.003713917603222594,-0.0024027518912905776,0.0,0.05174993029359021,-0.013759780582328407,0.049395983239375774,-0.015768026326230533
1999-10-29,,0.004373184812223485,0.002075885879823769,0.001453036062605051,-0.00021053185687924802,0.04307889263376197,-0.010749580967394867,0.05011541813028364,-0.013603524611211615
1999-11-05,,-0.017940918961318886,-0.0020149110181790775,-0.0004167534963421815,-0.0001315876046374953,0.03158822330821831,0.001201201345634062,0.02671364820986355,-0.011901173980298108
1999-11-12,,-0.15571930759988462,-0.00011513441956223502,-0.01734449498293067,0.0,0.016510552126989708,-0.0038289008788047196,0.014379332724343108,-0.009714899345887762
1999-11-19,,-0.05246199460733969,-0.003909848587041687,-0.025734387869505326,-0.0001315876046374953,0.015541107376715324,-0.005982668158488913,0.011028331041478268,-0.005654169296189782
1999-11-26,,-0.07273438050489389,-0.002509122778584949,-0.006830888480243047,-0.00021053185687924802,0.0185779297371913,-0.010717578028811015,0.010654986457670379,-0.0031441623135131103
1999-12-03,,-0.08822423341483976,-0.0022441531989367824,-0.027235726015548245,0.0,0.027926108883232104,-0.008754485236649345,0.002576988927730728,-0.00298906853556824
1999-12-10,,-0.12686672087878925,-0.002702937494013735,-0.036290001405200556,0.0,0.02179382939402963,-0.0035517707379011387,-0.01542315958853191,-0.004412930723280972
1999-12-17,,-0.12475597682460204,-0.001378993553392771,-0.06039085861748905,5.263296403734685e-05,0.013720010036744945,-0.009080989489822389,-0.03585433630668744,-0.0053619431413851615
1999-12-24,,-0.2024063048072975,-0.0016080867237460161,-0.07002433109361395,0.0001315876046374953,-0.005271881271449175,-0.019396267704512526,-0.06990736629233929,-0.003783106655703694
1999-12-31,,-0.13326273189662707,-0.0024578785043027906,-0.0710811996721139,0.0,-0.013605652055778794,-0.01514955455503697,-0.07713340610706831,-0.007102863103122026
2000-01-07,,-0.11829969802902518,0.0018983524555058473,-0.057745354429065365,0.0,-0.00507395432981772,-0.009914672389925383,-0.06979127472297586,-0.012664408618876966
2000-01-14,,-0.1129539897427616,0.001242579201712335,-0.058061546796120744,0.0,0.0012383902511463596,-0.00749291681886588,-0.04886029285560012,-0.031977145005000374
2000-01-21,,0.039220713153280684,0.0023014969882790837,-0.06934852188636143,0.0,0.009901070982711424,0.005866875065752342,-0.04047549878801471,-0.03215505371860372
2000-01-28,,0.06041162473369077,0.003853569315989791,-0.061902010902915805,0.0001315876046374953,0.009901070982711424,0.006103782938017832,-0.03953604907911812,-0.030875043027745797
2000-02-04,,0.08762169132044484,0.004021838227820318,-0.05681128631668919,0.0,0.012422519998557036,0.023225168583317246,-0.024835387220860206,-0.03460220265796332
2000-02-11,,0.06781097795615487,0.004712923258780588,-0.03522869188374411,0.0,0.009776700607574629,0.014890090472968742,-0.03212337827983047,-0.03265857717031473
2000-02-18,,0.04181793968332137,0.00501196561391426,-0.05194554799162532,0.0,0.00012352541551141627,0.014854699768881985,-0.03231171560157131,-0.03819462977424948
2000-02-25,,0.03207371483911459,0.0055723252043029525,-0.02622527919008988,-0.0001315876046374953,-0.0036787288574622323,0.01937092231290205,-0.01949126154312486,-0.03266903814254274
2000-03-03,,0.014388737452099676,0.004309732284796475,-0.011808578064698594,0.0001315876046374953,0.0019579056670568917,0.014365863782107247,-0.028666458045642607,-0.029819458543991484
2000-03-10,,0.032678196992657504,0.0021825291530759294,-0.010206434285029431,-0.0001315876046374953,0.002941899645690693,0.027985365418070507,-0.016708390262724748,-0.02838776142235311
2000-03-17,,0.04158603377810266,0.0018376024465807106,-0.009331327428884428,-0.0001315876046374953,0.00551640994365421,0.0172270058683075,-0.011304011009395598,-0.028773892423247904
2000-03-24,,0.06583603144242112,0.00252670399729249,-0.012085813153879243,0.0001315876046374953,0.01924085011154064,0.024247196173428742,0.008606474838747324,-0.025833767182145806
2000-03-31,,0.06341982765475507,0.0021815267851401643,-0.022713067239233276,0.0,0.014778594096118702,0.02939561686259229,0.004118238965531873,-0.023208132691547867
2000-04-07,,0.0570807107434419,0.0027557716372204055,-0.029440127964933893,0.0,0.01839414215597479,0.028764029002265823,0.012374584093811869,-0.009467912710737547
2000-04-14,,0.06693948267511018,0.0028694424279529507,-0.015684838690733116,0.0,0.012726554539222334,0.022662521967316884,0.012183967435659415,-0.01013080559979418
2000-04-21,,0.03614851411631115,0.002293578987099476,-0.017175482595226832,-7.895048492834178e-05,0.01394176917412615,0.01838384861238218,0.01811692018622857,-0.012687786697747505
2000-04-28,,0.0712275092883683,0.0011461319306222961,-0.009775424240360486,7.895464060014845e-05,0.017864172606315343,-0.005579224573652564,0.009665748870556712,-0.0026440792959014914
2000-05-05,,0.04847475650241151,0.0010315778323244373,-0.016964692573576023,0.0001315876046374953,0.01709443335929972,0.009121734573677487,0.014813126305226021,-0.0032599865872073863
2000-05-12,,0.08439133789899245,0.0009169055083644295,-0.004269189722007738,0.0001315876046374953,0.020054474987776683,0.015218321212885133,0.027777735426971262,0.00294021773396258
2000-05-19,,0.12366081010245367,0.006623297022818164,-0.012702120642075876,0.0,0.018742181809740188,0.01351923160277868,0.0202630650288258,0.0009762447895425019
2000-05-26,,0.1287581138718643,0.008677834771626092,-0.012395023676187833,-0.0001315876046374953,0.019371065756000228,0.009772633183578794,0.03020669708714374,0.0
2000-06-02,,0.13160388312349802,0.016501085645005187,0.00711114107750177,0.0,0.057090412071876706,0.005204429719861903,0.03008135540469281,0.0025995140552335094
2000-06-09,,0.12192320491852371,0.024370715916423258,0.0015612805669524832,0.0,0.03837401288161546,0.011699110869016316,0.027638312472487048,0.002370246413837762
2000-06-16,,0.1434584814468014,0.026263678470563434,-0.002909906921810368,-0.0001315876046374953,0.037640785426059864,0.006290427871460724,0.030639810818978486,0.0011371945015632434
2000-06-23,,0.14189124736389935,0.025031036739744827,0.005838776973832616,0.0,0.040724190226569146,0.006275077240666782,0.03798089493649037,0.006176872695083269
2000-06-30,,0.13855508035688757,0.024242238366543045,0.013489413178637832,0.0,0.04164789881089215,0.01251995264831518,0.032909258404698605,0.009467912710737547
2000-07-07,,0.13557312635678898,0.023895593678408655,0.007111061064889235,0.0,0.04888280393975197,0.008714905261937522,0.03148540184123183,0.012079807353669203
2000-07-14,,0.20282007834229532,0.024329347109171895,0.00916119214857769,-5.2637119709153524e-05,0.06761551660037535,0.01808073633148488,0.048444355523913796,0.014635523070686496
2000-07-21,,0.1702700617071411,0.02388206990167019,0.002610145039773748,-7.895464060014845e-05,0.07699697261480232,0.026156678648728393,0.05336651602690212,0.009466717846788875
2000-07-28,,0.1126524765581447,0.027792118621129625,0.0013498314760456154,-0.0001315876046374953,0.07574965394983124,0.02195980360974359,0.05367328783993042,0.015230365690961367
2000-08-04,,0.11541022415855906,0.02790353302712756,0.0027882730782549103,-0.0001315876046374953,0.08279548078303423,0.007523183631225949,0.0695812900425743,0.01288353922156027
2000-08-11,,0.02172084220121384,0.03291464705961422,0.0006725703650012349,0.0001315876046374953,0.07388403306421809,-0.003972689396435247,0.044267255051629206,0.010676257991341753
2000-08-18,,-0.005397314451718316,0.0416402135758589,-0.0062556057438225565,0.0,0.07282245970004908,-0.0084582463017846,0.043173978264377855,0.011648732269202267
2000-08-25,,-0.01926841886587738,0.03493562932364469,-0.012477880255442386,0.0001315876046374953,0.039109546458708344,-0.008951003377579925,0.04690893661627671,0.008884639656455917
2000-09-01,,0.0006007810333912289,0.027719736273155604,-0.006484092030168753,0.0,0.05771381513164853,-0.0019452152402213985,0.04917584264692598,0.006465191422159844
2000-09-08,,-0.03910450840037605,0.023738349004904347,-0.009685851148202751,0.0,0.06103976054792071,-0.0010747223458379418,0.04426829316384273,0.007924356176011393
2000-09-15,,-0.02239339302075649,0.02048231028313241,-0.006740083929845042,0.0002631578962555281,0.0680534632450156,0.005487378390248487,0.05994117949376632,0.006461014238236196
2000-09-22,,-0.008083184888821648,0.023777730676038278,0.0008928572021726922,0.0001315876046374953,0.06103589058636949,0.006588909049731417,0.07087635999071784,0.011148027239673564
2000-09-29,,0.0005709392104851219,0.03237098674786143,0.01742731044637047,0.0001315876046374953,0.06651953586219994,0.011102596286739708,0.0868094008115019,0.013377586880780612
2000-10-06,,-0.05403740123419176,0.02973787416110385,-0.002685767057597488,0.0002631578962555281,0.04657160856667275,0.0010636005314554886,0.05956611125648292,0.015925696520644017
2000-10-13,,-0.07695049822913269,0.030727597815321417,0.0035890572398171727,0.0002631578962555281,0.0410285754715316,0.0028645106954597876,0.05964681357272639,0.013187711228802357
2000-10-20,,0.006181531344214619,0.033418612423766536,0.014729121447063065,0.0,0.08701137698963013,0.005315665113097001,0.08076028401856794,0.020057979044598717
2000-10-27,,-0.004481800219057419,0.03222903079742334,0.021459383574638835,0.0002631578962555281,0.07996555015642715,0.013173157275015557,0.06095939753763746,0.03861361629649451
2000-11-03,,0.05973606702641909,0.029302150687393613,0.017770347673025988,0.0,0.13786131069600982,0.0193655612389686,0.07430126489618116,0.03788929933593144
2000-11-10,,0.09842128129574235,0.018368965972377804,0.01600745607499654,0.0001315876046374953,0.1285020442195206,0.012213848000446781,0.06479951152078955,0.03539633227755301
2000-11-17,,0.09989815326598617,0.017823858300117124,0.017337620325677428,0.0,0.10791422825422226,0.014243238463060859,0.062136186286616546,0.029630623712135762
2000-11-24,,0.1299212804004224,0.02037696508876774,0.026998763162416672,0.0001315876046374953,0.10380461403254282,0.01888478023854767,0.07780851225613628,0.038247392596724605
2000-12-01,,0.12906524084598914,0.022227932850018117,0.07414030688284079,0.0001315876046374953,0.08940658771558496,0.022443793265777057,0.06911518816498319,0.05743579518291053
2000-12-08,,0.12635432832415994,0.027135333366101744,0.08674834269971488,-0.0001315702916180328,0.08307454425565641,0.007917879451868726,0.050054397688978014,0.062413014774274966
2000-12-15,,0.1047516346752424,0.02162246401316592,0.060598372685935153,0.0,0.09411329157047854,-0.0040229939315772345,0.03479121024847265,0.05941415109819825
2000-12-22,,0.06571505477775297,0.012917294785834699,0.06194591687763484,0.0,0.08112554481236822,-0.008041398874993555,0.01727479048671965,0.057700836169035874
2000-12-29,,0.05403740123419176,0.013473661118964753,0.1037904805702583,-0.0001315702916180328,0.07912554414570128,-0.008540648602070156,0.006025182147426644,0.05722047525417118
2001-01-05,,0.09108315951977097,0.01400130573209335,0.12447799482980759,-0.0001315702916180328,0.07282930795233034,-0.009339819312766395,0.019463349677285358,0.055319369624354575
2001-01-12,,0.05980042330278579,0.007514796502486654,0.1106191503703835,0.0001579030478568999,0.049671609797237615,-0.013313636341071966,-0.001953013430241235,0.036215656937510055
2001-01-19,,0.07619130624057568,0.004842624475787982,0.11841775481447492,-0.0002631578962555281,0.05795827676324228,-0.014153747438093833,-0.00686030589055564,0.013235034680469937
2001-01-26,,0.03335435603959347,-0.008053734807096813,0.1170488751359251,-0.0001315876046374953,-0.07598590697792229,-0.009851732123415946,-0.011601991032443859,0.009252186278202679
2001-02-02,,0.029532347565018213,-0.004291852081541148,0.12194043569199664,-0.0001315876046374953,-0.026827242233144144,0.008327399162943339,-0.010531895277817505,0.011423403012055022
2001-02-09,,0.033034436945435175,-0.005367699415003813,0.09655144605511001,0.0001315702916180328,-0.01914416149764353,-0.002470058986276946,-0.03212192847812689,0.009014670932060653
2001-02-16,,0.017877220658068183,-0.008897523456459666,0.10010217329140492,-0.0001315876046374953,-0.03493760647204569,-0.003599695342026088,-0.03515199144628811,0.0010848509394074668
2001-02-23,,0.019979634111404465,-0.006101169581500976,0.04278727520520942,0.0001315702916180328,-0.03711766295650243,-0.011719442407356784,-0.03012974145202918,-0.01872943911012559
2001-03-02,,0.01718344805568428,-0.0059906041371573515,0.031735779669745945,-0.0001315876046374953,-0.026586432991002162,-0.0030335140453354725,-0.015904449571300106,-0.021404272276312142
2001-03-09,,0.028054857591330418,-0.00407245231151343,0.0634617131124191,0.0001315702916180328,-0.03555478619151575,0.007629902488035523,-0.00126720827970761,-0.01987833038868736
2001-03-16,,0.08156274576174205,-0.00407245231151343,0.049697157941804626,-0.0001315876046374953,-0.042863704431782335,0.012721505585407966,0.0014931375886115816,-0.021693487444321313
2001-03-23,,0.10294213479354397,-0.0005354752470654311,0.04348511193973881,-0.0001315876046374953,-0.028428310357228703,0.029578495227887913,0.035976351068418566,-0.015186320707985868
2001-03-30,,0.07748065663236048,-0.001070091059844458,0.03344012982905831,-0.0001315876046374953,-0.015144156164297318,0.030005806027500692,0.019997238380121463,-0.009111680351255647
2001-04-06,,0.0955500167163752,-0.002141328441343404,0.052165583408404714,0.0001052548483986282,-0.03283877164700533,0.04213828554130328,0.034250310232903036,-0.001825650895025177
2001-04-13,,0.12089992129663685,-0.0005369127645762362,0.04653776422609823,0.0002631578962555281,-0.02656329326174589,0.04540979241325371,0.04300410029218016,0.0067042762161686476
2001-04-20,,0.11601781013181345,0.010190487756831956,0.03615778498561806,0.0,0.04929129171687752,0.0373970374437399,0.04837743561513941,0.010687124618435906
2001-04-27,,0.21996389839682884,0.00696493573684176,0.013728062959788012,0.0,0.012012156448003353,0.03650040221952644,0.061151465181670694,0.009471503742405574
2001-05-04,,0.21683438212094508,0.008574543424583414,0.06055400284108714,-0.0002631578962555281,0.0343965122414982,0.04514919198437817,0.07791334397470084,0.018700728914486042
2001-05-11,,0.12627791933751098,0.008363763102180677,0.02531780798428951,0.0,0.044897848177101185,0.042583464544606375,0.06878170549796847,0.01856878335156642
2001-05-18,,0.1598605318311641,0.006527927296288816,0.04681287356428321,-0.0002631578962555281,0.05517231586831883,0.041452043266398175,0.06809835387828267,0.01872943911012559
2001-05-25,,0.16083966797805438,0.00758915512497671,0.04311012365372857,0.0,0.042602791379576566,0.03685886363304269,0.05525268542049622,0.018981130094148924
2001-06-01,,0.15095486072146258,0.008873741876346486,0.014867253498555222,-0.0002631578962555281,0.043507114382010936,0.03354906833163296,0.04881760992974993,0.03430816140543236
2001-06-08,,0.1205160245124528,0.009937571763911635,0.013312647666608335,0.0,0.05675281659244957,0.03155472380293467,0.041037740785124566,0.050590344673580034
2001-06-15,,0.08246108853781742,0.006406855871742945,-0.005430579676639624,0.0001315876046374953,0.047268728819143124,0.017678847629349015,0.02480068759452969,0.04195371807231085
2001-06-22,,0.07993170140156813,0.006935210512242662,-0.012312583403183197,0.0001315876046374953,0.04767536386979332,0.016120415792741927,0.024474597055211156,0.04926224770066856
2001-06-29,,0.08545140787265737,0.008006447893741608,-0.01862109666282219,-0.0001315702916180328,0.05462612583191273,0.008548239010095382,0.005430278762008189,0.047868829402223145
2001-07-06,,0.049031633180254275,0.010152371464018373,-0.033349054825634994,-0.0001315702916180328,0.0443650623800389,0.005773846839585373,-0.005841846318902277,0.045131601415814515
2001-07-13,,0.06780174227204405,0.0064890393114169775,-0.02138302166499173,0.0002631578962555281,0.05800419278595781,0.01335648082983154,-0.0014321126105052429,0.04600217605002088
2001-07-20,,-0.03852456486256628,0.007022799665695967,0.007520563417775961,0.0002631578962555281,0.05714182995450967,0.012766247402290265,-0.0007664094096062612,0.06218856738818834
2001-07-27,,-0.05204863177045205,0.005640412974288633,-0.016711364976910836,0.0,0.0457244457548609,0.0023337233462202844,0.002174852360794066,0.0604012729222001
2001-08-03,,-0.09451141214617564,0.006810710587488611,0.001154956817510211,0.0002631578962555281,0.05729605440559293,-0.015060733723752051,-0.00043811610777444443,0.055306819799134654
2001-08-10,,-0.16927482730357113,0.005425256645064547,-0.010430845974613412,0.0002631578962555281,0.060741560365360936,-0.020652044552669002,-0.0015398155264190194,0.05330647570296687
2001-08-17,,-0.22204525356514715,0.0036139495115978804,-0.01624165632863228,0.0,0.029838359386291202,-0.02809826713245167,-0.004738039826157614,0.048248481690448486
2001-08-24,,-0.2693726155359357,0.003188100468645594,-0.001554605831946887,0.0002631578962555281,0.012789156116321365,-0.0320357551725301,-0.015711763792761957,0.030568140515624176
2001-08-31,,-0.27524158219400263,0.002124270581080445,-0.003116480901819152,0.0,0.006872879287762146,-0.03606322052522659,-0.022502898963926654,0.01659909981422114
2001-09-07,,-0.23520033552666852,0.003188100468645594,-0.006242704628085072,0.0001315702916180328,0.0019627091678486863,-0.03802739558923918,-0.022984362881314446,0.01398827996076113
2001-09-14,,-0.20750274342411323,0.0028879046677832143,-0.0007745933772262958,-0.0001315876046374953,-0.0033032187812311875,-0.03635743274326597,-0.015800929610399805,0.0068022550440214324
2001-09-21,,-0.22110907449007122,0.01052390791107749,-0.009984470292836,-0.0001315876046374953,-0.017684183129218933,-0.04984920910886825,-0.025408496537189684,0.0019142647530090429
2001-09-28,,-0.19043161534997566,0.021042333467526042,0.0015402390415015788,-0.0001315876046374953,-0.022667958769465812,-0.04436827404640764,-0.02134039982085456,0.003767028505662573
2001-10-05,,-0.15719307728853593,0.015153399504961751,0.009984721968035792,-0.0002631578962555281,-0.029360259168863312,-0.03417043165069622,-0.019593190515008185,0.00260718571786267
2001-10-12,,-0.13846093556533567,0.018073414094088136,0.0026722672897845356,-0.0002631578962555281,-0.030630704406177323,-0.02561379567783051,-0.019912162320113058,-0.012363584744274458
2001-10-19,,-0.11769414281664226,0.019754766616527863,-0.004606534057638001,0.0,-0.02809039730788676,-0.0029661387817363494,-0.023863262273295494,-0.011791911154316548
2001-10-26,,0.012716790249184484,0.018910112811590274,0.00230591954597692,0.0,-0.0328210196908274,0.01569136314020725,-0.0196930802730102,-0.005771189009091682
2001-11-02,,0.07538333899450933,0.018291269972251722,0.006965972440827528,0.0,-0.02654184241007629,0.029084886274409083,-0.011624819534026276,-0.0034667086575379535
2001-11-09,,0.1585318478428217,0.017876396125589,0.010857027933794505,0.0001579030478568999,0.0014447389943739175,0.0368718213962953,-0.01200014400311078,-0.00231448099847098
2001-11-16,,0.17946032451292204,0.018918062886445597,-0.0015570263947495278,0.0,0.011661939747842798,0.03919437605154619,-0.008061850852111974,-0.002173441411984278
2001-11-23,,0.20140230084595423,0.01839736513971646,0.0015594545070696242,0.0002631578962555281,0.016689694592739723,0.048809230128116665,0.0024755273135026457,-0.0037615785094309295
2001-11-30,,0.16381569059624823,0.01770962870321835,0.0022284349585834917,-0.0002631578962555281,0.01989873955537247,0.053958416221614125,0.006105853433560071,-0.0022598224937473432
2001-12-07,,0.13428247661053305,0.01627864667408252,-0.014046270733991228,0.0,0.011994726899689834,0.046042937786109794,-0.01559882425758019,-0.005786216056838267
2001-12-14,,0.12988564482029297,0.006554306031958834,-0.013299468661209346,0.0001315876046374953,0.012883405785862223,0.05704456729374541,-0.00408952063756951,-0.0016239889889972936
2001-12-21,,0.08106347006745906,-0.003337160256303928,-0.010831827375600511,0.0002631578962555281,0.015489177042460334,0.05133484913701347,-0.010329849501576671,-0.002606430667567494
2001-12-28,,0.05023657964083483,-0.0006268282695836014,0.0007639419775662404,0.0002631578962555281,-0.0029254043291051524,0.04022510568638393,-0.013582551765869422,0.010933787531863803
2002-01-04,,0.05999832633362345,0.006021612879536509,0.009108222360227458,0.0,0.00145243308031473,0.032963678920125195,-0.012140436882712713,0.01493207930702356
2002-01-11,,0.039220713153280684,0.004256871921637817,0.004223465675249116,0.0,-0.0033857347941306237,0.014743489273923105,-0.01793719477368283,0.010074926900770276
2002-01-18,,0.033237307328315424,0.007878137563828602,0.00764822083825667,-0.0002631578962555281,-0.007767029337659714,0.009439179642944162,-0.016447368622548808,0.014365999115573569
2002-01-25,,0.01312018045868335,0.005298438451208476,0.018342126758468247,0.0,-0.01353985868641061,0.003876608731433695,-0.020702809621593765,0.01350983467971334
2002-02-01,,-0.02273901858552385,0.008096369740746567,0.022875568599075358,-0.0001579030478568999,-0.012590965368512563,0.004371711107535425,-0.014865138590860916,0.0149492506569322
2002-02-08,,-0.01394588603534963,0.01076949416748807,0.026145280104322488,0.0,-0.008343892398042563,0.007897402671196652,-0.00903450526796501,0.01540152790038718
2002-02-15,,-0.03687274306778221,0.01458068331502771,0.029176733733148552,0.0,-0.014148893851287703,-0.0010355353007337476,-0.011870581986984874,0.017244284184312786
2002-02-22,,-0.018659602636912354,0.015268419751525819,0.027083343443904617,0.0002631578962555281,-0.014033620102974265,-0.007673335393393321,-0.01739767572224915,0.01862069260429955
2002-03-01,,-0.02417912762837915,0.01716691589501851,0.038540415307776854,0.0,-0.011994726899689834,0.0006551112558574879,-0.0006837607104004384,0.018114353844769226
2002-03-08,,-0.025899322040530137,0.01843465626349383,0.039266014292612894,-0.0001315876046374953,-0.015519225147600846,-0.001636974146684289,-0.005822266575691071,0.01868944566004105
2002-03-15,,-0.019283663058793366,0.017807696995308042,0.02154758241965027,-0.0002631578962555281,-0.02077139611300849,-0.00833827978567303,-0.010783630940769395,0.012964745121159638
2002-03-22,,-0.02079282830944429,0.01822562616239809,0.009122070096577062,0.0,-0.004894772376728529,-0.00967220655101897,-0.014116261261117202,0.0011440012687677914
2002-03-29,,-0.06406130805287802,0.009682811539701852,0.0030177314489376883,0.0002631578962555281,-0.011189608358173064,-0.009557239263845885,-0.019183049990877166,-0.00185436184654586
2002-04-05,,-0.056875648392002986,0.011332149702170558,0.015586705972285841,0.0002631578962555281,-0.01130395977385179,-0.001654619069262564,-0.008000042667076102,0.0025743721311624057
2002-04-12,,-0.08458276519622565,0.008840518103246708,0.013621095951965145,0.0,-0.0039062549670649815,-0.00337259274717161,-0.010849189953612726,-0.0014273482297699758
2002-04-19,,-0.0853555630235956,0.013380191383356443,0.00829567351680005,-0.0002631578962555281,-0.006839303650241657,0.0009804189352560222,-0.009825281828103272,-0.0008568980815679694
2002-04-26,,-0.10962878228824557,0.01069418932312427,-0.01137237427086557,0.0002631578962555281,-0.008613992182750163,-0.0068392234633128934,-0.01762664384545154,-0.005149489279313801
2002-05-03,,-0.10401624875288284,0.008920848701913453,-0.015296665375474028,0.0,-0.009692180233025649,-0.01818331794723238,-0.019589377205194047,-0.006879774878179923
2002-05-10,,-0.09618861429544268,0.005732434573686884,-0.029956156999419115,-0.0001315702916180328,-0.02200493347428134,-0.016494312424208624,-0.020335010542777976,-0.014638608129836417
2002-05-17,,-0.09858478501291223,0.005630357301102951,-0.027747444880503735,0.0,-0.03269236168554235,-0.010748346551433419,-0.015489848487803215,-0.016360870110552206
2002-05-24,,-0.11668232008019785,0.004501286372627256,-0.04801541710448021,0.0002631578962555281,-0.038286933613016494,-0.020677843050676548,-0.02914848971441719,-0.018694821137225315
2002-05-31,,-0.12004425365024218,0.005628052717002063,-0.06310504546866458,0.0,-0.0167574152919423,-0.01790780127224889,-0.018722377452038863,-0.01985105461888459
2002-06-07,,-0.14104834107382125,0.006138126688785661,-0.06853074542705073,0.0,-0.015418372250286083,-0.019040275891018088,-0.023574437519831903,-0.022873029591361504
2002-06-14,,-0.11378902136044644,0.006138126688785661,-0.07378787437566814,0.0,-0.0056094227684528875,-0.017615744262029498,-0.01937276131067911,-0.023717669965118482
2002-06-21,,-0.11816478790381346,0.004602411601451806,-0.07101266615462265,-0.0002631578962555281,-0.013793322132336083,-0.024915662972374908,-0.027821782796646044,-0.026475325751023515
2002-06-28,,-0.12968565265998855,0.0023533033830838157,-0.08581186350550318,0.0,-0.014610328991618626,-0.039227228539909786,-0.036099942389059336,-0.03340420949155254
2002-07-05,,-0.09538321324845889,0.0006138735613281376,-0.09866039279651773,0.0002631578962555281,-0.013793322132336083,-0.03803901141992705,-0.04737882850204089,-0.042156026830155735
2002-07-12,,-0.07447069256072147,-0.0014323718430158117,-0.10024158319906107,0.0,-0.007874056430905885,-0.03735512722359302,-0.045328882333023124,-0.04112565542267488
2002-07-19,,-0.03001337809000404,-0.0016378343307059673,-0.10354067894084107,0.0,-0.007103423712659485,-0.04305026608208151,-0.05263124994808699,-0.04637661562030715
2002-07-26,,-0.05864512074228401,-0.004809423442786898,-0.10300832810907767,-0.0002631578962555281,-0.00889333924756297,-0.04133954025604791,-0.06636032460882424,-0.05164912990444659
2002-08-02,,-0.01733521200154442,-0.0060404586019964235,-0.06857524775985446,-0.0001315876046374953,0.0233703876998943,-0.02287800586234201,-0.026222914753396775,-0.026664339756120814
2002-08-09,,-0.017930390718428058,-0.0065547141686455035,-0.07883853523375617,-0.0002631578962555281,0.03269236168554235,-0.02895493916160885,-0.018577841771572512,-0.02490606323795541
2002-08-16,,-0.014404681202547565,-0.006348577538342504,-0.04793769145145088,0.0,0.04352813749692652,-0.016997417182977426,-0.005413688636857206,-0.015211643324226642
2002-08-23,,-0.013204293547419255,-0.00850545681922421,-0.045237976443210925,0.0001579030478568999,0.029385072159743952,-0.02916497326134193,-0.02516227489431122,-0.015520077262251242
2002-08-30,,0.02189142148185219,-0.010045184918220595,-0.019761861718627927,0.0,0.04174587040431632,-0.01767109721331861,-0.0014181047046823991,-0.000878992145665336
2002-09-06,,-0.006749181974928575,-0.010251243027336265,-0.019745602445548904,-0.0002631578962555281,0.023119597775255407,-0.0223223554378984,-0.005672433077986039,0.0021928230407999294
2002-09-13,,0.015909426469978172,-0.008299653155192654,-0.03372030006309146,0.0,0.028363759598213356,-0.02097188387688531,0.003313612499415086,0.0005862523984414558
2002-09-20,,0.03919842927900774,-0.009652981095626512,-0.008254277158490808,-0.0001315702916180328,0.038432507122873716,-0.0007908487913956819,0.01815445357072587,0.016115203716834614
2002-09-27,,0.03628976079504298,-0.00904146712066689,0.011546520034748653,0.0,0.0398691597649834,0.006600497843493591,0.042429178109155696,0.035851377776599413
2002-10-04,,0.018451739601955452,-0.0094641175494945,0.02054303960132131,0.0,0.03571808260207909,0.0056635025502693725,0.042224182547120126,0.03912336642419767
2002-10-11,,-0.006079046076381545,-0.008849615276982803,0.041413785550757254,-0.0002631578962555281,0.042642119266002254,0.020760813712583204,0.05735448895763051,0.050098349088835814
2002-10-18,,0.02642830226831805,-0.008653602986840259,0.07328380886169938,0.0,0.04644782715072937,0.03658840952605347,0.08117370911043142,0.063089266113447
2002-10-25,,0.008163310639160315,-0.005870556022574469,0.03930100541716541,0.0002631578962555281,0.03824557899507486,0.015282081692403082,0.04154138302343702,0.0364471828465982
2002-11-01,,0.014153747438093944,-0.005874186005430548,0.040602097194504694,0.0002631578962555281,0.03448617607116944,0.011682773380867317,0.030275236136243056,0.03211486031522792
2002-11-08,,0.029688821527921405,-0.007216526163868586,0.016508835521271692,0.0,0.028627909222309178,-0.000170024653984302,0.0209034294202346,0.02503405365467204
2002-11-15,,0.038829059718043624,-0.006401012976823939,0.013372535254677409,-0.0001579030478568999,0.020635046277993396,0.00704459241279054,0.028423400542442856,0.017552008295178112
2002-11-22,,0.015625317903081637,-0.006615011201841714,0.004977198163621743,0.0002631578962555281,0.0200498488641494,0.004461311975945459,0.028791545239440275,0.01743469993784963
2002-11-29,,0.014009755618532793,-0.0066163789387303495,0.00662528303345411,0.0001315876046374953,0.03784746892686153,0.010432010013537885,0.027700012130775775,0.014641125492749207
2002-12-06,,0.012325085992619833,-0.0052612696800968806,0.009987598628347527,0.0002631578962555281,0.032260862218221664,0.00895693890696192,0.02738620140946013,0.02030526616074546
2002-12-13,,0.0016699141091862657,-0.004550633563996431,0.011537004767928849,-0.0001315876046374953,0.024575906048837304,-0.0011591581852333777,0.017945488818333466,0.014141649814671808
2002-12-20,,-0.01786758868271221,-0.005588919536537507,-0.00740744127786197,0.0,0.020755462051451623,-0.01809978489142028,-0.0011546012135918993,0.001723395514877435
2002-12-27,,-0.01507145469313187,-0.007261442695325471,-0.02054303960132131,0.0002631578962555281,0.022811810181208703,-0.019376767606576473,-0.00786222109861523,-0.002006306204663577
2003-01-03,,-0.011709082759429279,-0.007573828807097005,-0.02880857663177494,0.0,0.01075786538159118,-0.02518394755733433,-0.004723239009543523,-0.003434953999973178
2003-01-10,,-0.009478743954543845,-0.006643852944807627,-0.050478766507595196,0.0001315876046374953,0.013738806484384192,-0.02916284655333501,-0.019335393482744045,-0.010002941365471418
2003-01-17,,-0.03306086226088745,-0.008506275356534587,-0.056143508811662635,-0.0001315702916180328,0.004305913233491054,-0.029132125322201663,-0.022189746688209944,-0.01036129574579725
2003-01-24,,-0.04138521616285473,-0.009345862418237427,-0.05080193062962657,-0.0001315702916180328,0.009558689591552927,-0.023243927439356438,-0.016368117475229038,-0.010106929811458887
2003-01-31,,-0.03753199898894799,-0.008833520677525186,-0.04264860376682922,-0.0001315702916180328,0.008057759328505831,-0.019112506701666865,-0.013847896858793618,-0.00634464997837636
2003-02-07,,-0.03544114004610677,-0.009574430513072496,-0.028633535123960385,0.0001315876046374953,0.018177208058967054,-0.011835811000036611,-0.005363193454745119,0.006359321908292692
2003-02-14,,-0.017877571107405288,-0.01021480635053651,-0.018372124267719947,-0.0001315702916180328,0.010246945737994562,-0.010775167676988606,-0.014117336982392814,0.001151576347212302
2003-02-21,,-0.006700192569818242,-0.006660447142760706,-0.005794718201654447,0.0,0.000928074312553484,-0.007578696809983798,-0.006824385978835501,0.0022998428995788522
2003-02-28,,-0.00670393572219119,-0.012594493825340614,-0.012500162764230716,-0.0001315702916180328,0.012987195526811046,-0.013910491677981751,-0.014706998914073122,-0.002012073113420332
2003-03-07,,-0.010623527365730467,-0.011468015591641123,-0.022370444054129912,0.0001315876046374953,0.017584904775440613,-0.016227131673368422,-0.01829601753606669,-0.004307875702824315
2003-03-14,,0.0011261262451345289,-0.011062521500278422,0.009046114319682275,-0.0001315702916180328,0.02398638982748169,-0.0067502805618259165,-0.018421880411505498,-0.006044923415913672
2003-03-21,,0.003368897066104992,-0.007734152265030936,0.03065844043849797,-0.0001315702916180328,0.02120872487726233,0.006908588955608974,-0.0076905529357964575,-0.004745137956703616
2003-03-28,,0.004476784197571249,-0.0067924395119729475,0.0461023919077963,0.0001315876046374953,0.02099083293298909,0.01842450087785219,-0.005790404134704552,-0.0025839807659249203
2003-04-04,,-0.002243410924078759,-0.009418236215238185,0.05127241734290422,0.0,0.001867414174795634,0.016240633411678917,-0.0010464508832388475,-0.0008620690189053981
2003-04-11,,-0.0030859892634929054,-0.012474610114469264,0.06573207608332154,0.0,-0.0061838480576912325,0.020999491250152102,0.006523028371118844,0.00663208889958522
2003-04-18,,0.0005632216425990322,-0.010909580561786036,0.0499895829001451,0.0,-0.021875282997140033,0.02693017853581825,0.006184022974467851,0.009819573487642508
2003-04-25,,-0.018161679674301823,-0.011443093738805032,0.03029259813412022,0.0,-0.02417949304558542,0.020302072650423053,0.00210698895693584,0.006057128412278345
2003-05-02,,-0.014764606654045664,-0.009666987123441384,0.05566220751187956,0.0,-0.014967538542405734,0.026562288100297815,0.006409157871100746,0.006891628137545069
2003-05-09,,-0.023960073747145927,-0.00788854997972388,0.020851464380762685,0.0,-0.026292594381183587,0.015498895470018259,-0.0029176656048246485,0.0008628128231555898
2003-05-16,,-0.04175613751205276,-0.014726257500286444,-0.0029099999749426786,0.0,-0.029178540598405522,-0.007206001843091947,-0.01226149535926302,-0.0014367818563627566
2003-05-23,,-0.05294677297378492,-0.012649056601882869,0.004184106522573394,0.0,-0.03088687267690471,-0.010097307610436479,-0.017297601372904925,-0.001151576347212302
2003-05-30,,-0.07285481208220013,-0.01649260345296133,-0.002516779851967854,0.0,-0.03074298935295161,-0.009620320047206143,-0.021498583724787412,-0.001728359929026091
2003-06-06,,-0.06690485273925795,-0.013204649688228098,-0.012356005632709,0.0,-0.02960438213170491,0.00037461278444006485,-0.017808852477665837,0.0023071387306683455
2003-06-13,,-0.08599273576881927,-0.017463533194138847,-0.03315220731690083,0.0,-0.024008540052009142,-0.017651315715737637,-0.026791550280138576,-0.0004324947807630153
2003-06-20,,-0.0856418264445864,-0.02194395573752317,-0.05112542465406911,0.0,-0.01574835696813892,-0.021133982834061982,-0.034021707878889806,-0.004032844296260052
2003-06-27,,-0.07943462009018987,-0.02286482339069318,-0.057975416884961994,0.0,-0.005612736904957671,-0.021934394300586968,-0.03347642423131303,-0.005766197323056499
2003-07-04,,-0.07072036925500669,-0.020784121462261496,-0.05139793520802982,0.0,0.008423072729109027,-0.011640388031712412,-0.025398190605610438,-0.006053636244265359
2003-07-11,,-0.07692725792300337,-0.021105025518026288,-0.038099846232270806,0.0,0.017013642905455928,-0.017967949243381298,-0.031069772192044987,-0.009819573487642508
2003-07-18,,-0.06049934329527318,-0.02631730831737311,-0.023481162688899992,0.0,0.021750266400176965,-0.006702666388492706,-0.026902137856236852,-0.010987532831529201
2003-07-25,,-0.047446673464685674,-0.023610946719630377,-0.04461706548880695,0.0,0.012922738127353117,-0.011831790514477025,-0.030546628813053367,-0.013831080591476752
2003-08-01,,-0.018060496726517883,-0.0268623353815296,-0.02592118373101293,0.0,0.02906908852947554,-0.015470236015978855,-0.020426945564438803,-0.011856703388869239
2003-08-08,,-0.002339182353171765,-0.021637519387992743,-0.01806392323225392,0.0,0.04756141119893886,0.009795460499945952,-0.012651661512069978,-0.008084351811434853
2003-08-15,,0.011751016535518133,-0.023613848108304136,-0.01345123265810777,0.0,0.03823309487888338,0.018415562728913648,-0.005355561744433857,-0.008679354354909297
2003-08-22,,0.03212649876487994,-0.021659162511415087,-0.012679797946792526,0.0,0.04078415085244247,0.014295839500432672,-0.005867928938346534,-0.009559748354225128
2003-08-29,,0.014337163146407761,-0.02530690161005955,-0.03629090232273935,0.0,0.03687053580832789,0.0036236091645770463,-0.009266568505184924,-0.014507725800775528
2003-09-05,,0.035996687863091736,-0.020821724233831773,-0.02187718719639875,0.0,0.02765153133051035,0.014345715988519303,-0.012695896302739929,-0.015109978017082693
2003-09-12,,0.031140240735723523,-0.01631674862229815,-0.017782009607831384,0.0,0.026717388338713288,0.013360673529183797,-0.02284980307571649,-0.015709413972662123
2003-09-19,,0.02728395894846969,-0.014628857076483648,-0.016956743718778533,0.0,0.03230553199689057,0.010042837844078778,-0.019802627296179764,-0.014562657237799481
2003-09-26,,0.021775655351865097,-0.009957869923051366,-0.022006812786951713,0.0,0.02666824708216131,-0.006430338957662096,-0.04009283324658863,-0.01544319735926658
2003-10-03,,0.02581175711757311,-0.011920383890277275,-0.02912411412341953,0.0,0.031367885420927166,-0.00936626970197385,-0.03815576565240075,-0.019341262256853398
2003-10-10,,0.018089127547106898,-0.016393809775676615,-0.026656780441485672,0.0,0.02767704337857646,-0.016173633607950322,-0.050503342533531725,-0.0195235559044189
2003-10-17,,0.005384398291234049,-0.01887980997984373,-0.030890487019338053,0.0,0.01861976550926503,-0.023946886405859624,-0.0663445422298854,-0.021112058142245704
2003-10-24,,-0.007671917239958859,-0.016845727609642758,-0.0033941483581507725,0.0,0.011029523575499578,-0.0026401140252592104,-0.048641063988744904,-0.0134721615886928
2003-10-31,,-0.005283252676584027,-0.01824888100592048,0.005917177028088361,0.0,0.008163310639161203,-0.009192973069404586,-0.052646949462395565,-0.013865799030356118
2003-11-07,,-0.007622435029755792,-0.016205325618558142,0.0008460237391254566,0.0,0.01182369390574145,-0.00889250573722089,-0.049034824167847546,-0.013161933207062049
2003-11-14,,-0.006461109114288988,-0.01326846594524822,0.001699957910448191,0.0,0.0027210901143606137,-0.0043018220000813345,-0.04169314013175418,-0.009945964686015163
2003-11-21,,0.008857453834060891,-0.009864174678143378,0.0068522752055040215,0.0,0.0018083187567832226,-0.012275408672693167,-0.03581700924805187,-0.006450689426038547
2003-11-28,,0.007631384262479557,-0.0021826921248759845,0.016870918918255207,0.0,0.009950330853167877,-0.0186985957576562,-0.030516915015431856,-0.0035195812838981766
2003-12-05,,0.003531492781471357,-0.0010900371691904276,0.02697171504895035,0.0,0.012646961700767179,-0.018192509331201534,-0.01848802581805753,0.002635433443376911
2003-12-12,,0.005603907896366778,-0.004375895835050159,0.01779707990268342,0.0,0.005976654574126883,-0.020391506184354702,-0.020954210358899328,0.0005865962919338052
2003-12-19,,0.0002950287674448049,-0.009179389118945114,0.011909966387174897,0.0,0.006331997637507136,-0.01895832529544672,-0.017380868927150406,-0.001175260896257413
2003-12-26,,0.006202944124607868,-0.007440673347947069,0.03627451262249526,0.0,0.006337730584548673,-0.013220979721290771,-0.012039272579617677,0.00737031638261243
2004-01-02,,0.013944744582845559,0.004617422451851372,0.04348511193973881,0.0,0.010859835236008308,-0.013088848697072164,-0.00012635036974284475,0.009295529861371499
2004-01-09,,0.007726635765772372,0.006697801596589947,0.04097884496367943,0.0,0.01360565205577835,-0.01205977269160563,0.012463597687532246,0.0070869926032317565
2004-01-16,,-0.01251879240510867,0.0028640689329066937,0.0033941483581507725,0.0,0.01000463096992732,-0.028061690663147787,-0.023697491106569935,-0.0039884830183885
2004-01-23,,-0.017216216261131123,0.0018729692028518485,-0.00253164692177954,0.0,0.0032467560988704847,-0.023887710889341607,-0.020527836892198614,-0.009599128569535598
2004-01-30,,-0.010650988263316563,0.0013237729456561098,0.00421941554270866,0.0,0.00801481169124596,-0.027250594517771565,-0.019744977623200377,-0.011846725252550705
2004-02-06,,-0.0035419163356458228,0.0004414523854938679,-0.004255325570138524,0.0,0.014210150077752282,-0.025381186672711276,-0.017431286377967314,-0.018994487076610778
2004-02-13,,-0.008857453834060891,-0.002757405375853228,-0.0034202684047981435,0.0,0.010781775603288857,-0.020552690563419573,-0.0214054148335574,-0.020806219415836935
2004-02-20,,-0.01740200233154532,-0.011648483359037787,-0.029713561183887904,0.0,0.009852296443011888,-0.026403396071094543,-0.024767888287648088,-0.02695019058810999
2004-02-27,,-0.008259633977417025,-0.012732034574460371,-0.02975216812887016,0.0,0.011602093552546933,-0.020925680027926052,-0.01909154642333588,-0.03254615216704204
2004-03-05,,-0.0053081811457271755,-0.007925192829025374,-0.011829457759500173,0.0,0.017008735163805966,-0.008456648153303714,-0.015531595757603878,-0.022086423616136663
2004-03-12,,0.01056347850956918,-0.005173089517726215,-0.008492620045653432,0.0,0.015212821349268602,-0.002428215285527169,-0.008359770028018243,-0.018395415619425037
2004-03-19,,0.019825722251086475,-0.0058379854082803995,-0.010533065572348121,0.0,0.017002646732547255,0.0019578341510907427,-0.003538931903785958,-0.017033663711695013
2004-03-26,,0.00909230490215407,-0.007597063788946201,-0.034808267914050006,0.0,0.012878017359548188,-0.00641726025507483,-0.004178543591720096,-0.02423009656842723
2004-04-02,,0.0200463895943237,-0.027177092723576823,-0.03316630522688602,0.0,0.016440684821461993,-0.006690959777122196,-0.000632151231621414,-0.021263160768215883
2004-04-09,,0.028970397297113593,-0.038802804669155755,-0.03184434306273154,0.0,0.01793770068666678,-0.008726421468142953,0.004605944683234053,-0.025788535570784976
2004-04-16,,0.027754955486674504,-0.04054685350875209,-0.033945257014295294,0.0,0.012882625831013073,-0.013842689022380728,0.00396090724197995,-0.022661733648686067
2004-04-23,,0.02520031149231805,-0.03215062686563197,-0.0238613792132103,0.0,0.001523639102734009,-0.009698016308551938,0.007678485228139298,-0.017885800307074984
2004-04-30,,0.019385105283225457,-0.028539791652265833,-0.012875714360045087,0.0,-0.003847363042206453,0.0005304883564331009,0.008500971069913543,-0.008651549167193906
2004-05-07,,0.04090740012576077,-0.017043019036972584,0.0051260257480256755,0.0,0.00205329715490965,0.009154057721746378,0.024158513806883164,0.002250057200696709
2004-05-14,,0.038751420346022414,-0.012680926323902497,0.015391496661694148,0.0,-0.007155665595412586,0.015643372957107604,0.03276493203133768,0.0054184358937838795
2004-05-21,,0.06845560238122239,0.008579023140899977,0.016357242024771956,0.0,-0.006230549750635639,0.022461667346470815,0.04297438669881082,0.017073950789965764
2004-05-28,,0.0691111377043434,0.0013252348709276163,-0.0008503401872923533,0.0,-0.008557727391412584,0.007173736935563779,0.03587212091774061,0.007466064246468562
2004-06-04,,0.08098527826779467,0.004184567277857987,-0.004273510777381695,0.0,-0.007666971674587408,-0.003403559414962176,0.03154993778458692,0.0019445073810788749
2004-06-11,,0.0873000189313089,-0.0030980330155876423,-0.013646267201171902,0.0,-0.008017860324732062,-0.0010222709908148664,0.030057759480446755,0.00328113642615957
2004-06-18,,0.09118755942978929,-0.002545234594875101,0.0025884397541027226,0.0,-0.006954999056426381,0.013784422149933362,0.03294944268249589,0.011072984602655822
2004-06-25,,0.08655669301134061,0.02662977729203897,0.00086430428889539,0.0,0.0,0.015436390558151825,0.034921224710253274,0.01550881069581278
2004-07-02,,0.09313574708418848,0.048000285470068516,0.006102896012584402,0.0,-0.0026702285558783956,0.018021699596585727,0.041995673628271835,0.022823813565256756
2004-07-09,,0.06346412356178632,0.05029554783559753,0.005665737535677451,0.0,-0.0053476063265947005,0.020109180978319485,0.0371734184747643,0.023403408384160773
2004-07-16,,0.03426886823902109,0.039728500698883895,-0.007792247220165471,0.0,-0.0005374899350041318,0.014056604902611625,0.033148622406999895,0.022196472162329783
2004-07-23,,0.034433088748409446,0.0423467170983689,0.004310351501121801,0.0,0.0042937716920912194,0.0025894553075576088,0.03060701715413039,0.023374099276460836
2004-07-30,,0.03171667206729012,0.040080229760528496,-0.0068405568152662966,0.0,-0.00026758239467561395,0.014010737069598322,0.026136330688717013,0.020759938909592712
2004-08-06,,0.044284993643730175,0.03929390493947338,-0.010234630914701448,0.0,0.0035842332278148703,0.011603058673153366,0.028101732627861864,0.02461206516070602
2004-08-13,,0.016678025378507044,0.015539568335065645,-0.02647464616138251,0.0,-0.004474280394921593,-0.0060416124284016215,0.011186887093149522,0.014448135747386015
2004-08-20,,0.021294825970572973,0.021616562225986513,-0.012842642265632698,0.0,-0.0027791492180568866,0.00043754102645077175,0.019573903154553207,0.01740200233154532
2004-08-27,,-0.00566879639267448,0.016889532502656568,-0.011197360748502305,0.0,-0.0026884145594525677,0.004164839573533419,0.02182082068481117,0.017479337036843123
2004-09-03,,-0.01546285141143855,0.02678780413799231,-0.009491011710587749,0.0,0.004462301023399284,0.0008179003785974137,0.021634290541646006,0.014486580023480577
2004-09-10,,-0.012335903280810356,0.025921503839615667,-0.007785506453751978,0.0,0.00392927813989008,-0.008365312463594732,0.01974244180447604,0.009183889168388415
2004-09-17,,-0.012855024371930313,0.012945516659650824,-0.011294646567767685,0.0,-0.004797024389397997,-0.011510707746863358,0.015030585997883428,0.0041346780699402785
2004-09-24,,-0.04146373653986757,0.0009804456365767322,-0.0026109675407202104,0.0,0.0023146097754596084,-0.008793010527438638,0.010713518591987103,0.005625477455554417
2004-10-01,,-0.003559209780599204,0.0008716496520504435,0.0017368653953830915,0.0,0.0074786673355493605,-0.013607651449162761,0.016571598918222463,0.006797720871050572
2004-10-08,,0.025130010082309084,0.004366819166340186,-0.0017398873462672881,0.0,0.008920665758379798,-0.010367990790882464,0.01486020037168645,0.006799730560110628
2004-10-15,,0.019148635587907137,-0.002287956546363823,-0.012551560581999688,0.0,0.005962728475098267,-0.012122077302435419,0.011815716976792512,-0.00029529012469131644
2004-10-22,,0.0033039677632711317,-0.010633780757684619,-0.019056445012975765,0.0,0.00622500898584466,-0.027713838567515747,0.008498102409577601,-0.005887564843194859
2004-10-29,,-0.004390786417490133,-0.01572956442331197,-0.024296205957690553,0.0,0.007485331688733332,-0.030866101436321625,-0.0013319612067905773,-0.010304816640096082
2004-11-05,,-0.010391124397509444,-0.021801604727496926,-0.03209772140251044,0.0,0.010349842566394152,-0.031248843938433413,-0.007281585571263349,-0.02160166848836198
2004-11-12,,-0.02074310181864547,-0.0239368770618249,-0.04404058238000985,0.0,0.012046725796331259,-0.03550176940517635,-0.01626446825318606,-0.027269028115552096
2004-11-19,,-0.02189468960701113,-0.02760609089912114,-0.04563360954104745,0.0,0.011154356492707684,-0.0334212539625941,-0.027754089017890227,-0.03192871546406861
2004-11-26,,-0.037781663107374186,-0.02723116481916321,-0.08029559328027425,0.0,0.003111805133856116,-0.03927444036157002,-0.04011085310836693,-0.045639863018297255
2004-12-03,,-0.029019282401103297,-0.02836215293222022,-0.09418185437975257,0.0,0.001514004831214777,-0.03731452427192128,-0.05129709569811558,-0.04647788819939436
2004-12-10,,-0.024005517158121492,-0.046571485882527686,-0.0919083709500379,0.0,-0.0016933295788952307,-0.03669283216622843,-0.06088783017745225,-0.05653448619531254
2004-12-17,,0.022706487784457607,-0.02547416792519197,-0.07461086379117532,0.0,0.0021318181816747384,-0.02315782878211814,-0.0388913898129033,-0.04221308071492569
2004-12-24,,0.0200929920285855,-0.043289095430165236,-0.08413639716244958,0.0,-0.0026645366150983563,-0.025504476654772124,-0.05553187172929697,-0.048274833057795785
2004-12-31,,0.01308769936852272,-0.04614660263578152,-0.09205037033286079,0.0,-0.003558722616993748,-0.026811902931147658,-0.059144639064454996,-0.053249118241843085
2005-01-07,,0.023901192083465972,-0.05343115251706099,-0.10603825204432393,0.0,-0.0010653410098502292,-0.029247410429168286,-0.06091226308434239,-0.06670665049778624
2005-01-14,,0.016358052869001938,-0.04484356060644057,-0.08673316312086143,0.0,-0.003552401604367539,-0.01749578686642006,-0.05610803830512845,-0.05242830652031394
2005-01-21,,0.00821697310228231,-0.04494887436162598,-0.09049089336837568,0.0,-0.011967634128232874,-0.019213613553572817,-0.06398130333579255,-0.05583623762395318
2005-01-28,,0.0063022540421684425,-0.03498899185006543,-0.07273406247823555,0.0,-0.013943736820983155,-0.01645666221047748,-0.06257536615609194,-0.04653426014185502
2005-02-04,,0.008786437636013389,-0.0329483899663674,-0.08109383773502898,0.0,-0.022787385934615045,-0.011518308747950456,-0.06053284922884261,-0.04549032616687665
2005-02-11,,0.0170100123234036,-0.03584532101370952,-0.07578313133654646,0.0,-0.03045280365851344,-0.010771113688664236,-0.05125414446290932,-0.04258598120719048
2005-02-18,,0.034013152590924634,-0.02867781570133454,-0.030328473656175525,0.0,-0.02836111762169846,0.0014262956670283433,-0.036710724385466076,-0.024727175399639645
2005-02-25,,0.027398974188114877,-0.026563182519891093,-0.024144098929361313,0.0,-0.02678610793193048,-0.0016477484504405226,-0.024239724789540062,-0.026134027822538375
2005-03-04,,0.023574157289468545,-0.009671805495936603,-0.03558747462174594,0.0,-0.023555982908947115,-0.002478391844607075,-0.01858357777371289,-0.028308998821580555
2005-03-11,,0.012098547897403833,-0.023049263527891384,-0.056495833063679335,0.0,-0.02424905525331411,-0.01793496496678304,-0.03354129063445033,-0.04826674096983474
2005-03-18,,0.0069649357368408715,-0.008910271424880989,-0.05829722376789892,0.0,-0.03788400466949904,-0.017577620624702417,-0.02195619647872693,-0.04991134887639248
2005-03-25,,0.01046567985330249,-0.0038861633089202208,-0.03992740671644679,0.0,-0.031691198961432576,-0.006978053656444716,-0.01135203109319427,-0.03285197515838467
2005-04-01,,0.011739729280522582,0.007451172205293677,-0.017587165569318053,0.0,-0.037835991030334526,0.0068070041990743735,0.0037253559688048554,-0.007446758646196816
2005-04-08,,0.023517919822197086,-0.0018271102490703406,-0.03939240171066061,0.0,-0.024314570178406214,0.005202516195769391,-0.0007663814399885283,-0.023611989455504023
2005-04-15,,0.03589991731482556,0.0018281540740625601,-0.023248943643582543,0.0,-0.019139774255524156,0.012779629661602898,0.026702239644591952,-0.010380716054561034
2005-04-22,,0.04094217304012737,0.002166106986151828,-0.02038905581917927,0.0,-0.01670033367801249,0.011816841889455532,0.02825371701162105,-0.006760500554022553
2005-04-29,,0.056337957073017364,0.00022862368640952369,-0.02521765274358323,0.0,-0.017022466489061472,0.007309306182981201,0.025035006689321015,-0.009320026392112268
2005-05-06,,0.03947179069571405,0.003333144859353876,-0.02877182592508465,0.0,-0.009282728298799281,-3.0591798341195187e-05,0.02944603617210184,-0.010816074905001027
2005-05-13,,0.02319176314398419,-0.009169118680129706,-0.03187677668622335,0.0,-0.013423020332140378,-0.005077156152220874,0.02398934872023517,-0.0192359480214761
2005-05-20,,0.023505355673652417,-0.008936814749379796,-0.019245597715233487,0.0,-0.008721652714997141,0.012141597023337891,0.027465636059828658,-0.0068411689930121256
2005-05-27,,0.01922930738807338,-0.003780289741579068,0.0011903582399517276,0.0,-0.003109853416417785,0.018244415893793997,0.041337688022225816,0.004704987315025555
2005-06-03,,0.01459105339776734,-0.0036642660946886174,-0.00418160704902526,0.0,-0.0110609473594252,0.02128484964638533,0.05101334373516231,0.01340362777177262
2005-06-10,,0.02269825608671816,0.0,0.007773609008180138,0.0,0.006628637786120439,0.028266128178968675,0.06177615617111787,0.020821524746338138
2005-06-17,,0.024783762577738955,0.00011451474389856386,0.001786778319323723,0.0,0.015427755903096418,0.025531237295086162,0.054408571792784244,0.005124931140255029
2005-06-24,,0.01995864570666761,-0.004234627214938502,-0.005802905865713193,0.0,0.023161425621542442,0.016174160679064964,0.0524530268180019,-0.0038560254283326323
2005-07-01,,0.01883886169640725,-0.0027469400356365803,0.005569777411967181,0.0,0.01492902642219196,0.009727177480004734,0.049337639409852585,-0.0019132658897622612
2005-07-08,,0.02853630726493428,-0.00515022597631587,0.01736629010081181,0.0,0.023085260005027752,0.020243727167513215,0.04066602713221679,0.001721836945708155
2005-07-15,,0.02792322059592678,-0.006397828289367524,0.0323309221194652,0.0,0.02610689799864563,0.02693364260648079,0.059459782035661046,0.011341031180089
2005-07-22,,0.009771227138845262,-0.0048121082776488855,0.037765550684467186,0.0,0.0309003138012498,0.024163295637464888,0.05821866894961003,0.013759841345847512
2005-07-29,,0.023773729479108496,-0.0027576715166612864,0.025342971230853273,-0.005277057100843807,0.03135907948673333,0.012283523252670236,0.04763099574288976,0.012080897208007535
2005-08-05,,0.0326113037656075,0.0014957144823783963,0.02585500246785344,-0.013111902304786094,0.038583281660032664,0.012238497549557137,0.053313055805340515,0.024575156685140875
2005-08-12,,0.028625425761537926,0.0013801037268184047,0.012379459902034817,-0.01284530672869355,0.030511764886393067,-0.0018723204116741776,0.039560700528454174,0.01772198279941195
2005-08-19,,0.0367719036353904,0.0018346525040633388,0.006226239415098256,-0.013031916169006896,0.019504405664997115,-0.006609648763200582,0.021269504666005634,0.019071691487337006
2005-08-26,,0.0505819537439578,0.0009173260590520371,0.02531780798428951,-0.008854878448727677,0.029525781813944718,0.006576501533572476,0.02045010959488236,0.026512979633670053
2005-09-02,,0.08500867702991144,0.0032077012267697214,0.01970918736338856,-0.009173527379966906,0.026173103703887257,0.0038667374287814082,0.006972931794392068,0.027852583019551513
2005-09-09,,0.06551460711062695,0.004683849312426158,0.01710956191419566,-0.010449139448019285,0.016174312526612944,0.0034369943725168772,0.0097812248214586,0.039159271108470506
2005-09-16,,0.059553417221065885,0.006516170527250953,0.018535692970233164,-0.00792606527242068,0.011026063030043609,0.0022424550815139943,-0.002924334970569653,0.04345589941761929
2005-09-23,,0.05054132692008473,0.0058282548844381665,0.015049509790768134,-0.00805870006272058,0.008851593400909685,0.004976988026088702,-0.001801714550498712,0.05132521216735242
2005-09-30,,0.046473513739933026,0.007567393595646621,0.0003868097911103874,-0.008324022430952427,0.006333934374322503,-0.0037905754934720592,-0.007271877881566802,0.04793375350015294
2005-10-07,,0.04828009019764856,0.008729693415399087,-0.009350320961586611,-0.008191352447341593,-0.0008920607192814956,-0.00622191465357802,-0.02477279159747159,0.03504990500622451
2005-10-14,,0.028256168450393915,0.019223705223868848,0.0005977401743662014,-0.00805870006272058,-0.0008057657448352629,-0.001986510178135781,-0.022598464831471432,0.04059968845398476
2005-10-21,,0.032658014077290076,0.031486179680543014,0.02682060363811356,-0.0016415582600195489,-0.0007161400359771974,0.02039971438200805,-0.01264454536926607,0.05606935699596649
2005-10-28,,0.025483576737260094,0.03557486539882637,0.030414394011042845,0.006246282518804547,-0.012546091619323185,0.02038514934977942,-0.016968047386731744,0.05396005647957702
2005-11-04,,0.028327640233108298,0.035562815153587835,0.025556460606849463,0.006165149340742637,-0.017685203328657195,0.022978526526178933,-0.010618272706340637,0.053142274058455286
2005-11-11,,0.03211515334429471,0.04173348184200565,0.029893530278142677,0.006828504208032493,-0.016942647630894925,0.028272649619294876,0.0014671722891055339,0.053671416792517856
2005-11-18,,0.0005006257926840618,0.046084911874021195,0.012278396628703447,0.003233846851524058,-0.029341958284015313,0.019767413548729018,-0.002791772159796313,0.039280434255750674
2005-11-25,,-0.032646017247881076,0.04599218147176831,0.008432733891067912,0.0037641863977213585,-0.02424799883286477,0.017702726234569588,0.004621754760633756,0.03929808558552228
2005-12-02,,-0.019456345795125785,0.0432171179940708,0.016543686266553337,0.005172082347175477,-0.0357504956742738,0.010506418244979221,0.003400950684855353,0.030706488736136794
2005-12-09,,-0.010837544497007912,0.05113147637320603,0.01016711735544451,0.0023844229074325707,-0.0342797438294733,0.008505374535613064,0.00995637170746555,0.025057914844770046
2005-12-16,,-0.046919071989291794,0.051412931715678845,0.005813969865419821,0.00013263479029990144,-0.05001042057466121,0.00020807633504027478,0.005831628724516591,0.01668835242024791
2005-12-23,,-0.036295308824175976,0.03235919155941458,-0.017113603596424554,0.0003979571585317476,-0.051082696640168734,-0.01100862860669205,-0.0041443257756852425,-0.0009030705008683526
2005-12-30,,-0.0431936092412748,0.02574094176477182,-0.02691181015194921,0.002782011465096046,-0.051363754137447426,-0.014690152583405891,-0.0037816452508483422,-0.0003012501905601539
2006-01-06,,-0.024680174856776205,0.014984066549899033,-0.028398086320437166,0.0026493590804750333,-0.05042158826221543,-0.013084578013676018,0.003298115736214857,-0.012462728232119247
2006-01-13,,-0.06062462181643369,-0.005814619983123492,-0.06304287255886898,-0.005660166845996573,-0.061302069823017113,-0.029750684213400658,-0.02352175787033106,-0.04413266744043698
2006-01-20,,-0.07055692697428562,-0.018476534794293897,-0.07066827586739599,-0.009049835519917782,-0.05638953178303874,-0.039566526251241296,-0.033686610751998636,-0.05255149532642989
2006-01-27,,-0.06171623985855845,-0.018583317717637104,-0.06010307502876078,-0.007899292375206146,-0.03718727902391894,-0.03931288329943622,-0.040694190826554344,-0.049072773998697805
2006-02-03,,-0.07802827709655169,-0.030297235457942495,-0.07266734626142934,-0.006908490343811691,-0.04332268198729805,-0.044420988132080286,-0.048820708313358274,-0.05148083541269921
2006-02-10,,-0.073184397855794,-0.03299050331296005,-0.06880757382631852,-0.008557964312907895,-0.047908281292456945,-0.040575035356509415,-0.03942007664951319,-0.041145526496746854
2006-02-17,,-0.09338039370851625,-0.03507181359171119,-0.0715608518573081,-0.014793366335273728,-0.05865180035731532,-0.04527373699958048,-0.0505208199732623,-0.04177716959458255
2006-02-24,,-0.0837384949502038,-0.029891663396921064,-0.0662116851668264,-0.01591969943679694,-0.04400256681258874,-0.035948931536636086,-0.047426961340977236,-0.03332127143026442
2006-03-03,,-0.08417870496669089,-0.038675194832418214,-0.0708525682725396,-0.01721534475762798,-0.040095715285854094,-0.03888791888042975,-0.04978739919156183,-0.031191022079248842
2006-03-10,,-0.053034696656085956,-0.04132271516243646,-0.06177262351346435,-0.017256799050642924,-0.042925865597945645,-0.03702725192089995,-0.060162887124008524,-0.035512077554226806
2006-03-17,,-0.06592344594809774,-0.018920987388951094,-0.03579408522197003,-0.014158110144804281,-0.04273460073571922,-0.022970682134610065,-0.04514711959135553,-0.020845182313066868
2006-03-24,,-0.07422506131725193,-0.016073568512323444,-0.04378057656000056,-0.020043428875519798,-0.04172666892856469,-0.029270976704450224,-0.04896739815848594,-0.024090202933599425
2006-03-31,,-0.0708887448855009,-0.008806700918497334,-0.027646897828902617,-0.02220529973507679,-0.034889488528081714,-0.025737330598392893,-0.05116493292148672,-0.004973844225612645
2006-04-07,,-0.04952572874838701,0.0007286791611904597,-0.011513495484474667,-0.018667495652713084,-0.02672743398283073,-0.013110210649552256,-0.026915424436556368,0.01349171430364704
2006-04-14,,-0.039733117622411385,0.00989661698692057,-0.03246871143683272,-0.019439057032222262,-0.024924010413163167,-0.013907570332411467,-0.03617100667147044,0.011197628665591264
2006-04-21,,-0.04503066171382741,0.02102045196924962,-0.022982410003211662,-0.01968514421093892,-0.028656903707734216,-0.011184693003844115,-0.02680986836980459,0.015191735353920155
2006-04-28,,-0.05261487428943745,0.0222991785365223,-0.027099104843223643,-0.024753939627481625,-0.01586953236968114,-0.01741495842880253,-0.029950155269420797,0.008404718735635974
2006-05-05,,-0.051661811676599,0.017181859555158496,-0.02977498618403729,-0.032967782515590294,-0.0012541606004532468,-0.033973213297962546,-0.052165432946414736,-0.00875005582746402
2006-05-12,,-0.04629735211221231,0.016605340597425577,-0.03213339411694083,-0.03219923463369523,-0.00038853813019157357,-0.03412745373378262,-0.03904204372952558,-0.02084878400775736
2006-05-19,,-0.05274605845499636,0.013105820328131124,-0.041313064528949006,-0.03830185472984193,-0.00048278859625527915,-0.04161930284971488,-0.037569185114808334,-0.02985763019126697
2006-05-26,,-0.010289828131019974,0.025224961000272828,-0.01931670607822511,-0.02687563707979379,0.010983349035202483,-0.023960144849293485,-0.031212231895363818,-0.017845147302261388
2006-06-02,,0.007055660206688685,0.03469837644647056,-0.025502292810935856,-0.017147943322053605,0.03153804313038622,-0.02447827494299365,-0.014644206495582957,-0.009936427041283391
2006-06-09,,0.0016211838189992278,0.031248221973591228,-0.03632989051348545,-0.020246632227892247,0.03144036303262876,-0.03495210320590242,-0.027280424455830676,-0.01690093721470376
2006-06-16,,0.028019074309858283,0.03374400579011638,-0.017644463979708647,-0.010174407785385808,0.04050457711958977,-0.014696531291798043,-0.016826697814036784,0.001079663866735192
2006-06-23,,0.022302537477942863,0.026190789270634784,-0.02529167068505611,-0.014853444709601371,0.03517204091988413,-0.016832742922698485,-0.012918407273804,-0.006290776403624854
2006-06-30,,0.037372342698105854,0.033120536652825106,-0.013085760995640072,-0.00016291951811875371,0.04231510966196028,-0.012720799791849202,-0.011649109210560393,0.009047060097394422
2006-07-07,,0.028463881109404454,0.029984609652681904,-0.006305853790733451,0.0017705145925706045,0.0397924125452489,-0.015588315712718515,0.0,-0.001083172252905218
2006-07-14,,0.0,0.01722194706719682,-0.01491467621956133,-0.006420348534706299,0.017540927767826453,-0.02129076213847031,-0.0049347075169130505,-0.0057085706208330755
2006-07-21,,0.03375147476098128,0.026936367819700546,0.008154720975961816,0.0033288797146249216,0.0153923192849863,-0.004991455841991788,0.0049447933290633905,0.014616769195991974
2006-07-28,,0.033183025002555766,0.039869710970409145,0.007658825235900224,0.014786687815999011,0.0063510606089001165,0.00015807027837477783,0.011917513930219226,0.027398974188114433
2006-08-04,,0.0348124022453149,0.03820591282555208,0.023804350651464468,0.01663840377059178,0.00271660203937385,0.005110067774792004,0.0037091047954338485,0.04066357867833936
2006-08-11,,0.03253231367079579,0.03232781242491134,0.026864928781563435,0.02618672236714792,-0.005131940578153138,0.0034398224827653645,-0.0026437556707299414,0.039971108976515346
2006-08-18,,-0.01425462733171301,0.0208499245802245,0.015171622423056697,0.016320735302075118,-0.02627298305861725,-0.005058179727352563,-0.02305959584330708,0.02229539634106814
2006-08-25,,-0.02187074599182992,0.012452112602560295,0.011009285508369437,0.007657633481476189,-0.03310222372108118,-0.0055466775063858775,-0.0199096826347529,0.01824416713099053
2006-09-01,,-0.013590858828116836,0.014326505341866191,0.01781084274624778,0.010242493093616911,-0.028027556833893463,0.004345419572661879,-0.010030439117560075,0.02836632307305509
2006-09-08,,-0.03514825174915437,0.01286295635993806,0.0073031101849760915,0.0,-0.046891863611597806,-0.012626031813238014,-0.02057305844925894,0.014690394254821104
2006-09-15,,-0.02328835277219632,0.007281453678819272,0.0,0.00533991821357116,-0.05020844037728889,-0.01288466002893196,-0.027336854445790593,0.013150036587345593
2006-09-22,,-0.03132005462236798,-0.0009761918449715523,-0.0024747189415474935,-0.0031277648399510305,-0.060372731908565846,-0.008581854847939718,-0.03174449860142081,0.005632102565654495
2006-09-29,,-0.006497045052281436,-0.0027187227881961817,-0.0026392203231910827,0.00027210884521622347,-0.05397844494738502,0.0017686263019143222,-0.019322994009870698,0.019319828144908513
2006-10-06,,0.023582118306343602,0.0,0.0015860431556342647,0.010768181470809823,-0.042148468624445545,0.006516948088526708,-0.008146010143609494,0.02385069485602731
2006-10-13,,0.002716654754191694,-0.016523911130161384,-0.003937529696854902,0.004484617151240933,-0.04610641780515756,0.0003775840956095622,-0.012374839451635644,0.01274869292777625
2006-10-20,,0.009825406554416105,-0.028833560431343663,0.00550965581096996,0.0003532944746162947,-0.042321919805212715,0.003250701131450151,-0.013517300966523482,0.011990733328400172
2006-10-27,,0.0060323736534417804,-0.02978481042914405,0.0010449321744934181,0.0025876759417233774,-0.029897004954169137,-0.003297925931865675,-0.014919685302301922,0.009234794264370016
2006-11-03,,0.0038556919151986335,-0.03299403496787434,-0.017829523171963402,-0.00655113575397781,-0.03537219190361984,-0.008846365076476903,-0.02846211725522929,0.01422972844815229
2006-11-10,,0.006604316795248977,-0.03633182177829353,-0.02577055577156262,-0.007921374389854519,-0.03129897953847571,-0.009201688741824698,-0.015129290334885859,0.007930497565219241
2006-11-17,,0.007709289283367227,-0.03883770246948659,-0.02427559840584692,-0.008344210920049555,-0.023961542444763673,-0.011186513994295044,-0.02562859449865673,0.0041281306235423365
2006-11-24,,0.001094092012857928,-0.0358469153773151,-0.02577055577156262,-0.007227139931704096,-0.02803460668411395,-0.014665824298578212,-0.031119908713804545,0.0010634258503117167
2006-12-01,,0.005214777839166018,-0.04021358049364965,-0.03447523401482844,-0.008627235981214287,-0.0195108717537118,-0.015203455101259311,-0.0272842424474522,-0.004872858736000296
2006-12-08,,0.004373981823114548,-0.03268876313994351,-0.027881172090310713,-0.019024560547944658,-0.019295774878373972,-0.021850364842550762,-0.04406432360432344,-0.016850888922366192
2006-12-15,,-0.004949144003580486,-0.029514310556327583,-0.04108339825981666,-0.0340800400673642,-0.01101332717798309,-0.026131690186368628,-0.046206486866060104,-0.016837991566255983
2006-12-22,,-0.012022002714955349,-0.026930222525669567,-0.024613334549026256,-0.03460073919199402,-0.020245229446750557,-0.027058066239160017,-0.060173701179175865,-0.011147706495005405
2006-12-29,,-0.017496345719775874,-0.030476025372214277,-0.019200589856616546,-0.041946768200439966,-0.018506009374759103,-0.028530415625705574,-0.03367685885046168,-0.016144121572521097
2007-01-05,,-0.0269469150510826,-0.02981642612854074,-0.022233775830837743,-0.044501070412023225,-0.019482774425771954,-0.03570721486783868,-0.037863264947073816,-0.016727883975665492
2007-01-12,,-0.02085695802976062,-0.02404122465759384,-0.021955649823104828,-0.046808594824383265,-0.021238662404360564,-0.03230890162914357,-0.04656449071773494,-0.01504930735982013
2007-01-19,,-0.001094092012857928,-0.018935740655141586,-0.01738258146942151,-0.044785679230812336,-0.022411598233122998,-0.019824861765007085,-0.03565707983863531,-0.012739025777429802
2007-01-26,,-0.002201431819171873,-0.01702740813960002,-0.009035405609600033,-0.04191803518347892,-0.016222600522644903,-0.013174229933299919,-0.04015264665561302,-0.01362006526816506
2007-02-02,,0.0010964913379289953,-0.012334760559659763,0.00266028355881609,-0.04086198800703533,-0.012147127798715296,-0.016512775629444365,-0.09517407908958608,0.0009110234459432931
2007-02-09,,-0.006604316795248977,-0.013742050000825845,0.0024009615375382154,-0.039306431112674955,-0.023523339547102395,-0.012972280577210227,-0.04599315037337126,0.004415018209116717
2007-02-16,,-0.01099516299557024,-0.019551184558713075,-0.004271229130945464,-0.044581161190928364,-0.0336979000986628,-0.01491671540661943,-0.08388148398070205,0.0018203888522170253
2007-02-23,,-0.009627360840042343,-0.01384767413611332,0.007343318180550895,-0.040128840958994605,-0.03363121677067982,-0.012135519969177,-0.08916723508941882,0.006694076419538675
2007-03-02,,-0.008767179443534445,-0.009668428322456624,0.009415862418266308,-0.02794423996067441,-0.02804974559958051,-0.004460586620067264,-0.06803576188466565,0.021851278158016907
2007-03-09,,0.012599454540044519,-0.008305322712258256,0.03162954633609072,-0.011594579296047902,-0.0186978315860844,-0.009867697673955345,-0.053480951686736944,0.013645286459698092
2007-03-16,,0.008757581970547434,-0.010910630701664203,0.024084653595660477,-0.013154727160304969,-0.017361547195901217,-0.010035599523289418,-0.07146947696304817,0.014028897357642567
2007-03-23,,0.01641174691497227,-0.009915574197405075,0.015707968430400676,-0.007948941783701091,-0.008358866202736959,-0.010141777100351745,-0.0997215462082024,0.015388434995336375
2007-03-30,,0.014938037108866098,-0.014789803146305847,0.008302358945553756,-0.01990186669713867,-0.01799997171094203,-0.010323052887556194,-0.11726449792114524,0.013101954636683288
2007-04-06,,0.01267583795159588,-0.025095419852545486,0.007035901313497739,-0.015466370479930713,-0.01420653911759917,-0.011949529168729767,-0.10049553232401687,0.013388302825426024
2007-04-13,,-0.003838776307166114,-0.03408381158269025,-0.008537938738035322,-0.018955191307924446,-0.022090080727767525,-0.019036356887018324,-0.10150456887357873,0.010022862948652289
2007-04-20,,0.002751033371890088,-0.039288504401457036,-0.008848428826953914,-0.0171673091052007,-0.02180401542916499,-0.014338805919525632,-0.08333230109786172,0.0077407990680153915
2007-04-27,,-0.0043931976204198975,-0.05687306453396612,-0.014989574019524277,-0.02317754890946855,-0.03271174595797488,-0.016988471015078443,-0.028085337425991064,0.006504825901310962
2007-05-04,,0.00220628881553786,-0.0703548056436718,-0.009369630853631072,-0.02280280868738549,-0.026826312363451343,-0.011823991806633627,-0.05665361827143034,0.011328570667093807
2007-05-11,,-0.012795723958850758,-0.07661615564830448,-0.009542441873554353,-0.021317711839291542,-0.020397129925254553,-0.011508512402917614,-0.025623104887897874,0.008451604789895484
2007-05-18,,-0.024623516027897807,-0.06777088694553912,-0.00938974034983886,-0.023905520853554574,-0.02111755734911558,-0.009215748283130432,-0.015843409484725957,0.009507352983555428
2007-05-25,,-0.032441323658613186,-0.08360757210801584,-0.006410278360919008,-0.02706984558887693,-0.033894391660072465,-0.0035304537993824936,-0.021148824492976726,0.008128902206142374
2007-06-01,,-0.0490896101965248,-0.08917553588963223,-0.017030746914938,-0.03351718374728785,-0.05394755803666129,0.0008178621540373965,-0.030910866573987228,0.013461596310071489
2007-06-08,,-0.04229901575111228,-0.086661866814298,-0.018143507305751427,-0.02995241869551246,-0.05331775687336915,0.003236724909034594,0.0015232295405218643,-0.0003028926268804355
2007-06-15,,-0.01862047227452912,-0.07254999372861004,-0.010551656651460739,-0.012331673334304183,-0.046729641356248575,0.009882180123198692,-0.010695289116747997,-0.0012102875910029454
2007-06-22,,-0.01717018089280664,-0.06989380934223188,-0.008948006229362093,0.00092509618924419,-0.041535793583689085,0.014877091074986803,0.01236491797094974,0.004681020250034251
2007-06-29,,-0.01267583795159588,-0.059859637836575,-0.014822220689130639,-0.0008968480733062556,-0.04582411623089744,0.013315427459076545,-0.0026309695591066884,-0.010787918950933673
2007-07-06,,-0.009384556867523486,-0.05439045882036364,-0.009152150020164562,0.0015933949920086121,-0.035915462386095776,0.00985780006577125,-0.01958713327530459,-0.008497774960510629
2007-07-13,,-0.007168489478612372,-0.05333632249331721,-0.007841056801882296,0.001741655012098775,-0.038009578924340204,0.002173842297379769,-0.03289255023589144,-0.007283795480200084
2007-07-20,,-0.008844723220216011,-0.03549661597098419,-0.01207367308572671,0.007630956817922696,-0.039056567939113496,0.002840535666047861,-0.05865389369177221,-0.010915814876996333
2007-07-27,,-0.00220628881553786,-0.018917159132205263,-0.015531503342632647,-0.0031621505531636007,-0.05580172543783002,-0.0037631258510125165,-0.09440218942717227,-0.015285957871351119
2007-08-03,,0.03466646995068068,-0.004912204400402409,-0.0035444239544748513,0.011481849850717207,-0.03330776312345307,-0.0016832520435561271,-0.08937363751980243,-0.014990060380621895
2007-08-10,,0.05296328727485289,-0.020715332900341554,-0.00486355997873833,0.01484527335778174,-0.032591640437925395,0.0005599565356543268,-0.09335012478150295,-0.011480488631685049
2007-08-17,,0.06172758153653213,0.0009820771719839527,-0.003113093598922312,0.022047953981654267,-0.01449614306951652,-0.0015403021381490967,-0.04368869500233119,-0.01237004761213889
2007-08-24,,0.08175650415127222,0.009076475901409697,0.01094365653050744,0.03505573325586697,0.014295938639857564,0.0004577108001575514,0.01896150855873513,-0.01300487102238801
2007-08-31,,0.06599425467590692,0.012136220057821223,0.013903967304446319,0.025060474909320396,0.014026988726889567,-0.006155477493553441,0.0045558165358605685,-0.0009092287336489591
2007-09-07,,0.0369005511912146,-0.00268227422459022,0.004490065272864996,0.010334525737533129,-0.0025775978184965354,-0.010439529776168965,-0.00461894585629441,-0.0006056935375968742
2007-09-14,,0.048524100578664076,0.00012290296826122926,0.009534594701055,0.01257697621222209,0.007115165851712124,-0.011095995314416351,-0.0015372793188861422,-0.004302705260465167
2007-09-21,,0.038623239595048986,-0.007385557943387688,0.0026917916657112073,0.007927969452190542,0.005952076443334953,-0.017837708186021484,-0.008247148588076403,0.010939033420431787
2007-09-28,,0.017592537285352705,-0.020102426531234396,-0.0037930145718725328,-0.0027538244810905166,-0.01966631720999601,-0.01605202646593762,-0.0015710922320413268,0.0033470288358588007
2007-10-05,,0.012101357798636414,-0.014482150737692656,-0.00708256842438626,-0.011375359645680483,-0.023274735995446605,-0.0241761966371018,0.015798116876591273,-0.0070304431408394485
2007-10-12,,0.005537112707457936,-0.02353933652504514,0.0009003724876013308,-0.012554909437700434,-0.02391875737205007,-0.02789291924745768,0.03149866705937088,-0.007497548701272283
2007-10-19,,0.0033076105127580746,-0.023716526617315825,0.003082086801624584,-0.011799546931154925,-0.018444067605703385,-0.03250323933705601,0.04728360241280205,-0.0053521039143547
2007-10-26,,-0.017458162990953596,-0.027330583623249805,-0.007072165261362784,-0.028881286142678597,-0.03309942316784564,-0.032975924548492686,0.05141014899551122,-0.005813969865419821
2007-11-02,,-0.01953399062565886,-0.023813633140275403,-0.015889383954402092,-0.03274648368702193,-0.03584773319391621,-0.0436483087235876,0.05884527066250955,-0.014076119805149556
2007-11-09,,-0.023797769896082954,-0.03369002338298355,-0.023497219412195847,-0.03841551382295383,-0.0482182453663107,-0.05055130738141994,0.012678458259771208,-0.015757994546986787
2007-11-16,,-0.03812542279186637,-0.045717965132461735,-0.03391070562217724,-0.055761023468761106,-0.09146486107651253,-0.06011607297712834,-0.05402548243019201,-0.017968693542816716
2007-11-23,,-0.0074786673355493605,-0.04256491213733371,-0.02609428486181553,-0.03160994368342207,-0.07126849912828659,-0.0464856094004798,-0.04652001563489305,-0.019596462982491847
2007-11-30,,-0.002133334142421006,-0.03137463617259151,-0.007279766652900754,-0.041101675685551786,-0.07872622866124734,-0.056045951935968175,-0.03741986651559559,-0.020505691716140806
2007-12-07,,-0.0074786673355493605,-0.026273066946276735,-0.014660735698152294,-0.04255341123346046,-0.08915236001970106,-0.05175629415050087,-0.05535009508316513,-0.025048224644071304
2007-12-14,,-0.010190487756831956,-0.02730288567679473,-0.011082692162417196,-0.04652138301695108,-0.10658410957735764,-0.04770228923718661,-0.05376344796961252,-0.023854342097114234
2007-12-21,,0.02103070230969628,-0.011979211405443557,0.008379559776662049,-0.03937166794260882,-0.08854726743023678,-0.03719989619920444,-0.05328136661293659,-0.014996455489642457
2007-12-28,,0.0317486983145816,-0.0064341356136767835,0.028299961642626492,-0.018055840528537148,-0.081422829510029,-0.020121540217114486,-0.05426751997727708,-0.003841725815998398
2008-01-04,,0.036860541530051805,-0.0008872552708298898,0.023928712296772403,-0.02529144030202657,-0.07093195912108818,-0.01876060637300231,-0.0537860113628037,-0.0021525223563312323
2008-01-11,,0.039390039657517306,-0.0013978018668314718,0.022245282149880197,-0.025850552774088653,-0.07114371540603415,-0.02120025538543846,-0.05647714815265514,-0.004456403840777501
2008-01-18,,0.03886079910533802,-0.005327933445898214,0.025016130120720348,-0.03081349354449725,-0.0848065305637955,-0.02279025470518059,-0.06654921021119531,-0.003535473669589173
2008-01-25,,0.03552580264186567,-0.002794362290805097,0.03918049168114912,-0.026010841873050028,-0.078622454629802,-0.012077734065502777,-0.02099981719374666,-0.0035502082515428413
2008-02-01,,0.021121825029281283,-0.0012698414404757052,0.03981323052290975,-0.03149220968111699,-0.07230636779956434,-0.01905084868370338,-0.012678458259771208,-0.004636793469801059
2008-02-08,,0.014130669907352456,0.007131971137271265,0.03687948265288732,-0.02777532434874197,-0.05406072432546383,-0.017720032225967797,-0.013573062665794833,-0.006841886431612654
2008-02-15,,-0.006455105792555926,0.006337156822734613,0.026359783336759257,-0.043866682105581756,-0.06734227923952174,-0.024731319687322506,-0.0015885626851375179,-0.009944146580392221
2008-02-22,,-0.021587454604382827,-0.00025198437830153964,0.015300844955300263,-0.0421806018777402,-0.053285418496729964,-0.020924271677632056,0.012418564310178404,-0.02061928720273576
2008-02-29,,-0.0167616792615064,0.010417414573301809,0.027216194250994086,-0.043045197467892704,-0.04565357344365051,-0.028215312524036584,0.012924250980935525,-0.028800479849970362
2008-03-07,,-0.025663434089413073,0.0187415082392004,0.01916819577084361,-0.03982976688799833,-0.03046786974146176,-0.03348523193611286,0.0008240626753934777,-0.04365019313942842
2008-03-14,,-0.028689383070759078,0.026167377227727773,0.029702528273842788,-0.04460960330985597,-0.009691172153176275,-0.04518251259433531,0.04475455038377518,-0.05579894219306647
2008-03-21,,-0.020062194879235662,0.023144837477982794,0.0551100777287985,-0.057000298573590236,0.004328490586446243,-0.05122632381928022,0.04037840781660984,-0.04922905954613155
2008-03-28,,-0.019887782598212667,0.0262810770896742,0.07274907717902046,-0.0423172608368354,0.002883231214084514,-0.042570132075311906,0.04360942488886854,-0.055051064927061244
2008-04-04,,-0.024097551579060905,0.03829591755770467,0.054776275189479584,-0.02684932151247743,0.0175178143207102,-0.03714860127085812,0.05393463923494757,-0.06555551738837728
2008-04-11,,-0.024273166425164305,0.017275506867016066,0.03966910187900652,-0.020612895649811946,0.026085798191763043,-0.03602231283366869,0.07113746286142852,-0.06291782511459143
2008-04-18,,-0.03115182081875112,0.014897384462048802,0.03228606383112531,-0.03476306709750232,0.022500189085171485,-0.05658103597924802,0.015474505165475438,-0.06417778006844221
2008-04-25,,-0.014575156802967726,0.011747750845995775,0.0538946255697077,-0.031114944065645522,0.0326510261895776,-0.04538878243673439,0.00238948739738154,-0.059357028960037805
2008-05-02,,-0.003243246086119811,0.018358367974937284,0.05288802023041672,-0.022694455485743115,0.036839256012224375,-0.037584064288224195,0.019108861698046375,-0.053521263295477794
2008-05-09,,-0.0048688221688202304,0.02704720243312453,0.06902472656757386,-0.02172809199910275,0.041702837233612566,-0.039089527965452564,0.009021189611983615,-0.048961946568405246
2008-05-16,,0.008690983547419151,0.04713268531917869,0.10125177417534292,-0.009261490962580998,0.044462433335073825,-0.030568024234123636,0.003947893007584913,-0.029145377612274537
2008-05-23,,0.010846093309391236,0.05914725067985893,0.08861139486541347,0.006352178768766814,0.049170575896552826,-0.025965195887981796,0.036020759890571075,-0.020486239478320734
2008-05-30,,0.030503454293414833,0.061847989012089766,0.10677810141666111,0.005961409062329448,0.06561299627485973,-0.025659206830254577,0.054812629675899505,-0.014819911329642999
2008-06-06,,0.022802290873981335,0.044236819744797984,0.07255762768546781,0.022939290946253132,0.06137619209678835,-0.01603933204600022,0.029838970775524665,-0.008842369713984333
2008-06-13,,0.008876991715512261,0.06046456477758522,0.036108928691778175,0.03036434132497745,0.0624367338453089,-0.012677303584360367,0.051148655828725076,-0.016141216179385243
2008-06-20,,0.010799241021759443,0.058529892783287796,0.03071913903753032,0.02942755322381574,0.0649058361067878,-0.004735148281049095,0.05986283166687745,-0.009313031938417371
2008-06-27,,0.0032467560988695965,0.04825969264943364,0.04076147831702315,0.01890064010214898,0.060413257458723724,-0.010997925856236435,0.06005353828697135,-0.0004934616433711625
2008-07-04,,-0.0009224842610926487,0.06754998412794055,0.06603744835911307,0.021869966839862975,0.06883317809791833,-0.013267434735530326,0.05692774617883867,-0.0036142638325364906
2008-07-11,,0.004897968975546618,0.07830609363361907,0.06928320426158407,0.03598799452060719,0.09021330087791357,0.004411447489472364,0.059012357074470057,0.002470153582061929
2008-07-18,,-0.004359679929809346,0.0743949728193809,0.0015022536625899363,0.03148509737503269,0.08109464127004751,-0.00213635942611079,0.06803776157671315,-0.0004932993604924718
2008-07-25,,-0.010887423821232645,0.059025595561235544,0.017913600381195494,0.02624740585184404,0.05260712456931671,-0.006440594186354398,0.04969106513126542,-0.0006257101190461078
2008-08-01,,-0.010685959278994517,0.03824119540460735,-0.0022819734081611642,0.02651020678155569,0.04320376216233468,-0.001321101109575229,0.05240737342917123,-0.0024628532274948434
2008-08-08,,-0.016358052869001938,0.017161665386218328,-0.029107075454471776,0.02215255950557271,0.03862461756164004,0.001933566206836601,0.05511184157120885,-0.0016262810544791506
2008-08-15,,-0.005950788455976408,-0.0066123750198214815,-0.009488380233205973,0.0194846117107359,0.04182792491516363,0.02422176444532792,0.041772228048949867,0.018888284520205634
2008-08-22,,-0.010245438770908777,0.00967542664743215,-0.01574835696813981,0.041450395136981344,0.04708349532108835,0.04280654977590226,0.05410826189639728,0.021425912957079962
2008-08-29,,-0.018965618587493793,0.025563107761055637,0.021968340864446212,0.031285771063044754,0.04093646993678446,0.03437928661030626,0.044552138310771205,0.02437163682128629
2008-09-05,,-0.020563495150858202,0.021991560381694253,0.046356814060738216,0.040281971433418384,0.03249163124360255,0.03692394984442099,0.03265244553065649,0.028517810714960845
2008-09-12,,0.007490671729158294,0.03867617105378063,0.06542348358442496,0.0545009039659059,0.04849568038398999,0.03963868599113235,0.040273899137940106,0.03824480906183059
2008-09-19,,0.02454765736151643,0.06107041507862254,-0.025746181197027873,0.05798509612145675,0.05323616340456505,0.044965873985164384,0.03807323963117115,0.04974553585816466
2008-09-26,,0.014551590640310863,0.06074833740819363,0.07362881546031819,0.05814864938252362,0.04010177994571018,0.047681805388305465,0.017574781119082505,0.0574052563145635
2008-10-03,,0.01722324598311431,0.07315568970933262,0.10712801796907456,0.049991759158072746,0.023351590530747313,0.045462374076757406,0.011277757162942326,0.055347564715591435
2008-10-10,,0.043810424765741374,0.09310337601442731,0.20246588529129284,0.06737758663475701,0.03291368045764553,0.066127413047265,0.015560212179717148,0.056747145070014327
2008-10-17,,0.05225069034387708,0.12731644205924253,0.3054257742788158,0.07878695245908851,0.0771993140349676,0.08981046381441471,0.030739822468539124,0.06547282561178935
2008-10-24,,0.07678237689448864,0.14219302648373633,0.2517833744020743,0.08210039456695162,0.08295189537045244,0.08280711962733817,0.0235670050859369,0.0693763805999934
2008-10-31,,0.0998478225349988,0.16487936963540362,0.3402974066623292,0.09298146797923379,0.09935721281192933,0.09206776071636258,0.03264787630290833,0.08528734395530879
2008-11-07,,0.16793019811331078,0.15690552578560268,0.2613647641344077,0.07223894024650845,0.095718218165592,0.055582363143461544,0.036738825645757256,0.05597606010736467
2008-11-14,,0.16684559930850718,0.0982587918816975,0.25712949583212996,0.058840500022933506,0.07628517861769701,0.052393179574543036,0.03178609511845032,0.051943476421283385
2008-11-21,,0.2469284563376526,0.11864061924333891,0.2996395843043169,0.07251536833795669,0.08021175509173961,0.07465184430911165,0.029288641880430344,0.06222847139840937
2008-11-28,,0.2758573780938356,0.13099429694927078,0.31442863001431665,0.0646029710347038,0.08218066987883299,0.07933853877441299,0.03044386097700702,0.06433882068758168
2008-12-05,,0.25462568958456266,0.11550779273560341,0.2811162384602639,0.046316339610470214,0.04737645504063037,0.049625586106074315,0.0263980513789126,0.050447688523820755
2008-12-12,,0.22050433099101951,0.08463151316615525,0.3892724498228164,0.051372943641242896,0.04749131385121874,0.06531495689918221,0.02745744722329091,0.05066692418229213
2008-12-19,,0.18552668774290204,0.06451103010651815,0.19836192719678714,0.03410390182885714,0.03368672890364133,0.03863524289291448,0.025746287602356865,0.03441268753475546
2008-12-26,,0.16038217654804043,0.01814350730575187,0.1162545676476956,0.01028175012318866,0.005887092196779076,0.021773152457221445,0.01718946614568262,0.012526259819179764
2009-01-02,,0.16003283073610142,0.03074912827889209,0.052228696566333,0.0031663814595486173,0.008772449640906288,-0.00010354646656940414,0.023145832923088694,0.02562079238291126
2009-01-09,,0.138066547789915,0.005568746988673823,-0.08842622519560717,-0.012130398374136098,-0.008394592843026683,-0.020320497369631207,0.011719731914151765,0.012723403035404424
2009-01-16,,0.10586800107851246,0.0,0.041964199099032484,0.0038203088557766662,-0.01742460375893451,0.002768027692304831,0.017515103616940753,0.018689292744542563
2009-01-23,,0.10386686340104312,-0.025369194125458794,-0.03819846874787114,-0.0014529606624404945,-0.03856653044943803,-0.010223944720548717,0.006905508666961158,-0.004944200647846397
2009-01-30,,0.027150989065949815,-0.005076153031860375,0.04073210283966944,0.021743016838429607,-0.03370814338137906,0.01627193055126358,-0.0007875989380745629,0.020505096191913097
2009-02-06,,0.044850566165351324,0.028506724290740415,0.047426641765060396,0.01522482093228339,-0.030896512803669562,0.011150613977893298,0.0007725543318235495,0.028852489748135035
2009-02-13,,0.004264398786457235,-0.0035888272305286684,-0.03222620437774815,0.0002780867648621843,-0.04724470586155016,-0.014971628728403796,0.000728836965717683,0.014673118472875668
2009-02-20,,-0.016736792355523278,-0.028884703822618985,-0.04982225203926749,-0.004290367109825999,-0.05050016810671476,-0.016353621126375117,-0.003479499338651326,0.02016675700085324
2009-02-27,,0.0,-0.005005015453023454,0.025148014283228548,0.014928716614930337,-0.013885540661941143,0.018777428578215516,0.0067368675847578885,0.04551578342941509
2009-03-06,,0.018848725558667567,0.03321247022756246,0.03830114903955195,0.019049752371423923,-0.0025516727292322905,0.014067769202943448,0.01504206634626204,0.04110766799741539
2009-03-13,,0.06869653128623554,0.062442253337759546,0.11924182512004311,0.037967967568284244,0.007757990810939308,0.04037088137410316,0.028714147268923185,0.04344006790919108
2009-03-20,,0.08283600557914994,0.08715238590867713,0.12729785529772197,0.06551952661177496,0.03461278925900624,0.05669912432035118,0.04141069639166828,0.05835299400180238
2009-03-27,,0.04995609784330135,0.04096618023170073,0.0789501148064069,0.04646776015785381,0.01700703519371416,0.04475336805963909,0.009818648784464923,0.022318008628732233
2009-04-03,,0.03643228332283144,0.04090426180671525,0.07083046330522791,0.040983551001906315,0.015682496000617885,0.042120362517997834,0.0172553300907623,0.03222459419754431
2009-04-10,,0.044650273737739,0.027343475672685358,-0.004080881196730779,0.011234495355165741,0.01429797275950273,0.0164160086388489,0.014671582878960532,0.004655711646078142
2009-04-17,,0.004474280394919816,0.02185601610802168,-0.030294152603585367,0.011039696120001663,0.013720531862907226,0.019455543079988757,0.01592979212068979,0.015203750902039292
2009-04-24,,-0.0503538861456132,0.014148795909433076,-0.04335726842003229,-0.00276128851413171,0.009971218799778914,-0.005383503630809361,0.016058324323337647,0.0048769770795038525
2009-05-01,,-0.05870760082677684,0.016219311457895902,-0.05233323775709575,-0.006871349696090379,0.02091032799900816,-0.016015823970532694,0.01126275752709649,-0.00564469710311899
2009-05-08,,-0.10017304823631257,0.022447745681182685,-0.058829472780129954,-0.009779345889002533,0.02985296314968089,-0.011175175446379748,0.007684682758547279,-0.01678696494925669
2009-05-15,,-0.1322061710583693,0.012670037683054858,-0.12679974630076885,-0.023548329944861335,-0.004131142997256365,-0.02911634299679544,-0.008429223421336118,-0.03267728266927916
2009-05-22,,-0.15139964645536885,-0.008060497042178039,-0.17980816172785818,-0.03547786231002026,-0.013031198214367379,-0.048372351696122584,-0.03400284900513606,-0.05578312411629893
2009-05-29,,-0.1642289580077989,-0.08577992065922802,-0.21853804081035832,-0.0589607573738089,-0.04173793080956756,-0.06948958797024618,-0.0523560943099719,-0.07208861195566518
2009-06-05,,-0.16178695435224633,-0.0922639767379807,-0.20771412274934775,-0.061861095417126366,-0.027155715667500413,-0.06818505174837719,-0.04848564553369439,-0.06887992296568646
2009-06-12,,-0.18366136607158445,-0.08715238590867713,-0.17227122094045377,-0.05834177543937358,-0.02664038455586404,-0.061546576872100134,-0.04861622995091475,-0.05421220133577087
2009-06-19,,-0.15556410762440542,-0.06114996987159582,-0.10516141162531145,-0.03945119238647643,-0.00945903835618278,-0.04227120730648537,-0.034868825650824053,-0.028242826568147805
2009-06-26,,-0.10187619157521688,-0.052176939219848784,-0.06382871393871703,-0.020677559924281663,0.003624130293391037,-0.04022775859111205,-0.03605874445349677,-0.031463269455784815
2009-07-03,,-0.12100875672247113,-0.03922071315328113,-0.04797265455532429,-0.013609860553155606,0.0067620543749233875,-0.03629886837992613,-0.03804493406426923,-0.013425045133937719
2009-07-10,,-0.09352605801082348,-0.03728794163719895,-0.04664505470976721,-0.02506256486383318,0.007830893580548004,-0.043519512256225246,-0.03884262744747069,-0.02759623230099395
2009-07-17,,-0.03584613177313578,-0.016594532377715243,-0.03457511810572811,-0.010758620932220353,0.010389703849135845,-0.02459098835173701,-0.040346319978372236,-0.02613844574526558
2009-07-24,,-0.06187540371808886,-0.02370767798879303,-0.0552239837266697,-0.002739421403426423,-0.017219314053799284,-0.025170342641611998,-0.037855637120244534,-0.02480992916929381
2009-07-31,,-0.06560525483769553,-0.032254275882891204,-0.05139486569577478,-0.008317521694557684,-0.009852296443011443,-0.02799347832448762,-0.03777576949549477,-0.012930886800869956
2009-08-07,,-0.04506486994951686,-0.02936387759148662,-0.024097551579060017,0.0003975239986471202,0.0193425561539895,-0.01507306833247174,-0.02366373030661828,-0.013652610391899689
2009-08-14,,-0.0432287345508211,-0.03583948602580467,-0.044992390793980874,-0.013985448436993675,0.0026198600261255756,-0.017318089598240327,-0.016238220344656717,-0.01384559917707584
2009-08-21,,-0.025756748264107898,0.02289775494491808,-0.01649974441410329,0.007332101375198352,0.02421170900227132,0.0013163366179512748,-0.008778403116505018,0.000613779365593814
2009-08-28,,-0.025192737632053763,0.029099813401355146,-0.018755329014575217,0.007128630131002511,0.02478299056402955,-0.003918242152966822,-0.008909494305179955,0.004333734557012026
2009-09-04,,0.009507201957648093,0.025272857211988242,-0.019876230004792106,0.007694537820795322,0.032294473121601275,-0.008687730949183792,-0.006228267065147897,-0.0013783599701211457
2009-09-11,,0.001484046772494807,0.025935063580529327,-0.026835061281127004,0.006117097102813274,0.015544354437800667,-0.008992555324436047,-0.0008067769699402483,-0.006420077080520503
2009-09-18,,-0.04445176257083361,0.006324213707037618,-0.053104091549818655,-0.012603475557496857,-0.002069323035367443,-0.02266976992783165,-0.005216955878734719,-0.016018017154447062
2009-09-25,,-0.044855087768439716,-0.0027049537924481726,-0.07547696351712041,-0.01520518817822869,-0.011365536034698476,-0.02662270895861224,-0.010112653074886069,-0.02357099430712495
2009-10-02,,-0.05620730918997907,-0.0003131687483186596,-0.08626494705063426,-0.01615128370732899,-0.01572359437945714,-0.027093235080554612,-0.015373547424033962,-0.02313664611871502
2009-10-09,,-0.0658694957046837,-0.029404748196836472,-0.10391463347190388,-0.028003190205172945,-0.030432568877373445,-0.035419464036650083,-0.01769564554771552,-0.03042176528609808
2009-10-16,,-0.06860417203506941,-0.04496203951247324,-0.08770224842412411,-0.04999032424145189,-0.021815177433087474,-0.04061793605536007,-0.021300296929235074,-0.0248147854345544
2009-10-23,,-0.05100255445237245,-0.043245398856710526,-0.07166063241283993,-0.046654846489790014,-0.026614729648844815,-0.03295179424695821,-0.015653719246524034,-0.02026208055489409
2009-10-30,,-0.06075057433250386,-0.03068344110257959,-0.03963419258857126,-0.040555883727892095,-0.021042333467526042,-0.034284235248875805,-0.0177113822436894,-0.013000059274399067
2009-11-06,,-0.03577284861430563,-0.017132398740300925,-0.03587639454478442,-0.025460654924037263,-0.0010471205145252682,-0.02821255318416882,-0.016267031298650814,-0.007941086426123789
2009-11-13,,-0.05518285701939085,-0.030041784902508084,-0.060122780868996806,-0.034117214693250686,-0.019958645706668943,-0.03619969857459693,-0.01928843181711626,-0.011912985774265916
2009-11-20,,-0.06884995309311215,-0.04732111067138289,-0.07541514961873652,-0.041627357332338466,-0.0402540913582925,-0.037378267386515285,-0.022815242961605975,-0.01754240979064381
2009-11-27,,-0.052657193250819745,-0.03965393062490952,-0.07223905890301285,-0.03966935884713507,-0.03547581196595839,-0.03520182342851352,-0.02295909211731839,-0.01778168227617849
2009-12-04,,-0.06378085799787137,-0.04857513352673681,-0.05549973967753363,-0.03889740703345668,-0.031864800916238334,-0.03672929130374353,-0.024511031014349705,-0.017324485888975172
2009-12-11,,-0.05288946392037275,-0.04838202093132349,-0.05890096682667689,-0.032532183087793376,-0.048816057824193404,-0.0249607945600388,-0.02370591815730494,-0.01426859934692759
2009-12-18,,-0.020307909568945348,-0.03315103678367004,-0.03753975797515441,-0.023353248928917214,-0.028830250585671013,-0.015911489517060284,-0.016607203939419612,-0.005613086958990987
2009-12-25,,-0.007547205635383136,-0.026019447761234105,-0.008518745316327347,-0.009410130966078345,-0.013830007667600341,-0.007913314657203352,-0.00998563610919323,-0.0014951410709502788
2010-01-01,,-0.01677188161382759,-0.019201778105951472,-0.0028506044440321787,-0.014476222689021823,-0.009636048865064417,-0.004006174148940944,-0.003666982593646395,-0.0015612805669524832
2010-01-08,,-0.0010604454864395763,-0.000323153985684943,0.016579389783813347,0.0075341516990623525,-0.004853069649073838,0.008976046819652972,0.0009746954848508516,0.0015642111745601817
2010-01-15,,-0.029500664396698184,-0.015720847786948156,-0.03013076848929863,0.0014821404817870754,-0.023609500342263168,0.0015053226741330583,-0.008560538874070378,-0.013211893972230548
2010-01-22,,-0.016190315873155114,-0.017401200362872515,-0.038137429149585955,-0.01279398587925229,-0.02486806657801388,-0.0014004347226584946,-0.017117636980097384,-0.017917683006261953
2010-01-29,,-0.022094533706242814,-0.012558529247395533,-0.014282865612975648,-0.004699670861858518,-0.029773597440387878,0.002853781410972145,-0.012107686920546978,-0.017367251816358564
2010-02-05,,-0.010661081786114579,-0.012815855771897144,0.007629653796148439,0.002878206926878235,-0.011095814255054126,0.007829997636196795,-0.006161263761452318,-0.01624474289940725
2010-02-12,,0.01489389233873517,0.008830554905638444,0.021325357379691212,0.01994200983177352,0.0026845653706693007,0.024967907269555834,-0.0020316798440407347,-0.004755507507264056
2010-02-19,,-0.019613668772013426,-0.00408558787851554,0.006383093416555852,0.009436944400120995,-0.013903967304446763,0.01809180641646485,-0.0012944401097008118,-0.007830893580548004
2010-02-26,,-0.01807598392433718,-0.006362922519264735,-8.647152930230106e-05,0.006613294732696229,-0.01918498368236854,0.02030073819444078,-0.0021076409759137604,-0.00767487517005927
2010-03-05,,-0.007482664522671101,-0.0011939003968759465,0.019214564944626034,0.006427098393843256,0.0010869566287565746,0.013643655806461041,-0.003097732068009229,-0.002670648040873136
2010-03-12,,-0.03152812567317653,-0.02034337222317628,-0.007803292412481788,-0.01020341569385419,-0.007584001681038455,0.0039033872906429345,-0.01504816357844252,-0.008100769596581792
2010-03-19,,-0.04706751085798544,-0.02770561261469373,-0.028842674346265973,-0.038703028993033906,-0.022533723458945776,-0.006433418665167057,-0.019492728432051187,-0.016976201463421603
2010-03-26,,-0.038797969540983246,-0.030560803648878476,-0.02389924227074225,-0.03728616099297999,-0.020652907993836234,-0.006772437220089911,-0.03160843466705998,-0.01578010350380099
2010-04-02,,-0.031252543504104224,-0.02818934606328094,-0.026052313880419398,-0.03476802427984005,-0.015799838344762396,0.0001067976719123509,-0.028890560337090143,-0.012899345133930762
2010-04-09,,-0.012599454540044519,-0.01641927279337274,0.00940235267839018,-0.03865215443427927,-0.015461379233033146,0.0017891012751642954,-0.024428695684961976,-0.0038388980979853216
2010-04-16,,-0.019226079712314714,-0.03108712257275581,-0.0042987707252102325,-0.045862876277037,-0.004917236592036023,-0.0010426217486226852,-0.020128205085522044,-0.00677882391532636
2010-04-23,,-0.04515316904043587,-0.04574877961387935,-0.0361287240885062,-0.062567845322955,-0.04232969646095608,-0.02236923528457857,-0.024896915822477883,-0.01879934287556262
2010-04-30,,-0.036566147456754905,-0.038111421859261974,-0.04694784776667493,-0.06613128009700509,-0.05128764784422346,-0.023639888648065044,-0.02944650827541828,-0.016865952700281905
2010-05-07,,-0.050904329861767295,-0.05306109213297816,-0.05419111988324676,-0.07855813462658578,-0.04833450392326455,-0.03694105661608277,-0.025789176235934352,-0.024411973326783354
2010-05-14,,-0.006983643747252799,-0.02244347390138879,0.003567237436612025,-0.04307880144467502,-0.012462908536295725,-0.011845824447987208,-0.027871845803915107,-0.007892700798908692
2010-05-21,,-0.023338915517928882,-0.02292661905079596,-0.026196250269892474,-0.06693384895164067,-0.028093584670381144,-0.02113006018114405,-0.026185701676372908,-0.0085585325583164
2010-05-28,,0.005350467552830196,0.018080561415075636,0.029071566956070605,-0.02448324812096092,0.01295215084483825,0.002628495812362297,-0.019947927295527634,-0.008086723160557252
2010-06-04,,-0.0021739138996199614,0.016675226994639303,0.047107979198091954,-0.021331738716474424,0.0032573318703064125,0.00317590860554251,-0.0029909144578472713,-0.006039639538832464
2010-06-11,,0.013598251418583729,0.03080838084511761,0.06332592107464752,-0.00972356491244053,0.021890774444083938,0.01147962695679644,0.0009201043433972877,-0.0003488243070774999
2010-06-18,,0.010929070532190721,0.031631352942858015,0.09573696758856709,-0.005768079137412618,0.020652907993836234,0.0032137146030959407,0.004940187584899114,0.0009519579318890692
2010-06-25,,-0.004388377859884329,0.021378877060754142,0.05478591022714063,-0.017078792677887478,0.007658680761062797,-0.014774707547305366,-0.00023143683806248205,-0.001616251599681373
2010-07-02,,0.0005511160238693691,0.03851060047375254,0.07666390846420512,0.001538225191783038,0.030687339501800803,-0.005053502502376239,0.0012357122363284567,0.0022226464983039484
2010-07-09,,0.0071843359579215615,0.051825067864586405,0.09439593880550756,0.010819680561778178,0.019095730511270226,0.0012582009388798499,0.0057262402076778685,0.02864533284787507
2010-07-16,,0.004441983983422659,0.05263793495534941,0.07787792593389664,0.002504305581790822,0.036918427845419544,0.00635453036095146,0.0038708726818827977,0.030098898129496288
2010-07-23,,0.007751976804318161,0.05130173934682469,0.06974693972061097,0.005125331552279233,0.04849434993861079,0.004075845374653331,0.0010550979271721772,0.027849901197610993
2010-07-30,,0.004434597067865198,0.05808757188876612,0.0660427315129759,0.005075357866782371,0.04187939813070818,0.0014589490861548482,-0.0034066307333651125,0.030758025228994512
2010-08-06,,-0.03846628082779446,0.020718220076861193,0.02559460656624335,-0.028349818983413932,-0.005138588905035935,-0.0267639995881212,-0.0007746533813675072,0.012911531910851703
2010-08-13,,-0.018288123994148364,0.01815489326317543,0.014365910484318789,-0.01394168430773668,0.0,-0.028205919373165078,-0.009403605334804777,0.005881997858045995
2010-08-20,,-0.04418498919323355,-0.0059906041371573515,-0.0214879387459721,-0.047172740785474065,-0.03603009812738289,-0.033656936271029725,-0.015089342844081255,0.012011683062337575
2010-08-27,,-0.024787829310499276,0.009573568521518805,-0.022846974482567894,-0.0483726989363249,-0.02524832252409448,-0.03218552110252393,-0.03183789509760837,0.013733796990875735
2010-09-03,,-0.03183583896836417,0.0005339883717425664,-0.017008071855750373,-0.04050397893481139,-0.03645896057632747,-0.03980930929759546,-0.04018991351622869,0.015765206393252296
2010-09-10,,-0.02587537699789877,-0.004235363521983615,-0.07175122386887178,-0.051221187958430114,-0.03280775377091105,-0.04186234536091199,-0.040767454286392724,0.015765206393252296
2010-09-17,,-0.014396704912989833,0.0038001247478507416,-0.029506659432807503,-0.0457879083045476,-0.019813526538137616,-0.03208438769316374,-0.050964426481891145,0.008872948533237945
2010-09-24,,-0.011526227573767756,-0.011039073140427735,-0.04206444233638251,-0.04775626906607,-0.044697095120333596,-0.04040138903675333,-0.051797150522906676,0.006354848367289723
2010-10-01,,-0.014700028955159539,-0.027949845855667732,-0.06305765273656672,-0.042250884851982695,-0.06001357802050045,-0.050924648212805845,-0.054873444672123295,-0.026492136115024767
2010-10-08,,-0.014902740017365801,-0.0472252018485988,-0.06004102677615464,-0.03551459882267216,-0.05189318299765899,-0.05139426859825147,-0.06950628228482403,-0.03558189848093729
2010-10-15,,-0.013493832755651525,-0.05592902597363958,-0.05898761293235655,-0.029803844730831086,-0.06926186947108892,-0.05290976939005765,-0.07205706094855957,-0.03768631042712833
2010-10-22,,-0.015607897665990578,-0.05944519173751939,-0.05985942474086059,-0.03753962697079638,-0.06764461727165871,-0.0560291905162395,-0.07787350942599103,-0.045585581678097675
2010-10-29,,0.002070683785460048,-0.03917754551173891,-0.04555097157836574,-0.021666084642158134,-0.054511861986590304,-0.04591636167299579,-0.0751338212530257,-0.03559151193459131
2010-11-05,,-0.0007833044657203914,-0.034392730157691176,-0.01827946168579775,-0.011757699589685089,-0.044608601904436274,-0.03997050254214146,-0.06682008394965067,-0.035953158171357025
2010-11-12,,-0.006715190315471631,-0.05446071785014439,-0.0489103637007986,-0.026390975855806076,-0.05249351115609269,-0.058158117035134516,-0.07373427781928044,-0.05507751590932841
2010-11-19,,-0.0033519584457053497,-0.04398958678499598,-0.03612585082664932,-0.006555303672702184,-0.02795808296477853,-0.04824025836602297,-0.056095565866989716,-0.05663408062798592
2010-11-26,,0.0017831276317163969,-0.030351343424138477,-0.03671366820097699,-0.007660426863761449,-0.028758677735052363,-0.043307251615359255,-0.04462222257752124,-0.05214812174804928
2010-12-03,,0.009160369398664159,-0.015321199464582325,0.006337457351680342,0.013527698931551146,-0.01568659616769974,-0.01929272014620864,-0.029645426355505933,-0.047226448291048495
2010-12-10,,0.002895969945539534,-0.028342244269770944,-0.028545352475155994,0.012321141549739512,-0.027158128633792966,-0.028761537510793467,-0.025324053280800563,-0.05003661813043081
2010-12-17,,0.005502612333573964,-0.018950884353558184,-0.018289351867908366,0.010807795659739439,-0.015698195196414577,-0.020944361545890244,-0.02210897533015066,-0.05373460859466661
2010-12-24,,0.011114312797717574,0.005839593500662321,0.011785849167065265,0.012026641839968821,0.012361937974352255,-0.004470720487312563,-0.016851329668758463,-0.04847554784940078
2010-12-31,,0.01667402355365155,0.013072081567352622,0.020947406474406627,0.001974142617549246,0.007515407725706247,-0.009879838348683057,0.0002484574943419915,-0.04244712847941967
2011-01-07,,0.0026799189731363526,0.02181904739463958,0.002995553622656466,-0.009778529824026494,0.008953227851375534,-0.018316521193878166,0.001165986639969141,-0.05804530648394701
2011-01-14,,0.014501090690799856,0.02338568110941841,0.007173310292960977,-0.0040639228842789255,0.019102668381691057,-0.002586025332948161,0.01720526171612713,-0.04639577273987339
2011-01-21,,0.013493832755651525,0.01901007722497372,-0.010913005567419809,-0.017723090217284243,0.026613414671318836,-0.00834690679627087,0.017638017802388273,-0.06142538004545495
2011-01-28,,0.015219979407342876,0.02521935579329737,-0.0023644364253136985,-0.016853421106677313,0.034878614052764156,-0.009428358589238378,0.02471867368409164,-0.05112988234371896
2011-02-04,,0.017807927465190332,0.03878048309327875,0.006738872710123189,-0.009608412004517897,0.03533773915764771,-0.0023747894290031824,0.0451154725136278,-0.03933992555681076
2011-02-11,,0.0033519584457053497,0.020374971257621777,-0.017566774710352284,-0.023862831833358022,-0.0006861848393668879,-0.0153690553136909,0.032670782289549116,-0.04226457291295116
2011-02-18,,-0.0068152880968952445,0.00351571445403831,-0.010627563162454834,-0.02153755018095782,0.0016005491012593964,-0.012753841009266104,0.02642672823483272,-0.03967143555046437
2011-02-25,,-0.024899873636400116,-0.014285957247476944,-0.045814236502181416,-0.04180387592329615,-0.022614029001160052,-0.034311989346549526,0.010192427542533355,-0.041688365401626015
2011-03-04,,-0.019769261152802642,0.007806700224120444,-0.004963669116942349,-0.030354283947639837,-0.0013717423275805274,-0.022362916554145823,0.020212366692967443,-0.01657887766573074
2011-03-11,,-0.027308135850271142,-0.002609735232811161,-0.02243399634858889,-0.03423158468197718,-0.008751783175134698,-0.03281529274301681,0.012634876370277048,-0.023554251789908776
2011-03-18,,-0.029442754816699335,-0.007221840147632719,-0.033788917700412924,-0.027709785541446985,-0.017051680627491184,-0.036740404535995086,0.00800895995477413,-0.009662722747325603
2011-03-25,,-0.03328767928466547,-0.00022202486769717922,-0.020778713269235638,-0.013180566700209617,-0.009804000096620857,-0.019468644206163427,0.003405919004318303,-0.003041570442163799
2011-04-01,,-0.032009530731231806,-0.013370672729087651,-0.009058764131205876,-0.01865847909980567,-0.012302540909054471,-0.016832236321431354,0.007231984811073122,0.009400975141742762
2011-04-08,,-0.03837942815159323,-0.015155181972902998,-0.028317669705187676,-0.014470892870366514,-0.016680382175096486,-0.024966079930847235,-0.0014018886557671806,-0.0010254658222170754
2011-04-15,,-0.04772895139317335,-0.030183377823098656,-0.03083604178552246,-0.012135712058629844,-0.03300024471966845,-0.02471104504585156,-0.0139689009443007,-0.004492060076070281
2011-04-22,,-0.04539186555000363,-0.026795755173908642,-0.028910033328083173,-0.012034868392413633,-0.0281516111856126,-0.03063766249884356,-0.018493931117522955,-0.0006882312728642148
2011-04-29,,-0.04946606821679289,-0.03301873185445192,-0.032537623351272416,-0.016499301855753545,-0.024848132486627872,-0.038298157859204346,-0.03510917711356809,-0.004660403705626592
2011-05-06,,-0.045585599868720905,-0.03026825037659764,-0.032662921570124404,-0.02748111983238788,-0.022912365428869208,-0.04138742515322413,-0.030660057751510372,-0.013910848560926947
2011-05-13,,-0.039444953539913286,-0.022178775585965038,-0.0423293104843232,-0.015573246867865986,-0.018679201002194556,-0.03963278306115192,-0.019526422350355066,-0.020922350461487937
2011-05-20,,-0.02961262805273357,-0.005772021797122218,-0.018755800596077954,-0.010338406804204503,-0.000808921289848552,-0.02433673773495798,-0.011515179058149805,-0.020512655795419832
2011-05-27,,-0.03023117798021069,-0.005641295863377138,-0.03228198425735851,-0.012537280681673035,-0.010926556462830028,-0.027222311348683137,-0.010533321343067392,-0.030881921801961365
2011-06-03,,-0.022466382710739197,0.005102051883895342,-0.029761934560527337,0.0006929435528302275,0.003348539587482602,-0.023810648693718545,-0.004127989810395416,-0.019251196114091762
2011-06-10,,-0.029749486328396912,-0.008222268544594069,-0.0421325195943556,-0.01106991890914566,-0.009214531910833212,-0.03031504636511889,-0.0035424512886352844,-0.03173780405966564
2011-06-17,,-0.025185873159900396,-0.004227865665739738,-0.036985996085431516,-0.010935910562423379,-0.006666691358189425,-0.030842784253723,0.004922995675959996,-0.024324597730261743
2011-06-24,,-0.009544541003569051,0.005034975671735165,-0.026152141911844673,0.005962693293411814,0.008524415171561106,-0.02128464824349091,0.009540173679970732,-0.0175051664062007
2011-07-01,,-0.009248620837661647,0.010165981535471325,-0.0037293719413629134,0.004781148337891228,0.002416432911628519,-0.01928368284129961,0.013345116654057243,-0.011696039763191113
2011-07-08,,-0.013102531310053678,0.010499673088650852,-0.014656537808535042,-0.004277549422110782,0.005112723198512192,-0.023543756053172188,0.02531364616440923,-0.00538242466193406
2011-07-15,,-0.01628416326637705,0.000450653455125849,-0.027027412802474338,-0.010207732730049601,-0.01010755047080103,-0.01780366185176052,0.0032302177422858236,-0.008990378673836119
2011-07-22,,-0.010252317912913256,0.0035983396523247,-0.02027917359380549,0.0002328792199091101,-0.004066226921259464,-0.013208508378843464,0.0048162344891644615,0.00051889649179504
2011-07-29,,-0.005971914703852832,0.0036088908008240494,-0.015003820029012793,0.004952256318466519,-0.007165963117083063,-0.0126253399112633,-0.0029000833354477784,0.009584459533484413
2011-08-05,,-0.00907899046386973,-0.009576998442289764,-0.021689972882612985,-0.013154340934684594,-0.019272041824566433,-0.023200991400492338,-0.013344651742231761,0.007832256555682982
2011-08-12,,-0.00023346757825137843,-0.004127397236413088,-0.018740571141965923,0.002827162582228926,-0.014908265866067971,-0.020585797696669267,-0.012319117005982427,0.008842710415614796
2011-08-19,,0.0005844535525802996,0.006743710262314906,-0.01102740313903361,-0.0025930003558303216,-0.016205542640302273,-0.021243994785503095,-0.011012267778862661,0.0017313023715099796
2011-08-26,,-0.0037939634010406564,0.01384333247539482,-0.0011554550311467793,-0.016999461277892758,-0.018498578801689813,-0.024598616846389088,-0.01718735171609831,0.005538262684821937
2011-09-02,,0.003219672033491605,0.029570717390519086,0.004995616106459266,-0.007169684735117476,-0.01821629072960862,-0.02125818726707604,-0.0096194456000811,0.011610909402207437
2011-09-09,,-0.0008798944694401456,0.02150857745538337,-0.02014630679861984,-0.018552787666358483,-0.026764877034716417,-0.024871705923266235,-0.017813967902505112,0.005878301850651635
2011-09-16,,0.00058105754104254,0.04035760099198482,0.004061106693691308,-0.014590588195586118,-0.019809509632319866,-0.006584854294923531,-0.015524393907077716,0.01597285998567255
2011-09-23,,0.021827403044522242,0.05007548079605151,0.0223508665654375,0.016540087052671515,-0.0033385168865969206,0.0018564861252620413,-0.011218315697404613,0.021226404613885475
2011-09-30,,0.06193401864732628,0.10350569681394184,0.0986919745260515,0.05082463708212792,0.011065119812472712,0.05525392094964088,0.0035644885439980456,0.05569688516951521
2011-10-07,,0.057809688733527764,0.10572089225526682,0.11705325999062577,0.0636984852299256,0.02445335224549261,0.06368398860949914,0.03077917613547143,0.062441412313610556
2011-10-14,,0.05029742423699979,0.09450372403146323,0.0989724422902345,0.049420408639629265,0.011689271459158768,0.05656091283583986,0.027789812406285197,0.04958857397713734
2011-10-21,,0.03638442213134674,0.09742638798240622,0.09103998193649687,0.05023415924882446,0.020075370750294308,0.04673256448195712,0.03282935464706194,0.04609423206843655
2011-10-28,,0.038949103183524514,0.1207849282223239,0.08215066654292791,0.059355384774712805,0.027963214210265264,0.0540562886404207,0.03838072990355634,0.045747431301998986
2011-11-04,,0.027577234759794678,0.0849319379684057,0.0295012075282699,0.01947173742086572,-0.0002347142364955701,0.018010447192747525,0.021377895909808764,0.030933805703087458
2011-11-11,,0.04148785516971465,0.08041555743635076,0.035280082059380824,0.03621784265759964,0.010871578231351986,0.045005278530793086,0.023160057717321436,0.040178300107514
2011-11-18,,0.045163434012012615,0.08829260714567821,0.035569601068893064,0.05308668613758627,0.012950073063208833,0.06302751813261423,0.03135829182834993,0.037932078860694496
2011-11-25,,0.057904936862659184,0.10810803758698073,0.045283948771883686,0.05770675373147327,0.024445403038775293,0.07231390927769407,0.03278713487133089,0.04184146090416796
2011-12-02,,0.076787143213771,0.12959524059304783,0.08751648979910609,0.07577192013894196,0.04119150691023066,0.08407174123626449,0.047906022505805446,0.048125033027859754
2011-12-09,,0.04625594042473935,0.09278309031871856,0.0386218141880601,0.041455021911498635,0.010011725069504873,0.04544243631881187,0.024147033944050378,0.026233217800521125
2011-12-16,,0.02966912272265354,0.09858212319512782,0.03120104962287762,0.018687339648085777,0.0055197932235979685,0.04370642375354605,0.018455434924946612,0.023104995666308525
2011-12-23,,-0.0005511160238693691,0.0625111509550691,-0.018801430003437147,0.0037199374569842902,0.004688670033815345,0.003999543846287201,0.01317499777160025,-0.0013181745194246197
2011-12-30,,0.010459770562684767,0.06768137815726716,-0.03366976167638125,-0.009926812785411299,-0.008582761389041682,-0.006586953959978381,0.004320698032318493,-0.011651891898548872
2012-01-06,,0.025289967953106895,0.08643250577230788,-0.007708457342876507,0.0030663719159953473,0.009390815690923926,0.00556889056192722,0.019931023555745053,-0.0019766107572047886
2012-01-13,,0.04050484344041472,0.074275733524507,0.004849124105466451,0.007228525114231443,0.02239581721714501,0.0216835014704361,0.030005851546227813,-0.0003312903790444466
2012-01-20,,0.042653931796843736,0.03693363798871063,0.009381405340651128,-0.004933566146017698,0.01397822943030036,0.01825181311701382,0.028987536873252395,-0.006480042613691062
2012-01-27,,0.015215847237252333,0.03242872169253097,0.02830314335138784,0.0119800688118048,0.015720847786948156,0.02597032078581704,0.033059529241258545,0.0031748710768968458
2012-02-03,,0.0058683974477080625,0.004564596858879444,0.004718338750708817,-0.023385281324582508,-0.005947192620674002,-0.011491191153475772,0.012307847674597028,-0.011027680677062612
2012-02-10,,0.0011173185519925966,-0.030013405607943078,-0.005073768283756053,-0.04273946431379194,-0.014713016459219741,-0.03374996406345271,0.004555373401027296,-0.020650444218519137
2012-02-17,,-0.0008277004197196902,-0.035223269295643345,-0.004658716098628446,-0.043187502708287084,-0.022561719882309816,-0.02821387228517419,-0.004283007880722334,-0.022728251077556383
2012-02-24,,-0.018097560010803093,-0.056594696901111075,-0.03011788714871244,-0.0492359799610409,-0.03246400723930476,-0.04119236989913663,-0.018822949555669766,-0.02984798484265383
2012-03-02,,0.015956322030758585,-0.0419990905691181,-0.0013124525233179085,-0.03746366454215577,-0.007791190060206787,-0.02134779769907058,-0.01562084512965134,-0.018933295730818145
2012-03-09,,0.005500563923810375,-0.05129833622217328,-0.02367833150562859,-0.04730666681080864,-0.01793510614480498,-0.035194708977142525,-0.010973489509761514,-0.025648879002046154
2012-03-16,,0.005497539959195663,-0.05504541813503172,-0.03352052841925435,-0.05514289924782756,-0.02799812683303715,-0.03897664391929909,-0.024560937301443264,-0.029957892584732804
2012-03-23,,0.006006024060212667,-0.05010270241317549,-0.02499250111232154,-0.032575541217085835,-0.01330499178151845,-0.028141063746518563,-0.019022093668468187,-0.025580262955720023
2012-03-30,,-0.001629992210931519,-0.04374949891220581,-0.02060779767113541,-0.0292085069327086,-0.021080087150082694,-0.026614048573857713,-0.026826763370042084,-0.025212120965728335
2012-04-06,,-0.0027225717879115763,-0.034336481447920786,-0.022423776434679965,-0.02838393661740435,-0.030983545519967404,-0.027983171663470446,-0.027815092424258836,-0.022450264384854535
2012-04-13,,-0.006255970355732998,-0.010204666036395693,-0.01847217741745677,-0.022425719990179616,-0.02453333525406176,-0.02595616366522807,-0.027227612628540232,-0.01579333902163027
2012-04-20,,0.026219247203430385,0.02318830562223262,-8.817564594387761e-05,-0.01606004183172005,-0.014547827124585133,-0.021026680163417105,-0.024504654367300205,-0.016298264244746008
2012-04-27,,0.023407374627463895,0.05320927979746459,0.014374473032554569,0.007073184247104791,-0.0036323198879650853,-0.004994117333711745,-0.005616904172934145,-0.009792413215287787
2012-05-04,,0.026447822543609334,0.07684666391994455,0.014481777123591222,0.011555097204773324,-0.005425821284678278,-0.003143769466823265,-0.005433165323185829,-0.009202518931161752
2012-05-11,,0.019678142487224548,0.0729059840504771,0.0052494486682563846,0.003391675543343853,-0.003416792720271289,-0.013224059592980758,0.002265006630851829,-0.011389838387664497
2012-05-18,,0.023787861233982355,0.08111895774817679,0.017002063959260738,0.008832245835474817,-0.001998237514743817,-0.006099889341572462,0.012427532441948053,-0.005601304638910509
2012-05-25,,0.022400072999666065,0.10530957192516777,0.0357875133493728,0.04017780367138801,0.008138633459382039,0.013444783169760888,0.03181618284918564,-0.00033835222789369013
2012-06-01,,0.041107197949017404,0.11125217079674377,0.05653641527387965,0.04857610525484479,0.022283436603123263,0.022727801872839404,0.034478418357855034,0.006600684031351722
2012-06-08,,0.03976880853559628,0.10830120718299163,0.05574737426290799,0.0604779189628013,0.019404547737140287,0.03243060591198568,0.03583000346553611,0.018015471664767357
2012-06-15,,0.029500664396698184,0.09880717658641114,0.044682648795312474,0.042659130674449486,0.008119752301756655,0.02182162115614225,0.030058769276251063,0.014625796565592708
2012-06-22,,0.020719159033969703,0.08377687282197055,0.02417755575104863,0.02835592466213943,-0.014304382723545395,0.007811306879101976,0.023969618569262163,0.010930908468481881
2012-06-29,,0.04363591613238249,0.11447399831802008,0.02268288854530276,0.04093297253040262,-0.00972075347846646,0.014833789435158423,0.03049162712452924,0.014299175422467059
2012-07-06,,0.023993602825703064,0.0811508918115833,0.006920016887257852,0.03668225798501612,-0.0224039555798754,0.004787632544929754,0.017922285646570835,0.009438802588463968
2012-07-13,,0.026610896945221896,0.07988131756639927,0.009242461442759087,0.03755255104917721,-0.01798013897874462,0.01957304877617283,0.02986778510807797,0.015630707477632733
2012-07-20,,0.030029065994195747,0.053912258986715145,0.009185050184486343,0.03837823566734455,-0.016570387429553968,0.013486568866286963,0.02248652388924599,0.01649036189941544
2012-07-27,,0.03105174533069288,0.05381133012798189,0.010852178862518436,0.03356777969356117,-0.007002580392157398,0.014427951464886096,0.03080960387929199,0.02660742291467333
2012-08-03,,0.025913029992610248,0.03676546784662982,0.0023418595903406114,0.03853140467943006,-0.011633559505197066,0.0041338128017764375,0.019048194970694432,0.027486765429839632
2012-08-10,,0.021385471504776987,0.03799679328963057,-0.01618585326062405,0.019032832595302196,-0.017926520301534854,-0.005815485537792792,0.011244585962379094,0.01788171803219729
2012-08-17,,0.012465351701271388,0.011216093507957936,-0.03358924271515917,-0.006237525221393092,-0.033677973789796756,-0.02240233496601926,0.003888884935523862,0.012944620525208173
2012-08-24,,0.001840894668470483,0.0045906737085994465,-0.039552471203149864,-0.0066187475127272855,-0.030843024538197206,-0.020052775823171304,-0.004209666278752522,0.012689057840179263
2012-08-31,,0.0026308881262764316,-0.0014116570537936468,-0.03943200307905936,-0.03034627966966097,-0.029309121101471547,-0.03486782868583452,-0.015507885643185837,0.00033366700342929434
2012-09-07,,0.010515343999522031,0.001964513243435384,-0.0347693745531803,-0.020589894312873502,-0.028118066108771433,-0.029242657447707765,-0.011148458302340902,-0.0026737983844022928
2012-09-14,,0.018731585801962325,-0.007776740888598255,-0.03329712692488318,-0.01720609597490874,-0.01955702684908589,-0.028297759359801167,-0.012878632585781258,-0.007386301837135623
2012-09-21,,-0.010916451432265717,-0.05557210146676006,-0.0377250491085146,-0.04797583187687393,-0.0275624439318638,-0.04571102799959778,-0.03382022772166593,-0.021440848354293607
2012-09-28,,0.01821351654995773,-0.040449095977243665,-0.020270306434750474,-0.041162830620719015,-0.006820247795367607,-0.03494471787473416,-0.024704496673029652,-0.017259311675137834
2012-10-05,,0.016833643163533196,-0.05326321896285169,-0.026972901855162768,-0.03722553992788513,-0.0022704198078238313,-0.035984751462777964,-0.027659346680048102,-0.020918441572098878
2012-10-12,,0.011293619708027336,-0.06132088460530616,-0.03693218599244741,-0.04151569820572476,-0.013698844358161821,-0.030655586212715857,-0.0338322469358916,-0.02620827999326414
2012-10-19,-0.015814981895662328,0.016416952596452816,-0.046897908104204244,-0.028388820084405353,-0.02963657069949055,-0.011981931031160187,-0.028125403818582473,-0.03302375909088173,-0.02660742291467333
2012-10-26,-0.020017282950947735,0.015543134170874495,-0.027940186906945108,-0.028679029661679678,-0.03574108690676092,-0.01237475994505699,-0.02243826672087046,-0.02659111568450223,-0.027657749443251056
2012-11-02,-0.020965327810573475,0.016524966199249036,-0.029823383788389002,-0.027712367620652323,-0.029509274789346174,-0.010234271495907166,-0.01789784185245641,-0.026273957419871152,-0.02077952965687846
2012-11-09,-0.02021872641228084,0.015067774871170059,-0.022689270602495704,-0.03390460487306601,-0.020422103585715945,-0.013989615515051401,-0.01734170925638981,-0.0214647092927458,-0.024277632730143495
2012-11-16,-0.02088179400012513,0.012688471408855762,-0.01790153475493028,-0.04145676025614797,-0.022177579866624164,-0.030852620493296623,-0.024050872775896598,-0.028553835975502206,-0.034000920625493425
2012-11-23,-0.01892275356413542,0.012169476171962401,-0.001384708772643961,-0.03927283819987082,-0.009563246560731375,-0.020229309140229468,-0.016699996839846493,-0.013751245595108319,-0.026674558668023707
2012-11-30,-0.020902807543941693,0.008281512994075868,-0.0020547211727741654,-0.04377180789632895,-0.021186205218233,-0.026854524835676408,-0.021412187531640287,-0.0206206180243651,-0.02662302215598311
2012-12-07,-0.020389365145299765,0.004433440564644897,-0.013131464936952497,-0.039824545732411565,-0.02337899721364267,-0.017615713976869785,-0.013389151081647649,-0.011498102383681097,-0.020254287830413276
2012-12-14,-0.01748477739929455,0.022695639594457973,0.005419497389508088,-0.030188910679794567,0.004428051515732223,-0.00996968744021487,0.0007375840360616115,-0.003258127831281765,-0.008035612196411801
2012-12-21,-0.014079964569317704,0.01371663839573678,0.022338583036801474,-0.03976739664431861,0.0018666191786966824,-0.012565104301767605,-0.0020459109390987273,-0.005619136084887177,-0.007864949170142133
2012-12-28,-0.013405882224701404,0.02116208004481024,0.04263322174110229,-0.03474004721371582,0.0004903162638068004,-0.015188334400730419,-0.004984688564342504,-0.007080972084474446,-0.008886968704089782
2013-01-04,-0.011208739121062239,0.022824495943348566,0.05897594444822696,-0.03533949644847212,0.0021253993123135917,-0.0069204428445739374,-0.0032650424891847163,0.0013905363984507702,-0.00461918380199533
2013-01-11,-0.009811656373752253,0.014210928063295825,0.039103178385902826,-0.04451148254959758,-0.0037670996969105808,-0.014570437465877273,0.00607929410606553,-0.006704849320711137,-0.0058207082206997995
2013-01-18,-0.011696039763191335,0.02686747125633815,0.016902142607037263,-0.04483520699254839,-0.009684508131102332,-0.019408604353145176,0.0032714513514877086,-0.01401949586186424,-0.010209256300333092
2013-01-25,-0.008564071400692486,0.02349395534912979,0.00046191390857464043,-0.0347130179264159,-0.008892473599442674,-0.015550516121810354,0.005594477298350636,-0.03231665192893107,-0.01110617099288902
2013-02-01,-0.003530453799382549,0.01632668305877516,-6.678886557898167e-05,-0.006662862098741229,-0.0027875725191919276,-0.009579377075764839,0.00903252947147204,-0.02698192047692638,0.002392999911263516
2013-02-08,-0.0034466308990044325,0.002953140503324292,-0.030178060195342304,0.001961701625530665,0.01393863733803924,-0.014557722381158378,0.012823810182113121,-0.0284693176165276,0.020805661812723475
2013-02-15,-0.0033697079382424278,0.0014006694376167417,-0.03200443710430578,-0.0007328557884660469,0.00924056182091948,-0.015353049227432969,0.006527623575665775,-0.032253668982739736,0.018316121047686096
2013-02-22,-0.000964242742447885,0.0026418726029078243,-0.019229259902953988,-0.001993061854112632,0.011312043651661163,-0.009073137279368204,0.012643729774507007,-0.02542649772951977,0.017055984637074584
2013-03-01,0.003293572483648033,0.010148691672148047,-0.001232141009812171,0.003099118863352679,0.020224420465127402,-0.0011036851938919234,0.01399534641634187,-0.0282141573699648,0.01959695304637643
2013-03-08,0.0021722523526310766,0.0020098437541946623,0.012941247378753573,0.007532194614792154,0.01332919604314542,-0.004408530284766066,0.015364906775956644,-0.027929877559171867,0.020601382373223398
2013-03-15,-0.0028560529480670116,-0.0007743334666656665,-0.002655975758324214,0.01743313194634233,0.016065254239852056,-0.011002555980434536,0.022237990338794783,-0.028831422909742166,0.0206856375992035
2013-03-22,-0.0031460103431208974,-0.00789626212222494,-0.02041305728388787,0.033248970937491684,0.020539251987198304,-0.014436267349734244,0.02243826672087046,-0.03592304446206818,0.022584073530968585
2013-03-29,-0.0032591012009066667,-0.0032216028477058956,-0.009416737930496577,0.044638542727673425,0.016328480187882688,-0.004028571645096957,0.020794470707904772,-0.043263531854886406,0.027919367550263807
2013-04-05,-0.0009663392602521359,-0.004817310602369673,-0.006715235295229327,0.04584239406059876,0.015242608816855574,-0.0006117330587787073,0.008989734564954194,-0.040432374804670435,0.027347311955777887
2013-04-12,0.0024631051600010334,-0.014481494673766804,0.0003758637155133471,0.07383075912996606,0.012205504113246057,0.015168486546183857,0.012294488512718,-0.034095165826063756,0.034134165787194526
2013-04-19,-0.0007917528852077194,-0.013966128508306141,0.013925577704049008,0.0670086126177667,0.00905701494082578,0.014218393611768576,0.007181869338955926,-0.0228276143600441,0.033322554521685976
2013-04-26,-0.007414284007769778,-0.0089801758075847,0.0018684041335434998,0.03199532534546101,-0.003124745573508836,0.009093468417030515,0.0015784045205868569,-0.045464703854461774,0.01679402937445973
2013-05-03,-0.007310062640399018,0.004387669963392682,0.024048191642805694,0.016890145993949446,-0.02318642410769245,0.015286142954825888,-0.0028265716376116856,-0.01804292731624324,-0.0022641646629142365
2013-05-10,-0.010908758333698643,0.010571195516922316,0.005381559814807257,0.005574507019762365,-0.021201055019809623,0.0015949945102762264,-0.0027923370564571504,-0.003699348426011273,-0.0064292625340418574
2013-05-17,-0.010546617608763409,0.008756172349462688,0.010565768736170877,0.030132187602865734,-0.03385919867680398,0.01442920607880227,0.0011708894039854645,-0.003014572706660612,0.005559688153315534
2013-05-24,-0.01421556932924517,0.0071353707424197665,0.013450793941698347,0.03111708692170012,-0.02603148442807246,0.012558843357775906,0.015434570468548792,0.0006364519693620174,0.01089956460887409
2013-05-31,-0.015820051532994706,0.012076699841932381,0.013034144652285917,0.03419444826296125,-0.01555717114647126,0.02305088109404574,0.0198492908334979,0.004737322317470927,0.00855767354238024
2013-06-07,-0.009064484207761847,0.02649971615497826,0.04190448579092054,0.0351638381166568,-0.0033862807493454383,0.0401658481416467,0.013409667147071869,0.022786237766510897,0.010626451335104203
2013-06-14,-0.009709403790454596,0.026556616170687164,0.056195276069141986,0.008182457942508492,-0.009263197046113891,0.04070073023643106,-0.0022453898768357294,0.0371638001760739,-8.408095319145659e-05
2013-06-21,-0.011340407108535233,0.016327764217626495,0.056443016257618606,0.00864556130679972,0.0008351535883082128,0.047046982684965766,0.0011204482964897178,0.042625761087321745,-0.0006027324050670302
2013-06-28,-0.011751016535519021,0.031015099388117306,0.08811998748860006,0.03812235463218805,0.03359443877695045,0.07392175623976671,0.02876867186025464,0.06314403314542005,0.011644212491396466
2013-07-05,-0.0100845550568327,0.023469663302996935,0.08101861977921221,0.0070953967559406195,0.0329037353383026,0.045332868706150276,0.02268701653342428,0.06126561592174573,0.0020681150838366413
2013-07-12,-0.007878880271976696,0.031751919294757514,0.1097678230330752,0.01593868578242752,0.048022072838533214,0.055988990092404656,0.030813313133159992,0.07305663806160023,0.006971104088962843
2013-07-19,-0.0053669933676270265,0.02795607726658922,0.10357522587855117,0.003263227425208015,0.045718568493120504,0.05208277610347212,0.021285912092529835,0.08512393085732972,0.003753481399972447
2013-07-26,-0.005218293709904787,0.044082190654091136,0.08866309477899703,0.00905340485150763,0.05043139371973937,0.04913684470679236,0.022708259692025196,0.05891864772701805,0.011253178019216659
2013-08-02,-0.0030514497709748234,0.05348120437243864,0.09500292456663928,0.014565516197558637,0.05593062160405249,0.05840537147972924,0.024815169119723923,0.048228461070913387,0.012249034262098668
2013-08-09,-0.004315264797669638,0.05147276546114021,0.10278380520348218,0.0019518490559482515,0.08541911987323947,0.0553992155696581,0.02526131377291374,0.04791119777725328,0.006848023011125193
2013-08-16,-0.004606706204284494,0.0474495997129889,0.0928606269409693,-0.007491074457210978,0.07411979017975723,0.05383761332483239,0.0005965519475369663,0.04445540243535806,-0.0025214798240487113
2013-08-23,-0.0025179251876203956,0.06593632300440255,0.10717292348573082,-0.01356654926802392,0.07221309946717014,0.04764729384080413,0.004104188870736714,0.04362367736149242,-0.00142120291107517
2013-08-30,-0.00605078948571669,0.09876974337038824,0.11908617565571333,-0.016664085096223857,0.06412452816953862,0.0409070128700999,0.010380716054560868,0.04638033189508528,-0.003674632496301289
2013-09-06,-0.004338472358240919,0.12256607479786119,0.1582417918711192,-0.0092257360887249,0.05958435265997819,0.052422553246746606,0.02446544579021398,0.04831534492792322,0.006637415001560676
2013-09-13,-0.0034216265268709467,0.15012727259838599,0.12002037512956143,-0.03522381267095476,0.0664531263465582,0.03115917718126937,0.018465476921799784,0.053041287276792026,-0.004700361180332013
2013-09-20,-0.003143437096786439,0.10758919489448004,0.059476189326073126,-0.06268556763645794,0.027893017179902557,-0.0044313134613847005,-0.005813969865419877,0.021924858177941875,-0.01695309716093707
2013-09-27,-0.004163917153465091,0.1054607110389032,0.05485713327267394,-0.06118996786583075,0.0014228126659230345,0.003012050469991756,-0.013534369443953559,-0.0014956219669173265,-0.014601249587825382
2013-10-04,-0.0034763342582919687,0.12027618080218438,0.030480594387673143,-0.06942737073341387,0.01215725696547132,-0.006737283902917834,-0.015964932462348397,0.0006395395533358439,-0.020113046025677317
2013-10-11,-0.005666107596361769,0.11449163216616576,0.02531580441593473,-0.04804628467919425,0.0016351690697264942,-0.005435738822263225,-0.0136718154827212,0.004722842478878775,-0.01856906832256966
2013-10-18,-0.0046969343949618825,0.07818330100936244,0.029949970589099095,-0.04459697975393251,-0.00433227273933201,-0.0038201123032299833,-0.01437269690158749,0.009703753115494429,-0.017974409065283137
2013-10-25,-0.007312437498087965,0.05321209803178384,0.034518331483232245,-0.048809025154541885,-0.016183871178724774,-0.004009135991136059,-0.022022832063266773,-0.0023786957325637736,-0.01768106255697388
2013-11-01,-0.008431677158262652,0.041036292063472146,0.008475354534799528,-0.050597732542745355,-0.03133782044100841,-0.011111097089130606,-0.027361815433890185,-0.006512382062277222,-0.019205442055930444
2013-11-08,-0.004833301782358745,0.0832645289147198,0.03185856545687926,-0.04468686749924622,-0.02551873342389932,-0.0025867286575960158,-0.011355579839704949,0.0006404098841992223,-0.01584124801629594
2013-11-15,-0.004446347708289444,0.08092144235222598,0.023304242041775503,-0.04121259516827003,-0.030204417991352095,-0.00871722941290587,-0.017881034285497838,0.007168489478612372,-0.01205239474771247
2013-11-22,-0.006145231775372517,0.03456046225013765,-0.015580714244856075,-0.04870579014832188,-0.030204670518086285,-0.01220292271076362,-0.025113214252568877,-0.00921956020264414,-0.010598130991823052
2013-11-29,-0.007110987975355698,0.020628337345049985,-0.06572775278740473,-0.04507530550952854,-0.021292456972571205,-0.015386659480487452,-0.020459351176805085,-0.010313397142408753,-0.0120164464268524
2013-12-06,-0.004443504392695363,0.019326347711064784,-0.03883699298684817,-0.028097863350674324,-0.03220914922532048,-0.011948933063532063,-0.015430573226645733,-0.005070153011887069,-0.004046540675935795
2013-12-13,-0.007551852019961336,0.05270106866114155,-0.03306064963432753,-0.03004834881089291,-0.017322422872770193,0.0015400852942808463,-0.015244439719942465,0.011591664696037451,-0.004761592138485149
2013-12-20,-0.005891685829069182,0.07802916767714585,-0.009967418210819368,-0.021782612230225595,0.022030419919044197,0.022305757514298197,0.0035103151447447023,0.030900889923829222,0.001689189590845075
2013-12-27,-0.0077385221870993615,0.06967140764503554,-0.013854040188502559,-0.01116283692120934,0.018389135051627425,0.026793312574751482,0.00904122266350696,0.040793224027270814,0.010701407819950326
2014-01-03,-0.005616054959876493,0.08234396751204365,0.00866510759986383,-0.015587078121407139,0.03248875494207426,0.027621484386110673,0.016518117214560035,0.04858479021697315,0.021975202651524306
2014-01-10,-0.0093861871619767,0.09824776854457262,0.017527471761736635,-0.016149787369276858,0.03341378132716755,0.035994774186316914,0.015320938774298937,0.0520910606843481,0.02056367758225708
2014-01-17,-0.009386255216623507,0.08946724929074179,0.0031352074645250028,-0.001727287314811754,0.03502030891653041,0.03401377882354639,0.023602860832489247,0.0603358815032049,0.020953404197499026
2014-01-24,-0.00875237515383187,0.10507997140013003,0.0030841465784323674,-0.0005646952678013406,0.04336042345017832,0.0467528045019856,0.030269136854699258,0.055252296237980225,0.0241655880466336
2014-01-31,-0.007724274122090868,0.08555160467942713,0.004337048686264389,0.021677687206921092,0.0492028524643211,0.04467596053857781,0.02893238702650891,0.05032852056417081,0.02678267644629173
2014-02-07,-0.007178722491714806,0.0674985627660476,-0.011763360963773728,0.016705979190062337,0.051340470503864255,0.04502034409562006,0.02463198228947988,0.047580059650261575,0.027114245920868196
2014-02-14,-0.00787395884383879,0.052722730003972984,-0.011635347870355695,0.012419262189763636,0.039103002363750416,0.028617006797874822,0.016864610981068534,0.03813313896080839,0.024803977365808194
2014-02-21,-0.006681199054983766,0.00606324941105818,-0.013178778902087629,-0.002733607139310479,0.0279980878036028,0.014308274257696763,0.007885031494776984,0.01504373824940508,0.022486006121122504
2014-02-28,0.0017321992173007228,-0.0059727140012117985,-0.006072876879629874,0.01535871971814462,0.022093565121169778,0.02062162356672248,0.010786906623899722,0.014473376755078426,0.024119675406121477
2014-03-07,0.007936126216590011,-0.01927667314386383,0.009926329950033619,0.014547903886701796,0.013363227812167144,0.018231201197512092,0.01335154539341063,0.011351489915957469,0.025302151920092886
2014-03-14,0.0058753225645975515,-0.04739414156467703,-0.015166047646210323,0.01050962984214987,0.006930034664669682,0.00519012786416484,0.009787489222996243,0.010014445375631897,0.02076187584816802
2014-03-21,0.014394974862166787,-0.06834426743697186,-0.01268631182020119,0.009447826434488604,-0.0024060070386349164,0.0027925930366956564,-0.0011849746617060841,-0.009869008396540924,0.015527359746704494
2014-03-28,0.02002023175605716,-0.06374289975648928,-0.01800389287764581,0.022502368119678096,0.006276266376704198,0.020212860122880816,0.006217799733840235,-0.014512886231008881,0.01911801083609488
2014-04-04,0.025331031911664192,-0.06551675887222075,-0.040062943130809714,0.012223374427228428,-0.003932871946323635,0.0009505438385200016,-0.005305892471565127,-0.01634497550602987,0.016217466138443992
2014-04-11,0.029380256811819105,-0.05147081968537215,-0.027347409482882057,-0.008271800833275833,0.0032068440095793793,0.004813891188191199,-0.005461682947900615,-0.015942189580578248,0.006910096928882226
2014-04-18,0.030485106358241865,-0.03599360264790441,-0.020140427636013314,-0.02238149905051845,-0.01833565808192561,-0.01533517143641916,-0.02109180630236146,-0.017047176241188122,-0.0017116320348717906
2014-04-25,0.029814748885216513,-0.06313859502266439,-0.03919984104178198,-0.045683713321365005,-0.02799513418509303,-0.024584460048949985,-0.021520642594397954,-0.020449667111701153,-0.002036205416600545
2014-05-02,0.036092259899374035,-0.051811966598348747,-0.03582691903947932,-0.04317962044646784,-0.02318269840890408,-0.017330222501009462,-0.01760039119210033,-0.024127084624694373,-0.001467956752717825
2014-05-09,0.03718287822416522,-0.039822146587718876,-0.03495267478549291,-0.04253614224485425,-0.019406309444079284,-0.007162071796615432,-0.011344376154105884,-0.014043126841394749,-0.004464293128685792
2014-05-16,0.03245510964125642,-0.01089680625358369,-0.03314280513127699,-0.03264856053250398,-0.023808462620245274,-0.021057713596281946,-0.009165236502396729,0.009394078478008883,-0.003892505639467636
2014-05-23,0.0224743140499013,-0.030410684031329183,-0.05526321029014891,-0.04741733476033794,-0.018686406799555577,-0.01983200980701616,-0.013342002233079575,-0.0010763436112553038,-0.006087593860633067
2014-05-30,0.01897971210973748,0.0036697288889619983,-0.057739500763074325,-0.0426433973397371,-0.0200345736321621,-0.023901278233265266,-0.011672820829542935,-0.0010894500889588876,-0.006373718901105718
2014-06-06,0.022090242774680746,0.023977820089795543,-0.033890909061996766,-0.04232624733049217,-0.013908430046131848,-0.01268420176969487,-0.01134167687519183,0.014874152933145979,-0.008233094891349602
2014-06-13,0.014046579062844122,0.03837869378811831,-0.03804130285673146,-0.05192391734013935,-0.02073491110499326,-0.02568286630648231,-0.01064854308664595,0.006733824172353131,-0.011785415585578551
2014-06-20,0.0024021227604498208,0.034289073478632304,-0.019982143817456333,-0.05489511312664064,-0.027579501959443586,-0.030679766365847794,-0.019330396719652643,-0.0003705533639242198,-0.01860142595054537
2014-06-27,0.0037160112577023785,0.05450823561039009,0.007004833412239009,-0.04386777422038257,-0.015422571006632468,-0.01986857704808198,-0.006772124833946791,-0.0003080714750183233,-0.015683741394304285
2014-07-04,0.0004907422776410097,0.06582763660874491,0.0037201411794072214,-0.0342520803550288,-0.020423646434132525,-0.02333241455906787,-0.00828888144157694,-0.0007083134737109198,-0.011236540881462531
2014-07-11,-0.0005154473230324363,0.030253252595082714,-0.00972168505090032,-0.028633370624594257,-0.015880763456250557,-0.020995937603152104,-0.0020856737867058217,0.0032475092331321065,-0.005921865589762376
2014-07-18,-0.003363213829449707,0.01936795040274042,-0.0028951036166038335,-0.017640055634756457,-0.01696142739777695,-0.019516093373228127,-0.009424384486774323,-0.0013834808402801713,-0.007819038338781947
2014-07-25,-0.008510894476633224,0.004253801826592962,-0.003308001479132905,-0.009710549604815988,-0.027057575520329946,-0.02412053982057616,-0.011693229502178881,-0.003416948265146491,-0.009802943062172442
2014-08-01,-0.010654126168053724,0.004119247017083438,3.832078328169786e-05,-0.003834069486613245,-0.028258362203618326,-0.02786672607471008,-0.010022936010001343,-0.01620477965290812,-0.007151202935381296
2014-08-08,-0.009332455470719703,0.027978066609636087,0.015648915983731193,0.006357807273364102,-0.005060786683336316,0.0026365579553604412,-0.002164069293246612,-0.014513146509239405,-0.004007688141909771
2014-08-15,-0.012752701139450595,0.03476575688118899,0.042169202018630614,0.005811394781162882,-0.008227943647260538,0.005600913523315043,7.994563700941537e-05,-0.010889848985219608,-0.004606808583120348
2014-08-22,-0.013981271356740654,0.008658805745611176,0.04365108786120864,-0.004157278034487177,-0.018063791255788164,0.0025189218599295238,-0.004723598711221966,-0.02031707602197974,-0.004928086691784905
2014-08-29,-0.014169086533814435,-0.0009908856423344048,0.021415662110870315,-0.0013323930178676946,-0.016316646900240706,0.00060387507318449,-0.0037159167720414166,-0.027623081828374474,-0.0010339193129960123
2014-09-05,-0.015419865210614114,-0.0027350706568540772,0.026380157774358537,-0.0029028453488253447,-0.018918888651026977,0.0037962897050229927,-0.0030404888201691904,-0.01670120150584964,-0.003741944161125943
2014-09-12,-0.011009939106732869,-0.005314073510895412,0.010095746849804854,0.0010478947579928288,-0.011248361061108936,-0.0067944213339914405,0.0027160905018306647,-0.009714087218487766,-0.004190358304790642
2014-09-19,-0.014304035724296726,-0.010286644710275183,0.009801644244692653,0.014274781919103141,-0.00819229899881102,0.003505620544591359,0.009784891720736849,-0.006646596847004638,0.0019323677510540982
2014-09-26,-0.011682035610770525,-0.0037638795694494576,0.013446075743156705,0.025642305837800805,0.006452435837394521,0.01881025502470779,0.013355791181555637,-0.0081197523017571,0.01178265890617336
2014-10-03,-0.009917543713038768,0.026895465638428817,0.02633822525533347,0.037871311609531055,0.022807597894600296,0.033678543431498564,0.021999854830303617,-0.001545117736323931,0.014994925728076591
2014-10-10,-0.0058278567585088314,0.05347209390883023,0.028143830906213196,0.05217146064477962,0.022500755302441222,0.03572111018487245,0.027109255811952615,0.014960793475871093,0.01900817368692964
2014-10-17,-0.010291713815205439,0.05122957779891557,0.015015114500824822,0.039932226597715115,0.02307448305537907,0.02960343912054153,0.025923843593839008,0.00952277548112379,0.014151062436554618
2014-10-24,-0.00818383625516339,0.04422597372008141,0.021475222573689834,0.0360033524200043,0.030704846604288294,0.035853613727799605,0.027344522252280373,0.0175176732268274,0.014317443438299104
2014-10-31,-0.008317560665750179,0.02199828433735007,0.005621275593965969,0.02356858291711994,0.020426792769709268,0.02462838893566044,0.023629389907599524,0.008208827943330554,0.012962577312050971
2014-11-07,-0.004746966748997661,0.030618789161236393,0.004206357155916329,0.0414942070951394,0.025243760036260943,0.02291816171149952,0.027284455485248688,0.014207416689842045,0.01546571784626849
2014-11-14,-0.0015547481957551845,0.03839582631474059,0.007619744767271008,0.0646928937418858,0.0590252530114308,0.02705245739705253,0.03663701987997317,0.028192637621257788,0.02063154919240695
2014-11-21,-0.004833246457115026,0.040539925154963186,0.01985200418689992,0.07764777906371823,0.05717598899570886,0.024927894519346072,0.039057498878752844,0.02686175708661498,0.02510964416570527
2014-11-28,-0.002417987085389761,0.03125451245570687,0.016736483972320748,0.08935562853873691,0.06256361862052406,0.02814988982704225,0.03913132822937623,0.02496362099138194,0.03358853197883027
2014-12-05,0.0029992585303089125,0.045822260053611785,0.03187501980293561,0.08526427518232804,0.06103671747650563,0.032309138864913045,0.03911331577520838,0.024430153883318706,0.03712795809230851
2014-12-12,0.002740786133089923,0.04596661962295023,0.01664183025060062,0.07644633169432336,0.08216731010992251,0.014718504479229289,0.04580008356538201,0.02367835998482315,0.03879624550008165
2014-12-19,0.007975402948393162,0.04454498059680034,0.02806188968693757,0.05842316352972432,0.07761361453085858,-0.00044885318766052507,0.035643958675846354,0.018920730567154376,0.03527215210236312
2014-12-26,0.012307300282618616,0.03088453320682305,0.030662310356163403,0.0470284777689951,0.06450975864386099,-0.006041640920809055,0.03344845087395559,0.01641015277757152,0.03820720319558557
2015-01-02,0.007647649514522348,0.012062461460216056,0.029587787349210082,0.023291521472894594,0.06886396951672125,-0.007029455618372982,0.03589694517418726,0.009167868592093509,0.037975787451529186
2015-01-09,0.013629299297447162,0.022069950564985064,0.031046409626310556,0.03118149531725667,0.07656754541060118,0.0007585222566075522,0.04294549385261345,0.01590004449213156,0.04209386481379784
2015-01-16,0.010894280378118903,0.03974602775716818,0.012919314398843973,0.022486649811684245,0.08445006664582566,-0.0003120124830302551,0.04485056616535177,0.014268331963315894,0.0483207503129468
2015-01-23,0.01783449652392055,0.046258008515406956,0.00817936546714293,0.02002456284225751,0.08208158769927976,-0.0030427802248476077,0.03941358997189384,0.004862445722421338,0.035403786408666704
2015-01-30,0.02023078305541537,0.028095351724759965,-0.0004932776773030056,0.002427377532860042,0.09103125422204084,-0.02141775222750919,0.04480006914500634,-0.0002453686676524569,0.025778924468677022
2015-02-06,0.0235566412456214,0.04862765534611668,0.009843848357784957,0.014720767820835867,0.081184534375502,-0.016349382617650843,0.045594742780519504,-0.0015243905390964763,0.03686617107509127
2015-02-13,0.01969034953046611,0.04029333613453545,0.004241256151482631,-0.0059501781368052065,0.058122328502790754,-0.014965496650030552,0.0397743254878114,-0.005958309583630861,0.026508949771379964
2015-02-20,0.017845859374261197,0.052945845889434295,0.009768505808147587,-0.01080053265824965,0.0646223352379458,-0.014845319051403738,0.04276508507574073,-0.005188615079679604,0.013789996732298526
2015-02-27,0.019059985918416622,0.0459631534794287,0.0007134478794741383,-0.0019433554178149848,0.0679083689208082,-0.01704653593182348,0.04169618077758719,-0.009341075863398274,0.023530122527977593
2015-03-06,0.020944436294412228,0.04541866244311521,-0.0025019392551115516,-0.015983474187642344,0.037657095222384473,-0.012777494658549493,0.028036432223283336,-0.02095254984707795,0.006653554347114898
2015-03-13,0.014235572237281113,0.0394207914668101,0.0030764787122601334,0.007952346136010924,0.04421537212737192,-0.006734487202329831,0.05012286308157865,-0.008416270031158746,0.008983215007955625
2015-03-20,0.009995765092108089,0.05887360366644856,-0.002911131906540021,0.03521087557232949,0.05832263362088841,-0.007068753136376227,0.05534191360871121,0.002279116689655414,0.006294003540434634
2015-03-27,-0.0015780366384063882,0.060842779146673465,-0.022038501221666174,0.01330444629033245,0.0652848479291015,0.003927436820336805,0.045086496341069204,-0.009321125297374167,-0.009017279391248856
2015-04-03,-0.0023633071561381946,0.04431607514157854,-0.010515845490460585,-0.001094779999776918,0.04658722897004397,-0.0007138873699727988,0.028613619135095025,-0.012361851430923831,-0.01639485155900111
2015-04-10,-0.0018061462243790238,0.030970328352053045,-0.0011613103009997516,-0.0007267408752813509,0.02972911647170995,-0.012290181387041965,0.016802120053277636,-0.011801669184842822,-0.03208252092030284
2015-04-17,-0.002754700993868875,0.02437616778703955,0.009299239899563716,0.014076046512068174,0.02975380352739787,-0.0010537054411248192,0.027895656199709462,-0.0015361930021158265,-0.008978395892326407
2015-04-24,-0.008820822141264006,0.032427668209084715,0.016969481832366462,0.005308492601005632,0.006087456540681879,0.005843731239122629,0.0013379917256621798,-0.007605536022195825,-0.007788263893204306
2015-05-01,-0.013981759328185461,0.014964811384466259,0.02502400298259122,-0.02638394702478042,-0.013397701199364453,0.0009724877226569006,-0.014893416999342102,-0.006335818449086261,-0.033992840444943884
2015-05-08,-0.006032232884416233,0.024434949516102478,0.0281650481113056,-0.012774474504797517,0.003995053704290985,0.007169295015227117,-0.01723987621391071,0.017016515126653697,-0.028121078537147515
2015-05-15,-0.005693171144128817,0.02737099287454292,0.02695000959699101,-0.006745850574013446,0.004821435423077558,0.007965838701807115,-0.018066834007645527,0.029320696323815287,-0.019388979201393486
2015-05-22,-0.012362503166953198,0.019188473644192072,0.017828973826791383,-0.020415927718373084,-0.015728628238175446,0.002788079669068022,-0.029496258207765025,0.028467362548257213,-0.04284991323690868
2015-05-29,-0.014064659096060472,0.011344216944232599,0.027983708233537463,-0.0060305901789234895,-0.005285571600964323,0.01136580880425564,-0.017467854999460852,0.0353131590299407,-0.03202677951505617
2015-06-05,-0.012815759155915485,0.013788908701004132,0.015518133346091645,0.0007549340689996242,0.0039614832218541896,0.0065997919501339375,-0.02272491869117582,0.03376836314199272,-0.025245568633373683
2015-06-12,-0.011531956364464024,0.007804624809946148,0.015144502264805126,-0.014121254270531125,0.008779687652045842,0.01931457517754387,-0.024448249120056775,0.0296074257899388,-0.021012489634619325
2015-06-19,0.0012722852923279238,0.009101099431674697,0.028538492397821358,-0.001598362468082648,0.008737180345920192,0.007963573990271477,-0.028390991396085807,0.03197618029360072,-0.015432801163494325
2015-06-26,-0.0009340000840016849,0.020201941849029126,0.014622121923806297,-0.0008422578440718809,0.01623469097130492,0.0048088789602052096,-0.024486188413531396,0.033077092328337,-0.015512445555847076
2015-07-03,0.002184700714568999,0.0277539894811607,0.024143328484036886,0.03244986273904704,0.026219989452034742,0.018711355480042435,-0.004803615636702174,0.040067225189670985,0.004425715094818372
2015-07-10,-0.0018675494653308533,0.03260558531485813,0.019140756286949667,0.026351403115051575,0.029688526075568822,0.01141926452939046,-0.012940988384974539,0.03771413534969481,-0.01062897517705963
2015-07-17,0.0030776444076501264,0.03290047255910622,0.014429104231755474,0.04102192463776966,0.0455138670038473,0.017905982113121333,0.0028928551865877172,0.04774017780525597,0.0002579022887001514
2015-07-24,0.002570622998322891,0.030083056501883476,-0.0014010455034059177,0.06615296544987181,0.06151454554204672,0.02219854422932288,0.02467614368777654,0.04942161020177949,0.014228030340464048
2015-07-31,0.0021860742969379565,0.03586503762742588,0.006277900907162959,0.08046706493326816,0.0671061191287845,0.01933927341839059,0.0328772392311063,0.051183315456691414,0.02666224280969276
2015-08-07,0.0014806115054266655,0.031430514791559006,0.0004038424568442167,0.06392096586266138,0.06151390600131901,0.022603838699220447,0.02835045629216959,0.040320564898750355,0.026403538061362752
2015-08-14,0.0023029981351136986,0.03140148734991044,0.00652383078943064,0.06866560002706557,0.0961006029768281,0.03189311103935344,0.04866384572045468,0.04867286024014916,0.04067473150825007
2015-08-21,0.040003436711355755,0.049858449520954196,0.024873141790422437,0.07266717676320944,0.1291601713856485,0.0338193286644044,0.050411840511828676,0.05143138577814499,0.053953136463655404
2015-08-28,0.038701858770851416,0.059336699868520526,0.03725059975652911,0.07032758961371233,0.13144673999108036,0.0482961262981183,0.04057580124542709,0.056815827225130455,0.05812831454623657
2015-09-04,0.03920120945431127,0.04512593176409396,0.032539184885698624,0.047131829491699584,0.12189863599007045,0.03182669774653579,0.03513703839308774,0.053850064319236335,0.040619124390253614
2015-09-11,0.0391464274566482,0.061347464676014596,0.040110637669242166,0.07223183515945486,0.1247640210169576,0.03495417172922366,0.056947554587717775,0.06426014794867907,0.05340245807725008
2015-09-18,0.032415822421759444,0.07308187081419604,0.04569364580511337,0.06944397520406831,0.1423884343314119,0.03855846854720024,0.05864469820584489,0.07137699298958422,0.05659068607366091
2015-09-25,0.028014281968020693,0.07463200058327146,0.03330361494604972,0.0370772300502793,0.10969615955908774,0.024977787391493145,0.033473033077653425,0.05040902779941936,0.04061568133611093
2015-10-02,0.030392893677839483,0.09232948052624401,0.04146780129826233,0.05892195625679797,0.14924122924454175,0.03619417806821135,0.054520233025086295,0.06843013360428474,0.06792265330761982
2015-10-09,0.02342984536068915,0.10017771802972675,0.031053228543305167,0.04418528733284699,0.151684977832669,0.03547754023627103,0.059033059809638855,0.07334466758710656,0.05598836515751282
2015-10-16,0.020551287244100935,0.004668699491279682,0.0207552370068953,-0.005111754182870243,0.08172591415469999,0.01033748703393833,0.019928917827714887,0.03749892707701674,0.034964952634643165
2015-10-23,0.021531143758572346,-0.000638446369920942,0.00946175124673232,-0.03768719349057914,0.09273620041616004,0.011465636257177891,0.0063174156297733375,0.008905920346057972,0.021367093107180324
2015-10-30,0.02748046594363851,0.0029758520301417235,0.015593168884199038,-0.026803822755163687,0.09839513716313841,0.021182134177092138,0.019538938401686523,0.01695954136003497,0.02757631127940252
2015-11-06,0.01689197022070399,0.012812399775963712,0.025459356425718838,-0.021301574732638606,0.09132853882313885,0.02117395730520233,0.01091259303632991,0.013347938595396514,0.02465643490868752
2015-11-13,-0.009859662593157958,-0.002989864272713305,0.016093675240267835,-0.020464233459311032,0.05507947478112474,0.02208257809944092,0.004861699811765818,0.016386315522471495,0.017519416690637613
2015-11-20,-0.005966126774693548,-0.02072639182689784,0.0002901349601245329,-0.01988318656175725,0.04460663285169253,0.009453315161520148,0.014174105776014467,0.008887332646515755,0.0065644079705249325
2015-11-27,-0.006623800702447946,-0.02829215211995617,-0.001480033801469105,-0.021011269617610573,0.019919333837713715,0.0059946206758021425,0.004647293604514435,-0.002712226246011973,0.003641529761672757
2015-12-04,-0.0018201750069148925,-0.02465442918699523,0.003336682089694065,-0.034342737694645464,0.00016436361965688207,0.00667704013830539,-0.0069126324497192915,-0.0007102025768328524,0.0019904160415080696
2015-12-11,0.004831209144851467,-0.03631082942257713,0.00361939427163005,-0.01840893416448619,-0.021420611844831683,0.005647023689996367,-0.014332956312711975,-0.010918429687307274,0.00570238837503334
2015-12-18,0.023104653525264585,-0.015735976976682053,0.02130736660167809,0.02100726643748807,0.020528511098536262,0.0246009355485044,0.012211554992092588,0.016737959631751842,0.02138832422070891
2015-12-25,0.024078383333882014,-0.05340005632285383,0.0021506878708015265,-0.008130400363516088,-0.02138773881063738,0.01203296971292378,-0.006062333525191643,-0.0018681894380070396,-0.005278177636280468
2016-01-01,0.027322727536744473,-0.07675242598321219,0.009643082478071108,-0.008008016692200748,-0.023767261732912548,0.007423083935103936,-0.018711894334897006,-0.012940214052939769,-0.0006707521822262308
2016-01-08,0.035450671535934175,0.03393757148658061,0.02126862794074391,0.027924273083560713,0.038219700417360114,0.025022913190930307,0.016756293078949158,0.01396239340611194,0.02216310251740561
2016-01-15,0.04926485384857093,0.03468792085589101,0.032743926119120914,0.06697413962356347,0.048097084451202754,0.026675675727876325,0.04241030902791526,0.030581201433392824,0.03580718908888603
2016-01-22,0.03456731868652008,0.0308482930714149,0.04289345234194908,0.07275935428242875,0.04153729366184056,0.027652896506642044,0.031566162306606305,0.022802721430918993,0.03568345631975367
2016-01-29,0.04394790166155094,0.006620757994783233,0.032618842653611146,0.04774893530010793,0.0001860854602844242,0.020064589816080503,0.01906031994686569,0.010523768406097478,0.02790313854638704
2016-02-05,0.03191084177815129,-0.0050493198177878895,0.026558791300575812,0.04709223194826695,-0.037054403369303435,0.012076906924658903,0.007582339583563802,-0.004754588735929488,0.024374875946622243
2016-02-12,0.024826565761760788,-0.007489303432187455,0.024025493423816435,0.02961627229773267,-0.0485352521098541,0.012529776979846474,-0.013604690478946468,-0.009519155476337637,0.016090184570076715
2016-02-19,0.014517949640227457,-0.00827399533680051,0.03142767549501713,0.047824461028430854,-0.02708782331632631,0.010683749293667333,-0.01085361970373161,-0.0025371296401317522,0.018177740055097313
2016-02-26,0.012205139836411805,-0.02325046721065327,0.028289429372228447,0.06439412020244539,-0.012402856874822898,0.01028937137175756,-0.0037229464881260443,-0.0038382405193524427,0.01911918742503449
2016-03-04,0.014966983673076362,-0.033550547295991606,0.03000859380309695,0.06542329964434668,-0.003080936196985462,0.0097062477627059,0.007672169950692642,-0.0008394544039651564,0.017575677412933643
2016-03-11,-0.0042325833601357665,-0.07998375743577313,-0.0023055401311671275,0.008320894492240605,-0.04054046981945714,-0.01441409024151108,-0.026570702060753182,-0.021955853292458638,-0.012483491001562541
2016-03-18,-0.010400382133563646,-0.06479453746253228,0.01088459593947455,0.004368608783965833,-0.04890897757312174,-0.018061155168913157,-0.030328737255970906,-0.029020128874363227,-0.006453456219007059
2016-03-25,-0.012162296488699598,-0.03877672020871081,0.005992469588177229,-0.006848989129399463,-0.06175450725835585,-0.011778799911701388,-0.03518660309808197,-0.033009461529762696,-0.013201309207639511
2016-04-01,-0.00707920251542693,-0.04376337866963986,0.010619505004243912,-0.005569002039680804,-0.06117939311855536,-0.009003469252979013,-0.03306857043647554,-0.021038644146707863,-0.010743930226166487
2016-04-08,-0.031038152908548833,-0.0586777082811345,-0.007846779692163075,-0.047792285458220896,-0.11899251538529754,-0.024723270395877517,-0.06440208428969807,-0.03087915618903958,-0.03290672561844943
2016-04-15,-0.02063062290775064,-0.0647816265964849,-0.018741902555087897,-0.058483237348290196,-0.12005291298245413,-0.03852397548436626,-0.06642204227934478,-0.03627594732059736,-0.038725671296665265
2016-04-22,-0.018454541458328366,-0.04396866392858101,-0.015482137548522346,-0.04248548915142081,-0.09624095357716511,-0.03384158094571488,-0.04995024694227984,-0.027233150458358946,-0.03253234781311054
2016-04-29,-0.014438947474481045,-0.03777544687786971,-0.019293977567637732,-0.05283247627562737,-0.06345894262974006,-0.021001258761194297,-0.0508810250237699,-0.01803379730856447,-0.03476314283143145
2016-05-06,-0.012883439916839823,-0.03309765653311558,-0.020928415821172663,-0.0541395546507113,-0.06489861764732585,-0.017777682961285457,-0.04441295060509998,-0.019787177977319104,-0.034797246666209425
2016-05-13,0.000168918919320582,-0.01028056881096262,-0.02466823909235316,-0.03206321838438164,-0.04054725208955423,-0.009111054348553083,-0.027090920775179272,-0.014276869821898686,-0.0206142456477183
2016-05-20,0.0036769384508839043,-0.011377111359914593,-0.0273468778859689,-0.04596191988169007,-0.0437809800903699,-0.021456956851393816,-0.025253140513963268,-0.0076505023090835955,-0.01866042271740298
2016-05-27,0.003647967901647897,0.01858716592228582,-0.018547872077466998,-0.04204818676913824,-0.031587918609226495,-0.017256994982487228,-0.017571993410516795,0.0001399580128245148,-0.017331141266216044
2016-06-03,0.00990156305971368,0.04090168971682395,0.0008417056676304213,-0.014949970206568075,-0.009949845534188873,-0.0016691993860447063,-0.0005452265551347812,0.009358686326738308,-0.0008899937674109459
2016-06-10,0.009942468228638424,0.0334610309931076,-0.0007165890668519026,-0.014514240112108112,0.013968234299732485,-0.00442082602183369,-0.00838019285952274,0.008872542855515864,-0.0108491811663054
2016-06-17,0.021030673399179856,0.0156599783924829,0.006271119075116793,0.0050425977814532175,0.004553797976553531,-0.009441471869754192,-0.001142836201140196,0.008706877728459794,-0.0019488660987083684
2016-06-24,0.01177098154411138,0.004160789491731265,0.002427153049747943,0.0021954843367337773,0.01523483283273297,-0.00032305654847375465,-0.015285985678077263,-0.0005671345678739392,-0.006928540857811694
2016-07-01,0.022867117465170228,0.019829920733517525,0.021466129461743755,0.014626119873377696,0.049416277007589215,0.015632877954459,-0.0017033255988194718,0.0011345909598921011,0.002536816111108564
2016-07-08,0.02824180610305449,-0.0013510266421103978,0.01041779728300174,-0.00032240216027279445,0.02435625095718419,0.018819838778241227,-0.0026005884552950387,0.0,-0.0034238915494899658
2016-07-15,0.03281419413636466,-0.003742692651538704,0.009305216375055103,0.003108310042204465,0.03225273259958206,0.022800824895876648,-0.009248022113243715,0.00483917824508584,-0.0019506763883696543
2016-07-22,0.030568875218502267,-0.005789531898571454,0.006909766962836628,-0.008144865183552064,0.012541906478860776,0.0007271483275186341,-0.003703570767882969,-0.002214682098287568,-0.013279829424810874
2016-07-29,0.02974979127193067,-0.005557026892892836,0.011222954690108367,-0.0043338723458195005,0.03831405010371758,0.0038483256270156474,0.009955486454747642,0.0007875989380745629,-0.008094437271461086
2016-08-05,0.018981702849443005,-0.019928435501736175,0.0026937306427123886,-0.051138143896884536,0.016470756614483495,-0.0008710524350661331,-0.012205647700570144,-0.009297070470102309,-0.018575613587067608
2016-08-12,0.017674945568362466,-0.014662797655706328,-0.0019278770934594291,-0.053772313754673284,-0.0012425448914761272,0.007260335116774375,-0.018086733531375077,-0.01269205536877882,-0.03522674273508297
2016-08-19,0.012167525344679575,-0.04025057300889401,-0.009446450423962638,-0.07669597286099528,-0.013192966152539398,-0.0028731339046652593,-0.027508519559856726,-0.028100905305190604,-0.04117990364700086
2016-08-26,0.013023861786324309,-0.030556283524143524,0.0014951150691917547,-0.05534720563927298,-0.01665675480608164,-0.00607969906020811,-0.020719277658275526,-0.02992937096369097,-0.02729578297854962
2016-09-02,0.01954828976585432,-0.019470412120254466,-0.0012732116237268443,-0.05211578991041854,-0.031439806948127424,-0.0009514131363985712,-0.0072287693995478075,-0.023234415447161094,-0.021931458259655034
2016-09-09,0.014849523631601746,-0.006075605020804176,-0.002391506799409804,-0.044550309010923606,0.0039706907729637475,0.013004701432429044,0.0033878364999875843,-0.017128737836037633,-0.019416264414902074
2016-09-16,0.014049252240226906,-0.011586444649136496,-0.002708163613409198,-0.05695614323883902,-0.007883309690005058,0.02274470891523883,0.006201341345558886,-0.011625964549099699,-0.024365893828594665
2016-09-23,0.003117073380719315,-0.01758093600713906,-0.010323735859897987,-0.035483068266679574,0.011546770648470872,0.022718901522504886,0.013509490793267298,-0.009828438920137295,-0.02091865226134404
2016-09-30,0.0017609002373348837,-0.0019419560217706078,-0.007616790694494391,-0.03862025726970497,0.028407078294690136,0.022912606477988096,0.011061282155887031,-0.012342292151428236,-0.028108801793641724
2016-10-07,-0.004254068895655827,-0.009076871377937223,-0.00898678521657903,-0.04292252825796172,0.025146084835060423,0.025106446425720907,0.013326885688064671,-0.016030112827425835,-0.03153176849052741
2016-10-14,0.00041764241467423524,-0.012028038669871677,-0.007394852834798904,-0.020639256389730853,0.05171119312284045,0.03146137751224831,0.01863716205741689,-0.0020045825727486033,-0.015539163745137419
2016-10-21,0.0077598066663282506,-0.004898393175066573,-0.006924393948484209,-0.0046795152082212965,0.035235802076323264,0.025890600362719063,0.022575144038884998,0.01025357886843814,-0.00839688208275069
2016-10-28,0.020039375787903158,-0.002087579663649919,0.0034111343668588034,0.02286789372598097,0.02738038413724353,0.026034888065053163,0.03779270110552385,0.010008662331055351,-0.0014953921106783952
2016-11-04,0.017971918122013264,-0.005313314075783282,-0.0009803078652188546,0.028350387183139425,0.04342955792733627,0.03203456170706653,0.03276947958469362,0.0007133176705913513,0.0022779053129937665
2016-11-11,0.01876501815669429,0.002724204740902181,-0.0015091992132489906,0.03808703078719766,0.04121412316332762,0.040976581901079445,0.028376418214848875,0.0065277660872080645,0.0024493053994176783
2016-11-18,0.023893871696251123,0.027638982461455797,0.007977295930237105,0.04116643896214356,0.06784588220773258,0.058981786459255225,0.047445887753611415,0.022407102726155426,0.0071995909507740485
2016-11-25,0.03264613208385336,0.012406144423335874,0.018712845909083065,0.06049843998825288,0.09537807077145755,0.0721822994101382,0.05456193235157064,0.028168867867485847,0.011432470036207398
2016-12-02,0.03692831029849386,0.023670098252356553,0.02745784638656268,0.05270874306631779,0.08671167454909301,0.0645117369777215,0.048856683676301804,0.029276637771478597,0.005384228753794851
2016-12-09,0.0265021590533554,0.023269847671350874,0.017457208940983904,0.05440140511966174,0.09034855771784023,0.04506129044357188,0.045112317925158185,0.02157489120470002,0.010284769949111983
2016-12-16,0.04045627935054852,0.01052402888446835,0.006333779332716283,0.03982269288320861,0.06706553702208651,0.04152753958306166,0.045773518028837945,0.021524478683328407,0.004611530683149123
2016-12-23,0.04129982482055383,0.026402977647327575,0.017535245729363602,0.07406462156749516,0.08497520380366463,0.03930071315332384,0.06339736771267196,0.035534393555447075,0.02224085235180917
2016-12-30,0.04061158803032683,0.030923989048622147,0.018657368642957195,0.08885557842218006,0.07867096406937546,0.027712199413848282,0.05947419535191384,0.03717373755910325,0.02949964158221663
2017-01-06,0.03812632635253066,0.03924387944478269,0.019575802125861408,0.07678979729861712,0.07621235798128745,0.027785239926947813,0.050837950002730614,0.02547187379936089,0.028880780682711382
2017-01-13,0.014873176449834213,0.02314080256198281,0.020441441809909477,0.055920495476288856,0.062267950100103775,0.023743989536319177,0.033387768346491487,0.011200849729050333,0.005234749863189059
2017-01-20,0.01206567009501014,0.02009721862113345,0.01755859580120145,0.03558375309158901,0.06460126117424991,0.03129236621340814,0.025123393415665274,0.00814711743105434,-0.005893104131992288
2017-01-27,0.008132540706602853,0.025692037575065996,0.018595768739042562,0.02350030433561212,0.0571451862392367,0.029530793951088263,0.02390863031464102,0.010003985663546544,-0.0015971539271806279
2017-02-03,0.013695076087229197,0.01795917316563944,0.019680695156406358,0.02698542909174506,0.053859080455994635,0.026038899954758055,0.0311034965423565,0.008188887573417958,0.00027001056381825705
2017-02-10,-0.0036141166031400385,-0.017955193614884735,-0.00898770712535768,-0.02555727496012139,0.030612880622247873,0.009592957242617661,-0.003830471078295705,-0.0114976426287563,-0.035943088121360045
2017-02-17,-0.005346907035839399,-0.003915367172908191,-0.018866876923457454,-0.026153875850669195,0.00564144562878055,0.005339448230857968,-0.004074040685752456,-0.01336505672661703,-0.03151317736713111
2017-02-24,-0.014679654829079514,-0.01383932546922928,-0.020668397810401196,-0.021268625108146644,-0.0011895011109308573,0.006487548283665934,-0.006991192908332999,-0.017705844982454977,-0.03004329704348807
2017-03-03,-0.0027311377410026427,-0.012373166805476288,-0.02017422563835769,-0.03223673965540552,-0.002855956155993322,0.010691220598184614,-0.011604588037328112,-0.020929429139044498,-0.0401895459737287
2017-03-10,-0.003442344190972779,0.005452339358587466,-0.011279784556167627,-0.01432017671791641,0.006690193559344415,0.006660575814158243,-0.011168983765361906,-0.01745318989127842,-0.025413237110418763
2017-03-17,-0.009600258518788651,-0.003666385776659453,-0.019006110127218534,-0.0317473416235492,-0.005598491836997566,0.005056989057822481,-0.023513232365865666,-0.015165635043241199,-0.032815320476037524
2017-03-24,-0.009512591248301616,-0.007251955857169534,-0.03582676507909355,-0.06354321514821848,-0.008687215817162475,0.009799294477690346,-0.03155699633478176,-0.03134743084201208,-0.05155567351381318
2017-03-31,-0.013665432829473856,-0.01241713688266266,-0.03818716089560059,-0.07353642118286086,-0.013464590115613406,0.011678467716334406,-0.03189833154594346,-0.03504890469451594,-0.06315136711189062
2017-04-07,0.005435410585306499,-0.002818444676067955,-0.04907306779119924,-0.06836421561476769,-0.010564269973942553,0.014414411137539496,-0.027250027213928996,-0.03870805999392912,-0.04887012973724225
2017-04-14,0.006036689289954378,-0.0010659221234732286,-0.058868295234487,-0.0382859935451787,-0.006293569885590156,-0.0016873233820668965,-0.020226241486459573,-0.024137132945878825,-0.02965514966026861
2017-04-21,0.004983144878140333,-0.007435590895216393,-0.053231826097550616,-0.02910995153642837,-0.009035525668709576,-0.008912347802210174,-0.020325039308811133,-0.03053562934066889,-0.039627841771973316
2017-04-28,0.004056977667360462,-0.0030659809099091717,-0.050577146221334246,-0.033897737315878196,-0.007021864495612373,0.0006624311464422661,-0.020711270829714967,-0.02477062428507315,-0.036781219446733626
2017-05-05,0.015227108010739121,0.0012085954365979035,-0.042318808824071574,0.003270102599383762,-0.01984327852893375,0.009113094703780966,-0.006631513178924964,-0.0123538165267294,-0.018104119287140286
2017-05-12,0.005448337936125425,0.002102102876172296,-0.03969192616149542,-0.009748235196278543,-0.023980107706394804,-0.00187358846894492,-0.011752763691367463,-0.011482268625756298,-0.025992047767255055
2017-05-19,0.007529854752766241,-0.0003523859187062328,-0.04411147270492055,-0.024494033569103735,-0.024391175880114968,-0.007854492572420213,-0.010134024790674045,-0.00962098173620074,-0.02483460147461969
2017-05-26,0.0029129486508852054,-0.001238269433008199,-0.03237243443179416,-0.01182972436357943,-0.027164418505865928,-0.010328974669489899,-0.013939630515078516,-0.015534433265259828,-0.020500693251126023
2017-06-02,-0.012509092856281656,-0.005925577026619777,-0.03480175392679197,-0.0324275789995454,-0.04251471398549933,-0.011313332738745352,-0.024310352457257933,-0.029807603594197207,-0.028592047343241056
2017-06-09,-0.01708818079340335,-0.005603894620614724,-0.035529942371791634,-0.02916120828737423,-0.03957828886566195,-0.017756786404634628,-0.02331924986642364,-0.037041271680348764,-0.02949960185167555
2017-06-16,-0.014065011766585922,-0.0034238894555915778,-0.0176403765173081,-0.004442540348438051,-0.039127830532049046,-0.01480587795141286,-0.012740854603012775,-0.022851090414163888,-0.014990067863346557
2017-06-23,-0.008380784322332246,-0.001075620748098416,-0.013264305887784822,0.01440918959791393,-0.034570208752003895,-0.007536342879067348,-0.011971454963856487,-0.017370163781535553,-0.0018279884871219565
2017-06-30,-0.005062378598974071,-0.0010213968488681502,-0.004415940109584682,0.01601482184780778,-0.03160948553710097,-0.0013942558925168491,-0.0077952797075058755,-0.011498167616219579,-0.0016312814116989927
2017-07-07,-0.016752059789645113,0.0022206393460901808,0.005827843398019006,0.008941361981518625,-0.03247194775873985,0.014103648841110594,-0.018135212044212312,-0.019192766316905807,-0.0077670929743076655
2017-07-14,-0.011173708866623944,0.008106786917101871,0.001812043613154124,0.011499887155833832,-0.0249978554508814,0.02296749765381456,-0.011476803852060236,-0.0071585404308280864,0.006237504219117174
2017-07-21,-0.01757481033244157,-0.00045808005186565026,-0.00637949569753804,-0.005587469684697588,-0.02464601535357902,0.015017211111497453,-0.018886541343161756,-0.017822907514070785,-0.001005530502018459
2017-07-28,-0.02059890283971577,-0.000983280558102706,0.0017716861290884012,-0.019201284583526324,-0.013217583731954363,0.011852284221641085,-0.025138965097288968,-0.03343564332662252,0.005227282756131935
2017-08-04,-0.024264723679592537,-0.0007202233003464897,-0.0021497511920438583,-0.013652270476604222,-0.013318062278670606,0.013754443451194476,-0.03408206739853836,-0.038206233678651724,0.0018366389715236409
2017-08-11,-0.024030554943627713,-0.0008477342373378605,-0.007589323886094235,0.004819543085711864,-0.015654490073882865,0.013030281488762618,-0.031290419219189736,-0.03987253798271073,0.0012101020117216699
2017-08-18,-0.029511027818833968,0.0041066588491780465,-0.006648929677890436,0.022393976557902207,-0.006104444084333194,0.0278975276052269,-0.017179051098712927,-0.032218127731519886,0.010187520296201846
2017-08-25,-0.020176659269048214,0.004258579813862795,-0.0057847224251119655,0.01933717927041112,0.004720848235630459,0.033446479337130075,-0.013223513816711163,-0.024999628944708974,0.005207268864495074
2017-09-01,-0.019692701068371843,0.0025095058776791745,-0.005117774333228908,0.0033289780980965133,-0.0018474135625488053,0.033422748498869836,-0.018885371245108806,-0.023683284382972403,-0.0013133943151029115
2017-09-08,-0.03379157905062691,0.0032589706777148564,-0.006082933564695914,-0.002687503842333072,0.0013354734128738777,0.032167082618966614,-0.019697164389769983,-0.026846750863940727,-0.0025092448045955784
2017-09-15,-0.0446775799715744,-0.008517829621515816,-0.007893794492727757,-8.819936584636423e-06,-0.01895869705618347,0.021243180365306813,-0.03021688491490354,-0.024640342735084975,-0.009556454553248717
2017-09-22,-0.042760900840035365,-0.004020605343891148,-0.005385779207922603,-0.0027940734499809494,-0.023192385818489702,0.02294535011906973,-0.029832199631400658,-0.02500055628773179,-0.008063558357244816
2017-09-29,-0.031056047671343068,-0.0037238678116828794,0.0035760803992932466,-0.010635081511326305,-0.0224474466043616,0.0034827038002052113,-0.023885023019735496,-0.02561257585672605,-0.00806003108166653
2017-10-06,-0.023240435492712486,0.0029702218235865274,0.011316506447839103,-0.008883378918367768,-0.018242725967330786,0.0038786829618779883,-0.01733714976259848,-0.023272903897613162,-0.0066327611412591025
2017-10-13,-0.018159894879791416,0.016685178593263572,0.018391836667094097,0.01291929232705158,-0.012943950360822187,0.013450167913378497,-0.004310981395152791,-0.010788393762856341,0.003260174458270537
2017-10-20,-0.027817704577808744,0.0100498101778701,0.004771023587734291,0.00831233320522795,-0.014578203159373304,0.010758797449093915,-0.009398045842469005,-0.012361245534521448,-0.01044879393568321
2017-10-27,-0.01759712344020814,0.014883732364873836,0.014552579386545084,0.009360664233438065,-0.013237440983181026,0.01962883056653464,0.0025757088236354475,-0.006401512536498899,0.0008922818219527784
2017-11-03,-0.012678872687798659,0.02076019224216097,0.02003212677912103,-0.0019587429541445545,-0.008497504243077048,0.026065086481517064,0.0049849820993234095,-0.0010817308747119725,0.00036440130925141645
2017-11-10,-0.005979540205830469,0.0119315859229161,0.0075001516196202545,-0.024121007702357034,-0.01376066346984084,0.003496472909414905,0.00128405043782287,-0.0023490448988727763,-0.0035331642031057875
2017-11-17,-0.003719455668936611,0.012394625405756088,0.01837309857604197,-0.019524768878496523,-0.02292336957782104,-0.0033591221931286164,-0.0031586319279209296,-0.0029106833504388696,-0.005190694874058099
2017-11-24,-0.001234819037583934,0.01457128411576214,0.016291680163316613,-0.02366670294073092,-0.026396893910550556,-0.003669872925901707,-0.00036882676625099586,-0.01307544468904176,0.00039918832238949875
2017-12-01,0.004280284943017909,0.012390310463310072,0.009993856528948797,-0.03375683540918217,-0.03689329024622734,-0.009077039807315224,-0.008954731437804897,-0.015694997684155165,-0.002131983884936073
2017-12-08,0.01490376870506016,0.02682523304781803,0.008792872997886114,-0.0436450602861731,-0.025223083380725653,-0.011290068115786145,0.0043146803034821435,-0.01500746595417679,-0.00013314249595275385
2017-12-15,0.011549680671653961,0.02144344043199098,0.004943886193107261,-0.03545926077587325,-0.02464785884783227,-0.0155877396655697,0.0052621948368749005,-0.01390199887975152,-0.0013974382576913413
2017-12-22,0.004909204925940491,0.020945434278310415,-0.011874109460031868,-0.03941072979267002,-0.02863378951172324,-0.003135868667284658,0.0025256290353046773,-0.01690859698365399,-0.006588603629026135
2017-12-29,-0.012008634243257932,0.007626954808348074,-0.02063618044335236,-0.06001359497476688,-0.03390563683491088,-0.016514400348051517,-0.010325203214993306,-0.01710323054813223,-0.01523706220498644
2018-01-05,-0.020750422569638438,0.0005021859966110043,-0.02569706395988991,-0.06806207826170407,-0.04600316169080276,-0.02559189925839922,-0.021725904965530896,-0.025225743907627773,-0.025810247695674526
2018-01-12,-0.013919063411683252,-0.0027247567556134555,-0.021903874484497265,-0.058439981224780446,-0.05463978370015665,-0.02905174799945698,-0.017255330090762022,-0.02621522742039284,-0.019805951217276352
2018-01-19,-0.02290853119478875,-0.0143285144275751,-0.023221694060955755,-0.06296543805925836,-0.06174951462621081,-0.022402317823214446,-0.02470363719913593,-0.03824431538049122,-0.022076541569649333
2018-01-26,-0.03778833448397756,-0.020069947177768555,-0.018111770021685736,-0.05357594413944611,-0.07456504536957143,-0.01847936499618541,-0.03459522977381091,-0.04312707637550206,-0.028897918394641398
2018-02-02,-0.04748453645826034,-0.015407661461654953,-0.015504669979124586,-0.046236020304835534,-0.09035375899375087,-0.004788766322343818,-0.042121341208202545,-0.056645972043628756,-0.03713364645486106
2018-02-09,-0.05292966936178245,-0.002285935102824155,-0.017328752755926047,-0.029298687417964153,-0.07587856028976248,0.008797368994008181,-0.030098235525883144,-0.051538950782271886,-0.028443672439983025
2018-02-16,-0.048200799639836145,0.010154089613605422,-0.010170588577143036,-0.008447373566618843,-0.05470161829719844,0.015161118103155236,-0.01918086401306468,-0.03329924213917046,-0.02529478274991126
2018-02-23,-0.04669018200273389,0.002499631533721569,-0.003327970800342861,-0.01724525277066391,-0.05544075602818066,0.03201788317173637,-0.026057653260718017,-0.043616135737761574,-0.030850862790411604
2018-03-02,-0.04379021219004997,0.010686799195463337,0.005523958219912473,-0.006609409387673182,-0.043080511436479396,0.02840980535470461,-0.019526526900760177,-0.03774680945805464,-0.02603417984349754
2018-03-09,-0.0432090090919377,0.01725512337558932,0.012031669121189914,-0.008034089205612105,-0.046059949645163245,0.028631613221478336,-0.023106422999016496,-0.037276823367330625,-0.023889678718549856
2018-03-16,-0.04369067478734978,0.012538821478859319,0.01399209346965069,-0.020795708885456676,-0.042053499743719636,0.03104964049645753,-0.024483049269491186,-0.03632493303906603,-0.023510625204374858
2018-03-23,-0.03697146898639625,0.015270489844263935,0.015374665478940841,-0.006582554458185008,-0.043226962672478386,0.03718782552684585,-0.02006454687051018,-0.048977187427655,-0.02671254725471295
2018-03-30,-0.03158748414120227,0.017593615599079016,0.01797164444186805,0.012280244495664228,-0.03214338244283743,0.04804048339203648,-0.017133141088851445,-0.043638897791368425,-0.015949192928412348
2018-04-06,-0.03377281553458755,0.022497208040364924,0.028112299651699146,-0.0014213573058370343,-0.03409565733447084,0.04577179809133192,-0.01308249134838313,-0.03175170475588107,-0.012812704603635705
2018-04-13,-0.024767977749094117,0.03244181903741783,0.021075366033643128,0.006160212631337814,-0.02560188789012985,0.03206450852301934,-0.007562044505232013,-0.02041210110728109,-0.010660430273274013
2018-04-20,-0.020845758584358887,0.0317411982114546,0.022018399750813877,0.0024306573803949405,-0.014686204858050722,0.024217888056886405,-0.0071793816569393765,-0.02241007924260252,-0.00037508738270730646
2018-04-27,-0.00635667568028464,0.04630986537668491,0.04095899296006955,0.00653514603752825,0.007002937916074536,0.022387078984633657,0.006441921303424469,0.0007336289442623212,0.012622122954614845
2018-05-04,0.002326134445502559,0.02656591782453077,0.03784101015513386,-0.01680961304315165,0.008712418979480052,6.767044495914476e-05,0.004614403588483473,0.0023983302607062384,0.00842224634831279
2018-05-11,0.005707679058347015,0.02376422509977516,0.0387906723765159,-0.009326985802771581,0.0,0.002678491010690287,0.0040904457071013756,0.00029918197573008953,0.013552179225956085
2018-05-18,0.006030965519181919,0.031180497787543615,0.04554611854222568,0.0018456153150427923,0.014125681076721186,0.003215666967839148,0.018820705944619043,0.020613084590489272,0.022949653249708657
2018-05-25,0.005080971508210297,0.0340874723178306,0.04641214658781134,0.0032593225023918038,0.013611169871772022,0.01141476136506192,0.016515652030721195,0.02443764602861176,0.023200702940679552
2018-06-01,0.0061338562569952515,0.020090201987006395,0.03790915015916152,-0.005314908547383368,0.019734812550967762,0.011935904554816634,0.01475556629652336,0.015679049229455178,0.02115570575564263
2018-06-08,0.013992062444331932,0.007045549585518174,0.030631298724877354,0.006803128752514098,0.017109599301793343,0.009444944838274072,0.017559515191808983,0.021188269486432265,0.02056836489865077
2018-06-15,0.011201298503462409,0.01571328072583711,0.03910594721355576,0.006007030901530541,0.02059421543479867,0.019131722869606183,0.013720531862906893,0.028527081610028038,0.026578736663405156
2018-06-22,0.019779166158426786,0.020890774884353647,0.05106822578395942,0.01969700353751147,0.01677819526615454,0.019555423345491985,0.026962693759895462,0.044727679613527194,0.03304191084284769
2018-06-29,0.03903533768148559,0.028051816186026812,0.04159480739017418,0.049067781176804104,0.03527070153382472,0.021664029803142526,0.036980892813350597,0.05446546965765542,0.04263974078957222
2018-07-06,0.04913344834608235,0.03513789200982842,0.053294371374314586,0.03848127191559403,0.04220547760741766,0.025830399807369453,0.03446816405715547,0.05521334452703375,0.03804115019034482
2018-07-13,0.05994903741025004,0.04213478042847285,0.05210187766514185,0.04105166645451419,0.04046108605819021,0.02653385373693551,0.03495064981430518,0.06223967993977331,0.03820884959108417
2018-07-20,0.0647665973160032,0.031275250677577304,0.032516374905816825,0.052709679713465185,0.038577128641847924,0.025367859898193235,0.037986563916104776,0.06093498557744059,0.036970388491192274
2018-07-27,0.06980863724469932,0.043772022088198526,0.0304115794454356,0.054639204260269914,0.0357113685115531,0.03135560199926024,0.029155716800296494,0.056573920870944594,0.03394551418581271
2018-08-03,0.06973101634615797,0.025675188247836545,0.02601114996700904,0.03660012468426821,0.030744735952250135,0.028530256370615348,0.019140050170222633,0.049497647028993175,0.028039064986479456
2018-08-10,0.07824021758420296,0.036013959653006467,0.017647213774504955,0.0512750422881485,0.03277593845446192,0.012459214812031938,0.022214908363744124,0.040535509436363526,0.02761425152201369
2018-08-17,0.07432122431735588,0.025621590788986737,0.014044774634524693,0.041290019651322396,0.02824639901287629,0.015289311340834555,0.020268225236693804,0.03352473929686983,0.02560735746151499
2018-08-24,0.07079158742102121,0.03938486061278468,0.031826609358187596,0.03982686567318172,0.030840919467565397,0.013652250177857095,0.02288108959265689,0.038711936749530995,0.025903573889938247
2018-08-31,0.05875383584622962,0.05205719940878062,0.040927942452168686,0.03636032659715571,0.031784039484494375,0.015558491797858398,0.019603394342390223,0.0192643671859849,0.02561911868812139
2018-09-07,0.0652505530670735,0.05729865467699824,0.04523983786316599,0.035581400018493525,0.029764469532225668,0.01152793803698593,0.025503100789563637,0.0204348399239227,0.026118731681021856
2018-09-14,0.06193164737806689,0.05807881136039761,0.05061791924438719,0.01833859709139407,0.03965689123665128,0.006068901850136754,0.02046351065253854,0.005151774382640362,0.020483909485159657
2018-09-21,0.052015880448534,0.047089098600611834,0.056902615556576386,0.004590345087724934,0.03344086556180148,0.013433899930811233,0.00915388472401879,-0.009060464666708512,0.012329886551478264
2018-09-28,0.03184133655630195,0.04000533461369926,0.05234488864209119,0.002497373666983549,0.022525129120208875,0.015733291326920806,0.0005132153050805277,-0.0193676630619537,0.005799016988174088
2018-10-05,0.03197488225000944,0.03780508361870716,0.053471567078146265,-0.0054276168217084475,0.024040383514069008,0.01195311240624708,0.005946062664751117,-0.025602082665162396,0.00016412007061195055
2018-10-12,0.027723412654137025,0.05236111200639115,0.07782065254798365,-0.0006543981981135261,0.02407227825244007,0.012252893917569896,0.011203376311704316,-0.01569264367729062,0.010367502146838348
2018-10-19,0.019443313468979317,0.04807361162778889,0.06826941148260257,0.0017876743760449898,0.022396262295727665,0.013160043994435267,0.010210123702488583,-0.019222629123325508,0.008917007795660847
2018-10-26,0.016621122936889332,0.05610922930161166,0.06721935073015572,0.012049839662594763,0.02311538442908967,0.008318038183947607,0.011760974162382976,-0.023974400107162452,0.010772564430978182
2018-11-02,0.01667985400864147,0.04806673260505079,0.06670949314119134,0.016718934143308495,0.023129837998101088,0.008628132724605386,0.01219194430428272,-0.003391392137311211,0.014509708424118362
2018-11-09,0.0063698188093948005,0.024867293294645876,0.054752922369252666,-0.008158511888930242,0.017660074726247643,0.002272429471513515,0.0026231434452523295,-0.013238821133576106,-0.005448715742990995
2018-11-16,0.013786327198766157,0.006306072320770184,0.03558644798198429,0.005364848325026372,0.01762266486903674,-0.004828204536168279,0.0036723975460914993,-0.004375912342435839,0.0015928487723724238
2018-11-23,0.017758909629096875,-0.002189664154094828,0.028949473652693847,0.011518498706355906,0.020244094166488757,-0.01442688808069681,0.00555191724868187,0.005512768888068287,0.0056627872871928275
2018-11-30,0.015970953539184762,-0.020371554932946623,-0.0035686506753602742,0.014094013885178391,0.019640368655551077,-0.02185384337029328,0.0034609043816716256,0.00954139024174605,0.00788875485597007
2018-12-07,0.01571424166216695,-0.040766691135086575,-0.03160903753312905,-0.0026005732351812583,0.009171512753822997,-0.023414547941019936,-0.004001023778478718,0.004670168901363958,0.0021422319854704774
2018-12-14,0.0028151717696462963,-0.019871730894738704,-0.009670355854274781,0.0012579908603393974,0.006911276953188716,-0.023396986326262414,-0.0015320083244454996,0.006810642335291384,0.00463736987888419
2018-12-21,0.008875044614327532,-0.015894095560730293,-0.0026712846022318715,0.01715039368101401,0.01339493617068599,-0.021252825479391557,0.00912048932850118,0.012735121199077604,0.00797179941982984
2018-12-28,0.005555448968241228,-0.020471592535272976,-0.03353036797802744,0.013674202954939929,0.009786907978650783,-0.02041745772482617,0.0042724964114241315,0.009271589595557295,0.008009065220517808
2019-01-04,-0.0019881587787704547,-0.04358045311733605,-0.056823207212110205,-0.012873994814716738,0.001035682980927044,-0.030718611388931727,-0.012008440943322818,-0.008077884938112678,-0.012231374635159664
2019-01-11,-0.006868492621910249,-0.06554565343019547,-0.05496387534540759,-0.01178477544467249,-0.004342588247792545,-0.031521153558780934,-0.013220073484399852,-0.02115909054590448,-0.0018809189615915933
2019-01-18,-0.025457965030674545,-0.07525738853449582,-0.042066583686776404,-0.010412731520695218,-0.015147214779912765,-0.02876938550133845,-0.018026427894923924,-0.019714844538191834,-0.003924562713633506
2019-01-25,-0.02407213900816152,-0.06574287848328453,-0.028840032333708798,-0.01700352278124928,-0.01539271386591845,-0.01782501221825017,-0.018141500948384404,-0.04253335660381241,-0.005590668797395892
2019-02-01,-0.02077800895982751,-0.05757263851057992,-0.025993555261512036,-0.00021465753262006615,-0.007990868762238756,-0.014407088900691978,-0.014882427095910367,-0.041039441434427726,0.004602361525802845
2019-02-08,-0.028890411601359967,-0.050661472988549505,-0.014866546815257564,-0.008996203276200099,-0.020232008770873833,-0.013470610979289255,-0.02049680350538957,-0.05617060752079883,-9.74484741966819e-05
2019-02-15,-0.020401872167336244,-0.03974172155687583,-0.009423545936277478,-0.002747022454563819,-0.029710549410056686,-0.0083890147022041,-0.012166670163714255,-0.042924510372864155,0.0009082652758811705
2019-02-22,-0.02360320455442344,-0.02651867626908988,0.012701134238632505,-0.004560577134435029,-0.025253562161393406,0.0011250740112407343,-0.01218434056104356,-0.05629333073402476,-0.0031091128455695838
2019-03-01,-0.03547802228397501,-0.020785136697320183,0.019723860890573874,0.001256600659972129,-0.025831471254379013,-0.00880136793360542,-0.015240558667663162,-0.0503112779816135,-0.0030849689179288653
2019-03-08,-0.02548489661066511,-0.023044535940657696,-0.003582757343881582,0.005051683664978768,-0.02249739964432118,-0.016764731883116113,-0.011750153549035025,-0.03284258208149238,-0.0021052298426464944
2019-03-15,-0.025653059186695693,-0.019774021080648296,-0.027219894548913715,-0.00015876516020174591,-0.023297332087531597,-0.015366385051799991,-0.01316000861090083,-0.033445344294481316,0.00223369737262491
2019-03-22,-0.02940114756426171,-0.02546088764698773,-0.01705142238989854,0.009095556542655814,-0.021404771494162755,-0.005512003954383005,-0.014165374476039383,-0.028865354148610134,0.004742424271921841
2019-03-29,-0.023241737583221234,-0.018571351924608237,-0.010230562246064778,0.019750267126373622,-0.02178099124943067,0.0023281348860182405,-0.01008139816227649,-0.024742921075483704,0.010451525290649855
2019-04-05,-0.021822525790364145,0.0017827443536244658,-0.004865138997219631,0.01734855040552219,-0.013142072818475015,0.005604547776538293,-0.00408893060446025,-0.009441134050558464,0.0014596411874849835
2019-04-12,-0.0069548071242797604,0.004082621947283371,-0.018544413594595355,0.01651552757807906,-0.001588562685137962,-0.001917638058285931,0.0021051473067166815,-0.001582192057236309,0.0012666246151926686
2019-04-19,-0.01267429067655379,-0.008889261224616973,-0.027853264192180482,0.008714266216879984,0.00031602105449390905,-0.018361272116076854,-0.0031728490000594856,0.00048826972359039544,-0.0004213733592322022
2019-04-26,-0.007510091419293818,-0.0004412905685242663,-0.023356353019895693,0.016597633733419492,0.0017678331701560523,-0.01513923862618416,0.0009597283967246462,0.008852897118799774,0.0035758441327295998
2019-05-03,-0.0019792812110348557,0.012602731361733177,-0.022436271465793745,0.034861975586779614,0.008873172680486707,-0.006290021360610076,0.008006684227169936,0.02095776091150503,0.0034698048594274944
2019-05-10,-0.0067531590669118735,0.019297074088559185,-0.02953140978240576,0.03691339464931698,0.018144456084137506,-0.005574204013421458,0.003349593635163073,0.01455041688392189,0.0009398344638769096
2019-05-17,0.011991465374968202,0.018949905789956034,-0.01745072366840983,0.04794999978268244,0.017347435689515134,-0.002977527608984065,0.003417801603446402,0.009964110070355137,0.005789430275373597
2019-05-24,0.03364332440445361,0.031639749142604146,-0.011757683767432248,0.061048898627272585,0.023989519700791995,0.011812889031618479,0.018951138064198902,0.015802469569493827,0.019549422128803506
2019-05-31,0.030159309316668992,0.012624127931404772,-0.021597418227542242,0.05156516530686517,0.027524340212295106,0.0051212933393935955,0.016012066930258195,0.0017441453790199013,0.02136339908005702
2019-06-07,0.029837664666438002,-0.00042589289786754136,-0.0054981381882575064,0.04867842542625933,0.024204664830469236,-0.0015688528592123774,0.012869437636896519,-0.005383784328023111,0.021180725264180467
2019-06-14,0.033039667872313716,-0.002601824150019638,0.004946924775849126,0.03901337191765197,0.016607448789158763,-0.01309619910448312,0.006189916967343334,-0.013710923598632352,0.015977194323494537
2019-06-21,0.03058691647845735,0.005566564721261713,0.00768271723095193,0.041356009906967195,0.0246175998006557,-0.01110963466572823,0.013370754587443023,-0.016975532491808387,0.019787384962120846
2019-06-28,0.02117458625175761,-0.008655623641386612,0.0037013875638418625,0.019047531354670966,0.016280276963077878,-0.02298775287809951,0.0016965409394886777,-0.03063970071584965,0.002977541199131295
2019-07-05,0.023554920575307614,-0.0007642230771036651,-0.0018111353521774731,0.01761303946322723,0.0105833966374973,-0.016645277132651515,-0.0017724608606206615,-0.03843400379866324,0.005631629603874533
2019-07-12,0.027730954356154358,0.004818058965403438,-0.008310718996273891,0.035505047992896444,0.005139529847043134,-0.006325880470778866,0.005931674387471164,-0.03001855675900522,0.011058742785751807
2019-07-19,0.02588600628270088,-0.0007192938411701988,-0.009931576069796222,0.03653038991180413,-0.004850846281308163,-0.010810706086651134,0.0030575994055483946,-0.02812150101142974,0.008884065603795843
2019-07-26,0.019931529891533906,-0.017899912021228204,-0.01441882092336133,0.012191767881528648,-0.004609085616233521,-0.021522072868084052,-0.0029811766434196807,-0.037066985280791,0.004554050794942643
2019-08-02,0.02120739763787194,-0.018696632316943962,-0.0037689397372320244,0.01573924105854463,-0.005760774996347973,-0.016676285121902,0.006665714689462365,-0.03249897919951472,0.007776364954104498
2019-08-09,0.015823149253093582,-0.011819989656707719,-0.005216346816898643,0.01962826633653325,0.00012025735087561884,-0.013412817022147916,0.010002273649994287,-0.027082262915296695,0.0155518157898622
2019-08-16,0.02123343044082504,-0.01764370455243558,0.010230358787344684,0.0179532668834268,0.0017941515487978066,-0.013542112368953418,0.004709300498325686,-0.03333562147036773,0.00127494120667615
2019-08-23,0.019000174112170587,-0.010628745555644414,0.024181954009900863,0.015972924587564385,-0.0023427612254782737,0.0036639013182830915,0.007712539361885762,-0.0293283626817753,-0.007102506169169409
2019-08-30,0.021921050680105525,-0.00873227105072516,0.02514424662044501,0.013112998970451706,0.00028635517782649167,9.573225609971203e-05,0.0059398943205997146,-0.02974071468326578,-0.010246382523471098
2019-09-06,0.031026244210071496,-0.0017547758707401329,0.03362495810411659,0.023722350206505816,0.011118531659580322,0.002537023627006807,0.018883931779107077,-0.021211348794434315,-0.0008933699783759685
2019-09-13,0.025245704212510267,-0.019648519432225342,0.025672999002605223,0.00434861920813745,0.003163649460632856,-0.004347540199692634,0.0068001498428892915,-0.018687298193723834,-0.00934780052509332
2019-09-20,0.024139338835635016,-0.012140596877893373,0.019587814879873378,0.016241457778297885,0.0036088094019914863,0.008931478830245254,0.011723034208121763,-0.01035432484132981,-0.0012611361596470694
2019-09-27,0.030492307716031286,-0.0034462497677960613,0.02947220761732705,0.027024871347505197,0.0085547843854199,0.014877796388570008,0.017185260705659955,-0.007161457006171101,-0.0006779989605449899
2019-10-04,0.03132081015366395,-0.0011016483466601557,0.025551537822059878,0.019717524534543784,0.012089604423916267,0.008219728929922177,0.013681102100439047,-0.00600563305657964,-0.005530205078725814
2019-10-11,0.0333121212148606,0.006978761999581806,0.032836824580865454,0.013279378166018319,0.017354014693151454,0.010269554386694413,0.014460723048706103,-0.01647166982888093,-0.006841826211397617
2019-10-18,0.02997318993776643,0.014958816606306158,0.03076857796762056,0.0059261574027624775,0.01776100090319166,0.01078495889246156,0.012272340123743342,-0.010409015914735864,-0.014803542639748812
2019-10-25,0.028027969477252945,0.00968575343373601,0.03136693566961757,-0.004214808829344996,0.016133265888841786,0.004341583281269212,-0.003693617174456987,-0.01959613268388738,-0.01809798690991471
2019-11-01,0.012974934338042532,-0.013498708672283755,0.014770729045049613,-0.026496069537992106,0.0063530330549705916,-0.006101786306611956,-0.010185729593563952,-0.018791617351741507,-0.02909120344801952
2019-11-08,-0.00772860443858403,-0.015344373829528024,-0.005849291875862583,-0.04231203210177803,-0.0044794249262412045,-0.02913092536992279,-0.01952438628346642,-0.020080732491911224,-0.030695014792478048
2019-11-15,-0.007755537692925474,-0.012488821881619927,0.0029075300174428165,-0.039942046569652945,-0.010465757329705339,-0.0346838729037211,-0.0191917909542772,-0.017926801105858647,-0.02925455906964869
2019-11-22,-0.011917450957016795,-0.009505916295115213,0.0029847534225240224,-0.03544055106915067,-0.009276526606560198,-0.03140815106761474,-0.01763251511088465,-0.013380706786113805,-0.024477538966802825
2019-11-29,-0.015616296625352133,-0.004609475951829367,0.000976154030936982,-0.024663040199897956,-0.008237377205546625,-0.022754066070110657,-0.016572555481786655,-0.01322431193605711,-0.024722139328630988
2019-12-06,-0.011611017241269561,0.003485969146140633,0.0016957613529173798,-0.009004132899535833,-0.00028719127135934386,-0.01938841209553699,-0.008882152238651686,-0.013470650846374443,-0.02203731672713305
2019-12-13,-0.00020617897118624384,0.004472010996233067,0.004746393747525168,0.009125307295975382,-0.0012014899919479127,-0.022106153112340543,-0.008375288968006933,-0.0032887193781236945,-0.013781637647579004
2019-12-20,-0.01019183056898143,-0.0030234607839982885,-0.0024107607683090393,-0.009589340262157187,-0.007949933462727765,-0.026074671115132286,-0.015523486656818741,-0.008801045684294628,-0.022801013908255285
2019-12-27,-0.016408909678375272,-0.012113088481124024,0.010071488984495502,-0.032874932827723136,-0.010760540010310349,-0.020440917280136972,-0.01843100517081797,-0.01476781924104964,-0.02858365237114313
2020-01-03,-0.01719634096433098,-0.011713352211941697,0.00903954613477076,-0.029500965126162626,-0.01390749299313554,-0.01711926538688413,-0.019623547512032546,-0.009556972607549064,-0.026181738923553688
2020-01-10,-0.017079950023989987,-0.013737762613301285,0.01086232609904858,-0.012248010163340872,-0.020317270630328288,-0.007424763719854344,-0.017964884975138817,-0.008926199990134442,-0.017419284472064867
2020-01-17,-0.023359602898116227,-0.026955771315902766,-0.0018737018125722926,-0.017453345867041392,-0.026748947301871162,-0.013378323060229125,-0.012015919884162451,-0.0019494793796575038,-0.01933209587167317
2020-01-24,-0.02844841795533437,-0.026993059218165527,0.0033334891168648184,-0.011368382972228197,-0.03151052039763447,-0.00690440280701532,-0.011106510493425481,0.008059232417542805,-0.021276695450691552
2020-01-31,-0.014996648283650993,-0.029242887584979727,0.010501410932849176,0.0034882510569254066,-0.02609806043275764,0.006551642099350996,-0.003988041177955426,0.013448208931781558,-0.01299256255362291
2020-02-07,0.0011575315862353275,-0.016823196368191518,0.0035701573087054683,0.03301918521880687,-0.00891572463639867,0.009896006313952821,0.003706766332542577,0.027724097963730543,-0.0008890206541973811
2020-02-14,0.00011424001840265596,-0.02379993810392378,-0.0022149950886207748,0.025506804926538784,-0.0031355549085894108,0.005968344221420452,0.02141705349953338,0.035716922715144594,-0.012433992089009749
2020-02-21,-0.007314248324052031,-0.028943354135108734,-0.0023443724891523132,0.0036560945946808587,-0.007943235891456846,-0.006857237285654794,0.020206371925287236,0.033123051491429134,-0.01792630081415325
2020-02-28,0.0011728705749187718,-0.02165073644774118,0.0027225490390421214,0.023849704534708138,0.0032738729013557233,0.000962690893422824,0.022381034344878148,0.04351220699923797,-0.003775385715808266
2020-03-06,-0.006040676921536203,0.025364316044225177,0.018887365710860138,0.016615751483453955,0.013374930693044185,0.006960812419557261,0.024775020772475786,0.03933853482082217,-0.008698572146008665
2020-03-13,-0.011334470299595445,0.021002643775485552,0.04446127482392015,0.009732272474696657,0.009196906118972725,-0.001688914311294809,0.017120699135183326,0.04155275645148482,-0.011431354335999178
2020-03-20,0.004113310593985897,0.045213299818676944,0.039139084935172264,0.044463759190786156,0.032431422220781325,0.006618768761815108,0.04527945502448988,0.0571805032800925,0.0007296123429161305
2020-03-27,0.019639013113198933,0.13339716936092394,0.05166386779038401,0.07508535216397227,0.06280005847339387,0.007933129437408759,0.07161449211520304,0.08096721974050869,0.006791591312770073
2020-04-03,0.020547037341287044,0.15547778195422168,0.04712899782420976,0.04644706850651037,0.05563507282120783,-0.000547832650830582,0.058948526724697414,0.07587029139556156,0.004979593996425891
2020-04-10,0.028264890135841103,0.19459599391568005,0.07267214575137437,0.06638647085212668,0.06620849494398784,0.005482978087082202,0.06568968638508815,0.08771946645890205,0.009035105475782679
2020-04-17,0.026329510348387597,0.14383624034424436,0.06743439791200156,0.04253233048422089,0.060991594031473806,-0.008594149382644911,0.047710020410611564,0.07230995090330028,0.00396581260613571
2020-04-24,0.020954085582554516,0.13828880605283267,0.07103240780736986,0.04099412060115171,0.07402700006616447,0.0013759080705488813,0.05071407609396683,0.0612620798516037,0.000931284574724689
2020-05-01,0.01303999237051201,0.12348878628364979,0.06433279581422102,0.03013435469903669,0.06254623771183754,-0.00511284179136684,0.042915193852959166,0.03797924806521635,-0.008967186140100836
2020-05-08,0.017859891958126095,0.10343226140570216,0.05788331081861653,0.02408778045371296,0.038551512172837255,-0.005553545787756686,0.01796903850951931,0.03634770840391566,-0.007929938599825714
2020-05-15,0.012438580953942457,0.08365408158918086,0.05375613501413845,0.02762749341080628,0.04627832379081598,-0.002256600025264177,0.013660976096951882,0.030291004968483026,-0.00567898636670483
2020-05-22,0.013036006649431942,0.07548516636964031,0.05332584223843195,0.01913291285512031,0.037347038642768116,-0.003206013524577944,0.020035359219497728,0.015663737455274607,-0.014811649366615054
2020-05-29,0.02273781573571032,0.033632576874635944,0.04558933353555972,0.02737549839584741,0.03439569607472692,-0.007886027548846375,0.021198950539107198,0.011023733682048231,-0.004477545166565733
2020-06-05,0.03234852234964869,0.023041683640451893,0.020267780975657956,0.03830002699270807,0.040807615237924866,-1.977026946953231e-05,0.024966821477342083,0.010725022050806388,0.0032366267264714033
2020-06-12,0.007046576066001897,-0.04297013730615795,0.021631859532890374,-0.0056905275846999,-0.002504595015020872,-0.023570348144728914,-0.017363894721053652,-0.015484139640898231,-0.01536744346562191
2020-06-19,-0.006887045649243806,-0.11469019004250569,0.008496239055589605,-0.03704142257305687,-0.03030885022172991,-0.018450489918927726,-0.04189094170916008,-0.05324331958223638,-0.020144086187549703
2020-06-26,-0.005021308753440312,-0.1347619587742912,0.012729941608058404,-0.010243409588365004,-0.01615468916677032,-0.02030396144079072,-0.024588647910312178,-0.04874638229074435,-0.020204058941935443
2020-07-03,-0.003309838867839199,-0.15094398485216232,-0.008037564869856517,-0.02854130183440251,-0.014921334039427636,-0.0179507392525875,-0.03225175447533074,-0.06470213618203635,-0.024028998962682735
2020-07-10,0.0027063040775185954,-0.08169070568710168,-0.0184867779596809,-0.009399321739321564,-0.005211131950909387,-0.01999486780846027,-0.013533934050942664,-0.048707541922885955,-0.02012397207694283
2020-07-17,-0.010836173236602908,-0.07825673737482575,-0.01849402538288203,-0.01421713184800577,-0.02385310970059673,-0.028632016432786234,-0.02233458179185216,-0.037862773594522725,-0.0204537700947105
2020-07-24,-0.013975917307640806,-0.05410141229983445,-0.018230231161110666,-0.023908265001185036,-0.02272034675151846,-0.027580732364145266,-0.024512772647435566,-0.02316910623737689,-0.02028003965054559
2020-07-31,-0.014922697289291076,-0.042495369224848645,-0.013525530451758527,-0.01650354826235123,-0.009153381986487297,-0.02521780602214241,-0.022656772465266595,-0.02723494312436392,-0.013911803315223015
2020-08-07,-0.015043867434288316,-0.011436561341771068,-0.008242535365564407,-0.020380322459853772,-0.022092741839494057,-0.026628881478936606,-0.029078189399576293,-0.03008279342480291,-0.0169945134395455
2020-08-14,-0.02308899758892813,-0.011584640761478582,-0.010537365631623885,-0.036011654414212835,-0.03813465637862823,-0.03282167224156929,-0.038693761528139414,-0.027738947101827893,-0.018530903231655405
2020-08-21,-0.02962159790301433,0.001202064471973685,-0.015369572623362693,-0.04594449060570138,-0.03970036971737856,-0.041293543678757594,-0.03916599508809848,-0.026471013682034972,-0.02272748690852522
2020-08-28,-0.034759553619389205,0.006740483898896699,-0.00861020466806739,-0.03613332448643991,-0.03953826040260777,-0.037568871919373414,-0.029146745782211658,-0.009011415919461196,-0.020088496655830124
2020-09-04,-0.03070852444094041,0.036840280751576415,-0.03255068236099312,-0.019482005835166127,-0.02438798101646822,-0.03033865108423406,-0.024820038963675184,-0.010896591224213381,-0.012159542864480954
2020-09-11,-0.03407633944166433,0.035846873895966525,-0.03647851411627823,-0.011577613743460446,-0.02758467611750448,-0.03420484446092331,-0.01836376058205924,0.013857404652966476,-0.011759060589217274
2020-09-18,-0.03395518862667757,0.05463731897737567,-0.03635695252333537,-0.017643120662989453,-0.027558460966510268,-0.03030304500891612,-0.020627495505583293,0.009040099459431516,-0.009233550564269777
2020-09-25,-0.04609955857979675,0.021966045931128164,-0.028260389750937698,-0.03463970665150384,-0.04164294283447689,-0.030023495572343517,-0.026822366804411135,0.004820451879928633,-0.017391148468247408
2020-10-02,-0.03320332342277377,0.029822219658804272,-0.012980846140441038,-0.019042424554401194,-0.027621231474192376,-0.02068113968458629,-0.01114187522793797,0.016853705073380798,-0.006673728334777085
2020-10-09,-0.03612889123738272,0.029701473727383743,-0.02538501461245879,-0.02966442783755685,-0.024508065075453667,-0.019759979110656634,-0.019538680834784217,0.007367893230117328,-0.01852760999888492
2020-10-16,-0.04624877603252053,-0.008071792704328118,-0.025930883769695434,-0.05265068571296716,-0.030910166323920407,-0.02115778024668913,-0.026863642269548293,-0.02189513479497407,-0.030163421592377837
2020-10-23,-0.04823470754116932,0.010904490249821208,-0.018157578871526248,-0.05263766804130121,-0.026744328870120126,-0.014298779087499991,-0.01820055711974361,-0.015336038574252253,-0.024795226314665797
2020-10-30,-0.045076112905082955,-0.0028677849381395504,-0.014224302426295132,-0.053433757993688324,-0.01967667103680104,-0.014452007267131695,-0.008423723998253141,0.0027826661166932,-0.02396707764686079
2020-11-06,-0.0397745603018973,0.003858429749300285,-0.005612061924034073,-0.04571177368517265,-0.007766098476271965,-0.011733522555390508,-0.00511304572529464,-0.0007856278612528023,-0.028141728821244882
2020-11-13,-0.051651984648709126,-0.04442888302781256,-0.0118852660310651,-0.056692042962575684,-0.015237016728961272,-0.011311333770933185,-0.01699632570493781,-0.018421509496351796,-0.028525568740836782
2020-11-20,-0.04545884443927384,-0.03897072239459476,-0.004339765081873281,-0.07162147484051129,-0.013300118953873508,-0.009798337396086154,-0.017786086031502113,-0.04366373989781458,-0.03264707783666587
2020-11-27,-0.045643486246592646,-0.021839680770501246,0.012633776424794796,-0.05838157337280325,-0.017320120489569435,-0.003311021473434206,-0.011397399870905878,-0.027937735438636757,-0.0285516421925327
2020-12-04,-0.04134221755515921,-0.04197775529624792,0.010290754548863745,-0.07535002129355206,-0.019231361927887658,-0.010439802919655516,-0.022102389184421922,-0.03675013775668878,-0.02810465141412699
2020-12-11,-0.04801185714342093,-0.059740845417957544,0.0039045175584346836,-0.09027444306824961,-0.021794251561755518,-0.009816423195421198,-0.02555316045852285,-0.03613086250614028,-0.039601387196523063
2020-12-18,-0.03451585278228175,-0.036153067181102116,0.0028581825542559613,-0.06242212065629271,-0.016166916723654,-0.006303357291672196,-0.014956393919308475,-0.03188100367866609,-0.02888211665193463
2020-12-25,-0.047694054153379906,-0.058039859467754695,-0.0017730440874776932,-0.0690523404293133,-0.03184074690237626,-0.008291844219495914,-0.036707466593425386,-0.05854759352692973,-0.038304184778164
2021-01-01,-0.03693010357296789,-0.04706030531755623,0.004133151738964891,-0.054928974344806925,-0.025049947953408314,-0.009643196363982476,-0.025706255576731396,-0.04726925132872539,-0.02786476610280131
2021-01-08,-0.026820004893174154,-0.051520957462983574,0.0007530275484706195,-0.04838222870414821,-0.028058247740951447,-0.00729892409175914,-0.023701158034363956,-0.032843566904436905,-0.016815413398523216
2021-01-15,-0.03592034812605349,-0.04605210086429068,-0.0011181565220370615,-0.04348491724708037,-0.029636145311950912,-0.011425980212512954,-0.026821459722702945,-0.035910677335208696,-0.026817682681100408
2021-01-22,-0.02834739690233934,-0.04250605990035794,-0.00914093094243551,-0.024349184768258425,-0.029219648367068363,-0.007752378519287451,-0.021750899318579597,-0.040527921682548484,-0.023340218817665015
2021-01-29,-0.030577533201362916,-0.047178985319053623,-0.022316336215071786,-0.026503136789776782,-0.027443758652859085,-0.009208358739289935,-0.02814681578433914,-0.0385883144362551,-0.021745752136231644
2021-02-05,-0.02319538366158036,-0.01716096957468416,-0.015447478255225633,-0.006208977307374575,-0.021863209109147075,-0.0018076048969231095,-0.015366798934893011,-0.02172594603097444,-0.02107425422547493
2021-02-12,-0.02267330857330796,-0.01341845313409884,-0.024063718355763264,0.008551624015788128,-0.012963257516428017,-0.00280240151851352,-0.010173558465793153,-0.0028857177097831865,-0.018715986551422592
2021-02-19,-0.020832642227177844,-0.01736535130185146,-0.020459363583488432,-0.009685589341941636,-0.01258960787265817,-0.003405212845767558,-0.013903426196294921,-0.013354264131777871,-0.017116802242129303
2021-02-26,-0.017221221069462,-0.003625706805877371,-0.02041966302728948,0.0006606364974954815,-0.006485282942042758,0.007948295402032013,-0.010481528046164423,-0.010219236564545042,-0.02136750146072597
2021-03-05,-0.005625536697166256,0.013784318815485364,0.0026531498009960686,0.038737269492805204,-0.0030079659751609533,0.014335276525341722,-0.002478781408922215,0.009205099723172072,-0.011437056501641063
2021-03-12,-0.0029710877038258143,0.01767480712575953,-0.007444236881789301,0.03481593515527681,0.0062037076439585,0.01032949656057447,0.004774703192194141,0.014014837558015358,-0.008049909899142893
2021-03-19,-0.002403948854551974,0.016680965625477384,-0.011268495305371218,0.034392367990706774,0.01929383360201342,0.0067339624168964995,0.01151888273927204,0.029474567189272882,0.0035080916897403114
2021-03-26,0.00019200122939766473,0.014176400898872288,-0.015227643219478004,0.023445957904315584,0.012116909767814654,0.01052930106473804,0.010481099129411031,0.025243835833524297,0.01007876978371236
2021-04-02,0.006071729235038292,0.03382613134196433,-0.006487756134425204,0.037008724038735785,0.03102865455208903,0.008785345290942992,0.017958380909641136,0.03755642175228946,0.0170251376119519
2021-04-09,0.017790594855941144,0.030958763287815216,0.0018061557317503585,0.032490761616100094,0.02698234399572108,0.010089713747203799,0.016015344651669705,0.04060172573155185,0.01861275911342375
2021-04-16,0.011426417063811423,0.03591028840214072,0.021213674663828286,0.015337792972403896,0.023743619388772785,0.009433787998122334,0.008086297431357692,0.045243934565614374,0.01619482939695427
2021-04-23,0.00424081026463119,0.031428264917357396,0.02057957855236836,0.008156769570085487,0.02017451212865562,0.00553518422996957,0.004621549115210344,0.039422021917367545,0.012574760751053127
2021-04-30,0.008056142470806549,0.035755649047732874,0.029301071543901713,0.0020530482415637152,0.016813306416046947,0.005371673776011665,0.0010920526023635024,0.05142135181101759,0.003246582348260141
2021-05-07,0.0008816228617472,0.029559495079229947,0.015732804247230447,-0.0028274893568989157,0.004486566237330791,0.002097351047094964,-0.0034143171711156772,0.034476041997372864,-0.0012889368057313888
2021-05-14,0.0007704370471013355,0.012354787649750065,0.009204652889693854,0.008887264883821189,0.01753763936866304,-0.005192379510717604,0.000867580824302383,0.04201465318582409,-0.006872141294270495
2021-05-21,-0.0025278189709720955,0.014424613756684579,0.009664827010150923,0.019867194717539505,0.0203254052472448,-0.015290150696143368,0.006662299979168951,0.044420587596940564,0.001753476088494299
2021-05-28,-0.006752282860048142,0.00046690384371395055,-0.015503658468241532,-0.0008962124534503957,0.02214905630858577,-0.01756289942603484,0.0012401587489235255,0.02963946865456446,0.0030459968722955644
2021-06-04,-0.0234087165132304,-0.007448849940759672,-0.010684346497090935,-0.01446654067369213,0.014206411178729228,-0.01731043680556299,-0.015148396160178601,0.0228075376164818,-0.00948623714510699
2021-06-11,-0.017695594999899367,-0.007085915471613191,0.0022734853516235276,-0.021846014535180203,0.002304008780095179,-0.015294317851530792,-0.015174229450628685,0.01481843389559856,-0.021380100070631514
2021-06-18,-0.017570134219181854,-0.013021918351864059,0.010896598021611581,-0.010897543742298232,-0.00036503011903765703,-0.015820125447306932,-0.012402039850801516,0.00729930248161148,-0.027358901490371235
2021-06-25,-0.012884843198989415,0.006278205831588224,0.02116747970945898,0.005109007446594482,-0.001810173667520898,0.0016489919122704144,3.715607409338073e-05,0.010821096398082819,-0.02879018954954571
2021-07-02,-0.01770541828873773,-0.0062055621052188314,0.009717498708010197,-0.002199206334727144,0.004146482641148808,-0.0013586539066992032,-0.0014149013791374676,0.015359191149759255,-0.02201162823761793
2021-07-09,-0.011734973331494425,-0.00642580772300505,-0.0029676494633985584,0.012058976185373993,0.0068703940469854174,0.016548901439056518,0.005688487817213039,0.021651278536503504,-0.017911138324721243
2021-07-16,-0.006074838936444893,-0.00405095937405342,0.00048310800416295763,0.025513033127576357,0.015870677212916906,0.032322553433690615,0.013331048291575998,0.04361944982973842,-0.012467527894802988
2021-07-23,-0.001919231047071479,-0.0017577422713142,-0.005299946574542247,0.022686186808781095,0.023335194031249173,0.042639332552753206,0.020673052088901467,0.04177880919532306,-0.0027821390466513662
2021-07-30,0.0027250181868991863,0.004789873721417592,0.006801831059060071,0.03345671759160673,0.03331837448544195,0.04107877339046606,0.022704180075700908,0.05552041183570999,0.005181451317922026
2021-08-06,0.0056936895078623095,0.019803319932314878,0.014386690744177422,0.03207197316732735,0.025849542682479854,0.04524909828526047,0.020968570367991712,0.05492274253798923,0.003441973926264996
2021-08-13,0.006731843709867791,0.007114194578422328,0.013324534564391755,0.01712028802122756,0.02253103315710825,0.058878779148941796,0.016593259916089953,0.06372073728610905,-0.0033665242023834807
2021-08-20,0.006898901940083135,0.00015326417897831845,0.019308637861061406,0.03218082179212711,0.023156919214950777,0.051264615581056105,0.01808825229502481,0.06091527452131684,-0.004410743528596051
2021-08-27,0.021366724478309118,0.009492784844582047,0.02635191417193372,0.05796463604516067,0.025323856840904657,0.05125617572624375,0.02977739735072582,0.0658030249883681,0.011558332488335044
2021-09-03,0.012414306583102608,0.006584920429334673,0.008090294146242627,0.044764771126807545,0.015146340763672717,0.04498813973202198,0.016326281903521533,0.04319699603673177,0.007093888339761989
2021-09-10,0.004608285119686473,0.002382183247519265,-0.003520853563493631,0.033815012798037,0.009086015624482302,0.04314756092257843,0.011396134730869534,0.04406692515988864,-0.0015924146537540373
2021-09-17,-0.0034434654779409435,-0.01867286453719963,-0.009104458605468047,0.02879313399064909,-0.0009667674468991638,0.028745952917018425,-0.004505937949490835,0.03777266394764478,-0.005554968654426062
2021-09-24,0.0014623562011331082,-0.012415682373669412,-0.0063253029363616875,0.046477644728446066,0.0035541931221199086,0.030151916406613744,0.004683849312426325,0.04640918834481056,-0.0045978744027457275
2021-10-01,-0.0023404109876254964,-0.013934193579041576,-0.009409804058126525,0.04088937805128712,0.00603580189812325,0.029388614430665427,0.004032934889886874,0.03942110706257518,-0.0070029554837178765
2021-10-08,-0.006717459633373446,-0.014519109398042573,-0.004383347634852264,0.03371448595825033,-0.0030343961065777414,0.016476963106235143,0.0033236117599598214,0.03252748749258938,-0.005483589892630647
2021-10-15,-0.0053531910398698646,-0.019696661680265848,0.006345919507922737,0.04545848287476506,-0.006680210932942909,0.0030477872727052713,-0.001438822627443992,0.032263282989406505,0.002924604410001308
2021-10-22,-0.008547259095811555,-0.03203989895198589,0.006382487947722559,0.02443916491322362,-0.01646029530189974,0.010072932556066228,-0.00985811672012954,0.01311939197091938,-0.0028911554413202367
2021-10-29,-0.013417062287125692,-0.017305470734180872,0.007403545292483216,0.02164616451466994,-0.016724795528684444,0.014058119862287999,-0.005071173718792565,0.010881171285768598,-0.00200637808698767
2021-11-05,-0.01258737256433995,-0.012161665440675762,0.009639694959925116,0.02362436700593129,-0.018877287636918316,-0.003143164727457126,-0.004734086805856241,-0.0016475702071865328,-0.001292314499415692
2021-11-12,-0.012727550427273249,-0.002636628319200085,-0.00039736125711797854,0.017004095963636168,-0.018746901584890452,-0.004647429939576675,-0.004065496969695714,-0.0034557918848743263,0.0014724105297916346
2021-11-19,-0.020597674766074325,-0.01861103701736866,0.0005780813239066873,-0.001974853057638448,-0.01761111675169391,-0.010083347218996508,-0.008100788094953904,-0.018526750182330076,-0.008026415456780178
2021-11-26,-0.012531716520031821,-0.008373045653774724,0.011200068353144133,0.02235480204345386,-0.0018628650511505196,0.01184695690559634,0.00957369575956657,0.005127627658522815,-0.0021912108916479767
2021-12-03,-0.004553578600609676,0.012596153402732568,0.027132766576818845,0.034441143557173426,0.022065419052735402,0.012102404313663051,0.022264096923128418,0.03754642785221218,0.009409034969027452
2021-12-10,-0.008982248189487008,0.016856446524199598,0.024621405660263385,0.013201567934206793,0.02278286032193666,0.01134216375539232,0.023970466957861536,0.036102836434757535,0.0026370465927425535
2021-12-17,-0.014563780072958998,0.005697463444739981,0.02729918975176293,-0.0009326144400318981,0.009495705267485555,0.005839345368553683,0.011651189984068944,0.009043747876110064,-0.0020543138790829474
2021-12-24,-0.012552059062016285,0.0049933502639696314,0.029586614559161895,0.005319880140920219,0.007801947236952378,-0.01782790855335259,0.008200535043484725,-0.0032201323365770307,0.0028070698966300434
2021-12-31,-0.010169407200675495,-0.006570579817193334,0.011129130375062246,0.003020818930221658,0.003940538862208687,-0.014537272848421878,0.0008844340199161693,-0.007977080359405253,-0.003275799829935533
2022-01-07,-0.013541157742438914,0.00131494307383484,-0.007989051754034193,-0.003822237306673415,-0.0027566386486315153,0.011806211073946749,-0.004625611888833592,-0.019985750973106065,-0.014022859654813313
2022-01-14,-0.0065135121913746374,0.020855519379091803,-0.009185163411967068,0.017394804497611993,0.012192357584548175,0.012165409501745383,0.00702509729371803,0.007537067880186044,-0.010203436945295685
2022-01-21,-0.0036835057690465245,0.008714621528621791,-0.010461322100149495,0.011095720415636556,0.00667565633482714,0.01057381318295647,-0.0003711676978250811,-0.0024078265959626144,-0.010020268384634878
2022-01-28,-0.009880751079441419,0.0055717869040048384,-0.008387591127543281,0.014211857896518687,0.010857922138007181,0.01524752250434469,-0.0033421249869464154,-0.011382175420540541,-0.004788919045179529
2022-02-04,-0.005014191235463983,0.005780322659528991,0.011026888173826244,0.02186774758149479,0.007354823949526024,0.01896950274898579,0.004249900149329133,0.006077221689991585,-0.0007898043849796643
2022-02-11,-0.001098823584570141,0.01610230365080767,0.0033543345933209068,0.018126520937325807,0.003403565041113943,0.028995277369392447,-0.004669269183683544,0.008890298287578258,0.0012224500857183074
2022-02-18,-0.00462909304121184,0.004293129543160745,0.014404888496668988,0.003942858895246815,0.0016719615999909454,0.01570424774347723,-0.011618572199449007,-0.002904978726640195,0.0012578391983839587
2022-02-25,-0.011744310065862296,-0.004960927318686359,-0.005862649361232819,-0.00036796374299807866,-0.012511588492582826,0.019462448046396297,-0.019398072219236173,-0.04744903082204921,3.588023179013078e-05
2022-03-04,-0.01005294886289132,-0.009438913802158666,-0.0020271242722662564,0.013404340978216744,-0.006759106023411121,0.014008913304556891,-0.013685022701510507,-0.04292827801744181,0.010122125188270381
2022-03-11,-0.007093540481144522,0.0030833395461709046,0.010229478493681832,0.0339238880648125,-0.007986596433058546,0.033838292283503435,-0.0014306416482416928,-0.026768799112894648,0.015749484393725144
2022-03-18,-0.005299845558697891,-0.004902466277316719,0.006318225180416803,0.03902990804748363,-0.00594108211365052,0.04820304497453343,-0.003485282808962098,-0.0014261589957129672,0.020312670365015606
2022-03-25,-0.00036090886658390886,0.010715540335365148,0.012889651392688606,0.021199261733805486,-0.00011918240881758635,0.045000122811655885,-0.0009950432927730568,-0.0024731155109094516,0.02193265885136153
2022-04-01,0.0036728104509533566,0.008689866194155016,0.02352909253532509,0.02814544894485138,0.010387532956801282,0.019148965719629096,0.0075380026591403415,0.0122774412372757,0.03544495214193066
2022-04-08,-0.0032688093259569673,0.0016024639565390686,0.022158418618065667,0.013438865652561027,0.000950006008986426,0.005049780092368561,-7.369196760886876e-05,-0.004918775754128468,0.034742596136373205
2022-04-15,0.002593219794363222,0.004356819377980159,0.02378945966628443,0.03358415045993812,0.01016760155258134,0.006180597500435869,0.012103022171243594,0.011534844394055277,0.04729691157979321
2022-04-22,0.006524872605828236,0.004198580605248026,0.026580608332924527,0.030457192775315,0.011875213771494586,0.017244306409506027,0.009735228929386441,0.019741680736631295,0.050394167996116845
2022-04-29,0.02437877252858356,0.002399795851349751,0.018868671100703338,0.029621175250379217,0.03183074531263852,0.02409429607930047,0.010236179851275118,0.01617485924120121,0.051550049241043894
2022-05-06,0.042194708063952646,0.007775954579198441,0.024308498379394194,0.049058727415210335,0.04092918632477871,0.019956851358821748,0.025415307131249454,0.036178504566369174,0.056035893204121834
2022-05-13,0.05288607996505368,0.01212801217891979,0.020530476775033613,0.06072016276294434,0.04121330737987572,0.023836803104082094,0.029592405927980292,0.05053125246134549,0.06223952231273433
2022-05-20,0.07302012331675112,0.01885051747037636,0.03803950368774167,0.06919861335857291,0.04961119814972714,0.01696424554550191,0.03595605869801466,0.07833077822268031,0.06715654353004297
2022-05-27,0.059265957302617966,0.02304708809578493,0.03397872407886826,0.056118383697803864,0.04351498368615725,0.017685371721295695,0.019860572697141865,0.05756447050111735,0.058266886630786274
2022-06-03,0.0597881652837442,0.009427474312998285,0.013968538788806661,0.024764404255390282,0.04708126710985838,0.00291570562296517,0.005783325050631838,0.041906618178192634,0.03893656169864501
2022-06-10,0.045521503295810506,0.008638114777172134,0.014915293333984891,0.012452017601878751,0.045043318873214444,0.009466311565792473,0.010528721959887022,0.03186136379211968,0.033111249916609964
2022-06-17,0.05424108493640811,0.019205851754309222,0.027245540168220117,0.05485486737540235,0.048165643185100304,0.01281843798211213,0.022458926409600677,0.042456435088338296,0.044566781867364735
2022-06-24,0.05209825322777428,0.03407732069752889,0.02369270929769307,0.05669335062720826,0.044987673521251104,0.030062838001655212,0.023538202233285066,0.04864843076971903,0.03806433503638473
2022-07-01,0.04819138650318977,0.03205431178378859,0.03015805686188955,0.057182101325486734,0.04411626570974403,0.06213516558900434,0.021975702596992885,0.05840281419963533,0.03556387125512295
2022-07-08,0.05176798942452421,0.043068124144243214,0.03927999368524304,0.056558681148179524,0.04323556848952648,0.06673950058151856,0.025707425819963936,0.060957496719864945,0.029684254532437393
2022-07-15,0.04674295209358381,0.040328843146346216,0.03876783143045781,0.05298149790984841,0.04404004324670585,0.06830839498407393,0.029794456436019134,0.06447348260221597,0.02125644530321047
2022-07-22,0.03678996141238877,0.037760340590791586,0.04166815990862727,0.0580824485001612,0.028334640050046822,0.07170320127352836,0.021878918860074814,0.07443911625962318,0.0205935304143412
2022-07-29,0.016738229346739075,0.030446125603493357,0.04313875184697391,0.03761515730541376,0.02237178960304642,0.06983269161488748,0.0037950709685516393,0.0663335674752461,0.014771118057445687
2022-08-05,0.007394312228318878,0.025958314226965484,0.030786034282086483,0.029004420922047913,0.01912208242975777,0.05315529525606699,-0.0006505945940979418,0.058039538826728965,0.014706886406337993
2022-08-12,-0.005831221208868698,0.021275815541402565,0.024475977263607618,0.016181081719706114,0.01170740669338155,0.05907068370452695,-0.009438450412671218,0.028420466393387134,0.006420782517564394
2022-08-19,0.006011654490309271,0.0007634784994952071,0.023797862697366057,0.02753365023975629,0.012407893642876422,0.06647090854778703,-0.006066238475910146,0.026737069154191495,0.009589665764157651
2022-08-26,0.018047743131508698,0.025615677701789963,0.02988936248221208,0.06799999625823538,0.022243462434237804,0.07084848089863938,0.015967319088567244,0.047864925156103855,0.028354931925646643
2022-09-02,0.03416203431713938,0.026245389180376222,0.02726448847614904,0.06721866869202842,0.017504484165783873,0.05921583599559099,0.012145020242619597,0.04884559807836819,0.02980386384633027
2022-09-09,0.025820335261149685,0.01664573256559443,0.019698951096188466,0.057995285860821255,0.019013904651705493,0.06871503416582936,0.008472497280013591,0.05089407771009702,0.03135115464412941
2022-09-16,0.03080320410954407,-0.0019881995152584153,0.019082140156953642,0.0612556942362632,0.021256839025415086,0.05455487119132396,0.006272534410162289,0.031188211717801284,0.03365543638061119
2022-09-23,0.04778881820417524,0.008539314371732942,0.01708014278250669,0.06882042591401216,0.029696622639732606,0.042435577341792374,0.014102384830583015,0.03965429399580067,0.05130507525995798
2022-09-30,0.0630003389652618,0.0064352465942718595,0.027823722036833587,0.08666034920486698,0.03784536227664037,0.06246900157624147,0.02125595049609974,0.05188168627351075,0.06536832366704992
2022-10-07,0.0640883457929855,0.020104571536293747,0.025036701431080388,0.10436071105409628,0.04663399979737903,0.05026973222156439,0.02566189208720082,0.05147446264458022,0.06569487085335712
2022-10-14,0.050340857572485964,0.01832912606025161,0.03491506622883822,0.07107260473142141,0.04416344899312774,0.046003559641198954,0.02158522381012784,0.026229464445159056,0.05635614068978034
2022-10-21,0.06529063145292957,0.032214428354823355,0.029924221013969188,0.09310604250583143,0.05516244757586386,0.04968460211047976,0.02743407360722272,0.043424095670167695,0.06731318987409285
2022-10-28,0.07008955188200394,0.04663895949307317,0.04195815645610157,0.09441913130157165,0.06267898118560966,0.05873809007427244,0.029603030816229614,0.04865933405215239,0.06700886274033069
2022-11-04,0.07352318685547377,0.040578398615210176,0.036145607240968936,0.08961720543073781,0.059851111528856915,0.04233161282179676,0.02173259189807364,0.05941132641939406,0.06825257286604502
2022-11-11,0.0647030910830666,0.06484170577081727,0.03014141160370798,0.07665237280205517,0.06616860497003829,0.048616339773914774,0.025149281068548357,0.05651376479756909,0.06716920541373783
2022-11-18,0.0348362178976811,0.037424406180186054,0.007069281932322369,-0.01668350566558363,0.03171799011367371,0.02072398005539533,-0.013270131274695007,0.005503897964128424,0.02850930314069
2022-11-25,0.034425061099966126,0.0544437906988513,0.02113418108482268,0.0017486049246651092,0.01992861741073182,0.018925892429215274,-0.013382238842270688,-0.008489369751908615,0.028523536796886795
2022-12-02,0.04168186159070286,0.05496399452234435,0.0251679542875074,-0.0168300977727478,-0.0006019865738131625,-0.0014885608192027888,-0.016254074395263107,-0.02169492301783471,0.010343573875137402
2022-12-09,0.01569551778890066,0.03884362412297193,0.02263811714673203,-0.05453538352426257,-0.024646479989148817,-0.016041938592681326,-0.03216948907307665,-0.04467348617609357,-0.006706409222454468
2022-12-16,-0.005930914209872018,0.040846861352354935,0.03497200717749038,-0.05978552017494021,-0.029355965167523257,-0.03349096577286215,-0.03969566243222383,-0.06167078657477987,-0.019698389452184273
2022-12-23,-0.022824204655723213,0.03308830982917321,0.01924051302141727,-0.08166198702795402,-0.03399571984126082,-0.05790288681404476,-0.0503433714513295,-0.07384190856295447,-0.03435885504591418
2022-12-30,-0.01793957311230998,0.02138352906272445,0.018548030017189632,-0.11441962761559221,-0.04706335407774476,-0.060851270245789735,-0.060441679847730356,-0.08369534165574333,-0.03281184603230791
2023-01-06,-0.02824454790634423,0.01493894348455349,0.0026127203468320204,-0.11924263356427289,-0.05439701056658364,-0.060025174433882,-0.06456415084193395,-0.08337582188526893,-0.03007311551515013
2023-01-13,-0.052059432719195664,0.008980968692080538,0.0016877128823908905,-0.13230108557832398,-0.06625171484677628,-0.06390793355145608,-0.06152223770810078,-0.1255685598523657,-0.04163474125089861
2023-01-20,-0.07608255201458447,-0.029319015910237667,-0.018497418662503762,-0.14795878839477972,-0.08908736342031487,-0.06750661603562236,-0.07604040779891191,-0.14899586106550267,-0.05978526527380135
2023-01-27,-0.07186841349204065,-0.03363017539197166,-0.016309019527196433,-0.1435692356949998,-0.09774700889596288,-0.06342121029170356,-0.06697108606779067,-0.1482093207884576,-0.05685077223998336
2023-02-03,-0.06060202453732,-0.04396448679982434,-0.006105610870471345,-0.13536221783369484,-0.1122172559956851,-0.0693761362482519,-0.06932285004133976,-0.12987117807604998,-0.05899368629774271
2023-02-10,-0.04290894524508393,-0.029970490469041877,0.021174405521827033,-0.05849309397878688,-0.08186356246226456,-0.05848146610625804,-0.040029105915944274,-0.07537541639140644,-0.03657682031049703
2023-02-17,-0.04234374120240392,-0.029126320269639905,0.011887774417278507,-0.054332304408993615,-0.04995189398162392,-0.04628425194898966,-0.03211522761518232,-0.058787561119709064,-0.030675249893480583
2023-02-24,-0.0452520240807317,-0.0334401776843567,0.013012070618317217,-0.02889585728102162,-0.010943285420619508,-0.025279838072727934,-0.028525980651357974,-0.03714143470894138,-0.01598311798686769
2023-03-03,-0.009384852124960208,-0.009139687346175762,0.01908700971666466,0.008804646862728305,0.010653348863662648,-0.010999153082681623,-0.004474776794247293,0.0049442972709594635,0.0004245521854726597
2023-03-10,-0.007331527297913754,-0.01731496481666106,-0.008023712262320792,-6.907057864680155e-05,0.01650696731129986,-0.009773334608869533,-0.0031483256554868944,-0.0012254461796672445,-0.0010115018400553843
2023-03-17,-0.010716457413521674,-0.011517035514527763,-0.010190289069805125,0.002711032501277799,0.021354716118872075,-0.009116758659700963,-0.007832455898413082,-0.0071880700524169505,-0.002930834454325293
2023-03-24,-0.015964638919029328,-0.014306672870759485,-0.002845674051765279,0.01945933858700677,0.013849362242207786,-0.009981810317433393,-0.006164377647151109,-0.019329187749091314,-0.005051914986458517
2023-03-31,-0.007311320820856393,-0.020422907642757337,-0.00514728391565189,0.03155122098129315,0.00577349200951649,-0.022185318939111465,-0.006845626658717241,-0.010544401954392768,-0.012511216810534798
2023-04-07,0.003435364255600426,-0.04259221800310442,-0.003749613175879851,0.035467422631749734,0.002721583826321705,-0.018241025258798338,-0.0074931975497090075,0.010543876483913639,-0.0038902286757744875
2023-04-14,0.024035832971199822,-0.012293846337469105,0.007316649578840817,0.061567052659663446,0.015269918852120812,-0.008340850609078299,0.008222737941651626,0.036969480603396665,0.004726661687430855
2023-04-21,0.013890588414024574,-0.017063041728190953,0.010582499299926162,0.05550982434427798,0.026756678963877345,0.017384136471709777,0.007432734326124624,0.047571217588469494,0.004898505726711466
2023-04-28,0.01938043737022177,-0.002893758389092227,0.005965459689773134,0.07852463620771832,0.04453986261156029,0.023294538557937727,0.016953718384993766,0.04756432270072297,0.014197221603577503
2023-05-05,0.02016925356294763,-0.02418040230695162,-0.005341899559836882,0.07503460355276115,0.046677968565248085,0.026587293152218194,0.010777103328808879,0.022299697984931033,0.02834658786415245
2023-05-12,0.014172663564039345,-0.0350116298357932,-0.00941323820177331,0.039234356741817855,0.023283646899462607,0.014572239997894698,-0.0031633678560015754,0.003994088149949171,0.016335882346335318
2023-05-19,0.013387448118920675,-0.02248662751136088,-0.006861922190069869,0.03318037640655813,0.010095430665351124,0.010611037819314717,0.000336417160447966,-0.014898398696038928,0.012806865883735696
2023-05-26,0.00761588949033265,-0.020777974597701032,-0.0011152204620268336,0.008795570461770374,0.02284705589114,0.009540167758334661,-0.0013352127196936125,-0.01367419651423063,0.00013059518775282442
2023-06-02,0.02138962192352678,-0.02238278596770904,0.009568694257062305,0.017241544049042545,0.02710133258805869,0.017466509842138045,0.0037398447677102764,0.0032405602116880594,0.003389391851207346
2023-06-09,0.026561227899537077,-0.03977491059083604,0.005496710039164299,-0.005145763050927066,0.012422519998557258,0.01893756885079334,0.0001112656468464368,0.001873874422201549,0.0005868544769365158
2023-06-16,0.0357120999582381,-0.03398949086130365,-0.002441278794210966,-0.013866321871768506,0.028198741045720732,0.024065791120785107,0.0008191533391736505,0.014857166447302728,0.0041737376357828815
2023-06-23,0.03787162673393163,-0.014754833698450653,-0.00522884169637905,-0.01622630822070903,0.04102515708486543,0.026531668208375603,0.0044568527548176085,0.014010609930878548,0.012478668435509377
2023-06-30,0.04953915920461971,0.005994530204828763,-0.0008649518419998614,0.0038574920590113138,0.05788166293266683,0.026844080371343892,0.01744685447367328,0.03296962277237414,0.016631319482206308
2023-07-07,0.056358614413996255,0.006651324927126723,0.002806933744347262,0.00030366754710531296,0.05846393410484052,0.016034452456826553,0.016725725624773813,0.033389200337849534,0.02372114764076505
2023-07-14,0.050669614975678234,0.02431962167881352,0.009298093361753246,-0.0037335548205588154,0.05853209501004386,0.002570938996441008,0.01247681482364732,0.02139619856622499,0.025098874142024385
2023-07-21,0.03493714953626803,0.0015314604362153261,0.001078049018593319,-0.04969722948116484,0.019947113842281317,-0.026798325678346835,-0.01182598898406434,0.0056452346490751815,0.007542053240420898
2023-07-28,0.03785827081922011,0.02620307825071677,0.0033877335522580765,-0.03684471045766369,0.02227263560912318,-0.010539302126212569,-0.002213759979561025,0.009189096164919697,0.019875990538357424
2023-08-04,0.03307548671503735,0.027001859026411168,0.0061657627615892,-0.03290074553965994,0.026404835016365702,-0.007978428149663763,0.00436583305425009,0.012033309775918433,0.022532986553037926
2023-08-11,0.03043926710643885,0.022440521645698652,0.0076771273196794,-0.021722932267076445,0.01638292121465401,-0.0031535593237599358,0.0008218769141656312,0.02032042535353007,0.029002376654625905
2023-08-18,0.030979351488955587,0.021903754417222032,-0.00010857435846212127,0.0003086686993034604,0.011001886159222707,0.01440665201753788,0.0027426724875734276,0.016671843466668168,0.03965256038650411
2023-08-25,0.03252160681733329,0.022859307500159076,0.007058299242930666,0.01311489293396395,0.010487603018966674,0.008043058330454933,0.002288837384340159,0.017673088787367064,0.03911309113671635
2023-09-01,0.028431745248579166,0.03069627464488356,0.0039501317584855755,0.01962960769560418,0.013930703085894836,0.013865762775091994,0.0074635484091065685,0.013090783888124236,0.037236813331343654
2023-09-08,0.01752306295118622,0.025273386782446394,0.0031307838295111523,0.0235505215311429,0.006889504060990204,0.011175480838389262,0.007157589570211675,0.013713105726254948,0.036486173432053626
2023-09-15,0.03142840828944604,0.025771017304503374,0.0131386582815054,0.043842763769498916,0.013387772329210845,0.016423532211834235,0.019795299973693115,0.025831300691815162,0.043314735074011956
2023-09-22,0.009256196030963615,0.02157126914629437,0.013130960624089028,0.014439917515413292,0.0010681935727723246,0.017198611716385592,0.007400759123597889,0.013883728421175245,0.027734992479027998
2023-09-29,0.0029511098366199473,0.02137972092260476,0.01063726978332813,0.01135899847226618,0.0049166409431915525,0.02578405142602236,0.0076544128784735155,0.01677291155063365,0.030559645287720816
2023-10-06,0.00827632753300045,0.020929432844443596,0.005378710067038384,0.035304677828423614,0.0061526823587647606,0.019705993977943592,0.01331263322722237,0.04023450908354853,0.0284400276380663
2023-10-13,0.02271103378578143,0.04612475985353548,0.01250413279368523,0.06247731367617515,0.040586033222115514,0.041362120967064264,0.03598059122234287,0.06644922345111715,0.040836244507787
2023-10-20,0.01644722878293514,0.04302948921010419,0.014699119598026833,0.047742015946534266,0.03565117630317216,0.03525920141929184,0.02920645105976577,0.05336012254321343,0.027092036885408177
2023-10-27,0.0232803197120115,0.05175898117450828,0.011203091734898862,0.056629529909804965,0.04563847760852724,0.033318811688691774,0.029746921422162065,0.062069389715240675,0.030327233967202716
2023-11-03,0.019464781526381092,0.04552253083122615,0.005609876512160383,0.029571239393211712,0.04805793890423504,0.02048083524918809,0.021829524786242116,0.04248751376625348,0.02160248084708538
2023-11-10,0.005794527580645914,0.02134460199411592,0.0032100242870383155,-0.017426210613638915,0.029846552543975058,-0.01557178770838874,0.002365990013142749,0.011337989937396209,0.007035126334496322
2023-11-17,0.0007531048814821695,0.02391076230432354,0.0014477215935295717,-0.017030123476524217,0.012802739659644402,-0.006665265622362249,0.0033867140782390392,0.017088447202885604,0.012807934348851635
2023-11-24,-0.011454594931014084,0.007782089762873312,0.006683223771648983,-0.026745651832962736,0.00864654538934162,-0.023217580569694363,-0.010806914947081081,-0.0029180476917489706,-0.00459524917899623
2023-12-01,-0.015753380017931917,0.019534434934245226,0.008141239289170876,-0.011905265458171499,0.008892375848272183,-0.022098474588874595,-0.010214214009899358,0.008025326265962196,-0.007621364009180898
2023-12-08,-0.029705598142758305,0.008393163544639037,0.003679547214744616,-0.022722826309848898,-0.0008341800387472453,-0.02359975746725418,-0.020879594634150622,-0.013864549740187027,-0.02034075167450755
2023-12-15,-0.014348341319257774,0.01092256433015315,0.003775888652368664,-0.010726622029801902,-0.004129540600402493,-0.02095109607799639,-0.017242444413592517,-0.007587503030161535,-0.014740730588461481
2023-12-22,-0.023547629880165566,0.011035960715220838,0.0009400819045630726,-0.026363639041600884,-0.004316799454737508,-0.016500236702808202,-0.024342574879855916,-0.03002380002934979,-0.026556373275698153
2023-12-29,-0.01813006274582274,-0.0007949408575473882,0.0018225514141176902,-0.03566648208087564,-0.014329166857300235,-0.01894050058009178,-0.03049923991853848,-0.05415851212299572,-0.03382759157872739
2024-01-05,-0.026327978469988134,-0.016347665405437084,0.0007091346451018055,-0.039126125536686374,-0.025828126160787113,-0.02304405595898107,-0.036511135421539,-0.07441970257178321,-0.050403515661290754
2024-01-12,-0.022284004383177125,-0.014461359337978763,-0.0019173617214640615,-0.03138269232635604,-0.015559374383681046,-0.024250847670761466,-0.03270591842288545,-0.05111219730090788,-0.04002940935182453
2024-01-19,-0.019130400764936217,-0.021635375084239072,-0.004193257179057497,-0.03080288625445604,-0.025491534743730337,-0.018070372573150806,-0.03004740219365365,-0.04328406742140878,-0.03938895044743296
2024-01-26,-0.016588441247015195,-0.01831102825252806,-0.002181222529204163,-0.01046319554092534,-0.01257295406653225,-0.015361339596217327,-0.01977778288430787,-0.01841056184317935,-0.030487204929307676
2024-02-02,-0.014873191513850026,0.0094514385112614,-0.0005413078128615467,0.02199239430008504,0.0006344506927422611,0.011111919067250398,-0.010131648523515002,0.0035871323852254555,-0.026744880629418155
2024-02-09,-0.012949890636082095,0.001146292506495783,-0.003608180041662301,0.01137809195943884,0.001761142863721421,0.003445109304275995,-0.013429973029464415,-0.012859216961684794,-0.03159924665244951
2024-02-16,0.0,0.013645800119739704,-0.002730565973108945,0.028262874855313314,0.017785774788231956,0.010708718556266206,0.0019330861038251435,0.02373601591421215,-0.009158821093777636
2024-02-23,0.008489960529342921,0.006370040752592843,-0.0042610670246050475,0.022576615397838395,0.01935203521182216,0.01007531299873854,0.005138719183536367,0.01954322698108646,-0.008189741994212518
2024-03-01,0.008576746402840785,0.007464594090627941,-0.005126210798350961,0.019804430480422575,0.022010073111730755,0.009449624786389776,0.00540975445833336,0.025666774796814895,0.005234866568392782
2024-03-08,0.0043504314795563825,0.01071541697795908,-0.006992720139254338,0.015309099473939547,0.017428708965380846,0.008722104886278004,0.0035392991885402347,0.011568928329346306,0.0049483067409274994
2024-03-15,0.009573259811038737,-0.0015203151783911295,-0.0031370492844917663,0.012991122730473315,0.003036526154929886,-0.00526104369202951,-0.0009395141524241035,0.014594641996095614,0.002043488689650541
2024-03-22,0.007137490827101356,0.01080987328055727,-0.003750971491182753,0.02499284238388988,0.01686040989985238,0.001726960799063093,0.010556665838543422,0.03745118528891389,0.017625673419556342
2024-03-29,0.020937388638508025,0.025918271124103498,0.0036578678860523794,0.03501077111242701,0.030547362066545514,0.01667629764201628,0.022525922940241916,0.056086821249875296,0.04363398067674451
2024-04-05,0.014580250373288361,0.02582508201726519,0.003099604218848917,0.027352788583004717,0.014861205461919269,0.012065294576165009,0.01604162505437029,0.05104337180791818,0.03234779101243923
2024-04-12,0.009504089273018712,0.022120400715069266,0.006043296449421476,0.033456672411831256,0.02124569012758526,0.014560080648714724,0.013803614062947722,0.047593092248218394,0.03262483020837115
2024-04-19,0.008235730830618904,0.03319108391693426,0.005722321812084985,0.034975230354151954,0.010960168730512976,0.011521007920133108,0.014392464060643706,0.02851686627966421,0.027148716511702364
2024-04-26,0.008326973456346698,0.027817535484915723,0.0033993618397492043,0.030680602608289753,0.01118457608071588,0.0197059363187293,0.015251082204263133,0.03450283591523373,0.039899910545286854
2024-05-03,0.007404729460215975,0.031722046016284366,0.005017843365618724,0.03011345003262278,0.01075392546092413,0.028874503343415014,0.014495150996515993,0.0407291436176358,0.03861725132477867
2024-05-10,-0.00402604978022314,0.022105627050025944,0.004482857301765897,0.017505868672116343,-0.005576907178052926,0.019610896491239593,0.0024481632465693237,0.024544905488192992,0.027352508305680256
2024-05-17,0.002374007475649975,0.026521498060757764,0.006010712448808242,0.026110216638841166,-0.008320249700045856,0.028364766761039384,0.006220399204190541,0.0207325336384252,0.03381336436577831
2024-05-24,0.0031170151787560663,0.02345639500167529,0.004886130610414874,0.01627578964027787,-0.0189334763040101,0.03146983614864052,0.000706700667302218,0.003119262224845265,0.01824902491817948
2024-05-31,0.007158434437664951,0.02156607949854461,0.0022901923525147083,0.02412556847949965,-0.007295829348898053,0.03726139143740781,0.004119584960994904,0.022198622831290482,0.019676053028559348
2024-06-07,0.010081190566582299,0.04635179566842851,0.008567372648996319,0.051503573620514054,0.004898838338089462,0.05236210693790344,0.016222921939585466,0.039563163086914876,0.03620928626230402
2024-06-14,0.00801657357115948,0.04064084372093113,0.0073142839796265235,0.03464894942401653,-0.0032343206337521746,0.05481710345666002,0.009817489882301245,0.02434615814057084,0.02425174645084427
2024-06-21,0.00043314300927788096,0.04073502102587945,7.780913423349745e-05,0.030864362816412694,-0.003341372647354346,0.041177534183172604,0.00392084837415424,0.008969898205601456,0.014018412796589885
2024-06-28,0.00516985318828822,0.036260624633412064,0.002533807905784613,0.03172874918486013,-0.0026065687538394666,0.04823250002920787,0.005401219153565895,0.011632812170648599,0.01294511429822709
2024-07-05,0.006720058271004525,0.029450026766216553,0.00036599817409488367,0.017228808345035596,-0.006339165443735473,0.0323131715966527,0.0042517856823883204,0.002522069432709717,0.010406436825585175
2024-07-12,0.003359061797709284,0.009251810338321675,-0.0011071182844837324,-0.002307039660727206,-0.013039259771360445,0.03370208599591429,-0.00818830187341163,-0.001095065471144352,0.004787875765622562
2024-07-19,0.005805731222159327,0.0024338483127017696,0.0013181942649973521,-0.0007632894509610466,-0.02362955933368438,0.015804877109975912,-0.007744543797508163,-0.01952049928957722,-0.00030755036379614964
2024-07-26,0.0024812799907592,-0.0012277699628153727,0.0037096025404323996,0.009465446845095649,-0.01739027091264611,0.011019015799239362,-0.012708904615051864,-0.018264103165823276,0.0062073066127430465
2024-08-02,0.009532089576411495,0.018560219262225175,0.004038958952963689,0.020237517024948026,-0.01717739627055992,0.022933849608820722,-0.005311949490170331,-0.024196946265502728,0.01610212094060559
2024-08-09,-0.011591047554354361,0.007111019732725765,0.0032693733341968567,-0.008537030755405794,-0.05256333477620578,0.004000802031979056,-0.022320189090587472,-0.04339301429503317,0.005531157511763141
2024-08-16,-0.008257020026690709,-0.0015731009307700106,0.007832813327026678,0.008757976745788376,-0.05789779283296603,-0.007059425617250703,-0.016268444857593878,-0.024095863557514363,0.006380298535751283
2024-08-23,-0.012623840841267775,-0.022158377728457523,0.010187821510725392,-0.00818388076570642,-0.06108769197983821,-0.018745942793293224,-0.023837422813855647,-0.05119641133070685,0.0015810279973189623
2024-08-30,-0.019738648495842837,-0.048016484020648065,0.004584353713597444,-0.04048282390801816,-0.07308372752620418,-0.039874244501610256,-0.036197763936031524,-0.07744757251680667,-0.01878674700888361
2024-09-06,-0.024738903266052326,-0.0488549565750489,0.004147176724927704,-0.03205409717195362,-0.08248779449191224,-0.04419734476671078,-0.03590312729089945,-0.07863386226919777,-0.01369225172814792
2024-09-13,-0.0255857457115245,-0.06639386858768148,0.004907677633347873,-0.03793105490702864,-0.08634336336195236,-0.04565030270285053,-0.04091736725080258,-0.08794135008743575,-0.013987111442804068
2024-09-20,-0.02688120940837413,-0.06820225070445751,0.0037499745379854232,-0.04457826745198279,-0.09136693865763257,-0.05107882292483712,-0.04316294817693245,-0.10121916074535031,-0.013336225136200586
2024-09-27,-0.03477708621280895,-0.07353946209320483,0.0018818740383439447,-0.030890487019338053,-0.11531390840109679,-0.04734850546115155,-0.04686617228916967,-0.1048387193053677,-0.01408692505746334
2024-10-04,-0.04359148849822536,-0.07464638438012905,0.0023205474462804077,-0.054219282239776234,-0.1322246368761424,-0.04554452823014188,-0.05328155086999514,-0.12020842197163129,-0.02936283364765746
2024-10-11,-0.02711398945268062,-0.036774356572454536,0.006142587791058141,-0.019466853553047336,-0.10171618377736347,-0.030027276790164592,-0.03453878760031598,-0.08310799014845305,-0.00685209014461563
2024-10-18,-0.029072341328364004,-0.037808476107452194,0.00458206648722026,-0.0273224097063407,-0.08855300213646711,-0.01927641393345425,-0.029812403699661816,-0.08996684675600264,-0.01799356504801297
2024-10-25,-0.01935959459791481,-0.050388270148703285,0.0038978039300507916,-0.010593334795304443,-0.07853383471538122,-0.016359754279769767,-0.023934957116088285,-0.08090702951028339,-0.02368945793932342
2024-11-01,-0.002843477679799644,-0.032699348016709706,0.003389561143251285,0.022619829977512218,-0.034914233296898134,0.0087166955417457,-0.0034027784355453727,-0.04536171891054597,-0.01768370810072062
2024-11-08,-0.0050964697265463155,-0.009769580467640537,0.001267800714431111,0.009277424537380341,-0.009835735249513089,0.020073225379458215,0.0012085962871629663,-0.0378575873320286,-0.01609047677124309
2024-11-15,0.003375947687684011,-0.0032479473658160174,0.005419809786824992,0.0281473127570413,-0.011299298871583208,0.021807839185596478,0.005447131035506869,-0.018834312625866545,-0.0026674953782457322
2024-11-22,0.015450317610921527,0.028011216666069316,0.007047597283845519,0.0502667022518235,0.02260085351170482,0.04398319704543585,0.030112401928660826,0.022069861287031145,0.019494036735003384
2024-11-29,0.024057232940857265,0.02695670183545218,0.007331872874810408,0.05140675919663629,0.034017272326160475,0.04745888193804326,0.03423649110207749,0.015172805482613239,0.01830707655609265
2024-12-06,0.022336038905162114,0.02783073012375681,0.0076417772261478945,0.0471485045995399,0.026728410233707756,0.04423591146463135,0.03063879292738758,0.01945959540179798,0.017253577630283345
2024-12-13,0.025117389217589325,0.02951513645041537,0.009573651469265698,0.06715307103306856,0.02672514512913593,0.03320912000925169,0.03281591822405078,0.023803563630448554,0.014169648548076008
2024-12-20,0.03154637590526499,0.05298590628602362,0.015601088742003277,0.07096567850118074,0.056826640455308164,0.051812474704076905,0.04254028234204699,0.03177232395217855,0.01590312047443243
2024-12-27,0.044455188477885654,0.07122473729895695,0.015000785257344162,0.10060929047064615,0.08822261744779203,0.049070787154295914,0.058195202577600025,0.057908940852335,0.035078188438450564
2025-01-03,0.02799154332772802,0.03306885605189258,0.01734515827937244,0.08810574874301658,0.05778096044411041,0.02219056932936514,0.04003989984693912,0.022885314100683285,0.016342441490746484
2025-01-10,0.03951396466094681,0.03877724421263906,0.019667052355933023,0.08353958112089277,0.048138183519158106,0.014780173241060623,0.049180437967865254,0.039035464717232404,0.02219141753485765
2025-01-17,0.03299010430523586,0.04844487400686326,0.02445552119284944,0.07312245211822166,0.04351228790037953,0.019253791087849415,0.045744626144983314,0.04585795364788492,0.03149310177330289
2025-01-24,0.028881726013272102,0.0446109091897835,0.02924933897189952,0.047523379621686956,0.037024524522655256,0.0007878938806280544,0.03446948611345224,0.020431371400585263,0.024828776666010466
2025-01-31,0.014880740412040128,0.020735874845430047,0.024780528160145643,0.03630022905814467,-0.000730743792650701,-0.0019944282475536923,0.01561741758403945,-0.011553116727002877,0.024759185570260023
2025-02-07,0.013336107971526845,0.040268600981450575,0.025737478338132114,0.04093358150967141,0.017574270262628255,0.0004794479591163636,0.022345422888332078,-0.01874870389237593,0.020048022558846856
2025-02-14,0.009455343564316987,0.024010235913738853,0.03770436010478928,0.037923127792925726,-0.007874851396863614,-0.011740679103850127,0.0071206353380239285,-0.03225144547926151,0.009058143824483889
2025-02-21,-0.0009096171965974342,0.016022261583085395,0.025448331539315028,0.023227503986771758,-0.0076804258165050765,-0.0211327972459312,-0.007739861515226765,-0.025293676418994604,0.003401311710383048
2025-02-28,-8.965424501616859e-05,0.027463744228924725,0.023349318988405088,0.025335149701122717,-0.006587133836329473,-0.012302304172639111,-0.0030257209165369114,-0.01945959540179798,0.008363891223082565
2025-03-07,0.0018803834933607266,0.04299413662273821,0.03157490402127472,0.026851393843722704,0.01008994844238753,0.0029948023332595497,0.005650362603745407,0.006739952254437576,0.015218383943850888
2025-03-14,-0.0050970265256919944,0.015385490600815288,0.02650286579180694,0.009360226262153937,-0.008463628923523814,-0.022940006126804136,-0.014518701669159473,-0.01468173481721946,0.008909904169178695
2025-03-21,-0.007814098187173935,0.006458077348048263,0.023036863916871653,0.003753203939408145,-0.013360043224298623,-0.026781314193128125,-0.016423659021756687,-0.020245841892192917,0.009271468408716732
2025-03-28,-0.005352695477355285,0.020856884214492055,0.006401495715381955,-0.003891320202091819,-0.011292184053898202,-0.010397204323236764,-0.01595877253966782,-0.002721690598410653,0.005984494674698304
2025-04-04,-0.012276215169595872,0.02314201228781876,-0.0027025071534394485,-0.00024495628333287556,-0.01385041999020964,-0.012800881041754586,-0.022272307077012943,-0.01811061621982546,0.006897204944688706
2025-04-11,-0.008997753253278562,0.04633531955177084,-0.006218650311345719,-0.008961085640903477,-0.013610829983854877,-0.021968866637063655,-0.021735181133143655,-0.00527438815311676,0.0029898999970066065
2025-04-18,-0.006679476120685202,0.02696260230448111,-0.004248257024467961,-0.020688957717736933,-0.018363521289059603,-0.024612787332740638,-0.03481040166439714,-0.024598044095431426,-0.016102419721127692
2025-04-25,0.008676814196910687,0.044292607441454024,-0.00892371272821535,-0.0034715316952320663,0.008235554782797028,-0.02735232553670386,-0.02586107647235375,-0.003806116763141354,-0.0017767979431697611
2025-05-02,-6.171421520329012e-05,0.03281576534604547,-0.013988926647589217,-0.008135661525372484,-0.019584275279131758,-0.03797146169472754,-0.030261081467167272,0.0011914514776036889,-0.008898188880648306
2025-05-09,-0.012839675759655389,0.007591084756155553,-0.0371005561214659,-0.04094655086020449,-0.04206910229375227,-0.044136454601139796,-0.045591294880886035,-0.021967371334395747,-0.06793590618358358
2025-05-16,-0.0020773026010389994,0.020222969159826576,-0.01457961927399598,-0.028034245519485523,-0.030930182660748873,-0.04055606936344969,-0.03141858061377989,-0.021691847637075767,-0.0812160275377698
2025-05-23,-0.00552577385234132,0.011924326649458195,-0.011288204083054865,-0.023391889414383193,-0.02860617463340831,-0.03682044714408672,-0.02738234714922344,-0.004326427754004936,-0.08181890255491098
2025-05-30,-0.01645948475397252,-0.01708838870745666,-0.02611156769578571,-0.06614775824814778,-0.05315260697773394,-0.0469300533136181,-0.04833802930695036,-0.05253915130593301,-0.09348851976873496
2025-06-06,-0.005366101274905999,0.004550284731211107,-0.01812017370680774,-0.04777511278008184,-0.03581039709123335,-0.027626530040743447,-0.030770483811246252,-0.024222637575846306,-0.09315436344386185
2025-06-13,-0.006567986087658628,-0.0007597760251769614,-0.013851631510249263,-0.06461978326237183,-0.04949325865773058,-0.02377298038714315,-0.034144453893229176,-0.026374823978011275,-0.09458793681403943
2025-06-20,-0.009956738259413234,-0.014263108688961523,0.0010919694868958274,-0.0694345653486712,-0.040322552847957605,-0.020750592621233466,-0.041866934843195314,-0.04659016990415976,-0.11053282754676186
2025-06-27,-0.012449686244463853,-0.01040735842545537,0.012332245573987599,-0.06862497365439513,-0.0425292468090821,-0.0022760876832093047,-0.041260229094651935,-0.03418111200535012,-0.115287734219927
2025-07-04,-0.016204874448911832,-0.047012705361192175,-0.0012799646396617348,-0.07007336333086212,-0.047519756386935175,-0.012009997697663088,-0.05068387820309303,-0.05716693655511529,-0.13118629184001662
2025-07-11,-0.017116313371560832,-0.03749011441946237,-0.00817086985042792,-0.045932331847911456,-0.04672990802544952,-0.009423678126005974,-0.0348491495860655,-0.0345136459573081,-0.11052019079652231
2025-07-18,-0.018384381991016774,-0.03815107353974412,0.00488847162166639,-0.03411451612341665,-0.03697116652686505,-0.005067414373210788,-0.023888298986703665,-0.03144483270765841,-0.1099566863287631
2025-07-25,-0.015758262073421125,-0.032152956855014736,0.008875573621788035,-0.036800612949893896,-0.030150238508886762,0.01359892387107653,-0.024052108984410348,-0.03614440496914417,-0.10230058571354794
2025-08-01,-0.006433350305652619,-0.00567413756498425,0.023852212094428005,-0.007924200063494702,-0.008090334600204363,0.02776896578365573,-0.00885786677437142,-0.016971586928945293,-0.039064220671121586
2025-08-08,-0.006070241976637192,-0.0069313313030594514,0.021950900185612632,-0.007296919540609181,-0.00505846271354371,0.040209575016502797,-0.005333758248486031,-0.012675795867131967,-0.014302188587999254
2025-08-15,-0.0027083161810452783,-0.0149169885708762,0.021587831854699147,-0.007824575428497127,-0.011831130518763722,0.01701367647905805,-0.011835373116654835,-0.03429602747274574,-0.010852664858776784
2025-08-22,0.0016574974196537084,-0.005091892963628553,0.026837723931326884,0.013941960995262015,-0.004310351501122245,0.02922001187775347,-0.0028050509276084934,-0.0011549568175093228,0.0011338247788184042
2025-08-29,-0.00425095869129799,-0.007449453020752728,0.019560058764795052,0.00048524529377047543,-0.00709615755481896,0.010275604301218877,-0.006846943691194318,-0.014959428981229372,0.014053620890787322
2025-09-05,-0.009828277730437707,0.00774830853152686,0.027984750122415747,0.02125953584249629,-0.0015846177174372311,0.02150848864573529,-0.005247111558655954,-0.013762566818955602,0.020216054799183425
2025-09-12,-0.008315213655395226,0.0050558638684030655,0.023329591062659638,0.013973963150236912,-0.0039174091395299815,0.008463173894359244,0.0017149988612595868,-0.010550912462699902,0.029694758680522515
2025-09-19,-0.007612254052556944,-0.0011820548411787257,0.018700129938766352,0.014708967054045452,-0.011896033484663615,-0.002360037807089377,-0.002801776289971858,-0.03286608011513126,0.02597982365587992
2025-09-26,-0.007970121156179344,0.024708538676504688,0.030004595394719225,0.02593573325335985,-0.005641295863377138,0.006417435191390375,0.006404770781112373,-0.02312331455299166,0.03877892413870576
2025-10-03,-0.0033620760491386292,0.031501108144324164,0.03688745434496887,0.03372342530041905,-7.105048139699477e-05,0.029884483445172805,0.013946466797115364,-0.005727569837286062,0.05148665921232931
2025-10-10,-0.004885849521137464,0.02218959657604458,0.03355933890375695,0.02180079582064387,-0.010802227645019258,0.024997805644612292,0.006889197238484607,-0.0016216845903129773,0.03978922099347182
2025-10-17,-0.005994987211425995,0.017436379727787,0.028974001166057306,0.02519161012838733,-0.0049843604048307455,0.022419060785520806,0.01107808517315445,0.009980888997680015,0.039656372605314516
2025-10-24,-0.005127552707627991,0.0135038637105378,0.017043445235202626,0.027801954685755526,0.0009468576870270695,0.01740848792641536,0.011368829405538933,0.011803616770503123,0.03890118162290834
2025-10-31,-0.009184837425783243,0.01262983396840589,0.006011910528394004,0.035901001282351075,-0.013102524460715248,0.016395500283433506,0.006789794313419528,0.005288381744400716,0.03713183398666553
2025-11-07,-0.009488148202707603,0.023994681549098118,0.014433965571228669,0.02732528702740744,-0.012975026957624536,0.032910240832672244,0.012665542119088657,0.0006187161836974653,0.02945220712349972
2025-11-14,-0.008191612768257972,0.03111656896821735,0.013641335862956794,0.05320455914490019,-0.008700785512695708,0.03567068394209816,0.01565398804924059,-0.0012334259966433336,0.03262423979293727
2025-11-21,-0.010372446467577179,0.030391829656235103,0.016655502210516815,0.05117055681824123,-0.022466403385764666,0.046302361462329245,0.013801343314674197,0.0021464040544629803,0.012823630326173063
2025-11-28,-0.0017184971668460225,0.016797183934997406,0.01647715345403089,0.05906793110967534,-0.018466179328123777,0.029436846021126506,0.01964138695257947,0.0051581532701465704,0.02671325312592998
2025-12-05,-0.008018477895537224,0.016398376445833307,0.013373867741695022,0.05504472381981973,-0.023057706516795395,0.03425476614420653,0.008708755598638762,0.0018388946882721413,0.0309449857745423
2025-12-12,-0.00821949267116806,0.017453968843334167,0.019017532610469345,0.0554731785744762,-0.022228483180357195,0.031069155322111186,0.009270279525927239,0.0031942624895715532,0.030466953771085326
2025-12-19,-0.008868774594363416,0.0009430931147402788,0.028238160423633474,0.05705578939877398,-0.02649480604364962,0.03420557667991808,0.00565201343134647,-0.009036704848038646,0.03486501322053881
2025-12-26,-0.01504689452244179,0.0010763684371628557,0.009748711405440424,0.047864510203910804,-0.03524020385794291,0.007928666783524996,5.4159235903628034e-05,-0.024293328812460047,0.03425944266748049
2026-01-02,-0.018799886026746426,0.010217669972639953,0.011075603373465803,0.024887057823211656,-0.03859350364475067,0.014159589286582452,-0.0043147916351924664,-0.042114144647437346,0.03236427893487681
2026-01-09,-0.023679782157810303,0.007202811329339198,0.016215673435971745,0.0142844135262159,-0.040770685853223076,0.008641723363704834,-0.00972354609311804,-0.04051964654726392,0.02540298796711049
2026-01-16,-0.022051192685832666,0.016600648817290065,0.02560086696052455,0.026673245003858703,-0.037117165892782245,0.01927222597064393,-0.006976709458311081,-0.04527987405631784,0.03125279435382655
2026-01-23,-0.02288511871167964,0.018233997670693114,0.0332605798221115,0.024336375876631067,-0.0400497925673553,0.012846474150530973,-0.007340248064007737,-0.037223015643992774,0.024455294473817002
2026-01-30,-0.022743485629623805,0.010638143881733342,0.03425876886523849,0.025323057645031177,-0.044349756856254974,0.007257880735471289,-0.018745774399772458,-0.038492356233626346,0.0252623935333407
2026-02-06,-0.024916264372321972,0.005657343479699151,0.03582767626094974,-0.012141456077909396,-0.05702040608031389,-0.0030772515541102052,-0.025486816442797183,-0.028924014561018563,0.016289709732844937
2026-02-13,-0.023753442485352494,0.007565594329440373,0.02119288752983639,0.006753470096401593,-0.04587267621177893,-0.010894651975561942,-0.021293130375233033,-0.027983588560733352,0.029844437186663075
2026-02-20,-0.029242492262301356,0.006462404748772244,0.01045212694197506,-0.020795839703481533,-0.059531187284188825,-0.016470375834344964,-0.034655528543748065,-0.04188542271192741,0.0002292154157399473
2026-02-27,-0.024454380353764016,0.012872064560561114,0.01626983541222149,-0.013821924861549206,-0.057209655160961104,-0.011190642994665545,-0.022006531954824715,-0.03063835342138388,0.005099978028140217
2026-03-06,-0.029693301665985716,0.005741013722145638,0.012424716345373454,-0.021815849947481425,-0.05456603204276478,-0.02014626772440309,-0.023579954344567444,-0.02581219656322542,0.0022005792984116646
2026-03-13,-0.022442538933455047,0.01877174017087846,0.013951818710851605,0.004574443762725089,-0.037172531417074106,0.0027146008830678525,-0.009411797577829228,0.009429123328136058,0.01652055712378253
2026-03-20,-0.018957029536736725,0.011811465021834167,0.03172431488610883,0.013932405073759035,-0.034570111208726884,0.0188816355212591,-0.007657754551896323,0.030221542253360933,0.01642818421562975
2026-03-27,-0.01381781607824184,0.012097842816402249,0.04357387873640661,0.0427853501092752,-0.028130651236832005,0.02052027931381062,-0.0008807929264181003,0.058670052805878115,0.018769319765540526
2026-04-03,-0.007469424276308478,0.016220840249612678,0.05199452266963167,0.04451917312097109,-0.010663461241892547,0.027630352247682843,0.0014614657679858367,0.0434641232079791,0.019735239825260376
2026-04-10,-0.012842623113668239,0.009342797205802,0.025568636719062177,0.03386365323117957,-0.010490685535471389,0.01810465612715806,-9.324878783323332e-05,0.0410955758449667,0.011686116566892668
2026-04-17,-0.020775251589997268,0.009617466611265613,0.0235990256988714,0.00509925698318181,-0.022985506139150624,0.0077195865614720915,-0.013090448850568814,0.016914221434969345,0.004650649858168876
2026-04-24,-0.02175090903657262,0.015174332461842965,0.005589824144295541,-0.0036989092457373474,-0.01415076457482134,0.006113338909345067,-0.007307561631006876,0.02059698581788405,-0.004271346122663111
2026-05-01,-0.016925988522874302,0.026726562225992012,0.02459739793352611,0.023914294607778608,0.004854746696424828,0.030510997179504784,0.006284092129613117,0.026947363105149336,-0.0004285530685708139
2026-05-08,-0.015255552079967538,0.02648284914495136,0.04530783910619096,0.0021978780903237904,0.006111747481923668,0.047081183859498665,1.5731927948015034e-05,0.026733366522090574,-0.0010627699439371696
2026-05-15,-0.01577766397298075,0.030582564228646802,0.04147485231910597,0.011684128326972854,0.003423173607160157,0.044825857479618314,0.002741643462964183,0.03474341857182539,-0.002891322474221969
2026-05-22,-0.012588012362092948,0.04275427527721298,0.054695944048699374,0.03504792753675723,0.013614307868633269,0.06065911468503771,0.010091457713086699,0.04671629228929053,-0.0005291114378240813
2026-05-29,-0.009307610023044477,0.0525181728156241,0.048864209610776754,0.05249361538065589,0.019412157278685838,0.0641516252686074,0.01169539625536023,0.051863008421833,0.0025490384814528255
2026-06-05,-0.01984887626890619,0.04803002676916002,0.029201111881870467,0.012336585048269733,0.004297276582656551,0.03676207938276832,-0.003295566496655883,0.018842083406750643,-0.014019431270955618
2026-06-12,-0.017419828328267384,0.06817469315052982,0.029573574205802977,0.035930831977799116,0.023220371806840223,0.031712083701684435,0.004891886828559011,0.011691015191239718,-0.016612032800988885
2026-06-19,-0.021016043353108804,0.0479293235942837,0.014341962112242257,0.007661198300046301,0.030844022413164085,0.013054972443955037,0.0006236504018095612,-0.005136697446091354,-0.012420918392294755
2026-06-26,-0.019126948195946847,0.046292442619787266,-0.0062314519034600835,0.013271621113963405,0.030761081636889287,0.004003290516595648,0.00357468636931485,0.0035128574640261867,-0.011287798489873158
2026-07-03,-0.011996368198080365,0.04855121832006404,0.018896751941892553,0.016286577127237578,0.014534065423913667,0.015248771649802428,0.005440482136597868,0.02122810496305183,-0.004260807545531264
2026-07-10,-0.005648034496662291,0.05073349084288914,0.024335762923442417,0.033381095885018475,0.02660187968817196,0.02669285576023661,0.014593789028003068,0.0344266757548084,0.006449123434102422
2026-07-17,-0.004470936478355059,0.05627745672580531,0.032392155693425906,0.029261688245858508,0.030537675485624804,0.03432458782076253,0.018502696070900576,0.047257486443980756,0.021139200790746493
