date,CNH,IDR,INR,KRW,MYR,PHP,SGD,THB,TWD
2013-01-04,,,,,,,,,
2013-01-11,-0.0045580217266594225,0.01125543764741721,-0.0023404615047484256,-0.005963744627500489,-0.00853649652490418,-0.007735320048420924,-0.0036676352290880565,-0.006337208978606679,-0.003190840690328489
2013-01-18,0.0012121213605291725,-0.005296743362812606,-0.016156296213101218,0.0026465544096527793,-0.0031495044848375287,0.002769488184308777,0.002568756381813808,-0.018297156067066833,0.0008116112655085495
2013-01-25,0.0047132844520982875,-0.005192117014408026,-0.0003561557477036459,0.02343521994524078,0.011029402168030167,0.002455344674711313,0.005360854328318954,0.007205487213346018,0.011003741711682391
2013-02-01,-0.001246657310634891,-0.012594948656628802,-0.015667727934416842,0.006855195330394359,0.019995789359751104,-0.004978345305393539,0.004485852861708189,-0.005558732459664206,0.01147486789685992
2013-02-08,0.0014074031717750124,-0.0020714663026009106,0.008958742100412476,-0.0006779102303422491,-0.0025785671015863265,0.003567258841612464,-0.0022202047670871194,0.000335739469328189,0.0033866638379449476
2013-02-15,-0.00032151756566656253,0.0020714663026009106,0.015391135305849346,-0.007856887558419068,-0.0015180145995976613,-0.0030744659278574282,0.0003232453864664142,0.003685713671449431,-0.00438294054753241
2013-02-22,0.0024088657866214724,0.004181622468715673,-0.00047832454864060736,0.002932850931435027,0.00255023945819266,0.0038109333724616334,-4.039995960544718e-05,-0.0018914197140746936,0.0020252829659872518
2013-03-01,-0.00208734822095491,0.0006694991881328605,0.0128823608493982,0.003897135394315576,-0.0016779068826415777,-0.00024542888821166287,0.001574390249108354,-0.00150900400855436,0.0005056804881382604
2013-03-08,-0.0024944692073602948,-0.0030937427996402533,-0.012374608415627097,0.003223859330583778,0.003063283330516642,-0.0015967576935582706,0.006914044506583922,-0.001881057305467504,8.425522598010105e-05
2013-03-15,-0.00024978949321896593,0.003196702902691584,-0.005799277695863303,0.017080484872920465,0.005618443224992387,-0.0024615397044467358,0.00020027638207567589,-0.007254966864678636,0.0020704463904248627
2013-03-22,-0.00019342827498114445,0.005032103044761982,0.0053798485548419706,0.00418016557885359,-0.003720695827732712,0.007366515816762398,0.0003203588045979089,-0.0080758716642233,0.004647074587784683
2013-03-29,0.0004432177682001104,-0.0029751240205992957,0.0038455299543698196,-0.0039105293165357935,-0.005833363303327399,-0.0004894163807467322,-0.006829804379938409,-0.0008538980964578613,-0.0010885311766721806
2013-04-05,-0.0011285773064062532,0.0015912535760200797,0.0047506375059942485,0.022024620441866816,-0.011573601228513697,0.00804489955654164,-0.000362881281324251,0.0,0.00359601314108815
2013-04-12,-0.0020427366846795803,-0.004781377197351944,-0.0026065822245655568,-0.004175592102546588,-0.0062979936572578055,0.0018193952498934962,-0.002543862791948265,-0.007029604601047179,0.0
2013-04-19,-0.0019092466704637712,-0.0002061643136865854,-0.012413329318209154,-0.0115780673270649,-0.0011523583463044496,-0.0026695805200267486,-0.0002426104900501158,-0.015431602281071655,-0.005524783435543856
2013-04-26,-0.0011424359432641307,0.0007728971143485808,0.0065120595748453525,-0.008249984021117207,-6.588917443250963e-05,0.001214329232401834,8.087670350964693e-05,0.021863044078554328,-0.007583326140514046
2013-05-03,-0.0021912925215246126,0.0041120592509287235,-0.009707889727585961,-0.01199354920452933,-0.0005931980137034998,-0.010123889602937197,-0.002185970185932584,0.014679318359560156,-0.0007784340331826733
2013-05-10,4.0623159268671216e-05,0.00025644313514128214,0.020575344227212966,0.0167007930246843,-0.01417615825659202,0.009759745640668616,0.004286471846909029,0.004370489390800092,0.007606010139824981
2013-05-17,-0.0012600859338602888,0.0025608208616727524,0.002406700656886862,0.003917750250269414,0.010377953706924181,0.0019405706514352694,0.01422328110495788,0.001759604961947936,0.007365159421545808
2013-05-24,-0.0036918304247044453,0.005610828287645475,0.01246571155998577,0.006974496735576707,0.008796406398959622,0.01024660884805817,0.0059891106140574635,0.0025918663395545494,-0.0018362105783555904
2013-05-31,0.004261098117872564,0.011329273513405624,0.016495732723007528,0.004193249184279324,0.015234173727642464,0.015518209354042689,0.0004744208201578892,0.016167858143572467,0.0021530330187040647
2013-06-07,-0.0008947090759117149,0.003253602918400489,0.00849151258235814,-0.009900895301227841,-0.0002584730717760664,-0.0019266576096623744,-0.015454780641831922,0.007122595544884369,-0.008640085897870797
2013-06-14,-0.0018244315930617816,-0.005196748908298687,0.00562758874331859,0.004643268943144818,0.006377654806689392,0.013712768265297104,0.003686196977923356,-0.002613910752975457,0.0041284231359091095
2013-06-21,3.26083412163225e-05,0.011712211149891516,0.035522501185351274,0.025566264008852535,0.02692592188531484,0.026385357174054214,0.020818419183826514,0.019664373961640447,0.011158413719791316
2013-06-28,0.0005378841722800676,-0.005954182509100292,-0.002350730203393603,-0.009002337434380614,-0.012264304667161552,-0.020543987977074796,-0.006444536608154611,-0.0018784172236743224,-0.005980084266471675
2013-07-05,0.00016293810017642407,0.003500878794408635,0.02614262102929743,0.004667696923940312,0.008820343842972811,0.012475516636147876,0.005582433807787446,0.004761417538807322,0.0049029890051262015
2013-07-12,0.0006026402338858983,-0.00400200634185488,-0.01860592647273318,-0.024253525684284405,-0.0034558626917171598,-0.006575794508959287,-0.009770011530680273,-0.003364309485342165,-0.008742406124534252
2013-07-19,-0.0009937362855418908,0.016899010501850498,-0.008400071524708785,-0.002459806594817593,0.004646936052186357,-0.0017316021642779234,0.0015032243030050074,-0.004342239051757346,-8.362952126983458e-05
2013-07-26,-2.4448582594649437e-05,0.013511072969276228,-0.0033680599399437128,-0.006481437858478323,0.004906029870609618,-0.0008553628300003169,-7.90607582338565e-05,0.003989131703455495,0.00021742220969933612
2013-08-02,-0.0012231918674261433,-0.0017519957761571447,0.028356224864055868,0.0040871258830739166,0.01531234001259496,0.006753589730597476,0.004732616500098846,0.004053226097139984,0.002204998888851506
2013-08-09,-0.001551527340475145,-0.0014623448864785615,-0.007516477605626015,-0.005525173262889815,-0.0009213759865580595,0.0003789684066095589,-0.010441480720418894,-0.0016961903799472822,-0.0020043434136280958
2013-08-16,-0.0016030494080403468,0.02409755157905913,0.026778008104747286,0.0008990219247637654,0.006889715686372533,0.004056289364029908,0.00949674753725721,0.0017601412656889082,-0.0007359336653820492
2013-08-23,0.0007282338197762694,0.04416269387939131,0.02840898489299004,0.0010957133560793864,0.007145602430010944,0.008777928383338462,0.0067509480039820435,0.018924512677165328,-0.00010039656652205409
2013-08-30,0.000817608051564056,0.02704993434587344,0.047647128797764005,-0.0024625462937288845,-0.004798648581336495,0.00958888276698433,-0.0013700509061788102,0.00905760857772231,0.0016719615999911674
2013-09-06,-0.0009075857616918093,0.022364448892226108,-0.03259382799823918,-0.02135480763908504,0.013246428493269402,-0.007550607800180131,-0.00231377189049084,0.002112031595893349,-0.00720935304598358
2013-09-13,0.0003107977713008303,-0.030825866554014425,-0.02502168461813703,-0.0018954909566506473,-0.011634187281340802,-0.009205133468599858,-0.0034610276033931464,-0.011452055137209705,-0.0010943222608137404
2013-09-20,-0.0004825958843985845,-0.008082666364677138,-0.006969786256792787,-0.007506737663753427,-0.038734509181141075,-0.01310062404569834,-0.014164936186688293,-0.025298897368533524,-0.0036282366933599874
2013-09-27,0.0008505209953495463,0.01831634855768982,0.0017660821442966324,-0.003569705943642809,0.019554788142521096,0.002726182263238286,0.003151870789392608,0.0068965790590604925,-0.0006088074327257331
2013-10-04,-0.001587133104183902,-0.009786554977873507,-0.023770716444471596,-0.0028724396300647825,-0.013977950587461985,-0.005274249428304678,-0.007476894551053076,0.0007189934402007658,-0.007198428421426595
2013-10-11,-2.4563084142004143e-05,-0.019409320654952822,-0.0037659053515444185,0.0009894983304441496,-0.0013205057568721479,-0.0001159756452446814,0.0008023428841387181,0.000638671584858308,0.0005110297360166882
2013-10-18,-0.0026399516857207317,-0.011460130008302372,0.0012003009541894372,-0.0106934832590877,-0.006945568568783145,-0.0010443865179063927,-0.00772919591991314,-0.008093317144602707,0.0005107687180085918
2013-10-25,-0.00234243152760083,-0.013927801744468837,0.002313247915623151,0.0022984184948704467,0.00015839075031132133,-0.0003483713673970712,-0.0006063668705245662,-8.046023257346491e-05,0.0006806193898949431
2013-11-01,0.002046848035428761,0.040765891964769096,0.01586673331645372,0.00038569178060932074,0.004897711030551033,0.008903336838144149,0.005564754873766342,0.005456601566529162,0.0013598506260064092
2013-11-08,-0.0012160953339710456,0.021754465016565305,0.018223684689643527,0.004373294255739957,0.002204031118919758,-0.0020742113912799454,0.002971293091464322,0.008288220860102058,0.0030529196032014205
2013-11-15,-0.0009706502473068035,-0.0021982862226970212,-0.010475971393641537,-0.0063974816239724674,0.007145349903276754,0.005292235085480712,-0.0004812319630889961,0.002536462995908817,0.0013538671893673637
2013-11-22,-0.00014814814841912494,0.013117809440785777,-0.0024999097447846452,0.0011679383450644565,0.004113564964178584,0.006405145997260497,0.003283812169584982,0.007963771637957695,0.00025364616496181824
2013-11-29,0.0017598978209685257,0.021062459258240906,-0.005703068197682626,-0.0043773654802308215,0.0023297362405201305,-0.004112881383224742,0.002715006059668512,0.007355275726415034,0.0007605527049330263
2013-12-06,-0.0027975498559651424,0.002548854396062339,-0.01924534126561639,-0.0038459764168692345,0.0032525390712094815,0.004283884889213052,-0.0032748940966898787,0.005209762570714815,-0.0018093737233630947
2013-12-13,0.0011775703064935694,0.017245432651327164,0.016123445166715378,0.0007589989169138889,0.0006183336106733162,0.007665048174319011,0.004589818677998875,-0.005989672140741753,0.0028225450359702364
2013-12-20,-0.0009963153626806331,0.009958588525579515,-0.002120539833386559,0.007050069365373446,0.015913503275104324,0.007213737323691571,0.008682778308154865,0.016788913162502084,0.008403410796379518
2013-12-27,0.0005353341230389663,0.002886004889134597,-0.0012515686561052064,-0.007296680830262581,0.00012166930298485035,-0.004446077616945487,0.0,0.008510559629903103,0.004075366410147385
2014-01-03,-0.003794695286242211,-0.003505519622423847,0.005096458810328386,0.00042678908257443027,-0.00039547937177886183,0.00825731415496156,-0.0003948355561223804,0.004144942052233258,-0.0009004953332505394
2014-01-10,-0.0026400197403675385,-0.020240649262133203,-0.013191963343022195,0.0037290167953774045,-0.005339040979420284,-0.003025381880676914,0.0005527261382771709,0.00015150367425409428,0.0009004953332505394
2014-01-17,-0.0017085514648091937,0.0016849203649194067,0.0022621870295305158,0.00346101054188086,0.008498505283959235,0.012390654311042137,0.006059909151685444,-0.005164045497798142,0.0038928032390295186
2014-01-24,0.0030749490671697632,0.02123752524406619,0.01711963542428574,0.022628074255331754,0.010740140044693813,0.006826492874736356,0.004228005045575994,0.000532825892719746,0.003976939025664539
2014-01-31,-0.0006705437035949835,0.0037014231031857747,0.00212327503960541,-0.000598413761118799,0.0043416491584629124,-0.001729827834237696,-0.0013291116455647067,0.005539759946192824,0.0033844890777778858
2014-02-07,-0.001665886599430788,-0.016974118984771636,-0.010347958300223503,-0.010684198624271168,-0.005092118236837084,-0.011111102212264523,-0.008248603271500343,-0.0069104576935443696,-0.0009564013656926384
2014-02-14,0.0010446116404358996,-0.03354167115212903,-0.00404334077651658,-0.013984930984009658,-0.006991349595969032,-0.007903586542917562,-0.005695767316706568,-0.015125629073445612,-0.002064325079723872
2014-02-21,0.010173296093253015,0.009026495845970928,0.0014028338247751293,0.013714961377224277,-0.0035747864419128916,0.002200467925800975,0.005616881188791251,0.006784914232088379,0.0023942219899319994
2014-02-28,0.0034063771433241463,-0.010755104746589694,-0.0032461344359528965,-0.004656792248312058,-0.005477798237793152,0.0018934625200026645,-0.0007102553271789713,0.002087875731593858,-0.0006268972093916858
2014-03-07,-0.0008832333454988905,-0.010872035769486033,-0.008968932429528564,-0.003279275127638037,-0.005814859536824146,-0.0053760251590282415,0.0010257625075844878,-0.0073267166810673245,-0.0017177310359546283
2014-03-14,0.0075233369348886026,-0.010991537346715319,0.00035919599262257407,0.00598826595771218,0.006577461571799725,0.004816202496222388,-0.002289685576547462,-0.0030945406096707373,0.0031688946949159913
2014-03-21,0.00616059101692934,0.007487372569617179,-0.006569149713549827,0.005757860854926911,0.008803942718323965,0.012974189469239672,0.007402774395546319,0.003866681795435145,0.0076660174995377695
2014-03-28,0.0015161048693648205,-0.005279378738155316,-0.016962591442835517,-0.009852204609875237,-0.010604617694806695,-0.011005002129399255,-0.011918527761527742,0.002312852777212271,-0.003801040030901426
2014-04-04,0.0014092051597873745,-0.006194710075284604,-0.0004764296950945379,-0.016766158465126857,0.0018006749764827301,0.0008379654689942839,0.00039693566194168306,0.0005542895997057151,-0.008406873876311227
2014-04-11,-0.0006037019183864345,0.017162137402387145,0.009469168876399259,-0.010648687675361757,-0.013043996807545755,-0.007758408313568221,-0.009570214202775401,-0.006269032158408017,-0.004728925724724498
2014-04-18,0.002404591594144412,-0.005907467130693789,-0.0019397779814829264,-0.0006741400155148014,0.0010806639415263941,-0.0024227957377944698,0.0037991687535395002,-0.0028696649777932848,0.0036523656439357843
2014-04-25,0.005606967310562538,0.015028051527501418,0.005496197041908069,0.001905679113778369,0.009154084934651863,0.005524409713702827,0.0025911397567329186,0.0018623424331996041,0.003952737741660606
2014-05-02,-0.0005752682746396065,-0.004984298974141765,-0.009473714046237092,-0.010040720422657579,-0.0013157292720122893,-0.0009429515078704931,-0.0019925882335058986,0.0031735000897552545,-0.003952737741660606
2014-05-09,-0.0036831569424728983,-0.004616330817993841,-0.0022334711223006565,-0.0040973492716593896,-0.011393502772135022,-0.021799228342584076,-0.0035166276649974126,0.008311576245958019,-0.0014925375905057159
2014-05-16,0.00019250050189789647,-0.010487381931774564,-0.020717571334096796,-0.001053812850609681,0.0015472693787768055,0.0034261717150667614,0.0014401154581084041,-0.003685507857175807,0.0001991337687665684
2014-05-23,-8.822479683967543e-05,0.023325308173701487,-0.00572242490887831,0.00011714517228877952,-0.0068259650703996755,-0.002175805906246442,0.000958926076357669,0.002074769253890274,-0.000913022249864337
2014-05-30,0.002227297319444377,0.009436055431347512,0.014879659271548995,-0.0029621251183931108,0.0003112840492061064,0.005841051304542155,0.001356906461935592,0.008636886341037542,-0.0035771070261985116
2014-06-06,-0.0005203267769480213,0.0034093363516074504,-0.003791197802112123,-0.0036094040519349946,-0.00024901948706168575,-0.008182462040565053,-0.0015965517880015823,-0.011234869370463585,-0.0003834259993129585
2014-06-13,-0.005483865285464962,0.0033977522601311705,0.011490009325725303,0.00278666506842562,0.0019593518638736374,0.007977289409874189,-0.0012790792374603732,-0.003237695740842206,0.0008500071345709515
2014-06-20,0.002829993366617378,0.014939783393602468,0.010024385786859824,0.0011751342963828293,0.001552313258004423,-0.00019381281163344255,0.0006397441241781099,0.0023753346661181673,-0.0008833554746603411
2014-06-27,-0.0018160638202739943,0.005124690923070219,-0.0037611219279263253,-0.007150464599773088,-0.0032004004510173267,-0.002625872041991606,-0.0011198209456884656,0.00015404760101311865,-0.003959673363469474
2014-07-04,-0.0016098915190598806,-0.01841224661127505,-0.003972657353908282,-0.005029977944927211,-0.008501113829663787,-0.005421931357652454,-0.0033670065479042832,-0.0023132094515649904,0.0005857495669756574
2014-07-11,-0.000443174912272859,-0.016792769323036083,0.0048868034528135595,0.010319174974322998,0.0,-0.0009429515078704931,-0.0035395419465290012,-0.0075006550512055625,0.0017551928949162132
2014-07-18,0.0004592866633790216,-8.609704864603884e-05,0.005083299179378997,0.009835185143718839,-0.0009420631879011321,0.0009199632663547952,0.00032229474132836056,-0.0001711249916667157,0.001968833018270111
2014-07-25,-0.002718499966060106,-0.005118853783651289,-0.006127391783822489,-0.004164240304454836,-0.002516515955300669,-0.004689137762004414,-0.00032229474132836056,-0.009614331298006373,-0.001300997614869459
2014-08-01,-0.0023614862451388774,0.019242488774558808,0.013377124078148839,0.006094527488317958,0.011804072748146988,0.008704055687486445,0.004342239051757318,0.010003209389626733,0.0016509772029658087
2014-08-08,-0.003227745166832996,-0.00369969166022166,0.005802714700802625,-0.0016002253428109015,-0.001619887585147417,0.006390527283021363,0.0036841303883644316,-6.221033315600977e-05,-0.0003999866724440082
2014-08-15,-0.0013167950141297347,-0.0027816429618763294,-0.004240539066300286,-0.00985152764336128,-0.0166618126789273,-0.005257797569631961,-0.003844618271873712,-0.007352457782869859,-0.0012343003585288947
2014-08-22,0.0020394821423705967,-0.00021363595659806833,-0.007355766478789327,-0.000137240101773628,0.002058428404753565,0.0039260045177971215,0.002364588401116141,0.0013308805346428088,0.00031706035259038146
2014-08-29,-0.0017711054537477011,0.001665151337087778,0.0011732978613760991,-0.005179856382892645,-0.0028512612378479574,-0.00499004740872655,-0.0009211238361293561,-0.0003129890479387498,-0.0030914508474428892
2014-09-05,-0.0010739391815837163,0.0008187494060898359,-0.0047944015988283795,0.0067374051752437936,0.009629879453791679,-0.0026134216291402446,0.004477500084539482,0.0037494185465196672,0.0004015929909062521
2014-09-12,-0.0004641032509464793,0.009967212194222697,0.009730283181747623,0.014402021457493142,0.004608375320302338,0.010106229066949357,0.007708545343084294,0.0054428250376012954,0.005239370581184399
2014-09-19,0.0008059362932522074,0.011647456063895945,-0.00011669042946227393,0.004217059318924576,0.011444334385188215,0.012678762438124824,0.0024510785151303227,-0.001319107853739343,0.005890617791649788
2014-09-26,0.00015460037867187637,0.012247098596603223,0.008919492158268483,0.007199027826803039,0.007854048227541988,0.00944635704913832,0.005277057100843696,0.004261425113868178,0.0037980163888788887
2014-10-03,0.0036465120422570774,0.009783858947365331,0.0066924091036932865,0.024619324009571564,-0.0003068425921590734,0.0010996152455033936,0.001569859035119997,0.009005256160989461,0.005768440853769263
2014-10-10,-0.004004570393317586,-0.0023286131585606995,-0.008045417226009377,-0.002404048903345668,-0.000368335434963285,-0.0051977077979761255,-0.0008631174767852468,-0.005609142986414017,-0.0028882782321049127
2014-10-17,-0.0006106224060180576,-0.012122457862485447,0.0003327162890425228,-0.008093114482165653,0.005113847593608556,0.0015610368452536605,0.001098383917113005,-0.0016194335523027625,-0.0011346166131249724
2014-10-24,-0.002495210655725666,-0.0029852006081725335,-0.0024768229015750265,-0.0063402420145664,0.0015260189135679614,-0.0025211691046527207,0.0006271067070764691,0.0006943641061298855,0.00029611107671767556
2014-10-31,0.0003428487499195221,0.004920813163664661,0.004387796262752985,0.01632539883520856,0.003197079681404258,0.004680300058860443,0.007339195966013595,0.005936378413355481,0.00210315386177351
2014-11-07,0.0018754235391127416,0.004995394191627867,-0.0008271514549456072,0.013347159003385123,0.017119680296242556,-0.001123501884078948,0.005507946122850771,0.006632763148545884,0.003931530987609566
2014-11-14,-0.0012390161189892446,0.0019304628836245286,0.004876492940839583,0.012817645220058793,0.00020916438903162415,0.0018014416400906619,0.004785067399895815,0.0,0.0047951553258887
2014-11-21,0.0006441539179775635,-0.0076202613621685344,-0.0019422223532030713,0.006527993092126039,0.002536368386967247,-0.0017680521010303707,-0.0008472944855059672,-0.002211125143171788,0.005387436965682113
2014-11-28,0.004343306434114957,0.015386497003994748,0.010344134231786484,0.002646051818834927,0.008102978309773246,0.001545827408730549,0.004459487630371628,0.0032159514384564325,0.003941019104384491
2014-12-05,-0.0007225756481654688,0.010111571763561145,-0.005502906370587368,0.005584077969488455,0.025738967953719216,-0.0074844053187343995,0.014395313133257925,0.004691031139105739,0.0069076579889575385
2014-12-12,0.0060405531085554465,0.010225817037746054,0.011303369006874675,-0.013806108845674459,0.006890638806124283,-0.0024885952287649893,-0.007705046374405333,-0.006076737271408117,0.0023665243939312575
2014-12-19,0.0044864977128973305,-0.0014133487933740696,0.011519912827494316,-0.004195657933926178,-0.0052498076594555965,0.003853569315989791,0.0030815492989529347,0.0017508473242853206,0.00673306748210134
2014-12-26,-0.001013138725839191,-0.009038212799241663,0.005617886096739966,0.000882367713471055,0.00404736828070118,0.00011180054793946681,0.004018353335351665,0.0017629719755114515,0.005537025109712879
2015-01-02,0.001977079389607228,0.007678875946208308,-0.006586794948908903,0.005485924941016407,0.0073352404589166476,0.0025902700770044085,0.006185431201640945,0.0011230329136240336,0.0012297991301637445
2015-01-09,-0.0033456413253463158,0.005553619329697668,-0.01779437893842406,-0.016787959987738077,0.012996368828833038,0.0004905021056158532,0.00300345622985132,-0.003251146081118428,0.005092268886023987
2015-01-16,0.004445005490075982,0.0035267801500662443,-0.00721677183327607,-0.008802328983993135,-0.000842460032977943,-0.005251936846470073,-0.004809869486381457,-0.008711522134764671,-0.012620852827562423
2015-01-23,0.00273913528141434,-0.01324184362698233,-0.00428484688169295,-0.0012717864741889073,0.012146746204165337,-0.01369467194380114,0.012725675139126091,0.000828564023281686,-0.007521708078216172
2015-01-30,0.005201281729318774,0.025527697812984584,0.009509974580142355,0.025640549291360948,0.007272960449703714,0.0039448677257794,0.0063026197583639365,0.005353741277101864,0.015018777594023813
2015-02-06,-0.005105307834144535,-0.006403856327956703,-0.000726099265462743,-0.00785330073758228,-0.022853041483679615,0.0031853276077109527,-0.0010353498928122873,-0.004433919044534385,-0.005562065977822606
2015-02-13,-0.0012003362382273508,0.00503224839273031,0.003585027303461885,0.0016776385706815944,0.009036375122122298,-0.0016478745024035568,0.0021434651024233586,-0.0014414306392205312,-0.0073315160733993245
2015-02-20,0.005557432978270382,0.00840380459398915,0.0012890763031130348,0.011503229059269593,0.011389011992635645,-0.0006553894716891939,0.003390583332218089,-0.0009365093452622375,0.013681144900063558
2015-02-27,0.0011618747278301367,0.009567080727247657,-0.008718293505173058,-0.008456040800338904,-0.0045123057447045145,-0.0032153640454604115,0.0007355645789540732,-0.0069204428445739374,-0.009968910191905156
2015-03-06,-0.0006683109485756678,0.004227946061440946,0.01688178697424636,0.010129711477978809,0.01344891571111173,0.003554412227454673,0.01438138448388998,0.006459542544511088,0.004696185054771984
2015-03-13,0.00024669056772430586,0.01803946340626439,0.005532302208694162,0.02306287150239239,0.008857453834060891,0.003519303381943395,0.008300599826085497,0.01244623404509948,0.004043856014580349
2015-03-20,-0.012586940456353668,-0.007069037319016758,-0.013509483218386187,-0.021024061568525987,0.011009582588914268,0.011107990504652498,-0.006237063932290343,-0.009837270011518129,-0.009774257821970611
2015-03-27,0.0011918088718754216,-0.00884782805888662,0.004935860782296686,-0.008913301349092961,-0.01136237850014088,-0.002051054113305195,-0.010287446004333234,-0.0019176932199256314,-0.006147773037588511
2015-04-03,-0.002788480393587145,-0.0077921274598278245,-0.008439843748963227,-0.01641992086324251,-0.0038617436695009832,-0.011085791911453313,-0.00880804285196607,-0.0026909638350374188,-0.010595400475277739
2015-04-10,0.0034964507205861306,-0.0030673804149472517,0.0032437783672873977,0.00600045840335639,-0.0008177729772900211,0.005984539099447073,0.006283666660050369,0.0015539540479623248,0.010483272200414007
2015-04-17,-0.0033269858659807916,-0.0051903432049371645,0.0033853950511097963,-0.01003934038525145,-0.011519600782550654,-0.0067972352635536915,-0.013831989334921191,-0.005240778996798312,-0.00633157607909407
2015-04-24,4.0344542397319216e-05,0.008064840988366129,0.017564495730367113,-0.006051890334425103,-0.012212197290342619,-0.000926375790686329,-0.009928788966640345,0.006623458850211428,-0.011185798957715765
2015-05-01,0.0028442186096246935,0.003066281803679516,0.0024149458632516385,0.005756171782400621,-0.005460286580024176,0.00938213490028117,-0.0033818091073808954,0.018918414531205574,0.0003096959299737634
2015-05-08,-0.0008612744979399345,0.007968291751170753,0.0023699887891472926,0.007706262501465666,0.00986275684090887,-0.0008513308158235589,0.0013165073086885415,0.010862750557941059,0.0014005832623547043
2015-05-15,-0.001111899044553999,0.00022128536363830165,-0.007831959467086591,-0.002166848085090045,-0.00916105166861736,-0.005833148504428287,-0.008038840867901409,-0.0017898431208203114,-0.009779789135451633
2015-05-22,-0.0005402812012771374,0.0017228240272881834,0.0014364409015730217,0.00592929673911069,0.005930750892506609,0.005362365089727206,0.012763967787258246,-7.464636289045146e-05,0.0008542235299473511
2015-05-29,0.0005805889915693196,0.006672637818212479,0.004416212086800542,0.016915235725901923,0.022695970533930243,-0.0012116046266670288,0.009124320792175011,0.004914746656563107,0.011477395936454471
2015-06-05,0.0015304933591757663,0.012055179515206405,0.0051586711274076436,0.008186683162861641,0.013675658264252544,0.016234086609353326,0.006577269397204544,0.008285296693045563,0.008276935013334707
2015-06-12,0.00021730120043828016,-0.005772562697288208,-0.0001154930853699554,-0.00850116976607751,0.010967075282788619,-0.000243010682619893,-0.010179806208319375,-0.00746851550785621,-0.004194569350845612
2015-06-19,-0.001014476504454187,0.0022530143584678086,-0.008980509691718375,-0.008157196725082194,-0.0038648678747561505,-0.005205749143371463,-0.006382643021778822,-0.0008167811851893525,-0.006227417429941262
2015-06-26,0.0003302204049835389,-0.00024007982769624903,0.0010813628112673612,0.016872199719876413,0.006123554811228837,0.0028166846083839125,0.010874529924863152,0.004299169026296568,0.00934276017538771
2015-07-03,-0.0005557994593137217,0.001784215418750179,-0.0017587938297998207,-9.800122063907679e-05,0.0026507636462440587,-0.0013075518512049022,-0.0018537060882219958,-0.0007991357920138498,-0.004571418071463995
2015-07-10,0.001618208007000188,-0.004895455960689077,-0.0013262570040843968,0.004631181137466633,0.004305740145727821,-0.0003105176798228193,0.002001854236641065,0.004785263458762845,0.004555301386665711
2015-07-17,-0.00046667686692991595,0.005247424931143385,0.0017343459952057216,0.019079150477677054,0.003788481247856801,0.003366186325515219,0.01185449953454848,0.008304891246734947,0.0027843290940481324
2015-07-24,0.002459669908239759,0.008848262929221917,0.010093892273820515,0.02007027126579697,0.0001312870067136096,0.006522864089348879,0.004819286435948866,0.0206801197861175,0.012743908399202475
2015-07-31,-0.0015667372894512255,0.003533768915303881,-0.0035040696611714495,-0.008839836569141113,0.0042705437134433755,0.0024132344650062976,-0.0032102756302481716,0.0,0.0011418785140246968
2015-08-07,-0.0002895124148669659,0.0001922579219897358,-0.0017119711345001676,0.002577786079314137,0.02542564530689173,0.0034561238357047053,0.01227454856038368,0.006562452220578496,0.004491404311435687
2015-08-14,0.03716015737496492,0.02017978619833194,0.01978575190256482,0.009930873475254565,0.038990319301327014,0.007288582714778169,0.014511962578632243,0.0026838791751053748,0.014132628485352683
2015-08-21,-0.0007209889489350196,0.01615088816577881,0.016793670052907217,0.01457564857640481,0.024982539139362103,0.013265193007046872,-0.0007117184742265747,0.010299188103548573,0.015652574019035637
2015-08-28,0.00202984404263562,-0.0021555885892201587,0.0004472562565771554,-0.015009076959151102,0.004127554263242628,-0.0002353419422291836,0.001138506544865192,0.0053195337871514425,-0.009232255142648249
2015-09-04,0.00016251920277521315,0.010448970214632425,0.0074559596981735865,0.016598835901677766,0.013832460309675776,0.0028844633000679742,0.011630709986310661,0.002941568121586524,0.008588764336150856
2015-09-11,-0.007745081539342946,0.01398742049664925,-0.003397501555847171,-0.010945056680468745,0.013759545439698151,-0.001601452325394881,-0.004685499403651705,0.006300063855715798,-0.0030391894335304315
2015-09-18,-0.0040713200487552115,0.0013100499413791766,-0.011308668047796289,-0.015494545433912599,-0.026568719961095333,-0.010763996547323185,-0.014297135203328315,-0.016668796163868294,-0.0066322445621622705
2015-09-25,0.0018228122505050681,0.01948169536172273,0.0064053925224127894,0.021746724985879595,0.042195833331698074,0.0099088388255133,0.019193493859210875,0.01722197001285153,0.02273555390004489
2015-10-02,-0.005344840310150145,0.002952781542793659,-0.01174082975904156,-0.010105487786484346,0.006749488733855058,-0.0010271555117631337,0.006514681021193625,0.009699797441584668,-0.0073789867634412865
2015-10-09,-0.0033452349835181305,-0.09026159360730368,-0.008563645541204146,-0.03021789103804018,-0.0661705824301122,-0.021773866876817483,-0.02724964244737549,-0.027540849263354872,-0.018239083428821523
2015-10-16,0.00343952642271117,0.0035411170680212933,-0.001199593486342465,-0.01250516804191193,0.011141573268173666,0.007651013312588439,-0.008792215761992683,-0.007912886944841269,-0.0008539511282603662
2015-10-23,0.004382584895614938,0.007148067315366546,0.002627347976295269,0.002043534166274341,0.009929480460421747,0.012129732384920544,0.010011247141665014,0.008053621013976997,0.007351096686246894
2015-10-30,-0.010878008137801487,0.010028805667811724,0.008154216407019632,0.008080034101839217,0.018359046966892167,0.0034479469638148963,0.0036482031950270666,0.002950849455940041,0.001571527940720685
2015-11-06,0.010408524561102972,0.004377522149654922,0.010420070717113816,0.010768214748582139,0.0027412552593129025,0.00819720350901676,0.008461069354068151,0.005722256102180356,0.0069956102673027765
2015-11-13,0.0031725468695293912,-0.001585639388405724,0.0009901297727639147,0.015156695473958592,0.014509697209929895,0.0006359300691261005,0.008600687490022074,0.0028002052275928335,0.004697565298922957
2015-11-20,0.0013721701148812215,-0.009721348882278491,-0.0013229125050164825,-0.016137160015004426,-0.020559744750736186,-0.0036940364279471893,-0.00838830562663484,-0.006280025105376286,-0.012155133351500425
2015-11-27,0.004966144898308267,0.014086693147593365,0.012272675589336757,0.003267367824642875,-0.005922509908381057,0.003566882762571222,7.078393207693434e-05,0.004943591790765645,0.006937650615986168
2015-12-04,-0.0010936973875765865,0.0023310202610673514,-0.0031147893739111865,0.0049887468496905285,-0.007825430024790414,-0.0026314687737039044,-0.012105823266644389,-0.003908163254758623,0.0006727828999948393
2015-12-11,0.014202124331657906,0.021884902387274252,0.006379304282251752,0.023921655168061662,0.015380402982272612,0.008189915311184848,0.012247376101476248,0.010987593155190822,0.009053691283513299
2015-12-18,0.0027965420591224976,-0.018182383984449046,-0.012751286208463775,-0.007390941815124563,0.000279583422524432,-0.0026591270100673192,0.0009196053419266437,-0.001384179056907353,-0.003930947956944486
2015-12-25,-0.002100496107287686,-0.020399588117564704,-0.004248435151771979,-0.009983104115169006,0.00436996581157989,-0.005637041289582978,-0.006134879788511738,-0.0013722271733480618,-0.0027715613093870495
2016-01-01,0.004782709015671571,0.02042840386248912,0.003061899921468658,0.005714398737721282,-0.0041836202798395394,-0.004174037620991111,0.008218544966470676,-0.0006382418043031635,0.004594771270810316
2016-01-08,0.017253708735347928,0.004291466437331692,0.010275704692034537,0.026544698498090824,0.021018957302016306,0.009303775849534457,0.01686180018697342,0.008705921082439616,0.012790135443220052
2016-01-15,-0.010314950266435918,0.003308439530890439,0.012776874199123434,0.00782874882513962,0.0033696896710595503,0.013106953163686264,-0.000832899579643942,0.00027514101150316606,0.007227363917114538
2016-01-22,-0.001497425162770627,-0.014198729408819943,-0.0021203932813183,-0.016930384880481597,-0.022992161234663966,-0.004140359726746645,-0.008857639164713549,-0.009328103568881474,-0.0062087898326459445
2016-01-29,-0.0016285353222966759,-0.0072925556629162,0.004360019364078482,0.010111511396741157,-0.034499233570274956,0.00020952061759516027,-0.003016911009233736,-0.00955610103984661,0.003467347667537979
2016-02-05,-0.003911729146861109,-0.00402562300280529,-0.0015431681039954626,-0.002319264176575686,0.0030288484693792306,0.0010888001243136713,-0.012586342572488196,-0.001964361512815316,-0.003587126077622571
2016-02-12,-0.00893644600665211,-0.010506040786891546,0.006079269566184209,0.002071028715693757,0.0008876840427916033,-0.005540064114126331,-0.005637234851419981,0.0007020007308295995,-0.010067577866479827
2016-02-19,0.002653335094492615,-0.0008897787262593937,0.009134429466548077,0.019837026998657414,0.008762456533122354,0.0031725048406614498,0.0072014571476824996,0.003642480911544954,0.007879097985923345
2016-02-26,0.0016681464490879705,-0.007969059824270985,-0.0013956249430426837,0.006017926291591813,0.0014964906530470223,-0.0032145923827555656,-0.0007107068278257023,-0.0009093771393713368,-0.0008707271121060067
2016-03-04,-0.004997442701554222,-0.02454830775250727,-0.025934829652012326,-0.03318074998404441,-0.022079130640199063,-0.01593042269303213,-0.021995495909969576,-0.01012880573330266,-0.021005477130982886
2016-03-11,-0.0033712567143053818,-0.0029931640112081936,0.00043884986217790356,-0.011343227523399335,-0.008088924331140168,-0.0063061919374693964,-0.00283842985329108,-0.008448454638811942,0.0020990868256109962
2016-03-18,-0.0038624104624236377,0.005618229136256758,-0.0091405615030693,-0.021200702028534302,-0.008475563873654224,0.0006453139676287911,-0.010992745630622802,-0.005361559828747531,-0.009519414298019502
2016-03-25,0.009865802988944239,0.01544174540156007,0.007688935337535341,0.006994385827439942,-0.0036085061400390472,-0.0013987069622687365,0.010336577628077104,0.011332575578751669,0.00705215025228334
2016-04-01,-0.006705241657773975,-0.010622863174162944,-0.00819058000437245,-0.015678584920449268,-0.03679416496472587,-0.006416025293364047,-0.014471713666249109,-0.0011345909598921011,-0.00937265994906289
2016-04-08,9.257973436227473e-05,-0.0027954787844599593,0.0018817513361986116,-0.0028622030649296804,0.0023092920739029577,-0.000693751924802477,-0.0028528575692906566,-0.0051216501200546105,0.001408418238898701
2016-04-15,0.0006786562866516466,0.006614233259083946,0.0011393717252472513,-0.0009326366836122091,0.0008197981706250523,0.0005420348119047347,0.007614156172351394,-0.00028530670664306257,-1.546634909121991e-05
2016-04-22,0.002387058661550645,-0.0010993386122049031,0.0005481793449630956,-0.00023547572746540624,-0.001717222622849901,0.013049842802115741,-0.003947689090723794,-0.0003567478900521337,0.0012365526492170709
2016-04-29,-0.0023562215892198868,0.0006521673419488394,-0.0031776063575303937,-0.0036263425516596115,0.0015891734517934353,0.004312375924222511,-0.006118268153818274,-0.0037177421815699496,-0.0036212299124005476
2016-05-06,0.004115912829508295,0.012311046935261416,0.002339446295003711,0.02414736498202341,0.025239049600563224,0.0031265644986060437,0.011684794978500723,0.0062123088862500175,0.004115423152011299
2016-05-13,0.006161354626055937,-0.001986321275211367,0.006455790672932338,0.005938325501348984,0.0055287285323066815,-0.009173397662179283,0.009039237408898504,0.010268848424360044,0.009832920916238663
2016-05-20,0.0016391758998519634,0.021995217457929428,0.007403380865459219,0.009931659404143645,0.01368955213419043,0.000985369486151022,0.006970440275620771,0.0068810831825367735,0.0004585543390809299
2016-05-27,0.0012561524565115612,-0.0022337839579691376,-0.006545251906914906,-0.0060825334214742455,-0.0004410575651614401,-0.00034262709658960944,-0.004968729054587562,-0.0009100774193888661,-0.004564329632177788
2016-06-03,-0.0033303515453806387,-0.010433822734924547,-0.0011194448723044204,-0.010907497428939372,0.01582915550278119,-0.00905781857325838,-0.010673396157679038,-0.008934598110034386,-0.007860100573283457
2016-06-10,0.007225794708117794,-0.012182823464367942,-0.002152853361100604,-0.0016438641349729721,-0.017890000196833178,-0.004375331880291711,-0.003755388972240259,-0.0055272249558036,-0.0006190992304224707
2016-06-17,0.0006061111338757641,0.003942556500808436,0.0038449693121664907,0.004147272382720502,0.007072528716140392,0.007719708359011701,-0.003806571848859963,0.0020585632824179356,0.002072475493180015
2016-06-24,0.004390894263284872,0.005046268067623316,0.010848396407623362,-0.0032479493838053486,-0.002612720789869627,0.009539909209568709,-0.0008890535869913174,0.0005671345678739392,9.269701985736845e-05
2016-07-01,0.0054672683722465365,-0.023976426160087883,-0.009166580842543404,-0.01781072509858017,-0.02275073397650207,0.0024932088989797485,-0.0037501204257662235,-0.006256241079946712,-0.004552289421699829
2016-07-08,0.005251044319961817,0.00422256724965564,2.6790817300614833e-05,0.0024980755188650505,0.00871627981302292,0.004523020929540156,0.0009667225144027181,0.0045538715384427775,0.0014577488120290916
2016-07-15,0.0001417397436882517,-0.0031461778592376533,-0.00184727006725538,-0.011488650953221935,-0.021428048743571182,-0.009023833766242273,0.001596762254636952,-0.007410608233425542,-0.010092600387224149
2016-07-22,-0.003175305535791484,0.0008846723476274576,0.0011355813697413453,0.00018465028607295153,0.027361317076650238,0.0074335532237195245,0.007540789068812337,-0.0007154611452078186,0.0015641622409492406
2016-07-29,-0.00665217559297937,-0.002060361673581923,-0.006189777752392267,-0.022656906569041624,0.00339575611132914,-0.0015928135634757368,-0.010476339176817062,-0.003872360521926854,-0.0063657531635952225
2016-08-05,0.004854597344975398,0.00327931657081848,0.00183418293676052,0.003304155643560236,-0.01218457297365294,-0.0010420101103387758,0.003158151578093571,0.006873863525683532,-0.006818208231776701
2016-08-12,-0.003868244323830927,-0.0035925578952582526,-0.0001151924650439895,-0.012991999702178347,0.0017391308731271593,-0.009148099535288612,-0.0024513457528608784,-0.00852776675387501,-0.0054946065728369575
2016-08-19,0.002112488898156295,0.007460505526781347,0.004396313586239486,0.015266233800248052,-0.0039048462187036836,-0.0035491922521324604,0.0018205128469936382,-0.002738543077889233,0.00931979103627345
2016-08-26,0.0031940764341493733,0.0006520486689645111,-0.0038877715652230194,-0.007676081700084936,0.0010461033607354064,-0.003929532649448841,0.00281711210104868,-0.0022396425935045094,-0.002495775854388871
2016-09-02,0.00252702857386522,0.0012119836350823476,-0.0032711485367835635,0.005921616764521964,0.017520497524257994,0.009580782688535905,0.006861216927295133,0.000578452655319861,0.0018960946143304902
2016-09-09,-0.0001941602574990764,-0.001568283127523884,0.0035283124981670966,-0.008258561845194912,-0.004781471746828414,0.017459715841821488,-0.0009930670032886613,0.00756133656935587,-0.0028771539205125762
2016-09-16,-0.006541284596222718,-0.0009482232903792465,0.003232824161134573,0.018225125588354096,0.016817359548606303,0.009514101816834764,0.0064190958607170945,0.0023646601968363434,0.0035399385871079936
2016-09-23,0.004111095228862105,-0.008337446174719432,-0.006459635677139808,-0.02094791410160557,-0.005890426330282805,0.002686913854462958,-0.0061983290631464905,-0.008770094311237653,-0.011742438953997514
2016-09-30,-0.0007639248130288934,-0.0029123481065109758,-0.001343203704784024,-0.0018041954693917006,0.005455286353393207,0.006716860877272968,0.0032323260465803583,0.0008660508624451779,-0.001965217884856596
2016-10-07,0.004813451054018314,-0.006097345151172107,-0.00025533768547525426,0.010794620915008935,0.005137059544208844,-0.0026689026797148685,0.00690703862398917,0.00661492202125169,0.0059000043581658446
2016-10-14,0.004166858715862531,0.008014317842432561,0.0016060402560560405,0.01614439146758251,0.010885926030133053,0.0018627760741902755,0.011478771050280445,0.011542700295978925,0.00870644390333597
2016-10-21,0.005627393528595537,0.0007504518378347314,0.004145750562950745,0.004890502365160643,-0.004459661827750594,-0.0014485258611416363,0.004741217889821792,-0.004117277059309643,0.000535736808477072
2016-10-28,0.002787139679085504,5.3582158685117065e-05,-0.002557259295317138,0.008786649100718691,0.0038646008164398005,0.004957663531674594,-0.0018650699427366635,-0.0024214811347804677,-0.0030449108081045395
2016-11-04,-0.0030751442891499003,0.00444496092142721,-0.0006440838130741255,-0.00325535609812011,-0.00047630389088149094,-0.00020607934127570005,-0.00684440712270562,-0.002713318337258297,-0.005323206486413046
2016-11-11,0.0072413424377131275,0.03237528324733496,0.013882808729725582,0.01834564197519395,0.022726912825701273,0.01445601230604332,0.02088998238575618,0.013140793561058128,0.01407007658762982
2016-11-18,0.011946336821751613,-0.014580789369155411,0.00684777841362294,0.011655919326024389,0.028578291924460375,0.00927098030143414,0.009933156699007906,0.003522122547825912,0.001737103231044479
2016-11-25,0.006809206788505717,0.012475937464103026,0.005473851940696051,-0.0018680801574131323,0.008854101301893458,0.0019102202561191994,0.001155968252026296,0.0016862225593126112,-0.004152146668082057
2016-12-02,-0.010620311502637536,-0.001968533708529563,-0.006472324947411678,-0.00656589979185096,-0.001144588578081196,-0.0019907306923281354,-0.00473743275443228,-0.000140409997422708,0.0020233872748045556
2016-12-09,0.007412835700970399,-0.01369404207726177,-0.007890605447133048,0.003646413351900968,-0.006465661147147417,0.005980350956324543,0.007080295964396854,0.002314247675464731,-0.002133300678854866
2016-12-16,0.0049546406988674185,0.007541502588139792,0.0047418307195075116,0.01329401458268098,0.012019240451295321,0.00046008742472514186,0.011425520620687524,0.0052398205608810144,0.0058868827146625335
2016-12-23,-0.001452161603255897,0.0016086632947835966,-0.00022108079119043111,0.0129867613852932,-0.0008489533808959671,-0.004871652862202591,-0.0006908463141777621,0.0025053948661013514,0.005293571345550863
2016-12-30,0.002328189376222145,0.0022225452449884386,0.0006630957974289586,-0.0012711602085540008,0.002678453456120833,-0.002595862166615337,-0.0017292067251940546,-0.005086941738490669,0.005281143458660598
2017-01-06,-0.019086291186833915,-0.008088759040367322,0.00247167994010411,-0.004724910354745759,-0.0030584818510506206,-0.0021784743164383613,-0.0059714106059586824,-0.0027283237743316313,-0.014939586916186354
2017-01-13,0.0028198871737714626,-0.002293132103014628,0.0012629045542427164,-0.015446240019539204,-0.0021263507536044557,0.0060998508159473275,-0.003523157041004421,-0.0071710093573056355,-0.010592117186704275
2017-01-20,-0.001145989709321782,0.0056484011126176625,-0.0015200863574760248,-0.003296799655258198,-0.0035914741185734123,0.003196091269354717,-0.0030798330437609156,-0.000564612902288264,0.001251039396707121
2017-01-27,0.002487391091476443,-0.003287903487999344,0.0004408426042896707,0.00022976865801282997,-0.003762409674123557,-0.0036979733376059087,0.00035045910500985933,-0.004528416427386883,-0.003456041995414161
2017-02-03,-0.010067850252656108,-0.0035390835331892134,-0.014785593552038456,-0.0341970620766725,-0.0005192870080454881,-0.0019899304060970735,-0.014043985234896028,-0.006545736641116129,-0.02214302209754848
2017-02-10,0.010213546389052253,-0.0005409629271788674,-0.0030313913844768337,0.011059318435476584,0.003606856930993052,0.005017471289674447,0.009689587091551155,0.001654708449965181,0.006167013985273417
2017-02-17,-0.0025235410047343976,0.002551979167781937,0.003672331053752309,0.003017170585109419,0.00202315456218205,0.003058320308927165,-0.0017611839705542476,-0.002654565696525335,-0.0026822663444390216
2017-02-24,0.0013282055854393349,-0.0005023750447765707,-0.005978152775368173,-0.017534014339109838,-0.002811043623143661,0.002212941622190545,-0.009350827883427393,-0.0033639941540122287,-0.008122861655436076
2017-03-03,0.006701629251000263,0.004131464086801984,0.0010038356350570155,0.02156297628939008,0.0030804885681903205,0.0019497061722981712,0.00751590023636306,0.005790486923230809,0.012643008184455073
2017-03-10,-0.0012032736289484536,-0.0015772225471071266,-0.0029844948515433956,-0.004133150322951806,-0.0002694449450466596,-0.0011434993316106201,-0.0009187279798162362,0.007527375408918235,-0.0015152006509562277
2017-03-17,-0.001364494332768862,-0.0019769067857264844,-0.017041735743065445,-0.018809112139376083,-0.003937677361060876,-0.00012934744233472628,-0.008734610283093858,-0.01367640093266953,-0.013446781692224796
2017-03-24,-0.0018246522049500946,-0.0029426357805046877,-0.0016973000190780851,-0.011264366243196378,-0.0020989208423300987,-0.0007166889279712763,-0.002070541936355752,-0.008788415590994525,-0.006314550139416841
2017-03-31,1.455222794644051e-05,0.001509933166227384,-0.008414226955494541,0.0004472952133474095,-0.00015816170937976715,0.000557469104766728,-0.001323106273944219,-0.006387479073744817,-0.0006583495415379836
2017-04-07,0.003421165878419341,-0.0005406095504199016,-0.008532322889045041,0.014631982050049785,0.0021443493347479414,-0.010001883703659065,0.0035006286864650016,0.007399917690744662,0.008622862890269367
2017-04-14,-0.0021995341211358266,-0.0007212676591255018,0.004116382779460359,0.005879242353492131,-0.006333429901692833,-0.004028933150788561,-0.003178630866112475,-0.006963109297078329,-0.008721652714997585
2017-04-21,0.0015612238806965717,0.0010817064973078772,0.003095522480506041,-0.004558017121436997,-0.0017487485010263537,0.005876805611046532,-3.5772415893975396e-05,0.0012365886282088567,-0.0006094196701744714
2017-04-28,0.0011022800907225516,0.0007354928133178618,-0.006527256154775785,0.0029707778385894557,-0.013340701041366865,0.006460733151241627,3.5772415893975396e-05,0.005871071117227622,-0.003465921937955141
2017-05-05,0.00043477631443855635,0.0003525445123955251,-0.000404508721900676,-0.001959019360185721,-0.0005299722464680023,-0.00596921188305144,0.004568336579108656,0.002526256350938283,-0.0017209144948413524
2017-05-12,-0.00044202418809358157,9.749037290340823e-05,-0.0007472154896728256,-0.011728627787715773,0.0016120863884618863,-0.002922583794548128,-0.0001424450698608304,-0.0007932788069697772,-0.0015248200518036548
2017-05-19,-0.0032887005164417005,-0.0013882585590785368,0.005760885497758217,-0.0048697051335855335,-0.005584286248894621,-0.00026154047487914056,-0.013156433607831863,-0.009277445683071317,-0.00378895343194241
2017-05-26,-0.008720412256166599,-0.0005558435068095946,-0.0014254838599407904,0.0009651216534241058,-0.012269806911443082,0.000965348103042718,-0.002854821705816357,-0.00848268340570657,0.004551654092340041
2017-06-02,-0.005782361566070149,-0.001255540141102074,-0.0037126832965430623,-0.0008667796107806325,0.002666980174790723,-0.007586952997499896,7.237461101805565e-05,0.00029370732276667866,-0.0024227551593907215
2017-06-09,0.0016586746940485675,0.0002030983792966623,0.0008478301114180908,0.005909555799560096,-0.003487219027447974,0.0028215610108870415,0.0018437849803170092,0.0005137803335153457,0.0010627522961041969
2017-06-16,0.003859575239303581,-0.0005943670730115258,0.0026787706104451914,0.007587363703155603,0.0024587009377150526,0.006552846144374236,-0.0013011422971994646,-0.0033074889583661893,0.006847529236807759
2017-06-23,0.003332957951304616,0.0015641570654576498,0.00043413882270559867,0.002052927463241261,0.00280256150552316,0.006699556091317227,0.0028530689824063926,-0.0005154829084288437,-0.0004616424661150198
2017-06-30,-0.0082685153122517,0.0027014266445384294,0.0017114606185586467,0.00755852218376063,0.0012818871131090592,0.005496021029968379,-0.006839303650241435,-0.00029468100994156643,0.0024870513276606943
2017-07-07,0.0033788168018853426,0.005164879911886189,0.00010058299459547726,0.008437767527807338,0.0011406624061656156,0.0048349156619154066,0.0034797773260396014,0.0050711165889993914,0.005282944478427254
2017-07-14,-0.004839877585121055,-0.0074831604716596445,-0.005096016830186123,-0.021645373961968417,-0.0013969084037239732,-0.002073480931270577,-0.0074455099069954955,-0.009427778455033842,-0.007852454391310104
2017-07-21,-0.0019218124165516492,0.00021029230708080604,0.0016239256718506567,-0.01064303706023928,-0.0019122694197422074,0.003295806261385259,-0.006216651338233237,-0.009741664695324115,0.0027668913201952527
2017-07-28,-0.003231044525438209,0.0006156017701517413,-0.0043259460430329355,0.00358999474673638,-0.0006304507931842451,-0.004067052653498049,-0.004374765722140739,-0.0022443340010909196,-0.005111558279449646
2017-08-04,-0.0002078554521287579,-3.0020564087962498e-05,-0.006186788183723202,0.006743185774600313,-0.0007243414067503728,-0.0036467457569799855,0.0026492031094877966,-0.0024595831110287847,-0.0021513570116056258
2017-08-11,-0.008769173391647955,0.00356613452743737,0.0067012797059620155,0.01270472833860481,0.0039657597406550504,0.014605705641585143,0.0009549345126449449,-0.0016230354318804707,0.005188464852537766
2017-08-18,0.0006139562936191556,-0.000403922542124846,-0.0005612766071623199,-0.0020916756340669806,-0.0014445145914794288,0.006514299834945891,0.001100715576185407,-0.0012641846188956585,-0.00042859733936673194
2017-08-25,-0.005298403365393778,-0.0030046140772856944,-0.003045735204660005,-0.01687498078309524,-0.0039012816233885417,-0.007610683835760135,-0.005589482817379587,0.0016100518845032497,-0.008943418338988707
2017-09-01,-0.012440203288206497,0.0009525631793323441,-0.0001173291200489146,-0.00010692614086948993,-0.00030433205202529123,0.0015658951309838187,0.0010319918356558322,-0.0026496861474529787,-0.00013309819338847007
2017-09-08,-0.007026425681643911,-0.012371167372242198,0.0008679096824133481,0.010266047608904039,-0.017835469531342296,-0.004371056109285565,-0.011820862822333023,-0.0011010808295104368,-0.00019968051184537927
2017-09-15,0.00524963708284365,0.006061381343082317,0.0029421541075107527,-0.0007323260501550521,-0.0014311272567830713,0.008401725845080144,0.003237754265909276,-0.000875696461075659,0.0010312537298888813
2017-09-22,0.0034363378564405966,0.0029981641767466982,0.010673320225774496,-0.0002824858775847261,0.0020268263272371634,-0.01396662528889614,-0.0008921270385762736,-0.0009067005789358262,0.00249057860323898
2017-09-29,0.011194428980515925,0.011858969547155596,0.007841009043141334,0.010189470120765876,0.005345383043196428,0.005230894823588184,0.010027650583176617,0.007410788548112279,0.006710214418834681
2017-10-06,0.00024066302780001436,0.0062317962980174,0.0019793133890688708,0.00015729728345093008,0.0039018672027846257,0.007498004020229931,0.005580658460450194,0.0030567316797229793,0.0020404812082195356
2017-10-13,-0.011579622114568977,-0.006425076108312666,-0.01199688740750915,-0.015249996182062908,-0.0035465222182933243,0.0006044357971006775,-0.01130371578554945,-0.011314516466989222,-0.010942077073758494
2017-10-20,0.006989536612162395,0.005449523957155478,0.005455609755777857,0.0046383257749464946,0.0007103113830080332,0.004802980463942674,0.007598988943963714,0.0037153989969316292,0.006229517478186342
2017-10-27,0.004710395300280723,0.00584643931319917,-0.0007072407911472567,-0.0045762214129823064,0.004015595333353605,0.0027895101580024395,0.005058476385175759,0.0028601985507581418,-0.0026792375243069877
2017-11-03,-0.0020698409096797654,-0.005262471791807499,-0.005830695453538759,-0.00945753640960767,-0.0012973994861087412,-0.007962907930517016,-0.0027459971488555945,-0.0028903494560412746,0.0012908993401805624
2017-11-10,0.002874040830513014,5.911694071514262e-05,0.010311670349259394,0.0025045631897935294,-0.01060722069945963,-0.00034129526759762996,-0.0033419667895583927,-0.0018258230704617517,-0.002086128010319044
2017-11-17,-0.002813766734041101,-0.0008279553672796425,-0.0051271536173853605,-0.021016914845329637,-0.007374805956118058,-0.007921434568533225,-0.0027996776557096537,-0.00855470945409964,-0.0033535351425411086
2017-11-24,-0.006925099307604654,-0.0012284104731197232,-0.006415152754416731,-0.010197058609320742,-0.010800728387702074,-0.003841271750429698,-0.007553912835898069,-0.005269239142566384,-0.0026642704007140416
2017-12-01,0.003597058080398341,0.002063755212265761,-0.00033307384864933454,0.00037782273191311333,-0.0061652626658406096,-0.006584084417756486,0.001448548918954018,-0.0004135490995320623,0.0017991608771379397
2017-12-08,0.0018955490494374505,0.0006795887272552648,-0.0009068326972681007,0.007453473460144799,-0.0008559027238896899,0.004104054295296589,0.004185268799302033,0.00022977061334961135,-0.00023304203184970618
2017-12-15,-0.0032041378892728734,0.0025001580230661347,-0.006144675427364632,-0.0042339548943814975,-0.0019591043366538052,-0.0015147542906110978,-0.003628692840146497,-0.003913298682838295,-0.002700586768095814
2017-12-22,-0.005723410188682498,-0.0014595099228067454,-0.0009210619401791575,-0.010413395061330988,7.353572000878827e-05,-0.008147636857178675,-0.002823181667121366,0.007216154983634038,-0.0019382441571256237
2017-12-29,-0.008501125298580492,-0.0008929725137196698,-0.00308157012746868,-0.007891186003486261,-0.008195657653107258,-0.0015794948901177719,-0.0058200432900873955,-0.005065781679772563,-0.00853270428246855
2018-01-05,-0.004748262956613791,-0.009652018860537126,-0.008203697932116505,-0.005627899145139281,-0.012183144227647213,-0.002855412943957081,-0.006833140910780577,-0.012303999979754288,-0.004937780595360319
2018-01-12,-0.0019999311709431034,-0.006154233714806168,0.004137790179319367,0.00011286894046858009,-0.006399419543046125,0.011452410640185207,0.0001506818355898054,-0.008313688963166754,0.003958927125813361
2018-01-19,-0.010169407988908086,0.0001050065630057162,0.004402683248122763,0.0048132725068299465,-0.00879993541000701,0.006712462985031475,-0.00483311618949922,-0.0020225624442526957,-0.009500614349299052
2018-01-26,-0.011766042883962546,-0.0006001860756938981,-0.003223595410977609,-0.0021176125749970964,-0.01708611311028818,0.005727690743324576,-0.01027210858324723,-0.01640924512416797,-0.006944828720039098
2018-02-02,-0.002571092073009096,0.013180843299545941,0.008487587572457933,0.01944189607666491,0.0038679780045287604,0.01324484004875437,0.008681138892761009,0.003281198190895118,0.006603846004558989
2018-02-09,0.001915102987905204,0.011612069349149934,0.0020310105613976503,-0.00016560099398432726,0.013802136036445978,-0.001557685459386171,0.00811769385710881,0.009684999189001786,-0.00020464545246934307
2018-02-16,-0.005414481670502402,-0.008882868553003576,0.0004274650223834442,-0.01899493781336581,-0.011539866118684294,0.013015493318151439,-0.014430702083551405,-0.015586132741157499,-0.008220350441214386
2018-02-23,0.006497027893082263,0.010250922874007529,0.008518855171605999,0.011013666114903842,0.006194981925860654,-0.010192162234788249,0.007979675278911857,0.00545577718017487,0.0066158438240520034
2018-03-02,0.002476752147549721,0.007247912907381249,0.005600878204009341,0.006028793642205876,-0.003835340932573539,0.004325862162070315,0.0006053727010457144,0.0006997567040736286,0.001911459093097978
2018-03-09,-0.0036858035846849546,-0.0022161438736638672,-0.004184251078903856,-0.01699557457422607,0.0020473455647898042,0.0009032729843680976,-0.005005319110621187,-0.0029614083545737024,-0.0023215332539208156
2018-03-16,0.0009957956122710332,0.0012721584425978705,0.000461510069110993,0.0037997593659406803,-0.0010999272087499623,-0.002009451826790354,0.0015953207318596396,-0.0054360994049549305,-0.0051401662074637144
2018-03-23,-0.0031171404533865132,0.001430153241095411,-0.0004845911645414702,0.010971612950362974,0.002887922576533697,0.009273162975072857,-0.0028886375084286597,0.00027250795651401205,0.00223065004383205
2018-03-30,-0.006933594349999073,-0.004748426419251217,0.0019369572777145905,-0.019329500946640543,-0.014135419119280623,-0.005124098244661646,-0.0027824911703122623,-0.0004168069442669342,-0.0018012922705836765
2018-04-06,0.0070049066145503325,0.0037903772822467374,-0.002899143438736651,0.007694438877643428,0.0020943499012948674,-0.0022548789281273685,0.005671128678740922,0.0030259146854332286,0.006111201456175053
2018-04-13,-0.006247188824172856,-0.0005956142629575112,0.005345716965293512,0.0010837172558870733,0.002115747622072117,-0.001134157481101461,-0.004450453341206584,-0.004020540579574128,0.0007847285412676541
2018-04-20,0.0027230400201117,0.013968481089536411,0.015716997798278065,0.001986876082136213,0.004603029663837077,0.003896881671071828,0.0033491943771166155,0.0067344630626968716,0.006052381617283054
2018-04-27,0.006111718052778103,-0.006563104252608198,0.00536960476752224,-0.003902863004014989,0.005577459067934276,-0.009074568490920143,0.006853621177820013,0.0049458995073390355,0.0024039693982569332
2018-05-04,0.00529664760074966,0.008810376624394323,0.002980672782779692,0.007317026246395741,0.005089717056965926,0.0010531351063449712,0.007593735975726712,0.007585850904025637,0.004925287425173952
2018-05-11,-0.005091195209667498,-0.0014665958652351208,0.007182911188093222,-0.007822336695551435,0.0025858149580368917,0.0135526692753003,0.00029955815396626173,0.004727769873601684,0.0011771235825381865
2018-05-18,0.005547033882110641,0.013157897404294516,0.009384883217191664,0.012427373302252853,0.00568047072091149,-0.0019930678375654765,0.00567462136501401,0.009280338618297357,0.006866893515022898
2018-05-25,0.003529636896334676,-0.006749357423442959,-0.002902118224640482,-0.0025454374075692954,0.002288301746622201,0.004847005351825029,-0.0011547130331521216,-0.008058840095082953,-0.00013353809193894506
2018-06-01,0.004172402602651726,-0.015260796275152089,-0.011462102513188022,-0.004877537274328603,-0.0005778676843846142,-0.0015876867321744648,-0.002201370215335563,0.002547811902403385,-0.0029088741109126737
2018-06-08,-0.0017949683285984896,0.009939889582916805,0.008936158557789398,0.0030036615149571233,0.0023846889242553626,0.007677326204541757,-0.0022436625970424506,0.0019027127186408421,0.0008702055572906708
2018-06-15,0.005460727201577864,0.006607647399611949,0.011477687405862191,0.024661585586343904,-0.0009280975921104329,0.00969686345095866,0.01035352438855991,0.016473105960013168,0.008693824223274582
2018-06-22,0.012322577173059734,0.0024126148824219484,-0.007536461116070647,0.01004127669265209,0.00435708714838956,-0.003015491787011104,0.007235707883142872,0.00932098309986129,0.007796537676140858
2018-06-29,0.017103017279147092,0.010876453106048345,0.008800420545403753,-0.0028920703835666473,0.009029125974887808,0.0019114910760995585,0.003158399922545796,0.0037737895548115574,0.0015126108569476493
2018-07-06,0.00456840023999483,0.00640127415568692,0.004153223256120775,0.0036541117948072355,0.0003713560728446641,-0.0004307035515354052,-0.003967967584056875,0.0030057948331654316,0.0009524279420070059
2018-07-13,0.007540599925864866,0.003108951338640864,-0.003868504961046959,0.013644889341087207,0.0027190722474947915,0.002730887832329554,0.006385108478916213,0.005429768700364157,0.004813920517391157
2018-07-20,0.011153757981474222,0.005933667158013023,0.0032648093071410145,-0.001973338457210261,0.0027116989376394507,-0.0030868263898531367,-0.0019772259379882695,0.0005848348008430371,-0.0006209049071226325
2018-07-27,0.005219026702208307,-0.009286457215967658,-0.0014197566956468677,-0.010722053329605963,0.00012308449766296192,-0.0017722105222999218,-0.0024219306543471486,0.0005095770620742179,-0.0009811617741593004
2018-08-03,0.003418006028377496,0.008872175539934801,-0.0011810250044108628,0.006852580908328854,0.0046170174602486735,-0.00251837228328311,0.003374416347487752,-0.004234367719027965,0.000752310118072419
2018-08-10,0.0016280406152635596,0.0027655285402747865,0.005782444077211402,0.0024423506654267513,0.001150931279325862,0.0008370286912371405,0.0037279382379636905,0.002269568478803663,0.0048599994545242
2018-08-17,0.0,0.007013912400354982,0.014879716499022422,-0.00400859138570997,0.00488282220131131,0.003209944188847569,0.0014581513228109633,-0.00287164264242179,0.00016267833648431207
2018-08-24,-0.007865348972139863,-0.0025884574791561477,-0.0023607694192069317,-0.008344076350354612,0.0003652523325443635,0.0003185548878268385,-0.005479065465602229,-0.01689975766114271,-0.0031933293127295315
2018-08-31,0.004701748892245394,0.015181344851134426,0.0132480539687867,0.0022247349362949365,0.00036511897198665544,0.0036467724436692883,0.0036560438501309633,0.003073185456578642,0.0013698185501911375
2018-09-07,0.0021418215125712514,0.007387804083011318,0.01685576878708339,0.0074187826592444495,0.00896432411231518,0.004237827264109484,0.005313934251534813,0.001190040418730831,0.003059002027412383
2018-09-14,0.002406810243526847,-0.008577097877363826,-0.00125176480388145,-0.0037069753110170467,-0.001858938526460241,0.004349506293663374,-0.004073918045376879,-0.004891255949487583,-0.00035748525754053517
2018-09-21,-0.0030715266130849628,0.0037926891191357726,0.004242693630918559,-0.0049850418043080325,-0.0018866104667047967,0.004210882472209132,-0.005482269496392467,-0.00653340884043363,-0.0050182587063565265
2018-09-28,0.004701945933702323,0.004201023160694817,0.005279901692175848,-0.004270878693884761,0.0018866104667047967,-0.004210882472209132,0.0014648797756137144,-0.0032286247700432646,-0.004682468975555132
2018-10-05,0.0032891303299924513,0.01766497972632486,0.020480580508790425,0.01841810796468213,0.0027509669858658548,0.00303066934365237,0.011642422125869412,0.015339207688235934,0.015017302593617554
2018-10-12,0.002873658796316514,0.0016461667794107626,-0.006286431758240063,0.00046873411694825506,0.001035682980927044,-0.002179676312987766,-0.002970478547204003,-0.002945150645191852,-0.002071399258300133
2018-10-19,0.0023968361701183216,-0.0012508395421448881,-0.002469817448093714,-0.00045988804305618913,0.0008422066310249665,-0.006614216332787581,-0.0008710801944527558,-0.004242193921762727,0.0008743948611580343
2018-10-26,0.0034767371001296343,0.0008296788433739266,-0.0016908825933752425,0.011521675389042585,0.0046314710292600925,-0.002208277742625331,0.0038053864893874967,0.016348640250823276,0.0044894541112125985
2018-11-02,-0.00868199458398311,-0.020433910770130126,-0.006174126694727278,-0.022435095366811986,-0.004318831992527583,-0.005518674561854731,-0.0058408626210667,-0.007577860517461232,-0.015098424712585157
2018-11-09,0.007416508389371357,-0.01154730857352071,-0.004286757888245951,0.009514768828246645,0.004845412344100408,-0.0038906898188342254,0.002507405423650133,0.005991266148718477,0.007204242851847731
2018-11-16,-0.003892766541809145,-0.01108419395402116,-0.008997743748497378,-0.0021904259690250782,0.0029866816299963794,-0.009280128656701692,-0.0035995457630118577,-0.007011076430638585,0.0008766092020908722
2018-11-23,0.0029137928023332815,-0.0030005459277173685,-0.01927007035926742,0.0048002501151174215,-0.00023860653895102502,-0.0037801828459271825,0.0015650309831207188,0.007101806810256406,0.0035957861189683804
2018-11-30,0.0018851096355534391,-0.013007332119128634,-0.011184618070685381,-0.0092758044611152,-0.0015045317894128996,0.0026771226933828274,-0.002147993908615531,-0.0036811809216512614,-0.00268752084308721
2018-12-07,-0.010492259648993807,0.012317862362984044,0.020686916874972816,0.00015158878450360902,-0.004119174327094521,0.004367067908420896,-0.0016049025913436599,-0.0027507825155601573,0.0021376526358731773
2018-12-14,0.0029883462315962728,0.007770324453144184,0.01124176488296147,0.010907361016366579,0.004597048750792476,0.006355043319079989,0.005170228156554213,-0.0006089299766474099,-0.0016838291654108772
2018-12-21,0.0013823502876160187,-0.00037647381384786627,-0.025579181683619723,-0.007747069419958841,-0.0017214177253304097,-0.003375514717643746,-0.003383113141463334,-0.006692156373563574,-0.004645203174867163
2018-12-28,-0.004254477417019231,-0.0054438808557382146,-0.002812258725292338,-0.008130089804974538,-0.006000258011857884,-0.0072704843204531855,-0.004638515228877538,-0.002010266845434039,-0.005223137262059918
2019-01-04,-0.002006675046823281,-0.02031903353344866,-0.004427099891537445,0.0015579534869925027,-0.004342588247792545,-0.0029822184828369735,-0.0041821110882810375,-0.016026356252983653,0.008279056415267938
2019-01-11,-0.016192636238645974,-0.010962574646445233,0.010427474210537468,0.0009121558809210839,-0.009962419901095254,-0.0038624482753450984,-0.005677434604976828,-0.0027979479140500807,-0.0011692488908838783
2019-01-18,0.00486256312264266,0.010344188894585216,0.011535668759692363,0.004930884128488522,0.0043859719432544075,0.008736095540462951,0.0036903134359270173,-0.006469871814797301,0.002823348027450212
2019-01-25,-0.005387864535649101,-0.012263670797425519,-0.003327649622530515,-0.005646230118182771,0.003083013111152111,-0.0021007512442965393,-0.0025817887685926633,-0.006083945348076547,-0.004905394389386419
2019-02-01,-0.0006958942521611,-0.0046361430514902935,0.0068402505580085204,0.0007332230846666121,-0.007395727664534668,-0.0029542118974315024,-0.0031069709858290717,-0.009139899937652629,0.002504432851848204
2019-02-08,0.004595772892214578,-0.00016444252234748546,-0.003554742869517291,0.004058754852611202,-0.006491859009186474,-0.0041985323796165375,0.004730587578663459,0.006235020717296091,0.0018823229521687246
2019-02-15,-0.0002875395847539153,0.010222499360068582,0.0028546098156425614,0.0029866954352462116,0.004218380709712255,0.005733905867517652,0.001547360585791413,-0.006267013550904199,-0.00042159200248237383
2019-02-22,-0.009989708093998129,-0.007273792547358937,-0.004161891418744013,-0.0034586266667080423,-0.0020824408823985063,-0.0072493192514633265,-0.005204212015235132,0.0023008718307599985,-0.0026633769154464915
2019-03-01,-0.0004991339756839075,0.010058463119646532,-0.00261970135948264,0.003946671789510248,-0.0007851027170366898,-0.003596296041089797,0.0018855025272844772,0.014717913384560966,0.0031173917111555483
2019-03-08,0.002820183655565689,0.011040839313153583,-0.012395372322070664,0.005696912191186065,0.00379711630758206,0.007753390150396111,0.0037603730946884073,-0.0012116921896363486,0.002655098049860527
2019-03-15,-0.002365738089949998,-0.006063340380187299,-0.015410709524604549,0.001507252282898719,0.00017114286803843193,0.00647886637977324,-0.004388479006601886,-0.0021121662276923914,-0.0021364762755702316
2019-03-22,0.0019049325640212444,0.0014456548666412772,0.004008601418541424,0.0025246207787432695,-0.006376477767125799,0.0005696545199480596,-0.000554538915114644,0.0021121662276923914,0.0004859637566680952
2019-03-29,-0.0005874632539661917,3.5062744784042366e-05,0.0009383233573077021,-0.0008437632338589296,0.004296330183163111,0.00029419440768307936,0.0018103564695352015,-0.0007245692280584137,-0.0007128276878969331
2019-04-05,-0.0013249175725615903,-0.008662697052786328,-0.003251800386838255,7.91330534779533e-05,0.0015910902322417986,-0.011384634110169323,0.0005166433062001041,0.005060994079272074,-0.0013622654631761932
2019-04-12,-0.0008569204296313693,-0.002627694277315129,0.002226818162107236,-0.0028703772327105526,0.0062905556828862785,-0.007707538517327972,-0.0015876828708491497,-0.004399410033970597,0.0011353500530253413
2019-04-19,-0.00022366527838912909,-0.0038157001413328118,0.0011692615497542747,0.0022371373983567366,0.004534825226814254,0.0011212822455961557,0.0015507886281914685,0.0022806820471328315,-0.0009081768974246174
2019-04-26,0.004834915956097863,0.00840787887876715,0.0077603321121104685,0.018997564938026734,-0.0002903881542040132,0.005895005368142581,0.003939984844616218,0.002964963855052627,0.0023983935785460986
2019-05-03,-0.00017810496366243989,0.006529900204478523,-0.010649881186129306,0.0061101739151485646,0.002779424394464325,-0.003482715032427919,7.349698665659599e-05,-0.00017232331028704806,-0.0006476474433818602
2019-05-10,0.01845708485712616,0.009875331061465431,0.014935295929638492,0.014023300568611674,0.003421360315089883,0.008330582271955045,0.0016155685540747422,-0.010853320364470953,0.004428003809014314
2019-05-17,0.011662150935487281,0.005416050805289174,0.0015311484822335686,0.009640272177882103,0.0045596431288783545,0.0075410973891392175,0.010329124445517368,0.008139231329898688,0.011096614937983418
2019-05-24,-0.003983149063468527,-0.008957158091552841,-0.012459435819592635,-0.005537061530897169,0.002749717794466422,-0.01028789173331468,-0.00105356860665623,0.0006595891940870402,0.004931368662409064
2019-05-31,0.002498539005334699,-0.00200918151611873,0.003703907717214072,0.002810172310580228,0.00047744092575618957,0.0010632439517901382,0.0006177438013267311,-0.008339621896679361,0.002472424233983972
2019-06-07,0.0008362651159257162,-0.008239271632339396,-0.004965646560497916,-0.008157801225708639,-0.007426073173272041,-0.005048479865497502,-0.011067999676155071,-0.010439305498301632,-0.007340007216256161
2019-06-14,-0.0005478188298351228,0.009614043737922628,0.006744393873644228,0.004867258768058491,0.0016336732443711366,0.0025562189587029494,0.006626298704985045,-0.001152442665483644,0.004296154395294405
2019-06-21,-0.00999979348066593,-0.014187125617864282,-0.003043006309802365,-0.02315224178615516,-0.00404099265441471,-0.011583923804688201,-0.009863857178419144,-0.014388737452099676,-0.017522671450886484
2019-06-28,0.0010554167509884138,-0.0007712964885033813,-0.00876432330285759,-0.001355358837965781,-0.004105790093338779,-0.0050421583647213275,-0.002952358493909235,-0.0027333090035415175,0.0012918229415670446
2019-07-05,0.0033191133512153748,0.002954587765191974,-0.0042727654819891825,0.01502163129695866,0.0008466888924321125,0.0026118581445446765,0.006116452377242676,0.004016037005687423,0.006562463234902616
2019-07-12,-0.0020686133518426075,-0.009353052947906448,-0.0004515955237680558,0.0032624793172644218,-0.005455550901537043,-0.003363543370276112,-0.001323286353731301,0.004177737794708314,-0.0030828540793805814
2019-07-19,-0.0011195604350691113,-0.008772739301290855,0.0032730872585453596,-0.005341057092248747,-4.8627489129371426e-05,-0.004816361413290338,-0.0020987912043518575,-0.005980520414308632,-0.0019316212303071012
2019-07-26,0.0010977627826755931,0.005733179908762764,0.0,0.009657647092164545,0.0016277350143498737,0.001363072713754132,0.009720388319538642,0.004395682770989229,0.002574666715779994
2019-08-02,0.013072836472347804,0.016751973721701674,0.013487888849971874,0.017912325846600297,0.009302392662313475,0.01159405037170913,0.0049521275146066634,-0.005436604080252927,0.012203454644772016
2019-08-09,0.01707243212321874,-0.00040766409043868634,0.016977854086476896,0.007965272724775652,0.006233537326800542,0.007411802042333715,0.005036151293848767,0.0018858727748276571,-0.003180259645202632
2019-08-16,-0.006216405392122981,-0.0019421990947616763,0.0014921594029635443,-0.007517403826759583,-0.0013871949798096583,0.00691812195392183,0.001949670256903846,0.004666847982679467,-0.0034460787134364956
2019-08-23,0.005419415573269637,-0.00011270701119947546,0.004666200327758219,-4.97533065324518e-05,0.003106557329060955,-0.0025049251103932413,-0.0011549012399593162,-0.00875197389816984,-0.0006714521203177171
2019-08-30,0.009941458645891688,-0.0012617764523543684,0.003515064923173661,0.0024515500103454713,0.0034061033084817893,-0.0026071884945904067,0.0018760377823522911,-0.0019099396094701682,0.002013005328838968
2019-09-06,-0.006328358827396352,-0.00827969982356258,-0.0012075652278671356,-0.014506472230309875,-0.0063212089545763295,-0.004328344867996492,-0.00545748323123274,0.0013716079352268373,-0.004158276151422946
2019-09-13,-0.011106158857541182,-0.006679203063532313,-0.009128190432534211,-0.011259403215994723,-0.0035958327130560797,0.0016950952252496876,-0.004940972813186673,-0.006055764099705652,-0.009436007085440234
2019-09-20,0.007408385631384684,0.00792305062159393,0.0011200694345960827,0.00942805473124153,0.0008401848900896347,0.0009041591936034266,0.0025098680036289567,0.0004595588316171906,0.001874960140669124
2019-09-27,0.004147615788848036,0.0052991891863278795,-0.008193435277256356,0.007714284483997247,0.004381508930928479,-0.004046209314103155,0.0026122937720217676,0.005171860955278884,0.0017102571167217917
2019-10-04,-7.730229064595306e-05,-0.0012726426016644865,0.00683369123503752,-0.003175667051261044,-0.00019114063230185607,-0.0013137179135038757,-0.0005436654054642442,-0.0062882989775929765,-0.0043944752120523844
2019-10-11,-0.004458491712163282,-0.0007926846945665034,0.0012048406453004645,-0.012694277855504588,0.0003583587209108341,-0.00430095690752319,-0.004287174129314619,8.213349983643425e-05,-0.009893337658658297
2019-10-18,-0.0008474576778378928,0.0004601167361926173,0.0005983577019970099,-0.0004833191399429282,0.0,-0.005080302897438216,-0.006245568978661686,-0.004791433998162287,-0.0007197775543859031
2019-10-25,-0.0019801986668626093,-0.006432488384318091,-0.003108317774596081,-0.004368934862046814,-0.00047784017155771963,0.001150680783827962,-0.0015399849045003022,-0.004632088748107055,0.0012102381066672052
2019-11-01,-0.003631106653407823,-0.002253329247682956,-0.003642166834435301,-0.007850689839010272,-0.004598920654411254,-0.015617337020977118,-0.004302505396053702,0.0005967576346579406,-0.00478407098966116
2019-11-08,-0.006243338646464425,0.0009133528531464208,0.010248981296268944,-0.005147418294634498,-0.007373527383273792,0.001365174420123516,0.0022822655860930685,0.006820779368732044,-0.0020056229906071366
2019-11-15,0.0012575023091783155,0.0028701985753052384,0.004743423732839425,0.004451742193969821,0.004295788052206095,0.0007707967257131187,0.00040437460343323295,-0.004205879578424998,0.004105567982528147
2019-11-22,0.00624261297755635,0.0036346638909314777,0.0015064655315866204,0.013229060879598187,0.004445252709495362,0.006046896502913679,0.0029359974114502863,-0.0017535447594134723,0.001768404967010806
2019-11-29,-0.0023230794433137802,-0.00018425472559258083,-0.0004879579058867378,0.001152435070052249,0.0016289769796109521,-0.000962690893422824,0.0022329200119022286,0.0011252690249095032,-0.0014734535499250079
2019-12-06,0.0002986794125421355,-0.005693161213439879,-0.006077558037926423,0.006870036979516492,-0.0045101314336446485,-0.0010226457915538667,-0.00443410954254192,0.004126167368545097,-0.0011803280058861887
2019-12-13,-0.0025772659664105024,0.00042757884136257474,-0.006037085081238125,-0.009286592826891038,-0.005908258580690218,-0.0030643588091883167,-0.0046383296851828515,-0.005052767474553743,-0.007144416120007158
2019-12-20,-0.0020694633205458057,-0.0037904385107978555,0.004288814475548186,-0.015571308081568702,0.0015709023833458957,0.001587544520892159,-0.0002952247419774623,-0.0007949126014761276,-0.004072381346166054
2019-12-27,-0.0008647335766016617,-0.0008729063324821595,0.005801748385312777,0.00019830065029946553,-0.003338093615127047,0.002007933979748966,-0.0017362077466788195,-0.0010774523440924,-0.001992561764462941
2020-01-03,-0.004342100771822288,-0.002817095095926092,0.0030276206095782854,0.004558677107317166,-0.006051418916281914,0.005393544759506597,-0.00262851159242089,0.0007129061172510553,-0.0011308832071694752
2020-01-10,-0.007127110551964133,-0.012757891966408863,-0.012137670209623863,-0.005688654843643448,-0.006431676671542874,-0.011033862237812997,-0.00029660388768532053,0.002185286612314652,-0.0026325889539942082
2020-01-17,-0.007069013724080753,-0.006469776286580853,0.00209887315484103,0.0017160280327663813,-0.005239413267321025,0.007624601037041767,-0.0006305755137633318,0.005376623049093254,-0.0007343614723511749
2020-01-24,0.009820663018275555,-0.004503157614497155,0.0035257549815490563,0.007005944190143332,0.0008135393104655719,-0.002161292114610802,0.0028159639194163533,0.005985734148896693,0.0035000619074074812
2020-01-31,0.009910841223421896,0.01333304406993463,0.003317727672125237,0.024383515867246963,0.00980880841308518,0.004709538634725341,0.009977073096591071,0.02109666840068103,0.010097918908818393
2020-02-07,0.000214210741345644,-0.004106543160427023,-0.0010417286644868184,-0.003060638098298263,0.010075957780015354,-0.0031568653668192503,0.018114661770424034,0.0037869451729890535,-0.007439403452284221
2020-02-14,-0.0011858753648983367,-0.0015087521402534776,0.001377088131055082,-0.008621649452259739,-0.00036242827337207295,-0.0067786850041615665,0.0017253158372041444,-0.004347415983128933,-0.003723903758132696
2020-02-21,0.006164039455657022,0.007108362961774972,0.004578963622307697,0.02134604501007953,0.012846085772423521,0.006857237285654794,0.00440758243149314,0.011514424532718337,0.012677461548419977
2020-02-28,-0.00691486808391284,0.04132189127852648,0.010087258633891594,-0.000363916071737691,0.005590926358043813,0.00497547573458057,-0.002040123114944281,-4.750480987070205e-05,-0.006103514436086588
2020-03-06,-0.007871059344469744,-0.00393409342737705,0.019536824031821887,-0.016170071835648336,-0.010086283154761677,-0.011714085540040386,-0.012292651322475312,-0.0028385458438910938,-0.00987719830999767
2020-03-13,0.013378317573035536,0.020420217532393536,-0.0010333754131996997,0.019160178634520797,0.024805418485154496,0.009895227594002076,0.02786353114732909,0.014832834227131553,0.008088585332749254
2020-03-20,0.014660968942611374,0.08731096320976484,0.018326531240524524,0.030819893623485584,0.0270305426374855,0.003322294655342617,0.024598829344034345,0.02270926411632379,0.004069417205391002
2020-03-27,-0.003434076543734177,0.01926351749737165,-0.0015072493565959633,-0.02407960655014474,-0.013216404568467954,-0.0030874173287327444,-0.01529447698292652,-0.004384022227696072,-0.002942880523513658
2020-04-03,0.0005907422425899256,0.026360319995049508,0.013405477717540748,0.01425074750197286,0.004141745451237133,-0.005003051499900213,0.006444555772705418,0.014034461675655141,0.00142292252536258
2020-04-10,-0.009004393511534259,-0.05722952985801655,-0.0031388746845317783,-0.022138112335139404,-0.010456314179835058,-0.006452526432685346,-0.01861024148823992,-0.010032892506508517,-0.0058036543419981435
2020-04-17,0.004445238252442474,-0.010050591905908846,0.007123764876917349,0.005467734307074146,0.013848945345156238,0.00780876533858299,0.00582001960277162,-0.005062136902799885,0.00046553387599646
2020-04-24,0.00199674801137939,-0.0014669756992482519,-0.0033818843210235983,0.013523749965131948,-0.001671953941241755,-0.0017792112271903804,0.002178190855583406,-0.002186163385706319,0.00019944819399286828
2020-05-01,0.005034110328959729,-0.024163068038374647,-0.0074912136600913115,-0.009107212343621995,-0.013918767758984929,-0.0035975693632090966,-0.006831493573015823,0.0021554055116883575,-0.0064021559120091
2020-05-08,-0.006607186369081974,-0.02128693195677478,-0.002750087673422996,-0.005081936495166417,0.007364383344606651,-0.0034817392416690573,-0.0025827465753632817,-0.010404119418561564,-0.001472951525011812
2020-05-15,0.006761465151146506,-0.001060552257765579,0.004148670846601199,0.012851464454393557,0.003914800624375658,0.0059078237863410266,0.010781965554038986,-0.0031128429804900826,0.0035447985485097533
2020-05-22,0.0027869410023655394,-0.0005306982164778873,0.002350749931019358,0.007878669468989408,0.0026395837900026198,0.0002954617103121393,-0.0008765317953348117,-0.0046875085830970775,0.004230589763962733
2020-05-29,0.001739647269468625,-0.014524986661561101,-0.005784728528079874,-0.0052455432387876755,-0.003674363991563734,-0.003847828260663544,-0.008524780384240427,-0.0031372574751329374,-0.002163026416960534
2020-06-05,-0.011923628710611256,-0.04559160341421631,0.00033070314403271794,-0.024830375942887173,-0.018506791767791242,-0.013655350281257306,-0.014467185051066644,-0.011376327464573066,-0.01051548485934406
2020-06-12,0.0007273472273656711,0.015590910473417097,0.005190910763223755,-0.0005310013648713863,-0.0007737125692235391,0.008442152881143805,7.178235592791848e-05,-0.01504991582501436,-0.0007072255165367913
2020-06-19,-0.0015683396479306833,-0.0008082512344138593,0.0027264531958728355,0.002718406434547127,0.0009377564864916366,-0.004940888850595737,0.0020078168159213816,0.00011291506379595972,-0.0030028532778993977
2020-06-26,0.002302212128191039,0.010178293917178394,-0.007362028760374173,-0.004047144744064646,0.005375100578579817,-0.002649829311696994,-0.0012185507923131444,-0.0019212922156368606,-0.0024020174953847118
2020-07-03,-0.0029882505661764647,0.012023749307044085,-0.013588087774356161,-0.002996132240058458,-0.0007461120913168084,-0.008496654988558117,0.00010757893614815606,0.005961701752641879,-0.0018986274562582395
2020-07-10,-0.00909723906167903,-0.006616623593632909,0.00711651745371622,0.0006499241983899395,-0.004793032404531106,-0.0008283832857429729,-0.002980628138137875,0.005782631425563345,0.00013573585822879153
2020-07-17,-0.0011429960596585076,0.022688349375743044,-0.0031180900992522353,0.0038326168119526827,-0.0005391909921634852,-0.0007279271585494129,0.0,0.012507503971439515,0.0003731786381577784
2020-07-24,0.004087330347309459,-0.012557024963388841,-0.002786512950739173,-0.00170249560478819,-0.0003518029939537648,-0.0012346430212062387,-0.004975493390846852,-0.0019104313752986712,-3.391957668652523e-05
2020-07-31,-0.0067283565140792145,0.009771875926302798,0.0025329074127711237,-0.008958710692668959,-0.005574976508400109,-0.004892814698463255,-0.00900416350967298,-0.013251969719000556,-0.004555661649334297
2020-08-07,-0.0012836650034933061,-0.0012086316774730932,0.0018538405805417213,-0.002779867499965505,-0.012127113914758514,-0.00028496697629165624,0.0011663934254758646,-0.0007689966575150642,0.0020084087563998487
2020-08-14,-0.0037456593117206616,0.01225600701697438,-0.0024814570607194497,-0.00205416672249914,0.00107387045125229,-0.008176409726876166,-0.0013487653552938794,-0.003419575163304156,3.40060870929193e-05
2020-08-21,-0.0033983084469062508,-0.008986567234638088,0.0009746394272154291,0.004565622880473796,-0.0035122546767929474,-0.0001231565012793645,0.0014944689216463969,0.014322340287440838,0.0004759638357345608
2020-08-28,-0.007872599532162461,-0.015491806561536592,-0.023609774548893014,-0.00817905729161339,-0.0033565123816516884,-0.00642512944611795,-0.01014047823253017,-0.01326150276932525,-0.0025865310679948905
2020-09-04,-0.002640467773358246,0.014597503617807206,0.00126307900793865,0.007373390726834295,-0.003970407670259801,0.004575959504454552,0.0065280607375438615,0.009704080052165498,-0.0003067432412731108
2020-09-11,-0.0014471888329439242,0.017982193846995287,0.0028480147888156893,-0.0033471004849818797,0.0009639716374858498,-0.001039089398588544,-0.00025591810760267064,-0.004704390129739,-0.0004773432529519006
2020-09-18,-0.009842157824928144,-0.022492979129069113,0.0007345340120235022,-0.021043730732579036,-0.008709381289386808,-0.0023702798751243925,-0.0074134220911409865,-0.006140939795139744,-0.010559615399362343
2020-09-25,0.00990798459084652,0.019879923034720193,0.0016914558361404985,0.012601149857044192,0.013275599268967708,0.0008457008991991088,0.01578807051262132,0.017994954946094044,0.008818792677212084
2020-10-02,-0.012022806876287984,-0.006737369525053438,-0.005287651018301531,-0.009972079084765717,-0.0016798660057923964,9.277728818668507e-05,-0.011377433744984122,-0.003703180417700125,-0.011718145805879043
2020-10-09,-0.01126288085479632,-0.015084917055968816,-0.00366395925648888,-0.019153641063457627,-0.006941292240630226,-0.002125728294581908,-0.007324961434764077,-0.016755524053651882,-0.011262632955335139
2020-10-16,0.002101398838660673,0.006419257990760485,0.004986791947430014,-0.001689477933122241,0.003814034459846516,0.005624358137982899,0.003687591758957831,0.004648664845423145,0.005334275701025515
2020-10-23,-0.0035697618779928497,-0.004000399261657961,0.006466183858002239,-0.009754800645056072,0.0014926813249189763,-0.0050460428780949584,0.0007726696118174892,0.004866734971944897,-0.0037275129815292907
2020-10-30,0.004017887599692349,0.005517583009966742,0.01046608108280278,0.004942116808550168,-0.0002165413542294381,0.0024335177354495308,0.004477071698434365,-0.004337290635461066,-0.0021662424179842432
2020-11-06,-0.015623083658532488,-0.036031305760138466,-0.008754661167750477,-0.013034435999902172,-0.006397047801437017,-0.0077542209424188435,-0.013232045334937048,-0.02105545679840315,-0.00034983383249898026
2020-11-13,0.0027948317625290375,-0.0035284066014202864,0.008520140376407248,-0.01036380899746181,-0.0015753569017051827,0.0013898398735676665,0.000704708595082093,-0.010919890114021946,-0.0036455452600945293
2020-11-20,-0.00805724133948127,0.0016392350625569208,-0.006636233042224937,0.005060844176094648,-0.007376513917347616,6.218647653399856e-05,-0.003751792071933935,0.002464501689852572,0.0015089045761382813
2020-11-27,0.0016608009180751893,-0.005540570907939468,-0.0010799428679924006,-0.009595057193914514,-0.005881649108578024,-0.0025528219417667586,-0.004176928575972183,0.0008916777341134718,0.0001402475371325984
2020-12-04,-0.008116828421205646,0.00021910372528566313,-0.0035382222016133724,-0.01827152225967943,-0.00159891799638201,-0.00041570967435422546,-0.0037066893817035984,-0.004085114879190499,-0.011974079035347973
2020-12-11,0.003653846536211036,0.001094799107786315,-0.00031180099215522006,0.006808591679377862,-0.003082046451285292,0.0011427860286246094,0.0031833444480733886,-0.0018910809676655482,0.0001596551452260897
2020-12-18,-0.0032702167802516335,-0.002006869251932386,-0.002939770805593156,0.005970930084023607,-0.0023982309097545507,-0.0011427860286246094,-0.00596300216149559,-0.0086716349021696,-0.000603275449017282
2020-12-25,-0.0012588562958759653,0.004242184625145029,0.0006185448081410527,0.004151286999740655,0.00511093294317555,-0.0012585748562998766,-0.00037622272829013204,0.007575161780504214,-0.001278727130516355
2021-01-01,-0.0011527821750025868,-0.019545569201396162,-0.0070440834469831515,-0.012606895422798914,-0.00994959202817336,0.00021854397764142774,-0.005319863892396637,-0.002329839629363395,-0.0002132802510570464
2021-01-08,-0.006998944394218665,0.01188811458945338,0.0031156078769223328,0.0032078335239456024,0.002236136888847051,0.0014973020172290852,0.0005672900706188422,0.0015815544146513538,-0.004667993581551677
2021-01-15,0.004003189345721303,-0.0004543582977252214,-0.0015565905623962095,0.009380931833765871,0.0019091782698015258,-0.001372441184869455,0.005843230015940837,0.00024949062460510874,-0.00025004911809389796
2021-01-22,0.0017877513006687717,0.0008446575912710585,-0.002709324189833495,0.0027881647870318105,0.0015593483599798397,0.0009775375154470467,-0.0019188447673251785,-0.002397683389167682,-0.0005717757365508724
2021-01-29,-0.008240934118749932,-0.006013290015769002,-0.001885803207904324,0.007259723482500036,-0.0008164982577250068,-0.0003534671000520184,-0.00045202848549091845,-0.0041930883931224905,0.0003216640782577329
2021-02-05,0.0033169068508014377,0.00021410983916503312,-9.609972413038292e-05,0.004396792325700893,0.007324594691013875,0.0003950432519772562,0.005897949064181951,0.007920338207169308,-0.0012872775860421903
2021-02-12,-0.006216574993351154,-0.002307663105195701,-0.0030318782699501057,-0.013176369181635117,-0.007002864273577769,-0.0005406248507200395,-0.007481659802435703,-0.008004044732142113,0.0031080888854315702
2021-02-19,0.005272222075791033,0.008199073588034622,-0.001040242311793449,0.0007511686455226041,0.00022267582203738812,0.008800686306032812,-0.0007550304258416851,0.0040267053013463006,-0.004110451681464067
2021-02-26,0.0034788559510900985,0.017629129346648398,0.019534590626672177,0.019805110735630294,0.001878398970499795,0.005971271448955484,0.00429605725553861,0.015339221408526615,-0.002043634076263068
2021-03-05,0.0063082955295514775,0.00498528741806048,-0.01040918767494059,0.0028872573418494696,0.006129627167834162,-0.0028629939361426437,0.010436829049189744,0.002918656867177738,0.0035468017477242597
2021-03-12,-0.002703077930977793,-0.0030007107522145304,-0.0067640292291750725,0.005547362919453569,0.01069189504830037,-0.004738320172302579,0.0007811773855823101,0.0067880947290879234,0.010954726139865922
2021-03-19,0.0013370937880736733,0.0017376198985399327,-0.0033406031059657337,-0.006795123086650534,-0.002065990891023217,0.002536763791541663,-0.0014140063381511414,0.003344430424755629,0.005291950963455694
2021-03-26,0.004726945830638041,0.00010416124169587704,0.0016958036380696484,0.0009558707116212872,0.008962152756101016,-0.0015254117961536195,0.0021574178878334682,0.009982746289401767,0.006733087577182495
2021-04-02,0.004719921226684187,0.00902074653530427,0.011409519743097896,-0.0013101288986900883,-0.001810173667520898,0.0028016704734898923,-0.001375746187352589,0.004626858393913746,-0.0030803720800798295
2021-04-09,-0.0023609884464084185,0.004497166816600284,0.017850928369681718,-0.007772036809930327,-0.0013295463371467697,-0.0020283669339509203,-0.0020858172043711765,0.004891699458667631,-0.002667978834563378
2021-04-16,-0.005397855498511461,-0.0036373658935122677,-0.0033434203012934205,-0.004392858615286599,-0.002009758900137326,-0.0029210662527057174,-0.0053835930834725265,-0.008219596037414512,-0.004191844382452015
2021-04-23,-0.004425601912574573,-0.0016859058853935238,0.006835689783629029,0.0011560021539782639,-0.004177703970333679,-0.0005169775540099231,-0.00398152499833776,0.007806241500527555,-0.009006514324535253
2021-04-30,-0.003857612758257911,-0.005982044129337893,-0.013664367020801649,-0.0004837452727617375,-0.005002145487702281,-0.0028792794769394447,0.0013915792907027713,-0.009024971606475418,-0.00582279674003372
2021-05-07,-0.006327760807997018,-0.019512370534675583,-0.0095600296274867,-0.0014616149409150125,0.006048208857754478,-0.007830355408532608,-0.0031997618070176426,-0.0004654335436908852,-0.002475115603107536
2021-05-14,0.001973966057717602,0.010268899694969136,-0.0005800681913363803,0.01173109847924092,0.0030104417006191486,-0.0012970848793929513,0.005039688729024883,0.006432639712462773,0.004515165701300727
2021-05-21,-0.0007456079379859482,0.0036714194336777695,-0.005633894851720278,-0.0009582964353596068,0.0037020500318407645,0.0036985227190640124,-0.0011260839747068152,0.0005581024661505118,-0.0007511132924618025
2021-05-28,-0.010348138123630779,-0.0029304663664131425,-0.005589875703789993,-0.010683070878392265,-0.0018130179620223785,-0.0026105313156707943,-0.005951725859912382,-0.0039132741709049235,-0.008985432269678295
2021-06-04,0.003010043582353239,-0.0026377762830680496,0.00619380261953939,-0.0018321109420345039,-0.0012105073503336783,-0.0027222012182703814,0.0007553440951322266,-0.001201008991795316,-0.0009391367856586008
2021-06-11,0.0014625545687911856,-0.004198382981710935,0.00528250956402232,0.004153347706231436,-0.004735029790156053,0.002010956195765523,0.001358183261676027,-0.00417470098923145,-0.0006868504562840272
2021-06-18,0.00941223685083048,0.01940428542514816,0.011966685325917048,0.016962421900514002,0.007517009207617775,0.015943705563423727,0.014596613812728365,0.013504540205873106,0.005301799518008021
2021-06-25,-0.00010065386306412627,-0.003463021401502786,-4.0461258350887874e-05,-0.008618342680011715,0.004146482641148808,-0.0002059753454797253,-0.0028278036405834373,0.009164953145590182,0.003698189231847948
2021-07-02,0.0036094565108348853,0.004276921198814065,0.005165780198272962,0.00648614571017081,0.0013943650686898401,0.0158791884118048,0.0050175719919793305,0.01118378684541188,0.0014325110783333095
2021-07-09,0.0002622788965380707,-0.0012625175445606374,0.00010733716626809553,0.009061198326915765,0.006990524265794162,0.01285258574192838,0.0022589673908904317,0.013748575255820406,0.0012517660474662407
2021-07-16,-0.00026999402320115884,0.0006073112173456963,0.0010526352049238241,-0.001670844164816998,0.003286812847998588,0.009799801565052668,0.0033604787989877094,0.005965600866112197,0.0006788745236163685
2021-07-23,0.0007866364757127542,0.0005655718633938989,-0.0015625893871993313,0.0102867855100639,0.004981034966490494,-0.00443983863922659,0.0034227072775022127,0.004716631033911511,0.002140793624539672
2021-07-30,-0.003359089487033895,-0.004498924323778297,-0.001975169942369348,-0.0028463593651943953,-0.001420622945207617,-0.0036600305137381994,-0.0049353715147268384,-0.001063102841411645,-0.0042145929947645655
2021-08-06,0.0030121202597230834,-0.002420225658923414,-0.0016422243711220474,-0.003220586666858871,-0.000308067824752456,0.012332595984288375,0.0006643782771231233,0.015230634460582593,-0.0022933324273477496
2021-08-13,-0.0005785497077706037,-0.0032895109657662402,0.00035020844494937364,0.014102237335539947,0.004327936089683293,-0.003915640848821678,0.00036890840422804105,-0.0022473602986416985,-0.0017953326186743723
2021-08-20,0.004119684414595204,0.006409054299190586,0.0014534006070823224,0.01510074337464129,0.0003539196639315012,-0.002618971170483153,0.005737419195788629,0.0009744762961463316,0.006983643747252799
2021-08-27,-0.005942374312853271,-0.005545640698315424,-0.012067817406151704,-0.015031975860387625,-0.011388023427565619,-0.008990237212492147,-0.01269577135207206,-0.02380703794343164,-0.005403580934231655
2021-09-03,-0.0063434668946249495,-0.008401120163526343,-0.0063286381457139385,-0.006796410622539106,-0.010795354929346468,0.00017037738632197374,-0.0035719639109759727,-0.003304771866074585,-0.009373153449800053
2021-09-10,0.0013604862532030637,-0.0016507623595707344,0.006383080283942633,0.011940543093126088,-0.0025357738637636906,0.0015420975578637197,-0.0013054588676320034,0.007210278993629249,0.0013392455173359963
2021-09-17,0.004805167816009925,0.002794160762027431,0.002738694410755471,0.009066168057785262,0.00866744321016788,0.0011999881441155935,0.006361983621333722,0.01780147754275596,0.004655283483528283
2021-09-24,-0.00019331067792371925,0.0027584099934419015,0.0020812790765081246,0.0008978790330118613,0.0038759738446931813,0.015115886435856485,0.00436665756943988,0.0041957055631764995,-0.0009725700026388395
2021-10-01,-0.004114769749209879,-0.0018474333635616347,0.005133793589542357,0.001886306233878976,-0.0020796737389068287,-5.9065582501904856e-05,0.0015496442609633787,0.006854955685834607,0.00277113163855347
2021-10-08,0.0010942745703024226,-0.004570241064877578,0.011781902347698825,0.010073152751697734,-0.0003590019783665799,-0.0036293742684772035,-0.001401955588416104,0.005701396362929323,0.009087068826248323
2021-10-15,-0.002407431580228936,-0.011777665408326143,-0.001526020947399509,-0.010732532451477539,-0.004799049402466338,0.0025853066441343664,-0.004996586815183335,-0.014427259984575613,-0.003674966226781873
2021-10-22,-0.008228892678348032,0.01023550389402672,-0.0009541125976086917,-0.005639359763748075,-0.0016851231719923199,0.0003251567924835719,-0.0001484285133898644,-0.0033013235265624274,-0.003329815640431999
2021-10-29,0.003841809982508826,0.0027235796345816965,0.0005939252963198527,-0.0012423841755975218,-0.002460559932986328,-0.00486868860545675,0.0010014651900594473,0.0027018929676274617,-0.0015792688397757715
2021-11-05,-0.0007187275707039031,0.006235526155709437,-0.00968684777209372,0.007481966293244824,0.004458322141711157,-0.005419906060941226,0.001037498240388568,-0.004055581976329492,0.0009693924105329543
2021-11-12,-0.003750439924205873,-0.009565354398977988,0.0024288431881069883,-0.003878205646633326,0.0014897044971280415,-0.008054888449902986,0.0017021280705304398,-0.014096482001309418,-0.0025151822393190137
2021-11-19,0.0021235839331892326,0.004692350665278511,-0.0014458303769142589,0.009297679240704682,0.004360228272977773,0.0129400669121007,0.0049787125024484125,-0.00015266010257874996,0.0004316236309005461
2021-11-26,0.0016346710247971963,0.01256807889298095,0.009604060077960774,0.005289930891180461,0.013132929174539454,0.00042582479438868504,0.009118437252585876,0.029114028327614783,0.0022270924108753754
2021-12-03,-0.0030681833356742683,0.002609530761896295,0.003871719367387172,-0.009299032529840545,-0.001818332594562433,0.0007818569995929892,0.0004009111671011145,0.005766687576174601,-0.005432742858948902
2021-12-10,-0.0007763640674620653,-0.008364822317432186,0.005416478502255018,-0.005068014316453429,-0.004619711844283225,-0.004302830242723044,-0.00595729335245887,-0.00925761101589151,-3.607698829721784e-05
2021-12-17,0.0018184103330189938,0.002054296812671552,0.004368703883907088,0.007150373613963978,0.0021822158141600045,-0.008551367486049788,0.0009160026288556611,-0.008068174649510595,0.003888813773074151
2021-12-24,-0.001732117887869089,-0.0134113634447246,-0.013323690594557291,-0.00041275497681958484,-0.00594108211365052,0.0032315701224288063,-0.005766456762605177,0.002098007663006385,-0.003311738088012106
2021-12-31,-0.002277475971460996,0.0033152818261505956,-0.007336279781397614,0.0032300965148026606,-0.007056179489206782,0.022714109653891423,-0.006912001497165865,-0.0063072742507714885,-0.001659990998629457
2022-01-07,0.004620213970835341,0.007762910896930819,-0.0027221326053323835,0.01048450935280787,0.010149946830713352,0.0029445050719330013,0.006654122367368287,0.013095558868716495,0.0001444564827357553
2022-01-14,-0.005398886256019919,-0.001905393956443291,-0.002230271285791119,-0.011938443845723512,-0.007201824421713354,-0.0012664395263053407,-0.0075446935049329755,-0.013246218002711085,-0.003146647079771192
2022-01-21,-0.0023554353278860685,-0.000419254990035256,0.0026676562689260663,0.001873753305284609,0.0017217058701937127,-0.0001949792840685305,-0.001969492099061887,-0.006272455856950465,0.0036520804996795775
2022-01-28,0.004147832273273533,0.0064440619112335895,0.009727631529275804,0.015137855978220927,0.00095522395323,-0.0016979258163001276,0.008629523376664117,0.013403815134202635,0.004968507070732819
2022-02-04,0.00016492772668796896,0.000756626592300691,-0.005243710392398349,-0.007619432290802308,-0.0024615544112840393,0.0019708861705036718,-0.007217041262482238,-0.011283405403722746,-0.000502927768621042
2022-02-11,-0.0014066855234524667,-0.007116823442368414,0.009604723526433823,-0.004885982801374311,0.0026286248318547756,-0.0003509627138145177,-0.00197059051331705,-0.011947937116797203,0.0004670127435661975
2022-02-18,-0.005480545999853259,0.0033140220311338453,-0.010663477779941033,0.0009791082529355677,-0.0010506209180343173,0.004184025097307753,0.0013389372327987092,-0.015430023767794232,0.0010051334442815474
2022-02-25,-0.0013768221327032926,-0.0018684557215760123,0.0077072444563537346,0.004473272191374278,0.003934149874609272,-0.004671677742246416,0.00611396068482678,0.010287440380781998,0.004653502097531348
2022-03-04,0.0021830443142847322,0.004157431030897385,0.017673081268203106,0.015451532770142329,-0.00584720225393065,0.0155265487362235,0.006297087700809945,0.006901867888655655,0.005591282217157545
2022-03-11,0.0036121052554656252,-0.005931509010816072,0.0004574505706420595,0.012256393596635107,0.004227730133568031,0.005813385204980204,-0.001138638531864744,0.017274465467671085,0.008451999744364613
2022-03-18,0.003206818804244893,0.0022066431679572673,-0.006752264382285489,-0.01824340129049773,-0.00011918240881758635,2.8647959551264535e-05,-0.0032762172464161354,0.0010510511478099005,-0.0016917496016661815
2022-03-25,0.0017562433460762694,0.0012896076849404636,0.003303161361238871,0.010176283725848556,0.0034505358764120864,-0.0031370474381353652,0.0016210444547475333,0.008443282497413662,0.011852302291939676
2022-04-01,-0.002321405806074983,0.0006755086593148718,-0.0040928065225918075,-0.004222073939482485,0.0007124198828984962,-0.011154680555327534,-0.0009575722593809233,-0.004100658122687673,-0.0005578995228217032
2022-04-08,0.00046314286430026996,0.0008489614649977995,-0.0005992302375723568,0.008206840961653583,0.00201577112188156,-0.00013562211823803239,0.004632020633919487,0.0032074021454726598,0.009407668363648813
2022-04-15,0.0015762174835789455,-0.0005774937627673893,0.005458804935566164,-0.0012532043793385128,0.0034293180891069586,0.010868729625001627,-0.004337285340919039,0.001934380485625553,0.006749336916003212
2022-04-22,0.022001732196028856,0.004645277157335315,0.0020156942970546154,0.014301838453285143,0.020910755494373934,0.005152063853494315,0.009130474298552793,0.009836993638772551,0.006124388315659868
2022-04-29,0.017980863262057056,0.006132785320149381,0.00019611688629250779,0.01181811987402881,0.006636886600856151,-0.0021665585499750506,0.007962086017492098,0.008720239921445216,0.003982916194456898
2022-05-06,0.009284686377648566,-0.0027647658426470656,0.005826701922073241,0.006775452546359695,0.002912745886951784,0.0035289890314458283,0.0022065082834137884,0.0024048107781791117,0.006670641852178694
2022-05-13,0.01465349735184418,0.010036527322590416,0.006845549132767026,0.00945755884856414,0.0073472698518171065,-0.0026885324612724304,0.007702590002833076,0.012369501993540588,0.005922154661590184
2022-05-20,-0.015130988146836444,0.0023281149038325566,0.003646464847480324,-0.008606957469394771,-0.0021620645889606216,-0.003950551566452631,-0.009981525316046014,-0.010478867340780962,-0.004236154801725345
2022-05-27,0.002705252295410965,-0.009462182751889259,-0.0023371040218584938,-0.015902446672271253,-0.002280918830229517,0.0007568826378929749,-0.0077801599457000825,-0.00875598443426906,-0.013739042714983718
2022-06-03,-0.010654556732468068,-0.0067208685466422224,0.0014042051158202895,-5.599305687642442e-05,0.0021897818969240923,0.012363991147807507,0.00360675837739044,0.00722921108159813,0.002626687962329566
2022-06-10,0.0119264004448425,0.012774380145094355,0.005577982451949737,0.02415944848302587,0.0030031419030682738,0.0033807743758709208,0.00865398720329752,0.011646122444028517,0.00976378234908859
2022-06-17,-0.00038658836255756057,0.01616107662816013,-0.0002496695092881751,0.012014766977654467,0.0002725662125628858,0.014107352581407717,0.0027003202784319225,0.014635278178794398,0.005349855460959674
2022-06-24,-0.0062282725306594955,-0.0013475002544254266,0.00237254104160467,-0.003733323241204012,-0.00015898792860857824,0.02091764703202159,-0.002520071895673104,0.00565372530722863,-0.003058363304083489
2022-07-01,0.004039745785634707,0.011862773825452422,0.008522706585781137,0.007583420784346373,0.0011350739016640077,0.004468712874276193,0.008363743856890538,0.005762084665702272,0.003528051640963259
2022-07-08,-0.0034488198473614506,-0.003316774760664387,0.004946642680780933,-0.004830387617669629,0.004233792846286333,0.012437624027556993,-0.00025025472486384093,0.005450366367976578,-0.0016784723132237112
2022-07-15,0.012048741514833816,0.0020767746017806843,0.0049160227752240715,0.019402789043597934,0.005205352297714905,0.008546870142948748,0.0012149367226084729,0.019802627296179764,0.005461473426790597
2022-07-22,-0.0020708688035926404,-0.0011814296671488478,0.0016667088246391515,-0.00864917132071863,0.0006740361538557504,-0.004037068208615935,-0.010121761874031077,0.0006146911370681352,-0.0018394961624386141
2022-07-29,-5.923074077163193e-05,-0.007252577219174938,-0.006526015642814187,-0.001835283837006152,-0.0003369612863368676,-0.013148407327374656,-0.0022391572792357928,-0.005889217870338026,0.006606410201071
2022-08-05,0.0014279639146566048,0.005354028637027497,0.0005354921142881608,-0.0033657803537776587,-6.7405884559113e-05,0.003226855987187527,-0.0010852658157401995,-0.017249570439801243,-0.002363949227183415
2022-08-12,-0.0032881124476584755,-0.0181842221380748,0.002968350281238763,0.0027456110506554054,-0.0014615776394657498,0.0034496732768074523,-0.006609313379284942,-0.0121622645799766,-0.0010672715551320877
2022-08-19,0.014741340936610392,0.015390016450405497,0.003754395762987528,0.02456389934620784,0.007554649961131865,0.005134454988745318,0.014253397618777308,0.0123718715676433,0.0050262234465052735
2022-08-26,0.005459734453162612,-0.0060911570680559635,-0.0012206688902427487,-0.0008373206230833929,-0.0025491963715298382,0.0007313462447591235,-0.0002155404685572071,0.008209884003862467,0.004075619883013193
2022-09-02,0.0035847013888528068,0.003174723530312562,-0.0019875549280108373,0.014936065651818708,0.004512562388989894,0.012879972546109286,0.004981464240691513,0.013694602075757345,0.011311073146887729
2022-09-09,0.004596280485836823,-0.0024728554526927127,-0.0008664804485229993,0.015275175353096415,0.002515500586272479,-5.2810393097679764e-05,0.0005003574085806206,-0.005070587813501337,0.007654137197441457
2022-09-16,0.010757341563971679,0.009180013632565931,0.0003705436671577189,0.0038314084365449474,0.008280795685708942,0.008798353182490004,0.0053097785247476215,0.014119807585228017,0.014591275575263296
2022-09-23,0.01925126654672127,0.009758706047991339,0.019266285840108033,0.025423344075201193,0.009283813538571772,0.024502137108725286,0.015517309522407263,0.017989476943412352,0.017591300048055203
2022-09-30,-0.002360813019637753,0.0103525501813575,0.002159622075027734,0.012869974231559667,0.013022430367024995,0.00023835467287991463,0.00415568686623724,0.005043142739046047,-0.001351925126916509
2022-10-07,-0.0016987467056657213,0.00030132912573854753,0.014794387572981904,-0.013885317279076936,0.0027348014934636122,0.004280697562583313,-0.0028617315544645083,-0.0054423709032414,-0.003877256736786183
2022-10-14,0.012878905076850966,0.012703872627422896,-0.0033241363902298815,0.013384266453691396,0.01167303473659187,-0.0003560257393351307,-0.004272912076936197,0.017809322362076774,0.009117553021873892
2022-10-21,0.0047396896883027395,0.0071719539190748804,0.005507919799318195,-0.0005221950412659382,0.007179572323408934,-0.0040949193635819725,-7.020007022889851e-05,-0.000653979488353329,0.006302083067308839
2022-10-28,0.004861598888126428,-0.0007065322408355001,-0.005277057100844473,-0.008167706224611493,-0.002895275541311859,-0.013179621265288155,-0.008955704733896175,-0.006497578072559573,-0.0011202391014690782
2022-11-04,-0.012108208220065642,0.006079085017532293,-0.003035845356022193,-0.010219221578027238,0.004855915801715627,0.009734400228925466,-0.003192624208810224,-0.015059826201801574,-0.002150639007439281
2022-11-11,-0.015125532248775109,-0.01202728314022572,-0.019317733908398083,-0.06877197912143096,-0.026895964895232716,-0.022757904729774125,-0.024166014724466056,-0.038637995265797365,-0.03363367882654256
2022-11-18,0.005048577655447639,0.010928227450609285,0.012844230262257561,0.017594789967165347,-0.01433856907447173,-0.0010667413814209326,-0.0003276480361328882,-0.005783383712174572,0.004089853539209987
2022-11-25,0.010841501879589543,0.0036949273538056104,0.0020462182746738833,-0.003642637045594199,-0.016018041595555088,-0.007534480702308777,0.0021096286876990944,0.0004890488098312495,-0.006868889774861664
2022-12-02,-0.02139006331596538,-0.01859322585206513,-0.00339631758929837,-0.022430110398418357,-0.021528992829063176,-0.014606188166576217,-0.015415057269232924,-0.028049150971760195,-0.009395845900150412
2022-12-09,-0.010869090434800999,0.011183250861948935,0.012704433697916073,-0.0014187282141326918,0.003571310507334502,-0.008650673997690816,-0.00221639483439956,-0.0028774928134582822,0.0015992953455334913
2022-12-16,0.002357976100870074,0.0020001545248096164,0.0035347916840349214,0.0035468772221873834,0.004644058864834211,9.021606754266998e-05,0.0048696005033015966,0.005818354955237748,0.002930834454325293
2022-12-23,0.0025238185237754784,-0.001352230585091263,0.0014671390708000942,-0.019887666356078526,-4.520386945894295e-05,-0.0027100287588650573,-0.0059426215301636165,-0.004810290353742808,0.00019508388668976195
2022-12-30,-0.01200372149969997,-0.006143256452432411,-0.0011409220973757073,-0.018708323227757617,-0.004598854995375268,0.005106793374491048,-0.006984202548668106,-0.0051228511327670034,-0.0011385262196283996
2023-01-06,-0.010935979736000467,0.006745897834949943,-0.004249143854671011,0.000325814439640304,-0.00018166954360077092,-0.004238784856909206,-0.0012309989431030233,-0.024383415605019998,-0.00244407271387459
2023-01-13,-0.019283429607086067,-0.031128030683243324,-0.014677211745576457,-0.01617989785772167,-0.015656076250129658,-0.007693601847748255,-0.014588370161040032,-0.024081280701490293,-0.011848440955593897
2023-01-20,0.009075737410670248,-0.005017691722569495,-0.003088657965537145,-0.0037781535248315734,-0.011554921016959874,-0.009094215521369353,0.00011361699722506335,-0.0057110377955145175,0.0018142539323489082
2023-01-27,-0.0008418192653449896,-0.004255226390320388,0.007167563300702895,-0.002012203716722283,-0.009614331298006595,0.0037794742723771257,-0.0055443881823593055,0.0032783165106060608,-0.00429355306519863
2023-02-03,0.0025675470434609604,0.001966713190556746,0.007962282483900296,0.008097144733477002,0.003457728638187829,-0.01186323458778027,0.005127729400929426,0.015857766418846175,-0.011216812839296875
2023-02-10,0.005613781698127651,0.011772397650011257,0.003557599157709035,0.021755579536958614,0.017573099406168913,0.011130472775847444,0.007586230264629068,0.0108044715595228,0.00999142395622643
2023-02-17,0.00793321900126176,-0.0006189300609111825,0.0031705144757125936,0.021793810082377796,0.02299056696544932,0.013469933173952953,0.0056988756515234384,0.022135175220598935,0.007823242131751229
2023-02-24,0.014477108639806113,0.005707264486115804,0.002678621509049073,0.015270393745331567,6.76414552189808e-05,-0.00032550317652990657,0.008636146587877758,0.014036581008140647,0.007011824272189937
2023-03-03,-0.008815765607754544,0.0030079733914636364,-0.01440628828106938,-0.010292445655507798,0.009424928954971712,-0.007424855523878726,-0.0008899436956391615,-0.00904723626408499,0.00016324132000544722
2023-03-10,-0.0010269540147378464,0.007798083826942914,0.0013682148765505886,0.006326980302111984,0.009491807672406427,0.0007467920167112396,0.0001854702603754088,-0.00014426891751195825,0.0010115018400553843
2023-03-17,-0.0027243629817321757,-0.004141867941322985,0.00881175408883994,-0.003139360270349556,-0.007550557746123232,-0.003575080416597487,-0.0042745432789016435,-0.01695140805041717,-0.0019259966454434618
2023-03-24,-0.0033504034015270356,-0.012259491224430263,-0.0034425319612623184,-0.006616440833471238,-0.012674725228066563,-0.007096715247187024,-0.007665451560234238,0.003661934661931543,-0.00859782804370468
2023-03-31,-0.00018929465954364844,-0.01542341252539714,-0.0028514731148989725,0.0042420160900968895,-0.0032335777267955557,-0.00029449117659607893,-0.0018785698340947898,-0.003295137166713591,0.00617691542088572
2023-04-07,0.0013170391085133293,-0.0008296590176080088,-0.003610948990855789,0.009919732170192042,-0.0031077412243305513,0.0022065728019717845,0.0011275653303206012,0.002344323417992733,-0.0032315505923885546
2023-04-14,-0.001069507146505,-0.009786887113291343,0.00017719175554820055,-0.009835381840217039,-6.81609052033405e-05,0.016630771559418722,-0.0006763866183019385,0.004890699189558312,0.001986097971629519
2023-04-21,0.004648029690852207,0.009914056948778338,0.0025505236905498663,0.02100260814671806,0.008168852349676348,0.009689876358605076,0.003976595876509836,0.0032714216228595383,0.005005162811667407
2023-04-28,0.003356363236186821,-0.019319930727302648,-0.0033450767657097202,0.004607112078519826,0.005595834591875626,-0.008570479993499802,-0.0010488856552554604,-0.009406858296945764,0.0029325534212780724
2023-05-05,-0.0003828083007806349,0.0009411701211696766,-0.0005137394842273935,-0.014044667273984679,-0.005821222259616565,-0.000884580378476052,-0.0063542409201813865,-0.007501138275459063,-0.0020192815615907023
2023-05-12,0.00714800355614309,0.011906072263521139,0.005721830487416035,0.015739829747118073,0.009802350731337839,0.009508730995372972,0.00919866066797298,0.003242688374610836,0.004294225669151608
2023-05-19,0.008705550011218088,0.007415917399775651,0.008425323237092108,-0.00911441219945619,0.012819266681007857,-0.0013963732375099625,0.006964516707736179,0.015260783189948945,-0.005664446423792935
2023-05-26,0.004957966825439586,0.0014031620214556284,-0.003722373561980241,-0.0018464720682356273,0.013679205651890403,0.0005014865599246576,0.004185113791764727,0.007867520461833699,0.003422037983459969
2023-06-02,0.00414465196127245,-0.009594040796184089,-0.0027037693413474173,-0.016060326797857627,-0.005187004917095006,0.002217851025366535,-0.003443108860488431,-0.0015109547069984686,-0.001791035534215446
2023-06-09,0.006426509076968845,0.0016435517882094075,0.0008737652554646758,-0.011859919091190996,0.008225663301040242,0.0015531418533942798,-0.00356665558657443,-0.003968116025315993,0.0016608865134029038
2023-06-16,-0.0011908766258335035,0.006975165938422734,-0.006230094863430402,-0.008976427182411761,0.0001516908110781312,-0.004630838159596529,-0.00402775214459028,0.0028153781455073634,-0.0002928972439781852
2023-06-23,0.011478237811144432,0.0053259513778822765,0.0015124167394802157,0.024325816369817232,0.01362292812100585,1.7920986372210734e-05,0.01111143188476088,0.015663875674782002,0.010329566467582652
2023-06-30,0.008136494317889875,-0.000172864295310049,6.0936595491334344e-05,0.006365907658286041,-0.002525470052156864,-0.008603055112545555,0.0004064364814211352,0.002763900983468126,0.0038582775661701874
2023-07-07,-0.006758506584823021,0.007881409638395453,0.006668351372954184,-0.013872604207881167,0.0,0.0031672580990331767,-0.004925297419428432,-0.007102302582066233,0.0033638244728888544
2023-07-14,-0.011084435748557997,-0.012874104293819855,-0.0056695206526100606,-0.024961066513887964,-0.030416128818086197,-0.019679388316182767,-0.020326207931201823,-0.012479542294290269,-0.01255165808993608
2023-07-21,0.006277484519138898,0.005351687087198798,-0.0010353922320449627,0.017459631102020978,0.00792135635871749,0.007688543558634464,0.008563343349247854,-0.0058629967811012484,0.015266490719214598
2023-07-28,-0.005165592404963393,0.0017399508968640731,0.0022642897251037297,-0.010100702355980928,-0.0016890228523740447,0.0016762935980727534,0.00022535211362972873,-0.004656924664460327,0.0006377144530897993
2023-08-04,0.00451178394754459,0.007344734882808623,0.0072331950455062355,0.026917643019701565,-0.0002195630703738516,0.014333599821276799,0.005654704527888521,0.011529803952222473,0.010763615770739587
2023-08-11,0.009245634393734825,0.006879150171299031,0.0006396215589505871,0.012917188766923715,0.007438231625576552,0.016163838103787853,0.008885312281143976,0.011612201303087044,0.00498573730808527
2023-08-18,0.006500222153817292,0.0023587151043926724,0.003444500039412546,0.010959752166424863,0.01316492251163437,-0.005862107127158289,0.0037312786885314586,0.008868765782532595,0.0028825687336722083
2023-08-25,5.4790392518322406e-05,-0.0017570736514596064,-0.0058119368257925075,-0.009545612036217399,-0.0017439048501668442,0.008040555470003596,0.0017316021642779789,-0.006093259606241297,-0.0036673133395881408
2023-09-01,-0.004482173220424102,-0.003779336074227757,5.441732649025255e-05,-0.007939005255652276,0.0011844642761356106,-0.0011371400833084522,-0.003872614425469323,-0.0033457941871852803,0.0009102466141128751
2023-09-08,0.012714468712426319,0.007472796460479714,0.0037777795885638454,0.011315815055944256,0.006649959079298773,0.0006172132138484443,0.00860995825889116,0.014933573111067577,0.006535664397980145
2023-09-15,-0.010693974447337995,0.0011262032196732719,0.0015047190820638434,-0.005077029884268391,0.00130334936456733,0.0007930004909235677,-0.0012831089653343453,0.003716303404142085,-0.005250176127401307
2023-09-22,0.0018314081235462076,-0.0003644125189996572,-0.002432754245269564,0.0032849886151389285,0.0013229773182623639,-1.761540290878827e-05,0.000660090236296762,0.005653084112926532,0.006682930374863005
2023-09-29,-0.0014332888884425188,0.007431121560234288,0.0014097916566644386,0.010073075148276267,0.001236041415573208,-0.0029107993490455897,0.0007329229293204231,0.016359294950848646,0.0012442068232343395
2023-10-06,0.0033502705042229852,0.012321222715272029,0.0014559020740367856,0.0022115693338635722,0.004017222045264557,0.0019767386729379055,0.0023417500639186795,0.013735172073278346,-0.00015544122021537987
2023-10-13,1.367951629260844e-05,0.002256416443767506,0.0011595945722966405,0.0027243333723800944,0.0029864994397741373,0.0015856240108620412,0.0017892031866707514,-0.018952097689004965,0.0015222830968357748
2023-10-20,0.0016674985241129647,0.010469442861268163,-0.001231738138024241,-0.0012131883927102294,0.008298278452981034,-0.0002640961325273139,0.0007658224760260235,0.0040523425075669195,0.003872911534884338
2023-10-27,0.0006962457619141826,0.001108284539526494,0.0016399798227677564,-0.0001406474968916882,0.0021998982253339516,0.0014956233817731146,-0.0022626921080314277,-0.00805207199676472,0.002038862650622253
2023-11-03,-0.004424619552000353,-0.0172987786658112,-0.0017602306661714806,-0.03408026123992691,-0.010773154734683432,-0.019888784853788977,-0.010578222491955391,-0.01953732252577023,-0.00958161720450379
2023-11-10,0.0014587994546535477,0.004924875414600294,0.001682197345903802,0.011355839303539561,-0.0038788903726962864,0.0030444149588682023,0.004752002753627749,0.01461922304802199,0.008655376748027521
2023-11-17,-0.01215290941997793,-0.017885746192909835,-0.0005764346476730964,-0.019261140392655918,-0.005900099120469626,-0.008511759477328518,-0.012462026861042141,-0.02609975450087587,-0.021070496867436006
2023-11-24,-0.008780958307341935,0.007973009097144157,0.001512432844012146,0.006901381119138961,0.0014302947350661732,-1.803410248868431e-05,-0.0032799134882876,0.007597579770525886,-0.0021158682160717923
2023-12-01,-0.0012377494124000687,-0.003668474929126475,-0.0006839124858624146,0.000498254204266857,-0.003076596807720655,-0.0008840696645311397,-0.0020554223653601045,-0.006956302895081645,-0.006183723267346508
2023-12-08,0.004663282376162536,0.003655604005187385,0.0016010605196878913,0.0069191743957786045,-0.0019920111970879173,0.003441661880181357,0.00235404125522376,0.009993350114167576,0.0003498449586447627
2023-12-15,-0.007367880437361585,-0.0002510161339319694,-0.005268560993075155,-0.012352028396660053,0.0011357184639273488,0.004433243972279399,-0.006440040229966637,-0.016783212886261722,-0.005132712312373666
2023-12-22,0.003984278245900308,-0.004399780012533938,0.002292261166219056,0.0007702321090015118,-0.00877632598698952,-0.005351063226329167,-0.00542374210936214,-0.007775417142797281,-0.006027011479794897
2023-12-29,-0.004847645219942409,-0.003231501832617667,0.0003424853050209009,-0.0012480741219471625,-0.007481737258222321,-0.0021268167059513843,-0.00367014543908184,-0.006526018375509146,-0.016731365302778745
2024-01-05,0.004057653603103617,0.004142722511225827,-0.0014669017942692264,0.010467766582710425,0.013255251216880204,0.00037883229908164395,0.0055944201853243,0.004355407581870363,0.011896389406302
2024-01-12,0.0048211021423538725,0.003295427115007854,-0.0035076335956176763,-0.0006333823208102274,-0.0016338819070682575,0.0059163789650833465,0.0034243387052578234,0.011880472387066021,0.00451337043927591
2024-01-19,0.0032382052798352046,0.004432631371237505,0.00365201447262109,0.020199043216639012,0.01511847890253204,0.004204656358706593,0.008006927201314351,0.016821433581464706,0.010940608168747534
2024-01-26,-0.0027093698188351834,0.010463688097978263,-0.00012031594982886418,-0.001624671398916533,0.002434250024591078,0.006584473809678748,-0.0009320881311625229,0.0024603717026345784,-0.005839292904614268
2024-02-02,0.0033821003324214782,-0.003380270590165324,-0.0013846748828969524,0.0007415369628933632,-0.0027521982017171265,-0.0046223948041062,0.001453678247678336,-0.0018271262988882597,0.0038010107249961678
2024-02-09,0.0007969812161041645,-0.005386238579665914,0.00030117942088025984,-0.002376357496781445,0.010124532804040909,-0.001248150225338307,0.002901032272247417,0.010495478375021072,0.0013699286912358666
2024-02-16,-0.0002909977779990136,0.0006972497299972957,-1.8068207483956655e-05,0.0012151216616640426,0.0029965551586563777,-0.0006514396600163508,-7.428040857637708e-05,0.0034047908374001956,-0.0011467891165066746
2024-02-23,-0.0011509635389022055,-0.002573921591091377,-0.001549056259608328,-0.002273930713148964,-0.00041855890781206107,-0.0015097578768799025,-0.001784387090563111,-0.000832755079353209,0.007240885295258792
2024-03-01,0.0004369674528781342,0.006906426892518525,-0.00026544882121548596,0.002423843389295577,-0.006573375343437826,0.0027141419800695843,0.0004835859854306346,-0.004104496353301013,6.32851311794802e-05
2024-03-08,-0.0021450521058792305,-0.01248674829028218,-0.0014128901383125836,-0.014670005140126285,-0.013256464346523611,-0.009549904606028115,-0.010918853570930975,-0.013757499219512415,-0.008037530363650625
2024-03-15,0.001548509261962927,0.00793040844641446,0.0016783389595280696,0.012771951762418077,0.0050475577579329745,0.0016369412647634363,0.006072437881605386,0.015081126150020996,0.009555173250110904
2024-03-22,0.00895225259146426,0.011876896010928562,0.007751324682256033,0.008769854606589966,0.006205214908470813,0.012822520137001803,0.008299111662616654,0.01210961758545226,0.009276941954409423
2024-03-29,-0.002299484662116047,0.0040495334043875175,-0.002025165461472689,0.0028097840532881335,-0.0024309053877460407,-0.004232170766769627,-0.0008898777005473257,-0.0006880418600867522,0.0006101997419967198
2024-04-05,-0.00025505895791577693,-0.0004092541871880684,-0.0005639413650451175,0.005470501508016312,0.004750602758597733,0.008411165037633062,0.0011863277138352557,0.008430192827366234,0.004790409635207826
2024-04-12,0.001969846837435396,0.0155033145731025,0.0033310398352845993,0.02171760115895971,0.004832957505459756,0.0011655836301249778,0.008595777199010335,-0.002254792387089477,0.005464494472078751
2024-04-19,-0.002618127193107389,0.005090139665959725,-0.002443275922164645,-0.0059192991447787335,0.0026586573747939823,0.01476940220827494,-7.346998754309553e-05,0.0084463413382041,0.0069119011289702215
2024-04-26,0.0024598563362907555,0.0005242399412033194,0.00023380664297256715,0.0001743843872263895,-0.003182848821508877,0.004546172220579514,0.0006977470399311958,0.004399181403513808,0.002518351504487981
2024-05-03,-0.01063379802433495,-0.015002657545924336,-0.00023380664297256715,-0.014983938857287882,-0.0062062998349361465,-0.010511757077513728,-0.009145955477699252,-0.005688759754421735,-0.009894814327862544
2024-05-10,0.006109059477874101,0.005113120740729116,0.0015097869395583885,0.009819469628388866,0.00025321263666344684,0.00810243060978344,0.00369795554904484,-0.00040758101236759714,0.005314066943591378
2024-05-17,-0.0004079558357961144,-0.005639024650173852,-0.002673638098001696,-0.012108357711712259,-0.011031785511776304,0.0015953115107212312,-0.007298085627451434,-0.018446026492933143,-0.008323454152340037
2024-05-24,0.004478386711787019,0.005016111389387845,-0.0028613870791156515,0.010273622228517354,0.00506427161167422,0.008505697268836876,0.0038964702791233208,0.014974864253144204,0.001490313241559349
2024-05-31,0.0007777040230381171,0.012298967879601719,0.004864290158169027,0.01270800000088812,-0.0010617966595360961,0.005550810894467517,0.0011844834076595867,0.00360704103611198,0.008495702870094046
2024-06-07,-0.0005161077334598918,0.002219456498917083,0.0004252502901582744,-0.0040826724340794485,-0.003085601213908662,0.004091937783520017,-0.0003329941756788357,-0.00013587879632304123,-0.0024023665613488454
2024-06-14,0.0013688220295826614,0.011971073315876879,0.0005148498368630072,0.0049852679989861315,0.006098162894868642,-0.0008170491364856147,0.002402470154469649,-0.0032666423495171237,-0.0009563916998449606
2024-06-21,0.0024372255168942925,-0.000424862988079866,0.00043083331007842673,0.0036741704217355675,-0.0016961014942311614,0.0028227950792656387,0.0005904930788643292,0.00197487210496039,-0.000463098756366076
2024-06-28,0.001295146124800528,-0.00721985205438358,-0.002731751096734847,-0.00902943933180822,0.0010180060687017267,-0.007508163394922107,3.6894242657681264e-05,-0.0006805499105726476,0.0022517321625659115
2024-07-05,-0.0013911496358598452,-0.004694901854792377,0.0018579233767059833,0.002181753153196908,-0.0018671368221652163,0.002554498029386565,-0.0038443103567896153,-0.005871927290943546,-0.00015406658788386096
2024-07-12,-0.00017145776865734597,-0.0017278223596601805,-1.7963372683560408e-05,-0.004375548935012574,-0.007931642187529953,-0.003127806677663436,0.00037028808836037097,-0.009979092480228768,0.0018164749995515095
2024-07-19,-0.0008645948951093718,-0.003137378334313823,0.0026252149184076146,0.010403120683283085,0.0030564395995293925,-0.00023968909015703588,-0.004266613777612505,0.005655577527267752,0.009033208481027177
2024-07-26,-0.003582988438682655,0.0047853316791162115,9.554976955872263e-05,-0.004211868677435504,-0.005993425192849955,0.0014030767320676318,-0.00174900035281772,-0.011621602854101187,0.0
2024-08-02,-0.015014077652891755,-0.006336078788770294,0.0007402013207915559,-0.018955078151964955,-0.03513272586898242,-0.010830616967058226,-0.0133102840513723,-0.01960364904189804,-0.0052568964852510724
2024-08-09,0.002926071691867538,-0.014323145313669627,0.0018898018948281248,0.005186649789481912,-0.016366243568536554,-0.009464916138508528,-0.0012463413944578394,0.0008511242445856659,-0.007474313128351895
2024-08-16,0.00011156589720995314,-0.015569165408299668,-0.0005063788954169368,-0.006668235282977442,0.0018743724648020432,-0.0031808199072056453,-0.003672507677138448,-0.01212568352004828,-0.003308957296872972
2024-08-23,-0.0063371036315369444,-0.013559138412588823,-0.0007391776389589211,-0.019590943141423622,-0.013057832205902065,-0.015577490813849515,-0.01117585771451629,-0.022644120149987845,-0.011872072136108525
2024-08-30,-0.005516362503669381,0.0013809839445162453,-1.1926698511466327e-05,0.004346054301985092,-0.01248966817961672,-0.00023116248158050468,-3.835753054676205e-05,-0.0013221685487141421,0.0026921287193868437
2024-09-06,0.000521979584110488,-0.0055678386967557,0.001275350745283177,-0.0008916897360888854,0.0022425940248285148,-0.0022700070726253685,-0.0026117698054334837,-0.012574130167755104,-0.0012512514145011089
2024-09-13,0.0011417618200446622,-0.0022332451048558966,-0.0007268697852840234,-0.0029730421232185833,-0.006719676789911366,-0.0026057251427209493,-0.001655087847265535,-0.011302938552954167,0.000187787550237406
2024-09-20,-0.006600730679634292,-0.0125570634431309,-0.004599851596376325,0.004658341100836516,-0.022928963674762493,-0.0037778459312365342,-0.003666329869579543,-0.004300108470590036,0.0015010322413031574
2024-09-27,-0.010205551921276257,-0.005801824141716594,0.002296596784642446,-0.021147042067241273,-0.018777865297210816,0.004358475260396233,-0.010259688937615086,-0.02124162995720713,-0.015429975178077981
2024-10-04,0.016306041276887395,0.03614420544801433,0.0038040769720941725,0.030376879751716324,0.022576810911248968,0.01238944476231385,0.019113051358039534,0.02712133934294947,0.02432721850259334
2024-10-11,-0.002822946770792756,-0.00417149786931148,0.0010646936145697339,0.002547564529989721,0.016219621240425752,0.010511173766553306,0.00045977012304165843,-0.0012032790802818383,-0.002108266422370164
2024-10-18,0.0061297582917665405,-0.00779446236213488,-0.0005887127876107456,0.012517206233600753,0.004025742228235929,0.004319736385752115,0.004128446230755811,-0.002561785608381939,-0.00569589289131045
2024-10-25,0.0015020392652234094,0.011352843343223284,0.00023195853399204935,0.014258086620851707,0.008486875549500672,0.014245832854457241,0.007221894629170611,0.01594166155783938,0.0007488533533517305
2024-11-01,0.0006730796451208665,0.008606622235399541,-0.00023195853399204935,-0.008155755650649965,0.008712254478848491,0.0018916136992039867,0.0033650333282504996,0.008355255823103036,-0.005881081798874366
2024-11-08,0.00858398331144028,-0.009047532306475148,0.003645630176976944,0.012201652936683516,0.00041080884273192453,-0.0014462061010673821,0.0005660270712054549,0.006897591186113772,0.010114024096124385
2024-11-15,0.005737266291700571,0.01770002561929651,0.0008886098580616064,0.002528446353358582,0.020842320177385965,0.006597867045989858,0.013489413178637666,0.018260053762909845,0.010289459977140591
2024-11-22,0.0030905528262663573,0.00032646911389910827,0.0002723488924534223,0.005486111246797876,-0.0010732493651610664,0.0032445224110269066,0.004085731642869905,-0.008219224353132049,0.0015051685404761095
2024-11-29,-0.0011992144515846626,-0.004693810408451071,0.0015852550966206636,-0.0051499443331852746,-0.0050462680676242044,-0.005492977546037281,-0.006209467980123395,-0.008287340248570363,-0.002304750340310413
2024-12-06,0.003923112132471873,-0.0005488387781973358,0.0012050044578337804,0.017031524310310076,-0.006722941894483192,-0.013632516598100608,0.000522037449397661,-0.006958970324303593,-0.0028961415319699313
2024-12-13,-0.00017174399195862833,0.010913706392477351,0.0014275856763612538,0.0084709485689487,0.0071725316514097415,0.01482550876358868,0.006058034248416666,0.003668651851139959,0.00323450416765958
2024-12-20,0.002703260651344408,0.012437006871216738,0.0016962932999833313,0.008496569902224138,0.012618111695273049,0.0016167877106152417,0.005395231297937952,0.00489498694294932,0.0037450927859401517
2024-12-27,-0.00015760387327024006,-0.002011675799050039,0.006148449994122451,0.01787333802408675,-0.007864846092432654,-0.014490773062616924,0.0009577486273786295,-0.007902287408702247,0.00559147155488926
2025-01-03,0.008699474562426035,0.0015368902914350002,0.003386587691130316,-0.002018603092134086,0.006576844315473451,0.0031007776782487895,0.009600308243967792,0.014946871536267281,0.0037407096217410007
2025-01-10,-0.0003941020639444126,0.0018731674320893177,0.00419975604930567,0.0021000772309296423,-0.0006001533905426459,0.008793354232540906,0.0006926344078738711,0.004260703322270576,0.00360579134713479
2025-01-17,-0.0026063390267403452,0.007518878526143524,0.00502577631304213,-0.011340985875682996,0.001999112171776396,-0.004220064352764119,-0.004053245402360461,-0.009484920689460274,-0.005915471753940693
2025-01-24,-0.013327905956111108,-0.01526841210895391,-0.004700769345745925,-0.01937890621419225,-0.029043013836457465,-0.00089070842897776,-0.015487035201162291,-0.023629232304485104,-0.005950672894624809
2025-01-31,0.007039350870926997,0.01048519382954538,0.004602580354963415,0.016835005388210256,0.01871582289801088,0.0010276701056026738,0.007294032375498083,-0.0002979959792592801,0.005402861084711219
2025-02-07,0.0018565018844907133,0.0014416605515847891,0.012855491624718773,-0.0004820073633871047,-0.0046068014821059045,-0.005622260016976632,-0.001735374371670484,0.004757312176024264,-0.0007004187572223763
2025-02-14,-0.007274407934648064,-0.00766150521675435,-0.01198367967302083,-0.009209512559356092,-0.0008788237848025293,-0.006147595731054167,-0.010774765210380788,-0.0012614552928651435,-0.004151663573624731
2025-02-21,-0.0003792515000033969,0.006747672237388258,-0.0005137574542892764,-0.003042298618834316,-0.003952976087448601,0.0033375155272548085,-0.0014953273814335422,-0.002453259231373739,0.0026578291723891034
2025-02-28,0.005893149870848768,0.01498155361561615,0.009430589490703412,0.018547768452910063,0.009954140384233812,0.001664589907798053,0.00919812096967998,0.019240577331931963,0.003958351188798392
2025-03-07,-0.007149154011011349,-0.01669493962944557,-0.0036444525531065253,-0.009020219012620068,-0.011381045714501603,-0.011109299696475006,-0.014111030024488214,-0.017753035220517077,-0.0030739756070126134
2025-03-14,-1.3811010137532165e-05,0.0035095936184497134,-0.0017697085749519559,0.0028895475794783465,0.007721697394498239,-0.002224520355708748,0.0034902739453407383,-0.0006691201320241369,0.004106657025478189
2025-03-21,0.0023037988365484097,0.012387131067393753,-0.010486918207367246,0.010228813882586785,-0.005796986922032232,0.0018933368072744372,0.001422635109467496,0.009621863885080018,0.002304497820870832
2025-03-28,0.0017759548701854477,0.0038220183647617034,-0.0057174151776910875,0.0016277608266248578,0.004018608379162014,0.0006971009597309674,0.00328677370662267,-0.0004420540851475252,0.004653419891731403
2025-04-04,0.0028843598523728975,0.025066474696041396,0.0006836128913993988,-0.006616052126640959,-0.00036056338418788414,-0.000374631362768163,0.0012297603517431588,0.017096931388979275,-0.0003015136005473096
2025-04-11,-0.0002880618941469848,-0.011853838721146204,0.006996169599919888,-0.023068857952516453,-0.00275357913342833,-0.006863985048441101,-0.017128465933613946,-0.02880857663177494,-0.02500779147207499
2025-04-18,0.0020283843614847807,0.0020615930280190042,-0.009376225049493314,-0.0021614801916873816,-0.0024439377646008342,-0.003630246632940981,-0.006537710009118902,-0.0028373049721950316,0.008374948883333122
2025-04-25,-0.0016991775411869803,-0.0009916482658631764,-0.0004626335644104529,0.012170875558069838,-0.009104007163917904,-0.009591466052421005,0.0028940273806845607,0.004699572261485763,-0.0017185298527673254
2025-05-02,-0.010921459659961386,-0.023783020038305125,-0.01025613784915791,-0.03329289669821911,-0.027091628496726416,-0.011787252923388891,-0.017065587785389247,-0.01840151063597517,-0.059738136060157654
2025-05-09,0.0034879652239683256,0.004970379186916674,0.010537257174449088,0.0037027927813628736,0.010260095848200868,-0.0025672104933640583,0.003397949056725358,-0.0009859315955451642,-0.017431784927810945
2025-05-16,-0.0038277227513057177,-0.0015509702729801234,0.0027776577366518396,0.001600057486268014,-0.001628968060108038,0.007073137746617775,0.002540906083122907,0.014912160651697093,0.0020549541552479234
2025-05-23,-0.005040561030782431,-0.014031161741298703,-0.005392774122027433,-0.024208100380854525,-0.014592291960091819,-0.008445016261733329,-0.011757561188046939,-0.02897214621999611,-0.007711266025025587
2025-05-30,0.0039442294680551715,0.004943733809222195,0.004346941435871443,0.009352426455445872,0.005961164171998989,0.00819422357639965,0.003456515471215893,0.010563478509569624,-0.0027398192821395106
2025-06-06,-0.0012156958228901615,-0.0018004671379383552,0.002498833621606522,-0.013955122902811645,-0.005961164171998989,0.0016290292978915488,0.00011630386335781395,-0.0028213065341891053,0.002673083655300612
2025-06-13,-0.0010849533352061957,-0.001116201596390809,0.004456682789777844,0.005414031796287411,0.00337371888774074,0.0049157245731841215,-0.006299845840498641,-0.01059348204106847,-0.013640392911851595
2025-06-20,-0.000716993114865172,0.007677768628267856,0.005522860909400684,0.0024373525209009372,0.001811914418037519,0.01917160589775513,0.003893479455166049,0.011967003813662114,-0.00010148678143373502
2025-06-27,-0.0008708283520750815,-0.011538872239695408,-0.012928597322249935,-0.008064441803107947,-0.005351072962040959,-0.010108541377221947,-0.008193888756697937,-0.005888893160785891,-0.016200071220636936
2025-07-04,-0.0011995008167959842,-0.002331247779416401,0.00010526438915370306,0.0010721735304342062,-0.0019637307719426733,-0.004277665476783987,-0.001293737316586413,-0.006155286033967755,-0.00434169042858068
2025-07-11,0.0007603157420288387,0.0014006339077372587,0.003683116422600996,0.009656335532807425,0.0073148037339836325,0.0007260171198542054,0.00442314059024293,0.00023150827745466174,0.008938453351092335
2025-07-18,0.0009269423764086682,0.005006468418866206,0.003524468435711192,0.009484778731592591,-0.002283079145939615,0.009074872191866312,0.0027302173829778786,0.0,0.00593757076244783
2025-07-25,-0.0015965478921928788,0.0026957992517253615,0.00472050062348206,-0.004416483811819916,-0.0050317245880440176,0.00238278898919031,-0.0018713455753503194,0.0007713074042237089,0.003498228982268703
2025-08-01,0.0038510735529837525,0.0037131854488414717,0.008635945265633715,0.004330073304248394,0.01329196773486152,0.009873398739483008,0.006922057582610747,0.0033098594662681613,0.007330247155311387
2025-08-08,-0.0004657969557138042,-0.009536627540796871,0.0024145894057383543,0.0010724015983800683,-0.00840163586532805,-0.016122760790826973,-0.003960708785045897,-0.006708070953916678,0.0055044778844703934
2025-08-15,-0.0006747474300834444,-0.004206066134051056,-0.00014288204539969485,-0.002441563957095383,-0.007071512942450342,0.0037613191369620935,-0.0027272389990005974,0.0041689244352403065,0.004275223612569601
2025-08-22,-0.001964226642896527,0.00258617375209802,-0.0029307237306603895,-0.004104289246045667,0.003175358118302274,-0.010750184000134944,-0.0005853772923699319,-0.003240993654150426,0.010179976829829407
2025-08-29,-0.006793014862029878,0.013397294414341232,0.010923524979227217,0.00681916764591417,-0.00044962433461726015,0.012861913642407963,0.0017161359958961786,-0.0016244443719153345,0.008835517563696715
2025-09-05,0.0004281107398362849,-0.003808646259514603,-0.00019847626997826495,-0.0018715408959719682,0.0010409274656479894,-0.008129590178191926,0.0006622645794168991,-0.0073818276848127695,-0.004161689030512505
2025-09-12,-1.4033512026889738e-05,0.0014398499186860647,0.0008933997855073983,0.003172356424709477,-0.0061667099270961145,0.008348394196306508,-0.0006232956960653957,-0.010348163838769242,-0.003816421806076331
2025-09-19,-0.0012286954556974816,0.014351721277988005,-0.0016241318662970627,0.0031623243962064507,0.0009036646592455178,-0.001331068378742195,0.0010126583143862944,0.0038538724013537085,-0.003400970737811093
2025-09-26,0.0034085442902447305,0.004461321688403075,0.0069881233394033515,0.008859865577493409,0.00360651461003747,0.019189382776998443,0.006247958699416578,0.011240458681737842,0.00836604464504287
2025-10-03,-0.0007634577299699963,-0.007910877660542326,0.0003550009813890753,-0.0022662939469677568,-0.0034163734296386306,-0.004160660680706307,-0.0026341289683878277,0.004337393524427746,-0.0027589848677651574
2025-10-10,-0.00018219531387986265,0.0002532515706086258,-0.001060869301988454,0.012875593039336053,0.0035347880942488974,0.006496127332774826,0.006919105317647722,0.011602573587992993,0.005804722374290527
2025-10-17,-0.0007291133883948753,-0.0012367167655238376,-0.00721005530737262,-0.0018061392544517219,0.0008994935038137974,-0.0026277838699151346,-0.0015806013429658372,0.002594035177046816,0.00274303799986253
2025-10-24,-0.0002062111651714993,0.002839155706709562,-0.0023955894411749057,0.012429119900843943,-0.0007574144128807969,0.008860411096501153,0.002343022490491342,-0.003205375559834245,0.005560899519068574
2025-10-31,-0.0007691077326381635,0.0018282200398953563,0.010836644448573018,-0.0075033126565635655,-0.008274138362237338,0.0003919797584117646,0.0019150390206232326,-0.01137773651461993,-0.002175148978695418
2025-11-07,0.0006217880043661861,0.0029158212850681764,-0.0009355117536715696,0.023437708160397364,-0.002797271497521514,0.006521762246388008,0.00026120693115133653,0.0023167822548995076,0.007447256282007153
2025-11-14,-0.004145060342215734,0.0018614344401157723,8.344261689963162e-05,-0.006138291572704624,-0.010590259754766684,-0.0001185064799038571,-0.002438022026936326,0.00013883639695588812,-0.0096206326369348
2025-11-21,0.0018609344387012783,-0.00019735130689646496,0.010745176222741293,0.014716541937348282,0.0035505997230236286,-0.004003601798794776,0.007556179633801452,0.0013873048437682556,0.022725140363453633
2025-11-28,-0.005871869988854916,-0.004207453748678702,-0.003301761982314133,-0.005894748185827581,-0.0035505997230236286,-0.003311670055111904,-0.01027036677452381,-0.010701086266687199,7.004361809981319e-05
2025-12-05,-0.00021504828765772643,0.0024954423161869244,0.006537064654281721,0.003600811179365948,-0.005337486590657914,0.005162783374211166,-6.177176877691926e-05,-0.00899279603746983,-0.004294453809533305
2025-12-12,-0.0018779773788928367,-0.0021591544506058824,0.007596495946867066,0.004744935220504232,-0.003362658204046909,0.0018053529790647005,-0.0026056077801944744,-0.00837709493625649,0.000997088711642391
2025-12-19,-0.0027695756378336434,0.004594597010825652,-0.011501325678789698,-0.00033141361736976904,-0.0051388832042558175,-0.007087527119394643,0.0006501045039737363,-0.004016165282683559,0.007760474091984548
2025-12-26,-0.004516449234274633,0.0012304238749347718,0.001681892949414454,-0.025243746327666905,-0.006769673216446392,0.0020702618223511493,-0.007003079839483922,-0.013483422310549553,-0.004654148600368835
2026-01-02,-0.005062091444943739,-0.0027616070726921293,0.004079200760517487,0.002272948742340297,0.0013576058857764917,0.0009782614098972076,0.0015103508597221482,0.013197071688166417,-0.001156568593475793
2026-01-09,0.000899476083582762,0.008161120722427029,0.0021751382171801836,0.010582692223191081,0.004553013464254629,0.008002718737023962,0.0011662352918411223,-0.0021661923320070997,0.00859284438657859
2026-01-16,-0.0010401371910184753,0.004472504560112611,0.005264123420412048,0.010092250773616307,-0.0036900410874538547,0.002434659276388196,0.001979483884794686,0.004851482852490818,-0.001236600360940976
2026-01-23,-0.000627474650582327,-0.005767633749064416,0.011834833491700003,-0.006516630888163455,-0.012574102651137009,-0.005196613656647919,-0.009490487315141488,-0.012647077104253501,-0.001368049919171721
2026-01-30,-0.001550990738331981,-0.0020649791169660148,0.0006333956420396802,-0.01402680556254321,-0.01546792072158043,-0.003813370043193487,-0.006479835111873389,0.01188512392750729,-0.001525427518488609
2026-02-06,-0.0029822384552462555,0.0037696852898569944,-0.014551346114213715,0.012756634601606365,0.0005574701137682769,-0.007935906901355594,0.0017556640406278246,0.0010792623972410986,0.003934094816883338
2026-02-13,-0.003628115338247584,-0.001300540887564594,4.415634879961772e-06,-0.012832767862534844,-0.010107911349386267,-0.009579325657577797,-0.005806218534713581,-0.012514529307425803,-0.006890081407469495
2026-02-20,-0.0010837580803175761,0.002202206063110168,0.002515946487932297,0.0010791666561047464,-0.0012290675997959077,0.0019680627845675147,0.002378629814399541,0.0005459830238563335,0.004940806230500083
2026-02-27,-0.005453969599879427,-0.0046356085222285515,0.002691945587433686,-0.0043931139065662705,-0.0026938634724615884,-0.0037928413555263774,-0.0016351941585196483,-0.004166639179311371,-0.007193852539261858
2026-03-06,0.005372785353637832,0.010871571998126939,0.009123598312345216,0.031135228930710745,0.014030842421643763,0.02466622158653564,0.011562548986543741,0.026864224955104987,0.015317066537013257
2026-03-13,0.0007159337588846792,-0.002365678138218641,0.006271170496467526,0.009026547693664178,-0.002536462995908595,0.009079507518796603,0.0024041475299066417,0.016776253642541317,0.007668101183831766
2026-03-20,0.0006227642242202514,0.0015168016695028541,0.013531456799712238,0.0036091987078492593,-0.0003302132445515138,0.003708905614902669,-0.00022611821400569942,0.014965088241967628,-0.002313013050458057
2026-03-27,0.0012863003569896225,0.0013613903605182998,0.012499844693742546,0.004006771754036187,0.01882479588071595,0.008088334343769432,0.003852609554126085,-0.0020088579097325976,-0.00019064853375594382
2026-04-03,-0.004473722753776999,0.0012830776786163511,-0.02425074773338931,-7.282766660043904e-05,0.004725789170675787,-0.0015229773835008231,-0.00038847926397794774,-0.004534739695019496,0.0005437211282108834
2026-04-10,-0.008972765667347504,0.0047471739655762235,0.0032945124002212722,-0.018672145474381452,-0.01618486169113309,-0.007950410289297771,-0.011017716177940895,-0.01932987155750654,-0.008272067069664768
2026-04-17,-0.001603132097157678,-0.00021076789848706312,-0.006174368062875857,-0.015314797117082612,-0.0037393610868077243,-0.0068028613087749434,-0.0037076000955795496,-0.008964312721338796,-0.010290045900003708
2026-04-24,0.0032739297753663354,0.009487250647183032,0.01964096943127025,0.013586398290972745,0.0035375905496657367,0.02058428822696623,0.007111818648746604,0.018235501214772576,0.002317365535603688
2026-05-01,-0.0013118020123394913,0.0035259722088163414,0.006159095058451136,-0.008959781915848453,0.0018144708992671177,0.008634279778638287,-0.004512696161037277,0.0008652658141823366,0.003299877941516982
2026-05-08,-0.004150227231260795,0.002799174196130849,-0.003828571152205029,-0.003346517625885781,-0.012796485224149778,-0.011834652037458149,-0.003080306999697413,-0.004504477257690986,-0.008718633937754294
2026-05-15,0.002105893530570224,0.014373917111676349,0.0157370382175257,0.02444296586588912,0.008962066661677204,0.017801319989986908,0.009728444064522057,0.012518856741321471,0.007303017266897971
2026-05-22,-0.0021735672608309553,0.005128289016182563,-0.0031397888504889337,0.01305257393733239,0.0031039859375909806,-0.00030033077195668056,-3.12556162461175e-05,0.0009800769532311016,-0.004115702619984951
2026-05-29,-0.005168480892223881,0.006383425951662858,-0.010539499416561071,-0.009021801401675411,-0.0010840382743855237,-0.0027233242993034423,-0.003428413765472371,-0.006156700059977371,-0.001251403215395186
2026-06-05,0.003144981699523486,0.01777898824315116,0.006643632820400036,0.03262079462319356,0.016386632228275078,0.004029511837712718,0.010591600855121536,0.009625185427030392,0.005075499653798499
2026-06-12,-0.002973450800621169,-0.018728567886743264,-0.001700155293848482,-0.024660434969903555,0.007293437361772348,-0.014948205642826728,-0.004494354640755149,-0.0018626243953634436,0.0018781013582360728
2026-06-19,0.00317539551415158,-0.00027549061397813546,-0.008073569321959795,0.009617194567953291,0.018741855104441152,-0.0009633475835899574,0.006803645521631374,0.006640697000384943,0.0009424713686656538
2026-06-26,0.0026568572440894833,0.003541853378893123,0.0008774561119633262,0.0029421283466737336,-0.011501227042299833,0.009722503749705957,0.0014773165033050706,0.013180507804006147,0.0075707120725527766
2026-07-03,-0.00262443196592943,0.006929446488401325,0.008733523381771136,-0.0015776267166005553,-0.004117047426874798,0.0034936738211364116,-0.0018644092865356954,-0.00613130076574997,0.002437863909968918
2026-07-10,-0.00042603407885044575,0.0053331979844291055,0.0018820247071076324,-0.01943420475624258,0.0001964347106451214,0.0008288707517509764,0.0002013069473179585,0.00386649796783356,0.004400031456640363
2026-07-17,-0.0004866969596397652,-0.0066249863998830705,0.009194327875490238,-0.011245506795735771,0.0058263524999278005,0.001590806127314437,-0.0002864874720041044,0.009861570797632613,0.009255017646439434
2026-07-24,-0.0010553233921755112,-0.0016394086188693535,0.001041060751119538,-0.018564318141727654,-0.0014900766115826247,0.0025756301445554186,-0.0005577244985618957,0.0018271356940342542,-0.001677777570547434
