date,CNH,IDR,INR,KRW,MYR,PHP,SGD,THB,TWD,BRL,MXN,CLP,HUF,EUR,JPY,CAD
2013-01-04,,,,,,,,,,,,,,,,
2013-01-11,,,,,,,,,,,,,,,,
2013-01-18,,,,,,,,,,,,,,,,
2013-01-25,,,,,,,,,,,,,,,,
2013-02-01,2.8811,-0.013599999999999834,-2.3736000000000006,2.3264,3.4328000000000003,-1.2135999999999998,-1.9086,0.04170000000000029,1.6194,-0.5914000000000006,2.0588,5.8164,2.7640999999999996,-0.6015999999999999,1.7086000000000001,1.9154
2013-02-08,1.4444000000000004,-1.0600999999999996,-0.37010000000000076,2.3199,3.0000999999999998,-1.2000999999999997,-1.9654,0.21160000000000023,1.8582,-0.057200000000000806,2.0091,5.969899999999999,2.9165999999999994,-0.6309999999999999,1.6752000000000002,1.9087
2013-02-15,1.1894,-1.0975999999999997,-1.0476,2.4924,3.1155999999999997,-1.8175999999999997,-1.9457,0.4742000000000002,2.2274000000000003,-0.9892000000000003,2.1151000000000004,6.0524000000000004,2.4234000000000004,-0.6278999999999999,1.6594000000000002,1.9163000000000001
2013-02-22,1.1461000000000001,0.48340000000000005,-1.1266000000000007,2.3234,3.0132000000000003,-1.2965999999999998,-1.9668,0.09060000000000024,1.1604,-1.0673000000000008,2.0282,5.743399999999999,2.6888,-0.6545999999999998,1.6618000000000002,1.8915000000000002
2013-03-01,0.6177999999999997,-1.6225999999999998,-1.1925999999999997,2.8074,2.6799,-0.6726,-2.8665000000000003,0.6140999999999999,-0.5671999999999999,0.29410000000000025,2.0958,6.2974,3.7125000000000004,-0.12949999999999992,2.4908,1.6119
2013-03-08,1.0609000000000002,-0.4775999999999998,0.6824000000000012,2.7723999999999998,2.7359999999999998,-0.007599999999999829,-2.8367000000000004,1.0252000000000003,-1.2608,0.1991000000000005,1.9030000000000005,6.452400000000001,3.9672,-0.0361999999999999,2.5601000000000003,1.7095
2013-03-15,0.7982999999999996,0.6072000000000006,0.47719999999999985,2.8072,3.5359000000000003,-1.7127999999999999,-2.8320000000000003,0.6647999999999998,-0.7597999999999999,-0.3167999999999993,1.8716000000000004,6.007199999999999,3.8830999999999998,-0.042099999999999915,2.5723000000000003,1.7166000000000001
2013-03-22,1.0820999999999996,2.0104000000000006,0.7004000000000001,2.8204,3.62,-1.6196,-2.7964,0.5576000000000001,-0.2702,0.46250000000000124,2.0061,6.170399999999999,3.8600000000000003,-0.0830999999999999,2.5477000000000003,1.6908
2013-03-29,0.6071999999999997,2.4244000000000003,1.1144000000000016,2.7344,0.19520000000000004,-1.5756,-2.8629000000000002,0.6381000000000001,-1.3898,-0.49019999999999975,1.9584000000000001,6.1044,3.6467,-0.03809999999999991,2.5615,1.685
2013-04-05,1.2998999999999998,1.6504000000000003,0.8704000000000001,1.7204,1.7809000000000001,-0.9896000000000001,-1.9308,1.3681999999999999,-0.35640000000000005,0.20480000000000054,0.6978,5.3204,3.5707000000000004,-0.32849999999999996,2.2814,1.4281
2013-04-12,0.8926999999999998,-2.0555999999999996,-0.8555999999999999,2.0944,2.1319999999999997,-2.5356,-1.9287,0.8794,-0.15060000000000007,-0.6825000000000001,0.5701999999999998,5.7344,3.8859999999999992,-0.3272999999999999,2.2963,1.4528
2013-04-19,0.7806,-1.5100999999999996,-3.2500999999999998,1.9899,1.5679,-0.9501000000000002,-1.9199,0.8198000000000003,-1.0771,0.20139999999999958,0.3397999999999999,6.1598999999999995,3.2076,-0.3243,2.3096,1.4281000000000001
2013-04-26,0.9688999999999999,-1.2615999999999996,-3.9415999999999998,1.4284000000000001,1.8564999999999998,-0.5216000000000002,-1.916,1.9383999999999997,-1.8881000000000001,-0.16139999999999954,0.3435999999999999,5.1784,3.5919999999999996,-0.3287,2.3230999999999997,1.4471
2013-05-03,0.0636000000000001,2.4314000000000004,-3.5586000000000007,1.5714,2.4545000000000003,-1.5686,-0.2944999999999999,1.5836999999999999,0.23990000000000003,0.6505999999999998,-0.32950000000000035,5.5214,3.3484999999999996,-0.20699999999999985,1.7185000000000001,1.6252000000000002
2013-05-10,1.2625000000000002,-2.2266000000000004,-1.0566000000000004,2.1734,0.6932,0.7833999999999997,-0.31769999999999987,1.1057000000000001,2.0493,0.7509999999999994,-0.4018999999999999,5.833400000000001,3.5730000000000004,-0.19009999999999988,1.7513,1.6166
2013-05-17,1.5006,5.570400000000001,-2.1496000000000004,1.7304,2.3792999999999997,1.1103999999999998,-0.2214999999999999,2.0509,3.1146000000000003,1.646799999999999,-0.3536000000000006,6.090400000000001,3.4101,-0.20139999999999986,1.7670000000000001,1.6581000000000001
2013-05-24,1.2043,6.782399999999999,0.04239999999999977,1.7524000000000002,1.7099,1.8423999999999996,-0.21519999999999995,2.346,0.8675999999999999,2.5436000000000005,-0.14400000000000057,5.952400000000001,3.625400000000001,-0.1607999999999999,1.7652,1.7062
2013-05-31,1.7557999999999998,21.2924,1.8124000000000002,2.3324,2.6564999999999994,2.8024,-0.07340000000000019,2.2733,2.6912,2.104400000000001,0.34799999999999986,6.5724,3.5496,-0.05610000000000001,1.6884,1.6929
2013-06-07,2.3125,25.3659,1.4859000000000009,2.5159,1.1855999999999998,1.7459000000000002,-0.14310000000000017,2.4432,0.15029999999999988,2.7458,0.5390999999999999,6.8959,3.5802999999999994,-0.05460000000000001,1.6631,1.7286
2013-06-14,2.8099999999999996,20.0409,-0.2090999999999994,2.1609,2.0622,-0.9390999999999999,-0.13550000000000018,2.8495,-0.007800000000000029,2.7063000000000006,0.27190000000000003,6.7009,3.7456999999999994,-0.0368,1.651,1.7079
2013-06-21,5.2286,37.3671,1.7871000000000006,2.3671,5.0671,6.9771,-0.12410000000000018,2.773,2.3072,2.2036000000000007,0.23660000000000014,7.1371,3.5244,-0.05170000000000001,1.6298,1.6021999999999998
2013-06-28,2.8139,15.0181,0.9681000000000006,2.3781,2.1135,-0.8418999999999999,-0.14940000000000017,2.461,-0.2854000000000001,3.4807000000000006,0.10260000000000025,7.0181,3.3903,-0.022199999999999998,1.6875,1.6860999999999997
2013-07-05,1.8196999999999999,21.3262,1.2762000000000002,2.3662,0.0766,0.2662000000000001,0.08789999999999998,2.4084000000000003,2.4079,3.4453999999999994,1.0023,6.7762,3.7095000000000002,0.18749999999999994,1.5602,1.6083
2013-07-12,1.5609,15.097700000000003,5.097700000000001,2.6477,2.0511999999999997,-1.2023,0.08229999999999998,3.0826000000000002,0.5018000000000002,3.4659999999999993,0.9407999999999999,6.5277,3.6466000000000003,0.17949999999999994,1.5454,1.6377
2013-07-19,1.8743999999999998,23.8294,1.5294000000000016,2.5694,2.6055,-1.1505999999999998,0.0905,1.3703,1.2096000000000002,3.3726000000000003,0.9628999999999999,5.9994000000000005,3.6553000000000004,0.19849999999999995,1.5509000000000002,1.6375
2013-07-26,1.4298999999999997,16.6594,0.5494000000000012,2.7594,2.4593,-1.9906,0.0814,3.0816999999999997,0.7371000000000002,3.4985999999999997,1.2069,6.0994,3.2424,0.20839999999999995,1.5457,1.6014
2013-08-02,1.6206999999999998,7.1944,3.6144,2.6544,3.3529999999999998,-0.38559999999999994,0.18830000000000008,3.5152,3.3484,3.6403,2.0799999999999996,5.9344,3.5506,0.40969999999999995,1.2607,1.6946
2013-08-09,1.5644999999999998,10.494399999999999,2.6944,2.5744,3.0374,-0.9056,0.1859000000000001,3.3098,1.0892,3.8146000000000004,1.8990999999999998,5.884399999999999,3.8327,0.4123999999999999,1.2558,1.683
2013-08-16,1.2226,15.104499999999998,6.7445,2.6145,2.6415,1.0145000000000002,0.20900000000000007,3.6059,0.6364000000000001,4.4183,1.9207999999999998,5.484499999999999,3.6121,0.4008999999999999,1.2505,1.7032
2013-08-23,1.2784999999999997,17.1134,6.923400000000001,2.6934,3.101,-0.4265999999999999,0.1876000000000001,5.481300000000001,0.30179999999999985,4.553500000000001,2.0168,6.093400000000001,3.9071,0.3921999999999999,1.2516,1.7309999999999999
2013-08-30,1.5255,13.1919,20.4919,2.9819,0.9579000000000001,0.07190000000000007,0.1920000000000001,5.6132,0.44830000000000014,4.680400000000001,1.9577,6.241899999999999,3.6007,0.4164999999999999,1.2705,1.7293
2013-09-06,0.7446999999999999,17.1704,4.7204,2.5504000000000002,3.6267,-1.1996,-0.3745,3.5317,0.35780000000000034,4.347100000000001,1.2658,5.1204,3.4633000000000003,0.20509999999999995,0.5584,1.4376
2013-09-13,0.367,-10.5816,7.798400000000001,2.6683999999999997,2.6794,-1.4816,-0.403,2.2803999999999993,0.8719000000000003,4.235199999999999,1.3493,4.978400000000001,3.3827,0.21709999999999996,0.5501,1.4148
2013-09-20,0.05989999999999984,-36.9306,5.6494,2.2994000000000003,0.4661000000000002,-4.1606,-0.4214,1.1079999999999999,-0.6875999999999998,4.261700000000001,1.1697000000000002,5.0694,3.1259000000000006,0.22889999999999996,0.5207999999999999,1.4062
2013-09-27,0.008599999999999941,-15.4466,4.9734,2.6934,2.4952,-2.6966,-0.427,3.5020999999999995,0.8018000000000003,4.8765,1.0028000000000001,4.3834,2.9018999999999995,0.22319999999999995,0.5307999999999999,1.3905999999999998
2013-10-04,-0.7806,-26.239099999999997,1.4208999999999996,2.6909,0.5253999999999996,-11.049100000000001,-0.30100000000000016,2.023,-1.3474,4.9597000000000016,0.8993999999999995,5.1509,2.3994999999999997,0.11509999999999987,0.017199999999999868,1.1221999999999999
2013-10-11,-0.8937999999999999,-41.9316,-0.4416000000000011,2.6384,1.9816,-2.0115999999999996,-0.33450000000000013,3.3567,-3.2443999999999997,4.0877,0.8407999999999998,4.9483999999999995,2.2314,0.08999999999999986,0.007199999999999873,1.0891
2013-10-18,-0.7834999999999999,-20.0201,0.22989999999999888,1.7699,-1.6932,-5.0401,-0.3290000000000001,0.9264000000000001,-2.8393,5.0771,0.7851999999999997,3.8299000000000007,2.2626999999999997,0.09839999999999988,0.02019999999999987,1.0787999999999998
2013-10-25,-0.5993999999999999,-28.0061,1.1439000000000004,2.5239000000000003,2.0118,-4.0261,-0.32890000000000014,3.3968,-2.542,5.1449,0.7956999999999996,4.273899999999999,2.4056999999999995,0.12909999999999988,0.04079999999999988,1.1173999999999997
2013-11-01,-0.9939,-25.6261,4.2339,3.0839,-1.2752999999999997,-0.9660999999999998,-0.9243,1.9762,-1.0857,5.2202,0.6065999999999998,5.2039,2.6312,0.33420000000000005,-0.16660000000000008,1.329
2013-11-08,-1.0401,-14.3656,5.814399999999999,3.0444,-1.1363999999999999,-1.5956,-0.9268,3.2334,-0.35930000000000006,5.196199999999999,0.9480000000000004,5.1244,2.9717000000000002,0.33930000000000005,-0.13950000000000007,1.3183
2013-11-15,-1.0018000000000002,-21.7566,5.263399999999999,2.6734000000000004,-0.04999999999999982,-3.9966,-0.9119999999999999,2.9291,-1.4889000000000001,4.361000000000001,0.8658000000000001,4.6434,2.6142000000000003,0.34220000000000006,-0.1448000000000001,1.3135
2013-11-22,-1.1722000000000001,-16.2866,1.8034,2.5434,0.16910000000000003,-4.2566,-0.9208,4.6263000000000005,-1.7974999999999999,4.681000000000001,0.9246000000000003,3.9534000000000002,2.5557000000000003,0.37110000000000004,-0.14820000000000008,1.3414
2013-11-29,-1.237,-9.1756,0.11439999999999984,3.0044,-0.23909999999999965,-4.2456,-0.9066,5.9032,-0.527,4.7135,0.31400000000000006,3.3744,2.1768,0.42460000000000003,-0.3055000000000001,1.3203
2013-12-06,-0.9122,2.4119,0.5818999999999992,2.6919,0.4870000000000003,-0.1281000000000001,-1.3146000000000002,5.588900000000001,-0.9445,5.4918000000000005,0.17359999999999998,3.5919000000000008,2.5127,0.47879999999999995,-0.5750000000000001,1.3266
2013-12-13,-1.0093,-2.6626000000000003,-1.1326,2.1874000000000002,-0.2683,0.45740000000000003,-1.3176,4.2716,-1.7302,5.736200000000001,-0.19869999999999965,3.8174,2.3651,0.5226999999999999,-0.5378000000000001,1.3064999999999998
2013-12-20,-0.8665999999999999,-5.0981000000000005,0.2518999999999991,2.2519,-0.13060000000000005,-0.8581,-1.3182,5.2719000000000005,-1.3128000000000002,5.6572000000000005,-0.1679999999999997,3.1019000000000005,2.2934,0.4749999999999999,-0.38950000000000007,1.3039999999999998
2013-12-27,-1.1689,2.6903999999999995,-2.0496,2.9404,0.01220000000000021,-1.3896,-1.3228000000000002,4.8691,-2.0807,6.0249000000000015,0.22680000000000033,3.2504,2.3630999999999998,0.5163,-0.3541,1.2589000000000001
2014-01-03,0.03190000000000004,-0.23960000000000026,1.9903999999999993,3.0404,0.43290000000000006,0.07040000000000024,0.07170000000000001,6.2233,1.6765999999999999,6.062899999999999,0.5162,2.9804,3.2432000000000003,0.8089,-0.14490000000000008,1.2925000000000002
2014-01-10,0.10850000000000004,-13.4346,-1.8946000000000005,2.8853999999999997,0.2596999999999996,-3.5446,0.0901,2.8745,0.3113999999999999,6.445300000000001,0.23069999999999968,3.0954,3.3717,0.8394999999999999,-0.14950000000000008,1.302
2014-01-17,1.2879,-20.6881,-1.4981000000000009,2.8819,-0.22550000000000026,2.0719000000000003,0.11259999999999999,3.2719,1.2524,6.090299999999999,0.5107999999999997,3.2319,3.3861,0.8841,-0.14960000000000007,1.2852000000000001
2014-01-24,0.9884000000000002,-4.7111,1.8388999999999989,2.9989,1.0031999999999996,4.9189,0.1276,3.2645,2.0898,6.699999999999999,0.5034999999999994,3.1088999999999998,3.2203,0.844,-0.1731000000000001,1.2864
2014-01-31,0.4838,0.15939999999999976,4.8994,3.7294,-1.4068999999999998,0.3093999999999997,0.2734000000000002,7.0939000000000005,-0.39049999999999996,5.3987,0.19639999999999969,3.319400000000001,4.6311,0.9065000000000001,0.14080000000000018,1.0782
2014-02-07,0.22770000000000024,-16.5696,0.7603999999999997,3.1704,0.8645999999999998,-2.4696000000000002,0.2815000000000002,3.0587999999999997,-0.6088999999999999,6.3612,-0.051600000000000534,2.8704,3.922,0.9425000000000001,0.13700000000000018,1.0606
2014-02-14,-0.03299999999999992,-17.154600000000002,-0.35460000000000047,2.9854000000000003,0.26330000000000053,-4.7946,0.2779000000000002,1.9110000000000003,-1.0311,6.8866,-0.04150000000000009,3.2854,4.1165,0.9353,0.1349000000000002,1.0939
2014-02-21,0.5182,-8.3846,-0.8446000000000007,2.8954,0.48190000000000044,-2.2346,0.27720000000000017,2.6003000000000007,0.47350000000000014,6.077200000000001,-0.0013000000000000789,2.8853999999999997,4.0274,0.9366000000000001,0.1383000000000002,1.07
2014-02-28,0.7849000000000002,-6.1766000000000005,3.6034000000000006,2.3034,0.4135,-1.0966,0.8084000000000001,1.9315000000000002,0.19990000000000008,6.069100000000001,-0.24800000000000022,2.0934,3.2385,0.5409000000000002,-0.4611999999999999,0.9832000000000001
2014-03-07,0.37440000000000007,-5.3706000000000005,-0.23059999999999903,2.3994,-0.12519999999999998,-2.4906,0.7765000000000001,2.6297,0.0909000000000002,6.657,-0.24110000000000031,1.9294000000000002,3.2566,0.5807000000000002,-0.4637999999999999,0.9533
2014-03-14,0.4154,-5.272600000000001,1.9074000000000009,2.2174000000000005,0.07380000000000031,-1.3526,0.7773000000000001,2.6301,1.6433,5.390499999999999,-0.14760000000000018,1.6174000000000004,3.559,0.5444000000000002,-0.4795999999999999,0.9697
2014-03-21,0.08910000000000007,-2.2741000000000007,2.3359000000000005,2.3159,0.10810000000000031,0.26590000000000025,0.7935000000000001,1.8443,2.4053,6.9602,-0.18770000000000042,1.6458999999999997,3.1802,0.5786000000000002,-0.4911999999999999,0.9450999999999999
2014-03-28,0.021499999999999964,-4.583600000000001,0.2364000000000006,2.1164,-0.28069999999999995,-3.0636,0.8013,1.6553,-0.0976999999999999,6.7308,-0.20350000000000046,1.6363999999999996,3.0704,0.5815000000000001,-0.4816999999999999,0.9657999999999999
2014-04-04,0.4144000000000001,-0.5726000000000004,4.0274,2.0473999999999997,0.2654000000000001,-0.8926000000000001,0.3909,2.1111,-1.6070000000000002,7.295999999999999,0.6136000000000004,1.9574000000000003,3.6589,1.2231,-0.1864000000000001,0.9863999999999999
2014-04-11,0.3924000000000001,0.48739999999999917,3.6774000000000004,1.9474,0.5603000000000002,-0.9826000000000001,0.37040000000000006,1.8918,-1.8234000000000001,7.4224,0.7871000000000006,1.9574000000000003,3.6517,1.2006999999999999,-0.19990000000000008,0.9826999999999999
2014-04-18,0.45520000000000005,-1.1476000000000006,2.6824000000000012,1.9724,0.22289999999999965,-4.0476,0.37900000000000006,1.4261,-0.6130000000000001,6.749600000000001,0.7629000000000001,2.2624,3.5265999999999997,1.1647,-0.2008000000000001,0.9822
2014-04-25,0.5650000000000002,-2.7431,2.0769,2.0768999999999997,0.2554999999999996,-1.3031000000000001,0.3991,1.1002999999999998,0.3880999999999999,7.0116,0.8500000000000005,1.8869000000000002,3.5982999999999996,1.2328000000000001,-0.2144000000000001,0.9488000000000001
2014-05-02,1.6136,-0.7206000000000001,0.29939999999999944,2.6194,0.6711000000000005,-0.8506,-0.19999999999999982,1.6838000000000002,0.05490000000000006,7.822400000000001,1.5385,1.3594,4.1038,1.4873,-1.5263,0.9414
2014-05-09,1.4672999999999998,-1.8805999999999998,-1.7306000000000008,2.5794,0.5447,-5.1806,-0.2010999999999998,2.3497000000000003,-1.1161999999999999,7.3813,1.5798,1.3994,4.075,1.5333,-1.5271,0.9472
2014-05-16,1.9767,-4.5091,1.2908999999999997,2.4309000000000003,0.5968000000000002,-0.8291000000000001,-0.20199999999999982,2.1972000000000005,-0.7186999999999999,6.966400000000001,1.5273000000000003,1.5209000000000001,4.1281,1.4907,-1.5373999999999999,0.994
2014-05-23,2.5798999999999994,-4.0916,-2.8916000000000004,2.3784,0.28500000000000014,-2.3516000000000004,-0.20379999999999981,2.2630999999999997,0.06000000000000005,7.0005,1.5524999999999998,1.3884000000000007,4.0052,1.4876,-1.5427,0.996
2014-05-30,2.4589999999999996,-2.3920999999999997,-1.8321000000000005,2.5079000000000002,0.23640000000000017,-1.2421000000000002,-0.1937999999999998,2.047,-0.4233999999999999,7.1895,1.4533,1.0179,3.8164000000000002,1.4657,-1.5311,0.979
2014-06-06,1.7880000000000003,-2.6266000000000007,-2.9266000000000005,1.4334,0.9179999999999997,-1.9265999999999999,-0.12129999999999974,1.5719000000000003,-0.6388,7.605500000000001,1.1859000000000002,0.9634000000000005,3.9828,1.6609,-1.7301000000000002,0.7949000000000002
2014-06-13,2.5220000000000002,-2.9906000000000006,-2.1406,2.1294000000000004,1.1292,-1.7906,-0.11839999999999973,0.6653000000000002,-0.6416,7.240100000000002,1.0585000000000004,0.7094,3.8698,1.5324,-1.7296,0.7697000000000003
2014-06-20,2.8994,-1.6701000000000006,-1.570100000000001,2.0899,0.7353999999999998,-3.9901,-0.10479999999999973,1.1674000000000002,-0.4396,6.997,0.8910000000000005,1.0398999999999998,3.8110000000000004,1.5912000000000002,-1.7293,0.7954000000000002
2014-06-27,2.2763,2.6663999999999985,-0.603600000000001,2.0864000000000003,0.5258,-1.3235999999999999,-0.11039999999999975,0.9646000000000003,-0.8029,7.206100000000001,1.1274000000000002,0.8164000000000002,3.6523000000000003,1.5613000000000001,-1.7415,0.7824000000000002
2014-07-04,2.8673,0.8784000000000001,-1.1616,2.0784000000000002,0.6239000000000003,-1.5215999999999998,0.2882000000000002,0.9361000000000002,0.3676000000000002,7.1762999999999995,0.9279000000000002,1.4983999999999997,3.9819,1.5502,-1.6521,0.6787000000000003
2014-07-11,2.8472000000000004,0.8449000000000009,1.2248999999999999,2.0949,0.5757000000000003,-2.3750999999999998,0.2804000000000002,0.5845,1.5542000000000002,6.6753,1.0100000000000002,1.0749000000000004,3.8829000000000002,1.5513000000000001,-1.6257,0.6933000000000002
2014-07-18,2.9571,-0.35409999999999986,-0.47409999999999997,2.2859,1.0273000000000003,-0.9540999999999997,0.3055000000000002,1.1331000000000002,0.9629000000000002,6.789300000000001,1.1305,1.4659,3.8154,1.5610000000000002,-1.6439,0.6680000000000003
2014-07-25,2.6681000000000004,-0.6440999999999999,-0.7541000000000002,2.2958999999999996,0.9827000000000004,-1.6040999999999996,0.2881000000000002,0.6112,-0.4082999999999998,6.437900000000001,1.0346000000000002,1.1959000000000004,4.0922,1.5811000000000002,-1.6264,0.6811000000000001
2014-08-01,2.7848,8.1649,2.294900000000001,2.5149,1.8365,1.974899999999999,0.8251999999999999,1.5952,1.5321,6.579000000000001,0.6742999999999997,1.4048999999999996,3.4356999999999998,1.5850000000000002,-1.5176999999999998,0.8411
2014-08-08,2.8416,4.7484,2.008400000000001,2.3784,1.4128999999999996,-3.3116000000000003,0.8255999999999999,1.9002999999999997,0.7486999999999999,6.9938,0.5563999999999996,1.3083999999999998,3.4215,1.5697,-1.5184,0.857
2014-08-15,2.7752000000000003,2.9974,0.7074000000000007,2.1174,1.1666999999999996,-2.6326,0.8127,1.5311,-1.0218,6.6381,0.6374999999999997,0.7773999999999996,3.3366999999999996,1.5370000000000001,-1.5303,0.8449999999999998
2014-08-22,2.4552,3.2859,0.5659000000000001,2.2058999999999997,1.0744999999999996,-1.9141000000000001,0.8406,1.4684999999999997,-0.42789999999999995,6.661,0.5553999999999997,1.8858999999999995,3.2432,1.5307000000000002,-1.5356999999999998,0.8570999999999999
2014-08-29,2.1544000000000003,3.5603999999999996,1.7804000000000002,2.3504,1.4141999999999997,-1.1596000000000002,0.8365,1.6806999999999999,-1.0661,6.681800000000001,0.6359999999999997,-1.1796000000000004,3.0300000000000002,1.5035,-1.5738999999999999,0.8436999999999999
2014-09-05,2.5353000000000003,4.1569,0.7069000000000001,2.1169000000000002,1.9157,-1.7931,0.8392999999999999,1.5764,-1.2931000000000001,5.957199999999999,0.08389999999999986,0.956900000000001,2.0054,1.1068999999999998,-1.8148999999999997,0.5795999999999999
2014-09-12,2.5892,5.4894,1.4293999999999993,2.1094,1.5823000000000003,-1.3406,0.9324999999999999,1.7929000000000002,-0.31330000000000013,6.315,0.22219999999999995,0.5394000000000005,2.3283,1.1368999999999998,-1.8420999999999998,0.5907999999999998
2014-09-19,3.6106999999999996,6.598399999999999,0.44840000000000035,2.3183999999999996,1.3505,-0.06160000000000032,0.8672,1.8177,-0.8792000000000001,6.153,0.32959999999999967,1.2184000000000008,2.1032,1.1522,-2.0434,0.5811999999999999
2014-09-26,2.6288,4.3599000000000006,0.7699000000000007,1.9699000000000002,1.1906999999999999,-1.5301,0.8986,1.6283999999999998,-0.4098000000000001,6.2856,0.12269999999999959,0.3199000000000005,2.251,1.1988999999999999,-1.8747999999999998,0.5700999999999999
2014-10-03,2.9959,5.2324,4.192400000000001,2.7923999999999998,2.3221999999999996,-1.3176,1.1832,2.6188000000000002,-0.025800000000000045,6.225300000000002,0.059100000000000374,0.08240000000000025,3.1009,1.2651,-1.6489000000000003,0.6995
2014-10-10,2.9546,6.052899999999999,2.1228999999999996,2.3829,1.3417999999999999,-1.5371000000000001,1.1412,1.6522,0.5151,5.320799999999999,0.05290000000000061,0.2129000000000003,3.2866,1.2482,-1.6434000000000002,0.7610999999999999
2014-10-17,3.0783999999999994,4.142399999999999,3.5023999999999997,2.2123999999999997,2.0957999999999997,-1.2676,1.1393,1.855,1.5036,6.012100000000001,-0.005799999999999805,-0.037599999999999856,3.3945000000000003,1.258,-1.6691000000000003,0.8365
2014-10-24,3.191,2.8808999999999996,-0.15909999999999958,2.1109,1.8474999999999995,-1.2891000000000001,1.1424,1.7832,0.30310000000000004,6.411700000000001,-0.1238999999999999,-0.02909999999999968,3.4252000000000002,1.2954999999999999,-1.6758000000000002,0.7418
2014-10-31,3.2221,0.6939000000000002,2.0739,2.6339,1.3550000000000002,0.03390000000000004,1.798,2.3255999999999997,1.4584,6.315599999999999,-0.23979999999999935,-0.9160999999999997,3.1468000000000003,1.1670999999999998,-1.3749,0.29169999999999996
2014-11-07,3.8143000000000002,4.6213999999999995,3.8914,2.2914,2.3093000000000004,0.14139999999999997,1.9752,2.9242,1.1479,7.1705,-0.19729999999999936,-0.6085999999999996,3.4329,1.1378,-1.3162,0.2742
2014-11-14,3.5123999999999995,2.9319000000000006,3.1819000000000006,2.3419,2.5599,-0.3881000000000001,1.7191,4.4539,1.1538,6.8236,-0.08799999999999963,-0.7281,3.4704,1.1448999999999998,-1.333,0.25139999999999996
2014-11-21,2.9276,-2.0401,1.4398999999999997,2.3899,1.3375000000000001,-0.45009999999999994,1.8668,3.8745000000000003,0.9030999999999999,6.057300000000001,-0.023999999999999577,-0.8601000000000001,3.3684000000000003,1.1130999999999998,-1.4104999999999999,0.25880000000000003
2014-11-28,3.4963999999999995,0.6004,2.4903999999999993,2.5404,3.261,-0.10959999999999992,1.9439,3.4206000000000003,1.4208999999999998,6.182600000000002,-0.2437999999999998,-0.9396,3.0655,1.2007999999999999,-1.7623,0.21810000000000018
2014-12-05,4.0745000000000005,0.02689999999999948,3.5269000000000004,2.1569,4.7885,0.06689999999999996,2.5939,3.7268,-0.03169999999999995,6.8019,-0.47639999999999993,-1.0831,2.4787,0.8703,-1.8108,0.19080000000000008
2014-12-12,4.6174,5.793399999999999,5.0634,2.0934,1.8331000000000002,-0.09660000000000002,2.327,6.5998,0.17340000000000005,6.543800000000001,-0.9533000000000003,-0.9066000000000001,2.1899,0.8534999999999999,-1.7271999999999998,0.2427999999999999
2014-12-19,5.3063,7.9654,5.5854,2.0254,0.6437999999999999,-0.3546,2.8552,6.9382,0.1665000000000001,5.07,-1.0671000000000002,-0.8846000000000003,2.5369,0.708,-1.4112,0.1715000000000001
2014-12-26,3.8673,5.335399999999999,6.075400000000001,2.2253999999999996,1.7927000000000002,-0.7645999999999998,2.8064999999999998,7.1373999999999995,-0.10399999999999998,4.888199999999999,-1.7613,-0.7646000000000006,2.6486,0.6978,-1.4175,0.13540000000000008
2015-01-02,3.2643000000000004,4.1094,4.1094,1.9794,3.8787000000000003,-1.6205999999999998,1.9489999999999998,5.8348,-0.7864999999999999,4.9159,-0.8368000000000002,-0.6806000000000001,3.0435,0.7268,-1.7942999999999998,0.16910000000000014
2015-01-09,3.3258,-1.8390999999999993,2.6308999999999996,1.5909,2.8015999999999996,0.7708999999999999,1.5723,4.331500000000001,0.17780000000000007,6.5691999999999995,-1.0083000000000002,-0.6191,2.7492,0.7664,-1.7937999999999998,0.19510000000000005
2015-01-16,3.4793000000000003,-1.7765999999999993,2.1633999999999993,1.5834,1.6457,0.5134000000000001,1.2561,2.2384000000000004,-0.692,5.044499999999998,-0.8775,-0.6065999999999998,2.9914,0.6918,-1.9302,0.2551
2015-01-23,4.0332,-3.327099999999999,1.5728999999999997,1.4929,1.9465000000000001,-1.8371,1.4521,3.0046,-0.3003999999999999,6.6552999999999995,-0.7539000000000002,-0.3070999999999997,2.9017,0.7582,-1.8611999999999997,-0.025399999999999978
2015-01-30,4.6558,0.21340000000000092,3.9033999999999995,1.5634,2.1878,-1.0166,1.9042,2.8768000000000002,-2.0776,5.4563999999999995,-0.7328000000000001,0.2234000000000007,3.0003,0.7704,-1.8759,-0.06409999999999993
2015-02-06,5.310099999999999,0.011900000000000688,1.4119000000000002,0.6718999999999999,2.2051,-0.8381000000000001,1.012,2.8266,-3.2302999999999997,4.1695,-0.6517,-1.0480999999999998,2.4806999999999997,0.2363,-2.7748,-0.4175000000000001
2015-02-13,3.8261,2.0454,1.3754,0.38539999999999974,1.9284999999999997,0.6454,1.0016,4.4939,0.3037000000000001,4.518,-0.5501,-1.0446,2.4672,0.2133,-2.7184,-0.4468000000000001
2015-02-20,3.5500000000000003,6.8249,1.9049000000000005,-0.0051000000000001044,3.1625,-1.1751,1.4789,4.4041,1.999,4.2281,-0.6518999999999999,-1.1850999999999994,2.4044999999999996,0.14949999999999997,-2.8245,-0.5334000000000001
2015-02-27,3.2574,3.6293999999999995,0.3794000000000004,0.5593999999999999,2.2887999999999997,-1.2406000000000001,1.389,2.4065000000000003,1.9296,3.5827999999999998,-0.5539000000000001,-1.4505999999999997,2.5178,0.19790000000000002,-2.9123,-0.4636
2015-03-06,3.379,5.2884,2.3884,0.9684,3.0879,-0.6816,1.6883000000000001,3.3476,0.6812,5.5606,-0.28359999999999985,-1.2515999999999998,2.1214,-0.032999999999999974,-2.5715000000000003,-0.3104
2015-03-13,3.8842000000000003,4.640399999999999,3.7703999999999995,0.9004,3.429,0.37040000000000006,1.4193,6.3577,0.6027,4.225199999999998,-0.23760000000000003,-1.3995999999999995,1.9774,-0.012200000000000044,-2.6353,-0.36129999999999995
2015-03-20,3.1477999999999997,7.354400000000001,1.734399999999999,0.6944,4.5324,0.9043999999999999,1.4935,4.5771999999999995,0.4731,4.272800000000001,-0.3898999999999999,-1.3655999999999997,1.9696,-0.06030000000000002,-2.6094,-0.38049999999999995
2015-03-27,3.1259,4.745399999999999,5.2654000000000005,0.7954,3.8517999999999994,1.4853999999999998,1.303,2.8861999999999997,-0.7365999999999999,4.2208,-0.4671000000000003,-1.4945999999999997,1.7406000000000001,-0.06309999999999999,-2.6817,-0.3943
2015-04-03,2.872,1.8053999999999997,1.5354,0.7353999999999999,-0.22970000000000002,1.9953999999999996,1.1685,2.2625,-1.0569000000000002,3.998099999999999,-0.7414000000000005,-1.6046,1.4876,-0.3448,-2.7140999999999997,-0.6923
2015-04-10,2.5779999999999994,3.774400000000001,1.1444,0.7644000000000001,2.4049,4.9643999999999995,1.1823,3.108,0.8298,4.774100000000001,-0.6594000000000002,-1.2856,1.3368,-0.32999999999999996,-2.6696,-0.6712
2015-04-17,2.9529999999999994,1.4524,0.4024000000000001,0.5824000000000001,1.936,1.6323999999999996,0.7639,3.3918,-2.5052000000000003,5.141,-0.5776000000000003,-1.2376,1.4479,-0.3699,-2.6624,-0.6709
2015-04-24,1.916,3.8344000000000014,3.4444000000000017,0.5544000000000001,0.5417000000000001,0.6143999999999998,0.9245,2.7262,0.12380000000000002,5.087199999999999,-0.49330000000000007,-1.1556000000000002,1.3869,-0.3452,-2.6166,-0.6671
2015-05-01,1.5681999999999998,3.9389000000000003,5.468900000000001,-0.09110000000000007,-0.3469,0.6489,1.1646,3.8699000000000003,-3.4411999999999994,5.139300000000002,-0.6312000000000002,-1.1211000000000002,1.0630000000000002,-0.7295,-1.0404,-0.3824000000000001
2015-05-08,0.9805999999999997,4.048400000000001,3.4784000000000006,0.6483999999999999,1.3028999999999997,0.23839999999999995,1.1211,6.0412,1.1925,5.9948000000000015,-0.4441000000000006,-1.0716,1.1753,-0.7527,-1.0119,-0.37429999999999997
2015-05-15,0.937,2.6723999999999997,3.0523999999999987,0.6523999999999999,0.8283999999999998,0.7924,0.8137000000000001,4.909199999999999,-0.925,6.148900000000001,-0.6086000000000005,-1.0176000000000003,1.2727,-0.7399,-1.0224,-0.35839999999999994
2015-05-22,0.8165000000000002,0.11939999999999973,0.9493999999999998,0.6193999999999997,0.9734000000000003,-0.03059999999999996,0.9022000000000001,3.42,-0.6352000000000002,5.3363,-0.4443999999999999,-1.0006,1.084,-0.7659,-1.0017,-0.2903
2015-05-29,0.9291000000000003,-0.1106000000000007,1.9393999999999991,0.7593999999999999,0.7667000000000002,0.2993999999999999,1.2204,3.0334000000000003,-0.6707000000000003,6.0092,-0.43420000000000014,-0.9106000000000001,0.8937,-0.75,-1.1964000000000001,-0.2946
2015-06-05,0.8758999999999999,3.5739,2.3539000000000003,0.7039000000000001,1.5029,3.1239000000000003,1.4276,4.0704,0.030399999999999983,6.0504,-0.1198999999999999,-0.8661000000000003,0.2672,-0.9431,-0.9845,-0.21840000000000004
2015-06-12,1.3018000000000003,1.3114000000000008,2.7114000000000003,0.5714,1.9008999999999996,5.6114,1.1344,3.9137,-0.15969999999999995,5.919499999999999,-0.11799999999999988,-0.6686000000000001,-0.0907,-0.9718,-0.985,-0.19069999999999998
2015-06-19,1.816,-1.6456000000000008,0.40439999999999987,0.33440000000000014,0.08359999999999967,1.3443999999999998,1.1481,3.7971,-1.7301000000000002,5.698,-0.31720000000000015,-0.8056000000000005,-0.1562,-0.9489,-1.0091999999999999,-0.23029999999999995
2015-06-26,1.9965,-1.4036000000000008,-0.08360000000000056,0.36639999999999995,0.0015000000000000568,0.5563999999999999,1.1444,3.6934,-0.3004,5.805199999999999,-0.29269999999999996,-0.8736000000000002,-0.22799999999999998,-0.9661,-0.9589,-0.25670000000000004
2015-07-03,2.2054000000000005,-1.3421000000000003,0.107899999999999,0.4879000000000001,0.8322000000000003,1.3879000000000001,1.1359,3.4731,-0.005800000000000027,5.371599999999999,-0.026399999999999757,-1.1321000000000003,0.43169999999999986,-0.769,-0.6302000000000001,-0.29080000000000006
2015-07-10,1.205,0.9974000000000007,-0.2926000000000011,0.6173999999999998,0.2801,2.4074,0.9964000000000001,3.967,-2.484,5.718299999999999,-0.0512999999999999,-0.9926000000000004,0.5886,-0.7394000000000001,-0.6022000000000001,-0.3085
2015-07-17,1.3397000000000001,0.4839000000000002,-1.4761000000000006,0.6339,0.6575000000000002,3.3139000000000003,1.2946,4.6352,1.329,5.468999999999999,0.014000000000000234,-1.0761000000000003,0.28889999999999993,-0.7594000000000001,-0.5467000000000001,-0.43700000000000006
2015-07-24,1.4543,5.443399999999999,0.6433999999999997,0.7033999999999999,5.8443999999999985,2.6734,1.1433,5.346,0.7808,5.760399999999999,0.1019000000000001,-0.6666000000000003,0.25170000000000003,-0.7398,-0.5396000000000001,-0.5272
2015-07-31,1.4783,3.2539000000000007,3.7239,0.8839000000000001,7.320600000000001,3.0839,1.8953000000000002,5.1299,1.8775000000000002,4.995499999999998,0.22719999999999985,-0.9861,0.4930999999999999,-0.7153,-0.199,-0.7195000000000001
2015-08-07,1.4032,2.214900000000001,1.7449,0.8849,6.3766,2.8949000000000003,1.8288,5.5706999999999995,2.0770999999999997,4.719099999999999,0.19160000000000021,-1.0050999999999997,0.3463,-0.7203999999999999,-0.2186,-0.7943
2015-08-14,2.7513000000000005,11.4909,3.0209000000000006,1.2409,5.9693000000000005,6.9609000000000005,2.0677000000000003,8.2533,2.6732000000000005,5.3885999999999985,0.2190000000000003,-0.8690999999999995,0.19440000000000002,-0.7324999999999999,-0.2142,-0.7216
2015-08-21,3.8254,11.271400000000003,4.291400000000001,1.0614,-0.020599999999999508,5.8514,2.0339,11.214099999999998,4.1928,5.455599999999999,0.32540000000000013,-0.8386,-0.09079999999999999,-0.7585999999999999,-0.1884,-0.7984000000000001
2015-08-28,3.0553,7.3434,4.2034,0.7434000000000001,-8.9924,4.9534,2.3492,7.2522,-0.6760999999999999,4.964599999999999,0.28949999999999987,-1.1166,0.0184,-0.8133999999999999,-0.5405,-0.8952000000000001
2015-09-04,2.8567,9.307400000000001,4.9074,1.0074,-0.4430999999999998,4.3974,2.9184,5.9157,1.8985000000000003,5.289199999999999,0.4512000000000005,-1.2226,0.47959999999999997,-0.633,-0.6123999999999999,-0.8807
2015-09-11,2.7983000000000002,8.816400000000002,3.9764,1.0164,-6.5219000000000005,3.5264,2.9644,5.3877,0.924,5.255800000000001,0.5645000000000002,-1.2136,0.4987,-0.6832,-0.6929,-0.8584
2015-09-18,2.0953,3.0873999999999997,3.2274000000000003,0.8874,-3.9023,2.8074000000000003,2.5761,3.9928,1.0514000000000001,4.9468,0.3957000000000006,-1.5525999999999995,0.48910000000000003,-0.6557999999999999,-1.1658,-0.8797000000000001
2015-09-25,3.3062999999999994,13.778400000000001,4.5684,1.0284,-0.6143000000000001,2.9184,2.7275,5.481399999999999,6.8536,5.3965,0.6606000000000005,-1.5515999999999996,0.5142,-0.6107,-0.6838,-0.6885000000000001
2015-10-02,3.3005999999999998,9.512399999999998,2.1224,1.0224,-1.7611,2.6024,2.1726,4.9743,2.7211,5.6434,0.2717999999999998,-1.3075999999999999,1.0277,-0.5579000000000001,-0.3185,-0.6309
2015-10-09,2.2968999999999995,9.409400000000003,0.9394,0.8694,-5.518800000000001,1.8094000000000001,1.3702,2.1633,-1.3486,5.0092,0.371,-1.5705999999999998,1.1924000000000001,-0.5549,-0.23800000000000002,-0.6269
2015-10-16,1.2776,8.792900000000001,1.0328999999999997,0.5028999999999999,-5.3046,1.7729,1.3195999999999999,2.7993,-1.97,6.436400000000001,0.18190000000000017,-1.4670999999999994,1.3462,-0.5614,-0.2519,-0.5547000000000001
2015-10-23,0.8111999999999999,6.3984000000000005,-1.0516,0.6684000000000001,-3.3095,2.3084,1.8521,2.6292999999999997,-0.1626,4.9597999999999995,0.2570999999999999,-1.2015999999999996,1.3399999999999999,-0.5684,-0.2504,-0.5972999999999999
2015-10-30,2.5454000000000003,5.193899999999999,2.4139,1.0139,0.18549999999999978,3.3339,1.9998,3.9234999999999998,-0.3162,4.0921,0.3469000000000002,-1.3060999999999998,1.5350000000000001,-0.48800000000000004,-0.15460000000000002,-0.6091000000000001
2015-11-06,2.4423999999999997,2.1609000000000007,2.0808999999999997,0.8508999999999998,-1.1229999999999998,2.8508999999999998,2.298,3.2889999999999997,0.43999999999999995,2.7708999999999993,0.6609000000000003,0.18090000000000028,1.4096,-0.5003,-0.2448,-0.4003000000000001
2015-11-13,3.0367,5.378900000000001,1.9588999999999999,0.8888999999999998,-0.44879999999999987,3.6989,2.3983,3.7971000000000004,1.4316,2.7789,0.6673,0.028900000000000148,1.2318,-0.48160000000000003,-0.22619999999999998,-0.3378000000000001
2015-11-20,2.9962000000000004,1.3084000000000007,0.37840000000000007,0.9283999999999999,-3.5839,3.0284,2.2516,2.3373999999999997,-1.8112,2.508399999999998,0.7002999999999999,0.2784000000000004,1.1764000000000001,-0.6528,-0.3817,-0.4293
2015-11-27,3.2808999999999995,0.4833999999999996,1.0233999999999996,0.7633999999999999,-3.5095,2.8334,2.2963,1.9106,0.8753000000000001,2.0833999999999993,0.2421000000000002,0.17340000000000044,0.4729,-1.2397,-1.2412,-0.5639000000000001
2015-12-04,3.0341000000000005,3.617400000000001,2.2573999999999996,1.0373999999999999,-3.5253,4.0374,2.604,2.5725,0.6477999999999999,4.6782,0.5827,0.6473999999999998,-0.3376,-0.45209999999999995,-0.9007000000000001,-0.6869999999999999
2015-12-11,4.5981,9.5639,1.7538999999999998,0.9739,-1.2043000000000001,5.4539,2.7397,4.1975,1.7395,4.0266,0.21919999999999984,0.6639000000000004,0.4812,-0.6454000000000001,-1.1173,-0.7285999999999999
2015-12-18,4.8755,5.7884,-0.10160000000000036,0.6484000000000001,-2.0573,8.5384,2.6452,4.288600000000001,2.3608000000000002,3.3983999999999988,0.5007999999999999,0.7983999999999996,0.23349999999999999,-0.6270999999999999,-0.8694999999999999,-0.7594999999999998
2015-12-25,5.5249999999999995,6.0059,-0.2041000000000004,0.8459000000000001,-3.8349,7.9759,2.8272000000000004,4.4811,1.9785999999999997,3.7608999999999995,0.3070999999999997,0.04590000000000005,0.21789999999999998,-0.523,-0.5469999999999999,-0.8300999999999998
2016-01-01,4.5466,5.748399999999998,0.07840000000000025,0.15839999999999987,1.6274000000000002,4.4484,2.8033,4.087899999999999,5.0068,3.1125999999999987,1.3513,1.0484000000000009,0.8502,-0.1569000000000001,-0.006599999999999995,-0.7104000000000001
2016-01-08,6.6486,7.575899999999999,0.8459000000000003,1.0058999999999998,2.3481000000000005,5.1659,2.9593,5.292400000000001,6.0078000000000005,3.2539999999999996,1.6185000000000003,1.1559000000000008,0.6269,-0.1396,0.06299999999999994,-0.6564000000000001
2016-01-15,7.8994,8.3454,2.6754000000000007,0.8853999999999997,0.21119999999999983,9.1954,2.7001999999999997,5.5661000000000005,7.6264,3.009499999999999,1.5735,1.3054000000000006,0.7768999999999998,-0.15640000000000004,0.09899999999999992,-0.7918000000000001
2016-01-22,4.4201999999999995,3.8283999999999994,0.8983999999999996,0.9183999999999999,-2.5638,4.1084,2.4097,3.0892,-1.3134000000000001,3.138,2.4818,-0.28159999999999963,0.7111999999999999,-0.1335,0.12539999999999996,-0.6687000000000001
2016-01-29,4.9538,1.7214,1.1614000000000004,0.9213999999999998,-2.2082,6.6014,2.2173,2.5643000000000002,0.1963999999999999,2.7568,1.9300000000000004,2.9114000000000004,0.6623999999999998,-0.14200000000000007,0.0638999999999999,-0.6817000000000002
2016-02-05,7.2739,3.0264,1.9463999999999997,2.0064,-1.8029000000000002,5.0064,3.1136,2.7508999999999997,-5.0681,3.6522999999999985,1.5532,2.8564000000000003,1.4226,0.45489999999999986,0.7971999999999999,-0.36680000000000007
2016-02-12,5.527299999999999,4.1349,3.2848999999999995,2.0648999999999997,-1.3317,2.7849000000000004,2.7072000000000003,2.8612,-5.1011,3.8360999999999983,1.8548999999999998,-2.0051,1.4243999999999999,0.4272999999999998,0.8802,-0.35540000000000016
2016-02-19,5.5073,4.7499,3.1498999999999997,2.2699,-1.1551,5.1199,2.944,3.3368,2.7757999999999994,3.9537999999999993,2.0894999999999997,-0.16010000000000035,1.4362,0.38559999999999994,0.8288,-0.3794
2016-02-26,3.6226000000000003,1.7319000000000009,4.791899999999998,2.0319,-2.8537,3.5318999999999994,2.8939000000000004,2.5681000000000003,3.4120999999999997,2.4217999999999993,1.9284,-1.5381000000000002,1.0731000000000002,0.2830999999999999,0.46819999999999995,-0.3656000000000001
2016-03-04,1.4212000000000002,1.0974000000000004,1.9074,1.2073999999999998,-5.4794,2.1774,2.678,2.1969,-3.2112000000000003,1.7775000000000016,1.3011999999999997,2.9574,1.404,0.19040000000000012,-0.2610999999999999,-0.2045999999999999
2016-03-11,1.0577,1.8434000000000008,2.8334,1.3834,-2.6784,2.2534,2.5295,1.6393,-4.6961,2.3543000000000003,1.2258,-0.3066,1.4020000000000001,0.2309000000000001,-0.23259999999999992,-0.21189999999999987
2016-03-18,-0.1759999999999997,-0.5676000000000001,2.0724,1.2724,-2.2793,1.8424,2.3962000000000003,1.8946,-3.2236000000000002,0.7294,1.4765000000000001,-0.28759999999999986,1.5905,0.25280000000000014,-0.23419999999999996,-0.21249999999999997
2016-03-25,0.2531000000000001,0.49090000000000034,4.370899999999999,1.0209,-4.5945,8.4309,2.4144,2.5189,-2.6247000000000003,0.3609000000000009,1.564,-0.3591000000000002,1.4304999999999999,0.25040000000000007,-0.2219,-0.21999999999999997
2016-04-01,0.5857000000000003,-1.9356000000000002,0.5943999999999998,1.3744,-1.3476000000000001,1.9644,2.4932,1.5919,-1.9750999999999999,3.3313000000000006,1.8439999999999999,-0.18560000000000043,2.1078,0.05799999999999994,0.025799999999999934,-0.2212
2016-04-08,0.7359000000000004,-0.35309999999999997,2.436899999999999,1.3569,-1.1642000000000001,1.8369,2.4737,2.3087,-2.1875,4.5837,2.0138,0.006899999999999462,1.7866,0.10219999999999996,0.09189999999999998,-0.1864
2016-04-15,0.4950000000000001,1.3259000000000003,1.8859,1.4759000000000002,-0.15790000000000015,1.6359000000000001,2.5838,2.4641,-0.6844999999999999,5.101100000000001,2.0577,-0.16410000000000036,1.9708999999999999,0.09789999999999999,0.22350000000000003,-0.19610000000000005
2016-04-22,0.49960000000000004,-0.45610000000000017,2.6238999999999995,1.0039,-1.2401000000000002,3.0439,2.9506,1.9453,-0.6836999999999999,3.6967,2.3169999999999993,0.04389999999999983,1.8719000000000001,0.09140000000000004,0.23250000000000004,-0.13890000000000002
2016-04-29,0.2179000000000002,1.6033999999999993,3.4034,0.8533999999999998,0.9730999999999996,4.4834,3.0039999999999996,2.5484999999999998,-0.34219999999999984,4.909500000000001,2.1032,0.04339999999999966,1.7977,0.10009999999999997,0.27559999999999996,-0.1568
2016-05-06,0.3640000000000001,3.1634,2.2834000000000003,0.5334000000000001,0.5739999999999998,4.5134,2.6321000000000003,1.5645,0.2803000000000002,5.002500000000001,2.4716,-0.4366000000000003,1.4914,0.5645000000000001,0.8070000000000002,-0.3371999999999999
2016-05-13,1.0155000000000003,3.5938999999999997,1.9139000000000008,1.1539000000000001,1.1302000000000003,3.0039,2.4619,2.5186,0.7144000000000004,5.036899999999999,2.3898,-0.46609999999999996,1.4731,0.5822,0.7387000000000001,-0.34329999999999994
2016-05-20,0.7259000000000004,8.294400000000001,3.724400000000001,1.2344000000000002,1.7039999999999997,2.2444,2.8586,2.4648000000000003,-0.17539999999999978,4.264800000000001,2.9137999999999997,1.3043999999999998,1.6212000000000002,0.5983000000000002,0.8335000000000001,-0.3244999999999999
2016-05-27,0.756,1.9288999999999996,1.2089000000000008,1.0889,0.21439999999999992,2.1589,2.5619,2.4200999999999997,-0.2496999999999998,4.0234000000000005,2.7540999999999998,2.1088999999999998,1.6415000000000002,0.49540000000000006,0.6905000000000001,-0.32329999999999987
2016-06-03,0.3685999999999998,1.9059,1.5958999999999994,1.2358999999999998,0.1160000000000001,1.9459,3.3194,1.7324000000000002,0.04710000000000003,3.7127,2.4778999999999995,0.9658999999999995,1.8277999999999999,0.06660000000000021,0.33909999999999996,-0.20310000000000006
2016-06-10,0.2970999999999999,2.3674,0.9474,1.1773999999999998,0.25459999999999994,2.4174,3.3236,1.1802,-1.2403,3.200100000000001,2.3095999999999997,1.1873999999999993,1.5504,0.008000000000000007,0.09719999999999995,-0.24320000000000003
2016-06-17,0.6960999999999999,3.2569,1.7569,1.0069,-0.05810000000000004,1.9569,3.1336,1.2113,-1.3062,2.494399999999999,2.4601,0.7469000000000001,1.4792,-0.1429999999999998,0.03770000000000007,-0.2814
2016-06-24,0.39149999999999996,6.852399999999999,3.8124000000000002,1.2624,2.8835,2.4924,3.1548,1.6271,-0.3822,3.3125999999999998,1.6189,0.032399999999999984,1.3520999999999999,-0.4196,-0.14619999999999989,-0.40900000000000003
2016-07-01,0.6355,1.2973999999999997,2.3074000000000003,1.0474,-0.04390000000000005,1.7373999999999998,2.213,0.8914,-1.8916,4.771000000000001,2.3869,1.7173999999999996,1.5731,-0.15980000000000005,0.5281,-0.393
2016-07-08,0.825,1.7858999999999998,1.0359000000000007,1.1059,0.1867000000000001,2.3559,2.1265,1.0145,-0.3777,5.001100000000001,2.1814,1.3659,1.4987,-0.2196999999999999,0.33089999999999997,-0.22659999999999997
2016-07-15,0.8254999999999999,0.8068999999999997,0.5769000000000011,1.1369,-0.623,1.1468999999999998,2.0625,1.0208,-3.5198,5.3726,2.264,0.9668999999999999,1.2103,-0.2572,0.21109999999999984,-0.27729999999999994
2016-07-22,1.2997,2.4663999999999993,0.9664000000000001,0.9564000000000001,0.6106,1.1563999999999999,2.3883,1.2273999999999998,-1.5899999999999999,5.1766000000000005,2.2249,1.0964,1.4462,-0.24349999999999994,0.35729999999999995,-0.31379999999999997
2016-07-29,0.6511,3.4954,1.0054000000000007,0.9354000000000001,1.037,2.1154,2.34,1.2336,-1.2431999999999999,5.688000000000001,2.5493000000000006,0.14539999999999953,1.43,-0.1533000000000001,0.5113999999999999,-0.42699999999999994
2016-08-05,0.5023,2.1898999999999997,-0.17010000000000058,1.1099,-0.11870000000000008,1.8298999999999999,1.8028,1.3059000000000003,-6.103899999999999,4.931,1.8219999999999998,-0.9201000000000001,1.0572000000000001,-0.45999999999999996,0.2511000000000001,-0.35769999999999996
2016-08-12,0.41290000000000004,0.6698999999999997,0.13989999999999903,1.0599000000000003,0.8495999999999999,1.3598999999999999,1.789,1.35,-3.7596000000000003,5.7299,1.7151000000000003,-0.12010000000000032,0.8494000000000002,-0.37019999999999986,0.2887000000000002,-0.23289999999999994
2016-08-19,0.5947000000000002,1.9958999999999998,0.34589999999999943,0.8759000000000001,0.9487000000000001,0.7059,1.7398,1.1589,-0.8005,5.5287999999999995,1.8465,0.11589999999999989,0.9102000000000001,-0.3272999999999999,0.3872000000000002,-0.20339999999999997
2016-08-26,0.7245999999999997,2.7874,0.5573999999999995,0.9674,0.7310999999999999,0.11740000000000006,1.8580999999999999,1.3277,-2.1041,5.4332,1.8292999999999997,-1.0126,1.2596,-0.41670000000000007,0.39490000000000014,-0.21740000000000004
2016-09-02,1.6377,3.8154,1.7054000000000005,1.2554000000000003,3.1801,1.8954000000000002,1.8379,1.6665999999999999,-2.5481999999999996,4.561999999999998,1.8805,2.1054,1.3860000000000001,-0.29369999999999985,0.19169999999999998,0.22839999999999994
2016-09-09,4.4434000000000005,2.7839000000000005,1.2139000000000002,1.3139,1.3503,3.0739,1.6753,2.0707,1.3034000000000003,3.7977999999999987,1.4668,3.2739,1.3574000000000002,-0.24959999999999982,0.13980000000000015,0.1972
2016-09-16,7.6828,3.4869,2.1269000000000005,1.4169,1.927,5.6669,1.8276000000000001,1.8249,-0.026999999999999913,5.206699999999998,1.9967000000000006,4.8969000000000005,1.5498,-0.37029999999999985,-0.007300000000000084,0.15560000000000002
2016-09-23,4.5792,1.9368999999999996,1.346900000000001,1.4869,1.4602,2.4368999999999996,1.5506000000000002,1.4607,-2.2611999999999997,3.9799999999999986,2.5175,0.3569,1.8670000000000002,-0.3333999999999999,0.2168000000000001,0.26810000000000006
2016-09-30,2.6213,2.2284,3.1984000000000004,0.7684,1.4249,2.8884,1.8296000000000001,1.8841,-0.49240000000000017,5.219900000000001,3.0673999999999997,2.3783999999999996,1.3208000000000002,-0.14319999999999977,0.9285999999999999,0.3267
2016-10-07,3.0951,4.0824,2.2824,0.8823999999999999,1.3893,2.5023999999999997,1.9273,2.0746,1.1524999999999999,5.670400000000001,3.052,1.2523999999999997,1.2217,0.14570000000000005,1.1134,0.4654999999999999
2016-10-14,3.1434,4.4589,2.5689,0.9488999999999999,2.2415000000000003,7.548899999999999,1.9089,2.6466000000000003,2.0585999999999998,4.770899999999999,2.7620999999999998,2.7088999999999994,1.2317,0.032399999999999984,1.208,0.4529999999999999
2016-10-21,3.1993,6.072900000000001,2.472900000000001,1.0329,1.5953,1.8329000000000002,1.9082,2.4861,2.5362999999999998,6.118099999999998,2.9768000000000003,2.3429,1.1185,0.09540000000000015,1.2827,0.37209999999999993
2016-10-28,3.1237000000000004,4.190899999999999,2.6209,0.7608999999999999,2.8161,1.6109,1.8760999999999999,2.2184,2.5705,6.431100000000001,3.040199999999999,3.2408999999999994,1.2812000000000001,0.10250000000000004,1.2738,0.3382
2016-11-04,2.3363,6.6519,2.5418999999999996,0.8519000000000001,2.1784,1.5819,1.8718000000000001,2.3153,-0.04119999999999985,7.0694,3.0053,1.3019000000000003,0.8369000000000002,0.19330000000000003,0.768,0.36280000000000007
2016-11-11,4.7984,5.822900000000001,1.7329000000000003,1.0629,19.1849,6.6729,2.1705,3.5356000000000005,3.2360000000000007,5.597899999999999,4.2541,-0.2870999999999999,0.6898000000000002,0.34330000000000016,0.8386,0.3565000000000001
2016-11-18,3.2211000000000003,14.9494,2.8893999999999997,0.8394,9.6509,6.139399999999999,2.1639,2.373,2.7964,5.404400000000001,3.7220999999999993,1.8594000000000004,0.5825,0.21199999999999997,0.8162999999999999,0.29680000000000006
2016-11-25,2.9135999999999997,7.9529000000000005,1.3428999999999998,0.6728999999999999,9.4373,5.552899999999999,2.1778,2.2933000000000003,0.10170000000000012,5.087899999999999,3.7297000000000002,-1.6570999999999998,0.42500000000000004,0.08610000000000007,0.5513999999999999,0.18130000000000002
2016-12-02,5.6777999999999995,3.6483999999999996,2.4883999999999995,0.7084,5.0846,4.508399999999999,1.9531999999999998,1.4471999999999998,0.41969999999999985,5.8684,2.943999999999999,0.5784,-0.12430000000000019,-0.7614999999999998,-0.8406,0.45919999999999994
2016-12-09,5.6622,1.8493999999999995,1.8494000000000004,0.6294000000000001,-6.6472,3.7294,1.8334000000000001,1.4434999999999998,-1.0726,6.0506,2.6875,1.6693999999999998,-0.4696,-0.8045,-0.7516,0.25760000000000005
2016-12-16,7.918799999999999,5.5324,2.0524000000000004,0.4424,4.8439,7.9724,2.1550000000000002,1.7102,0.2470000000000001,5.704199999999999,3.0419,1.9923999999999997,-0.2471000000000001,-0.9404999999999997,-0.5812999999999999,0.1744
2016-12-23,11.1112,2.1124,2.2824,0.37239999999999995,5.5887,5.772399999999999,2.2797,2.4873,3.3373000000000004,5.6474,3.237,1.5424,-0.3164000000000001,-1.0198999999999998,-0.4776,0.14090000000000003
2016-12-30,12.2484,1.4353999999999998,1.9554000000000002,0.5754,1.3847,4.485399999999999,2.1885,1.8843999999999999,-0.056599999999999984,7.0515,3.596799999999999,1.2754,-0.08490000000000009,-0.5316000000000001,-0.4566000000000001,0.34930000000000005
2017-01-06,13.124099999999999,3.2644,2.6244,1.3244,-1.0336999999999998,3.4844000000000004,2.1049,1.9672,-0.47829999999999984,8.0546,4.454000000000001,0.8143999999999998,-0.3016,-0.25959999999999983,0.7470000000000001,0.5665000000000001
2017-01-13,7.3424000000000005,2.0239000000000003,3.7739,1.4039000000000001,-1.0119,4.293899999999999,2.0653,1.8195000000000001,-1.3026999999999997,7.038900000000002,4.109999999999999,3.9138999999999995,-0.36060000000000003,-0.08150000000000013,0.9343,0.6066
2017-01-20,6.7191,1.9128999999999996,3.6929000000000003,1.1229,3.7324,4.652900000000001,2.0211,1.7553999999999998,-1.1178,6.7379,4.1770000000000005,0.8229,-0.36,-0.12270000000000003,1.034,0.6049
2017-01-27,6.8941,2.7394000000000003,4.3794,0.7994,-0.08839999999999987,2.2693999999999996,2.0923000000000003,2.2563,-1.0999999999999999,6.5844000000000005,4.252300000000001,0.12939999999999985,-0.34739999999999993,-0.08179999999999987,1.0749,0.5652
2017-02-03,5.5354,2.3404,2.9504,0.7103999999999999,2.6161,2.6003999999999996,1.947,1.3835,-1.0740000000000003,7.8818,3.2724,5.650399999999999,-0.29479999999999984,-0.2105999999999999,1.4182000000000001,0.48139999999999994
2017-02-10,3.8763000000000005,1.2814,3.8514,0.3413999999999998,2.3858,2.9714,2.1134,1.4870999999999999,-1.5939,7.9811,3.5927000000000007,0.7713999999999999,-0.35199999999999987,-0.14859999999999995,1.4416000000000002,0.4807999999999999
2017-02-17,5.5079,3.4013999999999998,4.4214,-0.03860000000000019,3.8110000000000004,3.7814,2.0345,1.7732999999999999,-1.0749000000000002,7.4064,3.7033000000000005,-0.08860000000000001,-0.42079999999999984,-0.18069999999999997,1.4222000000000001,0.5440999999999999
2017-02-24,3.4593,1.5793999999999997,3.2194000000000003,0.2093999999999998,4.777200000000001,4.0394,2.0111999999999997,1.5913,-1.7853000000000003,6.9894,3.3748000000000005,1.5093999999999999,-0.4525999999999999,-0.24419999999999997,1.3609,0.5282999999999999
2017-03-03,5.6958,3.5659,3.5659000000000005,0.7159000000000001,0.23640000000000017,5.4559,2.0531,1.9416000000000002,3.0318,9.1066,3.5158999999999994,0.9159000000000003,-1.1525999999999996,-0.7618999999999998,0.9878000000000005,0.6031000000000002
2017-03-10,6.397600000000001,2.1644,3.534400000000001,1.0244000000000002,7.806500000000001,3.4244000000000003,2.0033000000000003,2.0784000000000002,2.2214,8.1005,3.4621999999999993,1.3544,-1.4030999999999998,-0.7853999999999997,0.8939000000000004,0.3962000000000002
2017-03-17,5.114800000000001,1.2594000000000003,2.7094,0.7994,6.8256000000000006,1.8094000000000001,1.8747,2.2711000000000006,0.8694000000000002,7.629500000000001,3.5865,1.2494000000000005,-1.3460999999999996,-1.0065999999999997,0.7592000000000003,0.3309000000000002
2017-03-24,5.0786,1.3399,2.6698999999999997,0.29990000000000006,2.9482999999999997,2.3599,1.9416,1.604,0.47280000000000033,8.5027,3.5392,1.4499,-1.4763999999999997,-0.9482999999999999,1.0335000000000003,0.3668000000000001
2017-03-31,4.6585,1.3399,2.1998999999999995,-0.06009999999999993,0.9630999999999994,1.7698999999999998,1.6215,1.9175,0.5442999999999998,7.1646,2.8425,1.1399,-1.2422000000000004,-0.5082000000000002,1.1227999999999998,0.4898999999999998
2017-04-07,4.6077,2.4494,3.1593999999999998,0.0394000000000001,0.1418999999999997,1.6094,1.6221999999999999,2.3379,1.3573999999999997,8.5184,3.1037000000000003,1.9494000000000002,-1.2534000000000003,-0.5304000000000002,1.0832999999999997,0.5569999999999998
2017-04-14,3.791,1.5904000000000003,3.1503999999999994,0.010400000000000076,-5.315200000000001,0.5404,1.6507,2.1752000000000002,0.44799999999999973,7.2904,3.0468000000000006,3.4204,-1.2439000000000002,-0.5984,1.0356999999999998,0.5508999999999998
2017-04-21,4.245,2.6218999999999997,3.591899999999999,0.011900000000000022,-2.9198000000000004,1.0918999999999999,1.5844,1.9615999999999998,0.8473999999999997,7.6523,3.4803,-0.19810000000000005,-1.1429000000000002,-0.6057000000000001,1.0240999999999998,0.5192999999999998
2017-04-28,5.3927,2.7283999999999997,3.5283999999999995,-0.11159999999999992,-5.0937,2.1483999999999996,1.5594000000000001,2.372,0.2709999999999999,7.8237000000000005,3.3177,0.5384,-1.1790000000000003,-0.6009000000000002,1.0544999999999998,0.5317999999999998
2017-05-05,4.9033999999999995,2.1219,3.4619,0.28190000000000015,-0.2601,3.1518999999999995,1.6658000000000002,2.7982,0.7953000000000003,8.395199999999999,2.4947999999999997,1.9919000000000002,-0.8457,-1.0995999999999997,0.7574000000000003,0.3945000000000001
2017-05-12,3.7934,1.8554000000000004,3.6954000000000002,0.33540000000000025,-1.5657999999999999,0.4653999999999998,1.6677000000000004,2.8253000000000004,0.7876000000000003,7.4987,2.519,1.5954000000000002,-0.8221,-1.1263999999999998,0.7318000000000002,0.35060000000000013
2017-05-19,3.8611000000000004,2.1254,3.8153999999999995,-0.03459999999999985,0.8325,0.8453999999999997,1.6400000000000001,2.7566,-0.8065999999999995,8.4055,2.6861999999999995,-0.7845999999999997,-0.8859,-1.1812999999999998,0.6835000000000002,0.2623000000000001
2017-05-26,5.9748,0.3163999999999998,3.4364,-0.13359999999999994,-3.0069,0.6563999999999999,1.5692000000000002,1.8971000000000002,0.7568000000000001,8.277000000000001,2.7554,1.7364000000000002,-1.0676,-1.3013,0.6047000000000002,0.2267
2017-06-02,4.9498,0.037399999999999434,3.8373999999999997,-0.4226000000000001,0.47340000000000027,0.5873999999999999,0.1945,2.2813,2.0839,7.8114,1.9073000000000002,1.7373999999999996,-1.4152000000000002,-1.2989000000000002,0.026699999999999946,0.04249999999999987
2017-06-09,3.479,1.7043999999999992,4.4744,-0.5656000000000001,-3.1688,0.5943999999999998,0.1622,2.2447999999999997,1.6897999999999997,7.442200000000001,1.4602000000000004,0.12439999999999984,-1.5735000000000001,-1.4276,-0.16880000000000006,-0.09900000000000009
2017-06-16,3.9172999999999996,1.1968999999999999,4.196899999999999,-0.5631000000000002,0.6250000000000004,1.3968999999999996,-0.013600000000000056,2.1085,2.1189999999999998,7.0806,1.4168000000000003,0.1768999999999996,-1.6396000000000002,-1.452,-0.20869999999999989,-0.07800000000000018
2017-06-23,1.906,1.9083999999999999,3.7283999999999997,-0.6816000000000001,5.114700000000001,0.8383999999999998,-0.029799999999999938,1.9952999999999999,0.2145999999999999,6.6427000000000005,1.4436,-0.5116,-1.8807,-1.4558,-0.14860000000000007,-0.07800000000000018
2017-06-30,2.9027999999999996,-0.10959999999999992,4.2204,-0.5095999999999999,2.3796999999999997,3.3504,0.6678000000000001,1.7984000000000002,1.4966000000000002,6.894499999999999,1.1567000000000007,-0.16959999999999997,-1.6564999999999999,-1.4384,-0.20599999999999974,0.04080000000000006
2017-07-07,3.0235999999999996,3.2503999999999995,4.4604,-0.3095999999999999,0.43740000000000023,3.5504000000000002,1.0731000000000002,1.6779000000000002,1.57,7.291599999999999,1.0151000000000003,0.22040000000000015,-1.6817999999999997,-1.4459,-0.23129999999999984,0.11760000000000004
2017-07-14,2.264,0.7003999999999997,4.1104,-0.4596,0.3014999999999999,4.8904,0.6454000000000001,1.7637,0.7206000000000001,6.477499999999999,1.0371000000000006,0.1604000000000001,-1.7012999999999998,-1.4549,-0.2405999999999997,0.1614000000000001
2017-07-21,2.3322999999999996,0.1328999999999998,3.4529,-0.2471000000000001,-1.8761999999999999,3.7829,0.7689,1.6959000000000002,-0.5446,6.441400000000002,1.172200000000001,1.0529000000000002,-1.6610999999999998,-1.4496,-0.20779999999999976,0.20030000000000003
2017-07-28,1.8496000000000001,0.6009000000000002,4.3909,-0.30909999999999993,-0.2088000000000001,1.3109000000000002,0.7842,-0.3414999999999999,-1.6694,6.146599999999999,1.1584000000000003,-1.3091,-1.7481,-1.4506,-0.2094999999999998,0.17870000000000008
2017-08-04,2.2071,1.4714,2.8114,-0.5286000000000004,0.021899999999999586,1.2814,0.7754,0.9619,-0.6013000000000002,5.9693,1.1925,1.4514,-1.7259000000000002,-1.2988000000000002,-0.10490000000000022,0.025499999999999856
2017-08-11,1.4578,3.2934,3.5034,-0.5566000000000004,0.7297999999999998,3.4634,0.7085,1.3782999999999999,-0.41110000000000024,6.7475000000000005,1.1986999999999997,-0.4466000000000001,-1.7156000000000002,-1.3364000000000003,-0.14290000000000025,0.17609999999999992
2017-08-18,1.4246999999999999,1.5924,3.2724,-0.38760000000000017,0.013499999999999845,3.4623999999999997,0.8876000000000001,1.4079,-0.7813000000000001,6.4,1.3094000000000001,0.5324,-1.7264000000000002,-1.3377000000000001,-0.15110000000000023,0.17149999999999999
2017-08-25,1.8859000000000004,1.0794000000000006,2.3994,-0.5806,-2.8159,4.2694,1.0602000000000003,1.8868000000000003,-1.277,5.641100000000001,1.2637999999999998,-0.8705999999999998,-1.7645,-1.3328,-0.13000000000000012,0.16000000000000014
2017-09-01,1.4931999999999999,1.6053999999999995,1.3954000000000004,-0.7446000000000002,-4.0092,4.155399999999999,1.2814999999999999,1.6446999999999998,-1.9623000000000004,5.5425,1.1661000000000001,3.1153999999999993,-2.3747000000000003,-1.4005,-0.38470000000000026,0.30799999999999983
2017-09-08,1.8826,1.2599,1.6699000000000002,-0.7601,-4.0657,2.9398999999999997,1.2282000000000002,0.08919999999999995,-3.7952999999999997,4.573,1.0209000000000001,0.3798999999999999,-2.2701000000000002,-1.3876,-0.34939999999999993,0.4292
2017-09-15,2.0633,0.2764000000000002,2.3464,-0.7336,-4.37,2.5864000000000003,1.1741000000000001,0.9501999999999998,-2.3579,5.832000000000001,1.1043000000000003,-0.10360000000000014,-2.3464,-1.3751000000000002,-0.3378000000000001,0.39359999999999995
2017-09-22,2.061,0.6974,4.2374,-0.7026000000000001,-3.6344000000000003,1.4073999999999995,1.3060999999999998,1.3772999999999997,-2.338,4.956399999999999,1.3239,3.3873999999999995,-2.3252,-1.4923000000000002,-0.4056000000000002,0.3329
2017-09-29,2.4173,1.1744000000000003,4.364400000000001,-0.6256000000000002,-1.0524000000000002,1.1943999999999997,1.2577,2.0007,-0.27059999999999995,5.1,1.2837000000000005,2.5043999999999995,-2.0731,-1.3760000000000001,-0.2744,0.40890000000000004
2017-10-06,2.5843,1.1603999999999997,4.2204,0.10040000000000027,-2.3106,2.3304,1.6007000000000002,1.8603000000000003,0.6749000000000003,5.6481,2.4084000000000003,2.8404,-1.6035,-1.1134,0.09100000000000019,0.4859
2017-10-13,2.7879,1.7903999999999995,3.1504,0.21040000000000014,-1.1460000000000001,4.7204,1.5519000000000003,0.6640000000000003,0.04270000000000018,5.2646999999999995,2.216,-1.7095999999999998,-1.7313999999999998,-1.1135,0.12060000000000026,0.5386000000000002
2017-10-20,2.8694,1.5694000000000004,3.1394000000000006,0.2594000000000003,-2.6041,2.4494000000000007,1.7104000000000004,1.5632000000000004,0.7224000000000003,5.7713,2.496100000000001,1.2594000000000003,-1.6428999999999998,-1.1113999999999997,0.14570000000000038,0.5134000000000003
2017-10-27,2.9465000000000003,3.6899,3.409900000000001,0.24990000000000023,-1.2963,5.1399,1.7611000000000003,1.7207000000000003,-0.024299999999999766,5.5922,2.3546000000000005,-0.23009999999999975,-1.5709999999999997,-1.0951,0.1565000000000003,0.5041000000000002
2017-11-03,2.6092999999999997,1.5414000000000003,2.8613999999999997,0.37139999999999995,-3.5370000000000004,2.2914,1.4967,0.9470000000000001,1.0282,4.8494,2.1908000000000003,0.20140000000000002,-1.3094000000000003,-1.0477,0.5308999999999999,0.5406
2017-11-10,2.4757000000000002,2.0904,4.3404,0.4503999999999999,-2.6205000000000003,2.0803999999999996,1.5178,0.49770000000000014,1.0472000000000001,4.3194,2.1647999999999996,0.5404000000000002,-1.3941000000000001,-0.9953999999999998,0.6137000000000001,0.48960000000000004
2017-11-17,2.1846,1.9842000000000004,3.3242000000000003,0.34419999999999984,-2.3785000000000003,1.2541999999999995,1.4432,-1.9982000000000002,-1.6578,4.0425,2.1269,-1.5057999999999998,-1.4249000000000003,-1.0834,0.5303,0.4570000000000001
2017-11-24,2.689,0.7088000000000001,2.3188,0.17880000000000007,-2.4286000000000003,0.6288,1.2861000000000002,0.009200000000000319,-2.4951999999999996,4.056299999999999,2.369700000000001,-0.6111999999999999,-1.5150000000000001,-1.1925,0.4264000000000001,0.3975000000000002
2017-12-01,2.8727,2.4914000000000005,1.7814000000000005,1.0214,-1.9987,0.8114000000000003,1.488,0.3421000000000002,-0.6567999999999998,3.9210000000000003,2.2692000000000005,1.3114000000000003,-3.0458,-1.8119999999999998,-0.5520999999999998,-0.31379999999999997
2017-12-08,2.4739,1.9934000000000003,1.1634000000000002,0.45340000000000014,-1.9488999999999999,1.2633999999999999,1.3738,-0.31289999999999996,-0.7387999999999997,4.311100000000001,1.7398000000000007,-1.0765999999999998,-3.0698,-2.397,-1.1099,-0.6187
2017-12-15,2.7878499999999997,2.05215,1.2821500000000006,0.6421500000000002,-0.8218499999999997,0.9721500000000001,1.27105,-0.48834999999999984,-1.28595,4.08525,1.05905,-0.11784999999999979,-4.04235,-3.6126499999999995,-1.7333500000000002,-1.25705
2017-12-22,2.9212,1.4889000000000006,0.3988999999999998,-0.14109999999999978,-2.7348999999999997,0.4689000000000001,1.4951,-0.49439999999999973,-2.13,3.2584000000000004,1.4822000000000006,-1.9110999999999998,-3.2908,-2.8939,-1.6803,-1.0518
2017-12-29,2.4519,0.6994000000000005,0.6494000000000009,0.7294000000000003,-1.1854999999999996,-0.9305999999999996,1.3264000000000002,-0.5328999999999997,-4.521399999999999,3.9186000000000005,2.354000000000001,0.2594000000000003,-1.8317999999999997,-1.1350999999999998,0.08880000000000021,-0.2014999999999998
2018-01-05,2.24885,-0.46814999999999984,0.4818500000000001,0.14185000000000014,0.09654999999999991,-0.1581499999999998,1.37375,-0.7947499999999998,-2.0111499999999998,4.2700499999999995,1.7963500000000003,1.72185,-1.7070500000000002,-1.0362500000000001,-0.4172499999999999,0.00495000000000001
2018-01-12,2.3667,-0.05959999999999965,0.7003999999999997,0.05040000000000022,-0.6054999999999997,-0.36959999999999993,1.3419,0.10289999999999999,-0.8936,4.113199999999999,1.9121000000000006,1.8004000000000002,-1.7403,-1.043,-0.46009999999999995,0.12360000000000015
2018-01-19,2.70915,-0.9989499999999998,0.7510500000000007,0.29105000000000025,-1.02405,1.12105,1.3374500000000002,0.7944500000000001,-2.02395,4.93525,1.7584500000000007,2.8510500000000008,-1.72895,-1.06835,-0.45124999999999993,0.15115000000000012
2018-01-26,3.4465000000000003,-0.6565999999999999,1.0934000000000004,0.34340000000000037,0.4380000000000004,0.45340000000000047,1.1088000000000002,0.23470000000000013,-2.612,4.044700000000001,1.5139000000000005,2.2934,-1.8255,-1.0822999999999998,-0.4661999999999997,0.19150000000000023
2018-02-02,3.0769,-1.3211,2.3989,1.0189,2.6148000000000002,1.7189000000000005,1.8802,1.1885,-1.0086,4.2258000000000004,2.6035,4.9989,-1.7972000000000001,-1.152,-0.9469999999999998,0.3689
2018-02-09,3.5086000000000004,2.5279,2.5079,1.1679000000000002,4.444700000000001,1.6279,1.8754000000000002,1.1843,-1.9727999999999999,4.3262,2.9564999999999997,3.3779,-1.5782,-1.1485999999999998,-0.9785999999999997,0.36670000000000025
2018-02-16,3.2667499999999996,0.6062500000000002,2.38625,0.76625,1.2247499999999998,2.3062500000000004,1.92205,0.5187499999999998,-5.41835,4.05065,2.96595,0.32624999999999993,-1.3910500000000001,-1.04965,-0.8190499999999998,0.38395
2018-02-23,3.03185,3.33435,3.13435,1.0643500000000001,3.1620499999999994,3.4243500000000004,2.0798500000000004,0.64725,-1.61665,3.64975,2.7911500000000005,-0.8156499999999998,-1.47445,-1.06835,-0.8682499999999997,0.38485000000000014
2018-03-02,1.5555000000000003,3.3914000000000004,4.731399999999999,0.9514000000000002,2.9064,2.5514,1.6884000000000001,1.8592000000000002,-2.6051,4.2834,3.1687000000000003,0.5914000000000001,-1.7142999999999997,-1.4215999999999998,-1.6271999999999998,-0.2529999999999999
2018-03-09,1.9608000000000003,4.2393,4.0893,0.7793000000000001,2.4062,3.5693,1.6455000000000002,0.34540000000000015,-2.3750999999999998,4.0376,3.0537,-0.02069999999999994,-1.7369999999999997,-1.4787,-1.666,-0.47009999999999996
2018-03-16,1.8052000000000006,2.2226000000000004,3.9525999999999994,0.4126000000000001,2.5271000000000003,1.6425999999999998,1.4571,0.5618000000000003,-5.2215,3.6985,2.9444,0.1926000000000001,-2.097,-1.4731999999999998,-1.7108999999999996,-0.43979999999999997
2018-03-23,1.4922,1.6129999999999995,4.2429999999999986,-1.357,0.1957000000000002,3.923,1.5910000000000002,0.15790000000000015,-4.1512,3.4257,2.8426,1.3630000000000002,-1.5878999999999999,-1.1646,-1.3295,-0.27760000000000007
2018-03-30,1.6263,1.4883000000000002,2.4783,0.21830000000000016,1.7807000000000002,3.7482999999999995,1.5075,0.5093000000000003,-4.1907,3.0819,3.0300000000000002,0.29830000000000023,-1.2721999999999998,-0.8746999999999998,-1.0011999999999999,-0.06580000000000008
2018-04-06,2.2851,2.5410999999999992,2.731099999999999,0.5610999999999999,2.5105999999999997,2.2510999999999997,1.8645999999999996,1.4274999999999998,-1.4692000000000005,3.933299999999999,3.440699999999999,0.5910999999999997,-1.2052000000000003,-0.9531000000000001,-0.37870000000000026,0.07380000000000009
2018-04-13,2.0195,2.2593000000000005,3.3693000000000004,0.44930000000000003,2.6943,1.7993000000000001,1.7488,1.1836,0.4617,4.125,3.6199,4.2293,-1.1419,-0.9541999999999999,-0.3345,0.028200000000000225
2018-04-20,2.46785,5.12255,4.57255,0.74255,1.68035,1.53255,2.0272499999999996,2.06525,-0.8202500000000001,4.278849999999999,3.6222499999999997,1.52255,-1.01485,-0.91595,-0.3238500000000002,0.07075000000000009
2018-04-27,2.69475,4.53225,3.85225,1.0622500000000001,1.83675,0.5222500000000001,2.26855,2.33625,-0.70255,4.04585,3.7358499999999997,-1.85775,-1.10385,-0.94065,-0.35835000000000017,-0.02664999999999984
2018-05-04,2.98365,12.40285,3.94285,0.51285,3.07525,1.0328500000000003,2.3995499999999996,1.5225499999999998,-0.40834999999999977,4.9003499999999995,4.242450000000001,2.2828500000000003,-1.1997499999999999,-0.5240499999999999,0.28384999999999994,0.31084999999999985
2018-05-11,2.7875000000000005,7.173399999999999,3.4534000000000002,0.8634000000000002,2.7110000000000003,2.0634000000000006,2.3405,0.1765000000000001,-2.9589,4.732100000000001,4.4358,-1.8066,-1.1519999999999997,-0.5504,0.2810999999999999,0.29779999999999984
2018-05-18,2.8052,5.458399999999999,4.148399999999999,0.6083999999999998,2.6969000000000003,1.9483999999999995,2.2040999999999995,1.4624,-0.5423,4.2152,4.5401,0.0484,-1.087,-0.6852,0.1702999999999999,0.1720999999999997
2018-05-25,2.8718000000000004,5.176,3.9859999999999998,0.6259999999999999,2.2258,2.596,2.2792,0.6803999999999999,-0.9284999999999999,4.0399,4.6798,3.006,-1.3978,-0.8097999999999999,0.05709999999999993,0.02139999999999964
2018-06-01,2.9315999999999995,4.4491,3.6990999999999996,0.5590999999999997,1.5126,1.9790999999999999,2.1914,0.08979999999999966,-1.4568000000000003,4.600999999999999,4.8152,-0.6209000000000002,-2.0747,-1.6079000000000003,-0.05530000000000035,0.07519999999999971
2018-06-08,2.95995,12.54005,4.90005,0.2900499999999999,3.7034499999999992,2.580050000000001,2.15475,0.6303499999999997,-0.8260500000000002,4.92295,4.63845,-0.7399500000000003,-2.06805,-1.7361500000000003,-0.2532500000000004,0.03224999999999967
2018-06-15,3.1872000000000007,7.7194,3.6294000000000004,0.3093999999999999,2.9059,2.729400000000001,2.107,1.806,-0.6186,4.814,4.519900000000001,-1.8706,-1.9876999999999998,-1.5082,-0.1504000000000003,0.30969999999999986
2018-06-22,3.0035,11.555200000000001,2.7451999999999996,0.4051999999999998,2.3125,0.6752000000000002,2.0972999999999997,1.7941999999999998,-0.3690000000000002,3.6519,4.458699999999999,3.9151999999999996,-1.8136,-1.5689000000000002,-0.26400000000000023,0.23359999999999959
2018-06-29,2.4704999999999995,4.4664,4.1564,1.1163999999999998,4.144799999999999,1.2264000000000004,2.1124,2.085,-0.46650000000000014,4.774799999999999,4.3472,0.3363999999999998,-1.8721,-1.4324000000000003,0.08729999999999949,0.34999999999999964
2018-07-06,1.8155,6.8994,3.6493999999999995,0.9994000000000001,4.7547,1.5694,2.0023,1.9618,0.3509000000000002,3.3737,4.3299,0.1894,-2.0285,-1.3403,0.19350000000000023,0.09600000000000009
2018-07-13,1.8215000000000001,7.5733999999999995,2.2734,0.9934000000000001,1.8757999999999997,1.9034,2.0263999999999998,1.7755000000000003,1.0398,3.5556000000000005,4.354900000000001,-0.9165999999999999,-2.1315,-1.2932000000000001,0.26800000000000024,0.23259999999999992
2018-07-20,2.2464,7.9674,3.0273999999999996,1.1874,3.3606,1.1173999999999995,2.0274,1.8283,-0.20629999999999993,3.4804,4.4604,1.5374,-2.0993000000000004,-1.3014000000000001,0.2714000000000003,0.23540000000000005
2018-07-27,1.5243,2.7754,2.6854,1.0554000000000001,1.5393999999999997,0.40539999999999976,2.049,1.3528,-0.5044999999999997,3.5220000000000007,4.660499999999999,0.6753999999999998,-2.2682,-1.3172000000000001,0.2667000000000004,0.2371000000000001
2018-08-03,1.6034999999999997,6.3403,3.1403000000000003,1.5102999999999998,0.8653,-1.4696999999999998,2.2253,0.883,-0.013400000000000079,2.8508999999999998,4.1775,2.5903000000000005,-2.3598,-1.4894000000000003,0.05719999999999992,-0.2883
2018-08-10,1.2597,5.3633999999999995,3.6934,1.7034,0.6054000000000002,-0.39659999999999984,2.1220999999999997,1.1116000000000001,-0.09149999999999991,3.2716999999999996,4.2256,-1.3466,-2.3324,-1.532,0.015700000000000047,-0.29059999999999997
2018-08-17,2.1319,9.807400000000001,6.4674,1.5273999999999999,0.46950000000000003,-0.5025999999999997,2.0769,1.0432000000000001,-1.5962,3.1412999999999998,4.254899999999999,6.9674,-2.363,-1.5066000000000002,0.005600000000000049,-0.3010999999999999
2018-08-24,1.6572999999999998,4.5714,4.9414,1.3514,5.0306999999999995,-0.8985999999999996,2.1475999999999997,0.15170000000000017,-1.4059,2.992699999999999,4.2532,0.4014000000000002,-2.3925,-1.5027000000000004,0.06590000000000007,-0.3165
2018-08-31,1.3687,31.454899999999995,6.2249,0.9149,8.070699999999999,-0.39509999999999934,1.8077999999999999,0.3811,-0.8976999999999999,2.971,3.8968,1.4449,-2.7470999999999997,-1.7798000000000003,-0.8387,-0.4229999999999998
2018-09-07,3.4568000000000003,18.8064,5.3764,0.9764000000000004,2.3346,1.4464000000000006,1.6911,0.21440000000000015,-0.8721999999999999,2.7222999999999997,3.7145,2.6364000000000005,-2.7767999999999997,-1.8522999999999996,-0.9929999999999997,-0.5912999999999995
2018-09-14,2.3044000000000007,7.5464,4.8164,0.9564000000000004,1.7714,0.2964000000000011,1.6652,-0.6391,-1.3851999999999998,2.5645000000000007,3.6160000000000005,-1.3636,-2.9168,-1.9741999999999997,-1.0807999999999998,-0.6970999999999996
2018-09-21,2.7557,4.3134,4.743399999999999,0.8634000000000002,1.3893,0.27340000000000053,1.6234,-1.0253,-2.1933,2.4471999999999996,3.6309999999999993,4.4534,-2.9688999999999997,-2.0402,-1.1014000000000002,-0.7270999999999999
2018-09-28,2.9391000000000003,3.4564,5.6364,0.7264000000000004,2.749,-0.9335999999999989,1.3934000000000002,-0.13199999999999967,-1.7282999999999995,1.6382999999999996,3.6031000000000004,2.9264,-3.0285999999999995,-2.0391999999999997,-1.0247999999999997,-0.7076999999999996
2018-10-05,2.8401,11.3584,9.148399999999999,-0.3016000000000001,2.3949,1.6284,1.1044,0.33099999999999996,-0.3050999999999999,1.901299999999999,2.9721,-3.4516,-3.6136,-2.4032,-1.2857,-0.44010000000000016
2018-10-12,1.5973000000000002,9.6904,4.3604,-0.4296000000000002,3.4758999999999993,-0.7296000000000009,1.0348,0.7996999999999996,-0.9051000000000002,1.4537999999999998,3.0004999999999997,3.1804,-3.6409000000000002,-2.4151000000000002,-1.348,-0.3565000000000005
2018-10-19,1.113,5.548399999999999,3.8384,-0.6016000000000004,3.487,-1.6616000000000009,1.0844999999999998,0.6565999999999996,-1.6540000000000001,1.5540999999999991,3.0337000000000005,-3.1716,-3.4998000000000005,-2.3678000000000003,-1.2823,-0.3001000000000005
2018-10-26,1.5897000000000001,4.170400000000001,3.1804000000000006,-0.7096,2.1304,-2.4596000000000005,1.0931,1.4586999999999999,-1.6037000000000001,1.9586000000000006,3.1078,-1.7196,-3.3674,-2.3301000000000003,-1.2202,-0.21610000000000018
2018-11-02,1.0833,1.6753999999999998,3.1453999999999995,-0.014600000000000168,1.7614999999999998,-2.6846000000000005,1.3413,1.2667,-3.651,1.5250000000000004,3.928099999999999,0.26539999999999964,-3.246,-2.2089,-1.0836000000000001,-0.1400999999999999
2018-11-09,1.4040999999999997,3.1748999999999996,4.0249,0.06489999999999996,1.0917,-1.1651000000000002,1.389,1.469,-1.2388000000000001,1.7567,3.9989999999999988,0.8148999999999997,-3.1475999999999997,-2.2205,-1.1013000000000002,-0.12029999999999985
2018-11-16,1.5261,0.7993999999999999,3.4194000000000004,0.12939999999999996,1.6449,-2.4406000000000003,1.5110000000000001,2.0186,-1.7884999999999998,1.026100000000001,3.927999999999999,-2.1406,-3.26,-2.1471999999999998,-1.0953,-0.08139999999999992
2018-11-23,1.6406999999999998,2.6778999999999997,3.2978999999999994,-0.09210000000000007,1.2492999999999999,-2.9221000000000004,1.6321999999999999,2.0589000000000004,-0.8537000000000001,0.6983000000000001,4.0344,-0.9021000000000001,-3.1532,-2.199,-1.0991,-0.12349999999999994
2018-11-30,1.5827,0.09340000000000037,4.1334,-0.7265999999999997,3.8628,-2.8365999999999993,1.6712000000000005,0.9210000000000005,-1.1050999999999997,0.6048000000000009,3.3108000000000013,-1.9865999999999995,-4.251799999999999,-3.0536999999999996,-2.0398999999999994,-0.09469999999999956
2018-12-07,0.8167999999999997,4.9094000000000015,3.1894000000000005,-1.2006,1.7488000000000001,-1.540599999999999,1.4927000000000001,0.4188000000000003,-0.4321999999999999,0.7938000000000005,3.2118,-0.7805999999999997,-3.9476999999999998,-3.0067999999999997,-2.2603999999999997,-0.0694999999999999
2018-12-14,0.6833999999999998,6.035400000000001,5.3154,-1.6345999999999998,2.852,-1.0545999999999998,1.5296999999999998,0.8696000000000002,-0.9990000000000001,0.7811000000000003,2.4907000000000004,-3.3146,-3.6932,-2.9069,-2.0641999999999996,-0.039999999999999813
2018-12-21,0.7908,4.575400000000002,4.0154000000000005,-0.8145999999999998,2.6271,1.155400000000001,1.6850000000000003,1.5335000000000005,-2.8697,-0.01459999999999928,2.1164000000000005,-1.4945999999999995,-4.2012,-2.6492999999999998,-1.5459999999999996,-0.20669999999999966
2018-12-28,0.7063999999999999,2.1084,3.8583999999999996,-0.2916000000000001,-0.6856,-1.1315999999999997,1.5416,0.8047,-0.7286999999999999,0.1875,3.045700000000001,-0.7216,-2.9591000000000003,-2.3504,-1.1225000000000003,-0.0927
2019-01-04,0.44700000000000006,1.7664000000000004,3.7164,0.036399999999999766,2.556,-0.31360000000000054,1.0219999999999998,0.2818999999999998,-0.10650000000000004,1.3157999999999999,2.640499999999999,-2.8136,-3.1337,-2.253,-0.9121000000000004,-0.6142000000000001
2019-01-11,0.4901,2.9541,3.9741,-0.04590000000000005,1.1653,-0.9259,0.9056,0.7685,0.9725999999999999,1.0475999999999996,2.7198000000000007,-0.9158999999999997,-3.0620000000000003,-2.265,-0.9061999999999999,-0.5840000000000001
2019-01-18,0.5913999999999997,6.674399999999999,4.594399999999999,-0.23560000000000025,3.3846,0.29439999999999955,1.0085999999999995,1.4326999999999996,1.0444999999999998,0.8856999999999999,2.8124999999999996,1.6943999999999995,-3.1738000000000004,-2.3112000000000004,-0.9325000000000003,-0.6010000000000002
2019-01-25,0.055199999999999694,3.7103999999999995,4.2404,-0.1596000000000004,3.8015999999999996,-0.8396000000000003,0.8914999999999997,1.6903999999999995,0.9428999999999998,1.2480999999999995,2.8718,2.1204,-3.2907000000000006,-2.3240000000000003,-0.9259000000000002,-0.6223000000000003
2019-02-01,-0.48540000000000005,4.185899999999999,5.225899999999998,0.10589999999999988,0.4782999999999995,0.32589999999999986,0.7944,1.4092999999999998,-0.17280000000000006,0.024699999999999722,2.9936000000000003,3.5659000000000005,-3.4686000000000003,-2.5519,-1.1232,-0.2984
2019-02-08,-0.8574999999999999,5.6374,4.867399999999999,0.20740000000000003,1.7938999999999998,-0.1526000000000005,0.8122000000000003,1.7299,0.4769000000000001,0.9371000000000005,3.1104999999999996,-2.6226,-3.4358,-2.5382,-1.1365999999999998,-0.31779999999999986
2019-02-15,-0.3036000000000001,7.5474000000000006,5.8473999999999995,0.08739999999999992,2.1693,0.017399999999999416,0.7928999999999999,0.9837,2.5382,1.3625000000000003,3.361,-1.5426,-3.4480000000000004,-2.5314,-1.099,-0.3591
2019-02-22,-0.27349999999999963,3.8314000000000004,4.5214,0.13140000000000018,3.5579,-0.6986000000000003,0.7497000000000003,1.3804,0.4398000000000002,0.6162000000000001,3.2077999999999993,0.19140000000000024,-3.4811,-2.5681,-1.1112,-0.42359999999999975
2019-03-01,0.13070000000000004,4.9834,4.8834,0.11339999999999995,2.5252999999999997,-0.2665999999999995,0.6210999999999998,1.5234999999999999,0.40759999999999996,0.4476,3.3913000000000006,1.4033999999999995,-4.2,-2.8773,-1.4197,-0.6798000000000002
2019-03-08,0.2326999999999999,6.385400000000001,3.395400000000001,0.1454000000000002,2.5951,1.4554000000000005,0.5248000000000002,1.0452000000000004,1.4913000000000003,0.6090999999999998,3.4843000000000006,-0.8445999999999998,-4.1744,-2.9017,-1.4315,-0.6644999999999999
2019-03-15,0.08499999999999996,2.7274000000000003,4.407399999999999,0.2873999999999999,1.9246999999999996,2.867400000000001,0.5726999999999998,0.7039,-0.35050000000000003,0.03279999999999994,3.336,0.7774000000000001,-4.2111,-2.8704,-1.4639,-0.6893
2019-03-22,0.11119999999999974,5.1904,5.340399999999999,-0.06960000000000033,-0.6247000000000003,1.6003999999999996,0.5434999999999999,0.9941,-0.013600000000000279,0.4171999999999998,3.3163999999999993,-0.5496000000000003,-4.3536,-2.9502,-1.4927000000000004,-0.8101000000000003
2019-03-29,0.17300000000000004,4.6409,6.2509,0.2808999999999999,2.1936,1.5009000000000001,0.5254999999999999,1.0469,0.4821,0.6398000000000001,3.5477000000000003,0.4609000000000001,-4.1436,-2.8973,-1.3482999999999998,-0.7494000000000001
2019-04-05,-0.3262999999999998,6.1299,5.4498999999999995,0.5899000000000001,1.4048,2.8198999999999996,0.6597,1.2335,0.5624,1.0894,3.7525,-0.19010000000000016,-4.2889,-2.3946,-1.2703000000000002,-0.6732
2019-04-12,-0.19160000000000021,5.5204,6.1004,0.6603999999999999,4.4248,4.150399999999999,0.6840999999999997,1.0687999999999998,0.25809999999999955,0.6837999999999993,3.824899999999999,-0.16960000000000042,-4.290000000000001,-2.4039,-1.3147000000000002,-0.6407000000000003
2019-04-19,-0.2976000000000001,5.6814,5.841399999999999,0.4713999999999998,6.286499999999999,2.3214,0.6229999999999998,1.2899999999999998,-0.8799000000000001,0.47279999999999944,3.8009,-1.7386000000000001,-4.3239,-2.4659,-1.3694000000000002,-0.7118000000000002
2019-04-26,-0.32769999999999966,6.748399999999999,5.4884,0.4284000000000001,2.4994000000000005,1.9784000000000006,0.7148000000000001,2.1346,1.4912999999999998,0.9998,3.8430000000000004,-0.4615999999999998,-4.3108,-2.4756,-1.3752,-0.7116999999999998
2019-05-03,-0.5265,6.6104,5.430399999999999,0.48039999999999994,2.526,1.5604,0.649,1.7593999999999999,1.4907,0.8361999999999994,3.587299999999999,-1.9996,-4.406,-2.6391999999999998,-1.6345999999999998,-0.7196
2019-05-10,0.009550000000000392,9.86995,4.59995,0.29995000000000016,3.69895,2.07995,0.7023500000000005,-0.5269499999999998,2.39235,0.8736499999999996,3.6499500000000005,-0.36004999999999976,-4.32705,-2.5660499999999997,-1.54825,-0.7070499999999997
2019-05-17,0.27935,12.11805,5.3180499999999995,0.08804999999999996,7.766749999999999,3.4480499999999994,0.7847499999999998,0.10985,4.73775,0.7296499999999999,3.6812499999999986,0.4880499999999999,-4.20505,-2.6012500000000003,-1.57335,-0.7361500000000001
2019-05-24,-0.028999999999999915,6.7444,3.4243999999999994,0.054400000000000004,5.065799999999999,1.6743999999999994,0.7259000000000002,0.9262000000000001,1.7961999999999998,1.1614999999999993,3.6794000000000002,-0.2555999999999998,-4.3202,-2.6104000000000003,-1.5947,-0.7152000000000001
2019-05-31,-0.6150500000000003,7.08305,3.26305,-0.14695000000000014,6.48855,1.16305,0.5210499999999999,-0.1755500000000001,4.00195,0.5855499999999991,3.8497499999999985,-1.04695,-4.606949999999999,-2.42785,-1.7895500000000002,-1.4495500000000001
2019-06-07,-0.6347500000000001,9.16465,3.1446500000000004,0.004650000000000265,0.4719500000000003,1.27465,0.42015000000000013,-0.4969499999999998,0.32335000000000014,0.6674500000000001,3.8149499999999996,0.34465000000000034,-4.61445,-2.37105,-1.78295,-1.4151499999999997
2019-06-14,-0.3498499999999998,5.897850000000001,3.39785,-0.38214999999999977,3.1721500000000002,1.0078499999999997,0.3913500000000002,-0.7150499999999997,0.4144500000000003,0.4115500000000001,3.3553500000000005,-1.3021499999999995,-4.406149999999999,-2.4451499999999995,-1.8794499999999998,-1.4579499999999996
2019-06-21,-0.8220499999999997,3.335750000000001,4.24575,-0.4242499999999998,2.55385,0.11575000000000002,0.3024500000000002,-0.7836499999999995,-4.8801499999999995,0.47825000000000006,3.2562500000000005,-3.6942499999999994,-4.54205,-2.4990499999999995,-1.9150499999999995,-1.6199499999999996
2019-06-28,-0.9249000000000003,2.4882,3.5982000000000003,-0.05180000000000007,3.9444000000000004,-0.4318000000000002,0.23489999999999978,-0.4416,-1.4867,0.4449999999999994,3.3362999999999996,-2.6418,-4.4402,-2.4555000000000002,-1.7534,-1.4966
2019-07-05,-1.3388,4.6568000000000005,2.5968,-0.053199999999999914,-1.3506,0.05679999999999996,0.45540000000000025,-0.025699999999999945,-0.3919999999999998,1.2839,3.5637000000000003,-0.48319999999999963,-4.193899999999999,-2.7203,-1.9092999999999998,-1.2524
2019-07-12,-1.1798000000000002,1.8992999999999998,1.7892999999999994,0.03929999999999989,-1.1242,0.2692999999999999,0.45919999999999983,0.05779999999999996,-0.5944000000000002,1.7264999999999997,3.6688000000000005,0.3292999999999999,-3.9531,-2.5747,-1.7984000000000002,-1.1041
2019-07-19,-0.9785000000000004,2.7635000000000005,2.7234999999999996,-0.03649999999999998,-0.7618,0.45349999999999957,0.6881999999999999,0.49349999999999994,-3.3513,1.2965,3.6847000000000008,0.4135,-3.8018,-2.5479000000000003,-1.7267,-1.0190000000000001
2019-07-26,-0.8492000000000002,1.4649999999999999,2.3149999999999995,-0.2749999999999999,-2.0827,0.685,0.6104,0.7485999999999998,-2.0657,1.3229000000000002,3.7217999999999996,-1.7049999999999998,-3.9680999999999997,-2.4693000000000005,-1.6034,-1.0099
2019-08-02,-0.2146999999999999,7.309999999999999,4.0600000000000005,0.10000000000000009,-3.2767,1.5599999999999998,1.1567999999999998,0.7036,1.2881,1.6063999999999996,4.0634999999999994,-1.1900000000000002,-3.5618,-1.9732,-1.2861,-0.8110000000000002
2019-08-09,-0.2660500000000001,3.774650000000001,3.6346500000000006,0.40464999999999995,-5.88715,1.5346499999999998,1.21615,0.5846499999999999,-0.18825000000000003,1.8615499999999996,4.110950000000002,-1.0553500000000002,-3.56905,-1.9548500000000002,-1.33565,-0.81565
2019-08-16,-0.13299999999999979,3.5465,4.0265,0.046499999999999986,1.0075,2.2065,1.1774999999999998,2.3458999999999994,-1.7428,1.7528999999999997,4.049599999999999,-0.8735000000000002,-3.7365000000000004,-1.9976,-1.3224000000000002,-0.8185000000000002
2019-08-23,0.8485000000000003,2.5145,4.2844999999999995,0.5045,-0.19169999999999998,1.8144999999999996,1.2023,1.2821,-1.4195000000000002,1.1553999999999995,4.396900000000001,-1.1955000000000002,-3.4755,-1.8626000000000003,-1.1313000000000002,-0.7035
2019-08-30,0.19199999999999995,2.6825,4.032500000000001,0.4025000000000001,3.7926,1.6324999999999996,1.2276,1.9768999999999999,-2.0244,1.2434999999999998,4.3322,-1.0075,-3.6098,-1.9738,-1.3213000000000001,-0.6761000000000001
2019-09-06,-0.3534499999999998,2.1218499999999993,4.05185,0.7318500000000001,1.68395,2.2418500000000003,1.0789499999999999,1.68355,-2.06615,0.9415500000000001,4.620449999999999,-1.2681499999999997,-3.54765,-2.01795,-1.23645,-0.6186499999999999
2019-09-13,-0.19599999999999973,3.4707,3.8007,0.5506999999999997,1.746,2.9107000000000003,1.0861999999999998,-0.30210000000000004,-5.232200000000001,0.7385000000000004,4.3180000000000005,-1.4793,-3.3391,-1.8728,-1.1215000000000002,-0.5687
2019-09-20,0.23520000000000008,2.8832000000000004,4.0132,0.8332000000000002,7.0725,1.8832000000000002,0.8940999999999999,1.3396000000000001,-4.455,0.8702999999999996,4.8186,-1.6167999999999998,-3.2884,-1.8271,-1.0745999999999998,-0.5872999999999999
2019-09-27,0.02650000000000019,2.066299999999999,2.4663000000000004,1.0263,2.4632999999999994,1.9163,1.0725999999999998,1.4807,-1.3704999999999998,1.0576999999999994,4.6993,-1.5636999999999999,-3.1688,-1.7676,-0.7746,-0.5983999999999998
2019-10-04,-0.4178500000000003,2.085349999999999,2.80535,1.47535,2.71375,2.4053499999999994,1.1294499999999996,1.4519499999999999,-3.1487499999999997,1.78365,4.73885,-1.00465,-2.8653500000000003,-1.5073500000000002,-0.66065,-0.32705000000000006
2019-10-11,-0.24849999999999994,2.4814999999999996,1.6514999999999995,1.4615,3.3198,2.4615,1.0672,1.8328999999999998,-4.3671,1.4433,4.9072,-0.4085000000000001,-2.7946999999999997,-1.3758,-0.5697000000000001,-0.21799999999999997
2019-10-18,-0.2607999999999999,2.7509999999999994,2.0709999999999997,1.391,1.5785999999999996,2.141,1.1108999999999998,1.7856999999999998,-3.7152000000000003,1.9685999999999997,4.8747,-0.4890000000000001,-2.667,-1.323,-0.5087999999999999,-0.25370000000000004
2019-10-25,-0.30859999999999976,0.5539999999999996,1.3639999999999999,1.614,2.0521,2.634,1.1595,1.4954,-2.4154999999999998,1.5458,4.8127,-1.016,-2.6156999999999995,-1.2544,-0.3805999999999998,-0.13819999999999988
2019-11-01,-0.7928999999999999,1.5110000000000003,0.6609999999999996,1.421,0.6347,2.591,1.1727,1.7405,-3.2568999999999995,2.1422999999999996,4.7052000000000005,-1.5190000000000001,-2.5399,-0.9415,-0.16459999999999986,0.16790000000000016
2019-11-08,-0.7728999999999999,3.0390999999999995,0.6090999999999998,1.3591,-1.7496000000000003,2.8391,1.2202,2.1372999999999998,-1.6180999999999996,2.2843999999999998,4.7851,-1.2709000000000001,-2.4622,-0.8664999999999998,-0.07519999999999993,0.1482000000000001
2019-11-15,-0.4574999999999998,2.9555,1.3255,1.3555,-0.24770000000000003,2.7255000000000003,1.3084,2.2428,-1.0918999999999999,2.0218999999999996,5.1644000000000005,-3.7645,-2.3259999999999996,-0.8085,-0.02159999999999984,0.18410000000000015
2019-11-22,-0.7773999999999996,3.46,0.6600000000000001,1.55,-1.348,2.41,1.2948000000000002,1.9947000000000001,-0.3261999999999998,1.7841000000000007,4.9998000000000005,-1.98,-2.4851,-0.8138999999999998,-0.037699999999999845,0.15760000000000018
2019-11-29,-0.7874999999999996,3.183,-0.21700000000000053,1.223,1.1183,1.8630000000000002,1.2672,2.2157999999999998,-0.22099999999999986,1.5994000000000004,3.8605,-2.827,-2.9789,-1.5606,-1.1626999999999996,-0.1601999999999999
2019-12-06,-1.0986999999999998,0.768,-0.49199999999999955,1.4480000000000002,1.4968000000000004,2.398,1.4727000000000001,2.3315,0.2543000000000002,1.2116000000000007,3.7833000000000006,-1.0319999999999998,-3.3854999999999995,-1.4134999999999995,-1.1311999999999998,-0.10240000000000005
2019-12-13,-1.0013,-0.39339999999999975,0.21660000000000013,1.2566000000000002,1.6179000000000001,2.5966000000000005,1.5145,2.1661,-2.9584000000000006,0.8145000000000002,3.3427999999999995,-1.1934,-3.392,-1.4272,-1.0405000000000002,-0.18369999999999997
2019-12-20,-0.9215,2.8699999999999997,0.36999999999999966,1.12,1.4886000000000001,2.91,1.6103999999999998,2.5403000000000002,-2.4811,0.9015,4.5808,-1.73,-3.3005999999999998,-1.3502,-0.6671999999999998,-0.3068000000000002
2019-12-27,-1.1966499999999998,2.68085,0.5508500000000001,0.6008500000000001,1.2732500000000002,3.44085,1.5403499999999999,2.31775,-4.1709499999999995,0.57745,4.67415,-0.70915,-3.3768499999999997,-1.03945,-0.0744499999999999,-0.35355000000000025
2020-01-03,-1.0050000000000001,2.9859999999999993,-1.0339999999999998,0.9659999999999999,0.5727999999999998,1.546,1.5563999999999998,1.0319999999999998,-1.4700000000000002,0.4180999999999999,5.2730999999999995,-0.49400000000000044,-3.0761000000000003,-0.9028000000000003,-0.13590000000000035,0.35809999999999964
2020-01-10,-1.0353000000000003,0.5609999999999995,-1.779,0.7809999999999999,2.5488999999999997,2.221,1.5783999999999998,1.8088,-2.6301,0.5161000000000007,4.7888,-0.37900000000000045,-3.1183,-0.9577000000000002,-0.16280000000000006,0.3869999999999998
2020-01-17,-0.6768000000000003,2.522699999999999,-1.6872999999999996,0.9227,1.6275,1.3926999999999998,1.5936,2.0335,-2.6786999999999996,0.05860000000000021,5.0599,-0.3773000000000004,-3.0341,-0.9636000000000002,-0.1574000000000002,0.4025999999999996
2020-01-24,-0.8262,1.6464999999999996,-1.7035,0.8165,3.7022,1.1065,1.5041999999999998,4.0672,-2.4456,0.41110000000000024,5.0318,-0.4035000000000002,-3.0331,-0.9868000000000001,-0.17210000000000014,0.38829999999999965
2020-01-31,-1.2694000000000005,7.5541,-0.06589999999999918,0.8640999999999999,-0.07330000000000014,1.2740999999999998,1.8466999999999998,4.1751,-1.2476000000000003,0.8019999999999992,4.780199999999999,-0.2559,-3.3855000000000004,-0.9371999999999998,0.06329999999999991,0.34319999999999995
2020-02-07,-1.8527000000000005,6.6434999999999995,-0.9965000000000002,0.7835000000000001,3.6474999999999995,1.7035,1.787,2.1281,-0.25970000000000015,1.1056999999999997,4.725,-0.7665,-3.3253000000000004,-0.9451,0.06030000000000002,0.3537000000000001
2020-02-14,-1.9813000000000003,4.067399999999999,-1.3026,0.9074,5.4839,1.1973999999999998,1.6785999999999999,3.5897,-1.9778,0.7013999999999996,4.603199999999999,-0.8226,-3.0163,-0.9838999999999998,0.010900000000000132,0.2659
2020-02-21,-1.6905000000000001,15.637099999999998,-0.7228999999999992,0.9971000000000001,4.2191,2.7571,1.6112,4.6467,-0.3840000000000001,0.6263999999999998,4.709199999999999,-0.9528999999999999,-3.2193,-1.0006999999999997,0.014000000000000012,0.22030000000000016
2020-02-28,-1.8768000000000002,22.7545,2.6944999999999997,0.9945000000000002,2.9093999999999998,3.0145000000000004,1.5564,3.0612,-1.6514,0.7275999999999998,5.039899999999999,-1.1155,-3.1473000000000004,-1.0511,-0.09829999999999983,0.16500000000000004
2020-03-06,-1.6475000000000004,10.1455,7.9355,1.4954999999999998,7.6957,2.9755,2.1523999999999996,3.375,-1.8159999999999998,0.6614,4.5283999999999995,-1.1145,-2.0799000000000003,-0.3609000000000002,0.3969999999999998,0.32759999999999967
2020-03-13,-1.4757000000000005,11.0425,8.7925,-1.5974999999999997,7.0868,6.3325,2.1651,2.3610999999999995,-6.675500000000001,1.6312000000000002,5.0008,-1.6675,-2.2948000000000004,-0.5194000000000001,-0.9706999999999999,0.5541999999999996
2020-03-20,-1.5582000000000003,17.8444,9.6344,-0.5056,5.6091999999999995,23.514400000000002,2.7741999999999996,3.3863,-5.9817,1.4712,5.291899999999999,-0.8356000000000001,-1.7448000000000006,0.4484999999999999,-0.024899999999999922,1.0360999999999998
2020-03-27,-1.8756000000000004,5.025499999999999,25.4955,1.5354999999999999,0.38929999999999976,10.165500000000002,2.7577999999999996,3.0961,-5.0016,2.5881,4.7528,-1.6845,-1.8450000000000006,0.7327999999999999,0.8548,1.0408999999999997
2020-04-03,-1.1571999999999998,23.276,15.366,1.2759999999999998,13.332299999999998,9.236,2.5846,4.1165,-2.7407,3.225600000000001,5.8729000000000005,-2.834,-0.6177999999999999,1.0781,1.449,1.4841
2020-04-10,-1.0323999999999998,0.07500000000000018,9.045,0.905,5.7377,2.695,2.4036999999999997,4.3911,-7.1478,2.0454000000000003,5.8024,-3.405,-0.5792999999999999,0.9797,1.1457000000000002,1.2563
2020-04-17,-1.0156999999999998,8.6295,4.7995,0.4794999999999999,6.7802,4.269499999999999,2.4599,5.0808,-5.712300000000001,2.1470000000000002,5.2208,-2.7405,-0.9796999999999998,0.9989000000000001,1.4540000000000002,1.4952
2020-04-24,-1.1691999999999998,25.5208,4.940799999999999,0.6108,3.8525,1.7408000000000001,2.2992,2.9383,-5.2133,2.2324,5.852,-2.4392,-1.1141999999999999,0.8091,1.3408,1.2586
2020-05-01,-1.5327,24.7795,-2.0404999999999998,0.3095,5.6746,-0.4005000000000001,1.3829,3.4758,-5.4998000000000005,1.3519999999999999,4.6263000000000005,-3.4805,-0.9953000000000001,-0.1932,0.17209999999999998,1.0084
2020-05-08,-1.3184,16.434,0.11399999999999988,0.244,5.1918,1.6340000000000003,1.2507,4.0301,-3.2457,1.0703,4.7289,-2.966,-1.1609,-0.3219,0.09299999999999997,0.8708
2020-05-15,-1.2456,7.957400000000001,-1.6626000000000003,0.5374,6.834899999999999,0.4773999999999998,1.2316,3.5991,-2.9513000000000003,0.9845000000000002,4.242800000000001,-2.2426,-1.2945000000000002,-0.35359999999999997,0.11919999999999999,0.7871
2020-05-22,-0.8876,8.8626,-1.9973999999999998,0.7125999999999999,3.8705999999999996,2.5426,1.2145,3.8921,-0.42289999999999983,0.3556999999999997,4.0643,-2.6874000000000002,-1.3945,-0.35860000000000003,0.06969999999999998,0.8305
2020-05-29,-0.14619999999999989,6.432399999999999,-3.0676,0.7023999999999999,5.440899999999999,1.7123999999999997,1.1903000000000001,3.4753,-0.33679999999999977,0.02959999999999985,3.940200000000001,-2.6976,-1.6125,-0.4531,-0.05250000000000002,0.7654000000000001
2020-06-05,-0.2474999999999996,9.4818,-2.9981999999999998,0.6418,4.1909,-1.5482,1.0123,2.9577999999999998,-2.6698999999999997,0.43750000000000044,2.6391000000000004,-2.0282,-1.6481000000000001,-0.5775,-0.3832,0.7482
2020-06-12,-0.13890000000000002,16.536,-2.144,0.11600000000000005,4.7844999999999995,0.806,1.0222,2.9759,-4.821199999999999,0.14369999999999994,2.1605000000000003,-2.554,-1.7274,-0.6432,-0.42819999999999997,0.656
2020-06-19,-0.1115999999999997,16.7106,-2.0494000000000003,0.24060000000000004,7.3416,1.2406000000000001,1.0554000000000001,3.6124,-4.4513,0.02000000000000024,2.4975,-2.4594,-2.5052000000000003,-0.6031000000000001,-0.3373,0.5637
2020-06-26,-0.27419999999999956,10.706,-2.534,0.636,0.04900000000000038,0.996,1.0559,3.5399,-3.8060999999999994,-0.07509999999999994,2.1925000000000003,-3.234,-2.4171,-0.5562,-0.2716,0.6162
2020-07-03,0.1775000000000002,9.224,-2.206000000000001,0.534,4.5201,0.22399999999999998,1.2493,2.2314000000000003,-3.7529000000000003,0.5846000000000005,2.2126999999999994,-2.266,-1.972,-0.302,0.2403,-0.035499999999999976
2020-07-10,0.09590000000000032,10.008700000000001,-1.4513000000000016,0.3787,3.2786999999999997,1.5587000000000004,1.2006000000000001,2.1067,-2.0672,0.24500000000000033,2.3556999999999992,-2.4413,-1.7704,-0.33980000000000005,0.19169999999999998,-0.07199999999999998
2020-07-17,0.29190000000000005,13.0741,-1.5759000000000007,0.20409999999999995,3.7648,1.0641000000000003,1.2155,3.4379,-2.4999000000000002,0.32820000000000005,2.2844,-2.3559,-1.8804999999999998,-0.2988,0.26639999999999997,-0.013099999999999973
2020-07-24,0.4262999999999999,7.9788,-1.721200000000001,0.19879999999999998,3.7508,1.5288,1.2376,3.5931,-2.2527000000000004,0.06390000000000029,2.3573,-2.0112,-1.9686,-0.3163000000000001,0.2484,-0.019299999999999984
2020-07-31,0.7626999999999997,12.882100000000001,-1.7079000000000004,0.6321,4.9768,0.7621000000000002,1.5078999999999998,3.4795999999999996,-2.5205,0.2563,2.2632000000000003,-1.3479,-2.3293999999999997,0.00990000000000002,0.47839999999999994,0.9891000000000001
2020-08-07,0.9455999999999998,7.4624999999999995,-1.9575000000000005,0.6525,2.4869999999999997,0.8424999999999998,1.5280999999999998,3.4373,-2.3699000000000003,0.4294,2.3058000000000005,-1.2775,-2.3112999999999997,0.032299999999999995,0.49939999999999996,1.0215
2020-08-14,0.9775999999999998,12.871500000000001,-1.9785000000000004,0.6915,4.7884,0.8815000000000004,1.5508,3.3148,-0.8635999999999997,0.1814,2.0553,-1.6485,-2.3009,0.04459999999999997,0.5172,1.0379
2020-08-21,0.7618,0.49550000000000005,-1.6444999999999999,0.7755,4.5001999999999995,0.6154999999999999,1.5604999999999998,5.0243,-1.4099000000000002,0.4361999999999999,2.1355000000000004,-1.5445,-2.2672,0.042300000000000004,0.5345,1.0304
2020-08-28,0.8231999999999999,2.0159,-1.7141000000000002,0.8159,6.095,0.28590000000000004,1.5453999999999999,4.1845,-0.9326000000000001,0.1137999999999999,1.9671000000000003,-1.3341,-2.5326,-0.029200000000000004,0.3993,0.9895
2020-09-04,1.3901999999999999,2.9076999999999997,-1.4823000000000004,0.8077000000000001,3.7197000000000005,1.0576999999999999,1.8178,4.8531,-0.20829999999999993,0.2853000000000001,1.7157,-0.8422999999999998,-2.5134999999999996,0.8378,0.7555000000000001,1.2759
2020-09-11,1.4341000000000002,10.2513,-1.298700000000001,0.7213,4.4992,1.4812999999999998,1.8462,3.178,-2.4421,0.34830000000000005,1.7424999999999997,-0.7987,-2.3665,0.8494,0.7209000000000001,1.2442
2020-09-18,1.5161,3.0596,-1.7204000000000006,0.7196,7.6637,1.2596,1.8257,3.2046,-8.649399999999998,-0.02400000000000002,1.5537999999999998,-0.6204,-2.2189999999999994,0.8633,0.7488000000000001,1.2296
2020-09-25,2.0862000000000007,8.0137,-1.3763000000000005,0.7237,5.073,0.9336999999999998,1.8238,3.8680000000000003,-5.629,-0.23839999999999995,1.5582000000000003,-1.0463,-2.0553999999999997,0.8779,0.8083,1.2024
2020-10-02,2.4936999999999996,7.1355,-2.2944999999999993,0.6355,5.6719,0.5854999999999997,1.532,4.241899999999999,-3.1447,-0.25880000000000014,1.6333000000000006,-1.7545,-1.3476,1.1273,1.1663,0.9769999999999999
2020-10-09,2.5884,4.163,-2.736999999999999,0.8029999999999999,8.0418,1.9429999999999996,1.5259,3.1544,-7.089499999999999,-0.26870000000000016,1.6018000000000003,-1.7469999999999999,-1.4670999999999998,1.1061,1.1566999999999998,0.9986999999999999
2020-10-16,2.4644000000000004,5.9175,-2.662499999999999,0.6674999999999999,4.1837,2.2474999999999996,1.5228,3.8983999999999996,-6.769799999999998,-0.3765000000000003,1.614100000000001,-1.5525,-1.3976000000000002,1.0844,1.1501,0.9764999999999999
2020-10-23,2.2472000000000003,3.1155000000000004,-2.534499999999999,0.7454999999999998,3.6725999999999996,0.38549999999999973,1.5111999999999999,3.7192,-5.679400000000001,-0.3987000000000003,1.6156000000000001,-1.3944999999999999,-1.4155,1.0705999999999998,1.1525999999999998,0.9138999999999999
2020-10-30,2.3867000000000003,4.657500000000001,-2.1124999999999994,0.5474999999999999,5.169,-0.8725000000000003,1.5251,3.1298999999999997,-8.917,-0.1313000000000002,1.5563000000000007,-1.3225,-1.3713,1.0433,1.1179999999999999,0.9168
2020-11-06,3.3274,3.4185,-3.2115,1.5984999999999998,7.161300000000001,-0.3114999999999999,1.4941,0.6657,-6.1297,-1.2185999999999997,0.9949000000000003,-1.4115,-1.1889,0.8435,1.3258,0.5143
2020-11-13,3.5353000000000003,6.444999999999999,-3.325,1.625,4.7227,3.5650000000000004,1.5008,1.7956999999999999,-3.4896000000000003,-1.1722999999999997,0.9965000000000002,-1.465,-1.2262,0.8525,1.3395000000000001,0.5096
2020-11-20,3.3739,6.3006,-3.2294,1.4205999999999999,6.4817,0.9406000000000001,1.5142,1.6613,-1.8771999999999998,-1.5439999999999996,1.4454000000000002,-2.3494,-1.2815,0.8651,1.3148,0.5551
2020-11-27,3.6005000000000003,5.611999999999999,-3.018,1.3219999999999998,5.2228,0.18200000000000016,1.5288,1.9124999999999999,-2.0974999999999997,-2.0423999999999998,1.0642,-2.248,-1.6955,0.4832000000000001,0.9058000000000002,0.5318
2020-12-04,4.3345,4.137499999999999,-2.5224999999999995,0.5575,4.2703,-0.8725,1.4375,1.2655999999999998,-9.9801,-2.6143999999999994,1.4691000000000005,-2.2525,-1.3467000000000002,0.3802000000000001,1.3104,0.10499999999999995
2020-12-11,3.992,5.0967,-1.9932999999999996,0.7867,4.312,1.5567,1.4338,0.6549999999999998,-8.884400000000001,-2.2872999999999992,1.4134000000000002,-1.6133,-1.5061000000000002,0.32320000000000015,1.2763,-0.19940000000000002
2020-12-18,4.2239,6.056999999999999,-1.6929999999999996,-0.743,6.7692,0.567,1.4217,0.6335,-9.866000000000001,-2.8131999999999993,1.8907999999999996,-1.243,-1.7571000000000003,0.17779999999999996,1.2344000000000002,-0.16780000000000006
2020-12-25,4.1111,7.093,-1.9569999999999994,-1.1269999999999998,3.1382,0.5530000000000002,1.4377,2.4478999999999997,-6.2155000000000005,-2.5571999999999995,2.0604000000000005,-1.287,-1.8641000000000003,0.2169000000000001,1.2534,-0.07670000000000005
2021-01-01,3.5414000000000003,2.747,-0.2530000000000001,0.717,8.7558,-0.33299999999999996,1.3804999999999998,0.2469999999999999,-4.4190000000000005,-2.6449999999999996,2.4800999999999993,-1.413,-1.2753000000000003,0.8511,2.1597999999999997,0.5747
2021-01-08,2.8307,8.303,0.6830000000000003,0.703,4.827299999999999,0.633,1.3832,2.0792,-4.3774999999999995,-1.8283999999999996,2.0054,-1.937,-1.0537000000000003,0.9134,2.2261999999999995,0.5674999999999999
2021-01-15,3.3404,5.2505999999999995,1.1206,0.5105999999999999,3.655,-0.7593999999999999,1.4057,2.1018,-0.8020999999999998,-2.1588,2.3728,-2.4794,-1.0129000000000004,0.9145,2.2368999999999994,0.6003999999999999
2021-01-22,3.4492000000000003,4.9375,0.7974999999999999,0.7575,2.8335,-0.9824999999999999,1.4163999999999999,2.8907,-1.9587000000000003,-2.2207,2.3769,-1.9825000000000002,-0.9458000000000002,0.9032,2.2463999999999995,0.5726
2021-01-29,4.0393,6.2525,1.3825000000000007,0.5125,7.875500000000001,-0.3474999999999999,1.4309999999999998,2.8529,-1.7809000000000004,-2.3046999999999995,2.1349,-2.1075,-1.0007000000000001,0.9238999999999999,2.2781999999999996,0.5959
2021-02-05,4.4668,6.2245,1.8145000000000002,0.6044999999999999,5.085999999999999,-1.0955000000000004,1.2175,3.5241,-1.2751000000000001,-2.0165999999999995,1.8752999999999997,-2.0755,-0.8934000000000003,-0.23820000000000008,1.8095999999999997,0.3410999999999999
2021-02-12,4.2973,3.4725,2.1925000000000003,0.8724999999999998,2.2729,-1.4175000000000002,1.2281,2.7904,-3.4806999999999997,-1.8613999999999997,1.6850999999999998,-2.4875,-0.7705000000000002,-0.2088000000000001,1.8131999999999997,0.3714999999999999
2021-02-19,4.347700000000001,4.7299,2.1999,0.5198999999999999,1.3970999999999998,-0.3701000000000003,1.3174,3.3707000000000003,-1.8462,-1.8729999999999998,1.7143000000000002,-2.5301,-0.8688000000000002,-0.21620000000000017,1.8189999999999995,0.37359999999999993
2021-02-26,4.1657,11.217,5.647,0.4969999999999999,2.4047,7.247,1.3024,3.8693999999999997,-7.325699999999999,-2.0595999999999997,1.6993999999999998,-2.3529999999999998,-0.9041000000000002,-0.3462000000000002,1.6744999999999997,0.3101999999999999
2021-03-05,4.4841,10.5599,4.1399,0.4599000000000001,1.7511999999999999,1.2399,1.118,4.3724,-1.617,-1.8484,1.8203000000000005,-1.7101,-0.9951000000000001,-0.031300000000000106,1.7796000000000003,0.5174999999999998
2021-03-12,4.5145,6.6465,4.0465,0.6465000000000001,2.0345999999999997,1.9264999999999999,1.1448,3.6907,-2.4104,-1.6879000000000002,1.6777000000000006,-1.8935,-0.9482000000000002,-0.01660000000000006,1.8026000000000002,0.45839999999999986
2021-03-19,4.5484,5.019,4.099,0.20900000000000005,4.7744,1.7489999999999997,1.1918,4.1996,-1.0069,-1.9750999999999999,1.7762000000000002,-1.4609999999999999,-0.8685000000000002,-0.010100000000000109,1.8544,0.44269999999999987
2021-03-26,4.74995,4.43175,3.9217499999999994,0.36175,3.1809499999999997,-0.2782499999999999,1.26845,4.30075,-5.4266499999999995,-1.62305,1.7982500000000003,-1.2182499999999998,-0.9845500000000001,0.01574999999999993,1.83875,0.5146499999999998
2021-04-02,5.0189,10.285400000000001,2.975400000000001,0.6854000000000002,3.7733999999999996,2.885400000000001,1.4719,3.8890000000000002,-2.2220000000000004,-1.1482999999999999,1.9306000000000005,-0.5446,-0.6499000000000001,0.5573000000000001,2.6066,0.3288999999999999
2021-04-09,4.77995,8.77975,2.469750000000001,0.7797500000000002,1.5197500000000002,4.77975,1.37465,4.83985,0.37605,-0.9539499999999994,1.76825,-0.22025000000000006,-0.5867500000000001,0.57335,2.67005,0.3225499999999999
2021-04-16,4.9582,4.5272,3.2272000000000003,0.9472000000000003,2.0749000000000004,2.0672,1.3723,4.7718,-2.3310000000000004,-0.9505999999999997,1.8881000000000001,-0.06280000000000002,-0.5979000000000001,0.5724,2.6829,0.3202999999999999
2021-04-23,4.6566,5.9474,2.887400000000001,0.5074000000000002,3.4799999999999995,1.9074000000000004,1.3714,5.596,-1.9749,-0.9671999999999996,1.9245,0.12739999999999996,-0.6002000000000001,0.5757000000000001,2.6946,0.33829999999999993
2021-04-30,5.7769,7.329000000000001,6.649,1.6790000000000003,3.0449,5.779000000000001,2.2277,1.7816,-1.6164999999999998,0.6653000000000007,2.1073000000000004,1.1190000000000002,-0.37409999999999943,1.8975,5.036700000000001,0.7424000000000003
2021-05-07,5.7616,5.326700000000001,5.5866999999999996,1.6567000000000003,0.6815,4.3567,2.2251000000000003,0.6154000000000001,-2.2308,0.5881000000000003,2.2043,1.1367,-0.35879999999999945,1.9221000000000001,5.056100000000001,0.7600000000000002
2021-05-14,5.636000000000001,6.6264,6.1864,1.7064000000000001,0.1301000000000001,2.686400000000001,2.242,2.0247,-3.8861000000000003,0.7152000000000007,2.2535999999999996,1.4064,-0.3582999999999994,1.9313000000000002,5.0478000000000005,0.8091000000000003
2021-05-21,5.492,6.9225,6.3225,1.6225000000000003,1.2963,2.1625000000000005,2.2285,2.2603999999999997,-1.3192,0.8582000000000005,2.2836,1.4425000000000001,-0.33169999999999944,1.9249,5.050600000000001,0.8203000000000003
2021-05-28,5.5821000000000005,8.891,6.210999999999999,1.6510000000000002,1.4084,4.401000000000001,2.1966,2.6242,-1.8041999999999998,0.8959000000000001,2.3132,1.2810000000000001,-0.3723999999999995,1.9053,5.0174,0.8475000000000003
2021-06-04,5.78375,8.10785,2.8278500000000006,2.47785,1.9197499999999998,3.6678500000000005,2.71835,2.54015,-1.25555,0.5594499999999996,3.1098500000000007,1.49785,0.48055000000000037,2.29515,5.51505,1.4336499999999999
2021-06-11,5.8956,6.4305,3.0205,2.3305,4.504,2.8705000000000003,2.6737,2.4817,-1.319,0.9333999999999998,3.0811000000000006,1.6304999999999998,0.3575000000000003,2.2957,5.5023,1.4048999999999998
2021-06-18,6.3973,9.8723,3.2323000000000004,2.4722999999999997,0.9749999999999996,2.8723,2.73,3.8692,-0.9731000000000001,0.4480999999999997,3.5314000000000005,1.9923,0.12000000000000036,2.2802,5.4708,1.3908999999999998
2021-06-25,6.2644,8.0126,2.6026000000000002,2.5326,1.5640999999999998,2.4526000000000003,2.7126,3.7206,-0.8733000000000004,0.8532999999999995,3.6748000000000003,2.0625999999999998,0.20570000000000038,2.2483,5.4641,1.3961
2021-07-02,6.937850000000001,11.52195,3.6419500000000005,3.3819500000000007,4.97185,8.35195,3.0780500000000006,6.55165,3.50225,-0.03544999999999909,3.8781500000000007,2.7319500000000003,0.38155000000000056,2.7892500000000005,5.61345,2.31475
2021-07-09,7.140000000000001,9.459900000000001,3.469900000000001,3.6699000000000006,3.9892000000000003,7.649900000000001,3.0791000000000004,5.8186,2.2028000000000003,0.8852000000000007,4.083700000000001,2.6899,0.5654000000000006,2.7856000000000005,5.584700000000001,2.3061000000000003
2021-07-16,6.999650000000001,8.78295,3.502950000000001,3.4629500000000006,7.183150000000001,4.67295,3.0360500000000004,5.54145,2.4133500000000003,0.8870500000000008,4.045250000000001,2.68295,0.38755000000000056,2.7980500000000004,5.627750000000001,2.3211500000000003
2021-07-23,7.2011,8.9726,3.0826000000000007,3.8126000000000007,4.8847000000000005,5.682600000000001,3.0526000000000004,5.1892000000000005,1.9548,1.7440000000000007,4.459200000000001,2.8026000000000004,0.5218000000000005,2.7950000000000004,5.616300000000001,2.3236000000000003
2021-07-30,7.122400000000001,6.682,3.0420000000000007,3.6920000000000006,6.109400000000001,4.032,3.0515000000000003,4.6961,2.9594000000000005,1.434800000000001,4.289700000000001,2.712,0.7590000000000005,2.8116000000000003,5.6364,2.3377000000000003
2021-08-06,7.1011500000000005,8.700750000000001,3.480750000000001,3.4207500000000004,6.47255,6.75075,2.9554500000000004,7.085850000000001,2.4967500000000005,0.7299500000000005,4.219850000000001,2.00075,1.4948500000000007,2.51715,5.45055,1.7537500000000001
2021-08-13,7.49085,8.09995,3.5299500000000004,3.43995,5.11665,8.13995,2.95935,6.05325,3.0671500000000003,0.8905500000000002,4.349450000000001,1.8199500000000004,1.6549500000000008,2.52405,5.4483500000000005,1.74805
2021-08-20,7.028600000000001,10.1614,3.4514000000000005,3.2614,5.9193999999999996,5.6014,2.9629000000000003,5.5789,3.3644000000000003,1.0313999999999997,4.45,2.2514000000000003,1.8472000000000008,2.5193000000000003,5.4329,1.7604000000000002
2021-08-27,7.2783,9.2905,3.2105000000000006,3.3805000000000005,6.6073,4.4805,2.9739000000000004,4.9718,3.2071,1.8739999999999997,4.379300000000001,2.5705,1.4688000000000008,2.5268,5.4351,1.7687000000000002
2021-09-03,7.854900000000001,6.5883,3.3983000000000003,3.3083,7.4289,3.3782999999999994,2.9796,5.9559,1.2861999999999998,1.7922000000000002,4.4925,2.6883000000000004,0.8977999999999995,1.5951999999999997,5.398,1.2653
2021-09-10,7.7354,6.6987000000000005,3.4687,3.3486999999999996,7.3706,3.5186999999999995,2.9837,5.542999999999999,-0.11749999999999972,1.4388999999999994,4.3668,2.6187000000000005,0.39959999999999946,1.5903999999999998,5.414000000000001,1.2488000000000001
2021-09-17,7.9421,6.4825,3.4924999999999997,3.2024999999999997,4.0426,2.5024999999999995,2.987,6.552999999999999,1.1554999999999997,1.1589999999999998,4.4365,2.7525,1.4159999999999993,1.5777999999999999,5.3995,1.2548000000000001
2021-09-24,7.8614,7.7245,3.8945000000000003,3.2144999999999997,5.6762999999999995,3.1644999999999994,3.0042,6.194999999999999,0.7679,1.7511999999999999,4.7314,3.7245000000000004,1.7399999999999993,1.6060999999999999,5.4377,1.2491
2021-10-01,7.6301000000000005,7.072000000000001,4.872000000000001,3.7520000000000007,5.7465,5.922000000000001,2.9707000000000003,4.949300000000001,0.8737000000000001,1.0090000000000003,4.848300000000001,3.8020000000000005,1.1626000000000003,1.3139000000000003,4.9458,1.0521
2021-10-08,7.8233999999999995,7.3175,4.867500000000001,3.8975000000000004,5.2233,4.1375,2.9703000000000004,4.717300000000001,2.9976000000000003,1.7252999999999998,5.0694,4.6475,1.3930000000000005,1.3183000000000005,4.9393,1.0438
2021-10-15,7.71805,5.32775,4.867750000000001,3.6977500000000005,6.54755,4.41775,3.0169500000000005,4.503550000000001,1.3709500000000003,2.0326500000000003,5.02345,5.377750000000001,1.4941500000000005,1.3181500000000004,4.9559500000000005,1.04075
2021-10-22,7.5152,9.706000000000001,5.186000000000001,4.166,5.5114,4.396000000000001,3.0840000000000005,5.3414,0.6866000000000003,2.689800000000001,5.183800000000001,3.9560000000000004,1.4465000000000003,1.3162000000000003,4.9631,1.0529
2021-10-29,7.45425,8.30585,5.745850000000001,4.1358500000000005,6.22315,3.67585,3.0611500000000005,4.303350000000001,0.5055499999999999,2.23695,5.03275,4.495850000000001,1.6137500000000005,1.3011500000000005,4.95615,1.02355
2021-11-05,7.243,8.346,6.296,4.156,5.602600000000001,5.546,3.0425000000000004,4.0705,3.0390000000000006,3.5492999999999997,5.9699,4.316000000000001,1.3266000000000002,1.4374000000000005,5.9095,1.5456
2021-11-12,7.111000000000001,8.075,5.225,4.145,5.3864,4.3950000000000005,3.0558000000000005,3.1366000000000005,2.2935000000000003,3.875000000000001,5.83,3.585000000000001,1.6525000000000003,1.4366000000000005,5.907100000000001,1.5482
2021-11-19,7.2258,7.313,5.503,3.933,4.653700000000001,3.5330000000000004,3.0848000000000004,3.4491000000000005,2.8194000000000004,3.7641,6.410200000000001,4.1930000000000005,2.0833,1.4338000000000006,5.872000000000001,1.5323
2021-11-26,7.3372,8.286999999999999,5.7669999999999995,3.967,4.6846000000000005,3.9270000000000005,3.0638000000000005,5.626900000000001,3.6509000000000005,4.115099999999999,7.2951,4.507000000000001,2.2660000000000005,1.3801000000000005,5.8848,1.5306
2021-12-03,7.365399999999999,10.1875,5.717499999999999,3.5675,4.3333,5.977499999999999,3.0895,4.9732,1.3714,4.3624,5.5946,4.517499999999999,0.7869999999999995,0.5717999999999994,5.541,1.7614999999999996
2021-12-10,6.8222,8.7773,5.5573,3.1073,6.551399999999999,6.0373,3.1138,4.2518,2.1319999999999997,4.7487,5.6522,4.3873,1.5351999999999992,0.5690999999999995,5.5032000000000005,1.6607999999999996
2021-12-17,7.1517,6.986,6.105999999999999,2.786,5.9036,3.5959999999999996,3.0806999999999998,3.5697,1.6769000000000003,4.5843,6.1598,5.105999999999999,1.7990999999999997,0.6515999999999995,5.4641,1.7934999999999997
2021-12-24,6.6654,5.3282,5.9182,3.4682,4.4443,4.0382,3.136,3.9312,1.0103999999999997,4.3289,5.9181,4.8782,2.3526999999999996,0.9281999999999995,5.7563,2.0033999999999996
2021-12-31,7.7848500000000005,6.93665,4.96665,4.3866499999999995,4.51655,15.396650000000001,3.23645,3.83305,2.74465,5.704549999999999,5.712149999999999,4.60665,2.9450499999999997,1.28445,5.93745,2.2361500000000003
2022-01-07,7.16435,8.04125,5.141249999999999,4.13125,3.81695,14.11125,3.13195,4.1118500000000004,2.39215,6.4380500000000005,5.51615,4.12125,2.72695,1.28125,5.93325,2.2494500000000004
2022-01-14,7.7826,6.8724,5.212400000000001,4.3824,5.415,8.6824,3.1442,4.5185,1.5756000000000001,6.636999999999999,5.729299999999999,3.4124000000000003,2.4440999999999997,1.2883,5.9297,2.2779000000000003
2022-01-21,7.76675,6.68215,5.40215,4.11215,3.8252499999999996,7.44215,3.16275,4.37105,1.79955,7.0436499999999995,5.776949999999999,4.27215,2.6027499999999995,1.27865,5.92005,2.35825
2022-01-28,8.33195,6.56075,5.53075,4.49075,5.21535,7.26075,3.18335,4.94695,2.2995500000000004,6.573949999999998,5.67145,5.5207500000000005,3.3002499999999997,1.28145,5.92555,2.22575
2022-02-04,9.28837,6.9411700000000005,5.65117,4.76117,4.62267,8.291170000000001,3.69117,3.5858699999999994,2.53927,7.064869999999999,6.3169699999999995,5.621169999999999,3.1966699999999997,1.6732700000000003,6.73107,2.43427
2022-02-11,9.3544,6.2115,5.351500000000001,4.7915,4.9852,7.2515,3.5985,3.6430999999999996,3.5266,6.888199999999999,6.563,4.8115,3.0368,1.6250000000000004,6.6446,2.4630000000000005
2022-02-18,9.629999999999999,6.798,5.488,4.458,5.9745,7.368,3.6913,3.7197999999999993,3.9138,7.495199999999999,6.5275,4.728,3.1609999999999996,1.5525000000000002,6.6322,2.4966000000000004
2022-02-25,9.413599999999999,7.013400000000001,6.6934000000000005,4.3234,4.3181,8.7734,3.7248,3.9668999999999994,3.0039,6.6556999999999995,6.6883,4.5034,3.0742999999999996,1.3084000000000002,6.3733,2.4182000000000006
2022-03-04,9.6266,8.748999999999999,7.3790000000000004,4.929,5.6098,12.769,3.5830000000000006,2.7182,5.6779,8.699600000000002,6.8059,6.189000000000001,4.0363,0.6461000000000001,6.1021,2.0654000000000003
2022-03-11,9.477,6.960699999999999,7.810700000000001,4.7407,6.2533,11.5307,3.6019000000000005,3.0675,4.0407,7.724600000000001,7.0194,5.630700000000001,4.438,0.802,6.2699,2.0357000000000003
2022-03-18,9.6052,7.0158,7.175800000000001,4.715800000000001,7.3823,10.235800000000001,3.6598000000000006,2.8868,1.1779000000000002,8.574100000000001,7.0922,6.735800000000001,4.1041,0.8538999999999999,6.3832,2.1798
2022-03-25,9.40195,6.7856499999999995,7.48565,4.75565,8.23895,7.525650000000001,3.8557500000000005,2.98835,4.07615,9.348650000000001,7.017049999999999,6.355650000000001,4.58435,0.84985,6.26585,2.29325
2022-04-01,9.4917,6.7532,4.6632,4.9832,7.4304,7.9832,3.2476999999999996,2.4980999999999995,4.116300000000001,9.1143,7.3708,5.613199999999999,4.968,0.04719999999999969,6.684699999999999,2.0166
2022-04-08,9.4092,7.702499999999999,5.1125,4.8725,7.675599999999999,7.6525,3.2628999999999997,2.9269999999999996,3.1515000000000004,9.131799999999998,7.4164,5.842499999999999,5.238300000000001,-0.08690000000000042,6.4866,2.0412
2022-04-15,9.5456,5.526,5.466,4.816,8.2241,8.225999999999999,3.1296999999999997,2.9391,3.3354000000000004,8.713899999999999,7.3521,5.306,5.1353,-0.18320000000000025,6.4473,2.0511999999999997
2022-04-22,10.21945,7.480649999999999,4.36065,4.51065,6.67215,7.8706499999999995,3.15325,3.2695499999999997,3.5576500000000006,9.13605,8.14185,6.640649999999999,4.9830499999999995,-0.27705000000000046,6.35345,1.9534499999999997
2022-04-29,9.6455,11.056999999999999,8.286999999999999,4.317,11.0646,10.617,3.2459999999999996,3.0201999999999996,2.2101,9.5544,7.9981,6.397,5.0833,-0.4166000000000003,6.1973,1.8512999999999997
2022-05-06,8.39638,9.20308,4.53308,3.803080000000001,6.779880000000001,11.56308,3.0341800000000005,3.6979800000000003,2.9356800000000005,8.611279999999999,7.287580000000001,5.423080000000001,3.9889800000000006,-0.6943199999999994,4.67398,1.583680000000001
2022-05-13,8.052000000000001,7.8425,4.022500000000001,3.602500000000001,6.820500000000001,8.092500000000001,3.1693000000000002,3.7538000000000005,3.3997000000000006,7.8672,7.7090000000000005,5.3425,3.7077,-0.7136999999999993,4.660500000000001,1.699200000000001
2022-05-20,7.830500000000001,4.2387,6.308700000000001,3.678700000000001,7.6614,5.0587,3.1774000000000004,1.2279000000000004,1.8919000000000006,8.0861,7.650300000000001,4.658700000000001,3.837200000000001,-0.8062999999999994,4.5871,1.699400000000001
2022-05-27,7.361900000000001,4.9596,4.4896,3.809600000000001,7.070300000000001,5.0396,3.1485000000000003,2.9899000000000004,0.2525000000000004,8.0501,7.590400000000001,5.209600000000002,3.7067000000000005,-0.9333999999999993,4.429600000000001,1.7382000000000009
2022-06-03,7.67455,4.54655,4.79655,3.20655,5.0619499999999995,7.366549999999998,3.14335,0.9776499999999999,1.4942499999999992,9.09845,7.56555,4.0165500000000005,2.9163499999999996,-1.3789500000000001,4.610449999999999,1.0549499999999994
2022-06-10,7.6483,5.971299999999999,5.4813,2.9813,4.7394,8.491299999999999,3.0957,0.9298000000000001,2.6000999999999994,8.9492,7.4521,4.021300000000001,2.4887000000000006,-1.5430000000000001,4.5001999999999995,0.9699999999999995
2022-06-17,7.6278999999999995,7.492999999999999,5.162999999999999,2.8529999999999998,5.8206999999999995,7.262999999999999,2.8684,1.5697999999999999,0.45339999999999936,8.6108,8.0695,4.863000000000001,3.2044000000000006,-1.7774,4.0927,0.8142999999999994
2022-06-24,7.2955499999999995,6.57145,4.61145,2.87145,6.81705,5.411449999999999,3.0203499999999996,0.7365499999999999,-0.04085000000000072,8.15805,7.995749999999999,4.41145,2.920350000000001,-1.78235,4.13545,0.9227499999999995
2022-07-01,7.072,6.5302999999999995,4.2802999999999995,2.5202999999999998,5.7421999999999995,8.3403,2.3758999999999997,0.9263999999999994,4.9127,8.2943,7.6338,3.970299999999999,3.0403000000000002,-1.8996,4.5207,1.0151
2022-07-08,6.509049999999999,6.42455,5.794549999999999,2.8445499999999995,4.633649999999999,6.704549999999999,2.5093499999999995,-0.048650000000000526,4.26825,8.92715,7.655249999999999,3.804549999999999,5.57015,-1.9273500000000001,4.467949999999999,1.04205
2022-07-15,6.376149999999999,13.814350000000001,5.264349999999999,2.74435,6.195549999999999,7.59435,2.4863499999999994,0.3845499999999995,4.55385,8.712749999999998,7.8984499999999995,2.274349999999999,6.110550000000002,-2.08875,4.275549999999999,1.16235
2022-07-22,6.4277999999999995,7.9401,6.7301,2.6900999999999997,9.439,6.2801,2.4848999999999997,0.02019999999999955,3.1125999999999996,8.3456,7.784799999999999,3.4200999999999997,4.8377,-2.0193,4.1095999999999995,1.0663
2022-07-29,5.9361999999999995,4.0753,5.6453,2.5153,4.952299999999999,4.7453,2.3547999999999996,-0.6439000000000004,4.3435,8.865799999999998,7.6849,3.255299999999999,5.987499999999999,-1.9825,4.1091,1.0824000000000003
2022-08-05,4.89705,4.41605,5.316050000000001,1.7960500000000001,4.18215,4.35605,1.2215500000000006,-3.0882500000000004,4.51925,9.53425,7.164549999999998,3.2960499999999993,2.552150000000001,-2.84865,3.3409500000000003,0.9965500000000005
2022-08-12,5.0135,3.8255999999999997,6.5856,1.8456000000000001,3.8606999999999996,4.3956,1.2465000000000002,-2.1614000000000004,2.9765,10.1552,7.3462,2.5656,2.7794000000000008,-2.8305000000000002,3.3151,1.0695000000000006
2022-08-19,5.8347,5.0854,7.0554,1.7554000000000003,4.7759,4.465399999999999,1.2584000000000004,0.022099999999999786,4.164000000000001,10.139399999999998,7.620199999999999,3.6953999999999994,3.0405999999999995,-2.7047000000000003,3.3212,1.2215000000000003
2022-08-26,5.3045,3.7169999999999996,4.927,1.9570000000000003,4.9641,4.317,1.2533000000000003,-0.7627000000000002,2.9616000000000007,9.895,7.3039000000000005,2.7669999999999995,3.048300000000001,-2.6588000000000003,3.1977000000000007,1.2654000000000005
2022-09-02,5.6005,5.213700000000001,5.953700000000001,2.0737000000000005,0.7187000000000006,6.973700000000002,0.6889000000000007,-0.4592999999999994,4.6998000000000015,10.422600000000001,6.365600000000002,1.9337000000000018,1.0899000000000019,-3.1714999999999987,2.367200000000001,1.6822000000000008
2022-09-09,5.443600000000001,4.1770000000000005,4.267000000000001,2.0770000000000004,3.4471000000000007,4.667000000000002,0.7585000000000006,-2.0332999999999997,3.6431000000000013,9.4847,6.088200000000002,1.4970000000000017,0.8793000000000024,-3.1788999999999987,2.110100000000001,1.6558000000000006
2022-09-16,5.597900000000001,5.540500000000001,4.540500000000001,2.5005000000000006,6.875700000000001,4.9605000000000015,0.5601000000000007,-0.4008999999999996,5.992600000000001,9.7073,6.247200000000002,1.8405000000000014,1.1642000000000028,-3.381399999999999,1.8808000000000007,1.383900000000001
2022-09-23,5.26055,6.223350000000001,7.023350000000001,1.9233500000000006,6.364050000000001,4.663350000000001,0.4585500000000007,-0.6876499999999994,4.857350000000001,9.52985,6.233850000000002,1.9133500000000012,0.9522500000000012,-3.4293499999999986,1.9278500000000007,1.392850000000001
2022-09-30,5.0816,3.8949999999999996,7.154999999999999,2.2949999999999995,6.054499999999999,3.6549999999999994,0.4148999999999994,0.4156999999999993,5.444999999999999,11.059199999999999,6.172599999999999,0.004999999999999005,-1.2426000000000013,-4.1797,1.8570999999999995,1.448599999999999
2022-10-07,4.5188999999999995,3.5304999999999986,3.980499999999999,2.880499999999999,4.753599999999999,2.640499999999999,0.5229999999999992,1.145799999999999,3.9287999999999994,10.829799999999999,6.1821,1.0004999999999988,-2.193000000000003,-4.267400000000001,1.6521999999999992,1.339199999999999
2022-10-14,3.4951999999999996,3.9409999999999994,3.4309999999999987,2.140999999999999,6.175999999999998,4.040999999999999,0.7723999999999993,0.9623999999999993,5.764199999999999,9.929799999999998,6.116199999999999,1.1309999999999985,0.005599999999997607,-4.258300000000001,1.5059999999999993,1.3154999999999988
2022-10-21,3.958049999999999,4.231449999999999,7.9514499999999995,2.621449999999999,5.318249999999999,2.9414499999999992,0.7971499999999994,0.356749999999999,5.2136499999999995,10.55325,6.40095,0.9414499999999997,0.4635499999999979,-4.2615500000000015,1.3263499999999993,1.3932499999999988
2022-10-28,3.2481999999999998,3.981999999999999,3.731999999999999,2.551999999999999,4.238899999999999,3.261999999999999,0.5524999999999993,-1.0824000000000007,4.199999999999999,10.6541,6.055400000000001,0.8919999999999995,-0.9114000000000022,-4.227600000000001,1.2197999999999993,1.159899999999999
2022-11-04,3.1962499999999996,3.96025,2.450250000000001,2.0302500000000006,4.60835,3.9802500000000003,0.5796500000000004,-8.00235,2.12825,9.889650000000001,5.662250000000001,1.3202500000000006,-2.332250000000002,-5.390949999999999,-0.03214999999999968,0.62575
2022-11-11,3.0924999999999994,1.3662,3.496200000000001,1.9762000000000004,4.282,-0.6838000000000002,0.5523000000000002,-4.788100000000001,-9.675,10.448,5.6784,-0.3138000000000005,-3.256400000000003,-5.3972,-0.06569999999999965,0.7004999999999999
2022-11-18,2.9818,2.8105,4.000500000000001,1.8705000000000007,-0.9264000000000001,0.8304999999999998,0.6662000000000003,-2.2940000000000005,-0.18210000000000015,10.1279,5.799200000000001,0.5205000000000002,-1.8405000000000022,-5.489999999999999,-0.13790000000000013,0.6275999999999997
2022-11-25,2.5889999999999995,2.6145000000000005,2.7745000000000006,1.8445000000000005,4.0199,0.10449999999999982,0.7365000000000004,-3.3637000000000006,-4.9286,9.9319,5.951300000000001,1.264499999999999,-1.8031000000000024,-5.4619,-0.2508999999999997,0.5680999999999998
2022-12-02,2.5123,0.04699999999999971,3.3970000000000002,1.907,-0.062300000000000466,-1.113,0.36629999999999985,-3.7259,-5.808299999999999,9.8759,5.3007,-0.3930000000000007,-4.632099999999999,-6.2359,-1.7122000000000002,-0.33320000000000016
2022-12-09,2.6707,1.6058999999999992,3.8458999999999994,1.5058999999999996,0.9519999999999995,-1.174100000000001,0.13009999999999966,-3.9562,-2.8493000000000004,9.867399999999998,5.4515,-1.504100000000001,-4.312200000000001,-6.0578,-1.681,-0.1688000000000005
2022-12-16,2.8616,2.0133,1.3933,1.1032999999999995,2.2213,0.4333,-0.2836000000000003,-3.6374000000000004,-0.04800000000000004,9.276,5.7128,-1.3767000000000005,-3.995099999999999,-5.9893,-1.6526000000000005,-0.1384000000000003
2022-12-23,2.8871,1.7496999999999998,3.2096999999999998,1.3397000000000001,-0.23499999999999988,-0.3202999999999996,-0.03340000000000032,-3.9624999999999995,-0.5379999999999994,7.827,5.787,-2.0802999999999994,-4.935599999999999,-5.9479999999999995,-1.6385999999999994,0.15200000000000014
2022-12-30,2.7830000000000004,3.1235,2.9435000000000002,1.4935,1.9607999999999999,-0.13649999999999984,-0.18199999999999994,-5.5946,1.1350000000000007,8.812100000000001,5.8413,-2.8964999999999996,-4.291500000000001,-5.546899999999999,-1.4258999999999995,0.15720000000000045
2023-01-06,1.9507000000000003,1.4476000000000004,2.3876,0.7075999999999998,1.0231,-0.16239999999999988,-0.6228000000000002,-6.420699999999999,-0.7494000000000005,9.7589,5.101799999999999,-0.25239999999999974,-7.1059,-5.261299999999999,-2.1944,0.062100000000000044
2023-01-13,2.55975,-0.5352499999999996,3.7447500000000007,0.5447500000000001,1.97045,-1.0052499999999993,-0.56915,-3.68295,-2.66275,7.931850000000001,5.237749999999999,-2.445249999999999,-6.400849999999998,-5.223049999999999,-2.22605,0.04405000000000037
2023-01-20,2.80845,1.4982499999999996,3.44825,0.5782499999999997,-0.06015000000000015,-2.31175,-0.5850500000000003,-3.0439499999999997,-1.3749500000000001,8.843050000000002,5.41875,-1.481749999999999,-5.90925,-5.12935,-2.2817500000000006,0.03214999999999968
2023-01-27,2.9033500000000005,0.5626500000000005,3.7826500000000003,0.3026500000000003,0.3689500000000008,-0.7773499999999993,-0.7219499999999996,-1.2659499999999992,-2.487049999999999,9.02515,5.07395,-0.3473499999999987,-5.432549999999999,-5.067849999999999,-2.33805,0.0536500000000002
2023-02-03,1.820800000000001,1.1735000000000015,2.983500000000001,0.13350000000000062,-0.25929999999999964,-2.8364999999999982,-0.9273999999999987,0.3361000000000014,-2.207699999999999,8.318700000000002,4.839400000000001,-0.04649999999999821,-6.953999999999995,-4.421699999999999,-2.7379999999999987,0.36600000000000055
2023-02-10,1.9071000000000007,2.2576,3.4976000000000003,0.2676000000000003,-0.43310000000000004,-1.0523999999999996,-1.0752999999999995,-1.3823999999999996,-0.41869999999999985,8.365300000000001,5.3376,0.43759999999999977,-6.843599999999999,-4.408199999999999,-2.7874,0.36679999999999957
2023-02-17,2.0848500000000008,2.189050000000001,1.7890500000000005,-0.0009499999999995623,1.18595,-2.1809499999999993,-0.9394499999999995,-0.9755499999999993,0.33525000000000027,8.56015,5.42535,-0.04094999999999871,-6.705849999999996,-4.392849999999999,-2.7249499999999998,0.3697499999999998
2023-02-24,1.9869000000000008,2.8057000000000007,2.0357000000000003,0.0257000000000005,0.9363000000000001,-0.08429999999999893,-0.8920999999999992,-0.9418999999999991,1.0401000000000002,8.397300000000001,5.4277,-0.7242999999999995,-7.100899999999996,-4.338699999999999,-2.8480999999999996,0.3109000000000002
2023-03-03,2.50945,1.4930500000000002,2.4130499999999993,-0.15695000000000014,0.80755,-1.5169499999999996,-1.2901499999999997,-0.7541500000000001,1.2245500000000002,8.260750000000002,5.202249999999999,-1.4769499999999995,-7.4286499999999975,-4.58535,-2.37085,0.5212500000000002
2023-03-10,2.5338499999999997,2.9144499999999995,2.9044499999999998,-0.6855500000000005,1.8086499999999992,-1.3755500000000005,-1.4196500000000003,-0.6709500000000004,1.6903499999999996,8.928749999999999,5.091349999999999,-0.6755499999999994,-7.98165,-4.80725,-2.74575,0.3885499999999995
2023-03-17,2.3752999999999997,1.6159999999999997,3.185999999999999,-1.1440000000000006,-3.4006000000000007,-2.0540000000000003,-1.1373000000000002,-2.3198,-0.11690000000000023,7.5794999999999995,5.696599999999999,-1.734,-7.831299999999999,-4.621600000000001,-2.6775,0.31289999999999996
2023-03-24,2.0621,0.28659999999999997,1.6865999999999994,-1.4734000000000003,-1.3424000000000005,-3.0534,-1.1555999999999997,-2.6912000000000003,-2.84,9.17,5.6404000000000005,-2.1334,-8.1563,-4.6306,-2.6931000000000003,0.2784999999999993
2023-03-31,1.4677999999999995,0.0732999999999997,2.0633,-1.1867000000000005,-3.1389,-2.7866999999999997,-1.5961000000000003,-1.4105000000000003,-0.8430000000000004,8.973,5.194300000000001,-1.9366999999999992,-8.171399999999998,-3.9222000000000006,-3.381900000000001,0.2309000000000001
2023-04-07,1.2332999999999998,1.8463000000000003,1.2663000000000002,-1.2237,-1.0496999999999996,-2.0436999999999994,-1.7410999999999999,-0.8921999999999999,-1.5825999999999998,8.378499999999999,5.492900000000001,-0.7236999999999991,-8.0181,-3.9983000000000004,-3.4616,0.23000000000000043
2023-04-14,1.2669799999999998,0.9906800000000002,1.42068,-1.1593200000000001,-1.9963200000000003,-1.16932,-1.8702200000000002,-1.2525200000000005,-1.3441200000000002,8.46908,5.74758,-1.1093199999999994,-8.364419999999999,-3.9452200000000004,-3.47222,0.17257999999999996
2023-04-21,1.596,1.2800000000000002,0.8300000000000001,-1.31,-1.9691999999999994,-1.9899999999999993,-1.6942,-1.0270000000000001,-1.0291000000000001,7.9362,6.093600000000001,-0.6200000000000001,-8.363699999999998,-3.9229000000000003,-3.5584,0.08920000000000083
2023-04-28,1.45365,-0.053749999999999964,0.5862499999999997,-0.6437500000000003,-1.34815,-0.7037499999999994,-1.7161499999999998,-2.1880500000000005,-0.0738500000000002,8.127749999999999,5.70805,-1.2437500000000004,-8.60505,-3.96315,-3.6198500000000005,0.06895000000000007
2023-05-05,1.9034000000000013,2.748000000000001,1.1080000000000005,-0.7719999999999994,-0.7396999999999991,-0.9419999999999993,-2.2020999999999993,-2.6961999999999993,-0.581399999999999,8.243900000000002,5.910300000000001,0.718,-7.781500000000001,-4.0851,-4.089699999999999,-0.20449999999999946
2023-05-12,1.9854000000000012,2.740000000000001,2.1900000000000004,-0.7099999999999995,-2.4913999999999987,-0.6899999999999986,-2.189699999999999,-1.4726999999999992,0.1843000000000008,8.971100000000002,6.040300000000001,0.33000000000000096,-7.997499999999999,-4.0282,-4.029699999999999,-0.20350000000000001
2023-05-19,2.262800000000001,2.2335000000000003,2.9135,-0.43649999999999967,-1.1185999999999994,0.06350000000000033,-2.0979999999999994,-0.34789999999999965,-0.6357999999999997,8.8757,6.509200000000001,0.7634999999999996,-8.117500000000003,-4.034,-4.010599999999999,-0.20790000000000042
2023-05-26,2.2085000000000012,1.6689000000000007,2.448900000000001,-0.5510999999999995,0.005300000000000971,-0.11109999999999864,-2.0368999999999993,-1.4244999999999992,-0.7525999999999993,8.975800000000001,6.387500000000001,0.8689,-8.3923,-4.112299999999999,-4.182199999999999,-0.29639999999999933
2023-06-02,0.6261799999999997,1.52738,1.4673800000000004,-1.2326199999999998,-0.5978199999999996,-0.40261999999999976,-2.3281199999999997,-0.30572,-0.41792000000000007,8.221580000000001,5.526980000000001,0.6273799999999996,-7.297920000000001,-4.19762,-4.7872200000000005,-0.20721999999999996
2023-06-09,0.8647,0.14900000000000002,1.1190000000000007,-1.3209999999999997,-0.9007999999999998,-0.7009999999999996,-2.2805999999999993,-0.04049999999999976,-0.03709999999999969,7.7392,5.440900000000001,1.5389999999999997,-8.017199999999999,-4.1381,-4.8086,-0.0029999999999996696
2023-06-16,1.1536999999999997,1.1384999999999996,0.6085000000000003,-1.2915,-1.5059,-1.0614999999999997,-2.3364,-0.2071000000000005,-1.0342000000000002,7.649000000000001,5.344799999999999,0.8884999999999987,-7.9802,-3.9427999999999996,-4.6549000000000005,0.1176999999999997
2023-06-23,1.2015000000000002,1.3695000000000004,-0.0004999999999997229,-1.0404999999999998,0.5351000000000008,-1.5204999999999993,-2.3556999999999992,0.9777,2.9351,6.942399999999999,5.4028,0.6994999999999996,-7.750399999999999,-3.8908999999999994,-4.6676,0.14990000000000014
2023-06-30,0.23060000000000036,0.36850000000000005,0.3185000000000002,-1.0815000000000001,-0.32969999999999944,-1.5614999999999997,-2.7304999999999997,0.0488000000000004,1.3079999999999998,6.8572999999999995,4.8255,0.4585000000000008,-7.305800000000001,-4.2718,-5.7421,-0.26779999999999937
2023-07-07,-0.08459999999999956,1.8115000000000006,-0.5684999999999993,-1.2984999999999998,-1.0307999999999997,-1.4985,-2.7712999999999997,-0.15359999999999951,1.6054000000000004,7.9099,4.7167,0.21150000000000002,-7.370900000000001,-4.2791999999999994,-5.767099999999999,-0.24259999999999948
2023-07-14,-0.22429999999999994,0.4748000000000001,-0.5952000000000002,-1.4651999999999998,-3.3081,-2.5352000000000006,-2.7914,-0.5198999999999998,-2.5919999999999996,7.8267999999999995,4.7432,0.7447999999999997,-7.601600000000001,-4.2837,-5.8118,-0.1341000000000001
2023-07-21,-0.10004999999999997,0.4657499999999999,-0.2942499999999999,-1.54425,-3.8856499999999996,-2.54425,-2.87095,-1.6780500000000003,-1.07225,7.432549999999999,4.723350000000001,0.41575000000000006,-8.136450000000002,-4.27485,-5.86395,-0.19504999999999928
2023-07-28,-0.3437000000000001,2.1644999999999994,-1.6855000000000002,-1.6955000000000005,-2.9756,-2.1755000000000004,-3.1771000000000003,-0.6903000000000001,-0.05339999999999989,7.5404,4.4454,-0.04549999999999965,-8.389800000000001,-4.2479,-5.8769,-0.2168000000000001
2023-08-04,0.2953999999999999,1.246,-2.7140000000000004,-1.0539999999999998,-2.7686,-1.1239999999999997,-2.4533999999999994,0.5008000000000004,-0.30639999999999956,6.458200000000001,4.9984,1.5259999999999998,-5.668300000000002,-3.8162999999999996,-5.7286,-0.5099
2023-08-11,0.6241999999999996,1.9810000000000003,-3.7390000000000008,-0.9889999999999999,-2.5822000000000003,-0.7990000000000004,-2.4665999999999997,0.9510000000000001,-0.44079999999999986,7.108599999999999,4.7753000000000005,1.1510000000000007,-5.866400000000002,-3.8024,-5.7341,-0.5135999999999994
2023-08-18,0.9293499999999999,2.37795,-3.11205,-1.09205,-1.4461499999999998,-1.28205,-2.4326499999999998,0.6384500000000002,-1.19985,7.18285,4.86225,1.42795,-6.075150000000001,-3.80875,-5.77055,-0.5099499999999999
2023-08-25,2.1203,2.36,-3.0500000000000007,-1.1999999999999997,-2.5507999999999997,-0.7800000000000002,-2.3703999999999996,-0.24299999999999988,-2.6391999999999998,6.9022,4.7585999999999995,0.6600000000000001,-6.5001000000000015,-3.7962999999999996,-5.763599999999999,-0.516
2023-09-01,1.9832,1.1349999999999998,-1.585,-1.5749999999999997,-2.3249000000000004,-1.1349999999999998,-1.9575999999999998,0.17100000000000026,-0.9603999999999999,6.645599999999999,5.472,2.415,-5.278,-3.2430000000000003,-5.2685,-0.7545999999999999
2023-09-08,2.41175,1.9396499999999994,-0.3403500000000008,-1.4503499999999998,-1.20905,0.029650000000000176,-1.9198499999999994,0.35775000000000023,0.9965500000000005,5.42495,5.20255,2.0196500000000013,-5.21305,-3.19915,-5.28885,-0.75115
2023-09-15,3.18608,1.4068800000000001,-1.9331200000000006,-1.54312,-1.0207200000000003,-0.9031200000000004,-1.8833199999999999,0.8401800000000001,0.1714800000000003,5.692379999999999,5.226579999999999,1.8068800000000005,-5.624819999999999,-3.0209200000000003,-5.31052,-0.7488200000000003
2023-09-22,2.7825,0.9929999999999994,-1.4669999999999996,-1.4169999999999998,-2.3522,-2.157,-1.9239999999999995,0.24469999999999992,0.00830000000000064,5.7796,5.164900000000001,1.7530000000000001,-5.862499999999999,-3.0130000000000003,-5.2744,-0.7587000000000002
2023-09-29,2.4029000000000003,0.8594999999999997,-1.0605000000000002,-1.3504999999999998,-2.029,-1.5204999999999993,-1.9468999999999994,-0.49209999999999976,-1.0503999999999998,5.6065,5.1399,0.9995000000000003,-5.910099999999999,-2.9865,-5.2576,-0.7360999999999995
2023-10-06,2.9035,2.3629999999999995,-0.07699999999999996,-1.6270000000000002,-2.5192,-2.407,-2.0,0.4962,-1.1355000000000004,5.319399999999999,5.373599999999999,1.9229999999999992,-1.604,-2.0646,-5.0159,-0.5453999999999999
2023-10-13,2.29615,2.0607500000000005,0.4407500000000004,-1.8192500000000003,-1.33255,-2.7192499999999997,-1.8976499999999996,1.1249500000000001,-0.6796500000000001,4.82395,5.478350000000001,0.9507500000000002,-1.9250500000000006,-2.0805499999999997,-5.06175,-0.5183499999999999
2023-10-20,2.5332,2.6189,-0.3110999999999997,-1.8511000000000002,-0.6646000000000001,-2.9211,-1.8024999999999998,1.8481,-0.6374000000000004,5.472499999999999,5.516699999999999,1.6888999999999994,-2.0385,-2.0501,-5.0124,-0.49289999999999967
2023-10-27,1.3168000000000002,2.093,-0.10699999999999932,-1.6870000000000003,-1.1014,-1.327,-1.9408999999999996,0.6807000000000003,-0.43690000000000007,4.8353,5.379899999999999,0.9029999999999996,-2.3267000000000007,-2.054,-5.039,-0.5179999999999998
2023-11-03,0.8450000000000002,0.36999999999999966,-0.9300000000000006,-2.53,0.10969999999999991,-2.5700000000000003,-3.1085,-0.5417000000000001,-5.1029,4.5696,4.677600000000001,1.1199999999999992,-0.4956000000000005,-1.1326,-5.7658,-0.2866000000000004
2023-11-10,1.1512000000000002,1.2894999999999999,-0.9504999999999999,-2.2804999999999995,-2.3369999999999997,-2.7705,-3.1908,2.1395000000000004,-1.9366999999999996,4.060700000000001,4.919600000000001,1.0595000000000008,-0.8962000000000003,-1.1319,-5.7559,-0.2936000000000001
2023-11-17,0.7724000000000002,0.9297,-0.9003000000000005,-2.7003,-2.9642999999999997,-2.720300000000001,-3.1223,-0.6483000000000003,-8.0425,3.4084000000000003,4.8864,1.3997000000000002,-0.9048999999999996,-1.1288999999999998,-5.737,-0.28649999999999975
2023-11-24,0.5517000000000003,1.0639999999999996,-0.6859999999999999,-2.526,-1.9799,-3.2460000000000004,-3.1176,1.0631,-4.5943,3.5881999999999996,5.0125,1.5039999999999996,-1.1199000000000003,-1.1690999999999998,-5.737,-0.30230000000000024
2023-12-01,0.7841,1.6362000000000005,-1.4137999999999997,-2.3837999999999995,-1.4654999999999996,-0.8537999999999992,-2.155,0.8427000000000002,-4.9148,4.005000000000001,4.631399999999999,1.0262000000000007,-0.8450000000000006,-1.0029,-5.6823,-0.5310999999999995
2023-12-08,1.4291,0.34109999999999996,-1.4088999999999996,-1.8689,-1.7271,-0.3389000000000002,-1.9321000000000002,1.3788999999999998,-5.2776,3.4763000000000006,4.738499999999998,1.0111000000000003,-1.7510000000000012,-0.9258000000000002,-5.7157,-0.48680000000000057
2023-12-15,1.2288999999999999,0.9130000000000003,-1.4769999999999999,-2.077,-2.1586000000000003,-1.6669999999999994,-1.9477000000000002,0.45409999999999995,-8.3066,2.9103000000000008,4.6981,1.0030000000000006,-3.346800000000001,-0.9344999999999999,-5.784800000000001,-0.4724000000000004
2023-12-22,0.3231000000000006,-0.18799999999999972,-0.827999999999999,-2.1779999999999995,-0.09569999999999945,-3.367999999999999,-2.0696999999999997,-0.5700999999999992,-7.501499999999999,2.2139,4.6585,1.052,-0.6343000000000005,-0.9638999999999993,-5.7934,-0.5424999999999995
2023-12-29,1.2510000000000003,1.1920000000000002,-1.6479999999999992,-2.0279999999999996,-5.2501999999999995,-1.3979999999999992,-2.1223,0.36830000000000007,-8.3814,2.925500000000001,4.5716,0.5420000000000003,0.14489999999999892,-0.7142999999999997,-5.3566,-0.45809999999999995
2024-01-05,1.3692000000000002,1.263,-0.9369999999999998,-1.6070000000000002,-1.2384,-0.32699999999999996,-1.9093999999999998,1.2519999999999998,-4.5107,4.3491,4.7536000000000005,1.8730000000000002,2.5073000000000003,-0.9464999999999999,-4.8485,-0.41880000000000006
2024-01-12,1.5504000000000002,1.9379,-0.5821000000000001,-1.7121,-1.1391999999999998,-0.2120999999999995,-1.8191999999999995,2.1014,-5.5564,4.1867,4.7132000000000005,1.6679000000000004,2.2553000000000005,-0.9424999999999994,-4.8024,-0.4166999999999996
2024-01-19,1.6270000000000002,1.5282999999999998,-1.1317,-1.8117,0.4033000000000002,0.04830000000000023,-1.8834999999999997,2.7319,-5.8842,4.063699999999999,4.783100000000001,1.9883000000000006,2.1161000000000008,-0.9316999999999998,-4.7749999999999995,-0.37989999999999924
2024-01-26,1.084,2.0014000000000003,-1.0086,-1.6585999999999999,-0.2203999999999997,0.3714000000000004,-1.9110999999999998,2.316,-3.9562000000000004,4.1762999999999995,4.780100000000001,2.1114000000000006,1.9731999999999998,-0.9391999999999996,-4.7519,-0.37349999999999994
2024-02-02,1.67945,1.2388500000000002,-0.9611499999999995,-1.48115,1.43125,0.8588499999999999,-1.6203500000000002,2.84515,-1.7808500000000003,3.5664499999999992,4.212449999999999,1.8888500000000001,3.383949999999999,-1.1618499999999998,-4.648950000000001,-0.19055
2024-02-09,1.8653000000000004,1.8494000000000002,-0.7905999999999991,-1.4805999999999995,1.2021000000000002,1.4194000000000009,-1.6244999999999998,3.511,-1.3997,3.9562000000000004,4.121,1.6794000000000007,3.1734000000000013,-1.1405999999999996,-4.6685,-0.19459999999999944
2024-02-16,2.1198,2.9222,-0.8077999999999999,-1.3177999999999996,2.0366000000000004,0.8822000000000005,-1.5133,3.7077,-0.37960000000000016,3.9026,4.2706,1.3522000000000003,3.009,-1.1286999999999998,-4.6547,-0.19620000000000015
2024-02-23,1.5295,1.7492999999999999,-0.9106999999999998,-1.4907000000000004,1.3509999999999995,-0.12069999999999981,-1.5541000000000005,2.9136999999999995,-0.42720000000000025,3.2411,4.1333,1.0792999999999995,2.7946000000000004,-1.1487000000000003,-4.660500000000001,-0.2171000000000003
2024-03-01,0.2519999999999998,2.0699000000000005,-0.5900999999999996,-1.7401,0.30099999999999993,0.1699000000000006,-1.9716999999999998,2.4309000000000003,-1.3409999999999997,2.6549000000000005,4.541799999999999,0.5899000000000001,2.5782000000000007,-0.8843000000000001,-5.279,-0.06590000000000007
2024-03-08,-0.31454999999999966,1.856650000000001,-2.4233499999999992,-1.6233499999999994,1.7172500000000006,0.37665000000000104,-1.9695499999999995,1.2814500000000004,-2.2521499999999994,2.5619500000000004,4.402450000000001,0.5366499999999998,2.2984500000000008,-0.8607499999999995,-5.225149999999999,-0.06174999999999908
2024-03-15,-0.1200000000000001,1.6814999999999998,-1.2684999999999995,-1.7885,-0.8576999999999997,-0.3085,-2.0098,2.3685,-0.5362,2.2199999999999998,4.5324,0.45149999999999935,2.2135,-0.8613,-5.2429,-0.08589999999999964
2024-03-22,0.7443499999999998,1.6689499999999997,-0.7710499999999998,-1.80105,0.9247500000000002,-0.06105000000000027,-1.9030500000000004,3.1597500000000003,1.1374499999999994,2.3717500000000005,4.5520499999999995,0.2989499999999996,2.08115,-0.83975,-5.11575,-0.06325000000000003
2024-03-29,1.4032,2.197,-0.8129999999999997,-1.8030000000000004,1.0864,0.7469999999999994,-2.0387000000000004,2.4718,-0.8761999999999999,2.740099999999999,4.484699999999999,-0.053000000000000824,2.0073,-0.8535000000000004,-5.1032,-0.04530000000000012
2024-04-05,1.8766500000000002,2.4601500000000005,-0.18984999999999896,-1.3798499999999998,1.47935,1.40015,-1.21155,2.10675,0.6637500000000007,3.56735,4.814650000000001,0.8401500000000004,2.25545,-0.34404999999999974,-4.6907499999999995,0.12585000000000024
2024-04-12,2.8206,2.4726,-0.25739999999999963,-1.4074000000000004,1.6159999999999994,0.38260000000000005,-1.1711,2.3218999999999994,1.0647999999999995,3.5834999999999995,4.9204,0.8826,2.1687999999999996,-0.36640000000000006,-4.711600000000001,0.1530999999999998
2024-04-19,3.0178500000000006,2.1450500000000003,-0.09494999999999898,-1.6149499999999999,1.6972500000000001,1.0550500000000005,-1.1457499999999996,3.79495,0.10965000000000069,3.640350000000001,5.08855,0.95505,2.10655,-0.3414499999999996,-4.68195,0.1508500000000006
2024-04-26,1.4981800000000005,2.1768800000000006,-0.10311999999999966,-1.40312,1.30238,0.8468800000000005,-1.1538199999999996,1.86998,1.0790800000000007,3.64108,4.835380000000001,0.5068799999999998,1.9450800000000004,-0.35021999999999975,-4.68722,0.1343800000000006
2024-05-03,1.1537000000000002,0.9091,-0.13090000000000002,-1.2409,0.7378000000000002,0.5191000000000003,-0.8078000000000003,0.6095999999999999,-1.0287000000000002,3.5588000000000006,4.4643999999999995,-0.07089999999999996,1.6486999999999994,-0.4367000000000001,-4.548400000000001,0.23399999999999954
2024-05-10,0.6077000000000004,2.0002,-0.09979999999999967,-1.4497999999999998,-0.04799999999999982,0.1701999999999999,-0.7953999999999999,1.3684000000000003,0.18489999999999984,3.6385000000000005,4.527999999999999,0.25019999999999953,1.5711,-0.45699999999999985,-4.5634999999999994,0.21519999999999984
2024-05-17,0.18910000000000027,1.9410000000000003,-0.1890000000000005,-1.439,0.20320000000000005,-0.1990000000000003,-0.871,1.1063999999999998,0.1924999999999999,3.5617,4.5981999999999985,0.04099999999999948,1.2955,-0.5007000000000001,-4.5421,0.20989999999999975
2024-05-24,0.10440000000000005,1.8249999999999997,-0.19500000000000073,-1.4650000000000003,0.5449999999999993,0.30500000000000016,-0.8783000000000003,1.8318999999999996,0.06689999999999996,3.4781999999999993,4.510699999999998,-0.13500000000000068,1.2605,-0.5570000000000004,-4.5322,0.12989999999999968
2024-05-31,0.11460000000000026,1.7221000000000002,-0.2978999999999994,-1.2879,0.03620000000000001,1.2121,-1.4815999999999998,0.4207000000000001,1.6541000000000001,2.9794000000000005,4.324999999999999,-0.1578999999999997,0.6482999999999999,-0.8914999999999997,-4.986,-0.25439999999999996
2024-06-07,-0.07529999999999992,1.7395000000000005,-0.24049999999999994,-1.2305000000000001,-0.1543000000000001,0.1395000000000004,-1.3986,0.4394,-0.1751999999999998,3.0735000000000006,4.3692,-0.09049999999999958,0.5636999999999999,-0.9664000000000001,-5.007899999999999,-0.3019000000000003
2024-06-14,0.0389999999999997,2.9524,-0.5076,-1.3476000000000004,-0.2413000000000003,0.2524000000000002,-1.3884000000000003,-0.33060000000000045,-0.2719000000000005,3.2946999999999993,4.5945,-0.43759999999999977,0.5980999999999996,-1.0172000000000003,-5.0429,-0.33409999999999984
2024-06-21,-0.037450000000000205,1.4452499999999997,-0.4247500000000004,-1.4547500000000007,-0.06435000000000057,0.32524999999999915,-1.3989500000000006,0.051249999999999574,-0.3273500000000005,3.16135,4.549549999999999,-0.3747500000000006,0.6895499999999997,-1.0137500000000008,-5.01525,-0.3142500000000008
2024-06-28,0.2948500000000003,1.22565,-0.4643499999999996,-1.36435,0.4667500000000002,-0.10434999999999972,-1.4730499999999997,0.24734999999999996,0.2714500000000002,3.5237499999999993,4.1495500000000005,-0.5843499999999997,0.6653500000000001,-0.99735,-4.98525,-0.36504999999999965
2024-07-05,0.16910000000000025,0.9252000000000002,-0.9247999999999994,-1.3247999999999998,0.6900000000000004,-0.4147999999999996,-1.1002999999999998,0.10349999999999993,1.0200000000000005,3.004999999999999,3.709299999999999,-0.9348000000000001,0.6760999999999999,-1.1733999999999996,-5.2333,-0.4714999999999998
2024-07-12,0.3697999999999997,1.0381,-1.0319000000000003,-1.4219,-0.7879,-0.5019,-1.1896,0.1527999999999996,-1.5269,3.016099999999999,3.615199999999999,-0.8919000000000006,0.6124,-1.1794000000000002,-5.2244,-0.5053000000000001
2024-07-19,0.3682000000000003,1.5642000000000005,-1.0358,-1.4757999999999996,-0.5797999999999996,-0.8157999999999994,-1.1847999999999996,0.12790000000000035,-0.6081999999999992,2.870399999999999,3.6926999999999994,-0.8258000000000001,0.5255999999999998,-1.1790999999999996,-5.218699999999999,-0.5720000000000001
2024-07-26,-0.01890000000000036,1.8182999999999998,-0.9317000000000002,-1.4617000000000004,-0.48850000000000016,-0.2517000000000005,-1.2168000000000005,-0.8089000000000004,-1.6158000000000001,2.8873999999999986,3.6731999999999987,-0.9417000000000009,0.4802999999999997,-1.1762000000000001,-5.2016,-0.6497000000000002
2024-08-02,-0.9058000000000002,2.6449000000000003,0.4048999999999996,-1.7851,0.3629000000000002,-0.6251000000000002,-1.3542,-1.0700000000000003,-5.2554,2.6451,2.9109000000000003,-1.3350999999999993,-0.0512999999999999,-1.3837000000000002,-5.297599999999999,-0.5565000000000002
2024-08-09,-0.5844,1.8692000000000006,0.40920000000000023,-1.7808000000000002,1.5608,-1.1808,-1.3666,-1.9446999999999997,-9.2808,2.4191999999999996,2.8860000000000006,-1.3507999999999991,-0.0030999999999994365,-1.3776000000000002,-5.2966,-0.6134
2024-08-16,-1.4187000000000003,2.8774,0.3973999999999993,-1.7726000000000006,-1.8242000000000003,-1.112600000000001,-1.3430000000000004,-0.6130000000000004,-5.7004,2.5484999999999993,2.9118,-1.4125999999999999,-0.04479999999999995,-1.3859000000000004,-5.2698,-0.669
2024-08-23,-1.4013000000000004,1.7102999999999997,0.3102999999999998,-1.9097000000000004,-0.7085000000000004,-1.299700000000001,-1.5793000000000004,-1.1734000000000004,-6.6222,2.6553,3.0212,-1.2497000000000003,-0.01910000000000034,-1.3685000000000005,-5.1478,-0.6766000000000001
2024-08-30,-1.2738,2.1888,0.5187999999999997,-1.9112000000000005,-1.7174000000000005,-1.2712000000000008,-1.7412000000000005,-0.8433000000000006,-5.6636,2.6127,2.9671999999999996,-1.1012,0.042400000000000215,-1.3390000000000004,-5.127600000000001,-0.6720000000000002
2024-09-06,-2.094,1.9065000000000003,0.3065000000000002,-1.5734999999999997,-1.5821999999999998,-1.0034999999999998,-1.6606999999999998,-0.7706,-7.0291999999999994,2.6834000000000007,3.0709999999999997,-1.7335000000000003,0.2681,-1.3586,-5.734,-0.5076999999999998
2024-09-13,-1.7020999999999997,1.9805000000000001,0.1605000000000003,-1.6294999999999997,0.2847000000000004,-0.9994999999999994,-1.6225999999999998,-1.0433999999999997,-6.394299999999999,2.7448000000000006,3.1685000000000008,-1.7294999999999998,0.34950000000000037,-1.3165999999999998,-5.6502,-0.40919999999999934
2024-09-20,-1.6694,1.8144,0.33440000000000003,-1.7456,-6.3126999999999995,-1.5255999999999998,-1.5671,0.5123000000000002,-3.9617,2.3785,3.2992,-1.7355999999999998,0.48890000000000056,-1.1404,-5.4555,-0.22890000000000033
2024-09-27,-1.0381500000000004,1.69395,0.5339500000000004,-1.51605,-1.45505,-1.55605,-1.5328500000000003,-0.4494500000000001,-7.06105,2.7190499999999993,3.0718499999999995,-1.9560500000000003,0.4240499999999998,-1.17705,-5.40355,-0.3074500000000002
2024-10-04,-0.5945000000000005,3.0436999999999994,-1.2063000000000001,-1.3263000000000003,-0.5321000000000005,0.9136999999999995,-1.1125000000000003,1.319,-1.9926000000000006,2.8638999999999997,3.589799999999999,-1.3763,0.8542999999999998,-0.8515000000000004,-4.947900000000001,-0.04970000000000052
2024-10-11,-0.5190000000000006,2.2150999999999996,-1.1449000000000003,-1.1249000000000007,-0.8655000000000006,0.9750999999999994,-1.1494000000000004,0.8674999999999997,-1.0502000000000005,2.9542999999999995,3.6296999999999993,-1.4949000000000008,0.9807999999999999,-0.8386000000000002,-4.9176,-0.12060000000000048
2024-10-18,-0.6045500000000006,2.2163499999999994,-1.493650000000001,-0.9736500000000006,-1.3114500000000004,0.7163499999999994,-1.1727500000000002,0.6386499999999997,-2.3968500000000006,2.7923500000000003,4.15555,-1.4236500000000007,0.9621499999999998,-0.8595500000000003,-4.853150000000001,-0.2365500000000007
2024-10-25,-0.7524000000000002,2.3907999999999996,-1.5092000000000003,-0.8992000000000004,-0.3756000000000006,0.8907999999999996,-1.1635000000000004,0.7432999999999996,-1.7496000000000003,2.7396,3.971599999999999,-1.4292000000000002,1.0143999999999997,-0.8327000000000002,-4.7996,-0.2906000000000004
2024-11-01,-0.13210000000000033,2.6926,-2.1774,-0.1374000000000002,-0.6860000000000004,0.7125999999999997,-0.20420000000000038,0.9954999999999994,-2.2767,3.047,4.1502,-1.7074000000000003,1.2499999999999996,-0.8574000000000002,-4.3315,-0.42810000000000015
2024-11-08,0.033199999999999896,2.698,-1.9819999999999998,0.26799999999999957,0.5754000000000001,1.4579999999999997,-0.13080000000000003,0.6924999999999999,-1.2318000000000002,2.9324999999999997,4.0547,-1.5820000000000003,1.2409999999999992,-0.8297000000000003,-4.274100000000001,-0.36540000000000017
2024-11-15,1.3432000000000008,2.8292000000000006,-2.0307999999999997,0.5292000000000006,-1.2295999999999996,0.9192000000000005,-0.15089999999999937,1.1765000000000003,-0.49269999999999925,3.188000000000001,4.1531,-1.7107999999999994,1.1455000000000006,-0.8261999999999996,-4.2531,-0.46089999999999964
2024-11-22,1.5579500000000004,2.64725,-1.80275,0.20725000000000038,0.10545000000000027,1.0072500000000004,-0.1299499999999998,0.7701500000000001,-0.22834999999999983,2.87015,4.223350000000002,-1.5027499999999994,1.1291499999999997,-0.9124499999999998,-4.18885,-0.52325
2024-11-29,0.4236500000000003,2.40145,-1.3785500000000002,-0.028549999999999853,0.23675000000000068,1.1014500000000003,-0.19394999999999984,-0.80165,-1.7725499999999998,2.9423500000000007,4.0664500000000015,-1.5185499999999998,0.73265,-1.00725,-4.639849999999999,-0.7859499999999997
2024-12-06,0.013999999999999346,2.4013999999999998,-0.728600000000001,0.05139999999999967,0.35929999999999995,1.0614,-0.38850000000000007,-0.9726000000000001,-1.1807000000000003,2.8256999999999994,4.6738,-0.8986000000000001,0.5352999999999994,-1.0844000000000005,-5.0265,-0.6562999999999999
2024-12-13,1.5747500000000003,3.1469500000000004,-0.1230500000000001,-0.01304999999999934,-0.020349999999999424,2.0169500000000005,-0.4007499999999995,0.8043500000000006,-0.9211499999999995,2.8354500000000007,4.95915,-0.9330499999999997,0.47865,-1.0627499999999999,-4.970649999999999,-0.6727499999999993
2024-12-20,1.3407999999999998,3.4455,-0.024500000000000632,-0.15449999999999964,-0.5742,3.1755000000000004,-0.2961999999999998,1.9816000000000005,-1.1271,4.6271,5.8484,-0.9444999999999997,0.6799,-1.0808,-4.9625,-0.5403999999999995
2024-12-27,1.1732,3.6605000000000008,1.0504999999999995,0.5005000000000002,0.6291,6.6305,-0.3836999999999997,1.1566000000000003,-0.8738999999999999,5.227200000000001,5.0445,-1.0294999999999996,0.7399000000000004,-1.0899999999999999,-4.485899999999999,-0.5246999999999997
2025-01-03,2.5054999999999996,3.4124,1.1124000000000005,-0.18759999999999977,-0.1207999999999998,2.5124000000000004,0.017799999999999816,1.1219000000000001,1.7907000000000002,4.8438,5.0257000000000005,-0.9876,0.15440000000000031,-0.9175999999999997,-4.9562,-0.12019999999999986
2025-01-10,1.7246700000000001,3.6724700000000006,4.242469999999999,-0.17752999999999997,0.8660699999999999,1.7624700000000004,0.05657000000000023,1.7811700000000004,0.6817700000000002,5.30687,4.82137,-1.1075300000000001,0.26807000000000025,-0.98123,-4.93163,-0.1602300000000001
2025-01-17,1.60813,3.85693,1.2769300000000006,-0.30306999999999995,0.40532999999999997,1.3869300000000004,-0.06137000000000015,0.73183,1.0382299999999995,5.050930000000001,4.99583,-1.5130700000000004,0.2765300000000006,-1.0207699999999997,-4.85457,-0.21397
2025-01-24,0.4414600000000002,-0.06534000000000018,0.8046600000000006,-0.35534,0.5596599999999998,0.4646600000000003,-0.05914000000000019,-0.5164400000000002,-3.02954,5.53336,4.6124600000000004,-1.4453400000000003,0.27656000000000036,-1.09164,-4.83554,-0.27404000000000006
2025-01-31,0.9523999999999995,3.6265,2.0465,-0.5335000000000005,-0.10000000000000031,1.4564999999999997,0.31959999999999966,0.05529999999999968,-0.40980000000000016,6.3124,5.1504,-1.5435000000000008,-0.5702000000000007,-1.1374000000000004,-5.1311,-0.34970000000000034
2025-02-07,0.7162799999999998,3.8201800000000006,2.26018,-0.62982,0.24648000000000025,1.16018,0.2952800000000002,-0.06421999999999994,0.03108000000000022,6.23068,4.910880000000001,-1.6698200000000005,-0.5597199999999996,-1.15692,-5.11902,-0.3174199999999998
2025-02-14,0.5808999999999997,3.755,2.455,-0.8450000000000006,0.3706999999999996,1.1549999999999998,0.21969999999999978,-0.2473000000000003,-1.2085000000000004,6.002800000000001,4.9652,-1.8050000000000006,-0.5393000000000008,-1.2000000000000002,-5.0777,-0.35180000000000033
2025-02-21,0.11790000000000056,3.3505000000000003,2.0005000000000006,-1.0494999999999997,-0.0459999999999996,0.7705000000000006,0.1777000000000004,-0.0239999999999998,-1.4057999999999997,6.316900000000001,4.742000000000001,-1.6094999999999997,-0.5747,-1.2603999999999997,-5.0764,-0.3729999999999998
2025-02-28,1.4300400000000004,4.54024,2.6202400000000003,-1.00976,0.9564400000000002,1.6002399999999999,0.1823400000000004,1.7039400000000002,0.61754,5.83694,4.309040000000001,-1.3197600000000005,-0.8852599999999997,-1.3304599999999995,-5.02456,-1.3463599999999998
2025-03-07,0.9186999999999999,4.031899999999999,2.311899999999999,-1.1781000000000001,1.6425,1.3519,-0.02540000000000031,-1.0067000000000004,-1.6385000000000005,5.903599999999999,4.076700000000001,-1.6781000000000006,-0.8788999999999998,-1.3851,-5.0349,-1.4067000000000003
2025-03-14,0.9241400000000004,4.23994,2.4399399999999996,-1.0500599999999998,0.3514400000000002,1.41994,0.15134000000000025,-0.7591600000000001,-1.07096,6.28734,4.0598399999999994,-1.7100600000000004,-0.9580599999999997,-1.39566,-5.04926,-1.4454600000000002
2025-03-21,1.11768,4.377879999999999,3.6078799999999993,-1.11212,-0.27791999999999994,1.2078799999999998,0.25817999999999985,-0.6573200000000003,-0.7289200000000005,6.275180000000001,4.070779999999999,-1.6121200000000009,-0.93682,-1.40942,-5.00652,-1.4965200000000003
2025-03-28,1.00659,4.5708899999999995,2.70089,-1.0491100000000002,0.10928999999999967,1.3808899999999995,-0.05351000000000017,-0.5360100000000005,-1.5258100000000008,5.445589999999999,3.919989999999999,-1.7591100000000006,-0.9548100000000002,-1.45541,-4.929410000000001,-1.5440100000000005
2025-04-04,0.44872999999999985,3.3420299999999994,2.30203,-1.6079700000000003,-0.8270700000000004,1.2120299999999997,-0.21967000000000025,-0.8368700000000002,-3.02887,5.590729999999999,3.6417300000000004,-2.40797,-0.38727000000000045,-1.8158700000000008,-5.317170000000001,-1.68087
2025-04-11,-0.6141500000000004,3.8615500000000003,1.7615499999999993,-1.6984500000000002,2.6057499999999996,1.4315499999999999,-0.5144500000000001,-1.03125,-8.52395,5.551349999999999,3.70835,-2.4584500000000005,-0.30475000000000074,-1.8990500000000003,-5.35845,-1.74905
2025-04-18,-0.8809999999999998,2.9044000000000008,1.5744000000000002,-1.9156,-1.0916999999999994,1.4044,-0.46199999999999974,-0.5746999999999995,-6.244,5.545,3.7556,-2.4355999999999995,-0.35899999999999954,-1.9699999999999998,-5.277299999999999,-1.6878999999999995
2025-04-25,-0.3836900000000001,2.71941,1.77941,-1.8905900000000004,0.7843099999999996,1.0794099999999995,-0.51539,-0.8023900000000004,-4.611090000000001,5.88181,3.6343100000000006,-2.3305900000000004,-0.45269000000000004,-1.9799900000000004,-5.253290000000001,-1.6442900000000003
2025-05-02,0.17935000000000034,1.4752500000000002,2.2552500000000006,-1.9547499999999998,2.99835,1.5652500000000003,-0.6675499999999999,-0.35094999999999965,-12.43275,6.06255,3.3175499999999993,-1.9747499999999993,-0.053449999999999775,-2.08825,-5.37355,-1.14205
2025-05-09,-0.43228,1.89502,1.86502,-2.0249800000000002,-1.6885800000000004,2.1650199999999997,-0.6995800000000001,-0.3915799999999998,-14.52468,6.26812,3.1944199999999996,-1.95498,-0.04328000000000021,-2.0950800000000003,-5.352880000000001,-1.1808800000000004
2025-05-16,-0.5504199999999995,1.4888800000000002,1.5388800000000002,-2.19112,-1.7245199999999996,2.0688800000000005,-0.7697199999999995,0.9685800000000002,-8.10162,6.124479999999998,3.1545800000000006,-2.1111199999999997,-0.058419999999999916,-2.14052,-5.330920000000001,-1.1992199999999997
2025-05-23,-0.5874900000000003,1.3664099999999995,1.18641,-2.5535900000000002,-0.1308900000000004,1.5864099999999994,-0.8767900000000002,-0.5609900000000003,-13.296590000000002,5.997409999999999,3.151809999999999,-2.20359,-0.0025900000000005363,-2.226190000000001,-5.338790000000001,-1.1707900000000004
2025-05-30,-0.2808999999999995,1.8419999999999999,1.2720000000000007,-2.1679999999999997,-0.8663999999999996,1.762,-0.8369999999999997,0.41930000000000023,-9.6421,6.0222,3.0014000000000007,-2.217999999999999,-0.054700000000000415,-2.222,-5.3803,-1.1755999999999995
2025-06-06,-0.3946500000000004,2.13575,0.8857499999999998,-1.8142500000000004,-2.4936500000000006,1.76575,-0.8675500000000003,0.49274999999999913,-6.99625,6.499450000000001,2.3048499999999987,-2.1642500000000005,-0.13815000000000088,-1.88985,-5.14955,-1.0290500000000005
2025-06-13,-0.35602,2.3335799999999995,1.0135800000000001,-1.9064199999999998,-0.39612,2.10358,-0.85572,1.0653799999999998,-13.25272,6.21308,2.09198,-2.1964200000000003,-0.16512000000000038,-1.91302,-5.178419999999999,-1.0340200000000002
2025-06-20,-0.31400000000000006,2.178,1.1280000000000001,-1.6720000000000002,-1.0387000000000002,2.3579999999999997,-0.8122000000000005,2.5069999999999997,-9.2108,6.0542,2.1268999999999996,-2.0420000000000003,-0.1370000000000009,-1.904,-5.145099999999999,-1.0330000000000001
2025-06-27,-0.3363100000000001,1.9367899999999993,1.2467899999999998,-1.6532100000000005,-0.6960100000000005,1.7567899999999999,-0.9556100000000007,0.7818899999999993,-17.791610000000002,6.33009,1.8586899999999997,-2.0932100000000013,-0.11831000000000058,-1.8933100000000005,-5.12651,-1.0591100000000007
2025-07-04,-0.23249999999999948,2.0775000000000006,2.047500000000001,-1.5224999999999995,-0.16119999999999957,2.2375000000000003,-0.7028999999999994,0.5088000000000008,-6.1591,6.8928,2.2077,-1.4624999999999995,-0.02579999999999938,-1.7089999999999996,-4.639799999999999,-0.9795999999999991
2025-07-11,-0.15680000000000005,2.1742,2.004200000000001,-1.4958,0.26880000000000015,2.3942,-0.7143999999999997,1.3427000000000002,-7.0136,6.8381,2.397500000000001,-1.3658000000000001,-0.0016999999999995907,-1.7022999999999997,-4.6144,-0.9481999999999995
2025-07-18,-0.2027000000000001,2.0470999999999995,2.1771000000000003,-1.5429000000000004,-0.4152,2.1871000000000005,-0.9094999999999998,0.7471000000000001,-2.8227,6.795100000000001,2.4843,-1.1629000000000005,0.03570000000000029,-1.7029,-4.6112,-0.9455
2025-07-25,-0.2841499999999999,1.9906499999999996,2.4006500000000006,-1.48935,-0.37075000000000014,2.11065,-0.83395,0.4879500000000001,-3.03575,6.851449999999999,2.3152500000000007,-1.4193499999999997,0.0014500000000001734,-1.70335,-4.60455,-0.9254499999999997
2025-08-01,-0.10125000000000028,1.5359499999999997,2.93595,-1.1940500000000003,-0.04324999999999979,2.7259499999999997,-0.6752500000000001,1.4873500000000002,-4.3088500000000005,7.228749999999999,3.098750000000001,-1.6540499999999998,0.35055000000000014,-1.68905,-4.41075,-0.7381499999999999
2025-08-08,-0.24485,0.9407499999999995,2.8507499999999997,-1.2992500000000002,-2.36205,2.90075,-0.6204500000000004,1.25015,-1.60125,7.006049999999999,2.9762500000000003,-1.8892500000000005,0.3655499999999998,-1.68675,-4.437050000000001,-0.6882500000000003
2025-08-15,-0.033399999999999874,0.7545000000000002,2.8845,-1.2955,-0.5492000000000001,2.8245,-0.6713,1.4206000000000003,-0.937,7.0063,3.041500000000001,-1.8955000000000002,0.3534000000000006,-1.6897000000000002,-4.3942,-0.7055999999999998
2025-08-22,-0.07829999999999959,0.8815,2.9615,-1.3485,-0.6636999999999997,3.1915,-0.7293999999999996,1.2444000000000002,-3.4866,6.9769,3.1727999999999996,-1.6985000000000001,0.40610000000000035,-1.6597,-4.3602,-0.6836
2025-08-29,-0.04595999999999956,1.9013400000000003,2.991340000000001,-1.2686599999999997,-0.5287599999999995,3.1113400000000007,-0.8559599999999996,1.2256400000000007,-2.75866,6.98304,3.055440000000001,-1.7086599999999992,0.46444000000000063,-1.6124599999999996,-4.388859999999999,-0.6941599999999994
2025-09-05,0.6206499999999999,1.7956500000000002,2.88565,-0.62435,0.1644500000000002,2.6056500000000002,-0.45904999999999996,0.8930500000000001,-2.55665,7.3157499999999995,3.1548499999999997,-1.21435,0.7447500000000002,-1.3503500000000002,-3.7102500000000003,-0.65875
2025-09-12,0.5450999999999997,1.7595999999999998,2.8696,-0.6704000000000001,1.9848000000000001,2.6696000000000004,-0.4357000000000002,1.2172,-1.3471000000000002,7.140699999999999,3.1482,-1.1904,0.7665000000000002,-1.3324000000000003,-3.6914000000000002,-0.6560999999999999
2025-09-19,0.7632000000000003,2.4991000000000003,3.1190999999999995,-0.5508999999999997,-1.1287999999999998,2.4091,-0.2965,1.8041,-0.17830000000000013,6.933299999999999,3.1132,-1.1909000000000005,0.7008000000000005,-1.3203,-3.6698,-0.7092999999999998
2025-09-26,0.6628999999999996,2.3995999999999995,3.2996,-0.3904000000000003,-1.7302000000000002,2.6195999999999997,-0.3761000000000001,2.3087999999999997,-0.7010000000000001,6.8004,3.1977,-1.2504000000000004,0.7288999999999999,-1.3377000000000003,-3.6512000000000002,-0.7061000000000002
2025-10-03,0.6647799999999995,1.3329799999999996,3.8529799999999996,-0.7770200000000003,0.3204799999999999,2.5629799999999996,-0.48912000000000067,2.3702799999999993,0.7658799999999997,7.438979999999999,3.0614799999999995,-1.3970200000000004,0.9754800000000001,-1.3668200000000006,-3.6392200000000003,-1.0777200000000002
2025-10-10,0.8761999999999999,1.8072000000000004,3.6272,-0.7128000000000001,-1.0109,2.4172000000000002,-0.4232,2.0435999999999996,0.7396000000000003,7.355700000000001,3.1251000000000007,-1.3228,1.0581000000000005,-1.2743000000000002,-3.5791,-1.0596999999999999
2025-10-17,0.7217000000000002,2.0000000000000004,3.46,-0.8699999999999997,0.47750000000000004,1.9000000000000006,-0.3780999999999999,2.6485,0.9197000000000002,7.528700000000001,3.216100000000001,-1.3399999999999999,1.0805000000000007,-1.2732,-3.6068999999999996,-1.0906999999999996
2025-10-24,0.82735,1.8955500000000005,3.72555,-0.7644500000000001,0.99505,2.07555,-0.4366500000000002,2.20315,0.61625,7.573749999999999,3.18255,-1.45445,1.1536500000000007,-1.2388500000000002,-3.5331499999999996,-1.1508499999999997
2025-10-31,0.2519999999999998,0.9775,5.147499999999999,-0.9224999999999999,1.0908999999999998,2.1375,-0.9785000000000001,2.2829999999999995,1.3858999999999997,8.3848,3.2234999999999996,-0.6924999999999999,1.1050999999999997,-1.1345000000000005,-3.6671,-1.0178000000000003
2025-11-07,0.38459999999999983,1.2950000000000004,5.135,-0.9249999999999998,1.3361000000000003,2.5549999999999997,-1.0134999999999998,2.2483,0.5985000000000003,8.4174,3.1853000000000002,-0.49499999999999966,1.1420000000000003,-1.0960999999999999,-3.6224,-1.0
2025-11-14,0.43510000000000026,1.2607000000000004,4.9607,-1.1492999999999998,0.44000000000000017,2.4207,-0.9584999999999997,2.1664,-6.645499999999999,8.128499999999999,3.3321,-0.5992999999999999,1.1372,-1.1005999999999996,-3.6237999999999997,-0.9937
2025-11-21,0.3883000000000001,1.2942,5.1042000000000005,-1.1157999999999997,0.3400000000000001,2.0342000000000002,-0.8817999999999999,2.9318999999999997,-1.9121,8.2948,3.2752,-0.6658,1.1179000000000001,-1.0687,-3.5723,-0.9343000000000004
2025-11-28,0.36960000000000015,0.9780000000000002,5.298,-1.2819999999999998,0.13050000000000028,1.8780000000000003,-0.9404000000000001,2.2095,2.9009,7.5143,3.1543000000000005,-1.0819999999999999,0.8536000000000001,-1.1037,-3.7428,-1.0524
2025-12-05,-0.46199999999999974,0.8539999999999996,5.4239999999999995,-1.1959999999999997,0.9433000000000002,2.3340000000000005,-1.1552999999999998,2.0021000000000004,0.40810000000000013,7.645000000000001,2.6091000000000006,-1.3359999999999999,0.7735000000000003,-1.3384,-3.8707,-1.2971
2025-12-12,-0.1524700000000001,1.0333299999999994,6.13333,-1.36667,-0.8037699999999997,2.7933299999999996,-1.1334699999999998,1.91283,3.1695300000000004,7.846630000000001,2.5731300000000004,-1.5066699999999997,0.8840300000000005,-1.3010700000000002,-3.79257,-1.2406700000000002
2025-12-19,-0.28183999999999987,1.2832599999999998,7.61326,-1.1567399999999997,0.6338600000000003,2.7432600000000003,-0.9780399999999998,1.6811600000000002,4.685160000000001,7.474459999999999,2.4435600000000006,-2.2467399999999995,0.9254600000000002,-1.2514399999999999,-3.62864,-1.19664
2025-12-26,-0.15874999999999995,1.1585500000000004,8.62855,-0.7914499999999998,-1.1997499999999994,2.32855,-0.96675,1.8597500000000005,4.735650000000001,7.45285,2.0908500000000005,-2.1314499999999996,1.1088500000000003,-1.1944499999999998,-3.5980499999999997,-1.1847499999999997
2026-01-02,-0.3222999999999996,0.6943000000000001,4.5343,-0.6956999999999995,-0.4373999999999998,2.4743000000000004,-0.9642999999999995,2.0463000000000005,5.5122,8.137,2.5511000000000004,-2.4857,1.8773,-0.9923999999999997,-2.5498999999999996,-1.2984999999999998
2026-01-09,-0.07748,0.7116200000000004,4.72162,-0.5983799999999997,-2.88048,2.50162,-1.0103800000000003,1.5828200000000003,5.56062,8.49642,2.4119200000000003,-0.7383800000000003,1.8160200000000004,-1.01508,-2.49488,-1.21868
2026-01-16,0.06290000000000018,0.8108000000000004,4.7908,-0.6591999999999998,0.13140000000000018,2.6008000000000004,-0.9916999999999996,1.5275000000000003,2.4064000000000005,8.3778,2.4508000000000005,-0.6692,1.8909000000000002,-0.9900999999999998,-2.4666,-1.2253999999999996
2026-01-23,-0.1640499999999998,0.40405000000000024,4.06405,-0.9059499999999994,2.33085,2.0340499999999997,-1.0101499999999997,1.5070500000000004,-0.8690499999999999,8.29985,2.3872500000000008,-0.4859499999999999,1.9783500000000003,-1.0070499999999996,-2.4685499999999996,-1.2282499999999996
2026-01-30,-0.07194999999999974,0.5092500000000006,4.03925,-0.8707499999999997,-2.7175499999999997,2.03925,-1.0116499999999997,1.2547500000000005,3.7363500000000007,8.373750000000001,2.2854500000000004,-0.43074999999999974,1.92565,-1.0034499999999997,-2.4814499999999997,-1.2032499999999997
2026-02-06,-0.08627000000000029,-0.45266999999999946,1.5573299999999999,-0.7526700000000002,-1.7116699999999998,1.5073299999999996,-1.53017,1.1313300000000002,2.07193,7.93723,1.72783,-0.0826699999999998,2.87133,-0.99437,-2.17587,-1.3784699999999996
2026-02-13,-0.1349200000000006,-0.26412000000000013,1.6558800000000002,-0.89412,-1.9880200000000001,1.56588,-1.5398199999999997,1.28038,-0.2969200000000001,7.899779999999998,1.96068,-0.1541199999999998,2.7932799999999998,-1.0018200000000002,-2.17702,-1.38972
2026-02-20,-0.1786800000000004,-0.13367999999999958,1.6763199999999996,-0.7736800000000001,-0.8920800000000002,1.8163199999999997,-1.51228,0.95642,1.45152,7.880319999999999,1.9786199999999998,-0.27368000000000015,2.71162,-1.03078,-2.1754800000000003,-1.3986800000000001
2026-02-27,-0.07569999999999988,-0.2650999999999999,2.9349,-0.6351,-1.2161999999999997,1.5149000000000004,-1.5508999999999995,1.4229000000000003,2.3074,7.966800000000001,1.7353999999999998,-0.24509999999999987,2.4916,-1.033,-2.2133,-1.3926999999999996
2026-03-06,-1.14437,-0.9130699999999998,3.7069299999999994,-0.5030700000000001,-0.80427,2.69693,-1.37437,2.52553,4.42933,8.500430000000001,1.47913,0.026929999999999676,3.25343,-1.2429700000000001,-2.0395700000000003,-0.9484700000000001
2026-03-13,-1.3406999999999998,-0.7429999999999999,4.427,-0.4929999999999999,-1.1829999999999998,3.317,-1.3322999999999998,5.2483,4.0214,8.1649,1.7986000000000009,-0.09299999999999997,3.3405000000000005,-1.2605999999999997,-2.042,-0.9757999999999998
2026-03-20,-1.29585,-0.8897499999999994,4.41025,-0.5297499999999999,-0.8330499999999998,2.8402499999999997,-1.3283499999999997,5.20265,1.9784500000000005,7.6663499999999996,1.8466500000000003,-0.19974999999999987,3.4444500000000002,-1.2469499999999998,-2.07665,-0.9297500000000001
2026-03-27,-1.45,-1.2934999999999994,5.756500000000001,-0.4235000000000002,-1.0949999999999998,2.8865,-1.2878999999999998,2.4718,3.9464,7.4207,1.5586000000000007,-0.9835000000000003,3.2298999999999998,-1.2669,-2.0425000000000004,-0.9472000000000003
2026-04-03,-0.20500000000000007,0.8797999999999995,11.1798,0.08979999999999944,0.35599999999999965,2.5898,-1.0198000000000003,3.3345,6.543200000000001,8.5863,1.8203999999999998,0.42979999999999974,3.8226999999999993,-1.0334000000000003,-1.2923000000000004,-0.6451000000000002
2026-04-10,-0.2336999999999998,0.7555999999999998,9.0756,0.17559999999999976,1.2385,1.7156000000000002,-1.0936000000000001,2.7527,4.2611,8.6917,1.9374000000000002,0.5255999999999998,3.7568,-1.0004000000000002,-1.2367,-0.6379999999999999
2026-04-17,-0.26060000000000016,1.0199999999999996,4.390000000000001,0.10999999999999988,0.33810000000000007,0.69,-1.0405,1.445,1.8993999999999995,8.5999,1.919,0.54,3.5313999999999997,-0.9989000000000001,-1.2351999999999999,-0.5931000000000002
2026-04-24,-0.27059999999999995,0.5042999999999997,4.1243,0.1642999999999999,0.8154000000000001,0.7943000000000002,-1.0329,3.4731,4.570399999999999,8.9215,1.8920999999999997,0.4542999999999999,3.5485999999999995,-1.0060000000000002,-1.2586000000000004,-0.5657999999999999
2026-05-01,0.1072999999999995,2.6267999999999994,6.226800000000001,0.32679999999999954,0.3475999999999999,-1.5432000000000006,-0.5401000000000005,1.3025999999999995,3.985,9.3492,2.3801999999999994,-0.2232000000000003,3.8204,-0.8908000000000005,-0.6348000000000003,-0.4911000000000003
2026-05-08,0.1124499999999995,2.11725,3.9972499999999993,0.6072499999999996,0.97125,-1.4827500000000007,-0.4218500000000003,-1.2054500000000004,3.54955,9.304350000000001,2.3989499999999997,-0.6127500000000001,3.71575,-0.8852500000000003,-0.63625,-0.4848500000000002
2026-05-15,0.12879999999999914,2.597,3.7569999999999997,0.38699999999999957,-0.10660000000000025,-2.0830000000000006,-0.4265000000000001,0.16729999999999956,4.8508,9.3348,2.4679999999999995,-0.31300000000000017,3.1010999999999997,-0.8575000000000004,-0.6010000000000004,-0.48950000000000005
2026-05-22,0.0550499999999996,4.33215,3.95215,0.2421500000000001,0.47585000000000033,-2.1378500000000003,-0.4779500000000001,-0.7160500000000001,3.42775,8.94295,2.5401499999999997,-0.8678499999999998,3.7133499999999997,-0.8287499999999999,-0.5692499999999998,-0.4764499999999998
2026-05-29,-0.008730000000000349,4.20347,5.063469999999999,0.42346999999999957,1.2928699999999997,-2.4165300000000007,-0.5713300000000003,-1.1509300000000002,5.855169999999999,9.045369999999998,2.424969999999999,-0.48653000000000013,3.6506699999999994,-0.7778300000000002,-0.5830300000000004,-0.49973
2026-06-05,0.47490999999999994,3.3906099999999997,4.140610000000001,0.48061,0.51831,-0.46938999999999975,-0.0484899999999997,0.67801,6.25341,9.11871,3.2891100000000004,0.3706100000000001,4.22471,-0.50299,-0.20309,-0.4658899999999999
2026-06-12,0.5174000000000003,2.4017000000000004,3.4917000000000007,0.26170000000000027,3.1207000000000007,-1.3182999999999994,-0.062499999999999556,-1.5680999999999998,0.46850000000000014,9.073500000000001,3.3487,0.27170000000000005,4.219800000000001,-0.4684999999999997,-0.17339999999999955,-0.5171999999999999
2026-06-19,0.6147499999999999,3.69065,3.6606500000000004,0.4306500000000004,1.8595500000000005,-1.5493499999999991,-0.039949999999999264,-0.1519499999999998,3.98235,8.96155,3.28465,0.20065,4.118650000000001,-0.4562499999999998,-0.1497499999999996,-0.5159499999999997
2026-06-26,0.5744300000000004,3.45323,3.9032300000000006,1.22323,1.9608300000000005,-2.1067699999999996,-0.10846999999999962,0.2649300000000001,3.9027300000000005,8.85373,3.2311300000000003,-0.4667699999999999,3.8985300000000005,-0.4809699999999997,-0.1855699999999998,-0.50577
2026-07-03,,,,,,,,,,,,,,,,
2026-07-10,,,,,,,,,,,,,,,,
2026-07-17,,,,,,,,,,,,,,,,
2026-07-24,,,,,,,,,,,,,,,,
