date,CNH,IDR,INR,KRW,MYR,PHP,SGD,THB,TWD
2013-01-04,,,,,,,,,
2013-01-11,,,,,,,,,
2013-01-18,,,,,,,,,
2013-01-25,,,,,,,,,
2013-02-01,,,,,,,,,
2013-02-08,,,,,,,,,
2013-02-15,,,,,,,,,
2013-02-22,,,,,,,,,
2013-03-01,,,,,,,,,
2013-03-08,,,,,,,,,
2013-03-15,,,,,,,,,
2013-03-22,,,,,,,,,
2013-03-29,,,,,,,,,
2013-04-05,,,,,,,,,
2013-04-12,,,,,,,,,
2013-04-19,,,,,,,,,
2013-04-26,,,,,,,,,
2013-05-03,,,,,,,,,
2013-05-10,,,,,,,,,
2013-05-17,,,,,,,,,
2013-05-24,,,,,,,,,
2013-05-31,,,,,,,,,
2013-06-07,,,,,,,,,
2013-06-14,,,,,,,,,
2013-06-21,,,,,,,,,
2013-06-28,,,,,,,,,
2013-07-05,0.6819588142841311,-0.00786591977027063,0.46651563115434685,0.6013476884762455,0.688416177421228,0.16238698685393108,0.5167526390148629,0.3914250212893635,0.11319844230751966
2013-07-12,0.9421218769939397,0.012648223536458818,0.3438879922724298,0.1331177483300779,0.7035076202352266,0.16747945336490322,0.4083301448297827,0.3769971451502558,0.006183576985382756
2013-07-19,1.0908581239754145,0.4154239103153136,0.41425048703210265,0.18242991407338685,0.6191923984839871,0.22215204941840042,0.42782400087100997,0.7435580743984733,0.02485464451778371
2013-07-26,0.8828419758865459,0.33317358351154996,0.4326279221462036,0.24008318184406646,0.696207612153778,0.2635591205736501,0.5244859340604626,0.7944626486217158,0.029120901026131102
2013-08-02,0.8820473984298876,0.8687454399089803,0.40125957543100393,0.2685907952388023,0.6395645775999057,0.13676587302345475,0.5201811683192928,0.7104080819419734,-0.14276190268590008
2013-08-09,1.0889144164328353,0.869953468844597,0.4976111615337232,0.3096269965794535,0.6260716048015397,0.17912837372070808,0.43504246162729454,0.7311370772738701,-0.023683825904908213
2013-08-16,1.1599301520410166,1.253769982397968,0.49068201340826473,0.2426281086068993,0.5158165169331378,0.09579664102373445,0.3192441199093637,0.7607616060641978,-0.08223471919949797
2013-08-23,1.2038564149131676,2.2644055882153564,0.3552496193891293,0.2634876177585579,0.45159852927208377,0.0373972341686416,0.2166374013925564,0.6232346910810422,-0.030595217734017858
2013-08-30,1.0296227007784742,1.8469897881889032,0.6272745970552198,0.33262026403252043,0.46628390723127355,-0.07929042175937653,0.2617211574587868,0.4898223350783466,-0.05901629948912307
2013-09-06,1.0798564247176672,1.5810369657431356,0.225431338858699,0.2525976731608737,0.36360200233004636,-0.05724653305050434,0.3977284541487314,0.4498530507873339,-0.01048723343208329
2013-09-13,1.0217227620206286,0.44605278870828186,0.13290335451433102,0.3466752520686134,0.410287955774355,-0.04836445341568079,0.44341387803396326,0.3730765895823964,0.06323037921227292
2013-09-20,1.049199902488028,0.5014821304985527,0.19627832307391713,0.4606660369220319,-0.8829763239537523,0.03504664032053877,0.3243383622518172,-0.2837477996757385,0.2191460425418064
2013-09-27,1.0112679120569257,0.34406653170885076,0.20911590603802963,0.45744078318370274,-0.9034739923004238,-0.0037975340094854437,0.21164806708008713,-0.3678134182784915,0.20772142666194016
2013-10-04,1.0184972578967724,0.37023076726660825,0.22809348825979736,0.4132071463538644,-0.887483140924721,0.13470496434877594,0.26955399436302546,-0.37639895678302177,0.3382677724796632
2013-10-11,0.9488131222161436,0.27547981679505,0.2336443454628144,0.3511535342931798,-0.9426983359372694,0.15800613435738764,0.22180842647484802,-0.4531612417093193,0.32572436887829775
2013-10-18,0.857801698525924,0.30333956864421613,0.18371502424091488,0.35203359725075506,-0.8788067957738013,0.14161863504474537,0.28333832683696086,-0.40335774734324004,0.2306818334297111
2013-10-25,0.8269141038438653,0.33328227353162315,0.20996685662936013,0.241163888466528,-0.8810880777822525,0.16018605660462443,0.2935487523964172,-0.5498627346537759,0.17869460526655728
2013-11-01,0.6626848193062561,0.393683460960352,0.07603287940261151,0.14967393006267674,-0.9301091449624691,0.019779067847458944,0.18536719194040457,-0.5876735924622277,0.12499348195633744
2013-11-08,0.748451014070649,0.2617881759808414,0.08416194109839639,0.06001492142723912,-1.0974917853673265,0.14849411358638231,0.2031529229815932,-0.6137345424155175,0.0849006672277782
2013-11-15,0.7366185539057496,0.2885178118376301,0.1394084839872694,0.1825439636991681,-1.0911441430820978,0.10674348490597568,0.23500217639906143,-0.6242612023414998,0.05065333506813085
2013-11-22,1.1566643440639606,0.23658176892656235,0.22892306676804183,0.2317141325346956,-1.0673319620783561,0.1377177593075724,0.2660210883773328,-0.6719073987912102,-0.006466674203129799
2013-11-29,0.12947957709648425,0.18467955122936447,0.35540744350670683,0.33898835167677366,-1.0642025353499858,0.2732981753073986,0.2305929765877872,-0.7893420290567721,0.024754032068064428
2013-12-06,0.012216447656629261,0.18915661644490508,0.43939503214671255,0.29075232326991274,-1.0995167710424238,0.19437878969653044,0.47837932904167085,-0.7782732290614776,0.15434595124080747
2013-12-13,-0.13885527091363017,0.056482109893693344,0.37705937850211807,0.33446152294876175,-1.0534169847279804,0.2026090733564326,0.46381184066731135,-0.7314324742146433,0.16477036451988336
2013-12-20,-0.04474108071416247,0.0681838597072474,0.48219893129952385,-1.4522387726801875,-1.5127154762002823,-0.8219955508297754,-0.5233804160747537,-0.8956718124211819,-0.3763689019999317
2013-12-27,-0.044637897666354044,0.02513941877718574,0.47590592109670726,-1.4956927236557138,-1.7090051222138358,-0.2552447541870164,-0.6455070462503749,-0.999999427405428,-0.5178912097731408
2014-01-03,-0.24737521790433217,0.06364651469042402,0.5695310373749699,-1.5637371617197546,-1.6616177181999192,-0.394855131120892,-0.5934470522737093,-0.9941555923331195,-0.4894685306725442
2014-01-10,-0.09688904321722674,0.038257898416321746,0.582148071904271,-1.3594022175964435,-1.6299399605520213,-0.42631528681331715,-0.7222216187421042,-1.0550116687786006,-0.2460332029679659
2014-01-17,-0.04836393721786165,0.1326864404489148,0.5250128835696459,-1.3712543157613097,-1.630350246268161,-0.4008851117591492,-0.7307418916727345,-1.0416168781433415,-0.3123369516227927
2014-01-24,0.23618559972470457,0.09750418789449815,0.39568324894497725,0.382966028729682,-1.6155082344352392,-0.5123575291684245,-0.7911176644614945,-0.9938695535167955,-0.3717620390349152
2014-01-31,0.19909852447356727,0.06561955839785437,0.4976166269254762,0.45880952093245064,-1.72178871911005,-0.3848299665756684,-0.701977755066073,-1.006582730898378,-0.3812420331972073
2014-02-07,0.20317220002857306,0.08557730030968676,0.5055160082889759,0.4343644622648588,-1.6553329723502375,-0.3662964899449747,-0.6564321619650305,-0.9255180937579702,-0.41482017426998474
2014-02-14,0.04906313203935812,0.08238303206137305,0.6544759536535892,0.43831370544367504,-1.5083612315684276,-0.2185268803520281,-0.662472473821482,-0.7853768046243758,-0.37159451555418266
2014-02-21,2.2920175546392425,-0.0915918039275698,0.7562277380680176,0.4333136788549957,-1.4257816899948208,-0.18558309619461835,-0.6985038614383283,-1.1165379322463422,-0.44984559006511987
2014-02-28,2.062589212416289,0.03660260149052543,-0.37081192454110595,0.45965527366849857,-1.4151786634172636,-0.17203240250466573,-0.7152538683863146,-1.1134821302729525,-0.3677293956926269
2014-03-07,2.062307711844929,0.18489097153575484,-0.03645554702564773,1.1330093545481563,-1.3958045380198392,-0.177952462717334,-0.7956358101956101,-0.964177648908519,-0.033505410693636974
2014-03-14,1.727303736884811,0.31719754778672493,0.10815387016076095,0.9870201702288487,-1.6033757682954743,-0.3195762827449472,-0.8268147551090718,-1.0823427192958923,-0.17658324031883746
2014-03-21,1.423695215532268,0.2124131834199126,0.10503187386025527,0.8442164280697348,0.35143907477801484,-0.07920750536853359,-0.39599097327349037,-0.3703940934093918,-0.04557225103408887
2014-03-28,1.3932572230722433,0.35250612866148595,0.17440763662990375,0.7968118435234782,0.030447321782361897,-0.10437619124822146,-0.5387792266032383,-0.32023773597417765,-0.06964670132885291
2014-04-04,1.3245247404793197,0.3368724093474621,0.4102549054834241,0.5222693145487335,0.2500687219350761,-0.18534889802415788,-0.6620937738811626,-0.31712162393973764,-0.3324235762167174
2014-04-11,1.3362051903960315,0.19254875022048457,0.27240252693068395,0.5894238062846255,0.03195002159379728,-0.13250671817675347,-0.5755453114881414,-0.22943156104085546,-0.2852349398144112
2014-04-18,1.2594576959871566,0.17370818320517675,0.3114724502692234,0.5483002182028944,-0.05108780413246494,-0.11074045326076504,-0.7584084768149745,-0.24447765442216693,-0.3655000067100811
2014-04-25,1.0564554211636596,0.017402749009591618,0.2754335646908562,0.5544002618830144,-0.13905189880875996,-0.20322705725306842,-0.8277103145162301,-0.28090318367012074,-0.4419891328635177
2014-05-02,1.137255957678505,-0.4204943241205457,0.3963346319959689,0.618497972738885,-0.036012543793683315,-0.09890303686323547,-0.7269323781783726,-0.2519434534681799,-0.3269688227529063
2014-05-09,1.0299350657442286,-0.3921000587601612,0.32654882911548433,0.7406340456961181,-0.014299490571719796,-0.7228884079683663,-0.5820840760413032,-0.25177431994703875,-0.19589859330424347
2014-05-16,1.01136654651645,-0.3233216621342589,0.1024733398222911,0.6852215560020565,0.04965566831794364,-0.7127209213809865,-0.6263350185649026,-0.1470626939599312,-0.15854106068571622
2014-05-23,1.0101085542416166,-0.21564618853338618,0.14334535984789087,0.702024960231554,0.18793913235161455,-0.6253815990669331,-0.5931061619981065,-0.09380116704550076,-0.1223419079619373
2014-05-30,0.98980282109915,-0.27507927678111765,0.1033093883947331,0.6866694369574349,0.2223392590552478,-0.7471830959891156,-0.5728094882242432,-0.08673424533288526,-0.03145852420401009
2014-06-06,1.030568666755384,-0.2820779876134713,0.19065107575836918,0.6841296581486528,0.28143381510589194,-0.5758171233379469,-0.615453938536297,-0.017518654245513854,-0.06900364836481021
2014-06-13,0.8025158810235489,-0.2785162139834076,0.08412164756145277,0.6518610714883886,0.25817009049068285,-0.5729190988716629,-0.5319467067945712,-0.04111852393443801,-0.015275329078982566
2014-06-20,0.6824411285492149,-0.26592386334813206,-0.0023383584880204505,0.73432901389337,-0.02602333750735932,-0.5249984646539531,-0.750702588307459,-0.6126719050049171,-0.17681950147998346
2014-06-27,0.7204136502608667,-0.2826222474021987,0.03032983603982536,0.7342482360939422,0.03566787729683319,-0.5548875830614965,-0.7200513483864237,-0.6626674962569835,-0.020398087743356958
2014-07-04,0.7843196873245566,-0.21683672022681447,0.1387660588716241,0.8064118459215568,0.12043396768439231,-0.44104346723563825,-0.6340911202908098,-0.5697331964320433,-0.07222007922665061
2014-07-11,0.7957115210880558,-0.20234116894804016,0.007329443141426638,0.7437508283242938,0.033201707684290066,-0.475650079905031,-0.5240339762738747,-0.43161415998488867,-0.09622244959260416
2014-07-18,0.7701445881278192,-0.18675118020450232,-0.021198938634613473,0.6783118266525773,0.07847138840861713,-0.6440572557484526,-0.5980390083719034,-0.5362877610492194,-0.0883159766787086
2014-07-25,0.8739453273359371,-0.18510287272599496,-0.1141042293933167,0.21060841763341168,-0.0023204347723382664,-0.5605441852493953,-0.5982925533517948,-0.3978429797377641,0.018607158686000883
2014-08-01,0.8688726797671957,-0.1422312366269293,-0.0458280881221173,0.14240298167027232,0.24976239831905445,-0.5475548796912727,-0.6218335301775865,-0.2509868526035405,0.03259671584907988
2014-08-08,0.8334229960602453,-0.20747883520140234,-0.20700618103981092,0.07147286057826518,0.19306175925176014,-0.7210728607716756,-0.7790647970182366,-0.3660492488941442,0.011869391333607175
2014-08-15,0.8901389031735645,0.38333842508132093,-0.2044403106425301,0.1591708797296269,-0.12603870958469712,-0.7613761991755141,-0.8168760813671295,-0.01949457172489237,-0.014539655588034314
2014-08-22,0.5249078309160131,0.4810189071710821,-0.09418294467654226,-0.05505933654351032,-0.2180764821952376,-0.7717178494851621,-0.9348818330809759,0.003488102485540416,0.03859426821440542
2014-08-29,0.6985692343851579,0.4100397143517694,-0.15552097466161247,-0.046947109344960374,-0.26220270648630456,-0.6547684854296661,-0.9280661628412603,0.052869298440031964,0.10824035265037853
2014-09-05,0.703140801893474,0.35499175341763894,-0.19005413951087477,-0.1345035880218345,-0.3303311922717589,-0.705933508455471,-0.885795579354411,-0.09787055356073049,0.03126372801628922
2014-09-12,0.5304213476602875,0.21142995598718253,-0.23953162784167803,0.15222146831044506,-0.33666887548458174,-0.6142829929226321,-0.7429993581025203,-0.23163496800818384,0.1022263152065565
2014-09-19,0.23336567104787587,0.1831355122999004,-0.32262794143027906,0.16148619520098542,-0.2472502662287593,-0.6313322668190013,-0.9574973882989163,-0.1352178730880663,-0.15816752633044084
2014-09-26,0.2941532903222431,0.026517424933358093,-0.35935557989654887,0.009269659283780741,-0.39178026759697104,-0.7650678272817537,-0.503638696234714,-0.1563183363773814,-0.3045017250518231
2014-10-03,0.32136401507447504,-0.12254697028640768,-0.4437469159622119,1.027247894355548,-0.35757533317826995,-0.7691303985150145,-0.5397593031178682,-0.14106318849152893,0.21979343115304922
2014-10-10,0.31270735061095006,-0.011148405385473998,-0.2791270633126567,1.1631679697915176,-0.3714751099248633,-0.8041117851980342,0.2975613823882328,-0.14030873276177286,0.3369208712436925
2014-10-17,0.42670634843232524,-0.028092208659189124,-0.31341523018969597,1.1238047527276047,-0.41907054799977067,-0.8763062293897943,0.3853957930568949,-0.16405202078813988,0.4998747368463403
2014-10-24,0.07546389469270395,0.10025687762161305,-0.20881674634023123,1.1696154881894179,-0.4267371627296222,-0.7737897989725055,0.46777680624543067,-0.14002525581209235,0.6194728763557528
2014-10-31,0.02817038254949804,-0.005470345235839068,-0.3570712056108616,1.0451392158937787,-0.5044848048378285,-0.8444897296492222,0.446271907131756,-0.15703265152598234,0.5852425218266896
2014-11-07,-0.10629269082950332,-0.11062529699280355,-0.37892884227213697,0.8356155545892359,-0.09186082972545373,0.36449129440412587,0.3509903121036877,-0.18911723002080633,0.40873238010037966
2014-11-14,-0.026304176326814307,-0.1855839002079413,0.2897382810095933,0.6558191704470074,-0.06745594687314475,0.4009252207126216,0.25179823923969585,-0.2621801968007162,0.2981088682926003
2014-11-21,-0.0597782512838432,-0.36361529616915844,0.2930480496920755,0.5668258739366293,-0.1698845577758876,0.3966252895269357,0.2992130263789254,-0.1706735530116498,0.17108177704681324
2014-11-28,0.1903919524261469,-0.3006591200505199,0.17047709815862203,0.5176011278312628,-0.26839321115857295,0.4843958098923497,0.20189100085129644,-0.2252999027456604,0.08403971704610948
2014-12-05,0.20130474214872038,-0.34759144700169925,0.16253314354712073,0.4263624514155872,0.5148295927334614,0.5218682353178595,0.9913606517716335,-0.15031138589689924,0.05011946985275135
2014-12-12,0.8186464555625274,-0.39616682128490516,0.1587501499299696,0.27726612359586644,0.4383785488583912,0.7038213794118082,0.4964100185058915,-0.15097180602622834,-0.010847975558995667
2014-12-19,0.8367915939943962,-0.3286634755196075,0.17995068613784482,0.32066738632345443,0.47144288435496084,0.6066125285380077,0.4303570858221163,-0.13775846958319246,-0.10670583846025497
2014-12-26,0.827652775892756,-0.18633238070139213,0.041340127240033955,0.28878895748964567,0.3952642767103655,0.5679214381389184,0.3127534960803537,-0.1763201438946905,-0.11938134183099523
2015-01-02,0.6743784933487155,-0.11513997955700124,0.020619879355309262,0.18945044498951952,0.33876342990990244,0.5019056383245741,0.17805743042115288,-0.25715835651353613,-0.1417492034268966
2015-01-09,0.6432304462862893,0.09283609453312074,-0.38925121550022934,0.0924159968121519,0.18641571260075512,0.47484429434080383,0.1378675684220871,-0.21421656383514887,-0.23911038923609262
2015-01-16,0.5499824927736153,0.038957136179336764,-0.23296285844371767,0.24296861070472997,0.1857094978402825,0.5033694519888514,0.05103450465180744,-0.24031156239132295,-1.6056509784130795
2015-01-23,0.40011894938616893,-0.13286516449301478,-0.24903839744711878,0.2183164710367106,0.023234118125624058,-0.04899697856832302,0.11662044388701018,-0.16448318357282984,-1.4562949055907237
2015-01-30,0.2808137205595606,0.24695591211150364,-0.3415140197563533,0.3910215209666902,0.06790547451547994,-0.059099688984659796,0.07543016815577211,-0.38997433928018266,-0.5623096685459394
2015-02-06,0.09811366466260052,0.24429503105334205,-0.25511703903704785,0.409828304205438,-0.6903461840289148,-0.03582989379107618,0.16556259353390873,-0.30489597093152543,-0.503709122088004
2015-02-13,0.09551747060593083,0.15298839103729042,-0.37732490333013724,0.3729893197029397,-0.7243498879751588,-0.07731654079724966,0.15925763947806307,-0.2717633015148735,-0.479913187618734
2015-02-20,0.11543644755089044,0.042120481964454025,-0.4954144916556329,0.25014147006636034,-0.8204692366127951,0.012982064626932388,0.13257974475595596,-0.20675234252213598,-0.3394121987408239
2015-02-27,0.024146624792365363,-0.05544278130328766,-0.3799966183889093,0.2461276134596116,-0.8033395940692416,5.0641996131880045e-05,0.11643157683277915,-0.1955696382633786,-0.40912810485344026
2015-03-06,0.013287689419714484,-0.10139556865732822,-0.2762446206353484,0.21289636290040256,-0.7987302385587639,-0.12448395730220242,0.2780232786613838,-0.17819270475637913,-0.48466987066957684
2015-03-13,-0.012669993157700635,-0.06464480509972236,-0.26629419611078736,0.27569182176781915,-0.8484251343508383,-0.245320234252388,0.2709403759554064,0.19348847601268973,-0.46952512638467664
2015-03-20,-1.2271225668559638,0.08967041296651732,-0.2625818478386407,0.1353277150894188,-0.8481531365041648,-0.43684876408637113,0.16526689175476625,0.040355422974289096,-0.3448080064070383
2015-03-27,-1.256442036285057,0.23474987289768728,-0.24818252975753283,0.254623944529304,-0.691427372107762,-0.5535049967961666,-0.04477822485514693,0.1640413053040869,-0.20448716083620888
2015-04-03,-1.1083874361237407,0.3808032287479388,-0.08610719741347027,0.2798268959369536,-0.6484284360666097,-0.5331392127406998,-0.08063905027270853,0.2615327715677495,-0.08833181558152348
2015-04-10,-1.3054800827678699,0.38609967977094883,-0.2174334279979084,0.19655830224787957,-0.6424006794123609,-0.6642345796112332,-0.20267303851832824,0.15690666760365396,-0.19770924326440342
2015-04-17,-1.1945921232538512,0.4637511611719851,-0.26063180265422214,0.20029407863826362,-0.5193110845280349,-0.5001360979451699,-0.39127576360053284,0.19042832156515038,-0.1400742422437024
2015-04-24,-1.2957312245083437,0.3351268249596543,-0.1927235762779778,0.19863064077597822,-0.44212506168630183,-0.5390769446101572,-0.33193395308408763,0.11845790427201874,-0.08702612477742941
2015-05-01,-1.3382212008561545,0.36027819436898983,-0.1674380422733256,0.23458381248779214,-0.34842457722558307,-0.3760297295852116,-0.19015033274466242,0.8544956427122533,-0.05980617004701043
2015-05-08,-1.2567331196966058,0.32242347973703117,-0.21257623839238812,0.2580945847942568,-0.38469600067854637,-0.3822489444329372,-0.13233213439948852,0.8224725166735902,-0.02495162945807056
2015-05-15,-1.2619513241411668,0.34276808800425207,-0.07575843540857355,0.3814959821255816,-0.3083329898618559,-0.24020066829535947,0.0073761778316623556,0.8466983440505098,0.11368637694824645
2015-05-22,-1.2216005209524123,0.3055220479544212,-0.12184272939719201,0.3870858155913353,-0.34442581645765724,-0.33416842440477784,-0.0569378681183723,0.8199792765088366,0.17158880571829357
2015-05-29,-1.2220378433354941,0.3518372233542721,-0.09185804169196603,0.32598977774867854,-0.21364941189398098,-0.27807040246878767,-0.08831191017375549,0.7840749695730301,0.16310256245862692
2015-06-05,-1.289239389024401,0.34026761790133264,-0.224448190764627,0.30342575737363003,-0.49154634663815694,0.1263891195949292,-0.16381113872382924,0.7257750939201174,0.15824776077093686
2015-06-12,-1.4338736304233537,0.49759599079109124,-0.14561822684698777,0.31729381239484006,-0.5086759939582739,0.08881123943620375,-0.1805756639667865,0.6964821083178442,0.24856341344466953
2015-06-19,-1.4435336779703327,0.45492492492644854,-0.0012858882666891727,0.33878329734743695,-0.5223312624878278,0.22409976295411477,-0.05948079061960884,0.7401824595407327,0.40580642101541947
2015-06-26,-1.493488632313144,0.47282942502201497,0.05434126325165168,0.24886541573358067,-0.5428665128061783,0.1729942135076113,-0.07813381328566193,0.6894171123384638,0.3861882988316082
2015-07-03,-1.441359724786928,0.559323022482037,0.0042661512211518765,0.30538109382277095,-0.49688995939132735,0.2458755997335778,0.02854422999722903,0.7207841804267192,0.4639597962080946
2015-07-10,-1.6334522252849426,0.6620187936658642,0.34295951225463167,0.25836395773348464,-0.46224874907078883,0.26112767119446006,0.04287776586572178,0.5967412229102433,0.47036876407880385
2015-07-17,-1.7079107291396574,0.6353104284246084,0.2728612796926736,0.1120121595283404,-0.5184977873685963,0.13362721082294357,-0.09096592827008128,0.5194766325567719,0.41427786698668384
2015-07-24,-1.7173806169510046,0.7278755824759727,0.11102145034382967,0.008137637061971372,-0.43450329518340547,0.40621654932841844,-0.1007370071832081,0.6683317019886563,0.2659265016838863
2015-07-31,-1.922008765211149,0.154316425657034,0.2705067005603236,0.04045132801877731,-0.40848261714226575,0.43940090660558084,0.025416097548018046,0.7531130869113977,0.26887712070880804
2015-08-07,-2.2413297032240993,0.1378360771892293,0.2841478877308904,-0.043569056613147694,0.17912070433762345,0.43351622668423817,-0.05503809139056385,0.6387876065489984,0.13525762199990915
2015-08-14,3.716187597028904,0.41025626610888816,0.4800358635022317,-0.11844922728232453,0.851105979569108,0.27750967029242374,-0.0668916584201478,0.5914388101741096,0.03829553651885154
2015-08-21,3.8647865235611416,0.41852149587561155,0.4036254003086057,-0.12208039468145619,0.7719508213196763,0.2251406772744491,-0.010041821604147672,0.43059276774621685,0.08916231434818435
2015-08-28,3.8475966041578977,0.574597660408487,0.41014563572090174,-0.14569044762138758,0.738620363338551,0.19823703658487246,-0.015724524013215217,0.40133295996966506,0.09817999006382483
2015-09-04,3.84291491686448,0.4848243940928331,0.3910341400480269,-0.15056577908528182,0.7346337117299638,0.21165588539981783,-0.05188272690107984,0.4625841162609722,0.0640479514918667
2015-09-11,3.6518234763915545,0.4106993574770477,0.5053688390379455,-0.08429593434696955,0.6814361820484699,0.29949276896569715,0.0973338650548629,0.5333901172351884,0.16119816752093055
2015-09-18,4.323467755533769,0.42140479369949974,0.6287431773635607,0.0259334120234348,0.277836152268003,0.24794181060072967,0.01932175390568495,-0.03368689305347318,0.1825502501666198
2015-09-25,4.311114343515765,0.5004876397376251,0.6039808626922656,-0.06789112953661443,0.4407640567609972,0.10565496649208438,0.025855846340566115,-0.09270262821658477,0.327805149261078
2015-10-02,4.221143800406234,0.6074395115026119,0.4849179984564416,-0.007574067290463965,0.3814957856986002,0.3027688157827398,-0.11291821483070877,-0.24678229511142608,0.3724267719891234
2015-10-09,4.2752878163255446,-4.0699609009784625,0.528927277969859,-0.3314601827803629,-1.3029650177667702,-0.6787032248603566,-0.5344606730371103,-1.1083971615923867,0.23382499192396217
2015-10-16,4.222658671804805,-4.1491491918975045,0.5946080013093389,-0.3237397547193729,-1.4610279933048496,-0.8574625781190398,-0.548131156835259,-1.074703249783989,0.1913705363606111
2015-10-23,4.1169142781499275,-4.150616552742059,0.5949624980909514,-0.3976519546518495,-1.633719424511576,-0.8759887568462329,-0.7254759663836081,-1.082279866108427,0.07923119928395549
2015-10-30,3.6927314248741223,-4.15071678285765,0.509267319967883,-0.4131033071489108,-1.7659984136380764,-0.8645826134167827,-0.8135743684354214,-1.2255654064398656,0.06278669958093426
2015-11-06,3.3184554542729776,-4.1482728983597905,0.41397423548464807,-0.42701529415765793,-1.7201501114756022,-0.9575477960035234,-0.8713841717610733,-1.22926709690823,-0.006969846028401828
2015-11-13,3.259462961155612,-4.131495228268687,0.3802621525597246,-0.5279557590807551,-1.8992372409172935,-1.0768422730258538,-1.056990959038764,-1.3001808785828783,-0.10125093617997508
2015-11-20,3.240731499212122,-3.990476647804304,0.4190666658420754,-0.3858839697468411,-1.6514482034580076,-0.9270573854445385,-0.886012729623295,-1.1958403172372805,-0.0897510910919416
2015-11-27,3.14603085601841,-3.949745641692481,0.3579712372300176,-0.3448438540527228,-1.5359799173482065,-1.009481398106936,-0.814170422412198,-1.1960783939509414,-0.06689183639750679
2015-12-04,3.1664938489129306,-3.9606095620394797,0.4697437671327433,-0.32383311481992694,-1.4001548623802518,-1.2385468245981495,-0.6282437888868654,-1.0605793271976949,0.02194151297320113
2015-12-11,2.7261365392871166,-3.8895615866966087,0.3706846047844024,-0.3893519616331127,-1.408433961926249,-1.2949254026821333,-0.7977974216448843,-1.2388287815128882,-0.12463278521336946
2015-12-18,2.691671013040044,-3.593285938582604,0.2592164282842326,-0.3942201656207222,-1.4413678431283405,-1.353653598307836,-0.8939494863609364,-1.229366668856658,-0.1368122684837412
2015-12-25,2.692152735363078,-3.3047154158867937,0.31624409001685955,-0.2401478348073653,-1.4309466540162787,-1.1779418540778885,-0.7451871624242027,-1.150542161788782,0.00023696495215520317
2016-01-01,2.6181133327496924,-3.2241626813108817,0.24929274694805198,-0.28906859983047534,-1.3787474975152603,-1.1162537706032611,-0.8408113199767466,-1.1531078050844799,-0.10768658761959599
2016-01-08,2.205488039593657,-3.291101492505652,0.11350861290465508,-0.23500833690629894,-1.4132019809666134,-1.1639047593636307,-0.8116918859568049,-1.1691988477601587,-0.1525328496097511
2016-01-15,2.0018005280684688,-3.2840815244218184,0.025118567750741574,-0.21435512905443235,-1.4104562606233066,-1.0606188792288036,-0.7286464796893908,-1.0970724937351783,-0.20538298866230378
2016-01-22,2.0311846558980036,-3.093910136766527,0.1665899921930312,-0.07230853312771963,-1.2414214122876768,-0.9041544632801173,-0.5783530371705287,-1.2925812329572495,-0.045699236480473665
2016-01-29,2.0312235960672975,-3.012713052849029,0.06845765928689797,-0.21086593473025245,-1.0420158951363279,-0.8681551095778106,-0.5806684931686016,-1.1361642929116105,-0.07681634717295974
2016-02-05,2.0272012931894756,-2.981593155203293,0.06662071306465747,-0.16926511350153692,-1.021630199142012,-0.8336875638747487,-0.4118794808113841,-1.0560488947235984,0.021185736837656524
2016-02-12,0.6088619950943243,-2.964465207765695,-0.16089590906109583,-0.11447936907350811,-1.202196970534583,-0.6690089628045605,-0.3177160305687385,-1.0339687162657338,0.15702942153999305
2016-02-19,0.5458969243167375,-3.0054010784894736,-0.3769287392203435,-0.09807941175572367,-1.255499608480482,-0.7823075102859297,-0.38658098364808413,-1.0598387103812497,0.11718928821352036
2016-02-26,0.5529555867073929,-2.95672156605162,-0.3455299016546382,-0.22454984625186838,-1.2425279789357768,-0.7279604277585985,-0.3654425488124121,-1.0035211342315251,0.07230163174797485
2016-03-04,0.6049724248527707,-2.6906264087771117,-0.9321139846347994,-0.29988007963697244,-1.0505773139379693,-0.6344113179077325,-0.30268192870918437,-0.8265521069535932,-0.11182598486911735
2016-03-11,0.631570682229488,-2.721402424036783,-0.9915250090869167,-0.2977501609985977,-0.9662996193076859,-0.5624449065459715,-0.3232315631593946,-0.66955648947879,-0.17756562197356182
2016-03-18,0.6309571795086859,-2.7216388727992697,-1.0122321606878255,-0.3008908662697558,-1.083810942287374,-0.7041421218046288,-0.3319083126200277,-0.7235088125657726,-0.1634080204748348
2016-03-25,0.5285359289298993,-2.784220139438464,-1.0070877638167126,-0.3341359831255027,-1.7276131572332518,-0.6746803492131496,-0.5194470783908671,-1.029009893609585,-0.7668795395963779
2016-04-01,0.5175560211128465,-2.708750158287483,-1.0420883154533813,-0.3073323595115978,-1.421274604807453,-0.58685039648742,-0.3458763210588697,-1.0677185414007853,-0.7436875888295389
2016-04-08,0.47498088275096984,0.012027954287813824,-1.2151917599217397,-0.2629388866481199,-0.7672166447606037,0.029439317669612643,-0.05853048819827141,0.2524576974442698,-0.8171590136214378
2016-04-15,0.5263770406488066,-0.011719884475003262,-1.2533529284645943,-0.3471634576971117,-0.747758351006363,0.10682946899716741,-0.21643673297666047,0.1957709460355171,-0.8310723012590017
2016-04-22,0.5636617294059497,0.061715737045061905,-1.225732695619008,-0.3273155865971175,-0.7095178012221126,0.15267001093181076,-0.1122545415929263,0.2796744416072573,-0.8098725147920364
2016-04-29,0.7343780380383025,0.12823921009617995,-1.1296742425765014,-0.23597405297051896,-0.8116363400306608,0.14051863853222807,0.005138095020611647,0.4069757163634247,-0.7241744077671557
2016-05-06,0.8109203472783885,0.09810480677743573,-1.1773734641019682,-0.1483882690404999,-0.5359100355368052,0.16920106329109902,0.027991374207889195,0.40603869520095087,-0.730498737465641
2016-05-13,0.7490943712955077,0.10225423923894199,-1.2043772787864022,-0.11879290865944735,-0.5569202327184853,0.22386528092000396,0.028925963487986987,0.42067730704696915,-0.6766599625023024
2016-05-20,0.7435466322990167,0.0508199149142554,-1.2667085494974397,-0.27571332526920106,-0.7215380874130202,0.14384337620165424,-0.1258760853733874,0.2528978039339914,-0.8217210546424247
2016-05-27,0.8242316252733595,0.1564103922918388,-1.2318375934032113,-0.19614564457379463,-0.7704225675769854,0.21284857419254025,-0.0627948431627084,0.35829222062061794,-0.69394611611833
2016-06-03,0.8422700976606328,0.2574835771561077,-1.2694945510903353,-0.07669645275170661,-0.8462610041377637,0.22371271526441663,-0.060029492847937065,0.3251904611022552,-0.559110192650646
2016-06-10,0.7402947029234759,0.31276707395968206,-1.2008782745718742,-0.0842069357063343,-0.6887931720380454,0.3718114901846568,0.02027850340273576,0.4169547451511021,-0.5476879366296687
2016-06-17,0.7914790602512248,0.22735635934847448,-1.4655674710865525,-0.18401307402918046,-0.7220585994170067,0.2429489135614231,0.0829894039415793,0.34612617890934844,-0.6452784301860518
2016-06-24,0.6587492724879246,0.21750799491442327,-1.4915989272626207,-0.23619265531638783,-0.6743954443708037,0.10232629767793054,0.01727535393944744,0.30609952291497605,-0.6960956018349521
2016-07-01,0.646303781620494,-0.03006118432291873,-1.2650483165761799,-0.09923486183060919,-0.5597445888440764,-0.00548043035094449,0.12840986785144656,0.3770705394096341,-0.571618176293194
2016-07-08,-0.19450708130315209,-0.029578988207644808,-1.3026764171629506,-0.33147098141149756,-0.6767338896657534,-0.014752825615432438,-0.12748947014114445,0.35360455741222546,-0.8566162814497493
2016-07-15,-0.019568751518629322,0.039101863170202526,-1.4960367723629655,-0.18094352414763756,-0.5052516402038941,-0.0773277966412297,-0.15743937183181905,0.44590600607118,-0.7247111659669024
2016-07-22,0.007887839927166155,-0.07638265268264857,-1.551020391176041,-0.301298039458841,-0.43823472394767143,-0.197757788060281,-0.30070052162393734,0.41412958952538864,-0.8595828717798174
2016-07-29,-0.001536286839302674,-0.13451220129572006,-1.391548350349522,-0.17563521535722837,-0.4344193173669798,-0.16362648940199545,-0.217652972031598,0.4744419867473042,-0.7194608328962346
2016-08-05,-0.16397967685901643,-0.21540939710552226,-1.4383816594110403,-0.22233004939851275,-0.31382266506780254,-0.12441489540802401,-0.3756564223441707,0.3425159847754011,-0.6558182386586244
2016-08-12,0.04003260657686753,-0.27992588904629306,-1.4358434039923877,-0.09367840916802277,-0.32037504827526164,-0.12066215620583641,-0.4245140080440882,0.40464741659543696,-0.7212717366736336
2016-08-19,0.0534001155063893,-0.3444376097658492,-1.5702970722733165,-0.18914027193691904,-0.23583563808909253,-0.008579440349343515,-0.4187181917870919,0.5302317050516216,-0.6497456544268762
2016-08-26,0.016497856930236695,-0.44442255468161496,-1.5156698825782176,-0.08018444296916563,-0.23235797234000746,0.0027948967698453713,-0.4586083351224797,0.5569290686724004,-0.6204450428465547
2016-09-02,-0.09115311796493347,-0.20849305373430285,0.0644776921042979,0.24450870014420523,-0.3611949819182223,0.2734585565264915,-0.0792826781740122,0.5674220568380342,0.15064570296167482
2016-09-09,-0.140661007698083,-0.22739122703969813,0.004510196297364368,0.22988324226551504,-0.3885425891296926,0.4726763547811878,-0.11081162043683809,0.4506742293345102,0.25646845051335454
2016-09-16,-0.22388886472108133,-0.14868772282613954,-0.03090711772593866,0.27286176060932404,-0.5084010818315792,0.35555756411979533,-0.23669132738359885,0.334734255076807,0.17084359340062116
2016-09-23,-0.5252644705686521,-0.10343136345947486,0.07076913064333798,0.3084756668890529,-0.48846624694508634,0.289242070522055,-0.13783973310098907,0.27252310307573435,0.11078672688618664
2016-09-30,-0.4980979675971044,-0.15499629866313633,0.12451541365066143,0.2564036399070697,-0.06928583701363766,0.1458499375034295,0.018416383984860788,0.22645129074205858,0.0965198567601394
2016-10-07,-0.5892412771994451,-0.1153184870792716,0.1808774079143606,0.1462973681790111,-0.0964986970722391,0.16910906093343023,-0.12243012223042263,0.0692921053435656,0.0793856466904729
2016-10-14,-0.6672925673892302,-0.11586332747134134,0.16876402357379067,0.08066110614887914,-0.18008341809355305,0.1465490552596272,-0.028719646767065742,0.13153810181149164,0.09160242714918006
2016-10-21,-0.6774041121899338,-0.1428147088225579,0.09417979988785502,0.03044118575953361,-0.1572656892388991,0.23737814458791068,-0.17261210508996155,0.1888370303999193,0.10604511420753368
2016-10-28,-0.8383228551772643,-0.13419061499700582,0.08602073416336645,-0.0790532213613978,-0.1793831115521184,0.22724614477951938,-0.20370157867519184,0.17251295161018657,0.09669371437418393
2016-11-04,-0.6483394411216205,-0.18396131502415097,0.16250366077911363,-0.22631626818339673,-0.23516820024965496,0.28762431722090387,-0.16933394970316706,0.31939343512720847,0.25598698473343945
2016-11-11,-0.5951814816191825,0.878142654059632,0.6361128816822309,-0.1448374819287012,-0.17582045907592392,0.2890618325499235,0.6583097979686742,0.45442726729417293,0.5507725952963191
2016-11-18,-0.16743154625953074,0.9011742034193427,0.6370528216577774,-0.14348879165128037,0.0052131351923534516,0.1721345911819759,0.6313262630447855,0.4942003168099869,0.522999282691991
2016-11-25,-0.2560340937474778,0.7313569984478167,0.5325262983271724,-0.18540240024790353,-0.07656377661843672,0.13626527951206613,0.5827743958049808,0.43965138735129355,0.5198693557047288
2016-12-02,-0.6210325824390953,0.7180885227046677,0.4941341168134211,-0.2112988383476984,0.04224136926856932,0.23090772727004585,0.7845550510449235,0.4709697165352068,0.42751756760747706
2016-12-09,-0.6173546505387455,0.6873808138139897,0.41217701200391854,-0.2659287183548404,0.10231654315830657,0.10808654048372321,0.6328919848177127,0.37382197310567866,0.4566575541680987
2016-12-16,-0.7027912669800743,0.6418754856517694,0.396748513058762,-0.28856847022471666,0.06477325517392123,0.23129574452808088,0.457269445035693,0.31423268542892685,0.4012439029139033
2016-12-23,-0.570763425686619,0.6879838493258594,0.41485822421447144,-0.3928295836827328,0.050900098546807444,0.3878003428059613,0.455435670753368,0.271588441013056,0.3100638607693209
2016-12-30,-0.5275416220855365,1.526631953338338,0.5595309134822014,-0.4440448066180382,0.28300309265137735,0.4541917763929234,0.45707159642251827,0.2876850844259453,0.15244546819905014
2017-01-06,-1.2141405963966065,1.5732069321208608,0.4939417732710988,-0.3655892605309827,0.3910577543519912,0.5596628220605988,0.45610143936774555,0.4273349537862648,-0.058293122094085825
2017-01-13,-1.257956034586302,1.5697319584525649,0.4249016977330514,-0.37687146065587723,0.8827343709915222,0.5855933562334533,0.5009993970660432,0.43550807964759053,-0.06818989694471826
2017-01-20,-1.310415942190819,1.4835745522309585,0.4856269231140061,-0.3393076148670274,0.9882224360569495,0.6708588755174292,0.654381306722632,0.4326086120561425,-0.06302620798889307
2017-01-27,-1.533393263346123,1.4885938521002042,0.5031900349368994,-0.23577620546796907,1.030238794791808,0.6654446337165149,0.8833427574660476,0.43165601922409014,-0.0941474554660131
2017-02-03,-1.2560067716929513,1.5653253832681353,-0.29429902540069897,-0.7468148182810206,1.2358614667648429,0.670565730314448,0.45085466225535425,0.5823149476242173,-0.6915654647545156
2017-02-10,-1.2849385481254025,1.545731885832435,-0.23120991849048853,-0.9346717576949622,1.2145898948874128,0.8256801479486938,0.2879256122487867,0.6059381544279965,-0.819384104654762
2017-02-17,-1.186686375756051,1.6464642091841988,-0.22649306788005902,-0.9391564215471173,1.2087853068920487,0.7977476628711583,0.3373662776161781,0.605289062175992,-0.7962423298336162
2017-02-24,-1.1607801621648945,1.6615203993757544,-0.20893565255804047,-0.8727174622452533,1.2137430605881252,0.8142541577872789,0.35911265849337565,0.6131497795775435,-0.7025545233300872
2017-03-03,-1.1697785485992773,1.608052524967109,-0.30029528389470617,-0.7471773098336707,1.4435689136138796,0.9878138700245791,0.3517795347083553,0.5029277393908472,-0.560753702551922
2017-03-10,-1.1475167059154399,1.608125225366839,-0.1739270468821793,-0.7885541414198982,1.471775437579798,0.7568136785281921,0.3508436815341211,0.5028907746183298,-0.5825385176720261
2017-03-17,-1.2638658752822078,1.6168775073367319,-0.5076934666918345,-0.6543236240477939,1.7565186609268764,0.9500320302221325,0.4623895444965939,0.1615549402885448,-0.41918109703846396
2017-03-24,-1.1602593592527852,1.6649937012284224,-0.5968839915378731,-0.6672050514806206,1.818661833371463,1.0227833933816146,0.44617002019385416,0.16108525192262785,-0.45777207215695676
2017-03-31,-1.1774519806487935,1.6220162696867764,-0.4841727609704846,-0.6899555866926764,1.8990253957865593,1.2167932075986658,0.5160461786727891,0.2525957878082471,-0.477328189895049
2017-04-07,-1.1701139344368865,1.6255868011459065,-0.35611816059392,-0.6713351122417475,1.9541115917576686,0.5187060212865098,0.5678647374943514,0.2544863603244176,-0.45890581926036844
2017-04-14,-1.0617275561069117,1.793186350088754,-0.37314863465122117,-0.6983909106571188,2.1238565507567837,0.5858283039719011,0.7469649798800287,0.2946077973635642,-0.3178924774498196
2017-04-21,-1.034912808869559,1.7882013184902734,-0.3696446598759147,-0.6104869104352867,2.150286658439583,0.4254807396241541,0.8344175667548828,0.19349794862476646,-0.3025842883369815
2017-04-28,-1.0108139843686663,1.779027465940107,-0.30380202148628793,-0.5833493510959801,1.8005563874434682,0.40595409258609666,0.8067881477132601,0.06947627878363055,-0.29620585978140984
2017-05-05,-1.0891993749870037,1.855725126097425,-0.30795947123408224,-0.5970269654828178,1.8010228605585128,0.3871922185637712,0.6898556177534079,-0.030695502058252215,-0.35002158164676717
2017-05-12,-1.052670728010422,-0.5419325432553146,-0.8563759167871622,-0.5359098041855432,2.1313278194161835,-0.07979328782528998,0.04712483152448028,-0.3701291204936923,-0.5515191379945382
2017-05-19,-1.2675465427947923,-0.14239910915620538,-0.9066291414772875,-0.4584290892475026,0.29631121556620316,-0.24799391055579526,-0.06436791698937007,-0.21934888645550216,-0.4758851230925315
2017-05-26,-1.0995287203555555,-1.100312152432888,-0.951480741043779,-0.4856529501024643,-0.01051891004882113,-0.2254146603817469,0.012886327473442285,-0.07230998303753321,-0.5642228052414123
2017-06-02,-1.1665090964581915,-1.1264301069545826,-1.0235114314475353,-0.5471113203211114,-0.0769538628587954,-0.2507913517958151,-0.0760571975816955,-0.08054572080046668,-0.508876291678222
2017-06-09,-1.2892056722127214,0.13933160613758538,-1.217374220844957,-0.5568765497336681,-0.11613946139086748,-0.3048098999430209,-0.07917428404014945,-0.05548695911653408,-0.5515163036524636
2017-06-16,-1.3141739829115646,-0.40197179000338357,-1.2773076007646798,-0.5972635465481146,-1.215791598076566,-0.27108273394701443,-0.3778594363875496,0.042964385792907143,-0.5392845886858557
2017-06-23,-1.3639388200004037,-0.40164512996437557,-1.2831976798627958,-0.6288772655691454,-1.1965917750661847,-0.3776527700022325,-0.4179902356551562,0.08863510761786676,-0.5130082076588826
2017-06-30,-1.1323448309258741,-0.38910969556889025,-1.2827319622622948,-0.6721836058114474,-1.2253675999619402,-0.508152995980418,-0.3175934136803235,-0.012012779838860413,-0.5180819321195923
2017-07-07,-0.2894324918985149,0.7213983931801768,-1.2876789938464495,-0.7553532994218549,-1.311665861788923,-0.64440956856102,-0.4695986455262673,-0.09668889448421379,-0.6635307224502082
2017-07-14,-0.13012204261410656,-0.16147963743385185,-1.1659156217547197,-0.7623887518745228,-1.334045686402436,-0.5358963220513396,-0.4048067316906685,-0.10971918762083112,-0.6879353359171284
2017-07-21,-0.10988562110059139,-0.4293134065123797,-1.19060675343732,-0.681166678315157,-1.3962294164023452,-0.5368298556266752,-0.34448055600114086,-0.008504702263615507,-0.6990529044750252
2017-07-28,0.02300238652821247,-0.583528279527332,-1.0956445184033445,-0.7048684045199767,-1.5035039642852905,-0.5317608739258124,-0.24733933074578945,-0.054162918000960986,-0.6677170187161455
2017-08-04,0.20531228417432204,-0.7150962913920861,-1.0512641811244707,-0.31339422879207457,-1.4991015142401254,-0.4959989907354123,-0.1697545318866905,-0.12442922282514238,0.18548018665187024
2017-08-11,-0.3754660230172147,-0.7163651245472908,-0.9322921013037363,-0.2990736383281246,-1.4766775894435973,0.23772459715623645,-0.5066682062549789,-0.06706672109375622,0.18407934278111876
2017-08-18,-0.4683489657624466,-0.6456620442322586,-0.9335387546757485,-0.2407697321099983,-1.4523817283315383,0.1912364267320331,-0.5636615906582821,-0.0968312529103209,0.13845767283769608
2017-08-25,-0.3041578094476208,-0.5465501334428748,-1.0174560695527641,-0.23018275651799103,-1.4077654424426433,0.23032097535339607,-0.5591006433020536,-0.19069953598944864,0.12094880952747163
2017-09-01,-0.753937563526627,-0.711875397642351,-1.00601246637516,-0.5649714989067872,-1.4588070649134675,0.23883589212260078,-0.8809026402184451,-0.13251161830015765,-0.25225123302380115
2017-09-08,-0.5997741196341245,-1.9277189316978338,-1.0846639377653275,-0.6379324211716789,-1.6036158882798117,0.27259828054429575,-0.8005908701651754,-0.2224631959348572,-0.2828370698691742
2017-09-15,-0.5131368420378265,-1.5910398649792934,-0.2805076632875278,-0.6963240485942297,-1.6696934045382286,0.16825285613276206,-0.9816679575231654,-0.07574607040869469,0.01307093686485387
2017-09-22,-0.5524305141977334,-1.7334679130210828,0.13173314421990368,-0.8329809812232958,-1.684346323526234,-0.1138749029787752,-1.0126154111445016,-0.15847318922361878,-0.12941187600133097
2017-09-29,-0.03913069835428569,-0.4078534961145387,0.1730993620583669,-0.8570309532632026,-1.5416110673027925,-0.18056514878980998,-0.5297752768128102,-0.160781300787608,-0.1651892536282823
2017-10-06,0.004996445135655346,-0.4598041054291122,0.31495757883820186,-0.9800360821963987,-1.4988506946140634,-0.297894488256733,-0.4934099122804176,-0.3219995498479885,-0.34484373617638203
2017-10-13,-0.04141303641746021,-0.3994201195361627,-0.17791757986643691,-0.7857340629746525,-1.5930102369838253,-0.3776313722439081,-0.48528356108893933,-0.4691452415054048,-0.5214533439106384
2017-10-20,-0.0170734236163801,-0.437424997541533,-0.18367460697071578,-0.8993484387344086,-1.6286792161868868,-0.37014746753511674,-0.4353054008405182,-0.46572729602496105,-0.5291608442644343
2017-10-27,-0.04566302092912422,-0.4845223379926333,-0.23564361216547328,-0.7946762159746622,-1.9303441773007997,-0.3347197905937203,-0.4698850649712961,-0.5527253598678916,-0.548038451930606
2017-11-03,0.005192574442397065,-0.3803535813693093,-0.16610315993817218,-0.6894295254907293,-1.9113003305498237,-0.34661592402701136,-0.3722920478711056,-0.4605280124601226,-0.6267993596541644
2017-11-10,-0.04731620291623054,-0.3793677028781142,-0.09068619331091149,-0.8694063839938605,-1.5693482920774933,-0.39463614706453565,-0.3050795782495999,-0.434507639359156,-0.6108721007255571
2017-11-17,-0.05650314689785093,-0.39349023131968197,0.07206343255246134,-0.8775527081721558,-1.5087316404348519,-0.3216594333818062,-0.18066664305177033,-0.4187130932309058,-0.6205937009467671
2017-11-24,-0.04986525215443901,-0.3763428843963918,0.10271738035200224,-0.7299217886016183,-1.5101149001326655,-0.23727880971961157,-0.1348890515853872,-0.4253104235216212,-0.5002859043285242
2017-12-01,-0.20449322860128402,-0.4576438555764525,0.04190385178203524,-0.744532250711706,-1.3427922170261712,-0.23363019836775098,-0.16096581284899206,-0.410899369169564,-0.6077021465704953
2017-12-08,-0.20795100999843416,-0.46982478104475295,0.08223987738020101,-0.7401405689706089,-1.410113632967716,-0.25133754850055806,-0.17963110433865367,-0.4060306825537281,-0.5756446196516785
2017-12-15,-0.09069743297016472,-0.5432948160654344,0.21028468344803694,-0.654040427325041,-1.3792449269578455,-0.13908409117733683,-0.1309043070581386,-0.38974520890338776,-0.5634703523439605
2017-12-22,0.0620512488533496,-0.4664221062461112,0.24104906379366683,-0.5053232866533454,-1.3975669336817669,0.014701790409321349,-0.023176540010086767,-0.24809473491137435,-0.5200196658137621
2017-12-29,0.05970716805853728,-0.3828005043268547,0.34099603657203276,-0.37913860573375235,-1.1786400400821957,0.1235755580303415,-0.02642852162254979,-0.13784258050256562,-0.3833955353563146
2018-01-05,0.2025521999553243,-0.31260228835158704,0.37984670327591413,-0.29512773146047994,-0.9555973492661721,0.2520916493937322,0.1346570462025824,-0.18809305012718242,-0.27375017108081806
2018-01-12,0.150475488432222,-0.3003661221600708,0.22205590902600006,-0.2747912042544779,-0.8379979973843268,0.20241296841550202,0.02568309886297073,-0.17264574511063163,-0.4150137616189712
2018-01-19,0.1872251452195056,-0.29786119499809627,0.17793829318565807,-0.4418541559611338,-0.6863170935805735,0.16861391913109663,0.01492104431070597,-0.23277192608290437,-0.313193650941151
2018-01-26,0.17537607953022888,-0.2688612183106463,0.16547528312624693,-0.3796153622734576,-0.6481220604137433,0.022847593374533195,-0.023740634295072026,-0.588142150096421,-0.29935562686620537
2018-02-02,0.2217471076080599,0.023943510214619868,0.03146877241637111,0.023148009332787243,-0.6218712589366918,-0.029202873591612274,0.047653316897825926,-0.6370517993662714,-0.29644509542578074
2018-02-09,0.07509899843301965,0.10148552401645494,0.075750129909768,0.03427068712757578,-0.048494761439809006,-0.08332439029729498,0.03986340374957195,-0.42448678358181796,-0.28224181329956805
2018-02-16,0.18564539566406707,0.10724633615088311,0.05428179941495211,0.0035427642552065056,0.06531878249818131,0.023749493108923787,-0.025184333018902893,-0.4338270322354737,-0.17112356297021641
2018-02-23,0.05491352687711423,-0.011529326923746858,-0.06544555851876258,-0.08756095085406719,-0.011033706347103413,-0.012331681892951767,-0.14863618736315679,-0.42468646455708864,-0.23731906939650863
2018-03-02,-0.0013601093007643286,-0.0931474520880852,-0.15666980969849456,-0.14335945579226905,0.0444265890482898,-0.05336887268501629,-0.1418152359360577,-0.478249665069369,-0.275299507765968
2018-03-09,-0.03595637827671403,0.11271008512990693,-0.07053893526035876,-0.03886089631023017,0.09002215727874509,-0.13134250284877788,-0.11468613816259658,-0.4448065338972059,-0.2234850103869649
2018-03-16,-0.001615249156867925,0.19699293544223473,-0.022453604962101005,-0.08530911197049312,0.084296066407289,-0.011002125772609667,-0.09290598753223281,-0.3625263696281005,-0.09263125441109166
2018-03-23,0.11421782719937401,0.228665060629779,-0.02887215667739772,-0.12162305283529395,0.07657001113033966,0.08409103579259833,-0.05616104735910977,-0.37987295823821776,-0.08997578595366892
2018-03-30,-0.0708296456843334,0.3270266039488868,-0.018951412428522225,-0.031907677338853156,0.17712737911793106,0.2270417811444349,-0.04112418500009554,-0.412774319720995,-0.07753486532713898
2018-04-06,-0.016931412700284785,0.361821588397261,0.08431975987801943,-0.07700473535627651,0.18712537124273737,0.3756948595424899,-0.04050636285868808,-0.4128130251289203,-0.03234238306251973
2018-04-13,0.08693761614056154,0.35079925593314054,0.2719757660128428,-0.19996833278756865,0.10282941417948656,0.4061813396303071,0.0018596709910593476,-0.4920493615834518,0.012615311374394783
2018-04-20,0.009918921130565233,0.4929521437490243,0.7324138938339771,-0.17997364446190514,0.07746003701853132,0.4211617905704406,-0.03440665974387546,-0.43986095107028156,0.005934883286034285
2018-04-27,0.04784606895950304,0.6164783707847664,0.6021020888158861,-0.18812522517635472,0.0801099735285664,0.4769097469894826,-0.010442411720608277,-0.42979660465608976,-0.11105158171748146
2018-05-04,-0.023272518338146923,0.4445320281775938,0.534270755169817,-0.3411991124195784,0.02253900640042748,0.4250795262165474,-0.09068203084446734,-0.45372169170474635,-0.12826835277994764
2018-05-11,0.1254194348728259,0.46739278714665633,0.5204449094856988,-0.22448124093955574,-0.13181723794698907,0.3730285258032563,-0.16287067393914573,-0.5161421572103642,-0.20905253724529968
2018-05-18,0.03160261047151261,0.36944432689511203,0.3736097850341938,-0.2318655158373295,-0.2797597580826724,0.385030528849619,-0.2772299477060522,-0.6100517567011161,-0.2954661576029316
2018-05-25,-0.13165247640812958,0.36490094126367967,0.44585966668806604,-0.3014309621502452,-0.437787342124017,0.2573888682381102,-0.3606937698026506,-0.5733814313345834,-0.35821731341756163
2018-06-01,-0.131530255655059,0.10111720127387948,0.094862500175005,-0.23487648805067685,-0.5324726117187899,0.25363987256377957,-0.2867448886529633,-0.6128178289253448,-0.24712459240705437
2018-06-08,-0.05761038315268634,0.012379848741401463,-0.03186944668242009,-0.206582923628401,-0.5763462312468819,0.2062713509289906,-0.17980423293742373,-0.635512049805109,-0.27361272076203086
2018-06-15,-0.1680290090612348,-0.039243969086314355,-0.13540034486431868,0.07338808845066777,-0.5944699309889108,0.060965780805039574,-0.2051378161589399,-0.3724217068207537,-0.29242319424892044
2018-06-22,-0.031056470519963207,-0.09834333392575753,-0.1438436938588305,-0.08748262692619026,-0.634524183282775,0.11015352905815844,-0.32481524114668003,-0.35869010174487514,-0.369768292414461
2018-06-29,0.318330322772062,-0.20600331709476039,-0.30241196483872174,-0.12395527102184314,-0.7647277912900821,0.056576657455080004,-0.4742741697943976,-0.48638967916742637,-0.44202536304570844
2018-07-06,0.18342599576423238,-0.3383773254552461,-0.3733955231215262,-0.2239879997553383,-0.913577789099549,0.03207767293052322,-0.498050739048543,-0.6150971975868043,-0.5558782109065514
2018-07-13,0.042591610877813275,-0.45283718680411955,-0.24947089458841795,-0.30933246926844843,-1.0861125953115949,0.09320197472420456,-0.5718859636578033,-0.8024290347324972,-0.5612092697797718
2018-07-20,0.010563667676428124,-0.5440203475591003,-0.22837150295759537,-0.23198697551193628,-1.3120047769707113,0.24388448194607,-0.6199430573961214,-0.8527449752829513,-0.4174465587135203
2018-07-27,0.2139073417290461,-0.49976550125840247,-0.24530134147031432,-0.18418550466231956,-1.122835368904056,0.3741625041910393,-0.6011070858520737,-0.6410441994070081,-0.3349386218521217
2018-08-03,0.13253087996802124,-0.5472059905553014,-0.10114807868403469,-0.2665793999664775,-1.128719909785863,0.45658759560430673,-0.6261944674315374,-0.5055920046351058,-0.25312724535453185
2018-08-10,0.13811542148843717,-0.5199501074242212,-0.1687667602780468,-0.29770363978143954,-1.820151405258562,0.4153140626667546,-0.656222482805613,-0.47898669161460167,-0.3769251673162557
2018-08-17,0.17459584433920733,-0.6914157393466068,-0.14040665103668618,-0.1723987486876567,-2.1556293844160215,0.3198862787049677,0.17840713221304763,0.39557117679904114,0.09261909476502794
2018-08-24,0.162599085734821,-0.5560977037711646,0.01667522153405345,-0.008514003814468773,-2.14327492682853,0.6137830238400893,0.2555505871974287,-0.4868650442307205,0.20837995908703144
2018-08-31,0.11715280286576385,-0.41409278264349847,0.02196671877140233,0.03534663508659063,-2.399948891084738,0.6308418983797057,0.1741498139897481,-0.5306997421929244,0.22701089504863128
2018-09-07,0.06089347937875495,-0.5541176759182059,-0.006848878562345058,0.07047643476454007,-2.0553004703640743,0.5442197092120888,0.05979082872828784,-0.6127633835225575,0.122343316026693
2018-09-14,0.033183716872407475,-0.47161200618253674,0.011851799147313257,0.16134755161836226,-2.013215525390259,0.4110927161602081,0.11782047092955063,-0.6173300279567939,0.4088895550563625
2018-09-21,0.03336651635358454,-0.5092469209030415,-0.060151817560948784,0.32470382053390207,-1.8162682673589294,0.4253522706357678,0.06686659716281748,-0.5192507243884923,0.2134782927780344
2018-09-28,0.03810410390478313,-0.6432213709400196,-0.11679770430825218,0.9264837168737905,0.524656529070206,0.45388748910347165,-0.011134018369940024,-0.46791944382036427,0.0859274309656626
2018-10-05,0.11305656048922894,-0.5071584687023862,-0.03781121680797237,0.9008435726578904,0.4977381762622717,0.3485539893556745,0.17830684471182492,-0.26679783898881726,0.9093006486303857
2018-10-12,0.2076135118299353,-0.5423223827251501,0.026677769196934622,0.9083620185369928,0.5286443299854348,0.3565375565053764,0.1996358863264255,-0.27831902486767046,0.9151341434552352
2018-10-19,0.2147324585791468,-0.44851292520499425,0.16497657911988434,0.9381471065683293,0.671830488076603,0.37788905110988763,0.2960282222942205,-0.12421792531966264,1.0728971142454362
2018-10-26,0.27789569771185013,-0.5235270143111025,0.2565230021617911,0.7521514675503735,0.7014403844967615,0.7662975096991702,0.3438698965349312,0.021537899645462624,1.0023584093780151
2018-11-02,0.06063743182477537,-0.7608923727781166,0.3005019199011863,0.1853109201167592,0.45788630395139257,0.7154978146176628,0.4413273693289951,0.16968762122282577,-0.2716223393226331
2018-11-09,-0.049884310329713216,-0.6767596303218981,0.42664072363443656,0.028688445393950886,0.37748290545771945,0.35933812740469145,0.38449893596262635,0.1535065126813384,-0.33182765763470035
2018-11-16,0.06018726118212998,-0.5314346650836367,0.5300910359268272,0.1633076336918829,0.45231382592542246,0.045793636874931376,0.5483239744324252,0.3168933687526489,-0.2611640917668582
2018-11-23,0.07389635118558541,-0.5764006758608343,0.09844093364928747,0.07402013054837048,0.5222633036842522,0.2092188789642734,0.4864977374861895,0.17387288849110433,-0.33849102840133966
2018-11-30,0.12396840061227321,-0.5459636627445065,0.10240693147224549,0.07744140199033882,0.5060856373332342,0.09954421878169013,0.4861291856972849,0.2582630690664355,-0.34192228330046964
2018-12-07,-0.1773066918070937,-0.5225930432168174,0.2235488826004899,0.11348817367962484,0.4032787941457999,0.00912142867578676,0.4803139596525142,0.32399692053257684,-0.3698656068015487
2018-12-14,-0.13251006578335184,-0.5270115102022168,0.22439105611220111,-0.37178181704133473,0.24495274960577124,-0.32712637099298425,0.37473914282015774,0.27884717010863463,-0.2883265681761568
2018-12-21,-0.11761320221041528,-0.48911256894483557,-0.2515167786121427,-0.2127972907409876,0.39306984811984874,-0.3195860748076181,0.5370326962482334,0.44478165900964045,-0.1543462482463433
2018-12-28,-0.8068752028550362,-0.35211043899367944,-0.14235282523609208,-0.1648609746491019,0.00021960069577516903,-0.20562297229326115,0.6602362125727783,0.5470817993170148,-0.03873733638158302
2019-01-04,-0.6677003554974957,-0.3522194906727932,-0.05113473990540662,-0.13925171699460293,0.010055725520326216,-0.13482241948745594,0.6573580360774903,0.3759523932434326,-0.06614927589405234
2019-01-11,-1.0413160942687771,-0.2113007874376281,-0.17564394129416144,-0.1518920176116199,-0.41620952958702756,0.01674640060868142,0.8031710681204772,0.5002028632634526,0.04395022396264566
2019-01-18,-1.3912121493661789,-0.21219872053208558,-0.22479982632491366,-0.23900006739705615,-0.42104617651403475,0.09410518737968494,0.6482966223850981,0.5962826678783013,-0.029148598919412558
2019-01-25,-1.231848714340677,-0.20450241362688787,-0.20497112081524096,-0.25664410255802267,-0.4900066352204535,0.10184167594569489,0.6500892320205426,0.6906832886645972,0.02507248497252165
2019-02-01,-1.1885022463238624,-0.08856523597143433,-0.28445811345068317,-0.19913414811109664,-0.3797632915937079,0.11026628802224561,0.8097113204582764,0.7082907723300282,-0.0108029684998998
2019-02-08,-1.1771736773955286,-0.056273912437515505,-0.18868736722539545,-0.2171468808235353,-0.2597012333347508,0.2197585222514752,0.7910443428873811,0.6577082829338946,0.03219535920172322
2019-02-15,-1.1711570216160723,-0.05463410255931444,-0.149573764784294,-0.31783462062657397,-0.2668227597643223,0.22121224417459814,0.7882239599708842,0.6958361305916618,0.04514294520510198
2019-02-22,-1.1547594908788996,-0.005425036666763711,-0.1312713988451246,-0.364901165598877,-0.20032661441047062,0.28851591827140555,0.7967033690059946,0.8910665850711932,0.037233019852492145
2019-03-01,-1.1344840965039968,-0.07170670514770991,-0.026626679289510534,-0.38499159518345516,-0.16898369625286092,0.4425148656046183,0.8472427837276647,0.8815962016886654,0.003904830306864789
2019-03-08,-1.1354996871484475,-0.06049414594983525,0.07821290215878451,-0.38229505995175456,-0.47896339582540004,0.48797558520562045,0.8723879731597686,0.9233135267063464,0.010813544517339346
2019-03-15,-1.054107098116141,-0.08192370423516984,0.13562470105167015,-0.4635999099676808,-0.5399659970825331,0.4906306846361263,0.86821940018,0.8949981929525302,0.04716272079029149
2019-03-22,-1.152927850614307,-0.05898213993591169,0.13771688583728747,-0.5792132201919452,-0.464392328975294,0.5637294468000358,0.8661771650967187,0.7930402175765863,-0.04000949927681251
2019-03-29,-1.1403911126724364,-0.01641628562304757,0.17993861069575875,-0.6355198621663933,-0.45664639953080793,0.47423526627983814,0.8543954459504457,0.7590099837856058,-0.09969946283274703
2019-04-05,-1.0949242005716422,-0.06532025504406982,0.05847121015754523,-1.2310983395898354,-0.44564376538742817,0.4015304902171674,0.19321295423170196,0.6878950239674876,-1.1052147366660299
2019-04-12,-1.0607657386390024,-0.013553324382495938,-0.041050143007194846,-1.162183089403072,-0.39356955446929115,0.4376008740630877,0.15811879646188823,0.7037958986252489,-1.1965286788358511
2019-04-19,-1.0392816725480731,0.020405315295958258,-0.08424815229207967,-1.2031358650869948,-0.4200591923648133,0.31357428915616065,0.07934366494907735,0.5982012558504205,-1.1489261429594337
2019-04-26,-1.007059240097185,-0.010060660589663043,-0.15520271654802237,-0.5672641878095835,-0.36688529846975293,0.19936971948191007,0.0822960672661883,0.27891184715883954,-1.1804262423102971
2019-05-03,-1.2139161676924086,-0.013597890519262067,-0.11969336387427867,0.5815699539537725,-0.5268610548995069,0.17694417392355608,0.04109620700014954,0.1892876366059983,0.4359605271316667
2019-05-10,0.24911483649687807,-0.16448221818274752,-0.15982752651468218,0.6492446295812786,-0.5437091578157622,0.07528764967398487,0.05645302003957204,0.2952725531463308,0.27740459256136374
2019-05-17,0.1831008294225033,-0.32502442579368485,-0.2702359005527988,0.4712767168614688,-0.5332248992135905,-0.02053016359534595,0.5452664355041481,0.15324018972517636,0.8289040597074153
2019-05-24,0.29717359319169034,-0.2647923861490793,-0.20135843935483946,0.5640110239010638,-0.5916800153392173,-0.08538959691937781,0.6289904675406653,0.19937739366333684,0.7935729779453343
2019-05-31,0.28605443574679423,-0.32664578540465317,-0.344597453381973,0.6698606358782018,-0.6476253972160237,-0.05725632931302547,0.5586077016426636,0.22662703215686544,0.6908950485493769
2019-06-07,0.2995557306611872,-0.22334360058379527,-0.5975870337963163,0.5688585770210802,-0.6355420950305971,0.09617942895461457,-0.07472129380190165,0.24876879675604843,0.4776988138316468
2019-06-14,0.36906846048278596,-0.2093454153892562,-0.6556934301509422,0.6351244404185422,-0.6312383552393352,0.11959538672764297,-0.03183721522288813,0.25907374278141326,0.32323075957594855
2019-06-21,0.3796504944177597,-0.13707364340451345,-0.05177872164330729,-0.7009991443009215,-0.5711788880708762,0.04612689185003029,-0.1933882825571335,0.13066599889880517,-1.1992241551172778
2019-06-28,0.29686231925393647,-0.200015704356319,-0.006964595491780332,-0.7953967736783168,-0.5946549099076129,0.03466891059805854,-0.22015605572281882,0.1434404564646618,-1.3847783566565772
2019-07-05,0.200314278981099,-0.03466868961635535,-0.008839663975203556,-0.673378908598742,-0.7332109758954475,-0.06802660775352626,-0.3494567601548321,0.23156976085866904,-1.493104594416943
2019-07-12,0.9975536323884506,-0.01941015659825845,0.033488410149374016,-0.7089322673507173,-0.5792425424207909,-0.07614431481228681,-0.41959383402025036,0.1186515990787832,-1.4276500542474337
2019-07-19,1.1396819769206823,0.12364139930248538,-0.04708823660593902,-0.559667456370576,-0.5284027552432797,0.011025330626325313,-0.2979921012355874,0.11567677365100333,-1.3261543908722402
2019-07-26,1.1234844303756086,0.01590116746269786,-0.10510392685123422,-0.7209543462577059,-0.5126565033309737,-0.057527779704812376,-0.23107352020370495,-0.039123189723449095,-1.5306133344782176
2019-08-02,0.9550595005623788,0.07342094739132363,0.0760835190282071,-0.5911734468560876,-0.28196049370930937,0.0021730134123032594,-0.3818652715141422,-0.0372887435123958,-0.9971475584121171
2019-08-09,0.9962689577546839,0.07704967185313932,0.1934644278086238,-0.6273896553920688,-0.36478580640219954,-0.13440685702315794,-0.38200364988122587,-0.006450731525262013,-0.8748031334544007
2019-08-16,0.9690260485364537,0.1982150187667686,0.2136332487535927,-0.502267003746222,-0.2293369142576192,-0.13215794184379095,-0.3908091204324011,-0.16669471654528648,-0.800019404314221
2019-08-23,1.0886236978712986,0.13255792811206607,0.09196490596271066,-0.5486869180318704,-0.36871375257735955,-0.17651937797586095,-0.4507897651421618,-0.03499268632462923,-0.8497427559612617
2019-08-30,0.8932592586589669,0.24416947138974365,0.002896177631678152,-0.5286152991277379,-0.48278348203912336,-0.19228995795938106,-0.4505796501782856,-0.5604805859307112,-0.8352069470634294
2019-09-06,0.8883165557777188,0.3855653726524421,0.01632978542359624,-0.4253530179250852,-0.35939594741781417,-0.05622401905531948,-0.2865833628086782,-0.6035802223249899,-0.6881311830364885
2019-09-13,0.6504450049333247,0.38675730594594326,0.27402067524598234,-0.3231618620842971,-0.27575391077156924,-0.01890939236277824,-0.28416660208184313,-0.5191963757477479,-0.6213977395140426
2019-09-20,0.5554164982664991,0.31611289554296845,0.32332534338125873,-0.3755475073429421,-0.33157010791258734,-0.02531264950744742,-0.35490809450290534,-0.5012672306979253,-0.6458611203843104
2019-09-27,0.48054319681812924,0.23873874375357437,0.3696603464036493,-0.4656149050521024,-0.33171233219963103,0.05370804555221881,-0.3706647682527511,-0.5247675712803791,-0.6932839617108938
2019-10-04,0.4667011381520684,0.19404654573336447,0.22535917161213534,-0.42485828910374424,-0.27829659352498315,0.11342996293048489,-0.34416177786130814,-0.38523567989976004,-0.6286365960418238
2019-10-11,0.4818984906342348,0.16652933439598092,0.24237336571763407,-0.37748188736305954,-0.23042754263145673,0.12649637965848634,-0.2987384899195883,-0.4786098594925393,-0.4929003766434042
2019-10-18,0.4892673785403041,0.10365291860279498,0.25175411101397677,-0.344804737486091,-0.1413542571061269,0.2281426174916162,-0.17951816238623033,-0.35270297413922375,-0.49668478113229275
2019-10-25,0.5897832155120124,0.2681945400263286,0.40316846015124413,-0.3629963661469231,-0.135534228358536,0.2912792407404397,-0.0709514272746643,-0.23010704842697147,-0.4799543600765245
2019-11-01,0.6161057075251906,0.3966101593277008,0.48781206381665393,-0.21448745152928123,0.007800265832871988,-0.11931799861456903,0.010310192616472471,-0.24222583238666626,-0.4007173577613753
2019-11-08,0.5827462587234558,0.4620694985095537,0.3798201574717597,-0.13269386683234946,0.0594366508177368,-0.1456892669285386,-0.0028311923701533764,-0.31578032948708595,-0.3097861571325079
2019-11-15,0.6842872737527369,0.49623901993509983,0.3233968545641775,-0.12200540816856004,0.05794456426878381,-0.16711724969985875,-0.1532042798207701,-0.33883559496498544,-0.5419755916924589
2019-11-22,0.5222310412855983,0.37568028748379045,0.5236699579547007,-0.21318735172346556,0.04758517819951784,-0.2819578886472399,-0.2352921424870369,-0.2927261169557405,-0.5420750920885211
2019-11-29,0.6043954531631839,0.3429056675395731,0.605295379097808,-0.19419063105622836,0.016642175169111366,-0.24188156432149577,-0.26702157562741113,-0.4554846392121319,-0.4813782944201108
2019-12-06,0.6145588976818164,0.35807714401272916,0.5897899059067591,-0.349568498871934,0.11817840626919673,-0.3223903730253321,0.0008417010703657261,-0.5829731856960761,-0.5992769539046857
2019-12-13,0.6416302484019164,0.41980540951108053,0.7400723642596423,-0.20047035529550092,0.21088368207987532,-0.21521432348274044,0.1285741109954847,-0.4877104065522571,-0.4333915334592816
2019-12-20,0.7795986137909585,0.8875140356974468,0.6154133496756903,0.11330739478826393,0.08712773586629398,-0.23185796262843333,0.4238955366169594,-0.007296604300066621,0.5343131992634418
2019-12-27,0.8140202335431763,0.8896013017374674,0.579954181018783,0.0926192040276595,0.08397693756136056,-0.37636631094190887,0.4078862162448532,-0.05083602633416317,0.6226080023505858
2020-01-03,0.9211699191158474,1.016166550056573,0.49659260391399185,0.04993845936099838,0.15931790684208225,-0.3767646408406246,0.5612233436640338,-0.014110477677013986,0.734751041571634
2020-01-10,0.8919071360413195,0.7338694759607073,0.213176251263269,0.16366287350755046,0.13433526562095427,-0.43057414341529593,0.5308415549423697,-0.012955696991826022,0.7263436977700445
2020-01-17,0.8898971030824611,0.7984304969794512,0.2350847625337248,0.07289419805212503,0.21400921497241893,-0.5327591241891557,0.4942468431753825,-0.1325913076285303,0.6926584472709778
2020-01-24,0.7557980488079645,0.9941487217421896,0.1699997546354928,0.07330731488830906,0.23480399355252438,-0.45778537528927726,-0.11743831729199655,-0.08824986890969483,0.6761131865993659
2020-01-31,0.7177695809065072,0.537356238783134,0.09364320106233642,0.46685783324995905,0.2862722090196203,-0.8198467126874128,0.5559930953174701,1.5089362805317463,0.30271405194222445
2020-02-07,0.4253962801246117,0.6090518713141109,-0.6245975155992324,0.6065734649670008,0.4829562276280136,-0.825817573967868,1.8546513534152789,1.453873408297753,0.2853277865226496
2020-02-14,0.3854985509655922,0.5993407382924052,-0.6223773588454918,0.6044585324392622,0.4579604140135202,-0.7710369864413713,1.8626720675808306,1.5877423380309423,0.29052626163868905
2020-02-21,0.3819703781517061,0.5111303797922568,-0.6227905027541857,0.6272526945815692,0.705459251725996,-0.7330332233892807,1.6910384292549803,1.5201809329022176,0.7388569940354706
2020-02-28,0.46599545326316955,2.8468987670737635,-0.4457896787166855,0.6634276943025063,0.6639255574114643,-0.8045418277626063,1.7683496341661475,1.506980604122274,0.8642636284109659
2020-03-06,0.43832831396622207,2.922285559263479,0.34120919329650123,0.6172272401430924,0.4903672561741564,-0.7840502725603241,1.102629965968695,1.5426357175932583,0.7348832022799775
2020-03-13,0.7227535897397004,2.428710856254019,0.4241809823125444,0.4970798690028887,1.3448507930074427,-0.5878477359104342,1.9015564189975496,1.3504711641175708,0.6580197939606378
2020-03-20,0.8835012321274488,3.357005498100839,0.5453211863904764,0.7558993498918195,1.4239314548538684,-0.613866448351191,1.6599317603082808,1.3355522327782743,0.6133393613904982
2020-03-27,1.0196357170974104,3.185337758527305,0.6367011170547429,0.5568766918118314,1.2772746813394655,-0.6340007340953382,1.3397864257874004,1.4013723650186174,0.713889774333177
2020-04-03,1.0059212715848111,2.8965834262571315,0.592007265693167,0.4101839430438253,1.2177620593746792,-0.5578229972287478,1.2390901199918212,1.2141875696590982,0.6061529561545436
2020-04-10,0.909173504395374,1.2712896199421424,0.6222769123282159,0.2818094158451266,1.1732853491924018,-0.5235403253549947,0.8573490961251287,1.0280870280186545,0.7585044592689071
2020-04-17,0.7988207295414862,1.292449660678725,0.5115232036691282,0.22796517909577144,0.9844082443750826,-0.6242670137162555,0.7492174055381517,1.0247982594974085,0.7295944112344649
2020-04-24,0.7264018233817533,1.2801241885050652,0.5108752271371821,0.09242927988067183,0.9943113590246901,-0.5686566026716919,0.7095707990390193,1.0372308383002151,0.7555856756039201
2020-05-01,0.5814437415263797,1.233875518643402,0.4541990306329654,0.09644762472214433,0.8689463219132721,-0.27309838228681554,0.7099621993293478,1.0185133677976792,0.7362929852014458
2020-05-08,0.5764841212838843,1.2367373948721252,0.6276495564930307,0.09604177354268986,0.7470393848718773,-0.17369136194544976,0.7590524189820671,0.981719415747202,0.7261951217958421
2020-05-15,0.48080857852271774,1.2549792234693151,0.6385870606998818,0.038566838274674,0.7521029777613008,-0.2269111295110709,0.6332057701353637,0.9841139149213235,0.7373433857303376
2020-05-22,0.5396056984871429,1.2751431482056326,0.6246785827649131,0.06915281976534916,0.7757798934657237,-0.16468914185189185,0.6755267129189484,0.9830108172566806,0.6825136023202397
2020-05-29,0.4723963170131781,1.3026590695249398,0.6261673347657996,0.118988798319107,0.8212820210791545,-0.11015792677995813,0.7291621809680943,1.0143363758847856,0.6951510264843227
2020-06-05,0.3570880931455523,1.034682199235875,0.6195346702794908,0.12012479672509699,0.5945355036866347,-0.2410428838360412,0.6532712780541046,0.967888335027898,0.5723823173568557
2020-06-12,0.3048583459208407,0.9530009968414708,0.5414136839722411,0.0621418324871445,0.5601090242802899,-0.3178415343123865,0.6153541162049015,0.7482786435350613,0.5277995525075926
2020-06-19,0.29768657857391834,0.9407303995267862,0.5697880159493157,-0.02722424756124367,0.5673042151121844,-0.20379131339846776,0.5899027059906539,0.737809864297672,0.5161686461530794
2020-06-26,0.24205682767829298,0.8851738245101749,0.6310692368748968,0.007113300578075397,0.47539109120311096,-0.12061680225099018,0.5852028742398662,0.746004755135354,0.5233680530567748
2020-07-03,0.23029986913179926,0.8128873205713935,0.4305380134540746,0.07053574879164602,0.4412883391656919,0.04072917593218784,0.5599483329719518,0.6719318281313779,0.5387347875425454
2020-07-10,0.20186459448718,0.7992174083667313,0.4589850312336068,0.02118446070068894,0.43670743429757436,0.0038427881679021164,0.5836456457568842,0.6212194887962776,0.48249579905903
2020-07-17,0.1646164663366988,0.6648520923591413,0.5164310440872669,0.0030563614853256903,0.4037236144608076,0.06114184901119674,0.5772224575973826,0.5504856431247409,0.45745238290446816
2020-07-24,0.18599025903665312,0.6848286417427143,0.5977343300903233,0.07565399067869162,0.41601399694726376,0.04256541398286589,0.6478063298341192,0.648522243630906,0.5341972850904619
2020-07-31,0.33192774434939104,0.7027826667245178,0.6112523534427435,0.16399762282079713,0.5663872695481239,0.19341679408534748,0.8064939377968439,0.6367328694072358,0.6155960829949104
2020-08-07,0.35952697147970775,0.6917781832284408,0.5713533407928261,0.16162891106689464,0.6942937148712415,0.13590836307100976,0.9430759814808354,0.7015078796098102,0.5147253544234545
2020-08-14,0.39568227570038356,0.6272880427544313,0.6156192262902715,0.11529178027863679,0.6780323460324353,0.1311372044645749,0.9813564589818071,0.6944508638947775,0.43824095112510864
2020-08-21,0.5522805672103358,0.6904437809569169,0.6768276479260056,0.1067163118886749,0.8535382961446305,0.17464302908492962,1.0228806182273402,0.697814925792738,-0.2792476807307487
2020-08-28,0.5407611385331785,0.8879447817236287,-0.09582886140968254,0.17085474286425267,0.9623953750059535,0.33984152203772944,1.0427260535893283,0.6879426310340606,-0.33969517585003633
2020-09-04,0.536841114921182,0.7950837430882214,-0.4373641283237889,0.03838258259554634,0.96470160925231,0.304229202974141,0.9356852266344452,0.5397064444867347,-0.22990863680329454
2020-09-11,0.4605703687176232,0.8069930306974032,-0.4906604861900395,0.10697299956028557,0.883983586031793,0.18406914287087953,0.5755551635896023,0.7044315002027519,-0.8581571117367828
2020-09-18,-0.23595915143142202,-0.8911497012480261,-1.163363340874312,-0.5714542112110619,-0.19969814710486425,0.2889313646397902,-0.48022086016329457,0.5079384485758595,-1.050648188198479
2020-09-25,-0.04988028941815742,-0.8863798346296373,-1.2085918190342315,-0.5949007384319303,-0.09413961114794309,0.19506056313981107,-0.07994921833521922,0.5215166821656659,-0.3491195459416084
2020-10-02,-0.021316695466970872,-0.9555083291183503,-1.6411074280782263,-0.5518666777960186,-0.01862419655755715,0.08243200251979499,0.06975683836978615,0.6459678810992883,-0.429179706240487
2020-10-09,-0.06288349974933045,-0.48286052759442866,-1.6275937258559585,-0.4913432785338979,-0.021584724634469532,0.013505163221411149,0.47154623780130417,0.49764061502117096,-0.510769424174552
2020-10-16,-0.058389914046018336,-0.5944426071951189,-1.7215416459727093,-0.4397071507647891,-0.3506267709167963,-0.11509747961690747,0.4909119215410504,0.3707887203505684,-0.4553458475606982
2020-10-23,0.042349264843846,-0.5748838909407302,-1.6934524038393024,-0.4401843378428318,-0.39812334376424063,-0.04099762948058667,0.5165727618785734,0.27917889761126186,-0.363947891235465
2020-10-30,0.03351655043650006,-0.7534286484833586,-1.5984659017148302,-0.5790874587698394,-0.45673047295474567,-0.16330103875287044,0.35368389185161336,0.365316456239635,-0.4564368244538332
2020-11-06,-0.17484281926961337,-0.830686658376646,-1.4436197595115896,-0.49066930175816537,-0.3681546293681068,-0.12175116768014117,0.2891858027598163,0.12325864873379068,-0.481719017217612
2020-11-13,-0.24001413350560144,-0.8119690227803709,-1.3418078676495366,-0.5137243719797495,-0.31399653213149237,-0.1884211892613068,0.25780938064003384,0.18484769778465673,-0.38404028135144697
2020-11-20,-0.08293888141926865,-0.8259753541067826,-1.17955051323194,-0.555014501363505,-0.15456429836973248,-0.18408197266545478,0.3102280826667841,0.09847931715953721,-0.41680881059608393
2020-11-27,-0.08256662297921118,-0.9015941529003366,-1.2800249247959212,-0.49260021729572817,-0.1136976004850604,-0.21712379586719838,0.27904769694852816,0.048578967657717055,-0.46763321118688256
2020-12-04,-0.061645586289501196,-0.5679286514609098,-1.2079864409182701,-0.2623446967574705,0.7619740412593046,0.269421097012815,0.48547113393630537,-0.002933000397724454,-0.5372176272035202
2020-12-11,-0.0680776528269615,-0.5391934390356222,-1.1934302363752058,-0.26470742879278847,0.818228179789184,-0.20562848060988856,0.4275069595768312,-0.05138365203045084,-0.5522944718569454
2020-12-18,-0.03378282331890365,-0.5278423081721215,-1.1203782573137198,-0.258828940009109,0.9101466172741723,-0.3162876453056815,0.5619033888274563,0.044194037875310496,-0.6108773730195748
2020-12-25,0.00775975434808033,-0.5067173160452899,-1.2810941200794899,-0.3333683003558221,0.9103702197459722,-0.365534923302585,0.5439467775996039,-0.04564839946951602,-0.6391012181280753
2021-01-01,-0.02881551170874587,-0.33981839262234537,-1.3668516975874303,-0.22744409488362136,0.8731556689742543,-0.3750761740153829,0.6380688013182579,0.04395370665922174,-0.67610944609255
2021-01-08,-0.04261308623741549,-0.44877434989544684,-1.4508157116847933,-0.24375488539234108,0.7129312831643109,-0.42699788504147995,0.5650394963033156,0.08313884237565997,-0.5598455994532806
2021-01-15,-0.0764956250415147,-0.573552863963812,-1.488056034201741,-0.20701405674422926,0.6531758647401079,-0.40290432640007967,0.4818644980402821,0.10143316515176286,-0.5503905593234694
2021-01-22,-0.08098270453192419,-0.7014865794079495,-1.4900036246980322,-0.24961405464163566,0.6070630751484977,-0.4665985508297242,0.43576600395064197,0.10817849576585598,-0.5409392020876181
2021-01-29,-0.06601857456089544,-0.606393931782536,-1.4362177466715706,-0.38457737967438893,0.523862833613708,-0.6084311953847243,0.3766376417011038,0.07984845109492031,-0.656606100444213
2021-02-05,-0.1079841881828775,-0.6191803894070992,-1.4184254659005424,-0.44922620461591006,0.673243462016042,-0.6283415825289793,0.31829230700661154,0.007075107402759253,-0.6179501286834
2021-02-12,-0.06279178025843374,-0.5865506510871517,-1.4049457887004317,-0.3352532264824682,0.761752900363309,-0.5128862112852626,0.37682510054564194,0.05368374615348625,-0.6202326670493529
2021-02-19,-0.13248994165215058,-0.7119856866361665,-1.3771644002061159,-0.31134869617642685,0.6809575904835987,0.23659591640764305,0.4210886758815743,-0.05347870251164788,-0.5145753543446732
2021-02-26,-0.2919457770788649,-0.7943817227402039,1.3715913319820279,-0.1553781763582795,0.5624600169652163,0.31973695391555884,0.3158125109863696,-0.03887729990814886,-0.5286350214897633
2021-03-05,-0.3405302067775227,-0.8335907008922243,1.171039447138083,-0.13211427165492848,0.39254855745995304,0.48871558961810446,0.3709817639476325,-0.019620139208793904,-0.5352210986915826
2021-03-12,-0.31663106752837333,-0.9198323071341604,1.249100562202322,-0.2169315907558098,0.4178818399768771,0.4584278109844831,0.35057724930650136,-0.1487387936673762,-0.1351402752266579
2021-03-19,-0.47422288503731547,-1.1127730397939413,1.3114504981162043,-0.13764919547269103,0.46865698310673487,0.3097355450881063,0.30898860920818705,-0.2724770781651165,-0.2299545254842183
2021-03-26,-0.6737257802593006,-1.510191249769309,1.311340916259603,-0.12681758182288747,0.19038672380346852,0.38806607621181427,-0.31392634848093137,-0.6166300907762863,-0.3301629069021332
2021-04-02,-0.8309539657014808,-1.5876777171019394,1.0709278228160992,-0.21687627268451184,0.19304026788628567,0.29953949645625405,-0.26814487883024046,-0.7221936582999221,-0.18287816896156178
2021-04-09,-0.9369141716547051,-1.881846165736705,0.972878696530917,-0.08918786111232152,0.17427642655770498,0.298058925979118,-0.3188793532028254,-0.821120992970946,0.12598453793329725
2021-04-16,-0.7778556996170877,-1.8100077023852352,1.0967457693593727,-0.05339044787879286,0.30179874510388804,0.43113345919990936,-0.15368501305671733,-0.6373846955502738,0.28417353449719224
2021-04-23,-0.7568034951858057,-1.8490850429508152,1.0896160451578032,-0.1670812742020541,0.41118004692509263,0.4608301504416628,-0.04424724420818758,-0.628217469810642,0.12607445927738098
2021-04-30,-0.6469878678221312,-1.7329389584162,1.041863051977389,-0.10355717369477163,0.47920414981359855,0.6167958884144635,-0.02168329228003727,-0.5764459900546365,0.16299151871134315
2021-05-07,-0.11746169887279066,-0.4849872568861393,1.0237203035645401,-0.1502341705074869,0.3242638309660531,0.5989282917145623,0.7415268967949337,0.02882068436580244,0.21710849322482914
2021-05-14,-0.10884681567638034,-0.5610631976177062,1.19163917527813,-0.2753315305923181,0.21997500602138023,0.7031856247126758,0.6428356126751734,0.0016050173794709035,0.06560341426064059
2021-05-21,-0.1647124446039233,-0.5843496061543609,1.1972376553635296,-0.19632185179847328,0.12229404589989339,0.5862238900315482,0.608537218887792,0.03941530017668589,0.12155079504197433
2021-05-28,-0.16052896502735114,-0.6236879296121762,1.2311448678014092,-0.20287868308404639,0.1183858516140673,0.5863980111760092,0.5647475428558721,0.10754554391116722,0.14163608679092618
2021-06-04,-0.3044803106153971,-0.5772007661327853,1.0621329968827242,0.10347383893559427,0.11068091784866092,0.6363931951858046,0.47401807512316735,0.07711524306456428,0.49279733034402823
2021-06-11,-0.29005740443843886,-0.49432228670706796,0.9577592960189207,0.13329460852425948,0.11186007194023175,0.6040499550187696,0.5219505363485843,0.09749849273348864,0.5171197805325015
2021-06-18,-0.1774543254525545,-0.2479840796831775,0.7632801544734777,0.27293103953803083,-0.022257211999999353,1.644322877576849,1.0075591945056597,0.11822720877071205,0.4035716182039192
2021-06-25,-0.20618295142673493,-0.14740097635472107,0.7732850926753224,0.369564574510193,-0.012012596327414644,1.6284790439659451,1.0328785059610839,0.11443587912053345,0.2852266199521878
2021-07-02,-0.2964968138710592,0.10603388506608276,0.6517798257364552,0.35822147300249746,0.2527736027175281,1.5481884648626938,0.9104173033041206,-0.026202539297288985,0.24174030942753438
2021-07-09,-0.3997467851619084,0.22600558813494404,0.7002788304977446,0.28480533118835594,0.18088763338742395,1.3096562683652806,0.8647809298445617,-0.06726977749360233,0.13356913008654603
2021-07-16,-0.32704663907568243,0.20978002402807838,0.6640743643927637,0.4321596598764979,0.145182000506466,1.0787913197445032,0.9289866316032648,-0.1635517327059577,0.10865521676529181
2021-07-23,-0.3054335989615818,0.21419436889710483,0.6527843986188718,0.34497572282661726,0.06692356861344156,1.0817122024707269,0.8094082452368124,-0.27408722087025333,0.03916973857942607
2021-07-30,-0.2600764762629966,0.21108077673832015,0.6537119651414819,0.485592343656182,0.07636963375389312,1.0848740339127183,0.7925672002905131,-0.2943638559995636,0.1239764476992543
2021-08-06,-0.2569073007395258,0.24684917242329418,0.673453015446628,0.5909886910372866,0.2074224534678539,0.8880878753944822,0.9305860005259163,-0.21023890942856274,0.14552371612825382
2021-08-13,-0.32114630591779136,0.2567372919885004,0.6344000112088216,0.6402977808058927,0.25072031734981176,0.8917344696425763,1.1226663987451844,-0.14151698860003423,0.2628823736160391
2021-08-20,-0.33283966966937995,0.271518076448336,0.5983392344234373,0.5067897722141768,0.24775717741493314,1.0837414375989978,0.9423010721418696,-0.0885609226160336,0.12055730673269122
2021-08-27,-0.17712545882019523,0.1643977656014553,0.38743471393478907,0.22338523633440718,-0.28618585444199224,1.0894320482030444,0.29611621440464647,-1.1523281827797,0.14141350262584743
2021-09-03,-0.0739011199544835,0.3052427409007337,0.4376191220050541,0.31899997459258606,-0.3324387975160427,1.0600189156438509,0.35609280698604767,-1.043338259570722,0.16835415826677025
2021-09-10,-0.1804214692626799,0.28521278906482633,0.27983636489425034,0.287449157274201,-0.42044408778397074,1.0169318233255633,0.4061874019983824,-1.0442364770117716,-0.12875175427534225
2021-09-17,-0.20099744741059639,0.26760590545535945,0.18583665816618666,0.12615666597915287,-0.4408476979429738,1.0436624981869236,0.2704262469970958,-0.856610886973944,-0.14175207655548927
2021-09-24,-0.1401014302280011,0.22210473810782533,0.1792193262645942,0.12698950779991738,-0.5569007226287449,0.8625270167775783,0.22987715764070998,-0.8288866790539238,-0.1718435964670226
2021-10-01,0.008337034010619923,0.3386682653239527,0.1672876992487394,0.08293891291960204,-0.5501560402260389,0.9086647572933942,0.1629172824539408,-0.8479065688186879,-0.2968802540730348
2021-10-08,-0.08536823780997235,0.4834563187372703,-0.28199401723261336,-0.07531781932501444,-0.5753720667997007,0.91056680767912,0.15038747563602947,-0.8557463628651439,-0.15059088682046554
2021-10-15,-0.12210232472702807,0.4243353253935359,-0.31488742648801227,-0.10682312777416232,-0.5208398694323081,0.8482762400285795,0.15345163338417372,-0.8743991335351746,-0.1583366369689932
2021-10-22,-0.19292124193053753,0.3270729282374718,-0.23139025807918534,-0.03666038882161438,-0.5747919654954923,0.838038985044731,0.09371323695154683,-0.7422498335942157,-0.0743690203255114
2021-10-29,-0.3431028613627794,0.20587956106567998,-0.03565399415512175,-0.02700673002542291,-0.6216714623076381,0.8289376160971398,0.10311251111297359,-0.8943827755883587,-0.11688014887923014
2021-11-05,-0.43430873468838743,0.9221265341369698,-0.04190150183287179,-0.1395110581953437,-0.6426567857609594,0.8859019130660635,0.01962108913187869,-0.8382941509022774,-0.20878617837750502
2021-11-12,-0.2898137145127406,1.0127010311479048,-0.10585164539838404,0.007775357561158701,-0.618882352543736,0.8180786577316589,0.07576874743722278,-0.6667911272545383,-0.07298577203255295
2021-11-19,-0.35796222269915046,0.9898429531587946,-0.1483877404542527,-0.10875252757468772,-0.6190024956140404,0.7063331682726038,-0.04701130846241947,-0.65690973964135,-0.10672124615341533
2021-11-26,-0.14743040709367197,0.8088639104375127,-0.25117347067700424,-0.20942494469942544,-0.26303773414181036,0.679492261182928,-0.13239759443164403,-0.13941909778167394,-0.016368785358151595
2021-12-03,0.006680460373359462,0.7239208712876093,-0.231770818317898,-0.18856925783242415,-0.2507085483022651,0.648200981086702,-0.12384730216299453,-0.216690706270336,0.010270170587010088
2021-12-10,0.07583068847711587,0.6780096173480306,-0.23262119967650094,-0.07804993359626496,-0.2511806675002753,0.697718790906673,-0.050663979782195154,-0.19739379627566547,-0.009154490973018929
2021-12-17,-0.5628819625203294,0.10647513688800066,-0.47340233576098195,-0.17510683790908124,-0.227071611500901,0.7890308024235789,-0.8171539279167402,-0.03422017313287243,-0.022074371625683896
2021-12-24,-0.501170373753808,-0.07649845280125642,-0.6527586516202205,-0.2311261160892557,-0.07246015756513548,0.7306904017252338,-0.7664389650831135,0.034020530560607325,0.13782475397086116
2021-12-31,-0.40984588528004184,-0.06823688045766936,-0.4724464898027337,-0.19214020338425486,0.02422495328002057,1.0180862615537194,-0.5929351734720754,0.18970817365736137,0.22915963131368156
2022-01-07,-0.3562538816737938,-0.1417490016633019,-0.41245220816803413,-0.1890180817815141,0.10337782863715814,1.1767372784285388,-0.5486683065538422,0.189047082262515,0.26288258266073417
2022-01-14,-0.24708784322781352,-0.09512166885731727,-0.34508562109768093,-0.19203970246839736,0.22957506492170693,1.385476718201726,-0.3842978597601644,0.29248360045292543,0.3608947231288008
2022-01-21,-0.14537487676566488,-0.07697554036863635,-0.42341641667642,-0.1285384143655209,0.2795553852535947,1.366138972004074,-0.2807083708874157,0.3995661321264616,0.33581873551520874
2022-01-28,-0.26695024094916037,-0.2206011180023709,-0.43950794197116383,-0.19299579582795837,0.23008125246406952,1.361112560205541,-0.32528444288100794,0.28000198926019804,0.1733396486138452
2022-02-04,-0.22650379770880802,-0.2791571281199317,-0.3798594369155172,-0.16660439693439025,0.27137489917506225,1.584496202945509,-0.2140783960068708,0.4439657382837051,0.1282963425007123
2022-02-11,-0.19779706705925004,-0.23950115580423445,-0.39152868375876093,-0.05361670621555685,0.29740779508952137,1.5681975615455628,-0.1614228082110954,0.48165843462090113,0.06444881302759632
2022-02-18,-0.07285734604837037,-0.22554122503080073,-0.2967267881214778,-0.0689941049950657,0.3271095238114017,1.4566917486354978,-0.13221424038618976,0.5338415871251276,0.02202513523053503
2022-02-25,-0.12831143520636382,-0.2812221764753569,-0.3901560732467587,-0.03187828605415847,0.40491286402308957,1.6089085710839468,0.1062362316272535,0.6485307221325722,-0.11123819815867575
2022-03-04,-0.24347392085585443,-0.44381696037387336,-0.15296409491086638,-0.08192002037336128,0.6939847573891542,1.334342931608991,-0.0488495503216765,0.5365433013721105,0.3766215940532544
2022-03-11,-0.23590080047780604,-0.37818899995391064,-0.06589477236951058,-0.07804948480641687,0.549065644927483,1.2466885371959475,-0.052520792103882316,0.4975017013160257,0.4203347529211335
2022-03-18,-0.3110161450288918,-0.3698668213190384,0.03752722983951763,-0.2382412887615761,0.6755473352092576,1.2620643310957653,0.09901318491507717,0.6037474021165745,0.5898153480414453
2022-03-25,-0.3608034661810162,-0.34716166680041377,0.01781789215398442,-0.30736537588338336,0.6857237207515275,1.5406829885997384,0.14774817552466887,0.5575988538031496,0.7536228896011729
2022-04-01,-0.3987223123963344,-0.3957365362758909,0.14993979653856404,-0.22595008846987066,0.6282209467834752,1.3025305214372,0.21125699865371164,0.676107134354776,0.8433623694231452
2022-04-08,-0.38156403399567035,-0.4958002968273262,0.23553591997453124,-0.2269492792780063,0.566669945603835,1.2774528165183947,0.08527943502059598,0.706386630477595,0.8538081171601675
2022-04-15,-0.5146012079522788,-0.49741427896913143,0.12473164530137948,-0.278529355080862,0.44784248239214725,1.1173883653507029,0.0875667018052527,0.6880429637086418,0.695167481547619
2022-04-22,2.751398503617903,-0.6177722878330075,0.07420162158824802,-0.38385763782689936,1.2252829567629804,1.0280992191423393,0.06452157321834494,0.5438831238487665,0.5498557273793263
2022-04-29,2.27904025718188,-0.6299598318382369,0.08104626071519544,-0.48961375582968003,1.066739085518114,1.0303395378674132,0.005132357750267916,0.4762720018496835,0.43263383965896884
2022-05-06,1.985343386082609,-0.5043071083086459,-0.024212929160195643,-0.4845295992109392,1.1040248534056456,0.9634676602676461,-0.02137596776497793,0.41340988634183545,0.29416390302482026
2022-05-13,1.6578361899288896,-0.5179648767491234,-0.08174701532698879,-0.636752666031088,0.9696916782138462,1.0514999195467238,-0.07683751399794576,0.30921215066854096,0.1496483283660062
2022-05-20,0.8944796574029239,-0.48645126714219056,-0.16858177208143862,-0.4570328837485683,1.066492617227503,1.2880659919082307,-0.05011841762288057,0.33651069598687405,0.10739516169740612
2022-05-27,0.876164535026698,-0.7098486834018898,-0.03586228981756781,-0.3877801392125798,1.3051578171444642,1.2829267223177674,0.05095485678961478,-0.02078751129006821,-0.6940909992078343
2022-06-03,0.7246543733818973,-0.5356897438733155,0.006553660947951121,-0.4741601473025768,1.2474981811651662,1.070526309469757,-0.007796087528748698,-0.03177270881568365,-0.8539529655817961
2022-06-10,0.5575563571508335,-0.3560171241060681,0.00480525528835189,-0.2915040908530502,1.2129180192252889,1.0075445610947296,-0.14213999897492618,-0.1922625323969651,-0.8794530037464944
2022-06-17,0.5873222749478607,0.02006099612933062,0.08472710783943613,-0.3162660231434333,1.2495639461466401,0.9312837111726896,-0.17652880232855214,-0.32961315829714505,-0.897474094754181
2022-06-24,0.5895102727744191,0.4056194250643127,0.34166060775137164,-0.282092293248676,1.3571850118892312,0.8829244078698453,-0.20503913522590395,-0.3700927088798498,-0.9017728500748174
2022-07-01,0.5066895049971437,0.35702961138037576,0.24318992013658688,-0.32777225704705415,1.6037969336434383,0.7808685132100491,-0.34466736498976736,-0.5083639495232963,-1.034501870481746
2022-07-08,0.6051180963671489,0.5228436822524941,0.1192997212977005,-0.17872289984637268,1.8153089345317064,0.6397166324803734,-0.244949131544775,-0.4953245606710157,-0.9851575035381008
2022-07-15,0.429398683572085,0.4613415814262449,-0.00269725132210959,-0.26718578420554717,2.189536380402589,0.49594016521683204,-0.31186017359652796,-0.4834373555951359,-1.1863697629331285
2022-07-22,0.4274750199416543,0.47110378945803744,0.01819656351161846,-0.19396976826412374,2.2005814916833306,0.49641313931511427,-0.39622699497853753,-0.5546972838886227,-1.0377165274222382
2022-07-29,0.48777471756280727,0.5671496785450316,0.12834719422181826,-0.06687738439706248,2.197644362582435,0.20319989279514364,-0.29817267958877086,-0.3928860009319076,-1.0445322686728977
2022-08-05,0.4711435614293329,0.4766538147631245,0.10421585938023158,-0.08560472940749525,2.275584334980285,0.1841022871720545,-0.3453292792037603,-0.5191123680289709,-0.997413178555867
2022-08-12,0.4830911053912087,-0.23676497188955536,0.17025914796669467,-0.16047255472866678,2.2751005655623797,0.13054810466129627,-0.30997289460669475,-0.5209317924018049,-0.9562587020385496
2022-08-19,0.3213376126250041,-0.12024619425231069,0.6080644197559087,-0.10296857145109654,2.0421890541496523,0.11600342086716604,-0.06594215834418497,-0.6180333187225983,-1.0407311436080942
2022-08-26,0.23244436133116075,-0.08228595924162077,0.7873586889309488,-0.04700433201819588,2.0434409620669,0.0791649090510381,0.03853633545940409,-0.6084395026861997,-1.0318423911750214
2022-09-02,0.21231217589377885,-0.06871578336708675,-0.4734386203625938,-0.047293425771209784,2.382038967598699,0.041454181381034697,0.05063741390224371,-0.6191076274138348,-0.9169102362840809
2022-09-09,0.19783517920501725,-0.09804396622952129,-0.4319923842166716,-0.05405368237661155,2.441119089098263,0.13044349864241894,0.019578278854496405,-0.5262439528082535,-0.9255500662999014
2022-09-16,0.10755067529074226,-0.16150907129054495,-0.28450695991116287,0.1016091203456038,2.1666612762986817,0.007080144163656864,-0.12551827269099095,-0.6000954517691184,-0.8086598917395202
2022-09-23,0.06353790964543551,-0.23953634526564174,1.4209299433344638,0.17455409483795575,1.9084645064931243,0.23181853802421964,0.043385124526803195,-0.5338941746197741,-0.44333520378808255
2022-09-30,0.06375566290025689,-0.3270708429817849,1.53521110926831,0.028630238643598174,1.5635469390870225,0.40708023685537453,-0.04635630492015748,-0.6492993474219906,-0.43237310481194663
2022-10-07,0.08315260614486455,-0.31871125868176725,1.306488898407381,0.03603624821691441,1.5541243981724437,0.35965148423663057,0.07334133940154247,-0.5474130646832994,-0.26241407296153624
2022-10-14,-0.03643843095731027,-0.4098764517609071,1.3359179215744184,-0.09906895890819208,1.3140946973368919,0.5066436266570769,0.07325112891731281,-0.5891116123014578,-0.277956061003457
2022-10-21,-0.13942800404673564,-0.43632524248538374,1.245037889644546,0.035558526956071146,0.5139510498405577,0.5616808371917665,0.19396303177278307,-0.4711352496073005,-0.28038100417100675
2022-10-28,-0.17734211901813593,-0.34205487987979305,1.0944831807129893,0.17210603934664132,0.595458070648369,0.2933433785262175,0.296467953124769,-0.31759928729100495,-0.1922109056613099
2022-11-04,-0.10777918256699355,-0.4633615139731033,1.1912231724061368,0.25286470802295524,0.5386421504144683,0.21150305516745158,0.3808819821610973,-0.2889972810761001,-0.053303057161039266
2022-11-11,-0.11976414893100558,-0.3278105317442258,-0.19123198124796695,-1.955949550702669,-2.2996442637963623,-0.37371822879788963,-0.5104379072201635,-0.9712295327625262,-1.757971193413264
2022-11-18,-0.10329867218301332,-0.38957428706342745,-0.16516513952530842,-2.04374071072643,-1.9651466384112952,-0.4038435867744618,-0.6356576547880008,-1.0210540452718802,-1.8868839925218879
2022-11-25,-0.1736312759368927,-0.5134270582507285,-0.23524302680345335,-2.194439137449809,-1.6894949073144676,-0.33044863830936416,-0.7879213623727265,-1.1257409757509291,-2.0357344739287377
2022-12-02,-0.5889695353088003,-0.6939429482096863,-0.16382563156935603,-1.9340276172776683,-1.429634864429228,-0.20200272303363145,-0.6431588658897306,-0.9519307129293852,-1.790832137224762
2022-12-09,-0.42519031771441074,-0.7086650002382592,-0.1447519821872142,-2.0158492129502013,-1.4326805694076508,-0.09564136471794782,-0.5897248515553747,-0.8800879863012502,-1.7927853354601195
2022-12-16,-0.4616014174275002,-0.7656830829816215,-0.20544150998551092,-2.012147453517125,-1.4655132016219952,-0.007325493579860076,-0.6003502038701702,-0.8982003496083076,-1.7807242862865578
2022-12-23,-0.5736527657786884,-0.7656093925082519,-0.19063468372555883,-1.8302676796107609,-1.467032731186104,-0.049590277394554204,-0.5464984968343323,-0.8155023243598993,-1.84074231573857
2022-12-30,-0.42874826139308453,-0.6311916515123043,-0.06666569730417217,-1.6257476663327632,-1.3798406323777437,-0.05567383741529148,-0.4247141314275203,-0.7310846499848398,-1.779882271850929
2023-01-06,-0.37662182834026536,-0.7529946779575593,0.06064555309501466,-1.6619691704586368,-1.3433511593560776,0.06488676765474037,-0.41052028352825554,-0.5601218562288326,-1.7651859743521732
2023-01-13,-0.3136304529001773,-1.1600150792067976,0.017856318977667644,-1.5711792444378743,-1.0972551762270435,0.22385872029218784,-0.2822667748033296,-0.4970732622655165,-1.4977390880798442
2023-01-20,-0.40146164501844,-1.1069140900160983,0.08522328732034673,-1.6118402948522326,-0.9328249412070513,0.257491761865399,-0.41319108157140494,-0.44678987864475755,-1.5475910468335918
2023-01-27,-0.39210683960450976,-1.1501577709510997,-0.07192803732548142,-1.6107033484839794,-0.8109709910726832,0.1493214299193201,-0.3629893036690045,-0.5129781565527787,-1.4395372366311232
2023-02-03,-0.40413891866768037,-1.1289190056725966,-0.1558621797580348,-1.651964936796057,-0.8368758297720088,0.26278347235967486,-0.41443604823611535,-0.6331100238651879,-1.2892063479949878
2023-02-10,-0.49791181483541247,-1.3464405403795001,-0.1638871503851071,-1.564041127310462,-0.6876471006572753,0.22268443054577056,-0.5391055063963011,-0.7706792506230968,-1.3098548457969466
2023-02-17,-0.5543885447832525,-1.4278881333312323,-0.15607132346581964,-1.6091444276771636,-0.3843348814387932,0.20814645707983764,-0.7730174481135704,-0.6482834879630914,-1.3053980215266212
2023-02-24,-0.5129997127468472,-1.5782531887282434,-0.2138092404513893,-1.6210996023762145,-0.41210021884011916,0.22106643685839594,-0.7640655600770985,-0.6394820518076157,-1.3093199436316385
2023-03-03,-0.37997216062230466,-1.5768622369255794,-0.2477117852511091,-1.5306061967893705,-0.4315043822054072,0.37655844671671895,-0.7198668654799874,-0.52901801813632,-1.3205263752521657
2023-03-10,-0.3221199868340027,-1.6648673426701894,-0.2794466154881971,-1.5544856381623602,-0.4682161266404564,0.36628410129097033,-0.7160513599674913,-0.5697675269285455,-1.3034639307624578
2023-03-17,-0.23137728144962677,-1.5580565187217144,-0.3579450388336801,-1.5187336816371255,-0.3326605106501494,0.49995541038105484,-0.622138741307056,-0.4163240714432362,-1.4525320221887839
2023-03-24,-0.36946142545770916,-1.3374330023061294,-0.5595198757739585,-1.6634156959407664,-0.16831302340121757,-0.08479292374580621,-0.9929958149542063,-0.466991097001044,-1.8630958533442636
2023-03-31,-0.3968575827268259,-1.1287145112959374,-0.48337154202832805,-1.6958207638629843,-0.08748652433420485,-0.07804441676321798,-0.9784656786202994,-0.41481962743388584,-1.851360283600335
2023-04-07,-0.4325812482873357,-1.1160142004969258,-0.5706972814000658,-1.8145463542406606,-0.0295208292043071,-0.06756104310097337,-1.0218080532125502,-0.4739490757277857,-1.8635438228164076
2023-04-14,-0.46078272133237513,-1.0497176615568726,-0.6298080757193135,-1.7669436287098668,0.02185457993406381,0.16149228623544334,-1.0793820264166256,-0.5619972115880265,-1.9914972089984024
2023-04-21,-0.4605621678962321,-1.0159129013754118,-0.613848310203739,-1.63451166322916,0.019620757983334895,0.05679149829540455,-1.077010903467677,-0.5840029896246247,-2.018250592208075
2023-04-28,-0.4548001349106515,-0.8385348462638753,-0.646129329049991,-1.7101942192365156,-0.057049195724752644,0.06125966680739296,-1.2319637683810098,-0.556471749744002,-2.0347276348833065
2023-05-05,-0.5906719229432063,-0.8246670660595545,-0.6906196556320747,-1.6702926258142792,0.04555322563177118,0.12398463148941233,-1.1648945895226173,-0.622893869299948,-2.0367766153894706
2023-05-12,-0.7665033079290181,-0.932362198445107,-0.45240849740990896,0.005673419219570599,0.19018345164284256,0.5065206983010208,-0.502568280936447,-0.35242532969527585,-0.4381233730594664
2023-05-19,-0.748245050197756,-0.970529795781526,-0.6445467576027852,0.14953942623188027,0.04847710255302941,0.511500046148592,-0.5192099762818185,-0.4078150691319731,-0.2762948374669825
2023-05-26,-0.8087466062877132,-0.9583327711716076,-0.53136061730212,0.13333608675736627,-0.05920433407968642,0.4321688663572543,-0.5323797373400686,-0.45166999799181873,-0.4429579187429459
2023-06-02,-0.7395613748906572,-1.023654716123392,-0.54450585185137,0.23414783634226774,0.2477724152423612,0.5338681221789573,-0.3069071887372995,-0.33767385900079305,-0.4899471001171748
2023-06-09,-0.9401702646559671,-1.0848880831680239,-0.8365275867305679,0.2903961328374479,0.19512683132834296,0.48070226042058156,-0.28071368777715383,-0.32567606982561126,-0.4910493317282085
2023-06-16,-0.8792748760904612,-1.0815270902350558,-0.6583926142797806,0.3926770209701372,0.25234896762005815,0.5336636323839711,-0.13804619306574403,-0.30221871450636,-0.43157632144114505
2023-06-23,-0.8143925861388636,-1.1206640979452067,-0.6590551841699968,0.3778737632673348,0.13642405577374925,0.4953137235027829,-0.1363455964933663,-0.38212872644403106,-0.3277533104400184
2023-06-30,-1.0004742868491394,-1.2037689023093927,-0.6846115195255407,0.3481991459135036,0.12136932016061015,0.6119828654864506,-0.23179392146978445,-0.46620917291480224,-0.4193098325992354
2023-07-07,-1.0036031258215445,-1.1946540727358808,-0.7991553067109054,0.38028692690160143,0.11927732303583902,0.50333500217978,-0.17404596197323785,-0.2622456857758626,-0.5346687814433263
2023-07-14,-0.27904874756978637,-0.561051634932414,-0.5057359141423493,0.19334667235536154,-0.6221161415364609,-0.01454524300704188,-0.8105544209581249,0.16669885547755825,-0.5778475038474442
2023-07-21,-0.2811111932237924,-0.688279531702489,-0.5532226737165036,0.0632637832771245,-0.807106223699335,-0.17781109172263881,-0.8088769284365335,0.16711980956838482,-0.20775934455467884
2023-07-28,-0.24394456445338214,-0.7790242983231487,-0.5768751065439084,0.10799567742520504,-0.895971068397941,-0.15040990643899477,-0.925182862323068,0.2508015391455754,-0.28519149595452686
2023-08-04,-0.2784806024043288,-0.804302854562353,-0.6095014949416203,0.14789124465938946,-0.8509812546235033,-0.19145904096022778,-0.9235936886076389,0.23118346411111412,-0.2512476478763162
2023-08-11,-0.28254404006895284,-0.8758595335924911,-0.5647497360565058,0.14598781021337517,-0.9508342444909662,-0.08122408241046772,-0.8929251549320274,0.22949074733971872,-0.25732437329191454
2023-08-18,-0.2778122130361602,-0.916410054018541,-0.5666395042471913,0.1436873912620644,-1.3683314972598384,0.04075843066450057,-0.8896872197519111,-0.04213916839108809,-0.20700614660728203
2023-08-25,-0.44498340400675995,-0.8379986319994964,-0.400364552720881,0.30722879941982767,-1.339137461431472,-0.05635668928542268,-0.9206823111474626,0.06836526158751627,-0.04464814002911539
2023-09-01,-0.3719396218369896,-0.7404829917228791,0.41099723244765474,0.30081918402182983,-1.3070038337637364,-0.1095262896492869,-0.8556606243792618,0.043592166501056386,-0.060182149305948805
2023-09-08,-0.33070218174409444,-0.7431506817345462,0.3485170132531334,0.26559675524122817,-1.3208553489021628,-0.10755458978682766,-0.854007823651394,0.01626090803137265,-0.14799920382907422
2023-09-15,-0.46148259093991845,-0.8261830186425941,0.29824841528966,0.27926493528508334,-1.4748792173665008,-0.16779408692546627,-0.9170165661816339,0.19001507159962358,-0.12777919159095327
2023-09-22,-0.5577938015248772,-0.979915391548382,0.29424800525352757,0.20094951693211718,-1.7327801590647072,-0.2380859911276464,-1.0810413127129883,0.16125368145826957,-0.21176104836093015
2023-09-29,-0.533060742511422,-1.15656069767231,0.19262103134041011,0.15587942381507267,-1.8237618058376786,-0.2011082664008941,-1.1395015319084043,0.0754963252085984,-0.12488705097546636
2023-10-06,-0.5729292564145025,-1.1200389155860457,0.09163904840098926,0.21829388717345707,-1.9542080973142975,-0.19759377499105488,-1.1595379429183101,-0.005714816474875314,-0.166222607684856
2023-10-13,-0.5951777835160296,-1.3328173091745217,0.060395308942234015,0.13314765553325741,-2.00732426078716,-0.3573760610331539,-1.2099990773534948,-0.20282541533789866,-0.15589550082735965
2023-10-20,-0.5422800565623165,-1.318304979778308,0.17173205395640237,0.21958035158216188,-2.006257641788261,-0.29336280919747915,-1.1661245860695346,-0.2123213482430064,-0.13687559940056787
2023-10-27,-0.48931054956849845,-0.8785439335837909,0.06488564066572819,0.26480024508483957,-1.9722794917203095,-0.4071817716031077,-1.1365963435948363,-0.2105334448352293,-0.11736255242820855
2023-11-03,-0.4293209457944977,-1.1835493267793395,0.09408656526598183,-0.1679619826536526,-1.8566626098194952,-0.71340139374132,-1.1028385043623736,-0.3862067589653157,-0.23628689369540237
2023-11-10,-0.3575029327785775,-1.2968033003946895,0.13244006509982242,-0.1736818909919189,-1.734786010404645,-0.7340502432594921,-1.182084736458471,-0.4131608124316076,-0.2515623629057806
2023-11-17,-0.3443041388162239,-1.2083244010275573,-0.05257202018866384,-0.15474421542440334,-1.675236484647848,-0.6286195039228681,-0.9854475650733726,-0.5435897441720813,-1.080724331358109
2023-11-24,-0.19525834264746142,-1.2338688148362584,-0.18155315819476187,-0.21966496616041625,-1.8606882503293947,-0.6208994869063781,-0.8781169149245577,-0.5427221021857989,-0.986663965994002
2023-12-01,-0.10763907289742047,-1.3385706130500137,-0.23299272900143045,-0.32596400898910827,-1.913300230533165,-0.577568351886025,-0.9073376197900129,-0.4841803191388761,-0.9057544218929321
2023-12-08,-0.09818469891889067,-1.365102935690248,-0.2577326244669312,-0.47074095400933724,-1.8773543566564654,-0.5970483245854156,-1.0126770102869214,-0.5928911565875178,-0.8845848438447056
2023-12-15,-0.035917809335815815,-1.2978719917092942,-0.16003112851192214,-0.4502735015121875,-1.8913865758573756,-0.7215930067601267,-0.9637633928414605,-0.45483844052012395,-0.7965984192575649
2023-12-22,-0.11715838719985389,-1.1443198819545242,-0.18237216908562287,-0.5519047339545674,-1.9857297981200697,-0.6335105465389004,-1.0343304340150024,-0.3526079217213276,-0.6940213341778348
2023-12-29,0.012543979549304652,-1.0833423985730837,-0.1935685391200545,-0.4950346713680364,-1.8586110078970834,-0.7261987595672735,-0.9534244657953185,-0.2597814517702973,-0.6055211094007285
2024-01-05,-0.1448411664692847,-1.0940844466222313,-0.3058675521109121,-0.6686428119729038,-1.6018162701383087,-0.6916604369390555,-1.0701084890840016,-0.3703751994699904,-0.5275060184750595
2024-01-12,-0.23585540313205852,-1.3261642214436145,-0.1451451982793766,-0.7254475832659044,0.20187405775078485,-0.4920058795436016,-0.5029571839495808,-0.5350449578331735,-0.7026282834526117
2024-01-19,-0.22282696590124007,-1.3240606601931733,-0.2678653662779964,-0.6705368603141086,0.40973346646601944,-0.4877129077950478,-0.5281120632280029,-0.6127227930714011,-0.8969451473918468
2024-01-26,-0.2567267488734932,-1.2760630319545399,-0.17923635594939022,-0.7556109183155577,0.33960096484651764,-0.5321370972534606,-0.5003544705327931,-0.6883893875201942,-0.7859464646058455
2024-02-02,-0.2467682759532732,-1.1410028982309819,-0.7601830145140048,-1.2064742538236746,0.3702937531149774,-0.7029574883124071,-0.47673966515913324,-0.6038320152249972,-0.8723739975059414
2024-02-09,-0.28390517852320235,-0.9731841866362226,-0.7455689625909201,-1.1839285104188857,0.3661303491870568,-1.7006777018105184,-0.6317613484462969,-0.6061375619413422,-0.8516559258218566
2024-02-16,-0.23508104089012238,-0.9478062127719139,-0.7858141543329785,-1.1901201890720092,0.3646987760704199,-1.883225352131474,-0.5802212317818222,-0.5762064618448899,-0.8004423202121212
2024-02-23,-0.20749377085885332,-0.931199627267014,-0.5192062585910003,-1.3013691243768588,0.34471360975463433,-2.1247570355986176,-0.4990335689343647,-0.6340596380710454,-0.8879360278481525
2024-03-01,-0.3106494166873082,-1.0639771510939027,-0.4993955256973606,-1.4501582473029204,0.39276501501776484,-2.160402460673439,-0.609129126882811,-0.6255381479741564,-0.8756880525357859
2024-03-08,-0.9930486146252887,-0.8653473951247719,-0.5761819944316604,-1.2511479785512156,0.28158197072984475,-1.8020523084689344,-0.7468147921922883,-0.4782923426290827,-0.7094903203209201
2024-03-15,-1.1499521178406857,-0.8901580426083773,-0.5732684013959836,-1.2817611799811308,0.22190444863882114,-1.8065042217470935,-0.7368916271928218,-0.47221443415164926,-0.7844096822722557
2024-03-22,-0.7422483640577625,-0.8714945892579533,0.6531460348348402,-1.2835228730301609,0.15280337118352866,-1.1143757274015456,-0.6091767846255595,-0.4831264037085159,-0.750147948496402
2024-03-29,-0.7162875049660842,-0.863125794720705,0.7650193522502723,-1.2911733276610418,0.21395594789983016,-1.0805478187994355,-0.5740602396371383,-0.45859281834808063,-0.7415886420017676
2024-04-05,-0.6639520289213429,-0.9096177661771138,0.8703598036535509,-1.3076135815202978,0.20406753917968562,-0.989604561541844,-0.5584325454220722,-0.47984357394208965,-0.7909459853138895
2024-04-12,-0.7025560346110817,-0.6879044717946317,0.777904732829594,-0.9899697993240018,0.1773737368578082,-0.9836328768104923,-0.45946478659639384,-0.5542703133761813,-0.8189977670730362
2024-04-19,-0.5928497863165126,-0.7150395292518745,0.7657979821101405,-0.9303391038578083,0.22826456335128467,-0.5985864156734311,-0.44228690870344267,-0.5745430262801652,-0.8223794712368877
2024-04-26,-0.6195770102247162,-0.706050548515264,0.8422409789386943,-0.933863743901369,0.31797165285150547,-0.6335406129721486,-0.5076373000670112,-0.7093724667774806,-0.8277181327241
2024-05-03,-0.6916637076941418,-0.6225585439312686,0.8087551314547787,-0.08427361540541106,0.40930273870484396,0.1900492010388127,-0.4680794217038935,-0.7209440056193641,-0.8255574511728503
2024-05-10,-0.6529777920981688,-0.623755688273344,0.8181204163447846,-0.0836764547602374,0.350000364444802,0.1382416052975168,-0.46777894825305405,-0.706455400552447,-0.8448604951780236
2024-05-17,-0.5267725678967052,-0.3152288996390984,0.8149797854396792,0.14314786809381594,0.2466187185952242,0.13156062443216082,-0.24234430041218996,-0.35421528083710263,-0.44495181007927015
2024-05-24,-0.6039594051267861,-0.30490341096215656,0.9203602193439395,0.11946150152508381,0.19033984323279135,0.01289873100189313,-0.38464395022732795,-0.3064266140360489,-0.5086911992387917
2024-05-31,-0.6664002145832435,-0.38284975760120377,0.7595894050460138,0.015316754187805596,0.16056112521518778,-0.10481508512769619,-0.4627418959682219,-0.42833282619589136,-0.6687930469724659
2024-06-07,-0.5868798887391421,-0.36007388854929023,0.8187275314910263,0.1400233255919451,0.17560848123024664,-0.11665703876890195,-0.40382339884462054,-0.3421390175739053,-0.6175326297506023
2024-06-14,-0.6680982409230091,-0.4192738488117908,1.143655998890213,0.08332489948453871,0.1056553701281319,-0.016771866927578993,-0.5586319077676155,-0.24611934135982963,-0.6880792416262316
2024-06-21,-0.6599441379483444,-0.4743283042022652,1.259004092024846,0.044679228393507096,0.09205476798875434,-0.11083591191386767,-0.6836361098358408,-0.34510360192732725,-0.7820703550854259
2024-06-28,-0.8142835043000136,-0.4506457245670134,1.2570107817817628,0.06691214606751551,0.02197960222052344,-0.14165870815467643,-0.7805741589808551,-0.40437230499683846,-0.42306961610388444
2024-07-05,-0.6843838273315931,-0.32022352232897056,1.1143762454398796,0.1522179591893692,-0.010338886403821723,-0.185093601043552,-0.6175743634806374,-0.27589683146911875,-0.45090831152636157
2024-07-12,-0.6290449338587119,-0.239928815134996,1.2358613469762392,0.1859170203638784,0.016983161689905105,-0.03664980735811527,-0.5583441996454821,-0.13231544466890177,-0.40195768743330923
2024-07-19,-0.5227655309110757,-0.12655339977596722,1.2878834253298892,0.019115351845996362,-0.5132148190866688,0.04814463805786116,-0.5215775128927366,-0.28305927431529077,-0.4878291504510998
2024-07-26,-0.5088530749341422,-0.1126412407579893,1.27863770932156,0.04558178114982799,-0.3552760979055946,0.13243693791875538,-0.49817187389108586,-0.18078333647643713,-0.5623396734042088
2024-08-02,-1.3572053063898721,-0.09280506309475532,1.2197099044080437,-0.10372875369154917,-2.207165354897692,-0.021453962572176865,-0.6858860428548954,-0.31967616172336205,-0.4039764011995163
2024-08-09,-1.3656593722816444,-0.21540203374594216,1.1214134529923883,-0.1940634663595018,-2.0570509498068192,-0.02978006309931189,-0.6166004930458796,-0.288622269935376,-0.3228583354122892
2024-08-16,-1.3759914808622908,-0.2245473062333024,1.1367412047833476,-0.10753675275671318,-2.0656313277173837,0.008425255663891936,-0.5281958174181681,-0.14291356238346636,-0.2851515416440338
2024-08-23,-1.2047367287722521,-0.19193318703761753,1.1430658318760685,-0.1773087548825386,-1.8190350036916703,-0.19448697764279652,-0.4899349690959419,-0.2376468172994198,-0.2923410343291114
2024-08-30,-1.0305348616296788,-0.14411016382244646,1.134232612418861,-0.19610579700226577,-1.6887136058875793,-0.14865052297047865,-0.4804461667578898,-0.2719258056166648,-0.3409099591418824
2024-09-06,-1.099614412742766,-0.15326095574524873,1.0526797529544678,-0.26217497625099595,-1.9220458566524081,-0.19022774019904545,-0.5086857405186431,-0.27241271069513795,-0.39982124249405976
2024-09-13,-1.0951791867480836,-0.051232778211109886,1.1655923903155005,-0.16961822809401103,-1.873834034159655,-0.11966187507515962,-0.4889797321441354,-0.2486958718585782,-0.419417433900321
2024-09-20,-1.3525241540061703,0.05019635163065202,0.045350089482049334,-0.14971239623701363,-1.600009211584726,-0.11385563795766318,-0.6482882884137012,-0.26230411183319186,-0.5081998355038709
2024-09-27,-1.1657787018485177,0.1785305196372795,-0.1170207580827165,-0.16700093401986812,-1.3428232500660595,-0.24686312874679497,-0.5295287020573225,-0.20796312245513093,-0.6971078912086255
2024-10-04,0.1229061426502895,1.3324544353245693,-0.15093492121700794,0.36376806279323515,-0.5050553478429196,-0.13574538640326053,0.8973205037633514,0.5347954792667979,0.729029848021402
2024-10-11,0.21731908009398043,1.5980272700104192,-0.15591332450020787,0.35488576421770246,-0.33833245570382425,-0.1581205583288411,1.0258162181108312,0.522535568295857,0.8544871731613147
2024-10-18,0.09284659867586664,1.7326140349453474,-0.19144918688846335,0.20464784431169064,-0.34386949673295475,-0.3905105338297425,0.9281964027009063,0.6290814398821952,1.0308845775522346
2024-10-25,0.10918524471296243,1.5466758173123951,-0.19133687915645897,0.11656745840739835,-0.39510371051553556,-0.18283608102885235,0.8146195552331341,0.6214101445242998,1.0654721376132834
2024-11-01,0.09954850993962805,1.478232251268833,-0.1914460832465378,0.13204575233566326,-0.4818644626214641,-0.2701645202038692,0.7285412749326368,0.48363673385331185,1.1321716934779258
2024-11-08,0.13102711769494657,1.5874571345529063,-0.13898747732920372,0.12440680631527971,-0.48314173127713467,-0.16579008662900008,0.7964978598720575,0.4139934297574386,1.0607362273369185
2024-11-15,0.03780815896727596,1.306547845670158,-0.232536732072861,0.0346674868559108,-0.4360209380608988,-0.21972479011549786,0.7149614252019424,0.3241440054525064,0.881166644529278
2024-11-22,0.05554994511934319,1.3698312147932816,-0.2513796066556323,0.06899956814742524,-0.3906681600539591,-0.20131520880657647,0.7113162692044936,0.4806496665975341,0.8809055709330187
2024-11-29,0.09601371273457353,1.594891934757432,-0.6947739835562954,0.21603707454679433,-0.35173774663658786,-0.044650205377985044,0.7830190925599967,0.5962679127653954,1.0615861190105589
2024-12-06,0.01491605183082355,1.632573984843182,-0.7415323212848439,0.09524112740263845,-0.31615713769327625,-0.024777549847308393,0.7667954273251087,0.6635731335372522,1.065815711187146
2024-12-13,0.04621321711650243,1.6498457743595365,-0.7901307190240499,0.06537846501291888,-0.319247394747366,0.05372491538569552,0.7006354186053926,0.5865630155810738,0.9911205013081308
2024-12-20,0.04164640588203888,1.4496656807711545,-0.8511212594990529,0.022390240997587806,-0.3704500071778773,0.07145636840850479,0.6114622882429522,0.555966798974534,0.9153584269906198
2024-12-27,0.07123807128748415,1.4298983068697206,-0.03482961586715937,-0.12088920779208202,-0.2886542438557882,-0.030316484041701414,0.5945617220305138,0.6222508531506838,0.8530772937186515
2025-01-03,-0.02123096601716694,1.3747184383268507,-0.05617854379663323,-0.07869682981278868,-0.3486972901321433,-0.037222454007004614,0.42158626438710844,0.4720642728906744,0.7854944389787257
2025-01-10,-0.016857787265328116,1.3347239643851883,-0.14654370274493114,-0.14003348849821703,-0.41721304087560535,-0.15593462922191892,0.41602245084831807,0.35102228230555743,0.7534240427701484
2025-01-17,0.01359859727800914,1.205380724002222,-0.04578343316101627,0.013284578373378738,-0.40945241279365596,-0.1009163191787094,0.4149854221305672,0.48329635566322615,0.9411168918342186
2025-01-24,-0.14519861846644797,1.2064561180504039,-0.3873437661557696,-0.03182169648109086,-0.4271009637459813,-0.06752089755370806,0.16719270825929666,0.36028268821099513,0.9843753999616806
2025-01-31,0.019947775389983005,1.0317418395050995,-0.4270712354241781,-0.12647425258538553,-0.24009403832909954,-0.15829547258442547,0.13532206988646187,0.31665752274205217,0.8408199641668589
2025-02-07,0.03989756063296533,1.0532753467952645,1.077879941493726,-0.07066526541096275,-0.2944742618294373,-0.1659874650633416,0.14229508712881322,0.27955567310079693,0.8273511242249197
2025-02-14,0.09698876749278482,1.1862038584378698,-0.4698991646808434,-0.06181235562244944,-0.2683913520281961,-0.13561250840747,0.10473847063114872,0.2079219816269129,0.8306956513142271
2025-02-21,0.03943534955832795,1.1919994299101242,-0.4764020843457076,0.021593181465833448,-0.3280124528440062,-0.06518919269932448,0.1290616028385271,0.30060101625865804,0.9469143728828479
2025-02-28,-0.12094672239620538,1.015938027549549,-0.40991187576292015,-0.035032874051319225,-0.49739738441375403,-0.09679793805011243,0.023885025175777393,0.22809567295464603,0.9212951376230032
2025-03-07,-0.05169442433185662,0.8243055826008615,-0.31022607549556314,0.006439517649048221,-0.37886740190981977,-0.10826804547765453,-0.0933596436293796,0.18424152984285075,0.9337653420423458
2025-03-14,-0.029347765517172792,0.771190520651951,-0.28734885570888463,-0.04749207822274267,-0.5061014633633176,-0.11351556581491966,-0.16964798184834343,0.12001977312377032,0.8616001506863598
2025-03-21,-0.13873351866306932,0.6746574199612956,-0.5356715227617662,-0.09550948989555212,-0.45526676386341375,-0.19796362659972638,-0.24324117323433483,-0.0028707572622465377,0.8469449607044127
2025-03-28,-0.1140674563210914,0.6176278825361109,-0.3922766741773272,0.07051350149844819,-0.5355818417307304,-0.14417280233590696,-0.35240054556548306,0.07909867003869499,1.5416872323570825
2025-04-04,-0.9430722422315551,-0.053315847463059396,-0.3339815603099827,-0.20247420109463402,-0.6777333019444967,-0.11151621219608707,-0.8630250853123453,-0.21880265700698986,0.10666600068122059
2025-04-11,-1.0182828851690844,-0.07160834209919334,-0.37864496405295367,-0.37667067536522725,-0.6504512123386657,0.0201384156805061,-0.8800305049473649,-0.5023242561943221,-1.8665075919604535
2025-04-18,-1.0236932134726013,-0.1475234794585482,-0.36575856472247936,-0.26852713996372785,-0.5717076362612654,0.1434102181609582,-0.7188149109088429,-0.4993820640616558,-1.9632207333239864
2025-04-25,-0.9322209896520439,-0.024539323111525624,-0.35043694774267514,-0.2781041059218142,-0.40374226166308613,0.0556013941733171,-0.7140055466956893,-0.5242529871352763,-1.9075776358900058
2025-05-02,-0.8687117932790229,-0.23258488364932936,-0.32030222673659475,-0.7423383165588242,-0.5254888753008079,0.14872994374111462,-0.6171302864215826,-0.35977698087909893,-3.4328745946243875
2025-05-09,-1.0209318877770155,-0.3641817236746891,-0.24228597978611316,-0.7278200427790515,-0.5619334268462935,0.16873402233012058,-0.6450515387958026,-0.30109548500564126,-3.1783857186773874
2025-05-16,-0.9036980437028462,-0.32529798646253033,-0.2749463179208969,-0.7199432095436679,-0.807525223244425,0.1725304453647018,-0.8507721978318737,-0.36226440697010276,-3.2880605953633513
2025-05-23,-0.7319606845334617,-0.24401537748933208,-0.18630194749369755,-0.5766206267268709,-0.6611443691203523,0.32717816998855626,-0.6571802675705206,-0.46849224685204127,-3.205628940061735
2025-05-30,-0.8006442290308158,-0.34784601145097255,-0.2252791534266343,-0.6734955954143322,-0.7512929341515903,0.194192353673189,-0.783853821517266,-0.5837261838713251,-3.2022807069017576
2025-06-06,-0.7313512752667891,-0.33332524035327904,-0.24722900840501472,-0.5603643466526829,-0.7609619765911902,0.16800914866194014,-0.7789798345806894,-0.6253697555615735,-3.2153869619798296
2025-06-13,-0.7088678735396252,-0.24344355314259553,-0.28995994021077237,-0.5542561922857465,-0.7565453399895486,-0.2778212217270063,-0.6610288801988528,-0.4978622203647742,-3.0224725922554887
2025-06-20,-0.6531532692708079,-0.24538050630582064,-0.33553599516674987,-0.5330432146793637,-0.819752208452969,0.4904194271623471,-0.6670262456583363,-0.497982489174625,-3.0347463331497067
2025-06-27,-0.6360464807998609,-0.17700392447562938,-0.2652584742758496,-0.528190510074435,-0.854007777306995,0.6709606092451689,-0.5303271709232983,-0.5171318987451857,-2.837401452060126
2025-07-04,-0.8641921356630068,-0.13302076858405854,-0.21614789175771854,-0.5541367978331065,-0.8142525293070066,0.7925245886057343,-0.6006360498339767,-0.45515434604188343,-2.839952436877315
2025-07-11,-0.8860017164646473,-0.1278529643499507,-0.21122914935041912,-0.5638694530557578,-0.8348709865098658,0.9099227130965701,-0.6061093721530421,-0.4283671632697565,-2.749962071648224
2025-07-18,-0.9728524439186752,-0.11135561484203332,-0.1989161851869502,-0.7055381986735104,-0.7946954713804985,0.7168787197642309,-0.6850586163167607,-0.519416907117841,-2.746598837669726
2025-07-25,-0.6879082744901188,-0.20884600940787695,-0.33937996205516796,-0.8212945703043781,-0.46328366256032627,0.6553651410427904,-0.8124652765655337,-0.6394241386989343,-2.777827677936458
2025-08-01,-0.9462866315311801,-0.17553403338853743,-0.3297589529262783,-0.940284447315466,-0.7982556741320906,0.5587542004217056,-0.8221087027432438,-0.6687401488667292,-2.752561787452996
2025-08-08,-0.9036313955114486,-0.07130515184469911,-0.478191287914218,-0.9535301060105287,-0.7393845976190162,0.30490938456017563,-0.7814915929321402,-0.5635322640871314,-2.7334392150272824
2025-08-15,-1.0562082643474735,-0.10070645201126813,-0.5345833181746138,-1.0370361562924346,-0.6453406434562313,0.17376754742537157,-0.9156860194500155,-0.6068860030293939,-2.7524663076597125
2025-08-22,-0.9925709661364508,-0.06400972557835251,-0.4853141006884603,-1.024301972817841,-0.727272220237303,0.2868920856578143,-0.9302853311396483,-0.5984915440368257,-2.6738522079638143
2025-08-29,-1.0621010006062417,-0.08659314164698145,-0.4233920825017331,-1.2806105192056882,-0.7732396033765809,0.2629527305007581,-1.094821177490777,-0.7416203793989832,-2.6297497562631644
2025-09-05,-1.2930796216462914,-0.05593911176782205,-0.49011652803407413,-1.3811401935047807,-0.9542524356903106,0.2826174379600884,-1.3310052088334534,-0.8255006448951395,-2.619272281919871
2025-09-12,-1.293073415379584,-0.030992877876542074,-0.5439121527370554,-1.381999669528783,-0.8798638134673911,0.16048548699494816,-1.3169310564219845,-0.7112888846194039,-2.593163338064326
2025-09-19,-1.2520708844191148,-0.006929214328219201,-0.5734002553180299,-1.4339727189432754,-0.9820007868110533,0.2066826074690719,-1.314881684229093,-0.7277860377791443,-2.569365870941888
2025-09-26,-1.1758839433062775,-0.013747582066067241,-0.7478367308761675,-1.4092708100078557,-0.9832587221597888,0.28626709067962536,-1.2427389924887828,-0.7233994330179866,-2.533637718918962
2025-10-03,-1.1823424555908117,-0.6635378236163887,-0.7403937803828212,-1.471216916050416,-0.9368676803269985,0.3270564016349528,-1.1815575785708132,-0.9273750396663537,-2.519147226459231
2025-10-10,-1.185428505484001,-0.8211653609942572,-0.6459148670005821,-1.6751103640935245,-0.9950440536973214,0.1862443015886322,-1.1441636261244823,-0.8193244677441951,-2.953271161786949
2025-10-17,-1.167165723373224,-0.7768336908109317,-0.6102173350908845,-1.6803817162041228,-1.039059323199452,0.176485631912227,-1.281170371480933,-0.8822641353535922,-3.0004011209557135
2025-10-24,-1.2253674880267256,-0.8240631348754287,-0.5667127609862214,-1.673442135171384,-1.1910204126701613,0.024847437463239343,-1.2810213749649084,-0.8034585303660128,-3.002257606978552
2025-10-31,-0.2739887565027816,-0.15020316428569225,-0.5066692563907302,-1.1210054717825182,0.10839613786383939,0.004817588131737044,-0.8353620375433464,-0.7889833276187822,-0.8787985928631552
2025-11-07,-0.37377303988391103,-0.125739308774789,-0.5065452855690874,-0.45275941700483124,0.12807187388576524,-0.11126730584966167,-0.7884562514592004,-0.8266730310528838,-0.8876886959014941
2025-11-14,-0.38458993386931495,-0.18915943587806458,-0.44490950152339376,-0.3580100975831276,0.13320547315921666,-0.018505112976346175,-0.6636269738045351,-1.0182813618654494,-0.7181985163027452
2025-11-21,-0.4454133454796513,0.09323712327292484,-0.48388774875599144,0.29981707693002724,0.367129760573671,-0.020213515317883065,-0.13037504859152682,0.17681193413335738,-0.05378595765043804
2025-11-28,-0.7486033556766988,0.2422658305716707,-0.3329718816690664,0.45070804438741136,0.5292009864964042,0.12026540943746969,-0.34871121126407983,0.2347997765789738,-0.09072391758431234
2025-12-05,-0.8024393703614805,0.15760736076067258,-0.3808970535865973,0.6998613297271826,0.5314584848188687,0.07083373080868001,-0.34370921107811864,0.25863313806068056,-0.000519167404962278
2025-12-12,-0.7540938773658121,0.17401363934028571,-0.39106235175622245,0.7118247058600898,0.6794398219278798,0.11451451275985718,-0.3568484051119563,0.29582045572153687,0.10934353975075671
2025-12-19,-0.6406683473149664,0.1918928003652035,-0.402695355628324,0.7457618340135358,0.8147809404989678,0.06986936381623723,-0.30332958005886357,0.3067821527143807,-0.003771739577013167
2025-12-26,-0.5231793820145141,0.5048535393588334,-0.16667372670035818,-0.4612398936180461,0.803509828422913,0.005623828312260544,-0.23043270340338864,0.1656799715337788,0.6224324538502097
2026-01-02,-0.4379779376476058,0.5061482687745013,-0.25221367841323217,-0.4777265780451075,0.720178882188639,-0.06243932669354657,-0.311729383895009,0.2004518896544578,0.6391766129323453
2026-01-09,-0.43883612813285927,0.394483443942873,-0.22057263204533376,-0.47618366981634846,0.7116716774958392,-0.15239538441491499,-0.27376404118177305,0.24188455603334402,0.644154818714767
2026-01-16,-0.3800975717774881,0.40491193817575305,-0.24800818680174816,-0.4759041435048266,0.7371048309434961,-0.08872656742682014,-0.2607054755786391,0.17455428397389802,0.7557270189864969
2026-01-23,-0.4267392062983109,0.46531100654902213,-0.16195948547386194,-0.45750059095269263,0.4675109441314089,0.008035854301171702,-0.41192101059349034,0.22115868071805186,0.8198757159713028
2026-01-30,-0.6699262606074874,0.5801418106522899,-0.05901957829152424,-0.3496028117375642,-0.47010821928041324,0.15863001392294054,-0.35632300739969713,0.2514257590767558,0.9681401077532531
2026-02-06,-0.5411036480893039,0.7554382944019986,-0.41046727062343025,-0.41080077915051527,-0.6422289869323949,0.5698142934228522,-0.5008091736321396,0.15045780255603367,1.003131016653838
2026-02-13,-0.3999341341241357,0.7775556334121976,-0.41338005611663564,-0.36173418953613806,-0.6126667923485117,0.5995912610164473,-0.4497243485861144,0.2606738993057953,1.016111552377222
2026-02-20,-0.445369603119325,0.7878553359357208,-0.516239143779449,-0.42318561372197516,-0.619228574983044,0.6591065020492246,-0.5093580059654698,0.20377674974651114,1.1174352549365947
2026-02-27,-0.27160553658417264,0.7158709626327812,-0.5716738859122001,-0.3014445222361869,-0.5804683800636392,0.828409676968007,-0.42723271219240483,0.2395943026405774,1.2474284601127525
2026-03-06,0.3207052467209588,0.622163102365228,-0.6253887539664265,0.11770881917752245,0.2918060286704712,1.2666597600845486,0.016222368719373846,0.7561556861308266,1.0331964983437854
2026-03-13,0.2932704637259765,0.6794794601264594,-0.694851114751988,0.061596138454900196,0.23214288792006743,1.2521706095801584,-0.05261783188162739,0.5988273370225702,0.8783464679952204
2026-03-20,0.21299400965515497,0.2030169729452583,-0.6446251388666,0.05696030109167312,0.25432889644589507,1.1832335225017845,-0.02283497129326161,0.5118301166213328,0.8798517298676755
2026-03-27,0.1392495353203066,0.2748741420864883,-0.5649586513406507,0.10299288969799561,0.9279426114358872,1.1861460557881045,-0.030040865483244486,0.659560384032679,1.0366790500529695
2026-04-03,0.22317434312529463,0.5599207575570879,-1.1717450405246292,0.0833350630034654,0.7832156822899534,1.1905401166263752,-0.08140104797743489,0.754925773503987,1.0148853117184058
2026-04-10,-0.18084022991257148,0.425896586777494,-1.237093681837676,0.14818455507303072,0.6912453425327829,1.2507059460998955,-0.14213042070281962,0.7148010532108023,1.038155562241874
2026-04-17,-0.1472219419342285,0.40753873553624076,-1.2544914502595323,0.1693541582985344,0.7681750750491335,1.2116000269662064,-0.09661427246191996,0.8101020377833122,0.9620439804770715
2026-04-24,-0.09567840543191902,0.46515123237119627,-1.0159042334880883,0.16647072814743,0.695773997598506,1.261438153293919,-0.07009223685320982,0.6594701945130199,1.0256499909412689
2026-05-01,-0.07530174795461805,0.4130740136543135,-1.019431194210823,0.1714089628595077,0.5737880225749937,1.113543885955377,0.05808009831629607,0.6023393013773553,0.9439825907529276
2026-05-08,0.07643693557340693,0.41664006665652953,-0.9723459066576623,0.2109945308067727,0.5723429382103729,1.0843251993415741,0.13078185395703215,0.6706425642777917,1.0532531864424455
2026-05-15,-0.0754240505614975,0.7396700472679428,-0.960427892667928,0.17087387320636752,0.4061895859217141,0.9041659363564212,0.11511756147627521,0.5483021782590166,0.9780804185124768
2026-05-22,0.022339382534024226,0.611124557084814,-0.8317677624660341,0.17336783855427504,0.4119576292703242,0.8815932278200469,0.16889307717904867,0.552850716024113,0.44246968864817426
2026-05-29,0.03907706723019171,0.5107638176566681,-0.7631740538009056,0.1865382908537374,0.3764491306753134,0.8793531872599298,0.27387394672362037,0.5537779585927262,0.4676966950438543
2026-06-05,0.0473964169761888,0.8238460580268512,-0.7638067965294446,0.3423614953354035,0.34697299591962144,0.8972003992798618,0.30217519171857465,0.40105873400230724,0.31367214167195634
2026-06-12,0.08577525951300874,-0.5750420364141229,-0.6634935198515071,0.29513927078275004,0.21798992566565958,0.750087057871256,0.3214762570507856,0.3698709349724167,0.2956292358153421
2026-06-19,-0.017127576675850603,-0.490381268355334,-0.6749575822394009,0.21704531224350462,0.19836986597073536,0.7280028318654478,0.23867392571733415,0.2617743138522823,0.38493053941689703
2026-06-26,-0.17404000198861472,-0.5311072383534232,-0.6641369699060459,0.2902973926260452,0.18700723877313677,0.6269340020458707,0.1535334741290219,0.13867076174031684,0.21704963976388006
2026-07-03,-0.2097320883052267,-0.6819115778769353,-0.6927093045297216,0.3213749769031222,0.24952328575627683,0.5940447765198457,0.22278249715294163,0.30202216909033114,0.14583180964374384
2026-07-10,-0.17168600734877615,-0.6680878484044595,-0.6889268475344621,0.4017748492372781,0.3036185967485495,0.690060677695277,0.24376103591308476,0.23817257638864564,0.15603226079612154
2026-07-17,-0.19216655181320003,-0.5096010448422091,-0.7073015418861193,0.5401861809116946,0.1920717297777694,0.7013075870290694,0.29276451187526087,0.188919943027465,0.04920365785594235
2026-07-24,-0.17618739457959917,-0.5568573073128906,-0.653288796455217,0.5216261732877082,0.17436588469828096,0.6348627214931517,0.3768351000771277,0.1696224259011816,0.0543001629332076
