date,BRL,CAD,EUR,JPY,MXN
2005-01-04,,13.597917106466822,7.84115134817375,14.57624943863476,43.95870064647112
2005-01-11,,14.163206871868288,11.25360781722711,14.66936021943806,46.46818109518921
2005-01-18,,7.107320540156361,7.529184800358497,4.6046672004394855,59.07371095583971
2005-01-25,,3.3646163601775525,0.5853524690746401,0.5697303029929338,50.48633626679018
2005-02-01,,1.6479235384255773,1.489822769135516,0.2387434554973822,59.51264993448241
2005-02-08,,-8.908914963106326,-0.41410449083523104,-9.186638551738325,62.75504656978219
2005-02-15,,-6.365751847231552,-0.1653941443722111,-15.588833255475798,63.03832987260789
2005-02-22,,-3.5581988105352593,2.4393644558410776,-16.831728148282753,64.53786676225101
2005-03-01,,-7.1400192380076115,19.664356074425392,-4.6364340530231525,60.86085988318715
2005-03-08,,3.142938066465257,13.35414191214287,-5.719161470173983,51.82837368034957
2005-03-15,,20.888083009162,24.44369989621724,-4.97607833646704,61.96934535803121
2005-03-22,,35.11308490272027,23.636711247838292,-10.933725256051073,50.1808950504682
2005-03-29,,32.87229194635005,15.188043255081787,-26.419470017852767,39.37481412946502
2005-04-05,,31.973051729720307,5.471172836078966,-28.603048522047626,36.10472520384367
2005-04-12,,-10.72851122784737,4.396107613050945,-33.17320683339838,61.52818800565044
2005-04-19,,-21.30752497687929,4.234236513438072,-38.202098087695035,65.90380601131312
2005-04-26,,-28.797604762515,3.1714650830639703,-23.41845116292475,67.19606194735083
2005-05-03,,-35.72224961941723,3.53214798069817,-8.82167493835253,69.95664488217123
2005-05-10,,-31.997559459397234,-1.0381157929416194,-5.945808152403691,70.4508946916209
2005-05-17,,-33.79991724611208,-8.598750478133367,-25.330631850691947,71.94298717497072
2005-05-24,,-33.95949727882024,-9.448950013876468,-21.101281368532025,72.21446550774797
2005-05-31,,-32.98838437170011,-9.611851291904207,-26.381724793428944,73.23735897505941
2005-06-07,,-28.200581827447817,-9.174165105029761,-19.953437856205777,63.91297154202515
2005-06-14,,-27.83642204883916,-14.023090142833713,-36.12059868932578,76.10325704912911
2005-06-21,,0.42297782345143947,-14.92782290307647,-27.17747591715214,75.79227798487796
2005-06-28,,3.193423002712452,-10.232661742304487,-35.06072819735988,72.84195956300361
2005-07-05,,5.83383280532009,-16.697099892588614,-33.34206507919268,74.70724875969066
2005-07-12,,25.379827833258588,-5.594285958684402,-38.706668548530615,74.04129793510324
2005-07-19,,28.299819187989698,-8.297681961804098,-35.007142984166876,74.20039940406377
2005-07-26,,19.304045045342853,-5.729875332389405,-29.666985479523518,75.82147050946622
2005-08-02,,13.837508247446136,-0.1330139142303996,-26.107659077570926,76.39142645354603
2005-08-09,,15.352378895069396,2.9027367092255023,-27.338000157308674,76.34670781893004
2005-08-16,,23.786128487283687,0.3934832702232883,-15.806689311838392,74.93624772313296
2005-08-23,,22.756395397353756,-3.9741124413291153,-18.834139956046066,55.74629896260198
2005-08-30,,26.01279317697228,-2.3541120528715744,-26.741283065443632,49.24288567502868
2005-09-06,,25.53660675515747,14.605820467276951,-19.531099064698328,56.867145421903054
2005-09-13,,20.954687400420624,4.660722734618386,-18.45947359799627,44.832074980473834
2005-09-20,,17.886765966349692,-1.203377547064871,-37.253813062182246,47.317347773056866
2005-09-27,,39.15789091107335,-1.1812996506949256,-42.625080283753455,40.840262582056894
2005-10-04,,35.155946680471075,-1.32414293488119,-37.682686526291974,69.22963363924907
2005-10-11,,39.937881939036345,3.658071115589551,-37.485595563149616,63.424057583656406
2005-10-18,,38.10456236538085,0.5920191661877428,-33.3742325143481,32.18700475435816
2005-10-25,,35.31182795698925,-1.6913179452933358,-34.1577108668258,22.806199381305476
2005-11-01,,34.3355570750097,4.849417210649592,-33.86158536896779,62.84303906138217
2005-11-08,,25.24173223064465,-4.145035589637098,-32.68745416382166,67.78563015312132
2005-11-15,,19.66747927840078,-7.5440047927424185,-33.096383229052314,72.39743915267148
2005-11-22,,14.834065996264362,-5.99456949218287,-32.1674087961878,66.54226074350532
2005-11-29,,25.19256988528306,-9.955471611093115,-30.93610727095196,62.6036151177652
2005-12-06,,31.5345158319038,-12.585236934982966,-32.51873470925456,60.56184142022248
2005-12-13,,39.44050544050544,-0.5525177762069109,-29.582633754654164,48.88120687909513
2005-12-20,,34.95956226974473,3.648588440196039,-18.712859221665482,38.66496190932822
2005-12-27,,41.04425465838509,4.0740411141763815,-14.857162039679077,33.43118425073116
2006-01-03,,34.80707014164951,9.418977171707006,-15.885359807862729,39.03433242506812
2006-01-10,,23.70963149760026,17.239728070588605,-11.495355709122588,41.744493208810866
2006-01-17,,26.41733364720653,16.370933508277698,-10.889128762352323,44.29813539729607
2006-01-24,,26.576228022919828,25.907280371763665,-11.571428571428571,45.18598896641246
2006-01-31,,31.951855703496598,24.590241495610094,-22.119603230113817,56.186671200272016
2006-02-07,,36.79167111060063,13.534730697040414,-28.472748587656266,51.837650799588516
2006-02-14,,34.18809195907298,8.48195916514139,-28.141420130441006,55.35146297190628
2006-02-21,,30.37471089785633,6.6655651024454725,-34.985869805617675,54.234176843834604
2006-02-28,,32.511361454266144,11.52422642643771,-11.310234768774812,55.34050620661746
2006-03-07,,30.11990232880207,7.823219369204318,-16.825816935626598,34.96489346634022
2006-03-14,,11.153270968563065,20.74886928153036,-23.897569032203595,38.512018117247415
2006-03-21,,-4.391039556906324,29.287248473886503,-16.683147497755197,28.51055745535472
2006-03-28,,-8.941572416319428,29.00259389546246,-16.886080588114446,15.91727894244135
2006-04-04,,-4.918091125846669,32.35651953730523,-17.243269453755826,-4.012063722484326
2006-04-11,,15.899190329570077,26.131441842947712,-26.489811797889413,-5.782819124323107
2006-04-18,,7.42513684662445,33.39065167942754,-20.3629002321334,-8.607610575735112
2006-04-25,,15.53121054567506,36.969645678176484,-3.2222029143807562,-14.215066881617359
2006-05-02,,29.15514286491535,39.80991479307654,1.3028100775193798,-7.856906807666887
2006-05-09,,23.852915420583912,36.73079732595806,8.950105678121067,-3.8005542714550202
2006-05-16,,16.57176316839077,37.57976789207903,9.002947463580462,-12.535664145645578
2006-05-23,,14.02264771022362,36.437721808236354,8.647835092404305,-20.365951551005598
2006-05-30,,29.02189433603046,40.86096305920144,12.345092848373236,-31.846922898665873
2006-06-06,,19.244431724439806,42.08788272123387,10.40561228281387,-30.98798071582502
2006-06-13,,25.712567556107228,30.557229957409806,-3.9410626948047947,-25.439574827128048
2006-06-20,,19.42387764690634,39.58402461464209,-14.264368528737057,-37.297734627831716
2006-06-27,,33.7550534017886,43.646990537640214,-20.435926602553053,-31.51859866982404
2006-07-03,,38.839100180091854,42.28458273700834,-14.1735037465617,-13.677343520423156
2006-07-11,,12.498655595947428,46.347036038769794,-11.93520493457082,-5.63509616006415
2006-07-18,,11.129892705148954,33.83225890899571,-33.919544916415724,7.867190656333786
2006-07-25,,-5.892587236171069,34.34593797369823,-36.87436453277572,9.82865910834541
2006-08-01,,-8.618445518780216,46.51644536793027,-21.97253943749808,20.425969583506678
2006-08-08,,11.913707429402496,51.81505712662365,-26.08198620133958,27.541861517574294
2006-08-15,,9.902666589875022,50.46067095171766,-28.765035197605453,38.72671549981524
2006-08-22,,17.876469705885746,46.30476915819328,-33.0451814520566,30.002294769134146
2006-08-29,,28.8340148103484,46.79904564900569,-36.13510008550121,27.046098744055314
2006-09-05,,24.587977261537084,43.86233672073252,-30.37606210007343,33.00846952165096
2006-09-12,,10.69756334083557,39.59865387012339,-36.08759547870893,9.928921026095084
2006-09-19,,0.6158256385139516,38.90013546629325,-40.33976312539427,4.67146082765687
2006-09-26,,6.916114227434982,36.46599247928152,-39.48562646899295,-7.8193146417445485
2006-10-03,,9.265935031605437,39.53319925176861,-42.716523322628674,9.182432761052478
2006-10-10,,2.0385336593817507,24.223614841340893,-46.15258230863732,13.896670885535915
2006-10-17,,-22.235938024742904,17.1994049544014,-43.03851667781707,62.393142069031114
2006-10-24,,-14.20416554394579,17.180480149841173,-48.51271033717553,67.18175718305909
2006-10-31,,-22.690943938667946,37.01411576157307,-26.301041009324514,72.5135001588254
2006-11-07,,-19.668168545626823,38.67042196625841,-27.726869900420407,64.29821258499635
2006-11-14,,-36.57256227950315,35.44654736854445,-23.552379769922037,46.06567325197222
2006-11-21,,-42.641170635638936,36.546683679179814,-31.13147290062595,15.857816561940718
2006-11-28,,-32.34125231829021,43.162646394280564,-16.64293335766163,4.473856031340117
2006-12-05,,-35.31194918859782,43.92065542409926,-8.778008174955993,34.33800222155997
2006-12-12,,-31.383813270897196,41.99135703272601,-20.063628714533852,43.76297657326596
2006-12-19,,-31.304954945126873,47.38791935242865,-38.70407710778859,74.24827381394313
2006-12-26,,-48.40285332535064,42.820808010495035,-39.927082857621286,57.34969273772259
2007-01-03,,-49.96367159118431,40.84973524882391,-42.27260899476369,58.56522827090506
2007-01-09,,-54.45415015199907,41.01193171588658,-42.827579262427996,29.70060646110229
2007-01-16,,-51.80270011414477,32.5297398447088,-44.74509295847639,29.20078015669249
2007-01-23,,-51.08894648774566,35.99027831852665,-47.785784265416034,20.02322495023225
2007-01-30,,-48.42050609389518,35.919939386286146,-50.28191937687099,10.983902811001661
2007-02-06,,-52.16733186278632,24.815783999211675,-40.812269782801984,17.94194684185667
2007-02-13,,-40.28865422606273,44.78956201960596,-46.29652662039916,23.456898346500697
2007-02-20,,-46.217531664794684,49.08138558086673,-34.97573867604209,17.735408403632043
2007-02-27,,-40.953431657182676,46.325704042515724,-34.91554851581657,0.19207226982987885
2007-03-06,,-47.76217401559243,44.0489968656709,-22.580981072996973,-15.276934229345036
2007-03-13,,-46.447478057123526,44.37260901065533,-18.768687722388336,-12.821802712983311
2007-03-20,,-31.634508348794064,48.17104895641078,-28.293967714528463,-25.19843636122706
2007-03-27,,-27.93578141923762,48.5911112493391,-23.26618415958995,4.943506765239224
2007-04-03,,-31.093053688901463,47.930109695112115,-28.797553980193733,2.439057754917786
2007-04-10,,-14.114958373387989,49.222253131969424,-28.146460042540262,18.298982798104063
2007-04-17,,-13.952534682837449,49.10162016491375,-30.034157311027446,12.583814730761295
2007-04-24,,-1.339234394758018,47.9019594338648,-34.718147504999344,7.090171035370411
2007-05-01,,6.412420578284274,45.351096072671936,-42.442151299898526,24.698324749456148
2007-05-08,,12.178851897670032,47.129349402768575,-39.419551934826885,38.149782517741976
2007-05-15,,25.518094832078063,50.48633078940588,-43.02452710226298,44.11688575166325
2007-05-22,,22.651018415178573,43.530518919857286,-46.48639375549504,53.71950841040283
2007-05-29,,27.851693213759873,44.10088324270237,-45.837303477846596,61.54181402493481
2007-06-05,,23.742705254382262,39.52816495152316,-39.83642157744597,64.38146954013236
2007-06-12,,26.71592916540997,22.220174468607937,-33.52201654525769,40.807308079600695
2007-06-19,,24.160985572280367,25.21616106652156,-52.03800272830178,61.68962684143149
2007-06-26,,49.23040627971318,36.66969378932314,-53.38561846613246,44.38195119888358
2007-07-03,,45.5884305026723,39.24307692307692,-47.47025038936878,51.57047859687702
2007-07-10,,46.974915292050696,46.002664592219034,-39.29972871980096,54.61220647455677
2007-07-17,,44.69247020369116,44.8320127284315,-41.75727531744594,57.20481501150646
2007-07-24,,48.420867201852175,42.70288465371311,-32.46401961576427,46.24582142338065
2007-07-31,,37.10162671424625,36.5702219301067,-19.359672457439522,23.56264331874088
2007-08-07,,38.20487546525826,34.733136437951586,-13.070233606790323,17.308098963840134
2007-08-14,,35.66739279639521,29.59285459354095,-7.862484644286238,12.460910077222541
2007-08-21,,31.13203878965091,17.80480127392073,0.5552950829279728,-23.77640290037831
2007-08-28,,33.68844131006455,19.369691268125447,3.5545767974151157,-19.966593858409354
2007-09-04,,37.77033985581874,21.04330015970261,-2.6138292431643158,-14.589710221961546
2007-09-11,,40.41186342751809,24.75411299958753,1.8645380552717852,-10.192709182208356
2007-09-18,,47.60734732824427,42.29761547801039,-12.525789439261782,-38.69118174049673
2007-09-25,,46.729592038229136,39.803102283784554,-1.425743727076905,-17.193383986906362
2007-10-02,,47.97667015735854,44.015454812384355,-14.243885111133665,-2.9106960950764007
2007-10-09,,52.656253965031595,42.6880451337705,-20.395637115718063,13.319583017531652
2007-10-16,,52.19429145074206,41.56759221483597,-16.91075354524512,35.67934204617966
2007-10-23,,50.87051103740951,35.22788176384415,-9.489317074904902,46.98718880421918
2007-10-30,,49.98220911909724,34.51338967926931,-4.4814911577373175,59.108855525807435
2007-11-06,,45.9112503790559,34.922048997772826,-4.118199786151703,47.2880533121497
2007-11-13,,38.462108365300715,31.577870157277616,10.89052394543217,33.290552168713354
2007-11-20,,29.48152611541727,30.816757613096286,15.73477425999824,17.940555396385786
2007-11-27,,25.81038503302063,29.861675064271967,16.27010915284514,13.008588387439069
2007-12-04,,13.439747412734608,29.273592057838183,17.411537538120463,9.554546406572797
2007-12-11,,15.690494405259308,24.42374468642693,14.135874189210206,30.686165471654952
2007-12-18,,19.19880620640757,20.743182499250825,7.562563696070661,74.37317233174333
2007-12-24,,19.03253745620952,19.469560741903305,2.2290357878833325,76.0782734910528
2007-12-31,,27.700423973790713,22.02546553620036,0.5071329349767381,65.63283390660526
2008-01-08,,19.918985131103405,28.91283034003298,19.3373102288091,59.72290521904599
2008-01-15,,9.489532794798782,25.41312859104083,18.365523233998854,36.43441027637213
2008-01-22,,8.887679733265415,12.884653994541182,21.645250067250192,29.328682455174103
2008-01-29,,4.724608665999318,11.958675045265737,25.67301442554884,49.52767011580083
2008-02-05,,10.943210720926754,6.297933772444284,24.275378401171825,59.492552594207204
2008-02-12,,20.195282002628797,4.959031989248607,18.80103453048232,69.7453507265826
2008-02-19,,12.495032108268664,7.043027976073787,21.26437992943349,70.00486699874419
2008-02-26,,23.787849881442316,14.609164172654594,14.538107998100536,70.68278075107574
2008-03-04,,30.85620327835506,14.146190560367685,22.08476059311227,66.20315524016186
2008-03-11,,24.59993537744673,11.868810467753251,21.42658788647792,58.25689160681694
2008-03-18,,16.420349636613633,16.323227100951538,28.80411199504081,85.8139467842832
2008-03-25,,2.202959531491802,26.145880454317606,33.52728160475241,86.31735556423662
2008-04-01,,0.7206291301617678,17.521591600822077,27.640772491358625,86.25700954582423
2008-04-08,,6.159794298155065,16.867808187777932,23.5995199763276,83.36319112356792
2008-04-15,,5.242450223873488,11.465466082351867,27.024347375418277,84.14492138007807
2008-04-22,,16.43874509061657,10.618807988677466,20.31238240793808,85.10696731124037
2008-04-29,,7.5673142554427,-11.141719112635123,33.21552653648017,77.95655533613807
2008-05-06,,27.64560758092216,-6.131349661384062,28.82056558918497,82.65358465985425
2008-05-13,,27.09832576225271,-4.58123137171684,19.387351438743742,83.32533972821743
2008-05-20,,27.162927419703454,3.213517347638598,24.214574213364937,77.74402540009439
2008-05-27,,39.276759128663215,-1.525371106141531,19.397977727039745,78.74154464923798
2008-06-03,,37.2401664237618,-6.267099677843153,14.207620368005642,65.58307122665923
2008-06-10,,14.18233158531666,-2.95904431502441,3.8127804241693517,56.648807280168
2008-06-17,,-0.7279881194788493,-7.034894287272066,3.625637597187144,85.64573634405912
2008-06-24,,-5.323450933886748,0.9723306739093532,-7.771850135658324,84.2530767778369
2008-07-01,,-11.226163037370853,15.389276482196959,9.114568503058122,73.78374332618132
2008-07-08,,-6.5128188293996,13.624007581819523,3.0354333401737463,71.92029887920299
2008-07-15,,13.207004570430852,12.558299189259873,23.414426707540468,67.5099854417858
2008-07-22,,21.92298061996094,2.3736917291041078,5.6042814921319595,80.77371137715966
2008-07-29,,-2.3139133570287953,-10.816831518078075,-3.5091836677674775,75.33930808887528
2008-08-05,,-16.091205211726383,-5.892920635514718,-6.015894989492974,63.841079486749265
2008-08-12,,-20.90644964260363,-13.284781345095224,-6.350720441755903,47.801241295791705
2008-08-19,,-22.137705434911126,-13.26921573226992,-10.863828868167262,47.35663124605871
2008-08-26,,-13.560080169974109,-21.87071041931056,-9.54871902762769,50.27720221761774
2008-09-02,,-14.372285875512157,-23.628699727147033,-2.439107345017079,41.63672845404166
2008-09-09,,-7.013994267408531,-19.92692585380795,7.16281002919059,28.879896626768225
2008-09-16,,-7.047905347637828,-28.599769254579734,20.131231410775506,34.46435682994823
2008-09-23,,-20.202534387523016,-20.42927997263554,22.543532118833685,13.239836896083034
2008-09-30,,-19.247858500843783,-16.700723859661274,26.904219926457714,21.825447279992733
2008-10-07,,-18.15007248600544,-10.373829178131688,25.197622829946265,19.64525824566954
2008-10-14,,-18.194211302711228,-17.120755360900972,22.48708481535234,6.896781798367547
2008-10-21,,-11.122776790681813,-16.635698840608057,21.70601291364003,0.9842384197122995
2008-10-28,,-9.128919214581055,-14.993806771263419,22.25283177178017,-6.928703292594583
2008-11-04,,-6.952600963010382,-12.636786000660345,20.45868725868726,-10.406537469469743
2008-11-11,,-3.3062987793695107,-12.113895644613631,18.839833361516348,-5.656903360224822
2008-11-18,,-7.754392030598353,-10.51229098660982,18.6084167347757,-2.2922284873743566
2008-11-25,,-7.483943366043502,-12.460694104405741,28.326448485587548,-4.845380656951859
2008-12-02,,-10.958331922195505,-11.673351905582079,30.866800005755643,-4.609593199757134
2008-12-09,,-10.17224494498531,-9.295218550284968,26.050379684329062,1.4788349147008022
2008-12-16,,-7.900436701673048,-5.5499250349697204,37.458360489535806,20.920655257618744
2008-12-22,,-22.95141987597538,-3.0747557910009617,38.065673682112035,13.417268866870296
2008-12-30,,-21.809642157585458,-2.6589432277446288,41.42136963540585,-4.144540862582567
2009-01-06,,-26.027731392010807,-1.9172088667882916,42.11510530137981,-2.55382147924249
2009-01-13,,-22.101888911023778,-7.955609266225256,41.679818779360154,-23.35454146555507
2009-01-20,,-22.29576861929803,-5.754893177642468,41.609599632414664,-35.951269035532995
2009-01-27,,-23.041985496759096,-5.565795145443465,42.59144990135839,-35.439828359664524
2009-02-03,,-18.765575800987897,-6.223187768122319,43.152328968386165,-22.696991655174028
2009-02-10,,-16.90317256826253,-6.556925317709735,40.839898455283794,-25.091018763868245
2009-02-17,,-17.883216734778692,-9.773222244732578,33.296223029856925,-25.864982655874766
2009-02-24,,-17.417179397619496,-6.040035230043798,26.34193459362495,-31.00640538486592
2009-03-03,,-22.69721134562124,-10.56848219821819,18.20854086715114,-35.34555134637043
2009-03-10,,-23.112761570619796,-5.67567867404786,16.581301526048062,-26.74314660309893
2009-03-17,,-25.484416731397438,-8.137598242660497,-6.660331598281021,-15.727309093205887
2009-03-24,,-36.49653078158931,-4.834923418994215,-10.957767830327645,-2.584274802177194
2009-03-31,,-39.84299001621299,2.1694571089230297,-12.352657067891968,-6.677473096492413
2009-04-07,,-40.04019306411996,3.41121330655108,-8.317288264517815,12.776886035313002
2009-04-14,,-29.310914922461397,5.147547643669671,-7.431386176036676,29.77466175815415
2009-04-21,,-20.154165807546512,1.4970144077091085,-18.453142895641044,52.73418342324669
2009-04-28,,-11.379172880154734,-1.9089804037129807,-6.046161565479177,48.94239008081181
2009-05-05,,2.700600729457198,3.040589339881554,-8.622263377207487,39.790785291827156
2009-05-12,,6.693938723864279,8.365529040393898,2.7861718139285254,44.569008470353765
2009-05-19,,6.269719278375536,9.763134404488651,6.651589729945457,44.62302006335797
2009-05-26,,12.892695033875187,11.18278952618096,8.28180257688251,47.353239571107444
2009-06-02,,7.277101519649499,4.498556329633652,9.921727562416855,49.95376109241879
2009-06-09,,13.242097737833836,9.970600532243186,-2.4581136997872273,23.689673512103898
2009-06-16,,13.034973525344846,11.719483347726504,-13.592494999841264,32.942058587791195
2009-06-23,,15.260984761879143,14.755625566367709,-5.429760017344878,37.97509339975093
2009-06-30,,11.51286381245654,14.983336378903768,-1.4249550873754695,53.55841272777727
2009-07-07,,8.170492948086444,8.313782400128996,19.028191560318376,63.00255110278684
2009-07-14,,6.904753535566569,11.91145467322558,30.47666606137643,29.65948454282042
2009-07-21,,18.361830175875763,24.245889522640745,32.716752554018626,26.02933667548624
2009-07-28,,31.587755235104268,14.878184725053904,26.808900263654316,53.308038471719755
2009-08-04,,34.75948020366289,19.60835376925136,13.252019325601427,57.87947615135553
2009-08-11,,35.329378772557156,12.909493019612661,1.1662467800832224,62.31211345839816
2009-08-18,,40.09247664001541,4.490755249138201,3.2391729302607306,71.71662064665539
2009-08-25,,40.359092881725424,14.124258653255707,13.464739884393063,71.3589250279521
2009-09-01,,37.093972751060186,7.041945535623638,30.07759862459923,38.44638081711515
2009-09-08,,35.03673251874691,12.030742339433322,35.40074100426034,5.380785933693464
2009-09-15,,30.55049040477472,24.158773001426297,34.253669343672115,-2.528524179501732
2009-09-22,,38.79893098569407,23.377278515665854,38.195520200962946,8.527808069792803
2009-09-29,,25.64106174751813,24.113320356794187,37.606894932760994,-18.55985506255555
2009-10-06,,40.59113859420208,29.872189515326724,37.097390726275556,-31.013097537421537
2009-10-13,,42.92624176848812,26.073494222190156,28.00372946275577,13.697379077421466
2009-10-20,,39.13649275466542,21.15966199035768,25.85177816463566,66.06963268042718
2009-10-27,,35.584884829628145,19.945023604655397,15.222167226752113,73.50368096134166
2009-11-03,,28.190745029917004,13.761263076951698,18.02384760796859,72.8250434444458
2009-11-09,,25.58688997776976,15.331441239524459,18.644327788382874,59.8753645070089
2009-11-17,,25.048545749726763,6.938053097345133,28.236490135654606,66.49674177026475
2009-11-24,,27.65928801427113,10.62335331408125,39.22386655844895,76.51349567572665
2009-12-01,,31.62135254693065,12.64651308840741,39.48502320934202,79.61692509021692
2009-12-08,,28.54056463020016,-0.2850067486920923,28.48721872697387,61.55143729965046
2009-12-15,,23.3177123617999,-12.45900149223206,9.466518917207535,79.62189989217016
2009-12-22,,28.582400564068344,-10.644130757800891,-1.084484682056123,70.50835015599192
2009-12-29,,39.53161916624653,-23.4453909761918,-15.651616833128537,66.8248552522746
2010-01-05,,37.37285456607844,-22.918254298613558,-16.128598977271636,64.06329127006273
2010-01-12,,41.509675219503876,-11.108768840638117,-13.887598699489086,72.5162905352468
2010-01-19,,38.91461782141996,-15.368903532501323,-13.971086976063807,70.5157409549572
2010-01-26,,28.24514363885089,-21.37497432127064,-3.627972191388678,59.69219080473932
2010-02-02,,18.568906302907173,-23.406179432570983,6.144029484452634,45.77877473919203
2010-02-09,,10.511521994378358,-28.944023255696177,18.65400633016825,37.56459797942176
2010-02-16,,25.13125468766742,-30.310851756256312,11.611137076851172,38.64977010205226
2010-02-23,,28.243349332697335,-34.355842934850386,1.3968548393657612,56.76261556431018
2010-03-02,,34.961695444542855,-30.51603497209819,24.365269461077844,67.24460552933243
2010-03-09,,44.17480268506594,-30.613409766593847,19.126474247506238,55.61511962064103
2010-03-16,,38.649380633130576,-28.28740950543883,15.83037323305451,81.11522236100964
2010-03-23,,47.76596788435752,-38.362512609646316,10.484661500521087,82.70249924721469
2010-03-30,,46.20693735087062,-38.16795941920073,-28.20951040514728,83.62365616010865
2010-04-06,,45.73932438942305,-32.18213066644964,-34.16184177588281,81.5328558127259
2010-04-13,,45.9416822576124,-27.295409918355897,-42.320627377147495,80.04193739346262
2010-04-20,,46.63631494376004,-34.29048782712647,-37.47506030195646,78.88058205150239
2010-04-27,,41.055266972279824,-37.35364963197341,-36.12788503411235,76.64482941930642
2010-05-04,,37.91487159300486,-39.60609171275797,-44.56035261438574,70.2527790467489
2010-05-11,,41.32457491072306,-39.60165374892642,-23.682790373593644,43.733127651369074
2010-05-18,,35.92179396888405,-35.65182380226669,-24.028899992291468,41.621394763226
2010-05-25,,19.46478367932682,-37.854209372761254,-7.2729080976635485,33.854618831976346
2010-06-01,,18.862494678586632,-33.90356963809551,-4.861845311738462,24.993048006673913
2010-06-08,,18.536207776807917,-36.696059791516426,-9.433125328922637,19.743490970066393
2010-06-15,,21.383844464074922,-27.395093835664582,-4.475959959619057,53.718961196749945
2010-06-22,,30.502216512147413,-31.677750502120062,3.9709019307553466,58.755935109469796
2010-06-29,,17.96723980059009,-32.633154966511924,22.764018458882507,63.57298866050325
2010-07-06,,8.744125749473342,-17.040462832792457,28.06672192291753,37.04760352135637
2010-07-13,,25.21683410760464,-11.984776454012573,35.4311151011858,43.81375068130499
2010-07-20,,19.712663682081686,-10.538506331534256,32.04734525059143,49.79187479187479
2010-07-27,,28.040084115553153,-9.190199532285641,24.014607327741885,56.49989402685484
2010-08-03,,34.43613870363281,-3.0906264691805627,35.85418689773661,59.77408969202918
2010-08-10,,39.01632509972239,-1.5925660332257678,38.30538909043132,65.62236468657339
2010-08-17,,31.097483879125047,-5.848694469990804,36.302807947982124,63.144846597214766
2010-08-24,,17.001137129380055,-8.801456927740295,36.44453642384106,58.338574011477085
2010-08-31,,-4.410988583650454,-10.6036917385841,35.88176504001323,23.05497014401124
2010-09-07,,0.4209428374527371,-9.193213027759244,34.67009494196515,13.672820602560737
2010-09-14,,15.949200511960774,-5.651300021681678,35.45846978267341,19.70775028328985
2010-09-21,,29.36744021118159,3.0436574049192955,20.379535770055316,33.63599265456029
2010-09-28,,27.523207584436104,18.590920810991427,24.236941339601266,53.884496807761714
2010-10-05,,35.55166812445333,24.438466915899212,34.53343439447532,61.44653412144009
2010-10-12,,35.35377187103859,20.982530985260517,32.940831349219884,60.83342741025062
2010-10-19,,27.253947566738482,21.272200253912203,32.8726271721053,59.572168463201265
2010-10-26,,19.434041596182617,19.37083638207008,30.83947086163747,58.54169862453342
2010-11-02,,22.292932858819377,18.654697253734806,33.167454413045654,60.5515525756048
2010-11-09,,29.009400978944914,11.38377141516076,26.08547130199623,60.7258693599376
2010-11-16,,30.85474407442189,4.3998404891665555,17.35598059240249,63.145309335266184
2010-11-23,,21.337797082756396,-4.430281693902954,20.978244098133004,57.862344311655235
2010-11-30,,19.108184946880144,-3.5541607414308833,22.549203796526616,58.61474691348854
2010-12-07,,29.323733249854346,-7.718363040701871,17.611337563240642,41.35778004908811
2010-12-14,,23.470212451947067,-7.019982150278306,13.25044220164395,66.07188725448225
2010-12-21,,27.32709707100138,-9.02610544653379,13.909983124611422,67.05119829453632
2010-12-28,,30.72432279660493,-16.313642860663414,27.108273963582487,65.67490737191773
2011-01-04,,31.756074131734543,-14.82550125889034,30.404800635103477,62.55787719091475
2011-01-11,,36.88368860055607,-22.36688382408269,23.08927304633536,65.33298936028831
2011-01-18,,34.368295822444125,2.1748450508910566,18.594266564014312,66.69673622099644
2011-01-25,,26.903536077490056,11.467357014811773,27.61676995739793,66.70471895003712
2011-02-01,,28.299076057846815,18.860813299957492,27.04925075611768,67.95905993383157
2011-02-08,,28.09948871500805,17.064866537945672,31.205981054330742,68.35538055323268
2011-02-15,,51.19228529633154,16.79427223440798,-15.879729116546663,72.79181178856906
2011-02-22,,48.60820709764597,21.935930802572774,-22.372919623274417,76.2577157919322
2011-03-01,,49.07016858247874,23.637050482341778,30.223856005741023,72.0970768648801
2011-03-08,,44.3831382537275,23.622877338814266,12.690575784589361,71.725558548566
2011-03-15,,30.128940509735298,24.268527833668678,26.35548077174567,75.34348448509863
2011-03-22,,38.81815572178788,24.833469433873113,30.811862455489017,68.89474719653748
2011-03-29,,43.01675508696528,25.955989861442774,7.025513812925272,68.08466230162105
2011-04-05,15.658372490388723,47.03559313452483,25.33415160621323,-35.83709131905299,74.96426884936251
2011-04-12,15.19413841052519,44.88107476306488,26.72047630991394,-40.648350296731344,74.92902970249492
2011-04-19,15.263889631570505,45.81187791013025,25.489127316541396,-41.44542311362819,76.95339617553743
2011-04-26,,42.51002238392388,27.421285140562247,-32.41540645206511,77.08990098083368
2011-05-03,,38.62306048499489,37.64739707267617,-17.99311597667081,76.25043721580973
2011-05-10,,30.62529840794218,25.29443001395481,12.761880554116278,74.54257320722792
2011-05-17,,21.307927965895644,16.62256070058635,14.859888065111694,71.08725996395225
2011-05-24,7.988183888239276,17.694706640608757,7.395336789567893,8.065361057382335,73.72701987653484
2011-05-31,6.341427912956988,21.011666958473267,8.13399432064302,-1.71793722440555,75.9615519539746
2011-06-07,,10.473239872976531,17.50471083255101,16.601851241537116,60.10515303164586
2011-06-14,7.65882474867862,13.262105055847845,26.20854848113966,26.214239598657958,43.69279059429743
2011-06-21,7.440592130892092,2.5072521472043685,15.736032559860458,32.899637633616294,42.103818749174145
2011-06-28,7.726943380602422,-2.017106972715461,18.005414669825225,14.448592580022485,46.57535631254422
2011-07-05,62.971599245441205,6.4369096039333,22.227253780959096,15.096785070757948,66.2338595692691
2011-07-12,62.31321611489519,13.737189134953057,6.691782409278812,24.418624725929252,67.53399097232703
2011-07-19,18.59898027045001,22.261243274881934,5.127721641137128,32.51370967119928,65.9943961024079
2011-07-26,20.855951919348584,28.058257703385685,9.275409657575263,36.92597817637405,66.6891592840092
2011-08-02,20.63507383457195,30.820127675553888,0.9243820849194115,39.51493740261136,67.9391891891892
2011-08-09,,19.923848268094442,-4.506703128489794,35.15228849746464,35.04009504009504
2011-08-16,,3.981296312397956,3.9815072426020093,37.49980199901791,20.573184144268613
2011-08-23,17.596798615617566,8.411036380311831,1.453232139382076,35.92446100733899,19.08253513248969
2011-08-30,14.351323234629925,12.998312149724443,-0.21433116397450352,32.65333629328936,18.750841902025055
2011-09-06,14.132995641418306,1.9058521842659584,-17.393981337851706,26.567108546980844,11.9193737064699
2011-09-13,10.802208862653355,-5.368687341890753,-20.589413988657846,23.067278186557562,-1.0153264749107704
2011-09-20,,-4.435342971143454,-39.42328682847447,35.68623462778108,-22.2207604262597
2011-09-27,5.349029916850015,-23.854851066793582,-38.3288717862919,33.66048420449846,-24.82129533803461
2011-10-04,-16.004970487729107,-15.117657833090723,-37.44673721579974,32.26002790891007,-28.440582433067167
2011-10-11,,-20.26353247387043,-33.06716494822263,22.826927701837516,-28.00882664204814
2011-10-18,,-20.146415977379462,-33.72049131606236,17.672326031985815,-26.53025321883693
2011-10-25,,-14.912594540174894,-32.4514153384173,32.77400734228577,-28.090704266298424
2011-11-01,,-12.366385460735474,-25.97425063465223,18.76489550508892,-25.093435010759183
2011-11-08,,-12.75344272501618,-23.442718572447017,20.20204200574179,-18.371974781370753
2011-11-15,,-13.886760186178579,-31.137345022735452,23.679455541259763,-14.211512261580381
2011-11-22,,-17.145821557711518,-32.71040974529347,28.869232672108897,-27.10087098296649
2011-11-29,,-18.75920715487569,-37.584816457726,24.384919322343773,-29.976673780336494
2011-12-06,,-13.4181711746471,-33.819610390068796,21.425332400279917,-16.019227372898925
2011-12-13,,-7.717855721938085,-35.53334960639531,17.381284848011404,-18.19395548067677
2011-12-20,,-15.418871302810839,-42.647516663728396,18.54158144326773,-16.15958470847085
2011-12-27,,-18.370320461531982,-46.32927810102093,17.03795348416153,-21.883786316776007
2012-01-03,,-19.514374222422617,-49.120902436436936,35.5855316628759,-21.237111706763578
2012-01-10,,-23.67744654826153,-52.74023577547976,36.48009881797557,-18.032217691469175
2012-01-17,,-23.338559394318487,-53.17282580525116,35.02231213184982,-13.289056927902571
2012-01-24,,-16.138916390700214,-54.335500237830985,29.177106555921636,5.205102656581108
2012-01-31,,-16.27316173388111,-51.59893622596028,32.76289696878595,14.266738395531558
2012-02-07,,1.776259607173356,-48.70590354642361,30.906045531953033,23.417899687596552
2012-02-14,,7.783817211300612,-51.0688517831375,19.168678383425622,25.811802113063944
2012-02-21,,10.918459717289883,-49.442309364403094,11.462560859775094,28.55582902901515
2012-02-28,,16.46247244659583,-40.42804166881695,-0.8111388308273212,32.01108663807185
2012-03-06,,17.73647382657337,-40.905179831354324,-13.08397318049097,31.898516303354903
2012-03-13,,15.458531957236081,-31.934982977396427,-21.578850893093545,31.83992057374171
2012-03-20,,22.286301153420762,-32.08617788693987,-18.474053617039544,13.926876599252394
2012-03-27,,19.358021872273103,-37.22300643986536,-46.47655965415095,46.39178722045802
2012-04-03,,23.34069483032937,-32.97843207223057,-43.2950752084691,48.097238348928805
2012-04-10,,24.568446759726967,-36.88243641523851,-43.80049710024855,39.37324226597027
2012-04-17,12.03457822475846,29.515449274687406,-39.928137802355295,-40.09419566061817,27.503609397558733
2012-04-24,3.686457120682965,32.7830450929955,-39.47112790070157,-40.616553808596585,24.757858440318955
2012-05-01,-4.79415811196952,43.072082239505384,-38.26469483735985,-35.74874063940605,26.865986364130123
2012-05-08,-5.274806344522316,40.49119024357376,-44.84965907356473,-28.97096769645098,23.05564747235732
2012-05-15,-3.8303963670467445,36.38717870060568,-48.74731547575657,-24.638305510680308,8.283348433933917
2012-05-22,-3.149644630513095,29.433095150848906,-51.86006137379615,-12.671627933149514,-8.515539962167246
2012-05-29,0.41823107266764886,26.917852573721035,-51.607215344022734,-8.053509994029172,-6.9322194838310445
2012-06-05,-2.8662581657973365,10.849327830789498,-53.362766666998496,7.115870873437343,-15.800800540624838
2012-06-12,-2.154839953721558,7.123973429504506,-46.23848994743338,7.061706009938145,-11.078664357352881
2012-06-19,-0.13963880096816236,6.22840260953437,-45.22317292495504,12.220266735557207,-13.364907327291771
2012-06-26,0.12549019607843137,9.681593805115789,-50.62938391627215,3.6852824003829707,-6.292584180902538
2012-07-03,-0.8042446244065904,9.33662516101331,-48.35670500745975,3.5561271858470396,13.171878886552246
2012-07-10,-3.067063401235981,4.311870067391607,-50.771507534301136,7.749173317636467,17.703500410615643
2012-07-17,-5.768524188609921,-1.1619518482537057,-51.74335144232554,9.130092113688981,21.87208931618856
2012-07-24,-5.850057951564692,-2.1897678774018114,-47.79452785235003,18.025217034804687,30.171874335498217
2012-07-31,-5.367419882474102,12.315743653667319,-44.63003634775684,22.38384399181096,27.814267416085205
2012-08-07,-2.164451241030467,17.50169323985429,-40.87319197003504,18.48279842682452,38.22058175407668
2012-08-14,-0.9371362048894063,23.122644713645702,-42.855632401233954,20.328928202547736,40.344257860055265
2012-08-21,-0.9347442680776014,33.81889502027791,-38.588144448665176,7.897043645463671,43.98263695617043
2012-08-28,0.18254231662794557,37.19192880946277,-32.55942935000401,14.424132116378042,42.71494928429235
2012-09-04,,38.85788017141723,-32.54390624850889,15.747251593944323,40.816958972401245
2012-09-11,-0.775819265143992,40.008169742103235,-28.156218340112495,18.555866332989844,39.529627090582196
2012-09-18,4.050541079741249,37.6704972070613,-31.349778577949948,12.009746860983068,54.97229214455544
2012-09-25,3.897736797988265,50.14900079022783,-23.006644898632093,15.332045434738403,64.19705955870657
2012-10-02,,51.3857639858808,-23.10864488129609,20.70321046205529,64.70871196967099
2012-10-09,86.75643183457562,49.65289496502988,-31.893153321818925,10.133237080397357,65.1791815805445
2012-10-16,65.95198495914383,49.48117340314357,-24.337038064865407,7.679130216303876,64.87915624910194
2012-10-23,65.98786828422877,50.02077461230082,-25.465085177225813,-13.268676851277938,63.77561342157741
2012-10-30,63.24077622548166,47.16543919525777,-26.274354020331884,-25.160566826383935,62.24019046113723
2012-11-06,56.268794108622274,44.923147180060326,-29.483368097486004,-24.824205209468158,60.3303824231911
2012-11-13,56.31014063656551,39.27729165552843,-36.107226107226104,-19.525944167612597,57.051602543364844
2012-11-20,54.96306696782858,36.24769197189662,-39.34093178609552,-28.395007155526333,52.30022899843317
2012-11-27,49.784862398567675,36.58656750558661,-31.723222694711605,-38.180944601931486,54.203049203049204
2012-12-04,45.76251318719962,34.1042051355599,-15.074972649462643,-40.87482238372356,62.36507279123045
2012-12-11,45.980166956131995,35.11373654449791,-13.071028222806408,-35.279278875260665,59.26109723804722
2012-12-18,33.566572378542006,33.77470193977865,-5.02682245548092,-45.33819446563139,69.63051981714501
2012-12-24,35.96239099722317,44.941652183166035,-1.258200018757003,-43.74338928489308,74.50613588745884
2012-12-31,38.4693824190765,48.034565418551956,2.4690763361720163,-41.36883965637716,76.13666270994355
2013-01-08,41.48358077013078,46.6121444280991,-4.136400842209307,-38.33311777335161,75.33191873052897
2013-01-15,19.547313574990195,47.450178280217806,3.4607069020168137,-33.447323023372974,79.44652229939969
2013-01-22,19.80494075564498,40.89478512455014,9.89590806214969,-31.681542835950054,78.98679666442048
2013-01-29,24.25610506874615,24.189419500852154,11.549845284541908,-32.438363648780935,79.57696789574402
2013-02-05,24.68337154711213,19.57660764278209,15.106115365632315,-31.424056883270786,78.12135967890643
2013-02-12,21.974210289406095,18.960238100336166,10.093669385472062,-28.509644896668465,73.4000683454509
2013-02-19,19.77022977022977,12.407959944167702,8.162314827870569,-30.191852126777277,67.0683125101037
2013-02-26,14.706427975141452,-10.941177071156192,-4.074303781547229,-30.206681675087715,60.29941428949518
2013-03-05,27.347310847766636,-21.10855778017027,-11.954098750852523,-30.318098025113873,58.11681653502694
2013-03-12,27.028154907634097,-21.431667670078266,-11.63091880833173,-32.50310253263726,59.02035649810131
2013-03-19,30.166938621814985,-21.144771337023013,-23.00882233830412,-36.9185966013458,69.98675462788182
2013-03-26,31.06054860321072,-38.94694958563107,-24.035895954606207,-40.35790598290598,74.16567807644455
2013-04-02,23.444079215451904,-39.56114005516396,-27.854632405001038,-36.52901676191723,78.05938320209974
2013-04-09,30.67121132669114,-43.94696684191992,-23.080239433999083,-35.216610916211145,82.56316393081798
2013-04-16,31.02068045363576,-44.36476906803186,-13.801545973467126,-43.532624652222744,84.28723445743798
2013-04-23,25.15583474269147,-41.72138017741147,-15.575934669690207,-39.054616703404356,82.76582799067053
2013-04-30,25.03734214457068,-42.018170220408365,-13.542930041595918,-35.90350620374951,81.2110945687725
2013-05-07,38.62967099918765,-34.839679493201984,-15.626033914733197,-37.522090079763096,82.574749938864
2013-05-14,43.77924186002101,-31.17376229979927,-20.188282268508758,-38.48032174662453,83.50333253987147
2013-05-21,42.65326058468943,-23.918434830531826,-30.524446254440146,-41.78013045043147,84.07386248456591
2013-05-28,41.20994651917539,-23.049922266367247,-32.036395016123414,-43.187799767977424,80.32698634233876
2013-06-04,13.115048793014894,-28.043260621272154,-21.44325871401096,-37.759372076573804,65.60765716909582
2013-06-11,15.871223527050086,-24.63957071001654,-2.892657189595189,-29.92316658731592,53.2528369949147
2013-06-18,21.839449664070237,-17.93118143575926,9.389165193994309,-37.75599221576247,32.78660302058064
2013-06-25,12.198991973119282,-9.68684835957348,8.200764466031345,-38.13725490196079,7.3470411233701105
2013-07-02,5.57484986614572,-12.820108241160042,-8.206503998694304,-39.53366196081061,4.38925119097174
2013-07-09,5.573746896477277,-17.00783692347223,-18.173658415203665,-43.349761672127784,11.72120027424837
2013-07-16,6.179286335944299,-14.971987749309031,-16.882668520057965,-47.01116598786377,14.453572064396347
2013-07-23,6.949849474998165,-14.01205715862438,-12.714818916369303,-46.72683578104139,21.117356570709386
2013-07-30,8.57035081101471,-10.300436917255979,-3.814188386101356,-46.96863991948396,25.6220723735008
2013-08-06,4.413746630727763,-9.772725144446422,2.649895508162605,-46.619473552676695,34.07584195173694
2013-08-13,1.489733508082132,-8.62368593487365,7.1154144417610175,-46.68581030245273,36.376019069366826
2013-08-20,0.852852362686689,-8.8140226445762,14.71841704718417,-44.226357851117356,38.23993226438059
2013-08-27,3.359067626753767,-18.71101715245292,16.118018916484363,-44.62320887532178,6.575858068170398
2013-09-03,4.8683088796159195,-24.182322100515915,9.297399851980881,-44.71910742318906,0.6371904347342879
2013-09-10,7.579462102689487,-22.42401403040888,4.921521578174121,-48.23261406704245,5.7047372954349695
2013-09-17,8.45622920701127,-13.128563932132238,14.6185353516842,-50.15335084300602,-9.15093070195111
2013-09-24,5.844813614262561,-4.744031298067277,25.875565895372233,-53.07160990782883,10.77391150687247
2013-10-01,4.466764245697269,-0.778118176188769,26.7678688344631,-48.27679225919953,12.189033959995992
2013-10-08,,-7.320927559747152,26.030190366824705,-34.40469519212808,10.125492012039825
2013-10-15,8.74504235420849,-9.608686380437874,23.473652696938945,-37.071138605500686,7.3000733675715335
2013-10-22,,-4.906875480259066,26.042374496205134,-46.94843662137598,6.2548771394385
2013-10-29,,-13.117590846871046,24.959794714462944,-41.05285320455039,4.2757584755383995
2013-11-05,,-15.353125293169471,13.123134062418334,-43.66287188468912,4.46274726032118
2013-11-12,,-13.52814580671195,7.342275904802632,-48.60084828044356,5.743588904077073
2013-11-19,,-13.409898779276432,3.8355586546490708,-52.38573182516304,7.331545089117586
2013-11-26,35.819614574393384,-22.228916127935985,-0.1773304971425515,-52.04699361674264,9.769538292702046
2013-12-03,,-28.527032867521456,3.6711570531395252,-54.404956621405,7.354624118029656
2013-12-10,,-35.77653506180059,5.273088381330685,-49.46478078320857,14.514227550619415
2013-12-17,,-35.001282489740085,12.090234028273906,-55.95141422083586,13.654527370129303
2013-12-24,,-39.12184736105625,13.39350390914465,-60.13631041980264,16.307694794436408
2013-12-31,,-38.88698779497709,12.636375278327433,-58.23145656152438,13.360102052173318
2014-01-07,,-38.57406817457789,6.077042377499266,-55.99158831401311,15.047689046902775
2014-01-14,4.322248549718114,-39.2980101534691,3.7981547359859347,-54.07834228028069,12.139152905361156
2014-01-21,4.3566280670499635,-41.501628741384195,-1.4774774774774775,-52.84397006637616,-2.9948325106073863
2014-01-28,0.11175860142093079,-39.93855509051357,5.501171400197086,-42.45618528771415,-26.54639756455068
2014-02-04,0.2860446716572333,-37.540856031128406,-4.964507962910274,-38.537627720567215,-26.181048607318406
2014-02-11,,-37.41579097749135,-2.46551165860723,-40.10792374067758,-26.677146787188054
2014-02-18,6.767333386038422,-41.972853249990315,2.9513316858868754,-39.8806340193045,-17.782252835686553
2014-02-25,2.7488546438983756,-41.40150792473096,4.681332596893482,-41.763398006311874,-16.779729582548896
2014-03-04,39.38146563397064,-41.552576632456656,7.706665615100491,-38.71511418940579,-16.353390865744572
2014-03-11,38.74163983155809,-33.96989045750102,11.298987640519222,-41.02737746211339,-4.939831924719525
2014-03-18,38.816501004274606,-37.37244488226917,20.03872290058727,-38.93590446208945,-1.1435569122162492
2014-03-25,29.022964853074328,-24.927577563303963,15.117152784929381,-43.52223907000253,-1.4276096601011583
2014-04-01,29.479048697621742,-31.359883356221285,12.780159569354995,-47.03179387044741,14.995525573070834
2014-04-08,42.33082031951176,-28.509340513229624,8.912212791511596,-48.10520641974765,43.35192701659621
2014-04-15,40.99522021167634,-29.638987659485462,10.227465813639084,-41.68572520519525,41.27248653091042
2014-04-22,37.77141493676927,-29.867657341184596,9.680048373951678,-40.58753938457453,41.50327304315453
2014-04-29,34.44399111473775,-24.5126993502658,9.477929396165958,-41.67278758440943,38.73380171740828
2014-05-06,45.150947119179165,-25.840849804149254,11.750712060444817,-36.34383247652505,32.695367177631354
2014-05-13,43.62419362661881,-21.406373322809788,-0.8111373824316966,-39.286126272714576,45.99052335985095
2014-05-20,42.908636516556925,-21.8804631065079,-3.4377458528928146,-32.63398030566864,49.915048935689136
2014-05-27,42.409370804203895,-16.778342782850856,-6.069308267439272,-36.2584449084879,52.84724601271364
2014-06-03,35.281964955237584,-17.448474381116867,-11.76326015950304,-43.199227026146076,52.88508241775133
2014-06-10,32.17305202224084,-19.1588785046729,-17.24330289835844,-40.857509423453706,45.05599344661891
2014-06-17,31.26650071660255,-16.287090893963345,-21.65932838042797,-44.46724659656094,51.16022426805513
2014-06-24,41.402846354923035,-5.155388446890777,-19.743926055129034,-48.04022744288634,53.742217512253276
2014-07-01,45.688782791458,2.418385111003428,-20.850257986606653,-37.50383435582822,53.74695769750821
2014-07-08,43.48409834689939,8.00824549803586,-20.132073741172153,-42.08674148754042,54.51196615728308
2014-07-15,43.301064039965006,12.03587416305177,-20.22976813954761,-40.578364823660614,53.11422643927144
2014-07-22,39.88023624630865,15.931046227203765,-26.14702124778485,-33.27552475174197,55.628664220338266
2014-07-29,42.51856082238721,18.505288739917958,-30.284561388760455,-42.43017246385227,53.115357064139296
2014-08-05,44.954230855101585,18.614275427074205,-33.96982617597703,-49.45361989777405,22.643050629729956
2014-08-12,41.78907125815631,16.51510841538278,-33.47740845429622,-42.207244717393564,-0.02650393680427166
2014-08-19,7.544839999162847,6.426245134641354,-35.01614286434949,-42.95255438527414,8.788383212325128
2014-08-26,-10.55750109436558,5.222194557409098,-37.41088478280843,-47.19575797329468,25.885010411887198
2014-09-02,-3.4719731590212297,8.67206370772947,-38.44777896867929,-50.79653758384321,27.14914561020415
2014-09-09,-1.060037669473717,11.296636263853678,-32.52179407234269,-39.38323475104059,24.807909058706084
2014-09-16,-7.005421846072467,6.841079120380866,-34.489704565801254,-39.94621461329748,16.397783480233553
2014-09-23,-12.43421052631579,4.003658695936235,-35.58581931482916,-47.441655341247625,6.9416266298349845
2014-09-30,-26.37314045671331,-5.1087540279269605,-33.543828325845276,-50.47582857643949,-4.919355923539461
2014-10-07,-46.43917240166223,-7.385530227948464,-34.349803597271034,-50.41365254977492,-5.15363024079272
2014-10-14,-45.274685655054306,-15.536229098596964,-35.721233555543805,-47.616514452499764,-4.144969648148681
2014-10-21,-44.898003006227185,-21.076636977586375,-36.2319631339758,-38.691131102625505,-15.285868314603489
2014-10-28,-44.89470664485008,-21.55393770957315,-37.543869188819336,-36.60601781446883,-18.63890123319631
2014-11-04,-61.61857727086193,-18.539915966386555,-38.47167183860126,-34.45190264167636,-16.633616294563264
2014-11-11,-60.80308270471937,-20.14477384849463,-35.32359432384434,-36.279308890216896,-17.730216773021677
2014-11-18,-68.36565413877925,-18.25485904558804,-36.27291645169057,-38.70019841103735,-17.345225791419985
2014-11-25,-65.86811490323647,-15.959098766517242,-35.475212694401286,-41.09837149966926,-18.482327892122072
2014-12-02,-77.60461076898784,-18.072372041827187,-34.47164641668362,-43.11401399382534,-22.49069076607673
2014-12-09,-78.62750023550099,-13.098039215686274,-28.651009393945102,-37.210166548154604,-22.797066978171223
2014-12-16,-78.65767602320841,-12.121258930295424,-34.40113425554973,-38.17862397610734,-38.33231609846833
2014-12-23,-76.56101377680955,-12.375478538135809,-38.90258432422535,-41.459132180781666,-48.47469555106787
2014-12-30,-64.27620523340826,-14.421219221441197,-39.40485898083071,-42.50073909340817,-49.282828828968
2015-01-06,-0.08223684210526316,-16.465430016863408,-39.60415519005273,-39.34545803960621,-49.15383500735962
2015-01-13,,-20.169899907621687,-39.73500684143495,-40.92369703705946,-41.397583012466164
2015-01-20,,-26.05011152815974,-40.13885249032786,-36.156592220525226,-31.117702847226425
2015-01-27,10.272068044272395,-21.2592487446548,-41.07945726953745,-31.918685300462553,-29.110799072592496
2015-02-03,,-24.037057239886682,-42.9363813923173,-29.206767894176885,-29.884395212251878
2015-02-10,35.180977114104856,-28.798901022947195,-43.82434327991913,-26.996028267374495,-28.156650139253465
2015-02-17,27.944988795641283,-29.424624151092157,-42.330598456699306,-24.116823462946133,-25.864522150890135
2015-02-24,14.396641520154036,-30.712457843984613,-41.21729894693391,-23.469901895889112,-26.782489224734913
2015-03-03,-38.39421273555416,-32.027129483122366,-39.114157551170436,-24.93744391318592,-24.378148570401613
2015-03-10,-36.497908307009304,-26.61638445434025,-36.472460294280566,-25.26149670975673,-19.264587465345144
2015-03-17,-31.846597206827756,-20.697961860558976,-43.108020324443615,-24.52823447142354,-41.3921446753093
2015-03-24,,-30.59654645791757,-47.93643562208482,-25.358235833526674,-27.341671101649812
2015-03-31,-31.012120744229136,-26.816482113592944,-49.27938470372771,-13.479980617315949,-19.208183247932627
2015-04-07,,-26.130517666106666,-48.74236907414452,-12.905660775743755,-15.174883499258632
2015-04-14,-33.12953415157184,-25.76378005830511,-46.82217684854846,-11.816831429595862,6.406847457107609
2015-04-21,-19.96021483986473,-21.333427969810963,-46.905662026616554,-7.6310396552088395,-11.58171993834375
2015-04-28,-15.327223026210001,-16.216321022506943,-43.28250740284383,-2.9205812451150845,-16.8891744947544
2015-05-05,,-8.254987388213712,-42.32060259897519,-15.678831089166659,-34.22803207255939
2015-05-12,32.142857142857146,-3.213674661845886,-40.75769376164255,-12.205632811853324,-19.95115328424066
2015-05-19,28.017492711370263,3.6906570693738274,-39.27831443371132,-9.49891650622901,-24.602470376681403
2015-05-26,21.387187551729845,6.0151917839682385,-39.76134856121521,-24.71717300114402,-25.200341005967605
2015-06-02,-7.459749552772808,-0.8324737872278217,-38.63465008414974,-32.945667886691474,-29.531637534438417
2015-06-09,-8.008621178605864,-11.569962710123823,-31.606267466898796,-37.94628143671541,-28.561214572185047
2015-06-16,-7.622251870758165,-10.353228797841847,-25.51999885761613,-30.74917374746978,-39.27128535089032
2015-06-23,-1.1515697375193001,-21.601130498894076,-28.748766020027386,-35.39273479960781,-24.908827630591013
2015-06-30,18.558860494344366,-25.545497129535825,-28.90224347398986,-31.030573118017116,-34.77047842039634
2015-07-07,13.42518989577813,-26.868728922936008,-27.971314651225043,-25.36758256653962,-51.57102365793559
2015-07-14,19.543147208121827,-29.419710902904697,-30.211066263033974,-19.12403513871395,-47.33043042456668
2015-07-21,27.518623625399076,-28.334699080396977,-30.792712841926235,-24.812850407747195,-42.93110902552963
2015-07-28,0.034477663399497614,-34.58406839462614,-29.057383919092587,-25.800242823903943,-45.25233283077299
2015-08-04,-19.965114718905138,-37.73363043618854,-30.823219212525654,-31.55132492925135,-42.937510139360604
2015-08-11,-21.684789401324835,-39.13162111325268,-31.884627519137418,-39.76674930463176,-40.60800662903309
2015-08-18,-31.893615703758748,-41.296377586665265,-25.9788430937493,-35.84866636438123,-35.241183434713385
2015-08-25,-22.421371731716558,-35.3704263145736,-17.6218808086896,-14.996275791106436,-42.35453108266612
2015-09-01,-19.544396310376328,-34.04656161785871,-18.643057310841254,-5.693526838820666,-40.277145205450765
2015-09-08,-30.41577769683093,-30.496827427080984,-21.201397750967544,-2.3817354993707816,-37.69237716283196
2015-09-15,-26.045670359484514,-25.038422063038773,-27.042772813987398,-16.14513400087909,-42.34613764313891
2015-09-22,-26.814617818331882,-28.186736948749385,-25.688064669519733,-13.344304239766906,-9.764192691870022
2015-09-29,-24.335511098486386,-30.29096829256048,-27.162781473780758,-12.62299867771055,-31.189963302623546
2015-10-06,-6.50304099039119,-28.773135211545416,-26.305812100495846,-10.30507085138775,-4.390239817792069
2015-10-13,0.3649485381555747,-29.065924657534246,-23.040146402836555,-8.142553554714404,-3.558728031747668
2015-10-20,-0.2454091563002454,-22.379238617228513,-17.518963523393246,-1.9747016784150293,-0.5135259055479138
2015-10-27,-0.29636629155570826,-15.376164706839727,-27.836053856907117,-17.89763131227833,-0.060748450182611304
2015-11-03,8.383883217438477,-16.292872129667554,-33.13109489915208,-21.435739777060864,-0.49380559511972266
2015-11-10,10.715701387359612,-13.32762727002084,-33.87444989774082,-28.55996105925654,-11.880057776123827
2015-11-17,9.700959187511755,-19.996473533871708,-37.58622347476311,-31.40094109752103,-21.081658852114888
2015-11-24,10.296958386537014,-26.865495123206856,-39.46777741292682,-31.24522752340281,-15.47685163146676
2015-12-01,8.270642719981927,-26.781726864861522,-39.538584962168635,-29.546162797577956,-13.630329825613137
2015-12-08,25.195376479947587,-24.646161970317518,-36.28624550188347,-27.65641828046575,-12.19720846465556
2015-12-15,21.048358451311717,-26.878672111711236,-39.5124457497709,-13.687202620033368,-41.79410319070134
2015-12-22,14.896309999026386,-34.25031024385473,-39.614742222648594,-15.385433818872704,-41.1442540658958
2015-12-29,8.696689735110626,-35.31315173379343,-40.08769104387798,-8.751936999872983,-41.062279973668396
2016-01-05,-14.455307262569832,-36.09027069203529,-39.45984451185812,1.8590257671936097,-43.23517513635666
2016-01-12,-24.293940224842338,-35.61251676459798,-36.74411019394335,10.467920088164862,-49.7804052917953
2016-01-19,-22.414492361768286,-40.15023224308109,-34.222778385561064,15.206329205941506,-44.19524222107216
2016-01-26,-19.88752008569898,-40.437545388525784,-31.627662986323642,19.9536518142403,-45.66382336987297
2016-02-02,-21.97632887457105,-33.31172710057066,-21.55597751145594,15.696049964389415,-47.26179380017439
2016-02-09,-17.861853523082264,-33.04804327076042,-14.349497312047287,18.2351179554667,-29.88079027824166
2016-02-16,-9.74987238386932,-28.425426208009686,-11.210543329372065,19.238508343876138,-47.945205479452056
2016-02-23,9.237786023500309,-23.391442556721397,-11.087160218066177,20.513957613668193,-36.296530271714126
2016-03-01,9.85178727114211,-19.155662541560083,-16.41213148669617,22.785550235211844,-40.022253089919495
2016-03-08,26.975007181844298,-14.787177295852524,-16.598225847777464,22.193052963477864,-41.37450127601452
2016-03-15,20.580217276315253,-9.942799063984683,-24.0551480281013,32.4726592615859,-46.21264981119685
2016-03-22,27.880199891950298,-15.161065486832934,-20.367241219820542,36.43329850226402,-43.35689548840078
2016-03-29,20.929251670477502,-6.112820107023809,-19.331394468175347,36.67561297979662,-37.404531159745844
2016-04-05,48.98459948987828,0.09208715051977026,-15.799641393896607,36.008295820321166,-27.994590417310665
2016-04-12,44.96897235127847,2.2133543687067885,-15.60585845563434,38.146557934472526,-30.33821269502253
2016-04-19,42.98870093396904,6.399411548363369,-13.57697438672543,39.95263719647781,-11.38952344064943
2016-04-26,48.554295757659304,9.909976874793525,-11.659905937683716,39.40225281008728,-16.48346959326836
2016-05-03,-3.341505852578298,15.29338629464574,-6.552442566602212,38.08665936147688,-10.657925222898236
2016-05-10,0.6970918200631739,20.738187793050937,-6.340114442080364,35.66738548707633,-35.078464987471975
2016-05-17,1.17655629621535,18.256814344295247,-6.461570149817342,37.07719512425351,-33.894143392307406
2016-05-24,1.2089510877095746,16.194492240829153,-10.81966183381776,13.801280086089855,-34.37038324498132
2016-05-31,-0.660235999250796,20.755149464898274,-10.571680451908877,9.480571760841922,-38.735312759007364
2016-06-07,46.36760619293371,15.914431389935713,-17.386078080878733,23.689564054086922,-41.66918423696543
2016-06-14,43.97490572022698,10.376397634361407,-17.35975808384706,40.04976555533182,-59.17485796735504
2016-06-21,46.18835677407869,2.1962304391614547,-19.327662255828606,36.13848386428028,-61.97421340075398
2016-06-28,41.93101628965244,6.946908455320079,-18.363165744070827,41.74905846265643,-59.69206871345029
2016-07-05,47.299102882229434,9.886346077909591,-20.77132433840987,42.261180584641366,-43.50107159828156
2016-07-12,44.94865235605976,15.035454784207301,-23.668095860378216,29.4830772283613,-38.17955855013815
2016-07-19,43.81846635367762,18.764827427871737,-25.685193042002545,24.84939949231527,-38.05978807332354
2016-07-26,43.949749894994085,19.630925058647176,-28.14753709050458,21.86665332240772,-38.88169816205022
2016-08-02,-0.40652110137881897,15.331750485646449,-27.504095112285338,26.61203859702864,-40.6620067714103
2016-08-09,-0.5262954220037924,13.26988842447062,-26.688600000542458,29.238193891420327,-42.59276670427479
2016-08-16,1.3608477412158393,10.009630045742718,-25.272854929966098,33.75787348181188,-37.866152100638516
2016-08-23,0.9967437058216186,12.714066465073167,-21.05734471657272,36.60928888780985,-25.094960081595328
2016-08-30,2.3888440980620502,17.81793884628846,-22.45486414704407,38.73996677397173,-29.126826232898924
2016-09-06,38.75594584705452,17.03096613359186,-24.63662114180087,34.19625710735399,-35.95333374376654
2016-09-13,37.47836556550531,13.681863389906638,-21.46202558320865,33.97035974662364,-38.966034291674816
2016-09-20,36.80380742605412,11.882306638290428,-26.199830521531467,41.769102872003295,-58.28755594410157
2016-09-27,36.08214513726325,-11.04822600589746,-23.14530122682578,44.39775729844686,-53.58923634729754
2016-10-04,51.110957292171385,-13.507134015870427,-23.604387259343635,43.59539010242806,-54.53114087994413
2016-10-11,51.48288182038919,-11.253629737889655,-24.677512184046424,30.525818849156217,-38.08879442846952
2016-10-18,59.546373075047036,-14.925934045285146,-26.445424908575617,23.620272401616784,-23.67936236307996
2016-10-25,55.88055278162549,-11.73910362023242,-27.617393320861325,27.35218351324828,-18.15986528608792
2016-11-01,42.59737602618859,-13.173099144904091,-30.907622462891055,26.137932705118576,-23.223473078294536
2016-11-08,64.74504060710957,-17.614242146239864,-30.935845571964105,19.44647290784285,-22.16489997716067
2016-11-15,57.8436115970077,-14.81614249753051,-28.666608939944968,12.09356191545737,-29.36379421347328
2016-11-22,53.29779368847037,-14.715127204698863,-27.45096235233504,5.807634108394962,-31.1751497005988
2016-11-29,43.32487466732685,-16.235491539644805,-26.66428140164136,-0.13305568058722567,-35.070559391509704
2016-12-06,36.396486825595986,-16.924381809877993,-26.441878232930243,-14.385265879660047,-35.65418095489317
2016-12-13,34.97632693745328,-19.138843915459677,-19.548158390275177,-22.234413230788647,-37.027832363631696
2016-12-20,47.69947152518571,-11.080316742081449,-19.531318429686504,-34.227323247215736,-47.91472054955952
2016-12-27,36.632577653817734,-1.7143715401450457,-17.10900929548093,-39.66800855281454,-43.05896977484775
2017-01-03,64.52744729035757,-3.919960304199451,-16.830715045923135,-39.41668180992186,-43.30608393869216
2017-01-10,65.61408789885611,-8.755185806337717,-15.8528655241178,-38.11149087298556,-41.15832329835426
2017-01-17,64.11191228496584,-5.439301344871245,-16.02062203377581,-36.75526087120783,-41.32320368815271
2017-01-24,65.93490780366672,2.5297768493783517,-12.630806834166973,-33.96945594999111,-33.76716979161226
2017-01-31,54.58541065337182,3.0383114269212594,-11.272103190552867,-28.524553287627022,-34.291232429323976
2017-02-07,70.68758526603001,7.219820306694589,-10.985683492269867,-27.30717346452944,-30.870244479162267
2017-02-14,70.15134378197878,15.46507164790174,-11.508305647840531,-25.105126862054956,-31.686383059338624
2017-02-21,64.48238610913498,18.691929867246543,-13.96474471925951,-24.442679426769903,-29.201975027789985
2017-02-28,59.92779783393502,22.21615156303067,-11.853533656909194,-24.445997595331423,-23.495571133851318
2017-03-07,57.40805940530679,19.796613844079648,-13.668681327516776,-25.093815085649275,-20.414028855977925
2017-03-14,54.893469599861426,12.165847408138157,-10.754861406019808,-35.18285491519736,-3.2177751618599175
2017-03-21,56.36937032706141,-20.485548550657725,-4.834319686661733,-34.95715612703913,-1.8561471792899007
2017-03-28,56.7993652545881,-23.18589306403504,-1.9378603067606206,-26.92136355812941,-2.4744303638776
2017-04-04,56.37373073270509,-22.60861109448866,-2.86850405187201,-23.563549555482386,-4.865920973987815
2017-04-11,53.591160220994475,-25.578267885960194,-4.509768468734238,-17.52385561117244,-6.162994802176376
2017-04-18,50.4593424948751,-24.34011155518468,-5.027764294954121,-14.96093155286641,7.283139460565001
2017-04-25,44.51481400596928,-25.76493619489559,-5.083867388797244,-13.159531587479613,9.042676154015302
2017-05-02,32.09659432100884,-24.756606397774686,-0.40323367550056594,-15.48578831059971,8.523848730586604
2017-05-09,25.445021718763307,-40.11007415816066,5.354756503092271,-17.87289554002166,38.85961108702178
2017-05-16,32.87457126731212,-44.65038294537618,8.711506073080834,-26.96867556514314,38.10243830803287
2017-05-23,32.28392977717758,-47.57901912589293,14.430523411073526,-24.446989559768667,25.720240632845435
2017-05-30,24.639839523433228,-49.026578720047134,16.075935404165197,-24.4587721719764,36.39848974560561
2017-06-06,24.00763800486055,-44.80142983791062,16.55023279320539,-24.396915969478915,40.95337878290427
2017-06-13,21.78957938190338,-43.4044533718737,16.66729917773561,-24.002335993770682,41.03559038931004
2017-06-20,21.888956277223354,-37.75968582570981,11.825907205703604,-29.072974860335197,22.52380667736492
2017-06-27,23.04752677754454,-34.41981112393775,14.653235470341523,-33.3959336980485,38.064516129032256
2017-07-03,19.87062367290504,-27.138317744125615,18.334848140574113,-36.14503099755777,40.269064679922174
2017-07-11,9.7981726442111,-5.341942693943439,19.17788779557747,-46.76044472988415,45.89126856467565
2017-07-18,24.26506734834333,4.744516935854933,20.46367692304245,-50.753186095148976,53.662316359665645
2017-07-25,17.255808392778864,15.007612925054982,20.228196826443043,-51.666666666666664,53.16323359046085
2017-08-01,18.366641528406234,21.31863058828467,18.07244988562156,-46.194766053459375,52.97166422526801
2017-08-08,42.919831846006346,30.501109422566188,20.315427451252514,-41.152014156433744,48.62179545745244
2017-08-15,42.16313162819713,26.74064970368596,17.15186477059297,-36.02770933097773,39.921461010400314
2017-08-22,41.162208033621596,27.331514762516047,18.942178298829788,-34.385515439275586,40.032151044293805
2017-08-29,27.356024786349888,27.720309909383833,18.435480399823568,-32.64757730239649,39.353532731056475
2017-09-05,41.593797571423515,26.379743598569974,20.71214741025575,-34.21435272045028,47.199684260817186
2017-09-12,37.211815561959654,22.1553891309212,17.65563932912756,-28.585041208517094,45.33189715295321
2017-09-19,34.19700482486371,19.66981873121881,14.556213292260871,-27.688937804825414,35.23749776766294
2017-09-26,26.277018289303527,41.01136257441744,20.54643204205905,-34.45100605030493,38.07053281558343
2017-10-03,47.743955094991364,42.382223024545446,20.70678402327071,-34.28382795507293,43.61077398895979
2017-10-10,61.98479629409669,43.449723291831845,21.75916476612209,-39.909256898207175,43.99787318888741
2017-10-17,61.440254162499265,43.066987100437636,20.2653594361224,-39.397558025104345,37.62009877876415
2017-10-24,61.135342100882305,41.889583200616194,18.76418481949045,-41.40488254260709,30.85466439923114
2017-10-31,47.23372440763745,36.71338436734331,16.3713940560965,-42.80390052789641,31.158562033997722
2017-11-07,42.247415805268425,34.45289967909225,19.13877205477243,-44.40153367414981,32.11143612374527
2017-11-14,39.67769855335284,32.90786354377403,18.080035567563407,-47.94977928836363,35.18248667990706
2017-11-21,35.98278587739329,31.42497005487618,20.51054465116579,-46.970527049755,44.77580348688242
2017-11-28,16.364120713932337,31.432564351459828,18.096863958221086,-45.24487192069879,52.22964107647899
2017-12-05,-10.376157407407407,28.868992991114826,18.653881600564187,-47.995816479542334,53.83444137069427
2017-12-12,-9.725552891020516,28.10919443979233,22.51910057262172,-45.543357237779404,40.74939237178335
2017-12-19,-14.655942806076855,29.609345770277766,17.755373520968984,-51.19100902320252,29.624295726260822
2017-12-26,-11.991927156669483,14.881733714256299,18.51313124819184,-49.94492918237045,19.715730209219533
2018-01-02,0.7585853408508457,11.621159198605998,23.564838874944254,-52.81223434707933,18.089596598590315
2018-01-09,20.423247490858166,11.810821231204216,25.68175363862265,-53.84483409395052,16.17204884667571
2018-01-16,35.15921568627451,10.91723151545302,23.48166278924917,-50.50676033092825,27.12580647031204
2018-01-23,31.272667864727985,13.359273670557718,23.77542990357871,-50.95464799946918,34.168049479559514
2018-01-30,27.05103403177025,18.920569228420714,24.648195406489247,-44.07367130730834,42.39020489437534
2018-02-06,51.46076299663965,23.922806599559234,23.590931706360973,-45.244871291256146,46.124004053329095
2018-02-13,37.45964963185956,20.95103760095838,22.559651775064555,-44.39750932082869,49.24663006253912
2018-02-20,6.773678460374821,15.96815620857269,22.22351436213513,-39.93718458663108,48.26798067672197
2018-02-27,5.350202771206488,15.28713252746799,24.314713029748194,-36.74020968122068,48.88807855323377
2018-03-06,-55.66852618319237,14.043411475904048,23.850196401987336,-31.31501801122862,43.36880798908686
2018-03-13,-58.799116997792495,12.571369385931977,25.03253477073461,-28.4402029527552,44.30673264602009
2018-03-20,-54.75220191928487,13.626276076342654,26.709983016878486,-13.72792511700468,36.6199729369936
2018-03-27,-43.38390092879257,-21.20437727329738,27.441741935107352,-2.26366654735309,44.90539993098171
2018-04-03,-74.89647012423585,-24.9958826435781,27.22042955211606,2.400247281914822,47.193312534235154
2018-04-10,-68.2347876887126,-25.414657240753964,29.016497312103013,1.8260340471686882,45.735327674844186
2018-04-17,-68.37347551633266,-23.658464275126,29.75765767181631,1.758768386969773,44.50645258562295
2018-04-24,-59.372839642728756,-20.88268026510307,26.427793764696837,0.37555479685899623,38.236725482680356
2018-05-01,-48.6551815065483,-22.629770866892404,23.65660176706386,-0.8762793366471868,39.66759641317628
2018-05-08,-65.25718052069865,-18.514552635458614,23.393033241965167,-3.4662638980555416,38.14053144836701
2018-05-15,-64.39118553987315,-18.379587904403767,22.78970687805129,2.251990380084572,28.78475517305322
2018-05-22,-60.009946007388464,-19.256821287412393,21.078348519537194,-1.5782929110862671,17.114795018585344
2018-05-29,-47.62030124673273,-10.637648733855386,16.84686854347027,-4.690117252931323,10.092970259425005
2018-06-05,-71.27682125444568,-10.13093982326598,15.484645671340843,-2.346908117557085,-5.49733297707053
2018-06-12,-65.66758747697975,-9.547408988119884,14.714933092712835,3.027379447137712,-10.127031239791298
2018-06-19,-68.97196721714947,-7.360912681737961,7.552906733584274,-22.99648864143403,-7.19794508731462
2018-06-26,-57.95797608984422,-20.59811722444468,7.04304057268329,-22.28422958206895,-8.312237127992505
2018-07-03,-63.06537102473498,-31.228803657928143,7.543556045499055,-23.004276550249465,4.072765831457038
2018-07-10,-59.230352303523034,-33.15716220282877,5.099917084732703,-21.87778058506256,19.827185205023753
2018-07-17,-59.123544348130636,-30.067056298163074,4.368204969146887,-27.226769043651032,18.759031791907514
2018-07-24,-58.76258864854049,-29.391644270706085,5.96780526109148,-36.80591936216179,11.032307128975017
2018-07-31,-51.704036959098275,-22.50860944150927,4.567548692170231,-34.65019284694735,13.972397729847655
2018-08-07,-55.686820300362506,-17.17885382311949,2.083062229635676,-33.4254026034848,16.757693625425745
2018-08-14,-54.54140127388535,-18.10441933589026,-0.3397452575246263,-31.408676560801574,14.985966029109639
2018-08-21,-49.81001913282492,-18.548569781091043,-0.9097281339204002,-24.990247656801863,12.040563612825757
2018-08-28,-38.67141416958023,-16.785731214322958,-1.3643304782999826,-24.876000907705773,8.910279745091444
2018-09-04,-33.41901801370955,-17.39443790581732,1.5093474152686137,-28.01879717502846,5.679353989928775
2018-09-11,-63.48447546430194,-16.94742536515405,2.0290939741176985,-27.858427942180036,5.9320200944324055
2018-09-18,-62.94637453092846,-20.00225856594348,0.35817943370670563,-31.84231424276175,20.237072410485933
2018-09-25,-61.792677127912505,-16.87765171481158,0.7734143018868714,-39.335394844365204,25.115074517468848
2018-10-02,-68.85490394337715,-14.516268367194678,-1.4804730174879703,-45.20665776111179,33.98843558084505
2018-10-09,-50.367833926326206,-9.996789832824371,-3.3364888942170556,-45.46678033263081,35.69086359147435
2018-10-16,-41.63924856718319,-9.549685403775154,-6.252730135798286,-47.6402632451115,31.87488960574143
2018-10-23,-38.89072889862679,-6.12267371434864,-6.186648810094952,-45.12869390156728,28.131575119988366
2018-10-30,-38.775105871864085,-8.147129307726061,-6.47467182599939,-45.10789560490958,17.57864087765819
2018-11-06,34.83983354301752,-2.2634240308210933,-9.181427420603576,-42.54987992532931,3.8221473775701442
2018-11-13,29.44032243290281,-2.2877236698661463,-7.115754267261264,-44.143615414491,3.912567249766438
2018-11-20,37.473352488645844,-4.471351074645755,-8.816199900318644,-44.84324023948661,7.570284362737193
2018-11-27,15.638934896165116,-5.946720690177919,-10.22761461517604,-45.02332647133714,8.070580058132187
2018-12-04,4.49349278930707,-8.25263157894737,-11.140582581933032,-48.39023960147244,2.3617319019173735
2018-12-11,-0.10523759410669473,-7.224045069027425,-9.171072676763151,-45.81258360517237,6.214425374755594
2018-12-18,1.7188603720273135,-3.8944828594706387,-10.50481401432834,-47.829830407506,-0.6271919093059294
2018-12-24,-3.6670195070316045,-28.073746034737272,-11.501161822950381,-44.145898119024494,2.5014954989130276
2018-12-31,-14.629491714764477,-29.764115462366604,-9.219227409454016,-40.98666198016871,6.461467252950706
2019-01-08,-15.927840721592784,-39.52097242597527,-7.877445121417952,-26.597664451423714,19.304268722000337
2019-01-15,-8.336675643155905,-38.23213930156528,-6.22052672878115,-20.245099108135808,30.10983926346175
2019-01-22,0.2240617414576461,-37.14720879411959,-7.77842693901088,-18.66129100549014,30.804708073269026
2019-01-29,-0.7544006705783739,-37.30829793709393,-8.8098862414956,-16.280466369814857,32.42863347047039
2019-02-05,20.623090109562494,-29.700151196145203,-9.919292646239128,-16.29242332290743,32.16437961591949
2019-02-12,10.572308573884392,-26.58955033576063,-11.863497373878399,-16.55242966751918,34.18301384570649
2019-02-19,6.880118136662639,-25.548310194923573,-13.943907286247013,-20.35669454361683,40.675044483985765
2019-02-26,5.207690481841918,-26.538907066067836,-13.712772722455222,-21.301260219813276,38.86442024819937
2019-03-05,19.727164141572892,-27.597030405589823,-14.42834649738903,-24.775573079393286,35.848865354908554
2019-03-12,-23.715288860517077,-25.667910891027205,-14.112467487945388,-29.873555390667086,27.501245129346966
2019-03-19,6.108575313198019,-28.558960318504084,-16.08205773513366,-37.46409909282994,52.29056032135076
2019-03-26,-9.252262542834549,-27.420640145241872,-16.49082587653347,-39.531006395367335,61.09315898900328
2019-04-02,-47.10198338247119,-29.32579065766839,-19.92779029046627,-40.003698083372655,62.78312738917946
2019-04-09,-49.33030495340526,-28.889156368694163,-20.654238850130557,-43.152966163054494,66.23472361894697
2019-04-16,-46.91889367097054,-33.89524341393123,-19.632871334722,-43.54908058274755,63.85251268620069
2019-04-23,-46.522938650132254,-31.041582242905136,-20.762937197915395,-45.54110633043277,59.73151436362483
2019-04-30,-32.961964533928644,-30.24293986348785,-20.37784664098777,-48.98560418644226,55.98083163476451
2019-05-07,-64.55619429354992,-30.487643628766744,-20.551752724286338,-45.52570708123616,54.875241306334836
2019-05-14,-60.49149338374291,-32.14145807724,-18.891686159457638,-34.102551322733746,55.81911243517266
2019-05-21,-57.15798998080021,-30.022319841912967,-19.588779397119286,-32.30738611751759,53.94402504142884
2019-05-28,-50.38678379441458,-28.069263576102358,-18.5714179262963,-32.73278756110489,51.806370204982564
2019-06-04,-70.22455192620231,-27.478449694018558,-16.920421778488986,-26.45193969370121,51.31521335040687
2019-06-11,-60.94240091246079,-20.626585935733488,-15.98938855216374,-26.66379356148937,45.63677067427017
2019-06-18,-52.529037964665626,-23.676731241643086,-10.386542946459585,-13.39895979098755,57.612555735311524
2019-06-25,-51.70148709059392,-10.753000879724887,-10.786404474360374,-7.27701719031261,53.206201493020544
2019-07-02,-19.350737797956867,3.98296180964316,-6.091137685471332,-0.8804850920311434,45.86574144679986
2019-07-09,-0.35873754913559514,5.596874582933961,-6.878873142186394,-2.689760345373774,51.746276112253
2019-07-16,8.305531167690956,11.459119084319964,-5.850726325375853,-8.733423379174853,56.759774061357845
2019-07-23,10.044927244685844,16.409014018367422,-7.208252787829282,-6.882454401996403,56.35638393986484
2019-07-30,7.130033341882534,11.903900744199301,-9.588045980277927,-3.0379856239466445,57.98445827739127
2019-08-06,44.302647930408185,13.996536485633365,-8.068522860814772,6.8873990791584605,54.88862109589287
2019-08-13,2.227567799123472,8.827497031598709,-8.472286040678743,15.437602560662878,55.32355446378571
2019-08-20,-21.160000977254402,8.365792462637243,-6.996422294521431,20.143280185178,55.870902417415515
2019-08-27,-13.78588897213701,6.861899937704897,-7.390323102853932,21.288847220990487,49.33698502664749
2019-09-03,-14.58038692461641,3.1954168558388494,-8.983570830453749,17.543792937358987,48.85904539865545
2019-09-10,-70.50607986033576,6.294726261621999,-8.518296340731853,21.526846635005978,48.55877857944362
2019-09-17,-73.0441633661258,10.555659096355068,-13.622653356435487,18.22361386894761,43.43240856026988
2019-09-24,-73.40464065795922,3.7328174154791616,-12.08128735485822,9.000464703645811,46.37673886424313
2019-10-01,-55.700657848792545,4.832094824228446,-12.88798946739228,9.164361912287633,53.71265316723404
2019-10-08,-78.27341815387243,3.903603835274237,-14.65360117208601,7.340403548883808,52.86943454317209
2019-10-15,-81.02071329589381,8.694048122136586,-14.862466211121037,-4.210973514175021,48.495066495066496
2019-10-22,-77.89815459033231,19.607762543671647,-9.658591037659992,-11.406593406593407,44.40120290111445
2019-10-29,-66.17974296483553,22.945081091324464,-9.90169751339434,-12.048738118248657,45.93535190840511
2019-11-05,-80.44432102193835,27.997428479588557,-10.783262564437564,-15.022077174121712,46.95185162891176
2019-11-12,-80.49532134252256,23.180865788077224,-10.125771034560257,-19.07401351645956,47.636727069058615
2019-11-19,-75.014000700035,16.708246748360434,-10.819489379233463,-19.200855052207515,47.491610396315366
2019-11-26,-64.41617695895118,12.156558111741859,-10.617339441611202,-20.107773725964226,46.39206284606203
2019-12-03,-83.0751782242385,11.665217863740084,-11.700761195952037,-22.323933471195904,44.72025568767613
2019-12-10,-80.71829752151285,12.256897866078868,-10.464297813949818,-21.98389531957725,42.854471736734375
2019-12-17,-78.57826535120012,5.906850067033327,-12.100058387653498,-23.560317931540535,52.72416252865444
2019-12-24,-74.16518254674978,5.355274601994126,-13.49808936056033,-19.37253814787862,57.53581078378251
2019-12-31,-71.58170997671238,6.781619664590758,-13.333393114951084,-14.46109529851514,54.0630194354299
2020-01-07,-55.60498724851232,13.87766058232805,-11.091844443644998,-7.55610941799203,55.52426129064137
2020-01-14,-53.240107273821906,17.269711768447504,-8.434648194538537,-17.094249522742476,56.33266335418091
2020-01-21,-52.23661337316064,20.304778468260196,-8.076590101758267,-21.957569297422623,56.66077738515901
2020-01-28,-46.10010732754415,18.647000792457103,-9.830108234398198,-19.481502711998225,55.68826652022698
2020-02-04,-65.37508350753184,10.668390804597701,-12.624895325022113,-11.52047306646184,53.472064850725495
2020-02-11,-65.28878707401626,5.814371472734462,-13.988054418036588,-13.511366098791674,51.68741424060573
2020-02-18,-66.87441451430975,4.746262856865293,-14.81925935282848,-13.367807455642804,50.78976928200081
2020-02-25,-51.21079958463136,8.662532060964702,-18.22694117139281,-25.18445405173646,54.51284445844057
2020-03-03,-77.73847744463188,6.590825550896823,-13.53979108528524,-21.33223120501603,56.08614232209738
2020-03-10,-74.60567232400435,-1.135676212434228,-1.9217144478275843,5.126062038107687,50.12113115119127
2020-03-17,-66.93256125423461,-5.254536221517225,5.525270524862442,26.186898202259698,27.74999180085927
2020-03-24,-67.38161785555151,-23.541770643826574,10.732183944274592,19.000111470293167,19.92240965165922
2020-03-31,-57.33611036644464,-17.844268498099943,13.456589192245792,15.200798204040908,7.4626139107407115
2020-04-07,-46.25836846020332,-20.789973026556503,14.35450344963106,18.896243517854884,5.635567913684561
2020-04-14,-45.02717650424335,-19.833386200103508,15.940967423131214,18.419575527336917,3.047425734426859
2020-04-21,-41.487435410502144,-19.709932102992255,15.954677578974904,20.289696894100036,1.1755783086841107
2020-04-28,-34.476850299847285,-24.684684684684683,14.618167541764358,22.474362985365175,8.205381244013584
2020-05-05,-48.84591665932517,-26.86672254819782,14.08707885913475,17.89900159166546,7.093394532029535
2020-05-12,-46.20304135676726,-26.770607622890257,14.276605113195172,18.215426745778185,-5.064392965241646
2020-05-19,-42.08314815563008,-26.945633709713373,13.260454015489596,18.56394661260348,-5.785835146241237
2020-05-26,-40.75683968294554,-26.148834415359378,13.510935807697903,22.066991015577674,3.637787703951858
2020-06-02,-45.545268270471276,-25.793144244839503,13.925647600894093,20.523109680426852,6.783075342130589
2020-06-09,-47.815703420656206,-20.61199246216555,16.131991938136157,11.254261757294131,-0.6223471166790498
2020-06-16,-51.085620647275704,-20.282681012940298,20.372943912310696,17.37019491385609,20.21970382972496
2020-06-23,-47.31205288039158,-19.76435320456874,20.232960553174554,18.995634698268407,20.458999029040516
2020-06-30,-39.1768794585696,-17.36000067683613,17.068917338521885,17.37088860092311,17.176063668478037
2020-07-07,-43.145613641462866,-13.873261511556926,17.45994293332165,12.155039656431427,12.185003823065285
2020-07-14,-39.9490337651306,-13.361215651034101,18.333107431295478,13.54842048453753,9.511485733973254
2020-07-21,-38.019113203569674,-11.627647869866161,19.654926345306283,13.531110270103584,7.685584066928888
2020-07-28,-41.39287366959741,-8.96432491373559,23.20576171083929,16.742331252312518,8.112669325089236
2020-08-04,-49.19061265587484,-16.918184404198364,25.6283738251463,19.895801681353184,2.3339974473118947
2020-08-11,-42.535954279972366,-21.585272308872412,28.275000070775615,17.9927938248007,4.9706664222201855
2020-08-18,-45.6391572049935,-23.71963276836158,27.97287124493999,13.99548532731377,3.224271974550698
2020-08-25,-25.387328129333916,-22.629421798899326,30.07511962470014,16.00509647380941,2.8651126904758373
2020-09-01,-31.963515754560532,-19.218616567036722,28.178731071266423,20.28755088334864,4.497065493366282
2020-09-08,-68.13169625400798,-12.610995654638202,28.491477774464304,14.346798991725285,5.567635500408945
2020-09-15,-66.32109240355297,-11.504484868237899,27.132034993785837,15.370823036424197,19.683675138680268
2020-09-22,-68.01978216746234,-16.061039093600083,28.634238279022586,17.47759245144785,19.492678359835573
2020-09-29,-52.9154319580579,-16.641197238762715,28.680066838234396,15.659705113141039,10.36434324710051
2020-10-06,-65.745,-15.856015744434096,26.728821486348686,12.944106389243302,17.685665512040703
2020-10-13,-65.62762229132731,-11.122044015874577,26.098132829849963,12.06163655685441,18.91641700609284
2020-10-20,-66.80559257554096,-15.4746645465903,25.740886380100115,8.539294723976615,15.880206165764958
2020-10-27,-60.85716871832006,-14.761893090855617,24.428450731652163,10.073639526635214,22.202624972193092
2020-11-03,-63.70340209916757,-16.563110527495756,22.357324684510175,15.208578032053953,20.387840227424636
2020-11-10,-60.585817060637204,-15.645336225596528,21.171906421510094,22.828278425004633,14.246170593266465
2020-11-17,-48.953110492107704,-14.902572210754387,20.99864251833227,17.972048729955837,15.424321893634227
2020-11-24,-41.60361351859495,-11.96253452916072,21.448540568382448,22.41856682061024,17.395658944197912
2020-12-01,-33.33771008403362,-14.372509353666706,21.382117424804015,25.556697314833247,19.3982993674395
2020-12-08,-35.66361010627857,-12.676891478033363,22.89145695257635,24.914393304573622,13.825567029656003
2020-12-15,-24.487029555602806,-8.008969066911277,21.586464265820048,22.741404015166797,-2.2580171153079145
2020-12-21,-25.169509481936647,6.440097830737498,21.819896618493736,23.415885595265312,-5.77604436539835
2020-12-29,-24.698195553967484,9.949243836751606,21.302388322367687,24.35023193145937,-3.687702515043975
2021-01-05,-14.024765082989374,9.302861827777921,21.230023220871466,24.25071147982973,-5.4660240213460165
2021-01-12,-22.094591990132212,7.705760331897239,22.994253280468232,26.47646100067606,-3.6047710983576207
2021-01-19,-26.289646037236,6.695152077079187,24.162952780056614,26.111517176568864,-5.274642330256973
2021-01-26,-21.338729922893666,8.152946191739295,24.40746820345068,23.21305115002425,-0.630588172820986
2021-02-02,-42.477069614299154,10.177357655464576,20.281116769303647,23.372331734294153,1.902096417983698
2021-02-09,-50.40489942820654,6.013101594153508,20.831773423897218,18.824258704411612,0.9383700329030625
2021-02-16,-51.595533639403726,5.126015596549169,20.71827169665015,19.765148655903975,0.8645497850871285
2021-02-23,-43.96535076829706,5.472589112352279,19.853899178667156,15.619355296403215,1.8266908212560387
2021-03-02,-51.5703086722195,9.085951069720018,18.043936874578396,10.181222592064247,2.773622108854183
2021-03-09,-49.242792269511035,6.344538300650574,14.120032182882971,3.082135066975164,1.1070794502860353
2021-03-16,-49.84166928803607,5.490231742023838,14.081258010851721,-26.9734362902618,-25.856711491871774
2021-03-23,-53.43816800355563,3.146697909601036,14.54909982102434,-33.332087855973,-16.04712604835489
2021-03-30,-38.42848466443972,3.9695735053197643,11.430258819663289,-35.81229566924156,-11.072038213294064
2021-04-06,-58.68833584270658,1.619330837115785,10.506464427366414,-35.292435031343196,-9.601811938335647
2021-04-13,-59.963919269365206,1.447775384208056,10.30568183745169,-35.24853262085099,-8.340122128687709
2021-04-20,-53.18778900847076,7.650235351872708,12.213288192975032,-36.77796973851668,-2.425326026873759
2021-04-27,-53.74251190938644,8.69719147429621,12.04736992465093,-31.317546192880293,0.6199788173904058
2021-05-04,-27.993664800045252,13.18331241711844,12.522789442527793,-27.17650449317509,-3.0462904596157534
2021-05-11,5.818476499189627,19.127528409794262,13.46894985879454,-27.379858796357052,-5.916705622963516
2021-05-18,10.270201322307022,22.173175035943895,13.723714355215762,-32.92767261046876,-6.991818232074742
2021-05-25,8.535935573248892,21.020658986002175,14.089506298280268,-32.73975821823024,-5.7852027339814285
2021-06-01,5.928848022508738,21.30181649829444,14.731854694715791,-29.067005570944715,-2.285793099989342
2021-06-08,47.169544962589995,20.577315464910725,14.426657014178662,-23.091489677706818,-4.105474591861636
2021-06-15,46.45586953815511,17.4961255021033,17.011984649975098,-30.155961354025195,-16.5256724560616
2021-06-22,43.40748134417035,21.315468940316688,12.817571574141772,-28.26733842399433,-20.440539342551155
2021-06-29,42.94038735641821,23.257738869028273,12.49539376993942,-35.715745689787326,-13.469034513795133
2021-07-06,48.7361317625529,20.371433094550206,11.036871070643697,-33.66887275312772,-15.145226808807871
2021-07-13,57.294621216028055,13.27334762523023,8.667222099652806,-27.610478728887188,-18.363658272080972
2021-07-20,53.912583715192106,6.822215648572696,6.708194561358562,-28.981128543273307,-19.41166024642789
2021-07-27,50.04944915936429,3.0761129014716575,5.623237483923494,-30.562666367502626,-17.563918376034266
2021-08-03,56.82291919142954,4.372571200815901,5.634915810589022,-29.163716299764324,-13.796699986395703
2021-08-10,57.55681977412213,3.7674386079416324,4.822261279764364,-29.42643270541549,-15.66257950298341
2021-08-17,53.83590383306872,1.4989293361884368,8.296008013909198,-32.1677396371409,-11.97814522647385
2021-08-24,39.879280463754256,3.427081936240065,3.5258901691654247,-34.282203036862974,-15.664955332198288
2021-08-31,29.668893406912577,-1.6709790599569347,1.4857256314617577,-32.541404852602334,-13.728022963760315
2021-09-07,24.90465143710927,-3.524802646241188,3.775902998848915,-30.48646268985252,-9.702558989697573
2021-09-14,28.931910316869363,-5.283197122498691,4.257374805160603,-31.38925908958394,-8.967280626329366
2021-09-21,24.67721248396751,-23.51933720302376,1.8228566175196188,-29.32384304414449,-11.192009323241004
2021-09-28,18.180518319928506,-17.13871902156421,0.13052583049304936,-29.48487966563163,-11.350208526413345
2021-10-05,-9.96692200557103,-22.3570334864523,-3.220053316724121,-28.136002014321118,-21.162985742242103
2021-10-12,-1.3644011997951568,-21.79508241607798,-2.6459417052934655,-31.456753839017804,-23.076027341430184
2021-10-19,-2.1945769269252575,-7.097562243359842,-1.7819663300059756,-38.513214620431114,-23.48053181386515
2021-10-26,-2.0445814251296857,2.0818310079949836,-1.6543842063335754,-40.35226612982274,-26.632501138167367
2021-11-02,-45.059038959398876,2.6646350051858585,-0.905277689285335,-42.86818185439221,-30.426536892578543
2021-11-09,-45.72290582110743,3.298862461220269,0.5561877918769753,-43.33880462550445,-29.489132023977778
2021-11-16,-49.41606069191299,5.846732234567487,-0.5421582603323235,-36.823687113726145,-28.015543615007466
2021-11-23,-43.06618181818182,-2.086175345200466,-2.311696888370557,-38.62296019475697,-26.845524660367015
2021-11-30,-33.678012700420915,-9.486099410278012,-3.294542598690972,-36.39543684123087,-30.52692891339114
2021-12-07,-22.066151371287322,-6.034382697739202,-1.1587335052561178,-30.626304801670145,-32.03528947460447
2021-12-14,-16.664260449000217,-7.033937354665181,-1.79519457890227,-30.310220631540798,-10.56220249581886
2021-12-21,-21.248904611989225,-6.785424767453044,-1.5116647501855738,-28.456050026395562,-5.072563486434704
2021-12-28,-14.139738925743634,-7.451042597986906,-0.9853358147437964,-26.054147408912048,-8.795328946083696
2022-01-04,-3.813168899284145,-8.128552785826459,-0.22912986679799122,-26.5999624040877,-7.924975782476534
2022-01-11,-34.77981149676714,-5.322903060524929,0.880120417474604,-37.40304694344138,-3.5004522040029884
2022-01-18,-35.41965231478597,5.225603504195409,3.5532070497570394,-40.07481914577346,3.2415765130651346
2022-01-25,-27.039886833701267,8.410493827160494,4.621115393175509,-34.51094373957438,-0.5261685604294601
2022-02-01,-17.52937315392189,12.58874291779821,4.3353743848760855,-31.187800550312442,0.5164412247439018
2022-02-08,31.49510757120856,10.251501294694506,5.548080411599519,-30.104133796150204,0.9265811093648748
2022-02-15,35.31090238972774,8.403825570555536,6.777466465920373,-33.17638209853328,5.93919178281645
2022-02-22,25.846664622476922,6.594918213891166,8.512635607063194,-32.542269878301894,9.82200713372524
2022-03-01,71.4905195136468,9.85317789376128,9.019618736761693,-32.944605016560494,27.400041380023794
2022-03-08,73.58465820497501,5.1169483018236575,7.962759983220341,-26.76595601941701,31.854860514441246
2022-03-15,64.12143914975172,12.331176188457073,2.8218795513580877,-28.93022219747174,-10.293044214542235
2022-03-22,58.6796927942173,-3.980981545652349,3.6190626532102237,-31.61779220936182,-13.394327946217889
2022-03-29,54.01678201130631,-1.041235644853854,3.2266781398368094,-42.608198649967875,-5.226931340672713
2022-04-05,69.11492333383939,4.393825922494003,4.124540943264581,-42.86610766378908,0.5268886933160406
2022-04-12,68.0649825886797,7.8241843104446875,5.755908795517877,-45.5687175788397,8.50459054603337
2022-04-19,63.175201621476056,13.845872852278509,4.6307433067185055,-42.65453199676869,13.097706813056595
2022-04-26,65.5683598120385,13.440223478070571,3.224784987704245,-40.14159961343726,12.83824298636184
2022-05-03,67.89387317421891,5.909843630341866,-0.9177955638442079,-39.55606660570693,9.624637175597138
2022-05-10,66.35964198535395,-3.580581289856896,2.3443860400597973,-44.6679445805935,10.870412978200678
2022-05-17,68.03893552420075,-9.562951479368012,2.8779757524988963,-42.39768262966831,16.507336594041796
2022-05-24,60.513317494060274,-9.159759725070032,5.491312357357061,-41.91421923997707,16.819760056457305
2022-05-31,61.11725514525396,-5.1548970418380184,7.400643054039475,-39.50100384808432,16.654999224780706
2022-06-07,64.53551837061806,-0.6345109426251546,6.917378231123069,-34.44639058236298,13.186184443799762
2022-06-14,67.51369206789549,13.241714654232704,-0.9006770792799372,-30.000473091827125,-13.365927802406587
2022-06-21,64.40065061430771,2.9311588252515226,-2.323147511306828,-26.804416808818942,-14.04857135388074
2022-06-28,61.60347380504766,6.38009874880772,-1.578025591536207,-24.592196176210546,-7.223462301587301
2022-07-05,41.380795540917156,2.953113391849875,-2.5011428198262915,-25.01240398397589,-7.301621063186521
2022-07-12,24.869620314860846,2.516206379175431,-3.7012980348400584,-26.840059229038335,-11.879700016870217
2022-07-19,24.67492697634976,4.687939472351915,-6.158281299974355,-25.811836181460805,-15.684035018840218
2022-07-26,28.1234241805739,10.936871454134359,-5.991076200945399,-26.821947569791334,-15.330342263812332
2022-08-02,-5.331697650278381,13.896541798593692,-5.675093546703164,-18.05928097424568,-11.946354633597794
2022-08-09,6.801145951885719,14.774515127466133,-4.9878826917466546,-11.084247721777944,-14.538286628629177
2022-08-16,17.130176737834503,18.203067833816636,-6.124511502068511,-12.632872315771523,-10.59974803836959
2022-08-23,15.832939479117435,15.212365327307856,-6.143990773358071,-16.027208299605174,-15.233369816368722
2022-08-30,13.28066440799928,15.287200075870135,-6.620921812962709,-16.812128081609522,-14.036156520309637
2022-09-06,61.71382861713828,11.15422222499019,-5.036733834203066,-20.68824529093456,-14.792052660912528
2022-09-13,63.884688457213755,8.307924790713846,-1.5947585969034441,-28.643030569793694,-12.178807406803164
2022-09-20,62.852427184466016,1.2824831268635304,5.083805505568796,-32.3964096105097,-16.236895453229078
2022-09-27,60.36831753978187,-12.538949101775156,5.16661519975785,-33.74384337127792,-23.879337744517322
2022-10-04,64.47328931572629,-15.096721415524792,6.820431628615772,-33.549811129972994,-19.40244967559474
2022-10-11,63.044003868471954,-17.82777777777778,5.865193916302233,-31.588077075348867,-16.32342241839259
2022-10-18,63.159651046384134,-14.050196346252347,7.517928268190967,-35.69750061491306,-10.329138790563205
2022-10-25,66.85684171936578,-12.658889810831353,11.235468015760762,-37.644581561792684,5.051625085372223
2022-11-01,50.02144486952941,-11.9922538560848,15.74891064700199,-29.979992738677357,15.571087165563663
2022-11-08,16.048634386365258,-12.513300125376977,16.109998173384717,-29.938180747718576,19.87000866608893
2022-11-15,38.425156589543654,-9.244882041888188,16.506024978940044,-28.21646824886649,22.360451091147567
2022-11-22,31.48335015136226,-8.652270924603968,18.08149243691555,-28.51364126014026,21.381080214084317
2022-11-29,23.823189942914183,-11.793288158414683,17.56987881157154,-29.51630987001156,21.475109916713514
2022-12-06,8.631793905120954,-14.836356797926,17.551160375356446,-29.53845602979089,16.32641943699184
2022-12-13,10.116993272886809,-16.081873070771337,16.138069358178054,-23.434553497470965,15.291814308759255
2022-12-20,6.33373934226553,-14.907357746728078,19.59755801908624,-22.457892481624313,-24.030531021698835
2022-12-27,12.188707158707981,-21.369108606557376,20.066530566855256,-21.792117179558268,-22.256644593321198
2023-01-03,74.2648800905573,-19.256807798841685,18.24571998370855,-27.153369256619733,-23.007888862134685
2023-01-10,64.91668910227646,-23.120070506692162,18.090149203324206,-20.129733420580955,-19.71044139041303
2023-01-17,54.39460784313726,-20.596769075000378,16.843278088378664,-12.982438285216723,-17.73676552637049
2023-01-24,50.489718135082434,-22.339899327882684,17.278080787685724,-12.482618955579532,-17.876070492013717
2023-01-31,29.955892143808256,-21.53431264134925,18.890651632029602,-11.902219057790436,-15.857447605970275
2023-02-07,63.89218576515181,-22.11654781080196,21.123863573821144,-17.72973565999671,-16.871087335063194
2023-02-14,67.33136593591905,-23.81204757847564,20.783558385205794,-15.91437798290989,-14.217358890911958
2023-02-21,64.62420894448324,-24.689919418549533,20.897381687255823,-18.285330467490596,-13.294610117792129
2023-02-28,66.81223624262529,-21.850185042732456,20.174933423553075,-29.332106954865605,-11.924028214601973
2023-03-07,71.51916773549951,-14.327628841700356,18.080108932753756,-35.638461502056344,-8.295992694684534
2023-03-14,67.70361855497282,-12.975562656236576,18.775883649515766,-41.60260760254086,25.393028024606974
2023-03-21,58.872151958694516,-31.8887672924208,19.64127105095079,-39.21377402652671,23.19812722279746
2023-03-28,55.043011508801534,-32.184708794227426,19.798472640497142,-31.848731066305547,21.089233060440197
2023-04-04,39.73158551810237,-34.592462959240386,19.193409138061426,-31.894334220591855,23.127917796512023
2023-04-11,29.429818578638656,-34.31630022744503,21.50771819724823,-32.35287464229564,23.25564404179148
2023-04-18,26.20511535570418,-31.104428208129818,21.446578302499823,-32.03760978440287,20.982973350566684
2023-04-25,21.358002742926804,-28.850486869671776,21.917964191170192,-37.35254644345554,20.251724808811865
2023-05-02,70.83416563461309,-29.28665801442819,22.257645697394857,-33.65780606514414,22.176110054373932
2023-05-09,70.30157697935294,-26.519791169900355,22.576728185111506,-31.683924101903685,27.416115658801836
2023-05-16,66.37173384946577,-26.669561710971184,23.684250503209146,-32.31229583821659,28.98593511968729
2023-05-23,61.424572083497736,-30.481347244643498,22.24182363084943,-35.62720848056537,32.946672490130084
2023-05-30,48.22965179039571,-16.63080763436018,21.37995360850012,-39.547026151448996,34.762361015174136
2023-06-06,56.07891016578846,-22.81148638595447,20.259294829577208,-42.72455285083071,34.606812037594175
2023-06-13,53.52268309153042,-21.926425564485267,18.553478334192846,-41.16785315521487,27.036342248850264
2023-06-20,48.879998490309674,-18.21939534833194,19.734398939123768,-45.12818793071648,44.33940870709703
2023-06-27,50.95310282544188,-1.6966829163637231,19.809239704257344,-44.87444538095768,42.62607672331031
2023-07-03,46.739898117120234,2.8966496890276674,19.67649639702064,-44.487033418092096,39.97162870537082
2023-07-11,67.25280068067175,3.165354891555967,19.042301129261904,-46.43648280754035,40.112956644336734
2023-07-18,70.47937523366427,0.3564318503670359,22.835486227098368,-39.076005057765926,39.70152012974463
2023-07-25,59.822614748423554,3.5359186674765817,22.9451274455987,-34.74794422595638,37.611379196656806
2023-08-01,54.22045195903105,4.170871394309529,22.784960988193166,-34.58987402571884,37.4495656513538
2023-08-08,61.34240521560305,-0.44196935300794554,19.686898792064845,-36.18897624092339,36.73011482140113
2023-08-15,55.85163331826509,-7.230068365995678,21.02815847246831,-32.651620865160474,35.82040666596793
2023-08-22,39.01580212985228,-7.2646511823866815,21.154292018771837,-38.60434224434338,32.193478175357626
2023-08-29,31.203912716328066,-8.902105643667253,19.60616312471011,-40.11904567899223,30.935179484602145
2023-09-05,39.955837228642714,-13.161974058842139,18.06147192690083,-36.19831261366008,27.440756560365113
2023-09-12,37.68194686722526,-19.29380873410724,15.203849634088462,-36.44509588191424,28.36882742236552
2023-09-19,32.17835415467041,-19.456181359303535,14.666286997927642,-38.22274881516588,28.839139673866256
2023-09-26,27.988054975894077,-18.593330603703198,14.071654623171845,-38.294390399127195,27.953583579983956
2023-10-03,40.54541466624424,-21.194237844628727,11.238509580273137,-40.32375602266858,30.353958567604064
2023-10-10,7.728848375914752,-25.91981355620355,10.98835872920734,-38.26927293921219,25.8583048263093
2023-10-17,6.845506168004699,-26.388783176940056,11.846031773411761,-38.373809906512015,22.48562452737303
2023-10-24,10.076961946593073,-26.327355789268566,12.132756863838969,-38.18534431545098,19.462807793142446
2023-10-31,13.93511063398342,-24.848887814313347,12.286858849836394,-37.45347528780403,15.72097368870493
2023-11-07,43.10647140955288,-33.79898584576072,12.765615861839615,-40.061918074070654,16.96731229275772
2023-11-14,46.52506247243863,-34.16858371431622,15.503592360024657,-47.57728400112506,18.959918534673026
2023-11-21,45.648307824962274,-32.19711879083681,18.200526697025676,-39.80853368969019,26.07889473032057
2023-11-28,30.235680328094972,-31.484984865381552,19.688834856657195,-41.888404446642966,26.45826515234159
2023-12-05,69.31449777201429,-29.24703348484006,20.137057816723168,-39.23852820002841,28.576208019357875
2023-12-12,67.97774087346677,-25.830750024547278,18.598394998920657,-31.497276584841273,27.54818377100723
2023-12-19,66.41111498310632,-25.36069193104961,16.36458148873821,-34.904808002581476,34.17341990496648
2023-12-26,49.045482244750986,-19.67730600956634,16.636409887943632,-29.47279091969874,34.653676490914904
2024-01-02,52.75646250134555,-11.454606561287106,16.619626226726112,-31.077145434194367,33.167924296515245
2024-01-09,39.424193902860196,-4.30177725187547,16.647597814807604,-27.932740552873454,32.605802305732624
2024-01-16,42.026889040163375,-8.065157411535079,14.199055778886931,-26.515524427004955,30.971674516933422
2024-01-23,40.11553273427471,-5.447408114066186,12.17551690530904,-29.068188551301887,30.032512327090807
2024-01-30,23.6423541572453,-1.4983435398052405,12.207065359387247,-33.24188423701292,32.147555733280015
2024-02-06,32.202695841590646,-4.83143681534868,8.490951391478857,-32.45332162039285,33.240815889009696
2024-02-13,34.7541808122721,-3.394027947176493,7.139257267549874,-36.61816462677943,37.866672698552726
2024-02-20,28.348375141553138,-0.5473596082858702,9.416598943096972,-39.54255855525508,37.721132007261694
2024-02-27,24.037854889589905,-0.8277071670550924,8.7840736781055,-42.85880380967145,36.638222256936984
2024-03-05,16.942563074215794,-10.798761003173704,9.377775389332323,-37.77758705091772,36.17131027929548
2024-03-12,17.598914122485365,-15.978429069003173,10.367134815805606,-31.41843862746603,31.599231622258717
2024-03-19,16.543162352035417,-16.109839023036358,7.367163378452929,-38.35107438016529,42.43705516454377
2024-03-26,13.652579798519543,-26.330532212885153,4.745778183477864,-42.232769928786624,43.01861225659768
2024-04-02,-6.263926238955052,-25.978972566959644,2.4596934829986172,-45.21020551815131,42.51916430590397
2024-04-09,-4.8060847678712495,-27.665782218444892,5.085190894737496,-49.97272550765997,45.12405877811552
2024-04-16,1.5284139100932994,-34.86565681230687,1.855311786177745,-50.019328923922565,44.60893708418461
2024-04-23,1.2484782552386873,-33.71599183230649,-1.5003657413735354,-53.52072035625151,48.49558008016252
2024-04-30,0.2842829310961791,-29.874500720852733,-1.038943916651464,-50.28789181957187,47.78505655772581
2024-05-07,-64.02197391023351,-31.942060283884306,0.7009731156193304,-44.99514771942813,45.49844438682914
2024-05-14,-62.32630121365155,-36.36252490490853,2.6118982585314905,-42.39901077263227,43.772305426927325
2024-05-21,-63.85850672364383,-38.73240337582253,6.350667068862821,-47.91231767419478,43.713083297799365
2024-05-28,-48.57651245551602,-32.74760685473958,8.659214516051403,-47.9778987857861,45.100686661022195
2024-06-04,-28.854686209112327,-34.481733587697214,10.103671680541165,-43.596394826556306,47.08332703898968
2024-06-11,-32.36622128611861,-42.12702554109315,6.1220882767985145,-43.404411258041684,43.23606463263534
2024-06-18,-24.586532598280176,-42.090662326650694,1.222501030154308,-49.72889467785418,30.567940584303017
2024-06-25,-22.85012285012285,-43.963984671577414,-1.2969033375532812,-51.11143114946346,33.57475997699961
2024-07-02,-51.13006662100741,-45.680450913783616,-1.4945948704260514,-52.662677914452416,33.78592213419426
2024-07-09,-48.656597321174125,-43.22471316190417,0.5685224066559333,-52.16532838139124,33.4521960548142
2024-07-16,-51.020384778448744,-47.153316888599385,3.8119309789280265,-49.17628293810322,31.232918311569996
2024-07-23,-44.81364106832272,-51.19138125467239,5.342979842921809,-34.86781495069714,34.88683433069439
2024-07-30,-33.405025484530725,-55.77935291710245,2.667320046935482,-24.232148335318044,34.469934330852276
2024-08-06,-60.241479611437356,-54.1990928622583,5.003695403395003,-3.7981246884795126,34.301254219669566
2024-08-13,-64.55023917708695,-55.5783851692778,4.043305611747958,7.326741464714053,27.088233862725694
2024-08-20,-64.12499056152626,-52.347702604171644,8.094743337230154,7.458957548616843,19.851028476479687
2024-08-27,-60.05419992743106,-37.157690995504,12.778468285068938,8.127971243546922,18.046066815092434
2024-09-03,-55.190954118873826,-26.785777090001055,13.51026798196974,12.581587845591272,17.823976608187134
2024-09-10,-45.28763404775754,-27.448459251061866,10.976454667011732,14.812198218392941,14.214260543935035
2024-09-17,-48.46457342594398,-28.514294178640203,10.272256235610271,28.496513137774926,5.911484645295612
2024-09-24,-54.24740497022813,-30.769266855566606,10.551364651795254,31.78159093316386,9.208059460380742
2024-10-01,-48.96765357193144,-32.40219584899372,8.19982393061562,28.93577981651376,18.56985496603635
2024-10-08,-17.322246910151367,-39.68528122148278,5.843100977237641,18.57182804992755,21.49373071910824
2024-10-15,-10.463460286458334,-41.27410744696277,2.604479096587449,17.23850387373592,18.138188192862838
2024-10-22,-5.431835786212239,-45.618092701740956,-4.38318947567379,6.159507663814641,17.15481471909951
2024-10-29,-7.274927148480769,-50.76573368288654,-7.602523897683908,-10.98612623619928,23.752880574759388
2024-11-05,-19.29951616382631,-52.07910434009873,-3.35394990992833,-18.733722991830746,21.63265874037331
2024-11-12,-10.232966439327436,-53.24340182801694,-1.167311510661508,-25.18627177051318,13.6633060423574
2024-11-19,-8.957961469809812,-52.69524678918572,-6.460030298706385,-18.445650505535504,10.063191153238547
2024-11-26,-8.38448753462604,-47.76440667452391,-8.415407938962035,-8.925881230133378,2.428370786516854
2024-12-03,-28.719860144473397,-49.131580975872964,-8.516144514775746,0.908705114678274,2.8490882100589703
2024-12-10,-23.14349446577818,-44.478797396253135,-10.391240739416673,9.370019720995218,4.933385604321068
2024-12-17,-26.85539108796593,-37.49135076360401,-11.283390410958905,3.2811700142563835,11.514249021044586
2024-12-24,-26.51493781254007,-51.08370767354065,-11.464014203884648,1.1513551215623754,14.188899179976055
2024-12-31,-27.196835153616284,-49.679093885536886,-11.419678606078216,-4.079315459653768,15.23893074620704
2025-01-07,-43.90669311781858,-49.99552084208169,-10.630865718259843,-9.502673494747148,8.904715021810839
2025-01-14,-45.698037057420656,-47.70851944982775,-9.995779717820348,-13.132724869614918,4.1978160436791265
2025-01-21,-45.41353983713875,-45.46775822817254,-10.252144408786334,-6.9336546640204135,-1.0894414495780531
2025-01-28,-48.16867922167303,-44.57776744214141,-10.761534832317565,-0.4423676587264978,3.7767222619848035
2025-02-04,0.4117747149906415,-46.23959606206626,-9.505646075478857,8.092759722479745,8.435143910626824
2025-02-11,1.514726507713885,-46.147915398242,-10.343199978165693,19.982510958092156,11.035452697245663
2025-02-18,1.1012828773944117,-44.75409582450224,-8.059257958948253,21.542308198447163,9.799443008555228
2025-02-25,1.5601217656012176,-43.16401298307005,-3.8599692720636907,29.156768513849315,19.079685746352414
2025-03-04,40.73127005095301,-42.25819915465966,-1.477876455611792,37.710311358153575,13.41469300513669
2025-03-11,40.72927918722448,-41.894905301804535,1.7937404078053059,30.010892513750118,18.06272663961
2025-03-18,40.90548373162965,-39.25537173930538,9.105605099445313,41.46246885189519,39.14287513204564
2025-03-25,36.990621476177814,-46.07684810369727,9.738064276425785,41.27224486302497,42.9502615325297
2025-04-01,28.865039281705947,-46.71289476520677,7.727029472576387,39.13524144979143,36.62147532638854
2025-04-08,47.99621264508442,-46.17037670901368,8.595881772947193,45.849830713497404,26.051714139064238
2025-04-15,56.522992149584425,-33.61337801221722,9.783624855603978,50.7172811488303,22.71882981193406
2025-04-22,55.8983035654259,-26.905220655095476,9.041310731446877,50.62666203527074,31.573336196780158
2025-04-29,54.697529974867535,-26.96213145468332,10.380136179630025,48.93213850799736,46.061562990998524
2025-05-06,27.96750700280112,-27.692952987248187,10.273767219845512,47.09383138150852,53.77579755732137
2025-05-13,44.76990030556499,-31.26143917687393,11.289562208851708,47.91597709174151,48.73103223222629
2025-05-20,28.704482175028662,-38.93599952014635,9.806137380490458,45.61078325814673,45.648793663539806
2025-05-27,37.07171519703673,-39.47012521274009,10.450628623576705,43.5032399585158,37.98382956084947
2025-06-03,36.037543740564324,-40.15908695346262,10.593330978235826,41.29663832484536,38.21124714671094
2025-06-10,41.31902098490264,-32.28784270496435,11.47724230336933,37.24150897716239,34.72969680862844
2025-06-17,46.65258749842061,-22.500941312953483,13.435406774526005,41.21811648290045,37.29697070979104
2025-06-24,33.738374855746386,-26.425738342097677,14.57303696399325,42.02378267099156,34.93990671070103
2025-07-01,41.95988980539247,-31.18264245521783,13.80394361713462,40.521112104655195,35.61665316363066
2025-07-08,48.557744747097146,-35.56818294706098,14.965123652504756,37.63677779541898,32.92917697982806
2025-07-15,25.401429171920974,-36.549921073401734,15.628321388523231,32.233390384316166,30.22893949628486
2025-07-22,27.67793108615836,-35.01480873092909,14.88119585462987,34.0675313059034,32.52557014312318
2025-07-29,20.966370719650822,-37.865862116798446,14.888055063078024,27.116053659055346,32.57674600391992
2025-08-05,27.54967184105011,-36.9654966976807,14.169680825064763,24.30686055403731,38.63402837306205
2025-08-12,38.33979077876792,-40.738730671297866,13.992111247412033,21.139470844024,33.57456537114097
2025-08-19,28.696259389272637,-42.14408287640531,14.389513571548886,22.23065946094641,39.66424470426241
2025-08-26,21.904069327030875,-46.225459987674974,14.608977517617236,23.64074925986244,41.717858179355716
2025-09-02,24.98832286157694,-48.36456271469275,14.139178548627367,17.684532732728382,40.69458301052855
2025-09-09,52.15697214860278,-43.68842858518114,14.312313803376366,22.308476895026523,34.547192443211635
2025-09-16,51.759362470261365,-40.164213950316096,13.765769514920837,20.49629530738936,42.825530699875905
2025-09-23,48.764126922676034,-54.10630296061003,13.308077722106807,25.654016063609053,47.403228280693384
2025-09-30,58.79780642404387,-49.9206881190386,13.87709497206704,20.105589919891663,50.14872749302754
2025-10-07,57.51728527208031,-52.25504135516519,13.839230386093073,15.175955481853874,45.71847262638589
2025-10-14,56.98659354052407,-50.97471880973904,12.879289579219074,12.185453913568063,37.90344750203372
2025-10-21,55.09415114130163,-53.26647553951817,13.369271205318423,22.89372466015756,41.40855249043011
2025-10-28,41.18371625085114,-53.82744394618834,12.721445698024338,21.161021345867674,42.19376080676724
2025-11-04,56.07835837238842,-54.44764544449147,10.991096487446958,16.31656004328591,45.756277311415175
2025-11-10,53.69419423632741,-54.43103537577045,8.852545788096599,15.495213284533875,43.17355891312171
2025-11-18,51.095119195678386,-53.55567528735632,11.971608737447326,9.457105045893837,44.24049084286288
2025-11-25,43.62701784849905,-53.697806591649055,11.325818184445014,7.699030253759944,45.873031937195485
2025-12-02,60.52581842055526,-54.563140688807515,12.741428410308464,9.223039110163375,42.02433792766581
2025-12-09,58.33587259024519,-51.85255768894818,14.72092524984249,3.7489042061295703,37.65964936985144
2025-12-16,53.02831136983729,-35.446165930932345,14.681363261484965,-0.7748650833993979,23.82745934709173
2025-12-23,41.85725950183935,-28.301494384644258,18.442910845018922,0.4289963659833593,39.602782246542745
2025-12-30,39.0259499536608,-19.183978860733717,18.116729887973456,4.916611913382635,42.636106367797844
2026-01-06,23.913722189794893,-18.553991039590382,18.463283114939074,3.0637957701197367,43.656835647297534
2026-01-13,22.628753734744517,-19.26909692925847,15.011904869680153,-15.349270328505108,42.90212194778401
2026-01-20,21.65842039999509,-19.56254067238772,12.678954943992155,-15.320549405858369,44.65471184660713
2026-01-27,15.639912692023604,-7.06237566240031,14.373577697425388,-11.28369346182239,43.37186217107477
2026-02-03,35.45199519093147,0.9849619887908551,17.942609482637426,-6.329835052836439,40.108559461984264
2026-02-10,35.54674335527646,6.173821249366388,19.465643498191138,-5.704169005338142,37.43439693654074
2026-02-17,36.62587966778673,11.824279467985258,19.031143755596833,3.656216838635389,37.15357062411391
2026-02-24,27.46828047994967,12.391153925647684,17.21257957152906,3.1210020528993483,36.74296328806962
2026-03-03,42.52924654101136,9.056373234437451,14.945761965818049,-3.975039390661835,32.653225567192074
2026-03-10,48.92847896750439,12.538142528225471,10.84658759157972,-9.676235276513966,29.03007586811769
2026-03-17,48.377034225008096,0.35761423675999887,2.796018465471183,-20.74762464492115,39.96054144607428
2026-03-24,44.82184300341297,-0.8763772032516767,1.2134313075477545,-19.135919076201212,44.443111185773596
2026-03-31,38.04365085093177,-15.055853697860286,0.06548382472033758,-21.10543449298532,31.33739691645751
2026-04-07,35.14916148714397,-23.11587430161796,-0.9729782734635368,-26.831495278684958,31.44099786640407
2026-04-14,30.543712465043782,-30.190775212336746,3.2983109118844665,-23.482265820784324,31.334010109116807
2026-04-21,31.427003847792033,-23.06058135524129,5.22677082094857,-26.85185711605483,34.608070666898406
2026-04-28,30.713832235536863,-15.227225056296724,4.456034837727562,-27.377809968345943,33.53175289842533
2026-05-05,50.94302209409629,-6.012887982837899,3.9466040478367335,-17.43986666854988,33.24094831968068
2026-05-12,51.82494443520464,-6.458899179614025,4.847011672616916,-20.744002077107076,33.97638776235083
2026-05-19,54.877049813758674,-10.66352086370729,4.057170597770753,-23.679120868036907,30.54011490136243
2026-05-26,47.035770318972254,-23.119109631340116,3.5701459797336645,-26.835621375446415,28.892951896419806
2026-06-02,38.08736258390894,-30.768400851344857,5.800641957019268,-25.628665526006074,26.783325411253927
2026-06-09,39.116432184564324,-31.268223663467726,1.5986102234405462,-28.870563777656784,29.83530049942949
2026-06-16,38.49635639696491,-26.986728071671664,3.839735500535951,-28.825805212883406,25.921285430583136
2026-06-23,41.884661117717,-42.81397655019541,3.839450423118691,-33.89648052339744,37.37637722319576
2026-06-30,38.85033481172276,-43.522655122655124,0.13910054222631746,-35.34256252492452,36.30185357665578
2026-07-07,31.2406955429752,-47.582088075482275,-2.041560931667407,-31.0919535899001,38.881070376662414
2026-07-14,30.88563912539247,-47.79903034772988,-1.5766202415274642,-30.935351589098996,36.596438424880866
2026-07-21,32.116003325741964,-47.715666618344144,-5.166856027227924,-35.89580836062634,35.611791293118436
