date,CNH,INR,KRW,SGD,THB,TWD,BRL,MXN
1973-01-02,,8.02,,,,,,
1973-01-03,,8.02,,,,,,
1973-01-04,,8.0,,,,,,
1973-01-05,,8.01,,,,,,
1973-01-08,,8.0,,,,,,
1973-01-09,,8.0,,,,,,
1973-01-10,,8.0,,,,,,
1973-01-11,,8.0,,,,,,
1973-01-12,,8.0,,,,,,
1973-01-15,,8.0,,,,,,
1973-01-16,,8.01,,,,,,
1973-01-17,,8.01,,,,,,
1973-01-18,,8.01,,,,,,
1973-01-19,,8.0,,,,,,
1973-01-22,,8.0,,,,,,
1973-01-23,,8.0,,,,,,
1973-01-24,,8.0,,,,,,
1973-01-25,,8.0,,,,,,
1973-01-26,,8.0,,,,,,
1973-01-29,,8.01,,,,,,
1973-01-30,,8.0,,,,,,
1973-01-31,,8.0,,,,,,
1973-02-01,,8.0,,,,,,
1973-02-02,,8.0,,,,,,
1973-02-05,,7.97,,,,,,
1973-02-06,,8.0,,,,,,
1973-02-07,,8.0,,,,,,
1973-02-08,,8.01,,,,,,
1973-02-09,,8.01,,,,,,
1973-02-15,,7.58,,,,,,
1973-02-16,,7.58,,,,,,
1973-02-20,,7.58,,,,,,
1973-02-21,,7.58,,,,,,
1973-02-22,,7.58,,,,,,
1973-02-23,,7.58,,,,,,
1973-02-26,,7.55,,,,,,
1973-02-27,,7.52,,,,,,
1973-02-28,,7.52,,,,,,
1973-03-01,,7.55,,,,,,
1973-03-06,,7.35,,,,,,
1973-03-07,,7.19,,,,,,
1973-03-08,,7.25,,,,,,
1973-03-09,,7.55,,,,,,
1973-03-12,,7.52,,,,,,
1973-03-13,,7.52,,,,,,
1973-03-14,,7.94,,,,,,
1973-03-15,,7.52,,,,,,
1973-03-16,,7.81,,,,,,
1973-03-19,,7.6,,,,,,
1973-03-20,,7.58,,,,,,
1973-03-21,,7.58,,,,,,
1973-03-22,,7.58,,,,,,
1973-03-23,,7.58,,,,,,
1973-03-26,,7.58,,,,,,
1973-03-27,,7.55,,,,,,
1973-03-28,,7.55,,,,,,
1973-03-29,,7.58,,,,,,
1973-03-30,,7.55,,,,,,
1973-04-02,,7.58,,,,,,
1973-04-03,,7.55,,,,,,
1973-04-04,,7.55,,,,,,
1973-04-05,,7.55,,,,,,
1973-04-06,,7.55,,,,,,
1973-04-09,,7.55,,,,,,
1973-04-10,,7.55,,,,,,
1973-04-11,,7.52,,,,,,
1973-04-12,,7.5,,,,,,
1973-04-13,,7.52,,,,,,
1973-04-16,,7.52,,,,,,
1973-04-17,,7.55,,,,,,
1973-04-18,,7.55,,,,,,
1973-04-19,,7.55,,,,,,
1973-04-20,,7.55,,,,,,
1973-04-23,,7.55,,,,,,
1973-04-24,,7.56,,,,,,
1973-04-25,,7.55,,,,,,
1973-04-26,,7.56,,,,,,
1973-04-27,,7.58,,,,,,
1973-04-30,,7.53,,,,,,
1973-05-01,,7.54,,,,,,
1973-05-02,,7.52,,,,,,
1973-05-03,,7.55,,,,,,
1973-05-04,,7.55,,,,,,
1973-05-07,,7.55,,,,,,
1973-05-08,,7.55,,,,,,
1973-05-09,,7.52,,,,,,
1973-05-10,,7.52,,,,,,
1973-05-11,,7.52,,,,,,
1973-05-14,,7.46,,,,,,
1973-05-15,,7.46,,,,,,
1973-05-16,,7.49,,,,,,
1973-05-17,,7.52,,,,,,
1973-05-18,,7.52,,,,,,
1973-05-21,,7.52,,,,,,
1973-05-22,,7.52,,,,,,
1973-05-23,,7.52,,,,,,
1973-05-24,,7.46,,,,,,
1973-05-25,,7.41,,,,,,
1973-05-29,,7.4,,,,,,
1973-05-30,,7.35,,,,,,
1973-05-31,,7.39,,,,,,
1973-06-01,,7.25,,,,,,
1973-06-04,,7.22,,,,,,
1973-06-05,,7.22,,,,,,
1973-06-06,,7.27,,,,,,
1973-06-07,,7.25,,,,,,
1973-06-08,,7.3,,,,,,
1973-06-11,,7.3,,,,,,
1973-06-12,,7.33,,,,,,
1973-06-13,,7.33,,,,,,
1973-06-14,,7.26,,,,,,
1973-06-15,,7.3,,,,,,
1973-06-18,,7.25,,,,,,
1973-06-19,,7.25,,,,,,
1973-06-20,,7.25,,,,,,
1973-06-21,,7.25,,,,,,
1973-06-22,,7.3,,,,,,
1973-06-25,,7.27,,,,,,
1973-06-26,,7.27,,,,,,
1973-06-27,,7.27,,,,,,
1973-06-28,,7.27,,,,,,
1973-06-29,,7.3,,,,,,
1973-07-02,,7.3,,,,,,
1973-07-03,,7.27,,,,,,
1973-07-05,,7.27,,,,,,
1973-07-06,,7.3,,,,,,
1973-07-09,,7.3,,,,,,
1973-07-10,,7.3,,,,,,
1973-07-11,,7.3,,,,,,
1973-07-12,,7.25,,,,,,
1973-07-13,,7.3,,,,,,
1973-07-16,,7.3,,,,,,
1973-07-17,,7.27,,,,,,
1973-07-18,,7.27,,,,,,
1973-07-19,,7.27,,,,,,
1973-07-20,,7.41,,,,,,
1973-07-23,,7.41,,,,,,
1973-07-24,,7.46,,,,,,
1973-07-25,,7.46,,,,,,
1973-07-26,,7.46,,,,,,
1973-07-27,,7.49,,,,,,
1973-07-30,,7.49,,,,,,
1973-07-31,,7.49,,,,,,
1973-08-01,,7.49,,,,,,
1973-08-02,,7.49,,,,,,
1973-08-03,,7.49,,,,,,
1973-08-06,,7.52,,,,,,
1973-08-07,,7.52,,,,,,
1973-08-08,,7.46,,,,,,
1973-08-09,,7.49,,,,,,
1973-08-10,,7.49,,,,,,
1973-08-13,,7.62,,,,,,
1973-08-14,,7.58,,,,,,
1973-08-15,,7.6,,,,,,
1973-08-16,,7.58,,,,,,
1973-08-17,,7.66,,,,,,
1973-08-20,,7.66,,,,,,
1973-08-21,,7.66,,,,,,
1973-08-22,,7.6,,,,,,
1973-08-23,,7.6,,,,,,
1973-08-24,,7.6,,,,,,
1973-08-27,,7.58,,,,,,
1973-08-28,,7.58,,,,,,
1973-08-29,,7.55,,,,,,
1973-08-30,,7.58,,,,,,
1973-08-31,,7.58,,,,,,
1973-09-04,,7.58,,,,,,
1973-09-05,,7.55,,,,,,
1973-09-06,,7.58,,,,,,
1973-09-07,,7.58,,,,,,
1973-09-10,,7.6,,,,,,
1973-09-11,,7.6,,,,,,
1973-09-12,,7.75,,,,,,
1973-09-13,,7.78,,,,,,
1973-09-14,,7.78,,,,,,
1973-09-17,,7.75,,,,,,
1973-09-18,,7.78,,,,,,
1973-09-19,,7.75,,,,,,
1973-09-20,,7.75,,,,,,
1973-09-21,,7.75,,,,,,
1973-09-24,,7.72,,,,,,
1973-09-25,,7.75,,,,,,
1973-09-26,,7.75,,,,,,
1973-09-27,,7.75,,,,,,
1973-09-28,,7.75,,,,,,
1973-10-01,,7.72,,,,,,
1973-10-02,,7.78,,,,,,
1973-10-03,,7.78,,,,,,
1973-10-04,,7.78,,,,,,
1973-10-05,,7.78,,,,,,
1973-10-09,,7.78,,,,,,
1973-10-10,,7.75,,,,,,
1973-10-11,,7.75,,,,,,
1973-10-12,,7.75,,,,,,
1973-10-15,,7.78,,,,,,
1973-10-16,,7.72,,,,,,
1973-10-17,,7.69,,,,,,
1973-10-18,,7.69,,,,,,
1973-10-19,,7.69,,,,,,
1973-10-23,,7.69,,,,,,
1973-10-24,,7.69,,,,,,
1973-10-25,,7.69,,,,,,
1973-10-26,,7.69,,,,,,
1973-10-29,,7.69,,,,,,
1973-10-30,,7.69,,,,,,
1973-10-31,,7.69,,,,,,
1973-11-01,,7.68,,,,,,
1973-11-02,,7.68,,,,,,
1973-11-05,,7.7,,,,,,
1973-11-07,,7.76,,,,,,
1973-11-08,,7.76,,,,,,
1973-11-09,,7.78,,,,,,
1973-11-12,,7.69,,,,,,
1973-11-13,,7.69,,,,,,
1973-11-14,,7.69,,,,,,
1973-11-15,,7.69,,,,,,
1973-11-16,,7.86,,,,,,
1973-11-19,,7.86,,,,,,
1973-11-20,,7.83,,,,,,
1973-11-21,,7.83,,,,,,
1973-11-23,,8.0,,,,,,
1973-11-26,,8.0,,,,,,
1973-11-27,,8.0,,,,,,
1973-11-28,,8.06,,,,,,
1973-11-29,,8.06,,,,,,
1973-11-30,,8.06,,,,,,
1973-12-03,,8.03,,,,,,
1973-12-04,,8.03,,,,,,
1973-12-05,,8.03,,,,,,
1973-12-06,,8.06,,,,,,
1973-12-07,,8.06,,,,,,
1973-12-10,,8.06,,,,,,
1973-12-11,,8.06,,,,,,
1973-12-12,,8.13,,,,,,
1973-12-13,,8.13,,,,,,
1973-12-14,,8.13,,,,,,
1973-12-17,,8.2,,,,,,
1973-12-18,,8.2,,,,,,
1973-12-19,,8.12,,,,,,
1973-12-20,,8.12,,,,,,
1973-12-21,,8.12,,,,,,
1973-12-24,,8.12,,,,,,
1973-12-26,,8.12,,,,,,
1973-12-27,,8.16,,,,,,
1973-12-28,,8.16,,,,,,
1973-12-31,,8.16,,,,,,
1974-01-02,,8.16,,,,,,
1974-01-03,,8.21,,,,,,
1974-01-04,,8.21,,,,,,
1974-01-07,,8.21,,,,,,
1974-01-08,,8.4,,,,,,
1974-01-09,,8.4,,,,,,
1974-01-10,,8.4,,,,,,
1974-01-11,,8.4,,,,,,
1974-01-14,,8.36,,,,,,
1974-01-15,,8.36,,,,,,
1974-01-16,,8.36,,,,,,
1974-01-17,,8.36,,,,,,
1974-01-18,,8.58,,,,,,
1974-01-21,,8.58,,,,,,
1974-01-22,,8.58,,,,,,
1974-01-23,,8.62,,,,,,
1974-01-24,,8.62,,,,,,
1974-01-25,,8.62,,,,,,
1974-01-28,,8.55,,,,,,
1974-01-29,,8.55,,,,,,
1974-01-30,,8.55,,,,,,
1974-01-31,,8.55,,,,,,
1974-02-01,,8.23,,,,,,
1974-02-04,,8.23,,,,,,
1974-02-05,,8.23,,,,,,
1974-02-06,,8.23,,,,,,
1974-02-07,,8.23,,,,,,
1974-02-08,,8.37,,,,,,
1974-02-11,,8.37,,,,,,
1974-02-13,,8.33,,,,,,
1974-02-14,,8.33,,,,,,
1974-02-15,,8.23,,,,,,
1974-02-19,,8.23,,,,,,
1974-02-20,,8.23,,,,,,
1974-02-21,,8.2,,,,,,
1974-02-22,,8.2,,,,,,
1974-02-25,,8.2,,,,,,
1974-02-26,,8.2,,,,,,
1974-02-27,,8.2,,,,,,
1974-02-28,,8.16,,,,,,
1974-03-01,,8.2,,,,,,
1974-03-04,,8.2,,,,,,
1974-03-05,,8.2,,,,,,
1974-03-06,,8.2,,,,,,
1974-03-07,,8.08,,,,,,
1974-03-08,,8.1,,,,,,
1974-03-11,,8.1,,,,,,
1974-03-12,,8.1,,,,,,
1974-03-13,,8.1,,,,,,
1974-03-14,,8.1,,,,,,
1974-03-15,,8.03,,,,,,
1974-03-18,,8.03,,,,,,
1974-03-19,,8.03,,,,,,
1974-03-20,,8.03,,,,,,
1974-03-21,,8.03,,,,,,
1974-03-22,,7.97,,,,,,
1974-03-25,,7.97,,,,,,
1974-03-26,,7.97,,,,,,
1974-03-27,,7.97,,,,,,
1974-03-28,,7.97,,,,,,
1974-03-29,,7.81,,,,,,
1974-04-01,,7.81,,,,,,
1974-04-02,,7.81,,,,,,
1974-04-03,,7.81,,,,,,
1974-04-04,,7.81,,,,,,
1974-04-05,,7.84,,,,,,
1974-04-08,,7.84,,,,,,
1974-04-09,,7.84,,,,,,
1974-04-10,,7.81,,,,,,
1974-04-11,,7.81,,,,,,
1974-04-12,,7.97,,,,,,
1974-04-15,,7.97,,,,,,
1974-04-16,,8.0,,,,,,
1974-04-17,,7.97,,,,,,
1974-04-18,,7.97,,,,,,
1974-04-19,,7.87,,,,,,
1974-04-22,,7.87,,,,,,
1974-04-23,,7.87,,,,,,
1974-04-24,,7.87,,,,,,
1974-04-25,,7.87,,,,,,
1974-04-26,,7.81,,,,,,
1974-04-29,,7.81,,,,,,
1974-04-30,,7.81,,,,,,
1974-05-01,,7.81,,,,,,
1974-05-02,,7.81,,,,,,
1974-05-03,,7.75,,,,,,
1974-05-06,,7.75,,,,,,
1974-05-07,,7.87,,,,,,
1974-05-08,,7.75,,,,,,
1974-05-09,,7.75,,,,,,
1974-05-10,,7.72,,,,,,
1974-05-13,,7.72,,,,,,
1974-05-14,,7.72,,,,,,
1974-05-15,,7.72,,,,,,
1974-05-16,,7.72,,,,,,
1974-05-17,,7.81,,,,,,
1974-05-20,,7.81,,,,,,
1974-05-21,,7.84,,,,,,
1974-05-22,,7.81,,,,,,
1974-05-23,,7.81,,,,,,
1974-05-24,,7.81,,,,,,
1974-05-28,,7.81,,,,,,
1974-05-29,,7.81,,,,,,
1974-05-30,,7.81,,,,,,
1974-05-31,,7.87,,,,,,
1974-06-03,,7.87,,,,,,
1974-06-04,,7.87,,,,,,
1974-06-05,,7.87,,,,,,
1974-06-06,,7.87,,,,,,
1974-06-07,,7.81,,,,,,
1974-06-10,,7.81,,,,,,
1974-06-11,,7.81,,,,,,
1974-06-12,,7.81,,,,,,
1974-06-13,,7.81,,,,,,
1974-06-14,,7.87,,,,,,
1974-06-17,,7.87,,,,,,
1974-06-18,,7.87,,,,,,
1974-06-19,,7.87,,,,,,
1974-06-20,,7.87,,,,,,
1974-06-21,,7.87,,,,,,
1974-06-24,,7.87,,,,,,
1974-06-25,,7.87,,,,,,
1974-06-26,,7.81,,,,,,
1974-06-27,,7.81,,,,,,
1974-06-28,,7.87,,,,,,
1974-07-01,,7.81,,,,,,
1974-07-02,,7.81,,,,,,
1974-07-03,,7.81,,,,,,
1974-07-05,,7.87,,,,,,
1974-07-08,,7.81,,,,,,
1974-07-09,,7.81,,,,,,
1974-07-10,,7.81,,,,,,
1974-07-11,,7.81,,,,,,
1974-07-12,,7.87,,,,,,
1974-07-15,,7.81,,,,,,
1974-07-16,,7.81,,,,,,
1974-07-17,,7.81,,,,,,
1974-07-18,,7.81,,,,,,
1974-07-19,,7.87,,,,,,
1974-07-22,,7.81,,,,,,
1974-07-23,,7.87,,,,,,
1974-07-24,,7.84,,,,,,
1974-07-25,,7.84,,,,,,
1974-07-26,,7.87,,,,,,
1974-07-29,,7.87,,,,,,
1974-07-30,,7.87,,,,,,
1974-07-31,,7.87,,,,,,
1974-08-01,,7.81,,,,,,
1974-08-02,,7.81,,,,,,
1974-08-05,,7.87,,,,,,
1974-08-06,,7.87,,,,,,
1974-08-07,,7.87,,,,,,
1974-08-08,,7.87,,,,,,
1974-08-09,,7.94,,,,,,
1974-08-12,,7.94,,,,,,
1974-08-13,,7.94,,,,,,
1974-08-14,,7.94,,,,,,
1974-08-15,,7.94,,,,,,
1974-08-16,,8.06,,,,,,
1974-08-19,,8.06,,,,,,
1974-08-20,,8.06,,,,,,
1974-08-21,,8.06,,,,,,
1974-08-22,,8.06,,,,,,
1974-08-23,,8.06,,,,,,
1974-08-26,,8.06,,,,,,
1974-08-27,,8.1,,,,,,
1974-08-28,,8.1,,,,,,
1974-08-29,,8.1,,,,,,
1974-08-30,,8.13,,,,,,
1974-09-03,,8.13,,,,,,
1974-09-04,,8.13,,,,,,
1974-09-05,,8.13,,,,,,
1974-09-06,,8.13,,,,,,
1974-09-09,,8.13,,,,,,
1974-09-10,,8.13,,,,,,
1974-09-11,,8.13,,,,,,
1974-09-12,,8.13,,,,,,
1974-09-13,,8.12,,,,,,
1974-09-16,,8.12,,,,,,
1974-09-17,,8.12,,,,,,
1974-09-18,,8.12,,,,,,
1974-09-19,,8.12,,,,,,
1974-09-20,,8.12,,,,,,
1974-09-23,,8.12,,,,,,
1974-09-24,,8.12,,,,,,
1974-09-25,,8.12,,,,,,
1974-09-26,,8.12,,,,,,
1974-09-27,,8.12,,,,,,
1974-09-30,,8.06,,,,,,
1974-10-01,,8.06,,,,,,
1974-10-02,,8.03,,,,,,
1974-10-03,,8.03,,,,,,
1974-10-04,,8.03,,,,,,
1974-10-07,,8.06,,,,,,
1974-10-08,,8.06,,,,,,
1974-10-09,,8.06,,,,,,
1974-10-10,,8.06,,,,,,
1974-10-11,,8.03,,,,,,
1974-10-15,,8.03,,,,,,
1974-10-16,,8.03,,,,,,
1974-10-17,,8.03,,,,,,
1974-10-18,,8.06,,,,,,
1974-10-21,,8.06,,,,,,
1974-10-22,,8.06,,,,,,
1974-10-23,,8.06,,,,,,
1974-10-24,,8.06,,,,,,
1974-10-25,,8.06,,,,,,
1974-10-28,,8.06,,,,,,
1974-10-29,,8.06,,,,,,
1974-10-30,,8.06,,,,,,
1974-10-31,,8.06,,,,,,
1974-11-01,,8.06,,,,,,
1974-11-04,,8.06,,,,,,
1974-11-06,,8.06,,,,,,
1974-11-07,,8.06,,,,,,
1974-11-08,,8.03,,,,,,
1974-11-12,,8.03,,,,,,
1974-11-13,,8.03,,,,,,
1974-11-14,,8.03,,,,,,
1974-11-15,,8.1,,,,,,
1974-11-18,,8.1,,,,,,
1974-11-19,,8.1,,,,,,
1974-11-20,,8.1,,,,,,
1974-11-21,,8.1,,,,,,
1974-11-22,,8.06,,,,,,
1974-11-25,,8.06,,,,,,
1974-11-26,,8.06,,,,,,
1974-11-27,,8.06,,,,,,
1974-11-29,,8.06,,,,,,
1974-12-02,,8.06,,,,,,
1974-12-03,,8.06,,,,,,
1974-12-04,,8.06,,,,,,
1974-12-05,,8.06,,,,,,
1974-12-06,,8.1,,,,,,
1974-12-09,,8.1,,,,,,
1974-12-10,,8.0,,,,,,
1974-12-11,,8.0,,,,,,
1974-12-12,,8.0,,,,,,
1974-12-13,,8.13,,,,,,
1974-12-16,,8.13,,,,,,
1974-12-17,,8.13,,,,,,
1974-12-18,,8.13,,,,,,
1974-12-19,,8.13,,,,,,
1974-12-20,,8.13,,,,,,
1974-12-23,,8.13,,,,,,
1974-12-24,,8.13,,,,,,
1974-12-26,,8.13,,,,,,
1974-12-27,,8.13,,,,,,
1974-12-30,,8.13,,,,,,
1974-12-31,,8.13,,,,,,
1975-01-02,,8.13,,,,,,
1975-01-03,,8.13,,,,,,
1975-01-06,,8.13,,,,,,
1975-01-07,,8.13,,,,,,
1975-01-08,,8.13,,,,,,
1975-01-09,,8.13,,,,,,
1975-01-10,,8.13,,,,,,
1975-01-13,,8.13,,,,,,
1975-01-14,,8.13,,,,,,
1975-01-15,,8.13,,,,,,
1975-01-16,,8.13,,,,,,
1975-01-17,,8.13,,,,,,
1975-01-20,,8.13,,,,,,
1975-01-21,,8.13,,,,,,
1975-01-22,,8.13,,,,,,
1975-01-23,,8.13,,,,,,
1975-01-24,,8.13,,,,,,
1975-01-27,,8.13,,,,,,
1975-01-28,,8.13,,,,,,
1975-01-29,,8.13,,,,,,
1975-01-30,,8.13,,,,,,
1975-01-31,,8.13,,,,,,
1975-02-03,,8.13,,,,,,
1975-02-04,,8.13,,,,,,
1975-02-05,,8.13,,,,,,
1975-02-06,,8.13,,,,,,
1975-02-07,,7.94,,,,,,
1975-02-10,,7.94,,,,,,
1975-02-11,,7.94,,,,,,
1975-02-13,,7.94,,,,,,
1975-02-14,,7.94,,,,,,
1975-02-18,,7.94,,,,,,
1975-02-19,,7.94,,,,,,
1975-02-20,,7.94,,,,,,
1975-02-21,,7.94,,,,,,
1975-02-24,,7.94,,,,,,
1975-02-25,,7.94,,,,,,
1975-02-26,,7.94,,,,,,
1975-02-27,,7.94,,,,,,
1975-02-28,,7.75,,,,,,
1975-03-03,,7.75,,,,,,
1975-03-04,,7.75,,,,,,
1975-03-05,,7.75,,,,,,
1975-03-06,,7.75,,,,,,
1975-03-07,,7.75,,,,,,
1975-03-10,,7.75,,,,,,
1975-03-11,,7.75,,,,,,
1975-03-12,,7.75,,,,,,
1975-03-13,,7.75,,,,,,
1975-03-14,,7.75,,,,,,
1975-03-17,,7.75,,,,,,
1975-03-18,,7.75,,,,,,
1975-03-19,,7.75,,,,,,
1975-03-20,,7.75,,,,,,
1975-03-21,,7.75,,,,,,
1975-03-24,,7.75,,,,,,
1975-03-25,,7.75,,,,,,
1975-03-26,,7.75,,,,,,
1975-03-27,,7.75,,,,,,
1975-03-28,,7.75,,,,,,
1975-03-31,,7.75,,,,,,
1975-04-01,,7.75,,,,,,
1975-04-02,,7.75,,,,,,
1975-04-03,,7.75,,,,,,
1975-04-04,,7.75,,,,,,
1975-04-07,,7.84,,,,,,
1975-04-08,,7.84,,,,,,
1975-04-09,,7.84,,,,,,
1975-04-10,,7.84,,,,,,
1975-04-11,,7.84,,,,,,
1975-04-14,,7.94,,,,,,
1975-04-15,,7.94,,,,,,
1975-04-16,,7.94,,,,,,
1975-04-17,,7.94,,,,,,
1975-04-18,,7.94,,,,,,
1975-04-21,,7.91,,,,,,
1975-04-22,,7.91,,,,,,
1975-04-23,,7.91,,,,,,
1975-04-24,,7.91,,,,,,
1975-04-25,,7.91,,,,,,
1975-04-28,,8.0,,,,,,
1975-04-29,,8.0,,,,,,
1975-04-30,,8.0,,,,,,
1975-05-01,,8.0,,,,,,
1975-05-02,,8.0,,,,,,
1975-05-05,,8.0,,,,,,
1975-05-06,,8.03,,,,,,
1975-05-07,,8.03,,,,,,
1975-05-08,,8.03,,,,,,
1975-05-09,,8.03,,,,,,
1975-05-12,,8.03,,,,,,
1975-05-13,,8.03,,,,,,
1975-05-14,,8.03,,,,,,
1975-05-15,,8.03,,,,,,
1975-05-16,,8.03,,,,,,
1975-05-19,,8.16,,,,,,
1975-05-20,,8.16,,,,,,
1975-05-21,,8.16,,,,,,
1975-05-22,,8.16,,,,,,
1975-05-23,,8.16,,,,,,
1975-05-27,,8.1,,,,,,
1975-05-28,,8.1,,,,,,
1975-05-29,,8.1,,,,,,
1975-05-30,,8.1,,,,,,
1975-06-02,,8.1,,,,,,
1975-06-03,,8.1,,,,,,
1975-06-04,,8.1,,,,,,
1975-06-05,,8.1,,,,,,
1975-06-06,,8.1,,,,,,
1975-06-09,,8.1,,,,,,
1975-06-10,,8.1,,,,,,
1975-06-11,,8.1,,,,,,
1975-06-12,,8.1,,,,,,
1975-06-13,,8.1,,,,,,
1975-06-16,,8.23,,,,,,
1975-06-17,,8.23,,,,,,
1975-06-18,,8.23,,,,,,
1975-06-19,,8.23,,,,,,
1975-06-20,,8.26,,,,,,
1975-06-23,,8.26,,,,,,
1975-06-24,,8.26,,,,,,
1975-06-25,,8.26,,,,,,
1975-06-26,,8.26,,,,,,
1975-06-27,,8.4,,,,,,
1975-06-30,,8.4,,,,,,
1975-07-01,,8.4,,,,,,
1975-07-02,,8.51,,,,,,
1975-07-03,,8.47,,,,,,
1975-07-07,,8.47,,,,,,
1975-07-08,,8.47,,,,,,
1975-07-09,,8.4,,,,,,
1975-07-10,,8.4,,,,,,
1975-07-11,,8.47,,,,,,
1975-07-14,,8.47,,,,,,
1975-07-15,,8.47,,,,,,
1975-07-16,,8.47,,,,,,
1975-07-17,,8.47,,,,,,
1975-07-18,,8.55,,,,,,
1975-07-21,,8.55,,,,,,
1975-07-22,,8.55,,,,,,
1975-07-23,,8.55,,,,,,
1975-07-24,,8.55,,,,,,
1975-07-25,,8.51,,,,,,
1975-07-28,,8.51,,,,,,
1975-07-29,,8.51,,,,,,
1975-07-30,,8.51,,,,,,
1975-07-31,,8.51,,,,,,
1975-08-01,,8.62,,,,,,
1975-08-04,,8.62,,,,,,
1975-08-05,,8.62,,,,,,
1975-08-06,,8.62,,,,,,
1975-08-07,,8.62,,,,,,
1975-08-08,,8.85,,,,,,
1975-08-11,,8.85,,,,,,
1975-08-12,,8.85,,,,,,
1975-08-13,,8.85,,,,,,
1975-08-14,,8.85,,,,,,
1975-08-15,,8.81,,,,,,
1975-08-18,,8.81,,,,,,
1975-08-19,,8.81,,,,,,
1975-08-20,,8.81,,,,,,
1975-08-21,,8.81,,,,,,
1975-08-22,,8.85,,,,,,
1975-08-25,,8.85,,,,,,
1975-08-26,,8.85,,,,,,
1975-08-27,,8.85,,,,,,
1975-08-28,,8.85,,,,,,
1975-08-29,,8.93,,,,,,
1975-09-02,,8.93,,,,,,
1975-09-03,,8.93,,,,,,
1975-09-04,,8.93,,,,,,
1975-09-05,,8.77,,,,,,
1975-09-08,,8.77,,,,,,
1975-09-09,,8.77,,,,,,
1975-09-10,,8.77,,,,,,
1975-09-11,,8.77,,,,,,
1975-09-12,,8.81,,,,,,
1975-09-15,,8.81,,,,,,
1975-09-16,,8.81,,,,,,
1975-09-17,,8.81,,,,,,
1975-09-18,,8.81,,,,,,
1975-09-19,,8.93,,,,,,
1975-09-22,,8.93,,,,,,
1975-09-23,,8.93,,,,,,
1975-09-24,,8.93,,,,,,
1975-09-25,,8.93,,,,,,
1975-09-26,,8.94,,,,,,
1975-09-29,,8.94,,,,,,
1975-09-30,,8.94,,,,,,
1975-10-01,,8.94,,,,,,
1975-10-02,,8.94,,,,,,
1975-10-03,,8.97,,,,,,
1975-10-06,,8.97,,,,,,
1975-10-07,,8.97,,,,,,
1975-10-08,,8.97,,,,,,
1975-10-09,,8.97,,,,,,
1975-10-10,,8.89,,,,,,
1975-10-14,,8.89,,,,,,
1975-10-15,,8.89,,,,,,
1975-10-16,,8.89,,,,,,
1975-10-17,,8.89,,,,,,
1975-10-20,,8.89,,,,,,
1975-10-21,,8.89,,,,,,
1975-10-22,,8.89,,,,,,
1975-10-23,,8.89,,,,,,
1975-10-24,,8.85,,,,,,
1975-10-27,,8.85,,,,,,
1975-10-28,,8.85,,,,,,
1975-10-29,,8.85,,,,,,
1975-10-30,,8.73,,,,,,
1975-10-31,,8.81,,,,,,
1975-11-03,,8.81,,,,,,
1975-11-05,,8.81,,,,,,
1975-11-06,,8.81,,,,,,
1975-11-07,,8.81,,,,,,
1975-11-10,,8.81,,,,,,
1975-11-12,,8.81,,,,,,
1975-11-13,,8.81,,,,,,
1975-11-14,,8.93,,,,,,
1975-11-17,,8.93,,,,,,
1975-11-18,,8.93,,,,,,
1975-11-19,,8.93,,,,,,
1975-11-20,,8.93,,,,,,
1975-11-21,,8.97,,,,,,
1975-11-24,,8.97,,,,,,
1975-11-25,,8.97,,,,,,
1975-11-26,,8.97,,,,,,
1975-11-28,,9.09,,,,,,
1975-12-01,,9.09,,,,,,
1975-12-02,,9.09,,,,,,
1975-12-03,,9.09,,,,,,
1975-12-04,,9.09,,,,,,
1975-12-05,,8.93,,,,,,
1975-12-08,,8.93,,,,,,
1975-12-09,,8.93,,,,,,
1975-12-10,,8.93,,,,,,
1975-12-11,,8.93,,,,,,
1975-12-12,,8.97,,,,,,
1975-12-15,,8.97,,,,,,
1975-12-16,,8.97,,,,,,
1975-12-17,,8.97,,,,,,
1975-12-18,,8.97,,,,,,
1975-12-19,,8.97,,,,,,
1975-12-22,,8.97,,,,,,
1975-12-23,,8.97,,,,,,
1975-12-24,,8.97,,,,,,
1975-12-26,,8.97,,,,,,
1975-12-29,,8.97,,,,,,
1975-12-30,,8.97,,,,,,
1975-12-31,,8.97,,,,,,
1976-01-02,,8.97,,,,,,
1976-01-05,,8.97,,,,,,
1976-01-06,,8.97,,,,,,
1976-01-07,,8.97,,,,,,
1976-01-08,,8.97,,,,,,
1976-01-09,,8.93,,,,,,
1976-01-12,,8.93,,,,,,
1976-01-13,,8.93,,,,,,
1976-01-14,,8.93,,,,,,
1976-01-15,,8.91,,,,,,
1976-01-16,,8.93,,,,,,
1976-01-19,,8.93,,,,,,
1976-01-20,,8.93,,,,,,
1976-01-21,,8.93,,,,,,
1976-01-22,,8.93,,,,,,
1976-01-23,,8.97,,,,,,
1976-01-26,,8.97,,,,,,
1976-01-27,,8.97,,,,,,
1976-01-28,,8.97,,,,,,
1976-01-29,,8.97,,,,,,
1976-01-30,,8.91,,,,,,
1976-02-02,,8.91,,,,,,
1976-02-03,,8.91,,,,,,
1976-02-04,,8.91,,,,,,
1976-02-05,,8.91,,,,,,
1976-02-06,,8.93,,,,,,
1976-02-09,,8.93,,,,,,
1976-02-10,,8.93,,,,,,
1976-02-11,,8.93,,,,,,
1976-02-13,,8.94,,,,,,
1976-02-17,,8.94,,,,,,
1976-02-18,,8.94,,,,,,
1976-02-19,,8.94,,,,,,
1976-02-20,,8.97,,,,,,
1976-02-23,,8.97,,,,,,
1976-02-24,,8.97,,,,,,
1976-02-25,,8.97,,,,,,
1976-02-26,,8.97,,,,,,
1976-02-27,,8.93,,,,,,
1976-03-01,,8.93,,,,,,
1976-03-02,,8.93,,,,,,
1976-03-03,,8.93,,,,,,
1976-03-04,,8.93,,,,,,
1976-03-05,,8.93,,,,,,
1976-03-08,,9.09,,,,,,
1976-03-09,,9.09,,,,,,
1976-03-10,,9.09,,,,,,
1976-03-11,,9.09,,,,,,
1976-03-12,,8.93,,,,,,
1976-03-15,,8.93,,,,,,
1976-03-16,,8.93,,,,,,
1976-03-17,,8.93,,,,,,
1976-03-18,,8.93,,,,,,
1976-03-19,,8.93,,,,,,
1976-03-22,,8.93,,,,,,
1976-03-23,,8.93,,,,,,
1976-03-24,,8.93,,,,,,
1976-03-25,,8.93,,,,,,
1976-03-26,,8.97,,,,,,
1976-03-29,,8.97,,,,,,
1976-03-30,,8.97,,,,,,
1976-03-31,,8.97,,,,,,
1976-04-01,,8.97,,,,,,
1976-04-02,,9.01,,,,,,
1976-04-05,,9.01,,,,,,
1976-04-06,,9.01,,,,,,
1976-04-07,,9.01,,,,,,
1976-04-08,,9.01,,,,,,
1976-04-09,,9.01,,,,,,
1976-04-12,,9.01,,,,,,
1976-04-13,,9.01,,,,,,
1976-04-14,,9.01,,,,,,
1976-04-15,,9.01,,,,,,
1976-04-16,,9.01,,,,,,
1976-04-19,,9.01,,,,,,
1976-04-20,,9.01,,,,,,
1976-04-21,,9.01,,,,,,
1976-04-22,,9.09,,,,,,
1976-04-23,,8.93,,,,,,
1976-04-26,,8.93,,,,,,
1976-04-27,,8.93,,,,,,
1976-04-28,,8.93,,,,,,
1976-04-29,,8.93,,,,,,
1976-04-30,,8.97,,,,,,
1976-05-03,,8.97,,,,,,
1976-05-04,,8.97,,,,,,
1976-05-05,,8.97,,,,,,
1976-05-06,,8.97,,,,,,
1976-05-07,,9.01,,,,,,
1976-05-10,,9.01,,,,,,
1976-05-11,,9.01,,,,,,
1976-05-12,,9.01,,,,,,
1976-05-13,,9.01,,,,,,
1976-05-14,,9.01,,,,,,
1976-05-17,,9.01,,,,,,
1976-05-18,,9.01,,,,,,
1976-05-19,,9.01,,,,,,
1976-05-20,,9.01,,,,,,
1976-05-21,,9.05,,,,,,
1976-05-24,,9.05,,,,,,
1976-05-25,,9.05,,,,,,
1976-05-26,,9.05,,,,,,
1976-05-27,,9.05,,,,,,
1976-05-28,,9.3,,,,,,
1976-06-01,,9.3,,,,,,
1976-06-02,,9.35,,,,,,
1976-06-03,,9.35,,,,,,
1976-06-04,,9.3,,,,,,
1976-06-07,,9.3,,,,,,
1976-06-08,,9.3,,,,,,
1976-06-09,,9.3,,,,,,
1976-06-10,,9.3,,,,,,
1976-06-11,,9.01,,,,,,
1976-06-14,,9.01,,,,,,
1976-06-15,,9.01,,,,,,
1976-06-16,,9.01,,,,,,
1976-06-17,,9.01,,,,,,
1976-06-18,,8.97,,,,,,
1976-06-21,,8.97,,,,,,
1976-06-22,,8.97,,,,,,
1976-06-23,,8.97,,,,,,
1976-06-24,,8.97,,,,,,
1976-06-25,,9.01,,,,,,
1976-06-28,,9.01,,,,,,
1976-06-29,,9.01,,,,,,
1976-06-30,,9.01,,,,,,
1976-07-01,,9.01,,,,,,
1976-07-02,,8.89,,,,,,
1976-07-06,,8.89,,,,,,
1976-07-07,,8.89,,,,,,
1976-07-08,,8.89,,,,,,
1976-07-09,,8.97,,,,,,
1976-07-12,,8.97,,,,,,
1976-07-13,,8.97,,,,,,
1976-07-14,,8.97,,,,,,
1976-07-15,,8.97,,,,,,
1976-07-16,,8.9,,,,,,
1976-07-19,,8.9,,,,,,
1976-07-20,,8.9,,,,,,
1976-07-21,,8.9,,,,,,
1976-07-22,,8.9,,,,,,
1976-07-23,,8.9,,,,,,
1976-07-26,,8.9,,,,,,
1976-07-27,,8.9,,,,,,
1976-07-28,,8.9,,,,,,
1976-07-29,,8.9,,,,,,
1976-07-30,,8.97,,,,,,
1976-08-02,,8.97,,,,,,
1976-08-03,,8.97,,,,,,
1976-08-04,,8.97,,,,,,
1976-08-05,,8.97,,,,,,
1976-08-06,,8.97,,,,,,
1976-08-09,,8.97,,,,,,
1976-08-10,,8.97,,,,,,
1976-08-11,,8.97,,,,,,
1976-08-12,,8.97,,,,,,
1976-08-13,,8.97,,,,,,
1976-08-16,,8.97,,,,,,
1976-08-17,,8.97,,,,,,
1976-08-18,,8.97,,,,,,
1976-08-19,,8.97,,,,,,
1976-08-20,,8.97,,,,,,
1976-08-23,,8.97,,,,,,
1976-08-24,,8.97,,,,,,
1976-08-25,,8.97,,,,,,
1976-08-26,,8.97,,,,,,
1976-08-27,,9.01,,,,,,
1976-08-30,,9.01,,,,,,
1976-08-31,,9.01,,,,,,
1976-09-01,,9.01,,,,,,
1976-09-02,,9.01,,,,,,
1976-09-03,,9.01,,,,,,
1976-09-07,,9.01,,,,,,
1976-09-08,,9.01,,,,,,
1976-09-09,,9.01,,,,,,
1976-09-10,,9.13,,,,,,
1976-09-13,,9.13,,,,,,
1976-09-14,,9.13,,,,,,
1976-09-15,,9.13,,,,,,
1976-09-16,,9.13,,,,,,
1976-09-17,,9.13,,,,,,
1976-09-20,,9.13,,,,,,
1976-09-21,,9.13,,,,,,
1976-09-22,,9.13,,,,,,
1976-09-23,,9.13,,,,,,
1976-09-24,,9.03,,,,,,
1976-09-27,,9.03,,,,,,
1976-09-28,,9.17,,,,,,
1976-09-29,,8.85,,,,,,
1976-09-30,,8.85,,,,,,
1976-10-01,,8.85,,,,,,
1976-10-04,,8.85,,,,,,
1976-10-05,,8.85,,,,,,
1976-10-06,,8.85,,,,,,
1976-10-07,,8.85,,,,,,
1976-10-08,,8.85,,,,,,
1976-10-12,,8.85,,,,,,
1976-10-13,,8.85,,,,,,
1976-10-14,,8.85,,,,,,
1976-10-15,,8.93,,,,,,
1976-10-18,,8.93,,,,,,
1976-10-19,,8.93,,,,,,
1976-10-20,,8.93,,,,,,
1976-10-21,,8.93,,,,,,
1976-10-22,,8.93,,,,,,
1976-10-25,,8.93,,,,,,
1976-10-26,,8.93,,,,,,
1976-10-27,,8.93,,,,,,
1976-10-28,,8.93,,,,,,
1976-10-29,,8.97,,,,,,
1976-11-01,,8.97,,,,,,
1976-11-03,,8.97,,,,,,
1976-11-04,,8.97,,,,,,
1976-11-05,,9.05,,,,,,
1976-11-08,,9.05,,,,,,
1976-11-09,,9.05,,,,,,
1976-11-10,,9.05,,,,,,
1976-11-12,,9.01,,,,,,
1976-11-15,,9.01,,,,,,
1976-11-16,,9.01,,,,,,
1976-11-17,,9.01,,,,,,
1976-11-18,,9.01,,,,,,
1976-11-19,,9.01,,,,,,
1976-11-22,,8.73,,,,,,
1976-11-23,,8.73,,,,,,
1976-11-24,,8.93,,,,,,
1976-11-26,,8.93,,,,,,
1976-11-29,,8.93,,,,,,
1976-11-30,,8.93,,,,,,
1976-12-01,,8.93,,,,,,
1976-12-02,,8.93,,,,,,
1976-12-03,,8.81,,,,,,
1976-12-06,,8.81,,,,,,
1976-12-07,,8.81,,,,,,
1976-12-08,,8.81,,,,,,
1976-12-09,,8.81,,,,,,
1976-12-10,,8.77,,,,,,
1976-12-13,,8.77,,,,,,
1976-12-14,,8.77,,,,,,
1976-12-15,,8.77,,,,,,
1976-12-16,,8.77,,,,,,
1976-12-17,,8.81,,,,,,
1976-12-20,,8.81,,,,,,
1976-12-21,,8.81,,,,,,
1976-12-22,,8.81,,,,,,
1976-12-23,,8.81,,,,,,
1976-12-24,,9.01,,,,,,
1976-12-27,,8.97,,,,,,
1976-12-28,,8.97,,,,,,
1976-12-29,,8.97,,,,,,
1976-12-30,,8.97,,,,,,
1976-12-31,,8.93,,,,,,
1977-01-03,,8.93,,,,,,
1977-01-04,,8.93,,,,,,
1977-01-05,,8.93,,,,,,
1977-01-06,,8.93,,,,,,
1977-01-07,,8.93,,,,,,
1977-01-10,,9.01,,,,,,
1977-01-11,,9.01,,,,,,
1977-01-12,,9.01,,,,,,
1977-01-13,,9.01,,,,,,
1977-01-14,,8.89,,,,,,
1977-01-17,,8.89,,,,,,
1977-01-18,,8.89,,,,,,
1977-01-19,,8.89,,,,,,
1977-01-20,,8.89,,,,,,
1977-01-21,,8.85,,,,,,
1977-01-24,,8.85,,,,,,
1977-01-25,,8.85,,,,,,
1977-01-26,,8.85,,,,,,
1977-01-27,,8.85,,,,,,
1977-01-28,,8.81,,,,,,
1977-01-31,,8.81,,,,,,
1977-02-01,,8.81,,,,,,
1977-02-02,,8.81,,,,,,
1977-02-03,,8.81,,,,,,
1977-02-04,,8.89,,,,,,
1977-02-07,,8.89,,,,,,
1977-02-08,,8.89,,,,,,
1977-02-09,,8.89,,,,,,
1977-02-10,,8.89,,,,,,
1977-02-11,,8.85,,,,,,
1977-02-14,,8.85,,,,,,
1977-02-15,,8.85,,,,,,
1977-02-16,,8.85,,,,,,
1977-02-17,,8.85,,,,,,
1977-02-18,,8.85,,,,,,
1977-02-22,,8.89,,,,,,
1977-02-23,,8.89,,,,,,
1977-02-24,,8.89,,,,,,
1977-02-25,,8.87,,,,,,
1977-02-28,,8.87,,,,,,
1977-03-01,,8.87,,,,,,
1977-03-02,,8.87,,,,,,
1977-03-03,,8.87,,,,,,
1977-03-04,,8.85,,,,,,
1977-03-07,,8.85,,,,,,
1977-03-08,,8.85,,,,,,
1977-03-09,,8.85,,,,,,
1977-03-10,,8.85,,,,,,
1977-03-11,,8.85,,,,,,
1977-03-14,,8.85,,,,,,
1977-03-15,,8.85,,,,,,
1977-03-16,,8.85,,,,,,
1977-03-17,,8.85,,,,,,
1977-03-18,,8.83,,,,,,
1977-03-21,,8.83,,,,,,
1977-03-22,,8.83,,,,,,
1977-03-23,,8.83,,,,,,
1977-03-24,,8.83,,,,,,
1977-03-25,,8.82,,,,,,
1977-03-28,,8.82,,,,,,
1977-03-29,,8.82,,,,,,
1977-03-30,,8.82,,,,,,
1977-03-31,,8.82,,,,,,
1977-04-01,,8.82,,,,,,
1977-04-04,,8.82,,,,,,
1977-04-05,,8.82,,,,,,
1977-04-06,,8.82,,,,,,
1977-04-07,,8.82,,,,,,
1977-04-08,,8.85,,,,,,
1977-04-11,,8.85,,,,,,
1977-04-12,,8.85,,,,,,
1977-04-13,,8.85,,,,,,
1977-04-14,,8.85,,,,,,
1977-04-15,,8.85,,,,,,
1977-04-18,,8.85,,,,,,
1977-04-19,,8.85,,,,,,
1977-04-20,,8.85,,,,,,
1977-04-21,,8.85,,,,,,
1977-04-22,,8.85,,,,,,
1977-04-25,,8.85,,,,,,
1977-04-26,,8.85,,,,,,
1977-04-27,,8.85,,,,,,
1977-04-28,,8.85,,,,,,
1977-04-29,,8.85,,,,,,
1977-05-02,,8.85,,,,,,
1977-05-03,,8.85,,,,,,
1977-05-04,,8.85,,,,,,
1977-05-05,,8.85,,,,,,
1977-05-06,,8.85,,,,,,
1977-05-09,,8.85,,,,,,
1977-05-10,,8.85,,,,,,
1977-05-11,,8.85,,,,,,
1977-05-12,,8.85,,,,,,
1977-05-13,,8.81,,,,,,
1977-05-16,,8.81,,,,,,
1977-05-17,,8.81,,,,,,
1977-05-18,,8.81,,,,,,
1977-05-19,,8.81,,,,,,
1977-05-20,,8.83,,,,,,
1977-05-23,,8.83,,,,,,
1977-05-24,,8.83,,,,,,
1977-05-25,,8.83,,,,,,
1977-05-26,,8.83,,,,,,
1977-05-27,,8.83,,,,,,
1977-05-31,,8.83,,,,,,
1977-06-01,,8.83,,,,,,
1977-06-02,,8.83,,,,,,
1977-06-03,,8.85,,,,,,
1977-06-06,,8.85,,,,,,
1977-06-07,,8.85,,,,,,
1977-06-08,,8.85,,,,,,
1977-06-09,,8.85,,,,,,
1977-06-10,,8.85,,,,,,
1977-06-13,,8.85,,,,,,
1977-06-14,,8.85,,,,,,
1977-06-15,,8.85,,,,,,
1977-06-16,,8.85,,,,,,
1977-06-17,,8.85,,,,,,
1977-06-20,,8.88,,,,,,
1977-06-21,,8.88,,,,,,
1977-06-22,,8.88,,,,,,
1977-06-23,,8.88,,,,,,
1977-06-24,,8.88,,,,,,
1977-06-27,,8.88,,,,,,
1977-06-28,,8.88,,,,,,
1977-06-29,,8.88,,,,,,
1977-06-30,,8.88,,,,,,
1977-07-01,,8.81,,,,,,
1977-07-05,,8.81,,,,,,
1977-07-06,,8.81,,,,,,
1977-07-07,,8.81,,,,,,
1977-07-08,,8.81,,,,,,
1977-07-11,,8.81,,,,,,
1977-07-12,,8.81,,,,,,
1977-07-13,,8.81,,,,,,
1977-07-15,,8.85,,,,,,
1977-07-18,,8.85,,,,,,
1977-07-19,,8.85,,,,,,
1977-07-20,,8.85,,,,,,
1977-07-21,,8.85,,,,,,
1977-07-22,,8.81,,,,,,
1977-07-25,,8.81,,,,,,
1977-07-26,,8.81,,,,,,
1977-07-27,,8.81,,,,,,
1977-07-28,,8.81,,,,,,
1977-07-29,,8.73,,,,,,
1977-08-01,,8.73,,,,,,
1977-08-02,,8.73,,,,,,
1977-08-03,,8.73,,,,,,
1977-08-04,,8.73,,,,,,
1977-08-05,,8.72,,,,,,
1977-08-08,,8.72,,,,,,
1977-08-09,,8.72,,,,,,
1977-08-10,,8.72,,,,,,
1977-08-11,,8.72,,,,,,
1977-08-12,,8.72,,,,,,
1977-08-15,,8.72,,,,,,
1977-08-16,,8.72,,,,,,
1977-08-17,,8.72,,,,,,
1977-08-18,,8.72,,,,,,
1977-08-19,,8.71,,,,,,
1977-08-22,,8.71,,,,,,
1977-08-23,,8.71,,,,,,
1977-08-24,,8.71,,,,,,
1977-08-25,,8.71,,,,,,
1977-08-26,,8.73,,,,,,
1977-08-29,,8.73,,,,,,
1977-08-30,,8.73,,,,,,
1977-08-31,,8.73,,,,,,
1977-09-01,,8.73,,,,,,
1977-09-02,,8.73,,,,,,
1977-09-06,,8.73,,,,,,
1977-09-07,,8.73,,,,,,
1977-09-08,,8.73,,,,,,
1977-09-09,,8.73,,,,,,
1977-09-12,,8.73,,,,,,
1977-09-13,,8.73,,,,,,
1977-09-14,,8.73,,,,,,
1977-09-15,,8.73,,,,,,
1977-09-16,,8.73,,,,,,
1977-09-19,,8.73,,,,,,
1977-09-20,,8.73,,,,,,
1977-09-21,,8.73,,,,,,
1977-09-22,,8.73,,,,,,
1977-09-23,,8.73,,,,,,
1977-09-26,,8.73,,,,,,
1977-09-27,,8.73,,,,,,
1977-09-28,,8.73,,,,,,
1977-09-29,,8.73,,,,,,
1977-09-30,,8.73,,,,,,
1977-10-03,,8.73,,,,,,
1977-10-04,,8.73,,,,,,
1977-10-05,,8.73,,,,,,
1977-10-06,,8.73,,,,,,
1977-10-07,,8.62,,,,,,
1977-10-11,,8.62,,,,,,
1977-10-12,,8.62,,,,,,
1977-10-13,,8.62,,,,,,
1977-10-14,,8.58,,,,,,
1977-10-17,,8.58,,,,,,
1977-10-18,,8.58,,,,,,
1977-10-19,,8.58,,,,,,
1977-10-20,,8.58,,,,,,
1977-10-21,,8.58,,,,,,
1977-10-24,,8.58,,,,,,
1977-10-25,,8.58,,,,,,
1977-10-26,,8.58,,,,,,
1977-10-27,,8.58,,,,,,
1977-10-28,,8.55,,,,,,
1977-10-31,,8.55,,,,,,
1977-11-01,,8.55,,,,,,
1977-11-02,,8.55,,,,,,
1977-11-03,,8.55,,,,,,
1977-11-04,,8.7,,,,,,
1977-11-07,,8.7,,,,,,
1977-11-09,,8.7,,,,,,
1977-11-10,,8.7,,,,,,
1977-11-14,,8.7,,,,,,
1977-11-15,,8.7,,,,,,
1977-11-16,,8.7,,,,,,
1977-11-17,,8.7,,,,,,
1977-11-18,,8.61,,,,,,
1977-11-21,,8.61,,,,,,
1977-11-22,,8.61,,,,,,
1977-11-23,,8.61,,,,,,
1977-11-25,,8.62,,,,,,
1977-11-28,,8.62,,,,,,
1977-11-29,,8.62,,,,,,
1977-11-30,,8.62,,,,,,
1977-12-01,,8.62,,,,,,
1977-12-02,,8.62,,,,,,
1977-12-05,,8.62,,,,,,
1977-12-06,,8.62,,,,,,
1977-12-07,,8.62,,,,,,
1977-12-08,,8.62,,,,,,
1977-12-09,,8.62,,,,,,
1977-12-12,,8.62,,,,,,
1977-12-13,,8.62,,,,,,
1977-12-14,,8.62,,,,,,
1977-12-15,,8.62,,,,,,
1977-12-16,,8.47,,,,,,
1977-12-19,,8.47,,,,,,
1977-12-20,,8.47,,,,,,
1977-12-21,,8.47,,,,,,
1977-12-22,,8.47,,,,,,
1977-12-23,,8.47,,,,,,
1977-12-27,,8.47,,,,,,
1977-12-28,,8.47,,,,,,
1977-12-29,,8.47,,,,,,
1977-12-30,,8.23,,,,,,
1978-01-03,,8.47,,,,,,
1978-01-04,,8.47,,,,,,
1978-01-05,,8.47,,,,,,
1978-01-06,,8.23,,,,,,
1978-01-09,,8.23,,,,,,
1978-01-10,,8.23,,,,,,
1978-01-11,,8.23,,,,,,
1978-01-12,,8.23,,,,,,
1978-01-13,,8.16,,,,,,
1978-01-16,,8.16,,,,,,
1978-01-17,,8.16,,,,,,
1978-01-18,,8.16,,,,,,
1978-01-19,,8.16,,,,,,
1978-01-20,,8.16,,,,,,
1978-01-23,,8.1,,,,,,
1978-01-24,,8.1,,,,,,
1978-01-25,,8.1,,,,,,
1978-01-26,,8.1,,,,,,
1978-01-27,,8.1,,,,,,
1978-01-30,,8.1,,,,,,
1978-01-31,,8.1,,,,,,
1978-02-01,,8.06,,,,,,
1978-02-02,,8.06,,,,,,
1978-02-03,,8.06,,,,,,
1978-02-06,,8.06,,,,,,
1978-02-07,,8.1,,,,,,
1978-02-08,,8.1,,,,,,
1978-02-09,,8.1,,,,,,
1978-02-10,,8.13,,,,,,
1978-02-14,,8.13,,,,,,
1978-02-15,,8.13,,,,,,
1978-02-16,,8.13,,,,,,
1978-02-17,,8.13,,,,,,
1978-02-21,,8.13,,,,,,
1978-02-22,,8.13,,,,,,
1978-02-23,,8.13,,,,,,
1978-02-24,,8.13,,,,,,
1978-02-27,,8.13,,,,,,
1978-02-28,,8.13,,,,,,
1978-03-01,,8.13,,,,,,
1978-03-02,,8.13,,,,,,
1978-03-03,,8.13,,,,,,
1978-03-06,,8.1,,,,,,
1978-03-07,,8.1,,,,,,
1978-03-08,,8.1,,,,,,
1978-03-09,,8.1,,,,,,
1978-03-10,,8.1,,,,,,
1978-03-13,,8.23,,,,,,
1978-03-14,,8.23,,,,,,
1978-03-15,,8.23,,,,,,
1978-03-16,,8.23,,,,,,
1978-03-17,,8.23,,,,,,
1978-03-20,,8.1,,,,,,
1978-03-21,,8.1,,,,,,
1978-03-22,,8.23,,,,,,
1978-03-23,,8.33,,,,,,
1978-03-24,,8.33,,,,,,
1978-03-27,,8.33,,,,,,
1978-03-28,,8.33,,,,,,
1978-03-29,,8.33,,,,,,
1978-03-30,,8.33,,,,,,
1978-03-31,,8.33,,,,,,
1978-04-03,,8.33,,,,,,
1978-04-04,,8.33,,,,,,
1978-04-05,,8.33,,,,,,
1978-04-06,,8.33,,,,,,
1978-04-07,,8.38,,,,,,
1978-04-10,,8.38,,,,,,
1978-04-11,,8.38,,,,,,
1978-04-12,,8.38,,,,,,
1978-04-13,,8.38,,,,,,
1978-04-14,,8.4,,,,,,
1978-04-17,,8.4,,,,,,
1978-04-18,,8.4,,,,,,
1978-04-19,,8.4,,,,,,
1978-04-20,,8.4,,,,,,
1978-04-21,,8.7,,,,,,
1978-04-24,,8.7,,,,,,
1978-04-25,,8.7,,,,,,
1978-04-26,,8.7,,,,,,
1978-04-27,,8.7,,,,,,
1978-04-28,,8.58,,,,,,
1978-05-01,,8.58,,,,,,
1978-05-02,,8.58,,,,,,
1978-05-03,,8.58,,,,,,
1978-05-04,,8.58,,,,,,
1978-05-05,,8.55,,,,,,
1978-05-08,,8.55,,,,,,
1978-05-09,,8.55,,,,,,
1978-05-10,,8.55,,,,,,
1978-05-11,,8.55,,,,,,
1978-05-12,,8.55,,,,,,
1978-05-15,,8.64,,,,,,
1978-05-16,,8.64,,,,,,
1978-05-17,,8.64,,,,,,
1978-05-18,,8.64,,,,,,
1978-05-19,,8.64,,,,,,
1978-05-22,,8.67,,,,,,
1978-05-23,,8.67,,,,,,
1978-05-24,,8.67,,,,,,
1978-05-25,,8.67,,,,,,
1978-05-26,,8.44,,,,,,
1978-05-29,,8.44,,,,,,
1978-05-31,,8.44,,,,,,
1978-06-01,,8.44,,,,,,
1978-06-02,,8.4,,,,,,
1978-06-05,,8.4,,,,,,
1978-06-06,,8.4,,,,,,
1978-06-07,,8.4,,,,,,
1978-06-08,,8.4,,,,,,
1978-06-09,,8.4,,,,,,
1978-06-12,,8.44,,,,,,
1978-06-13,,8.44,,,,,,
1978-06-14,,8.44,,,,,,
1978-06-15,,8.44,,,,,,
1978-06-16,,8.44,,,,,,
1978-06-19,,8.44,,,,,,
1978-06-20,,8.44,,,,,,
1978-06-21,,8.44,,,,,,
1978-06-22,,8.44,,,,,,
1978-06-23,,8.44,,,,,,
1978-06-26,,8.33,,,,,,
1978-06-27,,8.33,,,,,,
1978-06-28,,8.33,,,,,,
1978-06-29,,8.33,,,,,,
1978-06-30,,8.33,,,,,,
1978-07-03,,8.26,,,,,,
1978-07-05,,8.26,,,,,,
1978-07-06,,8.26,,,,,,
1978-07-07,,8.23,,,,,,
1978-07-10,,8.23,,,,,,
1978-07-11,,8.23,,,,,,
1978-07-12,,8.23,,,,,,
1978-07-13,,8.23,,,,,,
1978-07-14,,8.13,,,,,,
1978-07-17,,8.13,,,,,,
1978-07-18,,8.13,,,,,,
1978-07-19,,8.13,,,,,,
1978-07-20,,8.13,,,,,,
1978-07-21,,8.13,,,,,,
1978-07-24,,8.13,,,,,,
1978-07-25,,8.13,,,,,,
1978-07-26,,8.13,,,,,,
1978-07-27,,8.13,,,,,,
1978-07-28,,8.13,,,,,,
1978-07-31,,7.97,,,,,,
1978-08-01,,7.97,,,,,,
1978-08-02,,7.97,,,,,,
1978-08-03,,7.97,,,,,,
1978-08-04,,7.97,,,,,,
1978-08-07,,8.03,,,,,,
1978-08-08,,8.03,,,,,,
1978-08-09,,8.03,,,,,,
1978-08-10,,8.03,,,,,,
1978-08-11,,8.03,,,,,,
1978-08-14,,7.9,,,,,,
1978-08-15,,7.9,,,,,,
1978-08-16,,7.9,,,,,,
1978-08-17,,7.9,,,,,,
1978-08-18,,7.9,,,,,,
1978-08-21,,8.03,,,,,,
1978-08-22,,8.03,,,,,,
1978-08-23,,8.03,,,,,,
1978-08-24,,8.03,,,,,,
1978-08-25,,8.03,,,,,,
1978-08-28,,8.16,,,,,,
1978-08-29,,8.16,,,,,,
1978-08-30,,8.16,,,,,,
1978-08-31,,8.16,,,,,,
1978-09-01,,8.16,,,,,,
1978-09-05,,8.03,,,,,,
1978-09-06,,8.03,,,,,,
1978-09-07,,8.03,,,,,,
1978-09-08,,8.03,,,,,,
1978-09-11,,8.11,,,,,,
1978-09-12,,8.11,,,,,,
1978-09-13,,8.11,,,,,,
1978-09-14,,8.11,,,,,,
1978-09-15,,8.11,,,,,,
1978-09-18,,8.01,,,,,,
1978-09-19,,8.01,,,,,,
1978-09-20,,8.01,,,,,,
1978-09-21,,8.01,,,,,,
1978-09-22,,8.01,,,,,,
1978-09-25,,7.97,,,,,,
1978-09-26,,7.97,,,,,,
1978-09-27,,7.97,,,,,,
1978-09-28,,7.97,,,,,,
1978-09-29,,7.97,,,,,,
1978-10-02,,7.97,,,,,,
1978-10-03,,7.97,,,,,,
1978-10-04,,7.97,,,,,,
1978-10-05,,7.97,,,,,,
1978-10-06,,7.97,,,,,,
1978-10-10,,7.92,,,,,,
1978-10-11,,7.92,,,,,,
1978-10-12,,7.91,,,,,,
1978-10-13,,7.91,,,,,,
1978-10-16,,7.87,,,,,,
1978-10-17,,7.87,,,,,,
1978-10-18,,7.87,,,,,,
1978-10-19,,7.87,,,,,,
1978-10-20,,7.97,,,,,,
1978-10-23,,7.97,,,,,,
1978-10-24,,7.97,,,,,,
1978-10-25,,7.97,,,,,,
1978-10-26,,7.97,,,,,,
1978-10-27,,7.97,,,,,,
1978-10-30,,7.66,,,,,,
1978-10-31,,7.66,,,,,,
1978-11-01,,7.66,,,,,,
1978-11-02,,7.66,,,,,,
1978-11-03,,7.66,,,,,,
1978-11-06,,7.81,,,,,,
1978-11-08,,7.81,,,,,,
1978-11-09,,7.81,,,,,,
1978-11-10,,7.81,,,,,,
1978-11-13,,8.0,,,,,,
1978-11-14,,8.0,,,,,,
1978-11-15,,8.0,,,,,,
1978-11-16,,8.0,,,,,,
1978-11-17,,8.2,,,,,,
1978-11-20,,8.2,,,,,,
1978-11-21,,8.2,,,,,,
1978-11-22,,8.2,,,,,,
1978-11-24,,8.33,,,,,,
1978-11-27,,8.33,,,,,,
1978-11-28,,8.33,,,,,,
1978-11-29,,8.33,,,,,,
1978-11-30,,8.33,,,,,,
1978-12-01,,8.18,,,,,,
1978-12-04,,8.18,,,,,,
1978-12-05,,8.18,,,,,,
1978-12-06,,8.18,,,,,,
1978-12-07,,8.18,,,,,,
1978-12-08,,8.18,,,,,,
1978-12-11,,8.29,,,,,,
1978-12-12,,8.29,,,,,,
1978-12-13,,8.29,,,,,,
1978-12-14,,8.29,,,,,,
1978-12-15,,8.29,,,,,,
1978-12-18,,8.16,,,,,,
1978-12-19,,8.16,,,,,,
1978-12-20,,8.16,,,,,,
1978-12-21,,8.16,,,,,,
1978-12-22,,8.23,,,,,,
1978-12-26,,8.23,,,,,,
1978-12-27,,8.23,,,,,,
1978-12-28,,8.23,,,,,,
1978-12-29,,8.23,,,,,,
1979-01-02,,8.08,,,,,,
1979-01-03,,8.08,,,,,,
1979-01-04,,8.08,,,,,,
1979-01-05,,8.08,,,,,,
1979-01-08,,8.08,,,,,,
1979-01-09,,8.08,,,,,,
1979-01-10,,8.08,,,,,,
1979-01-11,,8.08,,,,,,
1979-01-12,,8.33,,,,,,
1979-01-15,,8.33,,,,,,
1979-01-16,,8.33,,,,,,
1979-01-17,,8.33,,,,,,
1979-01-18,,8.33,,,,,,
1979-01-19,,8.23,,,,,,
1979-01-22,,8.23,,,,,,
1979-01-23,,8.23,,,,,,
1979-01-24,,8.23,,,,,,
1979-01-25,,8.23,,,,,,
1979-01-26,,8.29,,,,,,
1979-01-29,,8.29,,,,,,
1979-01-30,,8.29,,,,,,
1979-01-31,,8.29,,,,,,
1979-02-01,,8.29,,,,,,
1979-02-02,,8.29,,,,,,
1979-02-05,,8.3,,,,,,
1979-02-06,,8.3,,,,,,
1979-02-07,,8.3,,,,,,
1979-02-08,,8.3,,,,,,
1979-02-09,,8.3,,,,,,
1979-02-13,,8.22,,,,,,
1979-02-14,,8.22,,,,,,
1979-02-15,,8.22,,,,,,
1979-02-16,,8.22,,,,,,
1979-02-20,,8.22,,,,,,
1979-02-21,,8.22,,,,,,
1979-02-22,,8.22,,,,,,
1979-02-23,,8.22,,,,,,
1979-02-26,,8.22,,,,,,
1979-02-27,,8.22,,,,,,
1979-02-28,,8.22,,,,,,
1979-03-01,,8.22,,,,,,
1979-03-02,,8.17,,,,,,
1979-03-05,,8.22,,,,,,
1979-03-06,,8.22,,,,,,
1979-03-07,,8.22,,,,,,
1979-03-08,,8.22,,,,,,
1979-03-09,,8.22,,,,,,
1979-03-12,,8.18,,,,,,
1979-03-13,,8.18,,,,,,
1979-03-14,,8.18,,,,,,
1979-03-15,,8.18,,,,,,
1979-03-16,,8.29,,,,,,
1979-03-19,,8.29,,,,,,
1979-03-20,,8.29,,,,,,
1979-03-21,,8.29,,,,,,
1979-03-22,,8.29,,,,,,
1979-03-23,,8.3,,,,,,
1979-03-26,,8.3,,,,,,
1979-03-27,,8.3,,,,,,
1979-03-28,,8.3,,,,,,
1979-03-29,,8.3,,,,,,
1979-03-30,,8.16,,,,,,
1979-04-02,,8.14,,,,,,
1979-04-03,,8.14,,,,,,
1979-04-04,,8.14,,,,,,
1979-04-05,,8.08,,,,,,
1979-04-06,,8.1,,,,,,
1979-04-09,,8.2,,,,,,
1979-04-10,,8.2,,,,,,
1979-04-11,,8.2,,,,,,
1979-04-12,,8.2,,,,,,
1979-04-13,,8.13,,,,,,
1979-04-16,,8.1,,,,,,
1979-04-17,,8.1,,,,,,
1979-04-18,,8.1,,,,,,
1979-04-19,,8.2,,,,,,
1979-04-20,,8.3,,,,,,
1979-04-23,,8.3,,,,,,
1979-04-24,,8.3,,,,,,
1979-04-25,,8.33,,,,,,
1979-04-26,,8.33,,,,,,
1979-04-27,,8.37,,,,,,
1979-04-30,,8.37,,,,,,
1979-05-01,,8.37,,,,,,
1979-05-02,,8.37,,,,,,
1979-05-03,,8.37,,,,,,
1979-05-04,,8.26,,,,,,
1979-05-07,,8.26,,,,,,
1979-05-08,,8.26,,,,,,
1979-05-09,,8.26,,,,,,
1979-05-10,,8.3,,,,,,
1979-05-11,,8.39,,,,,,
1979-05-14,,8.39,,,,,,
1979-05-15,,8.39,,,,,,
1979-05-16,,8.39,,,,,,
1979-05-17,,8.39,,,,,,
1979-05-18,,8.22,,,,,,
1979-05-21,,8.22,,,,,,
1979-05-22,,8.22,,,,,,
1979-05-23,,8.22,,,,,,
1979-05-24,,8.22,,,,,,
1979-05-25,,8.26,,,,,,
1979-05-28,,8.22,,,,,,
1979-05-29,,8.22,,,,,,
1979-05-31,,8.16,,,,,,
1979-06-01,,8.16,,,,,,
1979-06-04,,8.16,,,,,,
1979-06-05,,8.16,,,,,,
1979-06-06,,8.16,,,,,,
1979-06-07,,8.16,,,,,,
1979-06-08,,8.17,,,,,,
1979-06-11,,8.17,,,,,,
1979-06-12,,8.1,,,,,,
1979-06-13,,8.06,,,,,,
1979-06-14,,8.0,,,,,,
1979-06-15,,8.15,,,,,,
1979-06-18,,8.16,,,,,,
1979-06-19,,8.16,,,,,,
1979-06-20,,8.06,,,,,,
1979-06-21,,8.06,,,,,,
1979-06-22,,8.13,,,,,,
1979-06-25,,8.13,,,,,,
1979-06-26,,8.1,,,,,,
1979-06-27,,8.11,,,,,,
1979-06-28,,8.08,,,,,,
1979-06-29,,8.06,,,,,,
1979-07-02,,8.01,,,,,,
1979-07-03,,7.87,,,,,,
1979-07-05,,7.97,,,,,,
1979-07-06,,7.96,,,,,,
1979-07-09,,7.96,,,,,,
1979-07-10,,7.96,,,,,,
1979-07-11,,7.96,,,,,,
1979-07-12,,7.96,,,,,,
1979-07-13,,8.0,,,,,,
1979-07-16,,8.0,,,,,,
1979-07-17,,7.91,,,,,,
1979-07-18,,7.91,,,,,,
1979-07-19,,7.84,,,,,,
1979-07-20,,7.84,,,,,,
1979-07-23,,7.8,,,,,,
1979-07-24,,7.75,,,,,,
1979-07-25,,7.75,,,,,,
1979-07-26,,7.75,,,,,,
1979-07-27,,7.94,,,,,,
1979-07-30,,7.94,,,,,,
1979-07-31,,7.96,,,,,,
1979-08-01,,8.0,,,,,,
1979-08-02,,8.0,,,,,,
1979-08-03,,7.87,,,,,,
1979-08-06,,7.99,,,,,,
1979-08-07,,7.99,,,,,,
1979-08-08,,7.99,,,,,,
1979-08-09,,8.03,,,,,,
1979-08-10,,8.0,,,,,,
1979-08-13,,7.99,,,,,,
1979-08-14,,7.99,,,,,,
1979-08-15,,7.99,,,,,,
1979-08-16,,7.99,,,,,,
1979-08-17,,8.0,,,,,,
1979-08-20,,8.0,,,,,,
1979-08-21,,8.0,,,,,,
1979-08-22,,8.0,,,,,,
1979-08-23,,8.0,,,,,,
1979-08-24,,8.08,,,,,,
1979-08-27,,8.08,,,,,,
1979-08-28,,8.08,,,,,,
1979-08-29,,8.08,,,,,,
1979-08-30,,8.08,,,,,,
1979-08-31,,8.03,,,,,,
1979-09-04,,8.08,,,,,,
1979-09-05,,8.03,,,,,,
1979-09-06,,8.03,,,,,,
1979-09-07,,8.03,,,,,,
1979-09-10,,8.03,,,,,,
1979-09-11,,8.03,,,,,,
1979-09-12,,8.03,,,,,,
1979-09-13,,8.14,,,,,,
1979-09-14,,8.24,,,,,,
1979-09-17,,8.24,,,,,,
1979-09-18,,8.24,,,,,,
1979-09-19,,8.24,,,,,,
1979-09-20,,8.24,,,,,,
1979-09-21,,8.13,,,,,,
1979-09-24,,8.24,,,,,,
1979-09-25,,8.24,,,,,,
1979-09-26,,8.24,,,,,,
1979-09-27,,8.06,,,,,,
1979-09-28,,8.07,,,,,,
1979-10-01,,8.09,,,,,,
1979-10-02,,8.09,,,,,,
1979-10-03,,8.08,,,,,,
1979-10-04,,8.08,,,,,,
1979-10-05,,8.12,,,,,,
1979-10-09,,8.25,,,,,,
1979-10-10,,8.25,,,,,,
1979-10-11,,8.18,,,,,,
1979-10-12,,8.18,,,,,,
1979-10-15,,8.18,,,,,,
1979-10-16,,8.18,,,,,,
1979-10-17,,8.18,,,,,,
1979-10-18,,8.25,,,,,,
1979-10-19,,8.26,,,,,,
1979-10-22,,8.26,,,,,,
1979-10-23,,8.34,,,,,,
1979-10-24,,8.3,,,,,,
1979-10-25,,8.3,,,,,,
1979-10-26,,8.3,,,,,,
1979-10-29,,8.3,,,,,,
1979-10-30,,8.4,,,,,,
1979-10-31,,8.4,,,,,,
1979-11-01,,8.32,,,,,,
1979-11-02,,8.37,,,,,,
1979-11-05,,8.33,,,,,,
1979-11-07,,8.28,,,,,,
1979-11-08,,8.25,,,,,,
1979-11-09,,8.28,,,,,,
1979-11-13,,8.28,,,,,,
1979-11-14,,8.23,,,,,,
1979-11-15,,8.1,,,,,,
1979-11-16,,8.1,,,,,,
1979-11-19,,8.15,,,,,,
1979-11-20,,8.15,,,,,,
1979-11-21,,8.15,,,,,,
1979-11-23,,8.12,,,,,,
1979-11-26,,8.1,,,,,,
1979-11-27,,8.16,,,,,,
1979-11-28,,8.16,,,,,,
1979-11-29,,8.1,,,,,,
1979-11-30,,8.03,,,,,,
1979-12-03,,8.0,,,,,,
1979-12-04,,8.08,,,,,,
1979-12-05,,8.1,,,,,,
1979-12-06,,8.13,,,,,,
1979-12-07,,8.03,,,,,,
1979-12-10,,8.15,,,,,,
1979-12-11,,8.15,,,,,,
1979-12-12,,8.04,,,,,,
1979-12-13,,8.13,,,,,,
1979-12-14,,8.14,,,,,,
1979-12-17,,8.14,,,,,,
1979-12-18,,8.14,,,,,,
1979-12-19,,8.14,,,,,,
1979-12-20,,8.1,,,,,,
1979-12-21,,8.14,,,,,,
1979-12-24,,8.14,,,,,,
1979-12-26,,8.14,,,,,,
1979-12-27,,8.1,,,,,,
1979-12-28,,8.0,,,,,,
1979-12-31,,8.0,,,,,,
1980-01-02,,8.0,,,,,,
1980-01-03,,7.95,,,,,,
1980-01-04,,8.05,,,,,,
1980-01-07,,8.05,,,,,,
1980-01-08,,8.05,,,,,,
1980-01-09,,8.0,,,,,,
1980-01-10,,8.0,,,,,,
1980-01-11,,8.03,,,,,,
1980-01-14,,8.03,,,,,,
1980-01-15,,7.9,,,,,,
1980-01-16,,7.9,,,,,,
1980-01-17,,7.96,,,,,,
1980-01-18,,7.85,,,,,,
1980-01-21,,7.93,,,,,,
1980-01-22,,7.98,,,,,,
1980-01-23,,8.0,,,,,,
1980-01-24,,8.0,,,,,,
1980-01-25,,8.0,,,,,,
1980-01-28,,8.0,,,,,,
1980-01-29,,8.0,,,,,,
1980-01-30,,8.0,,,,,,
1980-01-31,,8.06,,,,,,
1980-02-01,,8.04,,,,,,
1980-02-04,,8.04,,,,,,
1980-02-05,,8.0,,,,,,
1980-02-06,,7.96,,,,,,
1980-02-07,,7.92,,,,,,
1980-02-08,,7.85,,,,,,
1980-02-11,,7.9,,,,,,
1980-02-13,,7.9,,,,,,
1980-02-14,,7.9,,,,,,
1980-02-15,,7.92,,,,,,
1980-02-19,,7.98,,,,,,
1980-02-20,,8.0,,,,,,
1980-02-21,,8.0,,,,,,
1980-02-22,,8.0,,,,,,
1980-02-25,,8.05,,,,,,
1980-02-26,,8.05,,,,,,
1980-02-27,,8.02,,,,,,
1980-02-28,,8.06,,,,,,
1980-02-29,,8.06,,,,,,
1980-03-03,,8.08,,,,,,
1980-03-04,,8.08,,,,,,
1980-03-05,,8.1,,,,,,
1980-03-06,,8.13,,,,,,
1980-03-07,,8.13,,,,,,
1980-03-10,,8.13,,,,,,
1980-03-11,,8.15,,,,,,
1980-03-12,,8.13,,,,,,
1980-03-13,,8.13,,,,,,
1980-03-14,,8.17,,,,,,
1980-03-17,,8.2,,,,,,
1980-03-18,,8.2,,,,,,
1980-03-19,,8.16,,,,,,
1980-03-20,,8.16,,,,,,
1980-03-21,,8.16,,,,,,
1980-03-24,,8.16,,,,,,
1980-03-25,,8.15,,,,,,
1980-03-26,,8.15,,,,,,
1980-03-27,,8.2,,,,,,
1980-03-28,,8.2,,,,,,
1980-03-31,,8.22,,,,,,
1980-04-01,,8.3,,,,,,
1980-04-02,,8.25,,,,,,
1980-04-03,,8.2,,,,,,
1980-04-04,,8.2,,,,,,
1980-04-07,,8.2,,,,,,
1980-04-08,,8.2,,,,,,
1980-04-09,,8.2,,,,,,
1980-04-10,,8.08,,,,,,
1980-04-11,,8.08,,,,,,
1980-04-14,,8.03,,,,,,
1980-04-15,,8.05,,,,,,
1980-04-16,,7.98,,,,,,
1980-04-17,,8.05,,,,,,
1980-04-18,,8.05,,,,,,
1980-04-21,,8.03,,,,,,
1980-04-22,,8.0,,,,,,
1980-04-23,,7.97,,,,,,
1980-04-24,,7.97,,,,,,
1980-04-25,,8.0,,,,,,
1980-04-28,,7.9,,,,,,
1980-04-29,,7.9,,,,,,
1980-04-30,,7.9,,,,,,
1980-05-01,,7.9,,,,,,
1980-05-02,,7.9,,,,,,
1980-05-05,,7.9,,,,,,
1980-05-06,,7.9,,,,,,
1980-05-07,,7.9,,,,,,
1980-05-08,,7.9,,,,,,
1980-05-09,,7.9,,,,,,
1980-05-12,,7.88,,,,,,
1980-05-13,,7.9,,,,,,
1980-05-14,,7.9,,,,,,
1980-05-15,,7.9,,,,,,
1980-05-16,,7.9,,,,,,
1980-05-19,,7.9,,,,,,
1980-05-20,,7.9,,,,,,
1980-05-21,,7.85,,,,,,
1980-05-22,,7.82,,,,,,
1980-05-23,,7.82,,,,,,
1980-05-27,,7.71,,,,,,
1980-05-28,,7.75,,,,,,
1980-05-29,,7.75,,,,,,
1980-05-30,,7.75,,,,,,
1980-06-02,,7.75,,,,,,
1980-06-03,,7.77,,,,,,
1980-06-04,,7.92,,,,,,
1980-06-05,,7.86,,,,,,
1980-06-06,,7.86,,,,,,
1980-06-09,,7.82,,,,,,
1980-06-10,,7.82,,,,,,
1980-06-11,,7.85,,,,,,
1980-06-12,,7.82,,,,,,
1980-06-13,,7.82,,,,,,
1980-06-16,,7.83,,,,,,
1980-06-17,,7.85,,,,,,
1980-06-18,,7.85,,,,,,
1980-06-19,,7.89,,,,,,
1980-06-20,,7.87,,,,,,
1980-06-23,,7.85,,,,,,
1980-06-24,,7.87,,,,,,
1980-06-25,,7.87,,,,,,
1980-06-26,,7.87,,,,,,
1980-06-27,,7.85,,,,,,
1980-06-30,,7.8,,,,,,
1980-07-01,,7.8,,,,,,
1980-07-02,,7.77,,,,,,
1980-07-03,,7.8,,,,,,
1980-07-07,,7.8,,,,,,
1980-07-08,,7.75,,,,,,
1980-07-09,,7.75,,,,,,
1980-07-10,,7.77,,,,,,
1980-07-11,,7.77,,,,,,
1980-07-14,,7.75,,,,,,
1980-07-15,,7.75,,,,,,
1980-07-16,,7.75,,,,,,
1980-07-17,,7.77,,,,,,
1980-07-18,,7.77,,,,,,
1980-07-21,,7.77,,,,,,
1980-07-22,,7.76,,,,,,
1980-07-23,,7.75,,,,,,
1980-07-24,,7.75,,,,,,
1980-07-25,,7.73,,,,,,
1980-07-28,,7.77,,,,,,
1980-07-29,,7.77,,,,,,
1980-07-30,,7.76,,,,,,
1980-07-31,,7.8,,,,,,
1980-08-01,,7.8,,,,,,
1980-08-04,,7.77,,,,,,
1980-08-05,,7.78,,,,,,
1980-08-06,,7.75,,,,,,
1980-08-07,,7.75,,,,,,
1980-08-08,,7.79,,,,,,
1980-08-11,,7.79,,,,,,
1980-08-12,,7.79,,,,,,
1980-08-13,,7.77,,,,,,
1980-08-14,,7.77,,,,,,
1980-08-15,,7.77,,,,,,
1980-08-18,,7.8,,,,,,
1980-08-19,,7.83,,,,,,
1980-08-20,,7.8,,,,,,
1980-08-21,,7.8,,,,,,
1980-08-22,,7.8,,,,,,
1980-08-25,,7.8,,,,,,
1980-08-26,,7.8,,,,,,
1980-08-27,,7.77,,,,,,
1980-08-28,,7.75,,,,,,
1980-08-29,,7.75,,,,,,
1980-09-02,,7.73,,,,,,
1980-09-03,,7.73,,,,,,
1980-09-04,,7.73,,,,,,
1980-09-05,,7.73,,,,,,
1980-09-08,,7.74,,,,,,
1980-09-09,,7.74,,,,,,
1980-09-10,,7.77,,,,,,
1980-09-11,,7.72,,,,,,
1980-09-12,,7.73,,,,,,
1980-09-15,,7.77,,,,,,
1980-09-16,,7.8,,,,,,
1980-09-17,,7.8,,,,,,
1980-09-18,,7.75,,,,,,
1980-09-19,,7.75,,,,,,
1980-09-22,,7.75,,,,,,
1980-09-23,,7.75,,,,,,
1980-09-24,,7.75,,,,,,
1980-09-25,,7.75,,,,,,
1980-09-26,,7.75,,,,,,
1980-09-29,,7.75,,,,,,
1980-09-30,,7.75,,,,,,
1980-10-01,,7.75,,,,,,
1980-10-02,,7.77,,,,,,
1980-10-03,,7.77,,,,,,
1980-10-06,,7.75,,,,,,
1980-10-07,,7.76,,,,,,
1980-10-08,,7.76,,,,,,
1980-10-09,,7.76,,,,,,
1980-10-10,,7.75,,,,,,
1980-10-14,,7.73,,,,,,
1980-10-15,,7.73,,,,,,
1980-10-16,,7.73,,,,,,
1980-10-17,,7.73,,,,,,
1980-10-20,,7.72,,,,,,
1980-10-21,,7.72,,,,,,
1980-10-22,,7.72,,,,,,
1980-10-23,,7.72,,,,,,
1980-10-24,,7.68,,,,,,
1980-10-27,,7.68,,,,,,
1980-10-28,,7.72,,,,,,
1980-10-29,,7.72,,,,,,
1980-10-30,,7.72,,,,,,
1980-10-31,,7.72,,,,,,
1980-11-03,,7.72,,,,,,
1980-11-05,,7.7,,,,,,
1980-11-06,,7.7,,,,,,
1980-11-07,,7.72,,,,,,
1980-11-10,,7.73,,,,,,
1980-11-12,,7.75,,,,,,
1980-11-13,,7.74,,,,,,
1980-11-14,,7.71,,,,,,
1980-11-17,,7.8,,,,,,
1980-11-18,,7.8,,,,,,
1980-11-19,,7.8,,,,,,
1980-11-20,,7.8,,,,,,
1980-11-21,,7.8,,,,,,
1980-11-24,,7.85,,,,,,
1980-11-25,,7.85,,,,,,
1980-11-26,,7.82,,,,,,
1980-11-28,,7.82,,,,,,
1980-12-01,,7.86,,,,,,
1980-12-02,,7.86,,,,,,
1980-12-03,,7.92,,,,,,
1980-12-04,,7.92,,,,,,
1980-12-05,,7.92,,,,,,
1980-12-08,,7.91,,,,,,
1980-12-09,,7.92,,,,,,
1980-12-10,,7.92,,,,,,
1980-12-11,,7.97,,,,,,
1980-12-12,,7.95,,,,,,
1980-12-15,,7.92,,,,,,
1980-12-16,,7.98,,,,,,
1980-12-17,,7.99,,,,,,
1980-12-18,,7.98,,,,,,
1980-12-19,,7.97,,,,,,
1980-12-22,,7.95,,,,,,
1980-12-23,,7.91,,,,,,
1980-12-24,,7.91,,,,,,
1980-12-26,,7.91,,,,,,
1980-12-29,,7.94,,,,,,
1980-12-30,,7.94,,,,,,
1980-12-31,,7.94,,,,,,
1981-01-02,1.5341,7.89,,2.093,20.6611,,,
1981-01-05,1.5418,7.81,,2.081,20.6611,,,
1981-01-06,1.5264,7.89,,2.08,20.6611,,,
1981-01-07,1.5264,7.86,,2.08,20.6611,,,
1981-01-08,1.5264,7.95,,2.0815,20.6611,,,
1981-01-09,1.5371,7.95,,2.0865,20.6611,,,
1981-01-12,1.5371,7.93,,2.0835,20.6611,,,
1981-01-13,1.5449,7.99,,2.0945,20.6611,,,
1981-01-14,1.5449,7.97,,2.0875,20.6611,,,
1981-01-15,1.5449,7.96,,2.085,20.6611,,,
1981-01-16,1.5557,7.97,,2.079,20.6611,,,
1981-01-19,1.5557,7.97,,2.0765,20.6611,,,
1981-01-20,1.5557,7.9,,2.072,20.6611,,,
1981-01-21,1.5557,7.93,,2.0675,20.6611,,,
1981-01-22,1.551,7.93,,2.079,20.6611,,,
1981-01-23,1.551,7.98,,2.082,20.6611,,,
1981-01-26,1.5634,7.98,,2.083,20.6611,,,
1981-01-27,1.5759,8.03,,2.079,20.6611,,,
1981-01-28,1.5822,8.05,,2.0725,20.6611,,,
1981-01-29,1.5886,8.07,,2.074,20.6611,,,
1981-01-30,1.5886,8.1,,2.088,20.6611,,,
1981-02-02,1.6108,8.2,,2.08,20.6611,,,
1981-02-03,1.6108,8.15,,2.08,20.6611,,,
1981-02-04,1.6028,8.12,,2.07,20.6611,,,
1981-02-05,1.6028,8.15,,2.073,20.6611,,,
1981-02-06,1.6028,8.16,,2.077,20.6611,,,
1981-02-09,1.6059,8.16,,2.074,20.6611,,,
1981-02-10,1.6059,8.16,,2.081,20.6611,,,
1981-02-11,1.6059,8.18,,2.0765,20.6611,,,
1981-02-13,1.6285,8.21,,2.095,20.6611,,,
1981-02-17,1.6579,8.24,,2.0965,20.6611,,,
1981-02-18,1.6298,8.22,,2.097,20.6611,,,
1981-02-19,1.6298,8.22,,2.093,20.6611,,,
1981-02-20,1.6021,8.23,,2.085,20.6611,,,
1981-02-23,1.5909,8.29,,2.092,20.6611,,,
1981-02-24,1.6099,8.31,,2.097,20.6611,,,
1981-02-25,1.6035,8.33,,2.0985,20.6611,,,
1981-02-26,1.6179,8.32,,2.096,20.6611,,,
1981-02-27,1.6179,8.33,,2.103,20.6185,,,
1981-03-02,1.6293,8.33,,2.108,20.6185,,,
1981-03-03,1.6456,8.25,,2.11,20.6185,,,
1981-03-04,1.6374,8.19,,2.1065,20.4918,,,
1981-03-05,1.6456,8.23,,2.1105,20.4918,,,
1981-03-06,1.6456,8.23,,2.109,20.4918,,,
1981-03-09,1.6456,8.26,,2.104,20.4918,,,
1981-03-10,1.6407,8.23,,2.1015,20.4918,,,
1981-03-11,1.6407,8.16,,2.1,20.4918,,,
1981-03-12,1.6407,8.18,,2.1115,20.4918,,,
1981-03-13,1.6407,8.23,,2.106,20.5,,,
1981-03-16,1.6402,8.23,,2.101,20.5,,,
1981-03-17,1.6309,8.2,,2.1,20.5,,,
1981-03-18,1.6227,8.21,,2.081,20.5,,,
1981-03-19,1.6049,8.23,,2.085,20.5,,,
1981-03-20,1.6129,8.23,,2.088,20.5,,,
1981-03-23,1.6129,8.28,,2.0995,20.5,,,
1981-03-24,1.6209,8.26,,2.097,20.65,,,
1981-03-25,1.6209,8.27,,2.091,20.65,,,
1981-03-26,1.6209,8.26,,2.0945,20.65,,,
1981-03-27,1.6372,8.31,,2.091,20.65,,,
1981-03-30,1.6372,8.31,,2.0865,20.65,,,
1981-03-31,1.6165,8.27,,2.091,20.65,,,
1981-04-01,1.6337,8.27,,2.09,20.65,,,
1981-04-02,1.6337,8.27,,2.093,20.65,,,
1981-04-03,1.6418,8.31,,2.096,20.67,,,
1981-04-06,1.65,8.35,,2.099,20.67,,,
1981-04-07,1.6599,8.33,,2.104,20.67,,,
1981-04-08,1.6483,8.23,,2.102,20.67,,,
1981-04-09,1.6483,8.26,,2.1005,20.67,,,
1981-04-10,1.6565,8.26,,2.103,20.75,,,
1981-04-13,1.6565,8.32,675.4,2.1105,20.75,,,
1981-04-14,1.6682,8.32,676.7,2.1145,20.75,,,
1981-04-15,1.6682,8.33,676.7,2.115,20.75,,,
1981-04-16,1.6798,8.32,676.7,2.113,20.75,,,
1981-04-17,1.6798,8.32,676.75,2.118,20.75,,,
1981-04-20,1.6798,8.32,676.7,2.12,20.75,,,
1981-04-21,1.6798,8.31,676.7,2.124,20.75,,,
1981-04-22,1.6798,8.27,676.7,2.121,20.75,,,
1981-04-23,1.6798,8.23,676.7,2.12,20.75,,,
1981-04-24,1.6798,8.25,678.1,2.12,20.75,,,
1981-04-27,1.6798,8.25,678.1,2.112,20.75,,,
1981-04-28,1.6798,8.26,678.1,2.114,20.75,,,
1981-04-29,1.6798,8.31,678.1,2.121,20.75,,,
1981-04-30,1.6882,8.33,678.9,2.12,20.75,,,
1981-05-01,1.6882,8.35,679.6,2.124,20.75,,,
1981-05-04,1.6882,8.38,679.6,2.131,20.75,,,
1981-05-05,1.7085,8.38,679.6,2.1405,20.75,,,
1981-05-06,1.717,8.33,680.1,2.138,20.75,,,
1981-05-07,1.717,8.34,680.1,2.146,20.75,,,
1981-05-08,1.717,8.33,680.4,2.132,20.75,,,
1981-05-11,1.717,8.34,680.4,2.1435,20.75,,,
1981-05-12,1.7273,8.36,680.8,2.154,20.75,,,
1981-05-13,1.7273,8.37,680.8,2.1545,20.75,,,
1981-05-14,1.7359,8.43,682.1,2.16,20.75,,,
1981-05-15,1.7359,8.45,682.8,2.157,21.0,,,
1981-05-18,1.7359,8.39,682.9,2.1535,21.0,,,
1981-05-19,1.7359,8.4,682.9,2.155,21.0,,,
1981-05-20,1.7359,8.42,683.1,2.146,21.0,,,
1981-05-21,1.7272,8.41,683.1,2.1525,21.0,,,
1981-05-22,1.7429,8.43,683.1,2.156,21.0,,,
1981-05-26,1.7392,8.5,683.8,2.162,21.0,,,
1981-05-27,1.748,8.5,684.1,2.162,21.0,,,
1981-05-28,1.748,8.5,684.4,2.158,21.0,,,
1981-05-29,1.748,8.48,684.4,2.156,21.0,,,
1981-06-01,1.748,8.5,684.4,2.154,21.0,,,
1981-06-02,1.7567,8.5,684.4,2.156,21.0,,,
1981-06-03,1.7567,8.53,684.4,2.156,21.0,,,
1981-06-04,1.7672,8.57,684.4,2.17,21.0,,,
1981-06-05,1.7813,8.6,684.6,2.17,21.0,,,
1981-06-08,1.7813,8.6,684.6,2.163,21.0,,,
1981-06-09,1.7813,8.62,684.6,2.165,21.0,,,
1981-06-10,1.7742,8.6,684.6,2.154,21.0,,,
1981-06-11,1.7813,8.58,684.6,2.158,21.0,,,
1981-06-12,1.7724,8.61,684.6,2.1525,21.0,,,
1981-06-15,1.7512,8.55,684.6,2.128,21.0,,,
1981-06-16,1.7512,8.49,684.6,2.126,21.0,,,
1981-06-17,1.7512,8.49,684.6,2.131,21.0,,,
1981-06-18,1.7599,8.51,684.6,2.132,21.0,,,
1981-06-19,1.7599,8.53,684.6,2.131,21.0,,,
1981-06-22,1.7511,8.52,684.6,2.1325,21.0,,,
1981-06-23,1.7511,8.51,684.6,2.13,21.0,,,
1981-06-24,1.7511,8.54,684.6,2.126,21.0,,,
1981-06-25,1.7511,8.56,684.6,2.133,21.0,,,
1981-06-26,1.7511,8.59,683.2,2.1325,20.9,,,
1981-06-29,1.7511,8.62,683.2,2.134,20.9,,,
1981-06-30,1.7511,8.62,683.2,2.132,20.9,,,
1981-07-01,1.7511,8.65,683.2,2.138,20.9,,,
1981-07-02,1.7616,8.81,685.8,2.155,20.95,,,
1981-07-03,1.7616,8.84,686.1,2.152,20.36,,,
1981-07-06,1.7616,8.85,686.1,2.161,20.36,,,
1981-07-07,1.7686,8.77,686.7,2.1585,20.82,,,
1981-07-08,1.7686,8.85,686.7,2.165,20.82,,,
1981-07-09,1.7686,8.87,686.7,2.163,20.82,,,
1981-07-10,1.7686,8.83,686.7,2.151,20.82,,,
1981-07-13,1.7598,8.84,686.7,2.1555,20.82,,,
1981-07-14,1.751,8.95,686.7,2.162,23.05,,,
1981-07-15,1.7598,8.93,686.7,2.152,23.05,,,
1981-07-16,1.751,8.93,686.7,2.155,23.05,,,
1981-07-17,1.751,8.93,686.7,2.1575,23.05,,,
1981-07-20,1.7597,8.97,686.7,2.1585,23.05,,,
1981-07-21,1.7667,8.98,686.7,2.1655,23.05,,,
1981-07-22,1.7667,9.0,686.7,2.162,23.05,,,
1981-07-23,1.7667,8.97,686.7,2.1625,23.05,,,
1981-07-24,1.7667,8.98,686.7,2.1555,23.05,,,
1981-07-27,1.7667,8.92,686.7,2.16,23.05,,,
1981-07-28,1.7755,8.98,686.7,2.158,23.05,,,
1981-07-29,1.7755,8.98,686.7,2.161,23.05,,,
1981-07-30,1.7755,9.02,686.7,2.164,23.05,,,
1981-07-31,1.7845,9.0,686.95,2.16,23.05,,,
1981-08-03,1.7934,9.07,687.25,2.188,23.05,,,
1981-08-04,1.8113,9.09,687.55,2.182,23.05,,,
1981-08-05,1.8113,9.09,687.85,2.168,23.05,,,
1981-08-06,1.8041,9.1,687.85,2.1745,23.05,,,
1981-08-07,1.8149,9.16,687.85,2.173,23.05,,,
1981-08-10,1.8367,9.26,687.85,2.184,23.05,,,
1981-08-11,1.8367,9.24,687.85,2.175,23.05,,,
1981-08-12,1.8092,9.11,687.85,2.152,23.05,,,
1981-08-13,1.8092,9.07,687.85,2.1725,23.05,,,
1981-08-14,1.8218,9.07,687.85,2.174,23.05,,,
1981-08-17,1.8,8.99,687.85,2.173,23.05,,,
1981-08-18,1.8,8.94,687.85,2.174,23.05,,,
1981-08-19,1.791,8.97,687.85,2.178,23.05,,,
1981-08-20,1.791,8.97,687.85,2.165,23.05,,,
1981-08-21,1.773,8.93,687.85,2.163,23.05,,,
1981-08-24,1.7872,8.93,687.85,2.167,23.05,,,
1981-08-25,1.7997,9.07,687.85,2.17,23.05,,,
1981-08-26,1.7853,9.05,687.85,2.16,23.05,,,
1981-08-27,1.7853,9.06,687.85,2.1585,23.05,,,
1981-08-28,1.7727,9.05,687.85,2.1545,23.05,,,
1981-08-31,1.7727,9.05,687.85,2.161,23.05,,,
1981-09-01,1.7815,9.05,687.85,2.162,23.05,,,
1981-09-02,1.7815,9.04,687.85,2.159,23.05,,,
1981-09-03,1.7673,9.01,687.85,2.166,23.05,,,
1981-09-04,1.7673,9.01,687.85,2.167,23.05,,,
1981-09-08,1.7673,9.17,687.85,2.164,23.05,,,
1981-09-09,1.7796,9.18,687.85,2.164,23.05,,,
1981-09-10,1.7686,9.15,687.85,2.163,23.05,,,
1981-09-11,1.7689,9.14,687.85,2.162,23.05,,,
1981-09-14,1.7565,9.17,688.1,2.158,23.05,,,
1981-09-15,1.7319,9.08,688.1,2.157,23.05,,,
1981-09-16,1.7319,9.06,688.1,2.154,23.05,,,
1981-09-17,1.7233,9.04,688.1,2.145,23.05,,,
1981-09-18,1.7233,9.07,688.1,2.139,23.05,,,
1981-09-21,1.7233,9.11,688.1,2.119,23.05,,,
1981-09-22,1.7181,9.11,688.1,2.125,23.05,,,
1981-09-23,1.7404,9.13,688.1,2.123,23.05,,,
1981-09-24,1.7492,9.24,688.1,2.128,23.05,,,
1981-09-25,1.7579,9.22,681.25,2.1205,23.05,,,
1981-09-28,1.7667,9.2,681.25,2.119,23.05,,,
1981-09-29,1.7614,9.12,681.25,2.1175,23.05,,,
1981-09-30,1.7719,9.12,681.25,2.116,23.05,,,
1981-10-01,1.7719,9.1,681.25,2.12,23.05,,,
1981-10-02,1.7719,9.09,681.25,2.118,23.05,,,
1981-10-05,1.7525,9.05,688.1,2.116,23.05,,,
1981-10-06,1.7525,9.11,681.25,2.114,23.05,,,
1981-10-07,1.7507,9.08,681.25,2.103,23.05,,,
1981-10-08,1.7366,8.96,681.25,2.105,23.05,,,
1981-10-09,1.7297,8.93,681.25,2.095,23.05,,,
1981-10-13,1.7297,9.18,681.25,2.0825,23.05,,,
1981-10-14,1.7383,9.17,681.25,2.086,23.05,,,
1981-10-15,1.7383,9.1,681.25,2.082,23.05,,,
1981-10-16,1.7506,9.18,685.25,2.0895,23.05,,,
1981-10-19,1.7505,9.2,685.25,2.087,23.05,,,
1981-10-20,1.7505,9.21,685.25,2.088,23.05,,,
1981-10-21,1.7575,9.21,685.25,2.088,23.05,,,
1981-10-22,1.768,9.21,685.25,2.093,23.05,,,
1981-10-23,1.768,9.2,685.25,2.099,23.05,,,
1981-10-26,1.768,9.24,685.25,2.093,23.05,,,
1981-10-27,1.7857,9.18,685.25,2.1045,23.05,,,
1981-10-28,1.7857,9.17,685.25,2.107,23.05,,,
1981-10-29,1.7857,9.13,685.25,2.097,23.05,,,
1981-10-30,1.7678,9.13,688.25,2.085,23.05,,,
1981-11-02,1.7502,9.17,688.25,2.081,23.05,,,
1981-11-04,1.7502,9.18,688.25,2.085,23.05,,,
1981-11-05,1.7502,9.18,688.25,2.084,23.05,,,
1981-11-06,1.7502,9.17,688.25,2.074,23.05,,,
1981-11-09,1.7414,9.1,688.25,2.069,23.05,,,
1981-11-10,1.7414,9.14,688.25,2.0695,23.05,,,
1981-11-12,1.7484,9.1,688.45,2.06,23.05,,,
1981-11-13,1.7343,9.1,688.45,2.055,23.05,,,
1981-11-16,1.7343,9.09,688.45,2.0605,23.05,,,
1981-11-17,1.743,9.12,688.45,2.0565,23.05,,,
1981-11-18,1.743,9.17,688.45,2.053,23.05,,,
1981-11-19,1.7326,9.08,688.45,2.043,23.05,,,
1981-11-20,1.743,9.14,688.45,2.0465,23.05,,,
1981-11-23,1.743,9.17,688.45,2.056,23.05,,,
1981-11-24,1.743,9.13,688.45,2.056,23.05,,,
1981-11-25,1.743,9.16,688.8,2.0525,23.05,,,
1981-11-27,1.7274,9.11,689.9,2.044,23.05,,,
1981-11-30,1.7171,9.12,689.9,2.052,23.05,,,
1981-12-01,1.7171,9.09,689.9,2.054,23.05,,,
1981-12-02,1.724,9.15,689.9,2.054,23.05,,,
1981-12-03,1.724,9.13,691.2,2.052,23.05,,,
1981-12-04,1.724,9.13,691.75,2.047,23.05,,,
1981-12-07,1.724,9.13,691.75,2.048,23.05,,,
1981-12-08,1.724,9.16,691.75,2.047,23.05,,,
1981-12-09,1.736,9.12,691.75,2.047,23.05,,,
1981-12-10,1.736,9.17,691.75,2.0485,23.05,,,
1981-12-11,1.736,9.15,691.75,2.046,23.05,,,
1981-12-14,1.7517,9.15,695.3,2.0645,23.05,,,
1981-12-15,1.7517,9.11,695.3,2.061,23.05,,,
1981-12-16,1.7429,9.13,695.3,2.056,23.05,,,
1981-12-17,1.7429,9.12,695.3,2.06,23.05,,,
1981-12-18,1.7429,9.12,696.45,2.061,23.05,,,
1981-12-21,1.7569,9.16,696.45,2.062,23.05,,,
1981-12-22,1.7569,9.13,696.45,2.056,23.05,,,
1981-12-23,1.7499,9.12,696.45,2.055,23.05,,,
1981-12-24,1.7499,9.12,696.45,2.055,23.05,,,
1981-12-28,1.7499,9.13,696.45,2.05,23.05,,,
1981-12-29,1.7499,9.11,700.15,2.05,23.05,,,
1981-12-30,1.7499,9.11,700.75,2.048,23.05,,,
1981-12-31,1.7499,9.13,700.75,2.045,23.05,,,
1982-01-04,1.7499,9.07,701.25,2.045,23.05,,,
1982-01-05,1.7393,9.1,701.25,2.0495,23.05,,,
1982-01-06,1.7481,9.11,701.25,2.044,23.05,,,
1982-01-07,1.7481,9.15,702.35,2.045,23.05,,,
1982-01-08,1.7481,9.14,702.95,2.045,23.05,,,
1982-01-11,1.7481,9.17,702.95,2.048,23.05,,,
1982-01-12,1.7655,9.17,702.95,2.052,23.05,,,
1982-01-13,1.7655,9.18,704.25,2.0505,23.05,,,
1982-01-14,1.7655,9.17,705.55,2.057,23.05,,,
1982-01-15,1.7761,9.15,705.55,2.066,23.05,,,
1982-01-18,1.7868,9.14,705.55,2.068,23.05,,,
1982-01-19,1.7796,9.14,706.85,2.059,23.05,,,
1982-01-20,1.7796,9.17,706.85,2.0695,23.05,,,
1982-01-21,1.7796,9.15,707.15,2.07,23.05,,,
1982-01-22,1.7796,9.18,707.15,2.068,23.05,,,
1982-01-25,1.7904,9.2,707.15,2.078,23.05,,,
1982-01-26,1.7904,9.2,707.15,2.069,23.05,,,
1982-01-27,1.7904,9.17,708.35,2.075,23.05,,,
1982-01-28,1.7975,9.15,708.35,2.078,23.05,,,
1982-01-29,1.7975,9.14,708.55,2.078,23.05,,,
1982-02-01,1.7895,9.19,708.55,2.087,23.05,,,
1982-02-02,1.8083,9.18,708.85,2.096,23.05,,,
1982-02-03,1.8155,9.15,709.25,2.1005,23.05,,,
1982-02-04,1.8155,9.15,709.25,2.101,23.05,,,
1982-02-05,1.8155,9.15,709.25,2.102,23.05,,,
1982-02-08,1.8155,9.16,709.25,2.1095,23.05,,,
1982-02-09,1.8247,9.19,709.25,2.1195,23.05,,,
1982-02-10,1.8247,9.18,709.75,2.119,23.05,,,
1982-02-11,1.825,9.17,709.75,2.1175,23.05,,,
1982-02-16,1.8247,9.26,710.8,2.129,23.05,,,
1982-02-17,1.8247,9.26,710.8,2.128,23.05,,,
1982-02-18,1.8338,9.25,710.8,2.12,23.05,,,
1982-02-19,1.8227,9.23,710.8,2.109,23.05,,,
1982-02-22,1.8136,9.23,710.8,2.102,23.05,,,
1982-02-23,1.8136,9.26,710.8,2.104,23.05,,,
1982-02-24,1.8282,9.27,710.8,2.105,23.05,,,
1982-02-25,1.8282,9.27,710.8,2.1085,23.05,,,
1982-02-26,1.8355,9.31,711.45,2.114,23.05,,,
1982-03-01,1.8447,9.29,712.15,2.117,23.05,,,
1982-03-02,1.8447,9.27,712.15,2.114,23.05,,,
1982-03-03,1.8355,9.28,712.15,2.114,23.05,,,
1982-03-04,1.8335,9.25,712.45,2.114,23.05,,,
1982-03-05,1.8263,9.23,712.45,2.1,23.05,,,
1982-03-08,1.8171,9.26,712.45,2.103,23.05,,,
1982-03-09,1.8171,9.27,712.45,2.122,23.05,,,
1982-03-10,1.8299,9.27,712.45,2.116,23.05,,,
1982-03-11,1.8229,9.27,712.45,2.123,23.05,,,
1982-03-12,1.8335,9.29,712.45,2.1285,23.05,,,
1982-03-15,1.8335,9.27,714.55,2.116,23.05,,,
1982-03-16,1.8335,9.27,714.55,2.123,23.05,,,
1982-03-17,1.8426,9.29,715.15,2.123,23.05,,,
1982-03-18,1.8426,9.29,715.15,2.1205,23.05,,,
1982-03-19,1.8426,9.3,715.55,2.127,23.05,,,
1982-03-22,1.8518,9.31,716.25,2.128,23.05,,,
1982-03-23,1.861,9.31,716.95,2.126,23.05,,,
1982-03-24,1.8517,9.31,716.95,2.124,23.05,,,
1982-03-25,1.8517,9.31,716.95,2.129,23.05,,,
1982-03-26,1.8628,9.36,717.45,2.129,23.05,,,
1982-03-29,1.8628,9.35,718.15,2.1315,23.05,,,
1982-03-30,1.8722,9.35,718.15,2.132,23.05,,,
1982-03-31,1.8722,9.35,718.15,2.1305,23.05,,,
1982-04-01,1.8722,9.35,718.15,2.128,23.05,,,
1982-04-02,1.8528,9.34,719.15,2.128,23.05,,,
1982-04-05,1.8628,9.37,719.15,2.135,23.05,,,
1982-04-06,1.8628,9.39,719.15,2.139,23.05,,,
1982-04-07,1.8628,9.39,719.95,2.137,23.05,,,
1982-04-08,1.8628,9.39,719.95,2.146,23.05,,,
1982-04-09,1.8628,9.39,721.25,2.146,23.05,,,
1982-04-12,1.8628,9.42,721.25,2.1435,23.05,,,
1982-04-13,1.8628,9.39,721.25,2.144,23.05,,,
1982-04-14,1.8628,9.41,721.25,2.144,23.05,,,
1982-04-15,1.8628,9.44,721.25,2.1505,23.05,,,
1982-04-16,1.8722,9.43,721.85,2.154,23.0,,,
1982-04-19,1.8628,9.42,721.85,2.147,23.0,,,
1982-04-20,1.8628,9.4,721.85,2.1325,23.0,,,
1982-04-21,1.8628,9.42,721.85,2.1265,23.0,,,
1982-04-22,1.8517,9.4,721.85,2.132,23.0,,,
1982-04-23,1.8517,9.41,721.95,2.134,23.0,,,
1982-04-26,1.8443,9.38,721.95,2.116,23.0,,,
1982-04-27,1.8443,9.39,721.95,2.12,23.0,,,
1982-04-28,1.8333,9.37,721.95,2.112,23.0,,,
1982-04-29,1.8333,9.38,721.95,2.106,23.0,,,
1982-04-30,1.8333,9.35,721.95,2.102,23.0,,,
1982-05-03,1.8222,9.32,721.95,2.101,23.0,,,
1982-05-04,1.8222,9.3,721.95,2.104,23.0,,,
1982-05-05,1.8222,9.31,721.95,2.097,23.0,,,
1982-05-06,1.8131,9.26,721.95,2.0875,23.0,,,
1982-05-07,1.7986,9.25,721.95,2.08,23.0,,,
1982-05-10,1.7986,9.22,721.95,2.081,23.0,,,
1982-05-11,1.7986,9.22,721.95,2.083,23.0,,,
1982-05-12,1.7986,9.21,721.95,2.081,23.0,,,
1982-05-13,1.7986,9.26,721.95,2.093,23.0,,,
1982-05-14,1.813,9.3,723.95,2.094,23.0,,,
1982-05-17,1.813,9.27,724.55,2.0885,23.0,,,
1982-05-18,1.813,9.29,724.55,2.094,23.0,,,
1982-05-19,1.813,9.37,725.35,2.089,23.0,,,
1982-05-20,1.813,9.38,725.35,2.084,23.0,,,
1982-05-21,1.813,9.28,725.35,2.0745,23.0,,,
1982-05-24,1.813,9.32,725.35,2.082,23.0,,,
1982-05-25,1.813,9.31,725.35,2.088,23.0,,,
1982-05-26,1.813,9.33,728.95,2.09,23.0,,,
1982-05-27,1.8239,9.34,728.95,2.0905,23.0,,,
1982-05-28,1.8331,9.39,731.75,2.09,23.0,,,
1982-06-01,1.8331,9.38,731.75,2.104,23.0,,,
1982-06-02,1.8514,9.38,734.75,2.109,23.0,,,
1982-06-03,1.8514,9.35,734.75,2.1015,23.0,,,
1982-06-04,1.8514,9.34,735.75,2.103,23.0,,,
1982-06-07,1.8514,9.37,735.75,2.114,23.0,,,
1982-06-08,1.8625,9.37,737.05,2.1165,23.0,,,
1982-06-09,1.8756,9.37,737.05,2.12,23.0,,,
1982-06-10,1.8756,9.39,737.05,2.127,23.0,,,
1982-06-11,1.8868,9.4,738.55,2.118,23.0,,,
1982-06-14,1.8755,9.46,738.55,2.129,23.0,,,
1982-06-15,1.9074,9.45,738.55,2.132,23.0,,,
1982-06-16,1.9074,9.46,738.55,2.1425,23.0,,,
1982-06-17,1.9226,9.52,739.55,2.153,23.0,,,
1982-06-18,1.9322,9.56,739.55,2.163,23.0,,,
1982-06-21,1.9322,9.56,740.05,2.174,23.0,,,
1982-06-22,1.9477,9.54,740.05,2.1615,23.0,,,
1982-06-23,1.9477,9.57,740.05,2.1705,23.0,,,
1982-06-24,1.9398,9.53,740.05,2.1575,23.0,,,
1982-06-25,1.9398,9.57,741.3,2.163,23.0,,,
1982-06-28,1.9515,9.6,741.3,2.163,23.0,,,
1982-06-29,1.9515,9.57,741.3,2.157,23.0,,,
1982-06-30,1.9358,9.53,741.3,2.154,23.0,,,
1982-07-01,1.9358,9.57,741.3,2.156,23.0,,,
1982-07-02,1.9358,9.56,744.0,2.152,23.0,,,
1982-07-06,1.9358,9.59,744.0,2.153,23.0,,,
1982-07-07,1.9552,9.66,744.0,2.16,23.0,,,
1982-07-08,1.9552,9.65,744.0,2.162,23.0,,,
1982-07-09,1.9552,9.61,744.0,2.156,23.0,,,
1982-07-12,1.9395,9.55,744.0,2.148,23.0,,,
1982-07-13,1.9395,9.57,744.0,2.153,23.0,,,
1982-07-14,1.9395,9.59,744.0,2.154,23.0,,,
1982-07-15,1.9395,9.58,744.0,2.1535,23.0,,,
1982-07-16,1.9395,9.61,741.65,2.151,23.0,,,
1982-07-19,1.9298,9.53,741.65,2.151,23.0,,,
1982-07-20,1.9298,9.56,741.65,2.142,23.0,,,
1982-07-21,1.9298,9.54,741.65,2.134,23.0,,,
1982-07-22,1.9086,9.53,741.65,2.133,23.0,,,
1982-07-23,1.9086,9.47,743.0,2.124,23.0,,,
1982-07-26,1.8857,9.48,743.0,2.12,23.0,,,
1982-07-27,1.9026,9.52,743.0,2.1435,23.0,,,
1982-07-28,1.9026,9.54,743.0,2.142,23.0,,,
1982-07-29,1.9312,9.56,743.0,2.1395,23.0,,,
1982-07-30,1.9312,9.56,743.8,2.147,23.0,,,
1982-08-02,1.9312,9.51,743.8,2.135,23.0,,,
1982-08-03,1.9196,9.51,743.8,2.137,23.0,,,
1982-08-04,1.9292,9.58,743.8,2.155,23.0,,,
1982-08-05,1.9446,9.6,743.8,2.1535,23.0,,,
1982-08-06,1.9525,9.62,743.8,2.167,23.0,,,
1982-08-09,1.9661,9.66,743.8,2.171,23.0,,,
1982-08-10,1.9661,9.6,743.8,2.165,23.0,,,
1982-08-11,1.9661,9.61,743.8,2.175,23.0,,,
1982-08-12,1.9661,9.64,743.8,2.179,23.0,,,
1982-08-13,1.9661,9.57,744.9,2.173,23.0,,,
1982-08-16,1.9661,9.6,744.9,2.201,23.0,,,
1982-08-17,1.9661,9.62,744.9,2.186,23.0,,,
1982-08-18,1.9661,9.53,744.9,2.1515,23.0,,,
1982-08-19,1.9484,9.54,744.9,2.157,23.0,,,
1982-08-20,1.9328,9.53,744.9,2.149,23.0,,,
1982-08-23,1.9193,9.56,744.9,2.152,23.0,,,
1982-08-24,1.9193,9.52,744.9,2.142,23.0,,,
1982-08-25,1.9078,9.51,744.9,2.142,23.0,,,
1982-08-26,1.9173,9.51,744.9,2.148,23.0,,,
1982-08-27,1.9173,9.55,744.9,2.1515,23.0,,,
1982-08-30,1.9326,9.63,744.9,2.161,23.0,,,
1982-08-31,1.9501,9.63,744.9,2.155,23.0,,,
1982-09-01,1.9501,9.65,744.9,2.151,23.0,,,
1982-09-02,1.9501,9.58,744.9,2.15,23.0,,,
1982-09-03,1.9305,9.54,744.9,2.146,23.0,,,
1982-09-07,1.944,9.61,744.9,2.149,23.0,,,
1982-09-08,1.944,9.61,744.9,2.151,23.0,,,
1982-09-09,1.944,9.62,744.9,2.152,23.0,,,
1982-09-10,1.944,9.65,744.9,2.1615,23.0,,,
1982-09-13,1.9577,9.69,744.9,2.165,23.0,,,
1982-09-14,1.9577,9.66,742.75,2.166,23.0,,,
1982-09-15,1.9577,9.65,742.75,2.165,23.0,,,
1982-09-16,1.9577,9.68,742.75,2.1705,23.0,,,
1982-09-17,1.9577,9.66,742.75,2.165,23.0,,,
1982-09-20,1.9577,9.65,742.75,2.1655,23.0,,,
1982-09-21,1.9577,9.65,742.75,2.173,23.0,,,
1982-09-22,1.9479,9.63,742.75,2.172,23.0,,,
1982-09-23,1.9577,9.64,742.75,2.174,23.0,,,
1982-09-24,1.9675,9.67,742.75,2.176,23.0,,,
1982-09-27,1.9675,9.7,742.75,2.192,23.0,,,
1982-09-28,1.9832,9.7,743.05,2.186,23.0,,,
1982-09-29,1.9832,9.69,743.05,2.185,23.0,,,
1982-09-30,1.9733,9.71,743.05,2.194,23.0,,,
1982-10-01,1.9733,9.72,743.05,2.187,23.0,,,
1982-10-04,1.9753,9.73,743.05,2.211,23.0,,,
1982-10-05,1.9931,9.73,743.25,2.214,23.0,,,
1982-10-06,1.9931,9.72,743.25,2.217,23.0,,,
1982-10-07,1.9931,9.72,743.25,2.196,23.0,,,
1982-10-08,1.9632,9.66,743.45,2.184,23.0,,,
1982-10-12,1.9612,9.63,743.45,2.181,23.0,,,
1982-10-13,1.9612,9.65,743.45,2.186,23.0,,,
1982-10-14,1.9729,9.65,743.45,2.188,23.0,,,
1982-10-15,1.9827,9.69,743.45,2.19,23.0,,,
1982-10-18,1.9827,9.68,743.45,2.1885,23.0,,,
1982-10-19,1.9947,9.69,743.45,2.19,23.0,,,
1982-10-20,1.9947,9.71,743.45,2.193,23.0,,,
1982-10-21,2.0046,9.7,743.55,2.193,23.0,,,
1982-10-22,2.0046,9.69,743.55,2.194,23.0,,,
1982-10-25,2.0046,9.74,744.1,2.204,23.0,,,
1982-10-26,2.0046,9.74,744.55,2.208,23.0,,,
1982-10-27,2.0046,9.74,744.55,2.212,23.0,,,
1982-10-28,2.0046,9.71,744.55,2.211,23.0,,,
1982-10-29,2.0046,9.71,744.65,2.221,23.0,,,
1982-11-01,2.0046,9.76,745.05,2.217,23.0,,,
1982-11-03,2.0046,9.71,745.05,2.211,23.0,,,
1982-11-04,2.0046,9.75,746.15,2.218,23.0,,,
1982-11-05,2.0046,9.75,745.55,2.216,23.0,,,
1982-11-08,2.0046,9.78,745.55,2.218,23.0,,,
1982-11-09,2.0046,9.78,745.65,2.218,23.0,,,
1982-11-10,2.0046,9.75,745.65,2.207,23.0,,,
1982-11-12,2.0046,9.8,745.65,2.2195,23.0,,,
1982-11-15,2.0046,9.82,745.65,2.2175,23.0,,,
1982-11-16,2.0046,9.84,745.65,2.216,23.0,,,
1982-11-17,2.0046,9.85,745.65,2.212,23.0,,,
1982-11-18,2.0046,9.85,745.65,2.212,23.0,,,
1982-11-19,2.0046,9.81,745.65,2.2195,23.0,,,
1982-11-22,1.9906,9.85,745.65,2.204,23.0,,,
1982-11-23,1.9906,9.86,745.65,2.211,23.0,,,
1982-11-24,1.9906,9.85,745.65,2.206,23.0,,,
1982-11-26,1.9906,9.82,745.65,2.206,23.0,,,
1982-11-29,1.9906,9.77,745.65,2.203,23.0,,,
1982-11-30,1.9906,9.74,745.65,2.202,23.0,,,
1982-12-01,1.9687,9.65,745.65,2.1925,23.0,,,
1982-12-02,1.9687,9.65,745.65,2.191,23.0,,,
1982-12-03,1.9569,9.63,745.65,2.1865,23.0,,,
1982-12-06,1.9569,9.69,745.65,2.163,23.0,,,
1982-12-07,1.9412,9.68,745.65,2.164,23.0,,,
1982-12-08,1.9412,9.67,745.65,2.161,23.0,,,
1982-12-09,1.9412,9.71,745.65,2.165,23.0,,,
1982-12-10,1.951,9.73,745.65,2.163,23.0,,,
1982-12-13,1.951,9.75,745.65,2.167,23.0,,,
1982-12-14,1.9646,9.74,745.65,2.165,23.0,,,
1982-12-15,1.9509,9.73,745.65,2.162,23.0,,,
1982-12-16,1.9509,9.7,745.65,2.153,23.0,,,
1982-12-17,1.9372,9.67,745.65,2.15,23.0,,,
1982-12-20,1.9372,9.73,745.65,2.156,23.0,,,
1982-12-21,1.9372,9.73,746.95,2.147,23.0,,,
1982-12-22,1.9372,9.73,746.95,2.138,23.0,,,
1982-12-23,1.9372,9.72,746.95,2.1375,23.0,,,
1982-12-24,1.9372,9.72,746.95,2.1575,23.0,,,
1982-12-27,1.9372,9.72,747.85,2.124,23.0,,,
1982-12-28,1.9372,9.72,747.85,2.1175,23.0,,,
1982-12-29,1.9275,9.62,747.85,2.115,23.0,,,
1982-12-30,1.9275,9.62,747.85,2.113,23.0,,,
1982-12-31,1.9275,9.62,747.95,2.1125,23.0,,,
1983-01-03,1.9275,9.62,747.85,2.103,23.0,,,
1983-01-04,1.914,9.64,747.85,2.101,23.0,,,
1983-01-05,1.914,9.64,748.95,2.0895,23.0,,,
1983-01-06,1.9044,9.7,748.95,2.087,23.0,,,
1983-01-07,1.9044,9.73,748.95,2.085,23.0,,,
1983-01-10,1.9044,9.72,749.1,2.0675,23.0,,,
1983-01-11,1.8949,9.77,749.1,2.071,23.0,,,
1983-01-12,1.9082,9.78,749.1,2.068,23.0,,,
1983-01-13,1.9082,9.79,749.1,2.068,23.0,,,
1983-01-14,1.9082,9.8,749.1,2.069,23.0,,,
1983-01-17,1.9082,9.82,749.75,2.069,23.0,,,
1983-01-18,1.9082,9.81,749.75,2.07,23.0,,,
1983-01-19,1.9234,9.85,749.75,2.072,23.0,,,
1983-01-20,1.9368,9.86,750.85,2.068,23.0,,,
1983-01-21,1.9368,9.85,750.85,2.071,23.0,,,
1983-01-24,1.9504,9.86,751.15,2.0845,23.0,,,
1983-01-25,1.9621,9.88,751.15,2.082,23.0,,,
1983-01-26,1.9464,9.85,751.15,2.076,23.0,,,
1983-01-27,1.9464,9.89,751.15,2.074,23.0,,,
1983-01-28,1.9464,9.9,751.15,2.0675,23.0,,,
1983-01-31,1.9464,9.91,751.15,2.069,23.0,,,
1983-02-01,1.9639,9.92,751.15,2.087,23.0,,,
1983-02-02,1.9717,9.94,752.25,2.1,23.0,,,
1983-02-03,1.9717,9.94,752.25,2.089,23.0,,,
1983-02-04,1.9796,9.96,752.25,2.09,23.0,,,
1983-02-07,1.9796,9.98,752.25,2.098,23.0,,,
1983-02-08,1.9658,9.93,752.25,2.083,23.0,,,
1983-02-09,1.9658,9.9,752.25,2.0795,23.0,,,
1983-02-10,1.956,9.85,752.25,2.071,23.0,,,
1983-02-11,1.956,9.86,752.25,2.067,23.0,,,
1983-02-14,1.956,9.92,752.25,2.07,23.0,,,
1983-02-15,1.956,9.87,752.25,2.061,23.0,,,
1983-02-16,1.956,9.87,752.25,2.061,23.0,,,
1983-02-17,1.956,9.87,752.25,2.068,23.0,,,
1983-02-18,1.956,9.91,752.25,2.067,23.0,,,
1983-02-22,1.956,9.93,752.25,2.062,23.0,,,
1983-02-23,1.9735,9.96,752.25,2.078,23.0,,,
1983-02-24,1.9736,9.94,752.25,2.067,23.0,,,
1983-02-25,1.9736,9.94,752.25,2.066,22.99,,,
1983-02-28,1.9736,9.96,752.25,2.075,23.0,,,
1983-03-01,1.9914,9.98,752.25,2.0765,23.0,,,
1983-03-02,1.9914,9.97,754.75,2.079,22.99,,,
1983-03-03,1.9814,9.95,754.75,2.079,23.0,,,
1983-03-04,1.9814,9.95,754.75,2.076,22.99,,,
1983-03-07,1.9676,9.94,754.75,2.0785,22.99,,,
1983-03-08,1.9676,9.95,754.75,2.087,22.99,,,
1983-03-09,1.9774,9.95,755.45,2.0835,22.99,,,
1983-03-10,1.9774,9.94,755.45,2.08,22.99,,,
1983-03-11,1.9675,9.94,755.45,2.0815,22.99,,,
1983-03-14,1.9812,9.95,756.65,2.079,22.99,,,
1983-03-15,1.9674,9.92,756.65,2.0795,22.99,,,
1983-03-16,1.9674,9.93,756.65,2.082,22.99,,,
1983-03-17,1.9674,9.94,757.25,2.085,22.99,,,
1983-03-18,1.9792,9.95,758.75,2.089,22.99,,,
1983-03-21,1.9792,9.96,758.75,2.095,22.99,,,
1983-03-22,1.9892,9.96,758.75,2.0875,22.99,,,
1983-03-23,1.9892,9.95,761.55,2.091,22.99,,,
1983-03-24,1.9991,9.97,761.55,2.0895,22.99,,,
1983-03-25,1.9991,10.0,761.55,2.0955,22.99,,,
1983-03-28,1.9991,10.02,761.55,2.099,22.99,,,
1983-03-29,1.9991,10.01,763.55,2.0975,22.99,,,
1983-03-30,1.9991,10.05,763.55,2.088,22.99,,,
1983-03-31,1.9991,10.02,763.55,2.085,22.99,,,
1983-04-01,1.9991,10.02,763.55,2.085,22.99,,,
1983-04-04,1.9991,10.03,763.55,2.0885,22.99,,,
1983-04-05,1.9991,9.99,763.55,2.092,22.99,,,
1983-04-06,1.9991,9.96,763.55,2.1125,22.99,,,
1983-04-07,1.9991,9.96,763.55,2.101,22.99,,,
1983-04-08,1.997,10.01,763.55,2.1075,22.99,,,
1983-04-11,1.997,9.96,765.15,2.102,22.99,,,
1983-04-12,1.997,9.96,765.15,2.101,22.99,,,
1983-04-13,1.997,9.96,765.15,2.103,22.99,,,
1983-04-14,1.997,9.99,765.15,2.1075,22.99,,,
1983-04-15,1.997,9.99,765.75,2.104,22.99,,,
1983-04-18,1.989,9.95,765.75,2.1065,22.99,,,
1983-04-19,1.9969,9.94,766.05,2.105,22.99,,,
1983-04-20,1.9909,9.98,766.05,2.1035,22.99,,,
1983-04-21,1.9909,10.0,766.25,2.0985,22.99,,,
1983-04-22,1.9909,10.01,766.25,2.0995,22.99,,,
1983-04-25,1.9809,9.99,766.25,2.097,22.99,,,
1983-04-26,1.9809,9.98,766.25,2.103,22.99,,,
1983-04-27,1.9909,9.98,766.25,2.101,22.99,,,
1983-04-28,1.9909,9.97,767.15,2.1015,22.99,,,
1983-04-29,1.9909,10.0,767.15,2.102,22.99,,,
1983-05-02,1.9909,10.0,767.15,2.103,22.99,,,
1983-05-03,1.9909,9.98,767.15,2.099,22.99,,,
1983-05-04,1.9909,9.97,767.15,2.097,22.99,,,
1983-05-05,1.9829,9.98,767.15,2.0945,22.99,,,
1983-05-06,1.9829,9.99,767.15,2.09,22.99,,,
1983-05-09,1.9829,9.99,767.15,2.0865,22.99,,,
1983-05-10,1.9829,9.99,767.15,2.0905,22.99,,,
1983-05-11,1.9731,9.97,766.85,2.084,22.95,,,
1983-05-12,1.9829,9.99,767.15,2.0875,22.99,,,
1983-05-13,1.9829,9.99,767.15,2.088,22.99,,,
1983-05-16,1.9829,9.9,767.15,2.09,22.99,,,
1983-05-17,1.9929,10.0,767.15,2.0925,22.99,,,
1983-05-18,1.9929,10.01,767.15,2.0895,22.99,,,
1983-05-19,1.9929,10.03,767.15,2.091,22.99,,,
1983-05-20,1.9929,10.01,767.15,2.0895,22.99,,,
1983-05-23,1.9929,10.01,768.95,2.092,22.99,,,
1983-05-24,1.9929,10.0,769.95,2.093,22.99,,,
1983-05-25,1.9989,10.0,769.95,2.092,22.99,,,
1983-05-26,1.9989,9.97,769.95,2.092,22.99,,,
1983-05-27,1.9989,10.02,770.75,2.093,22.99,,,
1983-05-31,1.9989,9.98,770.75,2.098,22.99,,,
1983-06-01,1.9989,10.0,772.25,2.106,22.99,,,
1983-06-02,1.9989,10.0,773.25,2.1045,22.99,,,
1983-06-03,1.9989,10.01,773.25,2.107,22.99,,,
1983-06-06,1.9989,9.99,773.45,2.1185,22.99,,,
1983-06-07,1.9989,10.0,774.45,2.1175,22.99,,,
1983-06-08,1.9989,10.01,774.65,2.1215,22.99,,,
1983-06-09,1.9989,10.0,775.65,2.118,22.99,,,
1983-06-10,1.9989,10.01,775.65,2.12,22.99,,,
1983-06-13,1.9989,10.02,775.65,2.119,22.99,,,
1983-06-14,1.9989,10.04,775.65,2.124,22.99,,,
1983-06-15,1.9989,10.06,776.05,2.131,22.99,,,
1983-06-16,1.9989,10.07,777.05,2.1225,22.99,,,
1983-06-17,1.9989,10.07,777.05,2.1185,22.99,,,
1983-06-20,1.9989,10.08,777.05,2.1185,22.99,,,
1983-06-21,1.9989,10.08,777.05,2.1225,22.99,,,
1983-06-22,1.9869,10.09,777.05,2.116,22.99,,,
1983-06-23,1.9869,10.1,777.05,2.119,22.99,,,
1983-06-24,1.9869,10.09,777.05,2.1205,22.99,,,
1983-06-27,1.9769,10.08,777.05,2.1235,22.99,,,
1983-06-28,1.9888,10.09,777.05,2.128,22.99,,,
1983-06-29,1.9888,10.1,777.35,2.129,22.99,,,
1983-06-30,1.9888,10.09,777.35,2.131,22.99,,,
1983-07-01,1.9888,10.09,777.35,2.131,22.99,,,
1983-07-05,1.9888,10.05,777.35,2.131,22.99,,,
1983-07-06,1.9987,10.05,778.35,2.128,22.99,,,
1983-07-07,1.9987,10.04,778.35,2.132,22.99,,,
1983-07-08,1.9987,10.05,778.35,2.129,22.99,,,
1983-07-11,1.9887,10.07,778.95,2.129,22.99,,,
1983-07-12,1.9986,10.11,779.85,2.129,22.99,,,
1983-07-13,1.9986,10.12,779.85,2.1265,22.99,,,
1983-07-14,1.9986,10.11,779.85,2.129,22.99,,,
1983-07-15,1.9986,10.12,779.85,2.129,22.99,,,
1983-07-18,1.9986,10.09,780.45,2.131,22.99,,,
1983-07-19,1.9986,10.07,780.45,2.1295,22.99,,,
1983-07-20,1.9986,10.07,780.45,2.123,22.99,,,
1983-07-21,1.9986,10.08,780.45,2.125,22.99,,,
1983-07-22,1.9986,10.09,780.45,2.124,22.99,,,
1983-07-25,1.9886,10.09,780.45,2.1315,22.99,,,
1983-07-26,1.9985,10.09,781.45,2.1315,22.99,,,
1983-07-27,1.9985,10.1,781.45,2.131,22.99,,,
1983-07-28,1.9985,10.12,781.95,2.1315,22.99,,,
1983-07-29,1.9985,10.14,781.95,2.1365,22.99,,,
1983-08-01,1.9985,10.14,784.25,2.1485,22.99,,,
1983-08-02,1.9985,10.16,784.25,2.141,22.99,,,
1983-08-03,1.9985,10.16,784.25,2.141,22.99,,,
1983-08-04,1.9985,10.17,784.25,2.1415,22.99,,,
1983-08-05,1.9985,10.21,785.15,2.1485,22.99,,,
1983-08-08,1.9985,10.2,785.15,2.1495,22.99,,,
1983-08-09,1.9985,10.19,786.65,2.147,22.99,,,
1983-08-10,1.9985,10.19,786.65,2.153,22.99,,,
1983-08-11,1.9985,10.2,786.65,2.156,22.99,,,
1983-08-12,1.9985,10.23,788.15,2.1545,22.99,,,
1983-08-15,1.9985,10.16,788.15,2.151,22.99,,,
1983-08-16,1.9805,10.18,788.15,2.138,22.99,,,
1983-08-17,1.9805,10.16,788.15,2.128,22.99,,,
1983-08-18,1.9509,10.17,788.15,2.1295,22.99,,,
1983-08-19,1.9606,10.19,788.15,2.1315,22.99,,,
1983-08-22,1.9606,10.17,788.15,2.1285,22.99,,,
1983-08-23,1.9606,10.15,788.15,2.1305,22.99,,,
1983-08-24,1.9606,10.19,788.15,2.1295,22.99,,,
1983-08-25,1.9606,10.19,788.15,2.1335,22.99,,,
1983-08-26,1.9704,10.22,788.15,2.142,22.99,,,
1983-08-29,1.9902,10.25,788.65,2.1435,22.99,,,
1983-08-30,1.9902,10.21,789.65,2.144,22.99,,,
1983-08-31,1.9902,10.22,790.25,2.1475,22.99,,,
1983-09-01,1.9902,10.2,790.35,2.147,22.99,,,
1983-09-02,1.9902,10.22,790.35,2.147,22.99,,,
1983-09-06,1.9902,10.21,790.75,2.1455,22.99,,,
1983-09-07,1.9902,10.22,790.75,2.147,22.99,,,
1983-09-08,1.9902,10.2,790.75,2.141,22.99,,,
1983-09-09,1.9902,10.19,790.75,2.136,22.99,,,
1983-09-12,1.9802,10.18,790.75,2.1335,22.99,,,
1983-09-13,1.9802,10.2,790.75,2.138,22.99,,,
1983-09-14,1.9902,10.2,790.75,2.145,22.99,,,
1983-09-15,1.9902,10.21,790.95,2.144,22.99,,,
1983-09-16,1.9902,10.2,790.95,2.1395,22.99,,,
1983-09-19,1.9902,10.2,790.95,2.142,22.99,,,
1983-09-20,1.9802,10.19,790.95,2.139,22.99,,,
1983-09-21,1.9922,10.19,790.95,2.1415,22.99,,,
1983-09-22,1.9922,10.18,790.95,2.1435,22.99,,,
1983-09-23,1.9922,10.2,790.95,2.142,22.99,,,
1983-09-26,1.9802,10.21,790.95,2.138,22.99,,,
1983-09-27,1.9802,10.2,790.95,2.145,22.99,,,
1983-09-28,1.9802,10.2,790.95,2.141,22.99,,,
1983-09-29,1.9802,10.21,790.95,2.1415,22.99,,,
1983-09-30,1.9802,10.2,790.95,2.138,22.99,,,
1983-10-03,1.9703,10.2,790.95,2.137,22.99,39.42,,
1983-10-04,1.9703,10.22,790.95,2.138,22.99,39.42,,
1983-10-05,1.9703,10.2,790.95,2.136,22.99,39.42,,
1983-10-06,1.9605,10.2,790.95,2.133,22.99,39.42,,
1983-10-07,1.9605,10.21,790.95,2.134,22.99,39.42,,
1983-10-11,1.9527,10.19,790.95,2.135,22.99,39.42,,
1983-10-12,1.9527,10.2,790.95,2.136,22.99,39.42,,
1983-10-13,1.9624,10.21,790.95,2.1345,22.99,39.42,,
1983-10-14,1.9624,10.21,790.95,2.1365,22.99,39.42,,
1983-10-17,1.9624,10.2,791.05,2.1345,22.99,39.42,,
1983-10-18,1.9624,10.21,791.05,2.1325,22.99,39.42,,
1983-10-19,1.9624,10.2,791.05,2.133,22.99,39.42,,
1983-10-20,1.9624,10.22,791.15,2.1335,22.99,39.42,,
1983-10-21,1.9722,10.24,791.15,2.133,22.99,39.42,,
1983-10-24,1.9722,10.25,791.15,2.136,22.99,39.42,,
1983-10-25,1.9722,10.27,792.15,2.1345,22.99,39.42,,
1983-10-26,1.9722,10.29,792.15,2.136,22.99,39.42,,
1983-10-27,1.9722,10.29,792.25,2.1365,22.99,39.42,,
1983-10-28,1.9722,10.28,792.65,2.135,22.99,39.42,,
1983-10-31,1.984,10.29,793.05,2.136,22.99,39.42,,
1983-11-01,1.994,10.3,794.05,2.137,22.99,39.42,,
1983-11-02,1.994,10.31,794.75,2.1365,22.99,39.42,,
1983-11-03,1.994,10.31,795.25,2.1345,22.99,39.42,,
1983-11-04,1.994,10.31,795.25,2.136,22.99,38.66,,
1983-11-07,1.994,10.32,795.25,2.136,22.99,38.66,,
1983-11-09,1.994,10.36,796.75,2.1345,22.99,38.66,,
1983-11-10,1.994,10.34,796.75,2.134,22.99,38.66,,
1983-11-14,1.994,10.36,796.75,2.131,22.99,38.66,,
1983-11-15,1.994,10.38,796.75,2.131,22.99,38.66,,
1983-11-16,1.994,10.38,796.75,2.131,22.99,38.66,,
1983-11-17,1.994,10.4,796.75,2.1325,22.99,38.66,,
1983-11-18,1.994,10.41,796.75,2.1325,22.99,38.66,,
1983-11-21,1.994,10.45,796.75,2.1335,22.99,38.66,,
1983-11-22,1.994,10.41,796.75,2.1325,22.99,38.66,,
1983-11-23,1.994,10.4,796.75,2.132,22.99,38.66,,
1983-11-25,1.994,10.43,796.75,2.1333,22.99,38.66,,
1983-11-28,1.994,10.45,796.75,2.133,22.99,38.66,,
1983-11-29,1.994,10.45,797.25,2.1315,22.99,38.66,,
1983-11-30,1.994,10.42,797.25,2.1325,22.99,38.66,,
1983-12-01,1.986,10.41,797.25,2.13,22.99,38.66,,
1983-12-02,1.986,10.41,797.25,2.1295,22.99,38.66,,
1983-12-05,1.986,10.44,797.25,2.131,22.99,38.66,,
1983-12-06,1.9939,10.46,798.25,2.1315,22.99,38.66,,
1983-12-07,1.9939,10.47,798.25,2.132,22.99,38.66,,
1983-12-08,1.9939,10.46,798.25,2.131,22.99,38.66,,
1983-12-09,1.9939,10.45,798.45,2.134,22.99,38.66,,
1983-12-12,1.9939,10.44,798.45,2.135,22.99,38.66,,
1983-12-13,1.9939,10.44,799.75,2.1385,22.99,40.2,,
1983-12-14,1.9939,10.46,799.75,2.1335,22.99,40.2,,
1983-12-15,1.9939,10.48,799.95,2.134,22.99,40.2,,
1983-12-16,1.9939,10.52,799.95,2.138,22.99,40.2,,
1983-12-19,1.9939,10.52,799.95,2.134,22.99,40.2,,
1983-12-20,1.9939,10.55,800.15,2.131,22.99,40.2,,
1983-12-21,1.9939,10.55,800.15,2.131,22.99,40.2,,
1983-12-22,1.9939,10.53,800.15,2.129,22.99,40.2,,
1983-12-23,1.9939,10.6,800.15,2.132,22.99,40.2,,
1983-12-27,1.9939,10.57,800.15,2.135,22.99,40.2,,
1983-12-28,1.9939,10.52,800.15,2.128,22.99,40.2,,
1983-12-29,1.9859,10.51,800.15,2.1265,22.99,40.2,,
1983-12-30,1.9859,10.49,800.15,2.122,23.04,40.2,,
1984-01-03,1.9859,10.57,800.15,2.126,23.04,40.2,,
1984-01-04,2.0057,10.63,800.15,2.132,23.04,40.2,,
1984-01-05,2.0157,10.69,800.15,2.1325,23.04,40.2,,
1984-01-06,2.0259,10.74,800.15,2.131,23.0,40.2,,
1984-01-09,2.0259,10.74,800.15,2.132,23.0,40.2,,
1984-01-10,2.0461,10.72,800.15,2.13,23.0,40.2,,
1984-01-11,2.0461,10.7,800.15,2.131,23.0,40.2,,
1984-01-12,2.0461,10.72,800.15,2.132,23.0,40.2,,
1984-01-13,2.0461,10.75,800.15,2.13,23.0,40.2,,
1984-01-16,2.0461,10.7,800.15,2.13,23.0,40.2,,
1984-01-17,2.0461,10.69,800.15,2.131,23.0,40.2,,
1984-01-18,2.0563,10.72,800.15,2.131,23.0,40.2,,
1984-01-19,2.0563,10.73,800.15,2.1305,23.0,40.2,,
1984-01-20,2.0563,10.7,798.6,2.1315,23.0,40.2,,
1984-01-23,2.0667,10.74,800.0,2.131,23.0,,,
1984-01-24,2.077,10.74,800.8,2.131,23.0,,,
1984-01-25,2.077,10.75,801.6,2.131,23.0,,,
1984-01-26,2.0666,10.74,801.3,2.1305,23.0,,,
1984-01-27,2.079,10.75,800.7,2.1315,23.0,40.23,,
1984-01-30,2.079,10.74,800.7,2.1305,23.0,40.23,,
1984-01-31,2.079,10.76,801.3,2.132,23.0,40.23,,
1984-02-01,2.079,10.76,800.7,2.1305,23.0,,,
1984-02-02,2.079,10.76,800.7,2.1275,23.0,,,
1984-02-03,2.0623,10.75,800.6,2.126,23.0,,,
1984-02-06,2.0623,10.76,800.6,2.13,23.0,40.23,,
1984-02-07,2.0768,10.76,800.6,2.131,23.0,40.23,,
1984-02-08,2.0768,10.76,800.3,2.1315,23.0,40.23,,
1984-02-09,2.0768,10.76,800.3,2.1315,23.0,40.23,,
1984-02-10,2.0768,10.77,799.3,2.132,23.0,40.23,,
1984-02-14,2.0768,10.76,799.3,2.131,23.0,40.23,,
1984-02-15,2.0601,10.75,799.3,2.129,23.0,40.23,,
1984-02-16,2.0519,10.74,799.3,2.126,23.0,40.23,,
1984-02-17,2.0519,10.73,799.3,2.126,23.0,40.23,,
1984-02-21,2.0519,10.74,799.3,2.1305,23.0,40.23,,
1984-02-22,2.0519,10.74,798.7,2.1275,23.0,40.24,,
1984-02-23,2.0519,10.75,799.3,2.1265,23.0,40.25,,
1984-02-24,2.0519,10.71,797.1,2.126,23.0,40.26,,
1984-02-27,2.0519,10.74,796.1,2.126,23.0,40.25,,
1984-02-28,2.0519,10.7,797.1,2.122,23.0,40.26,,
1984-02-29,2.0519,10.69,795.3,2.121,23.0,40.22,,
1984-03-01,2.0519,10.68,795.3,2.122,23.0,40.2,,
1984-03-02,2.0519,10.67,795.4,2.115,23.0,40.19,,
1984-03-05,2.0519,10.67,794.4,2.075,23.0,40.18,,
1984-03-06,2.0417,10.67,793.4,2.0775,23.0,40.18,,
1984-03-07,2.0417,10.67,792.4,2.09,23.0,40.17,,
1984-03-08,2.0498,10.67,792.4,2.0965,23.0,40.15,,
1984-03-09,2.0498,10.69,793.3,2.086,23.0,40.14,,
1984-03-12,2.0683,10.69,794.3,2.0905,23.0,40.11,,
1984-03-13,2.0683,10.7,795.3,2.084,23.0,40.1,,
1984-03-14,2.0579,10.66,794.3,2.0765,23.0,,,
1984-03-15,2.0579,10.68,793.3,2.0805,23.0,40.07,,
1984-03-16,2.0662,10.72,794.3,2.0885,23.01,40.05,,
1984-03-19,2.0744,10.76,795.3,2.091,23.0,40.04,,
1984-03-20,2.0744,10.77,796.3,2.094,23.0,40.04,,
1984-03-21,2.0847,10.78,795.7,2.0945,23.01,40.02,,
1984-03-22,2.0847,10.79,796.7,2.0925,23.01,40.0,,
1984-03-23,2.0847,10.77,796.6,2.0895,23.0,39.98,,
1984-03-26,2.0847,10.75,795.6,2.084,23.01,39.96,,
1984-03-27,2.0743,10.73,794.6,2.0795,23.01,40.0,,
1984-03-28,2.0743,10.74,793.6,2.086,23.01,40.0,,
1984-03-29,2.0639,10.7,793.9,2.085,23.01,,,
1984-03-30,2.0639,10.76,792.9,2.087,23.01,39.99,,
1984-04-02,2.0639,10.76,793.8,2.086,23.01,39.95,,
1984-04-03,2.0743,10.78,794.4,2.0885,23.01,39.93,,
1984-04-04,2.0743,10.77,795.4,2.087,23.01,,,
1984-04-05,2.0743,10.77,795.4,2.087,23.01,39.92,,
1984-04-06,2.0846,10.77,795.4,2.093,23.01,39.9,,
1984-04-09,2.0846,10.78,796.3,2.093,23.01,,,
1984-04-10,2.0846,10.8,795.4,2.088,23.01,39.84,,
1984-04-11,2.0846,10.8,795.9,2.083,23.01,,,
1984-04-12,2.0846,10.8,794.9,2.083,23.01,,,
1984-04-13,2.0846,10.8,795.2,2.083,23.01,39.81,,
1984-04-16,2.0846,10.82,796.0,2.086,23.01,39.78,,
1984-04-17,2.0846,10.82,797.0,2.085,23.01,39.76,,
1984-04-18,2.0846,10.81,796.0,2.085,23.01,39.75,,
1984-04-19,2.0846,10.82,796.4,2.088,23.01,39.74,,
1984-04-20,2.1055,10.82,797.2,2.0865,23.01,39.73,,
1984-04-23,2.1055,10.82,797.6,2.085,23.01,,,
1984-04-24,2.1055,10.87,797.4,2.0865,23.01,39.7,,
1984-04-25,2.1181,10.88,798.4,2.0855,23.01,39.69,,
1984-04-26,2.1181,10.89,798.4,2.0565,23.01,39.68,,
1984-04-27,2.1329,10.91,798.6,2.088,23.01,39.68,,
1984-04-30,2.1329,10.93,799.6,2.088,23.01,39.68,,
1984-05-01,2.1329,10.92,800.6,2.0885,23.01,,,
1984-05-02,2.1458,10.94,801.4,2.088,23.01,39.67,,
1984-05-03,2.1458,10.92,801.3,2.088,23.01,39.66,,
1984-05-04,2.1414,10.93,800.3,2.0875,23.01,39.65,,
1984-05-07,2.1629,10.98,800.3,2.093,23.01,39.64,,
1984-05-08,2.1845,11.0,800.3,2.096,23.01,39.63,,
1984-05-09,2.1845,11.0,801.3,2.0975,23.01,39.63,,
1984-05-10,2.1845,11.1,802.0,2.099,23.01,39.63,,
1984-05-11,2.1845,11.02,802.5,2.102,23.01,39.63,,
1984-05-14,2.1845,11.06,802.7,2.104,23.01,39.64,,
1984-05-15,2.1845,11.04,803.1,2.103,23.01,39.64,,
1984-05-16,2.1845,11.02,802.2,2.1035,23.01,39.64,,
1984-05-17,2.1845,11.02,801.1,2.104,23.01,39.65,,
1984-05-18,2.2042,11.03,802.2,2.1115,23.01,39.68,,
1984-05-21,2.2042,11.04,803.2,2.1135,23.01,39.75,,
1984-05-22,2.2042,11.04,803.2,2.1075,23.01,39.76,,
1984-05-23,2.2042,11.04,802.2,2.094,23.01,39.77,,
1984-05-24,2.2218,11.06,801.2,2.112,23.01,39.79,,
1984-05-25,2.2063,11.05,801.2,2.1045,23.01,39.82,,
1984-05-29,2.2218,11.07,800.2,2.1075,23.01,39.89,,
1984-05-30,2.2173,11.04,801.2,2.105,23.01,39.92,,
1984-05-31,2.2173,11.05,800.3,2.1045,23.01,39.94,,
1984-06-01,2.2173,11.02,800.5,2.0965,23.01,39.96,,
1984-06-04,2.193,10.98,799.5,2.093,23.01,39.997,,
1984-06-05,2.193,10.99,798.5,2.0975,23.01,39.97,,
1984-06-06,2.193,10.98,798.5,2.102,23.01,39.97,,
1984-06-07,2.193,10.97,799.5,2.102,23.01,39.95,,
1984-06-08,2.193,10.99,800.1,2.104,23.01,39.91,,
1984-06-11,2.193,10.99,800.5,2.1055,23.01,39.86,,
1984-06-12,2.2018,11.0,800.6,2.116,23.01,39.83,,
1984-06-13,2.2018,11.02,801.6,2.11,23.01,39.79,,
1984-06-14,2.2018,11.02,801.4,2.104,23.01,39.74,,
1984-06-15,2.2085,11.02,801.4,2.107,23.01,39.76,,
1984-06-18,2.2194,11.04,801.7,2.1175,23.01,39.81,,
1984-06-19,2.2084,11.05,802.4,2.1105,23.01,39.85,,
1984-06-20,2.2306,11.07,802.7,2.113,23.01,39.85,,
1984-06-21,2.2306,11.14,803.7,2.1138,23.01,39.84,,
1984-06-22,2.2417,11.12,804.7,2.1165,23.01,39.83,,
1984-06-25,2.2417,11.17,805.4,2.1295,23.01,39.8,,
1984-06-26,2.2529,11.18,806.4,2.123,23.01,39.78,,
1984-06-27,2.2529,11.16,805.4,2.128,23.02,39.76,,
1984-06-28,2.2529,11.21,805.4,2.134,23.02,39.74,,
1984-06-29,2.2529,11.22,806.4,2.132,23.0,39.71,,
1984-07-02,2.2529,11.22,805.5,2.1365,23.02,39.68,,
1984-07-03,2.2529,11.24,806.5,2.142,23.02,39.66,,
1984-07-05,2.271,11.25,807.6,2.144,23.02,39.62,,
1984-07-06,2.2869,11.27,808.6,2.143,23.02,39.6,,
1984-07-09,2.2869,11.29,809.3,2.15,23.02,39.56,,
1984-07-10,2.2869,11.29,810.3,2.146,23.02,39.54,,
1984-07-11,2.2869,11.32,810.1,2.1455,23.02,39.43,,
1984-07-12,2.2869,11.32,811.1,2.148,23.02,39.51,,
1984-07-13,2.2983,11.32,811.8,2.1405,23.02,,,
1984-07-16,2.2983,11.32,810.8,2.1375,23.02,39.51,,
1984-07-17,2.2914,11.35,810.8,2.1455,23.02,39.52,,
1984-07-18,2.3028,11.37,811.2,2.152,23.02,39.52,,
1984-07-19,2.3028,11.4,812.2,2.149,23.02,39.49,,
1984-07-20,2.3028,11.4,812.2,2.151,23.02,39.47,,
1984-07-23,2.3144,11.49,813.2,2.158,23.02,,,
1984-07-24,2.3259,11.46,814.2,2.156,23.02,39.41,,
1984-07-25,2.3259,11.47,813.8,2.151,23.02,39.38,,
1984-07-26,2.3166,11.45,812.8,2.141,23.02,39.35,,
1984-07-27,2.3258,11.5,811.8,2.149,23.02,39.32,,
1984-07-30,2.3374,11.52,812.8,2.153,23.02,39.26,,
1984-07-31,2.3374,11.55,813.5,2.154,23.02,39.23,,
1984-08-01,2.3444,11.56,814.1,2.1575,23.02,39.2,,
1984-08-02,2.3327,11.56,813.8,2.155,23.02,39.17,,
1984-08-03,2.3327,11.55,813.0,2.145,23.02,,,
1984-08-06,2.3211,11.5,812.0,2.146,23.02,39.11,,
1984-08-07,2.3211,11.55,812.3,2.1545,23.02,39.08,,
1984-08-08,2.3559,11.56,813.3,2.1475,23.02,39.08,,
1984-08-09,2.3441,11.57,812.3,2.145,23.02,39.09,,
1984-08-10,2.3306,11.52,811.3,2.148,23.0,39.08,,
1984-08-13,2.3767,11.57,810.3,2.148,23.02,,,
1984-08-14,2.3625,11.56,811.3,2.139,23.0,39.08,,
1984-08-15,2.3625,11.52,811.3,2.144,23.02,39.08,,
1984-08-16,2.3625,11.56,810.3,2.1375,23.02,39.08,,
1984-08-17,2.3625,11.54,810.0,2.141,23.02,39.08,,
1984-08-20,2.3625,11.55,809.8,2.1425,23.02,39.08,,
1984-08-21,2.3837,11.57,810.7,2.145,23.02,39.08,,
1984-08-22,2.4088,11.58,811.7,2.1453,23.02,39.08,,
1984-08-23,2.4028,11.55,811.0,2.1435,23.02,39.08,,
1984-08-24,2.4028,11.55,810.4,2.1445,23.02,39.08,,
1984-08-27,2.4028,11.55,810.2,2.1445,23.02,39.08,,
1984-08-28,2.4196,11.58,811.2,2.1485,23.02,39.08,,
1984-08-29,2.4196,11.56,811.3,2.151,23.02,39.08,,
1984-08-30,2.4196,11.58,810.3,2.1565,23.02,39.08,,
1984-08-31,2.4196,11.6,810.8,2.157,23.02,39.08,,
1984-09-04,2.4414,11.72,811.9,2.162,23.02,39.08,,
1984-09-05,2.4732,11.77,812.9,2.162,23.02,39.08,,
1984-09-06,2.488,11.78,813.9,2.162,23.02,39.08,,
1984-09-07,2.488,11.78,813.7,2.161,23.02,,,
1984-09-10,2.5216,11.79,814.7,2.16,23.02,,,
1984-09-11,2.5342,11.8,815.6,2.1635,23.02,39.08,,
1984-09-12,2.519,11.78,815.5,2.1625,23.02,39.09,,
1984-09-13,2.5341,11.79,815.2,2.1635,23.02,39.11,,
1984-09-14,2.5494,11.82,816.2,2.163,23.02,39.12,,
1984-09-17,2.5621,11.82,816.2,2.169,23.02,39.14,,
1984-09-18,2.6018,12.0,816.5,2.1715,23.02,39.15,,
1984-09-19,2.6018,11.98,817.5,2.1645,23.02,39.17,,
1984-09-20,2.6109,11.96,816.9,2.168,23.0,39.19,,
1984-09-21,2.6331,11.96,817.9,2.16,23.0,39.21,,
1984-09-24,2.5699,11.84,818.4,2.1565,23.0,39.25,,
1984-09-25,2.539,11.9,817.4,2.1655,23.0,39.27,,
1984-09-26,2.5746,11.96,816.4,2.166,23.0,39.27,,
1984-09-27,2.5746,11.94,817.4,2.162,23.0,39.25,,
1984-09-28,2.5746,11.92,816.4,2.165,23.0,,,
1984-10-01,2.6055,11.95,817.3,2.1675,23.02,39.21,,
1984-10-02,2.6055,11.92,818.3,2.165,23.02,39.18,,
1984-10-03,2.582,11.87,818.3,2.1655,23.02,39.16,,
1984-10-04,2.6079,11.9,817.3,2.17,23.02,39.14,,
1984-10-05,2.6079,11.92,818.3,2.1675,23.02,39.12,,
1984-10-09,2.6141,11.98,818.8,2.168,23.02,39.11,,
1984-10-10,2.6507,11.99,819.8,2.168,23.02,,,
1984-10-11,2.6507,11.99,820.8,2.1685,23.02,39.12,,
1984-10-12,2.672,12.02,821.8,2.169,23.02,39.14,,
1984-10-15,2.672,12.02,821.1,2.173,23.02,39.18,,
1984-10-16,2.7147,12.1,822.1,2.1695,23.02,39.2,,
1984-10-17,2.7147,12.11,822.7,2.1665,23.02,39.22,,
1984-10-18,2.7147,12.1,821.7,2.169,23.02,39.24,,
1984-10-19,2.6984,12.04,822.3,2.168,23.02,39.26,,
1984-10-22,2.6742,12.1,821.3,2.168,23.02,39.3,,
1984-10-23,2.6742,12.06,821.3,2.165,23.02,39.32,,
1984-10-24,2.6314,12.02,820.3,2.1635,23.02,39.35,,
1984-10-25,2.6129,12.02,819.3,2.162,23.02,,,
1984-10-26,2.6129,12.08,818.5,2.1635,23.02,39.37,,
1984-10-29,2.6365,12.13,819.5,2.1655,23.02,39.35,,
1984-10-30,2.6734,12.15,820.5,2.1635,23.02,39.33,,
1984-10-31,2.6466,12.12,819.5,2.1615,23.02,,,
1984-11-01,2.6334,12.05,818.5,2.1575,23.02,39.3,,
1984-11-02,2.5939,11.97,817.5,2.1515,,39.28,,
1984-11-05,2.5653,11.97,816.5,2.152,27.02,39.24,,
1984-11-07,2.5819,12.01,816.1,2.148,26.93,39.28,,
1984-11-08,2.5742,12.01,815.1,2.146,,39.3,,
1984-11-09,2.6051,12.0,816.1,2.1495,,39.32,,
1984-11-13,2.6233,12.0,816.9,2.143,26.88,39.38,,
1984-11-14,2.647,12.04,816.5,2.147,26.88,39.4,,
1984-11-15,2.647,12.04,816.9,2.1455,26.95,39.42,,
1984-11-16,2.6682,12.06,817.9,2.148,26.95,39.44,,
1984-11-19,2.6682,12.06,818.0,2.152,26.95,39.49,,
1984-11-20,2.7001,12.09,819.0,2.153,27.0,39.51,,
1984-11-21,2.7217,12.15,820.0,2.153,27.0,39.53,,
1984-11-23,2.7217,12.15,821.0,2.165,27.0,39.55,,
1984-11-26,2.7625,12.15,821.8,2.1695,27.0,39.5,,
1984-11-27,2.7943,12.15,822.8,2.168,27.05,39.48,,
1984-11-28,2.7943,12.15,822.1,2.1695,27.05,39.5,,
1984-11-29,2.7943,12.15,823.1,2.1665,27.05,39.52,,
1984-11-30,2.7953,12.29,823.2,2.1685,27.05,39.53,,
1984-12-03,2.7943,12.29,824.2,2.1715,27.05,39.52,,
1984-12-04,2.7943,12.29,825.2,2.1665,27.05,39.48,,
1984-12-05,2.7831,12.29,824.2,2.1665,27.05,39.46,,
1984-12-06,2.7831,12.26,823.6,2.1675,27.1,39.46,,
1984-12-07,2.7831,12.26,823.7,2.17,27.1,39.48,,
1984-12-10,2.7971,12.26,824.2,2.169,27.1,39.52,,
1984-12-11,2.7971,12.26,824.8,2.1685,26.92,39.49,,
1984-12-12,2.7971,12.26,824.6,2.1705,27.1,39.48,,
1984-12-13,2.7971,12.26,824.9,2.173,27.1,39.5,,
1984-12-14,2.7971,12.26,825.2,2.1765,27.1,39.53,,
1984-12-17,2.7971,12.26,825.8,2.1765,27.1,39.54,,
1984-12-18,2.7971,12.26,825.6,2.175,27.1,39.53,,
1984-12-19,2.7971,12.26,825.0,2.178,27.1,39.53,,
1984-12-20,2.7971,12.26,825.9,2.1755,27.1,39.53,,
1984-12-21,2.7971,12.32,826.9,2.172,27.1,39.53,,
1984-12-24,2.7971,12.32,827.1,2.176,27.1,39.51,,
1984-12-26,2.7971,12.32,827.1,2.176,27.1,39.51,,
1984-12-27,2.7971,12.38,828.1,2.178,27.15,39.52,,
1984-12-28,2.8027,12.4,829.1,2.176,27.15,39.54,,
1984-12-31,2.8027,12.38,829.5,2.181,27.15,39.52,,
1985-01-02,2.8027,12.38,829.5,2.1895,27.2,,,
1985-01-03,2.8167,12.38,829.5,2.1995,27.25,,,
1985-01-04,2.8167,12.5,830.5,2.1995,27.25,39.5,,
1985-01-07,2.8167,12.53,831.3,2.206,27.25,39.48,,
1985-01-08,2.8167,12.56,832.3,2.2,27.3,39.47,,
1985-01-09,2.8167,12.58,831.3,2.2,27.3,39.45,,
1985-01-10,2.8167,12.62,832.3,2.2,27.3,39.43,,
1985-01-11,2.8167,12.65,831.3,2.1965,27.3,39.41,,
1985-01-14,2.8167,12.63,832.3,2.203,27.3,39.38,,
1985-01-15,2.8167,12.7,833.3,2.2015,27.42,39.37,,
1985-01-16,2.8167,12.67,834.3,2.2,27.42,39.36,,
1985-01-17,2.8167,12.67,833.7,2.1995,27.35,39.34,,
1985-01-18,2.8167,12.67,833.3,2.198,27.35,39.32,,
1985-01-22,2.8167,12.64,832.2,2.197,27.33,39.26,,
1985-01-23,2.8167,12.64,832.2,2.202,27.33,,,
1985-01-24,2.8167,12.7,832.9,2.203,27.37,39.22,,
1985-01-25,2.8167,12.65,832.6,2.2,27.37,39.2,,
1985-01-28,2.8167,12.65,832.4,2.205,27.37,39.17,,
1985-01-29,2.8167,12.65,832.9,2.205,27.37,39.15,,
1985-01-30,2.8167,12.71,832.7,2.2085,27.4,39.13,,
1985-01-31,2.8167,12.67,832.7,2.209,27.4,39.13,,
1985-02-01,2.8167,12.68,833.3,2.214,27.43,,,
1985-02-04,2.8167,12.75,834.3,2.23,27.58,39.19,,
1985-02-05,2.8167,12.77,835.3,2.241,27.75,39.22,,
1985-02-06,2.8167,12.81,836.0,2.239,27.75,39.25,,
1985-02-07,2.8167,12.81,836.7,2.2585,27.83,39.23,,
1985-02-08,2.8167,12.84,837.2,2.2605,27.85,39.21,,
1985-02-11,2.8167,12.85,837.4,2.2665,27.9,39.18,,
1985-02-13,2.8589,12.95,838.4,2.262,28.1,39.2,,
1985-02-14,2.8589,12.97,839.0,2.261,28.1,39.23,,
1985-02-15,2.8475,12.89,838.0,2.24,28.0,39.26,,
1985-02-19,2.8305,12.96,839.0,2.265,28.0,39.27,,
1985-02-20,2.8305,12.98,839.0,2.26,28.0,,,
1985-02-21,2.8305,13.01,841.0,2.265,28.0,,,
1985-02-22,2.8418,13.07,,2.275,28.0,,,
1985-02-25,2.8503,13.1,844.1,2.278,28.35,39.27,,
1985-02-26,2.8588,13.22,846.1,2.275,28.35,,,
1985-02-27,2.8588,13.0,846.0,2.25,28.2,,,
1985-02-28,2.8417,12.93,845.0,2.262,28.1,,,
1985-03-01,2.8559,12.98,845.0,2.274,28.18,39.39,,
1985-03-04,2.8559,13.08,847.0,2.275,28.18,39.4,,
1985-03-05,2.8644,13.15,847.6,2.279,28.25,39.42,,
1985-03-06,2.8816,13.16,849.6,2.2815,28.38,39.44,,
1985-03-07,2.8671,13.06,849.6,2.2765,28.32,39.44,,
1985-03-08,2.8758,13.16,849.7,2.277,28.38,,,
1985-03-11,2.8758,13.04,849.6,2.265,28.38,39.44,,
1985-03-12,2.8556,12.92,848.6,2.267,28.15,39.47,,
1985-03-13,2.8641,13.02,849.4,2.2675,28.22,39.47,,
1985-03-14,2.8641,13.06,849.2,2.274,28.22,39.45,,
1985-03-15,2.8641,13.1,851.5,2.2755,28.22,39.48,,
1985-03-18,2.8641,13.0,853.5,2.269,28.28,39.57,,
1985-03-19,2.847,12.77,848.6,2.26,28.13,39.62,,
1985-03-20,2.8356,12.6,852.5,2.247,27.97,39.65,,
1985-03-21,2.8469,12.65,853.4,2.25,28.0,39.67,,
1985-03-22,2.8385,12.66,852.9,2.2375,27.85,39.7,,
1985-03-25,2.8384,12.77,852.4,2.25,27.9,39.71,,
1985-03-26,2.8384,12.81,854.3,2.251,27.97,39.69,,
1985-03-27,2.8327,12.4,854.0,2.225,27.85,39.66,,
1985-03-28,2.8269,12.5,853.5,2.215,27.63,39.62,,
1985-03-29,2.8269,12.2,853.0,2.205,27.57,39.59,,
1985-04-01,2.8269,12.38,852.5,2.2275,27.38,39.59,,
1985-04-02,2.8439,12.56,855.0,2.2225,27.6,39.59,,
1985-04-03,2.8439,12.4,858.0,2.227,27.55,39.59,,
1985-04-04,2.8552,12.57,857.5,2.23,27.63,,,
1985-04-05,2.858,12.57,857.5,2.233,,,,
1985-04-08,2.858,12.4,860.2,2.2375,27.63,39.63,,
1985-04-09,2.858,12.57,862.2,2.237,27.6,39.63,,
1985-04-10,2.8523,12.6,861.9,2.232,27.65,39.6,,
1985-04-11,2.8523,12.45,861.4,2.217,27.62,39.61,,
1985-04-12,2.8381,12.3,860.9,2.217,27.38,39.62,,
1985-04-15,2.8381,12.25,860.4,2.201,27.45,39.63,,
1985-04-16,2.8339,12.2,859.9,2.198,27.33,39.65,,
1985-04-17,2.8339,12.17,859.4,2.205,27.25,39.67,,
1985-04-18,2.8452,12.37,860.9,2.205,27.35,39.71,,
1985-04-19,2.831,12.17,860.5,2.1985,27.13,39.76,,
1985-04-22,2.831,12.22,860.0,2.1995,27.15,39.81,,
1985-04-23,2.8451,12.32,862.0,2.215,27.32,39.85,,
1985-04-24,2.8565,12.43,865.6,2.2225,27.43,39.88,,
1985-04-25,2.8593,12.45,866.6,2.2285,27.48,39.9,,
1985-04-26,2.868,12.5,867.6,2.2335,27.66,39.92,,
1985-04-29,2.868,12.5,868.6,2.226,27.66,39.96,,
1985-04-30,2.8593,12.43,868.1,2.225,27.54,39.97,,
1985-05-01,2.8593,12.55,867.7,2.2275,27.55,39.94,,
1985-05-02,2.8593,12.65,868.7,2.2375,,39.92,,
1985-05-03,2.8593,12.62,869.7,2.237,27.73,39.92,,
1985-05-06,2.8737,12.62,870.7,2.24,,39.96,,
1985-05-07,2.8737,12.6,871.7,2.221,27.89,39.97,,
1985-05-08,2.8593,12.64,871.2,2.237,27.72,39.97,,
1985-05-09,2.8593,12.54,871.0,2.221,27.67,39.96,,
1985-05-10,2.8593,12.55,870.5,2.225,27.7,,,
1985-05-13,2.8536,12.55,870.4,2.2195,,39.97,,
1985-05-14,2.8451,12.49,869.9,2.2115,27.4,39.9,,
1985-05-15,2.8451,12.39,869.4,2.211,27.37,39.96,,
1985-05-16,2.868,12.46,870.4,2.2175,27.4,39.95,,
1985-05-17,2.8451,12.48,871.4,2.214,27.55,39.93,,
1985-05-20,2.8451,12.24,870.9,2.201,27.4,39.91,,
1985-05-21,2.8451,12.36,870.4,2.214,27.42,39.88,,
1985-05-22,2.8451,12.42,871.3,2.2135,,39.88,,
1985-05-23,2.868,12.47,872.3,2.227,27.52,39.84,,
1985-05-24,2.8451,12.42,873.3,2.2225,27.5,39.82,,
1985-05-28,2.8565,12.52,872.8,2.2285,27.5,39.8,,
1985-05-29,2.8565,12.53,873.8,2.229,27.58,39.81,,
1985-05-30,2.8508,12.44,873.7,2.2215,27.52,39.83,,
1985-05-31,2.8508,12.47,873.2,2.225,27.55,,,
1985-06-03,2.8508,12.39,873.1,2.21,27.55,39.82,,
1985-06-04,2.8508,12.42,872.6,2.214,27.38,39.82,,
1985-06-05,2.865,12.44,873.6,2.217,27.45,39.82,,
1985-06-06,2.865,12.46,873.6,2.2135,27.4,39.82,,
1985-06-07,2.865,12.47,873.5,2.221,27.37,,,
1985-06-10,2.865,12.51,874.5,2.2285,27.48,39.82,,
1985-06-11,2.865,12.54,875.5,2.2255,27.52,39.82,,
1985-06-12,2.865,12.53,875.3,2.2255,27.48,,,
1985-06-13,2.865,12.54,875.1,2.2265,27.52,39.82,,
1985-06-14,2.865,12.48,875.5,2.222,27.46,39.82,,
1985-06-17,2.865,12.49,875.0,2.2265,,39.82,,
1985-06-18,2.865,12.44,875.6,2.226,27.36,39.82,,
1985-06-19,2.8536,12.32,875.1,2.2255,27.22,39.84,,
1985-06-20,2.8708,12.32,874.6,2.235,27.33,39.86,,
1985-06-21,2.8851,12.42,875.6,2.274,,39.87,,
1985-06-24,2.8851,12.45,876.6,2.241,27.45,39.91,,
1985-06-25,2.8851,12.39,876.4,2.2425,27.45,39.97,,
1985-06-26,2.8851,12.4,876.3,2.246,27.48,,,
1985-06-27,2.8851,12.4,876.3,2.24,27.45,40.06,,
1985-06-28,2.8851,12.4,876.2,2.2225,27.45,,,
1985-07-01,2.8851,12.3,876.0,2.228,27.38,39.95,,
1985-07-02,2.8851,12.38,875.5,2.2345,27.45,40.05,,
1985-07-03,2.8851,12.37,876.5,2.2355,27.43,40.05,,
1985-07-05,2.8851,12.37,876.1,2.2305,,40.05,,
1985-07-08,2.8793,12.32,875.6,2.2295,27.28,40.05,,
1985-07-09,2.8793,12.17,875.1,2.22,27.2,40.05,,
1985-07-10,2.8793,12.02,874.6,2.2095,27.14,40.08,,
1985-07-11,2.8793,12.02,874.4,2.209,27.08,40.11,,
1985-07-12,2.8793,12.02,875.4,2.209,27.04,40.07,,
1985-07-15,2.8736,11.97,875.2,2.208,26.83,40.05,,
1985-07-16,2.8736,11.94,875.0,2.205,26.72,,,
1985-07-17,2.8736,11.83,875.0,2.1925,27.83,40.05,,
1985-07-18,2.8649,11.82,874.8,2.21,26.73,40.05,,
1985-07-19,2.8764,11.9,875.4,2.204,26.85,40.06,,
1985-07-22,2.885,12.02,876.9,2.211,26.95,40.11,,
1985-07-23,2.885,11.86,878.2,2.2025,26.92,40.24,,
1985-07-24,2.885,11.98,878.0,2.2065,26.9,,,
1985-07-25,2.885,11.92,879.2,2.203,26.92,,,
1985-07-26,2.885,11.98,879.1,2.2105,26.92,40.43,,
1985-07-29,2.885,11.86,878.9,2.203,26.92,40.4,,
1985-07-30,2.885,11.84,878.7,2.1925,26.84,40.38,,
1985-07-31,2.885,11.8,878.5,2.185,26.79,40.36,,
1985-08-01,2.885,11.86,878.3,2.193,26.77,40.34,,
1985-08-02,2.9051,11.44,880.4,2.193,26.87,,,
1985-08-05,2.8993,11.95,882.9,2.1925,26.85,40.44,,
1985-08-06,2.8993,11.98,882.7,2.2025,26.85,40.42,,
1985-08-07,2.9081,12.08,885.0,2.203,26.96,,,
1985-08-08,2.9081,12.0,886.4,2.206,26.96,,,
1985-08-09,2.9081,12.02,886.2,2.207,26.93,40.46,,
1985-08-12,2.9081,11.94,886.0,2.197,26.87,40.56,,
1985-08-13,2.9081,11.9,885.8,2.1985,26.8,40.53,,
1985-08-14,2.9081,11.96,885.6,2.211,26.84,40.54,,
1985-08-15,2.9081,11.89,885.6,2.2065,26.84,40.58,,
1985-08-16,2.9081,11.82,885.4,2.205,26.79,40.6,,
1985-08-19,2.9081,11.83,885.2,2.22,26.76,40.57,,
1985-08-20,2.9081,11.88,885.2,2.2425,26.76,40.55,,
1985-08-21,2.9168,11.92,885.7,2.2335,26.85,40.52,,
1985-08-22,2.9168,11.83,885.9,2.225,26.74,,,
1985-08-23,2.9168,11.92,885.7,2.2345,26.78,,,
1985-08-26,2.9168,11.92,885.9,2.232,,40.46,,
1985-08-27,2.9168,11.87,886.9,2.2505,26.84,,,
1985-08-28,2.9168,11.88,887.1,2.25,26.87,40.46,,
1985-08-29,2.9168,11.9,886.9,2.258,27.87,40.49,,
1985-08-30,2.9168,11.96,887.3,2.26,26.88,40.49,,
1985-09-03,2.9372,12.06,891.1,2.2675,27.09,40.48,,
1985-09-04,2.949,12.08,892.9,2.2655,26.15,40.45,,
1985-09-05,2.949,12.1,892.9,2.2685,27.15,40.44,,
1985-09-06,2.9608,12.22,893.7,2.2975,27.25,40.44,,
1985-09-09,2.9697,12.4,894.2,2.296,27.48,40.39,,
1985-09-10,2.9786,12.33,894.7,2.292,27.55,40.45,,
1985-09-11,2.9786,12.32,894.5,2.2995,27.55,40.45,,
1985-09-12,2.9786,12.44,894.3,2.3085,27.58,40.44,,
1985-09-13,2.9786,12.25,894.86,2.285,27.59,,,
1985-09-16,2.9697,12.3,894.6,2.25,27.35,40.43,,
1985-09-17,2.9697,12.28,894.4,2.195,27.28,40.4,,
1985-09-18,2.9815,12.31,894.2,2.21,27.26,,,
1985-09-19,2.9905,12.3,894.7,2.2085,27.36,40.46,,
1985-09-20,2.9905,12.22,894.5,2.2015,27.28,40.52,,
1985-09-23,2.9844,11.8,894.3,2.14,27.02,40.57,,
1985-09-24,2.9755,11.85,894.1,2.165,26.46,40.54,,
1985-09-25,2.9755,11.88,894.6,2.1605,26.5,40.51,,
1985-09-26,2.9755,11.7,894.4,2.1425,26.38,,,
1985-09-27,2.9755,11.7,,2.1425,26.38,,,
1985-09-30,2.9755,11.97,894.0,2.141,26.35,,,
1985-10-01,2.9874,11.92,894.0,2.13,26.37,,,
1985-10-02,2.9874,11.87,893.8,2.158,26.33,40.39,,
1985-10-03,3.0083,11.97,893.8,2.124,26.34,40.36,,
1985-10-04,3.0023,11.95,893.6,2.1235,,40.33,,
1985-10-07,3.0023,12.06,893.4,2.145,26.45,40.23,,
1985-10-08,3.0294,12.05,893.9,2.142,26.5,40.24,,
1985-10-09,3.0415,12.06,893.9,2.143,26.62,40.22,,
1985-10-10,3.0536,12.08,893.7,2.149,26.58,,,
1985-10-11,3.0536,12.09,894.2,2.142,26.58,40.21,,
1985-10-15,3.0536,12.09,894.3,2.1415,26.58,40.16,,
1985-10-16,3.0658,12.1,894.7,2.1455,26.58,40.15,,
1985-10-17,3.0658,12.08,895.2,2.1415,26.7,40.15,,
1985-10-18,3.0627,12.09,895.0,2.14,26.65,,,
1985-10-21,3.0627,12.03,894.8,2.1335,26.6,40.13,,
1985-10-22,3.0842,12.04,894.7,2.1355,26.6,40.11,,
1985-10-23,3.1057,12.01,895.2,2.1365,26.63,40.1,,
1985-10-24,3.1275,12.0,895.2,2.1455,26.7,40.1,,
1985-10-25,3.1588,12.04,895.7,2.141,26.77,,,
1985-10-28,3.1588,12.02,895.4,2.1385,26.67,40.13,,
1985-10-29,3.1904,12.07,895.1,2.135,26.62,40.17,,
1985-10-30,3.2095,12.06,894.8,2.132,26.52,40.14,,
1985-10-31,3.2095,12.05,894.5,2.13,26.56,,,
1985-11-01,3.2095,12.07,894.2,2.126,26.44,40.12,,
1985-11-04,3.2095,12.06,893.9,2.117,26.32,40.1,,
1985-11-05,3.2095,12.06,893.6,2.1175,26.33,40.06,,
1985-11-06,3.2095,12.08,894.1,2.1155,27.0,40.06,,
1985-11-07,3.2095,12.08,893.8,2.109,26.16,40.02,,
1985-11-08,3.2095,12.19,893.5,2.1185,26.41,,,
1985-11-12,3.2095,12.17,894.5,2.117,26.42,,,
1985-11-13,3.2095,12.16,894.1,2.115,26.37,40.01,,
1985-11-14,3.2095,12.16,893.7,2.115,26.37,40.0,,
1985-11-15,3.2095,12.14,893.3,2.118,26.27,39.99,,
1985-11-18,3.192,12.18,893.8,2.116,26.39,39.97,,
1985-11-19,3.2095,12.12,893.5,2.113,26.32,39.96,,
1985-11-20,3.2095,12.13,893.1,2.1115,26.28,,,
1985-11-21,3.2095,12.07,893.2,2.107,26.25,,,
1985-11-22,3.2095,12.08,892.8,2.085,26.12,39.93,,
1985-11-25,3.2095,12.03,892.4,2.0875,26.09,39.9,,
1985-11-26,3.2095,12.07,892.0,2.0855,26.14,39.89,,
1985-11-27,3.2095,12.02,892.5,2.091,26.14,39.87,,
1985-11-29,3.2095,12.05,891.7,2.095,26.17,39.84,,
1985-12-02,3.2095,12.04,891.4,2.1375,26.24,39.82,,
1985-12-03,3.2095,12.07,891.9,2.133,26.74,39.84,,
1985-12-04,3.2095,12.07,892.4,2.1285,26.75,39.88,,
1985-12-05,3.2095,12.07,892.0,2.1305,26.75,39.92,,
1985-12-06,3.2095,12.1,892.5,2.1175,26.73,39.92,,
1985-12-09,3.2095,12.19,892.8,2.124,26.74,39.9,,
1985-12-10,3.2095,12.2,893.3,2.128,26.74,39.87,,
1985-12-11,3.2095,12.2,893.8,2.127,26.78,39.88,,
1985-12-12,3.2095,12.18,894.3,2.121,26.76,39.9,,
1985-12-13,3.2095,12.17,893.9,2.1245,26.73,39.89,,
1985-12-16,3.2095,12.17,893.8,2.1225,26.75,39.93,,
1985-12-17,3.2095,12.15,893.7,2.116,26.73,39.94,,
1985-12-18,3.2095,12.19,893.3,2.1175,26.72,,,
1985-12-19,3.2095,12.2,893.3,2.116,26.75,39.95,,
1985-12-20,3.2095,12.19,894.1,2.12,26.75,39.95,,
1985-12-23,3.2095,12.19,893.7,2.118,26.74,39.93,,
1985-12-24,3.2095,12.21,893.4,2.118,26.74,39.95,,
1985-12-26,3.2095,12.21,893.4,2.118,26.74,39.93,,
1985-12-27,3.2095,12.19,893.3,2.115,26.74,39.92,,
1985-12-30,3.2095,12.1,892.9,2.11,26.7,39.9,,
1985-12-31,3.2095,12.11,892.5,2.105,26.7,39.9,,
1986-01-02,3.2095,12.05,892.5,2.114,26.6,,,
1986-01-03,3.2095,12.12,892.5,2.1235,26.64,,,
1986-01-06,3.2095,12.17,893.0,2.1185,26.71,39.87,,
1986-01-07,3.2095,12.13,892.6,2.116,26.68,39.85,,
1986-01-08,3.2095,12.16,892.2,2.1215,26.69,,,
1986-01-09,3.2095,12.19,892.7,2.1215,26.72,39.81,,
1986-01-10,3.2095,12.09,893.2,2.12,26.69,,,
1986-01-13,3.2095,12.18,893.1,2.129,26.73,39.64,,
1986-01-14,3.2095,12.2,893.6,2.13,26.74,39.71,,
1986-01-15,3.2095,12.21,893.6,2.127,26.74,,,
1986-01-16,3.2095,12.2,893.2,2.127,26.69,39.67,,
1986-01-17,3.2095,12.22,892.8,2.127,26.7,39.65,,
1986-01-21,3.2095,12.31,893.8,2.1315,26.71,39.61,,
1986-01-22,3.2095,12.38,893.6,2.14,26.71,39.58,,
1986-01-23,3.2095,12.38,893.3,2.1365,26.71,39.56,,
1986-01-24,3.2095,12.37,893.0,2.1325,26.7,39.54,,
1986-01-27,3.2095,12.44,892.6,2.1295,26.62,39.46,,
1986-01-28,3.2095,12.34,892.2,2.139,26.62,39.41,,
1986-01-29,3.2095,12.33,891.8,2.136,26.61,39.39,,
1986-01-30,3.2095,12.3,891.4,2.1465,26.61,39.37,,
1986-01-31,3.2095,12.34,891.0,2.1395,26.57,39.36,,
1986-02-03,3.2095,12.45,890.6,2.137,26.55,39.35,,
1986-02-04,3.2095,12.55,890.3,2.1355,26.59,39.38,,
1986-02-05,3.2159,12.49,890.8,2.1315,26.61,39.38,,
1986-02-06,3.2159,12.47,890.4,2.1325,26.57,39.36,,
1986-02-07,3.2159,12.53,890.0,2.135,26.59,39.35,,
1986-02-10,3.2159,12.52,890.0,2.127,26.59,39.33,,
1986-02-11,3.2159,12.49,889.7,2.127,26.59,,,
1986-02-12,3.2159,12.44,889.3,2.129,26.51,,,
1986-02-13,3.2159,12.43,888.9,2.1375,26.5,39.31,,
1986-02-14,3.2159,12.44,888.5,2.142,26.46,39.29,,
1986-02-18,3.2159,12.4,887.7,2.146,26.47,39.23,,
1986-02-19,3.2159,12.29,887.9,2.155,26.4,39.21,,
1986-02-20,3.2159,12.24,887.5,2.161,26.43,39.18,,
1986-02-21,3.2159,12.37,887.1,2.134,26.45,39.15,,
1986-02-24,3.2159,12.26,887.6,2.1465,26.45,39.0,,
1986-02-25,3.2159,12.12,887.2,2.141,26.41,,,
1986-02-26,3.2159,12.13,886.8,2.148,26.42,39.06,,
1986-02-27,3.2159,12.14,886.5,2.1565,26.38,39.1,,
1986-02-28,3.2159,12.27,886.1,,26.37,39.14,,
1986-03-03,3.2159,12.34,886.6,2.154,26.37,39.06,,
1986-03-04,3.2159,12.23,886.5,2.153,26.37,39.26,,
1986-03-05,3.2159,12.22,886.1,2.1625,26.37,39.22,,
1986-03-06,3.2159,12.27,886.6,2.158,26.44,39.18,,
1986-03-07,3.2159,12.83,887.1,2.1585,26.4,39.15,,
1986-03-10,3.2159,12.25,886.7,2.1645,26.39,39.13,,
1986-03-11,3.2159,12.35,887.2,2.1645,26.44,,,
1986-03-12,3.2159,12.2,887.0,2.1625,26.42,39.15,,
1986-03-13,3.2191,12.3,886.6,2.166,26.44,39.15,,
1986-03-14,3.2191,12.25,887.1,2.16,26.44,39.13,,
1986-03-17,3.2191,12.24,886.7,2.164,26.37,39.1,,
1986-03-18,3.2191,12.23,886.3,2.1615,26.35,39.04,,
1986-03-19,3.2191,12.24,885.9,2.1675,26.38,38.99,,
1986-03-20,3.2191,12.17,886.4,2.163,26.38,38.94,,
1986-03-21,3.2191,12.17,886.0,2.163,26.37,38.89,,
1986-03-24,3.2191,12.19,885.9,2.1685,26.39,38.85,,
1986-03-25,3.2288,12.33,886.4,2.1775,26.48,38.82,,
1986-03-26,3.2288,12.33,886.9,2.173,26.5,38.82,,
1986-03-27,3.2288,12.31,887.4,2.172,26.49,38.82,,
1986-03-28,3.23,12.31,887.0,2.1735,26.49,38.82,,
1986-03-31,3.2288,12.31,887.5,2.1765,26.49,,,
1986-04-01,3.2288,12.43,887.1,2.176,26.46,38.82,,
1986-04-02,3.2288,12.42,887.6,2.182,26.48,38.81,,
1986-04-03,3.2288,12.44,888.1,2.184,26.48,38.8,,
1986-04-04,3.2288,12.49,888.6,2.19,26.54,38.79,,
1986-04-07,3.2288,12.54,889.1,2.208,26.54,38.78,,
1986-04-08,3.2288,12.5,889.6,2.199,26.6,38.77,,
1986-04-09,3.2223,12.56,889.2,2.1985,26.52,38.76,,
1986-04-10,3.2223,12.55,888.8,2.1965,26.54,38.74,,
1986-04-11,3.2159,12.48,888.4,2.181,26.48,38.72,,
1986-04-14,3.2159,12.45,888.0,2.188,26.54,38.68,,
1986-04-15,3.2159,12.49,888.5,2.194,26.52,38.67,,
1986-04-16,3.2159,12.41,888.8,2.1725,26.5,38.66,,
1986-04-17,3.2095,12.34,888.4,2.175,26.45,38.64,,
1986-04-18,3.2095,12.28,888.4,2.175,26.43,38.63,,
1986-04-21,3.2095,12.36,887.6,2.18,26.37,38.62,,
1986-04-22,3.2031,12.3,887.2,2.179,26.32,38.62,,
1986-04-23,3.2031,12.29,886.8,2.19,26.27,38.62,,
1986-04-24,3.1999,12.22,886.4,2.198,26.27,38.62,,
1986-04-25,3.1999,12.28,886.8,2.1925,26.31,38.62,,
1986-04-28,3.1999,12.25,887.3,2.1925,26.25,38.61,,
1986-04-29,3.1999,12.27,886.9,2.191,26.26,38.6,,
1986-04-30,3.1999,12.3,887.4,2.194,26.3,38.59,,
1986-05-01,3.1999,12.35,887.9,2.202,26.3,38.58,,
1986-05-02,3.2031,12.44,888.4,2.201,26.38,38.57,,
1986-05-05,3.2031,12.44,888.9,2.196,26.38,38.56,,
1986-05-06,3.1967,12.37,888.5,2.204,26.3,38.56,,
1986-05-07,3.1967,12.34,889.0,2.2045,26.3,38.55,,
1986-05-08,3.1967,12.3,888.6,2.203,26.16,38.54,,
1986-05-09,3.1967,12.36,888.2,2.204,26.26,38.52,,
1986-05-12,3.1935,12.32,887.8,2.205,26.23,38.49,,
1986-05-13,3.1935,12.32,887.4,2.2085,26.2,38.47,,
1986-05-14,3.1935,12.38,887.9,2.214,26.29,38.46,,
1986-05-15,3.1935,12.36,888.4,2.2135,26.25,38.66,,
1986-05-16,3.1935,12.43,888.4,2.213,26.28,38.42,,
1986-05-19,3.1999,12.46,888.9,2.228,26.37,38.41,,
1986-05-20,3.1999,12.42,888.4,2.2305,26.33,,,
1986-05-21,3.2063,12.5,889.4,2.227,26.36,38.38,,
1986-05-22,3.2063,12.57,889.4,2.225,26.36,38.37,,
1986-05-23,3.2095,12.64,889.9,2.23,26.36,38.36,,
1986-05-27,3.2095,12.69,891.4,2.227,26.44,38.33,,
1986-05-28,3.2095,12.63,891.5,2.225,26.41,,,
1986-05-29,3.2095,12.69,891.1,2.227,26.43,38.28,,
1986-05-30,3.2191,12.77,891.6,2.2415,26.48,38.24,,
1986-06-02,3.2223,12.87,892.1,2.27,26.56,38.21,,
1986-06-03,3.2233,12.7,892.6,2.2205,26.54,38.2,,
1986-06-04,3.2159,12.67,892.1,2.234,26.47,38.19,,
1986-06-05,3.2159,12.69,891.6,2.228,26.46,38.18,,
1986-06-06,3.2095,12.58,891.6,2.23,26.41,38.17,,
1986-06-09,3.2095,12.63,891.1,2.23,26.44,38.16,,
1986-06-10,3.2095,12.55,891.6,2.224,26.41,38.16,,
1986-06-11,3.2095,12.44,891.1,2.2165,26.41,,,
1986-06-12,3.2025,12.48,890.6,2.221,26.34,38.16,,
1986-06-13,3.2095,12.59,890.1,2.218,26.33,38.16,,
1986-06-16,3.2095,12.53,890.6,2.219,26.33,38.15,,
1986-06-17,3.2095,12.62,890.1,2.227,26.36,38.15,,
1986-06-18,3.2127,12.62,890.6,2.2285,26.4,38.15,,
1986-06-19,3.2127,12.62,890.1,2.2255,26.38,38.15,,
1986-06-20,3.2127,12.65,890.4,2.2255,26.38,,,
1986-06-23,3.2127,12.71,890.9,2.228,26.43,38.15,,
1986-06-24,3.2095,12.58,890.5,2.2195,26.37,38.15,,
1986-06-25,3.2095,12.52,890.0,2.2165,26.37,38.15,,
1986-06-26,3.2095,12.56,889.5,2.216,26.35,38.15,,
1986-06-27,3.2095,12.54,889.4,2.201,26.35,38.15,,
1986-06-30,3.2063,12.42,888.9,2.188,26.32,38.15,,
1986-07-01,3.2031,12.4,888.4,2.19,26.3,,,
1986-07-02,3.2031,12.42,887.9,2.196,26.27,38.13,,
1986-07-03,3.2063,12.36,887.9,2.187,26.27,38.12,,
1986-07-07,3.7129,12.35,886.9,2.184,26.2,38.12,,
1986-07-08,3.7129,12.37,887.4,2.1795,26.24,38.12,,
1986-07-09,3.7129,12.45,886.9,2.1865,26.22,38.12,,
1986-07-10,3.7129,12.48,889.0,2.1875,26.24,38.12,,
1986-07-11,3.7129,12.51,889.2,2.1965,26.23,38.12,,
1986-07-14,3.7129,12.62,889.7,2.1935,26.3,38.12,,
1986-07-15,3.7129,12.54,889.6,2.187,26.24,38.12,,
1986-07-16,3.7129,12.47,889.1,2.185,26.19,38.12,,
1986-07-17,3.7129,12.53,889.1,2.1835,26.16,38.12,,
1986-07-18,3.7129,12.59,888.6,2.183,26.16,38.12,,
1986-07-21,3.7129,12.59,888.5,2.1835,26.16,38.12,,
1986-07-22,3.7129,12.56,888.0,2.188,26.13,38.12,,
1986-07-23,3.7129,12.57,888.1,2.192,26.13,38.12,,
1986-07-24,3.7129,12.53,888.6,2.187,26.18,38.12,,
1986-07-25,3.7129,12.54,889.1,2.189,26.18,38.12,,
1986-07-28,3.7129,12.58,889.6,2.1825,26.23,38.12,,
1986-07-29,3.7129,12.56,889.0,2.1795,26.15,38.12,,
1986-07-30,3.7129,12.57,889.4,2.1785,26.17,38.11,,
1986-07-31,3.7129,12.58,889.0,2.1745,26.13,38.1,,
1986-08-01,3.7129,12.58,888.4,2.1745,26.12,38.06,,
1986-08-04,3.7129,12.59,887.8,2.172,26.09,37.98,,
1986-08-05,3.7129,12.53,888.2,2.176,26.12,37.86,,
1986-08-06,3.7129,12.55,888.6,2.174,26.14,37.8,,
1986-08-07,3.7129,12.57,888.0,2.17,26.1,37.75,,
1986-08-08,3.7129,12.56,887.4,2.17,26.1,37.75,,
1986-08-11,3.7129,12.54,887.8,2.1535,26.09,37.54,,
1986-08-12,3.7129,12.55,887.2,2.1635,26.09,37.49,,
1986-08-13,3.7129,12.58,887.6,2.1595,26.11,37.44,,
1986-08-14,3.7129,12.57,886.8,2.162,26.09,37.39,,
1986-08-15,3.7129,12.55,886.8,2.156,26.08,37.34,,
1986-08-18,3.7129,12.59,886.2,2.155,26.09,37.24,,
1986-08-19,3.7129,12.61,886.3,2.1505,26.1,37.21,,
1986-08-20,3.7129,12.57,885.6,2.148,26.07,37.18,,
1986-08-21,3.7129,12.59,884.7,2.1485,26.01,37.21,,
1986-08-22,3.7129,12.57,884.8,2.148,26.0,,,
1986-08-25,3.7129,12.57,884.2,2.1525,26.07,37.07,,
1986-08-26,3.7129,12.56,884.5,2.156,26.09,37.05,,
1986-08-27,3.7129,12.58,884.5,2.1585,26.12,37.04,,
1986-08-28,3.7129,12.55,885.0,2.1595,26.11,37.03,,
1986-08-29,3.7129,12.54,885.1,2.155,26.16,37.02,,
1986-09-02,3.7129,12.57,883.3,2.1515,26.09,36.99,,
1986-09-03,3.7129,12.58,883.3,2.158,26.1,36.98,,
1986-09-04,3.7129,12.57,883.5,2.1565,26.11,36.97,,
1986-09-05,3.7129,12.57,883.5,2.162,26.12,36.96,,
1986-09-08,3.7129,12.61,883.8,2.173,26.14,36.94,,
1986-09-09,3.7129,12.62,884.3,2.174,26.18,36.93,,
1986-09-10,3.7129,12.62,884.1,2.1745,26.16,36.92,,
1986-09-11,3.7129,12.64,883.2,2.18,26.15,36.91,,
1986-09-12,3.7129,12.67,883.7,2.17,26.17,36.9,,
1986-09-15,3.7129,12.7,883.5,2.164,26.15,36.88,,
1986-09-16,3.7129,12.7,882.6,2.168,26.11,36.87,,
1986-09-17,3.7129,12.72,882.6,2.1675,26.14,36.86,,
1986-09-18,3.7129,12.67,883.1,2.1565,26.08,,,
1986-09-19,3.7129,12.68,883.1,2.163,26.08,36.85,,
1986-09-22,3.7129,12.73,882.2,2.171,26.1,36.84,,
1986-09-23,3.7129,12.75,882.7,2.173,26.1,36.82,,
1986-09-24,3.7129,12.72,883.2,2.1755,26.12,36.81,,
1986-09-25,3.724,12.74,882.5,2.173,26.12,36.8,,
1986-09-26,3.724,12.78,882.6,2.173,26.13,36.79,,
1986-09-29,3.724,12.78,882.4,2.1725,26.09,,,
1986-09-30,3.724,12.77,881.0,2.172,26.08,36.79,,
1986-10-01,3.724,12.8,881.0,2.172,26.11,36.78,,
1986-10-02,3.724,12.81,881.0,2.1705,26.1,36.75,,
1986-10-03,3.724,12.77,881.1,2.1705,26.1,36.74,,
1986-10-06,3.724,12.77,880.9,2.1695,26.09,36.72,,
1986-10-07,3.724,12.77,879.5,2.1695,26.09,36.71,,
1986-10-08,3.724,12.81,879.7,2.17,26.1,36.7,,
1986-10-09,3.724,12.78,879.7,2.1735,26.1,36.7,,
1986-10-10,3.724,12.81,879.6,2.1735,26.1,,,
1986-10-14,3.724,12.76,878.3,2.172,26.1,36.67,,
1986-10-15,3.724,12.79,878.0,2.1725,26.06,36.66,,
1986-10-16,3.724,12.81,878.1,2.1725,26.06,36.65,,
1986-10-17,3.724,12.84,878.6,2.1735,26.08,36.64,,
1986-10-20,3.724,12.83,877.7,2.1755,26.08,36.63,,
1986-10-21,3.724,12.84,877.8,2.1765,26.1,36.61,,
1986-10-22,3.724,12.86,878.0,2.179,26.1,36.6,,
1986-10-23,3.724,12.91,878.0,2.185,26.1,36.59,,
1986-10-24,3.724,12.96,878.3,2.189,26.17,36.58,,
1986-10-27,3.7314,12.97,878.6,2.1845,26.27,36.57,,
1986-10-28,3.7314,12.92,878.5,2.1845,26.25,36.56,,
1986-10-29,3.7314,12.93,877.1,2.185,26.22,36.55,,
1986-10-30,3.7314,12.95,877.1,2.19,26.2,36.54,,
1986-10-31,3.7314,12.98,877.2,2.2,26.26,,,
1986-11-03,3.7314,12.95,877.5,2.1995,26.32,36.53,,
1986-11-04,3.7314,12.96,877.6,2.1955,26.33,36.52,,
1986-11-05,3.7314,12.94,876.7,2.196,26.32,36.51,,
1986-11-06,3.7314,12.99,876.6,2.195,26.31,36.5,,
1986-11-07,3.7314,13.01,876.0,2.193,26.29,36.49,,
1986-11-10,3.7314,13.01,875.5,2.189,26.27,36.5,,
1986-11-12,3.7314,13.09,872.9,2.189,26.25,36.46,,
1986-11-13,3.7314,13.13,871.5,2.1905,26.21,36.45,,
1986-11-14,3.7314,13.1,871.6,2.194,26.23,36.44,,
1986-11-17,3.7314,13.11,871.5,2.194,26.27,36.42,,
1986-11-18,3.7314,13.15,872.0,2.1945,26.28,36.41,,
1986-11-19,3.7314,13.15,872.5,2.1855,26.27,36.4,,
1986-11-20,3.7314,13.15,872.1,2.1885,26.26,36.39,,
1986-11-21,3.7314,13.16,872.3,2.192,26.28,36.38,,
1986-11-24,3.7314,13.14,872.8,2.1965,26.31,36.36,,
1986-11-25,3.7314,13.12,872.9,2.189,26.3,36.35,,
1986-11-26,3.7314,13.11,871.5,2.183,26.25,36.34,,
1986-11-28,3.7314,13.1,870.3,2.1955,26.25,,,
1986-12-01,3.7314,13.13,868.9,2.1905,26.21,36.2,,
1986-12-02,3.7314,13.14,867.9,2.1905,26.21,36.29,,
1986-12-03,3.7314,13.14,868.4,2.19,26.26,36.28,,
1986-12-04,3.7314,13.14,868.7,2.193,26.22,36.27,,
1986-12-05,3.7314,13.16,869.2,2.193,26.22,,,
1986-12-08,3.7314,13.18,869.7,2.193,26.27,36.25,,
1986-12-09,3.7314,13.18,870.2,2.194,26.27,36.22,,
1986-12-10,3.7314,13.16,870.4,2.191,26.27,36.18,,
1986-12-11,3.7314,13.18,871.0,2.1935,26.28,36.16,,
1986-12-12,3.7314,13.17,870.5,2.1965,26.28,36.15,,
1986-12-15,3.7314,13.14,871.1,2.194,26.29,36.1,,
1986-12-16,3.7314,13.17,870.8,2.196,26.29,36.06,,
1986-12-17,3.7314,13.18,871.3,2.194,26.3,36.02,,
1986-12-18,3.7314,13.15,869.8,2.1925,26.28,35.97,,
1986-12-19,3.7314,13.16,868.4,2.192,26.28,35.94,,
1986-12-22,3.7314,13.13,867.0,2.1885,26.22,35.89,,
1986-12-23,3.7314,13.12,865.6,2.1895,26.18,35.78,,
1986-12-24,3.7314,13.13,865.5,2.187,26.21,35.74,,
1986-12-26,3.7314,13.13,865.4,2.1875,26.25,35.71,,
1986-12-29,3.7314,13.13,865.3,2.183,26.11,35.66,,
1986-12-30,3.7314,13.13,865.2,2.178,26.1,35.61,,
1986-12-31,3.7314,13.12,865.2,2.1725,26.27,35.55,,
1987-01-02,3.7314,13.02,865.2,2.17,26.1,,,
1987-01-05,3.7314,13.05,864.7,2.174,26.1,,,
1987-01-06,3.7314,13.05,865.0,2.1715,26.11,35.51,,
1987-01-07,3.7314,13.05,864.7,2.1715,26.09,35.48,,
1987-01-08,3.7314,13.08,864.5,2.171,26.1,35.46,,
1987-01-09,3.7314,13.05,864.4,2.1675,26.04,35.44,,
1987-01-12,3.7314,13.02,864.1,2.162,26.09,35.41,,
1987-01-13,3.7314,13.04,863.5,2.1575,26.04,35.38,,
1987-01-14,3.7314,13.02,862.9,2.148,26.04,35.35,,
1987-01-15,3.7314,13.01,862.5,2.144,26.0,35.34,,
1987-01-16,3.7314,13.0,861.7,2.139,25.94,35.3,,
1987-01-20,3.7314,13.05,861.4,2.135,25.9,,,
1987-01-21,3.7314,13.07,861.8,2.1475,25.92,35.19,,
1987-01-22,3.7314,13.02,862.2,2.1355,25.92,35.17,,
1987-01-23,3.7314,13.04,861.8,2.142,25.93,35.16,,
1987-01-26,3.7314,13.02,861.8,2.141,25.93,35.13,,
1987-01-27,3.7314,13.04,861.7,2.138,25.92,35.12,,
1987-01-28,3.7314,12.95,861.7,2.126,25.86,35.12,,
1987-01-29,3.7314,12.97,861.1,2.1325,25.86,,,
1987-01-30,3.7314,13.04,860.6,2.1475,25.86,,,
1987-02-02,3.7314,13.06,861.8,2.137,25.94,,,
1987-02-03,3.7314,13.02,860.8,2.132,25.89,35.11,,
1987-02-04,3.7314,13.03,860.2,2.141,25.89,35.1,,
1987-02-05,3.7314,13.12,860.5,2.142,25.89,35.08,,
1987-02-06,3.7314,13.19,860.9,2.148,25.94,35.07,,
1987-02-09,3.7314,13.13,861.3,2.1455,26.0,35.06,,
1987-02-10,3.7314,13.05,860.7,2.138,25.91,,,
1987-02-11,3.7314,13.04,860.1,2.1435,25.91,35.04,,
1987-02-12,3.7314,13.03,860.3,2.145,25.91,35.03,,
1987-02-13,3.7314,13.05,860.5,2.1425,25.94,35.03,,
1987-02-17,3.7314,13.04,860.1,2.141,25.93,35.02,,
1987-02-18,3.7314,13.04,859.8,2.144,25.93,,,
1987-02-19,3.7314,13.09,860.1,2.1495,25.95,35.04,,
1987-02-20,3.7314,13.08,860.4,2.136,25.96,35.06,,
1987-02-23,3.7314,13.03,859.8,2.1435,25.96,35.02,,
1987-02-24,3.7314,13.04,859.6,2.142,25.96,35.03,,
1987-02-25,3.7314,13.04,859.7,2.1395,25.95,35.06,,
1987-02-26,3.7314,13.05,859.0,2.1325,25.94,35.08,,
1987-02-27,3.7314,13.05,858.6,2.136,25.93,35.06,,
1987-03-02,3.7314,13.02,858.7,2.1385,25.73,35.04,,
1987-03-03,3.7314,13.02,858.8,2.138,25.94,35.07,,
1987-03-04,3.7314,13.03,858.9,2.1385,25.93,35.06,,
1987-03-05,3.7314,13.02,858.9,2.1405,25.94,,,
1987-03-06,3.7314,12.98,859.0,2.1435,25.94,34.99,,
1987-03-09,3.7314,12.95,858.5,2.144,25.95,34.95,,
1987-03-10,3.7314,12.97,858.5,2.1465,25.96,34.86,,
1987-03-11,3.7314,12.92,858.7,2.15,25.96,34.79,,
1987-03-12,3.7314,12.93,858.3,2.1475,25.96,34.75,,
1987-03-13,3.7314,12.99,858.1,2.145,25.95,34.71,,
1987-03-16,3.7314,12.99,857.5,2.1395,25.93,34.64,,
1987-03-17,3.7314,12.92,856.6,2.142,25.89,34.61,,
1987-03-18,3.7314,12.85,855.7,2.147,25.89,34.59,,
1987-03-19,3.7314,12.86,855.8,2.1435,25.89,34.55,,
1987-03-20,3.7314,12.88,854.9,2.1445,25.88,,,
1987-03-23,3.7314,12.8,854.2,2.14,25.87,34.45,,
1987-03-24,3.7314,12.79,853.3,2.1395,25.82,34.43,,
1987-03-25,3.7314,12.82,852.4,2.14,25.82,34.41,,
1987-03-26,3.7314,12.9,852.5,2.142,25.83,34.38,,
1987-03-27,3.7314,12.89,852.6,2.139,25.83,34.35,,
1987-03-30,3.7314,12.85,851.7,2.135,25.74,,,
1987-03-31,3.7314,12.94,850.8,2.1355,25.74,34.31,,
1987-04-01,3.7314,12.94,850.8,2.1395,25.77,34.3,,
1987-04-02,3.7314,13.0,850.9,2.1395,25.81,34.29,,
1987-04-03,3.7314,12.88,850.2,2.1375,25.76,34.26,,
1987-04-06,3.7314,12.85,849.3,2.1385,25.76,,,
1987-04-07,3.7314,12.85,849.4,2.1375,25.76,34.19,,
1987-04-08,3.7314,12.87,848.1,2.143,25.75,34.17,,
1987-04-09,3.7314,12.85,848.2,2.14,25.75,34.15,,
1987-04-10,3.7314,12.82,847.0,2.1375,25.7,34.14,,
1987-04-13,3.7314,12.86,845.8,2.1375,25.7,34.12,,
1987-04-14,3.7314,12.8,844.6,2.1345,25.66,34.07,,
1987-04-15,3.7314,12.83,843.4,2.1375,25.64,34.02,,
1987-04-16,3.7314,12.86,843.5,2.1355,25.69,33.96,,
1987-04-17,3.7314,12.84,843.6,2.137,,33.89,,
1987-04-20,3.7314,12.86,843.6,2.1355,25.71,33.72,,
1987-04-21,3.7314,12.8,842.4,2.135,25.68,33.65,,
1987-04-22,3.7314,12.82,842.4,2.1365,25.7,33.58,,
1987-04-23,3.7314,12.8,842.5,2.1355,25.68,33.53,,
1987-04-24,3.7314,12.7,841.3,2.1245,25.61,33.47,,
1987-04-27,3.7314,12.63,840.1,2.1185,25.55,33.39,,
1987-04-28,3.7314,12.69,838.9,2.127,25.6,33.22,,
1987-04-29,3.7314,12.72,839.0,2.1285,25.63,33.15,,
1987-04-30,3.7314,12.65,837.9,2.123,25.59,33.07,,
1987-05-01,3.7314,12.63,838.0,2.1245,25.59,33.0,,
1987-05-04,3.7314,12.63,836.8,2.1245,25.59,32.9,,
1987-05-05,3.7314,12.61,836.8,2.121,25.59,32.83,,
1987-05-06,3.7314,12.57,835.6,2.1205,25.58,32.77,,
1987-05-07,3.7314,12.59,835.7,2.123,25.57,32.7,,
1987-05-08,3.7314,12.59,835.8,2.1235,25.59,32.65,,
1987-05-11,3.7314,12.66,835.9,2.1235,25.59,32.55,,
1987-05-12,3.7314,12.7,836.0,2.122,25.61,32.51,,
1987-05-13,3.7314,12.7,834.9,2.1225,25.62,32.49,,
1987-05-14,3.7314,12.65,835.0,2.1222,25.63,32.49,,
1987-05-15,3.7314,12.62,833.2,2.119,25.61,32.44,,
1987-05-18,3.7314,12.61,831.4,2.1186,25.61,32.31,,
1987-05-19,3.7314,12.59,829.6,2.1178,25.62,32.24,,
1987-05-20,3.7314,12.59,829.6,2.115,25.61,32.18,,
1987-05-21,3.7314,12.63,827.8,2.1138,25.62,32.11,,
1987-05-22,3.7314,12.63,827.9,2.113,25.62,32.03,,
1987-05-26,3.7314,12.74,828.0,2.118,25.68,31.82,,
1987-05-27,3.7314,12.89,828.1,2.122,25.76,31.76,,
1987-05-28,3.7314,12.85,828.2,2.119,25.75,31.69,,
1987-05-29,3.7314,12.84,826.4,2.1215,25.75,31.61,,
1987-06-01,3.7314,12.89,826.5,2.1245,25.75,31.54,,
1987-06-02,3.7314,12.8,826.6,2.115,25.79,31.49,,
1987-06-03,3.7314,12.81,824.7,2.1155,25.71,31.44,,
1987-06-04,3.7314,12.84,824.8,2.1165,25.75,31.39,,
1987-06-05,3.7314,12.83,824.9,2.1125,25.77,31.35,,
1987-06-08,3.7314,12.81,822.7,2.1124,25.76,31.29,,
1987-06-09,3.7314,12.75,820.5,2.11,25.72,31.26,,
1987-06-10,3.7314,12.72,818.3,2.109,25.69,31.26,,
1987-06-11,3.7314,12.72,817.1,2.109,25.71,31.2,,
1987-06-12,3.7314,12.75,817.2,2.1135,25.71,31.18,,
1987-06-15,3.7314,12.86,817.3,2.1193,25.71,31.14,,
1987-06-16,3.7314,12.85,817.4,2.1232,25.8,31.14,,
1987-06-17,3.7314,12.85,816.2,2.1223,25.81,31.13,,
1987-06-18,3.7314,12.84,816.3,2.119,25.81,31.14,,
1987-06-19,3.7314,12.85,815.1,2.12,25.8,31.14,,
1987-06-22,3.7314,12.91,815.2,2.122,25.81,31.13,,
1987-06-23,3.7314,12.93,815.3,2.123,25.87,31.13,,
1987-06-24,3.7314,12.82,815.4,2.117,25.84,31.12,,
1987-06-25,3.7314,12.87,813.9,2.1215,25.8,31.13,,
1987-06-26,3.7314,12.88,814.0,2.1207,25.84,31.13,,
1987-06-29,3.7314,12.94,812.5,2.1225,25.84,31.12,,
1987-06-30,3.7314,12.89,812.6,2.1188,25.86,31.13,,
1987-07-01,3.7314,12.87,812.7,2.1185,25.82,,,
1987-07-02,3.7314,12.9,811.8,2.1192,25.82,31.13,,
1987-07-03,3.7314,12.89,811.9,2.1225,25.87,31.13,,
1987-07-06,3.7314,12.9,812.0,2.1218,25.91,31.14,,
1987-07-07,3.7314,12.9,812.1,2.123,25.91,31.12,,
1987-07-08,3.7314,12.94,812.2,2.125,25.96,31.13,,
1987-07-09,3.7314,12.94,812.3,2.1213,25.93,31.13,,
1987-07-10,3.7314,13.0,811.4,2.1237,25.95,31.13,,
1987-07-13,3.7314,12.99,811.6,2.1238,25.95,31.13,,
1987-07-14,3.7314,13.03,811.7,2.1195,25.96,31.13,,
1987-07-15,3.7314,12.96,811.7,2.1125,25.98,31.13,,
1987-07-16,3.7314,12.99,811.5,2.1165,25.92,31.14,,
1987-07-17,3.7314,13.04,811.5,2.1225,25.98,31.14,,
1987-07-20,3.7314,13.1,811.7,2.1227,26.04,31.13,,
1987-07-21,3.7314,13.11,811.9,2.1218,26.03,31.13,,
1987-07-22,3.7314,13.1,811.8,2.1172,28.01,31.12,,
1987-07-23,3.7314,13.05,811.9,2.116,26.01,31.13,,
1987-07-24,3.7314,13.08,811.7,2.115,25.99,31.13,,
1987-07-27,3.7314,13.09,811.5,2.1128,25.96,31.14,,
1987-07-28,3.7314,13.11,811.6,2.1113,25.99,31.13,,
1987-07-29,3.7314,13.08,811.7,2.112,25.99,31.08,,
1987-07-30,3.7314,13.11,811.8,2.1115,25.99,31.01,,
1987-07-31,3.7314,13.11,811.7,2.111,25.98,30.93,,
1987-08-03,3.7314,13.12,811.7,2.111,25.99,30.78,,
1987-08-04,3.7314,13.15,812.0,2.1147,26.02,30.7,,
1987-08-05,3.7314,13.09,812.2,2.1117,26.04,30.63,,
1987-08-06,3.7314,13.09,812.0,2.112,26.02,30.55,,
1987-08-07,3.7314,13.12,812.2,2.1135,26.03,30.47,,
1987-08-10,3.7314,13.11,812.3,2.1135,26.05,30.35,,
1987-08-11,3.7314,13.11,812.4,2.1105,26.04,30.3,,
1987-08-12,3.7314,13.1,812.5,2.106,26.04,30.26,,
1987-08-13,3.7314,13.09,812.4,2.1055,26.04,30.22,,
1987-08-14,3.7314,13.1,812.3,2.105,26.05,30.2,,
1987-08-17,3.7314,13.09,812.2,2.106,26.01,30.16,,
1987-08-18,3.7314,13.04,812.2,2.1035,25.96,30.15,,
1987-08-19,3.7314,13.08,811.8,2.1035,25.88,30.15,,
1987-08-20,3.7314,13.07,811.6,2.113,25.82,30.15,,
1987-08-21,3.7314,13.06,811.5,2.1045,25.84,30.14,,
1987-08-24,3.7314,13.06,811.3,2.1062,25.75,30.15,,
1987-08-25,3.7314,13.07,811.2,2.108,25.77,30.15,,
1987-08-26,3.7314,13.09,811.4,2.1082,25.82,30.14,,
1987-08-27,3.7314,13.05,811.5,2.106,25.79,30.14,,
1987-08-28,3.7314,13.05,811.3,2.107,25.74,30.15,,
1987-08-31,3.7314,13.05,811.4,2.104,25.74,30.16,,
1987-09-01,3.7314,12.98,811.3,2.1037,25.8,30.15,,
1987-09-02,3.7314,12.95,811.1,2.101,25.8,30.15,,
1987-09-03,3.7314,12.94,810.8,2.099,25.8,30.16,,
1987-09-04,3.7314,12.93,810.5,2.094,25.8,30.14,,
1987-09-08,3.7314,12.9,810.3,2.0878,25.69,30.15,,
1987-09-09,3.7314,12.92,810.0,2.087,25.69,30.16,,
1987-09-10,3.7314,12.96,810.1,2.0918,25.71,30.14,,
1987-09-11,3.7314,12.95,810.2,2.09,25.72,30.15,,
1987-09-14,3.7314,13.0,810.3,2.0933,25.75,30.14,,
1987-09-15,3.7314,13.0,810.4,2.0927,25.78,30.14,,
1987-09-16,3.7314,12.99,810.1,2.0923,25.76,30.15,,
1987-09-17,3.7314,12.98,809.8,2.0905,25.77,30.15,,
1987-09-18,3.7314,12.95,809.9,2.086,25.75,30.16,,
1987-09-21,3.7314,12.96,809.6,2.0885,25.74,30.14,,
1987-09-22,3.7314,13.0,809.7,2.0904,25.75,30.15,,
1987-09-23,3.7314,13.04,809.8,2.093,25.78,30.16,,
1987-09-24,3.7314,13.03,809.9,2.0915,25.78,30.16,,
1987-09-25,3.7314,13.07,809.6,2.0913,25.76,30.16,,
1987-09-28,3.7314,13.07,809.3,2.0918,25.79,30.16,,
1987-09-29,3.7314,13.13,809.4,2.0947,25.8,30.16,,
1987-09-30,3.7314,13.11,809.5,2.091,25.85,30.14,,
1987-10-01,3.7314,13.11,809.5,2.0935,25.9,30.13,,
1987-10-02,3.7314,13.08,809.6,2.098,25.86,30.07,,
1987-10-05,3.7314,13.1,809.7,2.1005,25.87,30.02,,
1987-10-06,3.7314,13.06,809.8,2.0978,25.88,30.03,,
1987-10-07,3.7314,13.06,809.8,2.0975,25.87,,,
1987-10-08,3.7314,13.08,809.8,2.098,25.83,30.03,,
1987-10-09,3.7314,13.06,809.8,2.095,25.8,30.03,,
1987-10-13,3.7314,13.08,809.2,2.097,25.78,30.03,,
1987-10-14,3.7314,13.05,809.3,2.095,25.82,30.03,,
1987-10-15,3.7314,13.05,809.0,2.0922,25.77,30.03,,
1987-10-16,3.7314,13.07,808.5,2.0922,25.76,30.03,,
1987-10-19,3.7314,12.99,808.6,2.0858,25.69,30.03,,
1987-10-20,3.7314,13.03,808.0,2.095,25.78,30.03,,
1987-10-21,3.7314,13.06,808.1,2.092,25.81,30.03,,
1987-10-22,3.7314,13.04,808.2,2.0855,25.82,30.03,,
1987-10-23,3.7314,13.02,808.3,2.086,25.82,30.03,,
1987-10-26,3.7314,12.99,807.5,2.0775,25.73,,,
1987-10-27,3.7314,12.99,807.5,2.078,25.74,,,
1987-10-28,3.7314,12.99,806.7,2.076,25.7,30.03,,
1987-10-29,3.7314,13.0,805.9,2.069,25.61,30.03,,
1987-10-30,3.7314,12.99,805.1,2.0705,25.61,30.01,,
1987-11-02,3.7314,13.0,805.1,2.066,25.59,30.01,,
1987-11-03,3.7314,13.01,804.3,2.062,25.58,30.01,,
1987-11-04,3.7314,12.99,804.2,2.0585,25.58,30.01,,
1987-11-05,3.7314,12.93,804.1,2.051,25.54,30.0,,
1987-11-06,3.7314,12.9,803.2,2.0475,25.47,29.94,,
1987-11-09,3.7314,12.88,803.1,2.0502,25.49,29.91,,
1987-11-10,3.7314,12.86,802.6,2.0475,25.46,29.89,,
1987-11-12,3.7314,13.04,802.2,2.047,25.47,,,
1987-11-13,3.7314,13.01,802.3,2.0477,25.47,29.84,,
1987-11-16,3.7314,13.14,802.4,2.0505,25.53,29.82,,
1987-11-17,3.7314,13.04,802.5,2.0465,25.54,29.81,,
1987-11-18,3.7314,13.0,802.0,2.044,25.51,29.8,,
1987-11-19,3.7314,12.96,801.5,2.033,25.48,29.78,,
1987-11-20,3.7314,12.92,801.2,2.029,25.49,29.75,,
1987-11-23,3.7314,12.95,801.1,2.0285,25.49,29.7,,
1987-11-24,3.7314,13.02,800.8,2.034,25.48,29.67,,
1987-11-25,3.7314,13.0,800.9,2.038,25.46,29.64,,
1987-11-27,3.7314,12.93,800.3,2.035,25.41,29.55,,
1987-11-30,3.7314,12.89,800.0,2.027,25.37,29.51,,
1987-12-01,3.7314,12.94,799.7,2.0295,25.36,29.48,,
1987-12-02,3.7314,12.97,799.8,2.0295,25.39,29.46,,
1987-12-03,3.7314,12.98,799.5,2.033,25.39,29.43,,
1987-12-04,3.7314,12.95,799.2,2.027,25.39,29.4,,
1987-12-07,3.7314,13.0,799.3,2.0352,25.39,29.37,,
1987-12-08,3.7314,13.05,799.4,2.0363,25.39,29.32,,
1987-12-09,3.7314,12.99,799.1,2.0325,25.39,29.28,,
1987-12-10,3.7314,12.94,798.8,2.0225,,29.25,,
1987-12-11,3.7314,12.94,798.7,2.0125,25.25,29.16,,
1987-12-14,3.7314,12.89,798.5,2.0065,25.23,29.07,,
1987-12-15,3.7314,12.91,798.7,2.002,25.23,28.89,,
1987-12-16,3.7314,12.95,798.7,1.997,25.22,28.8,,
1987-12-17,3.7314,12.9,798.6,2.007,25.18,28.71,,
1987-12-18,3.7314,12.9,798.3,2.005,25.18,28.65,,
1987-12-21,3.7314,12.94,798.4,2.005,25.22,28.61,,
1987-12-22,3.7314,12.96,798.1,2.0025,25.19,28.61,,
1987-12-23,3.7314,13.0,797.8,2.003,,28.6,,
1987-12-24,3.7314,13.0,797.9,2.0015,,28.6,,
1987-12-28,3.7314,12.92,797.1,1.9961,25.08,28.6,,
1987-12-29,3.7314,12.82,796.3,2.001,25.08,28.6,,
1987-12-30,3.7314,12.86,795.8,1.997,25.09,28.6,,
1987-12-31,3.7314,12.75,795.9,1.997,25.09,28.6,,
1988-01-04,3.7314,12.88,795.1,2.0015,24.99,,,
1988-01-05,3.7314,12.99,795.2,2.018,25.09,28.6,,
1988-01-06,3.7314,13.1,795.3,2.035,25.25,28.59,,
1988-01-07,3.7314,13.05,795.4,2.035,25.25,28.58,,
1988-01-08,3.7314,13.09,795.5,2.04,25.32,28.58,,
1988-01-11,3.7314,13.02,794.7,2.0235,25.17,28.58,,
1988-01-12,3.7314,13.03,793.9,2.025,25.27,28.6,,
1988-01-13,3.7314,12.99,793.1,2.029,25.23,28.62,,
1988-01-14,3.7314,13.06,791.9,2.029,25.22,28.64,,
1988-01-15,3.7314,13.13,791.1,2.035,25.2,28.64,,
1988-01-19,3.7314,13.08,791.3,2.042,25.35,28.64,,
1988-01-20,3.7314,13.04,790.1,2.023,25.32,28.65,,
1988-01-21,3.7314,12.99,788.9,2.0215,25.26,28.65,,
1988-01-22,3.7314,13.03,788.1,2.026,25.26,28.65,,
1988-01-25,3.7314,13.05,788.2,2.0262,25.26,28.65,,
1988-01-26,3.7314,13.04,788.3,2.023,25.27,28.65,,
1988-01-27,3.7314,13.05,787.5,2.022,25.27,28.66,,
1988-01-28,3.7314,13.05,786.3,2.019,25.24,28.66,,
1988-01-29,3.7314,13.08,785.1,2.0225,25.25,28.66,,
1988-02-01,3.7314,13.1,785.2,2.027,25.25,28.66,,
1988-02-02,3.7314,13.1,785.3,2.0245,25.31,28.67,,
1988-02-03,3.7314,13.03,784.1,2.0215,25.31,28.67,,
1988-02-04,3.7314,13.07,783.3,2.0205,25.31,28.67,,
1988-02-05,3.7314,13.06,783.4,2.0195,25.29,28.67,,
1988-02-08,3.7314,13.11,783.5,2.0195,25.33,28.67,,
1988-02-09,3.7314,13.11,783.6,2.0215,25.33,28.67,,
1988-02-10,3.7314,13.06,781.9,2.019,25.33,28.67,,
1988-02-11,3.7314,13.04,780.1,2.016,25.32,28.66,,
1988-02-12,3.7314,13.11,778.4,2.024,25.33,28.66,,
1988-02-16,3.7314,13.09,776.8,2.02,25.38,28.66,,
1988-02-17,3.7314,13.08,775.1,2.019,25.38,28.66,,
1988-02-18,3.7314,13.07,775.1,2.018,,28.66,,
1988-02-19,3.7314,13.07,773.4,2.018,,28.66,,
1988-02-22,3.7314,13.03,771.7,2.0105,25.37,28.66,,
1988-02-23,3.7314,13.03,769.8,2.015,25.33,28.66,,
1988-02-24,3.7314,13.03,767.9,2.016,25.32,28.66,,
1988-02-25,3.7314,13.03,767.9,2.0145,25.31,28.67,,
1988-02-26,3.7314,13.02,766.2,2.0125,25.32,28.67,,
1988-02-29,3.7314,13.06,764.3,2.0145,25.32,28.67,,
1988-03-01,3.7314,13.06,764.3,2.0145,25.32,28.68,,
1988-03-02,3.7314,13.06,764.4,2.0155,25.32,28.68,,
1988-03-03,3.7314,13.07,764.5,2.0165,25.21,28.68,,
1988-03-04,3.7314,13.07,764.6,2.0165,25.32,28.68,,
1988-03-07,3.7314,12.97,763.7,2.0125,25.3,28.68,,
1988-03-08,3.7314,12.85,762.2,2.0135,25.26,28.68,,
1988-03-09,3.7314,12.87,760.7,2.015,25.26,28.69,,
1988-03-10,3.7314,12.93,760.7,2.014,25.26,28.69,,
1988-03-11,3.7314,12.9,759.8,2.0145,25.24,28.69,,
1988-03-14,3.7314,12.89,758.2,2.0135,25.22,28.69,,
1988-03-15,3.7314,12.92,757.3,2.0135,25.22,28.69,,
1988-03-16,3.7314,12.93,757.4,2.0155,25.22,28.69,,
1988-03-17,3.7314,12.94,756.5,2.019,25.23,28.69,,
1988-03-18,3.7314,13.0,756.6,2.018,25.26,28.69,,
1988-03-21,3.7314,13.0,755.7,2.0165,25.26,28.69,,
1988-03-22,3.7314,13.02,754.2,2.0175,25.22,28.69,,
1988-03-23,3.7314,13.02,754.2,2.0175,25.23,28.69,,
1988-03-24,3.7314,13.02,753.3,2.012,25.22,28.69,,
1988-03-25,3.7314,13.03,751.8,2.012,25.17,28.69,,
1988-03-28,3.7314,13.0,750.9,2.0055,25.14,28.69,,
1988-03-29,3.7314,12.96,749.4,2.0065,25.12,,,
1988-03-30,3.7314,13.05,749.5,2.0065,25.17,28.69,,
1988-03-31,3.7314,12.96,749.6,2.001,25.16,,,
1988-04-01,3.7314,13.0,748.1,2.0,,28.69,,
1988-04-04,3.7314,12.96,746.6,2.001,25.16,,,
1988-04-05,3.7314,13.09,746.6,2.003,25.16,28.69,,
1988-04-06,3.7314,13.09,746.7,2.004,25.14,28.64,,
1988-04-07,3.7314,13.16,746.8,2.0065,25.18,28.69,,
1988-04-08,3.7314,13.12,746.9,2.0035,25.18,28.7,,
1988-04-11,3.7314,13.17,746.2,2.0095,25.18,28.7,,
1988-04-12,3.7314,13.22,746.3,2.0095,25.22,28.7,,
1988-04-13,3.7314,13.26,746.4,2.0075,25.22,28.7,,
1988-04-14,3.7314,13.2,746.5,2.007,25.23,28.7,,
1988-04-15,3.7314,13.12,745.8,2.0035,25.14,28.7,,
1988-04-18,3.7314,13.1,744.1,2.003,25.13,28.7,,
1988-04-19,3.7314,13.17,744.2,2.0025,25.15,28.7,,
1988-04-20,3.7314,13.16,744.3,2.0025,25.15,28.7,,
1988-04-21,3.7314,13.16,743.6,2.0035,25.16,28.7,,
1988-04-22,3.7314,13.2,743.7,2.004,25.16,28.7,,
1988-04-25,3.7314,13.23,743.8,2.0055,25.18,28.7,,
1988-04-26,3.7314,13.2,743.8,2.004,25.18,28.7,,
1988-04-27,3.7314,13.27,743.9,2.006,25.18,28.7,,
1988-04-28,3.7314,13.22,744.0,2.0025,25.17,28.7,,
1988-04-29,3.7314,13.21,743.3,2.005,25.15,28.7,,
1988-05-02,3.7314,13.3,743.4,2.004,25.15,28.69,,
1988-05-03,3.7314,13.28,743.5,2.0045,25.17,28.68,,
1988-05-04,3.7314,13.28,743.6,2.0055,25.17,28.66,,
1988-05-05,3.7314,13.27,743.6,2.004,25.17,28.66,,
1988-05-06,3.7314,13.28,742.7,2.0055,25.17,28.66,,
1988-05-09,3.7314,13.25,741.8,2.007,25.16,28.66,,
1988-05-10,3.7314,13.26,740.9,2.007,25.16,28.66,,
1988-05-11,3.7314,13.24,740.0,2.0045,25.16,28.66,,
1988-05-12,3.7314,13.28,739.1,2.0055,25.15,28.66,,
1988-05-13,3.7314,13.25,739.2,2.006,25.15,28.66,,
1988-05-16,3.7314,13.26,738.3,2.0075,25.16,28.66,,
1988-05-17,3.7314,13.33,738.4,2.015,25.17,28.66,,
1988-05-18,3.7314,13.31,738.5,2.0145,25.21,28.66,,
1988-05-19,3.7314,13.33,738.6,2.015,25.18,28.67,,
1988-05-20,3.7314,13.37,737.7,2.0155,25.18,28.67,,
1988-05-23,3.7314,13.36,737.8,2.0155,25.18,28.67,,
1988-05-24,3.7314,13.34,736.9,2.017,25.17,28.67,,
1988-05-25,3.7314,13.39,735.9,2.0175,25.16,28.67,,
1988-05-26,3.7314,13.39,736.0,2.018,25.17,28.67,,
1988-05-27,3.7314,13.39,736.1,2.018,25.17,28.67,,
1988-05-31,3.7314,13.47,736.2,2.021,25.21,28.67,,
1988-06-01,3.7314,13.51,736.3,2.021,25.22,28.67,,
1988-06-02,3.7314,13.59,736.4,2.024,25.23,28.67,,
1988-06-03,3.7314,13.58,736.5,2.022,25.23,28.67,,
1988-06-06,3.7314,13.6,735.6,2.0225,25.25,28.67,,
1988-06-07,3.7314,13.6,734.7,2.0185,25.22,28.67,,
1988-06-08,3.7314,13.58,733.2,2.0175,25.2,28.67,,
1988-06-09,3.7314,13.59,732.6,2.0215,25.21,28.67,,
1988-06-10,3.7314,13.62,731.9,2.0117,25.18,28.67,,
1988-06-13,3.7314,13.61,731.9,2.019,25.18,28.67,,
1988-06-14,3.7314,13.68,732.0,2.0275,25.2,28.67,,
1988-06-15,3.7314,13.77,732.1,2.027,25.26,28.67,,
1988-06-16,3.7314,13.76,732.2,2.025,25.26,28.68,,
1988-06-17,3.7314,13.85,731.5,2.028,25.24,28.69,,
1988-06-20,3.7314,13.82,731.6,2.0295,25.24,28.69,,
1988-06-21,3.7314,13.82,731.7,2.03,25.25,28.7,,
1988-06-22,3.7314,13.9,731.9,2.035,25.26,28.71,,
1988-06-23,3.7314,13.97,731.9,2.0345,25.34,28.73,,
1988-06-24,3.7314,13.98,732.0,2.037,25.34,28.79,,
1988-06-27,3.7314,14.17,732.1,2.0435,25.44,28.79,,
1988-06-28,3.7314,14.08,732.2,2.037,25.44,28.9,,
1988-06-29,3.7314,14.14,731.5,2.049,25.49,28.92,,
1988-06-30,3.7314,14.07,731.6,2.047,25.49,28.94,,
1988-07-01,3.7314,14.14,731.4,2.05,25.49,,,
1988-07-05,3.7314,14.12,731.6,2.0545,25.57,28.87,,
1988-07-06,3.7314,14.02,730.8,2.051,25.56,28.85,,
1988-07-07,3.7314,14.02,730.0,2.042,25.49,28.83,,
1988-07-08,3.7314,14.02,729.2,2.048,25.48,28.81,,
1988-07-11,3.7314,14.07,729.3,2.05,25.53,28.75,,
1988-07-12,3.7314,14.07,729.4,2.0485,25.53,28.73,,
1988-07-13,3.7314,14.06,728.7,2.051,25.5,28.73,,
1988-07-14,3.7314,14.09,728.8,2.049,25.52,28.73,,
1988-07-15,3.7314,14.1,728.9,2.054,25.55,28.71,,
1988-07-18,3.7314,14.08,729.0,2.053,25.61,28.68,,
1988-07-19,3.7314,14.06,729.1,2.0495,25.58,28.68,,
1988-07-20,3.7314,14.06,728.3,2.0448,25.58,28.68,,
1988-07-21,3.7314,14.04,727.7,2.04,25.55,28.68,,
1988-07-22,3.7314,14.06,727.2,2.036,25.48,28.68,,
1988-07-25,3.7314,14.06,726.7,2.039,25.44,28.67,,
1988-07-26,3.7314,14.11,726.8,2.0395,25.5,28.67,,
1988-07-27,3.7314,14.1,726.9,2.038,25.52,28.68,,
1988-07-28,3.7314,14.14,727.0,2.0375,25.49,28.68,,
1988-07-29,3.7314,14.17,726.6,2.043,25.49,28.68,,
1988-08-01,3.7314,14.18,726.7,2.0455,25.56,28.68,,
1988-08-02,3.7314,14.16,726.3,2.047,25.53,28.68,,
1988-08-03,3.7314,14.17,726.0,2.0475,25.55,28.68,,
1988-08-04,3.7314,14.17,726.1,2.048,25.55,28.68,,
1988-08-05,3.7314,14.19,726.2,2.049,25.56,28.68,,
1988-08-08,3.7314,14.16,726.3,2.0445,25.56,28.67,,
1988-08-09,3.7314,14.17,726.4,2.048,25.56,28.67,,
1988-08-10,3.7314,14.19,726.5,2.0445,25.63,28.67,,
1988-08-11,3.7314,14.17,726.6,2.0435,25.59,28.68,,
1988-08-12,3.7314,14.14,726.1,2.037,25.59,28.67,,
1988-08-15,3.7314,14.15,725.6,2.039,25.52,28.67,,
1988-08-16,3.7314,14.12,725.7,2.036,25.52,28.67,,
1988-08-17,3.7314,14.19,725.8,2.041,25.55,28.67,,
1988-08-18,3.7314,14.2,725.9,2.0365,25.58,28.67,,
1988-08-19,3.7314,14.22,725.6,2.038,25.55,28.67,,
1988-08-22,3.7314,14.35,725.3,2.04,25.57,28.67,,
1988-08-23,3.7314,14.3,725.4,2.041,25.58,28.67,,
1988-08-24,3.7314,14.29,725.5,2.0395,25.59,28.68,,
1988-08-25,3.7314,14.23,725.1,2.0355,25.56,28.7,,
1988-08-26,3.7314,14.28,724.6,2.0345,25.52,28.67,,
1988-08-29,3.7314,14.28,724.7,2.04,25.52,28.8,,
1988-08-30,3.7314,14.32,724.8,2.0392,25.57,28.82,,
1988-08-31,3.7314,14.36,724.9,2.045,25.57,28.83,,
1988-09-01,3.7314,14.41,725.0,2.045,25.61,28.82,,
1988-09-02,3.7314,14.44,725.0,2.0445,25.62,28.83,,
1988-09-06,3.7314,14.39,724.2,2.039,25.59,28.86,,
1988-09-07,3.7314,14.38,723.7,2.039,25.54,28.86,,
1988-09-08,3.7314,14.4,723.2,2.041,25.52,28.84,,
1988-09-09,3.7314,14.43,723.3,2.035,25.5,28.85,,
1988-09-12,3.7314,14.4,722.9,2.035,25.52,28.86,,
1988-09-13,3.7314,14.43,723.0,2.038,25.5,28.89,,
1988-09-14,3.7314,14.44,722.7,2.045,25.51,28.91,,
1988-09-15,3.7314,14.48,722.8,2.046,25.55,28.93,,
1988-09-16,3.7314,14.51,722.9,2.0445,25.53,28.95,,
1988-09-19,3.7314,14.52,722.9,2.0395,25.54,28.97,,
1988-09-20,3.7314,14.49,722.5,2.04,25.53,28.98,,
1988-09-21,3.7314,14.56,722.6,2.04,25.53,28.98,,
1988-09-22,3.7314,14.6,722.7,2.0405,25.53,28.98,,
1988-09-23,3.7314,14.58,722.6,2.041,25.57,28.98,,
1988-09-26,3.7314,14.6,722.5,2.043,25.57,,,
1988-09-27,3.7314,14.57,722.6,2.0415,25.57,,,
1988-09-28,3.7314,14.56,722.3,2.04,25.57,,,
1988-09-29,3.7314,14.54,721.8,2.041,25.55,28.98,,
1988-09-30,3.7314,14.55,721.9,2.041,25.57,28.98,,
1988-10-03,3.7314,14.56,721.9,2.04,25.54,28.98,,
1988-10-04,3.7314,14.56,721.4,2.039,25.51,28.98,,
1988-10-05,3.7314,14.59,720.9,2.0405,25.52,28.98,,
1988-10-06,3.7314,14.57,721.0,2.04,25.52,28.98,,
1988-10-07,3.7314,14.56,720.1,2.0385,25.52,28.98,,
1988-10-11,3.7314,14.62,717.7,2.035,25.46,28.99,,
1988-10-12,3.7314,14.7,716.2,2.033,25.45,28.99,,
1988-10-13,3.7314,14.67,714.7,2.023,25.35,28.98,,
1988-10-14,3.7314,14.72,713.2,2.0225,25.33,28.95,,
1988-10-17,3.7314,14.73,711.7,2.022,25.28,28.87,,
1988-10-18,3.7314,14.74,710.8,2.0185,25.31,28.83,,
1988-10-19,3.7314,14.76,710.9,2.0185,25.31,28.8,,
1988-10-20,3.7314,14.75,710.0,2.01,25.31,28.79,,
1988-10-21,3.7314,14.75,708.5,2.009,25.28,28.79,,
1988-10-24,3.7314,14.78,707.0,2.008,25.28,28.79,,
1988-10-25,3.7314,14.8,707.1,2.0075,25.29,,,
1988-10-26,3.7314,14.82,707.2,2.0015,25.28,28.8,,
1988-10-27,3.7314,14.88,705.7,1.9995,25.24,28.72,,
1988-10-28,3.7314,14.87,704.2,2.0015,25.26,28.64,,
1988-10-31,3.7314,14.97,704.3,1.997,25.26,,,
1988-11-01,3.7314,14.88,702.7,2.003,25.25,28.38,,
1988-11-02,3.7314,14.89,702.8,1.9965,25.21,,,
1988-11-03,3.7314,14.9,701.3,1.985,25.2,28.19,,
1988-11-04,3.7314,14.95,700.4,1.985,25.1722,28.16,,
1988-11-07,3.7314,14.99,700.5,1.977,25.24,28.14,,
1988-11-08,3.7314,14.98,699.6,1.977,25.21,28.14,,
1988-11-09,3.7314,14.94,699.7,1.968,25.25,28.14,,
1988-11-10,3.7314,14.96,698.2,1.969,25.18,28.15,,
1988-11-14,3.7314,14.96,695.9,1.954,25.11,28.14,,
1988-11-15,3.7314,14.97,696.0,1.952,25.15,28.14,,
1988-11-16,3.7314,14.94,695.2,1.949,25.15,28.15,,
1988-11-17,3.7314,14.95,694.4,1.952,25.09,28.16,,
1988-11-18,3.7314,15.06,693.6,1.95,25.1,28.15,,
1988-11-21,3.7314,15.06,693.7,1.948,25.12,28.17,,
1988-11-22,3.7314,15.02,692.9,1.9455,25.09,28.18,,
1988-11-23,3.7314,15.0,692.1,1.944,25.07,28.18,,
1988-11-25,3.7314,14.99,690.7,1.941,25.05,,,
1988-11-28,3.7314,14.98,690.8,1.947,25.08,28.15,,
1988-11-29,3.7314,14.95,690.9,1.941,25.11,28.16,,
1988-11-30,3.7314,14.95,690.3,1.9485,25.08,28.18,,
1988-12-01,3.7314,14.9,689.8,1.953,25.07,28.19,,
1988-12-02,3.7314,14.87,689.2,1.948,25.09,28.19,,
1988-12-05,3.7314,14.95,688.7,1.941,25.19,28.18,,
1988-12-06,3.7314,14.97,688.1,1.943,25.07,28.19,,
1988-12-07,3.7314,15.09,688.2,1.947,25.09,28.2,,
1988-12-08,3.7314,15.0,688.3,1.942,25.15,28.2,,
1988-12-09,3.7314,15.05,687.8,1.941,25.11,28.21,,
1988-12-12,3.7314,15.05,687.5,1.938,25.11,28.21,,
1988-12-13,3.7314,15.09,687.6,1.939,25.13,28.19,,
1988-12-14,3.7314,15.04,687.7,1.939,25.14,28.19,,
1988-12-15,3.7314,15.03,687.4,1.9405,25.14,28.18,,
1988-12-16,3.7314,15.06,687.5,1.9465,25.14,28.17,,
1988-12-19,3.7314,15.01,687.6,1.943,25.14,28.18,,
1988-12-20,3.7314,15.06,687.7,1.9485,,28.19,,
1988-12-21,3.7314,15.03,687.8,1.945,25.26,28.2,,
1988-12-22,3.7314,15.04,687.3,1.945,,28.22,,
1988-12-23,3.7314,15.03,687.4,1.945,,28.24,,
1988-12-27,3.7314,15.03,687.5,1.945,25.2,28.24,,
1988-12-28,3.7314,15.09,687.6,1.948,25.2,28.24,,
1988-12-29,3.7314,15.02,687.7,1.946,25.2,28.23,,
1988-12-30,3.7314,14.99,687.4,1.945,25.2,28.13,,
1989-01-03,3.7314,15.02,686.9,1.938,25.21,,,
1989-01-04,3.7314,15.08,686.4,1.9415,25.18,,,
1989-01-05,3.7314,15.05,686.5,1.9405,25.23,28.21,,
1989-01-06,3.7314,15.07,686.6,1.941,25.27,28.2,,
1989-01-09,3.7314,15.1,686.7,1.9435,25.29,28.2,,
1989-01-10,3.7314,15.07,686.8,1.9415,25.28,,,
1989-01-11,3.7314,15.05,686.8,1.941,25.32,27.81,,
1989-01-12,3.7314,15.06,686.5,1.942,25.32,27.75,,
1989-01-13,3.7314,15.04,685.8,1.942,25.31,27.74,,
1989-01-17,3.7314,15.09,686.0,1.945,25.34,27.78,,
1989-01-18,3.7314,15.09,685.3,1.947,25.34,27.8,,
1989-01-19,3.7314,15.11,685.4,1.9465,25.4,27.79,,
1989-01-20,3.7314,15.1,685.5,1.943,25.35,27.77,,
1989-01-23,3.7314,15.11,684.6,1.9425,25.35,27.73,,
1989-01-24,3.7314,15.12,683.9,1.937,25.33,27.69,,
1989-01-25,3.7314,15.13,683.0,1.9385,25.35,27.69,,
1989-01-26,3.7314,15.09,683.1,1.9335,25.36,27.7,,
1989-01-27,3.7314,15.12,683.2,1.936,25.38,27.69,,
1989-01-30,3.7314,15.17,683.3,1.935,25.42,27.7,,
1989-01-31,3.7314,15.18,683.4,1.933,25.41,27.7,,
1989-02-01,3.7314,15.2,683.5,1.935,25.45,27.7,,
1989-02-02,3.7314,15.18,683.6,1.931,25.44,27.69,,
1989-02-03,3.7314,15.18,682.9,1.9325,25.43,27.68,,
1989-02-06,3.7314,15.23,683.0,1.932,25.49,,,
1989-02-07,3.7314,15.2,683.0,1.931,25.45,,,
1989-02-08,3.7314,15.2,683.1,1.926,25.43,,,
1989-02-09,3.7314,15.19,682.4,1.927,25.42,27.67,,
1989-02-10,3.7314,15.19,681.5,1.929,25.36,27.67,,
1989-02-13,3.7314,15.24,680.6,1.93,25.4,27.66,,
1989-02-14,3.7314,15.22,680.7,1.93,25.38,27.66,,
1989-02-15,3.7314,15.2,679.8,1.9235,25.3,27.66,,
1989-02-16,3.7314,15.23,678.9,1.924,25.33,27.67,,
1989-02-17,3.7314,15.19,679.0,1.922,25.32,27.77,,
1989-02-21,3.7314,15.29,678.2,1.927,25.37,27.72,,
1989-02-22,3.7314,15.35,678.3,1.927,25.37,27.76,,
1989-02-23,3.7314,15.3,677.3,1.927,25.35,27.76,,
1989-02-24,3.7314,15.3,677.3,1.929,25.34,27.78,,
1989-02-27,3.7314,15.33,676.5,1.927,25.33,27.8,,
1989-02-28,3.7314,15.35,675.8,1.931,25.38,27.81,,
1989-03-01,3.7314,15.35,675.8,1.933,25.38,27.83,,
1989-03-02,3.7314,15.34,675.9,1.934,25.43,27.84,,
1989-03-03,3.7314,15.31,676.0,1.932,25.44,27.85,,
1989-03-06,3.7314,15.32,675.3,1.9315,25.41,27.88,,
1989-03-07,3.7314,15.34,675.4,1.935,25.45,27.86,,
1989-03-08,3.7314,15.32,675.4,1.935,25.45,27.85,,
1989-03-09,3.7314,15.34,675.6,1.936,25.47,27.86,,
1989-03-10,3.7314,15.35,,1.922,25.46,27.88,,
1989-03-13,3.7314,15.38,675.7,1.939,25.48,,,
1989-03-14,3.7314,15.47,675.8,1.938,25.5,27.67,,
1989-03-15,3.7314,15.43,675.7,1.937,25.48,27.49,,
1989-03-16,3.7314,15.49,675.8,1.938,25.51,27.34,,
1989-03-17,3.7314,15.52,675.9,1.941,25.52,27.38,,
1989-03-20,3.7314,15.53,676.0,1.9405,25.54,27.43,,
1989-03-21,3.7314,15.53,676.1,1.941,25.53,27.48,,
1989-03-22,3.7314,15.52,676.0,1.941,25.52,27.56,,
1989-03-23,3.7314,15.54,675.95,1.942,25.5,27.38,,
1989-03-24,3.7314,15.5,675.4,1.942,25.65,27.22,,
1989-03-27,3.7314,15.6,675.5,1.9475,25.45,27.22,,
1989-03-28,3.7314,15.66,675.6,1.9525,25.5,27.35,,
1989-03-29,3.7314,15.64,675.7,1.957,25.55,,,
1989-03-30,3.7314,15.64,675.8,1.96,25.45,,,
1989-03-31,3.7314,15.63,674.6,1.962,25.5,27.46,,
1989-04-03,3.7314,15.62,673.7,1.9615,25.55,27.33,,
1989-04-04,3.7314,15.58,672.5,1.9505,25.5,,,
1989-04-05,3.7314,15.64,,1.952,25.45,,,
1989-04-06,3.7314,15.64,671.3,1.949,25.53,27.145,,
1989-04-07,3.7314,15.67,670.4,1.949,25.53,27.13,,
1989-04-10,3.7314,15.71,670.1,1.957,25.57,27.1415,,
1989-04-11,3.7314,15.69,670.2,1.958,25.5,27.1245,,
1989-04-12,3.7314,15.74,670.2,1.9595,25.58,27.1125,,
1989-04-13,3.7314,15.71,670.3,1.951,25.58,27.107,,
1989-04-14,3.7314,15.69,670.0,1.9555,25.55,27.0875,,
1989-04-17,3.7314,15.71,670.1,1.9435,25.45,27.11,,
1989-04-18,3.7314,15.7,669.6,1.946,25.53,27.15,,
1989-04-19,3.7314,15.72,669.3,1.947,25.55,27.1125,,
1989-04-20,3.7314,15.72,669.4,1.941,25.57,27.1025,,
1989-04-21,3.7314,15.7,668.9,1.9395,25.51,27.08,,
1989-04-24,3.7314,15.76,668.6,1.9395,25.49,,,
1989-04-25,3.7314,15.8,668.7,1.945,25.45,26.94,,
1989-04-26,3.7314,15.86,668.8,1.947,25.52,26.79,,
1989-04-27,3.7314,15.84,668.9,1.9515,25.54,26.55,,
1989-04-28,3.7314,15.86,668.9,1.9515,25.53,25.95,,
1989-05-01,3.7314,15.86,669.0,1.9515,,,,
1989-05-02,3.7314,15.92,669.1,1.955,25.6,25.82,,
1989-05-03,3.7314,15.94,669.1,1.953,25.62,25.8,,
1989-05-04,3.7314,15.93,669.1,1.952,25.61,25.4,,
1989-05-05,3.7314,16.02,669.1,1.951,25.6,25.405,,
1989-05-08,3.7314,16.02,669.1,1.951,25.63,25.88,,
1989-05-09,3.7314,16.05,669.1,1.9575,25.65,25.875,,
1989-05-10,3.7314,16.05,669.1,1.9545,25.64,25.75,,
1989-05-11,3.7314,16.09,669.1,1.958,25.63,25.65,,
1989-05-12,3.7314,16.04,,1.953,25.68,25.67,,
1989-05-15,3.7314,16.06,669.2,1.962,25.72,25.825,,
1989-05-16,3.7314,16.05,669.3,1.964,25.75,25.75,,
1989-05-17,3.7314,16.09,669.2,1.97,25.74,25.73,,
1989-05-18,3.7314,16.12,669.3,1.965,25.82,25.765,,
1989-05-19,3.7314,16.12,669.4,1.964,25.82,,,
1989-05-22,3.7314,16.28,669.4,1.968,25.84,25.9,,
1989-05-23,3.7314,16.24,669.5,1.9545,25.93,25.985,,
1989-05-24,3.7314,16.31,669.5,1.956,25.95,25.925,,
1989-05-25,3.7314,16.26,669.5,1.956,25.93,25.92,,
1989-05-26,3.7314,16.18,669.4,1.9535,25.85,25.9315,,
1989-05-30,3.7314,16.33,669.3,1.96,25.97,,,
1989-05-31,3.7314,16.28,669.4,1.955,25.92,26.0,,
1989-06-01,3.7314,16.32,669.3,1.9535,25.92,25.99,,
1989-06-02,3.7314,16.28,669.3,1.9525,25.88,25.98,,
1989-06-05,3.7314,16.29,669.2,1.949,25.82,25.97,,
1989-06-06,3.7314,16.35,,1.953,25.89,26.051,,
1989-06-07,3.7314,16.29,669.3,1.943,25.89,26.08,,
1989-06-08,3.7314,16.34,669.2,1.948,25.9,,,
1989-06-09,3.7314,16.42,669.2,1.953,25.91,,,
1989-06-12,3.7314,16.49,669.3,1.964,26.04,,,
1989-06-13,3.7314,16.5,669.6,1.965,26.08,26.1575,,
1989-06-14,3.7314,16.49,669.5,1.969,26.07,26.18,,
1989-06-15,3.7314,16.51,669.8,1.97,25.93,26.2075,,
1989-06-16,3.7314,16.43,669.7,1.963,25.98,26.09,,
1989-06-19,3.7314,16.42,669.6,1.963,25.96,26.015,,
1989-06-20,3.7314,16.42,669.5,1.96,25.45,26.0,,
1989-06-21,3.7314,16.47,669.4,1.961,25.96,26.05,,
1989-06-22,3.7314,16.43,669.3,1.955,25.9,25.9325,,
1989-06-23,3.7318,16.46,669.2,1.954,25.9,25.95,,
1989-06-26,3.7314,16.49,669.1,1.954,25.84,26.05,,
1989-06-27,3.7314,16.44,669.4,1.9555,25.87,25.95,,
1989-06-28,3.7314,16.47,669.5,1.959,25.91,25.95,,
1989-06-29,3.7314,16.43,669.8,1.9595,25.93,25.93,,
1989-06-30,3.7314,16.49,669.9,1.955,25.96,25.9,,
1989-07-03,3.7314,16.36,669.9,1.962,25.9,25.93,,
1989-07-05,3.7314,16.29,669.8,1.963,25.89,25.95,,
1989-07-06,3.7314,16.3,669.7,1.962,25.77,25.84,,
1989-07-07,3.7314,16.24,669.6,1.956,25.78,25.7,,
1989-07-10,3.7314,16.32,669.7,1.958,25.76,25.78,,
1989-07-11,3.7314,16.33,669.6,1.961,25.78,25.88,,
1989-07-12,3.7314,16.39,669.9,1.957,25.8,25.8775,,
1989-07-13,3.7314,16.38,669.8,1.9545,25.79,25.84,,
1989-07-14,3.7314,16.38,669.7,1.9575,25.79,25.84,,
1989-07-17,3.7314,16.5,670.0,1.963,25.86,,,
1989-07-18,3.7314,16.44,670.3,1.959,25.86,25.84,,
1989-07-19,3.7314,16.49,670.4,1.961,25.8,25.8075,,
1989-07-20,3.7314,16.49,670.3,1.96,25.89,25.81,,
1989-07-21,3.7314,16.52,670.2,1.9575,25.86,,,
1989-07-24,3.7314,16.57,670.1,1.963,25.89,25.855,,
1989-07-25,3.7314,16.55,670.3,1.959,25.86,25.785,,
1989-07-26,3.7314,16.47,667.2,1.959,25.83,25.75,,
1989-07-27,3.7314,16.41,670.1,1.9565,25.77,25.785,,
1989-07-28,3.7314,16.45,670.0,1.9575,25.78,25.77,,
1989-07-31,3.7314,16.44,670.1,1.951,25.76,25.655,,
1989-08-01,3.7314,16.46,670.0,1.951,25.69,25.7,,
1989-08-02,3.7314,16.43,669.9,1.9465,25.66,25.7325,,
1989-08-03,3.7314,16.5,670.0,1.947,25.69,25.74,,
1989-08-04,3.7314,16.57,670.15,1.954,25.72,25.68,,
1989-08-07,3.7314,16.62,670.5,1.9545,25.8,,,
1989-08-08,3.7314,16.56,670.8,1.952,25.79,25.7,,
1989-08-09,3.7314,16.57,670.7,1.951,25.77,25.645,,
1989-08-10,3.7314,16.57,670.8,1.9505,25.78,25.65,,
1989-08-11,3.7314,16.63,670.7,1.9545,25.82,25.68,,
1989-08-14,3.7314,16.65,671.0,1.9585,25.82,25.67,,
1989-08-15,3.7314,16.62,,1.958,25.92,25.7,,
1989-08-16,3.7314,16.62,671.3,1.957,25.9,25.68,,
1989-08-17,3.7314,16.68,671.2,1.961,25.92,25.695,,
1989-08-18,3.7314,16.8,673.0,1.983,26.03,25.79,,
1989-08-21,3.7314,16.62,671.4,1.9645,25.96,,,
1989-08-22,3.7314,16.55,671.5,1.965,25.95,25.67,,
1989-08-23,3.7314,16.62,671.4,1.965,25.93,,,
1989-08-24,3.7314,16.62,671.5,1.9705,25.97,25.67,,
1989-08-25,3.7314,16.64,671.7,1.971,25.98,25.66,,
1989-08-28,3.7314,16.7,671.8,1.9715,25.94,25.655,,
1989-08-29,3.7314,16.67,671.9,1.968,26.0,25.6525,,
1989-08-30,3.7314,16.66,671.8,1.966,25.95,25.6575,,
1989-08-31,3.7314,16.65,671.9,1.9685,25.99,25.6675,,
1989-09-01,3.7314,16.69,672.2,1.97,26.01,25.676,,
1989-09-05,3.7314,16.74,672.6,1.981,26.05,25.71,,
1989-09-06,3.7314,16.72,672.8,1.9785,26.06,25.7,,
1989-09-07,3.7314,16.76,672.7,1.981,26.06,25.7,,
1989-09-08,3.7314,16.74,672.9,1.9815,26.08,25.7025,,
1989-09-11,3.7314,16.77,673.0,1.985,26.11,,,
1989-09-12,3.7314,16.74,673.1,1.9845,26.08,25.75,,
1989-09-13,3.7314,16.7,,1.981,26.09,25.9,,
1989-09-14,3.7314,16.77,673.0,1.979,26.05,,,
1989-09-15,3.7314,16.82,,1.9875,26.06,25.855,,
1989-09-18,3.7314,16.8,673.0,1.983,26.03,25.79,,
1989-09-19,3.7314,16.8,672.9,1.98,26.02,25.785,,
1989-09-20,3.7314,16.77,672.78,1.98,26.03,25.72,,
1989-09-21,3.7314,16.77,672.68,1.98,26.0,25.69,,
1989-09-22,3.7314,16.8,672.57,1.981,26.01,25.675,,
1989-09-25,3.7314,16.69,672.6,1.9655,25.93,25.57,,
1989-09-26,3.7314,16.69,672.5,1.967,25.9,25.77,,
1989-09-27,3.7314,16.7,672.6,1.966,25.85,25.69,,
1989-09-28,3.7314,16.74,672.5,1.9675,,25.84,,
1989-09-29,3.7314,16.69,672.7,1.96,25.81,,,
1989-10-02,3.7314,16.67,,1.963,25.78,25.7,,
1989-10-03,3.7314,16.86,,1.9705,25.83,25.7,,
1989-10-04,3.7314,16.78,672.9,1.9645,25.86,25.665,,
1989-10-05,3.7314,16.77,673.0,1.9615,25.85,25.665,,
1989-10-06,3.7314,16.8,673.2,1.9695,25.89,25.66,,
1989-10-10,3.7314,16.85,673.5,1.968,25.89,,,
1989-10-11,3.7314,16.9,673.8,1.974,25.97,25.705,,
1989-10-12,3.7314,16.86,674.1,1.969,25.96,25.7025,,
1989-10-13,3.7314,16.86,674.0,1.9705,25.95,25.72,,
1989-10-16,3.7314,16.8,673.9,1.9525,25.84,,,
1989-10-17,3.7314,16.78,673.8,1.959,25.88,25.705,,
1989-10-18,3.7314,16.8,674.1,1.957,25.89,25.7225,,
1989-10-19,3.7314,16.81,674.0,1.956,25.84,25.745,,
1989-10-20,3.7314,16.81,673.9,1.959,25.88,25.7375,,
1989-10-23,3.7314,16.82,674.1,1.9595,25.85,25.77,,
1989-10-24,3.7314,16.77,674.2,1.958,25.84,25.791,,
1989-10-25,3.7314,16.81,674.1,1.957,25.83,,,
1989-10-26,3.7314,16.82,674.0,1.961,25.83,25.805,,
1989-10-27,3.7314,16.85,674.2,1.963,25.86,25.8175,,
1989-10-30,3.7314,16.9,674.3,1.956,25.85,25.9575,,
1989-10-31,3.7314,16.88,674.2,1.957,25.86,,,
1989-11-01,3.7314,16.89,674.4,1.962,25.88,,,
1989-11-02,3.7314,16.91,674.6,1.9595,25.91,25.8525,,
1989-11-03,3.7314,16.91,674.7,1.957,25.89,25.81,,
1989-11-06,3.7314,16.91,674.6,1.962,25.89,,,
1989-11-07,3.7314,16.88,674.8,1.9625,25.91,25.9175,,
1989-11-08,3.7314,16.88,674.7,1.959,25.88,25.95,,
1989-11-09,3.7314,16.9,674.6,1.958,25.88,25.9825,,
1989-11-10,3.7314,16.93,674.7,1.96,25.9,26.0,,
1989-11-13,3.7314,16.93,674.8,1.962,25.9,,,
1989-11-14,3.7314,16.89,675.0,1.9635,25.9,26.06,,
1989-11-15,3.7314,16.92,674.9,1.961,25.87,26.0,,
1989-11-16,3.7314,16.9,674.8,1.9605,25.89,25.993,,
1989-11-17,3.7314,16.92,674.9,1.9615,25.9,25.99,,
1989-11-20,3.7314,16.95,675.0,1.962,25.91,26.02,,
1989-11-21,3.7314,16.92,675.1,1.96,25.9,26.05,,
1989-11-22,3.7314,16.91,675.0,1.961,25.87,26.115,,
1989-11-24,3.7314,16.92,675.8,1.955,25.84,26.165,,
1989-11-27,3.7314,17.03,675.3,1.954,25.83,26.15,,
1989-11-28,3.7314,16.98,675.2,1.957,25.83,26.169,,
1989-11-29,3.7314,16.98,675.5,1.952,25.82,26.158,,
1989-11-30,3.7314,16.96,675.3,1.9455,25.82,26.138,,
1989-12-01,3.7314,16.97,675.3,1.95,25.81,26.135,,
1989-12-04,3.7314,16.98,675.6,1.9485,25.83,26.15,,
1989-12-05,3.7314,16.96,675.9,1.947,25.83,26.1975,,
1989-12-06,3.7314,16.95,676.2,1.941,25.83,26.05,,
1989-12-07,3.7314,16.94,676.1,1.9345,25.83,26.04,,
1989-12-08,3.7314,16.94,676.0,1.9345,25.84,26.105,,
1989-12-11,3.7314,16.93,676.5,1.931,25.84,26.1,,
1989-12-12,3.7314,16.93,676.4,1.9215,25.82,26.155,,
1989-12-13,3.7314,16.92,676.2,1.908,25.78,26.14,,
1989-12-14,3.7314,16.93,676.1,1.913,25.78,26.149,,
1989-12-15,3.7314,16.92,677.0,1.92,25.78,26.15,,
1989-12-18,4.7339,16.94,677.9,1.912,25.77,26.16,,
1989-12-19,4.7339,16.93,677.8,1.908,25.75,26.1575,,
1989-12-20,4.7339,16.94,678.5,1.909,25.77,26.156,,
1989-12-21,4.7339,16.93,679.4,1.903,25.76,26.1575,,
1989-12-22,4.7339,16.9,679.3,1.905,25.75,,,
1989-12-26,4.7339,16.9,680.1,1.894,25.71,26.136,,
1989-12-27,4.7339,16.88,680.8,1.892,25.69,26.1576,,
1989-12-28,4.7339,16.89,680.6,1.891,25.67,26.17,,
1989-12-29,4.7339,16.96,681.4,1.9025,25.71,26.165,,
1990-01-02,4.7339,16.96,,1.903,25.71,,,
1990-01-03,4.7339,16.99,683.5,1.9085,,,,
1990-01-04,4.7339,16.94,684.2,1.9,25.8,26.11,,
1990-01-05,4.7339,16.93,683.7,1.909,25.71,26.025,,
1990-01-08,4.7339,16.93,683.6,1.896,25.74,25.915,,
1990-01-09,4.7339,16.93,684.0,1.9005,25.71,25.99,,
1990-01-10,4.7339,16.92,684.7,1.8955,25.74,,,
1990-01-11,4.7339,16.93,685.2,1.8955,25.74,26.0775,,
1990-01-12,4.7339,16.94,685.6,1.8935,25.74,26.05,,
1990-01-16,4.7339,16.97,685.7,1.8935,25.75,,,
1990-01-17,4.7339,16.97,686.6,1.889,25.75,26.0825,,
1990-01-18,4.7339,16.98,686.5,1.89,25.75,26.125,,
1990-01-19,4.7339,16.97,687.2,1.877,25.79,26.09,,
1990-01-22,4.7339,17.03,687.9,1.8795,25.8,26.15,,
1990-01-23,4.7339,17.0,688.4,1.882,25.8,,,
1990-01-24,4.7339,16.98,687.9,1.876,25.76,26.16,,
1990-01-25,4.7339,16.99,687.8,1.8775,25.75,26.151,,
1990-01-26,4.7339,16.97,,1.872,,,,
1990-01-29,4.7339,16.97,687.7,1.869,25.69,,,
1990-01-30,4.7339,16.96,688.3,1.8615,25.69,,,
1990-01-31,4.7339,16.97,689.0,1.864,25.73,26.132,,
1990-02-01,4.7339,16.96,689.5,1.865,25.72,26.0575,,
1990-02-02,4.7339,16.96,690.1,1.8675,25.72,26.08,,
1990-02-05,4.7339,16.95,690.8,1.866,25.74,26.105,,
1990-02-06,4.7339,16.95,690.7,1.857,25.71,26.0825,,
1990-02-07,4.7339,16.95,690.5,1.8595,25.71,26.0875,,
1990-02-08,4.7339,16.96,691.0,1.863,25.73,26.119,,
1990-02-09,4.7339,16.96,691.8,1.8645,25.73,26.1301,,
1990-02-12,4.7339,16.99,691.7,1.8635,25.71,26.12,,
1990-02-13,4.7339,16.98,691.6,1.866,25.72,26.121,,
1990-02-14,4.7339,16.97,692.4,1.8635,25.71,26.121,,
1990-02-15,4.7339,16.97,692.3,1.865,25.72,26.111,,
1990-02-16,4.7339,16.96,692.8,1.869,25.73,26.1175,,
1990-02-20,4.7339,17.0,693.1,1.86,25.7,26.1275,,
1990-02-21,4.7339,17.03,693.1,1.861,25.72,26.1425,,
1990-02-22,4.7339,17.0,693.5,1.864,25.72,,,
1990-02-23,4.7339,17.02,694.3,1.866,25.73,26.135,,
1990-02-26,4.7339,17.05,695.1,1.865,25.78,26.153,,
1990-02-27,4.7339,17.07,696.0,1.8655,25.8,26.153,,
1990-02-28,4.7339,17.07,696.7,1.867,25.82,26.1515,,
1990-03-01,4.7339,17.07,,1.875,25.85,26.1545,,
1990-03-02,4.7339,17.08,696.7,1.875,25.87,,,
1990-03-05,4.7339,17.05,695.9,1.8725,25.87,26.155,,
1990-03-06,4.7339,17.07,697.4,1.873,25.82,26.1605,,
1990-03-07,4.7339,17.05,698.3,1.8745,25.86,26.17,,
1990-03-08,4.7339,17.06,699.6,1.874,25.85,26.25,,
1990-03-09,4.7339,17.1,700.8,1.8725,25.88,26.45,,
1990-03-12,4.7339,17.09,701.1,1.874,25.88,26.361,,
1990-03-13,4.7339,17.1,701.4,1.8775,25.93,26.3985,,
1990-03-14,4.7339,17.09,701.3,1.875,25.91,26.395,,
1990-03-15,4.7339,17.07,700.9,1.875,25.92,26.43,,
1990-03-16,4.7339,17.08,699.9,1.874,25.9,26.5,,
1990-03-19,4.7339,17.11,699.0,1.874,25.91,26.48,,
1990-03-20,4.7339,17.09,699.7,1.8745,25.91,26.455,,
1990-03-21,4.7339,17.13,700.1,1.8795,25.91,26.42,,
1990-03-22,4.7339,17.16,700.5,1.882,26.0,26.4125,,
1990-03-23,4.7339,17.16,700.9,1.8805,25.99,26.405,,
1990-03-26,4.7339,17.22,702.2,1.8835,25.99,26.405,,
1990-03-27,4.7339,17.21,703.8,1.884,26.03,26.4,,
1990-03-28,4.7339,17.18,704.1,1.8875,26.06,26.4075,,
1990-03-29,4.7339,17.17,703.1,1.8865,26.02,,,
1990-03-30,4.7339,17.22,703.7,1.8855,26.0,26.414,,
1990-04-02,4.7334,17.23,704.9,1.886,26.07,26.411,,
1990-04-03,4.7334,17.24,706.6,1.8845,26.05,,,
1990-04-04,4.7339,17.23,708.4,1.88,26.05,26.41,,
1990-04-05,4.7339,17.24,708.4,1.878,26.02,,,
1990-04-06,4.7339,17.24,709.0,1.8755,26.02,26.39,,
1990-04-09,4.7339,17.24,709.4,1.877,25.99,,,
1990-04-10,4.7339,17.28,709.7,1.88,26.03,26.28,,
1990-04-11,4.7339,17.25,709.8,1.8775,26.03,26.33,,
1990-04-12,4.7339,17.25,709.0,1.877,26.03,26.37,,
1990-04-13,4.7339,17.25,709.2,1.877,,26.3275,,
1990-04-16,4.7339,17.25,709.3,1.877,26.03,26.366,,
1990-04-17,4.7339,17.33,709.7,1.879,26.05,26.375,,
1990-04-18,4.7339,17.3,709.9,1.8795,26.05,26.3715,,
1990-04-19,4.7339,17.29,709.8,1.875,26.01,26.361,,
1990-04-20,4.7339,17.34,708.5,1.875,25.98,26.3601,,
1990-04-23,4.7339,17.36,707.9,1.8775,25.99,26.379,,
1990-04-24,4.7339,17.35,707.9,1.8795,26.02,26.3775,,
1990-04-25,4.7339,17.34,708.4,1.8775,,26.37,,
1990-04-26,4.7339,17.39,709.0,1.8775,26.01,,,
1990-04-27,4.7339,17.39,709.4,1.8775,26.03,26.3825,,
1990-04-30,4.7339,17.39,709.8,1.877,26.0,26.407,,
1990-05-01,4.7339,17.38,709.2,1.876,,26.404,,
1990-05-02,4.7339,17.39,,1.875,26.02,26.404,,
1990-05-03,4.7339,17.37,708.6,1.8775,26.01,26.3935,,
1990-05-04,4.7339,17.33,708.3,1.876,26.02,26.394,,
1990-05-07,4.7339,17.33,708.6,1.876,26.01,26.3985,,
1990-05-08,4.7339,17.35,710.1,1.8695,26.02,26.4145,,
1990-05-09,4.7339,17.32,710.7,1.867,25.97,26.407,,
1990-05-10,4.7339,17.3,710.3,1.863,25.93,26.4035,,
1990-05-11,4.7339,17.29,710.4,1.851,25.9,26.44,,
1990-05-14,4.7339,17.31,710.5,1.8505,26.425,,,
1990-05-15,4.7339,17.31,710.9,1.8495,25.83,27.5,,
1990-05-16,4.7339,17.31,711.3,1.854,25.84,27.35,,
1990-05-17,4.7339,17.33,711.7,1.8535,25.84,,,
1990-05-18,4.7339,17.25,712.0,1.8538,25.86,27.39,,
1990-05-21,4.7339,17.29,712.8,1.8542,25.87,27.44,,
1990-05-22,4.7339,17.3,714.5,1.8544,25.88,,,
1990-05-23,4.7339,17.29,714.8,1.85,25.85,27.5,,
1990-05-24,4.7339,17.31,714.3,1.848,25.85,27.4975,,
1990-05-25,4.7339,17.3,714.6,1.848,25.84,27.5,,
1990-05-29,4.7339,17.37,714.8,1.846,25.81,27.4996,,
1990-05-30,4.7339,17.35,715.3,1.8485,25.85,27.47,,
1990-05-31,4.7339,17.36,715.1,1.854,25.86,27.45,,
1990-06-01,4.7339,17.38,714.1,1.854,25.89,27.445,,
1990-06-04,4.7339,17.44,714.3,1.854,25.9,27.44,,
1990-06-05,4.7339,17.42,715.9,1.851,25.89,27.442,,
1990-06-06,4.7339,17.4,715.9,1.849,25.89,27.43,,
1990-06-07,4.7339,17.38,716.5,1.8494,25.89,27.405,,
1990-06-08,4.7339,17.44,717.1,1.8495,25.89,27.4051,,
1990-06-11,4.7339,17.46,717.9,1.852,25.92,27.415,,
1990-06-12,4.7339,17.42,718.7,1.849,25.91,27.4125,,
1990-06-13,4.7339,17.38,719.0,1.8485,25.9,27.43,,
1990-06-14,4.7339,17.42,718.9,1.8485,25.87,27.426,,
1990-06-15,4.7339,17.43,718.6,1.85,25.89,27.44,,
1990-06-18,4.7339,17.42,719.0,1.849,25.87,27.44,,
1990-06-19,4.7334,17.42,719.5,1.8425,25.85,27.4375,,
1990-06-20,4.7339,17.42,719.3,1.8425,25.85,27.42,,
1990-06-21,4.7339,17.42,718.9,1.8425,25.86,27.415,,
1990-06-22,4.7339,17.45,719.0,1.8425,25.87,27.4,,
1990-06-25,4.7339,17.44,719.6,1.8435,25.88,27.33,,
1990-06-26,4.7339,17.4,719.6,1.845,25.88,27.3361,,
1990-06-27,4.7339,17.42,719.4,1.845,25.84,27.3201,,
1990-06-28,4.7339,17.45,719.3,1.841,25.84,27.22,,
1990-06-29,4.7339,17.43,719.0,1.841,25.81,27.195,,
1990-07-02,4.7339,17.45,718.8,1.8325,25.78,,,
1990-07-03,4.7339,17.45,718.3,1.833,25.76,27.17,,
1990-07-05,4.7339,17.42,718.7,1.832,25.73,27.1475,,
1990-07-06,4.7339,17.42,718.8,1.831,25.75,27.1385,,
1990-07-09,4.7339,17.38,719.6,1.8225,,27.1325,,
1990-07-10,4.7339,17.36,720.3,1.8175,25.72,27.1425,,
1990-07-11,4.7339,17.39,720.2,1.812,25.67,27.1325,,
1990-07-12,4.7339,17.47,719.7,1.8195,25.7,27.1275,,
1990-07-13,4.7339,17.42,718.8,1.8175,25.65,27.13,,
1990-07-16,4.7339,17.45,718.8,1.8175,,27.1125,,
1990-07-17,4.7339,17.44,,1.8175,25.71,27.1135,,
1990-07-18,4.7339,17.39,718.7,1.81,25.69,27.125,,
1990-07-19,4.7339,17.42,718.4,1.8165,25.71,27.1775,,
1990-07-20,4.7339,17.4,718.2,1.8165,25.66,27.27,,
1990-07-23,4.7339,17.42,718.4,1.8135,25.71,,,
1990-07-24,4.7339,17.42,718.4,1.8163,25.7,27.2195,,
1990-07-25,4.7339,17.42,718.4,1.821,25.73,27.22,,
1990-07-26,4.7339,17.43,718.2,1.8215,25.71,27.1995,,
1990-07-27,4.7339,17.4,718.2,1.819,25.72,27.1665,,
1990-07-30,4.7339,17.35,718.1,1.812,25.67,27.18,,
1990-07-31,4.7339,17.35,717.9,1.807,25.64,27.187,,
1990-08-01,4.7339,17.37,716.9,1.806,25.59,27.185,,
1990-08-02,4.7339,17.38,716.3,1.8085,25.61,27.193,,
1990-08-03,4.7339,17.35,716.2,1.809,25.68,27.285,,
1990-08-06,4.7339,17.28,717.1,1.804,25.67,27.3075,,
1990-08-07,4.7339,17.29,717.9,1.804,25.67,27.329,,
1990-08-08,4.7339,17.34,718.3,1.8075,25.67,,,
1990-08-09,4.7339,17.35,717.8,1.806,25.66,27.38,,
1990-08-10,4.7339,17.39,718.2,1.8055,25.66,27.372,,
1990-08-13,4.7339,17.35,719.1,1.799,25.66,27.353,,
1990-08-14,4.7339,17.34,719.9,1.798,25.64,27.3145,,
1990-08-15,4.7339,17.28,,1.796,25.59,,,
1990-08-16,4.7339,17.37,719.7,1.796,25.59,,,
1990-08-17,4.7339,17.26,720.5,1.791,25.58,,,
1990-08-20,4.7339,17.28,720.3,1.79,25.56,27.255,,
1990-08-21,4.7339,17.32,719.4,1.7895,25.55,27.2575,,
1990-08-22,4.7339,17.32,719.0,1.787,25.55,27.2855,,
1990-08-23,4.7339,17.27,718.3,1.775,25.52,27.3,,
1990-08-24,4.7339,17.3,718.5,1.7775,25.5,27.2749,,
1990-08-27,4.7339,17.39,718.7,1.7745,25.53,,,
1990-08-28,4.7339,17.36,718.0,1.764,25.44,27.28,,
1990-08-29,4.7339,17.38,717.6,1.764,25.45,27.287,,
1990-08-30,4.7339,17.48,717.2,1.765,25.46,,,
1990-08-31,4.7339,17.52,716.8,1.765,25.49,27.2925,,
1990-09-04,4.7339,17.64,716.2,1.764,25.5,27.2945,,
1990-09-05,4.7339,17.54,716.9,1.748,25.47,27.3,,
1990-09-06,4.7339,17.56,717.8,1.759,25.43,27.301,,
1990-09-07,4.7339,17.68,718.6,1.7778,25.4,27.301,,
1990-09-10,4.7339,17.76,719.1,1.7695,25.39,27.311,,
1990-09-11,4.7339,17.77,719.0,1.769,25.42,27.3098,,
1990-09-12,4.7339,17.76,718.1,1.771,25.41,27.3103,,
1990-09-13,4.7339,17.8,718.3,1.782,25.37,27.3235,,
1990-09-14,4.7339,17.85,718.8,1.772,25.34,27.2975,,
1990-09-17,4.7339,17.86,719.3,1.7655,25.32,27.2975,,
1990-09-18,4.7399,17.83,719.3,1.766,25.32,27.299,,
1990-09-19,4.7339,17.85,718.4,1.7655,25.36,27.292,,
1990-09-20,4.7339,18.0,717.9,1.7665,25.35,27.297,,
1990-09-21,4.7339,18.12,718.0,1.7695,25.36,27.293,,
1990-09-24,4.7339,18.06,718.0,1.767,25.33,27.295,,
1990-09-25,4.7339,18.08,717.1,1.767,25.32,27.31,,
1990-09-26,4.7339,18.09,716.7,1.767,25.34,27.299,,
1990-09-27,4.7339,18.08,716.3,1.7635,25.36,27.301,,
1990-09-28,4.7339,18.0,715.8,1.7655,25.36,,,
1990-10-01,4.7339,18.06,715.7,1.761,25.33,27.2915,,
1990-10-02,4.7339,18.08,,1.7615,25.32,27.29,,
1990-10-03,4.7339,18.01,,1.7565,25.31,,,
1990-10-04,4.7339,18.07,,1.7505,25.28,27.2815,,
1990-10-05,4.7339,18.07,715.7,1.7485,25.22,27.2725,,
1990-10-09,4.7339,18.04,,1.73,25.09,27.282,,
1990-10-10,4.7339,18.05,716.7,1.732,25.13,,,
1990-10-11,4.7339,18.0,717.1,1.7325,25.11,27.2945,,
1990-10-12,4.7339,17.99,717.3,1.728,25.11,27.3,,
1990-10-15,4.7339,18.0,718.0,1.724,25.075,27.291,,
1990-10-16,4.7339,18.05,718.8,1.724,25.38,27.295,,
1990-10-17,4.7339,18.07,718.4,1.7175,25.02,27.296,,
1990-10-18,4.7339,18.08,717.6,1.706,24.99,27.3039,,
1990-10-19,4.7339,18.1,718.3,1.7135,24.95,27.299,,
1990-10-22,4.7339,18.08,718.8,1.708,25.0,27.28,,
1990-10-23,4.7339,18.1,718.8,1.712,,27.29,,
1990-10-24,4.7339,18.12,719.7,1.711,25.07,27.295,,
1990-10-25,4.7339,18.1,719.3,1.706,25.03,,,
1990-10-26,4.7339,18.1,718.5,1.72,25.08,27.2851,,
1990-10-29,4.7339,18.15,717.6,1.7065,25.05,27.2675,,
1990-10-30,4.7339,18.14,716.8,1.7105,25.09,27.27,,
1990-10-31,4.7339,18.16,716.6,1.706,25.09,,,
1990-11-01,4.7339,18.1,716.4,1.7125,25.14,27.265,,
1990-11-02,4.7339,18.08,716.7,1.709,25.1,27.2645,,
1990-11-05,4.7339,18.1,717.4,1.7005,25.1,27.2625,,
1990-11-06,4.7339,18.1,718.2,1.705,25.01,27.2595,,
1990-11-07,4.7339,18.09,718.3,1.7025,25.06,27.267,,
1990-11-08,4.7339,18.13,718.3,1.7085,25.08,27.265,,
1990-11-09,4.7339,18.13,718.1,1.712,25.13,27.265,,
1990-11-13,4.7339,18.14,717.9,1.7115,25.04,27.2645,,
1990-11-14,4.7339,18.1,717.3,1.7135,25.1,27.24,,
1990-11-15,4.7339,18.08,716.8,1.7115,25.07,27.24,,
1990-11-16,,18.09,716.5,1.712,25.09,27.2475,,
1990-11-19,5.2352,18.07,717.0,1.7095,25.06,27.2475,,
1990-11-20,5.2352,18.07,717.0,1.7095,25.06,27.23,,
1990-11-21,5.2352,18.02,717.2,1.714,25.05,27.214,,
1990-11-23,5.2352,18.05,717.4,1.709,25.02,27.182,,
1990-11-26,5.2352,18.08,716.8,1.7095,25.05,27.2275,,
1990-11-27,5.2352,18.1,716.1,1.7085,25.06,27.23,,
1990-11-28,5.2352,18.13,715.7,1.7065,25.04,27.22,,
1990-11-29,5.2352,18.12,715.6,1.7125,25.1,27.229,,
1990-11-30,5.2352,18.17,715.9,1.722,25.2,27.277,,
1990-12-03,5.2352,18.16,715.8,1.722,25.17,27.2495,,
1990-12-04,5.2352,18.11,715.2,1.723,25.22,27.2745,,
1990-12-05,5.2352,18.09,716.0,1.7195,25.19,27.2575,,
1990-12-06,5.2352,18.12,716.8,1.7185,25.21,27.223,,
1990-12-07,5.2352,18.1,717.1,1.718,25.21,27.19,,
1990-12-10,5.2352,18.09,717.7,1.7115,25.09,27.15,,
1990-12-11,5.2352,18.08,718.3,1.7145,25.12,27.15,,
1990-12-12,5.2352,18.06,718.3,1.714,25.14,27.155,,
1990-12-13,5.2352,18.09,718.5,1.711,25.12,27.12,,
1990-12-14,5.2352,18.11,719.1,1.715,25.14,27.112,,
1990-12-17,5.2352,18.14,719.8,1.716,25.18,,,
1990-12-18,5.2352,18.15,720.2,1.7225,25.18,27.114,,
1990-12-19,5.2352,18.16,720.2,1.728,25.16,27.112,,
1990-12-20,5.2352,18.18,720.3,1.736,25.19,27.1025,,
1990-12-21,5.2352,18.2,719.7,1.7435,25.27,,,
1990-12-24,5.2352,18.2,719.2,1.7435,25.28,,,
1990-12-26,5.2352,,719.9,1.755,25.28,27.1395,,
1990-12-27,5.2352,,720.4,1.7545,25.38,27.1125,,
1990-12-28,5.2352,18.12,719.8,1.7435,25.31,27.129,,
1990-12-31,5.2352,18.13,719.2,1.74,25.31,,,
1991-01-02,5.2352,18.1,,1.7435,25.23,,,
1991-01-03,5.2352,18.12,719.5,1.744,25.21,27.1,,
1991-01-04,5.2352,18.13,718.8,1.7515,25.2,27.12,,
1991-01-07,5.2352,18.17,719.5,1.758,25.27,27.12,,
1991-01-08,5.2352,18.22,719.9,1.76,25.32,27.14,,
1991-01-09,5.2352,18.2,720.2,1.7595,25.32,27.1645,,
1991-01-10,5.2352,18.24,720.3,1.7575,25.31,27.18,,
1991-01-11,5.2352,18.29,718.1,1.759,,27.1765,,
1991-01-14,5.2352,18.34,720.6,1.7645,25.32,27.255,,
1991-01-15,5.2352,18.39,721.1,1.764,25.31,27.381,,
1991-01-16,5.2352,18.38,721.3,1.768,25.33,27.3585,,
1991-01-17,5.2352,18.37,721.3,1.7455,25.3,27.26,,
1991-01-18,5.2352,18.37,721.4,1.7455,25.27,,,
1991-01-22,5.2352,18.41,721.8,1.732,25.18,,,
1991-01-23,5.2352,18.42,722.2,1.7345,25.2,,,
1991-01-24,5.2352,18.42,722.3,1.7265,25.17,,,
1991-01-25,5.2352,18.4,721.6,1.7265,25.19,,,
1991-01-28,5.2352,18.45,721.2,1.7265,25.2,,,
1991-01-29,5.2352,18.49,721.6,1.726,25.17,,,
1991-01-30,5.2352,18.6,722.0,1.729,25.19,27.106,,
1991-01-31,5.2352,18.61,721.8,1.733,25.18,,,
1991-02-01,5.2352,18.6,721.5,1.732,25.16,,,
1991-02-04,5.2352,18.59,722.2,1.719,25.16,,,
1991-02-05,5.2352,18.6,723.0,1.714,25.12,,,
1991-02-06,5.2352,18.58,722.9,1.7115,25.09,,,
1991-02-07,5.2352,18.69,721.4,1.712,25.05,27.1,,
1991-02-08,5.2352,18.76,723.9,1.713,25.06,,,
1991-02-11,5.2352,18.71,724.8,1.7095,25.04,,,
1991-02-12,5.2352,18.72,721.4,1.713,25.03,27.1175,,
1991-02-13,5.2352,18.75,721.4,1.706,25.07,,,
1991-02-14,5.2352,18.83,,1.7085,,,,
1991-02-15,5.2352,18.9,,1.7115,,,,
1991-02-19,5.2352,19.1,724.1,1.722,25.14,,,
1991-02-20,5.2352,19.1,725.0,1.721,25.18,,,
1991-02-21,5.2352,19.08,724.4,1.722,25.19,,,
1991-02-22,5.2352,19.05,724.8,1.718,25.17,,,
1991-02-25,5.2352,19.08,725.7,1.7275,25.22,,,
1991-02-26,5.2352,19.06,726.6,1.7265,25.24,,,
1991-02-27,5.2352,19.08,727.2,1.7285,25.25,,,
1991-02-28,5.2352,19.06,727.2,1.726,25.23,,,
1991-03-01,5.2352,19.08,,1.7305,25.27,,,
1991-03-04,5.2352,19.06,727.0,1.735,25.33,,,
1991-03-05,5.2352,19.04,727.9,1.7335,25.34,,,
1991-03-06,,19.03,727.7,1.746,25.38,,,
1991-03-07,,19.04,727.5,1.742,25.35,,,
1991-03-08,,19.09,727.6,1.745,25.36,,,
1991-03-11,5.2352,19.11,727.6,1.7477,25.45,,,
1991-03-12,5.2352,19.1,725.4,1.7435,25.46,,,
1991-03-13,5.2352,19.12,725.1,1.7465,25.42,,,
1991-03-14,5.2352,19.14,728.1,1.748,25.4,,,
1991-03-15,5.2352,19.16,727.9,1.752,25.43,27.2215,,
1991-03-18,5.2352,19.23,728.3,1.76,25.48,,,
1991-03-19,5.2352,19.3,728.7,1.768,25.53,27.275,,
1991-03-20,5.2352,19.35,728.9,1.771,25.55,27.29,,
1991-03-21,5.2352,19.3,728.6,1.77,25.52,27.275,,
1991-03-22,5.2352,19.21,728.1,1.769,25.49,27.27,,
1991-03-25,5.2352,19.38,728.4,1.771,25.52,,,
1991-03-26,5.2352,19.59,,1.784,25.58,,,
1991-03-27,5.2352,19.59,728.6,1.791,,27.3675,,
1991-03-28,5.2352,19.57,728.2,1.794,25.63,27.48,,
1991-03-29,5.2352,19.61,727.3,1.79,,,,
1991-04-01,5.2352,19.61,727.5,1.789,25.63,27.4575,,
1991-04-02,5.2352,19.66,727.9,1.7855,25.57,27.425,,
1991-04-03,5.2352,19.62,728.2,1.763,25.56,27.42,,
1991-04-04,5.2352,19.68,728.2,1.771,25.56,,,
1991-04-05,5.2352,19.7,,1.762,25.52,,,
1991-04-08,5.2352,19.82,728.6,1.77,,27.355,,
1991-04-09,5.2853,19.73,729.0,1.768,25.555,27.21,,
1991-04-10,5.2853,19.75,729.0,1.7575,25.48,27.1775,,
1991-04-11,5.2853,19.8,728.7,1.759,25.53,27.28,,
1991-04-12,5.2827,19.8,728.7,1.759,,27.2765,,
1991-04-15,5.2827,19.77,729.0,1.754,25.5,27.25,,
1991-04-16,5.2827,19.73,729.3,1.75,25.46,27.271,,
1991-04-17,5.2827,19.72,728.9,1.748,25.48,27.27,,
1991-04-18,5.289,19.9,728.0,1.758,25.515,27.3125,,
1991-04-19,5.2979,20.07,727.6,1.7775,25.605,27.376,,
1991-04-22,5.3083,20.25,728.4,1.783,25.66,27.41,,
1991-04-23,5.3036,20.23,729.1,1.7795,,27.3675,,
1991-04-24,5.3036,20.2,728.7,1.775,25.66,27.34,,
1991-04-25,5.3036,20.25,727.7,1.7785,25.665,27.36,,
1991-04-26,5.3036,20.23,727.5,1.7735,25.66,27.36,,
1991-04-29,5.3036,20.24,727.5,1.7845,25.71,27.3805,,
1991-04-30,,20.18,728.0,1.769,25.67,27.36,,
1991-05-01,5.3007,20.2,727.3,1.758,,27.285,,
1991-05-02,5.3007,20.21,727.3,1.766,25.63,27.31,,
1991-05-03,5.3007,20.21,726.4,1.7755,25.64,27.3,,
1991-05-06,5.3201,20.35,725.8,1.773,,27.3,,
1991-05-07,5.3201,20.38,726.3,1.766,25.68,27.31,,
1991-05-08,5.3201,20.35,727.0,1.7715,25.65,27.36,,
1991-05-09,5.3264,20.46,727.2,1.772,25.66,27.33,,
1991-05-10,5.3264,20.46,728.9,1.771,25.67,27.32,,
1991-05-13,5.3264,20.48,729.8,1.771,25.68,27.3225,,
1991-05-14,5.3264,20.48,730.4,1.771,25.67,27.301,,
1991-05-15,5.3201,20.44,730.7,1.765,25.62,27.306,,
1991-05-16,5.3201,20.48,729.6,1.765,25.6,27.2875,,
1991-05-17,5.3201,20.49,728.5,1.771,25.62,27.266,,
1991-05-20,5.3332,20.7,728.3,1.7735,25.69,27.28,,
1991-05-21,5.3332,20.65,,1.772,25.65,27.255,,
1991-05-22,5.3296,20.66,728.8,1.772,25.63,27.265,,
1991-05-23,5.3359,20.67,729.6,1.771,25.65,27.28,,
1991-05-24,5.3359,20.7,728.9,1.7685,25.64,27.25,,
1991-05-28,5.3359,20.69,728.0,1.769,,27.2475,,
1991-05-29,5.3359,20.69,727.2,1.763,25.62,27.225,,
1991-05-30,5.349,20.77,726.0,1.763,25.62,27.207,,
1991-05-31,5.349,20.89,725.8,1.7655,25.64,27.1875,,
1991-06-03,5.3537,21.0,725.4,1.7705,25.69,27.217,,
1991-06-04,5.3585,21.0,726.6,1.7715,25.71,27.195,,
1991-06-05,5.3585,21.01,728.9,1.772,25.71,27.171,,
1991-06-06,5.3585,21.0,,1.7755,25.72,27.16,,
1991-06-07,5.3585,21.06,728.7,1.7775,25.73,27.1625,,
1991-06-10,5.3674,21.01,728.9,1.7835,25.78,27.1855,,
1991-06-11,5.3674,21.03,729.9,1.782,25.79,27.1845,,
1991-06-12,5.3674,20.94,729.4,1.788,25.79,27.1805,,
1991-06-13,5.3737,21.0,722.9,1.79,25.83,27.1905,,
1991-06-14,,20.99,726.8,1.786,25.82,27.191,,
1991-06-17,5.3737,21.16,726.1,1.7885,25.82,,,
1991-06-18,5.3737,21.16,728.4,1.793,25.8,27.155,,
1991-06-19,5.3737,21.14,728.4,1.788,25.82,27.17,,
1991-06-20,5.369,21.09,,1.7755,25.79,27.18,,
1991-06-21,5.369,21.08,728.0,1.776,25.78,27.177,,
1991-06-24,5.369,21.15,723.9,1.778,25.78,27.155,,
1991-06-25,5.369,21.12,731.4,1.768,25.74,27.134,,
1991-06-26,5.369,21.09,732.1,1.7675,25.75,27.116,,
1991-06-27,5.369,21.08,730.3,1.763,25.73,27.12,,
1991-06-28,5.369,21.13,727.4,1.77,25.73,27.1095,,
1991-07-01,5.369,23.09,725.9,1.7677,25.77,,,
1991-07-02,5.3784,23.12,728.1,1.77,25.77,26.91,,
1991-07-03,5.3847,26.28,730.3,1.772,,27.03,,
1991-07-05,5.3847,26.07,731.7,1.767,25.79,27.025,,
1991-07-08,5.3789,25.86,732.5,1.7625,25.77,27.059,,
1991-07-09,5.3742,25.86,733.2,1.7585,25.77,27.04,,
1991-07-10,5.3742,25.92,734.1,1.7605,25.77,27.06,,
1991-07-11,5.3742,25.89,734.3,1.7585,25.78,27.0175,,
1991-07-12,5.3742,25.88,734.5,1.751,25.81,27.0645,,
1991-07-15,5.3679,25.9,734.4,1.751,25.73,27.041,,
1991-07-16,5.3679,25.96,734.8,1.7525,25.72,27.025,,
1991-07-17,5.3679,25.96,734.8,1.753,25.74,27.0125,,
1991-07-18,5.3679,25.87,734.5,1.751,25.74,26.968,,
1991-07-19,5.3679,25.87,731.1,1.751,25.73,26.96,,
1991-07-22,5.3605,25.77,734.2,1.752,25.68,26.935,,
1991-07-23,5.3605,25.78,733.5,1.7505,25.73,26.962,,
1991-07-24,5.3605,25.75,732.4,1.747,25.72,26.945,,
1991-07-25,,25.69,730.0,1.751,25.71,26.9257,,
1991-07-26,5.3605,25.72,728.0,1.751,25.76,26.9135,,
1991-07-29,5.3605,25.76,728.4,1.75,25.7,26.9175,,
1991-07-30,5.3605,25.72,729.1,1.748,25.72,26.9,,
1991-07-31,5.3605,25.76,729.0,1.7445,25.74,26.9045,,
1991-08-01,5.3605,25.74,728.7,1.742,25.72,26.84,,
1991-08-02,5.3605,25.9,729.4,1.743,25.74,26.8,,
1991-08-05,5.3605,25.72,729.6,1.7315,25.72,26.746,,
1991-08-06,5.3568,25.57,730.9,1.7255,25.69,26.75,,
1991-08-07,5.3568,25.64,731.0,1.727,25.67,26.778,,
1991-08-08,5.3568,25.57,730.9,1.7225,25.64,26.7805,,
1991-08-09,5.3618,25.74,731.7,1.722,25.68,26.7215,,
1991-08-12,5.3618,25.89,732.8,1.723,25.7,26.73,,
1991-08-13,5.3618,25.82,735.1,1.722,25.67,26.705,,
1991-08-14,5.3618,26.02,736.8,1.722,25.7,26.71,,
1991-08-15,5.3618,25.99,736.8,1.722,25.7,26.7135,,
1991-08-16,5.3696,25.96,736.8,1.7265,25.73,26.707,,
1991-08-19,5.3785,26.0,734.2,1.741,25.74,26.7125,,
1991-08-20,5.3936,26.0,737.3,1.74,25.82,26.74,,
1991-08-21,5.3888,25.94,736.5,1.7255,25.79,26.706,,
1991-08-22,5.3862,25.95,734.1,1.7235,25.73,26.7,,
1991-08-23,5.3862,25.94,733.7,1.7235,,26.7025,,
1991-08-26,5.3862,,734.8,1.7238,,26.7035,,
1991-08-27,5.3862,25.94,736.1,1.7235,25.73,26.705,,
1991-08-28,5.3862,25.87,735.9,1.723,25.75,26.7,,
1991-08-29,5.3862,25.74,736.1,1.7195,25.73,26.7,,
1991-08-30,5.3862,25.82,736.7,1.7195,25.74,26.7,,
1991-09-03,5.3862,25.83,740.2,1.7185,25.72,26.68,,
1991-09-04,5.3862,25.76,744.2,1.7185,25.7,26.6025,,
1991-09-05,5.3862,25.79,743.8,1.719,25.68,26.5105,,
1991-09-06,5.3862,25.82,743.4,1.717,25.7,26.52,,
1991-09-09,5.3862,25.79,744.6,1.7035,25.64,26.565,,
1991-09-10,5.3835,25.77,746.2,1.7035,25.62,26.58,,
1991-09-11,5.3835,25.79,744.9,1.7035,25.62,26.57,,
1991-09-12,5.3835,25.78,743.9,1.699,25.6,26.545,,
1991-09-13,5.3835,25.8,744.6,1.6995,25.61,26.545,,
1991-09-16,,25.85,745.3,1.698,25.6,26.483,,
1991-09-17,5.3835,25.96,745.5,1.6945,25.57,26.485,,
1991-09-18,,25.89,741.7,1.6935,25.58,26.501,,
1991-09-19,5.3899,25.89,739.7,1.694,25.6,26.61,,
1991-09-20,5.3899,25.92,742.0,1.696,25.62,26.65,,
1991-09-23,5.3899,25.89,,1.689,,,,
1991-09-24,5.3899,25.87,745.2,1.6915,25.55,26.58,,
1991-09-25,5.3899,25.83,747.0,1.6935,25.57,26.6,,
1991-09-26,5.3899,25.8,744.9,1.6925,25.57,26.5825,,
1991-09-27,5.3899,25.87,746.4,1.695,,26.53,,
1991-09-30,,25.77,745.9,1.685,25.56,26.475,,
1991-10-01,5.3899,25.77,746.0,1.689,25.56,26.49,,
1991-10-02,5.3899,25.74,747.5,1.6868,25.56,26.4805,,
1991-10-03,5.3899,25.76,,1.6885,25.56,26.46,,
1991-10-04,5.3854,25.72,,1.69,25.5,26.42,,
1991-10-07,5.3854,25.75,751.4,1.6905,,26.38,,
1991-10-08,5.3854,25.83,755.4,1.694,25.5,26.48,,
1991-10-09,5.3944,25.8,755.4,1.697,25.55,26.425,,
1991-10-10,5.3944,25.8,755.0,1.6935,25.45,,,
1991-10-11,5.3944,25.78,755.2,1.693,25.54,,,
1991-10-15,5.3944,25.82,754.6,1.696,25.52,26.38,,
1991-10-16,5.3944,25.82,754.3,1.695,,26.376,,
1991-10-17,,25.8,754.0,1.6945,25.53,26.415,,
1991-10-18,5.3944,25.8,754.7,1.695,25.51,26.41,,
1991-10-21,5.3944,25.8,753.9,1.6945,,26.396,,
1991-10-22,5.3944,25.84,752.6,1.696,25.55,26.414,,
1991-10-23,5.3944,25.8,752.5,1.698,25.58,26.375,,
1991-10-24,5.3944,25.79,754.5,1.6945,25.59,26.3715,,
1991-10-25,5.3944,25.79,754.8,1.697,25.59,,,
1991-10-28,,25.8,754.9,1.7015,25.61,26.386,,
1991-10-29,5.3807,25.79,754.7,1.698,25.64,26.365,,
1991-10-30,5.3944,25.9,754.6,1.694,25.62,26.28,,
1991-10-31,5.3944,25.84,754.8,1.692,25.59,,,
1991-11-01,,25.85,756.4,1.689,25.58,26.2525,,
1991-11-04,5.3944,25.8,757.3,1.67,25.52,26.16,,
1991-11-05,5.3944,25.79,757.7,1.674,25.51,26.179,,
1991-11-06,,25.79,756.2,1.6805,25.53,,,
1991-11-07,,25.82,756.0,1.6784,25.51,26.1325,,
1991-11-08,5.3975,25.84,756.8,1.682,25.53,26.1165,,
1991-11-12,,25.8,756.6,1.679,25.52,,,
1991-11-13,,25.8,756.7,1.678,25.51,26.024,,
1991-11-14,5.4002,25.8,755.8,1.675,25.5,25.9,,
1991-11-15,5.3976,25.8,756.4,1.674,25.5,25.92,,
1991-11-18,5.3976,25.79,757.0,1.6645,25.46,25.9445,,
1991-11-19,5.3976,25.8,757.4,1.6665,,25.955,,
1991-11-20,5.3976,25.79,757.3,1.6645,25.48,25.965,,
1991-11-21,5.3955,25.78,758.5,1.664,25.48,25.934,,
1991-11-22,5.402,25.8,759.3,1.662,25.48,25.92,,
1991-11-25,5.402,25.77,759.4,1.6555,25.43,25.85,,
1991-11-26,5.402,25.8,758.9,1.652,25.43,25.785,,
1991-11-27,5.402,25.82,758.6,1.669,25.47,25.77,,
1991-11-29,5.4115,25.8,759.0,1.6685,25.5,25.7725,,
1991-12-02,5.4115,25.78,759.0,1.658,25.48,25.775,,
1991-12-03,5.4115,25.8,758.9,1.6635,25.49,25.825,,
1991-12-04,5.4115,25.79,758.7,1.66,25.47,25.7775,,
1991-12-05,5.4115,25.81,759.1,1.658,,25.77,,
1991-12-06,5.4115,25.86,759.6,1.652,25.42,25.7725,,
1991-12-09,5.4115,25.83,759.5,1.6485,25.42,25.7525,,
1991-12-10,5.4115,25.86,760.4,1.651,25.37,25.751,,
1991-12-11,5.4207,25.86,761.0,1.654,25.42,25.7525,,
1991-12-12,5.4207,25.86,761.4,1.654,25.42,25.75,,
1991-12-13,5.4207,25.83,761.1,1.657,25.42,25.75,,
1991-12-16,5.4299,25.84,761.8,1.649,25.43,25.7525,,
1991-12-17,5.4261,25.83,762.5,1.646,25.4,25.75,,
1991-12-18,5.4261,25.81,762.7,1.648,,25.75,,
1991-12-19,5.4261,25.79,762.7,1.6445,,25.75,,
1991-12-20,5.4261,25.79,762.9,1.64,,25.75,,
1991-12-23,5.4261,25.82,763.2,1.628,,25.75,,
1991-12-24,5.4292,25.85,763.5,1.63,,25.7525,,
1991-12-26,5.4292,,763.3,1.631,,25.75,,
1991-12-27,5.4292,25.8,764.0,1.627,,25.7525,,
1991-12-30,5.4478,25.79,764.7,1.631,,25.7505,,
1991-12-31,5.4478,25.76,765.3,1.621,,25.7475,,
1992-01-02,5.4478,25.79,765.3,1.626,25.25,,,
1992-01-03,5.4559,25.81,765.3,1.63,25.25,,,
1992-01-06,5.4559,25.79,763.5,1.626,25.25,25.51,,
1992-01-07,5.4494,25.79,763.8,1.625,25.2,25.15,,
1992-01-08,5.4494,25.79,765.5,1.622,25.2,25.254,,
1992-01-09,5.4494,25.82,766.1,1.6272,25.22,25.135,,
1992-01-10,5.4591,25.81,767.1,1.6365,25.22,25.2595,,
1992-01-13,5.4646,25.8,766.9,1.638,25.36,25.2275,,
1992-01-14,5.4646,25.81,767.5,1.6345,25.36,25.21,,
1992-01-15,5.4646,25.86,767.5,1.648,25.38,25.195,,
1992-01-16,5.4686,25.84,767.7,1.644,25.45,25.177,,
1992-01-17,5.4686,25.94,767.9,1.643,25.45,25.1875,,
1992-01-21,5.4641,25.88,768.2,1.63,25.34,25.135,,
1992-01-22,5.4641,25.86,768.8,1.633,25.34,25.1295,,
1992-01-23,5.4641,25.88,769.0,1.634,25.32,25.135,,
1992-01-24,5.4668,25.98,769.1,1.6385,25.36,25.08,,
1992-01-27,5.4668,25.95,769.0,1.635,25.39,25.015,,
1992-01-28,5.4686,25.94,769.0,1.633,25.38,25.0,,
1992-01-29,5.4686,25.92,768.1,1.633,25.38,25.005,,
1992-01-30,5.4686,25.91,767.1,1.634,25.39,25.01,,
1992-01-31,5.4686,25.95,766.5,1.638,25.4,25.035,,
1992-02-03,5.4686,25.84,766.8,1.629,25.4,,,
1992-02-04,5.4686,25.81,,1.627,,,,
1992-02-05,5.4686,25.8,766.8,1.626,,,,
1992-02-06,5.4686,25.8,766.8,1.626,,,,
1992-02-07,5.4686,25.8,768.3,1.622,25.36,25.0,,
1992-02-10,5.4616,25.82,768.8,1.6205,25.34,25.0145,,
1992-02-11,5.4709,25.91,769.5,1.628,25.38,25.02,,
1992-02-12,5.4802,25.94,769.5,1.632,25.4,25.009,,
1992-02-13,5.4837,25.92,768.5,1.641,25.43,24.9705,,
1992-02-14,5.4837,25.9,768.8,1.6375,25.46,24.99,,
1992-02-18,5.4837,25.91,769.9,1.6465,25.44,25.0275,,
1992-02-19,5.4837,27.0,770.9,1.6445,25.48,25.065,,
1992-02-20,5.4837,26.55,771.0,1.6435,25.51,25.075,,
1992-02-21,5.4837,26.4,772.0,1.6445,25.52,25.0605,,
1992-02-24,5.4837,25.9,772.5,1.646,25.53,25.0705,,
1992-02-25,5.4837,25.85,772.8,1.642,25.53,25.079,,
1992-02-26,5.4837,25.75,771.6,1.646,25.56,25.0825,,
1992-02-27,5.483,25.75,771.9,1.64,25.53,25.11,,
1992-02-28,5.483,26.2,772.4,1.6438,25.53,25.1545,,
1992-03-02,5.483,26.3,772.4,1.6435,25.53,25.191,,
1992-03-03,5.483,27.9,773.2,1.647,25.54,25.277,,
1992-03-04,5.4887,27.9,772.8,1.649,25.6,25.296,,
1992-03-05,5.4887,28.05,772.9,1.655,25.61,25.266,,
1992-03-06,5.4887,27.9,772.9,1.6585,,,,
1992-03-09,5.4887,27.95,772.8,1.6638,,25.275,,
1992-03-10,5.4887,27.8,,1.6695,25.61,25.2725,,
1992-03-11,5.4887,27.85,773.6,1.6755,,25.3295,,
1992-03-12,5.4864,28.1,774.1,1.6805,25.68,25.347,,
1992-03-13,5.4892,28.2,774.6,1.671,25.69,25.3695,,
1992-03-16,5.4892,28.58,775.3,1.665,25.68,25.439,,
1992-03-17,5.4892,28.48,776.0,1.645,25.68,25.4525,,
1992-03-18,5.4837,28.6,775.7,1.652,25.63,25.48,,
1992-03-19,5.4837,28.6,777.0,1.6575,25.63,25.47,,
1992-03-20,5.4929,28.75,778.0,1.666,25.68,25.49,,
1992-03-23,5.4929,29.25,777.9,1.6655,25.7,25.562,,
1992-03-24,5.4929,29.25,,1.656,25.65,25.555,,
1992-03-25,5.4887,29.0,778.4,1.657,25.66,25.5,,
1992-03-26,5.4837,29.0,778.6,1.6615,25.63,25.51,,
1992-03-27,5.4837,29.05,778.6,1.666,25.66,25.54,,
1992-03-30,5.4812,28.7,779.0,1.662,25.62,,,
1992-03-31,5.4812,29.1,779.7,1.656,25.62,25.508,,
1992-04-01,5.4812,29.0,779.6,1.661,25.62,25.45,,
1992-04-02,5.4812,28.95,779.6,1.6585,25.68,25.5,,
1992-04-03,5.4812,29.0,779.6,1.651,25.66,,,
1992-04-06,5.4812,29.0,780.3,1.6525,25.66,25.46,,
1992-04-07,5.4812,28.9,781.5,1.6535,25.62,25.405,,
1992-04-08,5.4812,29.05,783.0,1.6515,25.61,25.235,,
1992-04-09,5.4792,29.0,782.9,1.654,25.62,25.265,,
1992-04-10,5.4792,29.0,784.0,1.652,25.59,25.299,,
1992-04-13,5.5077,29.05,784.3,1.658,25.61,25.3,,
1992-04-14,5.5077,28.95,784.9,1.653,25.61,25.308,,
1992-04-15,5.5328,28.97,785.2,1.6555,25.63,25.255,,
1992-04-16,5.5328,28.98,785.1,1.664,25.65,25.29,,
1992-04-17,5.5328,28.99,784.3,1.663,,25.2945,,
1992-04-20,5.5328,,782.2,,,,,
1992-04-21,5.5328,28.7,782.4,1.66,25.68,25.3075,,
1992-04-22,5.5328,28.85,783.9,1.6585,25.68,25.26,,
1992-04-23,5.5328,28.78,784.7,1.6615,25.66,25.263,,
1992-04-24,5.5254,28.75,784.5,1.659,25.68,25.2695,,
1992-04-27,5.5254,28.8,783.2,1.6545,25.68,25.27,,
1992-04-28,5.5254,28.7,783.6,1.6555,25.65,25.2695,,
1992-04-29,5.5239,28.7,783.9,1.655,25.64,25.236,,
1992-04-30,5.5239,28.7,783.4,1.6595,25.64,25.2215,,
1992-05-01,,28.4,783.0,1.653,,25.181,,
1992-05-04,5.5239,28.6,783.1,1.6545,25.61,25.15,,
1992-05-05,5.5239,28.7,,1.651,25.61,25.122,,
1992-05-06,5.5388,28.7,785.2,1.6515,25.61,25.07,,
1992-05-07,5.5338,28.7,786.9,1.6515,25.6,25.03,,
1992-05-08,5.5338,28.7,787.0,1.65,25.595,25.115,,
1992-05-11,5.5288,28.35,787.3,1.6505,25.63,25.0675,,
1992-05-12,5.5288,28.45,788.1,1.643,25.63,25.0625,,
1992-05-13,5.5138,28.35,786.7,1.64,25.55,24.91,,
1992-05-14,5.5138,28.3,787.1,1.638,25.51,24.962,,
1992-05-15,5.5138,28.4,787.8,1.64,25.54,24.975,,
1992-05-18,5.5138,28.45,788.3,1.633,25.53,25.0,,
1992-05-19,5.5138,28.2,789.4,1.632,25.49,25.002,,
1992-05-20,5.5138,28.25,788.1,1.6298,25.51,24.9945,,
1992-05-21,5.5138,28.53,787.5,1.6328,25.51,24.9775,,
1992-05-22,5.5138,28.65,788.7,1.6357,25.51,24.9965,,
1992-05-26,5.5087,28.78,789.6,1.6295,25.49,24.944,,
1992-05-27,5.5048,28.82,790.1,1.635,25.49,24.918,,
1992-05-28,5.5048,28.75,787.9,1.637,25.54,24.9275,,
1992-05-29,5.5048,28.75,787.9,1.6287,25.49,24.91,,
1992-06-01,5.5003,28.7,788.2,1.627,25.42,24.905,,
1992-06-02,5.4937,28.65,789.8,1.6325,25.44,24.93,,
1992-06-03,5.4937,28.7,790.9,1.6295,25.44,24.935,,
1992-06-04,5.4987,28.7,791.1,1.628,25.46,24.9165,,
1992-06-05,5.4987,28.68,792.0,1.626,25.43,,,
1992-06-08,5.4937,28.7,792.4,1.6275,25.42,24.905,,
1992-06-09,5.4937,28.45,792.3,1.627,25.42,,,
1992-06-10,5.4937,28.45,791.8,1.627,25.44,24.729,,
1992-06-11,5.4937,28.45,793.5,1.627,25.44,24.755,,
1992-06-12,5.4937,28.45,794.0,1.622,25.39,24.7425,,
1992-06-15,5.4937,28.45,794.0,1.622,25.39,24.737,,
1992-06-16,5.4884,28.45,794.3,1.6252,25.4,24.74,,
1992-06-17,5.4884,28.45,795.0,1.6233,25.37,24.759,,
1992-06-18,5.4884,28.45,795.6,1.6222,25.37,24.735,,
1992-06-19,5.4884,28.38,796.1,1.6228,25.41,24.729,,
1992-06-22,5.4884,28.3,796.1,1.6203,25.42,24.7425,,
1992-06-23,5.4884,28.35,796.3,1.623,25.39,24.733,,
1992-06-24,5.4837,28.3,795.3,1.6205,25.4,24.7225,,
1992-06-25,5.4758,28.4,795.6,1.6205,25.38,24.699,,
1992-06-26,5.4758,28.45,795.1,1.6188,25.33,24.645,,
1992-06-29,5.4758,28.8,794.9,1.6183,25.33,24.68,,
1992-06-30,5.4758,28.7,794.9,1.6178,25.3,24.65,,
1992-07-01,5.4758,28.65,793.2,1.618,,,,
1992-07-02,5.4758,28.55,791.2,1.618,25.3,24.62,,
1992-07-03,5.4758,28.5,789.4,1.617,25.27,24.52,,
1992-07-06,5.4758,28.58,788.8,1.613,25.31,24.6,,
1992-07-07,5.4758,28.6,789.9,1.614,25.27,24.5495,,
1992-07-08,5.4758,28.65,789.3,1.615,25.24,24.53,,
1992-07-09,5.4636,28.65,789.6,1.6152,25.27,24.507,,
1992-07-10,5.472,28.65,783.7,1.616,25.32,24.598,,
1992-07-13,5.4721,28.65,790.2,1.6115,25.27,24.78,,
1992-07-14,5.4721,28.65,790.5,1.613,25.26,24.85,,
1992-07-15,5.4721,28.65,790.8,1.6115,25.25,24.91,,
1992-07-16,5.4721,28.65,791.0,1.6088,25.27,24.81,,
1992-07-17,5.4421,28.55,,1.6107,25.26,24.77,,
1992-07-20,5.4471,28.55,789.5,1.614,25.22,24.799,,
1992-07-21,5.4471,28.55,789.8,1.614,25.29,24.829,,
1992-07-22,5.4421,28.5,790.0,1.6133,25.29,24.8415,,
1992-07-23,5.4383,28.45,789.7,1.6152,25.32,24.9125,,
1992-07-24,5.4335,28.52,789.9,1.6175,25.32,24.942,,
1992-07-27,5.4335,28.5,790.5,1.6163,25.36,24.988,,
1992-07-28,5.4335,28.48,791.4,1.6145,25.35,24.985,,
1992-07-29,5.4335,28.48,791.3,1.6132,25.32,24.972,,
1992-07-30,5.4335,28.48,787.5,1.6147,25.35,24.947,,
1992-07-31,5.4335,28.48,791.2,1.6128,25.34,24.96,,
1992-08-03,5.4335,28.45,790.3,1.611,25.3125,24.96,,
1992-08-04,5.4483,28.45,791.8,1.6112,25.31,24.97,,
1992-08-05,5.4483,28.45,792.7,1.6118,25.31,25.02,,
1992-08-06,5.4622,28.42,792.3,1.6118,25.33,25.0755,,
1992-08-07,,28.42,792.3,1.6115,25.34,25.119,,
1992-08-10,,28.42,791.9,1.61,25.3125,25.12,,
1992-08-11,5.4587,28.45,793.4,1.611,25.32,25.11,,
1992-08-12,5.4587,28.4,793.1,1.6102,25.32,25.142,,
1992-08-13,5.4587,28.45,792.7,1.6103,25.31,25.15,,
1992-08-14,5.4548,28.45,793.3,1.6115,25.28,25.1295,,
1992-08-17,,28.45,793.8,1.6112,25.29,25.13,,
1992-08-18,5.4548,28.45,794.7,1.6105,25.27,25.195,,
1992-08-19,5.4548,28.48,794.6,1.6095,25.26,25.205,,
1992-08-20,5.4548,28.48,793.8,1.6097,25.26,25.185,,
1992-08-21,5.4436,28.48,793.8,1.607,25.26,25.1725,,
1992-08-24,5.4199,28.48,793.9,1.6025,25.21,25.135,,
1992-08-25,5.4199,28.48,793.3,1.6025,25.17,25.1585,,
1992-08-26,5.4199,28.48,791.6,1.6,25.18,25.16,,
1992-08-27,5.4199,28.5,789.9,1.6,25.18,25.154,,
1992-08-28,5.4199,28.63,789.9,1.5992,25.19,25.135,,
1992-08-31,5.4199,,790.7,1.5985,25.15,25.1,,
1992-09-01,5.4199,28.48,788.9,1.595,25.13,25.111,,
1992-09-02,5.4124,28.48,788.3,1.5939,25.11,25.087,,
1992-09-03,5.4437,28.48,788.6,1.5945,25.12,25.1,,
1992-09-04,5.4788,28.48,789.2,1.598,25.16,25.146,,
1992-09-08,5.4788,28.48,788.1,1.5913,25.15,25.15,,
1992-09-09,5.4788,28.48,,1.593,25.11,25.18,,
1992-09-10,5.5125,28.45,,1.5945,25.15,25.2475,,
1992-09-11,5.5166,28.45,,1.5965,25.21,,,
1992-09-14,5.5236,28.48,787.4,1.5972,25.27,25.34,,
1992-09-15,5.5236,28.48,789.1,1.6,25.23,25.258,,
1992-09-16,5.5338,28.48,789.1,1.604,25.27,25.274,,
1992-09-17,5.5391,28.48,787.6,1.6005,25.35,25.294,,
1992-09-18,5.5288,28.48,787.4,1.6087,25.3,25.281,,
1992-09-21,,28.48,787.7,1.606,25.285,25.278,,
1992-09-22,5.5348,28.48,788.8,1.603,25.29,25.284,,
1992-09-23,5.5348,28.48,789.1,1.6025,25.26,25.2855,,
1992-09-24,5.5328,28.48,789.1,1.602,25.25,25.283,,
1992-09-25,5.5328,28.48,789.2,1.603,25.22,25.276,,
1992-09-28,5.5328,28.48,789.5,1.6035,25.22,,,
1992-09-29,5.5227,28.45,790.9,1.596,25.17,25.2475,,
1992-09-30,5.514,28.48,789.7,1.591,25.13,25.189,,
1992-10-01,5.514,28.48,788.3,1.592,25.15,25.1605,,
1992-10-02,5.514,28.48,787.8,1.592,25.15,25.1855,,
1992-10-05,5.514,28.48,788.7,1.59,25.11,25.2065,,
1992-10-06,,28.45,789.7,1.591,,25.23,,
1992-10-07,5.5416,28.45,787.9,1.5933,25.13,25.2395,,
1992-10-08,5.5456,28.45,787.0,1.6002,25.2,25.254,,
1992-10-09,5.5539,28.45,787.3,1.606,25.24,25.267,,
1992-10-13,5.5539,28.45,787.8,1.6112,25.24,25.246,,
1992-10-14,5.5539,28.45,787.4,1.6122,25.24,25.25,,
1992-10-15,5.5539,28.45,786.2,1.6052,25.23,25.245,,
1992-10-16,5.5539,28.48,785.9,1.6082,25.22,25.27,,
1992-10-19,5.5539,28.5,786.1,1.6105,25.23,25.2865,,
1992-10-20,5.5634,28.5,785.5,1.615,25.29,25.3055,,
1992-10-21,5.5654,28.48,785.1,1.6152,25.345,25.32,,
1992-10-22,5.5654,28.48,786.0,1.615,25.32,25.3145,,
1992-10-23,5.5654,28.58,785.9,1.616,25.28,25.325,,
1992-10-26,5.5654,28.48,785.8,1.622,25.31,,,
1992-10-27,,28.48,786.4,1.6172,25.33,25.3725,,
1992-10-28,,28.48,786.5,1.618,25.33,25.3505,,
1992-10-29,,28.48,785.7,1.617,25.33,25.37,,
1992-10-30,,28.48,785.6,1.622,25.39,25.361,,
1992-11-02,5.5684,28.48,785.5,1.6268,25.41,25.3725,,
1992-11-03,5.5789,28.45,785.2,1.62,25.43,25.392,,
1992-11-04,5.5789,28.45,785.1,1.626,25.405,25.3875,,
1992-11-05,5.5789,28.45,785.1,1.6302,25.39,25.3875,,
1992-11-06,,28.45,785.2,1.634,25.425,25.44,,
1992-11-09,,28.48,785.1,1.6345,25.44,25.415,,
1992-11-10,5.5942,28.47,785.6,1.639,25.47,25.4525,,
1992-11-12,5.5942,28.45,785.5,1.639,25.46,,,
1992-11-13,5.5881,28.45,785.2,1.6335,25.46,25.0,,
1992-11-16,5.5881,28.45,785.5,1.6383,25.45,25.44,,
1992-11-17,5.5881,28.48,786.5,1.6385,25.51,25.4565,,
1992-11-18,5.5881,28.48,788.2,1.6347,25.5,25.4415,,
1992-11-19,5.624,28.48,789.5,1.6347,25.48,25.42,,
1992-11-20,5.6741,28.48,789.3,1.6365,25.46,25.4175,,
1992-11-23,,28.48,790.6,1.6352,25.5,25.456,,
1992-11-24,,28.45,791.4,1.634,25.48,25.455,,
1992-11-25,,28.5,789.6,1.6324,25.47,25.45,,
1992-11-27,5.7097,28.53,788.5,1.6372,25.51,25.445,,
1992-11-30,5.7341,28.54,788.2,1.6375,25.52,25.452,,
1992-12-01,5.7531,28.6,787.8,1.6365,25.525,25.449,,
1992-12-02,5.7531,28.75,788.4,1.6355,25.53,25.441,,
1992-12-03,5.7531,28.75,789.1,1.6398,25.5,,,
1992-12-04,5.8019,28.95,788.5,1.643,25.51,25.4475,,
1992-12-07,5.8019,29.05,789.4,1.6405,25.49,25.46,,
1992-12-08,5.8396,29.05,791.1,1.639,25.47,25.456,,
1992-12-09,5.8396,29.08,792.4,1.6395,25.44,25.46,,
1992-12-10,,29.1,792.6,1.639,25.46,25.46,,
1992-12-11,5.8596,29.16,792.2,1.6387,25.47,25.465,,
1992-12-14,5.8596,29.06,793.3,1.64,25.47,25.465,,
1992-12-15,5.9007,29.0,794.1,1.64,25.48,25.4685,,
1992-12-16,,29.0,793.6,1.639,25.48,25.467,,
1992-12-17,5.9007,28.98,792.4,1.6375,25.45,25.465,,
1992-12-18,5.8646,29.0,792.4,1.6405,25.445,25.467,,
1992-12-21,,29.0,791.9,1.638,25.46,25.4665,,
1992-12-22,5.7995,29.0,794.0,1.637,25.44,25.445,,
1992-12-23,5.7995,29.0,793.7,1.639,25.48,25.44,,
1992-12-24,,29.0,792.5,1.64,25.5,,,
1992-12-28,5.7662,29.0,792.3,1.641,25.5,25.4375,,
1992-12-29,5.7662,29.0,792.8,1.643,25.565,25.4375,,
1992-12-30,5.7662,29.0,792.4,1.641,25.53,25.43,,
1992-12-31,5.7662,29.0,791.5,1.645,25.53,25.4025,,
1993-01-04,5.7662,29.0,789.7,1.652,25.54,,,
1993-01-05,5.7662,29.0,791.3,1.6545,25.57,25.405,,
1993-01-06,5.7744,29.0,793.4,1.6608,25.535,25.4265,,
1993-01-07,5.7744,29.0,794.2,1.6585,25.55,25.4105,,
1993-01-08,5.7744,29.0,795.0,1.662,25.56,25.4225,,
1993-01-11,5.7744,29.02,795.6,1.6588,25.56,25.45,,
1993-01-12,5.7744,29.0,795.1,1.657,25.54,25.445,,
1993-01-13,,29.0,794.2,1.6585,25.56,25.441,,
1993-01-14,5.7744,29.0,795.3,1.658,25.54,25.45,,
1993-01-15,,29.0,796.4,1.6585,25.56,25.436,,
1993-01-19,5.7744,29.0,795.8,1.656,25.53,25.499,,
1993-01-20,5.7744,29.0,794.2,1.6578,25.53,,,
1993-01-21,5.7894,29.0,794.5,1.6565,25.5,,,
1993-01-22,5.7894,29.0,,1.6465,25.52,,,
1993-01-25,5.7894,29.05,795.6,1.645,25.49,,,
1993-01-26,5.7894,29.05,797.3,1.6405,25.44,,,
1993-01-27,5.7894,29.2,797.4,1.6363,25.46,25.51,,
1993-01-28,5.7894,29.3,796.5,1.638,25.47,25.49,,
1993-01-29,5.7894,29.2,796.2,1.646,25.49,25.4895,,
1993-02-01,5.7894,29.35,797.1,1.6488,25.55,25.487,,
1993-02-02,5.7894,29.35,798.9,1.6498,25.57,25.547,,
1993-02-03,,29.55,799.3,1.649,25.55,25.56,,
1993-02-04,,29.6,799.1,1.6512,25.55,25.615,,
1993-02-05,5.8,29.9,799.1,1.65,25.61,25.735,,
1993-02-08,5.8,29.9,800.5,1.6505,25.6,26.01,,
1993-02-09,5.8,30.05,801.1,1.6478,25.58,25.963,,
1993-02-10,5.8,30.2,800.8,1.6478,25.54,25.948,,
1993-02-11,5.8,30.5,799.7,1.6472,25.56,25.935,,
1993-02-12,5.8,30.4,795.6,1.65,25.51,25.935,,
1993-02-16,5.8,30.2,799.8,1.6475,25.53,25.9775,,
1993-02-17,5.8,30.05,800.2,1.643,25.48,25.96,,
1993-02-18,5.7995,30.18,799.7,1.6415,25.48,25.9545,,
1993-02-19,5.7694,30.18,799.9,1.6445,25.455,25.943,,
1993-02-22,,30.28,800.0,1.6417,25.415,25.946,,
1993-02-23,,30.28,799.4,1.641,25.38,25.9455,,
1993-02-24,5.7546,30.18,798.6,1.641,25.4,25.895,,
1993-02-25,5.7546,30.38,798.4,1.6422,25.44,25.7955,,
1993-02-26,5.7546,30.27,798.6,1.646,25.445,25.7525,,
1993-03-01,5.7546,33.5,798.0,1.645,25.47,25.8505,,
1993-03-02,5.7546,32.8,798.0,1.644,25.46,25.89,,
1993-03-03,5.7443,32.3,797.5,1.643,25.425,25.8915,,
1993-03-04,5.7443,32.3,797.6,1.6435,25.41,25.84,,
1993-03-05,5.7443,32.1,796.5,1.646,25.4,25.857,,
1993-03-08,5.7443,32.0,795.9,1.647,25.47,25.9,,
1993-03-09,5.7443,31.8,795.9,1.6475,25.41,25.939,,
1993-03-10,5.7443,31.8,795.9,1.649,25.46,25.98,,
1993-03-11,5.7443,31.9,795.2,1.648,25.48,,,
1993-03-12,5.7443,31.8,796.6,1.6465,25.455,25.9815,,
1993-03-15,5.7624,31.8,796.8,1.6458,25.48,26.075,,
1993-03-16,5.7624,31.9,795.3,1.646,25.47,26.1,,
1993-03-17,5.7624,31.8,795.4,1.6452,25.435,26.115,,
1993-03-18,5.7624,31.8,796.0,1.6455,25.435,26.1075,,
1993-03-19,5.7442,31.75,795.8,1.642,25.39,26.115,,
1993-03-22,5.7442,31.75,796.0,1.6418,25.39,26.125,,
1993-03-23,5.7442,31.75,796.0,1.6425,25.39,26.12,,
1993-03-24,5.7333,31.75,796.2,1.6438,25.39,26.135,,
1993-03-25,5.7333,31.75,796.2,1.645,25.39,26.13,,
1993-03-26,5.7333,31.75,796.4,1.6455,25.42,26.13,,
1993-03-29,5.7333,31.5,796.4,1.6415,25.38,,,
1993-03-30,5.7333,31.5,796.9,1.6415,25.39,26.16,,
1993-03-31,5.7333,31.5,797.1,1.6392,25.38,26.11,,
1993-04-01,5.7333,31.5,797.1,1.6345,25.34,26.069,,
1993-04-02,5.7333,31.6,798.3,1.631,25.32,26.0535,,
1993-04-05,,31.6,798.7,1.6248,,,,
1993-04-06,,31.6,798.7,1.6262,25.3,,,
1993-04-07,,31.6,799.6,1.6253,25.3,,,
1993-04-08,5.7333,31.6,799.3,1.626,25.3,26.1025,,
1993-04-09,5.7333,31.6,799.1,1.626,,26.1,,
1993-04-12,5.7333,,798.9,1.6245,,26.03,,
1993-04-13,5.7163,31.6,799.0,1.6227,,26.065,,
1993-04-14,5.7163,31.7,798.8,1.6275,25.24,26.1,,
1993-04-15,5.7163,31.6,792.9,1.6277,25.28,26.06,,
1993-04-16,5.7165,31.6,799.0,1.6263,25.285,26.04,,
1993-04-19,5.7076,31.6,798.8,1.6215,25.28,25.9505,,
1993-04-20,5.7076,31.6,799.1,1.622,25.28,25.935,,
1993-04-21,,31.6,798.9,1.6207,25.2,25.88,,
1993-04-22,,31.6,798.7,1.6188,25.2,25.9,,
1993-04-23,5.7076,31.6,799.1,1.6183,25.19,25.93,,
1993-04-26,5.7076,31.6,799.1,1.616,25.17,25.9415,,
1993-04-27,,31.65,799.2,1.615,25.17,25.918,,
1993-04-28,,31.65,799.2,1.616,25.22,25.9,,
1993-04-29,,31.65,799.0,1.615,25.22,25.871,,
1993-04-30,,31.65,799.0,1.6156,25.23,25.905,,
1993-05-03,,31.65,799.1,1.6155,,25.9225,,
1993-05-04,5.7227,31.6,799.9,1.614,25.21,25.899,,
1993-05-05,,31.6,,1.6125,,25.91,,
1993-05-06,,31.6,799.9,1.6125,25.2,25.9,,
1993-05-07,,31.6,800.4,1.612,25.19,25.904,,
1993-05-10,5.7227,31.6,801.4,1.613,25.2,25.9475,,
1993-05-11,5.7331,31.6,802.6,1.615,25.26,25.963,,
1993-05-12,5.7331,31.6,803.5,1.6147,25.26,25.97,,
1993-05-13,5.7433,31.6,802.5,1.6152,25.27,25.95,,
1993-05-14,5.7433,31.6,803.0,1.6165,25.29,25.96,,
1993-05-17,5.7433,31.6,804.9,1.6145,25.24,25.94,,
1993-05-18,5.7433,31.6,805.1,1.6168,25.275,25.975,,
1993-05-19,5.7433,31.6,804.3,1.615,25.295,25.955,,
1993-05-20,5.7433,31.6,805.4,1.6142,25.27,25.96,,
1993-05-21,5.7433,31.6,805.8,1.6165,25.24,25.9735,,
1993-05-24,5.7433,31.6,805.0,1.6157,25.255,26.0445,,
1993-05-25,5.7433,31.6,804.4,1.6144,25.25,,,
1993-05-26,5.7433,31.6,804.5,1.608,25.205,26.1575,,
1993-05-27,,31.7,804.5,1.6096,25.195,26.149,,
1993-05-28,5.7433,31.7,804.5,1.6065,25.11,26.1005,,
1993-06-01,,31.7,805.4,1.602,25.13,26.136,,
1993-06-02,5.7433,31.7,806.5,1.6022,25.14,26.1105,,
1993-06-03,5.7433,31.7,806.1,1.605,25.15,,,
1993-06-04,5.7243,31.7,806.9,1.6125,25.145,26.1425,,
1993-06-07,5.7243,31.7,807.0,1.609,25.18,26.154,,
1993-06-08,5.7243,31.7,806.4,1.6085,25.165,,,
1993-06-09,5.7243,31.7,806.1,1.611,25.155,26.169,,
1993-06-10,5.7243,31.7,805.0,1.6089,25.175,26.166,,
1993-06-11,5.7243,31.7,804.5,1.61,25.165,,,
1993-06-14,5.7243,31.7,804.4,1.6085,25.14,26.1795,,
1993-06-15,5.7529,31.7,804.7,1.61,25.13,26.179,,
1993-06-16,5.7646,31.7,805.2,1.6168,25.17,26.1895,,
1993-06-17,5.7646,31.7,805.1,1.6165,25.21,26.2305,,
1993-06-18,5.7646,31.7,805.2,1.6215,25.215,26.29,,
1993-06-21,,31.7,805.4,1.6435,25.32,26.388,,
1993-06-22,,31.6,806.6,1.638,25.35,26.3975,,
1993-06-23,5.7756,31.6,807.4,1.6308,25.36,26.4315,,
1993-06-24,5.7756,31.6,806.4,1.635,25.3025,,,
1993-06-25,5.7756,31.6,805.8,1.626,25.29,26.405,,
1993-06-28,5.7756,31.6,806.1,1.622,25.25,26.42,,
1993-06-29,5.7756,31.6,807.0,1.6225,25.28,26.42,,
1993-06-30,5.7756,31.6,806.9,1.625,25.28,26.39,,
1993-07-01,5.7756,31.6,806.4,1.625,25.33,,,
1993-07-02,5.7756,31.6,806.3,1.6235,25.315,26.414,,
1993-07-06,5.7756,31.6,807.6,1.625,25.355,,,
1993-07-07,5.7756,31.6,807.6,1.622,25.355,26.53,,
1993-07-08,5.7756,31.6,807.3,1.6235,25.32,26.52,,
1993-07-09,5.7756,31.6,807.6,1.627,25.355,26.529,,
1993-07-12,5.7756,31.6,808.3,1.628,25.4,26.581,,
1993-07-13,5.7756,31.6,809.4,1.62,25.4,26.5675,,
1993-07-14,5.7756,31.6,809.1,1.6195,25.345,26.555,,
1993-07-15,5.7756,31.6,809.4,1.6205,25.33,26.5325,,
1993-07-16,5.7756,31.6,810.7,1.6207,25.35,,,
1993-07-19,5.7756,31.6,811.0,1.6203,25.34,,,
1993-07-20,5.7756,31.6,812.0,1.6205,25.34,,,
1993-07-21,5.7756,31.6,811.2,1.6175,25.33,26.565,,
1993-07-22,5.7756,31.6,811.0,1.6177,25.32,,,
1993-07-23,5.7756,31.6,811.7,1.6175,25.27,,,
1993-07-26,5.7756,31.6,811.9,1.6185,25.31,26.9585,,
1993-07-27,5.7756,31.6,812.2,1.6175,25.3,26.9555,,
1993-07-28,5.7756,31.6,810.8,1.613,25.3,26.955,,
1993-07-29,5.7756,31.6,809.9,1.6168,25.28,26.946,,
1993-07-30,5.7756,31.6,809.8,1.6178,25.31,26.9405,,
1993-08-02,5.7756,31.6,809.8,1.6165,25.265,26.9395,,
1993-08-03,5.7756,31.6,809.9,1.615,25.2,26.9385,,
1993-08-04,5.7756,31.6,809.5,1.6137,25.21,26.9485,,
1993-08-05,5.7756,31.6,809.2,1.6153,25.23,26.9475,,
1993-08-06,5.7756,31.6,809.7,1.6128,25.21,26.939,,
1993-08-09,5.7756,31.6,811.4,1.6112,25.21,26.949,,
1993-08-10,5.7756,31.6,812.3,1.6125,25.21,26.955,,
1993-08-11,5.7963,31.6,811.1,1.6095,25.23,26.95,,
1993-08-12,5.7963,31.63,812.3,1.61,,26.951,,
1993-08-13,5.7963,31.63,813.1,1.61,25.21,26.95,,
1993-08-16,5.7963,31.63,812.4,1.607,25.18,26.959,,
1993-08-17,5.7963,31.63,813.6,1.6077,25.15,26.9535,,
1993-08-18,5.7963,31.63,813.6,1.606,25.15,26.955,,
1993-08-19,5.7963,31.63,813.1,1.6095,25.13,26.954,,
1993-08-20,5.7963,31.63,813.8,1.6137,25.22,26.955,,
1993-08-23,5.7963,31.48,814.1,1.6085,25.16,26.957,,
1993-08-24,5.7963,31.63,813.9,1.6085,25.16,26.9585,,
1993-08-25,5.7963,31.63,812.9,1.609,25.17,26.96,,
1993-08-26,5.7963,31.63,812.2,1.6058,25.21,26.956,,
1993-08-27,5.7963,31.63,811.5,1.6058,25.185,26.956,,
1993-08-30,5.8063,31.63,811.7,1.6055,25.15,26.9325,,
1993-08-31,5.8063,31.63,811.6,1.6058,25.17,26.936,,
1993-09-01,5.8063,31.63,811.3,1.6067,25.2,26.959,,
1993-09-02,5.8013,31.63,811.5,1.606,25.2,26.956,,
1993-09-03,5.8013,31.63,810.6,1.6058,25.2,26.9575,,
1993-09-07,5.8013,31.63,811.5,1.6035,25.15,26.9425,,
1993-09-08,5.8013,31.63,811.3,1.6032,25.15,26.946,,
1993-09-09,5.8013,31.63,810.6,1.6013,25.1825,26.9465,,
1993-09-10,5.8013,31.63,810.5,1.6083,25.16,26.944,,
1993-09-13,5.8013,31.63,810.7,1.5985,25.17,26.939,,
1993-09-14,5.8013,31.63,811.8,1.5978,25.18,26.9395,,
1993-09-15,5.8013,31.63,812.0,1.5985,25.19,26.941,,
1993-09-16,5.8013,31.53,811.9,1.5957,25.15,26.9375,,
1993-09-17,5.8013,31.53,812.2,1.596,25.16,26.943,,
1993-09-20,5.8013,31.53,813.3,1.5953,25.17,26.837,,
1993-09-21,5.8013,31.53,814.3,1.5948,25.19,26.865,,
1993-09-22,5.8013,31.53,812.9,1.594,25.25,26.905,,
1993-09-23,5.8013,31.53,812.1,1.5937,25.25,26.946,,
1993-09-24,5.8013,31.53,812.1,1.591,25.24,26.93,,
1993-09-27,5.8013,31.53,812.1,1.5908,25.245,26.9375,,
1993-09-28,5.8013,31.53,812.0,1.59,25.24,,,
1993-09-29,5.8013,31.53,812.0,1.587,25.21,26.918,,
1993-09-30,5.8013,31.53,812.0,1.583,25.22,,,
1993-10-01,5.8013,31.53,812.0,1.5822,25.26,26.8405,,
1993-10-04,5.8013,31.53,812.3,1.583,25.28,26.847,,
1993-10-05,5.8013,31.53,815.2,1.5715,25.24,26.85,,
1993-10-06,5.8013,31.53,816.3,1.559,25.25,26.8375,,
1993-10-07,5.8013,31.53,815.3,1.5685,25.21,26.8375,,
1993-10-08,5.8013,31.53,814.6,1.5675,25.17,26.85,,
1993-10-12,5.8013,31.53,815.4,1.5635,25.19,26.8505,,
1993-10-13,5.8013,31.53,814.6,1.5668,25.17,26.845,,
1993-10-14,5.8013,31.53,813.8,1.5688,25.18,26.845,,
1993-10-15,5.8013,31.53,813.6,1.5692,25.23,26.87,,
1993-10-18,5.8013,31.53,813.5,1.5718,25.25,26.8765,,
1993-10-19,5.8013,31.53,812.7,1.5765,25.285,26.8765,,
1993-10-20,5.8013,31.53,812.8,1.579,25.28,26.876,,
1993-10-21,5.8013,31.53,812.7,1.577,25.3,26.882,,
1993-10-22,5.8013,31.53,812.4,1.576,25.35,26.9115,,
1993-10-25,5.8013,31.43,812.3,1.5705,25.34,,,
1993-10-26,5.8013,31.43,812.2,1.569,25.37,26.89,,
1993-10-27,5.8013,31.43,812.6,1.5765,25.34,26.8945,,
1993-10-28,5.8013,31.43,812.6,1.588,25.35,26.892,,
1993-10-29,5.8013,31.43,812.1,1.586,25.34,26.8545,,
1993-11-01,5.8013,31.43,811.4,1.593,25.37,,,
1993-11-02,5.8013,31.43,810.8,1.5895,25.37,26.8415,,
1993-11-03,5.8013,31.43,810.5,1.5875,25.355,26.8525,,
1993-11-04,5.8013,31.43,810.5,1.592,25.34,26.856,,
1993-11-05,5.8013,31.43,810.3,1.5942,25.35,26.875,,
1993-11-08,5.8013,31.43,810.4,1.593,25.34,26.871,,3.152
1993-11-09,5.8013,31.43,804.5,1.5937,25.37,26.865,,3.24
1993-11-10,5.8013,31.43,804.5,1.5925,25.35,26.873,,3.24
1993-11-12,5.8013,31.43,808.6,1.592,25.34,26.8725,,3.24
1993-11-15,5.8013,31.43,809.1,1.5943,25.32,26.853,,3.215
1993-11-16,5.8013,31.43,810.1,1.5913,25.35,26.861,,
1993-11-17,5.8013,31.43,810.8,1.5945,25.39,26.903,,
1993-11-18,5.8195,31.43,811.3,1.5955,25.375,26.88,,3.108
1993-11-19,5.8195,31.44,810.7,1.599,25.42,26.8805,,3.115
1993-11-22,5.8195,31.44,809.5,1.5975,25.43,26.9,,3.1022
1993-11-23,5.8195,31.44,809.8,1.5995,25.45,26.8985,,3.1026
1993-11-24,5.8195,31.44,810.3,1.5975,25.4,26.9215,,3.103
1993-11-26,5.8195,31.44,810.9,1.6013,25.43,26.915,,3.114
1993-11-29,5.8195,31.44,811.0,1.602,25.45,26.94,,3.11
1993-11-30,5.8195,31.44,810.8,1.6005,25.445,26.934,,3.1055
1993-12-01,5.8195,31.44,811.0,1.5985,25.45,26.9265,,3.1038
1993-12-02,5.8195,31.44,811.4,1.5997,25.45,26.916,,3.106
1993-12-03,5.8195,31.44,812.0,1.6025,25.455,26.908,,3.1045
1993-12-06,5.8195,31.44,812.5,1.5997,25.43,26.883,,3.106
1993-12-07,5.8195,31.44,812.4,1.5977,25.4,26.89,,3.1052
1993-12-08,5.8195,31.44,812.6,1.5975,25.41,26.879,,3.1066
1993-12-09,5.8195,31.44,812.6,1.598,25.43,26.862,,3.107
1993-12-10,5.8195,31.44,812.5,1.5978,25.4,26.8455,,3.117
1993-12-13,5.8195,31.44,812.4,1.595,25.39,26.835,,3.1148
1993-12-14,5.8195,31.44,813.1,1.5947,25.4,26.8275,,3.113
1993-12-15,5.8245,31.44,814.0,1.5945,25.45,26.7705,,3.107
1993-12-16,5.8245,31.44,813.9,1.5932,25.45,26.7055,,3.106
1993-12-17,5.8245,31.44,813.6,1.5927,25.44,26.62,,3.106
1993-12-20,5.8245,31.44,813.6,1.5932,25.46,26.69,,3.11
1993-12-21,5.8245,31.44,814.8,1.5928,25.47,26.75,,3.11
1993-12-22,5.8245,31.44,814.9,1.5935,25.49,26.75,,3.115
1993-12-23,5.8242,31.44,813.7,1.592,25.475,26.698,,3.11
1993-12-24,5.8245,31.44,811.5,1.594,25.47,26.659,,3.105
1993-12-27,5.8245,31.44,811.0,1.601,25.5,26.66,,3.106
1993-12-28,5.8245,31.44,811.3,1.599,25.5,26.65,,3.106
1993-12-29,5.8145,31.44,811.4,1.602,25.5,26.644,,3.11
1993-12-30,5.8145,31.44,811.6,1.606,25.57,26.6765,,3.108
1993-12-31,5.8145,31.44,811.3,1.6085,25.58,26.626,,
1994-01-03,8.7217,31.44,810.4,1.613,25.58,26.626,,3.108
1994-01-04,8.7217,31.44,811.3,1.6115,25.59,,,3.12
1994-01-05,8.7217,31.44,812.2,1.6005,25.58,26.57,,3.1065
1994-01-06,8.7217,31.44,814.5,1.593,25.57,26.569,,3.106
1994-01-07,8.7117,31.44,816.2,1.597,25.57,26.599,,3.106
1994-01-10,8.7217,31.44,816.6,1.5977,25.56,26.471,,3.116
1994-01-11,8.7217,31.44,815.2,1.607,25.58,26.529,,3.109
1994-01-12,8.7217,31.44,814.9,1.606,25.58,26.559,,3.1095
1994-01-13,8.7217,31.44,814.5,1.61,25.6,26.51,,3.106
1994-01-14,8.7217,31.44,814.2,1.6085,25.58,26.495,,3.1085
1994-01-18,8.7217,31.44,815.5,1.609,25.57,26.425,,3.106
1994-01-19,8.7217,31.44,815.2,1.6105,25.52,26.449,,3.106
1994-01-20,8.7217,31.44,813.8,1.6095,25.53,26.4555,,3.1065
1994-01-21,8.7257,31.44,813.7,1.6055,25.52,26.434,,3.106
1994-01-24,8.7217,31.44,813.4,1.6068,25.53,26.47,,3.106
1994-01-25,8.7318,31.44,812.2,1.604,25.5475,26.465,,3.1055
1994-01-26,8.7217,31.44,812.3,1.599,25.49,26.4675,,3.107
1994-01-27,8.7217,31.44,811.9,1.5985,25.475,26.4355,,3.1062
1994-01-28,8.7217,31.44,811.6,1.5935,25.44,26.455,,3.105
1994-01-31,8.7217,31.44,811.3,1.5935,25.45,26.42,,3.106
1994-02-01,8.7211,31.44,812.0,1.585,25.405,26.4345,,3.105
1994-02-02,8.7228,31.44,811.1,1.587,25.395,26.435,,3.105
1994-02-03,8.7252,31.44,810.9,1.587,25.41,,,3.105
1994-02-04,8.7228,31.44,810.8,1.59,25.445,,,3.105
1994-02-07,8.7223,31.44,809.4,1.59,25.45,26.3975,,3.1052
1994-02-08,8.7292,31.44,811.9,1.5885,25.45,,,3.1053
1994-02-09,8.7292,31.44,811.9,1.5852,25.43,,,3.106
1994-02-10,8.7292,31.44,811.9,1.5855,25.48,,,3.105
1994-02-11,8.7292,31.44,811.9,1.5855,25.47,,,3.106
1994-02-14,8.7292,31.44,814.2,1.582,25.348,26.4075,,3.105
1994-02-15,8.7299,31.44,815.6,1.5925,25.32,26.359,,3.105
1994-02-16,8.7242,31.44,814.0,1.5932,25.3,26.3925,,3.105
1994-02-17,8.7283,31.44,814.2,1.591,25.315,26.3975,,3.105
1994-02-18,8.7238,31.37,813.7,1.5892,25.335,26.4095,,3.1055
1994-02-22,8.7212,31.44,812.6,1.5895,25.35,26.47,,3.1125
1994-02-23,8.7183,31.44,812.5,1.5875,25.355,26.5425,,3.118
1994-02-24,8.724,31.75,811.5,1.586,25.365,26.495,,3.21
1994-02-25,8.7164,31.44,811.3,1.5835,25.32,26.5,,3.205
1994-02-28,8.7262,31.37,811.2,1.5805,25.31,26.4825,,3.195
1994-03-01,8.7238,31.72,811.2,1.5837,25.35,26.496,,3.18
1994-03-02,8.7268,31.4,811.8,1.579,25.28,26.478,,3.26
1994-03-03,8.7278,31.44,810.3,1.581,25.32,26.4515,,3.25
1994-03-04,8.728,31.4,810.6,1.585,25.33,26.428,,3.245
1994-03-07,8.7284,31.38,810.2,1.5865,25.32,26.395,,3.253
1994-03-08,8.7268,31.44,809.5,1.585,25.31,26.44,,3.256
1994-03-09,8.7256,31.44,812.0,1.585,25.32,26.39,,3.31
1994-03-10,8.7221,31.3725,811.8,1.5875,25.31,26.4185,,3.285
1994-03-11,8.7256,31.44,810.8,1.5845,25.28,26.375,,3.295
1994-03-14,8.7223,31.44,809.6,1.5858,25.31,26.39,,3.29
1994-03-15,8.7217,31.37,810.2,1.5873,25.32,26.402,,3.31
1994-03-16,8.7225,31.375,810.4,1.5857,25.31,26.4235,,3.307
1994-03-17,8.7219,31.37,809.7,1.5825,25.3075,26.4185,,3.3
1994-03-18,8.7208,31.43,809.5,1.5845,25.32,26.385,,3.325
1994-03-21,8.7209,31.38,810.0,1.5868,25.3,26.405,,3.33
1994-03-22,8.7195,31.4,810.4,1.5858,25.295,26.4225,,3.33
1994-03-23,8.721,31.42,810.7,1.5865,25.97,26.41,,3.3375
1994-03-24,8.7273,31.42,811.2,1.5825,25.2725,26.45,,
1994-03-25,8.723,31.37,811.2,1.578,25.255,26.425,,3.3586
1994-03-28,8.7234,31.37,812.2,1.574,25.27,26.41,,3.3598
1994-03-29,8.7242,31.37,812.0,1.5695,25.23,26.41,,3.35
1994-03-30,8.7219,31.42,810.8,1.5692,25.24,26.37,,3.361
1994-03-31,8.7298,31.37,809.7,1.5695,25.25,26.33,,3.365
1994-04-01,,31.42,810.4,1.572,25.25,26.36,,
1994-04-04,,31.42,811.1,1.571,25.26,26.39,,3.3626
1994-04-05,8.7298,31.37,811.1,1.5708,25.3,26.39,,3.363
1994-04-06,8.7298,31.37,813.0,1.573,25.33,26.34,,3.363
1994-04-07,8.7298,31.37,812.5,1.5718,25.34,26.37,,3.363
1994-04-08,8.7298,31.37,812.4,1.5695,25.34,26.38,,3.3642
1994-04-11,8.7298,31.42,814.3,1.564,25.26,26.38,,3.3654
1994-04-12,8.7298,31.42,813.5,1.5657,25.27,26.39,,3.365
1994-04-13,8.7298,31.42,813.5,1.5633,25.27,26.38,,3.3662
1994-04-14,8.7298,31.42,812.6,1.5618,25.27,26.37,,3.3666
1994-04-15,8.7398,31.37,812.4,1.5605,25.28,26.38,,3.3645
1994-04-18,8.7152,31.37,812.0,1.5592,25.28,26.39,,3.368
1994-04-19,8.7145,31.37,812.2,1.5595,25.25,26.4,,3.3686
1994-04-20,8.7137,31.42,811.6,1.559,25.2475,26.39,,3.369
1994-04-21,8.7125,31.37,810.6,1.56,25.24,26.39,,3.3694
1994-04-22,8.7125,31.37,810.6,1.5595,25.24,26.38,,3.3698
1994-04-25,8.7409,31.42,810.4,1.5568,25.23,26.41,,3.359
1994-04-26,8.7094,31.37,810.6,1.555,25.24,26.4,,3.31
1994-04-27,8.7277,31.42,810.4,1.5554,25.24,26.4,,3.273
1994-04-28,8.7272,31.37,810.2,1.555,25.24,26.45,,3.28
1994-04-29,8.7247,31.37,810.5,1.5552,25.24,26.42,,3.28
1994-05-02,8.7097,31.38,810.7,1.554,25.19,26.42,,3.27
1994-05-03,8.6984,31.37,811.1,1.5539,25.18,26.46,,3.31
1994-05-04,8.6936,31.37,810.3,1.556,25.21,26.46,,3.312
1994-05-05,8.6882,31.37,810.3,1.558,25.23,26.53,,
1994-05-06,8.6864,31.38,809.2,1.5555,25.2,26.55,,3.32
1994-05-09,8.6853,31.37,809.6,1.5497,25.21,26.64,,3.338
1994-05-10,8.684,31.37,811.5,1.5535,25.23,26.77,,3.335
1994-05-11,8.6829,31.37,810.0,1.5537,25.25,26.78,,3.325
1994-05-12,8.712,31.3725,809.4,1.5535,25.25,26.88,,3.33
1994-05-13,8.681,31.37,809.1,1.5542,25.25,26.82,,3.322
1994-05-16,8.6806,31.38,809.2,1.5505,25.23,26.81,,3.33
1994-05-17,8.6807,31.3725,809.5,1.5503,25.23,26.86,,3.331
1994-05-18,8.6805,31.375,809.5,1.543,25.22,26.86,,3.334
1994-05-19,8.6804,31.42,809.4,1.5355,25.23,26.8,,3.316
1994-05-20,8.6802,31.3725,809.6,1.5375,25.19,26.88,,3.3125
1994-05-23,8.6804,31.3725,809.7,1.5384,25.17,26.86,,3.3
1994-05-24,8.6802,31.375,809.3,1.5375,25.185,26.98,,3.286
1994-05-25,8.6802,31.3725,809.4,1.536,25.18,27.04,,3.3
1994-05-26,8.68,31.3725,809.7,1.5343,25.2,27.09,,3.315
1994-05-27,8.6798,31.375,809.8,1.5355,25.21,27.08,,3.315
1994-05-31,8.6796,31.3725,809.3,1.534,25.21,27.06,,3.332
1994-06-01,8.6794,31.38,809.3,1.5328,25.22,27.08,,3.33
1994-06-02,8.6791,31.3725,809.7,1.5345,25.22,27.03,,3.32
1994-06-03,8.709,31.66,809.6,1.5395,25.24,27.075,,3.325
1994-06-06,8.679,31.37,809.5,1.5345,25.23,27.0845,,3.33
1994-06-07,8.709,31.3725,809.5,1.5323,25.25,27.09,,3.36
1994-06-08,8.7088,31.37,809.6,1.5338,25.225,27.0777,,3.357
1994-06-09,8.7085,31.3725,809.5,1.5365,25.21,27.09,,3.362
1994-06-10,8.7083,31.37,809.5,1.5341,25.195,27.0582,,3.365
1994-06-13,8.6781,31.3725,809.5,1.5318,25.16,27.0547,,3.3735
1994-06-14,8.6779,31.3725,809.9,1.5323,25.14,27.0452,,3.373
1994-06-15,8.6775,31.37,810.2,1.5327,25.14,27.0477,,3.368
1994-06-16,8.6773,31.37,810.0,1.5337,25.16,27.0502,,3.368
1994-06-17,8.6771,31.37,809.5,1.5315,25.14,27.0527,,3.365
1994-06-20,8.6769,31.37,810.0,1.528,25.09,27.0487,,3.372
1994-06-21,8.6764,31.3725,811.7,1.5293,25.05,27.04,,3.375
1994-06-22,8.6757,31.37,812.1,1.53,25.05,26.9528,,3.378
1994-06-23,8.675,31.3725,810.2,1.5283,25.07,26.98,,3.39
1994-06-24,8.6744,31.37,809.4,1.5272,25.09,27.02,,3.39
1994-06-27,8.6739,31.37,809.6,1.5247,25.02,26.9122,,3.395
1994-06-28,8.6733,31.37,810.4,1.5253,25.04,26.9182,,3.391
1994-06-29,8.6726,31.3725,809.6,1.5237,25.03,26.8657,,3.389
1994-06-30,8.6717,31.37,808.7,1.5249,25.04,26.8137,,3.4
1994-07-01,8.7001,31.3725,808.3,1.523,25.04,26.8245,,3.395
1994-07-05,8.6696,31.3725,809.5,1.5222,25.01,26.76,,3.4
1994-07-06,8.669,31.3825,809.7,1.5193,24.97,26.73,,3.3958
1994-07-07,8.6681,31.3775,808.9,1.5205,25.0,26.77,,3.405
1994-07-08,8.6674,31.375,809.1,1.5205,25.0,26.74,,3.405
1994-07-11,8.6666,31.375,808.8,1.5128,24.95,26.74,,3.405
1994-07-12,8.6658,31.37,809.0,1.5107,24.91,26.6972,,3.4025
1994-07-13,8.6647,31.37,809.3,1.512,24.94,26.6312,,3.405
1994-07-14,8.6637,31.3725,809.1,1.5145,24.96,26.63,,3.403
1994-07-15,8.6629,31.3675,809.6,1.5128,24.96,26.5762,,3.403
1994-07-18,8.6618,31.37,810.2,1.5105,24.96,26.59,,3.405
1994-07-19,8.6608,31.3725,810.5,1.5127,24.98,26.59,,3.402
1994-07-20,8.6589,31.3725,809.2,1.5103,24.97,26.68,,3.4054
1994-07-21,8.6564,31.3775,808.5,1.5105,24.97,26.65,,3.4035
1994-07-22,8.6535,31.45,808.3,1.511,25.0,26.67,,3.405
1994-07-25,8.6495,31.37,807.1,1.5093,24.99,26.5502,,3.4045
1994-07-26,8.6464,31.37,805.8,1.5107,24.97,26.6092,,3.4078
1994-07-27,8.6438,31.3675,805.8,1.5096,24.96,26.5967,,3.406
1994-07-28,8.6414,31.37,805.6,1.5104,24.99,26.5402,,3.398
1994-07-29,8.6397,31.3725,805.5,1.5108,25.01,26.5812,,3.405
1994-08-01,8.6369,31.3725,805.8,1.5075,24.97,26.5402,,3.4005
1994-08-02,8.6341,31.3725,806.0,1.5075,25.03,26.6,,3.386
1994-08-03,8.6314,31.375,805.8,1.507,25.04,26.57,,3.38
1994-08-04,8.6288,31.375,805.9,1.5075,25.03,26.57,,3.38
1994-08-05,8.6255,31.375,805.8,1.5061,25.04,26.51,,3.381
1994-08-08,8.6223,31.37,805.9,1.5058,25.06,26.4807,,3.387
1994-08-09,8.6203,31.3725,806.9,1.5058,25.08,26.4557,,3.387
1994-08-10,8.6182,31.3725,808.0,1.5069,25.06,26.4652,,3.4
1994-08-11,8.6162,31.37,807.8,1.5065,25.06,26.4642,,3.405
1994-08-12,8.6138,31.3725,807.5,1.5064,25.02,26.4522,,3.402
1994-08-15,8.6112,31.375,809.0,1.507,25.01,26.48,,3.403
1994-08-16,8.6087,31.3725,809.0,1.5065,25.0,26.48,,3.408
1994-08-17,8.6056,31.37,809.3,1.5055,25.04,26.49,,3.397
1994-08-18,8.6031,31.3725,807.9,1.5048,25.0,26.47,,3.38
1994-08-19,8.6001,31.375,806.9,1.503,24.98,26.44,,3.3765
1994-08-22,8.5974,31.3675,807.5,1.5015,25.0,26.38,,3.33
1994-08-23,8.5958,31.3675,807.2,1.5023,24.98,26.345,,3.337
1994-08-24,8.5935,31.3775,806.8,1.5015,24.965,26.325,,3.348
1994-08-25,8.5908,31.3725,805.7,1.501,24.99,26.22,,3.358
1994-08-26,8.5675,31.3725,805.4,1.501,25.025,26.27,,3.367
1994-08-29,8.5843,31.3775,805.3,1.5015,25.03,26.25,,3.383
1994-08-30,8.5816,31.3725,804.8,1.5001,25.04,26.18,,3.388
1994-08-31,8.5791,31.3725,806.9,1.5,25.04,26.2,,3.389
1994-09-01,8.5765,31.375,803.3,1.5005,25.025,26.243,,3.3925
1994-09-02,8.574,31.3725,803.7,1.5,24.98,26.24,,3.375
1994-09-06,8.5691,31.3725,804.4,1.5001,24.97,26.21,,3.4
1994-09-07,8.567,31.375,804.4,1.5,24.98,26.21,,3.3965
1994-09-08,8.5648,31.3725,804.7,1.4999,25.0,26.2,,3.401
1994-09-09,8.5622,31.375,804.5,1.4967,24.96,26.2,,3.415
1994-09-12,8.5607,31.3725,804.0,1.491,24.97,26.21,,3.413
1994-09-13,8.5596,31.3725,803.7,1.4876,24.97,26.21,,3.417
1994-09-14,8.5581,31.3725,803.2,1.4886,24.96,26.2,,3.416
1994-09-15,8.5565,31.375,803.4,1.4887,,26.21,,3.415
1994-09-16,8.5552,31.37,803.2,1.483,24.96,26.22,,3.398
1994-09-19,8.554,31.3725,802.8,1.4808,24.97,26.23,,3.408
1994-09-20,8.5537,31.37,802.8,1.4762,24.945,26.23,,3.41
1994-09-21,8.5533,31.375,802.8,1.4763,24.94,26.24,,3.404
1994-09-22,8.5525,31.375,802.8,1.4773,24.945,26.19,,3.409
1994-09-23,8.552,31.3725,804.1,1.4815,24.93,26.19,,3.399
1994-09-26,8.5511,31.37,805.7,1.4868,24.97,26.16,,3.373
1994-09-27,8.5503,31.3725,806.0,1.4857,24.95,26.22,,3.395
1994-09-28,8.5503,31.37,803.8,1.4885,24.97,26.22,,3.407
1994-09-29,8.5501,31.3675,802.2,1.4855,24.98,26.17,,3.404
1994-09-30,8.55,31.3675,802.0,1.4835,24.99,26.2,,3.399
1994-10-03,8.55,31.37,801.3,1.483,25.02,26.22,,3.398
1994-10-04,8.55,31.375,801.3,1.4806,25.02,26.19,,3.413
1994-10-05,8.5501,31.37,803.4,1.4737,25.01,26.19,,3.419
1994-10-06,8.55,31.375,803.6,1.4788,25.025,26.18,,3.418
1994-10-07,8.55,31.3725,801.9,1.4815,25.04,26.16,,3.419
1994-10-11,8.55,31.37,802.2,1.484,25.05,26.21,,3.423
1994-10-12,8.55,31.37,803.4,1.4829,25.04,26.22,,3.424
1994-10-13,8.5497,31.37,803.8,1.4825,25.04,26.19,,3.415
1994-10-14,8.5497,31.3725,802.3,1.4765,24.98,26.17,,3.422
1994-10-17,8.5497,31.37,801.9,1.4733,24.955,26.12,,3.422
1994-10-18,8.5496,31.3725,803.2,1.472,24.93,26.13,,3.425
1994-10-19,8.5496,31.3725,802.9,1.4695,24.93,26.11,,3.415
1994-10-20,8.5496,31.3725,801.9,1.4745,24.93,26.1,,3.418
1994-10-21,8.5495,31.3725,802.1,1.4749,24.9,26.03,,3.418
1994-10-24,8.549,31.37,801.5,1.4737,25.59,26.06,,3.419
1994-10-25,8.5485,31.37,800.6,1.471,24.92,26.07,,3.428
1994-10-26,8.5485,31.3725,801.1,1.4775,24.91,26.09,,3.426
1994-10-27,8.5473,31.385,800.7,1.4705,24.89,26.08,,3.43
1994-10-28,8.5466,31.37,800.4,1.4722,24.93,26.06,,3.434
1994-10-31,8.546,31.38,800.0,1.469,24.91,26.05,,3.438
1994-11-01,8.5454,31.39,800.2,1.468,24.91,26.02,,3.439
1994-11-02,8.5454,31.43,800.3,1.468,24.92,26.03,,3.439
1994-11-03,8.5438,31.405,800.5,1.4703,24.96,26.04,,3.437
1994-11-04,8.5438,31.41,800.4,1.4705,24.955,26.05,,3.43
1994-11-07,8.5438,31.435,800.3,1.4667,24.9275,26.06,,3.427
1994-11-08,8.5438,31.42,800.1,1.4655,24.93,26.07,,3.426
1994-11-09,8.54,31.425,800.9,1.468,24.965,26.07,,3.429
1994-11-10,8.539,31.435,800.1,1.471,24.98,26.11,,3.442
1994-11-14,8.5374,31.385,800.2,1.4745,25.01,26.2,,3.451
1994-11-15,8.5374,31.375,800.1,1.4725,25.015,26.21,,3.4525
1994-11-16,8.5353,31.3725,799.7,1.4735,25.02,26.29,,3.453
1994-11-17,8.534,31.3725,799.4,1.4717,25.01,26.23,,3.4534
1994-11-18,8.5336,31.3725,799.3,1.4702,25.02,26.31,,3.4538
1994-11-21,8.5336,31.37,799.1,1.4665,25.02,26.39,,3.445
1994-11-22,8.5326,31.3675,798.8,1.4653,25.0,26.37,,3.448
1994-11-23,8.5326,31.3725,798.5,1.466,25.01,26.28,,3.445
1994-11-25,8.5305,31.3775,798.3,1.466,25.045,26.22,,3.448
1994-11-28,8.5301,31.375,798.0,1.4641,25.04,26.29,,3.45
1994-11-29,8.5293,31.39,797.5,1.462,25.045,26.25,,3.442
1994-11-30,8.529,31.4,797.4,1.4643,25.0475,26.27,,3.44
1994-12-01,8.5284,31.4225,797.6,1.4665,25.06,26.3,,3.44
1994-12-02,8.5279,31.39,797.1,1.472,25.095,26.35,,3.439
1994-12-05,8.5274,31.395,795.3,1.467,25.09,26.32,,3.441
1994-12-06,8.527,31.385,794.9,1.4648,25.1,26.32,,3.447
1994-12-07,8.5241,31.375,794.4,1.4675,25.09,26.3,,3.452
1994-12-08,8.5225,31.3725,794.2,1.4688,25.1,26.33,,3.45
1994-12-09,8.5192,31.3725,794.4,1.4693,25.1,26.37,,3.454
1994-12-12,8.516,31.3725,794.7,1.4666,25.1,26.42,,3.45
1994-12-13,8.513,31.3725,795.8,1.4655,25.1,26.4,,3.457
1994-12-14,8.5101,31.37,795.8,1.4675,25.13,26.42,,3.454
1994-12-15,8.5074,31.3725,796.0,1.4667,25.12,26.36,,3.461
1994-12-16,8.5035,31.375,796.3,1.465,25.115,26.41,,3.463
1994-12-19,8.5001,31.405,790.6,1.4667,25.13,26.45,,3.4662
1994-12-20,8.4954,31.41,796.2,1.4642,25.11,26.43,,3.95
1994-12-21,8.492,31.4025,795.2,1.464,25.12,26.4,,3.997
1994-12-22,8.4877,31.405,794.6,1.4639,25.12,26.42,,4.85
1994-12-23,8.4826,31.3925,794.3,1.4637,25.14,26.42,,4.7
1994-12-27,8.4788,31.4125,794.2,1.4645,25.13,26.45,,5.75
1994-12-28,8.4718,31.41,793.6,1.4649,25.134,26.45,,5.35
1994-12-29,8.4691,31.3925,793.2,1.4623,25.095,26.39,,5.0
1994-12-30,8.4662,31.3725,792.7,1.4585,25.105,26.29,,5.0
1995-01-02,,,,,,,0.844,
1995-01-03,8.4647,31.3725,791.8,1.454,25.115,26.23,0.845,5.5
1995-01-04,8.4647,31.37,791.6,1.4545,25.14,26.24,0.845,5.55
1995-01-05,8.463,31.3675,792.4,1.4537,25.14,26.35,0.843,5.45
1995-01-06,8.4626,31.37,792.7,1.4543,25.14,26.28,0.84,5.5
1995-01-09,8.4622,31.3725,793.4,1.452,25.13,26.37,0.844,5.4
1995-01-10,8.4617,31.37,794.1,1.4515,25.13,26.32,0.847,5.8
1995-01-11,8.4615,31.3675,794.3,1.453,25.12,26.33,0.851,5.75
1995-01-12,8.4612,31.37,793.3,1.4655,25.7,26.3,0.845,5.65
1995-01-13,8.4611,31.3675,793.1,1.457,25.25,26.32,0.847,5.35
1995-01-16,,,,,,,0.847,
1995-01-17,8.4607,31.375,795.8,1.4494,25.055,26.32,0.846,5.27
1995-01-18,8.4605,31.37,795.1,1.4532,25.07,26.3,0.846,5.29
1995-01-19,8.4602,31.3725,795.6,1.452,25.06,26.3,0.848,5.68
1995-01-20,8.46,31.3725,795.5,1.4465,25.08,26.29,0.848,5.7
1995-01-23,8.4597,31.375,795.6,1.4503,25.07,26.31,0.85,5.76
1995-01-24,8.4594,31.3775,795.4,1.4516,25.07,26.28,0.851,5.8
1995-01-25,8.459,31.39,793.2,1.4543,25.09,26.27,0.851,5.7
1995-01-26,8.4587,31.375,790.5,1.4525,25.09,26.27,0.845,5.66
1995-01-27,8.4584,31.38,788.4,1.452,25.06,26.29,0.844,5.68
1995-01-30,8.4584,31.38,789.9,1.452,25.05,26.31,0.846,6.5
1995-01-31,8.4584,31.3775,789.8,1.4537,25.1,26.31,0.841,5.82
1995-02-01,8.4585,31.3725,789.8,1.4529,25.07,26.31,0.842,5.51
1995-02-02,8.4584,31.375,789.8,1.4529,25.06,26.29,0.839,5.47
1995-02-03,8.4584,31.3825,792.0,1.4584,25.09,26.3,0.839,5.36
1995-02-06,8.458,31.37,794.7,1.4621,25.07,26.29,0.836,5.38
1995-02-07,8.4575,31.3725,795.2,1.462,25.08,26.29,0.836,5.35
1995-02-08,8.457,31.3675,793.0,1.4561,25.08,26.31,0.835,5.37
1995-02-09,8.4564,31.375,793.4,1.4541,25.07,26.29,0.833,5.55
1995-02-10,8.456,31.375,793.9,1.4526,25.06,26.33,0.834,5.65
1995-02-13,8.4555,31.3725,796.6,1.4524,25.04,26.37,0.832,5.6
1995-02-14,8.4552,31.37,796.3,1.4538,25.04,26.38,0.834,5.77
1995-02-15,8.4551,31.375,794.1,1.4562,25.03,26.38,0.836,6.03
1995-02-16,8.4552,31.365,794.4,1.452,25.01,26.37,0.844,6.09
1995-02-17,8.4552,31.37,797.5,1.454,24.99,26.38,0.85,5.82
1995-02-20,,,,,,,0.841,
1995-02-21,8.4537,31.3875,795.9,1.452,24.97,26.36,0.842,5.44
1995-02-22,8.4529,31.3775,791.8,1.4538,24.93,26.36,0.848,5.93
1995-02-23,8.4524,31.3825,791.8,1.4532,24.93,26.36,0.847,5.69
1995-02-24,8.452,31.4,791.2,1.4505,24.95,26.37,0.853,5.84
1995-02-27,8.4516,31.395,790.2,1.4507,24.95,26.34,0.851,6.06
1995-02-28,8.4511,31.425,789.1,1.4491,24.95,26.36,0.851,5.97
1995-03-01,8.4508,31.415,789.1,1.4495,24.95,26.38,0.852,5.96
1995-03-02,8.4599,31.485,791.0,1.447,24.92,26.37,0.852,5.97
1995-03-03,8.4594,31.365,792.6,1.4468,24.86,26.34,0.859,6.06
1995-03-06,8.4482,31.83,793.9,1.4335,24.83,26.25,0.866,6.6
1995-03-07,8.4473,31.9,790.8,1.421,24.79,26.23,0.887,6.9
1995-03-08,8.4465,31.81,788.8,1.4255,24.77,26.0,0.889,6.82
1995-03-09,8.4459,31.685,788.2,1.4165,24.75,26.09,0.889,7.6
1995-03-10,8.4461,31.78,787.0,1.421,24.79,26.11,0.882,6.35
1995-03-13,8.4464,31.8005,786.4,1.4158,24.75,26.12,0.881,6.47
1995-03-14,8.4465,31.835,783.0,1.4161,24.78,26.11,0.881,6.57
1995-03-15,8.4474,31.385,783.8,1.411,24.73,26.1,0.885,6.9
1995-03-16,8.448,31.455,782.3,1.4114,24.74,26.06,0.899,7.25
1995-03-17,8.4473,31.405,781.8,1.411,24.72,26.02,0.898,7.21
1995-03-20,8.447,31.5,778.8,1.4132,24.73,25.97,0.913,7.0
1995-03-21,8.4462,31.505,777.5,1.4155,24.73,26.01,0.898,7.1
1995-03-22,8.4468,31.565,775.9,1.4155,24.72,26.03,0.906,7.23
1995-03-23,8.4472,31.6,771.4,1.4153,24.7,26.01,0.908,7.1
1995-03-24,8.4476,31.62,769.5,1.4222,24.72,26.01,0.909,6.85
1995-03-27,8.4477,31.615,773.9,1.42,24.73,26.06,0.91,6.72
1995-03-28,8.4477,31.55,772.7,1.419,24.69,26.04,0.91,6.82
1995-03-29,8.4475,31.5,774.2,1.4165,24.68,26.05,0.906,6.81
1995-03-30,8.4469,31.455,774.6,1.422,24.76,25.99,0.902,6.76
1995-03-31,8.4464,31.43,774.5,1.4125,24.65,26.0,0.9,6.82
1995-04-03,8.446,31.47,774.4,1.408,24.62,25.94,0.904,6.82
1995-04-04,8.4457,31.41,772.9,1.4087,24.63,25.94,0.899,6.62
1995-04-05,8.4456,31.445,773.9,1.4068,24.64,25.94,0.898,6.46
1995-04-06,8.4452,31.43,774.1,1.4057,24.6,25.9,0.895,6.47
1995-04-07,8.4451,31.41,775.0,1.404,24.6,25.68,0.899,6.32
1995-04-10,8.4452,31.4,772.8,1.3985,24.595,25.17,0.896,6.4
1995-04-11,8.445,31.4,770.8,1.4035,24.62,25.3,0.901,6.3
1995-04-12,8.4446,31.39,771.8,1.4005,24.61,25.4,0.907,6.18
1995-04-13,8.4442,31.36,772.6,1.3947,24.57,25.35,0.909,6.32
1995-04-14,8.4441,31.36,773.4,1.395,24.56,25.36,0.909,6.32
1995-04-17,8.4438,31.41,773.2,1.3953,24.52,25.35,0.905,6.27
1995-04-18,8.4436,31.395,771.8,1.3945,24.49,25.35,0.906,6.24
1995-04-19,8.4434,31.4,770.7,1.3937,24.47,25.31,0.913,6.11
1995-04-20,8.4432,31.44,769.3,1.398,24.54,25.37,0.918,6.12
1995-04-21,8.443,31.425,768.7,1.3945,24.55,25.41,0.908,6.01
1995-04-24,8.4427,31.4,767.4,1.3945,24.56,25.4,0.913,5.97
1995-04-25,8.4405,31.38,765.8,1.392,24.52,25.41,0.921,5.91
1995-04-26,8.4338,31.38,764.9,1.3963,24.57,25.41,0.917,5.83
1995-04-27,8.4302,31.39,764.8,1.394,24.58,25.42,0.917,5.85
1995-04-28,8.4274,31.45,763.9,1.3937,24.6,25.41,0.913,6.05
1995-05-01,8.4274,31.44,764.8,1.3907,24.6,25.4,0.918,5.94
1995-05-02,8.4152,31.432,764.8,1.3902,24.56,25.4,0.914,5.96
1995-05-03,8.3994,31.43,765.1,1.39,24.58,25.4,0.904,5.83
1995-05-04,8.3848,31.42,765.3,1.3905,24.56,25.41,0.903,5.91
1995-05-05,8.3642,31.42,765.3,1.3917,24.58,25.41,0.901,5.87
1995-05-08,8.3547,31.4,765.5,1.39,24.54,25.41,0.898,5.88
1995-05-09,8.3447,31.39,763.6,1.3916,24.54,25.41,0.897,5.86
1995-05-10,8.3253,31.435,762.9,1.3936,24.59,25.41,0.894,5.97
1995-05-11,8.315,31.38,763.3,1.401,24.68,25.41,0.896,5.93
1995-05-12,8.3028,31.44,764.1,1.409,24.74,25.41,0.896,5.95
1995-05-15,8.2916,31.45,766.3,1.406,24.73,25.5,0.889,5.97
1995-05-16,8.2982,31.45,766.2,1.4013,24.71,25.58,0.89,5.95
1995-05-17,8.3063,31.44,765.5,1.3998,24.74,25.59,0.89,5.94
1995-05-18,8.3107,31.44,764.9,1.398,24.8,25.65,0.89,5.94
1995-05-19,8.3132,31.42,764.5,1.394,24.76,25.65,0.891,5.92
1995-05-22,8.3159,31.407,763.7,1.3945,24.76,25.78,0.889,5.92
1995-05-23,8.3188,31.387,764.3,1.3932,24.75,25.83,0.889,5.99
1995-05-24,8.3222,31.4,764.8,1.3937,24.75,25.84,0.889,6.06
1995-05-25,8.3241,31.41,763.3,1.3905,24.69,25.77,0.894,6.1
1995-05-26,8.3263,31.4,763.1,1.3903,24.62,25.4,0.898,6.17
1995-05-30,8.3277,31.3725,763.1,1.3907,24.6,25.58,0.907,6.21
1995-05-31,8.3255,31.43,763.1,1.393,24.7,25.58,0.908,6.16
1995-06-01,8.3236,31.42,762.0,1.391,24.69,25.7,0.908,6.25
1995-06-02,8.3218,31.44,761.8,1.3916,24.69,25.71,0.904,6.2
1995-06-05,8.3198,31.4,763.8,1.3915,24.66,25.67,0.903,6.18
1995-06-06,8.3204,31.4,763.8,1.393,24.69,25.74,0.908,6.125
1995-06-07,8.3183,31.412,764.9,1.3917,24.65,25.69,0.911,6.15
1995-06-08,8.3166,31.41,764.0,1.3923,24.7,25.69,0.911,6.23
1995-06-09,8.32,31.42,763.5,1.392,24.66,25.69,0.918,6.27
1995-06-12,8.3208,31.42,767.3,1.3923,24.64,25.73,0.919,6.29
1995-06-13,8.3203,31.4,766.9,1.3942,24.64,25.75,0.917,6.2
1995-06-14,8.32,31.4,765.1,1.3945,24.65,25.8,0.907,6.23
1995-06-15,8.3219,31.4,766.2,1.3985,24.68,25.78,0.907,6.2
1995-06-16,8.3204,31.4,765.4,1.396,24.67,25.79,0.909,6.19
1995-06-19,8.3202,31.4,764.3,1.3955,24.67,25.88,0.912,6.225
1995-06-20,8.32,31.4,763.8,1.3967,24.66,25.91,0.915,6.22
1995-06-21,8.3209,31.39,763.5,1.4,24.66,25.88,0.919,6.28
1995-06-22,8.3218,31.38,763.5,1.3997,24.68,25.84,0.919,6.255
1995-06-23,8.3215,31.39,763.6,1.3975,24.67,25.79,0.919,6.25
1995-06-26,8.3213,31.377,763.3,1.3985,24.67,25.84,0.918,6.26
1995-06-27,8.3207,31.375,763.3,1.3975,24.66,25.87,0.919,6.275
1995-06-28,8.3207,31.407,762.7,1.398,24.71,25.85,0.919,6.32
1995-06-29,8.321,31.43,761.6,1.397,24.69,25.82,0.919,6.27
1995-06-30,8.3211,31.41,761.1,1.3975,24.69,25.83,0.921,6.255
1995-07-03,8.3207,31.41,761.0,1.3963,24.68,25.9,0.92,6.255
1995-07-05,8.3201,31.38,760.1,1.397,24.69,25.88,0.923,6.27
1995-07-06,8.32,31.38,759.1,1.3973,24.7,25.88,0.925,6.25
1995-07-07,8.32,31.39,759.0,1.4005,24.75,25.93,0.925,6.17
1995-07-10,8.3223,31.372,760.2,1.404,24.75,26.21,0.925,6.15
1995-07-11,8.322,31.402,760.6,1.403,24.77,26.17,0.9243,6.11
1995-07-12,8.3217,31.37,760.7,1.399,24.78,26.18,0.9241,6.1175
1995-07-13,8.3214,31.372,760.3,1.398,24.75,26.21,0.926,6.05
1995-07-14,8.3211,31.37,760.1,1.3977,24.75,26.18,0.9255,6.0175
1995-07-17,8.3209,31.38,762.1,1.4005,24.78,26.3,0.929,6.0
1995-07-18,8.3213,31.38,762.1,1.3972,24.78,26.4,0.928,6.04
1995-07-19,8.3211,31.39,761.2,1.4,24.77,26.39,0.929,6.08
1995-07-20,8.3204,31.38,759.9,1.3995,24.77,26.38,0.9281,6.15
1995-07-21,8.3202,31.37,759.5,1.3995,24.79,26.42,0.9333,6.1
1995-07-24,8.3204,31.38,759.1,1.3995,24.76,26.5,0.9332,6.095
1995-07-25,8.3203,31.377,759.2,1.3985,24.77,26.59,0.9354,6.16
1995-07-26,8.3202,31.39,759.1,1.3978,24.76,26.7,0.9352,6.11
1995-07-27,8.3202,31.387,759.1,1.3945,24.76,26.44,0.9358,6.095
1995-07-28,8.3203,31.395,759.0,1.3943,24.76,26.42,0.9363,6.105
1995-07-31,8.3203,31.43,759.5,1.3935,24.77,26.48,0.9353,6.115
1995-08-01,8.32,31.42,760.1,1.394,24.77,26.64,0.9355,6.125
1995-08-02,8.3202,31.42,760.2,1.3975,24.82,26.68,0.9353,6.12
1995-08-03,8.3202,31.417,760.5,1.398,24.79,26.8,0.9351,6.125
1995-08-04,8.3,31.42,758.5,1.3987,24.82,26.6,0.936,6.155
1995-08-07,8.32,31.44,762.0,1.4,24.83,26.94,0.9351,6.12
1995-08-08,8.3214,31.45,761.6,1.3975,24.85,26.92,0.9351,6.145
1995-08-09,8.3216,31.47,761.2,1.3965,24.84,26.95,0.9362,6.14
1995-08-10,8.3223,31.45,761.0,1.3962,24.89,26.97,0.9352,6.146
1995-08-11,8.3225,31.457,761.3,1.3987,24.91,27.4,0.9354,6.14
1995-08-14,8.3238,31.495,763.1,1.4007,24.92,27.32,0.9411,6.145
1995-08-15,8.3257,31.49,763.1,1.409,25.03,27.29,0.9412,6.1525
1995-08-16,8.3294,31.62,765.0,1.42,25.08,27.5,0.9414,6.17
1995-08-17,8.3206,31.595,773.2,1.4253,25.09,27.47,0.9411,6.1925
1995-08-18,8.3217,31.59,766.6,1.4277,25.01,27.45,0.9429,6.255
1995-08-21,8.3322,31.62,777.7,1.4267,25.05,27.46,0.9413,6.23
1995-08-22,8.3325,31.63,776.3,1.4255,25.04,27.5,0.9418,6.2125
1995-08-23,8.3333,31.7,776.9,1.4234,25.04,27.49,0.9463,6.28
1995-08-24,8.3348,31.82,777.5,1.424,25.06,27.47,0.9465,6.31
1995-08-25,8.3353,31.72,777.0,1.4225,25.04,27.48,0.9487,6.31
1995-08-28,8.3365,31.85,774.3,1.416,25.01,27.5,0.948,6.325
1995-08-29,8.3282,31.85,774.8,1.4225,25.05,27.55,0.9505,6.3175
1995-08-30,8.3293,31.83,765.4,1.426,25.09,27.5,0.9493,6.2925
1995-08-31,8.3298,31.87,773.4,1.4205,25.06,27.5,0.95,6.3
1995-09-01,8.3292,31.925,773.2,1.421,25.05,27.5,0.9496,6.26
1995-09-05,8.3381,32.4,769.9,1.423,25.06,27.49,0.9483,6.235
1995-09-06,8.3378,32.29,770.9,1.426,25.09,27.5,0.9486,6.255
1995-09-07,8.3375,32.21,771.0,1.4235,25.09,27.5,0.9482,6.26
1995-09-08,8.3375,32.26,771.0,1.4292,25.12,27.5,0.951,6.28
1995-09-11,8.3377,32.47,771.8,1.4285,25.1,27.49,0.9513,6.295
1995-09-12,8.338,32.71,773.8,1.432,25.13,27.5,0.9512,6.29
1995-09-13,8.3384,32.89,775.8,1.436,25.175,27.5,0.952,6.2825
1995-09-14,8.339,34.05,775.1,1.4331,25.18,27.5,0.9526,6.28
1995-09-15,8.3394,33.9,776.3,1.443,25.2,27.5,0.9516,6.2775
1995-09-18,8.3397,33.78,777.2,1.4455,25.2,27.5,0.9517,6.3
1995-09-19,8.3329,33.89,775.8,1.449,25.23,27.5,0.9525,6.3
1995-09-20,8.3398,33.84,775.0,1.4447,25.19,27.48,0.9532,6.3375
1995-09-21,8.3294,34.0,770.2,1.4347,25.13,27.46,0.9532,6.312
1995-09-22,8.3394,33.82,770.4,1.4305,25.07,27.46,0.9536,6.375
1995-09-25,8.3394,34.0,769.3,1.4437,25.12,27.37,0.9533,6.39
1995-09-26,8.3392,33.92,768.9,1.442,25.13,27.34,0.954,6.385
1995-09-27,8.339,33.91,768.4,1.4295,25.11,27.24,0.9549,6.395
1995-09-28,8.3389,33.99,768.5,1.4238,25.1,27.24,0.9544,6.44
1995-09-29,8.3385,33.94,768.3,1.423,25.1,27.07,0.9531,6.385
1995-10-02,8.3385,33.92,768.4,1.439,25.14,26.9,0.9531,6.415
1995-10-03,8.3385,33.9,768.4,1.4345,25.15,26.76,0.9581,6.57
1995-10-04,8.3385,33.82,767.3,1.4323,25.14,26.86,0.9581,6.55
1995-10-05,8.338,33.91,769.4,1.4255,25.12,26.81,0.9582,6.54
1995-10-06,8.3374,33.91,768.7,1.427,25.13,26.91,0.9586,6.545
1995-10-10,8.3358,33.89,769.3,1.4265,25.1,26.9,0.9582,6.84
1995-10-11,8.335,33.87,768.0,1.4244,25.12,26.91,0.9584,6.75
1995-10-12,8.3344,33.965,768.3,1.424,25.1,26.91,0.958,6.715
1995-10-13,8.3342,34.35,768.5,1.427,25.11,26.9,0.9583,6.74
1995-10-16,8.3348,34.6,768.4,1.4235,25.11,26.93,0.9585,6.747
1995-10-17,8.3348,34.85,767.4,1.424,25.1,26.97,0.9585,6.76
1995-10-18,8.3341,34.91,766.6,1.4262,25.11,26.96,0.9582,6.725
1995-10-19,8.3342,35.09,766.3,1.424,25.1,27.0,0.9592,6.69
1995-10-20,8.3344,35.65,767.0,1.4218,25.08,26.99,0.9611,6.68
1995-10-23,8.3339,35.65,765.5,1.4125,25.08,26.95,0.9612,6.668
1995-10-24,8.3336,35.6,765.8,1.4148,25.06,26.93,0.9615,6.765
1995-10-25,8.3337,35.6,765.4,1.4185,25.1,26.93,0.9615,6.79
1995-10-26,8.3343,35.6,765.8,1.4165,25.12,26.96,0.9614,6.96
1995-10-27,8.3344,35.5,766.0,1.415,25.13,26.96,0.9614,7.13
1995-10-30,8.3349,34.9,765.4,1.4155,25.15,27.0,0.9613,6.92
1995-10-31,8.3349,34.3,765.2,1.4131,25.17,26.99,0.962,7.15
1995-11-01,8.3346,34.6,766.1,1.4175,25.21,27.09,0.9625,7.33
1995-11-02,8.3348,34.5,770.0,1.4158,25.25,27.19,0.9625,7.31
1995-11-03,8.3347,34.7,771.7,1.412,25.24,27.24,0.9621,7.66
1995-11-06,8.3347,34.77,771.7,1.4098,25.22,27.21,0.9618,7.35
1995-11-07,8.3349,34.61,772.0,1.4135,25.2,27.22,0.9614,7.51
1995-11-08,8.3348,34.35,770.3,1.4146,25.17,27.22,0.9614,7.77
1995-11-09,8.3346,34.53,769.5,1.412,25.16,27.22,0.9612,8.05
1995-11-10,8.334,34.56,769.2,1.4127,25.14,27.19,,7.73
1995-11-13,8.3339,34.57,768.8,1.4139,25.17,27.2,0.9619,7.9
1995-11-14,8.3336,34.59,769.8,1.412,25.15,27.26,0.963,8.05
1995-11-15,8.3331,34.58,768.6,1.4115,25.13,27.24,0.9625,7.96
1995-11-16,8.3335,34.81,768.8,1.4133,25.15,27.26,0.9627,7.87
1995-11-17,8.3332,34.71,770.1,1.4125,25.14,27.27,0.9617,7.78
1995-11-20,8.333,34.82,774.2,1.4125,25.13,27.34,0.9625,7.75
1995-11-21,8.3329,34.82,769.2,1.4125,25.13,27.32,0.9642,7.73
1995-11-22,8.3328,34.83,768.6,1.4112,25.12,27.34,0.9647,7.75
1995-11-24,8.3322,34.88,768.9,1.413,25.14,27.31,0.9649,7.7
1995-11-27,8.3322,34.93,769.0,1.4125,25.16,27.31,0.9645,7.68
1995-11-28,8.3316,34.93,768.9,1.4125,25.16,27.32,0.9642,7.65
1995-11-29,8.3316,34.91,769.3,1.4125,25.15,27.32,0.9642,7.485
1995-11-30,8.3316,34.91,770.7,1.411,25.17,27.32,0.9661,7.55
1995-12-01,8.3327,34.93,770.0,1.4145,25.16,27.36,0.9661,7.58
1995-12-04,8.3331,34.92,769.4,1.415,25.15,27.31,0.9665,7.62
1995-12-05,8.3332,34.87,769.8,1.4132,25.14,27.29,0.9662,7.68
1995-12-06,8.3333,34.84,769.7,1.414,25.15,27.3,0.9665,7.675
1995-12-07,8.3335,34.84,769.8,1.414,25.16,27.3,0.9665,7.71
1995-12-08,8.3338,34.93,769.7,1.4152,25.17,27.3,0.9663,7.78
1995-12-11,8.32,34.84,769.4,1.4137,25.14,27.31,0.9665,7.76
1995-12-12,8.3348,34.88,770.7,1.416,25.17,27.31,0.9663,7.77
1995-12-13,8.3346,34.96,769.7,1.4167,25.16,27.32,0.9668,7.7975
1995-12-14,8.3354,34.975,771.1,1.416,25.14,27.32,0.9669,7.82
1995-12-15,8.3371,34.97,771.7,1.416,25.16,27.33,0.9673,7.77
1995-12-18,8.338,34.99,771.8,1.4139,25.15,27.35,0.9676,7.755
1995-12-19,8.3376,34.98,771.5,1.4145,25.16,27.34,0.968,7.69
1995-12-20,8.3374,34.98,771.7,1.415,25.18,27.34,,7.55
1995-12-21,8.3373,35.03,772.5,1.4143,25.18,27.34,0.9699,7.59
1995-12-22,8.3374,34.99,772.7,1.4165,25.18,27.29,0.971,7.58
1995-12-26,8.3379,35.01,772.8,1.4148,25.17,27.3,0.9698,7.55
1995-12-27,8.3379,35.07,772.5,1.4153,25.17,27.3,0.9706,7.635
1995-12-28,8.3379,35.14,773.8,1.413,25.19,27.29,,7.6875
1995-12-29,8.3374,35.18,775.8,1.415,25.2,27.29,,7.74
1996-01-02,8.338,35.21,775.8,1.4157,25.19,27.27,0.9723,7.695
1996-01-03,8.3391,35.22,778.5,1.419,25.23,27.27,0.973,7.57
1996-01-04,8.3403,35.32,787.3,1.431,25.27,27.33,0.9722,7.57
1996-01-05,8.3404,35.44,788.3,1.4235,25.25,27.32,0.9721,7.57
1996-01-08,8.3415,35.85,788.3,1.426,25.26,27.38,0.9721,7.57
1996-01-09,8.3414,35.87,787.2,1.4237,25.5,27.39,0.9712,7.49
1996-01-10,8.3408,35.8,787.9,1.424,25.25,27.39,0.9722,7.54
1996-01-11,8.3404,35.81,792.2,1.422,25.24,27.41,0.9729,7.54
1996-01-12,8.3404,35.78,790.6,1.423,25.28,27.38,0.973,7.47
1996-01-16,8.3404,35.91,792.7,1.4255,25.27,27.4,0.98,7.53
1996-01-17,8.3402,35.86,791.7,1.4158,25.27,27.43,0.9722,7.51
1996-01-18,8.3391,35.895,789.7,1.419,25.3,27.42,0.9723,7.475
1996-01-19,8.3378,35.91,790.0,1.4215,25.3,27.43,0.9726,7.435
1996-01-22,8.3374,35.85,789.4,1.425,25.3,27.44,0.9742,7.325
1996-01-23,8.337,35.76,787.6,1.4203,25.31,27.44,0.9763,7.365
1996-01-24,8.3363,35.84,787.3,1.4218,25.33,27.46,0.9767,7.42
1996-01-25,8.3367,36.06,786.2,1.419,25.34,27.46,0.977,7.395
1996-01-26,8.3357,36.07,785.6,1.4175,25.35,27.46,0.9782,7.4325
1996-01-29,8.335,35.99,783.3,1.419,25.33,27.49,0.978,7.39
1996-01-30,8.3347,36.14,784.9,1.4208,25.35,27.48,0.9783,7.36
1996-01-31,8.3338,36.46,785.3,1.4105,25.34,27.47,0.9782,7.44
1996-02-01,8.3332,36.61,784.8,1.42,25.34,27.49,0.978,7.414
1996-02-02,8.3327,36.8,781.5,1.418,25.35,27.48,0.9783,7.425
1996-02-05,8.3331,38.05,778.2,1.4121,25.26,27.47,0.9783,7.41
1996-02-06,8.332,37.75,777.6,1.415,25.26,27.48,0.9781,7.478
1996-02-07,8.3311,37.3,781.7,1.4145,25.25,27.48,0.9782,7.4775
1996-02-08,8.33,37.2,780.8,1.4165,25.28,27.48,0.9783,7.485
1996-02-09,8.3294,36.95,780.5,1.4169,25.28,27.48,0.9783,7.495
1996-02-12,8.3292,36.97,778.6,1.4138,25.27,27.47,0.9784,7.5275
1996-02-13,8.3304,36.76,779.1,1.416,25.3,27.48,0.9801,7.57
1996-02-14,8.33,36.52,778.5,1.414,25.27,27.46,0.9807,7.535
1996-02-15,8.3312,36.53,778.0,1.4135,25.24,27.47,0.9842,7.505
1996-02-16,8.3336,36.55,779.9,1.4005,25.24,27.49,0.981,7.55
1996-02-20,8.3352,36.56,779.9,1.402,25.22,27.49,0.9845,7.5825
1996-02-21,8.3352,36.63,779.4,1.4026,25.24,27.49,0.984,7.54
1996-02-22,8.3352,36.8,778.9,1.4065,25.22,27.49,0.982,7.545
1996-02-23,8.3352,36.28,780.3,1.409,25.2,27.49,0.9818,7.5325
1996-02-26,8.3369,35.92,780.0,1.4063,25.17,27.5,0.9831,7.558
1996-02-27,8.3396,35.57,779.3,1.4085,25.18,27.5,0.9838,7.54
1996-02-28,8.3407,35.29,782.5,1.413,25.2,27.5,0.9831,7.56
1996-02-29,8.3411,34.85,782.8,1.4122,25.22,27.5,0.985,7.635
1996-03-01,8.3411,34.6,782.8,1.412,25.22,27.5,0.9845,7.59
1996-03-04,8.3408,34.55,779.7,1.4128,25.5,27.5,0.9833,7.575
1996-03-05,8.341,34.3,779.3,1.4115,25.2,27.5,0.9834,7.585
1996-03-06,8.3423,34.12,777.7,1.4122,25.21,27.5,,7.61
1996-03-07,8.3429,34.25,778.3,1.409,25.21,27.5,0.9843,7.57
1996-03-08,8.3439,34.2,777.5,1.4095,25.22,27.5,0.9838,7.591
1996-03-11,8.3463,34.25,780.8,1.407,25.23,27.5,0.9838,7.615
1996-03-12,8.3499,34.13,780.6,1.408,25.22,27.5,0.9841,7.608
1996-03-13,8.3548,34.21,780.3,1.407,25.23,27.5,0.9865,7.595
1996-03-14,8.3533,34.15,780.7,1.4075,25.24,27.5,0.9872,7.56
1996-03-15,8.3517,34.48,780.7,1.408,25.24,27.47,0.9874,7.576
1996-03-18,8.3527,35.2,781.8,1.4075,25.25,27.45,0.9861,7.555
1996-03-19,8.353,35.35,781.8,1.407,25.26,27.32,0.9863,7.525
1996-03-20,8.352,35.5,782.3,1.4106,25.26,27.2,0.9898,7.532
1996-03-21,8.352,35.0,784.4,1.4105,25.26,27.27,0.9868,7.55
1996-03-22,8.353,34.6,786.7,1.41,25.27,27.3,0.9873,7.56
1996-03-25,8.3549,34.1,782.1,1.4075,25.26,27.31,0.9878,7.5475
1996-03-26,8.3542,34.1,782.8,1.4065,25.23,27.25,0.988,7.54
1996-03-27,8.3533,34.55,782.3,1.4205,25.25,27.28,0.9881,7.55
1996-03-28,8.3535,34.2,782.7,1.4075,25.24,27.25,0.987,7.56
1996-03-29,8.3538,34.35,782.3,1.4081,25.26,27.3,0.988,7.5375
1996-04-01,8.3539,34.25,781.7,1.407,25.27,27.24,0.9873,7.5125
1996-04-02,8.3539,34.35,780.3,1.4055,25.26,27.24,0.9872,7.515
1996-04-03,8.3538,34.2,780.3,1.4055,25.24,27.24,0.9869,7.52
1996-04-04,8.3525,34.5,780.1,1.4045,25.24,27.24,0.9872,7.535
1996-04-05,8.3511,34.2,780.1,1.4155,25.26,27.19,0.987,7.535
1996-04-08,8.3512,34.15,780.1,1.4057,25.27,27.17,0.9871,7.5725
1996-04-09,8.3515,34.15,780.8,1.408,25.3,27.19,0.9891,7.54
1996-04-10,8.3518,34.25,782.2,1.41,25.33,27.18,0.9893,7.492
1996-04-11,8.3524,34.3,782.2,1.408,25.33,27.18,0.9915,7.485
1996-04-12,8.3522,34.25,782.8,1.4115,25.33,27.18,0.9902,7.5
1996-04-15,8.3521,34.5,782.8,1.4115,25.33,27.16,0.9898,7.4775
1996-04-16,8.3517,34.4,781.9,1.411,25.32,27.16,0.9895,7.435
1996-04-17,8.3512,34.25,781.7,1.409,25.32,27.16,0.9892,7.425
1996-04-18,8.3509,34.3,779.9,1.408,25.3,27.15,0.989,7.44
1996-04-19,8.3506,34.25,779.1,1.409,25.29,27.15,0.9911,7.405
1996-04-22,8.35,34.2,778.9,1.4095,25.3,27.16,0.9913,7.3825
1996-04-23,8.3502,34.3,779.2,1.41,25.28,27.18,0.9911,7.425
1996-04-24,8.3501,34.25,778.9,1.409,25.3,27.22,0.9915,7.435
1996-04-25,8.3501,34.35,779.6,1.4087,25.3,27.2,0.9913,7.385
1996-04-26,8.35,34.35,779.1,1.4075,25.3,27.2,0.9939,7.412
1996-04-29,8.3506,34.28,779.2,1.406,25.25,27.17,0.9922,7.457
1996-04-30,8.3501,35.0,778.3,1.4055,25.26,27.17,0.9925,7.44
1996-05-01,8.3501,34.8,778.3,1.4065,25.27,27.17,0.9922,7.415
1996-05-02,8.3501,34.75,778.6,1.4055,25.26,27.17,0.9921,7.4725
1996-05-03,8.35,34.65,778.3,1.4037,25.28,27.17,0.9922,7.475
1996-05-06,8.35,34.65,778.3,1.4043,25.26,27.18,0.9923,7.53
1996-05-07,8.35,34.45,778.3,1.404,25.24,27.17,0.9935,7.5075
1996-05-08,8.35,34.7,778.4,1.4052,25.23,27.17,0.9924,7.49
1996-05-09,8.3501,35.2,778.5,1.405,25.23,27.18,0.9933,7.475
1996-05-10,8.3502,35.35,778.5,1.4058,25.25,27.18,0.9943,7.448
1996-05-13,8.3502,35.4,778.3,1.4053,25.25,27.18,0.9945,7.441
1996-05-14,8.35,35.0,778.2,1.4077,25.28,27.2,0.997,7.415
1996-05-15,8.3501,34.9,778.4,1.4087,25.28,27.21,0.9952,7.45
1996-05-16,8.35,35.0,779.3,1.409,25.3,27.22,0.9968,7.425
1996-05-17,8.3493,35.1,780.2,1.408,25.3,27.24,0.9955,7.407
1996-05-20,8.3484,35.1,781.0,1.4085,25.31,27.32,0.9965,7.415
1996-05-21,8.3473,35.2,780.1,1.409,25.31,27.33,0.9955,7.395
1996-05-22,8.3472,35.05,781.6,1.4093,25.31,27.34,0.9956,7.389
1996-05-23,8.3467,35.1,781.6,1.4102,25.32,27.3,0.9963,7.3825
1996-05-24,8.3467,35.25,781.6,1.4108,25.33,27.95,0.9964,7.4025
1996-05-28,8.3448,35.18,786.8,1.414,25.36,27.91,0.997,7.395
1996-05-29,8.33,35.25,788.3,1.4022,25.36,27.79,0.9965,7.4125
1996-05-30,8.3463,35.24,788.3,1.4095,25.31,27.68,0.9975,7.44
1996-05-31,8.3455,35.23,788.0,1.4095,25.32,27.68,0.9981,7.4275
1996-06-03,8.3454,35.1,785.8,1.4075,25.34,27.69,0.9982,7.475
1996-06-04,8.3449,35.1,786.6,1.4099,25.34,27.76,0.9982,7.431
1996-06-05,8.3439,35.06,787.0,1.41,25.35,27.77,0.9982,7.475
1996-06-06,8.3434,35.0,787.0,1.4096,25.37,27.68,0.9982,7.505
1996-06-07,8.3437,35.0,787.6,1.4087,25.36,27.73,0.9991,7.52
1996-06-10,8.3434,35.0,790.8,1.409,25.36,27.74,0.9995,7.525
1996-06-11,8.3435,35.05,792.5,1.4095,25.37,27.75,0.9994,7.62
1996-06-12,8.3429,35.05,794.9,1.409,25.37,27.74,1.0012,7.5775
1996-06-13,8.3421,35.1,797.8,1.4095,25.36,27.66,1.0001,7.64
1996-06-14,8.3417,35.1,796.4,1.4095,25.35,27.61,1.0011,7.595
1996-06-17,8.3422,35.1,798.9,1.4085,25.34,27.67,1.0015,7.585
1996-06-18,8.3424,35.15,798.4,1.4085,25.31,27.65,1.0015,7.585
1996-06-19,8.3418,35.1,799.2,1.407,25.31,27.65,1.0025,7.53
1996-06-20,8.3412,35.1,807.0,1.409,25.32,27.65,1.0029,7.555
1996-06-21,8.3403,35.05,807.3,1.4103,25.36,27.62,1.003,7.578
1996-06-24,8.3401,35.1,811.6,1.4095,25.35,27.63,1.003,7.6475
1996-06-25,8.3406,35.1,811.0,1.4115,25.36,27.69,1.003,7.6075
1996-06-26,8.3406,35.1,808.8,1.412,25.38,27.64,1.005,7.624
1996-06-27,8.341,35.2,809.0,1.4005,25.38,27.6,1.005,7.636
1996-06-28,8.3421,35.43,811.4,1.4115,25.4,27.55,1.006,7.585
1996-07-01,8.3417,35.1,809.9,1.4115,25.38,27.54,1.005,7.6075
1996-07-02,8.3411,35.15,812.8,1.4125,25.39,27.51,1.0055,7.591
1996-07-03,8.3401,35.15,806.0,1.4138,25.42,27.58,1.0051,7.6
1996-07-05,8.34,35.2,813.7,1.414,25.42,27.57,1.0045,7.633
1996-07-08,8.3387,35.45,814.2,1.4145,25.43,27.68,1.005,7.67
1996-07-09,8.3372,35.4,810.3,1.4135,25.41,27.55,1.006,7.64
1996-07-10,8.3361,35.45,811.2,1.414,25.42,27.6,1.0054,7.625
1996-07-11,8.336,35.6,812.6,1.4163,25.42,27.61,1.006,7.648
1996-07-12,8.3359,35.6,814.0,1.4203,25.43,27.56,1.0055,7.6425
1996-07-15,8.3365,35.7,813.7,1.4192,25.41,27.65,1.0075,7.647
1996-07-16,8.3451,35.95,813.5,1.4165,25.35,27.57,1.0063,7.665
1996-07-17,8.3452,36.0,813.5,1.4185,25.33,27.58,1.007,7.657
1996-07-18,8.3447,35.83,814.4,1.419,25.32,27.59,1.0075,7.635
1996-07-19,8.3452,35.8,814.1,1.4177,25.31,27.56,1.0076,7.618
1996-07-22,8.344,35.75,814.0,1.4205,25.3,27.56,1.0074,7.632
1996-07-23,8.3432,35.8,813.3,1.418,25.29,27.57,1.0075,7.607
1996-07-24,8.343,35.75,814.3,1.4169,25.27,27.56,1.009,7.607
1996-07-25,8.3427,35.85,813.4,1.4155,25.29,27.51,1.009,7.59
1996-07-26,8.3414,35.8,814.3,1.417,25.34,27.65,1.0032,7.597
1996-07-29,8.3411,35.8,817.0,1.416,25.33,27.55,1.0103,7.517
1996-07-30,8.3409,36.85,813.5,1.4143,25.3,27.52,1.0108,7.574
1996-07-31,8.3407,35.7,813.0,1.413,25.25,27.53,1.0107,7.59
1996-08-01,8.3405,35.65,813.2,1.4141,25.25,27.52,1.0103,7.57
1996-08-02,8.3404,35.55,813.8,1.416,25.27,27.51,1.0098,7.542
1996-08-05,8.34,35.8,814.5,1.416,25.25,27.5,1.0092,7.551
1996-08-06,8.3398,35.8,814.3,1.417,25.25,27.48,1.0102,7.535
1996-08-07,8.3395,35.8,814.3,1.417,25.28,27.49,1.0114,7.533
1996-08-08,8.3395,35.95,814.3,1.4183,25.31,27.51,1.035,7.5325
1996-08-09,8.339,35.9,814.5,1.416,25.31,27.47,1.012,7.52
1996-08-12,8.3386,35.8,814.8,1.415,25.29,27.5,1.012,7.508
1996-08-13,8.338,35.8,817.0,1.4135,25.29,27.51,1.0148,7.4925
1996-08-14,8.3374,35.8,821.4,1.4125,25.27,27.49,1.0124,7.4925
1996-08-15,8.3372,35.8,821.4,1.4128,25.3,27.49,1.0127,7.5025
1996-08-16,8.3369,35.8,820.1,1.4095,25.3,27.49,1.015,7.485
1996-08-19,8.3366,35.8,819.5,1.4103,25.28,27.49,1.0133,7.488
1996-08-20,8.3365,35.8,819.9,1.4107,25.29,27.53,1.0144,7.477
1996-08-21,8.3371,35.7,818.9,1.412,25.31,27.51,1.0145,7.49
1996-08-22,8.3369,35.8,819.3,1.412,25.31,27.51,1.0145,7.48
1996-08-23,8.3371,35.8,818.4,1.4105,25.31,27.5,1.0149,7.488
1996-08-26,8.3371,35.85,818.2,1.409,25.29,27.48,1.0205,7.502
1996-08-27,8.3369,35.85,819.1,1.4085,25.28,27.48,1.017,7.5175
1996-08-28,8.3366,35.85,819.5,1.406,25.29,27.5,1.0161,7.493
1996-08-29,8.3364,35.85,819.8,1.4078,25.31,27.49,1.0167,7.525
1996-08-30,8.3363,35.85,819.3,1.4075,25.32,27.47,1.0165,7.59
1996-09-03,8.336,35.75,818.9,1.4085,25.5,27.52,1.0165,7.578
1996-09-04,8.3361,35.95,818.8,1.408,25.29,27.5,1.0175,7.561
1996-09-05,8.3359,35.95,818.3,1.4077,25.34,27.5,1.0185,7.6
1996-09-06,8.3357,35.85,819.2,1.407,25.36,27.5,1.0178,7.574
1996-09-09,8.3355,35.85,819.6,1.408,25.35,27.49,1.0192,7.545
1996-09-10,8.3354,35.85,822.8,1.406,25.8,27.5,1.0208,7.545
1996-09-11,8.3353,35.85,821.6,1.41,25.39,27.5,1.0184,7.56
1996-09-12,8.3352,35.95,823.2,1.4095,25.39,27.5,1.0195,7.545
1996-09-13,8.335,35.85,821.0,1.4095,25.41,27.5,1.0195,7.514
1996-09-16,8.3345,35.9,829.0,1.4115,25.41,27.5,1.019,7.515
1996-09-17,8.3343,35.9,829.2,1.4117,25.4,27.51,1.0191,7.508
1996-09-18,8.3341,35.9,828.5,1.4085,25.36,27.5,1.0194,7.49
1996-09-19,8.3336,35.85,824.3,1.4075,25.37,27.51,1.0193,7.5075
1996-09-20,8.333,35.9,820.2,1.4085,25.39,27.51,1.0202,7.553
1996-09-23,8.3324,35.85,821.3,1.4074,25.38,27.51,1.0199,7.592
1996-09-24,8.3322,35.85,821.4,1.4083,25.38,27.5,1.0199,7.53
1996-09-25,8.3325,35.85,821.4,1.4088,25.37,27.48,1.022,7.533
1996-09-26,8.3321,35.85,821.4,1.409,25.41,27.49,1.0203,7.541
1996-09-27,8.3317,35.85,821.4,1.4083,25.42,27.49,1.0206,7.54
1996-09-30,8.3317,35.85,826.5,1.408,25.42,27.49,1.0211,7.55
1996-10-01,8.3317,35.85,821.0,1.409,25.43,27.49,1.0215,7.529
1996-10-02,8.3317,35.85,821.7,1.41,25.44,27.5,1.022,7.522
1996-10-03,8.3315,35.8,821.7,1.4098,25.43,27.5,1.0214,7.533
1996-10-04,8.3307,35.8,824.8,1.4112,25.44,27.5,1.0219,7.535
1996-10-07,8.3307,35.85,828.1,1.4116,25.45,27.5,1.028,7.531
1996-10-08,8.3315,35.85,829.1,1.4107,25.44,27.51,1.023,7.544
1996-10-09,8.3305,35.85,829.5,1.41,25.44,27.51,1.0237,7.576
1996-10-10,8.3299,35.85,833.9,1.4095,25.45,27.51,1.0235,7.608
1996-10-11,8.3293,35.7,829.1,1.4095,25.46,27.49,1.0265,7.643
1996-10-15,8.3281,35.75,829.5,1.412,25.48,27.5,1.027,7.75
1996-10-16,8.3275,35.75,828.2,1.4141,25.48,27.51,1.025,7.795
1996-10-17,8.327,35.8,826.7,1.4139,25.5,27.5,1.0246,7.772
1996-10-18,8.3278,35.73,827.4,1.4146,25.5,27.51,1.0248,7.773
1996-10-21,8.33,35.85,829.3,1.4148,25.49,27.51,1.0258,7.739
1996-10-22,8.33,35.85,827.7,1.4157,25.48,27.57,1.0267,7.77
1996-10-23,8.33,35.65,827.0,1.4167,25.47,27.63,1.0269,7.855
1996-10-24,8.33,35.75,827.5,1.4168,25.49,27.58,1.0261,7.839
1996-10-25,8.33,35.75,829.5,1.416,25.5,27.6,1.0273,7.96
1996-10-28,8.33,35.8,833.0,1.4173,25.53,27.6,1.0284,7.91
1996-10-29,8.33,35.85,834.5,1.4135,25.52,27.57,1.0283,7.92
1996-10-30,8.33,35.85,833.5,1.4083,25.5,27.56,1.0278,8.01
1996-10-31,8.33,35.9,828.5,1.4088,25.51,27.56,1.0275,8.045
1996-11-01,8.3285,35.84,827.0,1.4085,25.51,27.53,1.0278,7.97
1996-11-04,8.3279,35.75,828.0,1.4072,25.49,27.52,1.0277,7.925
1996-11-05,8.3277,35.74,828.0,1.4085,25.51,27.52,1.028,7.897
1996-11-06,8.3275,35.85,830.0,1.408,25.5,27.55,1.0278,7.9025
1996-11-07,8.3273,35.85,833.1,1.4023,25.45,27.52,1.03,7.958
1996-11-08,8.327,36.12,833.5,1.4,25.45,27.54,1.0302,7.92
1996-11-12,8.3267,35.9,831.0,1.401,25.43,27.52,1.0318,7.92
1996-11-13,8.3281,35.9,831.0,1.4017,25.44,27.52,1.0315,7.925
1996-11-14,8.3294,36.0,831.0,1.4002,25.45,27.52,1.0308,7.915
1996-11-15,8.33,35.95,831.0,1.3995,25.42,27.52,1.0299,7.95
1996-11-18,8.3302,35.85,830.0,1.3995,25.42,27.52,1.0301,7.906
1996-11-19,8.3302,35.757,830.0,1.4,25.43,27.52,1.0299,7.9
1996-11-20,8.3301,35.7,832.0,1.402,25.41,27.52,1.0308,7.89
1996-11-21,8.3311,35.75,832.0,1.4015,25.42,27.52,1.0309,7.887
1996-11-22,8.3317,35.75,830.0,1.4015,25.42,27.52,1.0307,7.88
1996-11-25,8.3317,35.85,830.0,1.4017,25.46,27.52,1.0307,7.915
1996-11-26,8.3312,35.9,832.0,1.4012,25.47,27.52,1.033,7.88
1996-11-27,8.331,35.74,832.0,1.4015,25.5,27.52,1.0324,7.89
1996-11-29,8.3312,35.747,829.1,1.4026,25.54,27.49,1.0331,7.895
1996-12-02,8.3312,35.8,832.0,1.401,25.55,27.5,1.0308,7.89
1996-12-03,8.3311,35.75,833.0,1.4035,25.57,27.51,1.0328,7.88
1996-12-04,8.3313,35.83,832.0,1.403,25.58,27.52,1.0336,7.87
1996-12-05,8.3313,35.87,832.5,1.4008,25.54,27.52,1.0349,7.89
1996-12-06,8.3302,35.9,833.5,1.4005,25.56,27.52,1.0347,7.92
1996-12-09,8.3296,35.922,837.0,1.4015,25.57,27.52,1.0347,7.905
1996-12-10,8.3294,35.91,838.0,1.4002,25.57,27.52,1.0362,7.88
1996-12-11,8.3292,35.9,842.0,1.399,25.56,27.52,1.0373,7.9
1996-12-12,8.3295,35.9,849.0,1.3995,25.57,27.52,1.0367,7.913
1996-12-13,8.329,35.9,848.0,1.4,25.58,27.52,1.039,7.92
1996-12-16,8.3286,35.89,845.0,1.4003,25.62,27.52,1.0395,7.89
1996-12-17,8.3283,35.85,845.0,1.4005,25.59,27.52,1.0413,7.88
1996-12-18,8.3279,35.95,844.0,1.3991,25.75,27.51,1.0379,7.835
1996-12-19,8.3275,35.92,844.3,1.3995,25.6,27.51,1.0383,7.87
1996-12-20,8.327,35.89,845.0,1.3998,25.62,27.51,1.0382,7.846
1996-12-23,8.3277,35.88,845.0,1.401,25.61,27.5,1.0385,7.84
1996-12-24,8.328,35.85,847.0,1.3905,25.6,27.52,1.0395,7.84
1996-12-26,8.3277,35.85,846.5,1.3993,25.63,27.52,1.0387,7.85
1996-12-27,8.3282,35.85,847.0,1.4,25.64,27.52,1.0397,7.855
1996-12-30,8.3282,35.95,847.0,1.4003,25.64,27.52,1.039,7.859
1996-12-31,8.3284,35.95,847.5,1.3995,25.65,27.52,1.0393,7.881
1997-01-02,8.3283,36.0,857.5,1.399,25.62,27.52,1.0394,7.905
1997-01-03,8.3283,35.95,846.5,1.403,25.64,27.52,1.0395,7.87
1997-01-06,8.328,35.93,845.5,1.4063,25.63,27.52,1.0405,7.855
1997-01-07,8.3276,35.97,846.0,1.404,25.6,27.52,1.0402,7.84
1997-01-08,8.3272,35.95,846.5,1.4055,25.62,27.52,1.0403,7.82
1997-01-09,8.3268,35.897,849.0,1.4057,25.63,27.52,1.0409,7.82
1997-01-10,8.3267,35.9,848.5,1.4055,25.63,27.52,1.0409,7.86
1997-01-13,8.3266,35.9,859.0,1.4045,25.65,27.5,1.0417,7.81
1997-01-14,8.3264,35.9,850.0,1.4052,25.65,27.46,1.0418,7.804
1997-01-15,8.3262,35.88,851.0,1.4055,25.66,27.39,1.0427,7.81
1997-01-16,8.3258,35.88,851.0,1.4035,25.67,27.34,1.0435,7.82
1997-01-17,8.3256,35.89,850.0,1.4058,25.68,27.41,1.0435,7.828
1997-01-21,8.3255,35.9,853.0,1.407,25.75,27.49,1.0431,7.8
1997-01-22,8.3254,35.9,856.0,1.4085,25.77,27.52,1.0432,7.799
1997-01-23,8.3254,35.88,855.5,1.4085,25.81,27.46,1.0438,7.795
1997-01-24,8.3251,35.82,856.5,1.408,25.8,27.48,1.0438,7.825
1997-01-27,8.3248,35.9,857.5,1.408,25.81,27.47,1.0438,7.83
1997-01-28,8.3244,35.9,861.0,1.4105,25.85,27.47,1.0447,7.8175
1997-01-29,8.324,35.9,861.5,1.4073,25.89,27.47,1.0451,7.8325
1997-01-30,8.3238,35.83,867.0,1.408,25.97,27.46,1.0455,7.845
1997-01-31,8.3234,35.9,867.0,1.408,25.91,27.45,1.0457,7.82
1997-02-03,8.3231,35.88,869.0,1.409,25.9,27.46,1.045,7.817
1997-02-04,8.3227,35.87,871.0,1.409,25.91,27.46,1.0462,7.834
1997-02-05,8.3225,35.88,872.0,1.414,25.94,27.52,1.047,7.815
1997-02-06,8.3216,35.9,868.0,1.4135,25.98,27.52,1.047,7.83
1997-02-07,8.3216,35.88,872.0,1.4145,26.05,27.54,1.0475,7.805
1997-02-10,8.3216,35.89,871.5,1.409,25.94,27.53,1.0473,7.8
1997-02-11,8.3216,35.89,871.5,1.4158,25.94,27.56,1.0473,7.795
1997-02-12,8.32,35.84,871.5,1.4165,25.99,27.56,1.0471,7.79
1997-02-13,8.3222,35.95,877.5,1.4187,26.04,27.56,1.0487,7.794
1997-02-14,8.3225,35.89,877.0,1.4175,26.1,27.56,1.0492,7.78
1997-02-18,8.3221,35.9,873.0,1.4263,26.02,27.67,1.0492,7.798
1997-02-19,8.3238,35.9,862.5,1.4295,26.0,27.6,1.0503,7.789
1997-02-20,8.3239,35.88,857.0,1.4245,25.94,27.64,1.0502,7.7425
1997-02-21,8.3241,35.9,859.0,1.424,25.95,27.61,1.0504,7.76
1997-02-24,8.3238,35.9,867.0,1.4215,25.89,27.57,1.0503,7.75
1997-02-25,8.32,35.9,864.0,1.4243,25.9,27.57,1.0507,7.755
1997-02-26,8.3248,35.86,864.0,1.4285,25.9,27.52,1.0513,7.787
1997-02-27,8.3248,35.9,866.0,1.4255,25.89,27.54,1.0511,7.838
1997-02-28,8.3254,35.91,866.0,1.426,25.9,27.54,1.0512,7.965
1997-03-03,8.326,35.86,864.5,1.4258,25.89,27.55,1.0511,7.985
1997-03-04,8.3253,35.895,866.5,1.4265,25.94,27.54,1.0515,7.972
1997-03-05,8.325,35.88,870.0,1.428,25.95,27.54,1.0525,8.049
1997-03-06,8.3257,35.88,871.5,1.4315,25.96,27.53,1.0527,8.014
1997-03-07,8.3257,35.87,871.5,1.4343,25.95,27.52,1.0527,8.003
1997-03-10,8.3253,35.9,877.0,1.4333,25.94,27.54,1.0528,7.9525
1997-03-11,8.3252,35.86,880.5,1.4335,25.96,27.54,1.0536,7.977
1997-03-12,8.3253,35.85,879.5,1.4342,25.92,27.56,1.0542,7.961
1997-03-13,8.3255,35.87,880.5,1.4353,25.95,27.55,1.0553,7.997
1997-03-14,8.3255,35.85,881.5,1.4335,25.97,27.55,1.0549,7.98
1997-03-17,8.3258,35.89,882.0,1.4346,25.96,27.54,1.0593,7.99
1997-03-18,8.3258,35.89,885.0,1.4375,25.92,27.54,1.0606,7.95
1997-03-19,8.3259,35.9,887.0,1.44,25.93,27.54,1.0608,7.92
1997-03-20,8.3259,35.91,886.5,1.4477,25.96,27.54,1.061,7.94
1997-03-21,8.3256,35.9,887.0,1.4468,25.96,27.56,1.0614,7.915
1997-03-24,8.3256,35.885,890.0,1.439,25.97,27.56,1.0616,7.9
1997-03-25,8.3268,35.9,891.0,1.4423,25.99,27.59,1.0613,7.892
1997-03-26,8.3266,35.9,892.0,1.452,26.03,27.6,1.0612,7.91
1997-03-27,8.3264,35.9,896.0,1.4467,26.02,27.56,1.0591,7.913
1997-03-28,8.3264,35.91,897.5,1.447,25.99,27.56,1.06,7.93
1997-03-31,8.3255,35.88,898.0,1.4445,25.97,27.56,1.0595,7.93
1997-04-01,8.3253,35.89,898.0,1.4392,25.96,27.56,1.0591,7.915
1997-04-02,8.3263,35.9,897.0,1.441,25.96,27.56,1.0596,7.93
1997-04-03,8.3269,35.87,897.0,1.434,25.98,27.57,1.0577,7.969
1997-04-04,8.3268,35.88,895.0,1.437,25.99,27.57,1.06,7.952
1997-04-07,8.3266,35.88,896.0,1.4414,26.05,27.57,1.0582,7.902
1997-04-08,8.3266,35.89,896.0,1.4415,26.09,27.6,1.0583,7.887
1997-04-09,8.3265,35.86,896.0,1.4423,26.11,27.62,1.0584,7.891
1997-04-10,8.3265,35.85,895.0,1.4382,26.08,27.59,1.0586,7.9091
1997-04-11,8.3269,35.88,895.0,1.4408,26.09,27.66,1.0591,7.923
1997-04-14,8.3265,35.85,896.5,1.442,26.08,27.64,1.0599,7.91
1997-04-15,8.3261,35.837,897.0,1.4435,26.06,27.62,1.0601,7.881
1997-04-16,8.3256,35.8,896.0,1.4415,26.08,27.62,1.0611,7.889
1997-04-17,8.3251,35.83,894.5,1.4413,26.08,27.66,1.0611,7.888
1997-04-18,8.3251,35.8,896.0,1.441,26.08,27.65,1.0619,7.875
1997-04-21,8.3248,35.78,895.0,1.4398,26.07,27.65,1.062,7.872
1997-04-22,8.3249,35.79,895.0,1.444,26.07,27.66,1.0628,7.87
1997-04-23,8.3246,35.76,894.5,1.4445,26.07,27.65,1.063,7.879
1997-04-24,8.3248,35.77,895.0,1.4441,26.07,27.67,1.0626,7.856
1997-04-25,8.3243,35.782,894.5,1.4428,26.08,27.65,1.0695,7.89
1997-04-28,8.3249,35.77,894.5,1.445,26.11,27.69,1.0627,7.925
1997-04-29,8.3249,35.77,895.0,1.4445,26.12,27.69,1.0629,7.971
1997-04-30,8.3245,35.78,894.0,1.448,26.13,27.68,1.0635,7.945
1997-05-01,8.3245,35.77,895.0,1.4463,26.11,27.68,1.0638,7.945
1997-05-02,8.3245,35.76,895.0,1.4475,26.09,27.69,1.0643,7.917
1997-05-05,8.3247,35.8,895.0,1.446,26.1,27.75,1.0644,7.91
1997-05-06,8.3243,35.86,897.0,1.446,26.08,27.76,1.0647,7.88
1997-05-07,8.3238,35.889,897.5,1.4465,26.07,27.76,1.0649,7.924
1997-05-08,8.3234,35.872,896.0,1.4435,26.05,27.71,1.0649,7.918
1997-05-09,8.3231,35.86,896.0,1.441,25.99,27.71,1.0661,7.9005
1997-05-12,8.323,35.86,894.0,1.435,25.94,27.78,1.0676,7.925
1997-05-13,8.3228,35.86,895.5,1.4365,25.95,27.8,1.0674,7.905
1997-05-14,8.3225,35.855,895.0,1.4355,25.9,27.79,1.0673,7.894
1997-05-15,8.3221,35.84,894.0,1.4348,25.37,27.81,1.0673,7.899
1997-05-16,8.3218,35.84,894.0,1.4325,25.89,27.76,1.0671,7.895
1997-05-19,8.3223,35.82,894.0,1.4345,25.39,27.78,1.0674,7.894
1997-05-20,8.3219,35.795,893.5,1.4305,25.1,27.78,1.0684,7.885
1997-05-21,8.3221,35.81,893.5,1.431,25.28,27.83,1.0693,7.865
1997-05-22,8.3223,35.79,894.0,1.4315,25.74,27.83,1.0702,7.87
1997-05-23,8.3223,35.76,891.0,1.431,25.7,27.85,1.0713,7.885
1997-05-27,8.3216,35.84,894.5,1.431,25.87,27.86,1.0728,7.93
1997-05-28,8.3224,35.82,895.0,1.43,25.82,27.9,1.0736,7.91
1997-05-29,8.3224,35.82,895.0,1.4308,25.57,27.89,1.0743,7.91
1997-05-30,8.3221,35.8,893.5,1.4308,24.75,27.89,1.0709,7.917
1997-06-02,8.3217,35.83,893.5,1.432,24.9,27.89,1.071,7.91
1997-06-03,8.3219,35.82,893.5,1.432,24.92,27.9,1.0717,7.914
1997-06-04,8.3215,35.797,893.5,1.4305,24.7,27.92,1.0734,7.929
1997-06-05,8.3221,35.755,893.0,1.429,24.0,27.92,1.0727,7.947
1997-06-06,8.3232,35.8,893.0,1.4285,23.95,27.92,1.0723,7.985
1997-06-09,8.3223,35.8,893.5,1.4185,24.4,27.9,1.0726,7.987
1997-06-10,8.3222,35.8,893.5,1.42,24.1,27.89,1.0726,7.965
1997-06-11,8.3223,35.827,893.0,1.419,23.95,27.9,1.0731,7.973
1997-06-12,8.3235,35.85,892.0,1.4235,24.05,27.9,1.0737,7.965
1997-06-13,8.323,35.83,890.0,1.4291,24.7,27.91,1.0743,7.965
1997-06-16,8.3231,35.83,891.0,1.426,24.0,27.92,1.0734,7.9575
1997-06-17,8.3228,35.82,890.0,1.427,22.75,27.94,1.0755,7.935
1997-06-18,8.3225,35.79,890.0,1.426,23.8,27.93,1.0748,7.915
1997-06-19,8.3215,35.845,890.5,1.426,25.2,27.95,1.0756,7.9114
1997-06-20,8.3215,35.83,890.0,1.427,24.3,27.95,1.0795,7.961
1997-06-23,8.3216,35.83,890.0,1.4315,25.1,27.92,1.0771,7.975
1997-06-24,8.3214,35.84,889.5,1.43,25.2,27.9,1.0767,7.944
1997-06-25,8.321,35.82,890.0,1.4263,25.35,27.88,1.0767,7.948
1997-06-26,8.321,35.83,890.0,1.427,25.4,27.86,1.0765,7.955
1997-06-27,8.329,35.83,890.0,1.43,25.3,27.84,1.077,7.951
1997-06-30,8.3207,35.85,890.0,1.4302,25.15,27.82,1.0767,7.952
1997-07-01,8.3208,35.83,890.0,1.4287,24.52,27.82,1.0766,7.93
1997-07-02,8.321,35.8,890.5,1.4302,30.18,27.87,1.0767,7.951
1997-07-03,8.3214,35.79,889.0,1.432,29.0,27.89,1.0778,7.953
1997-07-07,8.3218,35.82,889.0,1.4358,28.9,27.92,1.0779,7.907
1997-07-08,8.3219,35.8,890.0,1.4385,28.92,27.94,1.079,7.919
1997-07-09,8.322,35.78,890.0,1.4372,29.1,27.95,1.0796,7.898
1997-07-10,8.3213,35.77,891.0,1.4307,29.04,27.87,1.0794,7.879
1997-07-11,8.3206,35.73,892.0,1.4395,30.15,27.87,1.08,7.852
1997-07-14,8.321,35.75,893.5,1.442,29.8,27.94,1.0801,7.872
1997-07-15,8.3216,35.73,894.0,1.4433,30.1,27.96,1.0807,7.887
1997-07-16,8.3219,35.73,896.0,1.449,29.9,27.97,1.0804,7.923
1997-07-17,8.321,35.72,896.0,1.459,30.7,27.97,1.081,7.859
1997-07-18,8.3215,35.71,897.0,1.4692,31.0,27.96,1.0811,7.903
1997-07-21,8.3211,35.72,894.5,1.4635,30.6,27.94,1.0811,7.886
1997-07-22,8.3209,35.71,896.5,1.46,30.9,27.96,1.0812,7.855
1997-07-23,8.3209,35.71,896.5,1.4672,31.65,27.98,1.0821,7.837
1997-07-24,8.3208,35.71,895.0,1.4765,31.8,27.97,1.0819,7.835
1997-07-25,8.3205,35.705,894.0,1.4755,32.25,27.98,1.082,7.774
1997-07-28,8.3003,35.75,893.5,1.467,32.02,28.0,1.0823,7.782
1997-07-29,8.2913,35.737,894.0,1.4635,31.4,28.25,1.0837,7.799
1997-07-30,8.2911,35.72,894.0,1.4665,31.8,28.8,1.0829,7.768
1997-07-31,8.2913,35.72,892.0,1.471,32.3,28.9,1.083,7.825
1997-08-01,8.3203,35.8,891.5,1.475,32.2,28.9,1.083,7.823
1997-08-04,8.3205,35.8,891.0,1.467,31.7,28.75,1.0832,7.826
1997-08-05,8.3203,35.737,893.0,1.473,31.4,28.75,1.0842,7.805
1997-08-06,8.32,35.735,895.5,1.471,31.05,28.75,1.0848,7.78
1997-08-07,8.3203,35.727,895.5,1.4735,31.0,28.8,1.0853,7.792
1997-08-08,8.3197,35.74,896.5,1.481,31.05,28.85,1.0855,7.83
1997-08-11,8.3196,35.727,895.5,1.4843,31.25,28.85,1.0857,7.8
1997-08-12,8.3191,35.73,896.5,1.5095,31.45,28.95,1.0857,7.78
1997-08-13,8.3116,35.732,897.0,1.506,31.35,28.85,1.0859,7.782
1997-08-14,8.3193,35.74,897.0,1.5195,31.6,28.85,1.0863,7.77
1997-08-15,8.3119,35.81,897.0,1.517,31.97,28.9,1.0885,7.7625
1997-08-18,8.3185,35.74,900.5,1.5175,32.6,28.8,1.0885,7.765
1997-08-19,8.319,35.73,900.5,1.5115,32.65,28.8,1.089,7.76
1997-08-20,8.32,36.2,901.0,1.507,32.4,28.85,1.0887,7.765
1997-08-21,8.3191,36.3,898.9,1.498,32.9,28.85,1.0888,7.76
1997-08-22,8.319,36.4,902.0,1.4947,33.65,28.8,1.0925,7.783
1997-08-25,8.319,36.6,907.0,1.494,33.7,28.8,1.0923,7.76
1997-08-26,8.319,36.5,902.0,1.494,33.65,28.8,1.0925,7.7575
1997-08-27,8.3192,36.5,905.0,1.517,33.9,28.78,1.0912,7.759
1997-08-28,8.3185,36.45,905.0,1.5265,34.4,28.8,1.092,7.7725
1997-08-29,8.3184,36.48,905.0,1.515,34.5,28.82,1.0915,7.785
1997-09-02,8.3183,36.57,905.6,1.516,34.55,28.9,1.092,7.778
1997-09-03,8.3189,36.48,907.0,1.5175,35.75,28.9,1.0918,7.773
1997-09-04,8.3191,36.51,909.0,1.519,35.95,28.75,1.093,7.789
1997-09-05,8.3184,37.0,909.0,1.515,35.15,28.7,1.0918,7.8075
1997-09-08,,36.56,910.0,1.5065,34.25,28.9,1.0912,7.785
1997-09-09,8.3181,36.66,911.0,1.503,33.55,28.9,1.091,7.78
1997-09-10,8.3187,36.47,911.0,1.507,34.2,28.7,1.0917,7.7775
1997-09-11,8.3189,36.65,911.0,1.512,35.0,28.7,1.0919,7.78
1997-09-12,8.3181,36.6,911.0,1.513,35.3,28.7,1.0923,7.7775
1997-09-15,8.3181,36.46,911.0,1.508,35.35,28.7,1.0925,7.7675
1997-09-16,8.3171,36.65,911.0,1.511,35.65,28.7,1.094,7.767
1997-09-17,8.3175,36.46,911.0,1.5165,35.95,28.65,1.094,7.75
1997-09-18,8.3173,36.4,912.0,1.5185,35.6,28.7,1.0945,7.765
1997-09-19,8.3164,36.5,916.0,1.518,35.85,28.7,1.094,7.7525
1997-09-22,8.3159,36.4,916.0,1.5285,36.55,28.7,1.095,7.725
1997-09-23,8.3154,36.4,916.0,1.514,35.27,28.66,1.0952,7.77
1997-09-24,8.3151,36.3,916.0,1.514,35.15,28.66,1.0955,7.8225
1997-09-25,8.315,36.25,917.0,1.5205,34.75,28.66,1.0951,7.815
1997-09-26,8.315,36.25,918.0,1.5255,34.95,28.76,1.096,7.825
1997-09-29,8.3152,36.227,917.0,1.5295,35.75,28.66,1.0962,7.8175
1997-09-30,8.3149,36.19,917.0,1.5305,35.85,28.66,1.0958,7.775
1997-10-01,8.3149,36.2,915.0,1.535,35.95,28.66,1.0969,7.7557
1997-10-02,8.3149,37.0,916.0,1.533,35.65,28.7,1.097,7.7575
1997-10-03,8.3149,36.25,916.0,1.543,35.85,28.68,1.0968,7.754
1997-10-06,8.3145,36.2,916.0,1.5477,36.05,28.65,1.0975,7.7625
1997-10-07,8.3145,36.25,917.0,1.56,35.8,28.55,1.0978,7.746
1997-10-08,8.31,36.25,918.0,1.5555,35.8,28.58,1.0978,7.7625
1997-10-09,8.3141,36.22,918.0,1.532,35.8,28.5,1.098,7.77
1997-10-10,8.3135,36.25,918.0,1.538,35.85,28.57,1.0985,7.758
1997-10-14,8.3132,36.3,914.2,1.5435,36.3,28.53,1.0982,7.745
1997-10-15,8.3139,36.257,917.0,1.5495,37.25,28.54,1.0993,7.742
1997-10-16,8.3142,36.235,918.0,1.548,37.3,28.56,1.0993,7.748
1997-10-17,8.3139,36.237,918.0,1.5555,37.45,29.75,1.1,7.745
1997-10-20,8.3135,36.25,927.0,1.5675,38.25,30.75,1.0999,7.725
1997-10-21,8.3132,36.25,930.0,1.578,38.8,30.8,1.0999,7.7172
1997-10-22,8.31,36.2,919.0,1.589,38.9,30.8,1.1007,7.724
1997-10-23,8.3136,36.3,923.0,1.5745,38.3,30.5,1.1005,7.756
1997-10-24,8.3133,36.3,932.0,1.581,39.2,30.7,1.1025,7.84
1997-10-27,8.3134,36.34,945.0,1.5777,38.7,30.8,1.1035,8.14
1997-10-28,8.313,36.3,965.0,1.5725,39.05,31.0,1.1032,8.35
1997-10-29,8.3132,36.345,970.0,1.579,39.1,31.3,1.1022,8.15
1997-10-30,8.3136,36.32,965.0,1.581,40.1,31.2,1.1055,8.3
1997-10-31,8.3134,36.39,970.0,1.5735,40.5,31.2,1.1027,8.41
1997-11-03,8.3129,36.405,976.0,1.5445,39.25,31.4,1.1028,8.23
1997-11-04,8.3126,36.4,965.0,1.561,38.75,30.85,1.1037,8.25
1997-11-05,8.3122,36.4,974.0,1.571,39.1,30.6,1.104,8.18
1997-11-06,8.312,36.5,975.3,1.574,39.3,30.8,1.1077,8.38
1997-11-07,8.3117,36.55,985.0,1.5705,38.65,31.0,1.1075,8.38
1997-11-10,8.3113,36.64,999.0,1.5725,37.4,31.05,1.1055,8.28
1997-11-12,8.3108,36.76,995.0,1.58,38.35,31.2,1.106,8.35
1997-11-13,8.3105,36.8,992.0,1.5785,38.1,31.3,1.108,8.38
1997-11-14,8.3106,36.8,992.0,1.5845,38.4,31.5,1.1083,8.33
1997-11-17,8.3105,36.94,,1.583,38.5,31.8,1.1056,8.25
1997-11-18,8.3104,37.6,1020.0,1.59,39.45,32.0,1.1067,8.25
1997-11-19,8.3103,37.6,1040.0,1.602,40.0,33.25,1.1077,8.285
1997-11-20,8.3103,37.54,1139.0,1.6015,39.65,33.0,1.108,8.237
1997-11-21,8.3102,37.83,1060.0,1.5815,38.9,32.4,1.11,8.192
1997-11-24,8.3101,38.32,1085.0,1.592,39.5,32.5,1.109,8.24
1997-11-25,8.31,38.265,1122.0,1.597,39.65,32.75,1.1107,8.244
1997-11-26,8.3101,38.75,1110.0,1.597,39.7,32.55,1.1099,8.215
1997-11-28,8.3096,39.1,1169.5,1.595,41.0,32.35,1.1093,8.215
1997-12-01,8.3096,39.45,1188.0,1.601,41.2,32.45,1.11,8.19
1997-12-02,8.3099,39.5,1228.0,1.6085,41.7,32.45,1.111,8.16
1997-12-03,8.3101,39.45,1199.0,1.6135,42.35,32.5,1.1101,8.132
1997-12-04,8.31,39.15,1163.0,1.614,41.8,32.2,1.1105,8.105
1997-12-05,8.31,39.0,1233.0,1.617,41.8,32.45,1.111,8.15
1997-12-08,8.31,38.995,1342.4,1.6165,41.4,32.15,1.1117,8.115
1997-12-09,8.31,39.15,1465.7,1.626,42.85,32.15,1.112,8.109
1997-12-10,8.31,39.15,1565.9,1.6195,42.2,32.55,1.1135,8.14
1997-12-11,8.3096,39.6,,1.633,43.6,32.9,1.1145,8.21
1997-12-12,8.3093,39.6,1710.0,1.658,45.45,32.75,1.1166,8.17
1997-12-15,8.31,39.575,1563.9,1.682,47.4,32.15,1.113,8.14
1997-12-16,8.31,40.0,1430.0,1.706,47.0,32.15,1.113,8.09
1997-12-17,8.31,40.0,1485.0,1.683,45.5,32.6,1.1147,8.081
1997-12-18,8.31,40.0,1485.0,1.669,44.2,32.35,1.1145,8.07
1997-12-19,8.31,40.0,1580.0,1.6715,45.1,32.35,1.1145,8.127
1997-12-22,8.31,39.06,1710.0,1.6755,44.8,32.35,1.115,8.118
1997-12-23,8.31,39.01,1960.0,1.6725,46.0,32.7,1.115,8.13
1997-12-24,8.31,39.0,1835.0,1.668,45.35,32.7,1.1148,8.1925
1997-12-26,8.3093,39.3,1506.0,1.673,45.5,32.8,1.1157,8.145
1997-12-29,8.31,39.16,1450.0,1.67,45.9,32.8,1.1157,8.084
1997-12-30,8.31,39.35,1640.0,1.677,46.9,32.75,1.1165,8.067
1997-12-31,8.31,39.3,1695.0,1.686,46.8,32.8,1.1165,8.07
1998-01-02,8.31,39.4,1695.0,1.6995,48.3,33.1,1.1164,8.06
1998-01-05,8.31,39.48,1790.0,1.721,50.8,33.6,1.116,8.042
1998-01-06,8.31,39.55,1748.0,1.759,53.0,33.95,1.116,8.04
1998-01-07,8.3,39.76,1753.0,1.739,52.7,34.5,1.1175,8.065
1998-01-08,8.31,39.8,1790.0,1.784,54.3,34.8,1.118,8.077
1998-01-09,8.31,39.95,1812.0,1.774,53.7,34.4,1.1173,8.09
1998-01-12,8.31,39.97,1739.0,1.796,56.1,34.7,1.1193,8.3
1998-01-13,8.31,40.0,1765.0,1.772,54.3,34.7,1.1183,8.17
1998-01-14,8.31,40.3,1670.0,1.742,51.15,34.3,1.1185,8.2
1998-01-15,8.31,40.4,1608.0,1.763,52.0,34.15,1.1215,8.3
1998-01-16,8.3089,40.0,1624.0,1.734,51.8,33.9,1.1205,8.202
1998-01-20,8.31,39.2,1647.0,1.752,52.3,33.8,1.121,8.22
1998-01-21,8.31,38.9,1725.0,1.754,52.5,33.49,1.121,8.28
1998-01-22,8.31,38.9,1760.0,1.762,53.8,33.85,1.121,8.33
1998-01-23,8.31,38.85,1748.0,1.769,54.2,34.15,1.1215,8.3
1998-01-26,8.31,38.41,1682.0,1.754,54.1,34.1,1.1215,8.282
1998-01-27,8.31,38.45,1682.0,1.72,53.7,34.2,1.1225,8.27
1998-01-28,8.31,38.9,1690.0,1.7195,53.7,34.2,1.123,8.38
1998-01-29,8.31,38.8,1690.0,1.725,54.1,34.2,1.123,8.48
1998-01-30,8.31,38.8,1528.0,1.7155,53.1,34.25,1.1235,8.455
1998-02-02,8.279,38.95,1556.0,1.709,51.0,33.5,1.1235,8.447
1998-02-03,8.31,38.9,1620.0,1.68,48.2,33.25,1.1245,8.4325
1998-02-04,8.31,38.85,1608.0,1.685,49.5,34.05,1.1242,8.409
1998-02-05,8.31,38.85,1608.0,1.663,48.9,32.95,1.1245,8.422
1998-02-06,8.3095,38.85,1557.0,1.652,48.1,32.95,1.1255,8.422
1998-02-09,8.29,38.56,1558.0,1.6585,48.0,33.15,1.1255,8.452
1998-02-10,8.31,38.9,1586.0,1.628,45.4,32.95,1.1262,8.501
1998-02-11,8.31,38.79,1603.0,1.6215,43.9,32.8,1.1265,8.457
1998-02-12,8.31,38.85,1629.0,1.6535,45.1,32.9,1.1262,8.455
1998-02-13,8.3096,38.85,1623.0,1.661,46.6,32.85,1.1277,8.47
1998-02-17,8.31,38.95,1692.0,1.665,46.2,33.05,1.1285,8.472
1998-02-18,8.31,38.9,1711.0,1.647,45.8,32.97,1.1288,8.55
1998-02-19,8.31,38.9,1674.0,1.629,44.2,32.85,1.1295,8.545
1998-02-20,8.3092,39.39,1661.0,1.648,44.7,32.9,1.1295,8.59
1998-02-23,8.31,39.3,1663.0,1.654,44.8,32.95,1.1295,8.63
1998-02-24,8.31,39.35,1656.0,1.6335,44.0,32.8,1.1295,8.61
1998-02-25,8.309,39.26,1644.0,1.6345,43.2,32.6,1.1295,8.583
1998-02-26,8.31,39.3,1656.0,1.624,43.0,32.35,1.1293,8.564
1998-02-27,8.31,39.45,1635.0,1.62,43.15,32.2,1.1303,8.5275
1998-03-02,8.31,39.6,1553.0,1.614,44.2,32.1,1.1305,8.497
1998-03-03,8.31,39.53,,1.639,44.0,32.1,1.1308,8.53
1998-03-04,8.31,39.54,1566.0,1.641,44.7,32.05,1.1305,8.587
1998-03-05,8.3091,39.54,1605.0,1.651,45.0,32.2,1.1312,8.613
1998-03-06,8.318,39.55,1638.0,1.6505,44.6,32.25,1.131,8.6025
1998-03-09,8.31,39.455,1616.0,1.6555,44.75,32.25,1.1325,8.624
1998-03-10,8.31,39.55,1597.0,1.642,43.75,32.4,1.1325,8.6275
1998-03-11,8.31,39.53,1582.0,1.6365,43.8,32.35,1.132,8.666
1998-03-12,8.31,39.55,1551.0,1.622,43.05,32.45,1.1318,8.575
1998-03-13,8.31,39.8,1528.0,1.598,40.4,32.5,1.133,8.56
1998-03-16,8.28,39.575,1466.0,1.605,40.1,32.5,1.1333,8.587
1998-03-17,8.31,39.55,1470.0,1.6095,40.2,32.6,1.1333,8.5925
1998-03-18,8.31,39.65,1487.0,1.607,41.0,32.9,1.1342,8.5925
1998-03-19,8.31,39.68,1476.0,1.612,40.0,32.85,1.1343,8.5675
1998-03-20,8.31,39.55,1451.0,1.6045,39.8,32.85,1.1344,8.581
1998-03-23,8.31,39.54,1371.0,1.602,38.55,32.8,1.1345,8.535
1998-03-24,8.31,39.58,1379.0,1.611,38.8,32.75,1.135,8.535
1998-03-25,8.31,39.6,1391.0,1.6,38.45,32.7,1.1358,8.525
1998-03-26,8.31,39.55,1398.0,1.599,38.7,32.59,1.136,8.519
1998-03-27,8.31,39.51,1380.5,1.59,38.0,32.63,1.1362,8.525
1998-03-30,8.31,39.55,1385.0,1.607,38.6,32.75,1.1357,8.536
1998-03-31,8.28,39.53,1386.0,1.616,39.6,32.95,1.137,8.52
1998-04-01,8.31,39.55,1392.0,1.6225,39.6,32.9,1.1373,8.6
1998-04-02,8.31,39.55,1416.0,1.6255,41.0,32.95,1.1371,8.521
1998-04-03,8.28,39.56,1449.0,1.6315,41.2,32.9,1.1381,8.551
1998-04-06,8.31,39.58,1476.0,1.619,39.86,32.9,1.139,8.521
1998-04-07,8.31,39.74,1437.0,1.609,39.95,33.1,1.1385,8.5325
1998-04-08,8.31,39.409,1416.0,1.603,40.1,33.1,1.1392,8.514
1998-04-09,8.31,39.8,1393.0,1.595,40.0,33.1,1.1393,8.497
1998-04-10,8.31,39.9,1387.0,1.586,40.0,32.9,1.1393,8.488
1998-04-13,8.31,39.7,1405.0,1.592,40.0,33.05,1.1392,8.515
1998-04-14,8.31,39.65,1400.0,1.594,40.0,33.0,1.1402,8.491
1998-04-15,8.31,39.72,1395.0,1.598,40.1,32.91,1.1404,8.4725
1998-04-16,8.31,39.74,1388.0,1.603,40.1,33.0,1.1409,8.503
1998-04-17,8.31,39.73,1387.0,1.6025,39.6,33.03,1.1412,8.488
1998-04-20,8.31,39.71,1385.0,1.602,39.35,33.1,1.1418,8.476
1998-04-21,8.31,39.8,1379.0,1.596,39.15,33.05,1.1415,8.4575
1998-04-22,8.31,39.75,1377.0,1.5878,39.32,33.05,1.1424,8.463
1998-04-23,8.31,39.78,1373.0,1.591,39.4,33.05,1.1427,8.467
1998-04-24,8.2786,39.72,1366.0,1.591,38.9,33.05,1.1435,8.478
1998-04-27,8.279,39.75,1365.0,1.6,38.85,33.1,1.1445,8.515
1998-04-28,8.31,39.805,1351.0,1.5925,38.55,33.02,1.1454,8.489
1998-04-29,8.31,39.78,1339.0,1.5885,38.65,33.1,1.1448,8.505
1998-04-30,8.31,39.74,1338.0,1.585,38.7,32.98,1.1438,8.492
1998-05-01,8.2779,39.82,1338.0,1.584,38.6,33.05,1.1437,8.495
1998-05-04,8.31,39.75,1349.0,1.581,38.6,33.01,1.1441,8.479
1998-05-05,8.31,39.8,1349.0,1.585,38.55,33.01,1.1447,8.475
1998-05-06,8.31,39.84,1371.0,1.614,39.2,33.04,1.1448,8.48
1998-05-07,8.31,39.8,1406.0,1.6275,38.95,33.17,1.1448,8.501
1998-05-08,8.31,39.805,1389.0,1.619,38.7,33.25,1.145,8.478
1998-05-11,8.31,39.79,1393.0,1.6255,38.65,33.21,1.1458,8.47
1998-05-12,8.31,39.85,1393.0,1.646,38.77,33.42,1.1459,8.51
1998-05-13,8.31,39.85,1420.0,1.6595,39.05,33.45,1.1475,8.515
1998-05-14,8.31,40.65,1425.0,1.6555,38.85,33.25,1.1468,8.505
1998-05-15,8.31,40.65,1440.0,1.6475,39.15,33.25,1.1468,8.52
1998-05-18,8.31,40.57,1448.0,1.653,39.45,33.79,1.1474,8.536
1998-05-19,8.31,40.572,1445.0,1.653,39.6,33.83,1.1479,8.58
1998-05-20,8.31,40.53,1412.0,1.65,39.45,33.69,1.149,8.64
1998-05-21,8.31,40.546,1393.0,1.637,39.25,33.6,1.15,8.635
1998-05-22,8.31,40.7,1385.0,1.638,39.45,33.62,1.1515,8.65
1998-05-26,8.31,41.3,1397.0,1.655,39.3,33.89,1.153,8.7273
1998-05-27,8.31,41.45,1415.0,1.6665,39.7,33.9,1.1513,8.89
1998-05-28,8.31,42.35,1404.0,1.6755,40.25,33.88,1.1497,8.785
1998-05-29,8.31,41.75,1409.0,1.6755,40.44,34.0,1.1502,8.825
1998-06-01,8.31,41.85,1400.0,1.697,42.05,34.3,1.1523,8.908
1998-06-02,8.31,41.87,1406.0,1.68,41.95,34.34,1.1516,8.88
1998-06-03,8.31,41.8,1392.0,1.675,42.05,34.21,1.1517,8.795
1998-06-04,8.31,41.95,1394.0,1.687,42.95,34.3,1.1514,8.78
1998-06-05,8.31,41.85,1396.0,1.7025,43.1,34.35,1.1525,8.769
1998-06-08,8.31,41.86,1400.0,1.7125,43.2,34.74,1.1528,8.835
1998-06-09,8.31,42.45,1399.0,1.7138,42.87,34.76,1.1536,8.828
1998-06-10,8.31,42.45,1395.0,1.745,43.6,35.0,1.155,8.875
1998-06-11,8.31,42.45,1395.0,1.745,43.5,34.9,1.1536,8.985
1998-06-12,8.31,42.2,1400.0,1.7465,43.6,34.95,1.1551,9.07
1998-06-15,8.31,42.4,1437.0,1.7515,43.75,34.91,1.1544,9.04
1998-06-16,8.31,42.35,1435.0,1.7365,43.28,34.85,1.1545,9.007
1998-06-17,8.31,42.25,1423.0,1.6705,41.2,34.85,1.155,8.89
1998-06-18,8.31,42.3,1396.0,1.675,41.6,34.12,1.1556,8.9091
1998-06-19,8.31,42.6,1395.0,1.607,41.05,34.11,1.1555,8.887
1998-06-22,8.31,42.8,1396.0,1.652,41.35,34.4,1.1552,8.915
1998-06-23,8.31,42.95,1386.0,1.652,41.25,34.45,1.1547,8.91
1998-06-24,8.31,42.85,1382.0,1.66,41.25,34.4,1.1557,8.94
1998-06-25,8.31,42.85,1375.0,1.6685,41.35,34.55,1.1557,8.955
1998-06-26,8.31,42.9,1388.0,1.6915,41.7,34.7,1.1567,9.047
1998-06-29,8.31,42.59,1385.0,1.718,42.5,34.6,1.1563,9.03
1998-06-30,8.31,42.5,1376.0,1.684,42.15,34.37,1.1565,8.985
1998-07-01,8.31,42.35,1373.0,1.69,42.2,34.38,1.1568,8.941
1998-07-02,8.31,42.75,1370.0,1.705,42.3,34.38,1.1568,8.982
1998-07-03,8.31,42.6,1358.0,1.702,41.6,34.41,1.1568,8.951
1998-07-06,8.31,42.56,1348.0,1.7145,41.45,34.51,1.1581,8.975
1998-07-07,8.31,42.6,1348.0,1.6925,41.3,34.38,1.1585,8.96
1998-07-08,8.31,42.75,1334.0,1.7085,41.35,34.4,1.161,8.92
1998-07-09,8.31,42.75,1310.0,1.718,42.0,34.4,1.1617,8.947
1998-07-10,8.31,42.6,1316.0,1.7285,42.05,34.41,1.16,8.957
1998-07-13,8.31,42.7,1314.0,1.7185,41.8,34.5,1.1628,8.8995
1998-07-14,8.31,42.65,1291.0,1.6885,41.21,34.4,1.1628,8.857
1998-07-15,8.31,42.75,1285.0,1.697,41.45,34.4,1.1613,8.855
1998-07-16,8.31,42.75,1286.0,1.688,40.7,34.37,1.1623,8.8475
1998-07-17,8.31,42.55,1286.0,1.71,40.85,34.28,1.1612,8.824
1998-07-20,8.31,42.55,1290.0,1.7,40.88,34.32,1.1602,8.795
1998-07-21,8.31,42.49,1293.0,1.71,41.0,34.32,1.1606,8.818
1998-07-22,8.31,42.47,1292.0,1.7105,41.05,34.37,1.1635,8.874
1998-07-23,8.31,42.55,1277.0,1.712,41.2,34.4,1.1648,8.868
1998-07-24,8.31,42.632,1247.5,1.711,40.85,34.4,1.1654,8.878
1998-07-27,8.31,42.6,1212.0,1.721,41.1,34.43,1.166,8.892
1998-07-28,8.31,42.65,1259.0,1.7085,41.0,34.38,1.1632,8.892
1998-07-29,8.31,42.55,1245.0,1.717,40.9,34.34,1.1626,8.921
1998-07-30,8.31,42.62,1236.0,1.717,40.7,34.34,1.162,8.904
1998-07-31,8.31,42.6,1232.0,1.728,40.95,34.39,1.1632,8.92
1998-08-03,8.31,42.6,1250.0,1.733,41.1,34.45,1.1651,8.962
1998-08-04,8.31,42.57,1242.0,1.728,40.85,34.45,1.1662,8.965
1998-08-05,8.31,42.6,1270.0,1.725,40.8,34.5,1.1663,9.007
1998-08-06,8.31,42.56,1333.0,1.743,41.95,34.51,1.1673,9.029
1998-08-07,8.31,42.7,1330.0,1.7525,42.05,34.65,1.168,9.025
1998-08-10,8.31,42.75,1345.0,1.7585,42.05,34.8,1.1695,9.1375
1998-08-11,8.31,43.0,1340.0,1.7616,42.55,34.9,1.1687,9.195
1998-08-12,8.31,43.05,1338.0,1.7525,41.9,34.85,1.1707,9.185
1998-08-13,8.31,43.05,1340.0,1.7485,41.8,34.79,1.1715,9.2225
1998-08-14,8.31,43.23,1327.0,1.757,42.1,34.71,1.1717,9.201
1998-08-17,8.31,43.28,1335.0,1.764,41.8,34.77,1.173,9.3015
1998-08-18,8.31,43.4,1320.0,1.7655,41.7,34.74,1.174,9.24
1998-08-19,8.31,43.6,1305.0,1.757,41.55,34.85,1.174,9.195
1998-08-20,8.31,42.9,1302.0,1.751,41.2,34.6,1.1737,9.31
1998-08-21,8.31,42.7,1302.0,1.7675,41.7,34.7,1.175,9.7
1998-08-24,8.31,42.6,1306.0,1.767,41.75,34.85,1.1747,9.665
1998-08-25,8.31,42.56,1309.0,1.7745,41.55,34.85,1.1728,9.59
1998-08-26,8.31,42.55,1312.0,1.774,41.72,34.84,1.173,9.86
1998-08-27,8.31,42.65,1320.0,1.769,41.9,34.8,1.1765,9.97
1998-08-28,8.31,42.7,1338.0,1.775,42.1,34.85,1.1763,10.05
1998-08-31,8.31,42.65,1336.0,1.775,42.0,34.88,1.177,9.985
1998-09-01,8.31,42.65,1356.0,1.719,40.55,34.81,1.177,9.99
1998-09-02,8.31,42.58,1342.0,1.742,40.7,34.78,1.177,9.94
1998-09-03,8.31,42.6,1332.0,1.756,40.75,34.82,1.1783,10.12
1998-09-04,8.31,42.655,1344.0,1.751,40.85,34.75,1.178,10.146
1998-09-08,8.31,42.6,1358.0,1.726,40.8,34.57,1.1767,10.308
1998-09-09,8.31,42.6,1363.0,1.7425,40.8,34.69,1.1762,10.37
1998-09-10,8.31,42.6,1370.0,1.73,40.74,34.61,1.179,10.63
1998-09-11,8.31,42.57,1370.0,1.717,40.9,34.52,1.179,10.53
1998-09-14,8.31,42.6,1392.0,1.7325,40.95,34.61,1.1799,10.535
1998-09-15,8.31,42.55,1383.0,1.7255,40.85,34.61,1.1793,10.21
1998-09-16,8.31,42.55,1377.0,1.7265,40.85,34.61,1.18,10.05
1998-09-17,8.31,42.55,1385.0,1.724,40.8,34.55,1.1788,10.31
1998-09-18,8.31,42.585,1387.5,1.723,40.7,34.53,1.181,10.145
1998-09-21,8.31,42.55,1395.0,1.735,40.7,34.69,1.1815,10.32
1998-09-22,8.31,42.6,1399.0,1.733,40.7,34.63,1.1836,10.105
1998-09-23,8.31,42.63,1402.0,1.73,40.5,34.71,1.1835,10.115
1998-09-24,8.31,42.55,1393.0,1.7125,39.3,34.61,1.1835,10.124
1998-09-25,8.31,42.55,1388.0,1.691,39.0,34.62,1.1844,10.24
1998-09-28,8.2783,42.56,1383.8,1.695,39.3,34.61,1.1845,10.11
1998-09-29,8.2782,42.55,1373.0,1.6755,39.08,34.54,1.1847,10.11
1998-09-30,8.278,42.48,1393.0,1.6882,39.63,34.7,1.1855,10.196
1998-10-01,8.278,42.5,1390.0,1.6903,39.65,34.37,1.184,10.324
1998-10-02,8.278,42.45,1390.0,1.687,39.6,34.05,1.1838,10.31
1998-10-05,8.278,42.5,1389.0,1.679,39.15,33.75,1.1858,10.2
1998-10-06,8.2779,42.45,1389.0,1.678,38.83,33.54,1.1852,10.19
1998-10-07,8.2778,42.4,1382.0,1.6525,38.75,33.4,1.187,10.195
1998-10-08,8.2777,42.4,1365.0,1.646,38.7,33.0,1.1847,10.38
1998-10-09,8.2777,42.4,1335.0,1.646,38.4,32.95,1.1868,10.23
1998-10-13,8.2776,42.4,1350.0,1.6315,38.3,33.16,1.1875,10.198
1998-10-14,8.2777,42.35,1350.0,1.614,38.2,33.3,1.1885,10.18
1998-10-15,8.2778,42.33,1336.0,1.615,37.95,33.05,1.1883,10.125
1998-10-16,8.2776,42.35,1326.0,1.6195,37.95,32.8,1.1885,10.085
1998-10-19,8.2778,42.35,1328.0,1.6195,38.2,32.99,1.19,10.1
1998-10-20,8.2779,42.34,1330.0,1.6265,38.05,33.0,1.1889,10.05
1998-10-21,8.2778,42.34,1326.0,1.616,37.9,33.0,1.19,10.04
1998-10-22,8.2782,42.32,1324.0,1.621,37.7,32.92,1.1901,9.995
1998-10-23,8.2778,42.35,1322.0,1.623,37.49,32.96,1.191,10.04
1998-10-26,8.2777,42.4,1316.0,1.6265,37.65,33.0,1.191,10.023
1998-10-27,8.2776,42.4,1321.0,1.6304,37.41,32.7,1.2,10.195
1998-10-28,8.2778,42.35,1320.0,1.624,36.9,32.55,1.192,10.17
1998-10-29,8.2776,42.45,1317.0,1.622,36.9,32.58,1.1918,10.215
1998-10-30,8.2778,42.45,1321.0,1.627,36.8,32.48,1.1919,10.102
1998-11-02,8.2777,42.35,1320.0,1.6245,36.7,32.45,1.193,9.99
1998-11-03,8.278,42.4,1316.0,1.621,36.72,32.51,1.192,10.03
1998-11-04,8.2778,42.33,1313.0,1.624,36.6,32.53,1.19,9.948
1998-11-05,8.2777,42.39,1318.0,1.622,36.42,32.6,1.189,9.987
1998-11-06,8.2779,42.3,1313.0,1.638,36.75,32.65,1.1881,9.976
1998-11-09,8.2777,42.32,1316.3,1.6585,36.95,32.68,1.1897,10.01
1998-11-10,8.2776,42.33,1318.0,1.6565,37.2,32.85,1.1905,10.02
1998-11-12,8.2775,42.37,1317.9,1.656,36.95,32.75,1.191,10.051
1998-11-13,8.278,42.39,1319.0,1.6545,36.9,32.73,1.1915,9.995
1998-11-16,8.2778,42.41,1317.0,1.631,36.58,32.6,1.1904,9.9675
1998-11-17,8.2778,42.5,1300.0,1.6335,36.54,32.55,1.1906,9.945
1998-11-18,8.2779,42.5,1300.0,1.6315,36.25,32.65,1.1915,9.94
1998-11-19,8.2779,42.5,1292.0,1.6245,36.3,32.6,1.1925,9.93
1998-11-20,8.2777,42.45,1268.0,1.629,36.2,32.65,1.195,9.9
1998-11-23,8.2777,42.44,1248.0,1.6365,36.35,32.5,1.1973,9.875
1998-11-24,8.2778,42.48,1260.0,1.637,36.2,32.55,1.1985,9.93
1998-11-25,8.2777,42.43,1255.0,1.64,36.15,32.55,1.198,9.9325
1998-11-27,8.2782,42.6,1248.0,1.6495,36.1,32.55,1.2005,9.969
1998-11-30,8.2782,42.65,1247.0,1.65,36.15,32.5,1.201,10.005
1998-12-01,8.2782,42.61,1246.0,1.6455,36.2,32.5,1.2016,10.027
1998-12-02,8.278,42.61,1240.0,1.647,36.15,32.47,1.202,9.97
1998-12-03,8.2779,42.56,1230.0,1.646,35.95,32.55,1.2024,9.9925
1998-12-04,8.2777,42.58,1217.0,1.6585,35.98,32.4,1.2022,9.995
1998-12-07,8.2775,42.59,1210.0,1.6585,35.96,32.4,1.203,10.01
1998-12-08,8.2775,42.62,1217.0,1.6575,35.95,32.4,1.2028,9.9415
1998-12-09,8.2775,42.6,1217.0,1.649,35.81,32.35,1.2033,9.954
1998-12-10,8.2774,42.61,1208.0,1.647,35.78,32.3,1.203,9.95
1998-12-11,8.2774,42.61,1210.0,1.65,35.85,32.31,1.2043,9.938
1998-12-14,8.2777,42.6,1205.0,1.6442,35.84,32.2,1.205,9.944
1998-12-15,8.2778,42.6,1213.0,1.65,36.25,32.2,1.205,9.953
1998-12-16,8.2778,42.6,1210.0,1.6475,36.33,32.3,1.205,9.885
1998-12-17,8.2777,42.62,1211.0,1.6485,36.76,32.32,1.2053,9.8
1998-12-18,8.2777,42.6,1210.0,1.6477,36.37,32.3,1.2065,9.7725
1998-12-21,8.2779,42.58,1196.0,1.651,36.26,32.3,1.209,9.759
1998-12-22,8.2782,42.58,1204.0,1.652,36.38,32.3,1.2072,9.805
1998-12-23,8.2781,42.55,1209.0,1.6535,36.4,32.35,1.2075,9.82
1998-12-24,8.2785,42.6,1208.5,1.657,36.45,32.3,1.2075,9.885
1998-12-28,8.2782,42.58,1210.3,1.657,36.95,32.31,1.208,9.845
1998-12-29,8.2786,42.6,1210.0,1.6565,37.15,32.31,1.208,9.86
1998-12-30,8.2787,42.58,1203.0,1.6575,36.8,32.28,1.2082,9.94
1998-12-31,8.2789,42.52,1206.0,1.651,36.5,32.27,1.2085,9.901
1999-01-04,8.2793,42.6,1187.5,1.6583,36.2,32.13,1.2074,9.831
1999-01-05,8.2795,42.56,1166.0,1.671,36.18,32.25,1.2075,9.796
1999-01-06,8.2795,42.55,1160.0,1.6775,36.5,32.25,1.211,9.78
1999-01-07,8.2798,42.55,1151.0,1.6713,36.3,32.13,1.21,9.83
1999-01-08,8.2796,42.55,1174.0,1.6765,36.45,32.22,1.2095,9.8105
1999-01-11,8.2797,42.55,1175.0,1.672,36.28,32.2,1.2099,9.956
1999-01-12,8.2795,42.55,1180.0,1.68,36.46,32.26,1.2108,10.1
1999-01-13,8.2794,42.53,1175.0,1.687,37.05,32.23,1.321,10.6
1999-01-14,8.279,42.55,1187.5,1.6765,37.05,32.33,1.32,10.53
1999-01-15,8.279,42.5,1185.0,1.68,36.55,32.26,1.48,10.29
1999-01-19,8.2787,42.55,1176.5,1.6832,36.45,32.4,1.6,10.27
1999-01-20,8.2791,42.55,1168.0,1.679,36.5,32.3,1.58,10.195
1999-01-21,8.2789,42.54,1174.0,1.67,36.47,32.31,1.71,10.29
1999-01-22,8.2787,42.55,1181.0,1.6798,36.9,32.35,1.7,10.2025
1999-01-25,8.2784,42.55,1181.0,1.6875,36.9,32.5,1.79,10.23
1999-01-26,8.278,42.52,1177.0,1.6835,36.75,32.5,1.86,10.22
1999-01-27,8.2778,42.52,1176.0,1.689,36.9,32.36,1.89,10.17
1999-01-28,8.2778,42.55,1176.5,1.6892,37.0,32.38,1.94,10.1775
1999-01-29,8.2778,42.54,1176.0,1.6925,36.92,32.34,2.07,10.152
1999-02-01,8.2775,42.55,1176.0,1.691,36.85,32.3,1.97,10.12
1999-02-02,8.2775,42.54,1171.0,1.685,36.75,32.34,1.81,10.095
1999-02-03,8.2776,42.5,1171.5,1.6865,36.7,32.3,1.8,10.125
1999-02-04,8.2776,42.52,1171.6,1.6868,36.85,32.4,1.825,10.115
1999-02-05,8.2776,42.5,1171.2,1.6885,36.82,32.3,1.85,10.09
1999-02-08,8.2776,42.5,1177.0,1.6905,37.0,32.29,1.89,10.0925
1999-02-09,8.2776,42.5,1177.0,1.693,37.13,32.32,1.91,10.08
1999-02-10,8.2776,42.45,1179.0,1.6915,37.1,32.31,1.91,10.063
1999-02-11,8.2776,42.51,1176.4,1.689,37.05,32.36,1.9,10.002
1999-02-12,8.2776,42.6,1176.7,1.6913,36.95,32.35,1.9,9.95
1999-02-16,8.2787,42.51,1176.0,1.6965,36.9,32.38,1.91,9.9225
1999-02-17,8.2787,42.5,1176.0,1.6985,37.05,32.4,1.93,9.884
1999-02-18,8.2787,42.51,1183.0,1.7018,37.1,32.4,1.91,9.885
1999-02-19,8.2787,42.47,1206.0,1.7085,37.65,32.5,1.94,9.935
1999-02-22,8.2787,42.43,1218.0,1.7125,37.7,33.2,1.96,9.93
1999-02-23,8.2787,42.48,1213.0,1.722,37.56,33.1,2.04,9.95
1999-02-24,8.2787,42.6,1219.0,1.7285,37.65,33.2,2.01,9.938
1999-02-25,8.2789,42.6,1225.0,1.7235,37.47,33.14,2.04,9.995
1999-02-26,8.279,42.83,1224.5,1.7231,37.32,33.13,2.09,9.9365
1999-03-01,8.2792,42.54,1222.0,1.7262,37.39,33.05,2.05,9.915
1999-03-02,8.2789,42.58,1225.5,1.7345,37.57,33.1,2.17,9.951
1999-03-03,8.2789,42.58,1230.4,1.737,37.65,33.15,2.2,9.965
1999-03-04,8.2783,42.55,1241.0,1.7365,37.88,33.2,2.11,9.935
1999-03-05,8.2784,42.55,1243.0,1.7275,37.47,33.4,2.0,9.876
1999-03-08,8.2786,42.56,1240.5,1.7282,37.15,33.2,1.975,9.838
1999-03-09,8.2791,42.53,1236.5,1.7303,37.27,33.22,1.92,9.7945
1999-03-10,8.2788,42.5,1234.9,1.7295,37.48,33.15,1.87,9.8
1999-03-11,8.2789,42.48,1231.0,1.7358,38.65,33.15,1.895,9.75
1999-03-12,8.2789,42.52,1235.0,1.732,37.45,33.16,1.91,9.77
1999-03-15,8.2789,42.5,1232.0,1.7178,37.38,33.12,1.88,9.69
1999-03-16,8.2789,42.5,1230.0,1.7222,37.28,33.14,1.86,9.68
1999-03-17,8.2788,42.5,1228.0,1.724,37.3,33.2,1.89,9.683
1999-03-18,8.2788,42.5,1226.0,1.7238,37.445,33.1,1.87,9.64
1999-03-19,8.2793,42.5,1220.0,1.7235,37.47,33.11,1.855,9.675
1999-03-22,8.2792,42.5,1224.0,1.7297,37.59,33.13,1.87,9.715
1999-03-23,8.2795,42.5,1226.5,1.7315,37.53,33.15,1.855,9.67
1999-03-24,8.2796,42.5,1224.4,1.7253,37.6,33.15,1.845,9.6875
1999-03-25,8.2798,42.5,1225.0,1.7272,37.65,33.175,1.805,9.645
1999-03-26,8.28,42.5,1223.7,1.7355,37.685,33.18,1.77,9.59
1999-03-29,8.2797,42.48,1226.2,1.7331,37.66,33.2,1.775,9.514
1999-03-30,8.28,42.5,1230.0,1.733,37.67,33.2,1.735,9.54
1999-03-31,8.28,42.5,1228.0,1.7275,37.58,33.17,1.72,9.521
1999-04-01,8.2796,42.5,1225.0,1.7295,37.72,33.2,1.73,9.5175
1999-04-02,8.2794,42.5,1225.2,1.732,37.73,33.18,1.735,9.51
1999-04-05,8.2795,42.5,1228.0,1.7358,37.765,33.3,1.73,9.475
1999-04-06,8.2797,42.75,1231.0,1.7325,37.76,33.32,1.73,9.495
1999-04-07,8.2797,42.75,1223.0,1.7345,37.77,33.3,1.735,9.498
1999-04-08,8.2799,42.76,1227.0,1.7283,37.8,33.3,1.725,9.49
1999-04-09,8.2797,42.78,1226.0,1.7328,37.95,33.18,1.71,9.587
1999-04-12,8.2797,42.77,1225.0,1.7235,37.98,33.1,1.71,9.56
1999-04-13,8.2797,42.9,1223.0,1.7175,37.95,33.1,1.665,9.51
1999-04-14,8.2794,42.85,1220.0,1.6933,37.64,33.0,1.67,9.51
1999-04-15,8.2789,42.9,1220.0,1.6945,37.6,32.85,1.67,9.54
1999-04-16,8.2787,42.75,1221.0,1.705,37.4,32.9,1.675,9.53
1999-04-19,8.2787,42.95,1215.0,1.705,37.33,32.8,1.675,9.378
1999-04-20,8.2783,42.9,1200.0,1.709,37.4,32.75,1.725,9.415
1999-04-21,8.2783,42.9,1195.0,1.713,37.6,32.75,1.74,9.3695
1999-04-22,8.2783,42.81,1198.0,1.709,37.57,32.8,1.702,9.338
1999-04-23,8.2784,42.85,1195.0,1.708,37.6,32.75,1.69,9.29
1999-04-26,8.2793,42.9,1190.0,1.7,37.7,32.75,1.702,9.315
1999-04-27,8.2794,42.91,1185.0,1.7003,37.67,32.75,1.7071,9.3333
1999-04-28,8.2791,42.9,1182.0,1.698,37.45,32.7,1.695,9.3
1999-04-29,8.2794,42.86,1176.0,1.697,37.4,32.7,1.671,9.266
1999-04-30,8.279,42.84,1189.0,1.6965,37.1,32.75,1.6625,9.2425
1999-05-03,8.279,42.85,1191.0,1.7035,37.39,32.75,1.668,9.263
1999-05-04,8.2789,42.8,1197.1,1.704,36.88,32.75,1.678,9.277
1999-05-05,8.2789,42.8,1199.0,1.7005,36.78,32.77,1.686,9.3275
1999-05-06,8.2786,42.8,1203.0,1.701,37.0,32.795,1.674,9.3375
1999-05-07,8.2783,42.8,1203.0,1.6985,36.83,32.78,1.672,9.347
1999-05-10,8.2787,42.8,1201.2,1.6987,36.8,32.83,1.653,9.2985
1999-05-11,8.2782,42.8,1199.0,1.6972,36.79,32.74,1.649,9.2555
1999-05-12,8.2783,42.8,1206.0,1.7003,36.82,32.74,1.66,9.324
1999-05-13,8.2778,42.8,1206.5,1.706,37.05,32.75,1.655,9.2675
1999-05-14,8.2784,42.83,1208.0,1.714,37.22,32.79,1.658,9.3675
1999-05-17,8.2785,42.76,1207.0,1.7115,37.25,32.79,1.672,9.3625
1999-05-18,8.279,42.77,1201.0,1.7123,37.05,32.8,1.67,9.3
1999-05-19,8.2783,42.8,1200.0,1.7215,37.18,32.81,1.67,9.312
1999-05-20,8.278,42.8,1200.0,1.7212,37.13,32.85,1.6975,9.34
1999-05-21,8.278,42.8,1194.5,1.7205,37.15,32.855,1.705,9.37
1999-05-24,8.2785,42.8,1189.5,1.7223,37.1,32.8,1.703,9.4
1999-05-25,8.2789,42.8,1186.6,1.7255,37.17,32.77,1.753,9.5475
1999-05-26,8.279,42.95,1191.2,1.7315,37.17,32.79,1.728,9.665
1999-05-27,8.2788,43.45,1188.7,1.731,37.11,32.85,1.72,9.755
1999-05-28,8.2786,43.17,1186.1,1.7235,37.15,32.8,1.734,9.7925
1999-06-01,8.2781,43.0,1187.4,1.7227,37.1,32.8,1.741,9.81
1999-06-02,8.2787,43.0,1186.2,1.7267,37.13,32.8,1.7555,9.775
1999-06-03,8.2784,43.0,1185.0,1.7275,37.08,32.8,1.755,9.6575
1999-06-04,8.2781,43.0,1184.0,1.7268,37.14,32.8,1.735,9.615
1999-06-07,8.2781,43.05,1184.0,1.723,37.1,32.65,1.7425,9.4975
1999-06-08,8.2779,43.05,1178.5,1.7122,36.97,32.6,1.75,9.5
1999-06-09,8.2778,43.07,1166.5,1.712,37.0,32.55,1.75,9.565
1999-06-10,8.2777,43.15,1167.5,1.7155,36.91,32.55,1.764,9.6
1999-06-11,8.2777,43.06,1168.0,1.711,36.9,32.5,1.774,9.545
1999-06-14,8.2776,43.25,1171.0,1.713,37.05,32.43,1.78,9.5825
1999-06-15,8.2781,43.45,1167.0,1.7092,37.0,32.39,1.791,9.5155
1999-06-16,8.2776,43.2,1165.0,1.7057,36.925,32.42,1.7675,9.4625
1999-06-17,8.2775,43.2,1167.0,1.702,36.9,32.36,1.7585,9.379
1999-06-18,8.2774,43.16,1164.0,1.7073,36.93,32.37,1.75,9.365
1999-06-21,8.2778,43.17,1166.0,1.7087,36.92,33.0,1.7675,9.3925
1999-06-22,8.2781,43.3,1160.0,1.6977,36.58,32.36,1.77,9.358
1999-06-23,8.2784,43.27,1163.0,1.7018,36.73,32.4,1.783,9.395
1999-06-24,8.2779,43.45,1158.0,1.702,36.65,32.38,1.811,9.47
1999-06-25,8.2775,43.45,1156.0,1.7005,36.655,32.41,1.798,9.493
1999-06-28,8.278,43.45,1157.0,1.705,36.92,32.36,1.789,9.483
1999-06-29,8.2786,43.5,1157.5,1.703,36.88,32.31,1.77,9.4175
1999-06-30,8.2787,43.45,1157.5,1.7022,36.89,32.31,1.77,9.443
1999-07-01,8.2786,43.35,1165.0,1.6985,36.87,32.32,1.763,9.3775
1999-07-02,8.2785,43.45,1164.1,1.698,36.95,32.28,1.77,9.36
1999-07-06,8.2782,43.4,1168.0,1.6958,36.81,32.29,1.7755,9.325
1999-07-07,8.2783,43.45,1173.0,1.6973,36.95,32.3,1.78,9.364
1999-07-08,8.2781,43.5,1181.0,1.6975,37.1,32.345,1.7925,9.335
1999-07-09,8.2777,43.35,1188.0,1.6993,37.16,32.355,1.805,9.367
1999-07-12,8.2776,43.3,1184.0,1.7,37.27,32.26,1.82,9.455
1999-07-13,8.2775,43.35,1176.0,1.6997,37.18,32.29,1.835,9.455
1999-07-14,8.2778,43.35,1184.0,1.699,37.1,32.29,1.807,9.335
1999-07-15,8.2775,43.26,1184.0,1.6983,37.09,32.34,1.827,9.345
1999-07-16,8.2773,43.35,1183.0,1.7065,37.2,32.39,1.81,9.358
1999-07-19,8.2773,43.25,1188.0,1.7032,37.17,32.36,1.795,9.3025
1999-07-20,8.2777,43.26,1194.0,1.7005,37.16,32.26,1.8,9.299
1999-07-21,8.2773,43.35,1201.0,1.6971,37.18,32.41,1.812,9.345
1999-07-22,8.2773,43.35,1209.0,1.7,37.4,32.5,1.8275,9.3825
1999-07-23,8.2772,43.28,1208.8,1.699,37.41,32.4,1.819,9.388
1999-07-26,8.277,43.28,1209.0,1.685,37.35,32.33,1.819,9.412
1999-07-27,8.277,43.4,1204.0,1.6865,37.3,32.4,1.817,9.3675
1999-07-28,8.277,43.33,1198.1,1.6783,37.02,32.38,1.7875,9.38
1999-07-29,8.2773,43.43,1205.0,1.688,37.1,32.35,1.796,9.415
1999-07-30,8.2774,43.45,1204.0,1.6835,37.23,32.24,1.79,9.4
1999-08-02,8.277,43.38,1201.0,1.678,37.4,32.32,1.814,9.4
1999-08-03,8.2773,43.38,1199.0,1.6824,37.29,32.19,1.83,9.455
1999-08-04,8.2774,43.4,1202.0,1.677,37.36,32.25,1.821,9.4425
1999-08-05,8.2774,43.45,1202.0,1.674,37.5,32.1,1.85,9.49
1999-08-06,8.2773,43.48,1200.0,1.666,37.7,32.2,1.85,9.495
1999-08-09,8.2774,43.35,1198.0,1.668,37.83,32.0,1.846,9.484
1999-08-10,8.2772,43.45,1199.3,1.6653,37.82,32.2,1.8825,9.515
1999-08-11,8.2772,43.47,1202.0,1.674,38.18,32.2,1.871,9.421
1999-08-12,8.2771,43.5,1210.0,1.674,38.15,32.23,1.853,9.354
1999-08-13,8.277,43.52,1207.0,1.6775,38.0,32.2,1.872,9.3875
1999-08-16,8.2774,43.5,1204.0,1.671,38.0,32.1,1.885,9.36
1999-08-17,8.277,43.54,1206.0,1.681,38.47,32.05,1.887,9.339
1999-08-18,8.2772,43.55,1203.0,1.6726,38.41,32.03,1.892,9.324
1999-08-19,8.2774,43.59,1200.0,1.6778,38.43,32.02,1.92,9.385
1999-08-20,8.2774,43.59,1201.0,1.676,38.36,32.03,1.9925,9.4
1999-08-23,8.2772,43.53,1198.0,1.683,38.33,31.98,1.862,9.344
1999-08-24,8.2775,43.65,1199.0,1.691,38.355,31.98,1.9025,9.3175
1999-08-25,8.2773,43.55,1192.0,1.691,38.35,31.95,1.936,9.31
1999-08-26,8.2773,43.55,1191.0,1.692,38.38,31.95,1.91,9.337
1999-08-27,8.2773,43.53,1183.0,1.688,38.35,31.9,1.94,9.39
1999-08-30,8.2771,43.56,1184.5,1.6882,38.33,31.9,1.948,9.41
1999-08-31,8.277,43.55,1181.0,1.6835,38.333,31.9,1.925,9.393
1999-09-01,8.2771,43.55,1185.0,1.6825,38.82,31.88,1.917,9.336
1999-09-02,8.2773,43.6,1191.0,1.6855,38.86,31.85,1.924,9.376
1999-09-03,8.2775,43.57,1192.0,1.6875,38.85,31.85,1.903,9.344
1999-09-07,8.2776,43.58,1194.0,1.6915,39.195,31.88,1.905,9.355
1999-09-08,8.2776,43.57,1195.0,1.6965,39.7,31.8,1.897,9.35
1999-09-09,8.2774,43.58,1191.0,1.6865,39.5,31.88,1.873,9.346
1999-09-10,8.2774,43.55,1192.0,1.6895,39.49,31.85,1.857,9.3175
1999-09-13,8.2772,43.58,1191.0,1.6845,39.48,31.85,1.885,9.323
1999-09-14,8.2775,43.6,1195.0,1.688,39.58,31.85,1.8975,9.335
1999-09-15,8.2773,43.6,1192.0,1.688,39.53,31.83,1.88,9.305
1999-09-16,8.2771,43.61,1199.0,1.6925,40.05,31.8,1.8825,9.43
1999-09-17,8.2773,43.61,1204.0,1.6944,40.01,31.83,1.89,9.38
1999-09-20,8.2775,43.61,1201.0,1.6985,40.13,31.75,1.874,9.326
1999-09-21,8.2775,43.63,1203.0,1.7005,40.26,31.9,1.88,9.2975
1999-09-22,8.2777,43.58,1210.0,1.7075,40.48,31.88,1.896,9.288
1999-09-23,8.2776,43.59,1209.0,1.7145,41.41,31.88,1.891,9.3075
1999-09-24,8.2775,43.59,1213.0,1.7115,41.07,31.85,1.9175,9.3625
1999-09-27,8.2775,43.59,1211.0,1.7043,40.95,31.85,1.923,9.317
1999-09-28,8.2775,43.68,1218.0,1.7155,41.62,31.85,1.937,9.359
1999-09-29,8.2775,43.7,1218.0,1.707,41.29,31.85,1.922,9.36
1999-09-30,8.2778,43.59,1217.0,1.7,40.98,31.85,1.921,9.352
1999-10-01,8.2778,43.73,1216.0,1.694,40.65,31.83,1.923,9.405
1999-10-04,8.2778,43.73,1213.0,1.69,40.45,31.8,1.941,9.451
1999-10-05,8.277,43.73,1207.0,1.677,38.95,31.83,1.95,9.476
1999-10-06,8.2778,43.7,1204.0,1.678,39.33,31.85,1.964,9.43
1999-10-07,8.2778,43.65,1202.0,1.6803,39.93,31.85,1.933,9.464
1999-10-08,8.278,43.55,1204.0,1.6825,40.34,31.83,1.95,9.4775
1999-10-12,8.2772,43.55,1205.0,1.6795,39.47,31.83,1.95,9.4685
1999-10-13,8.2777,43.56,1205.2,1.6845,39.63,31.83,1.961,9.52
1999-10-14,8.2774,43.55,1207.5,1.6785,39.4,31.83,1.964,9.645
1999-10-15,8.2775,43.56,1206.0,1.674,39.23,31.84,1.988,9.72
1999-10-18,8.2774,43.52,1204.0,1.6768,39.65,31.82,1.988,9.7325
1999-10-19,8.2773,43.4,1206.0,1.6745,39.5,31.83,1.99,9.673
1999-10-20,8.2774,43.5,1205.0,1.6748,39.3,31.83,2.007,9.615
1999-10-21,8.2772,43.5,1206.0,1.67,39.25,31.83,1.994,9.6475
1999-10-22,8.2773,43.5,1205.5,1.666,39.14,31.82,1.98,9.5975
1999-10-25,8.277,43.385,1205.5,1.663,38.93,31.82,1.979,9.644
1999-10-26,8.2773,43.4,1204.0,1.6665,38.69,31.83,1.984,9.628
1999-10-27,8.2775,43.52,1200.0,1.6718,39.0,31.82,1.997,9.652
1999-10-28,8.2776,43.51,1200.0,1.6695,38.85,31.81,1.98,9.64
1999-10-29,8.2778,43.51,1200.0,1.663,38.62,31.82,1.953,9.618
1999-11-01,8.2779,43.51,1196.0,1.6565,38.51,31.8,1.944,9.624
1999-11-02,8.2781,43.45,1194.0,1.6645,38.6,31.81,1.943,9.5805
1999-11-03,8.2781,43.46,1191.0,1.67,38.72,31.8,1.943,9.548
1999-11-04,8.278,43.45,1185.0,1.6665,38.45,31.8,1.915,9.481
1999-11-05,8.2779,43.45,1187.0,1.6715,38.55,31.81,1.917,9.457
1999-11-08,8.2779,43.46,1183.4,1.67,38.69,31.83,1.929,9.462
1999-11-09,8.278,43.46,1185.0,1.671,38.88,31.82,1.93,9.427
1999-11-10,8.2781,43.45,1180.0,1.675,39.0,31.83,1.937,9.409
1999-11-12,8.278,43.45,1170.0,1.6685,38.81,31.81,1.936,9.385
1999-11-15,8.2781,43.45,1181.8,1.665,38.52,31.8,1.935,9.365
1999-11-16,8.2781,43.47,1178.0,1.6695,38.85,31.82,1.933,9.404
1999-11-17,8.2781,43.45,1176.0,1.669,38.78,31.83,1.934,9.3525
1999-11-18,8.2784,43.45,1174.0,1.6708,38.7,31.8,1.93,9.348
1999-11-19,8.2785,43.46,1173.8,1.6685,38.75,31.81,1.934,9.328
1999-11-22,8.2785,43.45,1174.0,1.671,38.77,31.8,1.933,9.3205
1999-11-23,8.2784,43.45,1170.0,1.669,38.73,31.78,1.933,9.336
1999-11-24,8.2785,43.45,1162.0,1.668,38.76,31.78,1.931,9.32
1999-11-26,8.2785,43.48,1159.0,1.672,38.85,31.745,1.926,9.361
1999-11-29,8.2785,43.43,1160.0,1.6815,39.05,31.74,1.921,9.39
1999-11-30,8.2789,43.48,1159.5,1.681,39.0,31.67,1.923,9.424
1999-12-01,8.2789,43.45,1157.5,1.6835,38.91,31.73,1.92,9.47
1999-12-02,8.2788,43.45,1150.0,1.6865,38.96,31.7,1.894,9.5225
1999-12-03,8.2787,43.45,1150.5,1.6847,38.96,31.69,1.878,9.48
1999-12-06,8.279,43.43,1150.2,1.6797,38.97,31.65,1.868,9.4615
1999-12-07,8.279,43.5,1139.0,1.6767,38.7,31.6,1.86,9.45
1999-12-08,8.2795,43.5,1125.0,1.6805,38.56,31.6,1.864,9.477
1999-12-09,8.2795,43.5,1130.0,1.679,38.6,31.63,1.866,9.4285
1999-12-10,8.2795,43.5,1132.8,1.6762,38.67,31.65,1.866,9.416
1999-12-13,8.2795,43.57,1128.0,1.678,38.57,31.65,1.856,9.412
1999-12-14,8.2794,43.6,1134.0,1.68,38.65,31.65,1.847,9.4125
1999-12-15,8.2794,43.54,1135.0,1.6765,38.43,31.7,1.852,9.374
1999-12-16,8.2794,43.55,1131.0,1.6753,38.03,31.68,1.843,9.363
1999-12-17,8.2794,43.55,1130.5,1.6743,38.2,31.68,1.8,9.33
1999-12-20,8.2794,43.55,1135.0,1.67,38.04,31.68,1.812,9.3335
1999-12-21,8.2796,43.55,1134.5,1.672,37.95,31.68,1.827,9.32
1999-12-22,8.2796,43.55,1131.7,1.665,37.62,31.68,1.821,9.308
1999-12-23,8.2795,43.55,1131.0,1.671,37.5,31.65,1.831,9.376
1999-12-24,8.2794,43.55,1132.6,1.6705,37.6,31.63,1.832,9.4175
1999-12-27,8.2796,43.55,1133.7,1.6698,37.75,31.6,1.833,9.4575
1999-12-28,8.2797,43.55,1143.0,1.666,37.6,31.55,1.832,9.506
1999-12-29,8.2793,43.55,1142.5,1.665,37.5,31.5,1.814,9.533
1999-12-30,8.2795,43.55,1133.0,1.667,37.7,31.4,1.792,9.495
1999-12-31,8.2795,43.51,1136.0,1.667,37.75,31.39,1.809,9.48
2000-01-03,8.2798,43.55,1128.0,1.6563,36.97,31.38,1.805,9.4015
2000-01-04,8.2799,43.55,1122.5,1.6535,37.13,30.6,1.8405,9.457
2000-01-05,8.2798,43.55,1135.0,1.656,37.1,30.8,1.856,9.535
2000-01-06,8.2797,43.55,1146.5,1.6655,37.62,31.75,1.84,9.567
2000-01-07,8.2794,43.55,1138.0,1.6625,37.3,30.85,1.831,9.52
2000-01-10,8.2794,43.55,1133.5,1.6618,37.27,30.83,1.819,9.445
2000-01-11,8.2795,43.6,1147.0,1.669,37.61,30.83,1.8225,9.4825
2000-01-12,8.2796,43.6,1144.5,1.669,37.54,30.8,1.835,9.515
2000-01-13,8.2798,43.55,1135.5,1.67,37.49,30.8,1.814,9.51
2000-01-14,8.2797,43.55,1125.0,1.6752,37.55,30.83,1.805,9.455
2000-01-18,8.2793,43.6,1127.0,1.6735,37.4,30.89,1.7942,9.441
2000-01-19,8.2797,43.6,1134.0,1.6753,37.4,30.85,1.793,9.418
2000-01-20,8.2794,43.6,1126.0,1.6765,37.28,30.85,1.7785,9.408
2000-01-21,8.2795,43.6,1128.0,1.681,37.23,30.85,1.78,9.447
2000-01-24,8.2789,43.62,1124.5,1.6825,37.3,30.85,1.768,9.485
2000-01-25,8.2786,43.59,1127.0,1.6867,37.27,30.85,1.78,9.525
2000-01-26,8.2782,43.65,1127.8,1.695,37.48,30.85,1.781,9.5175
2000-01-27,8.2783,43.63,1125.0,1.693,37.46,30.83,1.78,9.52
2000-01-28,8.2781,43.65,1121.0,1.71,37.65,30.75,1.79,9.581
2000-01-31,8.2777,43.65,1124.0,1.701,37.55,30.75,1.802,9.64
2000-02-01,8.2774,43.62,1127.0,1.699,37.51,31.75,1.795,9.597
2000-02-02,8.2773,43.65,1131.0,1.6985,37.65,30.8,1.785,9.575
2000-02-03,8.2781,43.65,1130.5,1.6925,37.59,30.8,1.775,9.51
2000-02-04,8.2788,43.65,1130.0,1.693,37.55,30.8,1.773,9.481
2000-02-07,8.2788,43.64,1129.6,1.6958,37.75,30.8,1.77,9.436
2000-02-08,8.2788,43.63,1129.5,1.6968,37.64,30.75,1.765,9.402
2000-02-09,8.2788,43.65,1124.0,1.6918,37.55,30.65,1.77,9.399
2000-02-10,8.2788,43.58,1121.0,1.6929,37.42,30.65,1.77,9.4365
2000-02-11,8.2788,43.65,1115.0,1.6947,37.43,30.63,1.767,9.423
2000-02-14,8.2779,43.65,1128.0,1.6975,37.49,30.72,1.769,9.393
2000-02-15,8.2777,43.64,1128.0,1.696,37.52,30.75,1.783,9.3875
2000-02-16,8.2777,43.75,1126.0,1.7033,37.7,30.72,1.775,9.3715
2000-02-17,8.2772,43.68,1128.0,1.706,37.77,30.72,1.777,9.398
2000-02-18,8.2772,43.68,1129.0,1.7058,38.11,30.765,1.777,9.354
2000-02-22,8.2773,43.65,1135.0,1.7085,38.22,30.8,1.785,9.427
2000-02-23,8.278,43.68,1136.0,1.714,38.09,30.8,1.79,9.413
2000-02-24,8.278,43.65,1144.0,1.7165,38.22,30.85,1.782,9.382
2000-02-25,8.2786,43.65,1137.0,1.711,37.88,30.8,1.774,9.378
2000-02-28,8.2786,43.68,1135.0,1.7185,37.95,30.8,1.779,9.4025
2000-02-29,8.2786,43.65,1131.31,1.7237,38.13,30.76,1.769,9.3645
2000-03-01,8.2786,43.63,1128.5,1.7182,38.11,30.75,1.769,9.363
2000-03-02,8.2787,43.65,1120.5,1.7214,38.0,30.75,1.759,9.341
2000-03-03,8.2789,43.65,1120.5,1.7253,38.01,30.75,1.744,9.315
2000-03-06,8.2785,43.63,1119.3,1.7252,38.1,30.8,1.747,9.3175
2000-03-07,8.2784,43.63,1118.7,1.7199,38.06,30.75,1.747,9.285
2000-03-08,8.2786,43.65,1119.2,1.714,37.94,30.76,1.754,9.272
2000-03-09,8.2787,43.63,1123.0,1.708,37.93,30.75,1.735,9.2925
2000-03-10,8.2785,43.65,1120.2,1.7035,37.85,30.75,1.738,9.3175
2000-03-13,8.2781,43.65,1121.0,1.7068,37.93,30.75,1.749,9.313
2000-03-14,8.278,43.64,1118.4,1.7095,37.87,30.74,1.738,9.319
2000-03-15,8.2778,43.65,1118.5,1.715,38.16,30.75,1.7402,9.337
2000-03-16,8.2777,43.58,1118.0,1.712,37.96,30.815,1.736,9.325
2000-03-17,8.2785,43.65,1117.3,1.7161,37.97,30.74,1.737,9.322
2000-03-20,8.2786,43.63,1118.18,1.72,38.04,30.75,1.74,9.321
2000-03-21,8.2783,43.59,1117.0,1.7188,37.9,30.78,1.7395,9.3
2000-03-22,8.2783,43.65,1113.0,1.7125,37.8,30.75,1.729,9.275
2000-03-23,8.2787,43.65,1110.0,1.7115,37.75,30.75,1.723,9.2375
2000-03-24,8.2789,43.65,1108.7,1.716,37.72,30.7,1.73,9.1875
2000-03-27,8.2792,43.62,1112.1,1.716,37.8,30.65,1.736,9.1825
2000-03-28,8.2795,43.65,1112.5,1.715,37.8,30.64,1.749,9.184
2000-03-29,8.2789,43.65,1109.4,1.7168,37.79,30.6,1.74,9.235
2000-03-30,8.2788,43.65,1107.5,1.7194,37.88,30.6,1.753,9.306
2000-03-31,8.2787,43.65,1105.5,1.712,37.85,30.48,1.742,9.2895
2000-04-03,8.2786,43.632,1113.0,1.7173,37.8,30.5,1.742,9.29
2000-04-04,8.2791,43.65,1114.0,1.7183,37.86,30.45,1.745,9.312
2000-04-05,8.2795,43.68,1115.5,1.716,38.05,30.5,1.755,9.395
2000-04-06,8.2795,43.65,1112.0,1.715,38.05,30.48,1.745,9.364
2000-04-07,8.2795,43.67,1107.5,1.7162,37.995,30.5,1.746,9.3222
2000-04-10,8.2798,43.66,1110.5,1.719,38.05,30.35,1.738,9.29
2000-04-11,8.2791,43.68,1110.0,1.72,38.07,30.35,1.7475,9.366
2000-04-12,8.2796,43.7,1108.5,1.7193,38.05,30.35,1.748,9.397
2000-04-13,8.2794,43.7,1107.0,1.716,37.85,30.35,1.764,9.399
2000-04-14,8.2794,43.75,1111.2,1.7078,37.9,30.45,1.786,9.501
2000-04-17,8.2794,43.68,1113.8,1.7069,37.97,30.55,1.789,9.4825
2000-04-18,8.279,43.7,1110.0,1.699,37.92,30.6,1.766,9.437
2000-04-19,8.2793,43.7,1109.5,1.6992,37.98,30.62,1.766,9.391
2000-04-20,8.2791,43.687,1109.0,1.6978,37.97,30.55,1.781,9.403
2000-04-21,8.2785,43.7,1108.5,1.699,37.95,30.585,1.779,9.4045
2000-04-24,8.2786,43.655,1108.8,1.702,37.98,30.6,1.79,9.4405
2000-04-25,8.2791,43.7,1108.5,1.704,38.04,30.65,1.79,9.405
2000-04-26,8.2795,43.7,1108.1,1.7055,38.15,30.65,1.799,9.409
2000-04-27,8.2798,43.7,1111.0,1.707,38.13,30.65,1.811,9.454
2000-04-28,8.2799,43.7,1110.0,1.7065,38.09,30.67,1.805,9.411
2000-05-01,8.2799,43.67,1110.0,1.709,38.12,30.65,1.807,9.335
2000-05-02,8.2799,43.75,1110.1,1.7178,38.35,30.68,1.8,9.334
2000-05-03,8.2799,43.73,1110.0,1.7215,38.5,30.75,1.816,9.3675
2000-05-04,8.2799,43.67,1111.5,1.722,38.51,30.72,1.814,9.3965
2000-05-05,8.2799,43.7,1111.0,1.7222,38.55,30.68,1.8125,9.48
2000-05-08,8.2798,43.7,1109.7,1.7235,38.5,30.7,1.805,9.4825
2000-05-09,8.279,43.7,1109.5,1.7295,38.68,30.65,1.8075,9.4875
2000-05-10,8.2785,44.3,1109.2,1.729,38.71,30.73,1.818,9.572
2000-05-11,8.2782,44.44,1113.0,1.7263,39.0,30.76,1.82,9.583
2000-05-12,8.2778,44.15,1113.5,1.7278,38.9,30.75,1.83,9.5627
2000-05-15,8.2777,44.44,1114.9,1.7335,39.35,30.83,1.845,9.576
2000-05-16,8.2772,44.05,1115.0,1.7325,39.45,30.84,1.823,9.508
2000-05-17,8.2768,44.02,1115.6,1.734,39.4,30.75,1.833,9.5505
2000-05-18,8.2773,44.03,1118.8,1.734,39.34,30.82,1.831,9.582
2000-05-19,8.2768,44.0,1122.5,1.7275,39.03,30.79,1.843,9.627
2000-05-22,8.277,44.02,1131.5,1.7317,39.18,30.75,1.854,9.573
2000-05-23,8.2768,44.15,1135.0,1.735,39.25,30.8,1.852,9.5025
2000-05-24,8.2769,44.25,1133.5,1.737,39.3,30.82,1.853,9.54
2000-05-25,8.2773,44.2,1129.9,1.7328,39.15,30.85,1.846,9.5085
2000-05-26,8.2771,44.4,1137.5,1.7343,39.19,30.85,1.841,9.53
2000-05-30,8.2772,44.65,1137.0,1.7332,39.25,30.96,1.8325,9.52
2000-05-31,8.2773,44.65,1130.0,1.7345,39.22,30.85,1.827,9.511
2000-06-01,8.2771,44.65,1133.0,1.732,39.19,30.9,1.821,9.49
2000-06-02,8.2771,44.7,1125.2,1.724,38.92,30.85,1.807,9.5575
2000-06-05,8.277,44.75,1118.0,1.7205,38.81,30.83,1.794,9.547
2000-06-06,8.2773,44.75,1117.0,1.7205,38.84,30.83,1.793,9.675
2000-06-07,8.2773,44.83,1113.2,1.722,38.92,30.8,1.804,9.784
2000-06-08,8.2775,44.85,1116.0,1.7205,39.01,30.8,1.799,9.9
2000-06-09,8.2772,44.85,1115.5,1.723,39.12,30.8,1.8025,9.9325
2000-06-12,8.2771,44.85,1113.4,1.7225,39.05,30.8,1.805,9.857
2000-06-13,8.277,44.8,1114.4,1.7213,38.99,30.8,1.812,9.788
2000-06-14,8.2768,44.72,1114.5,1.7215,39.07,30.8,1.8125,9.7875
2000-06-15,8.2768,44.8,1115.0,1.7245,39.07,30.85,1.812,9.847
2000-06-16,8.2768,44.83,1116.4,1.7258,39.18,30.9,1.808,9.9235
2000-06-19,8.2768,44.85,1122.22,1.7322,39.2,30.9,1.805,9.909
2000-06-20,8.2772,44.75,1120.0,1.733,39.13,30.9,1.8,9.879
2000-06-21,8.2772,44.7,1119.3,1.734,39.2,30.83,1.815,9.815
2000-06-22,8.2771,44.7,1118.8,1.7345,39.25,30.8,1.813,9.879
2000-06-23,8.2769,44.75,1119.5,1.7325,39.1,30.8,1.822,9.975
2000-06-26,8.2773,44.75,1118.2,1.7341,39.13,30.81,1.828,10.023
2000-06-27,8.2774,44.7,1118.3,1.7343,39.17,30.82,1.823,10.087
2000-06-28,8.2775,44.72,1116.5,1.735,39.16,30.82,1.82,9.9685
2000-06-29,8.278,44.73,1115.0,1.7345,39.2,30.83,1.817,9.888
2000-06-30,8.2782,44.7,1115.15,1.7275,39.2,30.8,1.804,9.843
2000-07-03,8.2786,44.72,1113.9,1.7327,39.39,30.83,1.809,9.5525
2000-07-05,8.2787,44.69,1117.5,1.738,39.6,30.85,1.805,9.515
2000-07-06,8.2791,44.81,1117.5,1.7367,39.6,30.88,1.798,9.557
2000-07-07,8.2793,44.78,1119.0,1.737,39.75,30.88,1.799,9.508
2000-07-10,8.2795,44.75,1118.5,1.7385,39.92,30.9,1.8,9.5
2000-07-11,8.2794,44.75,1116.7,1.7435,40.01,30.9,1.799,9.439
2000-07-12,8.2795,44.75,1115.7,1.7435,40.03,30.9,1.805,9.4815
2000-07-13,8.2791,44.78,1111.3,1.7435,39.98,30.9,1.809,9.4375
2000-07-14,8.2796,44.78,1113.0,1.7432,40.05,30.9,1.812,9.424
2000-07-17,8.2791,44.74,1113.1,1.7478,40.31,30.96,1.8,9.342
2000-07-18,8.2796,44.83,1113.7,1.7465,40.25,31.0,1.798,9.3385
2000-07-19,8.2796,44.85,1112.3,1.746,40.17,31.08,1.807,9.415
2000-07-20,8.2796,45.02,1111.6,1.7458,40.23,31.13,1.8015,9.38
2000-07-21,8.2795,44.8,1113.0,1.748,40.443,31.08,1.794,9.343
2000-07-24,8.2798,44.77,1114.2,1.7447,40.76,31.095,1.797,9.329
2000-07-25,8.2797,44.95,1116.0,1.7455,40.99,31.1,1.79,9.3585
2000-07-26,8.2796,44.98,1115.6,1.7428,41.19,31.08,1.793,9.362
2000-07-27,8.2793,44.95,1115.0,1.7346,40.92,31.08,1.7845,9.37
2000-07-28,8.2794,44.96,1117.0,1.735,41.42,31.07,1.786,9.364
2000-07-31,8.2792,45.15,1116.9,1.7342,41.34,31.06,1.776,9.368
2000-08-01,8.2788,45.15,1115.8,1.732,41.09,31.15,1.786,9.345
2000-08-02,8.2791,45.4,1115.8,1.727,40.84,31.1,1.792,9.345
2000-08-03,8.2796,45.4,1115.0,1.7248,40.7,31.15,1.802,9.388
2000-08-04,8.2798,45.4,1116.0,1.7215,40.68,31.12,1.793,9.357
2000-08-07,8.2799,45.62,1118.0,1.7268,41.26,31.15,1.796,9.337
2000-08-08,8.2799,45.8,1116.5,1.7255,41.1,31.1,1.8,9.35
2000-08-09,8.2798,45.7,1115.3,1.721,40.9,31.1,1.7965,9.327
2000-08-10,8.2799,45.9,1114.5,1.7145,40.85,31.1,1.798,9.322
2000-08-11,8.2796,45.9,1116.0,1.7133,40.7,31.11,1.796,9.279
2000-08-14,8.2795,45.85,1117.0,1.7163,40.74,31.1,1.804,9.246
2000-08-15,8.2788,45.8,1116.3,1.719,40.88,31.13,1.805,9.24
2000-08-16,8.2797,45.8,1115.2,1.7175,40.83,31.13,1.808,9.183
2000-08-17,8.2799,45.95,1115.0,1.7163,40.85,31.1,1.809,9.189
2000-08-18,8.2797,45.9,1115.1,1.7187,41.04,31.11,1.817,9.25
2000-08-21,8.2799,45.73,1114.5,1.717,40.92,31.1,1.821,9.261
2000-08-22,8.2799,45.75,1114.14,1.717,40.83,31.08,1.818,9.239
2000-08-23,8.2793,45.9,1114.8,1.719,40.77,31.08,1.818,9.2725
2000-08-24,8.2799,46.05,1114.2,1.7215,41.01,31.07,1.822,9.244
2000-08-25,8.2799,46.05,1114.1,1.721,40.86,31.1,1.823,9.232
2000-08-28,8.2799,45.83,1111.9,1.719,40.8,31.08,1.829,9.213
2000-08-29,8.2799,46.0,1110.2,1.7208,40.95,31.09,1.832,9.2325
2000-08-30,8.2788,45.9,1108.6,1.7228,40.96,31.09,1.8241,9.214
2000-08-31,8.2786,45.9,1108.8,1.7213,40.89,31.1,1.82,9.2
2000-09-01,8.2787,45.8,1105.7,1.721,40.9,31.1,1.824,9.2075
2000-09-05,8.279,45.74,1105.5,1.727,41.25,31.08,1.8278,9.255
2000-09-06,8.2794,45.65,1107.4,1.732,41.4,31.1,1.821,9.318
2000-09-07,8.279,46.05,1111.0,1.7323,41.42,31.1,1.8221,9.314
2000-09-08,8.2794,45.73,1109.5,1.7372,41.61,31.1,1.822,9.327
2000-09-11,8.2786,45.65,1109.5,1.738,41.47,31.12,1.8187,9.2825
2000-09-12,8.2787,45.7,1109.5,1.742,41.61,31.11,1.827,9.251
2000-09-13,8.277,45.7,1110.0,1.7455,41.81,31.12,1.835,9.283
2000-09-14,8.2773,45.8,1115.2,1.7405,41.8,31.13,1.833,9.307
2000-09-15,8.2771,45.85,1119.9,1.7442,41.99,31.17,1.8445,9.361
2000-09-18,8.2772,46.15,1140.0,1.7478,42.4,31.29,1.859,9.4225
2000-09-19,8.2779,46.45,1127.0,1.744,42.32,31.28,1.855,9.422
2000-09-20,8.2775,46.3,1127.0,1.7485,42.64,31.29,1.857,9.456
2000-09-21,8.2778,46.09,1128.0,1.747,42.63,31.28,1.854,9.436
2000-09-22,8.2787,46.18,1135.0,1.749,42.8,31.21,1.8575,9.475
2000-09-25,8.2793,46.16,1126.0,1.747,42.7,31.29,1.844,9.428
2000-09-26,8.2791,46.1,1120.0,1.7415,42.23,31.28,1.8517,9.4035
2000-09-27,8.2795,46.15,1114.0,1.7435,42.21,31.29,1.849,9.4145
2000-09-28,8.2799,46.05,1115.9,1.744,42.5,31.29,1.8482,9.426
2000-09-29,8.2798,46.06,1115.3,1.7395,42.15,31.324,1.844,9.44
2000-10-02,8.279,46.1,1118.18,1.742,42.3,31.29,1.847,9.4075
2000-10-03,8.279,46.18,1120.0,1.7442,42.4,31.32,1.848,9.399
2000-10-04,8.279,46.17,1120.0,1.7505,42.75,31.3,1.852,9.44
2000-10-05,8.279,46.17,1120.0,1.7496,42.52,31.3,1.852,9.4575
2000-10-06,8.279,46.17,1119.0,1.749,42.56,31.31,1.855,9.466
2000-10-10,8.2789,46.25,1121.9,1.75,42.86,31.31,1.855,9.465
2000-10-11,8.2786,46.35,1124.0,1.7504,43.14,31.33,1.86,9.48
2000-10-12,8.2786,46.3,1124.0,1.7555,43.5,31.3,1.862,9.52
2000-10-13,8.2784,46.45,1132.0,1.7545,43.58,31.6,1.877,9.595
2000-10-16,8.2781,46.4,1130.0,1.754,43.31,32.05,1.871,9.548
2000-10-17,8.2784,46.35,1136.0,1.7555,43.45,32.3,1.8735,9.547
2000-10-18,8.2781,46.45,1140.0,1.757,43.75,32.5,1.876,9.578
2000-10-19,8.278,46.4,1140.0,1.7523,43.39,32.35,1.875,9.545
2000-10-20,8.2778,46.4,1132.0,1.7547,43.72,32.15,1.882,9.558
2000-10-23,8.2784,46.45,1141.0,1.7547,43.97,32.1,1.893,9.573
2000-10-24,8.2784,46.48,1138.0,1.7515,43.77,32.05,1.901,9.571
2000-10-25,8.2782,46.7,1140.0,1.7545,43.6,32.05,1.925,9.627
2000-10-26,8.2785,46.7,1140.0,1.7553,43.82,32.19,1.946,9.696
2000-10-27,8.2788,46.78,1138.0,1.7558,43.77,32.26,1.931,9.635
2000-10-30,8.278,46.78,1140.0,1.7556,43.79,32.35,1.9185,9.604
2000-10-31,8.2775,46.9,1139.0,1.7568,44.06,32.35,1.908,9.564
2000-11-01,8.2773,46.82,1138.3,1.7447,43.82,32.36,1.909,9.581
2000-11-02,8.277,46.85,1134.8,1.7433,43.8,32.25,1.919,9.581
2000-11-03,8.2768,46.7,1136.3,1.7335,43.48,32.15,1.937,9.61
2000-11-06,8.2771,46.64,1135.0,1.7323,43.4,32.15,1.941,9.64
2000-11-07,8.2769,46.7,1139.0,1.7364,43.63,32.15,1.9545,9.6475
2000-11-08,8.2772,46.72,1136.5,1.7383,43.6,32.13,1.955,9.618
2000-11-09,8.2768,46.75,1132.0,1.7405,43.6,32.1,1.963,9.648
2000-11-10,8.2772,46.78,1137.0,1.7432,43.73,32.07,1.951,9.605
2000-11-13,8.2768,46.77,1141.0,1.7435,43.67,32.17,1.959,9.5705
2000-11-14,8.2773,46.85,1139.0,1.744,43.73,32.18,1.945,9.495
2000-11-15,8.2768,46.83,1138.7,1.7455,43.69,32.15,1.949,9.465
2000-11-16,8.2773,46.85,1141.3,1.7525,44.165,32.24,1.9475,9.497
2000-11-17,8.2769,46.82,1144.5,1.7545,44.26,32.31,1.968,9.478
2000-11-20,8.2779,46.9,1157.0,1.757,44.38,32.48,1.929,9.457
2000-11-21,8.2786,46.85,1168.0,1.7569,44.23,32.5,1.926,9.414
2000-11-22,8.2782,46.86,1179.0,1.7555,43.7,32.9,1.929,9.376
2000-11-24,8.2779,46.91,1191.0,1.76,43.77,32.9,1.959,9.399
2000-11-27,8.278,46.9,1189.0,1.7542,43.52,32.9,1.9625,9.371
2000-11-28,8.2777,46.93,1189.0,1.756,43.72,32.85,1.98,9.412
2000-11-29,8.2774,46.95,1204.0,1.7575,43.92,33.08,1.958,9.396
2000-11-30,8.2777,46.87,1217.0,1.7547,43.805,33.08,1.9722,9.41
2000-12-01,8.2775,46.89,1211.0,1.749,43.77,33.05,1.981,9.42
2000-12-04,8.2771,46.88,1220.0,1.7445,43.7,33.05,1.984,9.414
2000-12-05,8.277,46.8,1204.0,1.7438,43.68,33.05,1.96,9.375
2000-12-06,8.277,46.78,1201.0,1.743,43.62,33.05,1.967,9.408
2000-12-07,8.277,46.8,1201.0,1.7335,43.44,33.08,1.974,9.429
2000-12-08,8.2769,46.8,1192.0,1.7363,43.61,33.06,1.969,9.399
2000-12-11,8.2773,46.78,1184.0,1.7332,43.49,33.1,1.962,9.4465
2000-12-12,8.2771,46.78,1191.0,1.7355,43.55,33.06,1.968,9.471
2000-12-13,8.277,46.8,1192.1,1.7415,43.6,33.16,1.965,9.4505
2000-12-14,8.2768,46.8,1203.0,1.738,43.55,33.1,1.965,9.417
2000-12-15,8.2768,46.8,1208.0,1.7355,43.45,33.1,1.965,9.409
2000-12-18,8.2774,46.79,1206.0,1.7373,43.36,33.1,1.953,9.38
2000-12-19,8.2772,46.75,1209.0,1.7375,42.97,33.1,1.955,9.37
2000-12-20,8.2769,46.75,1218.0,1.7318,42.68,33.18,1.958,9.435
2000-12-21,8.2768,46.74,1228.8,1.7317,42.55,33.2,1.953,9.585
2000-12-22,8.2777,46.77,1237.3,1.7258,42.1,33.2,1.958,9.604
2000-12-26,8.2769,46.75,1252.5,1.727,42.3,33.2,1.961,9.53
2000-12-27,8.277,46.73,1260.0,1.7325,42.72,33.25,1.96,9.577
2000-12-28,8.2781,46.75,1253.0,1.7335,43.33,33.2,1.955,9.607
2000-12-29,8.2774,46.75,1267.0,1.7315,43.45,33.17,1.951,9.618
2001-01-02,8.2779,46.74,1279.0,1.737,43.79,33.0,1.938,9.714
2001-01-03,8.2773,46.75,1271.5,1.7325,43.7,33.078,1.946,9.836
2001-01-04,8.2781,46.78,1265.0,1.737,43.53,33.0,1.938,9.698
2001-01-05,8.2775,46.76,1264.7,1.7322,43.26,32.927,1.953,9.753
2001-01-08,8.2778,46.73,1263.6,1.7275,42.95,32.85,1.954,9.691
2001-01-09,8.2771,46.68,1253.3,1.7328,43.13,32.63,1.941,9.746
2001-01-10,8.2769,46.68,1270.0,1.7333,43.2,32.65,1.941,9.8145
2001-01-11,8.2767,46.68,1279.2,1.7352,43.57,32.67,1.949,9.845
2001-01-12,8.2768,47.47,1279.2,1.7328,43.34,32.67,1.949,9.8775
2001-01-16,8.2766,46.55,1283.8,1.7338,43.09,32.645,1.954,9.972
2001-01-17,8.2764,46.48,1279.0,1.734,43.3,32.67,1.954,9.88
2001-01-18,8.2764,46.45,1286.0,1.7393,43.25,32.67,1.953,9.885
2001-01-19,8.2764,46.43,1276.12,1.738,43.1,32.61,1.96,9.79
2001-01-22,8.2782,46.43,1275.1,1.7373,43.13,32.59,1.958,9.785
2001-01-23,8.2786,46.39,1275.1,1.7425,43.03,32.6,1.959,9.768
2001-01-24,8.2786,46.42,1275.8,1.7445,43.13,32.6,1.962,9.692
2001-01-25,8.2786,46.54,1277.5,1.742,42.97,32.575,1.974,9.687
2001-01-26,8.2786,46.53,1281.9,1.75,42.85,32.575,1.977,9.697
2001-01-29,8.2786,46.5,1266.0,1.747,42.63,32.545,1.977,9.6695
2001-01-30,8.2786,46.46,1265.5,1.746,42.68,32.23,1.9695,9.665
2001-01-31,8.2781,46.44,1258.0,1.7438,42.49,32.35,1.972,9.679
2001-02-01,8.2772,46.41,1257.0,1.737,42.3,32.39,1.9825,9.733
2001-02-02,8.2774,46.44,1249.5,1.739,42.38,32.3,1.994,9.769
2001-02-05,8.277,46.43,1263.0,1.7413,42.47,32.33,1.996,9.78
2001-02-06,8.2766,46.42,1259.0,1.7435,42.4,32.27,1.997,9.689
2001-02-07,8.2765,46.46,1270.0,1.7485,42.7,32.27,2.006,9.694
2001-02-08,8.2763,46.46,1267.0,1.748,42.52,32.27,1.992,9.657
2001-02-09,8.2764,46.54,1265.0,1.747,42.62,32.27,1.986,9.764
2001-02-12,8.2774,46.56,1264.1,1.7458,42.62,32.29,1.983,9.741
2001-02-13,8.2765,46.6,1255.5,1.7453,42.52,32.35,1.982,9.704
2001-02-14,8.2764,46.65,1252.5,1.7455,42.4,32.32,1.989,9.718
2001-02-15,8.2772,46.63,1242.0,1.7435,42.42,32.31,1.984,9.68
2001-02-16,8.277,46.55,1244.0,1.7386,42.47,32.32,1.993,9.703
2001-02-20,8.2767,46.66,1234.0,1.74,42.79,32.3,2.009,9.68
2001-02-21,8.2772,46.65,1240.0,1.7445,42.94,32.3,2.019,9.7
2001-02-22,8.2769,46.63,1241.1,1.7445,43.02,32.38,2.044,9.735
2001-02-23,8.2774,46.65,1249.1,1.7448,43.06,32.4,2.047,9.714
2001-02-26,8.2776,46.66,1247.1,1.7443,43.05,32.4,2.03,9.668
2001-02-27,8.2781,46.68,1249.5,1.741,42.85,32.4,2.034,9.684
2001-02-28,8.2783,46.59,1254.8,1.7451,43.11,32.4,2.0465,9.6925
2001-03-01,8.2778,46.59,1253.1,1.7468,43.29,32.38,2.043,9.706
2001-03-02,8.2782,46.59,1268.0,1.75,43.39,32.4,2.032,9.667
2001-03-05,8.2777,46.57,1275.0,1.7565,43.57,32.4,2.025,9.639
2001-03-06,8.2778,46.53,1265.5,1.7565,43.44,32.4,2.022,9.6385
2001-03-07,8.2773,46.57,1274.5,1.7588,43.69,32.42,2.047,9.652
2001-03-08,8.277,46.56,1272.0,1.7565,43.53,32.42,2.043,9.644
2001-03-09,8.2774,46.55,1269.1,1.7558,43.61,32.45,2.057,9.671
2001-03-12,8.2784,46.57,1280.0,1.7618,43.78,32.48,2.065,9.665
2001-03-13,8.2783,46.7,1276.0,1.7612,43.58,32.57,2.062,9.631
2001-03-14,8.2778,46.69,1278.0,1.767,43.675,32.53,2.075,9.571
2001-03-15,8.2776,46.66,1286.0,1.77,43.97,32.61,2.1025,9.593
2001-03-16,8.2771,46.69,1295.0,1.7775,44.0,32.73,2.129,9.622
2001-03-19,8.2772,46.72,1298.0,1.7685,43.89,32.8,2.171,9.573
2001-03-20,8.2772,46.71,1297.01,1.7765,44.07,32.785,2.1,9.515
2001-03-21,8.2771,46.71,1310.0,1.7855,44.3,32.82,2.107,9.535
2001-03-22,8.2768,46.74,1324.0,1.789,44.447,32.92,2.146,9.585
2001-03-23,8.2773,46.72,1310.0,1.7847,44.22,32.85,2.172,9.663
2001-03-26,8.2771,46.69,1310.7,1.793,44.35,32.72,2.136,9.538
2001-03-27,8.2773,46.65,1312.0,1.7923,44.48,32.67,2.124,9.516
2001-03-28,8.2777,46.65,1302.0,1.7975,44.63,32.67,2.125,9.541
2001-03-29,8.2779,46.66,1323.0,1.801,44.78,32.8,2.143,9.527
2001-03-30,8.2777,46.85,1332.0,1.805,45.04,32.85,2.175,9.485
2001-04-02,8.2776,46.65,1350.0,1.8157,45.16,32.97,2.158,9.414
2001-04-03,8.2772,46.67,1350.0,1.8115,45.15,32.89,2.173,9.394
2001-04-04,8.2771,46.6,1369.0,1.8166,45.39,33.0,2.165,9.4225
2001-04-05,8.2768,46.64,1352.0,1.809,45.37,32.9,2.168,9.3875
2001-04-06,8.2767,46.58,1342.1,1.814,45.52,32.9,2.151,9.405
2001-04-09,8.277,46.58,1341.9,1.8162,45.64,33.0,2.167,9.36
2001-04-10,8.2769,46.6,1334.0,1.8135,45.59,32.99,2.146,9.3225
2001-04-11,8.2769,46.75,1326.0,1.807,45.5,32.97,2.156,9.29
2001-04-12,8.2772,46.75,1316.1,1.8035,45.45,32.92,2.1622,9.313
2001-04-13,8.2769,46.89,1325.3,1.805,45.43,32.97,2.156,9.305
2001-04-16,8.2769,47.07,1330.0,1.8117,45.58,32.95,2.183,9.332
2001-04-17,8.2775,46.95,1325.0,1.8085,45.53,32.97,2.193,9.287
2001-04-18,8.2775,46.95,1316.0,1.7998,45.22,32.97,2.17,9.187
2001-04-19,8.2773,46.88,1299.0,1.8065,45.4,32.85,2.195,9.2725
2001-04-20,8.2775,46.88,1313.1,1.8136,45.68,32.91,2.228,9.373
2001-04-23,8.277,46.82,1314.5,1.8072,45.48,32.94,2.258,9.388
2001-04-24,8.2769,46.88,1307.0,1.8135,45.56,32.92,2.26,9.289
2001-04-25,8.2767,46.88,1307.9,1.8175,45.63,32.93,2.295,9.3145
2001-04-26,8.2769,46.78,1317.0,1.817,45.72,32.89,2.267,9.258
2001-04-27,8.2773,46.88,1328.0,1.819,45.72,32.97,2.222,9.304
2001-04-30,8.2774,46.88,1319.0,1.821,45.65,32.94,2.189,9.261
2001-05-01,8.2774,46.87,1319.0,1.8135,45.65,32.95,2.203,9.2725
2001-05-02,8.2774,46.87,1310.0,1.8164,45.53,32.9,2.233,9.2915
2001-05-03,8.2774,46.87,1296.0,1.821,45.45,32.89,2.2375,9.287
2001-05-04,8.2774,46.87,1292.5,1.8225,45.68,32.91,2.2145,9.257
2001-05-07,8.2774,46.84,1297.1,1.8255,45.64,32.9,2.201,9.222
2001-05-08,8.2785,46.83,1304.0,1.8234,45.66,32.91,2.2315,9.212
2001-05-09,8.2775,46.85,1301.9,1.823,45.59,32.91,2.2605,9.2115
2001-05-10,8.2771,46.88,1307.0,1.8165,45.49,32.92,2.2785,9.1945
2001-05-11,8.2771,46.85,1298.0,1.8132,45.48,32.92,2.286,9.227
2001-05-14,8.2771,47.0,1298.0,1.819,45.55,32.89,2.309,9.193
2001-05-15,8.2709,47.03,1303.7,1.8191,45.51,32.95,2.337,9.166
2001-05-16,8.2769,46.97,1310.0,1.813,45.37,33.0,2.3235,9.166
2001-05-17,8.2767,46.99,1302.1,1.8087,45.35,33.0,2.306,9.0
2001-05-18,8.2768,46.98,1304.1,1.8113,45.54,32.98,2.295,8.98
2001-05-21,8.2778,47.0,1303.0,1.8108,45.62,33.45,2.327,8.946
2001-05-22,8.2774,47.06,1305.0,1.8098,45.64,33.47,2.302,8.98
2001-05-23,8.2771,47.02,1287.0,1.8052,45.5,33.45,2.345,9.05
2001-05-24,8.277,47.02,1286.0,1.8005,45.43,33.5,2.355,9.088
2001-05-25,8.2771,47.02,1289.3,1.8093,45.59,33.55,2.34,9.09
2001-05-29,8.2768,47.02,1290.0,1.8085,45.43,34.05,2.335,9.081
2001-05-30,8.2777,47.0,1290.0,1.811,45.43,34.02,2.3575,9.165
2001-05-31,8.277,47.0,1282.0,1.8095,45.41,33.95,2.359,9.165
2001-06-01,8.2777,47.05,1286.0,1.814,45.4,34.1,2.385,9.18
2001-06-04,8.277,47.06,1285.0,1.816,45.4,34.1,2.3595,9.139
2001-06-05,8.2769,47.0,1287.0,1.812,45.0,34.08,2.39,9.1725
2001-06-06,8.2772,47.03,1286.0,1.8135,45.28,34.1,2.382,9.125
2001-06-07,8.2767,47.0,1286.0,1.8095,45.18,34.1,2.39,9.119
2001-06-08,8.2767,47.03,1286.0,1.8094,45.14,34.1,2.374,9.074
2001-06-11,8.2767,47.04,1289.0,1.814,45.21,34.1,2.374,9.045
2001-06-12,8.2771,47.08,1291.0,1.8165,45.29,34.1,2.39,9.089
2001-06-13,8.2779,47.09,1293.0,1.8165,45.38,34.43,2.41,9.102
2001-06-14,8.2773,47.0,1293.0,1.814,45.37,34.418,2.4235,9.047
2001-06-15,8.277,47.05,1293.0,1.816,45.31,34.48,2.4035,9.054
2001-06-18,8.277,47.02,1293.0,1.8173,45.36,34.48,2.47,9.053
2001-06-19,8.2779,47.02,1305.0,1.8175,45.23,34.48,2.471,9.09
2001-06-20,8.277,47.01,1305.0,1.8202,45.26,34.48,2.476,9.085
2001-06-21,8.2769,47.05,1303.0,1.8233,45.28,34.45,2.388,9.055
2001-06-22,8.2767,47.04,1304.0,1.821,45.25,34.5,2.318,9.073
2001-06-25,8.2768,47.06,1303.0,1.8192,45.14,34.45,2.312,9.063
2001-06-26,8.2768,47.07,1301.0,1.8205,45.23,34.44,2.314,9.0645
2001-06-27,8.2768,47.04,1300.0,1.8215,45.25,34.5,2.332,9.0725
2001-06-28,8.277,47.06,1304.0,1.823,45.3,34.52,2.287,9.0875
2001-06-29,8.2767,47.09,1303.0,1.8225,45.27,34.48,2.305,9.06
2001-07-02,8.277,47.18,1303.0,1.8227,45.33,34.47,2.326,9.027
2001-07-03,8.2767,47.17,1295.0,1.8232,45.45,34.45,2.344,9.03
2001-07-05,8.2767,47.18,1297.0,1.825,45.58,34.51,2.425,9.057
2001-07-06,8.2768,47.17,1299.0,1.8275,45.38,34.52,2.491,9.155
2001-07-09,8.2767,47.19,1297.0,1.8281,45.47,34.6,2.45,9.1175
2001-07-10,8.277,47.19,1300.0,1.8347,45.49,34.7,2.498,9.1475
2001-07-11,8.2769,47.21,1309.0,1.8365,45.59,35.03,2.56,9.295
2001-07-12,8.2769,47.2,1301.0,1.8347,45.57,35.0,2.57,9.36
2001-07-13,8.2767,47.21,1308.0,1.8375,45.7,35.02,2.559,9.34
2001-07-16,8.2767,47.2,1315.0,1.8365,45.76,35.0,2.601,9.304
2001-07-17,8.2769,47.16,1316.0,1.8338,45.71,35.05,2.509,9.165
2001-07-18,8.277,47.12,1312.0,1.83,45.78,35.0,2.471,9.145
2001-07-19,8.2768,47.16,1305.0,1.826,45.73,35.02,2.5,9.19
2001-07-20,8.2768,47.17,1305.0,1.824,45.82,35.0,2.458,9.177
2001-07-23,8.277,47.17,1315.0,1.8265,45.77,34.95,2.405,9.1025
2001-07-24,8.2773,47.11,1315.0,1.8184,45.72,34.95,2.438,9.107
2001-07-25,8.277,47.19,1310.0,1.8175,45.75,34.87,2.476,9.16
2001-07-26,8.2771,47.2,1300.0,1.8025,45.71,34.77,2.487,9.16
2001-07-27,8.277,47.19,1300.0,1.7957,45.66,34.77,2.495,9.1875
2001-07-30,8.2767,47.19,1305.0,1.8046,45.75,34.77,2.435,9.155
2001-07-31,8.277,47.18,1303.0,1.8031,45.75,34.8,2.437,9.151
2001-08-01,8.2769,47.16,1297.0,1.8055,45.75,34.77,2.502,9.217
2001-08-02,8.2768,47.11,1289.0,1.7815,45.66,34.56,2.482,9.167
2001-08-03,8.2768,47.17,1287.0,1.7762,45.43,34.65,2.5,9.1675
2001-08-06,8.277,47.16,1294.0,1.7816,45.45,34.67,2.467,9.129
2001-08-07,8.2772,47.11,1290.0,1.78,45.5,34.7,2.448,9.1185
2001-08-08,8.2773,47.19,1285.0,1.7765,45.47,34.65,2.466,9.095
2001-08-09,8.2773,47.18,1289.0,1.7758,45.42,34.7,2.466,9.0875
2001-08-10,8.2768,47.17,1284.0,1.761,45.3,34.67,2.489,9.124
2001-08-13,8.2771,47.17,1284.0,1.7582,45.17,34.65,2.5,9.093
2001-08-14,8.2773,47.15,1289.0,1.7575,44.88,34.6,2.515,9.127
2001-08-15,8.2771,47.16,1284.0,1.7465,44.88,34.6,2.49,9.087
2001-08-16,8.277,47.16,1284.0,1.7467,44.68,34.6,2.494,9.085
2001-08-17,8.2768,47.17,1284.0,1.7525,44.82,34.6,2.524,9.1175
2001-08-20,8.2768,47.18,1286.0,1.758,44.88,34.65,2.5345,9.1375
2001-08-21,8.2768,47.18,1284.0,1.756,44.7,34.62,2.533,9.122
2001-08-22,8.2769,47.18,1283.0,1.7526,44.65,34.65,2.525,9.116
2001-08-23,8.2768,47.17,1284.0,1.7547,44.62,34.67,2.532,9.123
2001-08-24,8.2773,47.17,1281.0,1.751,44.43,34.67,2.549,9.146
2001-08-27,8.277,47.19,1281.0,1.7485,44.26,34.64,2.56,9.1125
2001-08-28,8.2768,47.19,1281.0,1.752,44.32,34.64,2.56,9.144
2001-08-29,8.2769,47.16,1282.0,1.7485,44.26,34.56,2.549,9.151
2001-08-30,8.2767,47.18,1284.0,1.748,44.26,34.6,2.544,9.1888
2001-08-31,8.2769,47.17,1284.0,1.7415,44.08,34.58,2.552,9.2075
2001-09-04,8.2768,47.22,1281.0,1.747,44.23,34.58,2.563,9.199
2001-09-05,8.277,47.2,1282.0,1.7498,44.39,34.62,2.564,9.2535
2001-09-06,8.2768,47.22,1282.0,1.75,44.48,34.65,2.585,9.2845
2001-09-07,8.2767,47.27,1290.0,1.7485,44.62,34.7,2.584,9.329
2001-09-10,8.2767,47.38,1290.0,1.7514,44.65,34.7,2.598,9.364
2001-09-12,8.2769,47.39,1284.5,1.7398,44.38,34.58,2.675,9.438
2001-09-13,8.2768,47.49,1290.0,1.7395,44.18,34.544,2.729,9.465
2001-09-14,8.2766,47.75,1295.0,1.732,44.09,34.57,2.713,9.491
2001-09-17,8.2767,47.77,1298.5,1.7323,43.94,34.562,2.665,9.447
2001-09-18,8.2768,48.05,1296.0,1.7344,44.15,34.52,2.681,9.434
2001-09-19,8.2766,47.96,1287.0,1.7395,44.12,34.49,2.708,9.423
2001-09-20,8.2766,48.03,1298.0,1.7365,44.18,34.61,2.734,9.48
2001-09-21,8.2767,48.08,1298.0,1.7454,44.3,34.61,2.788,9.491
2001-09-24,8.277,48.08,1307.0,1.7663,44.45,34.56,2.771,9.4439
2001-09-25,8.2772,48.91,1308.0,1.7745,44.48,34.62,2.715,9.485
2001-09-26,8.2769,47.91,1300.0,1.7695,44.35,34.5,2.722,9.537
2001-09-27,8.2769,47.91,1300.0,1.765,44.47,34.55,2.712,9.57
2001-09-28,8.2768,47.9,1302.0,1.7669,44.5,34.56,2.673,9.52
2001-10-01,8.2768,48.03,1308.0,1.7694,44.59,34.6,2.687,9.515
2001-10-02,8.2768,48.03,1309.0,1.7788,44.7,34.62,2.7,9.518
2001-10-03,8.2768,47.96,1309.0,1.7754,44.69,34.61,2.729,9.531
2001-10-04,8.2768,48.04,1313.0,1.7806,44.69,34.61,2.729,9.533
2001-10-05,8.2768,48.05,1312.0,1.7906,44.77,34.6,2.754,9.589
2001-10-09,8.2769,48.17,1307.0,1.804,44.82,34.6,2.776,9.52
2001-10-10,8.2768,48.09,1308.0,1.812,44.81,34.6,2.773,9.413
2001-10-11,8.2766,48.09,1302.0,1.819,44.77,34.6,2.785,9.3375
2001-10-12,8.2765,48.07,1299.0,1.819,44.73,34.53,2.782,9.365
2001-10-15,8.2766,48.07,1299.0,1.8098,44.6,34.58,2.775,9.27
2001-10-16,8.2767,48.05,1300.0,1.818,44.63,34.58,2.759,9.24
2001-10-17,8.2769,48.05,1300.0,1.8166,44.74,34.58,2.7225,9.2525
2001-10-18,8.277,48.08,1300.0,1.8201,44.77,34.58,2.748,9.232
2001-10-19,8.2768,48.08,1302.0,1.824,44.77,34.58,2.7622,9.2075
2001-10-22,8.277,48.05,1303.0,1.8289,44.78,34.58,2.719,9.2002
2001-10-23,8.2768,48.03,1304.0,1.8265,44.85,34.58,2.733,9.229
2001-10-24,8.2767,48.08,1296.0,1.8282,44.8,34.58,2.743,9.2145
2001-10-25,8.2769,48.0,1296.0,1.8253,44.9,34.59,2.7318,9.247
2001-10-26,8.277,48.02,1297.0,1.8275,44.89,34.57,2.7322,9.28
2001-10-29,8.277,48.02,1294.0,1.8293,44.8,34.55,2.727,9.2375
2001-10-30,8.2768,48.03,1298.0,1.8231,44.67,34.55,2.729,9.258
2001-10-31,8.2768,48.04,1296.0,1.8235,44.73,34.55,2.701,9.27
2001-11-01,8.2769,48.05,1296.0,1.8289,44.76,34.55,2.685,9.286
2001-11-02,8.2769,48.04,1296.0,1.8251,44.74,34.55,2.675,9.2765
2001-11-05,8.2768,48.02,1296.0,1.822,44.69,34.55,2.595,9.2285
2001-11-06,8.2767,48.04,1295.0,1.8181,44.67,34.55,2.594,9.2146
2001-11-07,8.2766,48.04,1292.0,1.814,44.65,34.55,2.6,9.211
2001-11-08,8.2766,48.07,1285.0,1.8175,44.49,34.5,2.555,9.215
2001-11-09,8.2766,48.05,1283.0,1.8231,44.49,34.5,2.527,9.229
2001-11-13,8.2765,48.11,1288.0,1.8266,44.44,34.5,2.514,9.249
2001-11-14,8.2767,48.11,1284.0,1.8257,44.5,34.48,2.538,9.235
2001-11-15,8.277,48.03,1283.0,1.8335,44.5,34.5,2.546,9.215
2001-11-16,8.2771,48.03,1283.0,1.836,44.48,34.5,2.534,9.21
2001-11-19,8.277,48.0,1284.0,1.8405,44.46,34.5,2.519,9.1955
2001-11-20,8.2769,48.03,1283.0,1.8358,44.41,34.5,2.547,9.17
2001-11-21,8.2769,48.03,1280.0,1.8375,44.36,34.47,2.5355,9.1475
2001-11-23,8.2769,48.1,1270.0,1.8385,44.19,34.47,2.5125,9.1525
2001-11-26,8.277,48.05,1265.0,1.8345,44.18,34.47,2.493,9.1675
2001-11-27,8.277,48.08,1265.0,1.8349,44.06,34.46,2.472,9.253
2001-11-28,8.2772,47.99,1272.0,1.8327,44.11,34.44,2.489,9.277
2001-11-29,8.2774,48.01,1269.0,1.8347,44.1,34.44,2.517,9.3085
2001-11-30,8.2772,47.98,1273.0,1.831,43.93,34.47,2.514,9.2585
2001-12-03,8.277,47.93,1278.0,1.838,43.99,34.46,2.463,9.205
2001-12-04,8.2771,47.93,1274.1,1.836,44.1,34.46,2.427,9.223
2001-12-05,8.2772,47.94,1270.9,1.8355,43.97,34.46,2.4238,9.219
2001-12-06,8.2773,47.9,1274.4,1.8291,43.91,34.46,2.427,9.245
2001-12-07,8.2772,47.86,1274.0,1.8339,43.83,34.46,2.4,9.2175
2001-12-10,8.277,47.87,1282.6,1.833,43.89,34.48,2.3425,9.1875
2001-12-11,8.2768,47.85,1278.3,1.8328,43.76,34.46,2.3425,9.151
2001-12-12,8.2768,47.84,1274.4,1.831,43.72,34.46,2.374,9.1565
2001-12-13,8.2767,47.84,1274.6,1.8315,43.68,34.46,2.389,9.125
2001-12-14,8.2768,47.86,1285.9,1.8372,43.84,34.5,2.387,9.09
2001-12-17,8.2769,47.86,1293.5,1.8385,43.87,34.58,2.361,9.114
2001-12-18,8.2768,47.86,1291.9,1.838,43.89,34.71,2.345,9.1075
2001-12-19,8.2767,47.8,1292.2,1.8334,43.78,34.73,2.289,9.1325
2001-12-20,8.2766,47.83,1300.2,1.8375,43.9,34.76,2.3165,9.1615
2001-12-21,8.2767,47.85,1308.9,1.8387,44.02,34.92,2.3525,9.1325
2001-12-24,8.2766,47.95,1308.2,1.84,44.08,34.97,2.338,9.095
2001-12-26,8.2766,47.95,1318.0,1.848,44.1,35.1,2.32,9.101
2001-12-27,8.2676,48.21,1329.1,1.854,44.28,35.13,2.335,9.142
2001-12-28,8.277,48.29,1323.0,1.85,44.18,35.08,2.326,9.186
2001-12-31,8.2766,48.27,1313.5,1.847,44.24,35.0,2.312,9.156
2002-01-02,8.2766,48.27,1317.4,1.8525,44.2,35.04,2.31,9.095
2002-01-03,8.2766,48.28,1312.7,1.8495,44.1,35.03,2.293,9.1175
2002-01-04,8.2768,48.3,1308.7,1.844,43.91,35.0,2.314,9.1395
2002-01-07,8.2767,48.28,1302.0,1.8455,43.91,34.94,2.348,9.165
2002-01-08,8.2766,48.3,1309.5,1.848,44.07,35.04,2.361,9.1775
2002-01-09,8.2767,48.32,1311.9,1.8472,44.08,35.05,2.383,9.2
2002-01-10,8.2766,48.41,1312.3,1.846,44.1,35.03,2.393,9.247
2002-01-11,8.2768,48.44,1315.5,1.8416,43.97,35.05,2.4095,9.25
2002-01-14,8.28,48.36,1312.3,1.8335,43.92,35.03,2.406,9.185
2002-01-15,8.28,48.31,1316.9,1.826,43.85,35.0,2.36,9.1625
2002-01-16,8.28,48.3,1315.8,1.8325,43.9,35.0,2.371,9.202
2002-01-17,8.2768,48.31,1317.3,1.833,43.9,35.03,2.357,9.12
2002-01-18,8.2767,48.27,1320.5,1.8352,44.0,35.03,2.376,9.13
2002-01-22,8.2767,48.3,1320.4,1.8403,44.19,35.08,2.377,9.16
2002-01-23,8.2765,48.35,1331.5,1.8395,44.19,35.08,2.392,9.145
2002-01-24,8.2767,48.35,1330.5,1.84,44.17,35.08,2.4,9.127
2002-01-25,8.2765,48.38,1327.6,1.8335,44.1,35.06,2.415,9.138
2002-01-28,8.2767,48.37,1321.3,1.8335,44.1,35.02,2.4295,9.159
2002-01-29,8.2766,48.43,1313.6,1.834,44.07,35.0,2.43,9.171
2002-01-30,8.2765,48.53,1311.0,1.8355,43.98,34.99,2.444,9.193
2002-01-31,8.2765,48.56,1314.4,1.8365,44.05,34.99,2.409,9.152
2002-02-01,8.2766,48.55,1317.6,1.835,44.06,35.0,2.414,9.1575
2002-02-04,8.2766,48.61,1322.5,1.8345,44.0,35.05,2.4245,9.17
2002-02-05,8.2765,48.69,1316.8,1.8347,44.02,34.99,2.425,9.134
2002-02-06,8.2767,48.71,1316.7,1.832,43.99,35.02,2.43,9.128
2002-02-07,8.2766,48.72,1318.2,1.8301,43.86,35.03,2.454,9.131
2002-02-08,8.2767,48.7,1320.2,1.8335,43.98,35.08,2.4656,9.15
2002-02-11,8.2768,48.75,1320.2,1.8309,43.87,35.08,2.458,9.08
2002-02-12,8.2768,48.69,1320.2,1.8295,43.83,35.08,2.457,9.096
2002-02-13,8.2768,48.9,1324.5,1.83,43.81,35.08,2.422,9.048
2002-02-14,8.2768,48.71,1316.2,1.8205,43.62,35.08,2.4275,9.089
2002-02-15,8.2768,48.71,1315.2,1.8255,43.61,35.1,2.434,9.063
2002-02-19,8.277,48.67,1321.0,1.8302,43.8,35.1,2.4265,9.071
2002-02-20,8.2768,48.64,1320.0,1.829,43.77,35.1,2.428,9.089
2002-02-21,8.2766,48.69,1318.8,1.8313,43.9,35.1,2.422,9.0775
2002-02-22,8.2765,48.79,1322.0,1.8328,43.89,35.1,2.424,9.115
2002-02-25,8.2765,48.82,1323.9,1.8317,43.83,35.09,2.4,9.08
2002-02-26,8.2767,48.75,1325.4,1.8337,43.84,35.09,2.4065,9.0855
2002-02-27,8.2765,48.76,1327.3,1.837,43.82,35.11,2.38,9.1
2002-02-28,8.2765,48.76,1323.8,1.8315,43.72,35.11,2.361,9.13
2002-03-01,8.2766,48.76,1323.8,1.8314,43.69,35.1,2.351,9.095
2002-03-04,8.2767,48.72,1318.2,1.826,43.61,35.09,2.341,9.08
2002-03-05,8.277,48.72,1316.4,1.8242,43.62,35.07,2.336,9.078
2002-03-06,8.2766,48.71,1316.3,1.825,43.53,35.03,2.352,9.087
2002-03-07,8.2771,48.76,1314.5,1.8176,43.27,34.99,2.365,9.076
2002-03-08,8.2771,48.76,1314.3,1.8215,43.37,34.95,2.35,9.071
2002-03-11,8.2769,48.76,1317.0,1.8196,43.31,34.95,2.3545,9.074
2002-03-12,8.2767,48.76,1318.5,1.8215,43.25,34.95,2.342,9.0745
2002-03-13,8.28,48.74,1320.5,1.8248,43.32,34.98,2.3475,9.1115
2002-03-14,8.2774,48.77,1320.5,1.8218,43.23,34.98,2.3445,9.114
2002-03-15,8.278,48.73,1322.8,1.8217,43.27,34.99,2.348,9.085
2002-03-18,8.2773,48.74,1325.5,1.8275,43.44,35.03,2.345,9.0725
2002-03-19,8.2775,48.76,1326.5,1.8304,43.48,35.05,2.34,9.072
2002-03-20,8.2774,48.76,1325.8,1.8276,43.35,35.05,2.337,9.072
2002-03-21,8.2772,48.78,1326.8,1.8287,43.33,35.04,2.349,9.063
2002-03-22,8.277,48.8,1328.4,1.8335,43.41,35.04,2.357,9.038
2002-03-25,8.2769,48.8,1331.5,1.8395,43.4,35.05,2.363,9.02
2002-03-26,8.2771,48.78,1329.3,1.849,43.34,35.04,2.343,9.031
2002-03-27,8.2772,48.83,1331.5,1.8426,43.36,35.02,2.329,9.0175
2002-03-28,8.2774,48.83,1327.0,1.8437,43.54,35.01,2.325,9.012
2002-03-29,8.2774,48.83,1325.9,1.8425,43.6,35.0,2.326,9.0005
2002-04-01,8.278,48.83,1327.5,1.8468,43.64,35.0,2.325,9.014
2002-04-02,8.2772,48.85,1329.0,1.8472,43.79,35.01,2.299,9.002
2002-04-03,8.2773,48.91,1329.0,1.8423,43.68,35.0,2.31,9.04
2002-04-04,8.2771,48.92,1330.5,1.8418,43.63,35.0,2.306,9.0475
2002-04-05,8.277,48.86,1330.5,1.8356,43.56,35.0,2.297,9.029
2002-04-08,8.277,48.91,1328.2,1.8363,43.54,34.98,2.291,9.021
2002-04-09,8.2769,48.92,1329.6,1.8366,43.52,34.98,2.29,9.042
2002-04-10,8.2771,48.91,1329.2,1.8353,43.49,34.98,2.2745,9.05
2002-04-11,8.2772,48.93,1330.0,1.8375,43.53,34.99,2.273,9.074
2002-04-12,8.2772,48.94,1332.0,1.8375,43.57,35.0,2.297,9.078
2002-04-15,8.2771,48.96,1327.9,1.8367,43.5,34.99,2.324,9.182
2002-04-16,8.2772,48.96,1325.6,1.834,43.48,34.98,2.315,9.1625
2002-04-17,8.2772,48.96,1318.7,1.8287,43.36,34.96,2.319,9.205
2002-04-18,8.2772,48.93,1313.2,1.8236,43.26,34.94,2.334,9.242
2002-04-19,8.2775,48.92,1312.2,1.8222,43.32,34.9,2.3235,9.2235
2002-04-22,8.2772,48.95,1308.8,1.814,43.26,34.85,2.342,9.254
2002-04-23,8.2773,49.01,1306.3,1.8183,43.32,34.81,2.349,9.27
2002-04-24,8.2774,49.0,1307.0,1.8155,43.31,34.81,2.358,9.286
2002-04-25,8.2774,49.0,1297.6,1.812,43.23,34.78,2.375,9.36
2002-04-26,8.2773,48.99,1297.6,1.804,43.24,34.77,2.37,9.319
2002-04-29,8.277,49.01,1293.6,1.809,43.24,34.73,2.367,9.3515
2002-04-30,8.2773,48.98,1294.0,1.813,43.26,34.72,2.36,9.375
2002-05-01,8.2773,48.98,1294.0,1.8072,43.24,34.72,2.361,9.437
2002-05-02,8.2773,48.98,1288.0,1.8115,43.15,34.65,2.382,9.435
2002-05-03,8.2773,49.0,1284.0,1.805,43.1,34.59,2.415,9.492
2002-05-06,8.2774,48.97,1281.2,1.8011,42.99,34.57,2.436,9.4075
2002-05-07,8.2774,48.99,1279.5,1.8081,42.96,34.57,2.4115,9.476
2002-05-08,8.2775,48.97,1285.4,1.8085,42.94,34.59,2.4275,9.413
2002-05-09,8.2772,48.99,1282.4,1.8095,42.94,34.61,2.456,9.4445
2002-05-10,8.2771,49.02,1280.0,1.8047,42.9,34.57,2.482,9.512
2002-05-13,8.2769,49.03,1277.4,1.8029,42.83,34.55,2.491,9.4885
2002-05-14,8.277,49.02,1279.3,1.808,42.9,34.58,2.516,9.525
2002-05-15,8.2769,49.04,1277.5,1.8055,42.9,34.57,2.503,9.455
2002-05-16,8.2768,49.05,1269.8,1.806,42.89,34.54,2.493,9.49
2002-05-17,8.2769,49.04,1261.6,1.7967,42.562,34.46,2.477,9.4785
2002-05-20,8.2769,49.06,1253.6,1.7922,42.62,34.41,2.472,9.4935
2002-05-21,8.2769,49.01,1249.6,1.789,42.59,34.37,2.4745,9.51
2002-05-22,8.277,49.01,1242.2,1.7925,42.82,34.34,2.507,9.535
2002-05-23,8.277,49.07,1241.1,1.8003,42.89,34.33,2.538,9.527
2002-05-24,8.2771,49.02,1238.2,1.799,42.88,34.36,2.534,9.562
2002-05-28,8.2766,49.02,1232.5,1.7935,42.59,34.28,2.525,9.5605
2002-05-29,8.2766,49.01,1229.3,1.793,42.48,34.21,2.52,9.61
2002-05-30,8.2766,49.03,1222.5,1.7859,42.43,34.06,2.512,9.713
2002-05-31,8.2765,49.06,1219.3,1.788,42.36,34.05,2.522,9.6525
2002-06-03,8.2767,49.07,1230.0,1.7855,42.41,34.04,2.55,9.641
2002-06-04,8.2768,49.07,1215.1,1.786,42.35,33.99,2.572,9.725
2002-06-05,8.2769,49.05,1219.0,1.7957,42.53,34.0,2.606,9.739
2002-06-06,8.277,49.03,1230.0,1.7972,42.52,34.07,2.656,9.7695
2002-06-07,8.277,49.05,1233.0,1.791,42.42,34.06,2.648,9.735
2002-06-10,8.277,49.02,1225.5,1.7915,42.42,34.06,2.639,9.696
2002-06-11,8.2768,49.0,1220.5,1.7925,42.36,34.02,2.67,9.675
2002-06-12,8.2769,49.0,1228.6,1.7875,42.32,34.02,2.752,9.716
2002-06-13,8.2769,49.04,1228.6,1.7845,42.22,34.02,2.635,9.638
2002-06-14,8.27,49.03,1231.1,1.7885,42.2,34.01,2.719,9.664
2002-06-17,8.2773,49.02,1225.1,1.7895,42.19,34.0,2.681,9.605
2002-06-18,8.2775,48.99,1229.0,1.7935,42.22,34.02,2.699,9.634
2002-06-19,8.2774,48.94,1225.0,1.7866,42.14,34.0,2.692,9.69
2002-06-20,8.2772,48.94,1220.0,1.7791,42.08,33.92,2.759,9.785
2002-06-21,8.2771,48.95,1214.4,1.7715,42.06,33.76,2.809,9.956
2002-06-24,8.277,48.91,1208.5,1.7674,41.84,33.67,2.829,9.93
2002-06-25,8.2771,48.93,1208.7,1.7723,41.93,33.64,2.8135,9.815
2002-06-26,8.2772,48.87,1198.9,1.7685,41.76,33.52,2.857,9.978
2002-06-27,8.2771,48.86,1197.9,1.768,41.65,33.5,2.871,9.97
2002-06-28,8.2771,48.91,1205.0,1.766,41.58,33.46,2.83,9.98
2002-07-01,8.277,48.86,1201.3,1.7694,41.63,33.47,2.8575,9.925
2002-07-02,8.2769,48.87,1200.8,1.7717,41.54,33.49,2.908,9.968
2002-07-03,8.2768,48.83,1202.8,1.7685,41.64,33.5,2.868,9.9697
2002-07-05,8.2766,48.86,1199.9,1.77,41.66,33.48,2.88,9.893
2002-07-08,8.2767,48.84,1195.0,1.7627,41.49,33.41,2.859,9.933
2002-07-09,8.2766,48.82,1177.2,1.7545,41.27,33.28,2.8455,9.8665
2002-07-10,8.2767,48.82,1174.4,1.7515,41.152,33.18,2.854,9.833
2002-07-11,8.2768,48.81,1174.5,1.748,41.18,33.18,2.832,9.8125
2002-07-12,8.2767,48.8,1177.0,1.7441,41.07,33.18,2.8215,9.726
2002-07-15,8.2768,48.85,1171.6,1.739,40.74,33.11,2.86,9.757
2002-07-16,8.2769,48.83,1166.8,1.7382,40.42,33.0,2.869,9.727
2002-07-17,8.2769,48.81,1166.8,1.7397,40.55,32.85,2.898,9.655
2002-07-18,8.2768,48.82,1169.8,1.7425,40.59,32.89,2.862,9.649
2002-07-19,8.2769,48.75,1165.6,1.731,40.46,32.87,2.871,9.716
2002-07-22,8.277,48.73,1160.6,1.7335,40.45,32.88,2.879,9.6385
2002-07-23,8.2771,48.72,1168.21,1.7434,40.98,33.14,2.905,9.613
2002-07-24,8.2769,48.7,1170.1,1.744,41.22,33.25,2.935,9.705
2002-07-25,8.277,48.71,1165.9,1.7445,41.1,33.26,3.0,9.739
2002-07-26,8.2768,48.71,1185.4,1.7625,41.97,33.54,3.02,9.759
2002-07-29,8.2767,48.76,1195.0,1.7691,42.47,33.76,3.1365,9.7085
2002-07-30,8.2766,48.74,1188.0,1.763,42.03,33.66,3.265,9.748
2002-07-31,8.2767,48.69,1183.0,1.763,42.04,33.61,3.485,9.8
2002-08-01,8.2766,48.68,1182.8,1.7567,42.15,33.52,3.27,9.878
2002-08-02,8.2768,48.68,1184.3,1.7518,42.16,33.57,3.07,9.8475
2002-08-05,8.2767,48.67,1197.5,1.756,42.15,33.68,3.09,9.7865
2002-08-06,8.2768,48.73,1209.0,1.773,42.62,33.88,3.22,9.75
2002-08-07,8.2769,48.7,1206.0,1.7663,42.41,33.75,3.07,9.738
2002-08-08,8.2767,48.68,1206.7,1.771,42.46,33.85,2.9245,9.7475
2002-08-09,8.2766,48.67,1203.5,1.764,42.39,33.77,2.985,9.757
2002-08-12,8.2768,48.64,1201.0,1.7598,42.15,33.72,3.115,9.843
2002-08-13,8.2767,48.62,1204.0,1.7595,42.15,33.7,3.175,9.947
2002-08-14,8.2766,48.63,1186.3,1.7452,41.9,33.59,3.195,9.962
2002-08-15,8.2768,48.63,1186.0,1.747,41.84,33.68,3.2,9.922
2002-08-16,8.2768,48.6,1188.9,1.7475,41.8,33.74,3.155,9.86
2002-08-19,8.2767,48.61,1194.0,1.7517,42.08,33.84,3.0825,9.76
2002-08-20,8.2768,48.59,1195.0,1.75,41.96,33.9,3.0885,9.7875
2002-08-21,8.2766,48.56,1192.0,1.7487,42.08,34.0,3.08,9.7885
2002-08-22,8.2766,48.55,1193.7,1.759,42.3,34.02,3.173,9.83
2002-08-23,8.2767,48.55,1202.5,1.7556,42.3,34.12,3.095,9.842
2002-08-26,8.2766,48.55,1205.3,1.7574,42.4,34.24,3.076,9.825
2002-08-27,8.2767,48.53,1199.8,1.7482,42.21,34.24,3.072,9.8495
2002-08-28,8.2768,48.6,1200.0,1.7479,42.23,34.22,3.13,9.9
2002-08-29,8.2767,48.54,1205.0,1.7503,42.25,34.18,3.11,9.9165
2002-08-30,8.2768,48.52,1201.9,1.75,42.25,34.24,3.003,9.9185
2002-09-03,8.277,48.5,1200.5,1.746,42.2,34.33,3.102,9.982
2002-09-04,8.2771,48.48,1195.1,1.75,42.22,34.24,3.134,10.015
2002-09-05,8.2772,48.5,1191.2,1.748,42.1542,34.12,3.1425,10.005
2002-09-06,8.277,48.57,1196.6,1.749,42.3,34.12,3.175,9.9685
2002-09-09,8.277,48.52,1196.8,1.7505,42.46,34.24,3.1225,9.965
2002-09-10,8.277,48.52,1194.1,1.7576,42.52,34.3,3.151,9.97
2002-09-11,8.277,48.48,1210.0,1.7597,42.52,34.38,3.11,9.9635
2002-09-12,8.2768,48.48,1201.0,1.7625,42.49,34.41,3.111,9.965
2002-09-13,8.2768,48.47,1203.7,1.771,42.81,34.41,3.145,9.963
2002-09-16,8.2768,48.43,1220.0,1.7815,43.35,34.75,3.19,9.9685
2002-09-17,8.2769,48.45,1218.6,1.779,43.03,34.78,3.2245,9.955
2002-09-18,8.277,48.43,1213.0,1.7724,42.94,34.69,3.345,10.01
2002-09-19,8.277,48.44,1210.0,1.7712,43.0,34.61,3.411,10.075
2002-09-20,8.2769,48.46,1210.0,1.7783,43.34,34.77,3.435,10.254
2002-09-23,8.2771,48.44,1220.3,1.782,43.44,34.78,3.569,10.35
2002-09-24,8.2771,48.42,1232.0,1.7808,43.43,34.81,3.61,10.225
2002-09-25,8.2769,48.43,1235.0,1.7838,43.45,34.9,3.71,10.255
2002-09-26,8.2772,48.43,1228.6,1.7845,43.452,34.98,3.77,10.149
2002-09-27,8.2773,48.4,1227.9,1.779,43.47,34.92,3.835,10.165
2002-09-30,8.2774,48.4,1227.7,1.778,43.29,34.92,3.803,10.212
2002-10-01,8.2774,48.39,1227.5,1.7887,43.48,34.91,3.692,10.162
2002-10-02,8.2774,48.39,1230.4,1.7867,43.53,34.97,3.581,10.11
2002-10-03,8.2774,48.38,1230.4,1.7848,43.57,34.99,3.665,10.131
2002-10-04,8.2774,48.38,1232.4,1.7827,43.53,34.99,3.635,10.186
2002-10-07,8.2774,48.35,1240.7,1.7922,43.87,35.06,3.679,10.216
2002-10-08,8.2774,48.39,1254.0,1.7885,43.76,35.12,3.726,10.163
2002-10-09,8.2772,48.34,1246.5,1.786,43.68,35.11,3.8495,10.2
2002-10-10,8.2771,48.38,1257.8,1.794,43.82,35.11,3.945,10.222
2002-10-11,8.277,48.36,1260.3,1.7935,43.89,35.16,3.93,10.158
2002-10-15,8.2768,48.36,1260.0,1.8035,44.19,35.15,3.855,10.0675
2002-10-16,8.2768,48.41,1246.9,1.789,43.83,34.96,3.88,10.07
2002-10-17,8.2768,48.42,1249.0,1.785,43.68,34.85,3.88,10.0
2002-10-18,8.2768,48.44,1244.0,1.7913,43.8,34.91,3.88,9.99
2002-10-21,8.2769,48.38,1240.0,1.7834,43.6,34.9,3.913,9.947
2002-10-22,8.2771,48.39,1250.0,1.7829,43.65,34.92,3.931,9.9785
2002-10-23,8.277,48.35,1231.9,1.7797,43.63,34.86,3.901,10.017
2002-10-24,8.2771,48.42,1231.9,1.784,43.58,34.8,3.857,9.947
2002-10-25,8.2773,48.41,1231.6,1.775,43.44,34.8,3.786,9.975
2002-10-28,8.2774,48.45,1233.5,1.7766,43.43,34.89,3.751,10.014
2002-10-29,8.2773,48.41,1227.4,1.7675,43.31,34.82,3.835,10.15
2002-10-30,8.2772,48.35,1234.0,1.772,43.47,34.8,3.73,10.216
2002-10-31,8.2771,48.39,1224.0,1.7672,43.35,34.75,3.624,10.15
2002-11-01,8.2772,48.36,1225.8,1.763,43.32,34.75,3.595,10.2
2002-11-04,8.2774,48.36,1223.0,1.7635,43.27,34.65,3.524,10.198
2002-11-05,8.2771,48.35,1230.0,1.7581,43.24,34.58,3.553,10.212
2002-11-06,8.2771,48.36,1229.0,1.7673,43.29,34.64,3.612,10.17
2002-11-07,8.2771,48.34,1212.2,1.764,43.23,34.55,3.626,10.25
2002-11-08,8.2771,48.29,1202.0,1.759,43.02,34.46,3.525,10.32
2002-11-12,8.2771,48.3,1200.5,1.764,43.18,34.52,3.593,10.342
2002-11-13,8.2771,48.3,1197.2,1.7663,43.36,34.57,3.651,10.266
2002-11-14,8.2771,48.29,1206.7,1.7618,43.45,34.69,3.705,10.214
2002-11-15,8.2771,48.23,1203.3,1.763,43.5,34.66,3.69,10.25
2002-11-18,8.2771,48.23,1212.0,1.7648,43.4,34.71,3.5635,10.1725
2002-11-19,8.2771,48.23,1203.5,1.7675,43.36,34.73,3.572,10.1715
2002-11-20,8.2771,48.25,1211.5,1.7697,43.49,34.82,3.513,10.145
2002-11-21,8.2771,48.21,1218.0,1.7705,43.45,34.75,3.542,10.092
2002-11-22,8.2774,48.22,1206.9,1.77,43.39,34.71,3.5758,10.124
2002-11-25,8.2774,48.23,1215.0,1.7735,43.43,34.75,3.554,10.1145
2002-11-26,8.2771,48.24,1201.1,1.7643,43.42,34.72,3.601,10.159
2002-11-27,8.2772,48.27,1197.4,1.764,43.39,34.77,3.59,10.154
2002-11-29,8.2773,48.36,1198.7,1.7672,43.51,34.76,3.671,10.154
2002-12-02,8.2773,48.32,1220.0,1.7723,43.73,34.79,3.6225,10.1025
2002-12-03,8.2772,48.28,1217.6,1.7715,43.65,34.84,3.676,10.152
2002-12-04,8.2773,48.23,1216.5,1.771,43.72,34.83,3.716,10.2225
2002-12-05,8.2771,48.27,1221.0,1.776,43.8,34.89,3.753,10.263
2002-12-06,8.2773,48.24,1221.0,1.7672,43.6,34.85,3.718,10.268
2002-12-09,8.2776,48.24,1209.0,1.7653,43.39,34.76,3.795,10.175
2002-12-10,8.2771,48.24,1213.0,1.7663,43.41,34.8,3.786,10.172
2002-12-11,8.2773,48.18,1208.0,1.763,43.4,34.8,3.783,10.18
2002-12-12,8.2773,48.22,1208.0,1.76,43.37,34.79,3.779,10.2025
2002-12-13,8.2771,48.2,1205.0,1.748,43.27,34.79,3.72,10.19
2002-12-16,8.2773,48.18,1203.4,1.749,43.19,34.75,3.598,10.195
2002-12-17,8.2776,48.16,1204.0,1.748,43.1,34.74,3.58,10.2075
2002-12-18,8.2774,48.15,1202.0,1.7457,43.06,34.8,3.5325,10.24
2002-12-19,8.28,48.11,1202.0,1.745,43.0,34.84,3.465,10.192
2002-12-20,8.28,48.03,1205.0,1.7442,43.1,34.8,3.439,10.195
2002-12-23,8.2775,48.03,1201.0,1.7408,43.05,34.77,3.51,10.19
2002-12-24,8.2776,48.04,1200.9,1.738,42.92,34.8,3.51,10.205
2002-12-26,8.2773,48.05,1200.0,1.739,43.1,34.82,3.541,10.254
2002-12-27,8.2773,48.01,1198.0,1.7355,43.32,34.83,3.554,10.323
2002-12-30,8.2773,47.96,1197.2,1.7352,43.3,34.79,3.545,10.3725
2002-12-31,8.28,48.0,1186.3,1.7352,43.2,34.7,3.54,10.425
2003-01-02,8.28,48.05,1190.0,1.7448,43.17,34.74,3.5425,10.354
2003-01-03,8.2768,48.03,1197.3,1.744,43.0,34.76,3.4306,10.375
2003-01-06,8.28,48.01,1189.0,1.7372,42.8,34.6,3.339,10.414
2003-01-07,8.2767,48.0,1185.0,1.743,42.85,34.55,3.313,10.321
2003-01-08,8.2766,48.0,1186.0,1.739,42.72,34.59,3.295,10.368
2003-01-09,8.2766,47.96,1182.0,1.7409,42.76,34.51,3.309,10.415
2003-01-10,8.2767,48.0,1181.0,1.7385,42.8,34.54,3.294,10.468
2003-01-13,8.2768,47.96,1177.0,1.7375,42.79,34.51,3.307,10.54
2003-01-14,8.28,47.95,1176.0,1.7328,42.6,34.48,3.265,10.534
2003-01-15,8.277,47.97,1175.0,1.7342,42.7,34.44,3.32,10.493
2003-01-16,8.2771,47.96,1171.0,1.7333,42.69,34.4,3.289,10.51
2003-01-17,8.2771,47.96,1173.5,1.733,42.74,34.42,3.373,10.582
2003-01-21,8.2771,47.97,1178.0,1.7355,42.83,34.63,3.461,10.6825
2003-01-22,8.2771,47.93,1176.9,1.733,42.75,34.59,3.512,10.8525
2003-01-23,8.2771,47.92,1166.1,1.7308,42.72,34.61,3.5305,10.779
2003-01-24,8.2768,47.9,1166.1,1.731,42.69,34.55,3.616,10.8375
2003-01-27,8.2768,48.1,1164.6,1.731,42.7,34.51,3.659,10.8975
2003-01-28,8.2767,47.92,1173.0,1.733,42.68,34.7,3.638,10.898
2003-01-29,8.2768,47.83,1168.0,1.7308,42.7,34.61,3.617,10.978
2003-01-30,8.28,47.85,1165.0,1.739,42.78,34.65,3.563,10.8675
2003-01-31,8.2768,47.83,1165.0,1.7396,42.77,34.61,3.513,10.902
2003-02-03,8.2768,47.8,1184.0,1.7423,42.82,34.61,3.535,10.896
2003-02-04,8.28,47.82,1177.0,1.7378,42.7,34.74,3.558,10.992
2003-02-05,8.28,47.77,1174.3,1.7425,42.77,34.74,3.574,10.865
2003-02-06,8.28,47.8,1173.0,1.74,42.79,34.68,3.606,10.8675
2003-02-07,8.28,47.72,1184.5,1.7473,42.92,34.71,3.586,10.898
2003-02-10,8.2773,47.69,1196.6,1.758,43.18,34.78,3.605,10.986
2003-02-11,8.2775,47.7,1206.0,1.7538,43.09,34.71,3.581,10.955
2003-02-12,8.2778,47.89,1199.4,1.7582,43.02,34.71,3.595,10.978
2003-02-13,8.2773,47.87,1203.5,1.754,43.03,34.71,3.64,10.97
2003-02-14,8.2773,47.92,1196.5,1.7538,43.12,34.819,3.664,10.887
2003-02-18,8.2772,47.75,1199.0,1.7509,43.05,34.71,3.5975,10.774
2003-02-19,8.2775,47.7,1193.0,1.7506,43.035,34.71,3.61,10.8385
2003-02-20,8.2776,47.65,1191.4,1.7435,42.88,34.78,3.626,10.9225
2003-02-21,8.2776,47.65,1194.0,1.7445,42.9,34.75,3.613,10.9825
2003-02-24,8.2777,47.74,1187.1,1.739,42.81,34.76,3.597,10.984
2003-02-25,8.2778,47.74,1192.0,1.7325,42.69,34.72,3.608,11.064
2003-02-26,8.2774,47.67,1186.0,1.7355,42.75,34.78,3.5885,11.038
2003-02-27,8.2775,47.66,1186.0,1.7361,42.68,34.75,3.566,11.0225
2003-02-28,8.2775,47.66,1193.7,1.7374,42.8,34.78,3.565,11.0285
2003-03-03,8.2775,47.7,1184.6,1.7365,42.7,34.78,3.57,10.994
2003-03-04,8.2774,47.85,1197.0,1.7365,42.69,34.66,3.57,11.128
2003-03-05,8.2775,47.8,1199.2,1.7325,42.52,34.62,3.57,11.2
2003-03-06,8.2776,47.63,1218.0,1.7369,42.62,34.67,3.53,11.235
2003-03-07,8.2774,47.8,1219.0,1.7355,42.5,34.6,3.51,11.11
2003-03-10,8.2772,47.7,1243.0,1.7348,42.45,34.58,3.525,11.1066
2003-03-11,8.277,47.64,1225.8,1.7389,42.46,34.62,3.489,11.005
2003-03-12,8.2771,47.65,1245.0,1.7468,42.73,34.72,3.48,10.905
2003-03-13,8.2771,47.66,1241.0,1.7502,42.8,34.74,3.4225,10.8385
2003-03-14,8.2772,47.66,1241.5,1.7592,42.79,34.71,3.388,10.838
2003-03-17,8.2772,47.68,1249.8,1.7658,42.79,34.704,3.405,10.865
2003-03-18,8.2772,47.68,1254.8,1.767,42.92,34.71,3.445,10.795
2003-03-19,8.2773,47.72,1258.0,1.7724,43.03,34.8,3.476,10.855
2003-03-20,8.2773,47.75,1245.0,1.765,42.99,34.76,3.486,10.865
2003-03-21,8.2773,47.66,1254.0,1.7713,43.07,34.79,3.425,10.7575
2003-03-24,8.2774,47.68,1251.1,1.7658,42.91,34.78,3.407,10.823
2003-03-25,8.2771,47.64,1251.0,1.7667,42.84,34.78,3.395,10.7175
2003-03-26,8.2775,47.64,1244.4,1.77,42.9,34.78,3.393,10.769
2003-03-27,8.2772,47.59,1247.0,1.768,42.88,34.8,3.402,10.762
2003-03-28,8.2771,47.55,1260.0,1.773,42.99,34.8,3.371,10.661
2003-03-31,8.2774,47.53,1252.0,1.7645,42.86,34.75,3.332,10.782
2003-04-01,8.2773,47.45,1262.0,1.7714,42.9,34.8,3.329,10.732
2003-04-02,8.277,47.4,1255.4,1.772,42.99,34.8,3.285,10.673
2003-04-03,8.2771,47.43,1256.0,1.779,43.07,34.81,3.24,10.666
2003-04-04,8.2771,47.44,1258.0,1.7763,43.1,34.825,3.233,10.679
2003-04-07,8.2772,47.44,1257.8,1.7829,43.18,34.84,3.175,10.684
2003-04-08,8.2773,47.46,1253.5,1.7838,43.08,34.82,3.175,10.737
2003-04-09,8.2774,47.45,1246.0,1.7817,43.08,34.81,3.175,10.77
2003-04-10,8.2773,47.4,1230.0,1.7755,42.87,34.8,3.22,10.755
2003-04-11,8.2772,47.38,1229.6,1.7807,43.02,34.8,3.223,10.7075
2003-04-14,8.2774,47.44,1225.0,1.7811,42.91,34.81,3.1825,10.615
2003-04-15,8.2773,47.36,1220.0,1.7815,42.95,34.81,3.115,10.65
2003-04-16,8.2773,47.38,1217.0,1.776,42.89,34.8,3.064,10.625
2003-04-17,8.2771,47.34,1207.0,1.767,42.76,34.79,3.035,10.545
2003-04-18,8.277,47.34,1204.0,1.7675,42.77,34.79,3.039,10.55
2003-04-21,8.2769,47.38,1209.0,1.772,42.72,34.81,3.04,10.543
2003-04-22,8.277,47.34,1219.0,1.7768,42.72,34.81,3.057,10.559
2003-04-23,8.2772,47.35,1219.0,1.779,42.8,34.81,3.007,10.515
2003-04-24,8.2772,47.36,1220.5,1.7785,42.83,34.86,3.003,10.435
2003-04-25,8.277,47.37,1238.5,1.7837,43.05,34.81,3.014,10.437
2003-04-28,8.277,47.35,1222.5,1.7779,42.94,34.98,2.991,10.433
2003-04-29,8.277,47.37,1219.0,1.7779,42.94,34.89,2.9085,10.333
2003-04-30,8.2771,47.37,1215.5,1.7745,42.86,34.85,2.887,10.308
2003-05-01,8.2771,47.35,1213.0,1.7696,42.82,34.85,2.9125,10.25
2003-05-02,8.2771,47.35,1213.0,1.7727,42.79,34.8,2.91,10.195
2003-05-05,8.2771,47.3,1217.0,1.7591,42.68,34.8,2.995,10.195
2003-05-06,8.277,47.28,1201.0,1.743,42.6,34.7,2.998,10.256
2003-05-07,8.2769,47.28,1199.0,1.739,42.5,34.7,2.965,10.218
2003-05-08,8.2768,47.25,1199.0,1.7415,42.55,34.65,2.905,10.1785
2003-05-09,8.2768,47.2,1202.0,1.7405,42.56,34.65,2.878,10.113
2003-05-12,8.277,47.18,1192.0,1.7331,42.38,34.65,2.875,10.188
2003-05-13,8.277,47.15,1196.0,1.734,42.39,34.7,2.88,10.146
2003-05-14,8.2769,47.15,1200.0,1.7295,42.17,34.7,2.9,10.139
2003-05-15,8.2768,47.13,1196.4,1.7175,42.03,34.65,2.926,10.284
2003-05-16,8.277,47.12,1199.9,1.7255,42.14,34.65,2.963,10.36
2003-05-19,8.2768,46.99,1195.0,1.7262,42.03,34.6,2.9825,10.347
2003-05-20,8.2768,46.95,1202.0,1.7243,42.02,34.6,3.01,10.251
2003-05-21,8.2769,46.9,1194.3,1.7245,41.98,34.66,3.0025,10.2685
2003-05-22,8.2768,46.91,1195.4,1.7228,41.96,34.69,2.99,10.244
2003-05-23,8.2769,46.87,1194.4,1.7233,41.89,34.7,2.927,10.235
2003-05-27,8.2768,46.85,1198.9,1.722,41.69,34.7,3.034,10.354
2003-05-28,8.277,46.98,1200.5,1.7358,41.83,34.726,3.02,10.424
2003-05-29,8.277,47.05,1207.1,1.731,41.8,34.75,2.933,10.322
2003-05-30,8.2768,47.07,1210.0,1.735,41.75,34.71,2.979,10.34
2003-06-02,8.2768,47.15,1203.0,1.7288,41.66,34.7,2.977,10.244
2003-06-03,8.2769,46.95,1201.5,1.7282,41.7,34.7,2.962,10.27
2003-06-04,8.277,46.85,1201.0,1.7245,41.65,34.68,2.925,10.3875
2003-06-05,8.277,46.84,1200.3,1.7175,41.52,34.68,2.897,10.56
2003-06-06,8.277,46.88,1200.3,1.729,41.66,34.68,2.885,10.5075
2003-06-09,8.2773,46.87,1196.7,1.7249,41.67,34.68,2.875,10.739
2003-06-10,8.2768,46.79,1194.5,1.73,41.81,34.68,2.871,10.735
2003-06-11,8.277,46.7,1195.4,1.7341,41.79,34.7,2.877,10.6175
2003-06-12,8.2772,46.73,1193.4,1.7397,41.72,34.7,2.865,10.5598
2003-06-13,8.2768,46.7,1192.0,1.7324,41.63,34.65,2.856,10.6
2003-06-16,8.2769,46.66,1190.3,1.7286,41.52,34.6,2.855,10.475
2003-06-17,8.2768,46.59,1185.0,1.7274,41.57,34.52,2.886,10.4875
2003-06-18,8.2768,46.62,1185.0,1.732,41.62,34.55,2.907,10.598
2003-06-19,8.277,46.61,1200.0,1.7325,41.63,34.6,2.889,10.48
2003-06-20,8.2772,46.57,1190.6,1.735,41.6,34.59,2.883,10.468
2003-06-23,8.2773,46.66,1190.3,1.7395,41.58,34.6,2.887,10.4745
2003-06-24,8.2774,46.57,1193.0,1.7412,41.54,34.6,2.861,10.532
2003-06-25,8.2775,46.58,1187.2,1.738,41.5,34.56,2.86,10.4815
2003-06-26,8.2775,46.57,1186.9,1.7557,41.71,34.6,2.9,10.458
2003-06-27,8.2774,46.4,1194.6,1.757,42.02,34.61,2.882,10.43
2003-06-30,8.2776,46.4,1196.0,1.7608,42.08,34.61,2.862,10.455
2003-07-01,8.2775,46.49,1192.0,1.7562,41.95,34.58,2.849,10.455
2003-07-02,8.2775,46.36,1187.2,1.751,41.89,34.54,2.823,10.475
2003-07-03,8.2776,46.4,1183.7,1.752,41.72,34.45,2.833,10.435
2003-07-07,8.2773,46.34,1182.1,1.7584,41.63,34.39,2.8775,10.4223
2003-07-08,8.2774,46.3,1180.3,1.7591,41.67,34.35,2.89,10.525
2003-07-09,8.2776,46.24,1179.2,1.7447,41.67,34.35,2.86,10.488
2003-07-10,8.2774,46.21,1178.5,1.7524,41.67,34.25,2.895,10.463
2003-07-11,8.2772,46.1,1180.0,1.7554,41.63,34.35,2.907,10.4325
2003-07-14,8.2771,46.06,1176.3,1.756,41.63,34.35,2.879,10.385
2003-07-15,8.2772,46.13,1180.0,1.7553,41.5,34.35,2.84,10.43
2003-07-16,8.277,46.23,1180.0,1.7575,41.65,34.41,2.864,10.392
2003-07-17,8.2771,46.23,1180.0,1.7622,41.72,34.41,2.86,10.339
2003-07-18,8.277,46.29,1181.0,1.7612,41.76,34.41,2.87,10.38
2003-07-21,8.2768,46.27,1178.6,1.757,41.72,34.41,2.8845,10.424
2003-07-22,8.277,46.15,1183.0,1.758,41.88,34.41,2.881,10.4375
2003-07-23,8.2771,46.16,1180.9,1.7528,42.05,34.4,2.898,10.53
2003-07-24,8.2772,46.15,1179.9,1.751,41.93,34.37,2.885,10.528
2003-07-25,8.2776,46.15,1180.2,1.747,41.97,34.37,2.8935,10.52
2003-07-28,8.2775,46.15,1183.0,1.7511,42.03,34.4,2.8985,10.47
2003-07-29,8.2776,46.13,1178.7,1.7555,42.04,34.37,2.929,10.4845
2003-07-30,8.2773,46.15,1180.0,1.758,42.06,34.4,2.95,10.477
2003-07-31,8.2774,46.15,1181.0,1.7595,42.0,34.41,2.965,10.585
2003-08-01,8.2772,46.18,1185.0,1.7605,42.03,34.44,3.005,10.59
2003-08-04,8.2775,46.15,1182.0,1.7613,41.98,34.47,3.113,10.599
2003-08-05,8.2775,46.14,1187.9,1.7648,42.06,34.46,3.037,10.7
2003-08-06,8.2773,46.05,1186.0,1.763,42.035,34.43,3.039,10.709
2003-08-07,8.2774,45.98,1185.0,1.7553,41.92,34.45,2.9975,10.6775
2003-08-08,8.2772,46.01,1181.1,1.7575,41.93,34.45,2.99,10.67
2003-08-11,8.2773,45.99,1180.0,1.7535,41.81,34.34,2.996,10.713
2003-08-12,8.277,45.89,1179.0,1.7555,41.82,34.35,3.025,10.7335
2003-08-13,8.2771,45.95,1179.8,1.7543,41.78,34.33,3.03,10.763
2003-08-14,8.277,46.0,1178.0,1.7495,41.68,34.37,3.0,10.705
2003-08-15,8.2768,46.0,1178.0,1.7497,41.64,34.37,3.0,10.729
2003-08-18,8.2768,45.9,1180.0,1.7525,41.62,34.32,2.994,10.732
2003-08-19,8.2767,45.85,1179.2,1.752,41.65,34.34,2.992,10.8015
2003-08-20,8.2768,45.88,1175.6,1.7444,41.67,34.3,3.004,10.837
2003-08-21,8.2766,45.8,1173.0,1.7385,41.53,34.23,3.0125,10.86
2003-08-22,8.2766,45.88,1168.0,1.7437,41.37,34.21,2.995,10.862
2003-08-25,8.2768,45.9,1171.0,1.7455,41.37,34.18,2.992,10.884
2003-08-26,8.2768,45.88,1170.0,1.7554,41.38,34.2,2.991,10.912
2003-08-27,8.277,45.88,1178.0,1.7522,41.25,34.13,2.9815,10.929
2003-08-28,8.2772,45.88,1179.0,1.7557,41.14,34.19,2.952,10.977
2003-08-29,8.2772,45.88,1175.0,1.7535,41.12,34.12,2.965,11.06
2003-09-02,8.2771,45.88,1178.0,1.755,41.01,34.12,2.975,11.028
2003-09-03,8.2768,45.9,1174.3,1.7576,40.85,34.15,2.957,10.948
2003-09-04,8.277,45.8,1178.0,1.7573,40.86,34.12,2.942,10.858
2003-09-05,8.277,45.88,1171.0,1.7575,40.72,34.12,2.91,10.86
2003-09-08,8.277,45.85,1173.0,1.7585,40.73,34.1,2.923,10.913
2003-09-09,8.277,45.8,1170.0,1.7562,40.48,34.1,2.93,11.0275
2003-09-10,8.277,45.82,1170.0,1.7547,40.41,34.1,2.906,10.9595
2003-09-11,8.2772,45.72,1174.0,1.751,40.81,34.1,2.905,10.98
2003-09-12,8.2772,45.8,1174.0,1.752,40.8,34.1,2.9,10.985
2003-09-15,8.2774,45.8,1172.9,1.756,40.73,34.13,2.886,10.9745
2003-09-16,8.2774,45.9,1170.0,1.7518,40.49,34.1,2.897,10.89
2003-09-17,8.2775,45.95,1172.0,1.7533,40.65,34.1,2.9225,10.915
2003-09-18,8.2775,46.0,1171.0,1.7488,40.48,34.11,2.899,10.905
2003-09-19,8.2773,45.98,1166.0,1.745,40.41,34.05,2.91,10.8975
2003-09-22,8.2773,45.77,1152.0,1.7302,40.15,33.8,2.903,10.855
2003-09-23,8.2773,45.77,1154.0,1.7319,40.11,33.75,2.922,10.771
2003-09-24,8.277,45.88,1150.5,1.7355,40.08,33.78,2.913,10.802
2003-09-25,8.2771,45.88,1152.0,1.7348,40.09,33.72,2.932,10.831
2003-09-26,8.2773,45.77,1150.0,1.7295,40.15,33.78,2.9325,10.9375
2003-09-29,8.277,45.85,1150.6,1.7305,40.08,33.78,2.936,11.04
2003-09-30,8.2771,45.78,1150.2,1.7305,40.05,33.78,2.928,11.0025
2003-10-01,8.2771,45.7,1151.9,1.728,39.74,33.83,2.906,10.969
2003-10-02,8.2771,45.43,1150.0,1.7263,39.6,33.78,2.896,11.1575
2003-10-03,8.277,45.33,1148.0,1.727,39.6,33.75,2.886,11.245
2003-10-06,8.277,45.49,1151.5,1.7248,39.63,33.78,2.876,11.215
2003-10-07,8.277,45.33,1149.0,1.7214,39.39,33.78,2.864,11.3175
2003-10-08,8.277,45.43,1150.0,1.7238,39.24,33.79,2.8525,11.262
2003-10-09,8.277,45.29,1148.7,1.7234,39.15,33.73,2.835,11.24
2003-10-10,8.277,45.42,1146.0,1.722,39.09,33.72,2.8415,11.175
2003-10-14,8.2767,45.66,1175.0,1.7384,40.1,33.9,2.835,11.237
2003-10-15,8.2767,45.7,1170.5,1.7407,39.87,33.85,2.827,11.198
2003-10-16,8.2776,45.33,1174.9,1.7365,39.83,33.82,2.845,11.255
2003-10-17,8.2766,45.33,1179.0,1.7391,39.95,33.92,2.866,11.253
2003-10-20,8.2766,45.36,1182.0,1.7442,39.97,33.9,2.878,11.175
2003-10-21,8.2765,45.33,1182.0,1.7435,40.02,34.05,2.87,11.1475
2003-10-22,8.2766,45.35,1182.0,1.7363,39.95,33.95,2.862,11.246
2003-10-23,8.2766,45.33,1190.0,1.7444,39.89,33.95,2.87,11.188
2003-10-24,8.2768,45.32,1186.0,1.7415,39.92,33.95,2.867,11.177
2003-10-27,8.2767,45.4,1183.0,1.743,39.99,33.95,2.871,11.1195
2003-10-28,8.2766,45.31,1186.0,1.7455,39.98,33.95,2.8625,11.067
2003-10-29,8.2766,45.36,1179.0,1.7362,39.95,33.95,2.854,11.15
2003-10-30,8.2767,45.35,1177.0,1.7337,39.92,33.96,2.853,11.103
2003-10-31,8.2766,45.33,1184.0,1.74,39.95,33.98,2.8645,11.055
2003-11-03,8.2766,45.32,1186.0,1.7457,39.96,34.02,2.855,10.986
2003-11-04,8.2767,45.31,1186.0,1.744,39.94,34.0,2.857,10.993
2003-11-05,8.2767,45.34,1187.0,1.7415,39.88,34.06,2.861,11.0015
2003-11-06,8.2769,45.3,1181.0,1.7401,39.95,34.0,2.883,10.9955
2003-11-07,8.277,45.33,1180.0,1.7395,39.95,34.0,2.867,10.9785
2003-11-10,8.277,45.33,1175.0,1.7335,39.91,33.95,2.885,11.015
2003-11-12,8.277,45.36,1173.0,1.729,39.99,34.0,2.919,11.065
2003-11-13,8.277,45.39,1171.0,1.725,39.91,34.0,2.9375,11.17
2003-11-14,8.277,45.44,1171.3,1.721,39.92,34.0,2.948,11.1425
2003-11-17,8.2769,45.55,1183.0,1.727,39.95,34.01,2.9485,11.18
2003-11-18,8.2767,45.62,1181.0,1.719,39.96,34.0,2.948,11.1675
2003-11-19,8.2767,45.63,1178.0,1.7132,39.93,34.0,2.945,11.1975
2003-11-20,8.2769,45.78,1191.9,1.7183,39.91,34.03,2.9465,11.1875
2003-11-21,8.277,45.75,1195.7,1.72,39.95,34.05,2.924,11.2035
2003-11-24,8.2771,45.88,1207.0,1.722,39.92,34.06,2.919,11.3125
2003-11-25,8.277,45.95,1203.0,1.7215,39.93,34.1,2.937,11.337
2003-11-26,8.2772,45.88,1203.0,1.723,39.92,34.17,2.945,11.3625
2003-11-28,8.277,45.82,1202.1,1.724,39.95,34.2,2.945,11.395
2003-12-01,8.2772,45.77,1200.0,1.7243,39.93,34.15,2.9315,11.4063
2003-12-02,8.2772,45.7,1195.5,1.7205,39.93,34.15,2.93,11.36
2003-12-03,8.2771,45.63,1196.0,1.7188,39.93,34.1,2.931,11.259
2003-12-04,8.277,45.66,1192.0,1.715,39.91,34.1,2.943,11.229
2003-12-05,8.2769,45.66,1191.0,1.7145,39.92,34.11,2.94,11.205
2003-12-08,8.2771,45.55,1187.0,1.7122,39.9,34.05,2.945,11.24
2003-12-09,8.2771,45.55,1186.0,1.7135,39.8,34.03,2.9355,11.1725
2003-12-10,8.277,45.55,1186.0,1.715,39.82,34.04,2.945,11.226
2003-12-11,8.2771,45.55,1187.8,1.7164,39.79,34.03,2.945,11.173
2003-12-12,8.2771,45.55,1185.1,1.71,39.63,34.03,2.944,11.24
2003-12-15,8.2772,45.55,1183.0,1.71,39.73,34.03,2.922,11.294
2003-12-16,8.2771,45.5,1192.0,1.7059,39.64,34.02,2.9375,11.292
2003-12-17,8.2769,45.55,1188.7,1.709,39.68,34.02,2.936,11.27
2003-12-18,8.2765,45.5,1189.0,1.7084,39.68,34.05,2.933,11.208
2003-12-19,8.277,45.54,1194.0,1.7095,39.65,34.05,2.93,11.2325
2003-12-22,8.2769,45.52,1195.0,1.7096,39.65,34.05,2.925,11.271
2003-12-23,8.2769,45.52,1196.0,1.7078,39.62,34.05,2.91,11.275
2003-12-24,8.277,45.5,1200.0,1.706,39.66,34.05,2.914,11.2763
2003-12-26,8.2768,45.5,1199.9,1.7045,39.58,34.05,2.9,11.227
2003-12-29,8.2769,45.66,1198.0,1.7024,39.65,34.06,2.87,11.235
2003-12-30,8.2767,45.57,1197.4,1.7034,39.66,34.03,2.899,11.199
2003-12-31,8.2767,45.55,1192.0,1.699,39.63,33.99,2.895,11.242
2004-01-02,8.2769,45.68,1195.1,1.7022,39.54,33.98,2.884,11.095
2004-01-05,8.277,45.6,1192.1,1.698,39.32,33.9,2.858,11.0011
2004-01-06,8.2771,45.66,1186.0,1.6985,39.13,33.8,2.8575,10.968
2004-01-07,8.2772,45.53,1187.0,1.6968,39.03,33.82,2.869,10.914
2004-01-08,8.2772,45.55,1182.5,1.6942,39.0,33.8,2.85,10.88
2004-01-09,8.277,45.48,1181.7,1.6925,39.0,33.75,2.845,10.845
2004-01-12,8.277,45.44,1175.0,1.6916,38.891,33.68,2.807,10.805
2004-01-13,8.2768,45.44,1181.0,1.6942,38.96,33.66,2.81,10.842
2004-01-14,8.2768,45.42,1180.3,1.6945,38.96,33.68,2.8215,10.82
2004-01-15,8.2767,45.44,1187.0,1.6953,39.04,33.67,2.81,10.857
2004-01-16,8.2767,45.45,1186.2,1.702,39.11,33.68,2.825,10.833
2004-01-20,8.277,45.43,1190.0,1.707,39.1,33.68,2.838,10.855
2004-01-21,8.2771,45.43,1189.0,1.6984,39.1,33.68,2.846,10.94
2004-01-22,8.2771,45.43,1189.0,1.692,39.05,33.64,2.844,11.001
2004-01-23,8.2771,45.43,1185.0,1.6957,39.15,33.63,2.844,10.93
2004-01-26,8.2771,45.36,1181.0,1.6943,39.32,33.73,2.843,10.934
2004-01-27,8.2771,45.38,1180.0,1.695,39.13,33.51,2.865,10.88
2004-01-28,8.2771,45.36,1172.0,1.6914,39.12,33.33,2.88,10.897
2004-01-29,8.277,45.29,1173.0,1.7035,39.28,33.36,2.945,11.0973
2004-01-30,8.2768,45.32,1174.0,1.6936,39.25,33.39,2.924,11.012
2004-02-02,8.277,45.3,1171.0,1.6942,39.24,33.36,2.9525,10.97
2004-02-03,8.2772,45.3,1169.0,1.6922,39.1,33.25,2.928,11.084
2004-02-04,8.2772,45.3,1168.4,1.6947,39.04,33.25,2.91,11.048
2004-02-05,8.2773,45.29,1166.1,1.6914,39.02,33.25,2.932,11.245
2004-02-06,8.2773,45.3,1168.1,1.6852,39.07,33.3,2.942,11.131
2004-02-09,8.2773,45.25,1166.3,1.683,39.04,33.2,2.932,11.1105
2004-02-10,8.2772,45.22,1162.1,1.6758,38.96,33.21,2.917,11.1
2004-02-11,8.2771,45.24,1160.6,1.6708,38.99,33.15,2.919,11.0011
2004-02-12,8.2772,45.23,1161.0,1.6749,38.87,33.13,2.904,10.9685
2004-02-13,8.277,45.24,1160.0,1.676,38.97,33.15,2.92,10.965
2004-02-17,8.277,45.28,1158.2,1.6744,39.02,33.13,2.912,10.939
2004-02-18,8.277,45.24,1152.2,1.6775,39.06,33.1,2.936,10.9095
2004-02-19,8.2771,45.28,1165.0,1.6843,39.19,33.11,2.949,10.978
2004-02-20,8.2772,45.23,1167.4,1.6936,39.2,33.13,2.972,10.9415
2004-02-23,8.2772,45.32,1180.0,1.6942,39.27,33.28,2.962,10.949
2004-02-24,8.2771,45.32,1180.0,1.6898,39.22,33.32,2.9625,11.053
2004-02-25,8.277,45.25,1170.2,1.693,39.27,33.25,2.943,11.075
2004-02-26,8.2771,45.27,1178.5,1.7028,39.35,33.21,2.9425,11.0765
2004-02-27,8.2769,45.32,1179.0,1.703,39.32,33.28,2.915,11.062
2004-03-01,8.2768,45.32,1179.0,1.7048,39.28,33.29,2.8905,10.9725
2004-03-02,8.2768,45.25,1174.0,1.7087,39.35,33.3,2.907,10.962
2004-03-03,8.2768,45.22,1178.0,1.7135,39.54,33.32,2.882,11.0475
2004-03-04,8.277,45.32,1171.0,1.7158,39.54,33.33,2.8925,11.007
2004-03-05,8.2773,45.32,1173.0,1.7112,39.38,33.28,2.877,10.918
2004-03-08,8.2767,45.26,1173.7,1.7088,39.43,33.35,2.8825,10.945
2004-03-09,8.2767,45.23,1173.0,1.705,39.42,33.28,2.868,10.969
2004-03-10,8.2767,45.25,1171.5,1.7145,39.47,33.35,2.89,10.947
2004-03-11,8.2772,45.28,1171.0,1.7125,39.44,33.28,2.91,10.98
2004-03-12,8.2771,45.22,1181.0,1.7118,39.45,33.42,2.906,10.968
2004-03-15,8.2773,45.25,1175.5,1.708,39.5,33.4,2.9075,10.975
2004-03-16,8.2773,45.22,1171.0,1.701,39.5,33.31,2.902,11.066
2004-03-17,8.2774,45.27,1167.0,1.6997,39.53,33.25,2.913,10.983
2004-03-18,8.2768,45.25,1158.0,1.6883,39.4,33.13,2.92,11.114
2004-03-19,8.2772,45.2,1157.0,1.6946,39.44,33.22,2.901,10.989
2004-03-22,8.2773,45.145,1161.0,1.6888,39.47,33.21,2.912,10.976
2004-03-23,8.2774,44.85,1160.5,1.6873,39.51,33.25,2.921,10.973
2004-03-24,8.2772,44.8,1155.0,1.6887,39.51,33.16,2.929,10.998
2004-03-25,8.2771,44.73,1158.0,1.6898,39.58,33.19,2.94,11.0208
2004-03-26,8.277,44.44,1157.9,1.691,39.56,33.24,2.938,11.054
2004-03-29,8.2771,44.0,1157.8,1.689,39.62,33.15,2.939,11.16
2004-03-30,8.2771,44.07,1154.0,1.6836,39.6,33.09,2.919,11.229
2004-03-31,8.277,43.4,1146.7,1.675,39.28,33.0,2.907,11.183
2004-04-01,8.2769,43.4,1141.4,1.672,39.16,32.89,2.8925,11.182
2004-04-02,8.2769,43.75,1141.8,1.675,39.19,33.0,2.8985,11.1715
2004-04-05,8.2769,43.67,1144.0,1.6815,39.12,32.89,2.882,11.157
2004-04-06,8.2769,43.7,1150.4,1.683,39.14,32.93,2.874,11.1615
2004-04-07,8.2769,43.55,1143.5,1.674,39.06,32.94,2.876,11.2395
2004-04-08,8.2769,43.6,1145.0,1.678,39.14,32.85,2.877,11.21
2004-04-09,8.2769,43.45,1144.0,1.678,39.22,32.87,2.888,11.2075
2004-04-12,8.277,43.66,1141.9,1.6675,39.22,32.82,2.888,11.2285
2004-04-13,8.2769,43.75,1141.4,1.6713,39.25,32.73,2.888,11.2685
2004-04-14,8.2772,43.69,1158.0,1.6805,39.45,32.84,2.8955,11.2755
2004-04-15,8.2771,44.0,1154.0,1.683,39.62,33.03,2.916,11.269
2004-04-16,8.2769,43.85,1163.0,1.6762,39.36,33.17,2.915,11.241
2004-04-19,8.2768,43.88,1154.0,1.6813,39.4,32.87,2.915,11.252
2004-04-20,8.2768,43.97,1155.0,1.68,39.42,32.95,2.921,11.3175
2004-04-21,8.2769,44.1,1156.0,1.692,39.65,32.95,2.9325,11.323
2004-04-22,8.277,44.14,1160.0,1.7,39.7,33.05,2.927,11.317
2004-04-23,8.2769,44.0,1159.0,1.697,39.6,33.03,2.9135,11.35
2004-04-26,8.2768,44.1,1156.0,1.6965,39.72,33.05,2.913,11.29
2004-04-27,8.2768,44.23,1153.0,1.6965,39.67,32.99,2.9185,11.306
2004-04-28,8.2768,44.21,1157.0,1.6973,39.8,32.99,2.9395,11.341
2004-04-29,8.2769,44.4,1171.0,1.7049,40.03,33.24,2.959,11.4315
2004-04-30,8.2771,44.52,1173.6,1.7017,40.04,33.27,2.944,11.402
2004-05-03,8.2771,44.88,1173.0,1.7028,39.98,33.26,2.962,11.442
2004-05-04,8.2771,44.7,1172.0,1.6962,39.95,33.18,2.968,11.415
2004-05-05,8.2771,44.55,1168.0,1.6853,39.79,33.16,2.964,11.3815
2004-05-06,8.2771,44.65,1167.0,1.6895,39.93,33.14,2.995,11.4445
2004-05-07,8.2771,44.66,1172.0,1.7024,40.19,33.39,3.084,11.545
2004-05-10,8.2769,44.95,1191.0,1.7268,40.61,33.7,3.105,11.635
2004-05-11,8.2773,45.35,1189.0,1.7256,40.7,33.6,3.085,11.616
2004-05-12,8.2773,45.35,1182.0,1.722,40.59,33.4,3.1265,11.63
2004-05-13,8.2772,45.25,1186.0,1.7257,40.83,33.51,3.12,11.634
2004-05-14,8.2772,45.57,1187.0,1.7275,40.82,33.663,3.092,11.5695
2004-05-17,8.2772,45.5,1183.0,1.728,40.93,33.62,3.126,11.5215
2004-05-18,8.2771,45.47,1185.0,1.726,40.86,33.63,3.122,11.495
2004-05-19,8.2769,45.18,1174.0,1.7137,40.72,33.37,3.114,11.54
2004-05-20,8.2771,45.28,1179.0,1.7207,40.88,33.59,3.2085,11.568
2004-05-21,8.2771,45.28,1176.0,1.715,40.75,33.49,3.187,11.561
2004-05-24,8.2771,45.31,1179.0,1.7155,40.79,33.49,3.2015,11.575
2004-05-25,8.2769,45.36,1179.5,1.7155,40.83,33.48,3.1475,11.472
2004-05-26,8.2769,45.4,1180.0,1.7125,40.81,33.47,3.18,11.4725
2004-05-27,8.2768,45.4,1170.0,1.6998,40.63,33.38,3.1475,11.467
2004-05-28,8.2769,45.42,1165.0,1.6984,40.61,33.36,3.111,11.414
2004-06-01,8.2767,45.43,1161.0,1.7032,40.7,33.53,3.155,11.4885
2004-06-02,8.2767,45.37,1164.8,1.705,40.65,33.45,3.13,11.44
2004-06-03,8.2768,45.22,1164.7,1.712,40.74,33.45,3.144,11.4325
2004-06-04,8.2767,45.07,1164.0,1.7105,40.7,33.47,3.13,11.428
2004-06-07,8.2767,45.1,1160.0,1.7035,40.55,33.46,3.116,11.344
2004-06-08,8.2767,45.05,1159.0,1.7075,40.58,33.4,3.1195,11.3505
2004-06-09,8.2767,44.94,1155.0,1.7115,40.6,33.35,3.113,11.3865
2004-06-10,8.2768,45.05,1160.0,1.7127,40.67,33.4,3.113,11.372
2004-06-11,8.2767,45.09,1164.1,1.7167,40.72,33.51,3.15,11.382
2004-06-14,8.2766,45.35,1164.0,1.721,41.12,33.52,3.162,11.4248
2004-06-15,8.2766,45.38,1163.4,1.7138,40.93,33.7,3.128,11.4145
2004-06-16,8.2766,45.34,1158.0,1.7196,41.01,33.58,3.1495,11.399
2004-06-17,8.2766,45.49,1157.5,1.7183,40.88,33.61,3.124,11.355
2004-06-18,8.2766,45.66,1160.0,1.7167,40.97,33.64,3.1425,11.34
2004-06-21,8.2766,45.88,1157.0,1.7203,40.91,33.67,3.129,11.311
2004-06-22,8.2766,46.21,1159.0,1.7193,40.98,33.8,3.135,11.32
2004-06-23,8.2767,45.7,1160.0,1.721,41.03,33.79,3.1285,11.345
2004-06-24,8.2766,45.85,1156.0,1.7097,40.85,33.59,3.103,11.303
2004-06-25,8.2767,45.85,1150.0,1.7086,40.87,33.57,3.11,11.315
2004-06-28,8.2766,45.99,1153.0,1.7095,40.9,33.65,3.1375,11.423
2004-06-29,8.2766,46.05,1152.0,1.7157,40.92,33.69,3.12,11.525
2004-06-30,8.2766,45.99,1156.0,1.723,40.91,33.66,3.105,11.538
2004-07-01,8.2767,45.88,1153.0,1.7155,40.83,33.6,3.083,11.506
2004-07-02,8.2766,45.75,1155.2,1.7123,40.7,33.62,3.041,11.473
2004-07-06,8.2768,46.05,1155.0,1.7162,40.79,33.61,3.0435,11.494
2004-07-07,8.2768,45.84,1152.2,1.7065,40.76,33.58,3.03,11.4625
2004-07-08,8.2769,45.75,1151.0,1.7075,40.8,33.6,3.043,11.535
2004-07-09,8.2769,45.66,1149.6,1.701,40.8,33.62,3.044,11.51
2004-07-12,8.2768,45.72,1147.6,1.6957,40.69,33.64,3.0425,11.503
2004-07-13,8.2768,45.86,1149.6,1.7038,40.74,33.62,3.046,11.495
2004-07-14,8.2767,45.95,1152.6,1.7031,40.79,33.685,3.027,11.468
2004-07-15,8.2767,46.08,1161.7,1.7058,40.92,33.85,3.025,11.495
2004-07-16,8.2766,45.96,1164.7,1.701,40.83,33.815,3.0,11.43
2004-07-19,8.2766,46.11,1157.7,1.6997,40.78,33.84,2.998,11.379
2004-07-20,8.2767,46.1,1160.6,1.7039,40.83,33.87,3.0025,11.401
2004-07-21,8.2766,46.13,1158.6,1.716,41.09,33.835,3.0435,11.4655
2004-07-22,8.2766,46.3,1162.6,1.7169,41.08,33.85,3.043,11.4455
2004-07-23,8.2766,46.35,1166.6,1.7259,41.15,33.965,3.0455,11.4393
2004-07-26,8.2767,46.28,1162.0,1.7222,41.24,34.15,3.072,11.483
2004-07-27,8.2767,46.25,1166.0,1.7255,41.43,34.05,3.063,11.5125
2004-07-28,8.2768,46.3,1168.0,1.7291,41.5,34.0,3.054,11.478
2004-07-29,8.2769,46.45,1168.4,1.726,41.48,34.09,3.033,11.439
2004-07-30,8.2769,46.4,1170.0,1.7197,41.39,34.04,3.0275,11.41
2004-08-02,8.277,46.35,1165.0,1.7167,41.42,33.98,3.0505,11.4298
2004-08-03,8.277,46.35,1165.3,1.7185,41.38,34.11,3.054,11.4
2004-08-04,8.277,46.36,1168.0,1.7235,41.58,34.08,3.058,11.455
2004-08-05,8.2769,46.35,1164.0,1.7228,41.45,34.05,3.058,11.448
2004-08-06,8.2769,46.33,1163.0,1.716,41.38,34.16,3.04,11.417
2004-08-09,8.2769,46.4,1157.0,1.7167,41.41,34.05,3.0395,11.3743
2004-08-10,8.277,46.34,1155.1,1.7125,41.44,33.99,3.022,11.4025
2004-08-11,8.2769,46.32,1158.0,1.7125,41.54,34.04,3.038,11.44
2004-08-12,8.2769,46.21,1158.0,1.7162,41.55,34.14,3.0345,11.4458
2004-08-13,8.2768,46.27,1162.7,1.715,41.55,34.07,3.02,11.401
2004-08-16,8.2768,46.36,1160.0,1.7153,41.55,34.03,3.0155,11.391
2004-08-17,8.2767,46.34,1157.7,1.7129,41.53,34.04,2.996,11.345
2004-08-18,8.2767,46.34,1157.9,1.7146,41.51,34.05,2.989,11.352
2004-08-19,8.2768,46.27,1155.3,1.7087,41.45,33.93,2.978,11.3575
2004-08-20,8.2767,46.25,1153.7,1.7083,41.468,33.93,2.978,11.348
2004-08-23,8.2767,46.26,1153.7,1.7092,41.52,33.95,2.968,11.383
2004-08-24,8.2767,46.295,1154.2,1.7127,41.47,34.06,2.954,11.38
2004-08-25,8.2766,46.36,1157.1,1.7135,41.68,34.07,2.949,11.372
2004-08-26,8.2766,46.35,1154.0,1.715,41.68,33.95,2.956,11.367
2004-08-27,8.2767,46.28,1152.0,1.7128,41.6,33.97,2.9585,11.3825
2004-08-30,8.2767,46.35,1153.0,1.7155,41.65,33.92,2.944,11.429
2004-08-31,8.2766,46.35,1152.0,1.711,41.65,33.94,2.94,11.376
2004-09-01,8.2766,46.34,1149.0,1.7065,41.64,33.87,2.928,11.425
2004-09-02,8.2767,46.32,1151.0,1.7025,41.52,33.84,2.937,11.485
2004-09-03,8.2767,46.33,1150.3,1.7057,41.58,33.81,2.9285,11.5185
2004-09-07,8.2767,46.35,1150.9,1.6992,41.7,33.95,2.912,11.5675
2004-09-08,8.2767,46.35,1149.3,1.6963,41.69,33.9,2.902,11.585
2004-09-09,8.2768,46.3,1146.0,1.6993,41.6,33.82,2.907,11.5725
2004-09-10,8.2766,46.26,1146.0,1.6965,41.57,33.93,2.902,11.603
2004-09-13,8.2766,46.18,1145.2,1.6975,41.53,33.92,2.907,11.574
2004-09-14,8.2767,45.85,1145.3,1.6894,41.26,33.875,2.915,11.5995
2004-09-15,8.2768,45.81,1148.0,1.692,41.33,33.76,2.9075,11.533
2004-09-16,8.2766,45.82,1145.9,1.6899,41.23,33.69,2.891,11.5055
2004-09-17,8.2767,45.84,1147.0,1.6923,41.3,33.875,2.8755,11.4795
2004-09-20,8.2767,45.93,1146.4,1.6899,41.33,33.91,2.864,11.4585
2004-09-21,8.2766,45.86,1147.0,1.69,41.29,33.93,2.8755,11.4275
2004-09-22,8.2766,45.86,1148.0,1.6943,41.41,33.8,2.871,11.402
2004-09-23,8.2766,45.87,1147.8,1.6942,41.4,33.85,2.8725,11.417
2004-09-24,8.2766,45.9,1150.0,1.6908,41.43,33.88,2.867,11.415
2004-09-27,8.2766,45.97,1150.0,1.6928,41.54,34.0,2.872,11.439
2004-09-28,8.2766,46.1,1155.0,1.6965,41.65,34.1,2.865,11.405
2004-09-29,8.2766,46.0,1153.0,1.6911,41.51,34.05,2.856,11.4305
2004-09-30,8.2766,45.91,1152.0,1.6847,41.44,33.99,2.864,11.385
2004-10-01,8.2766,45.85,1149.0,1.6813,41.36,33.84,2.84,11.3425
2004-10-04,8.2766,45.85,1150.0,1.688,41.42,33.89,2.824,11.354
2004-10-05,8.2766,45.86,1149.0,1.6871,41.47,33.93,2.823,11.313
2004-10-06,8.2766,45.86,1153.0,1.6915,41.44,33.925,2.837,11.279
2004-10-07,8.2766,45.86,1151.0,1.6893,41.43,33.925,2.8545,11.281
2004-10-08,8.2768,45.8,1149.0,1.681,41.34,33.74,2.8175,11.2415
2004-10-12,8.2765,45.87,1146.0,1.686,41.36,33.895,2.826,11.2895
2004-10-13,8.2765,45.83,1149.0,1.6858,41.4,33.92,2.841,11.301
2004-10-14,8.2765,45.81,1145.0,1.6828,41.47,33.89,2.8675,11.3225
2004-10-15,8.2765,45.85,1146.0,1.678,41.45,33.88,2.857,11.4425
2004-10-18,8.2765,45.83,1144.0,1.6774,41.49,33.76,2.8575,11.499
2004-10-19,8.2765,45.85,1145.0,1.6735,41.35,33.87,2.876,11.458
2004-10-20,8.2765,45.7,1141.0,1.6724,41.28,33.81,2.887,11.452
2004-10-21,8.2765,45.65,1140.0,1.6736,41.25,33.78,2.851,11.4765
2004-10-22,8.2765,45.62,1140.5,1.6674,41.22,33.62,2.852,11.442
2004-10-25,8.2765,45.58,1134.0,1.6633,41.06,33.7,2.882,11.515
2004-10-26,8.2765,45.66,1131.0,1.6628,40.97,33.68,2.871,11.499
2004-10-27,8.2765,45.57,1124.0,1.6657,41.06,33.58,2.86,11.503
2004-10-28,8.2765,45.51,1124.9,1.6636,41.02,33.465,2.864,11.527
2004-10-29,8.2766,45.3,1120.0,1.6635,41.03,33.395,2.852,11.5365
2004-11-01,8.2765,45.33,1119.0,1.6675,41.05,33.44,2.863,11.529
2004-11-02,8.2764,45.4,1115.0,1.6675,41.07,33.48,2.8435,11.481
2004-11-03,8.2765,45.33,1116.0,1.6656,41.13,33.385,2.825,11.419
2004-11-04,8.2765,45.1,1112.0,1.6537,40.94,33.15,2.812,11.408
2004-11-05,8.2764,45.1,1110.0,1.6534,40.85,33.095,2.815,11.4015
2004-11-08,8.2765,45.08,1105.0,1.6506,40.68,32.915,2.833,11.3965
2004-11-09,8.2764,45.12,1102.0,1.6528,40.56,32.915,2.826,11.446
2004-11-10,8.2765,45.14,1111.0,1.6569,40.69,33.23,2.818,11.429
2004-11-12,8.2765,45.04,1104.0,1.6514,40.31,32.97,2.792,11.38
2004-11-15,8.2765,45.03,1092.0,1.6519,40.35,32.815,2.791,11.356
2004-11-16,8.2765,45.01,1091.0,1.6505,40.28,32.81,2.778,11.35
2004-11-17,8.2765,44.96,1078.0,1.6465,40.1,32.57,2.76,11.3265
2004-11-18,8.2765,45.0,1069.0,1.6538,40.16,32.635,2.7675,11.342
2004-11-19,8.2765,45.0,1068.0,1.6457,39.92,32.44,2.7753,11.372
2004-11-22,8.2765,44.97,1064.0,1.6455,39.82,32.46,2.7595,11.389
2004-11-23,8.2765,45.02,1065.0,1.6421,39.85,32.45,2.749,11.351
2004-11-24,8.2765,44.94,1066.0,1.6416,39.63,32.21,2.7425,11.2885
2004-11-26,8.2765,44.94,1046.0,1.638,39.37,32.2,2.7277,11.243
2004-11-29,8.2765,44.67,1047.7,1.6367,39.445,32.17,2.744,11.2705
2004-11-30,8.2765,44.47,1048.0,1.6386,39.43,32.2,2.731,11.2411
2004-12-01,8.2765,44.3,1045.0,1.6308,39.31,32.18,2.703,11.153
2004-12-02,8.2765,44.1,1041.0,1.641,39.29,31.85,2.7285,11.159
2004-12-03,8.2765,44.0,1046.5,1.6348,39.06,32.18,2.6965,11.111
2004-12-06,8.2765,43.51,1040.0,1.6341,39.12,32.02,2.717,11.131
2004-12-07,8.2765,43.6,1041.0,1.6338,39.12,32.08,2.737,11.168
2004-12-08,8.2765,44.15,1058.0,1.6483,39.47,32.12,2.761,11.2825
2004-12-09,8.2765,44.12,1055.0,1.6495,39.67,32.16,2.78,11.29
2004-12-10,8.2765,44.52,1067.0,1.6531,39.69,32.455,2.778,11.3285
2004-12-13,8.2767,44.15,1061.3,1.646,39.35,32.275,2.76,11.291
2004-12-14,8.2765,44.05,1058.0,1.6495,39.53,32.49,2.7678,11.2925
2004-12-15,8.2765,43.86,1061.0,1.6378,39.23,32.41,2.735,11.1905
2004-12-16,8.2765,43.75,1055.0,1.6427,39.21,32.32,2.735,11.238
2004-12-17,8.2765,43.88,1060.0,1.6444,39.17,32.35,2.713,11.227
2004-12-20,8.2765,43.85,1058.0,1.6404,39.04,32.3,2.684,11.1515
2004-12-21,8.2765,43.66,1055.0,1.6398,38.94,32.34,2.689,11.185
2004-12-22,8.2765,43.8,1053.0,1.6397,39.05,32.26,2.704,11.18
2004-12-23,8.2765,43.61,1050.0,1.6375,39.0,32.18,2.693,11.1375
2004-12-24,8.2765,43.63,1047.8,1.6392,38.97,32.171,2.69,11.143
2004-12-27,8.2765,43.75,1046.5,1.6383,39.03,32.04,2.694,11.135
2004-12-28,8.2765,43.63,1042.4,1.6348,39.04,32.035,2.69,11.2061
2004-12-29,8.2765,43.67,1041.0,1.6412,39.17,32.02,2.6825,11.2545
2004-12-30,8.2765,43.62,1041.0,1.6369,38.96,31.94,2.651,11.218
2004-12-31,8.2765,43.27,1035.1,1.6319,38.8,31.74,2.655,11.154
2005-01-03,8.2765,43.35,1038.0,1.639,38.89,31.71,2.6695,11.215
2005-01-04,8.2765,43.47,1038.0,1.6459,39.175,31.79,2.702,11.3191
2005-01-05,8.2765,43.6,1046.3,1.6448,39.07,31.92,2.697,11.334
2005-01-06,8.2765,43.75,1058.0,1.6496,39.24,32.04,2.719,11.411
2005-01-07,8.2765,43.63,1051.0,1.6481,39.16,32.0,2.7095,11.36
2005-01-10,8.2765,43.82,1053.0,1.644,39.12,32.215,2.6955,11.255
2005-01-11,8.2765,43.68,1045.0,1.6363,39.0,31.98,2.712,11.217
2005-01-12,8.2765,43.53,1042.0,1.6313,38.85,31.85,2.6961,11.1715
2005-01-13,8.2765,43.52,1036.0,1.631,38.67,31.69,2.699,11.198
2005-01-14,8.2765,43.55,1043.0,1.6374,38.68,31.885,2.704,11.2375
2005-01-18,8.2765,43.59,1035.8,1.6347,38.45,31.88,2.713,11.2485
2005-01-19,8.2765,43.61,1031.0,1.6303,38.43,31.79,2.704,11.2335
2005-01-20,8.2765,43.7,1031.85,1.6392,38.57,31.79,2.7227,11.2501
2005-01-21,8.2765,43.64,1037.85,1.635,38.54,31.84,2.6902,11.2445
2005-01-24,8.2765,43.65,1031.85,1.6331,38.43,31.65,2.6795,11.2375
2005-01-25,8.2765,43.65,1030.85,1.6404,38.6,31.84,2.686,11.297
2005-01-26,8.2765,43.65,1031.45,1.6303,38.46,31.7,2.6673,11.2625
2005-01-27,8.2765,43.65,1027.85,1.6333,38.47,31.92,2.6635,11.301
2005-01-28,8.2765,43.66,1024.0,1.6341,38.43,31.73,2.6477,11.255
2005-01-31,8.2765,43.6,1026.85,1.6362,38.55,31.71,2.6115,11.2065
2005-02-01,8.2765,43.66,1027.35,1.6417,38.63,31.79,2.605,11.165
2005-02-02,8.2765,43.28,1027.8,1.6373,38.48,31.69,2.6175,11.1695
2005-02-03,8.2765,43.3,1024.85,1.6387,38.5,31.655,2.6042,11.166
2005-02-04,8.2765,43.34,1027.0,1.633,38.32,31.54,2.6,11.1345
2005-02-07,8.2765,43.38,1029.0,1.6408,38.25,31.605,2.6015,11.182
2005-02-08,8.2765,43.58,1036.0,1.648,38.5,31.77,2.631,11.206
2005-02-09,8.2765,43.62,1039.0,1.6491,38.58,31.79,2.6075,11.19
2005-02-10,8.2765,43.68,1044.0,1.6518,38.54,31.725,2.611,11.154
2005-02-11,8.2765,43.7,1033.0,1.6483,38.519,31.64,2.6065,11.16
2005-02-14,8.2765,43.64,1024.85,1.6383,38.36,31.535,2.582,11.1535
2005-02-15,8.2765,43.71,1026.55,1.6382,38.36,31.445,2.5728,11.1495
2005-02-16,8.2765,43.65,1027.0,1.6417,38.509,31.59,2.591,11.152
2005-02-17,8.2765,43.68,1025.45,1.6397,38.55,31.47,2.564,11.141
2005-02-18,8.2765,43.73,1024.0,1.6383,38.57,31.46,2.566,11.0755
2005-02-22,8.2765,43.63,1004.85,1.6266,38.34,31.115,2.5922,11.043
2005-02-23,8.2765,43.61,1002.85,1.6274,38.44,31.195,2.58,11.087
2005-02-24,8.2765,43.57,1006.85,1.63,38.43,31.215,2.6025,11.1015
2005-02-25,8.2765,43.61,1007.85,1.6317,38.36,31.165,2.6265,11.091
2005-02-28,8.2765,43.57,1000.85,1.624,38.24,31.06,2.5846,11.0885
2005-03-01,8.2765,43.58,1003.85,1.6221,38.24,30.945,2.6103,11.1005
2005-03-02,8.2765,43.59,1006.85,1.6255,38.34,30.74,2.627,11.107
2005-03-03,8.2765,43.58,1005.85,1.6268,38.45,30.847,2.698,11.0905
2005-03-04,8.2765,43.64,1008.0,1.625,38.41,30.81,2.6513,11.0495
2005-03-07,8.2765,43.58,1004.45,1.6246,38.37,30.873,2.6539,11.0305
2005-03-08,8.2765,43.58,1004.05,1.6203,38.3,30.865,2.6925,10.9755
2005-03-09,8.2765,43.55,1000.95,1.618,38.3,30.806,2.7186,11.004
2005-03-10,8.2765,43.48,1000.05,1.6187,38.27,30.65,2.729,11.039
2005-03-11,8.2765,43.45,997.5,1.6184,38.25,30.68,2.6975,11.0215
2005-03-14,8.2765,43.44,1000.55,1.6233,38.33,30.821,2.753,11.1335
2005-03-15,8.2765,43.46,1003.65,1.6233,38.44,30.99,2.7755,11.208
2005-03-16,8.2765,43.5,1003.55,1.6196,38.44,30.98,2.744,11.204
2005-03-17,8.2765,43.55,1000.7,1.623,38.49,31.04,2.7345,11.2085
2005-03-18,8.2765,43.67,1004.85,1.6248,38.51,31.01,2.709,11.1715
2005-03-21,8.2765,43.61,1009.0,1.6293,38.56,31.28,2.722,11.221
2005-03-22,8.2765,43.61,1009.35,1.6348,38.61,31.29,2.708,11.1895
2005-03-23,8.2765,43.66,1008.0,1.6395,38.65,31.38,2.7455,11.245
2005-03-24,8.2765,43.65,1013.35,1.6442,38.9,31.42,2.7415,11.2725
2005-03-25,8.2765,43.62,1014.2,1.6427,38.97,31.45,2.7385,11.272
2005-03-28,8.2765,43.67,1017.85,1.651,39.17,31.63,2.7439,11.3295
2005-03-29,8.2765,43.7,1023.85,1.6512,39.29,31.73,2.7053,11.2938
2005-03-30,8.2765,43.69,1023.0,1.6504,39.26,31.73,2.6755,11.2265
2005-03-31,8.2765,43.62,1015.4,1.6508,39.11,31.46,2.666,11.177
2005-04-01,8.2765,43.62,1012.0,1.6588,39.22,31.34,2.6572,11.185
2005-04-04,8.2765,43.68,1013.0,1.6663,39.49,31.54,2.657,11.207
2005-04-05,8.2765,43.69,1017.0,1.6615,39.59,31.54,2.6248,11.2145
2005-04-06,8.2765,43.72,1013.0,1.66,39.58,31.53,2.6023,11.2298
2005-04-07,8.2765,43.69,1012.0,1.6568,39.56,31.51,2.595,11.181
2005-04-08,8.2765,43.66,1015.0,1.6542,39.65,31.57,2.591,11.13
2005-04-11,8.2765,43.6,1015.0,1.649,39.61,31.57,2.5753,11.0885
2005-04-12,8.2765,43.62,1016.0,1.6498,39.65,31.62,2.598,11.119
2005-04-13,8.2765,43.65,1011.0,1.644,39.49,31.42,2.555,11.0605
2005-04-14,8.2765,43.64,1019.0,1.6558,39.7,31.7,2.571,11.098
2005-04-15,8.2765,43.7,1018.0,1.6554,39.62,31.56,2.5875,11.0875
2005-04-18,8.2765,43.62,1017.0,1.6545,39.49,31.62,2.619,11.1305
2005-04-19,8.2765,43.7,1013.0,1.6499,39.51,31.5,2.584,11.079
2005-04-20,8.2765,43.58,1009.0,1.646,39.34,31.46,2.56,11.0615
2005-04-21,8.2765,43.68,1008.0,1.647,39.56,31.51,2.5485,11.039
2005-04-22,8.2765,43.66,1004.0,1.6455,39.4,31.49,2.5339,11.036
2005-04-25,8.2765,43.61,999.0,1.6458,39.42,31.32,2.526,11.053
2005-04-26,8.2765,43.6,998.7,1.6477,39.5,31.34,2.542,11.059
2005-04-27,8.2765,43.6,1002.7,1.6465,39.52,31.39,2.5135,11.098
2005-04-28,8.2765,43.68,1002.0,1.6448,39.62,31.32,2.523,11.115
2005-04-29,8.2765,43.48,997.0,1.6337,39.43,31.23,2.533,11.082
2005-05-02,8.2765,43.46,1001.0,1.6374,39.5,31.33,2.5147,11.027
2005-05-03,8.2765,43.56,1002.0,1.6385,39.52,31.26,2.502,11.0255
2005-05-04,8.2765,43.4,997.5,1.6365,39.48,31.0,2.475,10.986
2005-05-05,8.2765,43.33,999.6,1.6364,39.42,31.05,2.47,10.948
2005-05-06,8.2765,43.35,999.0,1.6412,39.44,31.15,2.4668,10.9455
2005-05-09,8.2765,43.45,1001.0,1.6443,39.52,31.24,2.4528,10.9715
2005-05-10,8.2765,43.36,999.01,1.6436,39.45,31.2,2.4742,11.02
2005-05-11,8.2765,43.21,997.0,1.6441,39.44,30.98,2.48,11.03
2005-05-12,8.2765,43.3,999.5,1.654,39.46,31.3,2.461,10.996
2005-05-13,8.2765,43.35,1000.0,1.6575,39.58,31.27,2.463,11.021
2005-05-16,8.2765,43.38,1009.0,1.6565,39.86,31.37,2.478,11.033
2005-05-17,8.2765,43.41,1004.0,1.6537,39.82,31.39,2.4775,10.9942
2005-05-18,8.2765,43.43,1003.0,1.6512,39.87,31.34,2.4625,10.961
2005-05-19,8.2765,43.45,1006.0,1.6554,39.9,31.34,2.4455,10.9305
2005-05-20,8.2765,43.34,1007.0,1.6635,40.05,31.47,2.4525,10.972
2005-05-23,8.2765,43.45,1004.0,1.6595,40.06,31.38,2.43,10.9575
2005-05-24,8.2765,43.45,1003.0,1.654,40.01,31.3,2.4339,10.982
2005-05-25,8.2765,43.43,1000.0,1.6568,40.1,31.37,2.4075,10.9385
2005-05-26,8.2765,43.46,1002.0,1.659,40.38,31.41,2.409,10.9685
2005-05-27,8.2765,43.41,1000.0,1.6591,40.38,31.29,2.396,10.885
2005-05-31,8.2765,43.62,1005.0,1.663,40.57,31.13,2.411,10.9125
2005-06-01,8.2765,43.71,1010.0,1.6742,40.67,31.3,2.442,10.845
2005-06-02,8.2765,43.64,1013.0,1.6713,40.67,31.3,2.4166,10.8125
2005-06-03,8.2765,43.5,1006.0,1.668,40.63,31.27,2.4081,10.824
2005-06-06,8.2765,43.58,1003.0,1.6624,40.55,31.15,2.476,10.8825
2005-06-07,8.2765,43.53,1004.7,1.6612,40.5,31.22,2.456,10.86
2005-06-08,8.2765,43.46,1005.6,1.6584,40.54,31.27,2.4398,10.838
2005-06-09,8.2765,43.46,1005.0,1.6636,40.64,31.29,2.4887,10.8725
2005-06-10,8.2765,43.48,1006.72,1.6693,40.73,31.33,2.467,10.868
2005-06-13,8.2765,43.6,1016.0,1.6793,40.95,31.48,2.4588,10.8725
2005-06-14,8.2765,43.57,1014.5,1.6758,40.93,31.43,2.461,10.8399
2005-06-15,8.2765,43.56,1014.0,1.6736,40.89,31.37,2.4443,10.8305
2005-06-16,8.2765,43.55,1012.9,1.6748,40.94,31.4,2.4095,10.7929
2005-06-17,8.2765,43.5,1008.1,1.67,41.08,31.22,2.392,10.785
2005-06-20,8.2765,43.53,1011.9,1.6745,41.12,31.37,2.3825,10.83
2005-06-21,8.2765,43.5,1008.0,1.6698,41.14,31.3,2.379,10.7905
2005-06-22,8.2765,43.45,1009.2,1.6723,41.16,31.36,2.376,10.7585
2005-06-23,8.2765,43.51,1010.5,1.6704,41.04,31.35,2.3925,10.788
2005-06-24,8.2765,43.5,1013.5,1.6733,41.08,31.31,2.38,10.7638
2005-06-27,8.2765,43.44,1013.5,1.6756,41.1,31.32,2.3812,10.8089
2005-06-28,8.2765,43.46,1023.5,1.6822,41.19,31.33,2.3693,10.8415
2005-06-29,8.2765,43.5,1030.0,1.6846,41.29,31.63,2.3493,10.756
2005-06-30,8.2765,43.51,1034.5,1.6868,41.33,31.64,2.357,10.772
2005-07-01,8.2765,43.45,1033.0,1.6914,41.38,31.64,2.348,10.737
2005-07-05,8.2765,43.55,1050.0,1.6946,41.52,31.95,2.3623,10.755
2005-07-06,8.2765,43.45,1048.0,1.6968,41.59,31.88,2.3867,10.7715
2005-07-07,8.2765,43.59,1051.0,1.6985,41.71,32.01,2.3854,10.801
2005-07-08,8.2765,43.51,1054.0,1.7015,42.08,32.07,2.3693,10.744
2005-07-11,8.2765,43.51,1040.5,1.6949,41.99,31.93,2.3455,10.701
2005-07-12,8.2765,43.45,1035.0,1.686,41.73,31.82,2.3353,10.689
2005-07-13,8.2765,43.46,1040.0,1.6924,41.89,31.88,2.3455,10.6922
2005-07-14,8.2765,43.48,1032.0,1.689,41.85,31.93,2.337,10.636
2005-07-15,8.2765,43.45,1038.0,1.6875,41.78,31.95,2.3384,10.6175
2005-07-18,8.2765,43.47,1032.5,1.6848,41.72,31.87,2.3265,10.5855
2005-07-19,8.2765,43.48,1043.5,1.691,41.95,32.0,2.342,10.62
2005-07-20,8.2765,43.46,1043.5,1.689,42.12,31.89,2.3575,10.6565
2005-07-21,8.2765,43.05,1035.0,1.6535,41.32,31.94,2.35,10.591
2005-07-22,8.1111,43.4,1018.5,1.6584,41.36,31.61,2.3773,10.631
2005-07-25,8.1097,43.45,1024.0,1.6618,41.34,31.72,2.419,10.6705
2005-07-26,8.1099,43.41,1029.5,1.6682,41.59,31.94,2.4365,10.696
2005-07-27,8.1128,43.34,1029.0,1.6642,41.64,31.91,2.443,10.6375
2005-07-28,8.108,43.32,1027.7,1.6651,41.78,31.85,2.414,10.616
2005-07-29,8.1056,43.4,1026.5,1.661,41.65,31.92,2.3855,10.5995
2005-08-01,8.1046,43.37,1024.5,1.6602,41.55,31.9,2.377,10.598
2005-08-02,8.1032,43.41,1019.5,1.6545,41.27,31.82,2.3497,10.598
2005-08-03,8.1051,43.36,1016.0,1.6511,41.21,31.84,2.309,10.595
2005-08-04,8.1027,43.43,1013.5,1.652,41.12,31.85,2.2965,10.578
2005-08-05,8.1037,43.42,1016.0,1.6542,41.16,31.77,2.3005,10.596
2005-08-08,8.109,43.44,1016.0,1.6532,41.15,31.81,2.3095,10.605
2005-08-09,8.107,43.46,1014.0,1.6538,41.14,31.96,2.312,10.6375
2005-08-10,8.1062,43.54,1011.6,1.6462,40.86,31.88,2.2745,10.592
2005-08-11,8.1002,43.5,1013.1,1.6479,40.82,31.9,2.3305,10.585
2005-08-12,8.098,43.48,1014.1,1.651,40.86,31.88,2.3735,10.635
2005-08-15,8.0971,43.45,1015.0,1.66,40.97,31.95,2.342,10.5965
2005-08-16,8.1002,43.45,1016.4,1.6562,41.13,31.98,2.345,10.575
2005-08-17,8.0997,43.46,1017.1,1.6575,41.25,32.05,2.351,10.6075
2005-08-18,8.1007,43.5,1022.1,1.6654,41.32,32.19,2.369,10.652
2005-08-19,8.1047,43.51,1028.15,1.6712,41.24,32.15,2.45,10.7575
2005-08-22,8.1056,43.58,1021.15,1.6672,41.0,32.1,2.3971,10.728
2005-08-23,8.1012,43.57,1028.0,1.668,40.95,32.16,2.402,10.7765
2005-08-24,8.1005,43.69,1029.15,1.6697,41.1,32.23,2.4205,10.8815
2005-08-25,8.1002,43.6,1026.4,1.6708,41.06,32.25,2.4186,10.806
2005-08-26,8.0965,43.6,1028.7,1.6732,41.0,32.2,2.42,10.8575
2005-08-29,8.0954,43.86,1030.0,1.6806,41.26,32.44,2.4106,10.895
2005-08-30,8.0973,43.97,1039.2,1.686,41.36,32.72,2.3884,10.837
2005-08-31,8.0998,44.0,1039.0,1.683,41.25,32.71,2.354,10.794
2005-09-01,8.0949,43.94,1030.75,1.6771,41.05,32.71,2.3645,10.728
2005-09-02,8.0935,43.87,1024.75,1.6747,41.09,32.52,2.3405,10.68
2005-09-05,8.092,,,,,,,
2005-09-06,8.0913,43.82,1024.4,1.6758,41.12,32.54,2.3281,10.6906
2005-09-07,8.0925,43.79,1026.4,1.6781,41.02,32.6,2.3285,10.718
2005-09-08,8.0945,43.78,1026.8,1.6778,40.96,32.74,2.3153,10.711
2005-09-09,8.0956,43.76,1024.3,1.6738,40.95,32.7,2.3209,10.705
2005-09-12,8.0924,43.75,1026.0,1.6771,40.88,32.68,2.3193,10.6985
2005-09-13,8.094,43.82,1025.65,1.6827,40.93,32.74,2.3288,10.76
2005-09-14,8.0912,43.83,1025.41,1.6787,40.9,32.77,2.3345,10.837
2005-09-15,8.089,43.82,1025.05,1.679,40.96,32.83,2.301,10.7955
2005-09-16,8.0871,43.81,1029.8,1.682,41.04,32.93,2.292,10.8155
2005-09-19,8.0908,43.82,1027.3,1.6828,41.11,33.1,2.2875,10.8575
2005-09-20,8.089,43.82,1030.25,1.6815,41.04,33.04,2.2963,10.8275
2005-09-21,8.0911,43.85,1027.7,1.6794,41.0,33.07,2.2823,10.78
2005-09-22,8.0881,43.8,1027.7,1.681,41.04,33.14,2.287,10.847
2005-09-23,8.091,43.8,1035.25,1.6846,41.07,33.17,2.2725,10.8402
2005-09-26,8.0929,43.86,1033.2,1.6893,41.22,33.27,2.2628,10.882
2005-09-27,8.092,43.96,1035.0,1.6935,41.25,33.24,2.2555,10.888
2005-09-28,8.0939,43.98,1039.2,1.693,41.15,33.24,2.2417,10.841
2005-09-29,8.093,43.95,1039.4,1.6908,41.04,33.21,2.2215,10.8091
2005-09-30,8.092,43.94,1042.4,1.6899,41.03,33.18,2.2125,10.791
2005-10-03,8.092,44.0,1043.4,1.6952,41.17,33.19,2.235,10.763
2005-10-04,8.092,44.1,1042.75,1.6942,41.07,33.29,2.244,10.687
2005-10-05,8.092,44.21,1039.7,1.6915,41.03,33.19,2.263,10.711
2005-10-06,8.092,44.18,1039.2,1.6825,40.98,33.21,2.2755,10.7705
2005-10-07,8.092,44.3,1037.3,1.6842,40.85,33.19,2.253,10.79
2005-10-11,8.0879,44.78,1040.75,1.6902,40.94,33.22,2.235,10.8045
2005-10-12,8.0895,44.74,1042.25,1.691,40.92,33.33,2.2315,10.8825
2005-10-13,8.0885,44.88,1049.0,1.6945,40.94,33.43,2.2625,10.938
2005-10-14,8.0896,44.76,1042.2,1.6881,40.8,33.41,2.2475,10.9155
2005-10-17,8.0877,44.81,1048.0,1.6918,40.85,33.45,2.2295,10.8465
2005-10-18,8.091,45.05,1053.0,1.6942,40.83,33.54,2.2405,10.834
2005-10-19,8.0924,45.1,1052.8,1.6946,40.94,33.64,2.2513,10.88
2005-10-20,8.0905,45.11,1053.8,1.6937,40.92,33.68,2.236,10.848
2005-10-21,8.0905,45.01,1059.8,1.6959,40.93,33.63,2.276,10.919
2005-10-24,8.0916,45.11,1055.9,1.6935,40.88,33.77,2.263,10.8605
2005-10-25,8.0901,44.96,1047.4,1.6887,40.81,33.74,2.2582,10.844
2005-10-26,8.0867,45.01,1045.0,1.6927,40.82,33.66,2.2686,10.8885
2005-10-27,8.0862,44.94,1039.4,1.6865,40.73,33.63,2.2868,10.906
2005-10-28,8.084,45.01,1042.4,1.6924,40.72,33.6,2.2665,10.83
2005-10-31,8.0845,45.09,1043.5,1.6955,40.77,33.55,2.2478,10.789
2005-11-01,8.086,45.02,1042.4,1.6951,40.81,33.58,2.2515,10.77
2005-11-02,8.0851,45.18,1039.0,1.6943,40.82,33.58,2.241,10.743
2005-11-03,8.0841,45.23,1045.0,1.6968,40.83,33.58,2.22,10.722
2005-11-04,8.0856,45.43,1049.0,1.7,40.99,33.61,2.222,10.7465
2005-11-07,8.0877,45.78,1048.15,1.6996,40.97,33.68,2.1979,10.706
2005-11-08,8.0867,45.72,1046.65,1.7012,41.13,33.71,2.2025,10.7415
2005-11-09,8.0857,45.73,1046.4,1.702,41.15,33.64,2.1698,10.71
2005-11-10,8.0847,45.69,1046.4,1.7024,41.15,33.56,2.1714,10.723
2005-11-14,8.0856,45.62,1037.0,1.7058,41.12,33.39,2.2025,10.6865
2005-11-15,8.0845,45.61,1034.9,1.702,41.15,33.51,2.204,10.65
2005-11-16,8.0835,45.73,1037.0,1.7026,41.13,33.62,2.198,10.6445
2005-11-17,8.0845,45.67,1034.4,1.7002,41.14,33.63,2.184,10.6795
2005-11-18,8.0832,45.7,1035.9,1.6995,41.16,33.63,2.2259,10.6655
2005-11-21,8.0833,45.7,1038.1,1.699,41.21,33.61,2.213,10.6415
2005-11-22,8.0839,45.78,1045.2,1.6997,41.21,33.62,2.2545,10.658
2005-11-23,8.0816,45.71,1035.4,1.692,41.14,33.48,2.2335,10.6175
2005-11-25,8.0815,45.77,1041.4,1.6937,41.22,33.55,2.2304,10.6072
2005-11-28,8.0825,45.85,1039.4,1.6933,41.2,33.6,2.204,10.5715
2005-11-29,8.0796,45.84,1036.1,1.6927,41.21,33.51,2.1908,10.57
2005-11-30,8.0804,45.87,1037.4,1.6908,41.2,33.51,2.201,10.5765
2005-12-01,8.0798,45.97,1036.9,1.6906,41.27,33.56,2.209,10.508
2005-12-02,8.0806,46.11,1035.15,1.688,41.35,33.53,2.204,10.456
2005-12-05,8.0808,46.26,1036.4,1.6866,41.34,33.49,2.1945,10.485
2005-12-06,8.078,46.13,1034.05,1.6853,41.35,33.46,2.1695,10.4135
2005-12-07,8.0771,46.17,1035.4,1.686,41.28,33.48,2.187,10.4565
2005-12-08,8.078,46.18,1034.05,1.683,41.23,33.5,2.212,10.503
2005-12-09,8.0765,46.11,1033.6,1.682,41.24,33.5,2.242,10.64
2005-12-12,8.077,46.0,1033.4,1.68,41.21,33.55,2.259,10.6225
2005-12-13,8.0751,46.01,1025.0,1.6741,41.13,33.45,2.255,10.6325
2005-12-14,8.0726,45.63,1012.0,1.6691,40.99,33.318,2.2848,10.7455
2005-12-15,8.074,45.28,1014.95,1.6679,40.9,33.18,2.2965,10.727
2005-12-16,8.0735,45.19,1015.9,1.6665,40.91,33.12,2.3365,10.765
2005-12-19,8.073,44.94,1014.8,1.6621,40.91,33.18,2.3755,10.7165
2005-12-20,8.074,45.14,1016.5,1.6654,40.92,33.25,2.3523,10.687
2005-12-21,8.0765,45.17,1018.1,1.6676,40.92,33.25,2.3085,10.642
2005-12-22,8.0775,45.14,1016.05,1.6693,40.92,33.21,2.323,10.6505
2005-12-23,8.0762,45.11,1013.5,1.6656,40.87,33.13,2.3115,10.6775
2005-12-27,8.0724,45.17,1012.2,1.667,40.93,33.09,2.364,10.7355
2005-12-28,8.0725,45.06,1013.05,1.6655,40.92,33.06,2.35,10.7725
2005-12-29,8.0709,45.11,1009.0,1.6646,41.01,32.9,2.3297,10.696
2005-12-30,8.0702,44.95,1010.0,1.6628,40.99,32.8,2.334,10.6275
2006-01-03,8.0702,44.92,1002.9,1.6521,40.76,32.59,2.332,10.643
2006-01-04,8.0702,44.73,998.1,1.645,40.43,32.29,2.302,10.5872
2006-01-05,8.0678,44.6,994.2,1.6466,40.26,31.96,2.281,10.591
2006-01-06,8.0663,44.32,989.2,1.6384,39.83,32.15,2.2875,10.562
2006-01-09,8.0665,44.2,977.4,1.6362,39.73,31.9,2.26,10.558
2006-01-10,8.061,44.14,981.8,1.6343,39.79,31.98,2.2564,10.6026
2006-01-11,8.0682,43.89,977.4,1.628,39.66,32.07,2.272,10.608
2006-01-12,8.0685,43.99,973.8,1.6261,39.42,31.83,2.2616,10.5655
2006-01-13,8.0698,44.1,987.3,1.6285,39.49,31.94,2.2652,10.574
2006-01-17,8.0676,44.23,989.0,1.6355,39.75,31.95,2.2945,10.547
2006-01-18,8.0685,44.29,991.9,1.6298,39.42,32.12,2.323,10.572
2006-01-19,8.0687,44.14,985.0,1.6296,39.24,32.13,2.331,10.553
2006-01-20,8.0596,44.1,986.6,1.627,39.15,32.1,2.278,10.522
2006-01-23,8.0645,44.1,981.4,1.6208,39.14,31.94,2.257,10.5215
2006-01-24,8.0625,44.19,975.5,1.6217,39.31,31.94,2.236,10.505
2006-01-25,8.063,44.08,968.5,1.6206,39.07,31.97,2.243,10.498
2006-01-26,8.062,44.0,968.8,1.624,38.93,31.96,2.2304,10.5025
2006-01-27,8.0608,44.0,970.5,1.625,39.0,31.94,2.2045,10.4555
2006-01-30,8.0608,44.04,970.5,1.6296,39.1,31.97,2.2075,10.4369
2006-01-31,8.0608,43.96,958.9,1.6219,38.89,31.97,2.2094,10.44
2006-02-01,8.0616,44.13,962.0,1.6285,39.26,31.97,2.217,10.4315
2006-02-02,8.0616,44.16,971.95,1.6325,39.36,31.98,2.225,10.487
2006-02-03,8.0616,44.14,969.9,1.635,39.41,32.08,2.2184,10.491
2006-02-06,8.056,44.14,963.0,1.6278,39.41,32.08,2.1845,10.459
2006-02-07,8.0566,44.15,967.3,1.628,39.55,32.22,2.1901,10.4775
2006-02-08,8.0545,44.17,970.3,1.633,39.7,32.34,2.1952,10.5286
2006-02-09,8.0558,44.1,972.2,1.6285,39.57,32.41,2.17,10.475
2006-02-10,8.0516,44.1,967.6,1.6247,39.15,32.26,2.1632,10.508
2006-02-13,8.0472,44.17,976.3,1.6282,39.22,32.37,2.1519,10.5085
2006-02-14,8.0477,44.15,969.4,1.6276,39.32,32.29,2.1375,10.5125
2006-02-15,8.0481,44.15,973.5,1.6283,39.36,32.35,2.1295,10.5226
2006-02-16,8.0494,44.25,974.1,1.6353,39.28,32.4,2.116,10.513
2006-02-17,8.0493,44.33,972.3,1.6333,39.31,32.38,2.117,10.4525
2006-02-21,8.0485,44.36,968.4,1.6302,39.3,32.44,2.124,10.443
2006-02-22,8.0497,44.54,974.1,1.6312,39.52,32.65,2.143,10.4885
2006-02-23,8.0477,44.36,969.1,1.6247,39.21,32.51,2.1375,10.505
2006-02-24,8.0432,44.35,966.3,1.6235,39.36,32.48,2.1293,10.476
2006-02-27,8.042,44.41,968.4,1.6217,39.14,32.45,2.1485,10.466
2006-02-28,8.0415,44.21,970.9,1.6211,39.09,32.4,2.118,10.4542
2006-03-01,8.039,44.35,970.5,1.6186,38.85,32.28,2.12,10.462
2006-03-02,8.0394,44.18,968.7,1.6145,38.62,32.3,2.1141,10.525
2006-03-03,8.038,44.09,971.0,1.6206,38.86,32.35,2.122,10.5775
2006-03-06,8.0382,44.18,974.7,1.6282,38.76,32.43,2.119,10.609
2006-03-07,8.0425,44.24,976.3,1.6318,39.01,32.51,2.1667,10.697
2006-03-08,8.0476,44.36,981.95,1.631,39.14,32.52,2.1933,10.775
2006-03-09,8.048,44.3,981.8,1.6293,39.12,32.48,2.165,10.707
2006-03-10,8.0492,44.31,979.9,1.6278,39.1,32.47,2.1485,10.7031
2006-03-13,8.0505,44.38,980.4,1.6267,39.14,32.5,2.132,10.7185
2006-03-14,8.0473,44.37,976.7,1.6215,39.13,32.38,2.1231,10.686
2006-03-15,8.0374,44.11,974.5,1.6188,39.14,32.35,2.1256,10.67
2006-03-16,8.0385,44.29,974.8,1.6178,39.06,32.44,2.103,10.621
2006-03-17,8.0286,44.26,970.8,1.617,38.94,32.38,2.1207,10.7
2006-03-20,8.025,44.25,966.8,1.6143,38.7,32.38,2.1349,10.744
2006-03-21,8.0272,44.29,968.1,1.6196,38.84,32.46,2.1557,10.798
2006-03-22,8.0306,44.36,973.3,1.6158,38.92,32.51,2.1594,10.871
2006-03-23,8.0274,44.43,975.0,1.6188,39.06,32.57,2.154,10.8555
2006-03-24,8.0338,44.49,979.2,1.6195,39.06,32.62,2.152,10.858
2006-03-27,8.0245,44.58,975.4,1.6191,38.84,32.56,2.201,10.939
2006-03-28,8.0212,44.49,976.5,1.6194,38.91,32.6,2.2233,10.942
2006-03-29,8.028,44.53,974.9,1.621,38.91,32.55,2.2175,10.9475
2006-03-30,8.027,44.45,975.7,1.6177,38.83,32.49,2.191,10.9295
2006-03-31,8.0167,44.48,971.4,1.6157,38.84,32.42,2.172,10.898
2006-04-03,8.021,44.39,970.4,1.6156,38.81,32.54,2.143,10.856
2006-04-04,8.0194,44.58,962.8,1.6091,38.49,32.42,2.13,10.8665
2006-04-05,8.0116,44.42,957.1,1.6071,38.22,32.43,2.129,10.94
2006-04-06,8.0098,44.49,953.1,1.6074,38.23,32.28,2.1355,11.0785
2006-04-07,8.013,44.46,952.8,1.606,38.12,32.28,2.139,11.16
2006-04-10,8.004,44.66,953.4,1.6078,37.98,32.36,2.1483,11.0875
2006-04-11,8.0045,44.68,954.6,1.6151,38.0,32.4,2.1485,11.072
2006-04-12,8.0115,45.09,960.2,1.6121,38.06,32.52,2.1385,11.053
2006-04-13,8.0248,45.05,961.2,1.608,38.06,32.45,2.138,11.1001
2006-04-14,8.0175,45.02,957.9,1.608,38.05,32.48,2.139,11.095
2006-04-17,8.0158,44.97,955.4,1.6016,37.95,32.42,2.1339,11.083
2006-04-18,8.014,45.08,953.4,1.6008,37.85,32.44,2.128,10.9875
2006-04-19,8.0128,45.01,945.2,1.5974,37.78,32.36,2.12,10.998
2006-04-20,8.011,45.06,948.1,1.598,37.8,32.3,2.1235,11.027
2006-04-21,8.0165,45.05,948.0,1.596,37.81,32.3,2.1199,11.0715
2006-04-24,8.0163,44.86,939.6,1.5865,37.53,31.98,2.1154,11.069
2006-04-25,8.01,44.88,944.9,1.5885,37.6,31.94,2.1195,11.085
2006-04-26,8.0163,45.04,946.4,1.5869,37.69,32.05,2.119,11.1595
2006-04-27,8.0205,44.84,944.6,1.5835,37.5,31.91,2.104,11.099
2006-04-28,8.0165,44.86,942.8,1.5809,37.51,31.9,2.09,11.089
2006-05-01,8.0165,44.77,942.7,1.5787,37.4,31.9,2.0785,11.0525
2006-05-02,8.0165,44.82,939.6,1.578,37.55,31.72,2.068,11.012
2006-05-03,8.01,44.81,934.0,1.572,37.69,31.57,2.0685,10.964
2006-05-04,8.0114,44.81,939.4,1.5764,37.71,31.63,2.0635,10.971
2006-05-05,8.0114,44.85,939.3,1.571,37.62,31.6,2.0549,10.9485
2006-05-08,8.007,44.82,927.4,1.5674,37.51,31.32,2.0605,10.946
2006-05-09,8.0042,44.84,931.6,1.5673,37.58,31.49,2.06,10.933
2006-05-10,8.0032,44.84,928.8,1.5632,37.59,31.28,2.0555,10.841
2006-05-11,8.0038,44.88,935.2,1.563,37.63,31.45,2.0925,10.865
2006-05-12,8.0056,44.89,932.77,1.5686,37.9,31.35,2.134,11.0525
2006-05-15,8.003,45.37,943.2,1.5825,38.24,31.59,2.168,11.1465
2006-05-16,8.0005,45.05,944.8,1.5772,38.02,31.75,2.1446,11.054
2006-05-17,8.002,44.69,936.8,1.5753,38.07,31.53,2.187,11.1525
2006-05-18,8.0095,45.26,946.5,1.5783,38.1,31.84,2.2045,11.224
2006-05-19,8.0175,45.35,946.0,1.5818,38.18,31.89,2.2,11.186
2006-05-22,8.0255,45.42,951.5,1.584,38.44,32.13,2.2973,11.284
2006-05-23,8.0235,45.38,944.6,1.577,38.2,31.98,2.2535,11.183
2006-05-24,8.0175,45.56,949.2,1.5898,38.54,32.0,2.358,11.305
2006-05-25,8.0235,45.74,948.7,1.577,38.3,32.09,2.3105,11.188
2006-05-26,8.0245,45.81,945.3,1.582,38.33,32.02,2.258,11.143
2006-05-30,8.03,46.13,945.3,1.5753,38.16,32.09,2.315,11.2575
2006-05-31,8.0215,46.22,945.3,1.5759,38.07,31.99,2.3007,11.288
2006-06-01,8.0184,46.19,946.9,1.5815,38.1,32.05,2.2697,11.282
2006-06-02,8.0225,45.67,947.9,1.5732,38.07,32.04,2.2855,11.346
2006-06-05,8.0057,45.7,942.7,1.574,38.13,32.03,2.251,11.285
2006-06-06,8.012,45.8,942.8,1.5824,38.24,32.02,2.2695,11.3675
2006-06-07,8.0171,45.89,948.0,1.5838,38.26,32.21,2.2585,11.325
2006-06-08,8.0084,45.91,953.1,1.5977,38.43,32.46,2.2865,11.4425
2006-06-09,8.011,45.81,954.2,1.5933,38.37,32.4,2.2645,11.383
2006-06-12,8.015,45.71,956.6,1.5945,38.42,32.54,2.2625,11.3825
2006-06-13,8.0034,45.81,961.4,1.5975,38.48,32.62,2.292,11.428
2006-06-14,7.9985,45.5,961.8,1.5937,38.37,32.53,2.2825,11.46
2006-06-15,7.999,45.83,959.3,1.5917,38.37,32.53,2.261,11.417
2006-06-16,7.9995,45.69,955.2,1.5934,38.4,32.42,2.251,11.4228
2006-06-19,8.0035,45.76,960.9,1.5975,38.49,32.54,2.232,11.456
2006-06-20,8.0009,45.8,956.5,1.5943,38.37,32.56,2.2416,11.456
2006-06-21,7.9969,45.8,955.6,1.5908,38.36,32.59,2.2415,11.423
2006-06-22,7.9963,45.99,955.0,1.5962,38.43,32.6,2.2335,11.435
2006-06-23,7.9997,46.01,955.8,1.5979,38.44,32.7,2.247,11.44
2006-06-26,7.9995,46.22,959.2,1.601,38.47,32.67,2.2277,11.412
2006-06-27,7.998,46.21,958.6,1.5956,38.44,32.65,2.23,11.418
2006-06-28,7.997,46.25,957.5,1.5986,38.45,32.62,2.2275,11.394
2006-06-29,7.9955,46.13,960.4,1.5955,38.44,32.56,2.2055,11.3925
2006-06-30,7.9943,45.87,948.5,1.583,38.14,32.33,2.164,11.2865
2006-07-03,7.9924,45.92,944.5,1.5849,38.0,32.24,2.1595,11.154
2006-07-05,7.9955,45.92,946.6,1.5857,38.19,32.32,2.191,11.18
2006-07-06,7.9945,45.99,949.2,1.5817,38.15,32.39,2.1815,11.122
2006-07-07,7.9936,45.84,947.6,1.5739,37.81,32.34,2.1683,11.0315
2006-07-10,7.9908,45.97,941.6,1.5744,37.81,32.31,2.1712,10.956
2006-07-11,7.9911,46.01,946.6,1.578,37.81,32.45,2.1835,10.994
2006-07-12,7.9892,46.09,948.5,1.5842,37.85,32.46,2.189,11.028
2006-07-13,7.9899,46.16,949.0,1.5835,37.87,32.54,2.2053,11.045
2006-07-14,7.9956,46.19,953.7,1.5891,38.02,32.63,2.213,11.029
2006-07-17,7.997,46.64,953.5,1.594,38.17,32.85,2.2117,10.9825
2006-07-18,8.0016,46.61,958.3,1.593,38.16,32.85,2.1963,10.9615
2006-07-19,8.0018,46.81,957.6,1.59,38.11,32.87,2.1853,10.908
2006-07-20,7.9918,46.75,951.7,1.5852,37.97,32.71,2.1847,10.866
2006-07-21,7.9897,46.64,949.7,1.5823,37.97,32.69,2.1909,10.9095
2006-07-24,7.9851,46.83,951.4,1.5871,37.99,32.85,2.1886,10.927
2006-07-25,7.9872,46.76,951.9,1.5872,38.01,32.78,2.2018,10.919
2006-07-26,7.9849,46.68,954.3,1.5822,37.96,32.84,2.2054,10.941
2006-07-27,7.974,46.52,952.0,1.5783,37.78,32.74,2.187,10.8952
2006-07-28,7.9792,46.53,953.6,1.5791,37.92,32.74,2.1776,10.895
2006-07-31,7.969,46.49,954.9,1.5792,37.83,32.74,2.1745,10.916
2006-08-01,7.973,46.51,955.7,1.581,37.9,32.82,2.1875,11.022
2006-08-02,7.972,46.61,962.0,1.5817,37.85,32.86,2.1769,10.9555
2006-08-03,7.9748,46.48,965.4,1.5785,37.88,32.86,2.1812,10.98
2006-08-04,7.9783,46.42,964.6,1.5726,37.74,32.87,2.172,10.891
2006-08-07,7.968,46.51,962.3,1.5725,37.71,32.81,2.1775,10.8805
2006-08-08,7.9712,46.47,963.4,1.5732,37.56,32.81,2.1849,10.911
2006-08-09,7.9745,46.4,959.3,1.5722,37.53,32.77,2.167,10.8315
2006-08-10,7.969,46.32,957.6,1.572,37.5,32.54,2.1655,10.895
2006-08-11,7.9725,46.5,961.4,1.5792,37.32,32.61,2.1615,10.816
2006-08-14,7.9928,46.52,965.6,1.5795,37.35,32.71,2.1555,10.8005
2006-08-15,8.0,46.47,965.5,1.5772,37.39,32.7,2.1458,10.8135
2006-08-16,7.9827,46.47,964.9,1.5728,37.37,32.7,2.129,10.7405
2006-08-17,7.9685,46.36,960.6,1.5727,37.54,32.59,2.1315,10.7505
2006-08-18,7.9736,46.38,958.3,1.5736,37.53,32.62,2.149,10.839
2006-08-21,7.9698,46.4,956.4,1.5712,37.46,32.65,2.1364,10.8055
2006-08-22,7.9663,46.44,956.1,1.574,37.61,32.72,2.1303,10.8
2006-08-23,7.9698,46.45,955.4,1.5728,37.59,32.74,2.1346,10.848
2006-08-24,7.9694,46.42,958.9,1.5775,37.65,32.81,2.1633,10.922
2006-08-25,7.969,46.41,961.8,1.5802,37.67,32.85,2.1593,10.964
2006-08-28,7.9706,46.47,963.7,1.5783,37.65,32.91,2.1468,10.932
2006-08-29,7.9615,46.45,960.8,1.5755,37.56,32.82,2.1431,10.903
2006-08-30,7.959,46.37,961.1,1.574,37.58,32.87,2.1325,10.8765
2006-08-31,7.9538,46.43,961.1,1.573,37.56,32.86,2.141,10.912
2006-09-01,7.9533,46.38,960.3,1.5721,37.48,32.85,2.1397,10.894
2006-09-05,7.9495,46.19,956.5,1.5676,37.35,32.71,2.125,10.836
2006-09-06,7.947,46.13,957.0,1.5704,37.35,32.8,2.1452,10.9355
2006-09-07,7.9409,46.14,956.1,1.5697,37.35,32.79,2.153,11.015
2006-09-08,7.9485,46.06,956.2,1.5722,37.44,32.89,2.1545,11.01
2006-09-11,7.9545,46.19,957.3,1.5764,37.49,32.92,2.1756,11.0651
2006-09-12,7.9464,46.27,959.2,1.5771,37.42,32.91,2.1696,11.032
2006-09-13,7.949,46.18,958.7,1.5756,37.35,32.88,2.163,11.001
2006-09-14,7.9462,46.12,957.4,1.5782,37.3,32.91,2.155,10.9846
2006-09-15,7.9429,45.95,956.2,1.5839,37.24,32.93,2.1535,10.9455
2006-09-18,7.9465,46.09,956.2,1.5878,37.27,32.91,2.1405,10.9275
2006-09-19,7.9357,46.08,951.8,1.59,37.42,32.89,2.156,10.9385
2006-09-20,7.9264,45.83,950.7,1.5846,37.78,32.9,2.1729,10.94
2006-09-21,7.9248,45.74,944.1,1.5807,37.42,32.92,2.1805,10.9905
2006-09-22,7.9195,45.77,946.7,1.5843,37.33,32.93,2.2126,11.0705
2006-09-25,7.9212,45.83,943.7,1.586,37.46,32.94,2.2308,11.103
2006-09-26,7.9135,45.77,943.7,1.589,37.49,32.94,2.205,11.045
2006-09-27,7.9019,45.76,943.4,1.5877,37.53,32.96,2.1851,11.0135
2006-09-28,7.8965,45.78,944.6,1.5867,37.51,32.99,2.174,11.0505
2006-09-29,7.904,45.95,946.0,1.5859,37.56,33.1,2.1664,10.9775
2006-10-02,7.904,45.97,947.6,1.5841,37.59,33.13,2.157,10.971
2006-10-03,7.904,45.68,947.6,1.5818,37.55,33.05,2.1713,11.0435
2006-10-04,7.904,45.65,948.9,1.5845,37.58,33.12,2.167,11.056
2006-10-05,7.904,45.57,948.9,1.5841,37.57,33.09,2.1656,11.0166
2006-10-06,7.904,45.42,948.9,1.5893,37.51,33.09,2.166,11.0576
2006-10-10,7.91,45.67,959.2,1.5904,37.46,33.09,2.1451,11.059
2006-10-11,7.9168,45.55,957.9,1.5876,37.42,33.29,2.15,11.012
2006-10-12,7.9143,45.52,957.6,1.5836,37.48,33.23,2.149,10.94
2006-10-13,7.9,45.31,953.9,1.5876,37.44,33.12,2.141,10.875
2006-10-16,7.912,45.35,955.2,1.5843,37.4,33.23,2.132,10.833
2006-10-17,7.9081,45.19,954.2,1.5775,37.33,33.15,2.136,10.8685
2006-10-18,7.9066,45.28,955.2,1.5761,37.37,33.18,2.131,10.8238
2006-10-19,7.9102,45.22,957.1,1.5739,37.28,33.19,2.1355,10.7985
2006-10-20,7.9028,45.18,957.1,1.5742,37.28,33.2,2.1425,10.8205
2006-10-23,7.8981,45.3,959.3,1.5766,37.26,33.27,2.1375,10.8495
2006-10-24,7.9023,45.18,958.2,1.5743,37.2,33.31,2.1435,10.8175
2006-10-25,7.901,45.36,955.5,1.5716,37.07,33.31,2.1463,10.783
2006-10-26,7.8949,45.19,949.5,1.5675,36.98,33.26,2.134,10.733
2006-10-27,7.8886,45.07,947.2,1.5597,36.7,33.28,2.135,10.7065
2006-10-30,7.8728,44.9,944.3,1.5612,36.73,33.22,2.1405,10.762
2006-10-31,7.8785,44.9,942.2,1.5575,36.71,33.26,2.135,10.767
2006-11-01,7.8714,44.79,939.1,1.5602,36.66,33.16,2.1388,10.7505
2006-11-02,7.872,44.82,938.7,1.5612,36.67,33.02,2.1425,10.8355
2006-11-03,7.8715,44.76,937.0,1.5618,36.71,32.91,2.1432,10.802
2006-11-06,7.875,44.8,942.1,1.5662,36.7,32.95,2.1337,10.825
2006-11-07,7.872,44.62,938.2,1.5592,36.64,32.78,2.135,10.811
2006-11-08,7.8651,44.59,934.7,1.5603,36.68,32.85,2.1428,10.866
2006-11-09,7.8645,44.46,936.2,1.5593,36.64,32.89,2.141,10.8628
2006-11-10,7.8635,44.55,933.7,1.5553,36.58,32.77,2.149,10.912
2006-11-13,7.8642,44.83,934.7,1.5588,36.52,32.77,2.1635,10.924
2006-11-14,7.864,45.05,936.7,1.5571,36.4,32.77,2.1555,10.8655
2006-11-15,7.8677,45.26,941.1,1.5596,36.51,32.81,2.1475,10.86
2006-11-16,7.8713,44.82,937.2,1.5575,36.51,32.82,2.149,10.8505
2006-11-17,7.8717,44.75,938.5,1.5573,36.57,32.92,2.164,10.967
2006-11-20,7.8694,44.89,935.2,1.5567,36.6,32.92,2.158,10.959
2006-11-21,7.8683,44.77,935.0,1.5583,36.57,32.84,2.164,10.9973
2006-11-22,7.8731,44.62,933.6,1.5526,36.55,32.81,2.162,10.9705
2006-11-24,7.8515,44.59,931.8,1.5502,36.5,32.77,2.1659,11.0225
2006-11-27,7.8426,44.56,930.3,1.5494,36.41,32.7,2.1805,11.0536
2006-11-28,7.844,44.58,930.5,1.5498,36.25,32.67,2.185,11.0331
2006-11-29,7.8303,44.54,930.4,1.5446,35.99,32.49,2.1775,11.011
2006-11-30,7.834,44.59,929.0,1.5373,35.86,32.35,2.1665,11.0
2006-12-01,7.835,44.5,928.3,1.5397,35.8,32.34,2.161,10.986
2006-12-04,7.8274,44.49,927.1,1.54,35.75,32.39,2.1675,10.9631
2006-12-05,7.8217,44.42,924.1,1.539,35.54,32.29,2.155,10.8885
2006-12-06,7.8224,44.6,915.7,1.5383,35.65,32.29,2.1474,10.861
2006-12-07,7.8226,44.52,913.7,1.5376,35.55,32.27,2.141,10.8675
2006-12-08,7.8235,44.53,919.8,1.5442,35.55,32.39,2.1382,10.8525
2006-12-11,7.834,44.69,925.4,1.5436,35.56,32.49,2.136,10.8365
2006-12-12,7.8283,44.7,922.3,1.5428,35.27,32.48,2.149,10.8451
2006-12-13,7.8265,44.68,922.1,1.5392,35.23,32.56,2.1427,10.826
2006-12-14,7.8229,44.56,920.5,1.5394,35.19,32.53,2.141,10.792
2006-12-15,7.8265,44.54,922.8,1.5414,35.19,32.58,2.145,10.7675
2006-12-18,7.8192,44.63,926.9,1.5456,35.81,32.6,2.146,10.8175
2006-12-19,7.8243,44.61,931.6,1.5411,35.92,32.74,2.1575,10.847
2006-12-20,7.8158,44.55,925.7,1.5388,36.1,32.61,2.1565,10.8133
2006-12-21,7.816,44.51,927.2,1.5428,36.5,32.55,2.158,10.842
2006-12-22,7.8153,44.37,928.3,1.5416,36.31,32.55,2.15,10.858
2006-12-26,7.8199,44.32,929.6,1.5403,35.87,32.65,2.143,10.8725
2006-12-27,7.8215,44.2,929.1,1.5377,35.77,32.68,2.1472,10.882
2006-12-28,7.8116,44.14,929.4,1.5344,35.22,32.65,2.136,10.874
2006-12-29,7.8041,44.11,930.0,1.5338,36.1,32.59,2.1342,10.7995
2007-01-02,7.8051,44.13,925.4,1.5316,35.5,32.38,2.134,10.779
2007-01-03,7.8051,44.24,926.0,1.534,35.45,32.4,2.139,10.765
2007-01-04,7.809,44.16,931.3,1.5383,35.7,32.53,2.142,10.8675
2007-01-05,7.8047,44.2,934.1,1.5377,35.7,32.61,2.1505,10.959
2007-01-08,7.8127,44.32,937.9,1.5362,35.5,32.67,2.15,10.9735
2007-01-09,7.8055,44.27,938.3,1.5361,35.89,32.69,2.152,11.0245
2007-01-10,7.8075,44.44,937.7,1.5382,35.96,32.75,2.1516,11.02
2007-01-11,7.7945,44.49,938.6,1.5426,35.86,32.83,2.145,10.959
2007-01-12,7.7984,44.43,939.6,1.5428,35.88,32.74,2.141,10.979
2007-01-16,7.79,44.2,938.1,1.5393,35.79,32.77,2.1426,10.9921
2007-01-17,7.7752,44.09,936.7,1.5373,35.65,32.78,2.1317,10.9175
2007-01-18,7.7705,44.15,936.4,1.538,35.2,32.79,2.13,10.9226
2007-01-19,7.7752,44.15,936.2,1.5375,35.17,32.81,2.128,10.886
2007-01-22,7.7759,44.11,940.5,1.5377,35.03,32.95,2.132,10.9085
2007-01-23,7.7756,44.14,940.0,1.5343,35.0,32.95,2.134,10.961
2007-01-24,7.7705,44.15,935.5,1.5353,35.19,32.82,2.128,10.9487
2007-01-25,7.7705,44.15,935.9,1.5347,34.07,32.85,2.13,10.9875
2007-01-26,7.7748,44.08,940.5,1.5385,33.4,32.93,2.135,11.043
2007-01-29,7.773,44.13,940.1,1.5392,34.0,32.99,2.137,11.092
2007-01-30,7.775,44.23,942.2,1.5375,34.25,32.97,2.133,11.0505
2007-01-31,7.7714,44.07,941.0,1.5362,34.78,32.95,2.1225,11.0381
2007-02-01,7.7575,44.01,937.0,1.5342,35.13,32.86,2.1052,10.984
2007-02-02,7.7555,44.0,937.0,1.5358,34.92,32.91,2.096,11.0025
2007-02-05,7.7602,44.03,935.5,1.5337,34.48,32.92,2.0925,10.9275
2007-02-06,7.7565,44.03,932.5,1.533,34.08,32.92,2.0852,10.922
2007-02-07,7.7474,44.01,933.2,1.5315,34.18,33.01,2.085,10.94
2007-02-08,7.7484,43.98,934.5,1.5322,34.22,33.03,2.097,10.967
2007-02-09,7.7476,43.93,934.3,1.5335,33.6,32.96,2.0993,10.9555
2007-02-12,7.757,44.0,937.4,1.5409,33.6,33.02,2.1135,11.012
2007-02-13,7.7632,44.02,939.4,1.5424,33.4,33.08,2.108,10.99
2007-02-14,7.7565,44.0,938.2,1.5368,33.36,32.98,2.098,10.917
2007-02-15,7.7545,43.91,934.2,1.5349,33.33,32.9,2.087,10.952
2007-02-16,7.7426,43.87,936.0,1.5315,33.21,32.94,2.0898,10.9924
2007-02-20,7.7466,44.12,938.2,1.5342,33.63,32.98,2.081,10.9735
2007-02-21,7.7426,44.0,938.2,1.5332,33.7,32.98,2.0791,10.9895
2007-02-22,7.7436,44.05,938.7,1.5335,33.82,32.98,2.074,10.9765
2007-02-23,7.7416,44.08,937.5,1.5306,33.52,33.07,2.087,11.0285
2007-02-26,7.75,44.04,938.5,1.5275,33.77,32.96,2.0828,11.0715
2007-02-27,7.7416,44.21,938.5,1.5258,34.13,32.92,2.1045,11.1475
2007-02-28,7.741,44.08,942.3,1.5281,33.8,32.98,2.12,11.1575
2007-03-01,7.7435,44.11,941.4,1.5267,33.68,32.88,2.123,11.1846
2007-03-02,7.7445,44.1,947.4,1.5265,33.56,32.84,2.121,11.1765
2007-03-05,7.7415,44.43,949.1,1.5312,33.13,32.92,2.1385,11.174
2007-03-06,7.7453,44.18,947.6,1.5286,32.65,32.96,2.1235,11.1403
2007-03-07,7.743,44.18,947.1,1.526,32.7,32.92,2.114,11.155
2007-03-08,7.74,44.19,945.6,1.5277,33.05,32.97,2.1034,11.1451
2007-03-09,7.7445,44.07,945.1,1.526,32.71,32.96,2.0955,11.117
2007-03-12,7.7454,44.11,943.8,1.5268,32.82,32.98,2.0915,11.157
2007-03-13,7.741,44.08,944.3,1.5288,32.91,32.96,2.0885,11.1615
2007-03-14,7.737,44.25,946.2,1.5338,32.85,33.03,2.106,11.18
2007-03-15,7.743,44.19,944.1,1.5326,32.9,33.04,2.09,11.142
2007-03-16,7.728,44.08,944.6,1.5254,32.8,33.1,2.09,11.158
2007-03-19,7.7355,44.04,943.6,1.5251,32.95,33.11,2.079,11.149
2007-03-20,7.732,43.53,941.3,1.5259,32.75,33.13,2.0753,11.1075
2007-03-21,7.735,43.28,937.7,1.523,31.9,33.11,2.072,11.0795
2007-03-22,7.7286,43.52,937.9,1.5176,31.8,32.99,2.0555,11.014
2007-03-23,7.729,43.56,937.2,1.5177,32.1,33.04,2.067,11.013
2007-03-26,7.7396,43.2,937.65,1.5151,32.45,33.06,2.061,11.0255
2007-03-27,7.7334,43.03,940.7,1.5156,31.92,33.06,2.0612,11.0495
2007-03-28,7.7318,42.78,939.6,1.5174,31.95,33.06,2.074,11.0875
2007-03-29,7.728,43.45,940.4,1.5174,32.3,33.08,2.054,11.058
2007-03-30,7.7232,43.1,941.1,1.5173,32.25,33.01,2.058,11.0427
2007-04-02,7.7296,43.05,937.0,1.5208,32.45,33.06,2.0465,11.0305
2007-04-03,7.7267,43.04,936.4,1.5184,32.45,33.12,2.037,10.9785
2007-04-04,7.7345,42.84,936.1,1.5145,32.17,33.05,2.0308,10.9965
2007-04-05,7.725,42.76,932.1,1.5127,32.2,33.06,2.0304,10.99
2007-04-06,7.7248,42.74,931.6,1.5134,32.43,33.14,2.0306,10.97
2007-04-09,7.729,42.65,932.6,1.5133,32.4,33.06,2.0215,10.971
2007-04-10,7.7304,42.65,933.6,1.5163,32.6,33.11,2.031,11.0161
2007-04-11,7.7317,42.69,932.2,1.5175,32.19,33.12,2.0305,10.988
2007-04-12,7.724,42.65,931.6,1.5182,32.33,33.1,2.0367,11.0125
2007-04-13,7.7222,42.42,929.0,1.5163,32.4,33.13,2.0192,10.9915
2007-04-16,7.7283,41.75,931.4,1.514,32.55,33.15,2.0316,10.9865
2007-04-17,7.7288,41.98,928.6,1.513,32.4,33.13,2.0317,10.987
2007-04-18,7.7208,42.0,927.9,1.5119,32.3,33.16,2.038,10.9905
2007-04-19,7.7125,42.08,928.5,1.5124,32.49,33.11,2.031,11.0005
2007-04-20,7.715,41.7,927.4,1.5109,32.35,33.15,2.024,10.9864
2007-04-23,7.728,41.65,926.1,1.5122,32.4,33.17,2.0231,10.9685
2007-04-24,7.7345,40.75,927.25,1.5142,32.58,33.17,2.0359,11.003
2007-04-25,7.7203,40.58,926.6,1.511,32.2,33.18,2.0221,10.9385
2007-04-26,7.73,40.56,928.55,1.5156,32.35,33.28,2.021,10.926
2007-04-27,7.7139,40.79,929.0,1.5182,32.8,33.27,2.0305,10.924
2007-04-30,7.709,41.04,931.0,1.5197,32.8,33.33,2.0308,10.9295
2007-05-01,7.7065,41.0,930.7,1.521,32.95,33.35,2.033,10.9308
2007-05-02,7.7039,41.04,929.8,1.526,32.65,33.34,2.0243,10.9285
2007-05-03,7.705,40.82,926.7,1.5233,32.82,33.3,2.022,10.8966
2007-05-04,7.7035,40.58,927.3,1.5154,32.55,33.27,2.0283,10.8825
2007-05-07,7.7039,40.53,922.3,1.5138,32.51,33.21,2.0235,10.8504
2007-05-08,7.6951,40.64,922.7,1.516,32.65,33.26,2.0245,10.8475
2007-05-09,7.6941,40.67,923.2,1.5157,32.65,33.28,2.022,10.8231
2007-05-10,7.6936,41.04,925.65,1.5179,32.53,33.33,2.0167,10.8175
2007-05-11,7.6835,40.74,926.1,1.5171,32.75,33.28,2.0173,10.8125
2007-05-14,7.6719,40.59,923.15,1.5158,33.35,33.32,2.0103,10.7981
2007-05-15,7.6938,40.64,924.2,1.5149,33.08,33.33,1.9888,10.7975
2007-05-16,7.683,40.58,923.6,1.5223,33.4,33.34,1.9636,10.7951
2007-05-17,7.673,40.59,927.8,1.5266,33.16,33.37,1.9541,10.8
2007-05-18,7.6636,40.36,934.0,1.5257,32.87,33.35,1.9631,10.8222
2007-05-21,7.6656,40.48,929.9,1.5275,32.9,33.38,1.9426,10.794
2007-05-22,7.656,40.14,931.7,1.5331,32.8,33.39,1.9376,10.7641
2007-05-23,7.649,40.28,931.2,1.5289,32.68,33.41,1.9415,10.7705
2007-05-24,7.6525,40.43,932.7,1.5288,32.73,33.29,1.965,10.8332
2007-05-25,7.6527,40.28,928.0,1.5286,32.55,33.23,1.9456,10.775
2007-05-29,7.6514,40.19,927.5,1.5279,32.78,33.02,1.942,10.7965
2007-05-30,7.6463,40.53,930.8,1.5307,32.6,32.97,1.9498,10.8125
2007-05-31,7.6516,40.36,927.4,1.5307,33.03,33.09,1.9225,10.738
2007-06-01,7.6483,40.27,928.1,1.5312,32.9,33.0,1.901,10.7116
2007-06-04,7.6503,40.5,927.3,1.53,32.81,33.0,1.9182,10.7465
2007-06-05,7.6397,40.28,926.5,1.53,32.75,32.99,1.9401,10.795
2007-06-06,7.6377,40.41,926.8,1.5332,32.71,33.01,1.968,10.8575
2007-06-07,7.6525,40.51,926.5,1.536,32.59,33.03,1.9673,10.8985
2007-06-08,7.6666,40.82,932.3,1.5415,32.6,32.98,1.9666,10.9785
2007-06-11,7.668,40.55,931.7,1.5415,32.38,33.02,1.943,10.9146
2007-06-12,7.6456,40.48,930.2,1.5411,32.4,33.02,1.939,10.9243
2007-06-13,7.637,40.7,931.5,1.5439,32.45,33.05,1.9467,10.958
2007-06-14,7.642,40.66,929.7,1.5423,32.4,33.17,1.931,10.9085
2007-06-15,7.6245,40.52,927.6,1.539,32.5,33.18,1.9098,10.8095
2007-06-18,7.6193,40.5,928.4,1.5371,32.43,33.17,1.9029,10.7665
2007-06-19,7.6175,40.58,927.6,1.5378,32.15,33.15,1.9017,10.7404
2007-06-20,7.618,40.59,927.6,1.5359,32.21,33.05,1.9175,10.7785
2007-06-21,7.6208,40.59,926.6,1.5356,32.2,32.93,1.919,10.8175
2007-06-22,7.622,40.55,927.9,1.5385,32.18,32.75,1.923,10.795
2007-06-25,7.6187,40.73,926.2,1.5365,32.15,32.74,1.9362,10.8151
2007-06-26,7.6178,40.9,926.1,1.5376,31.98,32.77,1.943,10.835
2007-06-27,7.621,40.88,927.4,1.538,31.55,32.8,1.95,10.8671
2007-06-28,7.6198,40.8,926.6,1.5333,31.65,32.82,1.9239,10.7855
2007-06-29,7.612,40.58,922.6,1.53,31.68,32.83,1.9301,10.7901
2007-07-02,7.6055,40.42,921.3,1.523,31.65,32.77,1.916,10.771
2007-07-03,7.5948,40.41,917.7,1.5228,31.7,32.79,1.9142,10.7681
2007-07-05,7.6,40.34,921.7,1.5211,31.06,32.79,1.9134,10.793
2007-07-06,7.6,40.36,919.4,1.5195,31.28,32.84,1.9015,10.7805
2007-07-09,7.6055,40.37,920.9,1.5203,31.6,32.79,1.898,10.7562
2007-07-10,7.5855,40.3,919.6,1.5163,31.26,32.78,1.891,10.78
2007-07-11,7.566,40.31,919.1,1.5152,30.52,32.78,1.889,10.825
2007-07-12,7.569,40.28,918.4,1.5155,30.9,32.79,1.8758,10.7805
2007-07-13,7.571,40.26,916.4,1.5157,30.42,32.8,1.8713,10.7651
2007-07-16,7.566,40.22,917.9,1.5169,29.85,32.84,1.8694,10.7706
2007-07-17,7.5651,40.23,917.9,1.5179,30.05,32.83,1.8639,10.76
2007-07-18,7.5655,40.23,916.2,1.5167,30.19,32.83,1.8573,10.751
2007-07-19,7.558,40.26,915.7,1.5123,30.06,32.82,1.8538,10.7276
2007-07-20,7.5727,40.18,914.7,1.5115,29.7,32.79,1.8619,10.7966
2007-07-23,7.5652,40.12,914.9,1.5076,29.28,32.78,1.8413,10.7574
2007-07-24,7.566,40.15,913.8,1.5046,29.5,32.79,1.849,10.7895
2007-07-25,7.5596,40.24,913.6,1.5108,30.08,32.8,1.8705,10.868
2007-07-26,7.568,40.24,917.9,1.5146,29.5,32.83,1.8953,10.9445
2007-07-27,7.564,40.38,921.4,1.5153,29.75,32.88,1.917,11.011
2007-07-30,7.57,40.27,923.0,1.5133,29.8,32.8,1.8865,10.979
2007-07-31,7.572,40.18,919.0,1.5157,29.97,32.88,1.869,10.9311
2007-08-01,7.567,40.25,924.9,1.52,29.82,32.9,1.881,10.9605
2007-08-02,7.5733,40.36,922.6,1.5174,29.8,32.86,1.8692,10.933
2007-08-03,7.567,40.25,922.5,1.5157,29.93,32.91,1.8781,10.9645
2007-08-06,7.5608,40.25,923.1,1.515,30.03,32.9,1.8985,10.978
2007-08-07,7.57,40.26,922.6,1.5161,30.23,32.91,1.907,10.9625
2007-08-08,7.5748,40.29,923.8,1.5105,30.77,32.94,1.8851,10.9265
2007-08-09,7.5663,40.4,922.7,1.5167,31.1,32.92,1.9144,10.977
2007-08-10,7.5698,40.45,931.5,1.5235,31.48,32.94,1.9423,10.9988
2007-08-13,7.5835,40.4,929.1,1.5194,31.28,32.95,1.938,10.9865
2007-08-14,7.578,40.8,932.2,1.5228,31.74,32.99,1.9752,11.045
2007-08-15,7.585,40.55,932.0,1.5321,32.4,33.01,1.9963,11.122
2007-08-16,7.6181,41.15,945.9,1.5349,33.0,33.08,2.105,11.2692
2007-08-17,7.596,41.04,950.2,1.5304,33.17,32.84,2.032,11.132
2007-08-20,7.585,40.91,942.6,1.5269,32.75,32.89,2.037,11.123
2007-08-21,7.594,41.01,943.2,1.532,32.85,33.04,2.0286,11.1185
2007-08-22,7.5937,40.77,943.8,1.526,32.43,32.99,2.0131,11.063
2007-08-23,7.5867,41.0,941.4,1.5251,32.48,32.97,1.9992,11.0755
2007-08-24,7.567,40.9,941.45,1.521,32.95,32.98,1.9745,11.031
2007-08-27,7.5604,40.88,938.3,1.5191,32.85,32.99,1.955,11.0405
2007-08-28,7.5535,41.1,939.4,1.5257,32.6,33.02,1.9876,11.099
2007-08-29,7.549,40.95,941.7,1.522,32.7,33.01,1.9741,11.085
2007-08-30,7.542,41.02,940.1,1.523,32.45,33.06,1.9665,11.0845
2007-08-31,7.5462,40.63,938.1,1.5242,32.5,33.02,1.9672,11.032
2007-09-03,7.5462,40.63,938.1,1.5242,32.5,,1.9672,11.032
2007-09-04,7.551,40.76,938.8,1.526,32.5,33.03,1.9465,11.0286
2007-09-05,7.554,40.81,937.8,1.5267,32.45,33.05,1.9678,11.0866
2007-09-06,7.533,40.6,938.7,1.5228,32.5,33.05,1.949,11.055
2007-09-07,7.537,40.4,937.7,1.5231,32.45,33.04,1.9595,11.1255
2007-09-10,7.5235,40.48,939.9,1.5245,32.46,33.06,1.96,11.1475
2007-09-11,7.522,40.36,936.5,1.5197,32.15,33.08,1.9305,11.1076
2007-09-12,7.521,40.34,931.6,1.5138,32.1,33.06,1.9095,11.0675
2007-09-13,7.511,40.25,927.4,1.509,32.05,33.08,1.8979,11.0731
2007-09-14,7.517,40.4,927.9,1.5115,31.9,33.08,1.8945,11.1095
2007-09-17,7.519,40.52,929.4,1.5145,32.15,33.08,1.9129,11.1482
2007-09-18,7.522,40.45,929.8,1.5165,31.88,33.1,1.9005,11.0925
2007-09-19,7.5135,39.81,924.8,1.5062,32.0,33.08,1.87,10.988
2007-09-20,7.5055,39.87,918.7,1.501,31.85,33.06,1.856,10.9676
2007-09-21,7.5,39.84,920.7,1.5055,31.7,32.95,1.862,10.9456
2007-09-24,7.5075,39.5,919.1,1.4998,31.75,32.92,1.87,10.9385
2007-09-25,7.514,39.55,920.7,1.5014,31.8,32.95,1.865,10.9413
2007-09-26,7.516,39.5,920.8,1.4975,31.5,32.93,1.853,10.9265
2007-09-27,7.5135,39.65,919.9,1.4915,31.59,32.92,1.838,10.9255
2007-09-28,7.4928,39.75,913.6,1.484,31.85,32.67,1.836,10.9315
2007-10-01,7.5158,39.7,914.5,1.4755,31.8,32.56,1.8179,10.913
2007-10-02,7.5093,39.65,915.7,1.4836,31.65,32.58,1.822,10.9101
2007-10-03,7.5,39.38,915.5,1.4795,31.59,32.57,1.827,10.873
2007-10-04,7.5098,39.37,916.3,1.4798,31.65,32.58,1.8288,10.891
2007-10-05,7.5098,39.47,915.9,1.4703,31.53,32.6,1.8057,10.8474
2007-10-08,7.5098,39.47,915.9,1.4703,31.53,,1.8057,10.8474
2007-10-09,7.5095,38.48,918.2,1.473,31.41,32.59,1.801,10.8281
2007-10-10,7.5075,39.13,919.3,1.4657,31.4,32.59,1.8015,10.8402
2007-10-11,7.508,39.2,915.5,1.4613,31.42,32.57,1.7897,10.812
2007-10-12,7.509,39.16,917.6,1.4636,31.45,32.58,1.7998,10.825
2007-10-15,7.513,39.29,916.7,1.4653,31.46,32.6,1.8068,10.8085
2007-10-16,7.5116,39.23,917.5,1.4679,31.4,32.6,1.8229,10.8368
2007-10-17,7.5156,39.35,917.3,1.4635,31.45,32.61,1.806,10.8145
2007-10-18,7.5148,39.72,916.0,1.4609,31.49,32.6,1.8048,10.815
2007-10-19,7.508,39.6,915.5,1.4618,31.48,32.57,1.7963,10.7945
2007-10-22,7.5075,39.72,916.8,1.4665,31.46,32.57,1.8187,10.8381
2007-10-23,7.502,39.48,918.0,1.4644,31.49,32.58,1.797,10.8288
2007-10-24,7.4925,39.49,917.5,1.4618,31.5,32.57,1.8033,10.8425
2007-10-25,7.48,39.35,915.0,1.4557,31.5,32.48,1.7931,10.8385
2007-10-26,7.4976,39.3,908.9,1.4527,31.7,32.46,1.7779,10.762
2007-10-29,7.4728,39.32,910.2,1.4519,31.71,32.39,1.7555,10.7087
2007-10-30,7.472,39.3,906.7,1.4507,31.55,32.4,1.7502,10.718
2007-10-31,7.4682,39.26,903.2,1.4485,31.45,32.39,1.7386,10.6996
2007-11-01,7.4582,39.22,907.0,1.4499,31.6,32.38,1.7473,10.667
2007-11-02,7.458,39.25,908.0,1.4492,31.73,32.39,1.755,10.7002
2007-11-05,7.455,39.18,907.5,1.4502,31.61,32.4,1.754,10.7306
2007-11-06,7.4515,39.23,906.2,1.4469,31.36,32.38,1.7298,10.703
2007-11-07,7.442,39.15,905.2,1.4387,31.6,32.34,1.7304,10.737
2007-11-08,7.4211,39.13,907.0,1.4386,31.53,32.3,1.7352,10.8165
2007-11-09,7.419,39.11,910.4,1.4422,31.5,32.27,1.7505,10.8806
2007-11-13,7.4279,39.22,914.6,1.4475,31.53,32.29,1.7682,10.8921
2007-11-14,7.425,39.18,913.1,1.4467,31.4,32.28,1.7335,10.869
2007-11-15,7.425,39.18,919.1,1.4514,31.55,32.29,1.7448,10.92
2007-11-16,7.425,39.24,917.3,1.4518,31.53,32.34,1.7422,10.9291
2007-11-19,7.4313,39.23,920.5,1.4487,31.48,32.35,1.761,10.9925
2007-11-20,7.4225,39.32,921.8,1.4483,31.5,32.35,1.757,10.96
2007-11-21,7.416,39.29,932.8,1.4528,31.43,32.34,1.7859,11.0005
2007-11-22,7.416,39.29,932.8,1.4528,31.43,,1.7859,11.0005
2007-11-23,7.4079,39.65,930.5,1.4405,31.1,32.32,1.802,10.9755
2007-11-26,7.397,39.58,929.0,1.4415,31.1,32.32,1.8302,10.987
2007-11-27,7.3865,39.68,931.8,1.4419,31.1,32.32,1.838,10.9745
2007-11-28,7.3905,39.56,931.2,1.4452,30.8,32.33,1.7976,10.934
2007-11-29,7.38,39.65,928.3,1.4485,30.8,32.3,1.776,10.9385
2007-11-30,7.385,39.52,920.9,1.4455,30.62,32.26,1.78,10.896
2007-12-03,7.401,39.39,923.8,1.4484,30.62,32.3,1.784,10.907
2007-12-04,7.405,39.33,922.3,1.4453,30.47,32.31,1.8204,10.908
2007-12-05,7.39,39.31,923.0,1.4466,30.3,32.3,1.7928,10.853
2007-12-06,7.412,39.39,921.8,1.444,30.15,32.31,1.7868,10.8346
2007-12-07,7.407,39.36,918.9,1.4396,30.28,32.3,1.762,10.814
2007-12-10,7.39,39.3,923.3,1.4395,29.9,32.32,1.7625,10.8195
2007-12-11,7.379,39.31,923.7,1.4416,30.25,32.34,1.758,10.8001
2007-12-12,7.374,39.29,926.1,1.4412,30.14,32.35,1.7583,10.8105
2007-12-13,7.37,39.29,925.25,1.4416,30.1,32.36,1.776,10.83
2007-12-14,7.375,39.3,929.8,1.4509,30.05,32.36,1.7959,10.824
2007-12-17,7.3805,39.49,933.4,1.4625,30.25,32.48,1.8158,10.8509
2007-12-18,7.3741,39.48,938.35,1.4594,30.25,32.52,1.8092,10.8601
2007-12-19,7.3718,39.55,939.2,1.4613,30.48,32.51,1.8025,10.8455
2007-12-20,7.3669,39.41,943.4,1.4603,30.42,32.5,1.8021,10.8405
2007-12-21,7.368,39.3,940.3,1.4556,30.1,32.49,1.7906,10.8225
2007-12-24,7.3475,39.38,939.2,1.4516,30.15,32.49,1.7915,10.813
2007-12-26,7.345,39.38,938.7,1.4527,30.05,32.53,1.7735,10.813
2007-12-27,7.3079,39.4,940.0,1.449,29.8,32.53,1.7655,10.867
2007-12-28,7.304,39.43,935.6,1.4465,29.9,32.5,1.7771,10.8958
2007-12-31,7.2946,39.41,935.8,1.436,29.5,32.43,1.779,10.9169
2008-01-02,7.2946,39.41,936.6,1.4375,29.85,32.44,1.7681,10.902
2008-01-03,7.2755,39.26,936.2,1.4351,29.83,32.43,1.7496,10.8821
2008-01-04,7.2695,39.15,938.1,1.4322,29.7,32.42,1.7607,10.927
2008-01-07,7.2705,39.15,940.0,1.4365,29.75,32.49,1.7679,10.9175
2008-01-08,7.267,39.13,939.0,1.432,29.7,32.46,1.7565,10.8887
2008-01-09,7.2625,39.13,937.1,1.4313,29.55,32.47,1.7725,10.973
2008-01-10,7.27,39.27,937.2,1.4325,29.36,32.49,1.764,10.9575
2008-01-11,7.2615,39.15,937.2,1.4315,29.45,32.47,1.749,10.922
2008-01-14,7.2526,39.14,937.0,1.4294,29.65,32.33,1.7346,10.9155
2008-01-15,7.2345,39.26,935.2,1.4291,29.8,32.23,1.7481,10.9177
2008-01-16,7.24,39.29,942.5,1.43,29.6,32.27,1.7685,10.936
2008-01-17,7.2245,39.16,945.7,1.4343,30.1,32.28,1.7769,10.941
2008-01-18,7.2424,39.2,945.9,1.4381,30.8,32.31,1.793,10.9375
2008-01-22,7.2456,39.38,946.9,1.4359,30.65,32.44,1.8013,10.926
2008-01-23,7.24,39.55,953.2,1.4343,31.0,32.41,1.8175,10.9529
2008-01-24,7.2228,39.37,948.6,1.4265,31.09,32.34,1.7848,10.891
2008-01-25,7.2115,39.33,948.2,1.4236,31.12,32.29,1.786,10.868
2008-01-28,7.195,39.35,948.7,1.4207,31.38,32.32,1.7828,10.873
2008-01-29,7.1965,39.28,941.5,1.4225,31.35,32.29,1.7728,10.8405
2008-01-30,7.1912,39.35,945.0,1.4194,31.45,32.2,1.7778,10.8315
2008-01-31,7.1818,39.31,943.4,1.4165,31.22,32.15,1.7578,10.819
2008-02-01,7.1845,39.12,944.5,1.4136,31.05,32.03,1.7438,10.812
2008-02-04,7.1915,39.13,941.3,1.4143,30.91,32.03,1.7455,10.7925
2008-02-05,7.1835,39.4,943.1,1.4191,31.11,32.0,1.7605,10.8236
2008-02-06,7.183,39.49,941.4,1.4151,31.01,32.0,1.7508,10.8178
2008-02-07,7.183,39.43,941.3,1.4165,31.43,32.0,1.761,10.7946
2008-02-08,7.183,39.61,944.6,1.4174,31.3,32.0,1.7655,10.758
2008-02-11,7.1905,39.6,945.0,1.419,31.83,32.0,1.7605,10.7725
2008-02-12,7.184,39.56,943.9,1.4153,32.08,31.87,1.745,10.7481
2008-02-13,7.1973,39.75,945.3,1.4191,32.03,31.63,1.7458,10.75
2008-02-14,7.188,39.57,944.3,1.4177,31.92,31.69,1.7463,10.7457
2008-02-15,7.178,39.65,944.6,1.412,31.56,31.73,1.7513,10.766
2008-02-19,7.1485,39.91,944.1,1.4127,31.65,31.66,1.7315,10.746
2008-02-20,7.1425,40.11,947.5,1.4111,31.53,31.63,1.734,10.799
2008-02-21,7.1395,39.83,948.2,1.41,31.3,31.52,1.707,10.798
2008-02-22,7.14,40.04,948.2,1.4056,31.18,31.31,1.7086,10.7751
2008-02-25,7.1522,39.9,948.2,1.4057,31.18,31.25,1.7052,10.7915
2008-02-26,7.158,39.89,946.5,1.4047,30.1,31.18,1.686,10.732
2008-02-27,7.14,39.68,938.1,1.396,29.9,30.9,1.6671,10.736
2008-02-28,7.11,39.84,937.2,1.3934,29.53,30.9,1.68,10.673
2008-02-29,7.1115,39.96,942.8,1.3935,30.88,30.92,1.6845,10.7263
2008-03-03,7.1035,40.33,947.1,1.3914,31.51,31.09,1.6779,10.7001
2008-03-04,7.106,40.27,947.45,1.3896,31.45,30.91,1.6818,10.7175
2008-03-05,7.1075,40.19,948.15,1.3891,31.51,30.83,1.6673,10.7015
2008-03-06,7.1059,40.13,952.7,1.3859,31.56,30.7,1.669,10.765
2008-03-07,7.111,40.42,956.8,1.3842,31.48,30.71,1.6873,10.8441
2008-03-10,7.106,40.39,966.1,1.3873,31.5,30.63,1.7037,10.849
2008-03-11,7.1027,40.23,966.4,1.3865,31.52,30.58,1.7011,10.797
2008-03-12,7.101,40.02,969.3,1.3855,31.55,30.68,1.6802,10.781
2008-03-13,7.09,40.18,982.1,1.3795,31.45,30.66,1.6994,10.7775
2008-03-14,7.089,40.4,997.1,1.3812,31.35,30.74,1.704,10.7615
2008-03-17,7.083,40.46,1021.45,1.3799,31.4,30.85,1.7221,10.7822
2008-03-18,7.0795,40.2,1008.4,1.3775,31.1,30.72,1.706,10.7165
2008-03-19,7.066,40.0,1008.55,1.3846,31.14,30.71,1.6996,10.6965
2008-03-20,7.052,40.32,1009.15,1.3892,31.25,30.66,1.7392,10.723
2008-03-21,7.0515,39.86,1002.0,1.386,31.24,30.5,1.7308,10.717
2008-03-24,7.055,40.03,993.7,1.3902,31.45,30.19,1.7303,10.67
2008-03-25,7.044,39.93,975.8,1.3835,31.49,30.08,1.7403,10.681
2008-03-26,7.029,39.96,993.1,1.38,31.37,29.99,1.7353,10.6915
2008-03-27,7.0105,39.95,990.08,1.3791,31.35,30.14,1.7313,10.6935
2008-03-28,7.012,39.76,992.4,1.3807,31.38,30.38,1.7393,10.6925
2008-03-31,7.012,40.02,988.6,1.3786,31.44,30.37,1.7441,10.63
2008-04-01,7.0116,39.88,979.0,1.3782,31.38,30.3,1.741,10.6005
2008-04-02,7.0185,39.88,975.7,1.3788,31.51,30.37,1.7241,10.5525
2008-04-03,7.015,39.94,977.2,1.3852,31.6,30.41,1.7211,10.5665
2008-04-04,7.015,39.93,973.5,1.3816,31.66,30.41,1.71,10.5661
2008-04-07,7.001,39.96,974.6,1.3803,31.63,30.41,1.6985,10.54
2008-04-08,7.0008,39.9,975.7,1.3804,31.67,30.52,1.6983,10.561
2008-04-09,7.0017,39.91,975.7,1.3772,31.74,30.45,1.6914,10.5565
2008-04-10,6.991,39.89,975.0,1.3576,31.51,30.3,1.6775,10.549
2008-04-11,7.006,39.84,975.8,1.3567,31.56,30.29,1.681,10.527
2008-04-14,6.999,39.86,979.3,1.3577,31.53,30.31,1.6795,10.4788
2008-04-15,6.9945,39.83,991.3,1.3581,31.58,30.25,1.6845,10.484
2008-04-16,6.992,39.89,989.1,1.3508,31.44,30.24,1.672,10.4616
2008-04-17,6.984,39.79,991.6,1.3523,31.4,30.29,1.6625,10.4775
2008-04-18,7.0065,39.73,1000.0,1.3587,31.51,30.41,1.664,10.4605
2008-04-21,6.9996,39.92,997.5,1.3545,31.45,30.27,1.666,10.5245
2008-04-22,6.989,39.93,996.8,1.3503,31.43,30.26,1.6547,10.5165
2008-04-23,6.9895,40.0,990.7,1.3522,31.46,30.29,1.6571,10.4915
2008-04-24,6.9955,40.14,995.65,1.3596,31.55,30.35,1.669,10.456
2008-04-25,7.0095,40.13,994.0,1.3636,31.7,30.34,1.6686,10.4675
2008-04-28,7.002,40.1,996.3,1.3619,31.67,30.42,1.6778,10.4415
2008-04-29,6.9845,40.37,1001.55,1.3608,31.66,30.46,1.706,10.5322
2008-04-30,6.987,40.45,1005.0,1.3576,31.64,30.47,1.695,10.5101
2008-05-01,6.9876,40.58,1004.0,1.3605,31.62,30.51,1.6618,10.489
2008-05-02,6.987,40.55,1009.0,1.3638,31.67,30.49,1.6463,10.4575
2008-05-05,6.9815,40.45,1007.8,1.3591,31.64,30.46,1.6599,10.4711
2008-05-06,6.986,40.8,1015.0,1.3588,31.67,30.44,1.6605,10.4915
2008-05-07,6.986,41.3,1030.0,1.3666,31.7,30.64,1.6743,10.5411
2008-05-08,7.0,41.66,1040.5,1.3745,31.67,30.85,1.679,10.5335
2008-05-09,6.9876,41.55,1044.0,1.3685,31.93,30.74,1.688,10.5701
2008-05-12,6.9881,42.0,1043.0,1.3663,32.14,30.79,1.667,10.4855
2008-05-13,6.9889,42.08,1047.0,1.3707,32.25,30.86,1.66,10.487
2008-05-14,6.999,42.34,1047.0,1.3788,32.45,30.99,1.6618,10.4885
2008-05-15,6.9943,42.6,1043.0,1.3776,32.37,30.91,1.6518,10.467
2008-05-16,6.988,42.5,1037.0,1.3688,32.26,30.6,1.643,10.43
2008-05-19,6.97,42.46,1041.0,1.371,32.21,30.47,1.647,10.375
2008-05-20,6.9725,42.5,1047.0,1.3657,31.98,30.54,1.6539,10.3965
2008-05-21,6.9592,42.77,1039.0,1.3578,31.84,30.4,1.65,10.365
2008-05-22,6.942,42.93,1044.0,1.3602,31.87,30.36,1.6563,10.384
2008-05-23,6.9412,42.68,1045.5,1.3583,32.03,30.49,1.655,10.3945
2008-05-27,6.945,42.86,1041.0,1.3626,32.19,30.53,1.6709,10.397
2008-05-28,6.9408,42.75,1033.5,1.365,32.28,30.49,1.6684,10.3425
2008-05-29,6.9377,42.53,1030.0,1.3668,32.48,30.44,1.6476,10.3055
2008-05-30,6.94,42.15,1028.5,1.3635,32.3,30.37,1.6252,10.329
2008-06-02,6.9325,42.38,1022.3,1.3631,32.54,30.15,1.6305,10.339
2008-06-03,6.9341,42.5,1016.8,1.3634,32.61,30.37,1.6227,10.29
2008-06-04,6.9633,42.6,1019.0,1.3643,32.7,30.35,1.6293,10.32
2008-06-05,6.946,42.82,1023.0,1.367,32.89,30.38,1.6345,10.312
2008-06-06,6.923,42.63,1030.5,1.3628,33.15,30.41,1.6261,10.368
2008-06-09,6.923,42.85,1032.0,1.3635,33.23,30.32,1.6226,10.364
2008-06-10,6.9248,42.92,1027.5,1.3723,32.99,30.44,1.6403,10.388
2008-06-11,6.9095,42.65,1030.3,1.3715,33.08,30.34,1.6405,10.4365
2008-06-12,6.907,42.7,1033.3,1.3796,33.09,30.39,1.6392,10.389
2008-06-13,6.9044,42.86,1044.0,1.3802,33.13,30.44,1.6316,10.3665
2008-06-16,6.8911,42.93,1038.5,1.3725,33.24,30.38,1.6249,10.3341
2008-06-17,6.8954,42.86,1021.8,1.3682,33.15,30.33,1.6128,10.317
2008-06-18,6.8821,42.8,1029.25,1.37,33.26,30.38,1.6088,10.294
2008-06-19,6.877,42.91,1028.0,1.369,33.41,30.39,1.6036,10.318
2008-06-20,6.8796,42.86,1031.5,1.3645,33.3,30.42,1.6018,10.2735
2008-06-23,6.874,42.97,1036.8,1.3687,33.43,30.44,1.6137,10.297
2008-06-24,6.8699,42.75,1032.5,1.3656,33.5,30.4,1.603,10.2925
2008-06-25,6.8653,42.73,1034.3,1.3698,33.57,30.33,1.5996,10.2895
2008-06-26,6.863,42.6,1041.3,1.3651,33.53,30.39,1.5925,10.2721
2008-06-27,6.8618,42.78,1041.75,1.3632,33.51,30.37,1.6038,10.3011
2008-06-30,6.8591,42.93,1046.8,1.3608,33.37,30.36,1.5945,10.3035
2008-07-01,6.8608,43.23,1050.5,1.3617,33.4,30.37,1.609,10.385
2008-07-02,6.8542,43.15,1036.5,1.3574,33.36,30.38,1.6003,10.371
2008-07-03,6.8529,43.17,1044.5,1.3628,33.34,30.43,1.6061,10.3695
2008-07-07,6.8567,43.29,1044.5,1.365,33.62,30.38,1.5999,10.3216
2008-07-08,6.851,43.23,1026.25,1.3651,33.66,30.38,1.611,10.3385
2008-07-09,6.8632,43.02,1000.0,1.3583,33.6,30.4,1.6067,10.3035
2008-07-10,6.843,42.94,998.2,1.3605,33.66,30.43,1.6082,10.3051
2008-07-11,6.8338,42.8,1000.3,1.3561,33.6,30.38,1.603,10.3085
2008-07-14,6.845,42.8,1003.8,1.3527,33.65,30.4,1.5928,10.2955
2008-07-15,6.8211,43.12,1006.3,1.3472,33.43,30.38,1.5935,10.3215
2008-07-16,6.8104,43.05,1006.75,1.348,33.45,30.35,1.5954,10.2593
2008-07-17,6.8189,42.7,1011.0,1.3507,33.43,30.35,1.5877,10.2235
2008-07-18,6.8168,42.66,1013.0,1.3512,33.32,30.32,1.5898,10.203
2008-07-21,6.8271,42.57,1017.0,1.3522,33.33,30.34,1.5842,10.171
2008-07-22,6.8248,42.65,1014.0,1.3578,33.35,30.34,1.5841,10.1259
2008-07-23,6.8279,42.05,1009.0,1.3643,33.41,30.39,1.5838,10.047
2008-07-24,6.8292,42.1,1006.8,1.3616,33.43,30.43,1.5775,10.0265
2008-07-25,6.8189,41.1,1007.0,1.3607,33.43,30.45,1.5728,10.0255
2008-07-28,6.8332,42.52,1006.0,1.3626,33.46,30.4,1.5752,10.074
2008-07-29,6.8264,42.56,1006.0,1.3678,33.45,30.48,1.5715,10.062
2008-07-30,6.8272,42.28,1012.3,1.3681,33.49,30.61,1.5605,10.0345
2008-07-31,6.8388,42.47,1011.5,1.3676,33.48,30.72,1.566,10.0345
2008-08-01,6.8423,42.26,1015.75,1.3725,33.53,30.75,1.558,9.972
2008-08-04,6.8471,42.45,1016.75,1.3732,33.48,30.7,1.5683,9.9355
2008-08-05,6.8501,42.15,1017.0,1.3797,33.58,30.74,1.5734,9.9166
2008-08-06,6.8482,42.01,1015.5,1.3821,33.58,30.74,1.5801,9.9518
2008-08-07,6.8555,42.05,1016.0,1.3923,33.55,31.04,1.5897,10.007
2008-08-08,6.8604,42.05,1028.0,1.4037,33.64,31.25,1.6107,10.1261
2008-08-11,6.8577,42.06,1030.0,1.4115,33.69,31.12,1.6089,10.136
2008-08-12,6.8659,42.34,1034.2,1.4084,33.62,31.13,1.6223,10.1671
2008-08-13,6.8601,42.55,1039.5,1.4032,33.63,31.22,1.624,10.2055
2008-08-14,6.86,43.0,1039.5,1.41,33.68,31.25,1.6225,10.168
2008-08-15,6.8649,42.8,1039.3,1.417,33.8,31.36,1.6361,10.2045
2008-08-18,6.8705,43.49,1042.8,1.4133,33.81,31.31,1.6303,10.1411
2008-08-19,6.8599,43.51,1051.3,1.4158,34.07,31.43,1.638,10.1885
2008-08-20,6.8529,43.61,1047.3,1.4145,34.13,31.4,1.624,10.14
2008-08-21,6.8405,43.43,1053.6,1.4071,33.9,31.26,1.6135,10.106
2008-08-22,6.8333,43.32,1062.3,1.4102,33.92,31.36,1.6184,10.1167
2008-08-25,6.848,43.68,1077.8,1.4153,34.1,31.42,1.6269,10.121
2008-08-26,6.78,43.74,1087.5,1.4255,34.23,31.54,1.639,10.1781
2008-08-27,6.807,43.62,1084.0,1.4194,34.01,31.52,1.622,10.142
2008-08-28,6.8405,43.65,1081.3,1.4185,34.06,31.54,1.6265,10.2035
2008-08-29,6.8252,43.25,1089.0,1.4167,34.2,31.55,1.6349,10.297
2008-09-02,6.8215,44.4,1134.45,1.4308,34.35,31.83,1.6573,10.385
2008-09-03,6.8429,43.95,1147.9,1.435,34.42,31.79,1.6741,10.3803
2008-09-04,6.851,44.26,1130.3,1.436,34.43,31.84,1.6968,10.4625
2008-09-05,6.84,44.63,1117.8,1.4346,34.56,31.86,1.7339,10.4965
2008-09-08,6.8438,44.5,1081.2,1.4296,34.51,31.77,1.7429,10.5185
2008-09-09,6.8381,44.83,1099.5,1.4323,34.47,31.86,1.7569,10.507
2008-09-10,6.835,45.14,1091.3,1.4338,34.59,31.94,1.7823,10.6025
2008-09-11,6.8465,45.46,1110.0,1.444,34.74,32.12,1.8163,10.659
2008-09-12,6.781,45.62,1106.5,1.4287,34.62,31.93,1.781,10.5755
2008-09-15,6.8482,45.93,1117.85,1.4292,34.56,32.07,1.805,10.7116
2008-09-16,6.8391,46.81,1159.75,1.4362,34.23,32.08,1.8281,10.735
2008-09-17,6.829,46.16,1115.5,1.4337,34.28,32.09,1.8785,10.8809
2008-09-18,6.8375,46.36,1152.4,1.432,34.07,32.22,1.9095,10.849
2008-09-19,6.8355,45.71,1139.5,1.4256,34.08,32.16,1.823,10.606
2008-09-22,6.8306,45.3,1127.3,1.4132,33.88,32.02,1.7985,10.5935
2008-09-23,6.8114,45.65,1146.5,1.4137,33.75,31.91,1.8167,10.722
2008-09-24,6.8233,45.92,1153.5,1.423,33.94,31.91,1.8432,10.792
2008-09-25,6.815,46.08,1148.8,1.4231,33.9,32.04,1.8327,10.768
2008-09-26,6.8431,46.48,1160.1,1.428,33.85,32.12,1.854,10.7955
2008-09-29,6.8431,46.49,1185.75,1.4288,33.96,32.05,1.9115,10.916
2008-09-30,6.7899,46.45,1206.3,1.4331,33.81,32.23,1.9225,10.9726
2008-10-01,6.8485,46.47,1194.85,1.4366,33.98,32.14,1.935,10.9705
2008-10-02,6.842,46.63,1222.9,1.4483,34.07,32.14,1.9958,11.115
2008-10-03,6.8431,47.01,1220.9,1.4506,34.13,32.15,2.008,11.1245
2008-10-06,6.842,47.77,1267.4,1.4686,34.41,32.34,2.1646,11.703
2008-10-07,6.8171,47.78,1328.4,1.4622,34.51,32.37,2.231,12.115
2008-10-08,6.8171,48.0,1415.25,1.466,34.32,32.45,2.406,13.139
2008-10-09,6.8202,48.0,1381.4,1.4727,34.26,32.44,2.2,12.3788
2008-10-10,6.8357,48.41,1306.4,1.483,34.34,32.44,2.2972,12.9806
2008-10-14,6.8339,47.93,1207.25,1.462,34.0,32.4,2.0855,12.4251
2008-10-15,6.835,48.53,1237.5,1.4703,34.08,32.38,2.165,12.724
2008-10-16,6.8332,48.88,1369.5,1.4815,34.21,32.55,2.1925,13.11
2008-10-17,6.8332,48.88,1333.3,1.4792,34.23,32.57,2.12,12.8303
2008-10-20,6.8299,48.96,1315.0,1.4777,34.29,32.58,2.106,12.781
2008-10-21,6.8337,49.1,1320.1,1.4835,34.33,32.8,2.213,13.185
2008-10-22,6.8341,49.25,1418.5,1.4995,34.54,32.98,2.376,13.5938
2008-10-23,6.8354,49.82,1408.7,1.5053,34.6,33.43,2.277,13.61
2008-10-24,6.8432,49.96,1430.8,1.5077,34.6,33.425,2.3881,13.5885
2008-10-27,6.8521,49.8,1441.7,1.5111,34.79,33.5,2.255,13.2743
2008-10-28,6.8385,49.57,1467.7,1.5026,34.87,33.45,2.1862,13.3625
2008-10-29,6.839,49.71,1426.9,1.4988,34.85,33.2,2.126,12.9232
2008-10-30,6.8408,49.68,1250.18,1.4732,34.8,32.75,2.131,12.865
2008-10-31,6.8388,49.4,1277.5,1.4841,35.05,32.97,2.123,12.705
2008-11-03,6.8373,48.61,1262.0,1.4792,34.92,32.86,2.1736,12.7977
2008-11-04,6.836,47.25,1287.9,1.472,34.9,32.86,2.0995,12.4705
2008-11-05,6.8285,47.28,1266.3,1.4753,34.98,32.82,2.121,12.636
2008-11-06,6.8245,47.64,1330.8,1.4997,34.98,32.8,2.1865,12.96
2008-11-07,6.8255,47.54,1310.0,1.4965,34.92,32.81,2.1523,12.8525
2008-11-10,6.8267,47.3,1326.18,1.4915,34.83,32.77,2.17,12.815
2008-11-12,6.8293,49.2,1354.5,1.5075,34.91,32.95,2.2785,13.095
2008-11-13,6.8291,49.0,1392.5,1.519,34.98,33.18,2.3325,13.29
2008-11-14,6.8236,48.78,1399.3,1.5205,34.92,33.05,2.2756,13.0028
2008-11-17,6.8264,49.19,1410.0,1.5212,34.93,33.16,2.3035,13.08
2008-11-18,6.8239,49.51,1447.4,1.527,35.0,33.23,2.2985,13.145
2008-11-19,6.8295,49.84,1445.9,1.5279,34.95,33.26,2.3894,13.1513
2008-11-20,6.834,50.12,1496.0,1.5306,35.12,33.42,2.395,13.561
2008-11-21,6.8302,49.53,1493.3,1.5302,35.2,33.4,2.456,13.935
2008-11-24,6.8249,49.94,1507.9,1.5102,35.25,33.4,2.3213,13.462
2008-11-25,6.822,49.87,1501.4,1.5107,35.16,33.34,2.3012,13.2705
2008-11-26,6.8282,49.18,1477.3,1.5098,35.23,33.25,2.306,13.22
2008-11-28,6.8254,49.55,1468.0,1.5082,35.45,33.29,2.3074,13.39
2008-12-01,6.8842,49.94,1439.4,1.531,35.71,33.33,2.3625,13.57
2008-12-02,6.8786,50.05,1463.5,1.5289,35.49,33.41,2.378,13.4653
2008-12-03,6.8746,49.92,1467.8,1.5275,35.52,33.52,2.3955,13.55
2008-12-04,6.8817,49.82,1479.0,1.5228,35.6,33.52,2.479,13.51
2008-12-05,6.8812,49.6,1475.6,1.524,35.72,33.55,2.6187,13.8002
2008-12-08,6.877,49.44,1445.0,1.5029,35.44,33.47,2.4625,13.465
2008-12-09,6.873,49.28,1439.0,1.5036,35.4,33.48,2.4835,13.5055
2008-12-10,6.864,48.7,1393.0,1.497,35.37,33.45,2.433,13.4665
2008-12-11,6.8513,48.19,1354.5,1.4855,35.1,33.26,2.2905,13.091
2008-12-12,6.842,48.2,1369.0,1.488,34.98,33.26,2.399,13.53
2008-12-15,6.848,47.62,1360.9,1.4756,34.83,33.19,2.3585,13.3055
2008-12-16,6.8448,47.81,1347.4,1.4685,34.76,33.02,2.367,13.223
2008-12-17,6.835,47.5,1324.0,1.4415,34.53,33.58,2.369,13.17
2008-12-18,6.8341,46.74,1285.0,1.4333,34.4,32.45,2.356,13.18
2008-12-19,6.844,47.05,1287.9,1.459,34.43,32.45,2.3785,13.1225
2008-12-22,6.851,47.71,1308.0,1.4477,34.52,32.94,2.405,13.183
2008-12-23,6.848,48.66,1331.0,1.4492,34.6,33.01,2.3752,13.221
2008-12-24,6.8355,47.76,1304.3,1.4455,34.44,33.03,2.375,13.33
2008-12-26,6.8409,48.42,1298.9,1.4494,34.95,32.99,2.3727,13.365
2008-12-29,6.8447,48.25,1262.0,1.437,34.97,32.99,2.3975,13.5225
2008-12-30,6.8295,48.05,1257.4,1.4372,34.71,32.76,2.3291,13.76
2008-12-31,6.8225,48.58,1262.0,1.4377,34.72,32.76,2.313,13.832
2009-01-02,6.8225,48.25,1318.3,1.4513,34.78,32.82,2.323,13.7815
2009-01-05,6.83,48.5,1313.5,1.473,34.98,33.0,2.264,13.5225
2009-01-06,6.836,48.5,1307.0,1.475,34.98,33.1,2.1895,13.33
2009-01-07,6.833,48.56,1292.3,1.4707,34.82,33.03,2.2209,13.3955
2009-01-08,6.8342,48.45,1328.25,1.478,34.8,33.1,2.265,13.495
2009-01-09,6.835,48.26,1347.5,1.4843,34.82,33.14,2.2888,13.708
2009-01-12,6.8362,48.78,1349.0,1.488,34.9,33.25,2.3194,13.7725
2009-01-13,6.8341,48.89,1353.0,1.4872,34.87,33.23,2.2945,13.836
2009-01-14,6.8347,48.75,1353.0,1.4925,34.87,33.2,2.3537,14.0805
2009-01-15,6.8363,48.87,1391.5,1.4972,34.83,33.36,2.3698,14.16
2009-01-16,6.8369,48.62,1351.5,1.4902,34.81,33.34,2.338,13.925
2009-01-20,6.8403,49.01,1351.5,1.5078,34.95,33.63,2.3617,13.9155
2009-01-21,6.8392,49.0,1368.0,1.5062,34.89,33.58,2.3525,13.9275
2009-01-22,6.837,49.07,1374.0,1.4972,34.84,33.53,2.3515,13.9675
2009-01-23,6.8392,49.0,1390.8,1.5054,34.86,33.68,2.3467,14.07
2009-01-26,6.8392,48.5,1390.8,1.4993,34.87,33.68,2.3123,13.948
2009-01-27,6.8392,48.85,1390.0,1.5072,34.86,33.68,2.3183,14.185
2009-01-28,6.8392,48.81,1369.0,1.4988,34.87,33.68,2.289,14.122
2009-01-29,6.8392,48.49,1369.0,1.5068,34.88,33.66,2.2871,14.2021
2009-01-30,6.8392,48.83,1380.0,1.5106,34.94,33.7,2.313,14.333
2009-02-02,6.847,48.84,1390.0,1.5145,34.95,33.7,2.3262,14.496
2009-02-03,6.8399,48.37,1394.5,1.5082,34.93,33.72,2.3151,14.5825
2009-02-04,6.8335,48.68,1378.4,1.5056,34.9,33.66,2.291,14.465
2009-02-05,6.8355,48.72,1384.2,1.504,34.95,33.66,2.2966,14.318
2009-02-06,6.8338,48.61,1368.7,1.4952,34.98,33.61,2.262,14.1777
2009-02-09,6.8392,48.52,1374.0,1.4921,34.99,33.71,2.2375,14.134
2009-02-10,6.8241,48.68,1388.0,1.504,34.97,33.95,2.2663,14.3775
2009-02-11,6.8332,48.78,1390.0,1.505,35.05,33.97,2.2649,14.5423
2009-02-12,6.8345,48.7,1394.0,1.5118,35.14,34.02,2.294,14.588
2009-02-13,6.8392,48.58,1403.5,1.5077,35.12,34.03,2.2765,14.465
2009-02-17,6.8355,49.6,1454.8,1.5283,35.26,34.58,2.3192,14.6205
2009-02-18,6.8378,49.84,1459.0,1.5316,35.36,34.63,2.3572,14.653
2009-02-19,6.8348,49.73,1480.7,1.5264,35.54,34.58,2.3554,14.5886
2009-02-20,6.8367,49.71,1519.5,1.5356,35.69,34.8,2.3898,14.836
2009-02-23,6.8355,49.46,1495.5,1.529,35.61,34.61,2.388,14.86
2009-02-24,6.8368,49.75,1516.0,1.5275,35.65,34.73,2.383,14.835
2009-02-25,6.8369,49.95,1515.7,1.5294,35.75,34.74,2.388,14.926
2009-02-26,6.8361,50.32,1512.8,1.5367,35.92,34.84,2.3508,14.9728
2009-02-27,6.8395,50.88,1532.8,1.5461,36.11,35.0,2.375,15.088
2009-03-02,6.8438,51.8,1570.1,1.5565,36.25,35.21,2.4365,15.406
2009-03-03,6.8413,51.96,1551.2,1.5526,36.05,35.08,2.442,15.341
2009-03-04,6.8432,51.53,1550.95,1.5452,36.05,35.05,2.3738,15.175
2009-03-05,6.8406,51.6,1567.1,1.5532,36.13,34.93,2.386,15.3153
2009-03-06,6.8395,51.68,1549.6,1.545,36.04,34.66,2.3735,15.254
2009-03-09,6.8398,51.91,1541.0,1.5489,36.13,34.81,2.3698,15.3815
2009-03-10,6.841,51.35,1501.0,1.5346,35.94,34.58,2.3472,15.2872
2009-03-11,6.8399,50.98,1466.0,1.5315,35.91,34.46,2.3357,15.1683
2009-03-12,6.8383,51.69,1494.75,1.5355,35.97,34.48,2.3265,14.9222
2009-03-13,6.838,51.54,1481.2,1.5429,35.9,34.49,2.3125,14.585
2009-03-16,6.8381,51.31,1435.0,1.531,35.79,34.4,2.2635,14.101
2009-03-17,6.8369,51.42,1415.75,1.5325,35.81,34.21,2.2792,14.024
2009-03-18,6.8347,51.22,1409.0,1.5271,35.82,34.18,2.3033,14.1305
2009-03-19,6.824,50.21,1388.5,1.506,35.34,33.9,2.2516,14.06
2009-03-20,6.8277,50.51,1396.5,1.5138,35.26,33.75,2.25,14.14
2009-03-23,6.8335,50.38,1382.9,1.5096,35.33,33.77,2.2709,14.2725
2009-03-24,6.8294,50.4,1378.9,1.5112,35.39,33.77,2.2548,14.303
2009-03-25,6.8304,50.5,1362.2,1.5086,35.42,33.82,2.2383,14.221
2009-03-26,6.832,50.4,1334.8,1.5087,35.33,33.75,2.2371,14.231
2009-03-27,6.831,50.46,1350.9,1.5138,35.35,33.76,2.2761,14.315
2009-03-30,6.836,51.12,1391.9,1.5226,35.56,33.76,2.3251,14.382
2009-03-31,6.8329,50.87,1372.3,1.5206,35.44,33.87,2.3007,14.21
2009-04-01,6.8339,50.48,1378.25,1.5215,35.47,33.82,2.286,13.8882
2009-04-02,6.834,50.22,1329.5,1.498,35.26,33.05,2.24,13.83
2009-04-03,6.8343,49.91,1335.5,1.5065,35.23,33.16,2.2024,13.631
2009-04-06,6.8343,50.01,1304.5,1.5066,35.27,33.1,2.2274,13.65
2009-04-07,6.8361,50.0,1317.5,1.5102,35.39,33.6,2.2255,13.575
2009-04-08,6.835,50.28,1349.5,1.5172,35.4,33.88,2.195,13.3625
2009-04-09,6.834,49.82,1316.0,1.5158,35.44,33.74,2.1774,13.1725
2009-04-10,6.8333,49.78,1328.0,1.5182,35.39,33.78,2.17,13.1275
2009-04-13,6.8347,49.77,1328.9,1.5148,35.66,33.68,2.1745,13.088
2009-04-14,6.832,49.62,1319.5,1.4967,35.4,33.61,2.1778,13.0835
2009-04-15,6.8321,49.55,1333.0,1.5025,35.4,33.78,2.1955,13.1685
2009-04-16,6.8316,49.63,1331.0,1.4967,35.33,33.8,2.1756,13.047
2009-04-17,6.8325,49.8,1327.0,1.4998,35.45,32.99,2.1856,13.135
2009-04-20,6.8331,49.78,1330.0,1.5087,35.54,33.82,2.2322,13.3285
2009-04-21,6.8254,50.45,1349.0,1.5046,35.53,33.85,2.239,13.122
2009-04-22,6.8296,50.2,1345.5,1.5049,35.56,33.85,2.2045,13.1288
2009-04-23,6.8265,49.88,1343.0,1.5015,35.47,33.81,2.2185,13.327
2009-04-24,6.825,49.69,1338.2,1.4873,35.34,33.69,2.196,13.2445
2009-04-27,6.827,50.15,1338.4,1.4933,35.42,33.72,2.1963,13.7072
2009-04-28,6.8266,50.47,1351.8,1.4975,35.39,33.79,2.206,13.885
2009-04-29,6.8243,50.05,1335.7,1.482,35.31,33.64,2.1617,13.575
2009-04-30,6.818,49.7,1277.0,1.4772,35.23,33.06,2.1724,13.801
2009-05-01,6.818,49.65,1277.0,1.481,35.25,33.14,2.173,13.823
2009-05-04,6.8223,49.75,1267.5,1.4747,35.16,32.99,2.1363,13.3005
2009-05-05,6.8185,49.22,1267.5,1.4716,35.07,33.02,2.1495,13.203
2009-05-06,6.8176,49.4,1272.0,1.4715,35.13,33.14,2.1199,13.1975
2009-05-07,6.8215,49.09,1257.3,1.4655,34.84,33.11,2.1052,13.086
2009-05-08,6.82,49.13,1242.25,1.463,34.84,33.01,2.0742,13.1061
2009-05-11,6.823,49.44,1232.9,1.4612,34.56,32.93,2.0528,13.11
2009-05-12,6.821,49.21,1238.0,1.4593,34.53,32.83,2.0687,13.2325
2009-05-13,6.822,49.58,1239.0,1.4635,34.49,32.91,2.101,13.3153
2009-05-14,6.8248,49.65,1264.0,1.4647,34.53,32.95,2.0939,13.301
2009-05-15,6.8225,49.38,1252.0,1.4683,34.53,32.92,2.0815,13.2075
2009-05-18,6.8265,47.58,1260.5,1.4653,34.54,32.98,2.0798,13.12
2009-05-19,6.8245,47.65,1244.5,1.4616,34.4,32.85,2.0489,12.953
2009-05-20,6.8248,47.3,1246.0,1.4569,34.41,32.8,2.0205,12.8845
2009-05-21,6.8245,47.3,1245.0,1.458,34.39,32.71,2.0332,13.0875
2009-05-22,6.8227,46.95,1242.0,1.4406,34.32,32.55,2.0274,13.1675
2009-05-26,6.8326,47.7,1264.25,1.4482,34.44,32.63,2.0221,13.1335
2009-05-27,6.8272,47.61,1264.4,1.4505,34.36,32.72,2.0148,13.1501
2009-05-28,6.8278,47.5,1261.8,1.4512,34.38,32.63,2.0074,13.23
2009-05-29,6.8278,47.11,1249.0,1.4453,34.31,32.57,1.9678,13.182
2009-06-01,6.8264,46.78,1232.7,1.4418,34.07,32.36,1.9452,13.1565
2009-06-02,6.8305,46.84,1234.2,1.438,34.09,32.37,1.9402,13.2825
2009-06-03,6.829,46.88,1232.1,1.443,34.01,32.49,1.9474,13.305
2009-06-04,6.8331,47.19,1246.25,1.4455,34.12,32.58,1.9457,13.2557
2009-06-05,6.8329,47.05,1247.5,1.452,34.22,32.64,1.9606,13.295
2009-06-08,6.8371,47.5,1247.4,1.4575,34.35,32.87,1.9779,13.457
2009-06-09,6.8353,47.3,1258.5,1.4561,34.14,32.74,1.9448,13.5
2009-06-10,6.833,47.18,1253.5,1.454,34.09,32.68,1.9494,13.636
2009-06-11,6.8358,47.49,1248.7,1.448,34.0,32.72,1.9487,13.44
2009-06-12,6.8352,47.6,1246.0,1.4494,34.07,32.79,1.9214,13.401
2009-06-15,6.8361,47.67,1257.0,1.4608,34.14,32.94,1.948,13.4305
2009-06-16,6.8338,47.61,1255.7,1.4588,34.07,32.87,1.9475,13.342
2009-06-17,6.8364,47.96,1269.0,1.4584,34.13,32.96,1.9855,13.47
2009-06-18,6.8344,48.18,1263.5,1.4543,34.14,32.88,1.9611,13.341
2009-06-19,6.836,48.0,1264.2,1.4528,34.09,32.86,1.954,13.338
2009-06-22,6.834,48.5,1278.6,1.4586,34.12,32.89,2.0138,13.3715
2009-06-23,6.8346,48.45,1281.7,1.4558,34.12,32.88,2.0026,13.3219
2009-06-24,6.8307,48.4,1273.0,1.4534,34.08,32.85,1.965,13.2825
2009-06-25,6.8344,48.5,1285.1,1.4568,34.1,32.95,1.9632,13.289
2009-06-26,6.833,48.0,1278.3,1.4536,34.04,32.95,1.9444,13.2425
2009-06-29,6.8334,48.0,1278.0,1.4527,34.03,32.9,1.957,13.1835
2009-06-30,6.8302,47.74,1273.5,1.448,34.06,32.77,1.9653,13.17
2009-07-01,6.8331,47.75,1256.9,1.443,34.03,32.69,1.9299,13.0965
2009-07-02,6.8312,47.9,1270.7,1.4512,34.08,32.9,1.9565,13.16
2009-07-03,6.832,47.8,1265.7,1.453,34.06,32.87,1.9509,13.245
2009-07-06,6.8342,48.5,1267.0,1.456,34.09,32.98,1.9727,13.2535
2009-07-07,6.8326,48.44,1268.7,1.458,34.07,32.96,1.9667,13.2698
2009-07-08,6.8323,48.8,1277.5,1.4639,34.07,33.01,2.0035,13.479
2009-07-09,6.8317,48.57,1277.7,1.4581,34.04,32.95,1.991,13.5545
2009-07-10,6.8325,48.76,1288.4,1.4633,34.04,33.04,2.0141,13.72
2009-07-13,6.8326,49.16,1309.0,1.4625,34.14,33.13,1.9897,13.8025
2009-07-14,6.833,48.955,1294.2,1.4594,34.1,33.078,1.9721,13.785
2009-07-15,6.8315,48.55,1270.6,1.4516,34.05,32.87,1.9358,13.5965
2009-07-16,6.831,48.61,1266.0,1.452,34.06,32.87,1.9362,13.568
2009-07-17,6.8309,48.56,1254.5,1.4494,34.04,32.86,1.9278,13.39
2009-07-20,6.8303,48.1,1244.0,1.44,33.99,32.75,1.9056,13.318
2009-07-21,6.83,48.2,1245.5,1.4429,33.99,32.75,1.9085,13.3053
2009-07-22,6.8305,48.45,1251.1,1.4423,34.0,32.82,1.9046,13.2335
2009-07-23,6.8308,48.25,1244.8,1.4388,33.96,32.74,1.887,13.1625
2009-07-24,6.8313,48.16,1245.0,1.4395,33.95,32.81,1.8958,13.221
2009-07-27,6.8312,48.11,1242.4,1.4397,33.95,32.85,1.8857,13.2205
2009-07-28,6.8308,48.2,1236.3,1.4398,33.93,32.725,1.8785,13.259
2009-07-29,6.8314,48.25,1243.8,1.4465,34.02,32.86,1.8987,13.27
2009-07-30,6.8321,48.35,1230.5,1.443,34.05,32.8,1.878,13.221
2009-07-31,6.8319,47.91,1222.2,1.439,34.01,32.8,1.8653,13.2025
2009-08-03,6.8308,47.4,1214.0,1.4323,34.01,32.8,1.8353,13.131
2009-08-04,6.8302,47.46,1219.9,1.4325,33.96,32.65,1.8326,13.1025
2009-08-05,6.8307,47.27,1225.5,1.434,33.96,32.71,1.8291,13.1095
2009-08-06,6.8312,47.52,1225.0,1.436,33.97,32.73,1.8304,12.997
2009-08-07,6.8316,47.72,1224.0,1.44,33.98,32.75,1.8211,12.9305
2009-08-10,6.8341,47.7,1227.6,1.4422,34.01,32.78,1.8435,12.9192
2009-08-11,6.8349,47.88,1242.7,1.4478,34.03,32.91,1.853,12.9925
2009-08-12,6.8349,48.22,1242.0,1.443,34.07,32.83,1.8318,12.9668
2009-08-13,6.8336,48.11,1237.2,1.4425,34.03,32.876,1.834,12.8705
2009-08-14,6.8341,48.18,1239.5,1.4448,34.02,32.9,1.844,12.8799
2009-08-17,6.8358,48.82,1258.5,1.4505,34.04,32.98,1.8665,12.985
2009-08-18,6.8337,48.79,1246.4,1.451,34.04,32.953,1.8683,12.9598
2009-08-19,6.834,48.7,1251.4,1.4487,34.03,33.02,1.8325,12.882
2009-08-20,6.8317,48.58,1245.5,1.4451,34.01,32.89,1.8453,12.8675
2009-08-21,6.8313,48.43,1242.5,1.4392,33.99,32.84,1.8297,12.82
2009-08-24,6.8308,48.5,1240.5,1.4412,34.0,32.79,1.8333,12.847
2009-08-25,6.8318,48.755,1247.8,1.4408,34.01,32.916,1.83,12.8722
2009-08-26,6.8309,48.9,1248.8,1.4459,34.0,32.97,1.8672,13.159
2009-08-27,6.8316,48.81,1247.3,1.4448,34.0,32.9,1.881,13.237
2009-08-28,6.83,48.52,1244.8,1.4381,33.99,32.88,1.873,13.267
2009-08-31,6.8299,48.83,1248.0,1.4414,34.01,32.91,1.87,13.3361
2009-09-01,6.8295,49.05,1245.0,1.444,34.0,32.9,1.8936,13.5725
2009-09-02,6.8303,48.88,1246.2,1.4428,34.05,32.86,1.8936,13.578
2009-09-03,6.8298,48.87,1244.0,1.4392,34.04,32.85,1.873,13.5681
2009-09-04,6.8293,48.86,1237.3,1.438,34.05,32.89,1.8458,13.426
2009-09-08,6.827,48.4,1228.2,1.4259,34.02,32.65,1.8245,13.288
2009-09-09,6.8286,48.33,1220.5,1.4237,34.0,32.66,1.8295,13.436
2009-09-10,6.8291,48.45,1223.0,1.4265,33.99,32.68,1.8206,13.4
2009-09-11,6.828,48.39,1221.0,1.4217,33.9,32.54,1.8129,13.329
2009-09-14,6.8282,48.67,1220.5,1.4224,33.94,32.61,1.8161,13.399
2009-09-15,6.8289,48.5,1217.4,1.4218,33.9,32.57,1.8058,13.3365
2009-09-16,6.8247,48.2,1205.5,1.4117,33.73,32.43,1.7983,13.181
2009-09-17,6.8262,48.1,1206.0,1.4132,33.69,32.4,1.8097,13.2466
2009-09-18,6.827,48.02,1207.0,1.4162,33.68,32.4,1.808,13.249
2009-09-21,6.8287,47.95,1202.35,1.4163,33.71,32.39,1.8137,13.3425
2009-09-22,6.8268,47.86,1201.75,1.412,33.6,32.32,1.8028,13.324
2009-09-23,6.8254,47.9,1194.0,1.4129,33.52,32.36,1.7877,13.3475
2009-09-24,6.8263,47.89,1190.7,1.416,33.58,32.39,1.8025,13.4605
2009-09-25,6.8273,47.93,1184.25,1.4144,33.55,32.41,1.8002,13.521
2009-09-28,6.8265,47.75,1192.0,1.4162,33.53,32.4,1.7886,13.4885
2009-09-29,6.8273,48.05,1187.5,1.4186,33.6,32.46,1.7905,13.5525
2009-09-30,6.8262,48.09,1175.0,1.4087,33.46,32.03,1.7743,13.4805
2009-10-01,6.826,47.72,1173.35,1.4142,33.47,32.14,1.781,13.654
2009-10-02,6.826,47.61,1182.0,1.4133,33.45,32.28,1.7814,13.67
2009-10-05,6.826,47.39,1165.25,1.4105,33.43,32.15,1.7702,13.662
2009-10-06,6.826,46.79,1166.0,1.4,33.32,32.1,1.7493,13.489
2009-10-07,6.826,46.58,1167.0,1.401,33.36,32.04,1.7613,13.4675
2009-10-08,6.826,46.2,1166.25,1.3898,33.3,32.08,1.745,13.32
2009-10-09,6.8248,46.44,1164.3,1.3927,33.3,32.26,1.7395,13.262
2009-10-13,6.8264,46.28,1166.0,1.3975,33.27,32.26,1.731,13.161
2009-10-14,6.8261,46.0,1157.5,1.3914,33.35,32.22,1.7055,13.065
2009-10-15,6.827,46.04,1158.0,1.389,33.47,32.23,1.701,13.093
2009-10-16,6.8266,46.2,1155.0,1.3919,33.4,32.25,1.707,13.081
2009-10-19,6.8266,46.02,1166.0,1.3891,33.34,32.31,1.7085,13.0832
2009-10-20,6.8254,46.24,1182.0,1.396,33.35,32.27,1.7555,12.9587
2009-10-21,6.8272,46.34,1179.9,1.391,33.41,32.35,1.7335,12.899
2009-10-22,6.8287,46.59,1188.0,1.3948,33.44,32.4,1.7258,12.9515
2009-10-23,6.828,46.41,1189.0,1.3929,33.42,32.39,1.7143,13.0132
2009-10-26,6.8278,46.68,1178.4,1.3947,33.38,32.39,1.7166,13.122
2009-10-27,6.8292,46.93,1190.0,1.3978,33.41,32.46,1.7308,13.23
2009-10-28,6.827,47.16,1185.4,1.4015,33.44,32.44,1.7541,13.2815
2009-10-29,6.8269,47.18,1187.2,1.3982,33.46,32.48,1.738,13.1577
2009-10-30,6.8264,46.9,1182.0,1.398,33.42,32.61,1.7445,13.1555
2009-11-02,6.8268,46.81,1181.0,1.3965,33.41,32.5,1.7485,13.0988
2009-11-03,6.8278,47.37,1188.1,1.4018,33.46,32.58,1.753,13.315
2009-11-04,6.8265,46.94,1172.7,1.3958,33.38,32.51,1.7229,13.2855
2009-11-05,6.8269,46.93,1174.8,1.3956,33.4,32.47,1.7222,13.3318
2009-11-06,6.8266,46.83,1167.6,1.3928,33.35,32.51,1.7165,13.3754
2009-11-09,6.8261,46.36,1154.6,1.3862,33.29,32.3,1.6995,13.3058
2009-11-10,6.8255,46.3,1161.1,1.3878,33.3,32.36,1.7088,13.2451
2009-11-12,6.8267,46.6,1160.5,1.3889,33.3,32.34,1.735,13.2526
2009-11-13,6.826,46.24,1156.3,1.3862,33.23,32.18,1.727,13.0735
2009-11-16,6.8263,46.06,1152.0,1.3849,33.18,32.17,1.7102,12.993
2009-11-17,6.826,46.2,1155.0,1.3877,33.17,32.13,1.7205,13.1
2009-11-18,6.8269,46.2,1153.5,1.3829,33.15,32.12,1.7078,12.976
2009-11-19,6.8283,46.73,1161.5,1.389,33.19,32.37,1.7325,13.047
2009-11-20,6.8277,46.63,1157.9,1.388,33.21,32.38,1.734,13.085
2009-11-23,6.83,46.4,1152.0,1.3858,33.2,32.22,1.7255,13.0081
2009-11-24,6.8292,46.31,1154.5,1.3857,33.22,32.24,1.7308,12.9315
2009-11-25,6.8272,46.18,1153.0,1.3795,33.11,32.25,1.7271,12.8585
2009-11-27,6.8272,46.55,1173.4,1.387,33.21,32.23,1.7369,12.9195
2009-11-30,6.8265,46.44,1164.4,1.3845,33.22,32.2,1.7505,12.916
2009-12-01,6.827,46.21,1154.0,1.3796,33.17,32.13,1.7253,12.8537
2009-12-02,6.826,46.24,1149.0,1.3796,33.14,32.12,1.7195,12.774
2009-12-03,6.8269,46.0,1150.0,1.3806,33.1,32.1,1.705,12.6335
2009-12-04,6.8261,46.1,1151.0,1.3865,33.12,32.16,1.7234,12.6318
2009-12-07,6.8288,46.45,1152.45,1.389,33.12,32.3,1.7265,12.645
2009-12-08,6.8275,46.6,1151.22,1.3926,33.15,32.22,1.75,12.841
2009-12-09,6.8275,46.51,1160.0,1.3899,33.11,32.25,1.763,12.967
2009-12-10,6.8264,46.5,1165.0,1.3892,33.1,32.29,1.7723,12.9805
2009-12-11,6.8269,46.47,1162.5,1.3924,33.12,32.17,1.7605,12.935
2009-12-14,6.8281,46.65,1156.0,1.3913,33.12,32.28,1.7465,12.783
2009-12-15,6.827,46.7,1156.5,1.3943,33.15,32.31,1.751,12.7121
2009-12-16,6.8279,46.57,1160.3,1.3964,33.17,32.31,1.7469,12.7065
2009-12-17,6.8286,46.85,1172.9,1.404,33.23,32.32,1.7905,12.9601
2009-12-18,6.828,46.69,1171.2,1.4033,33.23,32.38,1.789,12.8688
2009-12-21,6.8284,46.8,1185.4,1.4053,33.22,32.35,1.782,12.821
2009-12-22,6.8285,46.78,1179.0,1.4076,33.25,32.35,1.7827,12.953
2009-12-23,6.8282,46.8,1182.0,1.4082,33.33,32.36,1.7605,12.881
2009-12-24,6.8271,46.72,1173.07,1.407,33.3,32.29,1.7618,12.881
2009-12-28,6.8299,46.44,1168.0,1.406,33.37,32.28,1.7385,12.9355
2009-12-29,6.8289,46.56,1166.0,1.4045,33.33,32.32,1.738,13.0775
2009-12-30,6.8244,46.56,1163.65,1.4048,33.34,32.17,1.7423,13.07
2009-12-31,6.8259,46.4,1163.65,1.4035,33.33,31.95,1.7425,13.0576
2010-01-04,6.8273,46.27,1149.0,1.3971,33.18,31.65,1.72,12.911
2010-01-05,6.8258,46.13,1138.2,1.3956,33.15,31.89,1.7296,12.816
2010-01-06,6.8272,45.72,1130.0,1.3945,33.14,31.83,1.7292,12.742
2010-01-07,6.828,45.67,1135.0,1.3971,33.11,31.85,1.7409,12.759
2010-01-08,6.8274,45.5,1127.75,1.3941,33.13,31.82,1.7342,12.7256
2010-01-11,6.8263,45.35,1120.0,1.3878,33.01,31.75,1.733,12.666
2010-01-12,6.8267,45.6,1120.25,1.3884,33.01,31.8,1.7407,12.7155
2010-01-13,6.8295,45.47,1122.0,1.3885,33.02,31.75,1.748,12.762
2010-01-14,6.8265,45.55,1122.5,1.3879,32.85,31.75,1.7684,12.72
2010-01-15,6.8269,45.8,1123.0,1.391,32.86,31.79,1.7681,12.6845
2010-01-19,6.8268,45.84,1129.3,1.3908,32.89,31.83,1.7767,12.65
2010-01-20,6.8258,46.1,1133.5,1.4006,32.96,31.97,1.792,12.77
2010-01-21,6.8268,46.1,1141.0,1.401,32.96,31.92,1.8021,12.7825
2010-01-22,6.827,46.21,1153.0,1.402,33.02,31.98,1.821,12.9295
2010-01-25,6.8268,46.06,1146.0,1.3995,32.95,31.91,1.82,12.9101
2010-01-26,6.8263,,1163.1,1.4044,33.02,32.04,1.8466,12.9525
2010-01-27,6.8268,46.3,1162.0,1.4044,33.02,32.01,1.8529,12.9275
2010-01-28,6.8267,46.35,1151.4,1.4025,33.07,31.97,1.8525,12.9293
2010-01-29,6.8268,46.08,1158.7,1.4055,33.17,31.94,1.8755,13.0285
2010-02-01,6.826,46.27,1165.75,1.4122,33.16,32.04,1.8645,12.94
2010-02-02,6.827,46.11,1158.95,1.4092,33.11,32.04,1.8325,12.862
2010-02-03,6.826,45.97,1148.1,1.4121,33.04,31.98,1.8507,12.97
2010-02-04,6.828,46.21,1145.9,1.42,33.14,32.07,1.8865,13.089
2010-02-05,6.8275,46.72,1168.95,1.4228,33.18,32.1,1.8845,13.194
2010-02-08,6.8265,46.79,1170.0,1.4214,33.17,32.14,1.8648,13.1436
2010-02-09,6.8267,46.49,1158.0,1.4165,33.15,32.05,1.845,13.068
2010-02-10,6.828,46.36,1161.0,1.4178,33.16,32.08,1.8575,13.052
2010-02-11,6.8328,46.39,1156.2,1.4129,33.16,32.05,1.8551,13.0415
2010-02-12,6.8326,46.44,1151.0,1.4115,33.17,32.08,1.8624,12.982
2010-02-16,6.8326,45.99,1147.0,1.4059,33.15,32.07,1.8394,12.851
2010-02-17,6.8326,46.0,1144.0,1.4063,33.15,31.99,1.8355,12.8771
2010-02-18,6.833,46.2,1144.2,1.4077,33.16,32.04,1.8229,12.8455
2010-02-19,6.829,46.24,1153.0,1.4126,33.17,32.08,1.805,12.8235
2010-02-22,6.8264,46.15,1149.2,1.4085,33.1,32.02,1.808,12.7987
2010-02-23,6.8267,46.25,1155.0,1.4105,33.06,32.08,1.8225,12.8535
2010-02-24,6.8269,46.27,1156.0,1.4085,33.0,32.06,1.8203,12.85
2010-02-25,6.8267,46.29,1166.2,1.4107,33.07,32.09,1.84,12.8535
2010-02-26,6.8258,46.05,1159.0,1.4049,33.02,32.12,1.801,12.7575
2010-03-01,6.8263,46.01,1153.0,1.4059,32.84,32.04,1.7971,12.7411
2010-03-02,6.8265,46.01,1147.0,1.4035,32.71,32.01,1.7822,12.7176
2010-03-03,6.8258,45.55,1141.0,1.3981,32.65,31.95,1.7763,12.6865
2010-03-04,6.8258,45.82,1145.5,1.4001,32.61,31.94,1.7895,12.7175
2010-03-05,6.826,45.49,1139.5,1.3991,32.63,31.91,1.7781,12.6585
2010-03-08,6.8261,45.5,1131.5,1.3992,32.69,31.85,1.787,12.665
2010-03-09,6.8263,45.6,1135.15,1.3983,32.71,31.8,1.7894,12.6275
2010-03-10,6.8259,45.35,1128.1,1.3976,32.63,31.83,1.7685,12.5951
2010-03-11,6.8266,45.49,1133.43,1.3977,32.66,31.75,1.7698,12.6125
2010-03-12,6.8254,45.48,1128.33,1.394,32.54,31.73,1.763,12.5457
2010-03-15,6.8259,45.55,1134.5,1.3981,32.54,31.83,1.766,12.564
2010-03-16,6.8257,45.45,1133.0,1.3949,32.42,31.81,1.762,12.5201
2010-03-17,6.8259,45.28,1128.0,1.393,32.31,31.7,1.7655,12.4825
2010-03-18,6.8261,45.45,1131.5,1.396,32.28,31.74,1.7895,12.471
2010-03-19,6.8265,45.31,1133.58,1.398,32.29,31.73,1.7988,12.56
2010-03-22,6.8266,45.52,1135.5,1.4025,32.33,31.79,1.8022,12.6135
2010-03-23,6.8263,45.5,1136.8,1.3999,32.31,31.82,1.7815,12.527
2010-03-24,6.8266,45.4,1137.0,1.4055,32.35,31.81,1.7882,12.537
2010-03-25,6.827,45.5,1142.3,1.4055,32.38,31.83,1.805,12.49
2010-03-26,6.8269,45.16,1138.0,1.4033,32.39,31.87,1.8207,12.5407
2010-03-29,6.8264,44.94,1135.0,1.3988,32.34,31.82,1.808,12.4615
2010-03-30,6.8258,45.06,1131.0,1.3997,32.33,31.78,1.797,12.4125
2010-03-31,6.8258,44.95,1131.2,1.3986,32.36,31.73,1.7821,12.3005
2010-04-01,6.8263,44.79,1126.3,1.3965,32.33,31.74,1.7659,12.2995
2010-04-02,6.8255,44.74,1125.9,1.3985,32.34,31.74,1.764,12.2873
2010-04-05,6.8256,44.39,1122.8,1.3971,32.38,31.7,1.7585,12.2725
2010-04-06,6.825,44.41,1123.9,1.3966,32.37,31.67,1.7593,12.2444
2010-04-07,6.8254,44.44,1120.0,1.3946,32.36,31.58,1.7635,12.229
2010-04-08,6.824,44.41,1123.0,1.3941,32.27,31.6,1.778,12.2355
2010-04-09,6.8229,44.1,1117.0,1.389,32.2,31.53,1.7709,12.188
2010-04-12,6.8252,44.41,1114.0,1.3902,32.36,31.52,1.7575,12.1685
2010-04-13,6.8255,44.4675,1123.7,1.3922,32.33,31.557,1.7583,12.1876
2010-04-14,6.8258,44.2,1111.5,1.3732,32.22,31.38,1.7445,12.1901
2010-04-15,6.826,44.32,1107.0,1.3744,32.22,31.35,1.7428,12.198
2010-04-16,6.8253,44.3,1110.0,1.3746,32.22,31.35,1.761,12.2698
2010-04-19,6.8262,44.72,1118.1,1.3795,32.23,31.48,1.7622,12.3347
2010-04-20,6.8253,44.5,1117.8,1.3749,32.16,31.39,1.7509,12.222
2010-04-21,6.8275,44.54,1107.6,1.3723,32.17,31.38,1.7497,12.1797
2010-04-22,6.8263,44.52,1108.2,1.3733,32.26,31.42,1.769,12.2636
2010-04-23,6.827,44.42,1108.5,1.371,32.19,31.38,1.7633,12.2016
2010-04-26,6.8266,44.33,1104.0,1.3679,32.2,31.31,1.745,12.1556
2010-04-27,6.8256,44.41,1110.0,1.3722,32.22,31.34,1.7652,12.2684
2010-04-28,6.8245,44.54,1118.0,1.3763,32.31,31.46,1.7622,12.4135
2010-04-29,6.8259,44.61,1114.8,1.3683,32.24,31.3,1.7305,12.2335
2010-04-30,6.8247,44.2,1108.0,1.3701,32.33,31.31,1.727,12.2281
2010-05-03,6.8245,44.46,1118.4,1.3717,32.33,31.4,1.736,12.2656
2010-05-04,6.826,44.62,1115.0,1.3783,32.28,31.42,1.7515,12.4165
2010-05-05,6.8263,44.82,1115.0,1.3915,32.35,31.54,1.7819,12.627
2010-05-06,6.8265,45.29,1140.9,1.3975,32.33,31.67,1.8365,12.8531
2010-05-07,6.8254,45.4,1155.3,1.3951,32.26,31.77,1.836,12.8328
2010-05-10,6.8263,44.84,1131.8,1.3804,32.26,31.56,1.7783,12.5125
2010-05-11,6.8285,45.1,1133.75,1.3808,32.3,31.64,1.7764,12.5025
2010-05-12,6.827,45.08,1144.02,1.38,32.28,31.66,1.7734,12.4381
2010-05-13,6.8278,45.0,1129.2,1.3813,32.35,31.64,1.7721,12.358
2010-05-14,6.8263,45.2,1130.0,1.3868,32.35,31.78,1.8035,12.582
2010-05-17,6.8274,45.51,1152.75,1.3932,32.34,31.85,1.8204,12.7223
2010-05-18,6.8273,45.51,1146.0,1.3883,32.3,31.83,1.798,12.597
2010-05-19,6.8269,46.27,1163.9,1.3997,32.35,32.04,1.8498,12.9305
2010-05-20,6.8277,46.8,1193.5,1.41,32.35,32.1,1.8885,13.1207
2010-05-21,6.8262,46.9,1193.0,1.408,32.36,32.15,1.8499,12.9701
2010-05-24,6.8286,46.97,1213.65,1.4055,32.42,32.1,1.852,12.9524
2010-05-25,6.831,47.49,1250.0,1.4187,32.54,32.33,1.8785,13.1398
2010-05-26,6.8292,47.1,1253.2,1.4078,32.48,32.18,1.856,12.987
2010-05-27,6.8296,46.71,1222.95,1.4019,32.52,32.03,1.8274,12.8532
2010-05-28,6.8305,46.31,1194.5,1.404,32.55,32.0,1.817,12.8633
2010-06-01,6.8275,47.08,1216.0,1.409,32.58,32.33,1.8235,12.9195
2010-06-02,6.8296,46.89,1216.5,1.4092,32.59,32.18,1.8287,12.8388
2010-06-03,6.8283,46.55,1198.5,1.4054,32.55,32.16,1.817,12.7534
2010-06-04,6.8268,46.85,1201.5,1.4117,32.62,32.25,1.842,12.8825
2010-06-07,6.8322,47.08,1235.61,1.4146,32.63,32.42,1.8651,12.8934
2010-06-08,6.8294,46.82,1233.99,1.4156,32.6,32.43,1.8608,12.906
2010-06-09,6.8285,46.95,1247.3,1.411,32.57,32.4,1.838,12.8002
2010-06-10,6.8305,46.89,1250.4,1.4037,32.48,32.38,1.814,12.7335
2010-06-11,6.832,46.76,1245.9,1.403,32.44,32.4,1.8045,12.6755
2010-06-14,6.8323,46.4,1221.2,1.3935,32.39,32.2,1.8017,12.5962
2010-06-15,6.8323,46.41,1229.0,1.394,32.4,32.28,1.7902,12.5777
2010-06-16,6.8323,46.43,1211.0,1.3939,32.38,32.22,1.7854,12.5858
2010-06-17,6.829,46.22,1212.8,1.392,32.38,32.22,1.7819,12.5842
2010-06-18,6.8267,45.96,1202.55,1.3845,32.38,32.12,1.7723,12.543
2010-06-21,6.7968,45.64,1173.6,1.3743,32.27,31.74,1.7624,12.4555
2010-06-22,6.8127,46.0,1182.95,1.3812,32.31,32.08,1.767,12.5179
2010-06-23,6.8124,46.185,1187.1,1.3866,32.34,31.988,1.787,12.6452
2010-06-24,6.8001,46.4775,1188.9,1.3926,32.38,32.026,1.7915,12.7033
2010-06-25,6.7911,46.36,1215.1,1.3891,32.37,32.07,1.782,12.6967
2010-06-28,6.796,46.2,1202.85,1.386,32.35,32.04,1.7773,12.6482
2010-06-29,6.7977,46.4,1216.85,1.4012,32.4,32.17,1.806,12.8375
2010-06-30,6.7815,46.41,1220.85,1.3961,32.4,32.27,1.7941,12.8306
2010-07-01,6.7807,46.59,1227.0,1.395,32.36,32.19,1.801,13.035
2010-07-02,6.7709,46.55,1228.5,1.3945,32.38,32.21,1.7765,13.081
2010-07-06,6.7801,46.76,1222.0,1.3856,32.42,32.18,1.7628,12.9323
2010-07-07,6.777,46.96,1221.55,1.387,32.46,32.16,1.7706,12.8955
2010-07-08,6.7763,46.865,1209.4,1.3797,32.43,32.103,1.7595,12.7821
2010-07-09,6.772,46.66,1197.5,1.3802,32.32,32.05,1.7587,12.7823
2010-07-12,6.7709,46.66,1203.35,1.3831,32.34,32.08,1.7648,12.8279
2010-07-13,6.772,46.74,1212.5,1.3755,32.35,32.13,1.751,12.7071
2010-07-14,6.7714,46.71,1201.55,1.3732,32.29,32.11,1.7603,12.6961
2010-07-15,6.7774,46.5,1201.5,1.3751,32.23,32.11,1.7715,12.7656
2010-07-16,6.775,46.7,1202.5,1.3768,32.22,32.08,1.7858,12.9256
2010-07-19,6.778,47.1,1216.0,1.3769,32.27,32.14,1.7857,12.9111
2010-07-20,6.7781,47.23,1206.4,1.3745,32.27,32.16,1.7789,12.8451
2010-07-21,6.7769,47.08,1203.5,1.3753,32.29,32.14,1.7735,12.7785
2010-07-22,6.7795,47.12,1202.95,1.373,32.24,32.1,1.7639,12.752
2010-07-23,6.7803,46.9,1198.5,1.3709,32.19,32.09,1.7618,12.7666
2010-07-26,6.7788,47.04,1191.0,1.3611,32.18,32.06,1.768,12.6958
2010-07-27,6.7781,46.25,1181.95,1.3623,32.16,31.98,1.764,12.6525
2010-07-28,6.778,46.7,1185.0,1.366,32.23,32.0,1.7623,12.677
2010-07-29,6.776,46.53,1185.35,1.3629,32.21,31.94,1.7678,12.7278
2010-07-30,6.7735,46.35,1182.0,1.3595,32.24,31.95,1.7585,12.6421
2010-08-02,6.774,46.09,1172.5,1.3506,32.19,31.76,1.746,12.5771
2010-08-03,6.7728,46.11,1167.2,1.349,32.16,31.75,1.7568,12.582
2010-08-04,6.772,46.02,1167.25,1.3521,32.13,31.79,1.7582,12.546
2010-08-05,6.7705,46.06,1166.0,1.3528,32.05,31.76,1.7565,12.5441
2010-08-06,6.768,45.94,1161.0,1.3475,31.99,31.7,1.7585,12.6667
2010-08-09,6.767,46.07,1160.0,1.3477,31.93,31.65,1.754,12.6305
2010-08-10,6.772,46.3,1168.6,1.356,31.95,31.75,1.7613,12.69
2010-08-11,6.7745,46.66,1182.0,1.3645,31.91,31.8,1.767,12.7314
2010-08-12,6.7843,46.7,1185.9,1.3608,31.89,31.92,1.7685,12.717
2010-08-13,6.7957,46.61,1183.7,1.3625,31.88,31.9,1.7718,12.7225
2010-08-16,6.8038,46.68,1186.9,1.3612,31.79,31.92,1.758,12.6533
2010-08-17,6.792,46.6,1176.0,1.3528,31.72,31.86,1.7513,12.5833
2010-08-18,6.7911,46.54,1174.0,1.3489,31.59,31.85,1.7513,12.5975
2010-08-19,6.7897,46.35,1172.15,1.3545,31.54,31.89,1.7626,12.731
2010-08-20,6.79,45.7,1183.2,1.3583,31.52,31.92,1.7615,12.7705
2010-08-23,6.7995,46.5,1181.6,1.357,31.45,31.9,1.764,12.8751
2010-08-24,6.7966,46.86,1191.0,1.3591,31.51,31.98,1.7622,12.9184
2010-08-25,6.7995,46.87,1196.15,1.3607,31.47,32.02,1.768,13.0291
2010-08-26,6.7998,46.78,1190.1,1.355,31.34,32.0,1.759,12.9753
2010-08-27,6.7977,46.8,1195.1,1.3528,31.22,31.98,1.7493,13.0008
2010-08-30,6.8029,46.87,1191.0,1.354,31.28,32.02,1.757,13.1436
2010-08-31,6.8069,47.02,1198.0,1.3546,31.27,32.01,1.7529,13.1671
2010-09-01,6.8102,46.74,1184.0,1.3468,31.16,31.99,1.7406,13.04
2010-09-02,6.807,46.65,1178.0,1.3457,31.15,31.96,1.7339,13.055
2010-09-03,6.8014,46.58,1173.0,1.3437,31.16,31.87,1.7238,12.945
2010-09-07,6.7906,46.82,1177.0,1.3477,31.16,31.94,1.728,13.0599
2010-09-08,6.794,46.5,1171.5,1.343,31.01,31.9,1.723,13.0135
2010-09-09,6.782,46.3,1166.75,1.341,30.79,31.84,1.7256,13.0127
2010-09-10,6.769,46.28,1164.85,1.34,30.76,31.82,1.7183,12.9605
2010-09-13,6.7595,46.26,1159.0,1.3362,30.72,31.68,1.7165,12.8635
2010-09-14,6.743,46.15,1159.5,1.3326,30.74,31.72,1.7037,12.8177
2010-09-15,6.738,46.23,1158.0,1.3379,30.84,31.72,1.7176,12.7772
2010-09-16,6.725,46.14,1161.0,1.3373,30.78,31.66,1.7198,12.8531
2010-09-17,6.723,45.88,1160.0,1.3363,30.73,31.65,1.7145,12.8075
2010-09-20,6.7135,45.65,1160.5,1.3331,30.72,31.63,1.7158,12.771
2010-09-21,6.7059,45.59,1160.0,1.3315,30.8,31.58,1.7276,12.7638
2010-09-22,6.7035,45.56,1150.0,1.3258,30.62,31.52,1.7226,12.696
2010-09-23,6.7046,45.56,1150.65,1.3262,30.68,31.54,1.7187,12.6413
2010-09-24,6.7035,45.1,1154.2,1.3226,30.65,31.34,1.7119,12.5485
2010-09-27,6.6911,44.94,1146.0,1.3217,30.55,31.35,1.7089,12.5176
2010-09-28,6.6904,45.04,1145.5,1.318,30.54,31.41,1.7071,12.4926
2010-09-29,6.6869,44.8,1139.0,1.315,30.44,31.15,1.7039,12.4885
2010-09-30,6.6905,44.56,1140.1,1.3162,30.32,31.19,1.696,12.627
2010-10-01,6.6895,44.41,1130.25,1.3117,30.15,31.3,1.681,12.5433
2010-10-04,6.6912,44.55,1122.25,1.3143,30.11,31.24,1.6887,12.6081
2010-10-05,6.6906,44.46,1129.85,1.3098,30.09,31.06,1.6733,12.5141
2010-10-06,6.6893,44.25,1117.4,1.3072,29.9,30.86,1.6721,12.48
2010-10-07,6.6903,44.21,1114.0,1.3075,29.93,30.74,1.6798,12.5452
2010-10-08,6.671,44.39,1120.7,1.3055,29.95,30.84,1.6748,12.4671
2010-10-12,6.6733,44.55,1130.15,1.306,29.94,30.98,1.6697,12.4285
2010-10-13,6.6634,44.35,1119.0,1.3027,29.83,30.84,1.6574,12.3705
2010-10-14,6.6505,44.05,1110.4,1.2972,29.79,30.66,1.6633,12.4156
2010-10-15,6.6397,44.15,1109.6,1.2961,29.79,30.66,1.6576,12.415
2010-10-18,6.644,44.26,1115.0,1.2985,29.85,30.75,1.6632,12.4205
2010-10-19,6.6444,44.3,1126.7,1.3075,29.96,30.89,1.6914,12.4625
2010-10-20,6.6518,44.25,1124.9,1.3028,29.88,30.83,1.6749,12.4025
2010-10-21,6.6502,44.25,1128.4,1.299,29.81,30.74,1.693,12.3885
2010-10-22,6.6583,44.52,1125.6,1.2994,29.92,30.83,1.6948,12.4021
2010-10-25,6.6579,44.39,1115.6,1.292,29.82,30.42,1.7078,12.3278
2010-10-26,6.6625,44.54,1122.0,1.2974,29.88,30.65,1.7053,12.382
2010-10-27,6.6805,44.4,1130.0,1.306,29.97,30.74,1.7164,12.465
2010-10-28,6.6867,44.36,1123.0,1.296,29.92,30.63,1.7119,12.4061
2010-10-29,6.6707,44.44,1124.0,1.2945,29.92,30.6,1.6982,12.3415
2010-11-01,6.6892,44.36,1116.73,1.2916,29.85,30.5,1.7042,12.3417
2010-11-02,6.6775,44.0,1111.0,1.2872,29.79,30.45,1.7033,12.301
2010-11-03,6.6758,44.38,1109.8,1.2887,29.76,30.42,1.6985,12.2962
2010-11-04,6.6609,44.08,1106.53,1.2824,29.67,30.17,1.679,12.2371
2010-11-05,6.655,43.9,1107.7,1.2862,29.61,30.19,1.6831,12.2121
2010-11-08,6.6791,44.29,1114.0,1.2869,29.58,30.18,1.6974,12.246
2010-11-09,6.6424,44.25,1111.4,1.2855,29.49,30.14,1.6987,12.2155
2010-11-10,6.6335,44.28,1109.6,1.2885,29.58,30.12,1.709,12.256
2010-11-12,6.6368,44.78,1127.2,1.2934,29.79,30.22,1.72,12.2678
2010-11-15,6.6418,45.11,1134.7,1.3009,29.89,30.19,1.7216,12.2862
2010-11-16,6.6378,45.51,1129.8,1.3046,29.9,30.25,1.7378,12.445
2010-11-17,6.6415,45.09,1143.75,1.3017,30.01,30.44,1.7227,12.3633
2010-11-18,6.633,45.14,1129.9,1.2963,29.95,30.27,1.7137,12.2951
2010-11-19,6.6398,45.25,1131.15,1.298,29.96,30.27,1.7204,12.3
2010-11-22,6.6414,45.48,1126.0,1.2981,29.92,30.15,1.7223,12.3001
2010-11-23,6.6433,45.56,1162.0,1.3129,30.03,30.51,1.7378,12.473
2010-11-24,6.6529,45.72,1146.0,1.3085,29.99,30.44,1.723,12.4016
2010-11-26,6.6675,45.82,1153.95,1.3194,30.26,30.46,1.7268,12.494
2010-11-29,6.66,45.8,1164.05,1.3223,30.18,30.52,1.7282,12.5668
2010-11-30,6.667,45.83,1157.2,1.3202,30.17,30.47,1.7146,12.454
2010-12-01,6.663,45.29,1149.0,1.309,30.04,30.37,1.703,12.3735
2010-12-02,6.6609,45.09,1148.0,1.3062,30.01,30.34,1.7015,12.3471
2010-12-03,6.6628,44.9,1136.5,1.303,30.03,30.22,1.6859,12.3549
2010-12-06,6.6483,44.89,1136.7,1.3055,30.01,30.14,1.6848,12.387
2010-12-07,6.6455,44.7,1130.0,1.3035,29.98,30.08,1.6809,12.4255
2010-12-08,6.6616,45.0,1142.5,1.3147,30.1,30.16,1.6901,12.4362
2010-12-09,6.6549,45.13,1140.0,1.312,30.06,30.16,1.7064,12.4725
2010-12-10,6.655,45.1,1143.0,1.3083,30.04,30.17,1.7183,12.4542
2010-12-13,6.6652,45.18,1144.9,1.3043,30.03,30.01,1.7054,12.3855
2010-12-14,6.6563,45.01,1139.0,1.3012,29.99,29.89,1.6945,12.3633
2010-12-15,6.6541,45.38,1154.95,1.3126,30.05,29.87,1.6979,12.3965
2010-12-16,6.6635,45.54,1155.0,1.3163,30.13,29.85,1.7048,12.4496
2010-12-17,6.6545,45.16,1155.05,1.3164,30.13,29.9,1.7134,12.4286
2010-12-20,6.6745,45.4,1154.1,1.3165,30.15,29.92,1.7081,12.4115
2010-12-21,6.658,45.19,1155.15,1.3125,30.14,29.85,1.697,12.371
2010-12-22,6.645,45.05,1153.9,1.3068,30.14,29.82,1.6958,12.3311
2010-12-23,6.645,45.06,1151.9,1.3046,30.14,29.82,1.6938,12.3353
2010-12-27,6.6306,45.26,1148.9,1.3005,30.16,29.48,1.6897,12.3661
2010-12-28,6.6247,45.0,1143.0,1.2967,30.16,29.46,1.6898,12.3623
2010-12-29,6.62,44.97,1143.0,1.2942,30.15,29.28,1.681,12.36
2010-12-30,6.6,44.8,1130.6,1.2885,30.16,29.14,1.6631,12.3825
2011-01-03,6.5895,44.59,1124.3,1.2842,30.05,29.08,1.6452,12.2535
2011-01-04,6.6065,44.9,1124.2,1.2874,30.08,29.17,1.6687,12.2545
2011-01-05,6.585,45.35,1127.3,1.2911,30.2,29.17,1.6694,12.1964
2011-01-06,6.626,45.15,1121.0,1.2949,30.24,29.26,1.688,12.2361
2011-01-07,6.6276,45.35,1120.2,1.2945,30.32,29.36,1.685,12.244
2011-01-10,6.6364,45.36,1128.1,1.2986,30.63,29.26,1.6921,12.24
2011-01-11,6.6185,45.08,1124.0,1.2938,30.51,29.13,1.6899,12.1765
2011-01-12,6.6037,45.02,1111.6,1.2892,30.37,29.18,1.6761,12.0589
2011-01-13,6.6044,45.02,1111.2,1.2842,30.37,28.98,1.6666,12.0887
2011-01-14,6.5876,45.41,1114.55,1.2886,30.49,29.02,1.6819,12.0582
2011-01-18,6.5828,45.32,1111.0,1.2824,30.46,29.02,1.6725,12.0451
2011-01-19,6.5823,45.5,1113.2,1.2815,30.46,29.02,1.6704,12.0681
2011-01-20,6.5852,45.77,1124.1,1.2887,30.62,29.24,1.6735,12.0798
2011-01-21,6.5831,45.58,1118.0,1.283,30.69,29.08,1.6705,12.057
2011-01-24,6.5809,45.51,1118.0,1.2806,30.89,29.05,1.6695,12.0422
2011-01-25,6.5824,45.7,1121.6,1.2819,30.94,29.02,1.67,12.0855
2011-01-26,6.5814,45.46,1116.0,1.2793,30.8,29.06,1.6682,12.039
2011-01-27,6.5814,45.68,1114.3,1.2791,30.92,29.03,1.6746,12.0415
2011-01-28,6.5819,45.83,1115.6,1.2841,31.01,29.05,1.6845,12.14
2011-01-31,6.6017,45.92,1119.1,1.2794,30.86,29.03,1.6739,12.1541
2011-02-01,6.5937,45.65,1113.6,1.2712,30.87,29.02,1.662,12.0053
2011-02-02,6.556,45.55,1113.6,1.272,30.86,29.02,1.6641,12.028
2011-02-03,6.556,45.66,1113.6,1.2741,30.9,29.03,1.6676,12.04
2011-02-04,6.556,45.6,1113.6,1.2746,30.8,29.03,1.6745,11.9977
2011-02-07,6.56,45.35,1103.6,1.2742,30.7,29.03,1.678,11.97
2011-02-08,6.552,45.15,1100.9,1.2716,30.68,28.9,1.6679,11.9816
2011-02-09,6.5914,45.36,1107.4,1.2736,30.71,28.78,1.6621,12.0568
2011-02-10,6.5864,45.64,1120.9,1.2768,30.79,28.93,1.667,12.0757
2011-02-11,6.5917,45.6,1126.3,1.2829,30.77,29.17,1.6655,12.0673
2011-02-14,6.5965,45.44,1125.9,1.2821,30.72,29.35,1.6665,12.0446
2011-02-15,6.5884,45.41,1121.3,1.28,30.69,29.43,1.668,12.1299
2011-02-16,6.5884,45.4,1115.3,1.2796,30.6,29.43,1.6724,12.0875
2011-02-17,6.585,45.25,1114.5,1.2757,30.59,29.42,1.6605,12.0441
2011-02-18,6.5731,45.1,1111.0,1.2736,30.55,29.4,1.6645,12.0085
2011-02-22,6.5795,45.15,1125.35,1.2791,30.6,29.53,1.666,12.0983
2011-02-23,6.5741,45.06,1125.2,1.2772,30.59,29.57,1.6737,12.1824
2011-02-24,6.572,45.4,1130.55,1.2756,30.6,29.76,1.6617,12.1762
2011-02-25,6.5749,45.26,1125.0,1.2727,30.62,29.74,1.6597,12.1261
2011-02-28,6.5713,45.18,1123.7,1.272,30.57,29.74,1.6598,12.113
2011-03-01,6.57,44.82,1123.5,1.2707,30.52,29.54,1.66,12.0882
2011-03-02,6.5723,44.81,1121.0,1.2694,30.52,29.63,1.66,12.1114
2011-03-03,6.5717,45.04,1115.4,1.268,30.45,29.47,1.655,12.0301
2011-03-04,6.567,44.89,1117.5,1.2665,30.44,29.36,1.6432,12.0066
2011-03-07,6.554,44.95,1115.35,1.2655,30.39,29.35,1.6532,12.032
2011-03-08,6.5684,45.03,1115.0,1.2675,30.33,29.42,1.6542,12.001
2011-03-09,6.558,44.88,1114.45,1.2675,30.29,29.35,1.6553,11.9681
2011-03-10,6.5731,45.17,1123.7,1.2715,30.38,29.46,1.6589,11.9641
2011-03-11,6.5742,45.24,1126.0,1.2682,30.36,29.56,1.6612,11.9211
2011-03-14,6.5696,44.99,1127.0,1.2675,30.33,29.48,1.6658,11.9188
2011-03-15,6.573,45.22,1135.6,1.2805,30.41,29.54,1.6673,12.0033
2011-03-16,6.5713,45.0,1132.6,1.2817,30.38,29.53,1.6685,12.0842
2011-03-17,6.5743,45.12,1133.1,1.2782,30.26,29.55,1.6723,12.0997
2011-03-18,6.5689,45.06,1126.0,1.2744,30.27,29.59,1.6727,12.0584
2011-03-21,6.5635,44.98,1121.5,1.2672,30.25,29.56,1.6638,11.9905
2011-03-22,6.551,44.95,1120.6,1.2631,30.19,29.56,1.6632,11.987
2011-03-23,6.5591,44.8,1124.1,1.2654,30.27,29.57,1.6609,12.004
2011-03-24,6.558,44.69,1118.6,1.2603,30.23,29.57,1.6565,11.9532
2011-03-25,6.5568,44.6,1110.7,1.2605,30.23,29.43,1.656,11.933
2011-03-28,6.5643,44.8,1111.5,1.2612,30.28,29.48,1.6591,11.9561
2011-03-29,6.56,44.7,1112.2,1.262,30.32,29.47,1.6559,11.965
2011-03-30,6.5558,44.75,1100.5,1.2621,30.32,29.47,1.6274,11.9211
2011-03-31,6.5483,44.54,1097.25,1.26,30.24,29.4,1.6287,11.917
2011-04-01,6.5477,44.44,1086.7,1.2606,30.26,29.25,1.6156,11.829
2011-04-04,6.5385,44.3,1086.45,1.2602,30.2,29.24,1.6099,11.8552
2011-04-05,6.539,44.3,1086.5,1.2605,30.17,29.31,1.6083,11.8216
2011-04-06,6.544,44.06,1084.0,1.2602,30.13,28.99,1.6021,11.7866
2011-04-07,6.542,44.18,1088.6,1.2611,30.07,28.94,1.5925,11.7922
2011-04-08,6.535,44.05,1082.0,1.257,30.01,28.92,1.5765,11.746
2011-04-11,6.5381,44.33,1085.5,1.2556,30.06,28.98,1.579,11.7412
2011-04-12,6.5402,44.17,1091.8,1.2588,30.16,29.08,1.5895,11.823
2011-04-13,6.5333,44.46,1086.3,1.2556,30.14,29.0,1.5923,11.8055
2011-04-14,6.531,44.39,1086.55,1.248,30.13,29.0,1.5825,11.76
2011-04-15,6.5317,44.26,1087.0,1.2424,30.12,29.04,1.5721,11.7022
2011-04-18,6.5286,44.36,1088.0,1.2489,30.1,29.08,1.595,11.7785
2011-04-19,6.5303,44.49,1085.7,1.245,30.03,29.07,1.58,11.696
2011-04-20,6.5254,44.33,1076.5,1.2385,29.93,29.0,1.5683,11.6203
2011-04-21,6.492,44.26,1079.5,1.2341,29.89,28.85,1.5635,11.6055
2011-04-22,6.5067,44.36,1080.8,1.2338,29.89,28.88,1.566,11.602
2011-04-25,6.5277,44.41,1081.1,1.2355,29.92,28.89,1.5701,11.6175
2011-04-26,6.527,44.51,1083.6,1.2321,29.95,28.9,1.5636,11.5736
2011-04-27,6.5112,44.0,1078.8,1.2327,29.95,28.86,1.5685,11.5954
2011-04-28,6.501,44.42,1072.9,1.2292,29.92,28.68,1.587,11.5486
2011-04-29,6.49,44.24,1068.4,1.223,29.86,28.67,1.567,11.5237
2011-05-02,6.492,44.27,1065.5,1.2222,29.81,28.67,1.5745,11.505
2011-05-03,6.4955,44.47,1071.3,1.225,29.96,28.56,1.5835,11.558
2011-05-04,6.4925,44.35,1076.3,1.2312,30.03,28.56,1.603,11.6295
2011-05-05,6.4931,44.76,1081.3,1.2382,30.16,28.62,1.6172,11.693
2011-05-06,6.4925,44.72,1085.1,1.2337,30.15,28.6,1.6037,11.5831
2011-05-09,6.4937,44.68,1081.0,1.2335,30.19,28.61,1.621,11.6303
2011-05-10,6.4915,44.75,1082.2,1.2335,30.16,28.59,1.6069,11.592
2011-05-11,6.4915,44.59,1076.0,1.2321,30.12,28.5,1.619,11.6041
2011-05-12,6.4986,44.98,1088.0,1.241,30.27,28.58,1.6192,11.6698
2011-05-13,6.4977,44.86,1086.8,1.2458,30.23,28.64,1.6382,11.7463
2011-05-16,6.5073,45.15,1091.7,1.25,30.28,28.8,1.6266,11.722
2011-05-17,6.5057,45.13,1088.3,1.2494,30.31,28.84,1.6335,11.7661
2011-05-18,6.5029,45.06,1087.6,1.2408,30.23,28.84,1.6115,11.7173
2011-05-19,6.5042,44.9,1086.0,1.2399,30.26,28.82,1.6179,11.6716
2011-05-20,6.4917,44.99,1082.7,1.2384,30.25,28.81,1.6155,11.6555
2011-05-23,6.505,45.22,1097.8,1.2488,30.4,28.9,1.6345,11.7335
2011-05-24,6.499,45.21,1093.2,1.246,30.38,28.92,1.6287,11.6986
2011-05-25,6.493,45.32,1101.6,1.246,30.42,28.99,1.6264,11.682
2011-05-26,6.4913,45.33,1089.0,1.2461,30.42,28.89,1.6232,11.691
2011-05-27,6.492,45.17,1082.2,1.236,30.3,28.87,1.5985,11.6113
2011-05-31,6.4786,45.04,1078.0,1.2342,30.31,28.64,1.5833,11.579
2011-06-01,6.478,44.84,1076.2,1.231,30.2,28.58,1.5831,11.6362
2011-06-02,6.4824,44.86,1081.4,1.2356,30.3,28.77,1.5813,11.6839
2011-06-03,6.4796,44.82,1077.0,1.2292,30.27,28.66,1.5722,11.6585
2011-06-06,6.4796,44.78,1078.55,1.2287,30.26,28.62,1.5799,11.6931
2011-06-07,6.481,44.67,1081.8,1.2283,30.28,28.72,1.5748,11.735
2011-06-08,6.4754,44.72,1080.0,1.2315,30.38,28.71,1.581,11.792
2011-06-09,6.4757,44.64,1082.8,1.2292,30.39,28.71,1.5832,11.7786
2011-06-10,6.4801,44.72,1084.0,1.2345,30.42,28.78,1.5974,11.8668
2011-06-13,6.483,44.85,1085.2,1.2371,30.46,28.82,1.5892,11.88
2011-06-14,6.4794,44.74,1082.4,1.2307,30.42,28.84,1.5808,11.7986
2011-06-15,6.482,44.79,1083.0,1.2365,30.51,28.82,1.594,11.8819
2011-06-16,6.4746,44.88,1091.15,1.2405,30.59,28.92,1.6106,11.9717
2011-06-17,6.47,44.76,1085.8,1.2332,30.53,28.99,1.596,11.904
2011-06-20,6.472,44.92,1082.25,1.2349,30.54,28.95,1.5932,11.8842
2011-06-21,6.465,44.84,1078.45,1.2312,30.46,28.86,1.5882,11.8068
2011-06-22,6.4628,44.82,1073.85,1.2306,30.38,28.84,1.5872,11.7793
2011-06-23,6.4676,44.89,1082.85,1.2385,30.58,28.86,1.5904,11.8687
2011-06-24,6.4737,44.99,1078.7,1.2372,30.69,28.88,1.5949,11.8832
2011-06-27,6.4815,44.94,1084.95,1.2412,30.9,28.94,1.5941,11.8936
2011-06-28,6.4699,45.0,1080.3,1.2387,30.94,28.9,1.579,11.8375
2011-06-29,6.4633,44.78,1073.0,1.2327,30.79,28.9,1.569,11.768
2011-06-30,6.4635,44.59,1066.3,1.2273,30.7,28.79,1.5595,11.7191
2011-07-01,6.4645,44.62,1065.05,1.2264,30.76,28.75,1.5558,11.6294
2011-07-05,6.466,44.35,1065.0,1.2274,30.46,28.77,1.5636,11.6226
2011-07-06,6.467,44.48,1066.5,1.2287,30.45,28.83,1.5655,11.6361
2011-07-07,6.4655,44.32,1063.9,1.223,30.28,28.81,1.5543,11.5725
2011-07-08,6.4645,44.41,1056.9,1.2217,30.22,28.75,1.5631,11.6279
2011-07-11,6.4671,44.48,1057.6,1.2272,30.3,28.82,1.5776,11.7268
2011-07-12,6.472,44.6,1064.05,1.2248,30.31,28.91,1.576,11.7889
2011-07-13,6.4675,44.52,1055.1,1.2176,30.07,28.87,1.5708,11.7111
2011-07-14,6.459,44.5,1055.55,1.2175,30.06,28.81,1.5733,11.7086
2011-07-15,6.461,44.51,1058.0,1.2173,30.06,28.87,1.574,11.7123
2011-07-18,6.4688,44.6,1061.85,1.2192,30.01,28.93,1.5833,11.7972
2011-07-19,6.4631,44.48,1059.6,1.2152,29.88,28.88,1.5675,11.7042
2011-07-20,6.4581,44.44,1053.95,1.2138,29.88,28.86,1.5655,11.6708
2011-07-21,6.4535,44.4,1054.5,1.2102,29.87,28.88,1.5538,11.6198
2011-07-22,6.4464,44.34,1050.25,1.2082,29.76,28.81,1.5509,11.624
2011-07-25,6.445,44.39,1053.45,1.207,29.73,28.85,1.5402,11.663
2011-07-26,6.4411,44.1,1049.2,1.2034,29.68,28.82,1.5375,11.6226
2011-07-27,6.4428,44.15,1052.5,1.2031,29.73,28.77,1.566,11.6479
2011-07-28,6.4418,44.03,1051.55,1.2021,29.7,28.83,1.562,11.6731
2011-07-29,6.436,44.2,1054.0,1.2031,29.74,28.88,1.5495,11.7235
2011-08-01,6.4337,44.06,1051.3,1.205,29.73,28.8,1.561,11.7525
2011-08-02,6.4379,44.26,1052.4,1.2044,29.74,28.86,1.5651,11.7629
2011-08-03,6.434,44.31,1058.85,1.2065,29.74,28.92,1.5645,11.8384
2011-08-04,6.4377,44.56,1061.5,1.2195,29.84,28.94,1.579,12.008
2011-08-05,6.4401,44.73,1067.2,1.2214,29.86,29.01,1.5993,12.0402
2011-08-08,6.4342,45.0,1082.9,1.2171,29.87,28.98,1.599,12.1768
2011-08-09,6.4304,45.2,1087.45,1.2146,29.91,29.02,1.629,12.344
2011-08-10,6.4172,45.25,1080.1,1.2177,29.88,28.95,1.624,12.385
2011-08-11,6.3935,45.29,1078.2,1.2116,29.96,28.98,1.6277,12.41
2011-08-12,6.3892,45.39,1078.9,1.211,29.96,28.97,1.6125,12.2825
2011-08-15,6.3902,45.23,1078.8,1.2035,29.84,28.94,1.5937,12.2501
2011-08-16,6.3818,45.25,1068.05,1.2007,29.83,28.92,1.5871,12.2489
2011-08-17,6.3839,45.3,1068.55,1.2025,29.83,28.95,1.5841,12.1875
2011-08-18,6.3873,45.71,1076.75,1.2153,29.88,28.97,1.6046,12.3565
2011-08-19,6.391,45.66,1087.2,1.208,29.81,29.0,1.5986,12.2327
2011-08-22,6.4004,45.56,1083.15,1.2085,29.82,29.01,1.6058,12.3227
2011-08-23,6.3975,45.62,1077.2,1.2038,29.83,28.96,1.5991,12.3155
2011-08-24,6.388,45.89,1083.65,1.2055,29.91,29.01,1.6051,12.4222
2011-08-25,6.39,46.04,1088.25,1.2105,29.99,29.0,1.6115,12.4155
2011-08-26,6.386,46.15,1079.5,1.2035,29.96,29.03,1.6055,12.4657
2011-08-29,6.3809,45.95,1073.45,1.2052,29.97,29.02,1.5957,12.4157
2011-08-30,6.3802,46.01,1072.15,1.2063,29.99,29.02,1.5867,12.4831
2011-08-31,6.3778,45.79,1063.9,1.2031,29.94,28.99,1.5841,12.3262
2011-09-01,6.3812,45.66,1061.4,1.2023,29.95,28.93,1.6005,12.2556
2011-09-02,6.3821,45.74,1064.85,1.2045,29.89,29.0,1.6345,12.363
2011-09-06,6.3901,46.0,1076.9,1.2101,29.95,29.1,1.661,12.5201
2011-09-07,6.394,46.07,1070.65,1.2093,29.98,29.1,1.6543,12.4702
2011-09-08,6.3833,46.2,1075.3,1.213,30.01,29.14,1.6545,12.4996
2011-09-09,6.388,46.64,1077.1,1.2273,30.06,29.2,1.6798,12.647
2011-09-12,6.3877,47.22,1076.75,1.2362,30.15,29.28,1.6964,12.775
2011-09-13,6.397,47.49,1076.75,1.241,30.17,29.47,1.7132,12.9367
2011-09-14,6.391,47.58,1107.45,1.2453,30.27,29.57,1.728,12.954
2011-09-15,6.3904,47.54,1113.25,1.2442,30.32,29.62,1.7115,12.9083
2011-09-16,6.3833,47.27,1112.4,1.2397,30.33,29.54,1.7097,12.9676
2011-09-19,6.3864,47.72,1139.4,1.2632,30.54,29.73,1.7866,13.1856
2011-09-20,6.3837,47.93,1140.0,1.258,30.38,29.88,1.7891,13.1664
2011-09-21,6.3811,48.32,1152.4,1.274,30.56,29.94,1.8355,13.4127
2011-09-22,6.3879,49.47,1179.7,1.3088,30.78,30.4,1.8787,13.8748
2011-09-23,6.3877,49.34,1164.9,1.295,30.91,30.38,1.8585,13.7753
2011-09-26,6.3975,49.47,1181.0,1.2981,31.15,30.48,1.8452,13.6683
2011-09-27,6.3975,48.92,1164.5,1.2795,30.85,30.46,1.8067,13.3376
2011-09-28,6.3933,48.94,1171.9,1.2855,31.03,30.41,1.815,13.3779
2011-09-29,6.3964,48.93,1172.6,1.292,31.17,30.45,1.8261,13.4715
2011-09-30,6.378,49.05,1180.9,1.3006,31.15,30.45,1.8485,13.7701
2011-10-03,6.3745,49.09,1180.0,1.3104,31.11,30.62,1.8815,13.8767
2011-10-04,6.3745,49.3,1197.5,1.3135,31.24,30.67,1.881,13.931
2011-10-05,6.3745,49.24,1186.5,1.3038,31.17,30.62,1.8356,13.6701
2011-10-06,6.378,49.18,1184.0,1.3008,31.02,30.6,1.8081,13.5291
2011-10-07,6.3745,48.89,1170.5,1.2903,30.87,30.47,1.7662,13.3016
2011-10-11,6.3745,49.24,1171.15,1.2817,30.92,30.32,1.7529,13.321
2011-10-12,6.358,48.95,1164.5,1.2751,30.8,30.35,1.7745,13.2303
2011-10-13,6.382,49.22,1157.75,1.2803,30.87,30.26,1.745,13.3621
2011-10-14,6.378,48.89,1156.0,1.2662,30.77,30.28,1.7373,13.2906
2011-10-17,6.3695,49.03,1148.35,1.2675,30.61,30.11,1.7491,13.2904
2011-10-18,6.3804,49.33,1149.5,1.2691,30.73,30.16,1.7568,13.4215
2011-10-19,6.3769,49.17,1133.5,1.2657,30.71,30.12,1.7655,13.3802
2011-10-20,6.3825,49.86,1147.0,1.2727,30.99,30.25,1.7983,13.7675
2011-10-21,6.3823,49.82,1147.2,1.2743,30.94,30.27,1.7702,13.5759
2011-10-24,6.3744,49.72,1133.2,1.2654,30.81,30.06,1.7522,13.4546
2011-10-25,6.3605,49.41,1131.25,1.263,30.8,30.11,1.7611,13.443
2011-10-26,6.3534,49.4,1134.65,1.2743,30.77,30.1,1.7645,13.4697
2011-10-27,6.359,49.0,1106.6,1.2464,30.49,30.04,1.7207,13.1711
2011-10-28,6.357,48.63,1102.5,1.2421,30.48,29.86,1.6916,13.1025
2011-10-31,6.3547,48.67,1112.05,1.2515,30.69,29.91,1.6933,13.169
2011-11-01,6.3547,49.26,1122.05,1.2782,30.88,30.07,1.7525,13.6665
2011-11-02,6.355,49.1,1120.65,1.272,30.72,30.08,1.7355,13.484
2011-11-03,6.3513,49.04,1127.4,1.2718,30.68,30.2,1.7433,13.427
2011-11-04,6.34,48.99,1110.6,1.2676,30.65,30.02,1.7545,13.4735
2011-11-07,6.3481,48.94,1117.3,1.2701,30.65,30.12,1.7516,13.455
2011-11-08,6.3462,49.39,1118.1,1.2699,30.66,30.1,1.7388,13.3826
2011-11-09,6.3401,50.05,1118.85,1.2839,30.71,30.05,1.7596,13.4955
2011-11-10,6.3454,49.98,1131.85,1.2902,30.81,30.23,1.7627,13.5477
2011-11-14,6.3536,50.37,1126.05,1.2905,30.78,30.17,1.7623,13.4865
2011-11-15,6.3464,50.62,1128.5,1.2927,30.82,30.24,1.7711,13.5851
2011-11-16,6.3445,50.66,1134.15,1.2915,30.82,30.21,1.7723,13.5919
2011-11-17,6.3505,50.95,1132.15,1.293,30.89,30.19,1.7671,13.6281
2011-11-18,6.3565,51.23,1138.5,1.2965,31.0,30.24,1.7817,13.7015
2011-11-21,6.3603,52.06,1143.0,1.3023,31.22,30.33,1.8064,14.0178
2011-11-22,6.3605,52.48,1146.65,1.3017,31.2,30.3,1.8141,13.981
2011-11-23,6.3576,52.26,1159.7,1.3106,31.35,30.39,1.8606,14.1426
2011-11-25,6.3802,52.23,1162.0,1.3117,31.38,30.43,1.8865,14.2542
2011-11-28,6.3839,51.94,1152.5,1.3001,31.3,30.37,1.8545,14.0432
2011-11-29,6.3769,51.9,1139.5,1.2944,31.23,30.38,1.8461,13.9252
2011-11-30,6.3765,52.12,1140.05,1.2825,30.88,30.31,1.8072,13.6201
2011-12-01,6.3655,51.36,1126.55,1.2823,30.81,30.1,1.7965,13.5875
2011-12-02,6.3596,50.5,1128.0,1.284,30.81,30.14,1.8002,13.5425
2011-12-05,6.3629,51.31,1124.5,1.2777,30.75,30.13,1.7841,13.489
2011-12-06,6.3645,51.23,1128.5,1.2836,30.84,30.22,1.794,13.5
2011-12-07,6.3642,51.62,1129.05,1.2855,30.75,30.15,1.7908,13.5107
2011-12-08,6.3618,51.7,1133.55,1.2943,30.77,30.16,1.8137,13.6807
2011-12-09,6.3641,51.87,1146.6,1.2931,30.9,30.21,1.8072,13.6128
2011-12-12,6.3604,52.6,1149.2,1.3012,31.19,30.2,1.8385,13.8568
2011-12-13,6.3648,53.09,1157.0,1.3013,31.19,30.24,1.8527,13.7896
2011-12-14,6.371,53.71,1158.3,1.3087,31.33,30.32,1.8812,13.94
2011-12-15,6.3733,53.55,1156.95,1.3078,31.42,30.36,1.8603,13.8313
2011-12-16,6.3479,52.49,1158.5,1.3032,31.31,30.35,1.8548,13.885
2011-12-19,6.3376,52.69,1175.5,1.3069,31.29,30.38,1.8662,13.861
2011-12-20,6.3459,52.76,1157.0,1.2988,31.23,30.33,1.8459,13.7866
2011-12-21,6.3386,52.39,1150.8,1.2975,31.27,30.28,1.8574,13.8523
2011-12-22,6.3392,52.56,1154.0,1.2929,31.24,30.25,1.8523,13.829
2011-12-23,6.3364,52.78,1149.0,1.2935,31.27,30.27,1.8595,13.8189
2011-12-27,6.321,52.93,1155.65,1.2965,31.43,30.3,1.8591,13.9727
2011-12-28,6.3211,52.88,1157.0,1.2986,31.59,30.35,1.8779,13.9927
2011-12-29,6.3187,53.0,1156.5,1.3003,31.76,30.25,1.8662,13.9755
2011-12-30,6.2939,53.01,1158.5,1.2948,31.51,30.27,1.8627,13.951
2012-01-03,6.294,53.11,1143.7,1.2824,31.29,30.28,1.8338,13.6736
2012-01-04,6.2941,52.85,1147.35,1.2873,31.5,30.27,1.8205,13.6968
2012-01-05,6.3013,52.89,1155.55,1.2923,31.62,30.24,1.8399,13.7502
2012-01-06,6.3088,52.67,1160.0,1.2931,31.7,30.23,1.8487,13.7165
2012-01-09,6.3143,52.39,1158.8,1.2973,31.78,30.17,1.8411,13.7344
2012-01-10,6.3141,51.59,1153.55,1.289,31.62,30.03,1.8041,13.6211
2012-01-11,6.3149,51.78,1159.55,1.2923,31.75,29.96,1.8057,13.6517
2012-01-12,6.3177,51.51,1151.25,1.2907,31.76,29.96,1.7825,13.5976
2012-01-13,6.3065,51.43,1150.35,1.2929,31.81,29.98,1.7945,13.614
2012-01-17,6.3136,50.69,1142.85,1.2839,31.76,29.95,1.7778,13.4614
2012-01-18,6.3109,50.4,1139.0,1.2785,31.74,29.96,1.7688,13.3284
2012-01-19,6.3162,50.3,1133.6,1.2733,31.62,29.95,1.7593,13.2269
2012-01-20,6.333,50.22,1133.0,1.2728,31.5,29.95,1.7629,13.2276
2012-01-23,6.333,49.99,1125.4,1.2667,31.35,29.95,1.7534,13.1477
2012-01-24,6.333,50.02,1129.25,1.2693,31.36,29.87,1.7637,13.1654
2012-01-25,6.333,50.18,1129.05,1.27,31.57,29.95,1.7613,13.156
2012-01-26,6.333,49.42,1120.1,1.2553,31.23,29.96,1.7392,12.9517
2012-01-27,6.333,49.39,1120.5,1.2526,31.05,29.75,1.7401,12.9251
2012-01-30,6.331,49.66,1128.0,1.2575,31.14,29.78,1.7507,12.9761
2012-01-31,6.308,49.54,1125.7,1.2576,30.97,29.61,1.7527,13.0356
2012-02-01,6.3076,49.2738,1126.35,1.2521,30.93,29.649,1.7383,12.9514
2012-02-02,6.3017,49.03,1115.65,1.2463,30.87,29.47,1.7233,12.8011
2012-02-03,6.3027,48.65,1116.0,1.2424,30.88,29.47,1.7232,12.7203
2012-02-06,6.312,49.05,1121.0,1.2475,30.93,29.6,1.7154,12.625
2012-02-07,6.3046,49.2,1117.0,1.2457,30.85,29.53,1.7214,12.6289
2012-02-08,6.2938,49.22,1116.4,1.2461,30.76,29.51,1.7185,12.6905
2012-02-09,6.2947,49.35,1118.55,1.2476,30.72,29.46,1.72,12.723
2012-02-10,6.2991,49.48,1123.0,1.2591,30.84,29.56,1.726,12.7996
2012-02-13,6.2972,49.14,1119.95,1.2551,30.72,29.47,1.7202,12.7206
2012-02-14,6.2995,49.4,1126.55,1.2646,30.83,29.56,1.7159,12.7618
2012-02-15,6.2998,49.35,1124.65,1.2609,30.77,29.51,1.7173,12.7556
2012-02-16,6.3014,49.43,1128.65,1.2625,30.82,29.55,1.7221,12.856
2012-02-17,6.2985,49.31,1126.25,1.2591,30.81,29.56,1.7135,12.8138
2012-02-21,6.296,49.21,1124.25,1.2565,30.68,29.58,1.7171,12.747
2012-02-22,6.296,49.24,1126.45,1.2581,30.54,29.59,1.7074,12.8305
2012-02-23,6.298,49.19,1128.9,1.2565,30.29,29.58,1.7096,12.8358
2012-02-24,6.2976,48.98,1124.0,1.2558,30.31,29.53,1.7065,12.8804
2012-02-27,6.3012,49.12,1127.25,1.2545,30.39,29.57,1.7058,12.8655
2012-02-28,6.2989,49.01,1125.85,1.252,30.3,29.56,1.6997,12.8646
2012-02-29,6.2935,48.99,1117.1,1.2474,30.46,29.37,1.7148,12.7941
2012-03-01,6.3001,49.14,1116.0,1.2474,30.5,29.37,1.7108,12.7661
2012-03-02,6.2982,49.55,1116.5,1.2511,30.58,29.43,1.7263,12.7745
2012-03-05,6.3066,49.82,1116.0,1.2577,30.66,29.48,1.7353,12.8241
2012-03-06,6.3082,50.3763,1122.64,1.2641,30.84,29.518,1.7584,12.99
2012-03-07,6.3097,50.27,1123.7,1.2598,30.7,29.52,1.7626,12.9293
2012-03-08,6.3159,50.17,1117.2,1.2527,30.56,29.47,1.7747,12.778
2012-03-09,6.3109,49.75,1116.0,1.254,30.56,29.41,1.7865,12.6307
2012-03-12,6.3258,49.98,1124.15,1.2613,30.63,29.55,1.8202,12.7203
2012-03-13,6.3266,49.92,1123.45,1.2581,30.58,29.51,1.7969,12.637
2012-03-14,6.3315,50.0,1126.1,1.2686,30.79,29.54,1.8175,12.6757
2012-03-15,6.3282,50.28,1124.85,1.263,30.72,29.53,1.8052,12.6686
2012-03-16,6.3222,50.11,1125.7,1.258,30.72,29.54,1.8025,12.6701
2012-03-19,6.3191,50.16,1120.35,1.2565,30.69,29.49,1.8073,12.628
2012-03-20,6.3203,50.48,1128.05,1.2626,30.77,29.56,1.8214,12.7046
2012-03-21,6.3226,50.6,1130.25,1.2652,30.76,29.55,1.8265,12.7031
2012-03-22,6.299,51.28,1134.6,1.2661,30.8,29.54,1.823,12.8326
2012-03-23,6.3021,51.18,1135.0,1.2625,30.71,29.56,1.8158,12.812
2012-03-26,6.3139,51.03,1133.35,1.257,30.68,29.61,1.8155,12.6808
2012-03-27,6.3061,50.66,1134.4,1.2562,30.71,29.55,1.8112,12.6578
2012-03-28,6.3044,50.97,1136.3,1.2584,30.79,29.54,1.8253,12.8014
2012-03-29,6.3057,51.38,1139.75,1.2613,30.91,29.58,1.8332,12.8533
2012-03-30,6.2975,50.89,1131.4,1.2573,30.82,29.5,1.8205,12.8115
2012-04-02,6.2979,50.79,1125.75,1.2539,30.81,29.49,1.8257,12.7569
2012-04-03,6.2975,50.64,1122.35,1.251,30.8,29.46,1.8232,12.7301
2012-04-04,6.2975,51.18,1131.25,1.2595,31.01,29.52,1.8293,12.8327
2012-04-05,6.3123,51.11,1129.5,1.2592,30.97,29.5,1.8296,12.8323
2012-04-06,6.3052,51.14,1131.75,1.2605,30.97,29.5,1.8218,12.9855
2012-04-09,6.31,51.1,1138.1,1.2625,30.93,29.55,1.8218,12.984
2012-04-10,6.3105,51.47,1139.5,1.2627,30.98,29.54,1.834,13.1782
2012-04-11,6.3076,51.5,1143.35,1.2586,30.87,29.5,1.8311,13.158
2012-04-12,6.3069,51.22,1137.4,1.2522,30.74,29.45,1.8261,13.063
2012-04-13,6.3022,51.45,1134.2,1.2474,30.73,29.48,1.8363,13.146
2012-04-16,6.315,51.6,1138.0,1.25,30.77,29.49,1.8384,13.229
2012-04-17,6.3015,51.41,1134.75,1.2481,30.79,29.48,1.8503,13.085
2012-04-18,6.3026,51.79,1139.35,1.2508,30.86,29.49,1.8703,13.127
2012-04-19,6.3029,52.07,1138.2,1.2508,30.87,29.49,1.8846,13.2286
2012-04-20,6.308,52.02,1138.1,1.2488,30.88,29.45,1.8662,13.1211
2012-04-23,6.3084,52.38,1142.5,1.2486,31.0,29.48,1.8854,13.2053
2012-04-24,6.3073,52.63,1138.4,1.2468,30.91,29.45,1.8765,13.1545
2012-04-25,6.3039,52.45,1139.0,1.2439,30.92,29.41,1.8828,13.1684
2012-04-26,6.3054,52.44,1133.0,1.2401,30.82,29.23,1.8865,13.2077
2012-04-27,6.3093,52.45,1131.0,1.2385,30.72,29.2,1.8843,12.9909
2012-04-30,6.279,52.65,1130.05,1.2368,30.74,29.15,1.893,12.99
2012-05-01,6.3089,52.5,1128.35,1.2355,30.7,29.11,1.9037,12.8877
2012-05-02,6.307,52.97,1129.1,1.2399,30.85,29.18,1.9151,12.958
2012-05-03,6.3052,53.33,1130.4,1.2425,30.95,29.23,1.9275,12.9853
2012-05-04,6.3059,53.41,1134.25,1.2445,30.92,29.24,1.9258,13.1631
2012-05-07,6.3074,52.91,1138.0,1.2465,30.99,29.35,1.924,13.1555
2012-05-08,6.3076,53.14,1138.46,1.2477,31.0,29.32,1.9365,13.325
2012-05-09,6.3096,53.75,1143.95,1.2523,31.06,29.35,1.956,13.491
2012-05-10,6.314,53.25,1142.15,1.2494,31.11,29.32,1.9545,13.4585
2012-05-11,6.3097,53.63,1146.15,1.2503,31.17,29.36,1.9404,13.4905
2012-05-14,6.321,53.92,1153.5,1.2558,31.35,29.55,1.9884,13.6663
2012-05-15,6.3176,53.91,1156.1,1.2588,31.33,29.55,1.9935,13.7332
2012-05-16,6.3227,54.34,1166.25,1.2667,31.36,29.63,2.0,13.8078
2012-05-17,6.3247,54.37,1165.75,1.2664,31.32,29.56,1.994,13.789
2012-05-18,6.3245,54.48,1170.0,1.2749,31.31,29.56,2.019,13.8275
2012-05-21,6.3277,54.97,1167.0,1.2725,31.35,29.47,2.0455,13.7925
2012-05-22,6.3223,55.34,1165.0,1.2691,31.36,29.49,2.046,13.742
2012-05-23,6.3343,55.95,1174.85,1.2801,31.56,29.59,2.0675,14.0294
2012-05-24,6.3449,55.55,1176.72,1.2762,31.53,29.55,2.0306,14.0018
2012-05-25,6.3439,55.35,1185.0,1.2781,31.64,29.6,1.9917,14.0114
2012-05-29,6.3478,55.71,1175.82,1.2789,31.73,29.62,1.9973,13.9321
2012-05-30,6.3574,56.13,1180.41,1.288,31.85,29.77,2.0095,14.0861
2012-05-31,6.3684,56.38,1180.0,1.2888,31.83,29.87,2.016,14.3045
2012-06-01,6.3692,55.44,1182.0,1.2918,31.62,29.93,2.0325,14.365
2012-06-04,6.3641,55.65,1178.99,1.2876,31.43,30.02,2.0439,14.2427
2012-06-05,6.367,55.54,1177.08,1.2872,31.56,29.93,2.0299,14.2592
2012-06-06,6.3634,55.26,1173.89,1.2763,31.47,29.86,2.017,14.0951
2012-06-07,6.3634,54.91,1162.75,1.2753,31.7,29.78,2.0325,13.9588
2012-06-08,6.37,55.39,1173.59,1.2848,31.61,29.94,2.0257,14.021
2012-06-11,6.369,55.69,1171.0,1.2826,31.62,29.91,2.0369,13.9785
2012-06-12,6.3703,55.6,1168.5,1.2834,31.54,29.94,2.0586,13.9823
2012-06-13,6.3685,55.56,1166.23,1.2793,31.5,29.92,2.0628,13.9755
2012-06-14,6.3702,55.7,1163.78,1.2803,31.51,29.93,2.0724,13.9943
2012-06-15,6.3649,55.34,1164.25,1.2718,31.45,29.89,2.0397,13.9234
2012-06-18,6.3539,55.85,1157.0,1.2722,31.44,29.93,2.066,13.9125
2012-06-19,6.3542,55.87,1153.0,1.2654,31.38,29.85,2.0352,13.6982
2012-06-20,6.3597,56.24,1151.37,1.2679,31.53,29.84,2.0306,13.7296
2012-06-21,6.3644,56.25,1153.75,1.2759,31.78,29.83,2.0446,13.755
2012-06-22,6.3644,57.11,1158.34,1.2757,31.79,29.91,2.0573,13.847
2012-06-25,6.3631,57.13,1163.25,1.2843,31.83,29.97,2.0745,13.9675
2012-06-26,6.3626,56.95,1157.6,1.2788,31.87,29.97,2.0735,13.8516
2012-06-27,6.3561,56.93,1156.01,1.2769,31.86,29.92,2.0791,13.6701
2012-06-28,6.357,56.81,1157.61,1.2808,31.87,29.94,2.0904,13.667
2012-06-29,6.353,55.57,1141.17,1.2673,31.56,29.8,2.009,13.411
2012-07-02,6.3487,55.45,1143.4,1.2672,31.54,29.9,1.9887,13.3813
2012-07-03,6.3519,54.31,1133.0,1.2611,31.37,29.81,1.9968,13.2921
2012-07-05,6.3557,54.95,1133.54,1.2631,31.55,29.85,2.0271,13.3448
2012-07-06,6.364,55.47,1140.3,1.2729,31.7,29.93,2.0369,13.4914
2012-07-09,6.3709,55.87,1141.88,1.2707,31.72,29.95,2.0311,13.4518
2012-07-10,6.3654,55.39,1140.63,1.2668,31.68,29.93,2.0343,13.3002
2012-07-11,6.3682,55.52,1140.5,1.2626,31.7,29.92,2.0367,13.327
2012-07-12,6.3732,55.83,1154.04,1.2699,31.78,30.04,2.0477,13.4519
2012-07-13,6.3789,55.1,1147.53,1.2651,31.58,29.93,2.0376,13.345
2012-07-16,6.3784,55.05,1146.18,1.2648,31.57,29.96,2.0391,13.2695
2012-07-17,6.3725,55.03,1144.83,1.2623,31.66,29.95,2.0327,13.223
2012-07-18,6.369,55.33,1141.34,1.2585,31.7,29.98,2.0214,13.1066
2012-07-19,6.3724,55.16,1138.3,1.2533,31.55,29.94,2.0212,13.204
2012-07-20,6.3734,55.27,1142.0,1.2556,31.65,29.97,2.0217,13.2976
2012-07-23,6.3856,55.92,1151.03,1.2624,31.72,30.11,2.0393,13.5275
2012-07-24,6.3857,56.22,1148.78,1.261,31.76,30.12,2.0428,13.72
2012-07-25,6.3879,56.1,1148.89,1.2581,31.62,30.13,2.0381,13.6626
2012-07-26,6.3839,55.59,1146.17,1.2515,31.56,30.08,2.0268,13.4441
2012-07-27,6.3807,55.39,1138.01,1.2481,31.52,30.02,2.0138,13.269
2012-07-30,6.3792,55.42,1137.22,1.2468,31.56,30.0,2.0354,13.2625
2012-07-31,6.361,55.55,1130.27,1.2437,31.49,29.91,2.0514,13.2669
2012-08-01,6.368,55.47,1126.56,1.2439,31.55,29.95,2.0384,13.2677
2012-08-02,6.3671,55.84,1131.58,1.2502,31.59,30.03,2.0514,13.3959
2012-08-03,6.3721,55.75,1134.25,1.2422,31.48,29.92,2.0237,13.1177
2012-08-06,6.3738,55.52,1127.93,1.2403,31.44,29.9,2.026,13.0597
2012-08-07,6.3664,55.06,1128.7,1.2413,31.45,29.9,2.027,13.1797
2012-08-08,6.361,55.28,1129.77,1.2441,31.46,29.97,2.0228,13.169
2012-08-09,6.3579,55.17,1126.0,1.2449,31.45,29.92,2.0175,13.1265
2012-08-10,6.3599,55.18,1130.75,1.2446,31.43,29.93,2.015,13.0965
2012-08-13,6.3611,55.34,1128.73,1.2458,31.43,29.97,2.0279,13.162
2012-08-14,6.3586,55.66,1130.24,1.2469,31.4,29.95,2.0256,13.1421
2012-08-15,6.3619,55.66,1130.08,1.2496,31.49,29.98,2.023,13.1501
2012-08-16,6.3659,55.62,1133.19,1.2495,31.45,29.97,2.0203,13.1272
2012-08-17,6.358,55.62,1134.72,1.2536,31.47,29.99,2.0176,13.1582
2012-08-20,6.3592,55.5,1134.93,1.2532,31.48,29.98,2.0196,13.116
2012-08-21,6.3559,55.46,1130.37,1.2495,31.39,29.91,2.0171,13.1086
2012-08-22,6.3515,55.5,1135.56,1.2512,31.38,29.94,2.0206,13.1602
2012-08-23,6.3535,55.14,1131.35,1.246,31.14,29.96,2.0242,13.1375
2012-08-24,6.3542,55.41,1134.15,1.2491,31.17,29.94,2.0213,13.1727
2012-08-27,6.3558,55.68,1134.49,1.251,31.25,29.94,2.0301,13.174
2012-08-28,6.3525,55.65,1134.45,1.2523,31.29,29.91,2.0492,13.1825
2012-08-29,6.3513,55.69,1134.97,1.2526,31.32,29.92,2.048,13.2855
2012-08-30,6.3494,55.63,1134.18,1.2537,31.38,29.93,2.0463,13.3938
2012-08-31,6.3484,55.52,1133.2,1.2477,31.24,29.87,2.0301,13.2401
2012-09-04,6.3465,55.61,1133.23,1.2471,31.2,29.82,2.042,13.1781
2012-09-05,6.3489,55.88,1135.96,1.2474,31.23,29.83,2.0385,13.1084
2012-09-06,6.3428,55.64,1133.45,1.2433,31.17,29.76,2.033,13.0445
2012-09-07,6.3428,55.27,1129.85,1.2359,31.04,29.68,2.0274,12.9901
2012-09-10,6.3375,55.44,1128.55,1.2347,31.04,29.63,2.0225,12.992
2012-09-11,6.3349,55.25,1127.94,1.2294,31.03,29.59,2.0209,12.9975
2012-09-12,6.3261,55.21,1126.6,1.2288,30.99,29.58,2.0191,13.0302
2012-09-13,6.3294,55.34,1128.49,1.2299,30.99,29.58,2.025,12.9848
2012-09-14,6.3145,53.3,1116.65,1.2199,30.74,29.31,2.0172,12.741
2012-09-17,6.317,53.88,1116.39,1.2235,30.8,29.27,2.03,12.7409
2012-09-18,6.3187,53.9,1117.95,1.2247,30.79,29.35,2.0251,12.8136
2012-09-19,6.3091,53.99,1115.74,1.2242,30.79,29.34,2.0218,12.8317
2012-09-20,6.3036,54.26,1121.25,1.2256,30.85,29.32,2.0237,12.905
2012-09-21,6.3051,53.46,1118.7,1.2237,30.77,29.27,2.023,12.8305
2012-09-24,6.309,53.43,1120.34,1.2285,30.92,29.34,2.0245,12.9125
2012-09-25,6.3057,53.36,1119.3,1.2249,30.88,29.32,2.0244,12.821
2012-09-26,6.3015,53.52,1119.2,1.232,31.01,29.41,2.0338,12.917
2012-09-27,6.3021,52.99,1116.03,1.2267,30.88,29.36,2.0307,12.8446
2012-09-28,6.2848,52.92,1111.21,1.2262,30.82,29.29,2.0277,12.863
2012-10-01,6.284,52.46,1112.29,1.2286,30.73,29.27,2.0254,12.8172
2012-10-02,6.284,52.42,1112.5,1.2294,30.67,29.27,2.026,12.8478
2012-10-03,6.284,52.25,1112.88,1.2321,30.67,29.29,2.0244,12.8481
2012-10-04,6.284,51.74,1111.6,1.2286,30.55,29.28,2.021,12.755
2012-10-05,6.284,51.77,1107.0,1.2267,30.55,29.18,2.0273,12.7054
2012-10-09,6.2877,52.73,1111.22,1.2302,30.68,29.31,2.0354,12.8889
2012-10-10,6.2831,53.05,1114.61,1.2294,30.7,29.3,2.0399,12.923
2012-10-11,6.2765,52.66,1112.07,1.2275,30.68,29.23,2.036,12.8901
2012-10-12,6.267,52.81,1110.5,1.2223,30.69,29.19,2.0436,12.8925
2012-10-15,6.27,53.09,1110.24,1.2219,30.73,29.21,2.0355,12.8165
2012-10-16,6.2637,52.89,1106.1,1.2207,30.66,29.17,2.0326,12.8103
2012-10-17,6.254,52.86,1104.74,1.2159,30.59,29.15,2.0323,12.8001
2012-10-18,6.2501,53.46,1104.66,1.2177,30.62,29.22,2.028,12.8271
2012-10-19,6.2533,54.08,1105.51,1.2209,30.73,29.26,2.0269,12.8605
2012-10-22,6.2543,53.51,1103.98,1.2214,30.7,29.22,2.024,12.8594
2012-10-23,6.2478,53.72,1103.1,1.2255,30.76,29.31,2.0284,12.981
2012-10-24,6.2478,53.73,1103.12,1.2227,30.72,29.28,2.0267,12.9997
2012-10-25,6.2416,53.55,1098.0,1.2202,30.67,29.22,2.0254,12.9815
2012-10-26,6.248,53.55,1097.03,1.2208,30.69,29.26,2.025,13.0198
2012-10-29,6.2384,54.1,1095.76,1.2207,30.73,29.28,2.0295,13.0925
2012-10-30,6.2396,53.96,1091.33,1.2188,30.68,29.22,2.031,13.044
2012-10-31,6.2372,53.8,1090.17,1.22,30.68,29.2,2.0298,13.0877
2012-11-01,6.2393,53.76,1090.27,1.2201,30.71,29.2,2.0304,13.037
2012-11-02,6.2411,53.75,1090.7,1.2232,30.76,29.23,2.0304,12.9808
2012-11-05,6.2452,54.6,1091.0,1.2249,30.81,29.26,2.0344,13.0486
2012-11-06,6.2454,54.42,1090.19,1.2237,30.74,29.24,2.033,12.9652
2012-11-07,6.2435,54.37,1086.5,1.2226,30.71,29.14,2.0335,13.0639
2012-11-08,6.2427,54.3,1089.23,1.2232,30.67,29.1,2.0397,13.1158
2012-11-09,6.245,54.61,1087.76,1.2234,30.62,29.02,2.0475,13.1763
2012-11-13,6.226,54.82,1089.44,1.2232,30.65,28.99,2.0638,13.2206
2012-11-14,6.225,54.87,1086.0,1.222,30.67,28.96,2.068,13.2225
2012-11-15,6.2329,54.65,1088.5,1.2247,30.71,29.03,2.0663,13.2531
2012-11-16,6.2354,55.16,1091.77,1.2286,30.73,29.16,2.0781,13.1831
2012-11-19,6.2343,55.05,1085.97,1.2238,30.66,29.11,2.0725,13.0601
2012-11-20,6.2324,55.1,1082.58,1.2244,30.67,29.1,2.08,13.0145
2012-11-21,6.23,55.14,1082.0,1.2255,30.69,29.12,2.0962,13.05
2012-11-23,6.2275,55.44,1085.0,1.2225,30.67,29.12,2.0872,12.9822
2012-11-26,6.2253,55.63,1085.62,1.2216,30.67,29.09,2.0838,13.0055
2012-11-27,6.2221,55.35,1086.25,1.2224,30.65,29.12,2.075,12.9766
2012-11-28,6.2273,55.7,1085.35,1.2228,30.71,29.15,2.09,13.0273
2012-11-29,6.2281,54.71,1083.17,1.221,30.69,29.08,2.1028,12.9775
2012-11-30,6.2265,54.26,1081.75,1.2206,30.7,29.07,2.1118,12.9171
2012-12-03,6.2277,54.66,1082.65,1.2185,30.64,29.07,2.1141,12.9255
2012-12-04,6.2254,54.73,1083.69,1.2174,30.66,29.1,2.1133,12.9596
2012-12-05,6.2251,54.46,1081.99,1.2185,30.67,29.07,2.1005,12.926
2012-12-06,6.2282,54.31,1083.3,1.2207,30.65,29.06,2.079,12.9076
2012-12-07,6.2299,54.35,1081.56,1.2206,30.63,29.05,2.08,12.8503
2012-12-10,6.2296,54.42,1077.43,1.2215,30.64,29.07,2.0815,12.7982
2012-12-11,6.246,54.31,1074.85,1.2215,30.61,29.04,2.0785,12.7516
2012-12-12,6.2502,54.23,1073.35,1.2216,30.59,29.04,2.0791,12.7332
2012-12-13,6.2316,54.36,1073.9,1.2212,30.61,29.06,2.079,12.8003
2012-12-14,6.241,54.49,1074.74,1.2195,30.58,29.04,2.0827,12.776
2012-12-17,6.236,54.68,1072.3,1.2195,30.58,29.03,2.093,12.7537
2012-12-18,6.2322,54.91,1072.75,1.2174,30.59,29.02,2.0852,12.7202
2012-12-19,6.2293,54.67,1071.4,1.2182,30.59,29.0,2.0747,12.731
2012-12-20,6.2297,54.92,1074.3,1.2186,30.61,29.03,2.0596,12.778
2012-12-21,6.2284,55.06,1075.4,1.2211,30.59,29.05,2.0767,12.9322
2012-12-24,6.2335,54.95,1073.24,1.2215,30.6,29.05,2.079,12.9848
2012-12-26,6.2351,54.86,1072.29,1.2232,30.64,29.0,2.0495,13.01
2012-12-27,6.2358,54.94,1071.67,1.2227,30.65,29.03,2.0517,13.0125
2012-12-28,6.2315,54.77,1070.4,1.223,30.59,29.03,2.0445,12.988
2012-12-31,6.2301,54.86,1063.24,1.2214,30.59,29.05,2.0476,12.9635
2013-01-02,6.2301,54.23,1063.3,1.2203,30.32,29.0,2.0425,12.76
2013-01-03,6.2301,54.46,1062.95,1.222,30.33,28.99,2.036,12.7452
2013-01-04,6.2303,54.93,1062.0,1.2285,30.48,29.02,2.035,12.7513
2013-01-07,6.2294,55.2,1062.5,1.2305,30.46,28.99,2.026,12.7728
2013-01-08,6.2235,55.02,1063.5,1.2298,30.41,29.03,2.0393,12.7891
2013-01-09,6.226,54.79,1060.1,1.2265,30.36,29.0,2.0384,12.746
2013-01-10,6.223,54.49,1058.12,1.2227,30.25,28.93,2.0325,12.6452
2013-01-11,6.2156,54.81,1056.09,1.225,30.28,28.93,2.0375,12.6591
2013-01-14,6.219,54.5,1056.0,1.2263,30.23,28.95,2.0301,12.6368
2013-01-15,6.2134,54.58,1057.62,1.2253,29.94,28.95,2.0375,12.6471
2013-01-16,6.216,54.66,1058.35,1.2232,29.8,28.98,2.0405,12.6291
2013-01-17,6.2158,54.35,1057.82,1.2233,29.78,28.96,2.0425,12.5857
2013-01-18,6.2152,53.82,1058.4,1.2271,29.71,28.97,2.0441,12.6568
2013-01-22,6.2196,53.72,1062.95,1.2276,29.71,28.98,2.0478,12.6746
2013-01-23,6.2178,53.66,1067.02,1.2267,29.79,29.0,2.0375,12.6587
2013-01-24,6.2179,53.67,1067.95,1.2282,29.81,29.07,2.0285,12.6208
2013-01-25,6.2203,53.78,1075.33,1.2361,29.96,29.32,2.029,12.6992
2013-01-28,6.224,53.97,1091.22,1.238,29.93,29.51,2.0028,12.7723
2013-01-29,6.2259,53.64,1082.4,1.2337,29.76,29.45,1.9893,12.6901
2013-01-30,6.2204,53.21,1085.85,1.2347,29.7,29.53,1.986,12.7491
2013-01-31,6.2186,53.32,1087.46,1.2376,29.85,29.54,1.9875,12.7344
2013-02-01,6.2265,53.16,1094.79,1.2393,29.77,29.59,1.981,12.6356
2013-02-04,6.2326,53.24,1089.35,1.2397,29.76,29.6,1.9913,12.71
2013-02-05,6.2292,52.99,1086.17,1.2381,29.74,29.52,1.984,12.626
2013-02-06,6.2315,53.07,1089.0,1.2376,29.76,29.59,1.9847,12.6731
2013-02-07,6.2323,53.22,1090.15,1.2403,29.78,29.61,1.9708,12.7381
2013-02-08,6.2323,53.58,1095.65,1.2373,29.79,29.7,1.9725,12.7271
2013-02-11,6.2323,53.95,1095.5,1.2405,29.83,29.73,1.9724,12.7556
2013-02-12,6.2323,53.75,1093.13,1.2388,29.85,29.71,1.968,12.7326
2013-02-13,6.2323,53.79,1085.72,1.2375,29.82,29.7,1.9663,12.7236
2013-02-14,6.2323,53.94,1085.14,1.2355,29.79,29.62,1.959,12.6965
2013-02-15,6.2323,54.28,1078.22,1.2375,29.85,29.61,1.9615,12.6883
2013-02-19,6.2438,54.26,1079.65,1.2374,29.88,29.52,1.9564,12.6681
2013-02-20,6.2371,54.18,1079.85,1.2375,29.83,29.55,1.9605,12.6821
2013-02-21,6.2403,54.47,1086.8,1.239,29.93,29.66,1.9727,12.7543
2013-02-22,6.2346,54.28,1085.03,1.2372,29.82,29.64,1.971,12.748
2013-02-25,6.2337,53.96,1086.0,1.2387,29.81,29.65,1.9688,12.7287
2013-02-26,6.2293,54.14,1089.82,1.2397,29.81,29.68,1.9905,12.8798
2013-02-27,6.2271,53.72,1084.99,1.2375,29.82,29.66,1.9776,12.8264
2013-02-28,6.2213,54.37,1083.9,1.2369,29.76,29.67,1.9767,12.7788
2013-03-01,6.2226,54.9,1083.9,1.2396,29.78,29.66,1.9829,12.7956
2013-03-04,6.2246,54.92,1090.8,1.2469,29.83,29.7,1.9798,12.77
2013-03-05,6.2208,54.87,1086.58,1.2473,29.79,29.63,1.9654,12.7401
2013-03-06,6.2173,54.83,1084.36,1.2477,29.74,29.64,1.9667,12.742
2013-03-07,6.22,54.45,1087.49,1.2457,29.73,29.63,1.9595,12.7845
2013-03-08,6.2145,54.32,1089.15,1.2483,29.73,29.68,1.948,12.6525
2013-03-11,6.2179,54.38,1093.9,1.2493,29.72,29.69,1.9593,12.547
2013-03-12,6.216,54.19,1095.28,1.2475,29.58,29.67,1.962,12.4502
2013-03-13,6.2137,54.3,1098.42,1.249,29.62,29.7,1.9615,12.3971
2013-03-14,6.2145,54.22,1107.49,1.2495,29.62,29.72,1.9665,12.4476
2013-03-15,6.2133,54.06,1110.62,1.2485,29.51,29.72,1.9755,12.4325
2013-03-18,6.2156,54.1,1114.19,1.2494,29.5,29.75,1.9865,12.4297
2013-03-19,6.2154,54.4,1112.93,1.2518,29.26,29.76,1.9874,12.4452
2013-03-20,6.2117,54.32,1115.62,1.2514,29.11,29.77,1.9865,12.395
2013-03-21,6.2141,54.27,1115.41,1.2488,29.17,29.8,1.9934,12.3592
2013-03-22,6.212,54.3,1119.2,1.2486,29.28,29.87,2.017,12.3714
2013-03-25,6.2105,54.22,1110.88,1.2443,29.29,29.86,2.0136,12.3605
2013-03-26,6.2108,54.42,1107.36,1.2408,29.3,29.83,2.0067,12.3453
2013-03-27,6.2138,54.45,1111.09,1.2432,29.27,29.88,2.0133,12.3786
2013-03-28,6.2143,54.44,1113.14,1.2406,29.3,29.87,2.016,12.3397
2013-03-29,6.2108,54.52,1112.48,1.24,29.26,29.81,2.021,12.3155
2013-04-01,6.2078,54.28,1114.38,1.2401,29.29,29.86,2.018,12.3404
2013-04-02,6.1992,54.43,1117.87,1.2387,29.4,29.87,2.0175,12.2775
2013-04-03,6.1962,54.46,1116.68,1.2375,29.31,29.86,2.0235,12.3205
2013-04-04,6.2005,54.91,1123.57,1.2416,29.31,29.93,2.018,12.3381
2013-04-05,6.2005,54.75,1136.82,1.2404,29.24,29.95,1.9925,12.239
2013-04-08,6.2031,54.58,1140.34,1.2414,29.24,30.06,1.989,12.1583
2013-04-09,6.2022,54.47,1139.19,1.2391,28.96,30.01,1.9865,12.1283
2013-04-10,6.1938,54.41,1135.35,1.2374,28.98,29.96,1.9765,12.1156
2013-04-11,6.1961,54.36,1128.85,1.2367,29.0,29.91,1.972,12.068
2013-04-12,6.1914,54.62,1129.24,1.2366,29.04,29.95,1.969,12.0871
2013-04-15,6.1866,54.48,1119.0,1.2364,29.07,29.9,1.9755,12.1729
2013-04-16,6.1824,54.08,1114.0,1.2355,28.96,29.85,1.9965,12.165
2013-04-17,6.172,54.16,1121.0,1.2354,28.82,29.88,2.0,12.235
2013-04-18,6.1811,53.95,1119.48,1.2355,28.66,29.86,2.018,12.269
2013-04-19,6.1772,53.98,1119.03,1.2369,28.6,29.77,2.0075,12.232
2013-04-22,6.1823,54.19,1119.51,1.2402,28.69,29.81,2.0138,12.3071
2013-04-23,6.179,54.39,1119.53,1.2415,28.83,29.79,2.0145,12.2437
2013-04-24,6.1782,54.22,1117.94,1.2434,28.94,29.76,2.0225,12.285
2013-04-25,6.1707,54.11,1111.35,1.2393,29.17,29.64,2.0115,12.1175
2013-04-26,6.1647,54.41,1111.1,1.2364,29.24,29.59,2.0016,12.1786
2013-04-29,6.1647,54.2,1104.0,1.2339,29.25,29.46,2.0015,12.124
2013-04-30,6.1647,53.68,1101.52,1.232,29.26,29.52,1.999,12.1323
2013-05-01,6.1647,53.65,1100.35,1.2331,29.31,29.5,2.0065,12.2246
2013-05-02,6.156,53.79,1101.4,1.235,29.44,29.55,2.0128,12.154
2013-05-03,6.1555,53.8,1096.67,1.2341,29.68,29.53,2.0098,12.088
2013-05-06,6.1665,54.13,1094.34,1.2313,29.56,29.56,2.012,12.1065
2013-05-07,6.1539,54.06,1090.0,1.233,29.6,29.52,2.0086,12.075
2013-05-08,6.141,54.08,1086.0,1.2274,29.31,29.31,2.0003,12.0308
2013-05-09,6.1306,54.34,1091.12,1.2291,29.45,29.42,2.001,11.976
2013-05-10,6.1415,54.94,1106.0,1.2389,29.8,29.7,2.0275,12.1313
2013-05-13,6.1465,54.85,1113.12,1.2413,29.67,29.87,2.0163,12.1425
2013-05-14,6.1426,54.5,1109.62,1.2425,29.66,29.88,2.0054,12.1525
2013-05-15,6.1454,54.78,1114.62,1.2472,29.78,29.96,2.028,12.2316
2013-05-16,6.1487,54.68,1117.54,1.2502,29.72,29.96,2.0244,12.2421
2013-05-17,6.141,55.17,1117.3,1.2568,29.85,30.01,2.0364,12.3153
2013-05-20,6.1386,55.02,1118.19,1.256,29.78,29.9,2.0357,12.3355
2013-05-21,6.1353,55.42,1110.62,1.2602,29.8,29.82,2.0373,12.3225
2013-05-22,6.1309,55.62,1113.85,1.2663,29.8,29.92,2.0398,12.3185
2013-05-23,6.1337,55.7,1128.35,1.263,29.9,29.9,2.0526,12.4651
2013-05-24,6.1311,55.78,1126.4,1.2645,29.94,29.92,2.0516,12.5404
2013-05-28,6.1213,56.07,1128.07,1.2684,30.04,29.98,2.0679,12.5387
2013-05-29,6.1264,56.28,1132.08,1.2664,30.15,29.96,2.0973,12.6373
2013-05-30,6.1307,56.5,1127.9,1.2604,30.14,29.96,2.1095,12.7778
2013-05-31,6.134,56.5,1129.34,1.2641,30.38,29.93,2.1217,12.7791
2013-06-03,6.1312,56.66,1127.18,1.2501,30.31,29.91,2.1365,12.79
2013-06-04,6.1285,56.43,1122.31,1.2534,30.42,29.89,2.1409,12.724
2013-06-05,6.1276,56.84,1118.55,1.2484,30.5,29.81,2.1261,12.8296
2013-06-06,6.1359,56.92,1118.9,1.2454,30.56,29.76,2.127,12.9
2013-06-07,6.1333,56.57,1117.17,1.2464,30.63,29.74,2.134,12.7386
2013-06-10,6.1333,58.13,1127.38,1.258,30.76,29.91,2.1365,12.8535
2013-06-11,6.1333,58.34,1133.0,1.2564,30.95,29.85,2.1428,12.865
2013-06-12,6.1333,57.82,1127.76,1.2516,30.92,29.87,2.147,12.8449
2013-06-13,6.1341,58.07,1129.07,1.251,30.77,29.87,2.1459,12.7795
2013-06-14,6.1306,57.56,1127.2,1.2515,30.56,29.84,2.1392,12.698
2013-06-17,6.1248,57.97,1127.0,1.2546,30.65,29.85,2.1576,12.7776
2013-06-18,6.1283,58.79,1134.24,1.2616,30.88,29.88,2.164,12.8845
2013-06-19,6.1264,58.7,1130.25,1.2564,30.68,29.78,2.1743,12.8721
2013-06-20,6.1277,59.57,1145.9,1.2745,31.12,30.16,2.2655,13.405
2013-06-21,6.1328,59.43,1156.0,1.2768,31.16,30.15,2.268,13.4147
2013-06-24,6.1441,59.8,1161.34,1.2777,31.08,30.2,2.2479,13.3945
2013-06-25,6.1448,59.66,1152.78,1.2688,31.06,30.05,2.2207,13.257
2013-06-26,6.1468,60.7,1155.0,1.2725,31.1,30.09,2.1994,13.215
2013-06-27,6.1488,60.19,1147.69,1.2672,31.12,30.0,2.1864,13.0365
2013-06-28,6.1374,59.52,1141.45,1.2682,31.09,29.96,2.2075,12.9925
2013-07-01,6.1325,59.38,1135.27,1.2634,30.9,29.96,2.228,12.9
2013-07-02,6.1327,59.54,1133.8,1.2694,30.97,30.0,2.2395,12.979
2013-07-03,6.1301,60.21,1140.95,1.2719,31.09,30.06,2.2608,13.031
2013-07-05,6.1324,60.23,1141.65,1.2811,31.24,30.12,2.2635,13.044
2013-07-08,6.1337,60.75,1147.94,1.2807,31.41,30.08,2.2605,12.949
2013-07-09,6.1293,60.09,1141.25,1.2801,31.27,30.09,2.262,12.8675
2013-07-10,6.1336,59.88,1134.66,1.275,31.23,29.96,2.2732,12.9475
2013-07-11,6.135,59.82,1124.21,1.2614,31.14,29.87,2.267,12.8475
2013-07-12,6.1373,59.88,1123.85,1.2627,31.14,29.87,2.2677,12.8295
2013-07-15,6.1373,59.89,1121.06,1.2641,31.12,29.82,2.245,12.739
2013-07-16,6.1345,59.29,1114.65,1.2602,31.04,29.76,2.2439,12.628
2013-07-17,6.1351,59.34,1116.86,1.2613,31.04,29.79,2.2315,12.531
2013-07-18,6.1408,59.59,1124.08,1.2677,31.02,29.93,2.2282,12.5375
2013-07-19,6.1377,59.37,1120.43,1.2644,31.0,29.88,2.2345,12.5525
2013-07-22,6.1404,59.71,1118.46,1.2605,30.92,29.87,2.2317,12.504
2013-07-23,6.1369,59.64,1116.66,1.2645,30.93,29.91,2.2212,12.5125
2013-07-24,6.1358,59.14,1115.52,1.2678,30.98,29.91,2.2388,12.6425
2013-07-25,6.1346,59.01,1116.15,1.2675,31.05,29.94,2.2586,12.655
2013-07-26,6.1316,59.08,1112.55,1.2647,31.14,29.9,2.2525,12.712
2013-07-29,6.1323,59.33,1112.21,1.2661,31.14,29.92,2.2605,12.734
2013-07-30,6.1315,60.8,1115.79,1.2696,31.27,29.95,2.273,12.754
2013-07-31,6.1284,60.77,1122.66,1.2746,31.34,30.03,2.2987,12.857
2013-08-01,6.1302,60.45,1122.99,1.2754,31.31,30.04,2.298,12.824
2013-08-02,6.1293,60.88,1123.85,1.2718,31.23,29.97,2.2875,12.6805
2013-08-05,6.1245,60.88,1113.5,1.27,31.35,29.92,2.3016,12.6765
2013-08-06,6.1215,60.78,1113.81,1.2681,31.4,29.91,2.2924,12.644
2013-08-07,6.119,61.2,1117.05,1.2674,31.37,29.95,2.2985,12.69
2013-08-08,6.1207,60.72,1112.25,1.2591,31.16,29.87,2.2748,12.617
2013-08-09,6.1217,60.34,1111.16,1.2572,31.19,29.91,2.271,12.601
2013-08-12,6.1218,61.15,1113.97,1.261,31.2,29.95,2.273,12.562
2013-08-13,6.1217,61.33,1118.22,1.2678,31.26,29.98,2.3063,12.7515
2013-08-14,6.1191,61.27,1117.9,1.2705,31.24,29.97,2.313,12.7205
2013-08-15,6.1123,61.41,1118.0,1.2728,31.27,29.98,2.3417,12.8335
2013-08-16,6.1145,61.65,1113.04,1.2702,31.25,29.88,2.3585,12.8685
2013-08-19,6.1227,63.13,1117.88,1.2759,31.36,29.96,2.4021,12.99
2013-08-20,6.1241,63.21,1120.6,1.2735,31.6,29.9,2.3959,12.9795
2013-08-21,6.1229,64.11,1116.86,1.2789,31.86,29.94,2.4226,13.17
2013-08-22,6.1206,64.55,1120.92,1.2808,32.02,29.95,2.4464,13.1555
2013-08-23,6.12,63.22,1113.48,1.2793,31.87,29.89,2.3679,12.993
2013-08-26,6.1202,64.26,1112.6,1.2812,31.92,29.95,2.3858,13.142
2013-08-27,6.1212,66.24,1116.78,1.2831,32.15,29.99,2.3925,13.3145
2013-08-28,6.1202,68.8,1114.25,1.2777,32.16,29.94,2.3298,13.2295
2013-08-29,6.1203,66.55,1112.19,1.2749,32.12,29.93,2.3572,13.285
2013-08-30,6.1193,65.71,1109.42,1.2758,32.13,29.93,2.3809,13.3355
2013-09-03,6.1204,67.71,1097.75,1.2777,32.14,29.78,2.383,13.433
2013-09-04,6.1199,67.08,1093.77,1.273,32.13,29.69,2.3536,13.293
2013-09-05,6.1194,66.01,1096.8,1.2803,32.31,29.81,2.3232,13.399
2013-09-06,6.1202,65.23,1091.9,1.2732,32.17,29.72,2.29,13.1775
2013-09-09,6.1209,65.24,1086.8,1.2701,32.08,29.63,2.2799,13.153
2013-09-10,6.1195,63.83,1085.43,1.2685,32.12,29.62,2.293,13.142
2013-09-11,6.1183,63.26,1085.76,1.2675,31.91,29.64,2.2884,13.087
2013-09-12,6.1178,63.42,1082.77,1.267,31.61,29.66,2.2716,13.097
2013-09-13,6.1186,63.36,1085.88,1.2685,31.81,29.68,2.2825,13.049
2013-09-16,6.1198,62.83,1081.34,1.2605,31.66,29.58,2.273,12.93
2013-09-17,6.1213,63.36,1082.15,1.2586,31.68,29.62,2.255,12.918
2013-09-18,6.121,63.37,1081.4,1.2592,31.65,29.62,2.2429,12.97
2013-09-19,6.121,61.76,1070.88,1.2469,31.03,29.51,2.2067,12.738
2013-09-20,6.121,62.27,1076.02,1.251,31.04,29.56,2.2047,12.777
2013-09-23,6.1201,62.57,1073.9,1.2501,31.18,29.55,2.1997,12.799
2013-09-24,6.1208,62.72,1074.35,1.2533,31.27,29.57,2.1978,12.8605
2013-09-25,6.119,62.2,1076.42,1.2529,31.22,29.55,2.2221,12.934
2013-09-26,6.1194,61.68,1075.2,1.2546,31.16,29.56,2.238,13.0465
2013-09-27,6.1179,62.48,1074.38,1.2556,31.28,29.54,2.2577,13.1465
2013-09-30,6.12,62.58,1073.33,1.2547,31.24,29.56,2.2193,13.155
2013-10-01,6.12,62.46,1072.9,1.252,31.21,29.49,2.224,13.1771
2013-10-02,6.12,62.46,1074.02,1.2492,31.26,29.44,2.2031,13.153
2013-10-03,6.12,61.97,1074.02,1.2487,31.28,29.32,2.2086,13.2465
2013-10-04,6.12,61.42,1070.0,1.2464,31.27,29.32,2.2005,13.0855
2013-10-07,6.12,61.79,1071.29,1.2479,31.36,29.34,2.2027,13.088
2013-10-08,6.1206,61.79,1074.15,1.2491,31.36,29.35,2.2016,13.152
2013-10-09,6.1209,61.92,1075.48,1.2504,31.44,29.38,2.208,13.202
2013-10-10,6.1156,61.3,1071.19,1.2482,31.35,29.37,2.1769,13.07
2013-10-11,6.1204,61.07,1071.55,1.2466,31.29,29.33,2.1846,13.0475
2013-10-15,6.1026,61.84,1064.33,1.2425,31.25,29.34,2.1765,12.9485
2013-10-16,6.0996,61.72,1066.0,1.2457,31.24,29.4,2.1567,12.8585
2013-10-17,6.098,61.13,1062.38,1.2399,30.98,29.35,2.1615,12.7665
2013-10-18,6.0966,61.26,1060.02,1.2374,31.06,29.36,2.163,12.801
2013-10-21,6.0924,61.56,1060.93,1.2417,31.12,29.43,2.1728,12.959
2013-10-22,6.0925,61.64,1057.5,1.2361,31.03,29.33,2.1673,12.861
2013-10-23,6.0833,61.54,1057.45,1.2383,31.17,29.41,2.1805,12.9335
2013-10-24,6.0815,61.48,1061.5,1.237,31.12,29.37,2.1948,12.977
2013-10-25,6.0838,61.4,1062.3,1.2365,31.04,29.38,2.187,12.875
2013-10-28,6.0853,61.54,1060.7,1.2383,31.05,29.39,2.1828,12.8625
2013-10-29,6.0897,61.34,1061.92,1.239,31.01,29.39,2.1785,12.874
2013-10-30,6.0936,61.09,1058.4,1.2366,31.04,29.38,2.186,12.8765
2013-10-31,6.0943,61.61,1060.83,1.2402,31.14,29.42,2.2235,12.9995
2013-11-01,6.0993,61.84,1060.91,1.2434,31.22,29.41,2.2585,13.0815
2013-11-04,6.098,61.74,1062.38,1.2424,31.29,29.37,2.2425,12.9855
2013-11-05,6.0966,61.76,1061.03,1.2432,31.26,29.42,2.285,13.14
2013-11-06,6.0925,62.48,1059.77,1.2425,31.26,29.4,2.2865,13.1495
2013-11-07,6.0906,62.41,1062.78,1.2443,31.33,29.45,2.2995,13.1975
2013-11-08,6.0903,62.48,1062.12,1.2463,31.46,29.51,2.3201,13.243
2013-11-12,6.0917,63.73,1072.65,1.2508,31.59,29.58,2.3303,13.198
2013-11-13,6.0926,63.28,1070.56,1.2473,31.53,29.6,2.3259,13.085
2013-11-14,6.092,63.12,1068.21,1.2479,31.55,29.56,2.3229,13.007
2013-11-15,6.092,62.97,1062.35,1.2466,31.57,29.55,2.314,12.9505
2013-11-18,6.0918,62.07,1054.84,1.2457,31.58,29.47,2.2705,12.871
2013-11-19,6.0924,62.26,1054.86,1.2446,31.62,29.43,2.2673,12.8965
2013-11-20,6.0925,62.34,1056.28,1.2449,31.68,29.5,2.2705,12.9805
2013-11-21,6.0914,62.94,1061.9,1.2495,31.82,29.57,2.308,13.0635
2013-11-22,6.0935,62.72,1060.99,1.2499,31.81,29.58,2.2908,12.9985
2013-11-25,6.0916,62.37,1059.35,1.2522,32.02,29.6,2.29,13.013
2013-11-26,6.0925,62.47,1060.07,1.2534,32.05,29.6,2.298,13.0665
2013-11-27,6.0922,62.47,1060.9,1.2548,32.15,29.65,2.308,13.096
2013-11-29,6.0922,62.39,1057.76,1.2548,32.07,29.59,2.3345,13.111
2013-12-02,6.0927,62.3,1058.0,1.256,32.13,29.59,2.353,13.203
2013-12-03,6.0914,62.38,1059.97,1.2531,32.17,29.55,2.3664,13.2165
2013-12-04,6.0913,61.9,1061.02,1.2557,32.23,29.57,2.3784,13.102
2013-12-05,6.0903,61.6,1058.27,1.2532,32.22,29.61,2.362,13.0185
2013-12-06,6.0815,61.43,1056.0,1.2512,32.22,29.57,2.3338,12.938
2013-12-09,6.0643,60.87,1050.05,1.2493,32.14,29.53,2.3197,12.8505
2013-12-10,6.0705,61.04,1052.0,1.2489,32.07,29.54,2.3106,12.885
2013-12-11,6.0712,61.38,1051.5,1.251,32.08,29.59,2.3308,12.9225
2013-12-12,6.071,61.85,1050.75,1.2558,32.08,29.62,2.339,13.038
2013-12-13,6.071,62.16,1052.9,1.2554,32.02,29.62,2.337,12.9575
2013-12-16,6.0713,61.68,1052.6,1.255,32.01,29.63,2.3215,12.945
2013-12-17,6.0707,61.92,1050.65,1.2574,32.11,29.62,2.3181,12.953
2013-12-18,6.0713,62.06,1051.75,1.2596,32.27,29.68,2.3462,12.9925
2013-12-19,6.0711,62.14,1059.28,1.267,32.48,29.93,2.3535,12.971
2013-12-20,6.0711,61.98,1061.35,1.2666,32.6,29.88,2.3741,12.9475
2013-12-23,6.0697,61.83,1060.4,1.2681,32.7,29.96,2.3685,12.9725
2013-12-24,6.0712,61.75,1059.25,1.2684,32.67,30.03,2.357,13.019
2013-12-26,6.0744,62.15,1059.1,1.2689,32.82,29.99,2.3535,13.0555
2013-12-27,6.0684,61.92,1053.72,1.2675,32.85,29.98,2.3527,13.073
2013-12-30,6.0617,61.77,1054.52,1.2671,32.81,29.87,2.3524,13.049
2013-12-31,6.0537,61.92,1055.25,1.2622,32.68,29.83,2.3608,13.098
2014-01-02,6.0504,62.31,1050.3,1.2666,32.97,29.9,2.4015,13.1155
2014-01-03,6.0505,62.17,1055.0,1.2661,32.98,29.94,2.3831,13.1055
2014-01-06,6.0524,62.31,1065.01,1.2678,33.06,30.04,2.3744,13.093
2014-01-07,6.0507,62.3,1068.5,1.2711,33.08,30.11,2.3732,13.045
2014-01-08,6.051,62.07,1065.45,1.2717,33.05,30.1,2.3883,13.0905
2014-01-09,6.054,62.07,1062.89,1.2712,33.02,30.04,2.4017,13.155
2014-01-10,6.0519,61.45,1061.32,1.2659,32.99,29.99,2.3645,12.9965
2014-01-13,6.0432,61.52,1056.7,1.2647,32.96,29.98,2.354,13.0135
2014-01-14,6.0402,61.51,1059.43,1.2678,32.72,30.03,2.3557,13.0865
2014-01-15,6.0459,61.54,1062.6,1.273,32.85,30.12,2.35,13.164
2014-01-16,6.0555,61.54,1063.0,1.2722,32.76,30.07,2.3681,13.3115
2014-01-17,6.05,61.54,1060.8,1.2743,32.81,30.11,2.355,13.268
2014-01-21,6.0503,61.94,1065.05,1.2783,32.88,30.22,2.362,13.297
2014-01-22,6.0508,61.86,1067.3,1.2792,32.91,30.23,2.3739,13.318
2014-01-23,6.0515,62.11,1073.1,1.2781,32.87,30.2,2.3895,13.3785
2014-01-24,6.0486,62.68,1080.1,1.2789,32.84,30.23,2.4008,13.456
2014-01-27,6.0478,63.09,1083.7,1.2757,32.91,30.31,2.4185,13.445
2014-01-28,6.0506,62.56,1079.14,1.275,32.91,30.31,2.4262,13.3135
2014-01-29,6.0554,62.46,1069.8,1.2753,32.9,30.31,2.4361,13.3415
2014-01-30,6.06,62.56,1080.11,1.2746,32.97,30.3,2.4133,13.3105
2014-01-31,6.059,62.63,1080.36,1.2772,33.01,30.31,2.4116,13.3585
2014-02-03,6.06,62.63,1084.25,1.2755,32.91,30.33,2.4373,13.509
2014-02-04,6.06,62.27,1083.7,1.2678,32.74,30.29,2.406,13.3605
2014-02-05,6.06,62.57,1077.6,1.2675,32.73,30.34,2.397,13.3375
2014-02-06,6.06,62.14,1078.8,1.2676,32.78,30.28,2.3858,13.2175
2014-02-07,6.0629,62.09,1073.83,1.2673,32.8,30.29,2.382,13.3305
2014-02-10,6.0591,62.44,1072.3,1.2701,32.8,30.32,2.3925,13.3035
2014-02-11,6.0601,62.15,1070.8,1.2673,32.74,30.29,2.4083,13.2845
2014-02-12,6.0614,61.84,1062.14,1.2664,32.53,30.27,2.4121,13.3125
2014-02-13,6.0631,62.23,1066.2,1.2654,32.55,30.32,2.4135,13.338
2014-02-14,6.0666,61.87,1062.9,1.2602,32.32,30.25,2.3859,13.2505
2014-02-18,6.0671,62.2,1065.54,1.2602,32.46,30.28,2.3902,13.2285
2014-02-19,6.0762,62.32,1065.25,1.2604,32.54,30.29,2.3895,13.272
2014-02-20,6.0832,62.21,1072.0,1.2653,32.57,30.37,2.3713,13.2935
2014-02-21,6.0912,62.13,1072.15,1.2671,32.52,30.35,2.3565,13.271
2014-02-24,6.0982,62.07,1074.0,1.2637,32.52,30.35,2.33,13.2035
2014-02-25,6.1243,61.96,1072.78,1.2629,32.54,30.33,2.3338,13.211
2014-02-26,6.1243,62.11,1065.72,1.2663,32.58,30.29,2.3495,13.3175
2014-02-27,6.1279,62.11,1068.85,1.2638,32.59,30.29,2.3315,13.296
2014-02-28,6.1448,61.78,1066.01,1.2669,32.52,30.29,2.3321,13.2255
2014-03-03,6.146,62.17,1069.9,1.2709,32.53,30.31,2.3411,13.3315
2014-03-04,6.143,61.91,1071.2,1.2689,32.32,30.28,2.3406,13.282
2014-03-05,6.128,61.75,1070.85,1.27,32.27,30.26,2.3281,13.252
2014-03-06,6.1183,60.89,1064.1,1.263,32.25,30.25,2.3051,13.1425
2014-03-07,6.1258,61.24,1064.2,1.2682,32.36,30.24,2.3383,13.174
2014-03-10,6.1383,60.84,1066.5,1.2686,32.38,30.31,2.344,13.22
2014-03-11,6.1397,61.01,1065.13,1.2665,32.28,30.31,2.3495,13.2325
2014-03-12,6.1448,61.01,1070.2,1.2677,32.39,30.32,2.3617,13.27
2014-03-13,6.1359,61.2,1068.35,1.2658,32.33,30.32,2.356,13.229
2014-03-14,6.15,61.19,1071.33,1.2648,32.25,30.34,2.3584,13.2275
2014-03-17,6.1779,61.08,1067.15,1.2647,32.21,30.31,2.3532,13.1975
2014-03-18,6.1918,61.1,1068.5,1.2637,32.1,30.44,2.3415,13.167
2014-03-19,6.1934,60.95,1070.53,1.2663,32.16,30.45,2.331,13.1685
2014-03-20,6.2273,61.33,1076.28,1.2774,32.38,30.65,2.3339,13.2625
2014-03-21,6.2248,60.9,1079.6,1.2745,32.38,30.56,2.3215,13.22
2014-03-24,6.1956,60.78,1077.7,1.2712,32.47,30.57,2.322,13.1945
2014-03-25,6.201,60.27,1078.67,1.2694,32.58,30.52,2.3092,13.1415
2014-03-26,6.2084,60.13,1074.97,1.2677,32.57,30.52,2.306,13.126
2014-03-27,6.2123,60.26,1071.65,1.2645,32.48,30.52,2.2671,13.068
2014-03-28,6.2117,59.89,1068.85,1.2593,32.49,30.46,2.2627,13.088
2014-03-31,6.2164,60.0,1064.65,1.2583,32.42,30.45,2.2552,13.056
2014-04-01,6.2064,59.86,1058.3,1.2589,32.34,30.28,2.2626,13.0265
2014-04-02,6.2054,59.9,1057.2,1.2619,32.4,30.29,2.2704,13.1005
2014-04-03,6.2102,60.35,1057.5,1.2633,32.47,30.28,2.2795,13.1335
2014-04-04,6.2118,60.08,1053.85,1.2596,32.46,30.2,2.2403,13.0265
2014-04-07,6.2118,60.11,1055.17,1.2602,32.46,30.23,2.2209,13.009
2014-04-08,6.1966,60.08,1052.1,1.2527,32.26,30.11,2.194,12.95
2014-04-09,6.2003,60.09,1041.25,1.2473,32.2,30.04,2.2154,13.0525
2014-04-10,6.2123,60.07,1039.9,1.2481,32.23,29.99,2.1954,13.0455
2014-04-11,6.2111,60.18,1035.4,1.2481,32.26,30.08,2.2075,13.074
2014-04-14,6.2186,60.32,1039.29,1.2518,32.26,30.18,2.2096,13.051
2014-04-15,6.2215,60.34,1041.07,1.2534,32.3,30.2,2.2355,13.096
2014-04-16,6.2204,60.22,1038.2,1.2504,32.23,30.13,2.2355,13.0545
2014-04-17,6.2188,60.29,1038.0,1.2507,32.16,30.14,2.2488,13.0565
2014-04-18,6.224,60.29,1037.35,1.2524,32.16,30.17,2.237,13.0425
2014-04-21,6.2269,60.59,1038.56,1.2526,32.23,30.23,2.236,13.04
2014-04-22,6.2373,60.8,1037.45,1.2559,32.31,30.3,2.2425,13.05
2014-04-23,6.2374,61.17,1039.35,1.257,32.35,30.31,2.2372,13.092
2014-04-24,6.2484,61.11,1039.5,1.2583,32.36,30.28,2.2231,13.0955
2014-04-25,6.2534,60.64,1040.95,1.2563,32.25,30.29,2.2357,13.135
2014-04-28,6.252,60.69,1034.9,1.2566,32.26,30.22,2.231,13.1425
2014-04-29,6.2578,60.23,1029.83,1.2551,32.25,30.13,2.2205,13.1155
2014-04-30,6.2591,60.21,1032.85,1.2553,32.36,30.16,2.236,13.0835
2014-05-01,6.2591,60.11,1032.75,1.2525,32.36,30.17,2.2335,13.0525
2014-05-02,6.2591,60.02,1029.55,1.2539,32.36,30.17,2.2177,12.9985
2014-05-05,6.2453,60.21,1029.5,1.2499,32.35,30.09,2.2324,13.008
2014-05-06,6.2255,59.97,1029.5,1.2472,32.35,30.07,2.2278,13.0025
2014-05-07,6.2349,60.01,1022.46,1.2485,32.37,30.09,2.2231,12.98
2014-05-08,6.2272,60.06,1022.6,1.246,32.51,30.08,2.2048,12.9455
2014-05-09,6.227,60.0,1024.23,1.2482,32.61,30.12,2.215,12.986
2014-05-12,6.2364,59.48,1024.29,1.2506,32.62,30.15,2.219,12.9575
2014-05-13,6.2283,59.44,1021.85,1.2516,32.61,30.2,2.2095,12.926
2014-05-14,6.2282,59.49,1027.5,1.2496,32.41,30.15,2.2043,12.885
2014-05-15,6.2291,59.38,1025.1,1.2521,32.49,30.17,2.225,12.9745
2014-05-16,6.2327,58.62,1023.42,1.2509,32.49,30.13,2.2115,12.922
2014-05-19,6.2368,58.38,1021.87,1.2492,32.47,30.14,2.204,12.8945
2014-05-20,6.2377,58.58,1025.0,1.252,32.51,30.16,2.21,12.9365
2014-05-21,6.2335,58.66,1026.7,1.2524,32.49,30.17,2.2075,12.915
2014-05-22,6.2348,58.3,1024.3,1.2515,32.56,30.12,2.218,12.8815
2014-05-23,6.2363,58.36,1024.45,1.2524,32.55,30.09,2.2154,12.863
2014-05-27,6.2471,58.9,1022.95,1.2564,32.63,30.11,2.2371,12.887
2014-05-28,6.2535,58.94,1021.7,1.2554,32.68,30.09,2.2388,12.871
2014-05-29,6.2375,58.9,1020.5,1.2551,32.78,29.97,2.2188,12.8455
2014-05-30,6.2471,59.16,1020.3,1.2543,32.84,30.01,2.2365,12.8605
2014-06-02,6.2471,59.15,1024.0,1.2564,32.85,30.07,2.2685,12.911
2014-06-03,6.2536,59.32,1023.0,1.2568,32.6,30.08,2.2695,12.9375
2014-06-04,6.2494,59.34,1023.0,1.2572,32.66,30.05,2.2846,12.946
2014-06-05,6.2548,59.24,1019.7,1.2555,32.63,30.03,2.262,12.8765
2014-06-06,6.2498,59.17,1019.7,1.2514,32.48,29.99,2.2421,12.907
2014-06-09,6.2397,59.18,1016.35,1.2499,32.44,30.0,2.2292,12.988
2014-06-10,6.224,59.18,1016.95,1.2498,32.46,29.99,2.2271,13.0435
2014-06-11,6.2277,59.32,1015.6,1.2499,32.46,29.99,2.2296,13.0295
2014-06-12,6.2175,59.19,1017.6,1.248,32.44,29.97,2.231,12.986
2014-06-13,6.209,59.64,1017.8,1.2507,32.37,30.0,2.2305,13.0215
2014-06-16,6.225,60.16,1020.0,1.2504,32.35,30.01,2.2339,13.0264
2014-06-17,6.2263,60.32,1022.3,1.2537,32.48,30.07,2.2561,13.091
2014-06-18,6.2309,60.28,1021.85,1.2518,32.47,30.0,2.2526,13.066
2014-06-19,6.2287,60.09,1018.37,1.2497,32.47,29.99,2.2527,12.9955
2014-06-20,6.224,60.23,1020.81,1.2501,32.45,30.01,2.236,13.0065
2014-06-23,6.225,60.14,1018.1,1.2486,32.45,29.99,2.2175,12.995
2014-06-24,6.2308,60.14,1018.05,1.2492,32.44,29.94,2.2202,13.0195
2014-06-25,6.2343,60.11,1019.55,1.2496,32.44,29.96,2.2073,13.0195
2014-06-26,6.2235,60.17,1016.0,1.25,32.48,29.91,2.2056,13.02
2014-06-27,6.218,60.04,1013.3,1.2497,32.45,29.87,2.1974,13.001
2014-06-30,6.2036,60.06,1011.6,1.2465,32.43,29.87,2.203,12.9695
2014-07-01,6.1995,60.05,1010.7,1.2454,32.39,29.88,2.2015,12.9455
2014-07-02,6.2101,59.69,1009.1,1.2472,32.38,29.87,2.2169,12.9625
2014-07-03,6.2115,59.74,1008.85,1.2465,32.38,29.85,2.2163,12.9665
2014-07-07,6.2036,60.013,1011.1,1.2466,32.4,29.91,2.2192,13.003
2014-07-08,6.201,59.78,1011.5,1.2431,32.38,29.91,2.2134,13.002
2014-07-09,6.1994,59.75,1012.1,1.2418,32.19,29.88,2.2129,12.9725
2014-07-10,6.2023,60.19,1013.1,1.2419,32.17,29.93,2.2223,12.9985
2014-07-11,6.2034,60.08,1018.6,1.2409,32.13,29.94,2.22,12.982
2014-07-14,6.2059,60.11,1018.95,1.2412,32.13,29.94,2.2135,12.9773
2014-07-15,6.2075,60.15,1026.75,1.2437,32.11,30.02,2.2237,12.9735
2014-07-16,6.2035,60.12,1031.9,1.2425,32.09,29.99,2.2235,12.935
2014-07-17,6.2033,60.35,1028.95,1.2427,32.16,30.0,2.2446,12.97
2014-07-18,6.2075,60.33,1029.1,1.241,32.12,30.0,2.2326,12.961
2014-07-21,6.2088,60.24,1026.65,1.2394,31.89,29.97,2.2194,12.9685
2014-07-22,6.2025,60.16,1024.2,1.2397,31.74,29.98,2.207,12.9355
2014-07-23,6.1982,60.0,1023.5,1.2376,31.81,29.94,2.2184,12.926
2014-07-24,6.1944,60.11,1029.05,1.2405,31.83,29.95,2.2172,12.955
2014-07-25,6.1913,60.04,1025.6,1.2413,31.82,29.96,2.2286,12.95
2014-07-28,6.187,60.13,1026.1,1.2413,31.8,29.96,2.2298,12.9875
2014-07-29,6.18,60.12,1024.65,1.2429,31.83,29.95,2.229,13.0655
2014-07-30,6.1712,60.4,1024.55,1.2454,31.97,29.99,2.2533,13.1375
2014-07-31,6.1737,60.55,1027.75,1.2466,32.18,30.06,2.2696,13.237
2014-08-01,6.1793,61.2,1036.85,1.2469,32.14,30.0,2.2674,13.214
2014-08-04,6.178,60.94,1032.95,1.2461,32.16,29.99,2.2591,13.198
2014-08-05,6.1705,61.05,1027.9,1.2481,32.21,30.0,2.277,13.281
2014-08-06,6.1625,61.25,1033.75,1.249,32.21,30.01,2.2754,13.2545
2014-08-07,6.1618,61.2,1036.75,1.2508,32.22,30.02,2.2884,13.2665
2014-08-08,6.1557,61.18,1036.4,1.2514,32.13,29.99,2.296,13.234
2014-08-11,6.1528,61.17,1029.8,1.2499,32.06,30.02,2.274,13.192
2014-08-12,6.1575,61.09,1026.9,1.251,32.06,30.02,2.2739,13.17
2014-08-13,6.1531,61.22,1029.35,1.2495,31.95,30.0,2.2762,13.106
2014-08-14,6.1575,60.77,1026.9,1.245,31.84,29.96,2.2709,13.071
2014-08-15,6.147,60.77,1020.95,1.2455,31.86,29.95,2.2736,13.1015
2014-08-18,6.1425,60.77,1017.35,1.2444,31.83,29.98,2.2595,13.0495
2014-08-19,6.1425,60.67,1017.35,1.2471,31.88,29.99,2.2555,13.057
2014-08-20,6.1395,60.58,1022.6,1.2497,31.96,29.98,2.2537,13.0825
2014-08-21,6.151,60.56,1023.4,1.2493,31.97,29.99,2.2555,13.0935
2014-08-22,6.151,60.47,1017.8,1.2491,31.95,29.97,2.2784,13.1375
2014-08-25,6.154,60.56,1019.65,1.2502,31.97,29.96,2.2823,13.1305
2014-08-26,6.1522,60.43,1016.25,1.2497,31.92,29.96,2.2725,13.105
2014-08-27,6.143,60.45,1013.95,1.247,31.9,29.87,2.2594,13.085
2014-08-28,6.1423,60.51,1014.85,1.2488,31.94,29.89,2.2521,13.1175
2014-08-29,6.143,61.51,1013.85,1.2485,31.94,29.88,2.2381,13.069
2014-09-02,6.148,60.69,1018.2,1.2538,32.11,29.94,2.2513,13.131
2014-09-03,6.1408,60.41,1019.55,1.2522,32.03,29.89,2.2308,13.0915
2014-09-04,6.1383,60.38,1018.7,1.2555,32.07,29.91,2.2399,13.1115
2014-09-05,6.14,60.26,1024.25,1.2533,31.98,29.9,2.244,13.068
2014-09-08,6.14,60.29,1024.0,1.2564,32.04,29.93,2.2498,13.0755
2014-09-09,6.1362,60.6,1034.05,1.2627,32.09,29.97,2.2825,13.204
2014-09-10,6.1284,60.95,1034.2,1.2626,32.14,30.0,2.2956,13.209
2014-09-11,6.1295,60.93,1035.9,1.263,32.19,30.02,2.2882,13.212
2014-09-12,6.1344,60.95,1034.9,1.2631,32.2,30.04,2.3301,13.2485
2014-09-15,6.1415,61.03,1037.8,1.2636,32.27,30.14,2.3451,13.2315
2014-09-16,6.1459,61.06,1035.95,1.2593,32.21,30.13,2.3227,13.154
2014-09-17,6.1385,60.9,1034.55,1.2644,32.24,30.16,2.3458,13.1805
2014-09-18,6.14,60.78,1043.3,1.2678,32.27,30.23,2.3602,13.2355
2014-09-19,6.1403,60.8,1043.55,1.2662,32.19,30.21,2.3747,13.239
2014-09-22,6.14,60.93,1040.75,1.2693,32.24,30.27,2.3862,13.2595
2014-09-23,6.1368,61.04,1039.9,1.2684,32.21,30.22,2.41,13.2925
2014-09-24,6.1346,60.93,1039.77,1.2672,32.23,30.22,2.4022,13.299
2014-09-25,6.1355,61.33,1042.6,1.2687,32.28,30.32,2.4179,13.38
2014-09-26,6.1266,61.14,1044.1,1.2737,32.35,30.34,2.4243,13.4445
2014-09-29,6.1495,61.53,1053.15,1.2734,32.37,30.47,2.4458,13.4823
2014-09-30,6.138,61.92,1054.55,1.2754,32.43,30.44,2.4484,13.427
2014-10-01,6.138,61.71,1062.7,1.2728,32.43,30.43,2.4746,13.461
2014-10-02,6.138,61.61,1061.1,1.2713,32.42,30.43,2.4881,13.41
2014-10-03,6.1385,61.81,1061.1,1.2812,32.62,30.49,2.487,13.4725
2014-10-06,6.1385,61.68,1068.75,1.2771,32.6,30.42,2.4086,13.397
2014-10-07,6.1385,61.28,1069.4,1.2756,32.57,30.38,2.3901,13.437
2014-10-08,6.1385,61.38,1074.4,1.2783,32.6,30.43,2.4274,13.4855
2014-10-09,6.1299,60.92,1062.6,1.2712,32.42,30.37,2.3922,13.394
2014-10-10,6.1308,61.27,1073.1,1.273,32.41,30.38,2.4096,13.427
2014-10-14,6.125,61.38,1064.62,1.275,32.47,30.45,2.3943,13.4015
2014-10-15,6.1249,61.42,1058.9,1.2726,32.42,30.35,2.4393,13.5615
2014-10-16,6.123,61.8,1060.16,1.273,32.4,30.38,2.4742,13.5605
2014-10-17,6.1238,61.46,1063.62,1.2752,32.42,30.38,2.4328,13.5155
2014-10-20,6.1233,61.2,1057.58,1.2708,32.27,30.36,2.4555,13.5365
2014-10-21,6.1205,61.14,1054.69,1.271,32.24,30.38,2.4687,13.506
2014-10-22,6.118,61.18,1052.47,1.2719,32.32,30.39,2.4711,13.543
2014-10-23,6.119,61.16,1057.87,1.2747,32.34,30.42,2.5029,13.524
2014-10-24,6.1168,61.16,1055.58,1.2753,32.38,30.39,2.4657,13.529
2014-10-27,6.116,61.28,1050.99,1.2746,32.42,30.38,2.5429,13.5727
2014-10-28,6.113,61.17,1047.0,1.2723,32.42,30.36,2.4705,13.488
2014-10-29,6.1107,61.2,1043.89,1.2705,32.44,30.31,2.4349,13.415
2014-10-30,6.114,61.42,1053.8,1.2767,32.53,30.39,2.4058,13.43
2014-10-31,6.1124,61.44,1073.07,1.2854,32.58,30.45,2.4535,13.4825
2014-11-03,6.1178,61.38,1077.63,1.2909,32.7,30.48,2.4964,13.5405
2014-11-04,6.115,61.38,1076.99,1.289,32.67,30.51,2.5178,13.593
2014-11-05,6.1135,61.49,1089.38,1.2933,32.83,30.59,2.507,13.5935
2014-11-06,6.1117,61.45,1084.0,1.2945,32.85,30.56,2.5541,13.6205
2014-11-07,6.1225,61.5,1086.5,1.292,32.78,30.58,2.5705,13.5625
2014-11-10,6.119,61.52,1089.28,1.2917,32.83,30.55,2.5402,13.5475
2014-11-12,6.1257,61.4,1093.62,1.2892,32.82,30.58,2.5496,13.56
2014-11-13,6.1243,61.55,1093.61,1.2909,32.77,30.61,2.5922,13.612
2014-11-14,6.129,61.7,1102.23,1.2979,32.8,30.76,2.603,13.536
2014-11-17,6.1242,61.82,1098.12,1.298,32.78,30.7,2.6016,13.587
2014-11-18,6.1208,61.72,1096.64,1.2962,32.73,30.73,2.5954,13.545
2014-11-19,6.119,61.98,1112.04,1.3057,32.8,30.9,2.5744,13.607
2014-11-20,6.123,61.92,1111.96,1.3008,32.81,30.89,2.5718,13.617
2014-11-21,6.1244,61.76,1111.05,1.2981,32.78,30.89,2.5247,13.6255
2014-11-24,6.1412,61.85,1114.66,1.3035,32.83,30.97,2.5478,13.6415
2014-11-25,6.1355,61.89,1108.68,1.3016,32.79,30.93,2.53,13.641
2014-11-26,6.1386,61.78,1103.26,1.2982,32.76,30.88,2.5006,13.7155
2014-11-28,6.1429,62.2,1112.06,1.3036,32.85,30.99,2.572,13.921
2014-12-01,6.1515,61.94,1108.36,1.305,32.75,31.03,2.562,13.9355
2014-12-02,6.149,61.8,1115.35,1.3095,32.85,31.1,2.5737,14.0695
2014-12-03,6.1499,61.85,1114.57,1.3111,32.88,31.11,2.5549,14.092
2014-12-04,6.1541,61.78,1110.89,1.3108,32.88,31.09,2.5781,14.102
2014-12-05,6.1497,61.9,1117.74,1.3219,33.0,31.22,2.601,14.326
2014-12-08,6.1725,61.82,1112.52,1.3193,33.02,31.12,2.6142,14.427
2014-12-09,6.1855,61.87,1102.31,1.3145,32.88,31.12,2.5941,14.3655
2014-12-10,6.1763,62.1,1103.75,1.3106,32.81,31.2,2.6106,14.5175
2014-12-11,6.1881,62.46,1101.83,1.3147,32.81,31.21,2.6445,14.705
2014-12-12,6.1864,62.52,1103.01,1.3123,32.81,31.32,2.672,14.785
2014-12-15,6.19,63.16,1098.24,1.3122,32.98,31.27,2.6917,14.794
2014-12-16,6.189,63.65,1080.83,1.3046,32.97,31.25,2.7306,14.744
2014-12-17,6.1957,63.52,1094.59,1.3072,32.92,31.32,2.691,14.5655
2014-12-18,6.2139,62.98,1101.75,1.3128,32.86,31.43,2.6454,14.5585
2014-12-19,6.2196,63.24,1099.21,1.3169,32.85,31.5,2.6538,14.6635
2014-12-22,6.2213,63.22,1097.77,1.3187,32.89,31.56,2.6532,14.6405
2014-12-23,6.2256,63.4,1104.84,1.3219,32.9,31.75,2.6996,14.7075
2014-12-24,6.2148,63.55,1103.22,1.3235,32.88,31.8,2.695,14.746
2014-12-29,6.2222,63.67,1097.34,1.3226,32.94,31.75,2.6974,14.7125
2014-12-30,6.2015,63.38,1096.06,1.321,32.86,31.64,2.6605,14.723
2014-12-31,6.2046,63.04,1090.89,1.3244,32.9,31.6,2.6563,14.75
2015-01-02,6.2046,63.27,1103.73,1.3303,32.94,31.74,2.6967,14.806
2015-01-05,6.2201,63.34,1109.07,1.3354,32.95,32.0,2.7284,14.97
2015-01-06,6.2125,63.57,1098.14,1.3319,32.86,31.98,2.7013,14.8785
2015-01-07,6.2127,63.27,1101.51,1.3412,32.87,31.99,2.7,14.7875
2015-01-08,6.2143,62.67,1096.19,1.336,32.86,31.99,2.6635,14.6095
2015-01-09,6.2085,62.34,1086.14,1.3337,32.85,31.89,2.6375,14.5765
2015-01-12,6.2027,62.09,1083.25,1.3341,32.87,31.88,2.6673,14.637
2015-01-13,6.197,61.97,1080.42,1.334,32.85,31.84,2.6366,14.5755
2015-01-14,6.1957,62.09,1080.45,1.3332,32.75,31.78,2.6145,14.574
2015-01-15,6.187,62.06,1077.94,1.3291,32.75,31.65,2.6324,14.592
2015-01-16,6.2065,61.87,1076.68,1.3264,32.53,31.46,2.6225,14.611
2015-01-20,6.2137,61.64,1087.17,1.3377,32.7,31.66,2.6148,14.6465
2015-01-21,6.2112,61.55,1081.94,1.3346,32.56,31.47,2.5982,14.725
2015-01-22,6.2085,61.32,1081.75,1.3357,32.53,31.35,2.5644,14.6015
2015-01-23,6.2279,61.46,1075.75,1.344,32.58,31.23,2.5805,14.64
2015-01-26,6.2535,61.46,1079.42,1.3418,32.55,31.31,2.582,14.564
2015-01-27,6.243,61.34,1075.31,1.3388,32.51,31.06,2.5737,14.5775
2015-01-28,6.2475,61.34,1084.84,1.3509,32.55,31.18,2.5825,14.6855
2015-01-29,6.2463,61.94,1098.6,1.3533,32.76,31.56,2.6113,14.8805
2015-01-30,6.2495,62.01,1104.3,1.3537,32.74,31.75,2.6843,15.005
2015-02-02,6.2594,61.68,1099.61,1.3513,32.57,31.62,2.7086,14.8815
2015-02-03,6.2573,61.67,1096.06,1.3469,32.61,31.5,2.7016,14.7515
2015-02-04,6.2472,61.73,1086.79,1.3472,32.6,31.46,2.7403,14.7935
2015-02-05,6.2516,61.73,1087.05,1.3449,32.59,31.49,2.7306,14.748
2015-02-06,6.2417,61.7,1097.26,1.3513,32.62,31.58,2.7681,14.9175
2015-02-09,6.2467,62.1,1096.4,1.354,32.6,31.59,2.7872,14.809
2015-02-10,6.2405,62.33,1098.61,1.3553,32.63,31.56,2.8304,14.953
2015-02-11,6.2422,62.41,1108.19,1.3609,32.66,31.62,2.8724,15.1025
2015-02-12,6.244,62.3,1100.87,1.3556,32.6,31.31,2.8225,14.8905
2015-02-13,6.2399,62.04,1097.2,1.3543,32.59,31.34,2.8273,14.873
2015-02-17,6.2546,62.14,1107.33,1.356,32.59,31.6,2.829,14.885
2015-02-18,6.2546,62.25,1112.82,1.3603,32.58,31.67,2.8467,14.961
2015-02-19,6.2546,62.08,1110.69,1.3576,32.55,31.74,2.8578,14.937
2015-02-20,6.2546,62.19,1110.06,1.3591,32.54,31.76,2.8773,15.0625
2015-02-23,6.2546,62.15,1108.25,1.3583,32.54,31.75,2.8688,15.078
2015-02-24,6.2546,62.07,1108.05,1.3591,32.55,31.65,2.8462,14.9755
2015-02-25,6.2591,61.84,1101.53,1.354,32.52,31.43,2.8656,14.919
2015-02-26,6.2584,61.74,1100.33,1.3561,32.35,31.41,2.8806,14.9465
2015-02-27,6.2695,61.67,1100.65,1.3614,32.34,31.44,2.8618,14.939
2015-03-02,6.272,61.87,1101.46,1.365,32.34,31.4,2.8765,14.9895
2015-03-03,6.2741,61.76,1095.65,1.3616,32.35,31.35,2.8967,14.935
2015-03-04,6.2701,62.3,1100.2,1.3678,32.41,31.42,2.979,15.0825
2015-03-05,6.2658,62.26,1100.11,1.3713,32.42,31.44,2.9961,15.181
2015-03-06,6.262,62.45,1110.36,1.3789,32.57,31.59,3.0601,15.448
2015-03-09,6.2635,62.67,1114.18,1.3792,32.59,31.52,3.1015,15.4635
2015-03-10,6.2615,62.71,1123.32,1.388,32.7,31.66,3.1273,15.5815
2015-03-11,6.2613,62.76,1131.33,1.3862,32.88,31.71,3.0881,15.461
2015-03-12,6.2614,62.44,1120.13,1.3793,32.83,31.58,3.1247,15.366
2015-03-13,6.2585,63.06,1135.7,1.391,32.92,31.71,3.2605,15.4985
2015-03-16,6.262,62.8,1129.62,1.3892,32.91,31.63,3.2204,15.4225
2015-03-17,6.249,62.64,1127.69,1.3894,32.94,31.58,3.2632,15.425
2015-03-18,6.2289,62.69,1127.09,1.3895,32.84,31.48,3.2747,15.4285
2015-03-19,6.1955,62.56,1121.21,1.3896,32.76,31.48,3.2931,15.3055
2015-03-20,6.2037,62.47,1113.87,1.3823,32.61,31.41,3.2206,15.05
2015-03-23,6.2135,62.22,1106.68,1.3669,32.49,31.28,3.1596,14.9565
2015-03-24,6.2046,62.4,1104.2,1.3678,32.52,31.24,3.1534,14.945
2015-03-25,6.2116,62.35,1099.72,1.3678,32.49,31.24,3.1609,14.933
2015-03-26,6.2103,62.83,1103.59,1.3678,32.52,31.21,3.1768,15.0855
2015-03-27,6.2145,62.5,1103.6,1.3682,32.53,31.19,3.2412,15.172
2015-03-30,6.2065,62.52,1106.39,1.375,32.57,31.28,3.2515,15.249
2015-03-31,6.199,62.31,1107.71,1.3721,32.55,31.24,3.1843,15.245
2015-04-01,6.1976,62.14,1098.1,1.3634,32.47,31.24,3.1547,15.113
2015-04-02,6.1968,62.13,1089.49,1.3575,32.46,31.05,3.1373,15.0635
2015-04-03,6.193,61.99,1085.65,1.3492,32.38,30.87,3.12,14.8025
2015-04-06,6.193,62.16,1083.38,1.3507,32.42,30.88,3.0961,14.8225
2015-04-07,6.1955,62.23,1093.76,1.3593,32.58,31.06,3.1105,14.92
2015-04-08,6.202,62.22,1093.77,1.3546,32.57,31.08,3.0852,14.9065
2015-04-09,6.205,62.18,1093.8,1.3583,32.54,31.24,3.0345,15.055
2015-04-10,6.2082,62.21,1093.13,1.3668,32.51,31.23,3.0784,15.167
2015-04-13,6.2152,62.38,1100.41,1.3731,32.53,31.33,3.1157,15.311
2015-04-14,6.2113,62.25,1090.76,1.359,32.46,31.21,3.0779,15.2135
2015-04-15,6.2037,62.34,1095.07,1.3605,32.43,31.23,3.0571,15.361
2015-04-16,6.1947,62.28,1086.89,1.3536,32.41,31.1,3.018,15.216
2015-04-17,6.1976,62.48,1081.99,1.3467,32.32,31.05,3.0639,15.319
2015-04-20,6.2014,63.07,1081.27,1.3477,32.39,31.07,3.0446,15.394
2015-04-21,6.201,62.92,1081.54,1.3499,32.35,31.08,3.033,15.381
2015-04-22,6.1927,62.96,1080.64,1.3461,32.37,31.06,2.9988,15.4275
2015-04-23,6.1975,63.27,1080.0,1.3447,32.43,31.03,2.9807,15.3305
2015-04-24,6.193,63.55,1075.85,1.3315,32.57,30.68,2.9631,15.3825
2015-04-27,6.2185,63.34,1071.01,1.3276,32.6,30.44,2.9049,15.3175
2015-04-28,6.2035,63.05,1063.03,1.318,32.62,30.42,2.9002,15.2185
2015-04-29,6.1989,63.38,1066.48,1.3171,32.87,30.37,2.9393,15.168
2015-04-30,6.2018,63.58,1076.74,1.3261,33.03,30.64,3.0121,15.3855
2015-05-01,6.2018,63.63,1080.22,1.3293,33.2,30.7,3.0145,15.565
2015-05-04,6.2085,63.64,1081.19,1.3329,33.31,30.71,3.072,15.512
2015-05-05,6.2058,63.31,1080.46,1.3329,33.34,30.63,3.0585,15.341
2015-05-06,6.2001,63.57,1077.23,1.3243,33.25,30.6,3.0485,15.2945
2015-05-07,6.2063,64.08,1093.55,1.3331,33.55,30.78,3.039,15.3325
2015-05-08,6.2084,63.73,1087.28,1.329,33.54,30.68,2.9808,15.121
2015-05-11,6.2086,63.96,1095.39,1.3361,33.71,30.79,3.0385,15.2855
2015-05-12,6.2086,64.19,1093.81,1.3336,33.7,30.73,3.0223,15.298
2015-05-13,6.2043,63.88,1089.72,1.3239,33.51,30.64,3.0265,15.2385
2015-05-14,6.2013,63.47,1089.46,1.3199,33.5,30.55,2.991,15.116
2015-05-15,6.2051,63.36,1083.05,1.3195,33.48,30.42,2.9779,14.997
2015-05-18,6.2041,63.66,1088.19,1.3258,33.39,30.47,3.012,15.128
2015-05-19,6.2064,63.8,1093.94,1.3348,33.49,30.5,3.0175,15.191
2015-05-20,6.2036,63.75,1097.62,1.338,33.61,30.54,3.0308,15.19
2015-05-21,6.1958,63.51,1092.41,1.3362,33.4,30.43,3.0431,15.258
2015-05-22,6.1972,63.43,1093.46,1.336,33.48,30.43,3.0705,15.2915
2015-05-26,6.2038,63.87,1106.06,1.3484,33.73,30.65,3.1489,15.331
2015-05-27,6.2011,63.92,1107.84,1.3525,33.78,30.66,3.1708,15.357
2015-05-28,6.2002,63.83,1109.86,1.3531,33.78,30.65,3.1755,15.3765
2015-05-29,6.198,63.71,1111.99,1.3478,33.65,30.81,3.1855,15.3688
2015-06-01,6.1985,63.59,1115.61,1.3545,33.69,30.87,3.1655,15.4685
2015-06-02,6.198,63.72,1109.34,1.3487,33.74,30.82,3.1391,15.4345
2015-06-03,6.1976,63.99,1104.33,1.3411,33.62,30.76,3.1103,15.4555
2015-06-04,6.2006,63.96,1112.56,1.3478,33.74,30.9,3.1446,15.5575
2015-06-05,6.2024,63.76,1121.18,1.3572,33.86,31.05,3.1604,15.6925
2015-06-08,6.2053,64.03,1121.95,1.357,33.81,31.13,3.1226,15.6735
2015-06-09,6.2047,63.96,1119.38,1.3512,33.73,31.09,3.095,15.553
2015-06-10,6.2055,63.81,1110.32,1.3414,33.59,30.86,3.1013,15.461
2015-06-11,6.2065,63.93,1113.24,1.3469,33.69,30.94,3.1419,15.399
2015-06-12,6.2081,64.02,1111.63,1.343,33.67,30.93,3.1011,15.3975
2015-06-15,6.208,64.03,1114.94,1.3462,33.68,30.91,3.0958,15.419
2015-06-16,6.2085,64.21,1118.08,1.3436,33.69,30.88,3.1052,15.423
2015-06-17,6.2086,64.14,1122.83,1.3478,33.75,30.97,3.0946,15.43
2015-06-18,6.2075,63.62,1101.55,1.3316,33.61,30.68,3.0405,15.271
2015-06-19,6.2085,63.43,1102.64,1.3359,33.64,30.7,3.0887,15.344
2015-06-22,6.2085,63.51,1098.85,1.3346,33.68,30.72,3.0833,15.3265
2015-06-23,6.2066,63.57,1104.54,1.3404,33.76,30.87,3.0913,15.397
2015-06-24,6.2061,63.54,1110.67,1.3453,33.79,30.98,3.0884,15.445
2015-06-25,6.2084,63.5,1111.05,1.3433,33.75,30.93,3.1144,15.486
2015-06-26,6.208,63.54,1122.31,1.3486,33.78,31.01,3.1223,15.563
2015-06-29,6.2085,63.73,1119.09,1.3471,33.75,30.88,3.1403,15.6555
2015-06-30,6.2,63.59,1117.34,1.3469,33.79,30.88,3.1106,15.6902
2015-07-01,6.2008,63.55,1123.89,1.3517,33.81,30.93,3.1269,15.778
2015-07-02,6.2044,63.36,1119.95,1.349,33.79,30.84,3.111,15.6895
2015-07-06,6.2089,63.24,1125.58,1.3488,33.82,30.91,3.1454,15.743
2015-07-07,6.2097,63.51,1133.75,1.3568,33.97,31.08,3.1905,15.833
2015-07-08,6.2087,63.47,1131.75,1.3508,33.94,31.01,3.2319,15.811
2015-07-09,6.2086,63.31,1133.69,1.3512,33.92,31.04,3.213,15.794
2015-07-10,6.2092,63.33,1127.29,1.3497,33.92,31.03,3.1834,15.7305
2015-07-13,6.2081,63.43,1133.93,1.3572,34.01,31.06,3.1507,15.7295
2015-07-14,6.2088,63.27,1142.75,1.361,34.03,31.03,3.1197,15.6715
2015-07-15,6.2082,63.48,1146.42,1.3662,34.15,31.08,3.1531,15.774
2015-07-16,6.2094,63.43,1145.24,1.3652,34.18,31.07,3.134,15.7985
2015-07-17,6.2085,63.45,1148.48,1.3665,34.19,31.11,3.1915,15.916
2015-07-20,6.2095,63.61,1156.38,1.3704,34.42,31.24,3.2123,15.9885
2015-07-21,6.2095,63.57,1148.33,1.3635,34.42,31.17,3.1725,15.9565
2015-07-22,6.2093,63.6,1156.49,1.3664,34.71,31.23,3.2232,16.1065
2015-07-23,6.2091,63.86,1160.64,1.3688,34.81,31.26,3.2862,16.1325
2015-07-24,6.2095,64.04,1169.02,1.3716,34.89,31.5,3.3302,16.2265
2015-07-27,6.2091,64.24,1167.75,1.3668,34.84,31.59,3.356,16.2665
2015-07-28,6.2084,63.76,1161.09,1.3636,34.84,31.42,3.3941,16.2565
2015-07-29,6.2089,63.83,1158.49,1.3658,34.96,31.42,3.3308,16.1945
2015-07-30,6.2096,64.09,1173.42,1.3753,35.18,31.59,3.3696,16.4755
2015-07-31,6.2097,63.87,1159.7,1.3694,34.94,31.59,3.4078,16.061
2015-08-03,6.2087,63.99,1168.63,1.3775,35.0,31.7,3.4487,16.1015
2015-08-04,6.2086,63.71,1161.2,1.3775,35.06,31.63,3.4693,16.166
2015-08-05,6.2096,63.73,1174.4,1.3852,35.16,31.7,3.4884,16.3775
2015-08-06,6.2096,63.67,1163.25,1.3835,35.14,31.64,3.5684,16.3615
2015-08-07,6.2087,63.74,1164.0,1.3851,35.1,31.65,3.5281,16.178
2015-08-10,6.2094,63.77,1161.69,1.383,35.1,31.63,3.4699,16.1535
2015-08-11,6.3232,64.33,1181.36,1.4038,35.1,32.16,3.5086,16.3335
2015-08-12,6.3845,64.8,1175.03,1.403,35.23,32.12,3.4725,16.296
2015-08-13,6.3982,65.27,1176.02,1.398,35.18,32.17,3.5147,16.3735
2015-08-14,6.3908,65.02,1177.62,1.4047,35.23,32.15,3.4625,16.3655
2015-08-17,6.3937,65.39,1181.53,1.4063,35.5,32.42,3.4728,16.3995
2015-08-18,6.3928,65.44,1185.85,1.4055,35.63,32.46,3.4623,16.422
2015-08-19,6.3956,65.17,1184.35,1.4058,35.59,32.49,3.5021,16.526
2015-08-20,6.3875,65.49,1185.63,1.4028,35.59,32.57,3.4617,16.663
2015-08-21,6.3887,66.02,1194.6,1.4041,35.6,32.63,3.497,16.925
2015-08-24,6.4029,66.8,1191.13,1.4092,35.69,33.0,3.5539,17.0825
2015-08-25,6.4122,66.07,1195.25,1.4006,35.48,32.53,3.5456,17.008
2015-08-26,6.4083,66.11,1185.52,1.406,35.59,32.48,3.6333,17.089
2015-08-27,6.4053,65.99,1170.49,1.3982,35.66,32.16,3.5499,16.8815
2015-08-28,6.389,66.14,1180.93,1.409,35.83,32.24,3.5938,16.78
2015-08-31,6.376,66.39,1182.54,1.4118,35.81,32.49,3.6206,16.7315
2015-09-01,6.363,66.34,1179.78,1.4125,35.74,32.42,3.6715,16.8775
2015-09-02,6.3544,66.16,1183.46,1.4165,35.75,32.47,3.7389,16.9415
2015-09-03,6.3549,66.07,1188.07,1.4169,35.85,32.49,3.7546,16.785
2015-09-04,6.3549,66.7,1196.4,1.4221,35.94,32.65,3.8094,16.862
2015-09-08,6.3657,66.36,1195.57,1.4184,36.08,32.64,3.8081,16.784
2015-09-09,6.3768,66.47,1186.52,1.4149,36.07,32.46,3.79,16.8015
2015-09-10,6.377,66.46,1184.87,1.4132,36.08,32.37,3.8587,16.7575
2015-09-11,6.3735,66.39,1182.25,1.4144,36.04,32.53,3.8757,16.823
2015-09-14,6.3664,66.32,1181.17,1.4062,36.04,32.5,3.8391,16.7955
2015-09-15,6.3685,66.36,1178.69,1.4028,35.93,32.48,3.8655,16.768
2015-09-16,6.3694,66.45,1169.77,1.397,35.86,32.43,3.8255,16.568
2015-09-17,6.3645,66.12,1163.11,1.398,35.76,32.4,3.893,16.588
2015-09-18,6.3628,65.7,1164.13,1.396,35.54,32.31,3.921,16.5615
2015-09-21,6.3676,65.66,1179.24,1.4096,35.83,32.63,3.9911,16.6925
2015-09-22,6.375,65.85,1186.1,1.4177,36.08,32.92,4.049,16.879
2015-09-23,6.3836,66.05,1193.96,1.4276,36.18,32.96,4.1093,17.104
2015-09-24,6.3818,66.32,1195.48,1.4249,36.28,33.16,4.1638,17.062
2015-09-25,6.3737,66.12,1190.14,1.4234,36.14,33.07,3.9489,16.963
2015-09-28,6.3685,66.2,1193.32,1.4278,36.29,33.17,4.007,17.0115
2015-09-29,6.3621,65.9,1194.28,1.4273,36.39,33.02,4.0921,17.0895
2015-09-30,6.3556,65.5,1184.62,1.4234,36.37,32.98,3.9554,16.898
2015-10-01,6.3559,65.57,1180.04,1.4289,36.48,32.81,4.0003,16.8915
2015-10-02,6.3559,65.35,1175.48,1.4337,36.46,32.79,3.9712,16.8115
2015-10-05,6.3559,65.12,1158.54,1.4194,36.28,32.47,3.8924,16.699
2015-10-06,6.3559,65.18,1160.7,1.4213,36.24,32.55,3.8406,16.682
2015-10-07,6.3559,64.86,1153.72,1.4094,35.82,32.4,3.8123,16.5735
2015-10-08,6.3529,64.97,1155.57,1.4093,35.86,32.48,3.8295,16.5015
2015-10-09,6.345,64.76,1145.67,1.3943,35.51,32.3,3.7339,16.4125
2015-10-13,6.3417,65.06,1147.42,1.4009,35.59,32.51,3.8314,16.568
2015-10-14,6.3462,64.87,1140.39,1.3837,35.39,32.42,3.8366,16.5715
2015-10-15,6.3459,64.77,1120.9,1.3783,35.14,31.92,3.842,16.428
2015-10-16,6.3523,64.7,1130.73,1.3842,35.26,32.21,3.8527,16.382
2015-10-19,6.3591,64.9,1130.57,1.387,35.44,32.38,3.9005,16.5225
2015-10-20,6.348,64.97,1128.64,1.3901,35.42,32.32,3.8845,16.5715
2015-10-21,6.3487,65.19,1137.09,1.3939,35.66,32.5,3.9514,16.665
2015-10-22,6.3577,64.91,1131.48,1.3943,35.55,32.43,3.9249,16.5135
2015-10-23,6.3488,64.87,1135.0,1.397,35.57,32.49,3.8964,16.538
2015-10-26,6.3517,64.83,1127.47,1.3914,35.42,32.34,3.8788,16.49
2015-10-27,6.3517,65.03,1134.57,1.395,35.49,32.42,3.9002,16.5525
2015-10-28,6.3581,64.89,1130.31,1.3927,35.38,32.45,3.8594,16.444
2015-10-29,6.3552,65.35,1142.39,1.4043,35.68,32.52,3.8971,16.6155
2015-10-30,6.318,65.4,1140.5,1.4005,35.62,32.46,3.8439,16.53
2015-11-02,6.318,65.58,1140.5,1.4009,35.62,32.46,3.8503,16.471
2015-11-03,6.318,65.57,1140.5,1.3993,35.62,32.46,3.7578,16.373
2015-11-04,6.3357,65.46,1136.45,1.4033,35.52,32.43,3.7946,16.5245
2015-11-05,6.318,65.85,1140.5,1.407,35.62,32.46,3.7809,16.5815
2015-11-06,6.318,66.13,1140.5,1.42,35.62,32.46,3.8055,16.843
2015-11-09,6.3619,66.38,1160.42,1.4218,35.9,32.79,3.7855,16.854
2015-11-10,6.3603,66.19,1158.34,1.4222,35.86,32.77,3.7978,16.7625
2015-11-12,6.369,66.04,1158.6,1.4191,35.86,32.72,3.7898,16.732
2015-11-13,6.3735,66.12,1169.79,1.424,35.94,32.87,3.8235,16.6965
2015-11-16,6.37,66.01,1172.67,1.4224,35.96,32.83,3.846,16.8145
2015-11-17,6.3771,65.96,1169.08,1.4231,35.99,32.77,3.8123,16.77
2015-11-18,6.3834,66.16,1167.89,1.424,35.98,32.73,3.7914,16.7655
2015-11-19,6.3825,66.05,1156.08,1.4129,35.74,32.48,3.7365,16.57
2015-11-20,6.3835,66.06,1151.63,1.413,35.71,32.49,3.7048,16.508
2015-11-23,6.389,66.37,1159.14,1.4186,35.83,32.62,3.7239,16.524
2015-11-24,6.3883,66.32,1149.39,1.4116,35.75,32.53,3.7064,16.457
2015-11-25,6.3877,66.36,1140.67,1.4047,35.64,32.47,3.7508,16.545
2015-11-27,6.3945,66.86,1154.43,1.4135,35.88,32.69,3.7736,16.5885
2015-11-30,6.3883,66.43,1149.39,1.4095,35.75,32.53,3.8982,16.6005
2015-12-01,6.3883,66.46,1149.39,1.4071,35.75,32.53,3.8491,16.5305
2015-12-02,6.3883,66.53,1149.39,1.4122,35.75,32.53,3.8633,16.588
2015-12-03,6.3883,66.82,1149.39,1.3982,35.75,32.53,3.7762,16.718
2015-12-04,6.3883,66.65,1149.39,1.3957,35.75,32.53,3.7426,16.6555
2015-12-07,6.4081,66.74,1172.68,1.4046,35.89,32.89,3.7595,16.9
2015-12-08,6.4162,66.77,1179.6,1.4087,35.94,32.94,3.8032,17.0245
2015-12-09,6.427,66.83,1181.75,1.4048,35.92,32.9,3.7264,17.0505
2015-12-10,6.4363,66.7,1176.39,1.4011,36.03,32.74,3.7787,17.0945
2015-12-11,6.4538,67.1,1188.0,1.412,36.15,33.01,3.8791,17.357
2015-12-14,6.4588,67.09,1186.2,1.4074,36.09,32.9,3.8972,17.358
2015-12-15,6.46,66.79,1176.66,1.4088,36.01,32.75,3.9,17.149
2015-12-16,6.4723,66.6,1177.19,1.4091,35.97,32.7,3.9421,17.18
2015-12-17,6.4822,66.32,1187.7,1.4217,36.17,33.0,3.9053,17.119
2015-12-18,6.48,66.23,1178.04,1.4115,36.08,32.85,3.9336,16.993
2015-12-21,6.4793,66.19,1173.87,1.4076,36.15,32.87,4.0231,17.164
2015-12-22,6.4778,66.19,1169.26,1.4037,36.08,32.79,3.998,17.1855
2015-12-23,6.4763,66.04,1140.67,1.4065,36.06,32.82,3.9672,17.1865
2015-12-24,6.4758,66.0,1167.94,1.4047,36.03,32.77,3.9358,17.276
2015-12-28,6.4778,66.09,1169.26,1.4079,36.08,32.79,3.859,17.261
2015-12-29,6.4778,66.28,1169.26,1.4124,36.08,32.79,3.8917,17.2065
2015-12-30,6.4896,66.44,1177.53,1.4152,36.05,32.97,3.988,17.339
2015-12-31,6.4778,66.19,1169.26,1.4166,36.08,32.79,3.9593,17.195
2016-01-04,6.5338,66.56,1191.46,1.4264,36.15,33.15,4.0613,17.36
2016-01-05,6.5219,66.49,1190.43,1.4279,36.12,33.14,4.0108,17.3595
2016-01-06,6.5554,66.71,1200.16,1.4356,36.23,33.27,4.0163,17.436
2016-01-07,6.5926,66.73,1193.05,1.4306,36.21,33.2,4.0504,17.6525
2016-01-08,6.5932,66.82,1206.97,1.4414,36.32,33.34,4.048,17.9145
2016-01-11,6.5675,66.78,1206.55,1.4352,36.29,33.38,4.0464,17.956
2016-01-12,6.57,66.85,1208.95,1.4381,36.33,33.41,4.0454,17.923
2016-01-13,6.57,66.74,1208.95,1.4338,36.33,33.41,3.9893,17.8595
2016-01-14,6.5891,67.37,1211.28,1.4372,36.33,33.49,4.0032,17.893
2016-01-15,6.584,67.74,1216.95,1.4403,36.33,33.61,4.048,18.2475
2016-01-19,6.5783,67.68,1205.61,1.4359,36.29,33.57,4.042,18.1845
2016-01-20,6.5781,68.05,1215.4,1.4389,36.29,33.74,4.1103,18.5945
2016-01-21,6.5794,67.87,1204.31,1.4347,36.18,33.56,4.1299,18.4655
2016-01-22,6.5788,67.55,1195.66,1.4277,35.99,33.49,4.1061,18.45
2016-01-25,6.579,67.71,1194.3,1.4279,35.89,33.5,4.0887,18.56
2016-01-26,6.5814,67.75,1199.64,1.4259,35.83,33.46,4.0701,18.475
2016-01-27,6.5773,67.98,1199.25,1.4283,35.77,33.55,4.0557,18.378
2016-01-28,6.5744,68.08,1204.08,1.427,35.78,33.53,4.0979,18.312
2016-01-29,6.5752,67.87,1210.04,1.4241,35.67,33.43,4.0364,18.211
2016-02-01,6.5778,67.92,1203.19,1.4239,35.58,33.41,3.9866,18.293
2016-02-02,6.5795,67.92,1212.01,1.4269,35.75,33.51,3.9885,18.4895
2016-02-03,6.5765,67.92,1211.33,1.4225,35.77,33.42,3.9478,18.393
2016-02-04,6.5638,67.57,1186.11,1.3953,35.55,33.0,3.8785,18.2255
2016-02-05,6.571,67.78,1204.69,1.4065,35.56,33.37,3.9101,18.372
2016-02-08,6.571,67.98,1205.1,1.4027,35.51,33.41,3.8979,18.6485
2016-02-09,6.571,67.92,1200.39,1.397,35.39,33.23,3.8863,18.8627
2016-02-10,6.571,67.85,1189.69,1.3943,35.31,33.0,3.9366,18.847
2016-02-11,6.571,68.44,1196.89,1.3881,35.22,32.95,3.9704,19.1925
2016-02-12,6.571,68.12,1205.13,1.3961,35.59,33.04,3.9764,19.004
2016-02-16,6.5154,68.48,1219.44,1.4054,35.65,33.21,4.0564,18.789
2016-02-17,6.527,68.33,1222.32,1.4053,35.6,33.25,3.9856,18.275
2016-02-18,6.5163,68.54,1231.15,1.4043,35.58,33.26,4.0191,18.1705
2016-02-19,6.5202,68.54,1231.09,1.4056,35.73,33.3,4.0428,18.272
2016-02-22,6.5197,68.53,1223.32,1.3995,35.73,33.15,3.933,18.019
2016-02-23,6.5263,68.55,1230.05,1.4083,35.71,33.26,3.974,18.2
2016-02-24,6.529,68.53,1234.6,1.4062,35.68,33.3,3.9774,18.227
2016-02-25,6.532,68.84,1237.39,1.4026,35.66,33.19,3.929,18.1305
2016-02-26,6.539,68.82,1242.59,1.4075,35.73,33.29,4.012,18.185
2016-02-29,6.5525,68.21,1238.09,1.4055,35.61,33.22,3.9793,18.0675
2016-03-01,6.55,67.75,1229.56,1.4012,35.59,33.04,3.9475,17.9
2016-03-02,6.5499,67.4,1227.59,1.3998,35.54,33.09,3.8948,17.8415
2016-03-03,6.5312,67.15,1209.55,1.3895,35.43,32.92,3.8246,17.9015
2016-03-04,6.5064,66.9,1195.09,1.3747,35.34,32.49,3.728,17.7575
2016-03-07,6.5155,66.97,1200.08,1.3787,35.41,32.54,3.7745,17.737
2016-03-08,6.5044,67.3,1206.19,1.3833,35.36,32.76,3.7721,17.921
2016-03-09,6.5105,67.07,1206.82,1.3787,35.26,32.75,3.6902,17.7045
2016-03-10,6.507,67.2,1204.09,1.3816,35.22,32.87,3.6698,17.8955
2016-03-11,6.494,66.93,1184.56,1.3713,35.05,32.58,3.6166,17.6905
2016-03-14,6.4984,67.15,1187.39,1.3761,35.1,32.68,3.6265,17.777
2016-03-15,6.511,67.33,1194.99,1.3808,35.11,32.86,3.7298,17.9245
2016-03-16,6.5189,67.24,1190.59,1.3833,35.05,32.77,3.7998,17.9405
2016-03-17,6.4745,66.61,1155.83,1.3507,34.76,32.24,3.6201,17.392
2016-03-18,6.4682,66.34,1160.11,1.3569,34.88,32.3,3.605,17.295
2016-03-21,6.4812,66.45,1157.33,1.3582,34.9,32.33,3.6064,17.39
2016-03-22,6.4876,66.58,1154.58,1.3613,34.95,32.34,3.5921,17.33
2016-03-23,6.5035,66.82,1166.59,1.3659,35.26,32.49,3.6735,17.52
2016-03-24,6.5124,66.82,1168.09,1.3707,35.32,32.5,3.7043,17.626
2016-03-25,6.5131,66.82,1168.19,1.3708,35.28,32.49,3.7028,17.5425
2016-03-28,6.5051,66.58,1163.39,1.3697,35.34,32.56,3.639,17.4535
2016-03-29,6.5063,66.46,1164.69,1.3635,35.39,32.57,3.6726,17.4885
2016-03-30,6.4648,66.37,1142.02,1.3515,35.24,32.16,3.6145,17.255
2016-03-31,6.448,66.25,1138.86,1.3462,35.09,32.18,3.55,17.214
2016-04-01,6.4776,66.34,1147.15,1.3482,35.18,32.26,3.541,17.3205
2016-04-04,6.4776,66.05,1151.35,1.3515,35.23,32.38,3.5994,17.4575
2016-04-05,6.476,66.4,1158.39,1.3568,35.28,32.44,3.6659,17.748
2016-04-06,6.478,66.49,1155.28,1.3464,35.22,32.38,3.6538,17.6655
2016-04-07,6.4599,66.7,1156.81,1.3517,35.18,32.4,3.7106,17.9125
2016-04-08,6.4628,66.49,1148.89,1.3475,35.1,32.4,3.6288,17.76
2016-04-11,6.458,66.33,1141.97,1.3445,35.04,32.33,3.516,17.6385
2016-04-12,6.4639,66.35,1144.53,1.3448,34.97,32.33,3.552,17.5155
2016-04-13,6.4768,66.62,1146.29,1.3519,35.03,32.35,3.5606,17.4905
2016-04-14,6.481,66.56,1151.99,1.3629,35.09,32.41,3.5035,17.367
2016-04-15,6.473,66.49,1144.83,1.3562,35.01,32.32,3.5362,17.558
2016-04-18,6.4717,66.42,1144.48,1.3525,34.98,32.32,3.5977,17.4515
2016-04-19,6.4571,66.12,1126.01,1.3366,34.83,32.11,3.542,17.2935
2016-04-20,6.4675,66.12,1130.48,1.3426,34.84,32.18,3.5444,17.259
2016-04-21,6.481,66.43,1135.49,1.3488,35.06,32.27,3.5444,17.415
2016-04-22,6.5004,66.6,1147.85,1.3532,35.06,32.36,3.5864,17.444
2016-04-25,6.49,66.65,1147.76,1.3517,35.07,32.34,3.5482,17.601
2016-04-26,6.4905,66.4,1146.66,1.3516,35.12,32.27,3.5269,17.386
2016-04-27,6.494,66.52,1151.5,1.3505,35.12,32.36,3.5375,17.379
2016-04-28,6.4735,66.39,1139.93,1.3469,35.0,32.23,3.4824,17.2175
2016-04-29,6.4738,66.39,1144.09,1.3454,34.91,32.28,3.4547,17.19
2016-05-02,6.4738,66.36,1138.45,1.3421,34.84,32.22,3.505,17.2425
2016-05-03,6.49,66.51,1148.69,1.3516,34.94,32.32,3.5652,17.5415
2016-05-04,6.4945,66.63,1164.59,1.3585,35.11,32.39,3.5339,17.705
2016-05-05,6.5032,66.53,1165.93,1.3588,35.17,32.4,3.526,17.785
2016-05-06,6.497,66.52,1167.29,1.359,35.13,32.38,3.5255,17.9155
2016-05-09,6.514,66.7,1174.25,1.3688,35.2,32.54,3.556,18.1325
2016-05-10,6.515,66.58,1169.89,1.3693,35.21,32.54,3.4742,18.0095
2016-05-11,6.491,66.53,1162.47,1.3654,35.21,32.49,3.4594,17.9265
2016-05-12,6.514,66.7,1168.7,1.3725,35.32,32.59,3.4942,18.0345
2016-05-13,6.5285,66.84,1176.85,1.372,35.47,32.66,3.5075,18.147
2016-05-16,6.5184,66.78,1177.21,1.3686,35.39,32.65,3.5034,18.216
2016-05-17,6.517,66.74,1173.67,1.3678,35.5,32.56,3.4942,18.285
2016-05-18,6.537,66.95,1185.77,1.3763,35.6,32.76,3.5268,18.3375
2016-05-19,6.544,67.57,1189.25,1.3806,35.72,32.75,3.6051,18.546
2016-05-20,6.5485,67.42,1186.93,1.3824,35.71,32.69,3.5386,18.377
2016-05-23,6.5533,67.47,1183.39,1.3795,35.68,32.58,3.5753,18.471
2016-05-24,6.5552,67.59,1186.39,1.3816,35.73,32.64,3.5518,18.4435
2016-05-25,6.5538,67.28,1182.21,1.3793,35.68,32.55,3.6072,18.45
2016-05-26,6.554,66.9,1178.09,1.3736,35.59,32.49,3.5775,18.45
2016-05-27,6.5615,66.96,1180.59,1.3748,35.68,32.54,3.6122,18.428
2016-05-31,6.5798,67.12,1188.99,1.3778,35.68,32.58,3.6074,18.413
2016-06-01,6.5748,67.44,1192.09,1.378,35.7,32.62,3.603,18.5475
2016-06-02,6.5815,67.22,1186.69,1.3747,35.62,32.6,3.5978,18.632
2016-06-03,6.5638,66.99,1167.79,1.3591,35.34,32.28,3.5332,18.612
2016-06-06,6.5611,66.81,1162.28,1.3577,35.27,32.25,3.5094,18.614
2016-06-07,6.571,66.64,1154.8,1.3524,35.21,32.16,3.4604,18.436
2016-06-08,6.56,66.51,1153.83,1.3465,35.14,32.13,3.377,18.125
2016-06-09,6.559,66.68,1159.29,1.3524,35.14,32.27,3.3934,18.2885
2016-06-10,6.559,66.84,1167.61,1.357,35.18,32.29,3.4298,18.526
2016-06-13,6.5823,67.17,1169.74,1.3549,35.17,32.37,3.4599,18.8145
2016-06-14,6.593,67.34,1176.78,1.355,35.3,32.39,3.4959,18.9785
2016-06-15,6.5785,67.08,1167.53,1.3548,35.27,32.31,3.4715,18.863
2016-06-16,6.5899,67.43,1176.49,1.3534,35.32,32.37,3.4952,18.9875
2016-06-17,6.5849,67.11,1171.77,1.3504,35.23,32.34,3.4301,18.8615
2016-06-20,6.5768,67.54,1156.8,1.3432,35.19,32.22,3.3937,18.666
2016-06-21,6.5893,67.73,1154.35,1.3419,35.25,32.15,3.4038,18.655
2016-06-22,6.575,67.49,1147.99,1.3395,35.16,32.07,3.3794,18.53
2016-06-23,6.574,67.29,1143.27,1.3391,35.15,31.99,3.344,18.301
2016-06-24,6.615,67.82,1167.56,1.3487,35.32,32.36,3.3895,18.8545
2016-06-27,6.6481,67.92,1181.24,1.3624,35.34,32.53,3.4025,19.152
2016-06-28,6.645,67.86,1169.31,1.3558,35.26,32.41,3.3074,18.91
2016-06-29,6.635,67.42,1153.09,1.3472,35.16,32.27,3.2386,18.5355
2016-06-30,6.6459,67.51,1154.15,1.3489,35.15,32.22,3.2003,18.4935
2016-07-01,6.6547,67.24,1146.49,1.3452,35.03,32.2,3.2448,18.393
2016-07-05,6.677,67.4,1156.79,1.3508,35.16,32.33,3.2964,18.7805
2016-07-06,6.69,67.45,1160.59,1.3511,35.22,32.36,3.3217,18.7535
2016-07-07,6.679,67.49,1154.89,1.349,35.21,32.32,3.3436,18.8785
2016-07-08,6.6878,67.13,1148.71,1.3458,35.2,32.23,3.2835,18.5615
2016-07-11,6.6917,67.11,1148.97,1.351,35.15,32.21,3.3095,18.4915
2016-07-12,6.686,67.05,1146.47,1.3476,35.22,32.13,3.274,18.2935
2016-07-13,6.6832,66.99,1145.01,1.3463,35.2,32.16,3.2895,18.402
2016-07-14,6.6801,66.81,1130.65,1.3423,35.01,31.94,3.235,18.324
2016-07-15,6.6865,67.07,1135.49,1.3479,34.94,31.92,3.2731,18.519
2016-07-18,6.7013,67.14,1134.39,1.3481,34.94,31.93,3.2523,18.48
2016-07-19,6.6931,67.14,1140.56,1.3533,35.02,32.06,3.2754,18.5355
2016-07-20,6.676,67.18,1142.33,1.3577,35.04,32.07,3.2468,18.582
2016-07-21,6.6735,67.15,1137.31,1.356,34.96,31.98,3.2692,18.615
2016-07-22,6.676,67.19,1137.49,1.3586,34.94,32.03,3.2856,18.614
2016-07-25,6.6783,67.41,1140.8,1.3623,35.03,32.2,3.287,18.756
2016-07-26,6.669,67.34,1137.59,1.3592,34.98,32.11,3.277,18.7902
2016-07-27,6.668,67.14,1135.09,1.3584,34.94,32.06,3.2867,18.8715
2016-07-28,6.6538,66.96,1124.79,1.3525,34.85,31.96,3.2737,18.9085
2016-07-29,6.6371,66.77,1112.89,1.3431,34.78,31.82,3.238,18.761
2016-08-01,6.6421,66.63,1106.15,1.3397,34.75,31.55,3.265,18.8325
2016-08-02,6.6239,66.65,1108.35,1.3384,34.76,31.57,3.2521,18.915
2016-08-03,6.632,66.8,1116.21,1.3424,34.96,31.66,3.2595,18.9005
2016-08-04,6.6388,66.76,1111.99,1.3417,34.89,31.62,3.2,18.845
2016-08-05,6.653,66.84,1114.54,1.3469,35.04,31.54,3.1873,18.8685
2016-08-08,6.6597,66.82,1108.24,1.3481,35.01,31.45,3.1841,18.5785
2016-08-09,6.653,66.76,1101.45,1.3436,34.89,31.28,3.1325,18.38
2016-08-10,6.6345,66.72,1095.84,1.34,34.76,31.05,3.1292,18.351
2016-08-11,6.6274,66.75,1097.39,1.3429,34.7,31.25,3.1369,18.264
2016-08-12,6.6324,66.82,1100.79,1.3456,34.74,31.38,3.1648,18.25
2016-08-15,6.637,66.85,1095.83,1.3426,34.6,31.31,3.1717,18.045
2016-08-16,6.624,66.83,1093.95,1.339,34.62,31.26,3.1782,17.975
2016-08-17,6.6328,66.96,1114.25,1.3456,34.69,31.53,3.2273,18.2765
2016-08-18,6.6297,66.83,1107.41,1.3398,34.55,31.4,3.229,18.0575
2016-08-19,6.6515,67.13,1116.37,1.3469,34.64,31.64,3.2219,18.2525
2016-08-22,6.6475,67.18,1120.93,1.3506,34.66,31.8,3.2209,18.3165
2016-08-23,6.6378,67.09,1116.91,1.3511,34.58,31.78,3.2196,18.373
2016-08-24,6.6562,67.14,1121.34,1.3552,34.64,31.79,3.236,18.4955
2016-08-25,6.656,67.01,1115.23,1.3538,34.54,31.68,3.2291,18.4385
2016-08-26,6.669,66.98,1111.47,1.3548,34.61,31.64,3.2085,18.295
2016-08-29,6.6775,67.15,1121.53,1.3602,34.55,31.7,3.2436,18.5625
2016-08-30,6.6778,67.14,1118.27,1.3638,34.58,31.74,3.2525,18.785
2016-08-31,6.6776,66.94,1115.98,1.363,34.62,31.74,3.247,18.849
2016-09-01,6.6713,66.85,1116.89,1.3593,34.59,31.72,3.246,18.826
2016-09-02,6.679,66.6,1114.87,1.3594,34.58,31.66,3.248,18.644
2016-09-06,6.6722,66.28,1093.04,1.3476,34.59,31.18,3.2217,18.3385
2016-09-07,6.66,66.42,1090.03,1.3465,34.63,31.24,3.2223,18.3505
2016-09-08,6.664,66.52,1095.27,1.3492,34.77,31.32,3.1962,18.61
2016-09-09,6.6778,66.76,1106.83,1.3592,34.83,31.58,3.2687,18.8395
2016-09-12,6.6788,66.79,1112.03,1.3591,34.88,31.7,3.2762,19.0705
2016-09-13,6.6782,67.03,1124.61,1.366,34.93,31.77,3.3144,19.1651
2016-09-14,6.6707,66.78,1123.81,1.3629,34.87,31.68,3.3196,19.2075
2016-09-15,6.6707,66.84,1122.83,1.3627,34.9,31.68,3.3274,19.2425
2016-09-16,6.6707,67.1,1127.37,1.3681,34.92,31.7,3.2923,19.6645
2016-09-19,6.665,66.94,1117.44,1.3605,34.77,31.37,3.2565,19.6205
2016-09-20,6.67,66.97,1117.34,1.3621,34.76,31.31,3.2633,19.8485
2016-09-21,6.6695,66.99,1112.17,1.3577,34.7,31.28,3.2393,19.8425
2016-09-22,6.663,66.6,1100.59,1.3558,34.59,31.3,3.2092,19.555
2016-09-23,6.669,66.66,1102.21,1.3592,34.63,31.34,3.227,19.736
2016-09-26,6.6683,66.56,1106.99,1.3593,34.61,31.41,3.2345,19.8605
2016-09-27,6.6691,66.5,1099.22,1.3609,34.59,31.37,3.2364,19.465
2016-09-28,6.673,66.5,1096.73,1.3617,34.6,31.35,3.2468,19.512
2016-09-29,6.665,66.72,1097.39,1.3621,34.64,31.35,3.2276,19.3825
2016-09-30,6.6685,66.58,1097.98,1.3628,34.6,31.27,3.2434,19.3355
2016-10-03,6.6685,66.52,1104.79,1.3658,34.65,31.36,3.2333,19.335
2016-10-04,6.6685,66.49,1110.77,1.3701,34.75,31.43,3.2339,19.236
2016-10-05,6.6685,66.53,1114.53,1.3701,34.84,31.45,3.2326,19.2455
2016-10-06,6.6685,66.7,1114.53,1.3726,34.86,31.5,3.2309,19.232
2016-10-07,6.6685,66.61,1115.95,1.3755,34.92,31.47,3.2296,19.3325
2016-10-11,6.719,66.81,1124.21,1.3784,35.43,31.64,3.2111,18.9685
2016-10-12,6.718,66.85,1127.23,1.3853,35.62,31.63,3.2111,18.999
2016-10-13,6.7248,66.84,1133.31,1.3838,35.39,31.74,3.199,19.044
2016-10-14,6.7277,66.69,1133.13,1.3901,35.31,31.76,3.1975,19.0475
2016-10-17,6.735,66.8,1137.61,1.3891,35.26,31.79,3.1985,18.885
2016-10-18,6.7401,66.71,1123.75,1.3848,35.02,31.53,3.1787,18.6575
2016-10-19,6.737,66.64,1120.01,1.3865,34.87,31.44,3.1677,18.5605
2016-10-20,6.7439,66.83,1128.39,1.3912,34.96,31.58,3.1548,18.591
2016-10-21,6.7654,66.94,1137.17,1.3954,35.14,31.75,3.159,18.6315
2016-10-24,6.7728,66.89,1135.4,1.3939,35.04,31.68,3.1255,18.5835
2016-10-25,6.778,66.8,1129.89,1.3906,34.9,31.53,3.1142,18.485
2016-10-26,6.7706,66.83,1134.94,1.3898,34.99,31.59,3.132,18.668
2016-10-27,6.7819,66.85,1145.85,1.3953,35.09,31.7,3.1494,18.814
2016-10-28,6.776,66.78,1146.49,1.3938,35.06,31.61,3.1833,18.717
2016-10-31,6.7735,66.72,1145.37,1.3917,34.99,31.54,3.1658,18.79
2016-11-01,6.763,66.7,1142.68,1.3887,35.01,31.54,3.2342,19.1
2016-11-02,6.7606,66.66,1148.39,1.3826,34.95,31.52,3.2364,19.3905
2016-11-03,6.7612,66.68,1142.68,1.3843,34.95,31.54,3.2386,19.2255
2016-11-04,6.7534,66.75,1142.68,1.3832,35.01,31.54,3.2411,19.118
2016-11-07,6.774,66.73,1141.27,1.3902,35.01,31.45,3.1978,18.6365
2016-11-08,6.784,66.39,1131.39,1.389,34.96,31.41,3.1801,18.435
2016-11-09,6.7769,66.48,1150.64,1.3953,34.94,31.53,3.2163,19.7745
2016-11-10,6.7987,66.86,1162.11,1.4089,35.19,31.77,3.3653,20.4935
2016-11-14,6.8447,67.78,1171.25,1.4175,35.5,31.99,3.4485,20.8415
2016-11-15,6.8556,67.8,1170.21,1.4154,35.44,31.83,3.4479,20.345
2016-11-16,6.877,68.07,1172.41,1.4148,35.47,31.85,3.4198,20.272
2016-11-17,6.8674,67.93,1176.03,1.4177,35.45,31.93,3.4134,20.1845
2016-11-18,6.8873,68.12,1177.71,1.4255,35.54,32.01,3.3894,20.425
2016-11-21,6.8918,68.23,1178.51,1.426,35.52,31.89,3.3585,20.488
2016-11-22,6.888,68.4,1173.25,1.4246,35.49,31.85,3.3595,20.5125
2016-11-23,6.9195,68.86,1181.57,1.4325,35.69,31.99,3.3945,20.653
2016-11-25,6.9176,68.59,1174.99,1.4287,35.61,31.85,3.4229,20.6505
2016-11-28,6.9055,68.56,1170.53,1.426,35.6,31.76,3.3871,20.574
2016-11-29,6.8933,68.64,1169.99,1.4263,35.66,31.82,3.4011,20.595
2016-11-30,6.8837,68.56,1175.87,1.4336,35.7,31.92,3.3854,20.4565
2016-12-01,6.883,68.29,1167.31,1.427,35.67,31.93,3.4717,20.7375
2016-12-02,6.883,68.04,1167.7,1.4207,35.61,31.88,3.4576,20.613
2016-12-05,6.8775,68.06,1168.11,1.4232,35.65,32.01,3.4314,20.5725
2016-12-06,6.879,67.72,1171.5,1.4195,35.61,31.92,3.4269,20.375
2016-12-07,6.878,67.5,1161.67,1.4182,35.61,31.72,3.3977,20.328
2016-12-08,6.8771,67.42,1162.49,1.424,35.63,31.73,3.3798,20.3765
2016-12-09,6.9042,67.51,1171.88,1.4312,35.68,31.8,3.3595,20.333
2016-12-12,6.9045,67.38,1164.37,1.4258,35.59,31.77,3.3505,20.223
2016-12-13,6.8984,67.47,1164.65,1.4236,35.58,31.77,3.3308,20.256
2016-12-14,6.9025,67.43,1165.13,1.4227,35.57,31.73,3.3332,20.2295
2016-12-15,6.941,67.91,1185.35,1.4478,35.8,32.0,3.3933,20.614
2016-12-16,6.958,67.82,1183.72,1.445,35.81,31.94,3.386,20.417
2016-12-19,6.9506,67.83,1187.71,1.4458,35.85,31.98,3.3725,20.412
2016-12-20,6.947,67.97,1192.13,1.4443,36.0,32.06,3.3631,20.4305
2016-12-21,6.939,67.82,1193.91,1.4434,36.0,32.05,3.3335,20.51
2016-12-22,6.9473,67.86,1204.65,1.4476,36.01,32.19,3.3153,20.7095
2016-12-23,6.9432,67.84,1201.51,1.4469,35.96,32.18,3.2687,20.611
2016-12-27,6.9491,68.01,1207.68,1.449,36.0,32.27,3.28,20.7085
2016-12-28,6.9559,68.2,1212.22,1.4522,36.0,32.42,3.283,20.735
2016-12-29,6.9535,67.91,1207.05,1.4482,35.89,32.26,3.2456,20.6755
2016-12-30,6.943,67.92,1203.73,1.4465,35.81,32.4,3.2532,20.617
2017-01-03,6.9575,68.37,1207.23,1.4498,35.89,32.37,3.2526,20.906
2017-01-04,6.9322,67.9,1198.07,1.4409,35.82,32.16,3.2139,21.3855
2017-01-05,6.887,67.74,1182.46,1.4292,35.67,31.78,3.2051,21.395
2017-01-06,6.9176,68.12,1198.85,1.4372,35.72,32.0,3.2113,21.296
2017-01-09,6.935,68.08,1200.51,1.4345,35.64,32.02,3.1916,21.3375
2017-01-10,6.918,68.25,1196.96,1.4348,35.53,31.92,3.1971,21.6245
2017-01-11,6.9365,68.39,1197.59,1.4364,35.55,31.9,3.2024,21.875
2017-01-12,6.889,67.99,1170.93,1.4221,35.29,31.49,3.1821,21.7045
2017-01-13,6.8985,68.16,1177.81,1.4313,35.42,31.6,3.2077,21.5435
2017-01-17,6.852,67.9,1161.61,1.4171,35.3,31.38,3.2077,21.5825
2017-01-18,6.836,68.12,1170.73,1.4235,35.3,31.53,3.2242,21.851
2017-01-19,6.868,68.1,1177.03,1.4289,35.42,31.6,3.2024,21.891
2017-01-23,6.8514,68.11,1165.82,1.4186,35.26,31.41,3.1685,21.4355
2017-01-24,6.8555,68.12,1165.25,1.4178,35.22,31.31,3.1695,21.384
2017-01-25,6.8812,68.04,1164.13,1.4168,35.22,31.31,3.1697,21.311
2017-01-26,6.8768,68.17,1169.61,1.425,35.32,31.42,3.1892,21.295
2017-01-27,6.8768,68.06,1175.73,1.4281,35.28,31.5,3.1537,21.0245
2017-01-30,6.8768,67.8,1171.27,1.422,35.21,31.38,3.1152,20.753
2017-01-31,6.8768,67.48,1151.45,1.4095,35.09,31.19,3.1477,20.8355
2017-02-01,6.8768,67.4,1154.45,1.4151,35.12,31.17,3.153,20.8155
2017-02-02,6.8768,67.2,1139.9,1.4086,35.05,31.0,3.1245,20.626
2017-02-03,6.865,67.18,1134.65,1.407,35.01,30.79,3.1157,20.3565
2017-02-06,6.86,67.2,1134.87,1.4113,35.01,30.89,3.1181,20.517
2017-02-07,6.8821,67.35,1142.89,1.4163,35.02,31.06,3.1235,20.6415
2017-02-08,6.87,67.04,1143.25,1.4149,34.99,31.03,3.119,20.499
2017-02-09,6.866,66.71,1149.88,1.4195,35.06,31.06,3.1291,20.4155
2017-02-10,6.8775,66.8,1146.78,1.4194,35.06,30.94,3.1092,20.3135
2017-02-13,6.8776,66.99,1150.16,1.4235,35.09,30.96,3.1106,20.325
2017-02-14,6.8649,66.88,1139.33,1.4204,35.05,30.78,3.1074,20.345
2017-02-15,6.8685,66.85,1136.46,1.4202,35.01,30.73,3.0557,20.29
2017-02-16,6.8517,67.12,1140.57,1.4186,34.98,30.75,3.0744,20.3405
2017-02-17,6.864,67.09,1150.73,1.4197,34.98,30.9,3.1038,20.4615
2017-02-21,6.881,67.0,1143.63,1.4204,35.03,30.8,3.0932,20.423
2017-02-22,6.8765,66.95,1142.15,1.4157,35.0,30.77,3.0778,19.9155
2017-02-23,6.8622,66.68,1129.84,1.4058,34.96,30.61,3.0645,19.735
2017-02-24,6.8645,66.68,1130.41,1.4039,34.85,30.64,3.1123,19.869
2017-02-27,6.8675,66.69,1130.14,1.4004,34.82,30.72,3.1085,19.829
2017-02-28,6.8665,66.67,1129.17,1.399,34.89,30.64,3.1085,19.9975
2017-03-01,6.8794,66.83,1140.75,1.4088,34.96,30.76,3.1028,19.8785
2017-03-02,6.8868,66.75,1146.9,1.4114,35.03,30.88,3.1264,19.9265
2017-03-03,6.8954,66.76,1156.77,1.4155,35.07,31.03,3.1385,19.5775
2017-03-06,6.8955,66.64,1154.36,1.4119,35.06,30.95,3.1218,19.536
2017-03-07,6.9,66.62,1149.87,1.4106,35.09,30.92,3.1222,19.505
2017-03-08,6.9113,66.76,1154.69,1.4175,35.31,30.93,3.1527,19.6045
2017-03-09,6.9086,66.64,1158.12,1.4192,35.37,31.01,3.1684,19.7885
2017-03-10,6.905,66.6,1150.37,1.4136,35.35,30.99,3.1552,19.654
2017-03-13,6.905,66.15,1150.37,1.413,35.35,30.99,3.1524,19.559
2017-03-14,6.913,65.76,1148.54,1.414,35.29,30.94,3.159,19.626
2017-03-15,6.9132,65.62,1144.16,1.4121,35.25,30.83,3.1576,19.449
2017-03-16,6.913,65.4,1148.54,1.4012,35.29,30.94,3.1194,19.1725
2017-03-17,6.9,65.38,1128.67,1.402,34.86,30.52,3.106,19.132
2017-03-20,6.905,65.3,1112.29,1.3957,34.61,30.38,3.0812,19.0205
2017-03-21,6.883,65.31,1118.23,1.3982,34.66,30.43,3.084,19.0915
2017-03-22,6.8785,65.45,1117.91,1.3983,34.6,30.45,3.0863,19.0645
2017-03-23,6.8843,65.41,1117.91,1.3989,34.58,30.46,3.1348,18.992
2017-03-24,6.8803,65.4,1116.69,1.3991,34.55,30.32,3.1144,18.852
2017-03-27,6.8687,65.05,1108.3,1.3926,34.35,30.14,3.1197,18.8205
2017-03-28,6.8779,65.02,1111.51,1.3932,34.36,30.17,3.1298,18.865
2017-03-29,6.8879,64.87,1112.28,1.3955,34.42,30.21,3.1175,18.83
2017-03-30,6.887,64.85,1114.11,1.3942,34.4,30.29,3.1203,18.665
2017-03-31,6.8832,64.85,1117.48,1.3967,34.32,30.38,3.1628,18.829
2017-04-03,6.8832,65.03,1117.65,1.3975,34.35,30.33,3.1183,18.7325
2017-04-04,6.8832,65.1,1122.61,1.3985,34.45,30.47,3.1147,18.818
2017-04-05,6.892,64.87,1126.58,1.4009,34.55,30.4,3.0932,18.7235
2017-04-06,6.8955,64.58,1131.21,1.4023,34.64,30.51,3.1087,18.745
2017-04-07,6.8978,64.26,1133.89,1.4021,34.57,30.56,3.1258,18.648
2017-04-10,6.8988,64.55,1141.24,1.4045,34.61,30.57,3.1443,18.691
2017-04-11,6.8893,64.55,1147.77,1.4029,34.55,30.63,3.1456,18.7485
2017-04-12,6.889,64.68,1138.83,1.3999,34.45,30.55,3.1519,18.7665
2017-04-13,6.8865,64.42,1133.32,1.3975,34.31,30.32,3.1309,18.535
2017-04-14,6.8835,64.42,1136.67,1.3969,34.34,30.31,3.1445,18.5293
2017-04-17,6.88,64.53,1134.25,1.3954,34.25,30.32,3.1036,18.548
2017-04-18,6.8778,64.56,1143.89,1.3967,34.34,30.39,3.0997,18.478
2017-04-19,6.886,64.62,1142.37,1.3987,34.39,30.4,3.1399,18.868
2017-04-20,6.88,64.61,1136.29,1.3965,34.37,30.37,3.1466,18.848
2017-04-21,6.8845,64.65,1134.22,1.3968,34.37,30.34,3.1475,18.8425
2017-04-24,6.884,64.48,1132.19,1.3933,34.37,30.23,3.1254,18.69
2017-04-25,6.8824,64.32,1126.54,1.3927,34.4,30.06,3.1669,18.9305
2017-04-26,6.8918,64.08,1133.17,1.3977,34.48,30.1,3.1961,19.149
2017-04-27,6.8958,64.14,1133.83,1.3975,34.62,30.12,3.1867,19.119
2017-04-28,6.89,64.27,1136.99,1.397,34.58,30.19,3.1896,18.934
2017-05-01,6.89,64.25,1134.87,1.3958,34.58,30.16,3.176,18.761
2017-05-02,6.8949,64.16,1129.16,1.3951,34.47,30.02,3.1685,18.78
2017-05-03,6.8968,64.17,1131.25,1.3951,34.51,30.05,3.1443,18.795
2017-05-04,6.8959,64.22,1134.2,1.4008,34.63,30.12,3.1823,19.0145
2017-05-05,6.9021,64.31,1136.49,1.4041,34.67,30.18,3.1703,19.004
2017-05-08,6.904,64.32,1132.91,1.4049,34.62,30.13,3.2003,19.1055
2017-05-09,6.906,64.66,1134.84,1.4112,34.77,30.24,3.1818,19.1225
2017-05-10,6.9011,64.53,1132.13,1.4099,34.73,30.2,3.1531,18.9705
2017-05-11,6.9033,64.43,1127.51,1.4084,34.72,30.18,3.1494,18.8825
2017-05-12,6.8972,64.24,1121.68,1.4044,34.65,30.15,3.1207,18.764
2017-05-15,6.89,64.04,1115.01,1.398,34.53,30.04,3.1049,18.66
2017-05-16,6.884,64.03,1115.0,1.3958,34.47,30.09,3.0903,18.6195
2017-05-17,6.8773,64.11,1118.67,1.3914,34.47,30.1,3.1015,18.628
2017-05-18,6.888,64.87,1129.17,1.3918,34.5,30.3,3.3823,18.9265
2017-05-19,6.883,64.56,1116.71,1.3867,34.33,30.02,3.2745,18.678
2017-05-22,6.8828,64.53,1114.71,1.3864,34.32,30.01,3.2952,18.6695
2017-05-23,6.888,64.85,1125.02,1.3898,34.42,30.16,3.2729,18.638
2017-05-24,6.8883,64.74,1122.83,1.3895,34.38,30.15,3.2747,18.5665
2017-05-25,6.8672,64.55,1119.71,1.3844,34.11,30.08,3.288,18.466
2017-05-26,6.8525,64.5,1118.67,1.3816,34.04,30.18,3.2575,18.499
2017-05-30,6.8525,64.66,1122.87,1.384,34.11,30.15,3.2651,18.659
2017-05-31,6.8098,64.5,1119.58,1.3833,34.03,30.11,3.2405,18.655
2017-06-01,6.8029,64.39,1120.85,1.3859,34.16,30.09,3.2398,18.5775
2017-06-02,6.8085,64.41,1117.49,1.3813,34.11,30.09,3.2391,18.67
2017-06-05,6.803,64.34,1118.44,1.3818,34.05,30.07,3.2896,18.3895
2017-06-06,6.7945,64.42,1118.53,1.3792,33.96,30.09,3.2813,18.2825
2017-06-07,6.7935,64.39,1124.16,1.3816,34.02,30.09,3.279,18.2305
2017-06-08,6.799,64.24,1122.73,1.3813,34.06,30.11,3.2822,18.1775
2017-06-09,6.797,64.24,1123.51,1.3837,34.05,30.12,3.2793,18.1855
2017-06-12,6.7974,64.48,1130.55,1.3842,34.06,30.22,3.3097,18.1725
2017-06-13,6.7981,64.33,1127.79,1.3818,33.92,30.23,3.3125,18.078
2017-06-14,6.7888,64.23,1116.45,1.3718,33.83,30.08,3.2762,17.93
2017-06-15,6.8061,64.58,1129.91,1.3828,33.95,30.35,3.274,18.09
2017-06-16,6.8097,64.5,1133.2,1.383,33.95,30.31,3.2898,17.9195
2017-06-19,6.818,64.45,1134.69,1.3858,33.94,30.37,3.2908,17.936
2017-06-20,6.8285,64.54,1141.33,1.3902,34.01,30.45,3.3292,18.1255
2017-06-21,6.8275,64.52,1143.01,1.3912,33.99,30.44,3.3283,18.154
2017-06-22,6.8275,64.6,1143.01,1.3909,33.99,30.44,3.3301,18.112
2017-06-23,6.8345,64.47,1132.99,1.386,33.95,30.29,3.3281,17.962
2017-06-26,6.8382,64.43,1132.48,1.3875,33.97,30.3,3.3106,17.883
2017-06-27,6.81,64.47,1137.77,1.3867,33.94,30.32,3.3195,17.9735
2017-06-28,6.7984,64.55,1141.91,1.3818,33.95,30.41,3.2977,17.889
2017-06-29,6.784,64.66,1144.07,1.3799,33.98,30.46,3.3062,18.031
2017-06-30,6.7793,64.62,1143.75,1.3765,33.92,30.38,3.3057,18.076
2017-07-03,6.7984,64.84,1149.26,1.3825,33.99,30.49,3.3,18.2215
2017-07-05,6.7995,64.8,1153.06,1.3821,34.03,30.56,3.3162,18.3295
2017-07-06,6.799,64.72,1156.55,1.3826,34.07,30.61,3.3048,18.307
2017-07-07,6.8039,64.62,1153.85,1.3823,34.09,30.56,3.2843,18.144
2017-07-10,6.8026,64.45,1149.35,1.385,34.13,30.56,3.2627,17.981
2017-07-11,6.801,64.54,1149.83,1.3845,34.1,30.53,3.2505,17.953
2017-07-12,6.7865,64.53,1138.32,1.3781,33.94,30.38,3.2258,17.767
2017-07-13,6.7825,64.46,1137.22,1.3768,33.96,30.36,3.2133,17.739
2017-07-14,6.7741,64.38,1127.79,1.3717,33.76,30.26,3.1832,17.562
2017-07-17,6.769,64.34,1127.74,1.3693,33.63,30.37,3.181,17.6
2017-07-18,6.7451,64.32,1123.69,1.3659,33.57,30.34,3.1571,17.499
2017-07-19,6.7511,64.24,1122.92,1.3684,33.6,30.37,3.1526,17.4775
2017-07-20,6.757,64.37,1120.77,1.3662,33.57,30.38,3.1374,17.512
2017-07-21,6.7663,64.38,1117.47,1.3628,33.45,30.41,3.1218,17.563
2017-07-24,6.7488,64.39,1113.82,1.3616,33.39,30.34,3.1473,17.6835
2017-07-25,6.7495,64.38,1117.02,1.3611,33.44,30.32,3.1617,17.763
2017-07-26,6.753,64.32,1117.76,1.3612,33.48,30.36,3.1596,17.756
2017-07-27,6.741,64.11,1115.15,1.3598,33.33,30.18,3.1527,17.6915
2017-07-28,6.7362,64.11,1121.49,1.3571,33.37,30.26,3.1424,17.7535
2017-07-31,6.724,64.18,1121.86,1.3559,33.28,30.2,3.1338,17.859
2017-08-01,6.717,64.06,1121.09,1.3579,33.28,30.24,3.1143,17.8085
2017-08-02,6.72,63.64,1121.55,1.3585,33.25,30.22,3.1165,17.82
2017-08-03,6.715,63.67,1127.73,1.3588,33.25,30.19,3.1209,17.8845
2017-08-04,6.7272,63.64,1128.02,1.3604,33.29,30.18,3.1176,17.865
2017-08-07,6.7207,63.83,1127.39,1.3634,33.29,30.21,3.1247,17.966
2017-08-08,6.7049,63.69,1125.6,1.3638,33.28,30.18,3.1295,17.9135
2017-08-09,6.672,63.86,1138.69,1.3643,33.23,30.24,3.1498,17.9835
2017-08-10,6.646,64.05,1144.36,1.3634,33.25,30.34,3.1518,17.874
2017-08-11,6.6612,64.14,1141.57,1.3615,33.22,30.35,3.1639,17.838
2017-08-14,6.6695,64.08,1137.22,1.3619,33.24,30.28,3.176,17.7685
2017-08-15,6.6845,64.12,1135.47,1.3671,33.28,30.32,3.1942,17.8365
2017-08-16,6.69,64.16,1137.75,1.3676,33.27,30.32,3.1635,17.729
2017-08-17,6.673,64.15,1138.23,1.3647,33.24,30.32,3.1585,17.747
2017-08-18,6.67,64.1,1139.83,1.3634,33.2,30.33,3.1548,17.756
2017-08-21,6.663,64.1,1137.14,1.3611,33.24,30.31,3.1436,17.646
2017-08-22,6.66,64.07,1131.79,1.3616,33.24,30.28,3.1505,17.64
2017-08-23,6.6569,64.04,1128.59,1.3619,33.34,30.26,3.1521,17.707
2017-08-24,6.66,64.04,1127.8,1.3613,33.34,30.24,3.1428,17.705
2017-08-25,6.6465,64.0,1121.73,1.3558,33.25,30.09,3.1463,17.614
2017-08-28,6.6084,63.9,1117.75,1.3546,33.18,30.13,3.1577,17.825
2017-08-29,6.5945,64.02,1122.5,1.352,33.17,30.07,3.1656,17.871
2017-08-30,6.5918,63.98,1122.05,1.3562,33.18,30.13,3.1592,17.7441
2017-08-31,6.5888,63.93,1122.36,1.3565,33.17,30.13,3.1454,17.7875
2017-09-01,6.5552,64.02,1119.12,1.3565,33.15,30.06,3.1308,17.7835
2017-09-05,6.5345,64.12,1130.01,1.3524,33.15,30.05,3.123,17.8325
2017-09-06,6.5221,64.06,1132.49,1.3492,33.14,30.08,3.1085,17.798
2017-09-07,6.483,64.01,1125.49,1.3403,33.07,29.93,3.099,17.704
2017-09-08,6.4773,63.78,1133.08,1.3391,33.11,30.05,3.0942,17.7245
2017-09-11,6.5254,63.93,1129.75,1.3455,33.11,30.01,3.089,17.647
2017-09-12,6.5334,64.03,1126.56,1.3468,33.11,30.04,3.1093,17.751
2017-09-13,6.54,64.0,1129.37,1.3494,33.12,30.05,3.1372,17.7865
2017-09-14,6.552,64.12,1132.59,1.3495,33.07,30.1,3.129,17.722
2017-09-15,6.55,64.1,1130.68,1.3453,33.07,30.06,3.1263,17.6865
2017-09-18,6.5725,64.15,1127.07,1.3481,33.1,30.14,3.1288,17.758
2017-09-19,6.58,64.3,1128.83,1.347,33.06,30.12,3.132,17.7675
2017-09-20,6.57,64.29,1125.53,1.3437,33.05,30.08,3.1198,17.6895
2017-09-21,6.5861,64.8,1130.87,1.3493,33.1,30.19,3.1358,17.825
2017-09-22,6.5899,64.79,1130.39,1.3435,33.06,30.16,3.1257,17.7355
2017-09-25,6.6189,65.12,1134.59,1.3513,33.1,30.25,3.1496,17.905
2017-09-26,6.6371,65.46,1136.29,1.3559,33.21,30.23,3.1703,18.007
2017-09-27,6.64,65.71,1141.62,1.3588,33.29,30.31,3.1915,18.101
2017-09-28,6.6591,65.46,1145.08,1.3587,33.4,30.37,3.1865,18.237
2017-09-29,6.6533,65.3,1142.57,1.3573,33.3,30.33,3.164,18.148
2017-10-02,6.6533,65.28,1146.18,1.361,33.4,30.38,3.1585,18.211
2017-10-03,6.6533,65.48,1140.5,1.3614,33.39,30.44,3.1428,18.211
2017-10-04,6.6533,65.02,1140.44,1.3618,33.36,30.43,3.1237,18.2175
2017-10-05,6.6533,65.14,1139.03,1.3635,33.38,30.33,3.1359,18.3145
2017-10-06,6.6533,65.39,1143.46,1.3651,33.43,30.36,3.1566,18.5165
2017-10-10,6.5712,65.24,1132.08,1.3555,33.22,30.28,3.1747,18.6605
2017-10-11,6.587,65.15,1131.04,1.3553,33.17,30.23,3.1649,18.695
2017-10-12,6.5855,65.05,1129.71,1.3531,33.1,30.17,3.1699,18.7625
2017-10-13,6.5785,64.7,1125.01,1.3505,33.06,30.13,3.1542,18.889
2017-10-16,6.5885,64.7,1127.72,1.3515,33.04,30.14,3.1642,19.0915
2017-10-17,6.622,65.02,1129.86,1.3566,33.11,30.18,3.1803,19.0405
2017-10-18,6.625,65.06,1130.94,1.3578,33.14,30.2,3.1777,18.9125
2017-10-19,6.6126,64.99,1129.06,1.3562,33.12,30.23,3.1753,18.839
2017-10-20,6.6185,65.03,1130.69,1.3613,33.19,30.22,3.1875,19.017
2017-10-23,6.638,65.02,1129.73,1.3619,33.19,30.25,3.2122,19.0695
2017-10-24,6.6335,65.1,1128.36,1.3622,33.17,30.28,3.2508,19.176
2017-10-25,6.635,64.92,1126.49,1.3614,33.18,30.24,3.2519,19.1
2017-10-26,6.6392,64.84,1123.0,1.3635,33.19,30.22,3.253,19.0545
2017-10-27,6.6498,65.04,1124.79,1.3672,33.26,30.23,3.2731,19.1785
2017-10-30,6.6498,64.83,1124.79,1.361,33.26,30.23,3.2599,19.1655
2017-10-31,6.6328,64.75,1115.68,1.3622,33.23,30.12,3.2705,19.129
2017-11-01,6.6018,64.56,1110.03,1.3608,33.11,30.13,3.2697,19.135
2017-11-02,6.6068,64.57,1111.54,1.3591,33.08,30.19,3.2671,19.0065
2017-11-03,6.636,64.56,1114.86,1.3636,33.17,30.21,3.3075,19.189
2017-11-06,6.6311,64.62,1110.09,1.3627,33.11,30.16,3.2782,19.08
2017-11-07,6.638,65.03,1113.1,1.3646,33.12,30.19,3.2776,19.142
2017-11-08,6.6249,64.94,1111.14,1.3615,33.1,30.15,3.256,19.0705
2017-11-09,6.6378,64.96,1118.13,1.3592,33.09,30.2,3.2513,19.067
2017-11-13,6.6385,65.46,1119.96,1.3623,33.06,30.18,3.294,19.1675
2017-11-14,6.635,65.41,1113.65,1.3597,33.05,30.13,3.3031,19.1455
2017-11-15,6.62,65.26,1103.9,1.3576,33.0,30.06,3.3132,19.2565
2017-11-16,6.6273,65.32,1094.49,1.3558,32.91,30.05,3.2756,19.1005
2017-11-17,6.6245,65.01,1093.15,1.3539,32.81,30.05,3.2629,18.9275
2017-11-20,6.6245,65.1,1093.15,1.3572,32.81,30.05,3.2573,19.032
2017-11-21,6.6265,64.91,1088.1,1.3538,32.74,29.97,3.2447,18.8045
2017-11-22,6.6086,64.87,1085.66,1.349,32.69,29.97,3.2347,18.7045
2017-11-24,6.5998,64.67,1082.59,1.345,32.65,29.98,3.2227,18.52
2017-11-27,6.5967,64.47,1088.36,1.3461,32.61,30.02,3.2247,18.5405
2017-11-28,6.6044,64.4,1079.87,1.3447,32.55,29.98,3.2055,18.5775
2017-11-29,6.6091,64.29,1079.33,1.3466,32.57,30.02,3.2285,18.5125
2017-11-30,6.609,64.46,1084.79,1.3482,32.58,29.98,3.2843,18.6335
2017-12-01,6.6137,64.5,1082.36,1.345,32.59,30.02,3.2577,18.62
2017-12-04,6.6185,64.36,1082.36,1.3487,32.59,29.98,3.2498,18.6575
2017-12-05,6.617,64.38,1086.85,1.3477,32.61,30.03,3.2338,18.715
2017-12-06,6.6136,64.53,1094.55,1.3493,32.64,30.04,3.2394,18.8895
2017-12-07,6.6173,64.57,1090.68,1.3498,32.6,30.03,3.2993,18.9365
2017-12-08,6.6199,64.43,1092.03,1.3529,32.62,30.02,3.3075,18.956
2017-12-11,6.6175,64.35,1092.03,1.3505,32.62,30.02,3.2883,18.965
2017-12-12,6.621,64.39,1090.09,1.3534,32.6,30.05,3.3298,19.184
2017-12-13,6.6171,64.45,1088.01,1.3502,32.53,30.01,3.3049,19.14
2017-12-14,6.6091,64.36,1088.09,1.3466,32.49,30.0,3.3396,19.103
2017-12-15,6.6088,64.04,1086.39,1.348,32.5,29.95,3.3166,19.116
2017-12-18,6.6088,64.23,1084.28,1.3466,32.62,29.95,3.2821,19.0335
2017-12-19,6.6088,64.02,1084.29,1.3476,32.5,29.95,3.3008,19.215
2017-12-20,6.5771,64.11,1078.14,1.3436,32.7,29.96,3.2907,19.213
2017-12-21,6.5833,64.02,1078.08,1.3436,32.72,29.93,3.3065,19.3825
2017-12-22,6.575,64.02,1076.87,1.3441,32.73,29.89,3.3209,19.5905
2017-12-26,6.5429,64.08,1073.75,1.3433,32.75,29.89,3.3173,19.7325
2017-12-27,6.556,64.15,1073.13,1.3393,32.77,29.95,3.3016,19.7245
2017-12-28,6.5322,64.07,1068.64,1.3374,32.59,29.78,3.3005,19.716
2017-12-29,6.5063,63.83,1067.42,1.3363,32.56,29.64,3.3121,19.6395
2018-01-02,6.491,63.46,1059.39,1.3291,32.44,29.58,3.262,19.484
2018-01-03,6.501,63.5,1063.11,1.3283,32.26,29.57,3.2422,19.368
2018-01-04,6.4915,63.4,1061.5,1.3281,32.21,29.6,3.2274,19.254
2018-01-05,6.4875,63.38,1060.07,1.3268,32.19,29.47,3.2285,19.2392
2018-01-08,6.497,63.48,1066.26,1.3323,32.21,29.52,3.2308,19.22
2018-01-09,6.5263,63.66,1068.8,1.3355,32.26,29.61,3.2491,19.306
2018-01-10,6.5055,63.58,1067.55,1.3341,32.09,29.58,3.2363,19.229
2018-01-11,6.4956,63.65,1062.67,1.3295,31.97,29.58,3.2254,19.3245
2018-01-12,6.4607,63.61,1062.09,1.3275,31.95,29.6,3.2162,19.0535
2018-01-16,6.4395,64.01,1064.19,1.3227,31.95,29.57,3.2274,18.86
2018-01-17,6.433,63.88,1066.72,1.3226,31.95,29.57,3.2215,18.628
2018-01-18,6.4175,63.87,1069.35,1.3213,31.91,29.48,3.2169,18.6545
2018-01-19,6.399,63.84,1065.81,1.3204,31.84,29.31,3.205,18.587
2018-01-22,6.4035,63.88,1068.06,1.3203,31.84,29.25,3.2024,18.7425
2018-01-23,6.4,63.76,1072.59,1.3181,31.76,29.23,3.2312,18.7665
2018-01-24,6.365,63.69,1065.39,1.3083,31.54,29.11,3.1938,18.5315
2018-01-25,6.3189,63.52,1057.57,1.3037,31.33,29.05,3.147,18.488
2018-01-26,6.3199,63.58,1064.12,1.307,31.36,29.12,3.1499,18.508
2018-01-29,6.3328,63.57,1071.28,1.312,31.45,29.19,3.1634,18.5875
2018-01-30,6.3199,63.65,1073.61,1.3117,31.43,29.26,3.1874,18.695
2018-01-31,6.2841,63.58,1068.33,1.3103,31.33,29.16,3.1782,18.6215
2018-02-01,6.2969,63.97,1069.33,1.3097,31.31,29.21,3.1718,18.36
2018-02-02,6.2984,64.11,1086.21,1.3192,31.43,29.32,3.2205,18.5465
2018-02-05,6.285,64.06,1086.79,1.3188,31.52,29.32,3.2365,18.5925
2018-02-06,6.283,64.23,1081.2,1.3207,31.59,29.27,3.2535,18.694
2018-02-07,6.2649,64.23,1082.56,1.3234,31.61,29.24,3.262,18.645
2018-02-08,6.3222,64.27,1093.04,1.331,31.84,29.42,3.2895,18.901
2018-02-09,6.2966,64.37,1087.99,1.3302,31.79,29.35,3.3083,18.8815
2018-02-12,6.325,64.29,1082.27,1.3246,31.67,29.34,3.2949,18.64
2018-02-13,6.338,64.27,1083.07,1.3222,31.48,29.29,3.2947,18.6325
2018-02-14,6.3438,64.1,1076.71,1.3177,31.37,29.13,3.2551,18.6035
2018-02-15,6.3438,63.93,1065.69,1.3112,31.27,29.03,3.2318,18.5195
2018-02-16,6.3438,64.21,1065.27,1.3105,31.29,29.08,3.2219,18.478
2018-02-20,6.3351,64.83,1072.85,1.3183,31.5,29.13,3.2434,18.639
2018-02-21,6.3351,64.76,1076.11,1.3206,31.5,29.19,3.2581,18.661
2018-02-22,6.3471,65.01,1077.61,1.3189,31.48,29.25,3.2579,18.645
2018-02-23,6.3329,64.71,1075.77,1.3207,31.42,29.27,3.2344,18.5585
2018-02-26,6.3115,64.78,1069.0,1.3173,31.31,29.22,3.2381,18.654
2018-02-27,6.3169,64.84,1077.43,1.3222,31.47,29.29,3.2472,18.8068
2018-02-28,6.328,65.2,1082.12,1.3231,31.46,29.32,3.2428,18.8405
2018-03-01,6.3565,65.2,1081.33,1.3245,31.54,29.31,3.2421,18.8115
2018-03-02,6.3428,65.24,1080.25,1.3203,31.45,29.29,3.2513,18.8455
2018-03-05,6.3491,65.06,1076.75,1.3186,31.4,29.27,3.2527,18.8635
2018-03-06,6.3093,64.9,1061.53,1.3156,31.27,29.21,3.2191,18.7365
2018-03-07,6.3225,64.86,1067.93,1.3161,31.33,29.29,3.2364,18.8055
2018-03-08,6.3389,65.15,1074.21,1.3174,31.37,29.35,3.262,18.704
2018-03-09,6.3285,65.12,1066.59,1.315,31.31,29.24,3.2469,18.567
2018-03-12,6.327,65.0,1063.7,1.3133,31.3,29.25,3.2609,18.6245
2018-03-13,6.318,64.85,1062.14,1.3105,31.2,29.22,3.2483,18.5425
2018-03-14,6.314,64.84,1063.38,1.3088,31.12,29.23,3.2641,18.6035
2018-03-15,6.3202,64.94,1065.89,1.3118,31.18,29.15,3.2841,18.7
2018-03-16,6.33,64.97,1068.4,1.3173,31.18,29.13,3.2897,18.73
2018-03-19,6.3291,65.21,1072.29,1.3173,31.18,29.17,3.2873,18.7325
2018-03-20,6.3328,65.19,1070.61,1.3181,31.19,29.16,3.295,18.7465
2018-03-21,6.32,65.2,1070.51,1.3172,31.18,29.16,3.2865,18.593
2018-03-22,6.331,65.1,1079.51,1.3165,31.28,29.19,3.3034,18.53
2018-03-23,6.311,64.98,1081.29,1.3135,31.17,29.18,3.3125,18.5705
2018-03-26,6.2685,64.83,1076.87,1.3101,31.12,29.1,3.3043,18.29
2018-03-27,6.2781,64.98,1071.21,1.308,31.18,29.13,3.3263,18.32
2018-03-28,6.2946,65.15,1063.03,1.3094,31.26,29.12,3.337,18.26
2018-03-29,6.2876,65.12,1060.31,1.3109,31.24,29.13,3.3229,18.2385
2018-03-30,6.2726,65.11,1060.99,1.3105,31.19,29.1,3.3045,18.1676
2018-04-02,6.2785,65.11,1056.03,1.3124,31.21,29.14,3.3149,18.311
2018-04-03,6.2881,65.0,1054.63,1.3115,31.21,29.16,3.3222,18.1955
2018-04-04,6.3045,65.08,1059.5,1.3126,31.23,29.23,3.3474,18.231
2018-04-05,6.3045,64.92,1061.56,1.3168,31.26,29.24,3.3212,18.127
2018-04-06,6.3045,64.95,1068.73,1.3171,31.28,29.29,3.3702,18.329
2018-04-09,6.3035,64.95,1067.11,1.3112,31.26,29.24,3.395,18.2245
2018-04-10,6.2798,64.95,1064.53,1.3095,31.18,29.2,3.4146,18.2715
2018-04-11,6.2655,65.26,1066.76,1.3082,31.11,29.2,3.3955,18.221
2018-04-12,6.2876,65.28,1069.84,1.3126,31.19,29.31,3.3902,18.151
2018-04-13,6.2725,65.27,1070.55,1.312,31.16,29.32,3.4088,18.0795
2018-04-16,6.2752,65.46,1071.59,1.3116,31.19,29.35,3.4282,18.025
2018-04-17,6.2804,65.66,1066.56,1.3108,31.19,29.36,3.4022,17.9705
2018-04-18,6.2722,65.62,1064.51,1.31,31.19,29.31,3.3844,18.0355
2018-04-19,6.2765,65.79,1065.68,1.3103,31.23,29.39,3.4028,18.3355
2018-04-20,6.2945,66.15,1071.0,1.3155,31.32,29.48,3.4121,18.6145
2018-04-23,6.3158,66.42,1077.72,1.3245,31.54,29.58,3.4463,18.895
2018-04-24,6.3035,66.36,1074.8,1.3229,31.45,29.57,3.4685,18.795
2018-04-25,6.3236,66.92,1082.99,1.329,31.57,29.72,3.509,19.02
2018-04-26,6.334,66.8,1078.2,1.3272,31.62,29.68,3.4992,18.8695
2018-04-27,6.3325,66.68,1067.59,1.3244,31.52,29.54,3.4685,18.6675
2018-04-30,6.3325,66.5,1069.07,1.3249,31.57,29.6,3.4854,18.7715
2018-05-01,6.3325,66.52,1071.91,1.3327,31.67,29.68,3.507,18.8325
2018-05-02,6.361,66.71,1076.52,1.3353,31.74,29.76,3.5404,19.073
2018-05-03,6.352,66.68,1078.33,1.3329,31.67,29.71,3.5496,19.1125
2018-05-04,6.3589,66.83,1074.09,1.3335,31.72,29.7,3.5213,19.1965
2018-05-07,6.364,67.13,1079.72,1.3351,31.84,29.82,3.5543,19.448
2018-05-08,6.369,67.12,1078.35,1.3405,31.95,29.8,3.585,19.611
2018-05-09,6.3585,67.25,1078.22,1.344,32.07,29.92,3.5965,19.5165
2018-05-10,6.344,67.24,1065.41,1.3394,31.98,29.75,3.5554,19.302
2018-05-11,6.3333,67.28,1067.14,1.3354,31.88,29.77,3.5879,19.365
2018-05-14,6.336,67.55,1068.83,1.3326,31.83,29.77,3.6212,19.5085
2018-05-15,6.376,68.07,1076.46,1.343,32.12,29.89,3.6659,19.716
2018-05-16,6.3706,67.77,1076.66,1.3411,32.06,29.87,3.68,19.73
2018-05-17,6.3645,67.76,1082.37,1.3423,32.11,29.93,3.7073,19.74
2018-05-18,6.3768,68.04,1080.91,1.3429,32.18,29.95,3.7438,19.932
2018-05-21,6.3815,68.11,1079.33,1.3426,32.17,29.98,3.7096,19.887
2018-05-22,6.366,68.04,1073.3,1.3378,31.98,29.84,3.6367,19.714
2018-05-23,6.3875,68.38,1078.88,1.3451,32.15,29.98,3.6411,19.773
2018-05-24,6.3757,68.32,1082.77,1.3399,32.01,29.97,3.6402,19.7175
2018-05-25,6.3903,67.78,1076.35,1.3409,31.9,29.94,3.6586,19.544
2018-05-29,6.4162,67.78,1082.59,1.3468,32.1,30.09,3.7283,19.736
2018-05-30,6.4175,67.46,1077.62,1.3387,32.02,29.97,3.7389,19.7
2018-05-31,6.4096,67.4,1080.75,1.3389,32.06,29.99,3.7262,20.0005
2018-06-01,6.418,66.99,1071.27,1.3379,32.02,29.82,3.755,19.8585
2018-06-04,6.405,67.05,1070.13,1.3364,31.99,29.77,3.7446,19.986
2018-06-05,6.4042,67.12,1071.86,1.3358,31.96,29.84,3.778,20.372
2018-06-06,6.385,66.87,1065.9,1.332,31.89,29.7,3.8178,20.269
2018-06-07,6.389,67.2,1071.11,1.3329,31.99,29.75,3.9294,20.492
2018-06-08,6.4031,67.56,1075.0,1.3353,32.05,29.87,3.7429,20.4905
2018-06-11,6.4,67.46,1075.08,1.3344,32.04,29.82,3.6839,20.526
2018-06-12,6.3992,67.48,1077.14,1.3344,32.07,29.83,3.6745,20.6127
2018-06-13,6.3944,67.6,1082.59,1.3348,32.12,29.82,3.7116,20.5919
2018-06-14,6.398,67.62,1084.06,1.3406,32.17,29.91,3.7018,20.67
2018-06-15,6.4379,68.06,1101.89,1.3496,32.66,30.13,3.7511,20.645
2018-06-18,6.4379,68.1,1105.07,1.3522,32.71,30.18,3.7537,20.66
2018-06-19,6.4802,68.3,1110.64,1.3571,32.76,30.16,3.7306,20.508
2018-06-20,6.4713,68.06,1107.42,1.3573,32.83,30.18,3.7349,20.361
2018-06-21,6.49,67.94,1110.01,1.3578,32.88,30.33,3.7992,20.391
2018-06-22,6.5027,67.88,1114.49,1.3592,32.93,30.35,3.7708,20.1025
2018-06-25,6.536,68.09,1114.4,1.3631,32.94,30.39,3.7776,20.108
2018-06-26,6.5759,68.31,1118.08,1.3622,33.0,30.41,3.7705,19.8635
2018-06-27,6.5992,68.63,1121.57,1.3647,33.03,30.51,3.8537,20.056
2018-06-28,6.6235,68.81,1121.96,1.3673,33.14,30.58,3.8543,19.83
2018-06-29,6.6171,68.46,1111.79,1.3626,33.04,30.43,3.8561,19.6495
2018-07-02,6.6632,68.78,1119.31,1.3706,33.17,30.56,3.9135,20.169
2018-07-03,6.6368,68.58,1114.41,1.3657,33.15,30.52,3.8789,19.566
2018-07-05,6.6341,68.89,1118.2,1.3646,33.19,30.53,3.9242,19.2455
2018-07-06,6.6396,68.8,1114.98,1.3585,33.15,30.46,3.906,19.0655
2018-07-09,6.6123,68.66,1111.38,1.3566,33.09,30.36,3.8694,19.165
2018-07-10,6.6296,68.76,1113.81,1.3555,33.14,30.38,3.826,19.0165
2018-07-11,6.6764,68.7,1122.1,1.3605,33.29,30.56,3.8624,18.9955
2018-07-12,6.663,68.52,1121.38,1.3617,33.18,30.46,3.8478,18.7855
2018-07-13,6.69,68.44,1130.3,1.3666,33.33,30.58,3.8659,18.8845
2018-07-16,6.6866,68.6,1127.81,1.3619,33.26,30.54,3.8534,18.8425
2018-07-17,6.7018,68.42,1125.63,1.3637,33.31,30.53,3.8626,18.8715
2018-07-18,6.7161,68.62,1130.76,1.3655,33.3,30.61,3.8412,18.886
2018-07-19,6.7701,69.01,1136.38,1.3728,33.44,30.69,3.8808,19.0555
2018-07-20,6.7659,68.74,1128.16,1.3632,33.36,30.59,3.7801,19.0975
2018-07-23,6.7927,68.84,1134.45,1.3653,33.43,30.64,3.7965,19.0705
2018-07-24,6.7912,68.94,1127.39,1.3641,33.36,30.63,3.7381,18.849
2018-07-25,6.7658,68.72,1122.59,1.362,33.26,30.51,3.7075,18.799
2018-07-26,6.7865,68.66,1121.72,1.3632,33.41,30.58,3.7285,18.6375
2018-07-27,6.8097,68.6,1115.77,1.361,33.36,30.56,3.7134,18.5595
2018-07-30,6.8102,68.6,1116.98,1.3605,33.28,30.57,3.7228,18.5375
2018-07-31,6.8038,68.54,1112.75,1.3604,33.17,30.54,3.745,18.598
2018-08-01,6.8154,68.37,1118.15,1.3619,33.13,30.63,3.753,18.6255
2018-08-02,6.838,68.63,1126.91,1.3666,33.27,30.71,3.7555,18.627
2018-08-03,6.8309,68.54,1122.68,1.3646,33.24,30.57,3.7133,18.5725
2018-08-06,6.85,68.82,1125.9,1.3676,33.34,30.63,3.7208,18.5215
2018-08-07,6.828,68.62,1118.0,1.3636,33.21,30.56,3.7128,18.4585
2018-08-08,6.8344,68.65,1119.01,1.3638,33.21,30.6,3.7442,18.478
2018-08-09,6.8199,68.74,1119.0,1.3648,33.17,30.64,3.8164,18.6805
2018-08-10,6.8458,68.88,1130.19,1.3721,33.3,30.77,3.8539,18.938
2018-08-13,6.888,70.02,1133.19,1.3768,33.37,30.83,3.9123,19.2655
2018-08-14,6.8809,69.95,1128.9,1.3764,33.29,30.83,3.8852,19.004
2018-08-15,6.933,69.92,1135.3,1.3804,33.34,30.85,3.9135,19.2195
2018-08-16,6.8792,70.19,1125.35,1.3743,33.15,30.76,3.8985,19.0085
2018-08-17,6.874,70.09,1123.2,1.3726,33.21,30.76,3.9385,19.0605
2018-08-20,6.8546,69.84,1121.3,1.3711,32.96,30.76,3.9473,19.0345
2018-08-21,6.8444,69.85,1117.41,1.3675,32.66,30.7,3.9948,18.868
2018-08-22,6.84,69.85,1117.0,1.3666,32.66,30.66,4.0751,18.816
2018-08-23,6.8748,70.09,1123.37,1.3723,32.82,30.81,4.0898,18.863
2018-08-24,6.803,69.96,1113.3,1.3651,32.62,30.66,4.0944,18.818
2018-08-27,6.8145,70.16,1107.69,1.3627,32.53,30.68,4.0707,18.6615
2018-08-28,6.8018,70.09,1105.14,1.3621,32.54,30.64,4.1248,18.9225
2018-08-29,6.819,70.53,1109.2,1.3658,32.72,30.71,4.122,19.0415
2018-08-30,6.8415,70.74,1113.13,1.3684,32.77,30.73,4.2016,19.1575
2018-08-31,6.83,71.0,1116.5,1.3722,32.79,30.7,4.128,19.2135
2018-09-04,6.8427,71.58,1117.5,1.3761,32.81,30.79,4.156,19.3505
2018-09-05,6.827,71.75,1121.0,1.3763,32.82,30.79,4.1589,19.427
2018-09-06,6.8322,71.94,1122.4,1.3752,32.78,30.78,4.1462,19.361
2018-09-07,6.8419,71.78,1123.5,1.3781,32.8,30.77,4.0594,19.211
2018-09-10,6.8545,72.45,1127.9,1.3785,32.8,30.84,4.1094,19.294
2018-09-11,6.8704,72.69,1126.17,1.3774,32.8,30.81,4.1564,19.21
2018-09-12,6.8574,72.15,1121.62,1.3733,32.7,30.74,4.1363,19.0705
2018-09-13,6.8407,72.02,1120.9,1.3713,32.62,30.79,4.1752,18.88
2018-09-14,6.8673,71.87,1119.0,1.3723,32.64,30.77,4.1852,18.8695
2018-09-17,6.854,72.51,1124.71,1.3711,32.55,30.77,4.1718,18.8455
2018-09-18,6.8591,72.98,1122.18,1.3703,32.55,30.79,4.1277,18.7372
2018-09-19,6.8466,72.35,1120.61,1.3691,32.38,30.75,4.116,18.7545
2018-09-20,6.8455,72.01,1119.58,1.367,32.37,30.76,4.0834,18.8665
2018-09-21,6.8559,72.18,1114.3,1.365,32.44,30.65,4.0536,18.8375
2018-09-24,6.8559,72.66,1119.28,1.3645,32.39,30.69,4.0733,18.856
2018-09-25,6.8632,72.68,1118.12,1.3656,32.4,30.66,4.1186,18.982
2018-09-26,6.8763,72.59,1114.64,1.3648,32.45,30.65,4.0425,18.8955
2018-09-27,6.888,72.55,1113.41,1.3664,32.39,30.52,3.9968,18.829
2018-09-28,6.868,72.54,1109.76,1.3667,32.3,30.46,3.9995,18.705
2018-10-01,6.868,72.92,1112.53,1.3716,32.28,30.54,4.0059,18.6625
2018-10-02,6.868,72.91,1112.43,1.3729,32.34,30.55,3.9223,18.738
2018-10-03,6.868,73.34,1121.42,1.3773,32.43,30.72,3.8806,18.834
2018-10-04,6.868,73.62,1130.78,1.3806,32.67,30.84,3.9229,19.174
2018-10-05,6.868,73.76,1131.25,1.3832,32.83,30.91,3.8808,19.014
2018-10-09,6.9217,74.33,1132.87,1.3834,33.01,30.97,3.732,19.0085
2018-10-10,6.9224,74.25,1138.9,1.3813,32.93,30.99,3.7594,19.0745
2018-10-11,6.888,74.04,1134.16,1.3784,32.68,31.0,3.7591,19.0205
2018-10-12,6.9182,73.6,1130.82,1.378,32.76,30.89,3.7825,18.9235
2018-10-15,6.9131,73.76,1129.3,1.3752,32.62,30.85,3.7214,18.8095
2018-10-16,6.9102,73.46,1123.88,1.3733,32.47,30.82,3.7177,18.774
2018-10-17,6.9263,73.52,1126.2,1.3748,32.45,30.83,3.6813,18.801
2018-10-18,6.9367,73.52,1138.06,1.3797,32.58,30.98,3.705,19.159
2018-10-19,6.9291,73.37,1131.13,1.3768,32.58,30.88,3.7121,19.2285
2018-10-22,6.9446,73.56,1132.7,1.3804,32.79,30.92,3.685,19.3675
2018-10-23,6.9373,73.54,1137.53,1.3786,32.88,30.97,3.704,19.4075
2018-10-24,6.942,73.18,1136.66,1.3804,32.93,30.99,3.7188,19.4575
2018-10-25,6.9477,73.21,1134.9,1.3802,32.92,30.93,3.6887,19.413
2018-10-26,6.9425,73.46,1141.74,1.3803,33.07,31.0,3.6695,19.439
2018-10-29,6.9605,73.42,1139.81,1.3826,33.22,30.96,3.667,19.761
2018-10-30,6.9663,73.62,1137.68,1.3841,33.26,30.93,3.7156,19.9865
2018-10-31,6.9737,73.95,1140.78,1.3845,33.1,30.94,3.7129,20.255
2018-11-01,6.9205,73.45,1126.19,1.3765,32.93,30.75,3.699,20.1325
2018-11-02,6.8894,72.44,1117.72,1.3741,32.85,30.57,3.6965,20.045
2018-11-05,6.9249,73.08,1122.13,1.3755,32.96,30.7,3.7155,19.978
2018-11-06,6.9172,72.95,1121.31,1.3742,32.92,30.79,3.7509,19.856
2018-11-07,6.9174,72.44,1117.52,1.3698,32.81,30.64,3.7595,19.8
2018-11-08,6.9318,72.37,1118.99,1.3724,32.94,30.68,3.7563,20.045
2018-11-09,6.9553,72.48,1131.4,1.3792,33.09,30.79,3.751,20.3795
2018-11-13,6.9546,72.61,1132.29,1.38,32.96,30.88,3.7983,20.45
2018-11-14,6.95,72.3,1132.1,1.3789,32.96,30.88,3.7831,20.3565
2018-11-15,6.938,71.97,1127.2,1.3761,32.96,30.81,3.784,20.3135
2018-11-16,6.9367,71.98,1124.81,1.3723,32.82,30.8,3.7424,20.177
2018-11-19,6.9398,71.6,1126.08,1.3714,32.97,30.89,3.7671,20.3795
2018-11-20,6.9448,71.49,1128.53,1.3734,32.95,30.94,3.7567,20.3625
2018-11-21,6.9248,71.3,1127.3,1.3727,32.89,30.84,3.779,20.181
2018-11-23,6.9477,70.65,1130.9,1.3752,33.05,30.93,3.8205,20.44
2018-11-26,6.9397,70.81,1126.69,1.3748,33.0,30.85,3.879,20.542
2018-11-27,6.9498,70.8,1129.41,1.3788,33.03,30.9,3.8919,20.4755
2018-11-28,6.9534,70.63,1127.81,1.3773,33.03,30.86,3.8766,20.4305
2018-11-29,6.9419,69.79,1119.91,1.3712,32.93,30.79,3.8546,20.255
2018-11-30,6.9558,69.62,1118.61,1.3716,32.92,30.83,3.8571,20.2975
2018-12-03,6.8798,70.4,1110.2,1.3666,32.78,30.67,3.8353,20.2365
2018-12-04,6.8343,70.52,1108.82,1.3637,32.75,30.71,3.8368,20.496
2018-12-06,6.8816,70.84,1122.07,1.3703,32.9,30.91,3.9027,20.422
2018-12-07,6.8733,70.85,1121.8,1.3701,32.85,30.92,3.8768,20.285
2018-12-10,6.9077,72.436,1128.3,1.3738,32.88,30.9,3.9298,20.3783
2018-12-11,6.8968,72.27,1128.6,1.3745,32.82,30.86,3.9165,20.2885
2018-12-12,6.8778,71.79,1124.51,1.3718,32.74,30.79,3.849,20.1345
2018-12-13,6.8798,71.52,1124.73,1.3713,32.74,30.84,3.8856,20.2545
2018-12-14,6.905,71.94,1133.2,1.3767,32.82,30.86,3.897,20.2955
2018-12-17,6.8962,71.6,1130.17,1.3738,32.79,30.8,3.8922,20.1165
2018-12-18,6.8939,70.61,1127.76,1.3716,32.76,30.81,3.9072,20.1255
2018-12-19,6.8918,70.26,1120.96,1.3688,32.69,30.72,3.8737,20.026
2018-12-20,6.8834,69.96,1123.87,1.3702,32.66,30.78,3.85,19.9275
2018-12-21,6.9048,70.09,1125.3,1.3734,32.62,30.74,3.8815,19.9275
2018-12-26,6.8847,70.07,1124.23,1.3707,32.56,30.81,3.9253,19.8836
2018-12-27,6.8649,70.34,1121.37,1.3713,32.53,30.8,3.8895,19.663
2018-12-28,6.8755,69.92,1114.9,1.3668,32.54,30.55,3.8711,19.6535
2018-12-31,6.8755,69.58,1112.85,1.3623,32.31,30.61,3.8804,19.635
2019-01-02,6.8597,70.02,1119.11,1.3652,32.26,30.78,3.8123,19.6065
2019-01-03,6.8708,70.12,1124.64,1.3637,32.19,30.86,3.7429,19.6095
2019-01-04,6.8663,69.63,1116.73,1.3594,32.0,30.8,3.7149,19.44
2019-01-07,6.8501,69.78,1117.5,1.3558,31.96,30.8,3.71,19.314
2019-01-08,6.8519,70.11,1122.93,1.3579,32.04,30.84,3.7204,19.355
2019-01-09,6.8117,70.42,1117.7,1.3538,31.97,30.77,3.6832,19.231
2019-01-10,6.7875,70.43,1116.1,1.3516,31.91,30.79,3.6915,19.16
2019-01-11,6.7596,70.38,1117.18,1.3524,31.93,30.79,3.7073,19.12
2019-01-15,6.7595,71.0,1122.59,1.3564,31.9,30.82,3.7162,19.0555
2019-01-16,6.7532,70.97,1119.1,1.3541,31.68,30.82,3.7284,18.97
2019-01-17,6.7735,71.09,1123.34,1.3564,31.74,30.86,3.7561,19.0535
2019-01-18,6.7765,71.21,1122.8,1.3582,31.74,30.86,3.7658,19.113
2019-01-22,6.8072,71.23,1129.52,1.3595,31.78,30.89,3.7811,19.1375
2019-01-23,6.7897,71.21,1127.89,1.3593,31.72,30.86,3.7987,19.087
2019-01-24,6.7835,71.02,1126.33,1.3604,31.68,30.87,3.7486,18.986
2019-01-25,6.7448,70.94,1117.58,1.3535,31.52,30.71,3.77,18.9275
2019-01-28,6.7437,71.06,1118.7,1.353,31.51,30.78,3.7628,19.0405
2019-01-29,6.7304,71.4,1117.75,1.3523,31.47,30.8,3.7288,18.985
2019-01-30,6.7115,71.24,1117.29,1.3514,31.33,30.77,3.7222,19.1635
2019-01-31,6.6958,70.94,1111.82,1.3455,31.22,30.69,3.6501,19.0525
2019-02-01,6.7426,71.41,1118.31,1.35,31.28,30.78,3.6552,19.1275
2019-02-04,6.7426,71.66,1119.15,1.3527,31.3,30.77,3.6676,19.0405
2019-02-05,6.7426,71.52,1117.2,1.3521,31.24,30.77,3.6798,19.083
2019-02-06,6.7426,71.55,1119.35,1.3545,31.23,30.78,3.7015,19.1075
2019-02-07,6.7426,71.3,1124.11,1.3562,31.23,30.81,3.7232,19.11
2019-02-08,6.7426,71.23,1123.14,1.3562,31.51,30.82,3.7363,19.106
2019-02-11,6.7907,71.15,1126.05,1.3611,31.42,30.88,3.765,19.282
2019-02-12,6.7726,70.56,1122.27,1.3567,31.51,30.82,3.7131,19.2455
2019-02-13,6.7598,70.86,1123.32,1.3579,31.33,30.84,3.7485,19.405
2019-02-14,6.7711,71.18,1128.0,1.3587,31.32,30.86,3.7462,19.3485
2019-02-15,6.768,71.36,1125.59,1.3574,31.23,30.82,3.71,19.336
2019-02-19,6.756,71.31,1124.54,1.3538,31.15,30.81,3.7145,19.1855
2019-02-21,6.7195,71.15,1125.53,1.3536,31.22,30.8,3.7636,19.2835
2019-02-22,6.7112,71.07,1121.07,1.3509,31.3,30.71,3.7376,19.131
2019-02-25,6.6844,70.82,1116.1,1.3497,31.27,30.74,3.7305,19.094
2019-02-26,6.698,71.02,1116.88,1.348,31.33,30.76,3.7604,19.155
2019-02-27,6.6822,71.15,1117.74,1.3491,31.45,30.78,3.7375,19.2095
2019-02-28,6.6912,70.83,1124.65,1.352,31.57,30.83,3.7493,19.265
2019-03-01,6.7048,70.9,1126.76,1.3549,31.8,30.84,3.7852,19.3065
2019-03-04,6.7045,70.91,1126.73,1.3546,31.86,30.83,3.775,19.3
2019-03-05,6.706,70.55,1126.46,1.3566,31.77,30.84,3.775,19.275
2019-03-06,6.7099,70.02,1127.18,1.3574,31.85,30.84,3.8152,19.3815
2019-03-07,6.7132,70.09,1133.18,1.3596,31.86,30.91,3.8836,19.5795
2019-03-08,6.7201,70.0,1131.74,1.3586,31.73,30.88,3.8639,19.4835
2019-03-11,6.7215,69.82,1133.05,1.3589,31.7,30.91,3.8435,19.4275
2019-03-12,6.707,69.62,1127.89,1.3561,31.66,30.91,3.809,19.3005
2019-03-13,6.7064,69.52,1130.47,1.3535,31.59,30.9,3.8249,19.335
2019-03-14,6.7209,69.33,1135.05,1.3557,31.78,30.92,3.834,19.3
2019-03-15,6.7129,68.94,1134.44,1.3528,31.68,30.85,3.814,19.215
2019-03-18,6.7121,68.6,1131.74,1.3518,31.69,30.78,3.8097,19.113
2019-03-19,6.7106,69.02,1129.0,1.3509,31.67,30.8,3.767,18.9925
2019-03-20,6.6916,68.85,1128.25,1.3502,31.74,30.8,3.7856,18.895
2019-03-21,6.6952,68.72,1128.4,1.3494,31.72,30.82,3.8176,18.855
2019-03-22,6.7162,69.01,1136.8,1.3521,31.73,30.87,3.8942,19.164
2019-03-25,6.7079,68.88,1131.88,1.3499,31.55,30.82,3.864,18.995
2019-03-26,6.7145,68.98,1133.55,1.3512,31.62,30.84,3.876,19.1035
2019-03-27,6.7262,69.13,1138.09,1.3564,31.87,30.89,3.9602,19.342
2019-03-28,6.7381,69.23,1136.65,1.3563,31.87,30.88,3.9689,19.3665
2019-03-29,6.7112,69.16,1136.3,1.3544,31.7,30.86,3.8892,19.398
2019-04-01,6.7102,69.18,1133.0,1.3547,31.71,30.8,3.8699,19.214
2019-04-02,6.7223,68.91,1137.16,1.3565,31.78,30.84,3.8647,19.2245
2019-04-03,6.7098,68.58,1134.29,1.3529,31.73,30.8,3.8437,19.1685
2019-04-04,6.7167,69.03,1136.05,1.3547,31.79,30.81,3.8703,19.1775
2019-04-05,6.7182,69.11,1136.87,1.3553,31.91,30.82,3.8627,19.0735
2019-04-08,6.7158,69.56,1143.25,1.3546,31.9,30.82,3.8569,18.9615
2019-04-09,6.7111,69.28,1140.25,1.3533,31.75,30.83,3.8531,18.905
2019-04-10,6.7153,69.12,1137.26,1.3521,31.75,30.83,3.8269,18.8285
2019-04-11,6.7188,68.97,1140.73,1.3555,31.85,30.85,3.8509,18.8525
2019-04-12,6.7039,69.21,1133.0,1.353,31.79,30.84,3.8711,18.7555
2019-04-15,6.7072,69.38,1133.6,1.3524,31.78,30.85,3.8717,18.861
2019-04-16,6.7112,69.51,1136.13,1.3541,31.82,30.85,3.8972,18.962
2019-04-17,6.687,69.43,1131.7,1.353,31.8,30.79,3.9381,18.8405
2019-04-18,6.7081,69.42,1136.2,1.3559,31.83,30.83,3.9302,18.758
2019-04-19,6.7032,69.37,1135.4,1.3553,31.81,30.82,3.9311,18.7705
2019-04-22,6.7112,69.64,1140.52,1.3564,31.86,30.84,3.9281,18.837
2019-04-23,6.7249,69.78,1143.22,1.3575,31.99,30.86,3.9418,18.949
2019-04-24,6.7207,69.91,1155.65,1.3604,32.02,30.89,3.9758,19.01
2019-04-25,6.7418,70.19,1160.15,1.3633,32.06,30.94,3.9635,19.0965
2019-04-26,6.7282,69.93,1158.1,1.3605,31.91,30.9,3.9227,18.951
2019-04-29,6.7332,69.8,1160.0,1.3619,31.92,30.91,3.9362,19.0185
2019-04-30,6.7347,69.64,1165.1,1.3613,31.89,30.91,3.9367,18.9945
2019-05-01,6.7319,69.52,1161.61,1.3586,31.91,30.89,3.9195,18.8515
2019-05-02,6.7337,69.4,1166.62,1.3626,32.04,30.92,3.9644,19.126
2019-05-03,6.7337,69.08,1165.95,1.3609,31.92,30.87,3.9366,18.982
2019-05-06,6.7602,69.4,1169.2,1.3631,31.88,30.92,3.9534,18.9775
2019-05-07,6.7755,69.62,1172.5,1.3636,31.91,30.95,3.9847,19.0425
2019-05-08,6.7818,69.73,1170.2,1.3617,31.77,30.93,3.929,19.07
2019-05-09,6.8256,70.21,1183.1,1.3653,31.82,31.01,3.9646,19.274
2019-05-10,6.8217,70.02,1176.62,1.3624,31.55,30.95,3.9614,19.1385
2019-05-13,6.8765,70.62,1186.94,1.3704,31.62,31.16,3.9778,19.1955
2019-05-14,6.8737,70.3,1186.94,1.3682,31.62,31.07,3.9737,19.1455
2019-05-15,6.8742,70.22,1188.74,1.3686,31.54,31.11,3.9845,19.061
2019-05-16,6.8832,70.08,1190.52,1.3706,31.63,31.11,4.0061,19.073
2019-05-17,6.9182,70.28,1195.07,1.3769,31.83,31.31,4.0909,19.1665
2019-05-20,6.9111,69.59,1193.81,1.3761,31.89,31.4,4.1133,19.1
2019-05-21,6.9007,69.61,1194.31,1.3775,31.95,31.48,4.0678,19.036
2019-05-22,6.9054,69.71,1194.36,1.3789,31.92,31.52,4.0245,18.983
2019-05-23,6.9087,69.66,1189.31,1.3791,31.92,31.52,4.0329,19.017
2019-05-24,6.8997,69.37,1186.2,1.3756,31.83,31.52,4.0251,19.062
2019-05-28,6.9078,69.56,1186.66,1.3778,31.82,31.47,4.0215,19.1735
2019-05-29,6.9138,69.8,1186.66,1.3818,31.82,31.58,3.9937,19.225
2019-05-30,6.9011,69.81,1189.14,1.379,31.77,31.6,3.9658,19.0895
2019-05-31,6.9027,69.63,1190.5,1.3753,31.56,31.59,3.9216,19.652
2019-06-03,6.9028,69.15,1180.97,1.3686,31.34,31.41,3.8918,19.768
2019-06-04,6.9072,69.28,1180.58,1.369,31.35,31.46,3.8593,19.556
2019-06-05,6.9084,69.41,1178.24,1.366,31.4,31.35,3.8655,19.551
2019-06-06,6.9082,69.21,1179.51,1.363,31.4,31.32,3.874,19.7198
2019-06-07,6.9057,69.32,1181.27,1.3624,31.25,31.42,3.8616,19.6675
2019-06-10,6.9298,69.49,1185.01,1.3658,31.35,31.43,3.8708,19.181
2019-06-11,6.9107,69.42,1178.88,1.3639,31.28,31.39,3.8593,19.1315
2019-06-12,6.9161,69.35,1182.82,1.3648,31.26,31.41,3.836,19.153
2019-06-13,6.9212,69.53,1183.23,1.3667,31.19,31.48,3.8456,19.176
2019-06-14,6.9247,69.81,1184.7,1.3707,31.21,31.51,3.8936,19.13
2019-06-17,6.9251,69.83,1186.53,1.3703,31.35,31.51,3.8858,19.171
2019-06-18,6.9002,69.6,1185.37,1.3675,31.21,31.35,3.8549,19.1185
2019-06-19,6.8996,69.64,1185.37,1.3655,31.23,31.51,3.8731,19.167
2019-06-20,6.851,69.44,1159.05,1.356,30.86,30.99,3.8386,18.9905
2019-06-21,6.8686,69.59,1163.25,1.3565,30.78,31.02,3.8212,19.077
2019-06-24,6.8758,69.32,1156.14,1.3537,30.66,31.03,3.8265,19.181
2019-06-25,6.8791,69.26,1155.97,1.3526,30.71,31.09,3.8312,19.2205
2019-06-26,6.8781,69.18,1156.36,1.3527,30.73,31.05,3.8355,19.125
2019-06-27,6.8762,69.01,1157.86,1.3534,30.78,31.05,3.8604,19.163
2019-06-28,6.865,68.92,1154.58,1.3533,30.68,31.01,3.829,19.2089
2019-07-01,6.8487,68.87,1158.5,1.3566,30.64,30.97,3.8217,19.076
2019-07-02,6.8717,68.87,1166.31,1.3559,30.56,31.04,3.8613,19.079
2019-07-03,6.8806,68.79,1171.14,1.3563,30.59,31.08,3.8421,19.0435
2019-07-05,6.8925,68.48,1170.26,1.3608,30.78,31.18,3.8178,19.032
2019-07-08,6.8808,68.55,1181.31,1.3599,30.8,31.17,3.8045,18.904
2019-07-09,6.8866,68.54,1180.2,1.3615,30.8,31.17,3.8045,18.894
2019-07-10,6.8705,68.4,1181.58,1.357,30.69,31.13,3.7646,19.227
2019-07-11,6.8682,68.4,1173.35,1.3561,30.7,31.02,3.7577,19.0995
2019-07-12,6.8796,68.57,1178.71,1.3593,30.93,31.07,3.7429,19.0255
2019-07-15,6.8769,68.52,1179.04,1.3563,30.89,31.04,3.749,18.97
2019-07-16,6.8753,68.66,1177.31,1.3583,30.91,31.04,3.7607,19.0855
2019-07-17,6.8731,68.84,1181.09,1.3603,30.87,31.07,3.7611,19.009
2019-07-18,6.8788,68.85,1178.29,1.3605,30.81,31.04,3.7443,19.0
2019-07-19,6.8812,68.82,1173.92,1.3604,30.83,31.04,3.7406,19.0145
2019-07-22,6.8803,68.89,1178.17,1.3606,30.85,31.07,3.735,19.07
2019-07-23,6.8787,68.99,1178.72,1.3651,30.91,31.07,3.768,19.1318
2019-07-24,6.8717,68.94,1177.54,1.3636,30.9,31.08,3.761,19.09
2019-07-25,6.8714,69.03,1181.17,1.3666,30.92,31.08,3.788,19.04
2019-07-26,6.8785,68.89,1184.51,1.3698,30.87,31.08,3.7714,19.069
2019-07-29,6.8927,68.73,1183.36,1.37,30.85,31.1,3.7873,19.067
2019-07-30,6.8833,68.82,1181.94,1.3711,30.79,31.06,3.7867,19.075
2019-07-31,6.8833,68.81,1182.74,1.3687,30.7,31.09,3.7571,18.993
2019-08-01,6.8972,69.0,1187.0,1.372,30.83,31.15,3.8366,19.17
2019-08-02,6.9387,69.65,1196.59,1.3754,30.71,31.38,3.8789,19.3115
2019-08-05,7.0481,70.8,1215.5,1.3819,30.82,31.63,3.9423,19.5545
2019-08-06,7.0192,70.9,1214.83,1.381,30.72,31.48,3.974,19.6125
2019-08-07,7.0592,71.18,1214.46,1.3831,30.8,31.51,3.9863,19.6825
2019-08-08,7.044,70.62,1208.77,1.3813,30.75,31.34,3.9349,19.4935
2019-08-09,7.0613,70.91,1214.15,1.384,30.79,31.41,3.9385,19.443
2019-08-12,7.0578,71.27,1215.7,1.3866,30.85,31.4,3.9862,19.5525
2019-08-13,7.0423,71.41,1220.7,1.383,30.78,31.5,3.9531,19.421
2019-08-14,7.0224,71.27,1212.44,1.3896,30.84,31.36,4.0143,19.6323
2019-08-15,7.0327,71.79,1214.34,1.3885,30.82,31.33,4.01,19.6335
2019-08-16,7.0413,71.15,1205.75,1.3852,30.91,31.3,3.9926,19.557
2019-08-19,7.0499,71.44,1210.6,1.3861,30.85,31.36,4.0344,19.811
2019-08-20,7.0597,71.54,1207.93,1.385,30.76,31.39,4.0409,19.7565
2019-08-21,7.0623,71.43,1202.0,1.3829,30.77,31.33,4.0188,19.6652
2019-08-22,7.0829,71.9,1206.96,1.3857,30.79,31.36,4.0558,19.74
2019-08-23,7.0928,71.49,1210.5,1.3868,30.6,31.43,4.1114,19.8645
2019-08-26,7.1503,72.02,1217.51,1.3878,30.58,31.41,4.1528,19.9175
2019-08-27,7.1603,71.52,1211.38,1.389,30.57,31.39,4.1813,20.0055
2019-08-28,7.1628,71.75,1213.75,1.3881,30.61,31.43,4.1553,20.012
2019-08-29,7.1434,71.67,1216.14,1.388,30.61,31.34,4.1595,20.1185
2019-08-30,7.1543,71.45,1211.32,1.3879,30.61,31.32,4.1254,20.0674
2019-09-03,7.1786,72.2,1212.44,1.3906,30.6,31.38,4.1726,19.992
2019-09-04,7.144,72.11,1207.84,1.3842,30.56,31.3,4.114,19.779
2019-09-05,7.1468,71.84,1200.18,1.3841,30.68,31.26,4.0908,19.6935
2019-09-06,7.1131,71.68,1196.81,1.3797,30.62,31.22,4.0643,19.5575
2019-09-09,7.121,71.66,1192.33,1.3788,30.63,31.21,4.0819,19.5365
2019-09-10,7.1121,71.89,1191.22,1.379,30.6,31.22,4.101,19.5005
2019-09-11,7.1153,71.62,1191.51,1.3798,30.58,31.13,4.0592,19.55
2019-09-12,7.0787,70.91,1180.7,1.3741,30.4,31.03,4.0606,19.421
2019-09-13,7.0754,71.0,1176.62,1.3727,30.47,30.88,4.061,19.3555
2019-09-16,7.0659,71.53,1182.96,1.3753,30.51,30.9,4.0831,19.428
2019-09-17,7.0905,71.47,1186.1,1.3745,30.51,30.95,4.097,19.417
2019-09-18,7.0849,71.16,1191.51,1.3735,30.51,30.95,4.0964,19.348
2019-09-19,7.0959,71.31,1193.87,1.3787,30.53,30.98,4.1389,19.405
2019-09-20,7.0909,71.05,1188.16,1.3763,30.49,30.93,4.1698,19.44
2019-09-23,7.1168,70.79,1195.48,1.3777,30.46,30.98,4.1771,19.442
2019-09-24,7.1138,70.94,1196.52,1.3764,30.54,31.01,4.1737,19.4485
2019-09-25,7.1313,71.0,1200.17,1.3788,30.61,31.04,4.1764,19.56
2019-09-26,7.13,70.93,1201.99,1.3816,30.64,31.02,4.1517,19.6435
2019-09-27,7.1218,70.49,1200.03,1.3812,30.63,31.05,4.1576,19.681
2019-09-30,7.1477,70.64,1195.85,1.383,30.59,31.05,4.1629,19.742
2019-10-01,7.1473,71.11,1198.96,1.3851,30.61,31.07,4.1624,19.7755
2019-10-02,7.1473,71.17,1205.47,1.3844,30.6,31.06,4.1434,19.776
2019-10-03,7.1473,71.03,1204.67,1.38,30.53,30.97,4.0876,19.6985
2019-10-04,7.1473,70.86,1192.93,1.3785,30.42,30.92,4.0601,19.5385
2019-10-07,7.1473,70.97,1196.49,1.3808,30.45,30.89,4.0831,19.55
2019-10-08,7.1422,71.21,1193.24,1.3824,30.4,30.81,4.0846,19.582
2019-10-09,7.1316,71.09,1197.29,1.3807,30.31,30.83,4.1043,19.575
2019-10-10,7.1153,70.98,1190.06,1.3755,30.39,30.75,4.1075,19.4575
2019-10-11,7.0868,70.91,1195.61,1.3714,30.39,30.75,4.0945,19.3316
2019-10-15,7.0814,71.48,1184.67,1.3709,30.42,30.62,4.1506,19.248
2019-10-16,7.092,71.37,1186.38,1.3704,30.36,30.69,4.161,19.199
2019-10-17,7.0766,71.09,1179.05,1.3648,30.27,30.63,4.16,19.155
2019-10-18,7.0805,71.07,1181.06,1.3645,30.28,30.59,4.1312,19.141
2019-10-21,7.0748,70.9,1172.57,1.3611,30.27,30.56,4.136,19.146
2019-10-22,7.0761,70.81,1170.49,1.3622,30.3,30.58,4.0713,19.1
2019-10-23,7.0624,70.81,1172.07,1.3632,30.27,30.6,4.0674,19.113
2019-10-24,7.0684,71.01,1173.19,1.3638,30.25,30.57,4.01,19.101
2019-10-25,7.0647,70.78,1171.58,1.363,30.16,30.59,4.0018,19.049
2019-10-28,7.067,70.71,1170.17,1.3619,30.23,30.56,3.9769,19.046
2019-10-29,7.0655,70.86,1163.03,1.3621,30.24,30.52,3.9923,19.101
2019-10-30,7.0541,70.96,1167.76,1.3623,30.24,30.43,4.017,19.167
2019-10-31,7.0379,71.01,1169.1,1.3608,30.18,30.44,4.013,19.174
2019-11-01,7.0368,70.76,1165.45,1.3567,30.17,30.45,3.9756,19.099
2019-11-04,7.03,70.79,1159.29,1.3575,30.2,30.42,4.0007,19.166
2019-11-05,7.0082,70.81,1157.64,1.3592,30.24,30.39,3.9865,19.219
2019-11-06,6.9968,70.96,1156.73,1.36,30.29,30.39,4.0582,19.2
2019-11-07,6.9766,71.04,1154.44,1.3579,30.43,30.35,4.0884,19.128
2019-11-08,6.9954,71.35,1157.14,1.3591,30.37,30.37,4.1545,19.108
2019-11-12,7.0066,71.75,1160.8,1.3617,30.34,30.41,4.1742,19.27
2019-11-13,7.0223,72.12,1167.76,1.3626,30.22,30.5,4.1772,19.426
2019-11-14,7.0195,71.99,1169.82,1.3622,30.2,30.55,4.1912,19.44
2019-11-15,7.0075,71.6,1166.98,1.3602,30.26,30.5,4.1957,19.205
2019-11-18,7.0246,71.9,1163.76,1.3596,30.19,30.5,4.1932,19.253
2019-11-19,7.0263,71.86,1167.13,1.361,30.19,30.5,4.2032,19.342
2019-11-20,7.0344,71.74,1169.8,1.3615,30.19,30.5,4.1955,19.48
2019-11-21,7.0285,71.75,1175.71,1.3625,30.21,30.52,4.2213,19.422
2019-11-22,7.0389,71.76,1179.33,1.3644,30.2,30.51,4.1859,19.402
2019-11-25,7.0349,71.69,1173.09,1.3654,30.19,30.51,4.2153,19.462
2019-11-26,7.0319,71.51,1175.59,1.3645,30.23,30.51,4.2594,19.493
2019-11-27,7.028,71.26,1176.89,1.3652,30.23,30.5,4.2569,19.537
2019-11-29,7.0308,71.75,1181.33,1.3674,30.22,30.5,4.2272,19.543
2019-12-02,7.038,71.65,1182.84,1.3656,30.27,30.51,4.22,19.567
2019-12-03,7.0609,71.7,1190.31,1.3644,30.26,30.5,4.1928,19.555
2019-12-04,7.0489,71.47,1194.45,1.3629,30.31,30.5,4.1886,19.482
2019-12-05,7.0445,71.26,1189.23,1.3609,30.36,30.48,4.1912,19.364
2019-12-06,7.0348,71.26,1189.86,1.3606,30.35,30.48,4.1749,19.331
2019-12-09,7.0389,71.02,1189.45,1.3596,30.31,30.47,4.1299,19.229
2019-12-10,7.0328,70.84,1191.01,1.3583,30.3,30.47,4.1412,19.214
2019-12-11,7.0384,70.73,1192.2,1.3584,30.25,30.45,4.1179,19.178
2019-12-12,6.9925,70.62,1186.41,1.3557,30.16,30.22,4.099,19.089
2019-12-13,6.9925,70.8,1171.97,1.3549,30.21,30.24,4.1065,19.066
2019-12-16,6.9921,70.89,1171.8,1.3549,30.22,30.11,4.0681,18.981
2019-12-17,6.9967,71.04,1165.81,1.3546,30.24,30.13,4.0673,18.91
2019-12-18,7.0029,70.97,1168.02,1.3552,30.2,30.15,4.0624,18.958
2019-12-19,7.0097,71.11,1165.04,1.3546,30.19,30.16,4.058,18.941
2019-12-20,7.0063,71.07,1160.3,1.355,30.19,30.14,4.0859,18.914
2019-12-23,7.0124,71.24,1163.64,1.3562,30.16,30.14,4.0621,18.931
2019-12-24,7.0064,71.23,1163.21,1.355,30.15,30.14,4.0833,18.955
2019-12-26,6.9949,71.28,1161.18,1.354,30.15,30.11,4.0602,18.944
2019-12-27,6.9954,71.45,1160.87,1.352,30.14,30.09,4.0507,18.819
2019-12-30,6.9864,71.3,1155.75,1.3483,29.94,30.04,4.0152,18.863
2019-12-31,6.9618,71.36,1155.46,1.3446,29.75,29.91,4.019,18.86
2020-01-02,6.9642,71.34,1157.95,1.3475,30.15,29.99,4.0384,18.889
2020-01-03,6.9649,71.76,1165.15,1.3486,30.18,30.03,4.0378,18.865
2020-01-06,6.9749,71.86,1167.49,1.3493,30.16,30.06,4.0548,18.821
2020-01-07,6.9443,71.84,1166.21,1.351,30.31,30.05,4.0813,18.876
2020-01-08,6.9447,71.51,1170.61,1.3504,30.37,30.02,4.0463,18.773
2020-01-09,6.9309,71.16,1158.63,1.3517,30.25,29.95,4.0747,18.83
2020-01-10,6.9178,70.94,1161.18,1.3481,30.22,29.97,4.0771,18.768
2020-01-13,6.8924,70.74,1156.25,1.3465,30.18,29.88,4.1351,18.82
2020-01-14,6.8837,70.85,1156.28,1.3466,30.25,29.89,4.1409,18.804
2020-01-15,6.8899,70.69,1156.84,1.3461,30.29,29.91,4.1773,18.81
2020-01-16,6.8769,70.95,1160.86,1.3468,30.39,29.93,4.1903,18.777
2020-01-17,6.8589,71.08,1159.08,1.3474,30.38,29.93,4.1857,18.728
2020-01-21,6.9049,71.17,1166.56,1.3492,30.39,29.98,4.2,18.702
2020-01-22,6.904,71.07,1165.68,1.3491,30.4,29.97,4.1852,18.693
2020-01-23,6.9364,71.45,1168.38,1.3524,30.57,30.04,4.1689,18.833
2020-01-24,6.9161,71.31,1166.91,1.3512,30.56,30.03,4.1879,18.845
2020-01-27,6.9161,71.45,1176.2,1.3571,30.69,30.1,4.2268,18.9599
2020-01-28,6.9161,71.24,1176.23,1.3587,30.81,30.1,4.2094,18.78
2020-01-29,6.9161,71.35,1176.98,1.3606,30.95,30.1,4.2162,18.6762
2020-01-30,6.9161,71.57,1191.94,1.3628,31.18,30.26,4.2602,18.799
2020-01-31,6.9161,71.53,1191.3,1.3647,31.19,30.23,4.2801,18.89
2020-02-03,7.0208,71.32,1194.8,1.3689,31.06,30.29,4.2411,18.79
2020-02-04,6.9979,71.11,1184.51,1.37,30.97,30.12,4.2405,18.676
2020-02-05,6.972,71.19,1187.25,1.3813,30.97,30.0,4.2567,18.62
2020-02-06,6.9694,71.19,1179.64,1.3855,31.15,30.04,4.2694,18.67
2020-02-07,7.0003,71.47,1186.24,1.3895,31.34,30.1,4.3126,18.755
2020-02-10,6.982,71.28,1186.96,1.3894,31.3,30.08,4.3155,18.767
2020-02-11,6.965,71.25,1181.32,1.3863,31.25,30.02,4.3346,18.694
2020-02-12,6.9708,71.29,1178.98,1.3858,31.1,29.98,4.3428,18.627
2020-02-13,6.9759,71.27,1182.02,1.3885,31.1,29.98,4.3302,18.642
2020-02-14,6.9859,71.52,1183.2,1.3921,31.21,30.02,4.3104,18.57
2020-02-18,6.9949,71.56,1190.6,1.3921,31.16,30.11,4.3507,18.589
2020-02-19,6.9975,71.55,1191.1,1.3945,31.21,30.11,4.366,18.588
2020-02-20,7.0225,71.67,1198.34,1.4005,31.43,30.26,4.3845,18.82
2020-02-21,7.0255,71.9,1207.91,1.397,31.55,30.4,4.383,18.813
2020-02-24,7.0286,71.92,1218.5,1.399,31.66,30.45,4.3878,19.089
2020-02-25,7.0128,71.81,1214.45,1.3986,31.73,30.34,4.3878,19.054
2020-02-26,7.0214,71.58,1213.61,1.3968,31.83,30.28,4.4304,19.163
2020-02-27,7.0036,71.65,1217.03,1.3944,31.58,30.23,4.4587,19.347
2020-02-28,6.9906,72.53,1214.92,1.3944,31.53,30.18,4.4906,19.73
2020-03-02,6.9595,72.88,1190.89,1.3893,31.41,29.88,4.4782,19.583
2020-03-03,6.9579,73.03,1194.66,1.3858,31.34,29.82,4.4908,19.33
2020-03-04,6.9244,73.49,1187.54,1.3848,31.34,29.92,4.5497,19.533
2020-03-05,6.9366,73.5,1181.11,1.3853,31.56,29.91,4.6533,19.825
2020-03-06,6.9298,74.0,1192.0,1.3786,31.49,29.94,4.638,20.171
2020-03-09,6.9448,74.21,1203.75,1.3832,31.46,29.97,4.7304,20.926
2020-03-10,6.9549,74.15,1193.1,1.3903,31.47,29.91,4.6745,21.051
2020-03-11,6.9595,73.68,1194.16,1.3915,31.45,30.07,4.6844,21.205
2020-03-12,7.0282,74.25,1206.19,1.41,31.72,30.18,4.8563,22.326
2020-03-13,7.0079,73.86,1211.7,1.417,31.95,30.13,4.7622,21.885
2020-03-16,6.9913,74.01,1225.33,1.42,31.98,30.19,4.9813,22.613
2020-03-17,7.003,74.26,1240.98,1.4296,32.18,30.21,5.0185,23.14
2020-03-18,7.0459,74.55,1245.19,1.4448,32.5,30.37,5.1136,23.72
2020-03-19,7.1058,74.78,1250.86,1.449,32.57,30.4,5.1503,24.087
2020-03-20,7.095,75.31,1250.55,1.4525,32.69,30.3,5.001,24.026
2020-03-23,7.09,76.29,1267.25,1.4605,32.86,30.33,5.1286,25.127
2020-03-24,7.061,76.37,1249.88,1.4467,32.82,30.16,5.0731,25.132
2020-03-25,7.1099,76.36,1228.15,1.4484,32.77,30.29,5.0589,24.395
2020-03-26,7.0709,74.89,1233.47,1.431,32.6,30.19,4.9972,23.13
2020-03-27,7.0942,75.47,1210.49,1.4305,32.54,30.21,5.1113,23.41
2020-03-30,7.0986,75.33,1224.11,1.4253,32.68,30.24,5.1593,24.265
2020-03-31,7.0808,75.39,1218.92,1.4215,32.7,30.25,5.1855,23.448
2020-04-01,7.0989,76.4,1229.65,1.4346,33.04,30.29,5.2494,24.453
2020-04-02,7.0857,76.34,1229.89,1.4304,32.93,30.2,5.2649,24.034
2020-04-03,7.0908,76.24,1230.56,1.4408,33.03,30.26,5.3129,24.69
2020-04-06,7.0895,75.95,1224.6,1.4315,32.78,30.21,5.2342,24.628
2020-04-07,7.0448,75.64,1220.43,1.4228,32.72,30.08,5.2319,24.035
2020-04-08,7.0649,75.96,1220.77,1.4259,32.72,30.11,5.1701,24.039
2020-04-09,7.0428,76.3,1219.71,1.417,32.66,30.01,5.0708,23.625
2020-04-10,7.0341,75.87,1211.71,1.413,32.69,30.06,5.1063,23.42
2020-04-13,7.0501,76.25,1217.72,1.415,32.7,30.06,5.1871,23.723
2020-04-14,7.0479,76.11,1216.85,1.4143,32.62,30.07,5.2074,23.599
2020-04-15,7.0664,76.56,1224.55,1.4235,32.7,30.04,5.2559,24.064
2020-04-16,7.0778,76.75,1228.21,1.4284,32.65,30.11,5.2318,24.124
2020-04-17,7.0711,76.56,1217.81,1.422,32.49,30.07,5.255,23.831
2020-04-20,7.0721,76.56,1217.29,1.4189,32.46,30.04,5.2911,24.037
2020-04-21,7.0914,76.95,1229.28,1.4311,32.51,30.1,5.3166,24.433
2020-04-22,7.0831,76.44,1234.79,1.4277,32.33,30.1,5.3955,24.585
2020-04-23,7.0654,75.84,1229.04,1.4225,32.31,30.08,5.4498,24.682
2020-04-24,7.0813,76.26,1233.88,1.4253,32.42,30.1,5.6858,24.8225
2020-04-27,7.0848,76.23,1224.16,1.4189,32.47,30.02,5.6741,24.832
2020-04-28,7.0776,75.96,1224.83,1.4167,32.43,29.99,5.5646,24.394
2020-04-29,7.0755,75.45,1219.2,1.4124,32.4,29.89,5.3923,23.927
2020-04-30,7.0622,75.08,1203.95,1.4095,32.42,29.72,5.4296,23.979
2020-05-01,7.0622,75.75,1223.2,1.4163,32.52,29.72,5.4858,24.8066
2020-05-04,7.0622,75.64,1228.81,1.4169,32.4,29.82,5.5714,24.3853
2020-05-05,7.0622,75.72,1220.13,1.4148,32.37,29.84,5.5623,23.7938
2020-05-06,7.1031,76.08,1222.03,1.4203,32.41,29.9,5.6798,24.295
2020-05-07,7.0825,75.78,1224.76,1.4151,32.38,29.9,5.8027,23.961
2020-05-08,7.0732,75.58,1216.47,1.4114,32.17,29.87,5.7455,23.619
2020-05-11,7.0972,75.87,1220.2,1.4176,32.17,29.87,5.7958,23.913
2020-05-12,7.0816,75.03,1222.0,1.4155,32.08,29.88,5.7922,24.037
2020-05-13,7.0911,75.33,1223.86,1.4185,32.07,29.91,5.9204,24.311
2020-05-14,7.0935,75.48,1227.76,1.4258,32.08,29.91,5.9181,24.172
2020-05-15,7.1013,75.82,1230.71,1.4274,32.06,29.94,5.8235,24.0493
2020-05-18,7.1086,75.74,1232.32,1.4191,32.01,29.96,5.708,23.59
2020-05-19,7.098,75.67,1225.19,1.4157,31.88,29.94,5.7101,23.614
2020-05-20,7.0928,75.47,1230.02,1.4128,31.81,29.97,5.6909,23.215
2020-05-21,7.1138,75.63,1230.53,1.4174,31.84,29.91,5.5989,22.924
2020-05-22,7.1269,75.99,1236.53,1.4254,31.9,30.08,5.5663,22.738
2020-05-26,7.134,75.43,1234.24,1.4167,31.88,29.97,5.376,22.336
2020-05-27,7.1681,75.88,1238.03,1.4207,31.91,30.04,5.2818,22.358
2020-05-28,7.1447,75.67,1239.28,1.4157,31.85,29.97,5.3346,22.191
2020-05-29,7.1348,75.59,1236.61,1.4135,31.82,30.01,5.4248,22.17
2020-06-01,7.1263,75.56,1224.79,1.4075,31.65,29.91,5.3727,21.991
2020-06-02,7.0992,75.03,1225.07,1.4015,31.53,29.91,5.2331,21.722
2020-06-03,7.1115,75.32,1216.08,1.3957,31.59,29.88,5.0417,21.635
2020-06-04,7.1075,75.43,1218.77,1.3978,31.55,29.9,5.0927,21.851
2020-06-05,7.0808,75.61,1202.79,1.3918,31.5,29.78,4.9542,21.545
2020-06-08,7.07,75.44,1197.84,1.3895,31.41,29.75,4.8858,21.638
2020-06-09,7.0765,75.44,1197.04,1.3887,31.31,29.68,4.899,21.728
2020-06-10,7.0599,75.65,1189.9,1.384,31.14,29.54,4.8979,21.941
2020-06-11,7.064,75.97,1196.34,1.3883,30.92,29.65,4.976,22.521
2020-06-12,7.0825,76.03,1204.52,1.3923,30.97,29.63,5.0241,22.298
2020-06-15,7.0887,75.97,1212.21,1.3943,31.05,29.67,5.2082,22.521
2020-06-16,7.0854,76.19,1207.26,1.3937,31.1,29.65,5.1563,22.175
2020-06-17,7.084,76.25,1215.02,1.3939,31.13,29.64,5.264,22.368
2020-06-18,7.0869,76.32,1211.65,1.3939,31.07,29.59,5.354,22.669
2020-06-19,7.0707,76.21,1208.38,1.3965,30.98,29.59,5.3388,22.61
2020-06-22,7.0678,75.76,1210.73,1.3924,30.95,29.6,5.2235,22.457
2020-06-23,7.0575,75.48,1206.43,1.3895,30.87,29.54,5.1578,22.389
2020-06-24,7.077,75.65,1199.55,1.3922,30.84,29.52,5.302,22.7116
2020-06-25,7.0768,75.58,1203.59,1.3914,30.9,29.52,5.3541,22.83
2020-06-26,7.0768,75.63,1203.44,1.3938,30.9,29.51,5.4661,22.946
2020-06-29,7.0794,75.52,1200.91,1.3943,30.89,29.45,5.4587,23.123
2020-06-30,7.0651,75.53,1200.5,1.3942,30.88,29.44,5.4844,23.0821
2020-07-01,7.0703,75.5,1201.84,1.3936,31.02,29.43,5.3492,22.823
2020-07-02,7.066,74.78,1199.84,1.3947,31.06,29.45,5.3146,22.52
2020-07-06,7.0159,74.62,1192.66,1.393,31.06,29.4,5.314,22.275
2020-07-07,7.0127,74.81,1194.43,1.3931,31.18,29.45,5.358,22.636
2020-07-08,7.0041,74.94,1194.63,1.3928,31.22,29.43,5.3581,22.855
2020-07-09,6.9923,75.12,1197.84,1.3922,31.26,29.42,5.3182,22.702
2020-07-10,6.999,75.14,1204.34,1.3904,31.31,29.45,5.3334,22.507
2020-07-13,6.9959,75.16,1200.13,1.3879,31.36,29.42,5.3439,22.432
2020-07-14,7.006,75.38,1205.24,1.3918,31.53,29.45,5.429,22.592
2020-07-15,6.9885,75.11,1201.97,1.3899,31.57,29.5,5.362,22.371
2020-07-16,6.9881,75.11,1202.97,1.3894,31.69,29.44,5.343,22.288
2020-07-17,6.9912,74.93,1203.86,1.3898,31.68,29.46,5.352,22.48
2020-07-20,6.9829,74.77,1202.26,1.3886,31.8,29.45,5.3365,22.58
2020-07-21,6.98,74.54,1194.64,1.3845,31.57,29.4,5.1936,22.319
2020-07-22,6.9988,74.56,1194.83,1.3837,31.6,29.41,5.0973,22.256
2020-07-23,7.0034,74.81,1198.91,1.3841,31.69,29.41,5.1405,22.314
2020-07-24,7.0168,74.77,1203.17,1.3832,31.61,29.45,5.1948,22.363
2020-07-27,6.995,74.77,1195.94,1.3792,31.48,29.31,5.1835,22.013
2020-07-28,6.9998,74.91,1198.15,1.3778,31.47,29.3,5.1684,21.957
2020-07-29,7.0014,74.92,1192.98,1.3752,31.41,29.26,5.1483,22.003
2020-07-30,7.008,74.88,1196.3,1.3757,31.37,29.32,5.1824,22.183
2020-07-31,6.9744,74.9,1192.68,1.3728,31.23,29.34,5.1967,22.226
2020-08-03,6.9799,75.2,1194.31,1.3764,31.21,29.35,5.32,22.574
2020-08-04,6.972,75.06,1194.53,1.3749,31.05,29.38,5.3259,22.746
2020-08-05,6.9353,74.8,1188.93,1.3676,31.01,29.34,5.2928,22.423
2020-08-06,6.952,74.87,1185.29,1.3693,31.13,29.37,5.3537,22.359
2020-08-07,6.967,75.04,1189.25,1.3729,31.2,29.39,5.4343,22.483
2020-08-10,6.9611,74.91,1186.28,1.3729,31.11,29.39,5.423,22.493
2020-08-11,6.9451,74.61,1184.84,1.3724,31.1,29.39,5.423,22.338
2020-08-12,6.9363,74.73,1184.09,1.3715,31.07,29.37,5.4745,22.318
2020-08-13,6.944,74.81,1183.25,1.3719,31.05,29.43,5.3835,22.28
2020-08-14,6.9501,74.87,1186.53,1.3703,31.09,29.38,5.3881,22.019
2020-08-17,6.9318,74.74,1184.17,1.3679,31.15,29.38,5.4734,22.042
2020-08-18,6.9215,74.62,1184.74,1.3647,31.16,29.39,5.4845,22.18
2020-08-19,6.9192,74.85,1181.06,1.366,31.25,29.37,5.5045,22.046
2020-08-20,6.9143,75.01,1187.66,1.3676,31.41,29.42,5.637,22.148
2020-08-21,6.9179,74.92,1191.84,1.3723,31.56,29.4,5.5949,22.042
2020-08-24,6.918,74.17,1189.11,1.3696,31.48,29.38,5.601,21.974
2020-08-25,6.9116,74.2,1188.18,1.3693,31.44,29.38,5.6046,21.961
2020-08-26,6.8855,74.22,1185.6,1.3663,31.27,29.34,5.6073,21.945
2020-08-27,6.8925,73.89,1185.22,1.3656,31.28,29.36,5.5965,22.115
2020-08-28,6.8647,73.11,1181.62,1.3582,31.09,29.34,5.4469,21.87
2020-08-31,6.8474,73.25,1187.48,1.36,31.06,29.37,5.4698,21.88
2020-09-01,6.8272,73.0,1182.94,1.3598,31.18,29.36,5.3578,21.751
2020-09-02,6.8375,73.27,1189.98,1.3629,31.3,29.36,5.355,21.832
2020-09-03,6.8474,73.39,1188.04,1.3655,31.43,29.35,5.3078,21.663
2020-09-04,6.8409,73.29,1190.6,1.3667,31.41,29.32,5.2873,21.595
2020-09-08,6.8435,73.78,1188.69,1.3692,31.43,29.25,5.351,21.732
2020-09-09,6.8308,73.38,1185.12,1.3671,31.27,29.29,5.2849,21.52
2020-09-10,6.8335,73.43,1184.41,1.3667,31.31,29.27,5.3023,21.285
2020-09-11,6.833,73.45,1186.55,1.3678,31.26,29.3,5.304,21.327
2020-09-14,6.808,73.42,1181.27,1.3632,31.27,29.23,5.2892,21.123
2020-09-15,6.7819,73.57,1179.99,1.3614,31.21,29.23,5.2852,21.055
2020-09-16,6.7529,73.54,1176.0,1.3573,31.06,29.21,5.241,21.05
2020-09-17,6.7628,73.6,1174.25,1.3587,31.17,29.14,5.2584,20.993
2020-09-18,6.7675,73.54,1163.2,1.3572,31.09,29.02,5.3056,20.949
2020-09-21,6.8043,73.58,1166.75,1.3635,31.37,28.99,5.4397,21.516
2020-09-22,6.7779,73.5,1164.83,1.366,31.4,29.05,5.47,21.585
2020-09-23,6.8089,73.53,1164.56,1.3707,31.57,29.15,5.549,22.116
2020-09-24,6.8273,73.9,1170.49,1.3757,31.6,29.31,5.5308,22.28
2020-09-25,6.822,73.71,1172.71,1.3786,31.64,29.25,5.5644,22.451
2020-09-28,6.8106,73.79,1168.08,1.3727,31.64,29.08,5.6155,22.507
2020-09-29,6.815,73.78,1169.67,1.3698,31.64,29.03,5.6679,22.466
2020-09-30,6.7896,73.54,1165.97,1.3654,31.57,28.95,5.6326,22.091
2020-10-01,6.7898,73.18,1163.05,1.3627,31.56,28.86,5.6463,21.976
2020-10-02,6.7898,73.35,1166.08,1.3643,31.56,28.91,5.6822,21.72
2020-10-05,6.7896,73.09,1157.77,1.3606,31.29,28.75,5.6173,21.4301
2020-10-06,6.7896,73.4,1162.0,1.36,31.19,28.79,5.5402,21.521
2020-10-07,6.7896,73.28,1158.41,1.3589,31.22,28.66,5.6125,21.533
2020-10-08,6.7896,73.33,1152.44,1.3586,31.21,28.65,5.5948,21.416
2020-10-09,6.6933,72.98,1143.46,1.3529,31.02,28.62,5.522,21.153
2020-10-13,6.7452,73.45,1147.4,1.3599,31.24,28.74,5.5944,21.392
2020-10-14,6.7136,73.24,1146.58,1.3567,31.1,28.76,5.5804,21.346
2020-10-15,6.7233,73.48,1143.03,1.3612,31.22,28.77,5.616,21.394
2020-10-16,6.6962,73.42,1146.82,1.3587,31.16,28.75,5.6228,21.174
2020-10-19,6.6803,73.31,1141.76,1.3568,31.2,28.73,5.578,21.1369
2020-10-20,6.6754,73.47,1138.65,1.3562,31.26,28.7,5.5773,21.065
2020-10-21,6.6503,73.62,1132.11,1.3539,31.19,28.67,5.6084,21.0896
2020-10-22,6.6821,73.65,1135.26,1.3564,31.31,28.68,5.5843,21.026
2020-10-23,6.6861,73.86,1129.77,1.3584,31.31,28.65,5.6135,20.8961
2020-10-26,6.7119,73.93,1127.77,1.3612,31.27,28.62,5.6141,20.958
2020-10-27,6.7044,73.62,1127.9,1.3586,31.2,28.56,5.6484,20.867
2020-10-28,6.7279,74.19,1133.76,1.3633,31.26,28.57,5.7406,21.152
2020-10-29,6.714,74.42,1131.12,1.368,31.25,28.59,5.779,21.367
2020-10-30,6.6919,74.59,1133.99,1.3654,31.17,28.57,5.7588,21.276
2020-11-02,6.6899,74.51,1134.62,1.3655,31.13,28.55,5.7425,21.457
2020-11-03,6.6759,74.61,1134.3,1.3599,31.02,28.61,5.7328,21.156
2020-11-04,6.6504,74.36,1137.37,1.3576,31.0,28.6,5.654,20.936
2020-11-05,6.6027,73.93,1122.96,1.3515,30.79,28.54,5.5682,20.834
2020-11-06,6.608,73.96,1121.0,1.3471,30.57,28.59,5.4577,20.63
2020-11-09,6.628,74.03,1113.14,1.3484,30.58,28.58,5.3696,20.4
2020-11-10,6.6146,74.31,1117.63,1.3484,30.37,28.55,5.3715,20.433
2020-11-12,6.6114,74.63,1112.95,1.3478,30.21,28.5,5.4141,20.517
2020-11-13,6.6039,74.56,1109.47,1.3479,30.18,28.51,5.5006,20.45
2020-11-16,6.583,74.41,1106.88,1.3454,30.19,28.52,5.3999,20.302
2020-11-17,6.5556,74.42,1105.33,1.3427,30.19,28.53,5.3401,20.306
2020-11-18,6.5588,74.1,1105.72,1.3409,30.28,28.5,5.3069,20.246
2020-11-19,6.5823,74.16,1114.93,1.3452,30.38,28.52,5.3149,20.183
2020-11-20,6.5608,74.12,1114.48,1.3434,30.25,28.52,5.3671,20.083
2020-11-23,6.585,74.21,1115.42,1.3448,30.36,28.52,5.436,20.109
2020-11-24,6.59,74.08,1110.93,1.3424,30.33,28.5,5.391,20.012
2020-11-25,6.575,73.75,1106.84,1.3402,30.3,28.48,5.3224,20.015
2020-11-30,6.576,74.01,1105.79,1.3402,30.28,28.55,5.3785,20.15
2020-12-01,6.5705,73.51,1107.33,1.3383,30.27,28.54,5.263,20.047
2020-12-02,6.5622,73.72,1100.15,1.3383,30.21,28.49,5.2384,20.047
2020-12-03,6.5418,73.8,1096.28,1.333,30.17,28.39,5.1243,19.887
2020-12-04,6.5301,73.78,1081.85,1.3331,30.16,28.21,5.161,19.744
2020-12-07,6.5295,73.83,1082.22,1.3352,30.16,28.25,5.0713,19.81
2020-12-08,6.5307,73.68,1085.4,1.3378,30.02,28.24,5.0824,19.715
2020-12-09,6.541,73.71,1083.78,1.337,30.05,28.19,5.1504,19.852
2020-12-10,6.5419,73.72,1086.83,1.3368,30.06,28.23,5.0699,19.987
2020-12-11,6.5445,73.73,1091.23,1.3371,30.09,28.17,5.0538,20.093
2020-12-14,6.548,73.64,1093.19,1.3348,30.09,28.14,5.1103,20.218
2020-12-15,6.5388,73.56,1092.22,1.3327,30.04,28.12,5.1105,20.083
2020-12-16,6.5323,73.65,1093.71,1.3299,30.01,28.15,5.1282,19.95
2020-12-17,6.5321,73.53,1092.96,1.3256,29.79,28.13,5.0591,19.788
2020-12-18,6.5395,73.53,1099.37,1.3287,29.84,28.14,5.081,19.9813
2020-12-21,6.5493,74.03,1107.03,1.3323,30.14,28.16,5.128,20.04
2020-12-22,6.5426,73.85,1107.12,1.3358,30.21,28.18,5.1593,20.054
2020-12-23,6.54,73.77,1106.92,1.3319,30.21,28.14,5.2087,20.08
2020-12-28,6.5346,73.5,1096.67,1.3307,30.16,28.11,5.3016,20.061
2020-12-29,6.53,73.33,1092.55,1.327,30.04,28.1,5.1679,19.905
2020-12-30,6.5208,73.13,1086.62,1.3236,29.95,28.1,5.176,19.934
2020-12-31,6.525,73.01,1086.11,1.3214,30.02,28.08,5.1935,19.892
2021-01-04,6.4601,73.08,1081.62,1.3211,29.92,28.08,5.2466,19.938
2021-01-05,6.455,73.15,1087.42,1.3178,29.92,27.99,5.3035,19.92
2021-01-06,6.4617,73.15,1085.71,1.3197,29.93,28.0,5.3368,19.713
2021-01-07,6.476,73.43,1086.78,1.3257,30.07,28.02,5.4024,19.928
2021-01-08,6.475,73.31,1089.48,1.3235,30.09,27.98,5.3855,19.941
2021-01-11,6.4795,73.5,1097.39,1.3293,30.14,28.0,5.4809,20.076
2021-01-12,6.461,73.26,1099.57,1.327,30.12,28.0,5.4166,19.927
2021-01-13,6.4677,73.07,1098.31,1.3262,30.02,28.01,5.2938,19.788
2021-01-14,6.4736,73.11,1098.37,1.324,29.97,28.01,5.2304,19.723
2021-01-15,6.48,73.08,1099.39,1.3287,30.07,28.02,5.2589,19.747
2021-01-19,6.4777,73.2,1102.14,1.3287,29.99,28.02,5.333,19.6642
2021-01-21,6.4595,72.96,1097.91,1.3236,29.93,27.97,5.3753,19.727
2021-01-22,6.481,72.98,1105.5,1.3271,29.99,27.96,5.4518,19.925
2021-01-25,6.4784,73.01,1101.02,1.3282,29.99,27.99,5.4665,20.14
2021-01-26,6.4635,72.9,1103.26,1.3255,29.95,28.02,5.3682,20.08
2021-01-27,6.4822,73.05,1104.09,1.3285,30.0,28.0,5.4139,20.22
2021-01-28,6.4491,72.91,1111.95,1.3289,29.96,28.03,5.3992,20.23
2021-01-29,6.4282,72.84,1118.35,1.3279,29.89,28.01,5.4479,20.255
2021-02-01,6.4669,73.11,1116.48,1.3326,30.0,27.99,5.4746,20.356
2021-02-02,6.457,72.95,1115.88,1.3331,30.01,27.96,5.3704,20.151
2021-02-03,6.4614,72.84,1114.47,1.333,30.0,27.94,5.3624,20.217
2021-02-04,6.4715,72.93,1120.02,1.337,30.09,27.98,5.4236,20.457
2021-02-05,6.4664,72.85,1123.7,1.3349,30.04,27.95,5.3522,20.13
2021-02-08,6.4475,72.9,1119.22,1.3329,29.98,27.99,5.3153,20.112
2021-02-09,6.4344,72.83,1116.42,1.3272,29.92,27.97,5.4261,20.097
2021-02-10,6.4576,72.82,1106.9,1.3256,29.89,28.0,5.3601,20.05
2021-02-11,6.4567,72.69,1102.7,1.3252,29.86,27.99,5.3876,19.96
2021-02-12,6.4567,72.6,1102.16,1.3241,29.87,27.99,5.3699,19.93
2021-02-16,6.4567,72.86,1099.61,1.3269,29.94,27.99,5.3765,20.218
2021-02-17,6.4567,72.81,1107.44,1.3289,30.02,28.0,5.4059,20.186
2021-02-18,6.4869,72.65,1108.56,1.3279,30.03,27.94,5.4391,20.436
2021-02-19,6.4555,72.5,1105.81,1.3232,29.96,27.9,5.3938,20.4
2021-02-22,6.4625,72.48,1111.56,1.3215,30.0,27.92,5.4781,20.672
2021-02-23,6.464,72.44,1110.25,1.3202,30.03,27.85,5.4267,20.604
2021-02-24,6.4556,72.38,1112.19,1.3197,30.03,27.84,5.4249,20.46
2021-02-25,6.4541,72.74,1107.73,1.3206,30.2,27.81,5.4903,20.891
2021-02-26,6.473,73.92,1123.36,1.3323,30.46,27.87,5.5724,20.935
2021-03-01,6.4648,73.4,1118.59,1.3286,30.21,27.87,5.5704,20.607
2021-03-02,6.4702,73.29,1125.61,1.3296,30.22,27.87,5.711,20.624
2021-03-03,6.4675,72.85,1123.96,1.331,30.32,27.76,5.7591,20.9203
2021-03-04,6.4694,72.73,1124.45,1.3305,30.39,27.83,5.5666,20.8206
2021-03-05,6.496,73.21,1124.85,1.3434,30.55,27.89,5.6912,21.277
2021-03-08,6.525,73.32,1132.64,1.3503,30.83,28.23,5.7341,21.45
2021-03-09,6.505,72.89,1140.63,1.3459,30.77,28.29,5.8084,21.258
2021-03-10,6.505,72.86,1139.85,1.3452,30.73,28.34,5.672,20.95
2021-03-11,6.4932,72.69,1135.19,1.3404,30.59,28.21,5.553,20.696
2021-03-12,6.5081,72.71,1133.09,1.3433,30.71,28.21,5.553,20.7411
2021-03-15,6.4996,72.58,1136.37,1.346,30.76,28.24,5.6539,20.742
2021-03-16,6.5052,72.52,1129.69,1.3455,30.76,28.27,5.5756,20.567
2021-03-17,6.503,72.56,1130.24,1.347,30.8,28.33,5.655,20.672
2021-03-18,6.5054,72.63,1123.51,1.3428,30.88,28.38,5.5366,20.44
2021-03-19,6.507,72.45,1130.38,1.3427,30.85,28.42,5.475,20.4971
2021-03-22,6.507,72.37,1128.19,1.3397,30.86,28.4,5.5316,20.588
2021-03-23,6.516,72.52,1128.96,1.343,30.99,28.44,5.4771,20.629
2021-03-24,6.523,72.59,1133.35,1.345,31.0,28.48,5.555,20.793
2021-03-25,6.5452,72.69,1133.31,1.3486,31.15,28.59,5.6352,20.783
2021-03-26,6.5412,72.65,1129.26,1.3454,31.15,28.59,5.7132,20.573
2021-03-29,6.5696,72.75,1133.57,1.3478,31.21,28.54,5.7778,20.585
2021-03-30,6.5716,73.45,1133.44,1.3474,31.3,28.51,5.7439,20.597
2021-03-31,6.5518,73.14,1126.72,1.3442,31.25,28.48,5.659,20.441
2021-04-01,6.5645,73.32,1131.63,1.3443,31.23,28.53,5.6887,20.3358
2021-04-02,6.5646,73.37,1127.3,1.3453,31.31,28.51,5.7075,20.305
2021-04-05,6.5649,73.29,1127.34,1.3411,31.34,28.45,5.6584,20.242
2021-04-06,6.537,73.49,1117.12,1.3393,31.29,28.44,5.6143,20.141
2021-04-07,6.5415,74.35,1116.21,1.3398,31.38,28.42,5.6062,20.18
2021-04-08,6.5505,74.57,1116.96,1.3403,31.43,28.45,5.5743,20.09
2021-04-09,6.5522,74.72,1120.84,1.3406,31.45,28.43,5.6522,20.162
2021-04-12,6.5475,75.03,1124.6,1.3413,31.5,28.44,5.6974,20.101
2021-04-13,6.5431,75.27,1125.63,1.342,31.52,28.48,5.6898,20.052
2021-04-14,6.5292,75.07,1116.43,1.3355,31.32,28.45,5.6806,20.058
2021-04-15,6.522,74.81,1115.04,1.3347,31.13,28.33,5.611,19.918
2021-04-16,6.5203,74.48,1114.93,1.334,31.18,28.34,5.6107,19.912
2021-04-19,6.5085,74.87,1115.03,1.3306,31.19,28.15,5.5687,19.811
2021-04-20,6.4981,75.38,1116.68,1.3285,31.27,28.12,5.5185,19.872
2021-04-21,6.4903,75.42,1117.8,1.3283,31.27,28.09,5.5687,19.884
2021-04-22,6.491,75.11,1117.3,1.3292,31.38,28.09,5.4971,19.874
2021-04-23,6.4945,74.97,1115.1,1.3275,31.41,28.09,5.5011,19.852
2021-04-26,6.4844,74.75,1110.88,1.3258,31.43,27.89,5.4508,19.843
2021-04-27,6.483,74.58,1109.6,1.3257,31.34,27.89,5.4342,19.974
2021-04-28,6.4771,74.49,1112.28,1.3253,31.37,27.9,5.3964,19.942
2021-04-29,6.471,74.07,1108.54,1.3264,31.23,27.85,5.3624,20.109
2021-04-30,6.4749,74.0,1115.58,1.3298,31.16,27.9,5.4194,20.169
2021-05-03,6.4749,73.82,1122.88,1.3296,31.14,27.93,5.3857,20.2
2021-05-04,6.4749,73.8,1122.05,1.3371,31.2,27.98,5.449,20.256
2021-05-05,6.4749,73.81,1125.82,1.3353,31.14,27.96,5.3648,20.216
2021-05-06,6.4635,73.64,1121.94,1.3342,31.24,27.95,5.2804,20.177
2021-05-07,6.431,73.27,1121.06,1.3237,31.07,27.89,5.214,19.901
2021-05-10,6.4156,73.41,1112.28,1.3233,31.07,27.77,5.2244,19.87
2021-05-11,6.4285,73.39,1119.38,1.3251,31.18,27.92,5.2124,19.855
2021-05-12,6.4566,73.53,1124.33,1.3334,31.29,27.95,5.2529,20.116
2021-05-13,6.4506,73.48,1130.35,1.3339,31.33,27.95,5.2793,20.046
2021-05-14,6.4367,73.23,1126.76,1.3326,31.35,27.96,5.2574,19.86
2021-05-17,6.4388,73.3,1136.03,1.3353,31.49,28.09,5.2594,19.8
2021-05-18,6.425,73.04,1129.67,1.3305,31.42,27.96,5.2359,19.828
2021-05-19,6.4342,73.2,1128.18,1.3316,31.38,27.98,5.265,19.8
2021-05-20,6.4339,73.03,1127.74,1.3308,31.37,27.96,5.2831,19.877
2021-05-21,6.4339,72.82,1126.59,1.3317,31.36,27.97,5.3235,19.94
2021-05-24,6.4177,72.86,1125.28,1.3291,31.35,27.93,5.3223,19.863
2021-05-25,6.41,72.78,1123.21,1.3266,31.34,27.9,5.306,19.888
2021-05-26,6.3905,72.71,1117.63,1.3245,31.23,27.78,5.3062,19.894
2021-05-27,6.3824,72.59,1117.47,1.3246,31.28,27.8,5.2642,19.97
2021-05-28,6.3674,72.42,1114.48,1.3226,31.24,27.7,5.2187,19.93
2021-06-01,6.3796,72.83,1106.43,1.3215,31.17,27.56,5.1631,19.897
2021-06-02,6.3805,72.97,1110.37,1.3221,31.11,27.63,5.0743,19.895
2021-06-03,6.4036,73.01,1117.63,1.3278,31.21,27.68,5.0777,20.065
2021-06-04,6.3945,72.87,1112.03,1.324,31.17,27.66,5.067,19.927
2021-06-07,6.3963,72.8,1111.01,1.3226,31.2,27.73,5.019,19.78
2021-06-08,6.4,72.93,1116.43,1.324,31.21,27.71,5.0383,19.772
2021-06-09,6.3865,72.98,1116.58,1.3246,31.15,27.73,5.0651,19.686
2021-06-10,6.3929,73.1,1114.17,1.3239,31.15,27.66,5.0672,19.675
2021-06-11,6.3967,73.24,1116.57,1.3264,31.08,27.69,5.1299,19.961
2021-06-14,6.3979,73.16,1117.57,1.3265,31.12,27.69,5.0567,19.915
2021-06-15,6.4052,73.35,1118.33,1.3283,31.17,27.67,5.0911,20.169
2021-06-16,6.3969,73.31,1118.42,1.3261,31.17,27.64,4.9991,20.044
2021-06-17,6.4477,74.16,1130.14,1.3427,31.42,27.78,5.0244,20.468
2021-06-18,6.4525,74.14,1135.28,1.3445,31.48,27.81,5.0405,20.671
2021-06-21,6.4659,74.18,1134.19,1.3439,31.65,27.93,5.0306,20.597
2021-06-22,6.4811,74.37,1137.07,1.3457,31.73,28.01,4.9994,20.583
2021-06-23,6.4727,74.13,1133.89,1.3442,31.82,27.96,4.9518,20.26
2021-06-24,6.4701,74.14,1131.5,1.3437,31.9,27.98,4.9169,20.044
2021-06-25,6.4545,74.14,1127.36,1.3421,31.77,27.91,4.9245,19.793
2021-06-28,6.4555,74.29,1130.29,1.3422,31.92,27.89,4.9451,19.78
2021-06-29,6.4635,74.29,1131.68,1.3453,32.08,27.93,4.9378,19.802
2021-06-30,6.4566,74.33,1130.42,1.3453,32.06,27.91,5.0083,19.906
2021-07-01,6.4679,74.56,1134.37,1.3481,32.08,27.91,5.0339,19.987
2021-07-02,6.4721,74.51,1132.42,1.3482,32.1,27.94,5.0431,19.844
2021-07-06,6.4786,74.58,1137.17,1.3478,32.26,28.0,5.1803,19.984
2021-07-07,6.4718,74.81,1141.26,1.3483,32.32,28.01,5.2678,19.987
2021-07-08,6.4898,74.76,1147.96,1.3525,32.52,28.01,5.2336,19.965
2021-07-09,6.4788,74.53,1145.08,1.352,32.52,27.98,5.2579,19.881
2021-07-12,6.4751,74.56,1146.29,1.3516,32.69,28.0,5.1939,19.844
2021-07-13,6.4685,74.51,1146.29,1.3538,32.6,28.0,5.1544,19.991
2021-07-14,6.4688,74.54,1147.43,1.3543,32.65,27.99,5.0861,19.892
2021-07-15,6.46,74.55,1141.21,1.3545,32.67,27.89,5.118,19.928
2021-07-16,6.4785,74.61,1139.35,1.356,32.79,27.98,5.0922,19.838
2021-07-19,6.4893,74.85,1147.17,1.3628,32.84,28.05,5.21,20.0
2021-07-20,6.4845,74.6,1150.45,1.3673,32.83,28.06,5.219,20.147
2021-07-21,6.4664,74.49,1153.03,1.3635,32.83,28.06,5.2313,20.153
2021-07-22,6.47,74.46,1149.99,1.3596,32.88,28.02,5.2071,20.1934
2021-07-23,6.4808,74.44,1153.53,1.3602,32.95,28.03,5.1766,20.03
2021-07-26,6.4825,74.35,1154.75,1.3578,32.92,28.06,5.172,20.01
2021-07-27,6.5104,74.5,1156.32,1.3599,32.92,28.08,5.1603,19.975
2021-07-28,6.4905,74.52,1156.27,1.3588,32.87,28.0,5.1547,19.941
2021-07-29,6.4562,74.25,1142.09,1.3529,32.85,27.91,5.0497,19.859
2021-07-30,6.4609,74.34,1151.86,1.3539,32.9,27.96,5.1411,19.846
2021-08-02,6.462,74.35,1150.72,1.3529,32.94,27.92,5.1251,19.856
2021-08-03,6.47,74.25,1149.45,1.3521,33.02,27.9,5.2362,19.896
2021-08-04,6.4655,74.15,1142.99,1.351,33.14,27.77,5.2362,19.969
2021-08-05,6.4608,74.1,1142.53,1.3507,33.26,27.76,5.175,19.9252
2021-08-06,6.4825,74.19,1145.87,1.3546,33.41,27.86,5.2236,20.018
2021-08-09,6.4857,74.31,1145.83,1.3566,33.45,27.81,5.2861,20.067
2021-08-10,6.4852,74.5,1152.5,1.359,33.46,27.84,5.1931,20.086
2021-08-11,6.4783,74.25,1156.09,1.3563,33.18,27.84,5.203,19.956
2021-08-12,6.4782,74.31,1162.78,1.3573,33.08,27.79,5.2352,19.891
2021-08-13,6.4768,74.24,1168.36,1.355,33.3,27.84,5.2345,19.862
2021-08-16,6.4742,74.19,1166.78,1.3552,33.39,27.84,5.2466,19.885
2021-08-17,6.4854,74.38,1177.08,1.3623,33.37,27.85,5.2538,19.983
2021-08-18,6.4841,74.27,1170.18,1.3609,33.32,27.84,5.3421,20.011
2021-08-19,6.4942,74.38,1173.89,1.3632,33.34,27.98,5.4027,20.111
2021-08-20,6.5012,74.35,1180.4,1.3624,33.36,28.03,5.399,20.425
2021-08-23,6.4805,74.12,1169.73,1.3572,33.26,27.97,5.384,20.364
2021-08-24,6.471,74.13,1165.43,1.355,32.89,27.92,5.2771,20.318
2021-08-25,6.4756,74.23,1164.24,1.3535,32.82,27.91,5.247,20.266
2021-08-26,6.4809,74.13,1169.88,1.3536,32.76,27.92,5.2428,20.357
2021-08-27,6.4711,73.47,1162.5,1.3455,32.55,27.87,5.1956,20.202
2021-08-30,6.4658,73.29,1166.33,1.3447,32.46,27.78,5.1921,20.127
2021-08-31,6.4604,72.95,1158.32,1.3457,32.27,27.66,5.1405,20.074
2021-09-01,6.4586,72.99,1156.03,1.3433,32.29,27.7,5.1809,19.964
2021-09-02,6.456,72.99,1160.95,1.343,32.44,27.66,5.164,19.967
2021-09-03,6.4528,72.98,1155.44,1.3417,32.47,27.61,5.1692,19.889
2021-09-07,6.4662,73.44,1162.88,1.3453,32.68,27.64,5.1692,19.944
2021-09-08,6.4612,73.84,1166.21,1.346,32.75,27.72,5.2843,19.937
2021-09-09,6.4547,73.52,1169.61,1.3422,32.71,27.67,5.2764,19.93
2021-09-10,6.444,73.52,1169.63,1.3405,32.69,27.65,5.2169,19.864
2021-09-13,6.4511,73.58,1173.33,1.3418,32.85,27.67,5.2073,19.868
2021-09-14,6.4382,73.64,1170.71,1.3418,32.91,27.69,5.2235,19.898
2021-09-15,6.432,73.47,1168.58,1.3415,32.9,27.67,5.255,19.898
2021-09-16,6.4566,73.56,1171.23,1.3454,33.15,27.75,5.2535,19.937
2021-09-17,6.4655,73.64,1175.34,1.3479,33.3,27.77,5.295,19.9841
2021-09-20,6.4651,73.65,1186.73,1.3514,33.35,27.85,5.3266,20.161
2021-09-21,6.4651,73.71,1185.15,1.3523,33.36,27.76,5.2895,20.117
2021-09-22,6.4611,73.8,1182.41,1.3504,33.44,27.75,5.2715,20.013
2021-09-23,6.459,73.7,1173.48,1.3483,33.4,27.75,5.2917,20.025
2021-09-24,6.466,73.81,1176.53,1.3534,33.4,27.73,5.3404,20.094
2021-09-27,6.456,73.86,1175.9,1.3537,33.57,27.7,5.3571,20.0935
2021-09-28,6.4595,74.21,1183.61,1.3572,33.84,27.73,5.4279,20.331
2021-09-29,6.4702,74.28,1181.75,1.3603,33.95,27.83,5.4062,20.491
2021-09-30,6.4434,74.16,1183.7,1.358,33.65,27.84,5.4528,20.562
2021-10-01,6.4434,74.15,1187.24,1.3548,33.64,27.81,5.3674,20.491
2021-10-04,6.4434,74.46,1182.4,1.3571,33.75,27.94,5.4333,20.534
2021-10-05,6.4434,74.51,1188.31,1.3563,33.82,27.91,5.4633,20.562
2021-10-06,6.4434,74.82,1192.6,1.3601,33.83,27.97,5.513,20.646
2021-10-07,6.4434,74.85,1190.76,1.3577,33.75,27.99,5.5073,20.593
2021-10-08,6.4435,75.05,1194.58,1.3546,33.85,28.08,5.5178,20.746
2021-10-12,6.4485,75.46,1198.72,1.3562,33.3,28.13,5.532,20.768
2021-10-13,6.4262,75.33,1193.89,1.353,33.2,28.07,5.5525,20.648
2021-10-14,6.438,75.18,1186.3,1.3485,33.16,28.05,5.5048,20.592
2021-10-15,6.434,74.98,1182.34,1.3484,33.39,27.99,5.4457,20.452
2021-10-18,6.429,75.32,1187.55,1.3491,33.44,27.98,5.5211,20.316
2021-10-19,6.3822,75.06,1175.32,1.3447,33.35,27.83,5.5525,20.267
2021-10-20,6.3936,74.83,1175.05,1.3433,33.39,27.87,5.5476,20.169
2021-10-21,6.3925,74.8,1177.25,1.346,33.37,27.86,5.6455,20.269
2021-10-22,6.3839,74.87,1176.85,1.3491,33.36,27.89,5.7223,20.212
2021-10-25,6.3856,75.05,1167.59,1.3468,33.05,27.87,5.6009,20.211
2021-10-26,6.382,74.9,1167.58,1.3479,33.22,27.78,5.5833,20.219
2021-10-27,6.3915,75.01,1171.19,1.3481,33.27,27.82,5.5812,20.22
2021-10-28,6.3917,74.77,1167.34,1.3437,33.18,27.78,5.612,20.332
2021-10-29,6.405,75.0,1174.94,1.3489,33.35,27.83,5.6291,20.551
2021-11-01,6.3972,74.83,1177.73,1.3479,33.28,27.85,5.6795,20.851
2021-11-02,6.3995,74.63,1177.04,1.349,33.25,27.86,5.6795,20.75
2021-11-03,6.4061,74.51,1184.56,1.3502,33.42,27.85,5.6188,20.827
2021-11-04,6.397,74.53,1186.77,1.3511,33.35,27.88,5.5877,20.629
2021-11-05,6.3961,74.22,1183.28,1.35,33.21,27.87,5.5335,20.425
2021-11-08,6.3902,73.91,1180.64,1.3469,32.92,27.85,5.5455,20.336
2021-11-09,6.3916,74.1,1178.64,1.3477,32.76,27.78,5.502,20.28
2021-11-10,6.3882,74.26,1181.16,1.3515,32.76,27.75,5.4709,20.468
2021-11-12,6.3787,74.4,1179.23,1.3521,32.74,27.82,5.4341,20.519
2021-11-15,6.3824,74.35,1181.61,1.3516,32.69,27.8,5.4575,20.627
2021-11-16,6.3919,74.48,1183.3,1.3562,32.74,27.78,5.498,20.823
2021-11-17,6.3775,74.28,1182.4,1.3572,32.64,27.81,5.5082,20.691
2021-11-18,6.3851,74.25,1183.42,1.3569,32.59,27.83,5.5485,20.727
2021-11-19,6.3863,74.25,1184.93,1.3592,32.79,27.78,5.5728,20.799
2021-11-22,6.3842,74.37,1185.33,1.3632,32.97,27.8,5.586,20.972
2021-11-23,6.391,74.49,1190.31,1.3656,33.13,27.78,5.6485,21.239
2021-11-24,6.3917,74.57,1186.01,1.3678,33.37,27.78,5.5937,21.397
2021-11-26,6.3924,74.89,1194.43,1.3708,33.73,27.84,5.5903,21.853
2021-11-29,6.3875,75.12,1192.96,1.3711,33.71,27.78,5.6233,21.73
2021-11-30,6.364,75.1,1187.45,1.3689,33.78,27.69,5.6569,21.453
2021-12-01,6.3641,74.83,1187.45,1.3631,33.66,27.69,5.6355,21.305
2021-12-02,6.3763,74.89,1175.18,1.3684,33.88,27.74,5.6272,21.309
2021-12-03,6.3758,75.24,1179.84,1.3713,33.87,27.71,5.6773,21.439
2021-12-06,6.3756,75.39,1182.29,1.3691,33.83,27.73,5.682,21.222
2021-12-07,6.3657,75.43,1179.24,1.367,33.64,27.75,5.6294,21.047
2021-12-08,6.3435,75.4,1175.19,1.3621,33.42,27.72,5.5395,20.959
2021-12-09,6.3772,75.58,1173.59,1.3652,33.55,27.71,5.5838,21.012
2021-12-10,6.3685,75.66,1180.99,1.363,33.57,27.73,5.5991,20.873
2021-12-13,6.3659,75.78,1184.19,1.3674,33.42,27.78,5.6598,20.954
2021-12-14,6.3671,75.98,1182.7,1.37,33.43,27.8,5.6713,21.198
2021-12-15,6.3673,76.38,1186.06,1.369,33.45,27.82,5.7099,21.23
2021-12-16,6.3674,76.18,1183.59,1.3634,33.39,27.8,5.6652,20.872
2021-12-17,6.3748,75.98,1181.03,1.364,33.31,27.82,5.6754,20.731
2021-12-20,6.3756,75.82,1191.07,1.3664,33.61,27.87,5.722,20.738
2021-12-21,6.3716,75.67,1192.35,1.3655,33.71,27.81,5.7475,20.806
2021-12-22,6.3695,75.45,1190.21,1.3624,33.68,27.81,5.7017,20.749
2021-12-23,6.3696,75.02,1187.59,1.3591,33.5,27.74,5.6821,20.648
2021-12-27,6.3705,74.97,1186.82,1.3568,33.51,27.66,5.6401,20.676
2021-12-28,6.3684,74.67,1188.15,1.3541,33.52,27.64,5.6372,20.581
2021-12-29,6.368,74.58,1185.51,1.3519,33.49,27.64,5.6915,20.583
2021-12-30,6.3726,74.39,1188.59,1.352,33.33,27.74,5.5749,20.514
2022-01-03,6.355,74.32,1191.39,1.3533,33.32,27.62,5.6597,20.57
2022-01-04,6.3721,74.52,1193.77,1.3554,33.26,27.52,5.677,20.501
2022-01-05,6.364,74.31,1196.38,1.3543,33.15,27.6,5.6876,20.439
2022-01-06,6.3822,74.4,1205.02,1.3604,33.58,27.64,5.7027,20.435
2022-01-07,6.3769,74.27,1200.78,1.3557,33.59,27.66,5.6253,20.397
2022-01-10,6.3756,74.06,1199.13,1.356,33.63,27.67,5.6788,20.455
2022-01-11,6.3735,73.81,1194.62,1.351,33.33,27.69,5.598,20.353
2022-01-12,6.358,73.77,1187.34,1.3467,33.29,27.67,5.5541,20.367
2022-01-13,6.3595,73.96,1187.95,1.3449,33.23,27.61,5.5122,20.36
2022-01-14,6.3524,74.08,1186.96,1.3478,33.19,27.58,5.5393,20.316
2022-01-18,6.3525,74.56,1192.74,1.3504,33.09,27.58,5.5329,20.378
2022-01-19,6.3447,74.39,1188.51,1.3472,32.92,27.62,5.4668,20.47
2022-01-20,6.3406,74.32,1191.96,1.344,32.82,27.62,5.4052,20.423
2022-01-21,6.3385,74.28,1193.87,1.3438,32.96,27.7,5.4225,20.468
2022-01-24,6.3304,74.72,1195.68,1.3477,33.08,27.74,5.5116,20.659
2022-01-25,6.3257,74.73,1198.66,1.3446,32.99,27.71,5.4818,20.677
2022-01-26,6.3206,74.87,1197.46,1.3449,33.04,27.73,5.4366,20.648
2022-01-27,6.3677,75.18,1202.65,1.353,33.3,27.83,5.4252,20.76
2022-01-28,6.3605,75.0,1209.04,1.3554,33.42,27.83,5.3943,20.834
2022-01-31,6.361,74.6,1206.78,1.3514,33.26,27.82,5.2893,20.637
2022-02-01,6.361,74.78,1209.44,1.3494,33.26,27.83,5.2812,20.569
2022-02-02,6.361,74.77,1201.7,1.3475,33.14,27.81,5.2787,20.5898
2022-02-03,6.361,74.71,1206.35,1.3437,33.1,27.83,5.3047,20.554
2022-02-04,6.361,74.61,1199.43,1.3453,33.01,27.83,5.3266,20.718
2022-02-07,6.361,74.68,1198.64,1.3439,32.96,27.86,5.2922,20.644
2022-02-08,6.366,74.71,1198.05,1.3449,32.86,27.79,5.2712,20.636
2022-02-09,6.3619,74.8,1196.36,1.3415,32.69,27.8,5.2641,20.5
2022-02-10,6.3526,75.07,1196.31,1.3409,32.57,27.82,5.1978,20.433
2022-02-11,6.354,75.34,1198.72,1.3436,32.65,27.83,5.2015,20.406
2022-02-14,6.3567,75.63,1196.21,1.3475,32.45,27.89,5.2153,20.402
2022-02-15,6.3385,75.2,1199.78,1.3445,32.39,27.87,5.1807,20.363
2022-02-16,6.3366,75.03,1197.51,1.3434,32.28,27.84,5.1584,20.312
2022-02-17,6.3381,75.02,1197.39,1.343,32.1,27.86,5.1599,20.285
2022-02-18,6.3251,74.63,1195.4,1.3458,32.17,27.85,5.1219,20.299
2022-02-22,6.326,74.65,1192.07,1.345,32.39,27.84,5.0611,20.282
2022-02-23,6.3134,74.6,1193.42,1.3454,32.29,27.86,5.0181,20.245
2022-02-24,6.3283,75.61,1202.34,1.358,32.81,28.13,5.1248,20.643
2022-02-25,6.3169,75.09,1201.93,1.3536,32.51,27.98,5.1515,20.415
2022-02-28,6.3084,75.49,1202.28,1.3549,32.69,28.04,5.1599,20.403
2022-03-01,6.3116,75.79,1204.34,1.358,32.72,28.02,5.1595,20.579
2022-03-02,6.321,75.61,1205.58,1.3558,32.52,28.04,5.1511,20.619
2022-03-03,6.3195,75.94,1204.35,1.358,32.62,28.06,5.0551,20.714
2022-03-04,6.3188,76.42,1213.71,1.3609,32.72,28.16,5.0867,20.936
2022-03-07,6.3194,76.91,1226.78,1.3618,32.96,28.25,5.0841,21.236
2022-03-08,6.3178,77.07,1237.18,1.3652,33.2,28.36,5.0874,21.396
2022-03-09,6.3174,76.36,1234.01,1.3574,33.02,28.41,4.9932,20.952
2022-03-10,6.3212,76.37,1228.21,1.3584,33.12,28.28,5.0424,20.974
2022-03-11,6.3389,76.48,1231.47,1.3615,33.29,28.41,5.0513,20.964
2022-03-14,6.3645,76.45,1241.46,1.3639,33.41,28.47,5.0834,20.906
2022-03-15,6.3696,76.41,1242.65,1.366,33.54,28.58,5.1424,20.885
2022-03-16,6.351,76.17,1228.04,1.3605,33.39,28.57,5.1083,20.728
2022-03-17,6.3459,75.94,1214.33,1.3539,33.21,28.36,5.0427,20.551
2022-03-18,6.3609,76.03,1212.2,1.356,33.31,28.35,5.0165,20.404
2022-03-21,6.3552,76.19,1216.12,1.355,33.51,28.46,4.9477,20.286
2022-03-22,6.366,76.06,1217.09,1.3573,33.5,28.54,4.9365,20.265
2022-03-23,6.372,76.46,1217.92,1.3574,33.61,28.59,4.8479,20.17
2022-03-24,6.367,76.18,1220.45,1.3574,33.52,28.61,4.8202,20.12
2022-03-25,6.3658,76.25,1218.77,1.3582,33.59,28.67,4.7577,19.94
2022-03-28,6.3714,76.06,1225.46,1.361,33.78,28.78,4.7917,20.14
2022-03-29,6.3635,75.58,1219.21,1.3554,33.49,28.78,4.7554,20.012
2022-03-30,6.347,75.76,1208.46,1.3528,33.32,28.55,4.7695,19.833
2022-03-31,6.3393,75.87,1211.55,1.3539,33.26,28.62,4.7264,19.911
2022-04-01,6.3625,75.96,1215.29,1.3568,33.42,28.68,4.6944,19.837
2022-04-04,6.3619,75.42,1214.72,1.3565,33.45,28.63,4.6195,19.745
2022-04-05,6.3619,75.31,1212.55,1.3585,33.51,28.67,4.6592,19.932
2022-04-06,6.359,75.92,1212.55,1.3592,33.57,28.67,4.6892,20.045
2022-04-07,6.36,75.9,1218.96,1.3612,33.48,28.82,4.7619,20.16
2022-04-08,6.3643,75.93,1225.13,1.3631,33.56,28.94,4.7495,20.077
2022-04-11,6.3692,75.85,1233.38,1.3656,33.62,29.07,4.7031,20.01
2022-04-12,6.3651,76.02,1236.03,1.3623,33.49,29.12,4.6705,19.841
2022-04-13,6.3678,76.14,1227.17,1.3636,33.48,29.01,4.684,19.802
2022-04-14,6.3775,76.19,1224.18,1.3577,33.7,28.99,4.707,19.99
2022-04-15,6.3705,76.32,1227.97,1.3571,33.61,29.12,4.6965,19.953
2022-04-18,6.363,76.22,1233.73,1.3617,33.7,29.22,4.6772,19.9311
2022-04-19,6.393,76.39,1236.53,1.3671,33.79,29.22,4.6689,20.05
2022-04-20,6.4188,76.24,1235.28,1.3633,33.78,29.23,4.6171,19.999
2022-04-21,6.45,76.23,1238.13,1.3631,33.89,29.29,4.622,20.165
2022-04-22,6.501,76.49,1239.66,1.3703,33.98,29.32,4.7675,20.312
2022-04-25,6.5585,76.72,1249.87,1.3759,34.11,29.33,4.941,20.256
2022-04-26,6.5552,76.61,1260.37,1.3775,34.28,29.29,4.985,20.434
2022-04-27,6.5595,76.61,1269.35,1.3807,34.38,29.39,5.0058,20.448
2022-04-28,6.6243,76.66,1271.5,1.388,34.48,29.52,4.9973,20.561
2022-04-29,6.608,76.48,1255.87,1.3818,34.26,29.43,4.9325,20.359
2022-05-02,6.6079,76.49,1265.24,1.3856,34.46,29.43,5.0275,20.431
2022-05-03,6.6079,76.49,1267.82,1.3837,34.35,29.48,4.9999,20.346
2022-05-04,6.6079,76.24,1265.22,1.3815,34.31,29.53,4.9962,20.226
2022-05-05,6.6535,76.54,1256.05,1.3867,34.39,29.69,5.0481,20.291
2022-05-06,6.6651,76.9,1272.58,1.3845,34.3,29.68,5.0626,20.111
2022-05-09,6.7295,77.45,1276.29,1.3901,34.55,29.78,5.1235,20.302
2022-05-10,6.7343,77.31,1275.02,1.3907,34.62,29.71,5.151,20.403
2022-05-11,6.7186,77.28,1275.04,1.387,34.59,29.69,5.1042,20.254
2022-05-12,6.786,77.39,1288.65,1.3969,34.71,29.84,5.1368,20.306
2022-05-13,6.788,77.42,1283.51,1.3932,34.73,29.79,5.0801,20.127
2022-05-16,6.7852,77.82,1284.79,1.3938,34.72,29.77,5.0645,20.057
2022-05-17,6.7361,77.46,1274.33,1.3854,34.54,29.67,4.9546,19.973
2022-05-18,6.754,77.71,1266.36,1.3874,34.59,29.74,4.972,19.993
2022-05-19,6.7109,77.45,1276.91,1.3796,34.4,29.76,4.9035,19.925
2022-05-20,6.6921,77.79,1267.87,1.3804,34.39,29.61,4.8618,19.863
2022-05-23,6.649,77.51,1263.85,1.3739,34.14,29.6,4.7934,19.828
2022-05-24,6.653,77.5,1265.97,1.3713,34.07,29.59,4.8275,19.879
2022-05-25,6.6916,77.58,1264.58,1.3769,34.34,29.5,4.8498,19.837
2022-05-26,6.738,77.66,1267.83,1.3739,34.24,29.44,4.7824,19.801
2022-05-27,6.698,77.58,1250.13,1.3692,34.1,29.3,4.7255,19.575
2022-05-31,6.6715,77.59,1236.93,1.3695,34.27,28.99,4.7264,19.68
2022-06-01,6.6858,77.59,1246.52,1.3752,34.34,29.19,4.8003,19.75
2022-06-02,6.6596,77.41,1252.03,1.3716,34.25,29.34,4.779,19.555
2022-06-03,6.6595,77.59,1242.23,1.3763,34.36,29.34,4.7973,19.601
2022-06-06,6.6534,77.83,1253.52,1.3756,34.37,29.37,4.7974,19.594
2022-06-07,6.6675,77.66,1255.32,1.3744,34.43,29.49,4.8848,19.601
2022-06-08,6.6825,77.65,1253.5,1.3746,34.5,29.5,4.8714,19.57
2022-06-09,6.6915,77.84,1256.91,1.3805,34.54,29.57,4.888,19.612
2022-06-10,6.7081,78.08,1268.01,1.3869,34.74,29.56,4.9947,19.914
2022-06-13,6.753,78.08,1283.69,1.3916,34.93,29.74,5.0988,20.411
2022-06-14,6.7395,78.01,1285.87,1.3931,35.03,29.66,5.1353,20.671
2022-06-15,6.7128,78.12,1290.05,1.3928,34.97,29.72,5.1117,20.661
2022-06-16,6.703,78.0,1286.76,1.3843,35.09,29.77,5.0535,20.541
2022-06-17,6.716,78.0,1287.36,1.3896,35.25,29.73,5.142,20.429
2022-06-21,6.688,78.08,1293.25,1.3849,35.33,29.71,5.1333,20.195
2022-06-22,6.6983,78.21,1297.21,1.3872,35.34,29.81,5.1563,20.047
2022-06-23,6.698,78.14,1300.86,1.3901,35.46,29.75,5.2021,20.012
2022-06-24,6.6878,78.25,1298.71,1.3864,35.46,29.72,5.2363,19.906
2022-06-27,6.6899,78.45,1286.2,1.384,35.37,29.61,5.2078,19.879
2022-06-28,6.707,78.97,1290.18,1.3872,35.15,29.67,5.2531,19.983
2022-06-29,6.6997,78.91,1298.39,1.3919,35.19,29.67,5.2386,20.163
2022-06-30,6.6981,79.02,1298.95,1.3903,35.32,29.74,5.2196,20.118
2022-07-01,6.7,78.89,1297.18,1.3974,35.62,29.78,5.3083,20.318
2022-07-05,6.7192,79.27,1299.69,1.4063,35.96,29.83,5.3903,20.551
2022-07-06,6.707,79.02,1307.1,1.4059,36.23,29.8,5.4558,20.694
2022-07-07,6.7005,79.12,1299.51,1.4007,36.07,29.78,5.352,20.599
2022-07-08,6.6945,79.25,1299.51,1.3985,36.07,29.75,5.2961,20.444
2022-07-11,6.7175,79.46,1308.9,1.4035,36.23,29.83,5.3432,20.735
2022-07-12,6.7234,79.45,1311.91,1.4059,36.18,29.9,5.4192,20.749
2022-07-13,6.7175,79.68,1306.65,1.4045,36.16,29.82,5.3764,20.725
2022-07-14,6.7542,79.94,1311.76,1.4028,36.59,29.89,5.4237,20.858
2022-07-15,6.7565,79.74,1321.15,1.3993,36.6,29.93,5.384,20.578
2022-07-18,6.742,79.99,1316.7,1.3958,36.62,29.89,5.373,20.389
2022-07-19,6.743,79.88,1313.52,1.3914,36.61,29.88,5.394,20.464
2022-07-20,6.754,79.96,1313.1,1.3919,36.66,29.92,5.4325,20.469
2022-07-21,6.7655,79.85,1307.58,1.3921,36.79,29.91,5.497,20.663
2022-07-22,6.75,79.83,1312.82,1.3867,36.62,29.9,5.4558,20.502
2022-07-25,6.7499,79.79,1313.27,1.3864,36.72,29.91,5.4015,20.464
2022-07-26,6.7616,79.82,1308.33,1.3895,36.7,29.96,5.3699,20.472
2022-07-27,6.757,79.92,1313.14,1.3882,36.86,29.95,5.2962,20.507
2022-07-28,6.7465,79.64,1299.69,1.3809,36.49,29.95,5.215,20.383
2022-07-29,6.7433,79.33,1299.08,1.3812,36.37,29.91,5.181,20.363
2022-08-01,6.7674,78.93,1304.18,1.3761,36.11,29.98,5.1508,20.251
2022-08-02,6.7499,78.49,1304.89,1.38,36.07,29.97,5.242,20.52
2022-08-03,6.7565,79.13,1310.69,1.3818,36.27,29.98,5.2693,20.553
2022-08-04,6.7485,79.23,1310.2,1.3772,35.86,30.0,5.2165,20.328
2022-08-05,6.7607,79.36,1298.22,1.3819,35.79,29.94,5.1987,20.394
2022-08-08,6.7505,79.58,1306.11,1.3783,35.59,30.03,5.1331,20.2912
2022-08-09,6.7525,79.65,1304.5,1.3781,35.36,30.03,5.1302,20.281
2022-08-10,6.723,79.07,1310.54,1.3689,35.26,30.03,5.053,19.964
2022-08-11,6.7445,79.54,1302.72,1.3682,35.14,29.95,5.1396,19.922
2022-08-12,6.7425,79.65,1302.13,1.3716,35.31,29.98,5.086,19.869
2022-08-15,6.7715,79.48,1305.85,1.3766,35.45,30.0,5.0818,19.84
2022-08-16,6.7875,79.31,1308.54,1.379,35.43,29.98,5.1443,19.918
2022-08-17,6.7805,79.41,1310.16,1.3841,35.49,29.98,5.1705,20.067
2022-08-18,6.7855,79.66,1319.94,1.3841,35.63,30.0,5.1873,20.085
2022-08-19,6.8164,79.89,1325.5,1.3916,35.73,30.02,5.1947,20.186
2022-08-22,6.8476,79.86,1339.4,1.3984,36.16,30.16,5.1669,20.163
2022-08-23,6.8476,79.81,1339.4,1.3917,36.16,30.11,5.081,20.017
2022-08-24,6.8581,79.82,1342.05,1.3936,36.05,30.27,5.0939,19.896
2022-08-25,6.8477,79.9,1335.46,1.3904,35.85,30.24,5.116,19.944
2022-08-26,6.8715,79.87,1331.17,1.3921,36.11,30.2,5.0826,19.913
2022-08-29,6.9067,79.96,1349.8,1.3955,36.36,30.4,5.0273,20.015
2022-08-30,6.91,79.6,1346.37,1.3978,36.45,30.44,5.077,20.095
2022-08-31,6.889,79.45,1338.66,1.3954,36.51,30.38,5.187,20.086
2022-09-01,6.9066,79.65,1354.34,1.402,36.82,30.52,5.2238,20.22
2022-09-02,6.8985,79.7,1362.2,1.3988,36.6,30.59,5.172,19.927
2022-09-06,6.9532,79.86,1378.95,1.4059,36.65,30.82,5.2305,20.109
2022-09-07,6.965,79.82,1383.72,1.4072,36.58,30.9,5.248,20.026
2022-09-08,6.9562,79.71,1380.51,1.4063,36.49,30.91,5.2196,19.985
2022-09-09,6.924,79.61,1376.74,1.3985,36.37,30.92,5.1541,19.887
2022-09-12,6.9265,79.35,1377.38,1.3952,36.38,30.93,5.1562,19.8
2022-09-13,6.9245,79.49,1373.76,1.4059,36.55,31.11,5.186,20.066
2022-09-14,6.9612,79.41,1391.1,1.4052,36.6,31.11,5.1755,19.953
2022-09-15,6.9934,79.82,1393.93,1.4092,36.94,31.14,5.233,20.067
2022-09-16,6.9799,79.66,1384.48,1.4069,36.89,31.35,5.287,20.017
2022-09-19,7.005,79.71,1393.05,1.4087,36.95,31.42,5.1762,20.0
2022-09-20,7.0176,79.72,1389.86,1.4096,37.0,31.37,5.1516,19.995
2022-09-21,7.0479,79.96,1395.92,1.415,37.15,31.47,5.1806,19.995
2022-09-22,7.0772,81.0,1412.29,1.4187,37.37,31.6,5.1742,19.964
2022-09-23,7.1266,81.11,1409.42,1.428,37.56,31.82,5.237,20.176
2022-09-26,7.1384,81.6,1432.47,1.4364,37.9,31.83,5.3914,20.373
2022-09-27,7.176,81.63,1422.39,1.4379,37.96,31.7,5.3595,20.316
2022-09-28,7.199,81.61,1440.5,1.4369,37.96,31.75,5.3636,20.305
2022-09-29,7.1196,81.54,1439.15,1.4347,37.94,31.81,5.3943,20.15
2022-09-30,7.1135,81.37,1431.67,1.4347,37.73,31.78,5.4008,20.115
2022-10-03,7.1103,81.56,1434.83,1.4315,37.85,31.83,5.1823,20.033
2022-10-04,7.1103,81.45,1425.75,1.4244,37.43,31.73,5.1523,19.97
2022-10-05,7.1103,81.5,1410.74,1.4271,37.5,31.52,5.2205,20.107
2022-10-06,7.1103,82.06,1402.33,1.4293,37.38,31.53,5.2052,20.111
2022-10-07,7.1103,82.32,1412.54,1.431,37.56,31.65,5.2151,20.03
2022-10-11,7.1639,82.22,1435.36,1.4338,38.02,31.85,5.2105,19.947
2022-10-12,7.172,82.25,1423.81,1.4356,37.97,31.84,5.2929,20.025
2022-10-13,7.17,82.28,1430.4,1.4327,38.0,31.88,5.2779,19.992
2022-10-14,7.1895,82.28,1428.06,1.426,38.28,31.95,5.298,20.068
2022-10-17,7.1946,82.16,1434.73,1.4196,38.0,31.95,5.2606,19.978
2022-10-18,7.2001,82.29,1422.19,1.4222,38.11,32.03,5.2905,20.04
2022-10-19,7.228,82.95,1426.07,1.425,38.25,32.0,5.2816,20.126
2022-10-20,7.2129,82.66,1431.63,1.4199,38.08,32.06,5.2053,20.031
2022-10-21,7.2399,82.58,1440.31,1.4175,38.09,32.17,5.175,19.898
2022-10-24,7.2629,82.68,1439.14,1.4215,38.16,32.37,5.2768,19.945
2022-10-25,7.2688,82.44,1432.46,1.4166,38.0,32.34,5.2898,19.867
2022-10-26,7.171,82.73,1425.68,1.4054,37.75,32.1,5.3228,19.866
2022-10-27,7.2239,82.36,1419.0,1.4075,37.76,31.99,5.2839,19.838
2022-10-28,7.2499,82.33,1421.67,1.4126,38.0,32.13,5.3547,19.824
2022-10-31,7.3048,82.73,1424.6,1.4151,38.05,32.26,5.2464,19.848
2022-11-01,7.273,82.62,1416.2,1.415,37.79,32.18,5.1073,19.735
2022-11-02,7.289,82.72,1418.31,1.4127,37.69,32.14,5.1432,19.665
2022-11-03,7.3,82.76,1423.99,1.4219,38.0,32.27,5.1005,19.675
2022-11-04,7.2996,82.03,1423.99,1.4072,38.0,32.26,5.0443,19.532
2022-11-07,7.2266,81.95,1402.05,1.4035,37.36,32.01,5.1222,19.467
2022-11-08,7.2485,81.27,1384.61,1.397,36.94,31.94,5.1422,19.464
2022-11-09,7.2401,81.25,1364.85,1.4006,36.76,31.78,5.1499,19.571
2022-11-10,7.184,80.72,1377.52,1.3857,36.23,31.51,5.3287,19.37
2022-11-14,7.071,80.98,1327.38,1.373,35.76,30.98,5.3173,19.392
2022-11-15,7.044,80.94,1317.88,1.3699,35.54,31.05,5.333,19.381
2022-11-16,7.0964,81.46,1326.46,1.3706,35.75,31.03,5.3542,19.314
2022-11-17,7.1551,81.69,1338.97,1.3774,35.97,31.09,5.4584,19.44
2022-11-18,7.1192,81.76,1339.61,1.3733,35.79,31.12,5.3757,19.487
2022-11-21,7.164,81.68,1354.87,1.3825,36.28,31.19,5.3335,19.542
2022-11-22,7.1388,81.69,1356.66,1.3794,36.14,31.16,5.3571,19.451
2022-11-23,7.158,81.71,1352.49,1.3794,36.05,31.15,5.3905,19.373
2022-11-25,7.1642,81.73,1325.22,1.3758,35.78,30.94,5.3838,19.333
2022-11-28,7.2074,81.61,1340.66,1.3761,35.75,30.99,5.368,19.308
2022-11-29,7.1568,81.61,1327.24,1.3742,35.45,30.98,5.2945,19.22
2022-11-30,7.0879,81.43,1316.84,1.3682,35.26,30.89,5.2563,19.366
2022-12-01,7.0424,81.17,1299.11,1.3548,34.8,30.6,5.1868,19.15
2022-12-02,7.019,81.41,1300.5,1.3516,34.73,30.58,5.21,19.342
2022-12-05,6.961,81.77,1292.58,1.3567,35.03,30.48,5.2611,19.76
2022-12-06,6.9935,82.42,1319.31,1.3576,35.05,30.64,5.2415,19.845
2022-12-07,6.9702,82.31,1322.23,1.3554,34.96,30.62,5.2187,19.702
2022-12-08,6.9649,82.29,1317.56,1.3529,34.68,30.66,5.2003,19.673
2022-12-09,6.9559,82.46,1301.61,1.3505,34.68,30.61,5.2365,19.797
2022-12-12,6.9773,82.67,1307.62,1.3547,34.82,30.67,5.3344,19.821
2022-12-13,6.943,82.49,1301.47,1.347,34.58,30.63,5.269,19.641
2022-12-14,6.9498,82.5,1294.79,1.3473,34.53,30.5,5.2997,19.698
2022-12-15,6.9716,82.75,1302.91,1.3598,35.08,30.62,5.3285,19.786
2022-12-16,6.9708,82.71,1307.73,1.3581,34.87,30.72,5.2725,19.787
2022-12-19,6.9772,82.65,1302.29,1.355,34.85,30.73,5.3097,19.726
2022-12-20,6.96,82.58,1290.41,1.3504,34.69,30.68,5.2006,19.795
2022-12-21,6.981,82.81,1284.7,1.3521,34.65,30.65,5.1955,19.715
2022-12-22,6.9829,82.93,1275.68,1.3533,34.84,30.67,5.1655,19.592
2022-12-23,6.988,82.86,1280.02,1.3501,34.72,30.73,5.1368,19.43
2022-12-27,6.96,82.88,1271.0,1.3465,34.6,30.71,5.279,19.4
2022-12-28,6.9774,82.74,1267.54,1.3493,34.78,30.76,5.2675,19.398
2022-12-29,6.9625,82.83,1265.58,1.3445,34.6,30.71,5.2547,19.357
2022-12-30,6.8972,82.72,1260.18,1.3404,34.59,30.73,5.286,19.496
2023-01-03,6.9135,82.86,1271.1,1.3447,34.38,30.71,5.4257,19.421
2023-01-04,6.8875,82.72,1272.15,1.3405,33.87,30.66,5.443,19.33
2023-01-05,6.88,82.57,1268.91,1.3458,34.07,30.7,5.384,19.375
2023-01-06,6.837,82.72,1268.13,1.3373,33.67,30.72,5.2533,19.172
2023-01-09,6.77,82.36,1243.62,1.3278,33.39,30.52,5.2648,19.176
2023-01-10,6.777,81.6,1243.83,1.3321,33.47,30.46,5.2159,19.105
2023-01-11,6.77,81.6,1245.39,1.3318,33.46,30.44,5.195,19.018
2023-01-12,6.7365,81.19,1246.26,1.3244,33.16,30.44,5.112,18.875
2023-01-13,6.701,81.31,1241.59,1.3211,32.96,30.28,5.0968,18.785
2023-01-17,6.7723,81.57,1238.7,1.3202,33.01,30.29,5.0974,18.74
2023-01-18,6.7534,81.33,1237.32,1.3179,32.91,30.29,5.1288,18.748
2023-01-19,6.7738,81.28,1232.05,1.3234,33.0,30.35,5.2233,19.066
2023-01-20,6.7825,80.99,1235.57,1.3206,32.75,30.34,5.2109,18.912
2023-01-23,6.7899,81.41,1228.59,1.3193,32.79,30.3,5.1884,18.824
2023-01-24,6.7899,81.53,1234.79,1.3198,32.81,30.34,5.1405,18.841
2023-01-25,6.7899,81.49,1231.67,1.3142,32.76,30.25,5.0902,18.844
2023-01-26,6.7899,81.59,1230.95,1.3137,32.83,30.34,5.0875,18.836
2023-01-27,6.7899,81.54,1231.53,1.3129,32.8,30.22,5.0902,18.773
2023-01-30,6.7501,81.47,1227.31,1.3132,32.75,30.05,5.1024,18.77
2023-01-31,6.754,81.69,1231.95,1.3145,32.87,30.03,5.0934,18.798
2023-02-01,6.7406,81.73,1231.77,1.3119,32.93,29.81,5.0746,18.708
2023-02-02,6.7266,82.03,1220.34,1.3095,32.96,29.7,5.0138,18.618
2023-02-03,6.7733,82.21,1229.22,1.3215,33.39,29.92,5.1339,18.883
2023-02-06,6.7918,82.77,1252.61,1.3279,33.74,29.98,5.2025,19.21
2023-02-07,6.791,82.81,1255.53,1.3261,33.64,30.05,5.1868,19.03
2023-02-08,6.789,82.65,1260.03,1.3253,33.49,30.05,5.2183,18.957
2023-02-09,6.7782,82.44,1259.67,1.3231,33.5,30.07,5.2528,18.959
2023-02-10,6.8106,82.47,1264.15,1.3303,33.71,30.18,5.2528,18.708
2023-02-13,6.8198,82.72,1277.05,1.3292,33.84,30.21,5.1822,18.626
2023-02-14,6.8255,82.86,1268.93,1.3297,33.91,30.28,5.1738,18.541
2023-02-15,6.851,82.78,1282.16,1.3363,34.4,30.31,5.2172,18.601
2023-02-16,6.859,82.74,1284.33,1.3354,34.34,30.28,5.2313,18.513
2023-02-17,6.8661,82.73,1299.62,1.3371,34.47,30.39,5.1776,18.416
2023-02-21,6.87,82.85,1295.99,1.3389,34.58,30.42,5.1674,18.392
2023-02-22,6.8908,82.78,1304.31,1.3395,34.6,30.52,5.194,18.35
2023-02-23,6.9075,82.59,1296.79,1.3437,34.74,30.42,5.1386,18.435
2023-02-24,6.9545,82.97,1304.59,1.349,34.97,30.54,5.1865,18.399
2023-02-27,6.945,82.69,1322.45,1.3473,35.02,30.54,5.2031,18.408
2023-02-28,6.9325,82.57,1323.45,1.3469,35.2,30.68,5.2283,18.345
2023-03-01,6.8656,82.43,1315.15,1.3415,34.68,30.52,5.1965,18.095
2023-03-02,6.9122,82.41,1313.96,1.3482,34.8,30.63,5.2033,18.112
2023-03-03,6.9048,81.98,1300.59,1.3462,34.58,30.59,5.2067,18.013
2023-03-06,6.9295,81.77,1296.14,1.3441,34.44,30.64,5.168,18.015
2023-03-07,6.9605,81.93,1299.7,1.3525,35.04,30.74,5.1933,18.131
2023-03-08,6.9496,81.86,1320.81,1.3528,35.02,30.71,5.1251,17.949
2023-03-09,6.963,82.02,1321.58,1.3511,34.97,30.77,5.1542,18.086
2023-03-10,6.9025,81.93,1324.51,1.3505,34.74,30.75,5.1838,18.359
2023-03-13,6.8455,82.19,1300.46,1.3475,34.48,30.47,5.2382,18.77
2023-03-14,6.868,82.25,1306.13,1.3445,34.56,30.53,5.2565,18.719
2023-03-15,6.9005,82.84,1317.78,1.3518,34.58,30.71,5.3062,18.957
2023-03-16,6.8965,82.63,1312.13,1.3465,34.4,30.53,5.28,18.913
2023-03-17,6.887,82.56,1303.75,1.3422,34.07,30.54,5.2813,18.98
2023-03-20,6.877,82.55,1310.69,1.3387,34.14,30.53,5.2475,18.82
2023-03-21,6.883,82.59,1310.65,1.3383,34.43,30.52,5.2458,18.67
2023-03-22,6.8802,82.66,1307.5,1.3331,34.4,30.4,5.2594,18.527
2023-03-23,6.8188,82.07,1278.93,1.3244,34.02,30.29,5.2692,18.489
2023-03-24,6.8675,82.34,1292.57,1.332,34.2,30.3,5.2506,18.498
2023-03-27,6.8834,82.24,1301.01,1.3321,34.42,30.36,5.234,18.392
2023-03-28,6.8725,82.17,1298.26,1.3275,34.22,30.35,5.1678,18.242
2023-03-29,6.8862,82.18,1303.38,1.3292,34.2,30.47,5.1405,18.094
2023-03-30,6.87,82.34,1298.89,1.3282,34.18,30.48,5.1203,18.095
2023-03-31,6.8676,82.19,1303.8,1.3294,34.1,30.48,5.0702,18.025
2023-04-03,6.8776,82.24,1316.38,1.3277,34.18,30.48,5.0683,18.114
2023-04-04,6.878,82.33,1315.1,1.326,34.06,30.48,5.0919,18.158
2023-04-05,6.8781,81.89,1310.05,1.3272,33.94,30.53,5.038,18.308
2023-04-06,6.875,81.86,1319.1,1.3296,34.08,30.54,5.0644,18.211
2023-04-07,6.875,81.85,1319.1,1.3313,34.08,30.49,5.0565,18.135
2023-04-10,6.8807,82.01,1319.09,1.3339,34.39,30.44,5.0832,18.161
2023-04-11,6.8866,82.04,1322.04,1.3328,34.28,30.48,5.0078,18.195
2023-04-12,6.873,81.98,1325.34,1.3285,34.16,30.48,4.937,18.071
2023-04-13,6.8677,81.65,1310.68,1.3216,34.06,30.46,4.902,18.01
2023-04-14,6.869,81.88,1299.12,1.3314,34.37,30.52,4.9385,18.049
2023-04-17,6.8786,81.98,1311.36,1.3345,34.49,30.54,4.945,18.1014
2023-04-18,6.8755,82.08,1318.43,1.3332,34.3,30.51,4.9735,18.0679
2023-04-19,6.8851,82.18,1325.28,1.3347,34.45,30.57,5.0511,18.0427
2023-04-20,6.8725,82.1,1323.28,1.3318,34.3,30.58,5.0422,18.0136
2023-04-21,6.892,82.06,1327.53,1.3351,34.43,30.64,5.0486,18.01
2023-04-24,6.8958,81.9,1334.94,1.3347,34.39,30.64,5.0554,18.0074
2023-04-25,6.932,81.92,1331.93,1.3389,34.38,30.72,5.0618,18.066
2023-04-26,6.9261,81.74,1336.23,1.334,34.09,30.67,5.0487,18.1074
2023-04-27,6.922,81.84,1337.75,1.3362,34.12,30.7,5.0116,18.0706
2023-04-28,6.911,81.84,1338.41,1.3332,34.1,30.72,5.0049,17.9973
2023-05-01,6.9164,81.84,1339.65,1.3362,34.23,30.79,4.9889,17.9157
2023-05-02,6.9164,81.89,1341.0,1.3347,34.09,30.8,5.041,18.057
2023-05-03,6.9164,81.83,1337.94,1.3304,33.95,30.68,5.0133,17.896
2023-05-04,6.9094,81.73,1322.21,1.3284,33.78,30.7,5.0196,17.956
2023-05-05,6.9101,81.81,1318.38,1.3249,33.86,30.64,4.9534,17.7481
2023-05-08,6.9125,81.78,1320.49,1.3243,33.83,30.69,4.9925,17.8197
2023-05-09,6.9201,82.04,1323.59,1.3282,33.73,30.73,4.9838,17.7453
2023-05-10,6.9321,81.94,1324.48,1.3267,33.66,30.68,4.9559,17.6074
2023-05-11,6.948,82.13,1325.09,1.3316,33.83,30.78,4.958,17.612
2023-05-12,6.9575,82.17,1333.74,1.3376,33.99,30.75,4.925,17.6024
2023-05-15,6.952,82.3,1336.13,1.3363,33.77,30.81,4.9056,17.554
2023-05-16,6.9751,82.26,1338.64,1.3391,34.04,30.79,4.9139,17.4297
2023-05-17,6.9981,82.39,1337.29,1.3426,34.29,30.78,4.9416,17.5912
2023-05-18,7.0355,82.77,1333.88,1.3478,34.4,30.75,4.9641,17.7162
2023-05-19,7.006,82.65,1326.12,1.3445,34.35,30.62,4.9842,17.692
2023-05-22,7.0351,82.83,1317.77,1.3466,34.5,30.67,4.9627,17.8395
2023-05-23,7.049,82.84,1312.01,1.3467,34.6,30.73,4.9535,17.9628
2023-05-24,7.0585,82.66,1316.71,1.3492,34.62,30.84,4.9427,17.812
2023-05-25,7.0775,82.76,1325.9,1.3544,34.7,30.8,5.0147,17.8332
2023-05-26,7.063,82.58,1324.4,1.3529,34.75,30.72,5.0035,17.6647
2023-05-30,7.0792,82.67,1324.59,1.3516,34.7,30.55,5.0614,17.673
2023-05-31,7.11,82.68,1324.55,1.3552,34.71,30.74,5.1087,17.7488
2023-06-01,7.0934,82.41,1321.35,1.3474,34.58,30.75,5.0201,17.5493
2023-06-02,7.0827,82.35,1305.21,1.3482,34.74,30.66,4.9592,17.4976
2023-06-05,7.105,82.67,1308.16,1.3489,34.77,30.71,4.9171,17.464
2023-06-06,7.119,82.61,1297.93,1.3482,34.77,30.71,4.9108,17.4124
2023-06-07,7.1287,82.5,1303.62,1.3484,34.8,30.74,4.9082,17.3411
2023-06-08,7.1109,82.57,1304.26,1.3433,34.65,30.74,4.9235,17.4095
2023-06-09,7.1273,82.46,1291.46,1.3433,34.58,30.74,4.8846,17.2912
2023-06-12,7.1437,82.43,1288.61,1.3443,34.68,30.76,4.8773,17.308
2023-06-13,7.1585,82.38,1271.48,1.3416,34.65,30.67,4.8567,17.214
2023-06-14,7.148,82.1,1278.44,1.3381,34.6,30.73,4.8424,17.11
2023-06-15,7.13,82.18,1279.99,1.3368,34.62,30.68,4.8111,17.1787
2023-06-16,7.125,81.89,1272.68,1.3381,34.69,30.7,4.8309,17.0765
2023-06-20,7.1811,82.11,1280.21,1.344,34.83,30.91,4.7959,17.1908
2023-06-21,7.1779,82.04,1291.78,1.3424,34.86,30.94,4.764,17.1601
2023-06-22,7.1777,81.93,1294.75,1.3436,35.13,30.94,4.7764,17.1472
2023-06-23,7.1777,82.01,1304.19,1.3525,35.24,30.94,4.7734,17.1723
2023-06-26,7.2364,82.0,1304.88,1.3531,35.23,31.03,4.77,17.1345
2023-06-27,7.2193,81.98,1299.99,1.3487,35.26,31.02,4.8042,17.0833
2023-06-28,7.2436,82.0,1307.76,1.3523,35.55,31.08,4.8433,17.0731
2023-06-29,7.2515,82.05,1317.73,1.3551,35.6,31.06,4.8491,17.0976
2023-06-30,7.2513,82.06,1317.8,1.3523,35.3,31.14,4.8102,17.1439
2023-07-03,7.24,81.96,1308.37,1.3497,34.98,31.1,4.79,17.0578
2023-07-05,7.2465,82.34,1298.74,1.3524,34.94,31.14,4.8574,16.9966
2023-07-06,7.25,82.49,1300.85,1.3545,35.23,31.32,4.925,17.2568
2023-07-07,7.2205,82.74,1304.89,1.3465,35.08,31.24,4.8622,17.1073
2023-07-10,7.2315,82.57,1306.45,1.3455,35.11,31.37,4.8652,17.0485
2023-07-11,7.209,82.39,1293.64,1.342,34.78,31.3,4.8823,17.0853
2023-07-12,7.1656,82.03,1288.17,1.3297,34.65,31.24,4.8148,16.848
2023-07-13,7.15,82.04,1273.99,1.3235,34.58,30.94,4.8131,16.8998
2023-07-14,7.1403,82.16,1266.28,1.32,34.67,30.9,4.7988,16.8002
2023-07-17,7.1711,82.03,1267.02,1.3217,34.57,31.02,4.8249,16.8047
2023-07-18,7.1786,82.03,1260.87,1.3221,34.06,30.96,4.7985,16.7423
2023-07-19,7.226,82.09,1265.76,1.3256,34.06,31.13,4.8022,16.759
2023-07-20,7.1761,81.99,1269.26,1.3273,34.23,31.09,4.8074,16.8359
2023-07-21,7.1861,81.99,1283.71,1.3306,34.44,31.25,4.768,16.9228
2023-07-24,7.1855,81.81,1280.54,1.33,34.44,31.36,4.7309,16.8164
2023-07-25,7.134,81.87,1275.32,1.3277,34.4,31.29,4.7442,16.9099
2023-07-26,7.1503,81.99,1274.04,1.3266,34.25,31.19,4.7355,16.8769
2023-07-27,7.173,82.15,1277.23,1.3293,34.4,31.32,4.7179,16.7073
2023-07-28,7.1488,82.22,1276.69,1.3305,34.24,31.4,4.7306,16.6635
2023-07-31,7.1426,82.24,1273.85,1.3283,34.1,31.45,4.7407,16.7183
2023-08-01,7.1775,82.25,1283.84,1.3362,34.39,31.56,4.7824,16.8414
2023-08-02,7.192,82.58,1297.66,1.3416,34.49,31.64,4.814,17.043
2023-08-03,7.1651,82.74,1298.54,1.3407,34.6,31.65,4.882,17.3356
2023-08-04,7.1709,82.83,1309.49,1.3371,34.63,31.63,4.8548,17.0579
2023-08-07,7.1895,82.75,1305.94,1.3412,34.86,31.71,4.8971,17.0564
2023-08-08,7.216,82.85,1316.02,1.3481,35.01,31.85,4.9083,17.1512
2023-08-09,7.2085,82.84,1315.45,1.3468,35.06,31.77,4.902,17.076
2023-08-10,7.2165,82.69,1315.54,1.347,35.07,31.78,4.8453,16.941
2023-08-11,7.2367,82.87,1324.17,1.3526,35.12,31.87,4.8944,16.995
2023-08-14,7.2585,83.17,1330.05,1.3547,35.23,31.94,4.9555,17.0746
2023-08-15,7.2817,82.94,1335.0,1.3567,35.38,31.91,4.9753,17.1114
2023-08-16,7.2985,83.19,1336.84,1.3583,35.36,31.96,4.966,17.064
2023-08-17,7.291,83.09,1341.13,1.3587,35.51,31.95,4.9836,17.116
2023-08-18,7.28,83.14,1337.99,1.3553,35.36,31.91,4.9649,17.0598
2023-08-21,7.2865,83.1,1342.45,1.3582,35.25,31.93,4.9864,17.031
2023-08-22,7.293,82.94,1335.06,1.3575,34.99,31.98,4.937,16.9166
2023-08-23,7.2771,82.69,1339.12,1.3531,34.94,31.87,4.8789,16.7987
2023-08-24,7.2786,82.57,1321.07,1.3556,34.95,31.82,4.8825,16.818
2023-08-25,7.289,82.64,1324.11,1.3566,35.13,31.8,4.8765,16.797
2023-08-28,7.29,82.6,1323.2,1.3551,35.18,31.88,4.8931,16.7116
2023-08-29,7.2796,82.7,1321.87,1.3515,35.02,31.85,4.8566,16.8436
2023-08-30,7.2839,82.73,1323.42,1.3492,34.97,31.82,4.8592,16.7435
2023-08-31,7.2582,82.78,1322.43,1.3518,35.0,31.87,4.9324,16.881
2023-09-01,7.2606,82.69,1318.34,1.3542,35.12,31.87,4.9425,17.1523
2023-09-05,7.3018,83.03,1330.16,1.3603,35.47,31.92,4.9643,17.3392
2023-09-06,7.316,83.14,1330.87,1.364,35.58,31.95,4.969,17.549
2023-09-07,7.3287,83.21,1335.03,1.3647,35.61,32.04,4.9767,17.5396
2023-09-08,7.343,82.93,1332.83,1.3652,35.6,32.06,4.9762,17.571
2023-09-11,7.2882,83.03,1331.59,1.3604,35.51,31.97,4.9346,17.368
2023-09-12,7.2911,82.86,1327.29,1.3618,35.63,32.04,4.9423,17.2553
2023-09-13,7.27,82.93,1329.7,1.3605,35.68,31.95,4.9053,17.1055
2023-09-14,7.277,83.02,1325.88,1.3623,35.75,31.91,4.8669,17.109
2023-09-15,7.2744,83.15,1325.89,1.3627,35.71,31.89,4.8674,17.068
2023-09-18,7.2915,83.27,1323.99,1.3629,35.71,31.94,4.8469,17.1116
2023-09-19,7.2964,83.27,1328.13,1.3643,36.0,32.03,4.8586,17.0624
2023-09-20,7.287,83.07,1330.34,1.3609,35.93,32.02,4.8471,17.027
2023-09-21,7.3066,83.11,1340.08,1.3667,36.14,32.12,4.9212,17.1577
2023-09-22,7.298,82.95,1336.58,1.3646,35.92,32.12,4.9128,17.1431
2023-09-25,7.311,83.11,1336.03,1.3667,36.12,32.13,4.9637,17.3711
2023-09-26,7.31,83.24,1348.69,1.3683,36.46,32.2,4.9835,17.4958
2023-09-27,7.3105,83.18,1349.05,1.372,36.63,32.23,5.0565,17.703
2023-09-28,7.301,83.13,1356.41,1.3649,36.57,32.24,5.0357,17.599
2023-09-29,7.296,83.08,1347.86,1.3656,36.56,32.24,5.0021,17.4064
2023-10-02,7.296,83.04,1351.67,1.3728,36.94,32.21,5.077,17.5457
2023-10-03,7.296,83.22,1360.62,1.3744,37.08,32.34,5.1348,17.9134
2023-10-04,7.296,83.25,1362.94,1.3702,36.89,32.35,5.1362,17.9505
2023-10-05,7.296,83.24,1350.22,1.369,37.03,32.28,5.1809,18.319
2023-10-06,7.296,83.25,1350.17,1.3639,36.89,32.13,5.153,18.16
2023-10-10,7.2948,83.25,1349.79,1.3626,36.59,32.13,5.0668,17.98
2023-10-11,7.2992,83.18,1339.31,1.3628,36.36,32.09,5.0501,17.819
2023-10-12,7.3019,83.28,1338.21,1.3682,36.35,32.19,5.0472,17.899
2023-10-13,7.3049,83.26,1349.65,1.3701,36.3,32.21,5.074,18.0525
2023-10-16,7.3105,83.28,1353.67,1.368,36.26,32.28,5.0571,17.9564
2023-10-17,7.3105,83.22,1353.6,1.3672,36.28,32.34,5.0157,17.9022
2023-10-18,7.3161,83.25,1349.45,1.3729,36.38,32.3,5.0635,18.2492
2023-10-19,7.3126,83.1,1357.5,1.3725,36.44,32.38,5.0435,18.286
2023-10-20,7.3155,83.14,1352.92,1.3717,36.46,32.36,5.0346,18.2152
2023-10-23,7.3158,83.19,1353.7,1.3684,36.34,32.31,5.0066,18.1033
2023-10-24,7.309,83.19,1342.68,1.3682,36.15,32.3,4.9998,18.2818
2023-10-25,7.3165,83.18,1349.07,1.3698,36.15,32.38,4.9987,18.297
2023-10-26,7.315,83.24,1359.32,1.3704,36.31,32.47,5.0051,18.1841
2023-10-27,7.3171,83.27,1355.15,1.3685,36.18,32.43,4.9464,18.0496
2023-10-30,7.3133,83.25,1350.98,1.3633,35.88,32.4,5.039,18.021
2023-10-31,7.3166,83.26,1351.03,1.3697,36.07,32.47,5.0433,18.053
2023-11-01,7.3175,83.24,1356.94,1.3705,36.23,32.47,5.0154,17.946
2023-11-02,7.316,83.22,1342.91,1.3643,35.98,32.36,4.9539,17.5908
2023-11-03,7.3005,83.14,1322.04,1.3537,35.47,32.27,4.8879,17.3706
2023-11-06,7.2695,83.19,1297.94,1.3495,35.41,32.1,4.8921,17.5236
2023-11-07,7.2788,83.22,1308.33,1.3547,35.54,32.22,4.8677,17.468
2023-11-08,7.28,83.28,1309.98,1.3551,35.51,32.21,4.8905,17.4792
2023-11-09,7.2835,83.25,1309.89,1.3567,35.62,32.3,4.9037,17.4832
2023-11-13,7.289,83.32,1324.97,1.3587,35.96,32.32,4.909,17.577
2023-11-14,7.253,83.32,1328.74,1.3501,35.59,32.14,4.8658,17.401
2023-11-15,7.2466,83.11,1300.34,1.3493,35.52,31.95,4.86,17.3256
2023-11-16,7.2416,83.22,1297.1,1.3479,35.2,31.84,4.879,17.3019
2023-11-17,7.212,83.25,1296.21,1.3442,35.13,31.8,4.8964,17.2099
2023-11-20,7.168,83.33,1291.48,1.3382,35.18,31.51,4.8652,17.126
2023-11-21,7.1352,83.26,1289.34,1.3367,35.1,31.3,4.8933,17.2096
2023-11-22,7.155,83.29,1300.06,1.3425,35.24,31.63,4.8885,17.2014
2023-11-24,7.1488,83.34,1306.08,1.3398,35.33,31.63,4.899,17.1255
2023-11-27,7.1528,83.34,1304.33,1.3375,35.09,31.55,4.9058,17.152
2023-11-28,7.138,83.33,1293.71,1.3306,34.71,31.45,4.8614,17.118
2023-11-29,7.13,83.31,1292.74,1.3328,34.89,31.19,4.8962,17.2022
2023-11-30,7.136,83.36,1289.95,1.3359,35.2,31.26,4.9297,17.3758
2023-12-01,7.1386,83.27,1305.45,1.3343,34.91,31.34,4.886,17.2032
2023-12-04,7.1424,83.4,1304.43,1.3378,35.26,31.45,4.9293,17.4136
2023-12-05,7.1444,83.33,1311.47,1.3415,35.3,31.49,4.9483,17.4726
2023-12-06,7.158,83.32,1313.03,1.3402,35.17,31.48,4.8987,17.2642
2023-12-07,7.1515,83.32,1325.27,1.3379,35.14,31.4,4.9042,17.4351
2023-12-08,7.1645,83.38,1307.11,1.3418,35.51,31.5,4.9324,17.3809
2023-12-11,7.1765,83.38,1316.38,1.3448,35.76,31.5,4.9404,17.423
2023-12-12,7.1755,83.37,1313.75,1.3422,35.74,31.47,4.9635,17.2989
2023-12-13,7.1725,83.4,1319.76,1.3416,35.73,31.52,4.9721,17.4146
2023-12-14,7.1088,83.28,1296.11,1.3258,34.78,31.22,4.8976,17.2848
2023-12-15,7.1179,83.02,1295.92,1.3312,34.83,31.22,4.9391,17.181
2023-12-18,7.1297,83.04,1297.63,1.3326,34.99,31.38,4.9363,17.2043
2023-12-19,7.1287,83.18,1307.95,1.3284,34.77,31.29,4.8638,17.073
2023-12-20,7.1355,83.14,1299.22,1.33,34.93,31.28,4.8906,17.078
2023-12-21,7.1381,83.27,1304.82,1.3272,34.76,31.21,4.8742,17.0534
2023-12-22,7.1315,83.12,1302.54,1.324,34.65,31.11,4.8579,16.983
2023-12-26,7.1432,83.17,1294.25,1.3232,34.6,30.97,4.826,16.9675
2023-12-27,7.1405,83.35,1293.38,1.3197,34.28,30.89,4.8321,16.9138
2023-12-28,7.1065,83.15,1288.45,1.3184,34.16,30.69,4.8514,16.909
2023-12-29,7.0999,83.19,1290.97,1.3193,34.35,30.62,4.8521,16.8998
2024-01-02,7.1426,83.31,1300.52,1.3263,34.24,30.81,4.8943,17.014
2024-01-03,7.1497,83.3,1305.1,1.3295,34.5,31.07,4.9239,17.056
2024-01-04,7.1589,83.21,1310.39,1.329,34.52,31.08,4.9143,17.048
2024-01-05,7.145,83.16,1315.62,1.3287,34.67,30.96,4.8744,16.9141
2024-01-08,7.154,83.13,1315.58,1.3275,34.89,30.94,4.8745,16.803
2024-01-09,7.1675,83.09,1315.92,1.3297,34.91,31.03,4.8956,16.936
2024-01-10,7.1711,83.01,1320.42,1.3318,35.08,31.11,4.8929,16.988
2024-01-11,7.167,83.03,1313.04,1.3335,35.21,31.09,4.8838,16.9867
2024-01-12,7.1665,82.92,1313.41,1.3312,34.94,31.12,4.8536,16.851
2024-01-16,7.1874,83.05,1331.5,1.3414,35.36,31.42,4.9163,17.1499
2024-01-17,7.196,83.14,1344.23,1.3463,35.65,31.6,4.928,17.265
2024-01-18,7.1961,83.15,1338.73,1.3441,35.62,31.57,4.944,17.2035
2024-01-19,7.1931,83.09,1338.53,1.3417,35.52,31.4,4.928,17.116
2024-01-22,7.192,83.08,1338.25,1.341,35.6,31.33,4.9815,17.1342
2024-01-23,7.172,83.15,1333.76,1.3417,35.73,31.34,4.9744,17.362
2024-01-24,7.158,83.09,1337.74,1.338,35.64,31.34,4.919,17.159
2024-01-25,7.169,83.08,1336.0,1.3408,35.76,31.3,4.9272,17.2283
2024-01-26,7.1763,83.11,1336.08,1.3397,35.59,31.29,4.9135,17.1442
2024-01-29,7.1798,83.12,1335.5,1.3414,35.47,31.22,4.9422,17.2418
2024-01-30,7.1755,83.11,1328.93,1.3395,35.4,31.13,4.9627,17.1794
2024-01-31,7.1673,83.02,1334.9,1.3369,35.36,31.29,4.939,17.1762
2024-02-01,7.1799,82.95,1331.78,1.3366,35.32,31.33,4.9195,17.102
2024-02-02,7.192,82.92,1321.9,1.3434,35.57,31.22,4.97,17.155
2024-02-05,7.1982,83.04,1330.98,1.3473,35.81,31.36,5.0018,17.168
2024-02-06,7.1908,83.03,1326.83,1.3439,35.52,31.33,4.9539,17.0265
2024-02-07,7.1943,82.97,1327.37,1.3431,35.56,31.36,4.9628,17.043
2024-02-08,7.1965,82.97,1328.07,1.347,35.89,31.36,4.994,17.1182
2024-02-09,7.1929,83.0,1333.1,1.3464,35.95,31.36,4.9678,17.0937
2024-02-12,7.1928,82.95,1331.37,1.344,35.9,31.36,4.9536,17.0591
2024-02-13,7.1928,83.06,1327.88,1.3501,36.04,31.36,4.9536,17.202
2024-02-14,7.1928,83.02,1335.06,1.3479,36.11,31.36,4.9653,17.097
2024-02-15,7.1928,83.0,1333.84,1.3464,36.06,31.42,4.9739,17.081
2024-02-16,7.1928,83.02,1334.96,1.3459,36.0,31.35,4.9702,17.062
2024-02-20,7.1905,82.88,1337.25,1.3432,35.96,31.5,4.9324,17.0444
2024-02-21,7.1891,82.96,1334.95,1.3436,35.9,31.53,4.9276,17.058
2024-02-22,7.1944,82.86,1328.71,1.3432,35.91,31.51,4.9408,17.133
2024-02-23,7.197,82.86,1328.71,1.343,35.93,31.51,4.976,17.1034
2024-02-26,7.1972,82.85,1330.86,1.3444,35.93,31.57,4.989,17.1077
2024-02-27,7.1977,82.88,1330.86,1.3432,35.93,31.6,4.9423,17.0716
2024-02-28,7.1976,82.88,1336.02,1.3456,35.84,31.65,4.952,17.0896
2024-02-29,7.1977,82.87,1336.19,1.3457,35.84,31.62,4.971,17.058
2024-03-01,7.196,82.91,1334.8,1.3444,35.86,31.61,4.9483,17.0055
2024-03-04,7.1987,82.88,1331.29,1.3425,35.73,31.52,4.9428,16.9628
2024-03-05,7.1965,82.86,1336.51,1.3424,35.79,31.58,4.9565,16.9287
2024-03-06,7.1977,82.78,1333.99,1.3375,35.6,31.57,4.9351,16.861
2024-03-07,7.1925,82.78,1324.3,1.3334,35.53,31.53,4.9319,16.8688
2024-03-08,7.1855,82.73,1319.28,1.3311,35.38,31.41,4.9766,16.8082
2024-03-11,7.182,82.72,1312.55,1.3306,35.4,31.41,4.9678,16.8134
2024-03-12,7.1804,82.77,1310.82,1.3329,35.74,31.43,4.982,16.8281
2024-03-13,7.1875,82.81,1314.67,1.3319,35.62,31.47,4.9763,16.73
2024-03-14,7.1932,82.82,1318.2,1.3359,35.79,31.5,4.9812,16.694
2024-03-15,7.1953,82.86,1329.35,1.3377,35.9,31.66,4.9948,16.6889
2024-03-18,7.1981,82.89,1333.59,1.3387,35.96,31.66,5.0194,16.784
2024-03-19,7.1991,83.01,1338.28,1.3421,36.06,31.78,5.0214,16.842
2024-03-20,7.1992,83.18,1339.02,1.3439,36.17,31.86,5.0041,16.7713
2024-03-21,7.1993,83.15,1322.11,1.3436,36.29,31.93,4.9785,16.739
2024-03-22,7.2289,83.53,1338.14,1.3488,36.34,31.96,4.9872,16.7249
2024-03-25,7.2102,83.42,1342.61,1.3459,36.34,31.83,4.9859,16.7097
2024-03-26,7.2176,83.32,1344.0,1.3458,36.34,31.9,4.991,16.687
2024-03-27,7.227,83.34,1348.58,1.3481,36.39,32.01,4.9756,16.537
2024-03-28,7.2262,83.35,1346.01,1.3493,36.42,31.99,5.0042,16.613
2024-03-29,7.2203,83.34,1347.08,1.3475,36.31,31.93,5.0153,16.5574
2024-04-01,7.2308,83.36,1348.75,1.3534,36.59,32.07,5.067,16.656
2024-04-02,7.232,83.32,1351.37,1.3513,36.65,32.05,5.0528,16.5727
2024-04-03,7.233,83.43,1348.5,1.3488,36.64,32.02,5.0621,16.549
2024-04-04,7.2339,83.44,1346.87,1.3462,36.69,32.03,5.0086,16.5076
2024-04-05,7.2339,83.29,1352.58,1.3478,36.59,32.09,5.0638,16.4809
2024-04-08,7.2305,83.25,1353.2,1.3475,36.69,32.1,5.0292,16.325
2024-04-09,7.2316,83.18,1354.8,1.3451,36.4,32.02,5.0049,16.3579
2024-04-10,7.2341,83.37,1349.05,1.3533,36.65,32.2,5.0736,16.5073
2024-04-11,7.2373,83.19,1364.19,1.3535,36.52,32.21,5.0763,16.4345
2024-04-12,7.2374,83.59,1374.74,1.3603,36.59,32.26,5.1374,16.6577
2024-04-15,7.2382,83.48,1383.63,1.3615,36.77,32.37,5.1791,16.639
2024-04-16,7.2383,83.54,1393.92,1.3646,36.66,32.49,5.2679,16.9944
2024-04-17,7.2389,83.54,1385.88,1.3625,36.77,32.46,5.2401,16.9775
2024-04-18,7.2382,83.53,1373.42,1.3609,36.79,32.47,5.2567,17.1169
2024-04-19,7.2403,83.46,1376.72,1.3611,36.83,32.52,5.2103,17.2062
2024-04-22,7.2403,83.47,1381.84,1.3627,36.84,32.53,5.209,17.118
2024-04-23,7.2445,83.36,1379.27,1.3617,36.95,32.56,5.1919,17.0097
2024-04-24,7.246,83.34,1369.86,1.3619,37.08,32.64,5.157,17.101
2024-04-25,7.246,83.31,1369.86,1.3602,37.02,32.58,5.1643,17.185
2024-04-26,7.2464,83.38,1375.1,1.362,36.98,32.58,5.1143,17.1436
2024-04-29,7.2318,83.46,1377.35,1.3596,37.01,32.54,5.1169,17.0137
2024-04-30,7.2401,83.44,1381.92,1.3636,37.16,32.58,5.1764,17.0642
2024-05-01,7.2405,83.45,1386.95,1.3633,37.08,32.56,5.1936,17.0204
2024-05-02,7.2405,83.44,1375.39,1.3567,36.89,32.5,5.1131,16.9286
2024-05-03,7.2405,83.43,1363.04,1.3494,36.77,32.35,5.072,17.032
2024-05-06,7.2071,83.48,1358.81,1.3509,36.75,32.35,5.0648,16.9016
2024-05-07,7.2185,83.51,1359.45,1.3531,36.86,32.37,5.0656,16.908
2024-05-08,7.2185,83.45,1359.45,1.3549,36.86,32.37,5.0645,16.9039
2024-05-09,7.2198,83.51,1369.74,1.3535,36.77,32.43,5.1568,16.859
2024-05-10,7.226,83.54,1367.77,1.354,36.76,32.42,5.1545,16.765
2024-05-13,7.2325,83.48,1367.91,1.3527,36.79,32.41,5.1605,16.807
2024-05-14,7.2335,83.5,1368.77,1.3521,36.59,32.33,5.1348,16.8402
2024-05-15,7.219,83.46,1360.15,1.3466,36.39,32.17,5.1298,16.6831
2024-05-16,7.2181,83.46,1345.15,1.3449,36.18,32.12,5.1277,16.6839
2024-05-17,7.2233,83.34,1354.83,1.3452,36.12,32.2,5.1155,16.6162
2024-05-20,7.2344,83.34,1356.0,1.347,36.11,32.24,5.097,16.5621
2024-05-21,7.2376,83.31,1363.54,1.3471,36.35,32.29,5.1123,16.5946
2024-05-22,7.2405,83.26,1362.36,1.3494,36.46,32.27,5.146,16.6206
2024-05-23,7.2421,83.27,1362.38,1.3505,36.6,32.22,5.15,16.7065
2024-05-24,7.2425,83.09,1369.02,1.3495,36.64,32.21,5.1491,16.6813
2024-05-28,7.2451,83.16,1357.65,1.3472,36.54,32.18,5.1541,16.7039
2024-05-29,7.2494,83.33,1365.07,1.3513,36.82,32.38,5.203,16.937
2024-05-30,7.2493,83.28,1365.07,1.3492,36.82,32.38,5.2034,16.9232
2024-05-31,7.241,83.43,1385.43,1.3516,36.82,32.48,5.2413,16.994
2024-06-03,7.242,83.14,1375.91,1.3466,36.65,32.4,5.2345,17.578
2024-06-04,7.2393,83.52,1375.96,1.3466,36.61,32.35,5.2887,17.858
2024-06-05,7.2475,83.37,1372.58,1.3483,36.59,32.34,5.2824,17.534
2024-06-06,7.2451,83.47,1365.45,1.3459,36.42,32.26,5.2549,17.5212
2024-06-07,7.2466,83.38,1366.38,1.3508,36.78,32.41,5.2731,18.2662
2024-06-10,7.2475,83.5,1375.71,1.3526,36.73,32.23,5.3645,18.404
2024-06-11,7.2544,83.5,1375.71,1.3537,36.76,32.23,5.3529,18.435
2024-06-12,7.2544,83.57,1378.01,1.3443,36.76,32.37,5.392,18.739
2024-06-13,7.2519,83.52,1376.11,1.3495,36.74,32.36,5.3777,18.5611
2024-06-14,7.2557,83.54,1378.96,1.3529,36.67,32.34,5.3559,18.4519
2024-06-17,7.2561,83.52,1380.5,1.3526,36.83,32.37,5.4173,18.4897
2024-06-18,7.2543,83.42,1380.88,1.3515,36.67,32.36,5.4054,18.3918
2024-06-20,7.2604,83.62,1384.38,1.3539,36.72,32.37,5.4471,18.395
2024-06-21,7.2609,83.53,1388.17,1.3546,36.72,32.37,5.4539,18.1995
2024-06-24,7.2586,83.42,1389.17,1.3528,36.64,32.36,5.4025,18.0039
2024-06-25,7.2629,83.4,1387.16,1.3545,36.72,32.5,5.4358,18.125
2024-06-26,7.2666,83.55,1388.65,1.3586,36.93,32.55,5.5081,18.1658
2024-06-27,7.2688,83.44,1385.76,1.3577,36.81,32.54,5.5295,18.318
2024-06-28,7.2672,83.33,1376.55,1.3552,36.73,32.45,5.5596,18.261
2024-07-01,7.2683,83.44,1383.0,1.3576,36.77,32.52,5.5887,18.386
2024-07-02,7.2712,83.5,1386.55,1.357,36.81,32.62,5.6768,18.2249
2024-07-03,7.2699,83.48,1384.85,1.3528,36.65,32.64,5.5724,18.1141
2024-07-05,7.268,83.47,1379.87,1.3488,36.47,32.42,5.4802,18.087
2024-07-08,7.2683,83.45,1382.73,1.3494,36.41,32.45,5.4587,17.9935
2024-07-09,7.2725,83.47,1383.39,1.3505,36.43,32.55,5.4316,17.9441
2024-07-10,7.2758,83.5,1383.42,1.3486,36.34,32.59,5.403,17.8331
2024-07-11,7.2573,83.57,1370.85,1.3418,36.1,32.51,5.4265,17.8318
2024-07-12,7.2495,83.48,1374.9,1.3406,36.12,32.52,5.4559,17.653
2024-07-15,7.2592,83.55,1382.97,1.3419,36.12,32.57,5.4383,17.766
2024-07-16,7.2685,83.6,1384.99,1.3449,36.11,32.57,5.4566,17.659
2024-07-17,7.2607,83.55,1380.61,1.3411,35.94,32.58,5.4769,17.7487
2024-07-18,7.26,83.58,1383.85,1.3423,36.03,32.61,5.5395,17.8452
2024-07-19,7.2695,83.7,1389.29,1.3446,36.33,32.74,5.5569,17.9387
2024-07-22,7.2736,83.65,1388.71,1.3458,36.32,32.86,5.5485,17.926
2024-07-23,7.2748,83.68,1385.78,1.3453,36.15,32.78,5.5685,18.0738
2024-07-24,7.2622,83.72,1379.4,1.3415,35.95,32.72,5.6352,18.3789
2024-07-25,7.231,83.7,1380.57,1.3427,36.21,32.72,5.6254,18.3491
2024-07-26,7.2502,83.7,1383.11,1.342,35.92,32.8,5.6551,18.396
2024-07-29,7.2597,83.75,1381.93,1.3433,36.01,32.88,5.6514,18.6591
2024-07-30,7.2511,83.7,1384.98,1.3434,35.95,32.85,5.6543,18.7983
2024-07-31,7.2193,83.73,1369.29,1.3372,35.58,32.69,5.6628,18.5975
2024-08-01,7.2441,83.7,1368.5,1.3364,35.56,32.79,5.6935,18.6418
2024-08-02,7.16,83.79,1359.38,1.3257,35.31,32.64,5.7359,18.9991
2024-08-05,7.13,83.83,1367.68,1.3226,35.38,32.67,5.7496,19.445
2024-08-06,7.1563,83.91,1377.4,1.3258,35.51,32.78,5.6409,19.3187
2024-08-07,7.176,83.96,1374.98,1.327,35.58,32.65,5.6,19.1741
2024-08-08,7.1747,83.95,1376.94,1.3258,35.24,32.43,5.6012,19.113
2024-08-09,7.166,83.92,1363.71,1.3232,35.23,32.41,5.5099,18.8245
2024-08-12,7.1744,83.92,1369.87,1.3245,35.18,32.43,5.5058,18.994
2024-08-13,7.1558,83.97,1367.28,1.3197,35.03,32.39,5.4867,19.0499
2024-08-14,7.1382,83.91,1355.35,1.3152,35.0,32.28,5.4577,18.8242
2024-08-15,7.1734,83.94,1363.21,1.3202,35.07,32.27,5.461,18.6539
2024-08-16,7.1644,83.95,1354.34,1.3174,34.78,32.28,5.4751,18.6169
2024-08-19,7.1393,83.82,1334.21,1.3089,34.45,32.01,5.4048,18.7425
2024-08-20,7.132,83.79,1331.78,1.3065,34.22,31.94,5.4727,18.8923
2024-08-21,7.1344,83.93,1333.74,1.3052,34.16,31.9,5.4737,19.191
2024-08-22,7.144,83.93,1343.23,1.3105,34.53,31.95,5.5675,19.437
2024-08-23,7.1244,83.91,1327.56,1.3029,34.0,31.82,5.5102,19.094
2024-08-26,7.1212,83.87,1328.53,1.3038,33.99,31.85,5.498,19.405
2024-08-27,7.1244,83.91,1330.9,1.3031,34.01,31.93,5.5043,19.6486
2024-08-28,7.1245,83.9,1335.15,1.3027,34.06,31.96,5.5351,19.5288
2024-08-29,7.0972,83.84,1332.02,1.3021,33.92,31.86,5.6355,19.788
2024-08-30,7.09,83.83,1336.0,1.3045,34.05,31.95,5.6193,19.6576
2024-09-03,7.1209,83.94,1339.79,1.3087,34.27,32.06,5.649,19.83
2024-09-04,7.1119,83.95,1336.93,1.3046,34.06,32.12,5.6403,19.8161
2024-09-05,7.0921,83.96,1335.14,1.3009,33.64,32.07,5.5924,19.9926
2024-09-06,7.0876,83.91,1335.68,1.3014,33.62,31.99,5.5884,20.0399
2024-09-09,7.1133,83.93,1342.16,1.3053,33.87,32.09,5.6042,19.8845
2024-09-10,7.1205,83.95,1343.41,1.3045,33.67,32.17,5.6483,20.0831
2024-09-11,7.1192,83.95,1340.59,1.3031,33.76,32.15,5.6481,19.8377
2024-09-12,7.1173,83.92,1341.35,1.3043,33.53,32.15,5.6499,19.6029
2024-09-13,7.093,83.88,1329.26,1.2984,33.23,31.98,5.5495,19.2589
2024-09-16,7.0958,83.89,1320.59,1.296,33.27,31.88,5.5104,19.251
2024-09-17,7.0958,83.75,1323.81,1.2964,33.38,31.88,5.5013,19.2769
2024-09-18,7.0812,83.75,1324.15,1.2946,33.25,31.97,5.4825,19.2802
2024-09-19,7.0675,83.68,1329.08,1.2925,33.18,31.93,5.4048,19.2449
2024-09-20,7.0505,83.57,1333.66,1.2914,32.96,31.98,5.4895,19.323
2024-09-23,7.0508,83.53,1334.12,1.2902,32.93,32.04,5.5353,19.3865
2024-09-24,7.0318,83.66,1330.0,1.2856,32.67,31.86,5.466,19.3435
2024-09-25,7.0315,83.56,1335.1,1.2886,32.7,31.94,5.4809,19.5715
2024-09-26,7.0106,83.6,1314.78,1.283,32.42,31.66,5.4332,19.569
2024-09-27,7.0111,83.68,1309.43,1.2807,32.34,31.55,5.4318,19.6428
2024-09-30,7.0176,83.76,1314.94,1.2831,32.33,31.65,5.4509,19.6903
2024-10-01,7.0175,83.81,1323.78,1.2881,32.52,31.89,5.4451,19.7043
2024-10-02,7.0175,83.81,1321.53,1.2909,32.87,31.85,5.4363,19.3734
2024-10-03,7.0175,84.0,1335.58,1.2977,33.15,31.85,5.4916,19.4841
2024-10-04,7.0175,83.99,1348.74,1.3053,33.27,32.31,5.4585,19.1551
2024-10-07,7.0175,83.96,1343.75,1.3035,33.47,32.16,5.4859,19.3477
2024-10-08,7.0595,83.95,1346.49,1.3039,33.56,32.22,5.5297,19.3761
2024-10-09,7.0818,83.93,1346.04,1.3062,33.47,32.24,5.5823,19.4026
2024-10-10,7.0794,83.94,1350.77,1.3072,33.49,32.27,5.5824,19.4816
2024-10-11,7.0667,84.08,1350.71,1.3046,33.15,32.16,5.6346,19.4312
2024-10-15,7.1192,84.04,1365.17,1.309,33.27,32.21,5.6446,19.5715
2024-10-16,7.1192,84.01,1363.76,1.3122,33.23,32.17,5.6602,19.8835
2024-10-17,7.1216,84.04,1371.08,1.3143,33.16,32.16,5.6764,19.886
2024-10-18,7.1015,84.03,1369.65,1.3111,33.13,32.04,5.6787,19.8161
2024-10-21,7.1189,84.07,1379.14,1.3159,33.5,31.96,5.7026,20.0494
2024-10-22,7.123,84.06,1379.22,1.3163,33.5,32.05,5.6914,19.8992
2024-10-23,7.1252,84.06,1381.61,1.3221,33.81,32.08,5.7045,19.9284
2024-10-24,7.119,84.05,1382.11,1.3201,33.72,32.1,5.7068,19.852
2024-10-25,7.1199,84.06,1389.24,1.3206,33.67,32.06,5.7018,19.9126
2024-10-28,7.1254,84.05,1385.57,1.3227,33.79,32.09,5.7063,20.0444
2024-10-29,7.1301,84.04,1382.2,1.3254,33.7,32.1,5.7248,20.0
2024-10-30,7.1229,84.07,1378.41,1.3222,33.74,32.01,5.778,20.172
2024-10-31,7.1178,84.06,1377.57,1.323,33.83,32.01,5.7887,20.0314
2024-11-01,7.1214,84.03,1376.95,1.3242,33.95,31.86,5.8292,20.0273
2024-11-04,7.0995,84.11,1375.17,1.3184,33.72,31.9,5.7707,20.088
2024-11-05,7.1047,84.1,1380.26,1.3163,33.62,31.94,5.772,20.2417
2024-11-06,7.1782,84.31,1399.98,1.3336,34.33,32.33,5.7043,20.25
2024-11-07,7.1412,84.37,1384.66,1.3218,34.0,32.24,5.7028,19.8839
2024-11-08,7.1785,84.34,1396.69,1.3281,34.23,32.11,5.7813,20.223
2024-11-12,7.232,84.38,1408.28,1.3392,34.85,32.43,5.7779,20.5914
2024-11-13,7.2245,84.39,1404.24,1.3422,34.88,32.46,5.8127,20.5908
2024-11-14,7.2272,84.42,1402.77,1.3428,34.84,32.54,5.7771,20.5104
2024-11-15,7.2288,84.41,1397.42,1.342,34.82,32.47,5.7947,20.3376
2024-11-18,7.2364,84.37,1394.28,1.34,34.65,32.53,5.7453,20.265
2024-11-19,7.2392,84.36,1392.83,1.3383,34.53,32.38,5.7645,20.1465
2024-11-20,7.2459,84.41,1399.51,1.3442,34.61,32.49,5.7726,20.3099
2024-11-21,7.2368,84.48,1401.0,1.3466,34.71,32.55,5.8279,20.4431
2024-11-22,7.2455,84.44,1405.49,1.3484,34.53,32.55,5.804,20.4845
2024-11-25,7.2395,84.24,1401.03,1.3466,34.66,32.46,5.8115,20.332
2024-11-26,7.252,84.27,1396.69,1.3478,34.71,32.47,5.8089,20.736
2024-11-27,7.2458,84.41,1391.14,1.3397,34.49,32.54,5.8721,20.6488
2024-11-29,7.2423,84.48,1396.99,1.3412,34.31,32.5,5.9956,20.3142
2024-12-02,7.2714,84.74,1406.13,1.3461,34.46,32.63,6.0741,20.4351
2024-12-03,7.2858,84.68,1427.83,1.3443,34.33,32.55,6.065,20.323
2024-12-04,7.2632,84.69,1412.16,1.3431,34.24,32.39,6.033,20.2576
2024-12-05,7.2558,84.68,1415.88,1.3391,34.12,32.4,5.9745,20.192
2024-12-06,7.27,84.67,1422.4,1.3408,34.01,32.37,6.0739,20.2363
2024-12-09,7.2604,84.72,1430.05,1.339,33.73,32.43,6.0648,20.187
2024-12-10,7.25,84.84,1432.6,1.3421,33.79,32.46,6.0549,20.24
2024-12-11,7.2605,84.8,1428.5,1.3428,33.82,32.55,6.009,20.1342
2024-12-12,7.2685,84.84,1429.47,1.3443,33.93,32.5,6.0097,20.144
2024-12-13,7.2756,84.78,1434.82,1.3489,34.09,32.5,6.0645,20.1391
2024-12-16,7.2836,84.89,1437.86,1.3493,34.07,32.48,6.0579,20.1412
2024-12-17,7.2846,84.91,1436.16,1.3491,34.19,32.49,6.1122,20.265
2024-12-18,7.2864,84.95,1438.13,1.353,34.26,32.47,6.1906,20.1588
2024-12-19,7.2965,85.09,1446.06,1.3617,34.55,32.67,6.1414,20.4137
2024-12-20,7.2953,85.02,1444.52,1.355,34.26,32.69,6.0815,20.0664
2024-12-23,7.2977,85.1,1451.76,1.357,34.25,32.71,6.1784,20.201
2024-12-24,7.2946,85.14,1457.36,1.3606,34.12,32.69,6.1906,20.161
2024-12-26,7.2981,85.25,1467.66,1.3583,34.13,32.73,6.157,20.175
2024-12-27,7.298,85.53,1470.4,1.358,34.1,32.78,6.2021,20.222
2024-12-30,7.2993,85.47,1472.32,1.3602,34.24,32.78,6.2013,20.546
2024-12-31,7.2993,85.55,1477.86,1.3662,34.32,32.79,6.184,20.8557
2025-01-02,7.2994,85.75,1472.52,1.3691,34.37,32.88,6.1556,20.625
2025-01-03,7.3199,85.75,1470.0,1.3709,34.54,32.96,6.1759,20.649
2025-01-06,7.3223,85.7,1459.94,1.3629,34.6,32.86,6.1086,20.2771
2025-01-07,7.3264,85.74,1452.42,1.3635,34.49,32.71,6.0641,20.3255
2025-01-08,7.3316,85.89,1459.85,1.3678,34.61,32.89,6.128,20.372
2025-01-09,7.3321,85.87,1459.23,1.3684,34.57,32.95,6.0691,20.5041
2025-01-10,7.3326,85.96,1473.36,1.3716,34.65,33.08,6.1123,20.7124
2025-01-13,7.3319,86.69,1466.87,1.3725,34.74,33.11,6.1089,20.7901
2025-01-14,7.3311,86.63,1459.5,1.3677,34.7,32.97,6.0506,20.5144
2025-01-15,7.3304,86.37,1456.5,1.3683,34.61,32.96,6.0466,20.47
2025-01-16,7.3316,86.57,1456.16,1.3659,34.54,32.92,6.0448,20.7958
2025-01-17,7.3249,86.55,1457.04,1.3671,34.4,32.92,6.0368,20.701
2025-01-21,7.2712,86.58,1435.29,1.3525,33.93,32.74,6.0275,20.5571
2025-01-22,7.2728,86.34,1435.77,1.355,33.86,32.77,5.9234,20.4838
2025-01-23,7.288,86.42,1434.29,1.3546,33.96,32.77,5.906,20.3605
2025-01-24,7.244,86.2,1429.17,1.3448,33.57,32.67,5.8811,20.2317
2025-01-27,7.2507,86.34,1433.83,1.3443,33.77,32.87,5.9156,20.7208
2025-01-28,7.2422,86.52,1446.42,1.3517,33.9,32.88,5.8596,20.5534
2025-01-29,7.2422,86.61,1441.85,1.3504,33.8,32.85,5.881,20.5702
2025-01-30,7.2422,86.55,1442.16,1.3493,33.6,32.81,5.896,20.4287
2025-01-31,7.2422,86.54,1453.86,1.3546,33.6,32.85,5.837,20.629
2025-02-03,7.2422,87.19,1461.21,1.3636,33.96,33.06,5.8322,20.531
2025-02-04,7.2422,87.06,1451.02,1.3519,33.67,32.85,5.7598,20.4413
2025-02-05,7.272,87.08,1442.37,1.3469,33.5,32.97,5.7986,20.5827
2025-02-06,7.2883,87.57,1447.05,1.3512,33.78,32.84,5.7735,20.5022
2025-02-07,7.2943,87.43,1453.97,1.3545,33.82,32.76,5.7849,20.5889
2025-02-10,7.3045,87.45,1451.0,1.355,33.88,32.83,5.7754,20.678
2025-02-11,7.3072,86.76,1452.31,1.3539,34.1,32.82,5.7621,20.5498
2025-02-12,7.3088,86.9,1453.49,1.353,34.07,32.84,5.76,20.4826
2025-02-13,7.2888,86.89,1446.95,1.3469,33.74,32.8,5.7623,20.5031
2025-02-14,7.253,86.82,1439.89,1.3393,33.73,32.73,5.7152,20.3097
2025-02-18,7.2786,86.96,1438.83,1.3412,33.62,32.73,5.688,20.249
2025-02-19,7.2833,86.96,1441.06,1.3434,33.77,32.74,5.7143,20.4428
2025-02-20,7.2555,86.65,1434.71,1.3348,33.56,32.71,5.697,20.3652
2025-02-21,7.2501,86.7,1434.06,1.3365,33.55,32.75,5.6976,20.3521
2025-02-24,7.2476,86.72,1429.77,1.338,33.5,32.7,5.7325,20.4401
2025-02-25,7.2512,87.2,1433.79,1.3375,33.83,32.79,5.7677,20.5295
2025-02-26,7.2595,87.2,1433.2,1.3365,33.72,32.79,5.78,20.4272
2025-02-27,7.2853,87.17,1447.35,1.3461,34.05,32.81,5.8282,20.4818
2025-02-28,7.2828,87.5,1459.04,1.3493,34.23,32.89,5.8835,20.5254
2025-03-03,7.2843,87.35,1456.49,1.3441,33.98,32.9,5.8852,20.4555
2025-03-04,7.2651,87.26,1458.46,1.3424,33.71,32.91,5.8872,20.827
2025-03-05,7.2506,86.95,1445.21,1.3314,33.59,32.79,5.8077,20.386
2025-03-06,7.2468,87.11,1447.34,1.3312,33.66,32.86,5.7785,20.3132
2025-03-07,7.234,86.88,1449.3,1.3303,33.65,32.81,5.7872,20.266
2025-03-10,7.2591,87.27,1456.74,1.3318,33.85,32.88,5.7964,20.286
2025-03-11,7.2278,87.16,1453.07,1.3302,33.76,32.87,5.8247,20.349
2025-03-12,7.2372,87.16,1451.7,1.3312,33.78,32.94,5.8208,20.1678
2025-03-13,7.2439,87.0,1455.76,1.3357,33.7,32.98,5.8032,20.0913
2025-03-14,7.2377,87.0,1451.76,1.3343,33.61,32.97,5.7299,19.8545
2025-03-17,7.2327,86.79,1444.71,1.3297,33.58,33.01,5.6874,19.8918
2025-03-18,7.2273,86.5,1451.28,1.3318,33.6,33.0,5.6714,19.9858
2025-03-19,7.23,86.43,1462.15,1.3339,33.66,33.03,5.6494,20.057
2025-03-20,7.2477,86.31,1467.77,1.3357,33.74,33.0,5.673,20.1342
2025-03-21,7.2486,86.01,1466.49,1.3363,33.94,33.0,5.7242,20.194
2025-03-24,7.2531,85.56,1466.91,1.3396,33.97,33.02,5.7295,20.096
2025-03-25,7.2569,85.77,1465.32,1.3362,33.82,33.07,5.6837,20.0713
2025-03-26,7.2675,85.71,1467.25,1.3391,33.99,33.1,5.7386,20.11
2025-03-27,7.2645,85.79,1463.9,1.3383,33.82,33.11,5.7339,20.2783
2025-03-28,7.2628,85.51,1469.2,1.3406,33.91,33.12,5.7672,20.4198
2025-03-31,7.2567,85.43,1474.44,1.3445,33.95,33.19,5.7405,20.4582
2025-04-01,7.2697,85.46,1471.0,1.3432,34.16,33.21,5.6874,20.329
2025-04-02,7.2675,85.52,1462.06,1.3417,34.09,33.13,5.7004,20.5
2025-04-03,7.2813,85.44,1450.55,1.3343,34.09,33.21,5.6022,19.9508
2025-04-04,7.2803,85.24,1457.76,1.3415,34.47,32.96,5.8039,20.491
2025-04-07,7.3081,85.85,1470.22,1.3519,34.72,33.02,5.9242,20.714
2025-04-08,7.3388,86.24,1477.97,1.3526,34.84,33.01,5.9878,20.7089
2025-04-09,7.3499,86.64,1472.75,1.3474,34.35,32.85,6.0542,20.9441
2025-04-10,7.314,86.69,1450.37,1.3313,33.85,32.86,5.9429,20.5029
2025-04-11,7.2915,86.06,1418.79,1.3192,33.46,32.5,5.8781,20.37
2025-04-14,7.3119,86.02,1422.56,1.3164,33.57,32.36,5.8649,20.1255
2025-04-15,7.315,85.76,1427.16,1.3184,33.56,32.48,5.8809,19.9704
2025-04-16,7.3053,85.67,1415.24,1.3106,33.09,32.48,5.861,19.9648
2025-04-17,7.299,85.37,1416.1,1.311,33.37,32.49,5.8308,19.8079
2025-04-18,7.2996,85.43,1423.49,1.3109,33.36,32.58,5.8067,19.7175
2025-04-21,7.2914,85.18,1420.52,1.3039,33.06,32.38,5.8067,19.6628
2025-04-22,7.3118,85.19,1425.0,1.3082,33.32,32.48,5.7392,19.584
2025-04-23,7.286,85.42,1425.88,1.3145,33.53,32.5,5.6969,19.6327
2025-04-24,7.2879,85.3,1432.97,1.3119,33.43,32.52,5.6709,19.5896
2025-04-25,7.2864,85.43,1440.72,1.314,33.49,32.52,5.681,19.5585
2025-04-28,7.2942,85.02,1436.31,1.3113,33.41,32.45,5.6777,19.5507
2025-04-29,7.269,85.27,1432.01,1.3075,33.46,32.22,5.633,19.5851
2025-04-30,7.2706,84.49,1425.68,1.3054,33.36,31.96,5.6612,19.5914
2025-05-01,7.2706,84.58,1437.58,1.3119,33.61,32.07,5.6729,19.636
2025-05-02,7.2706,84.5,1398.89,1.2983,33.09,30.79,5.6485,19.6685
2025-05-05,7.2706,84.27,1375.11,1.2899,32.88,29.93,5.6663,19.6316
2025-05-06,7.2164,84.45,1377.15,1.2881,32.64,29.92,5.7206,19.687
2025-05-07,7.225,84.82,1391.86,1.2916,32.72,30.27,5.7438,19.5831
2025-05-08,7.234,85.67,1403.61,1.2986,32.93,30.27,5.6798,19.585
2025-05-09,7.2364,85.38,1398.51,1.2968,32.92,30.19,5.6435,19.4834
2025-05-12,7.2018,85.38,1417.77,1.3056,33.46,30.37,5.6843,19.613
2025-05-13,7.2057,85.35,1418.65,1.3024,33.25,30.43,5.6023,19.4181
2025-05-14,7.208,85.29,1398.83,1.2991,33.42,30.29,5.6131,19.3501
2025-05-15,7.2067,85.52,1397.65,1.2965,33.21,30.15,5.637,19.486
2025-05-16,7.209,85.49,1401.19,1.3,33.41,30.12,5.6775,19.525
2025-05-19,7.2144,85.37,1388.48,1.2946,33.1,30.15,5.6424,19.3707
2025-05-20,7.2194,85.63,1393.36,1.2955,32.88,30.16,5.6687,19.267
2025-05-21,7.2019,85.65,1371.64,1.2876,32.65,30.14,5.6591,19.319
2025-05-22,7.2037,85.97,1381.55,1.2914,32.86,30.05,5.6205,19.3232
2025-05-23,7.1798,85.17,1365.03,1.2843,32.46,29.92,5.6887,19.2798
2025-05-27,7.195,85.3,1375.85,1.2888,32.78,29.96,5.6518,19.2309
2025-05-28,7.1941,85.39,1374.6,1.2896,32.7,29.88,5.7053,19.417
2025-05-29,7.1855,85.49,1371.75,1.2862,32.58,29.72,5.6505,19.339
2025-05-30,7.1991,85.5,1381.13,1.2899,32.83,29.87,5.7184,19.3901
2025-06-02,7.1975,85.33,1376.42,1.2853,32.52,29.95,5.7061,19.245
2025-06-03,7.1872,85.59,1378.45,1.2893,32.64,30.0,5.6444,19.2572
2025-06-04,7.1844,85.85,1364.16,1.2858,32.58,29.97,5.6396,19.2042
2025-06-05,7.175,85.8,1355.97,1.286,32.66,29.93,5.5911,19.1774
2025-06-06,7.1886,85.66,1360.28,1.2891,32.72,29.92,5.598,19.1226
2025-06-09,7.1802,85.64,1354.99,1.2848,32.65,29.91,5.5755,19.0515
2025-06-10,7.187,85.57,1367.55,1.2867,32.62,29.94,5.5646,19.0519
2025-06-11,7.1928,85.51,1368.29,1.2836,32.58,29.83,5.5288,18.8436
2025-06-12,7.1726,85.55,1356.47,1.2786,32.37,29.5,5.5456,18.8879
2025-06-13,7.181,86.08,1364.93,1.2805,32.39,29.56,5.545,18.9085
2025-06-16,7.179,86.05,1357.55,1.2787,32.4,29.4,5.5165,18.9266
2025-06-17,7.1845,86.29,1370.29,1.2827,32.57,29.48,5.4772,18.9581
2025-06-18,7.1888,86.49,1372.11,1.2833,32.59,29.54,5.4921,19.0068
2025-06-20,7.1785,86.58,1372.45,1.2865,32.78,29.57,5.5035,19.1369
2025-06-23,7.179,86.73,1382.61,1.2876,32.81,29.73,5.5163,19.16
2025-06-24,7.1713,85.92,1359.0,1.2801,32.65,29.46,5.4985,19.021
2025-06-25,7.1764,86.04,1362.17,1.2802,32.61,29.38,5.5589,18.9159
2025-06-26,7.1675,85.66,1355.64,1.2731,32.48,29.18,5.5043,18.8741
2025-06-27,7.1721,85.45,1360.72,1.2753,32.58,29.03,5.4801,18.8283
2025-06-30,7.1636,85.74,1353.5,1.2719,32.47,29.18,5.4294,18.8292
2025-07-01,7.1647,85.58,1358.06,1.2733,32.47,29.24,5.4589,18.7381
2025-07-02,7.1649,85.7,1356.9,1.2731,32.37,28.98,5.4286,18.7503
2025-07-03,7.1684,85.3,1364.65,1.2743,32.43,28.88,5.4178,18.644
2025-07-07,7.1744,85.86,1369.6,1.2777,32.53,29.03,5.4638,18.6647
2025-07-08,7.1738,85.75,1372.74,1.2803,32.61,29.03,5.46,18.7084
2025-07-09,7.18,85.69,1375.04,1.281,32.68,29.19,5.4552,18.561
2025-07-10,7.1748,85.65,1373.37,1.28,32.63,29.23,5.5355,18.6313
2025-07-11,7.1681,85.8,1375.37,1.2799,32.38,29.19,5.5723,18.6727
2025-07-14,7.167,85.99,1382.51,1.2821,32.47,29.28,5.5748,18.7585
2025-07-15,7.1729,85.82,1385.39,1.2845,32.57,29.39,5.5661,18.7928
2025-07-16,7.1791,85.96,1390.84,1.2839,32.47,29.4,5.565,18.7302
2025-07-17,7.1832,86.08,1391.04,1.2856,32.48,29.38,5.5644,18.7629
2025-07-18,7.1776,86.1,1390.29,1.2835,32.38,29.39,5.5628,18.7037
2025-07-21,7.176,86.3,1381.22,1.2798,32.21,29.43,5.5512,18.6335
2025-07-22,7.1748,86.37,1381.58,1.2778,32.17,29.37,5.5543,18.5963
2025-07-23,7.1599,86.41,1375.38,1.2768,32.21,29.34,5.5456,18.5784
2025-07-24,7.1541,86.39,1371.0,1.2771,32.24,29.34,5.5209,18.5589
2025-07-25,7.1679,86.48,1382.92,1.2813,32.43,29.48,5.5669,18.5676
2025-07-28,7.1778,86.67,1388.21,1.2863,32.47,29.58,5.5936,18.7314
2025-07-29,7.1769,86.83,1390.63,1.288,32.4,29.7,5.5687,18.7694
2025-07-30,7.1934,87.44,1391.58,1.2939,32.67,29.71,5.6193,18.7987
2025-07-31,7.2002,87.6,1396.19,1.2977,32.74,29.91,5.5848,18.797
2025-08-01,7.2116,87.54,1388.34,1.29,32.5,29.83,5.5422,18.877
2025-08-04,7.178,87.63,1385.71,1.2874,32.37,29.89,5.5151,18.8514
2025-08-05,7.1835,87.8,1386.64,1.287,32.31,29.87,5.5062,18.7715
2025-08-06,7.1822,87.71,1384.64,1.2846,32.33,29.96,5.4757,18.64
2025-08-07,7.1806,87.71,1386.05,1.2848,32.32,29.76,5.4548,18.6879
2025-08-08,7.1839,87.67,1389.7,1.2845,32.3,29.83,5.4208,18.5421
2025-08-11,7.1884,87.63,1392.74,1.2866,32.45,29.92,5.4414,18.6474
2025-08-12,7.1785,87.71,1385.4,1.2824,32.33,29.99,5.3915,18.5583
2025-08-13,7.1744,87.48,1378.9,1.2799,32.3,29.94,5.4049,18.6538
2025-08-14,7.1795,87.56,1390.59,1.2843,32.48,30.05,5.4137,18.816
2025-08-15,7.1817,87.56,1387.87,1.2819,32.45,29.99,5.3964,18.733
2025-08-18,7.1847,87.3,1387.34,1.2838,32.49,30.03,5.4206,18.7821
2025-08-19,7.1819,87.02,1392.04,1.2846,32.57,30.11,5.4764,18.809
2025-08-20,7.1757,87.02,1397.7,1.2849,32.56,30.28,5.4742,18.7834
2025-08-21,7.1793,87.31,1401.88,1.2894,32.66,30.5,5.4868,18.7849
2025-08-22,7.1651,87.53,1381.71,1.2811,32.36,30.57,5.4196,18.5921
2025-08-25,7.151,87.55,1389.06,1.2835,32.44,30.44,5.4086,18.6316
2025-08-26,7.152,87.68,1393.52,1.2846,32.42,30.55,5.4335,18.6658
2025-08-27,7.1536,87.74,1394.54,1.2872,32.44,30.58,5.4332,18.7039
2025-08-28,7.1306,87.63,1384.85,1.2824,32.28,30.55,5.4093,18.6638
2025-08-29,7.1304,88.18,1389.76,1.2833,32.31,30.59,5.4299,18.6381
2025-09-02,7.139,88.15,1394.76,1.288,32.31,30.76,5.4633,18.7163
2025-09-03,7.1415,88.06,1389.21,1.2873,32.27,30.7,5.4571,18.6732
2025-09-04,7.1414,88.17,1394.8,1.2894,32.28,30.69,5.4641,18.7419
2025-09-05,7.1323,88.25,1385.28,1.2827,32.03,30.55,5.3983,18.677
2025-09-08,7.1293,88.25,1386.29,1.283,31.69,30.44,5.4275,18.6301
2025-09-09,7.1209,88.12,1388.16,1.2825,31.73,30.32,5.428,18.633
2025-09-10,7.1207,88.09,1386.97,1.2814,31.73,30.28,5.4089,18.598
2025-09-11,7.1184,88.44,1388.97,1.2815,31.7,30.27,5.3828,18.5196
2025-09-12,7.1242,88.28,1394.06,1.2837,31.75,30.33,5.3541,18.4821
2025-09-15,7.1186,88.22,1385.09,1.2799,31.77,30.24,5.3088,18.3353
2025-09-16,7.1142,88.05,1381.49,1.2764,31.69,30.1,5.3006,18.2726
2025-09-17,7.1033,87.77,1375.5,1.2755,31.69,30.04,5.3069,18.335
2025-09-18,7.1125,88.17,1388.51,1.2824,31.92,30.13,5.302,18.371
2025-09-19,7.1142,88.06,1397.43,1.2842,31.83,30.2,5.3257,18.3749
2025-09-22,7.114,88.29,1392.4,1.2828,31.78,30.23,5.3505,18.4322
2025-09-23,7.1116,88.76,1394.28,1.2833,31.86,30.28,5.289,18.3067
2025-09-24,7.1315,88.73,1404.7,1.2885,32.08,30.34,5.318,18.4453
2025-09-25,7.1338,88.7,1408.67,1.2934,32.25,30.43,5.3435,18.441
2025-09-26,7.1328,88.65,1410.05,1.292,32.21,30.51,5.3413,18.3835
2025-09-29,7.1194,88.76,1399.76,1.2897,32.21,30.46,5.3254,18.3441
2025-09-30,7.119,88.78,1404.63,1.2903,32.47,30.46,5.3269,18.3442
2025-10-01,7.12,88.69,1402.45,1.2883,32.42,30.44,5.3343,18.3588
2025-10-02,7.12,88.74,1406.72,1.2903,32.5,30.4,5.3658,18.4829
2025-10-03,7.12,88.78,1406.16,1.2881,32.31,30.38,5.3492,18.383
2025-10-06,7.12,88.79,1410.47,1.2911,32.37,30.49,5.315,18.3456
2025-10-07,7.12,88.72,1413.12,1.2919,32.47,30.49,5.342,18.3814
2025-10-08,7.12,88.77,1424.17,1.2958,32.5,30.56,5.345,18.355
2025-10-09,7.1275,88.84,1423.68,1.2995,32.7,30.52,5.3639,18.38
2025-10-10,7.134,88.72,1428.39,1.2972,32.64,30.57,5.4845,18.5195
2025-10-14,7.1384,88.76,1429.91,1.2984,32.68,30.76,5.4795,18.4904
2025-10-15,7.1262,87.98,1423.12,1.2957,32.58,30.55,5.4426,18.4793
2025-10-16,7.123,87.81,1416.07,1.2943,32.49,30.63,5.4348,18.4029
2025-10-17,7.1264,87.99,1421.89,1.2949,32.78,30.64,5.4178,18.4297
2025-10-20,7.1195,87.92,1420.39,1.293,32.55,30.55,5.3708,18.3874
2025-10-21,7.1218,87.97,1430.58,1.2972,32.8,30.65,5.3722,18.423
2025-10-22,7.1257,87.92,1429.94,1.2972,32.8,30.72,5.3919,18.4179
2025-10-23,7.1221,87.85,1437.25,1.2987,32.75,30.78,5.3837,18.3981
2025-10-24,7.1211,87.83,1438.35,1.2985,32.66,30.79,5.3822,18.393
2025-10-27,7.1102,88.24,1432.72,1.2968,32.7,30.66,5.3763,18.392
2025-10-28,7.0988,88.21,1432.72,1.2933,32.29,30.61,5.3629,18.4133
2025-10-29,7.098,88.2,1420.83,1.2927,32.29,30.59,5.3452,18.4194
2025-10-30,7.1097,88.64,1430.45,1.3004,32.37,30.74,5.384,18.543
2025-10-31,7.1169,88.75,1428.37,1.3012,32.33,30.75,5.3858,18.5465
2025-11-03,7.1222,88.78,1430.65,1.3044,32.47,30.82,5.3608,18.4832
2025-11-04,7.1295,88.67,1440.22,1.3066,32.53,30.87,5.384,18.6114
2025-11-05,7.126,88.66,1440.95,1.3065,32.45,30.92,5.3578,18.5993
2025-11-06,7.1195,88.65,1449.28,1.3046,32.41,30.93,5.358,18.6203
2025-11-07,7.1219,88.68,1461.07,1.3014,32.39,30.98,5.3432,18.4738
2025-11-10,7.1193,88.7,1456.34,1.303,32.32,30.96,5.3184,18.3908
2025-11-12,7.112,88.58,1468.6,1.301,32.33,31.05,5.2955,18.3031
2025-11-13,7.095,88.66,1465.32,1.2987,32.28,31.05,5.2858,18.2706
2025-11-14,7.0992,88.74,1453.2,1.2984,32.42,31.14,5.2865,18.3299
2025-11-17,7.1075,88.58,1459.71,1.3018,32.41,31.15,5.3066,18.3446
2025-11-18,7.1074,88.6,1461.3,1.3019,32.37,31.19,5.3203,18.357
2025-11-19,7.1106,88.58,1467.69,1.3061,32.44,31.22,5.3366,18.3368
2025-11-20,7.1098,88.69,1472.65,1.3075,32.46,31.23,5.3297,18.392
2025-11-21,7.1066,89.54,1470.84,1.3073,32.39,31.41,5.389,18.454
2025-11-24,7.102,89.23,1475.94,1.3053,32.39,31.43,5.395,18.5131
2025-11-25,7.0845,89.16,1468.02,1.302,32.27,31.44,5.39,18.4311
2025-11-26,7.0758,89.27,1468.39,1.2971,32.22,31.26,5.3496,18.3444
2025-11-28,7.0751,89.43,1467.65,1.2955,32.11,31.37,5.3399,18.2915
2025-12-01,7.0717,89.59,1467.79,1.2953,31.99,31.42,5.3543,18.2811
2025-12-02,7.07,89.92,1469.23,1.2978,32.07,31.39,5.3424,18.305
2025-12-03,7.0636,90.15,1465.94,1.2937,31.9,31.31,5.3115,18.28
2025-12-04,7.0714,89.97,1473.22,1.2953,32.0,31.3,5.3018,18.2285
2025-12-05,7.0696,89.97,1472.83,1.2956,31.88,31.26,5.4108,18.1887
2025-12-08,7.071,90.12,1469.19,1.298,31.91,31.17,5.4431,18.2319
2025-12-09,7.0633,89.9,1469.48,1.2964,31.82,31.18,5.4359,18.1778
2025-12-10,7.064,89.98,1470.2,1.2947,31.8,31.18,5.4728,18.2198
2025-12-11,7.0579,90.35,1471.38,1.2905,31.61,31.26,5.4037,18.0301
2025-12-12,7.0548,90.41,1477.72,1.2919,31.6,31.18,5.4072,18.0386
2025-12-15,7.047,90.7,1468.62,1.2894,31.48,31.35,5.4063,17.9755
2025-12-16,7.0417,91.03,1472.48,1.2884,31.44,31.49,5.4603,17.9417
2025-12-17,7.0431,90.4,1475.05,1.2908,31.45,31.48,5.5234,18.0319
2025-12-18,7.0404,90.25,1473.21,1.2892,31.38,31.5,5.5162,17.97
2025-12-19,7.0409,89.54,1477.26,1.292,31.42,31.51,5.5107,17.9977
2025-12-22,7.0367,89.64,1480.13,1.2884,31.12,31.53,5.5747,17.99
2025-12-23,7.028,89.67,1481.45,1.2852,31.13,31.44,5.5384,17.924
2025-12-24,7.0142,89.81,1443.62,1.2834,31.11,31.42,5.52,17.9209
2025-12-26,7.0063,89.78,1441.16,1.2842,31.01,31.42,5.5384,17.9088
2025-12-29,7.0056,89.97,1433.88,1.2852,31.64,31.33,5.5789,17.962
2025-12-30,6.9961,89.78,1439.42,1.2835,31.4,31.26,5.4978,17.9474
2025-12-31,6.9931,89.84,1444.55,1.2859,31.49,31.37,5.477,18.0057
2026-01-02,6.9877,90.19,1444.45,1.2858,31.44,31.4,5.4224,17.8763
2026-01-05,6.988,90.28,1444.88,1.2832,31.28,31.46,5.409,17.88
2026-01-06,6.9834,90.18,1446.93,1.28,31.22,31.48,5.3702,17.9599
2026-01-07,6.9965,89.9,1447.45,1.2818,31.32,31.45,5.3898,17.9532
2026-01-08,6.9835,90.02,1452.15,1.2852,31.46,31.57,5.3849,17.9863
2026-01-09,6.9772,90.16,1458.61,1.2868,31.37,31.61,5.3543,17.9787
2026-01-12,6.9731,90.12,1467.08,1.2852,31.21,31.63,5.368,17.9056
2026-01-13,6.9775,90.19,1475.78,1.2886,31.48,31.63,5.3843,17.8535
2026-01-14,6.973,90.24,1464.29,1.287,31.45,31.6,5.3796,17.8052
2026-01-15,6.966,90.26,1469.39,1.2879,31.42,31.57,5.3629,17.6607
2026-01-16,6.9681,90.87,1474.05,1.2887,31.46,31.54,5.3719,17.672
2026-01-20,6.9599,91.01,1478.33,1.2828,31.03,31.6,5.3618,17.6066
2026-01-21,6.9637,91.68,1465.95,1.2833,31.16,31.59,5.3235,17.4325
2026-01-22,6.97,91.62,1464.34,1.2811,31.14,31.61,5.2965,17.4706
2026-01-23,6.9631,91.95,1462.89,1.276,31.07,31.56,5.2951,17.4536
2026-01-26,6.9542,91.95,1441.49,1.2683,31.07,31.49,5.2734,17.3061
2026-01-27,6.9545,91.72,1437.45,1.2625,31.01,31.37,5.213,17.2321
2026-01-28,6.9462,91.78,1436.06,1.2638,31.07,31.27,5.2114,17.2493
2026-01-29,6.948,91.95,1433.84,1.2651,31.35,31.42,5.2145,17.26
2026-01-30,6.951,91.98,1444.51,1.2699,31.49,31.51,5.2459,17.3493
2026-02-02,6.9463,91.51,1452.03,1.2716,31.53,31.58,5.2595,17.3749
2026-02-03,6.9377,90.3,1447.7,1.2693,31.62,31.51,5.2238,17.2239
2026-02-04,6.9415,90.36,1459.24,1.2721,31.73,31.55,5.2466,17.2962
2026-02-05,6.9378,90.33,1463.13,1.273,31.73,31.66,5.2612,17.4122
2026-02-06,6.9388,90.65,1462.75,1.2713,31.53,31.67,5.2183,17.2695
2026-02-09,6.92,90.77,1458.12,1.2658,31.1,31.57,5.1906,17.1896
2026-02-10,6.9106,90.57,1456.82,1.2647,31.22,31.55,5.1993,17.2201
2026-02-11,6.9125,90.69,1446.96,1.2616,31.06,31.43,5.1756,17.1984
2026-02-12,6.901,90.63,1439.8,1.2618,31.04,31.4,5.1967,17.2309
2026-02-13,6.908,90.64,1442.9,1.2622,31.09,31.44,5.2297,17.1661
2026-02-17,6.9031,90.63,1444.43,1.2637,31.32,31.44,5.2228,17.151
2026-02-18,6.9031,90.7,1445.15,1.2654,31.18,31.44,5.215,17.1454
2026-02-19,6.9031,90.68,1450.1,1.2688,31.16,31.44,5.2244,17.2736
2026-02-20,6.9031,90.98,1445.97,1.2668,31.12,31.44,5.186,17.152
2026-02-23,6.9031,90.88,1442.62,1.2653,30.96,31.43,5.154,17.2397
2026-02-24,6.883,90.95,1440.45,1.2658,31.06,31.45,5.1471,17.1734
2026-02-25,6.8692,90.95,1427.12,1.2633,31.04,31.31,5.1374,17.1597
2026-02-26,6.8409,90.92,1433.32,1.264,31.13,31.28,5.1524,17.2347
2026-02-27,6.8579,91.03,1439.82,1.2643,31.04,31.35,5.1369,17.2207
2026-03-02,6.8821,91.47,1439.8,1.2747,31.44,31.51,5.1901,17.3667
2026-03-03,6.8996,91.47,1485.6,1.2783,31.54,31.7,5.2732,17.6348
2026-03-04,6.8969,92.08,1462.7,1.2744,31.53,31.69,5.2125,17.5454
2026-03-05,6.8912,91.58,1483.36,1.2799,31.76,31.78,5.2585,17.6951
2026-03-06,6.8965,91.73,1482.98,1.2776,31.82,31.8,5.2698,17.798
2026-03-09,6.9066,92.31,1478.15,1.277,31.98,31.87,5.2099,17.7615
2026-03-10,6.8766,91.85,1465.29,1.2703,31.46,31.75,5.1405,17.4765
2026-03-11,6.8655,92.03,1474.94,1.2739,31.82,31.76,5.157,17.6444
2026-03-12,6.8689,92.18,1491.81,1.2777,32.09,31.8,5.214,17.835
2026-03-13,6.8961,92.47,1498.88,1.2823,32.38,32.1,5.2914,17.9437
2026-03-16,6.8955,92.42,1493.01,1.2788,32.39,32.04,5.2661,17.7654
2026-03-17,6.8863,92.36,1488.68,1.2767,32.33,31.92,5.1971,17.7144
2026-03-18,6.8726,92.87,1500.19,1.2795,32.65,31.84,5.2013,17.684
2026-03-19,6.8998,92.62,1495.88,1.2806,32.83,31.9,5.2449,17.8663
2026-03-20,6.8857,93.73,1504.15,1.2819,32.87,31.91,5.2896,17.8874
2026-03-23,6.8807,93.96,1492.07,1.2775,32.46,31.88,5.246,17.8134
2026-03-24,6.8918,93.86,1496.95,1.2795,32.68,31.98,5.2617,17.8211
2026-03-25,6.9011,93.97,1500.32,1.2802,32.59,31.97,5.2195,17.7461
2026-03-26,6.9107,93.97,1504.57,1.284,32.86,31.92,5.2296,17.7662
2026-03-27,6.9116,94.83,1509.86,1.287,32.81,31.94,5.2312,18.024
2026-03-30,6.9119,94.41,1518.7,1.2908,32.8,32.03,5.2367,18.1189
2026-03-31,6.898,93.83,1523.5,1.2893,32.69,32.05,5.2115,18.0327
2026-04-01,6.872,93.21,1511.31,1.2819,32.5,31.96,5.151,17.7957
2026-04-02,6.8856,93.09,1509.54,1.2846,32.62,31.92,5.1597,17.8384
2026-04-03,6.8824,93.09,1510.17,1.2868,32.67,31.95,5.1568,17.866
2026-04-06,6.8778,93.06,1507.55,1.2842,32.52,31.93,5.1525,17.7891
2026-04-07,6.8567,92.96,1501.86,1.284,32.62,31.96,5.1598,17.7635
2026-04-08,6.8287,92.25,1477.1,1.273,32.01,31.76,5.0935,17.412
2026-04-09,6.8314,92.69,1472.92,1.2719,31.97,31.81,5.0704,17.3485
2026-04-10,6.8278,92.72,1483.9,1.2731,32.07,31.79,5.0254,17.3023
2026-04-13,6.8303,93.39,1486.94,1.2743,32.2,31.79,5.0219,17.3609
2026-04-14,6.8157,93.37,1471.51,1.2711,31.98,31.63,4.9867,17.2627
2026-04-15,6.818,93.37,1474.41,1.2708,32.01,31.64,4.9974,17.2822
2026-04-16,6.8208,93.2,1478.19,1.2718,31.99,31.55,5.0012,17.2637
2026-04-17,6.817,92.9,1461.66,1.2688,31.81,31.59,4.981,17.238
2026-04-20,6.8172,93.13,1470.31,1.2698,32.02,31.53,4.9825,17.3092
2026-04-21,6.8208,93.5,1478.52,1.2727,32.19,31.44,4.9535,17.334
2026-04-22,6.8275,93.79,1480.61,1.2751,32.25,31.48,4.9671,17.3252
2026-04-23,6.826,94.11,1479.19,1.2761,32.36,31.57,4.9536,17.3503
2026-04-24,6.8359,94.25,1476.47,1.2755,32.32,31.51,4.9997,17.3853
2026-04-27,6.8228,94.19,1473.4,1.2737,32.36,31.42,4.9691,17.384
2026-04-28,6.8374,94.54,1472.37,1.2758,32.51,31.52,4.9864,17.3756
2026-04-29,6.8375,94.85,1487.69,1.2801,32.76,31.56,4.9984,17.4931
2026-04-30,6.8273,94.91,1477.93,1.2738,32.53,31.61,4.9792,17.5161
2026-05-01,6.8276,94.9,1477.22,1.2717,32.45,31.58,4.955,17.3969
2026-05-04,6.83,95.09,1476.01,1.2771,32.75,31.63,4.9669,17.5019
2026-05-05,6.8276,95.32,1478.41,1.2744,32.52,31.61,4.9103,17.3741
2026-05-06,6.811,94.61,1447.01,1.2682,32.27,31.47,4.9264,17.2577
2026-05-07,6.8014,94.25,1453.85,1.2669,32.15,31.39,4.9277,17.24
2026-05-08,6.8005,94.49,1461.06,1.2667,32.21,31.41,4.8976,17.207
2026-05-11,6.7948,95.31,1469.91,1.2679,32.26,31.4,4.8975,17.188
2026-05-12,6.792,95.63,1490.32,1.2723,32.44,31.55,4.9005,17.2543
2026-05-13,6.7908,95.69,1490.11,1.2722,32.37,31.51,4.9068,17.1836
2026-05-14,6.7851,95.76,1491.75,1.2744,32.34,31.5,4.9786,17.209
2026-05-15,6.8092,95.97,1499.61,1.2802,32.66,31.53,5.0739,17.36
2026-05-18,6.8,96.35,1494.67,1.2785,32.53,31.55,5.006,17.2864
2026-05-19,6.8145,96.53,1508.49,1.2823,32.65,31.67,5.0437,17.3766
2026-05-20,6.8005,96.82,1498.77,1.2781,32.56,31.66,5.0154,17.3009
2026-05-21,6.8025,96.2,1508.47,1.2798,32.66,31.6,5.0032,17.3561
2026-05-22,6.7945,95.69,1517.33,1.2795,32.65,31.45,5.024,17.3241
2026-05-26,6.786,95.68,1506.75,1.2778,32.67,31.43,5.0288,17.3311
2026-05-27,6.7788,95.69,1498.28,1.2767,32.6,31.39,5.062,17.3704
2026-05-28,6.7796,95.69,1495.94,1.2761,32.62,31.36,5.0474,17.337
2026-05-29,6.7662,95.0,1503.96,1.2752,32.5,31.37,5.0585,17.3498
2026-06-01,6.765,94.99,1511.71,1.2786,32.62,31.37,5.0323,17.3726
2026-06-02,6.7622,95.27,1517.4,1.2785,32.64,31.45,5.0126,17.2874
2026-06-03,6.7692,95.71,1518.03,1.283,32.7,31.42,5.0461,17.319
2026-06-04,6.7735,95.79,1531.91,1.2831,32.65,31.46,5.064,17.2875
2026-06-05,6.7655,94.95,1555.96,1.2903,32.8,31.5,5.1444,17.5068
2026-06-08,6.7832,95.71,1528.23,1.2879,32.8,31.58,5.169,17.4306
2026-06-09,6.7722,95.35,1529.94,1.2864,32.9,31.62,5.1774,17.4149
2026-06-10,6.7745,95.27,1519.26,1.2863,32.92,31.68,5.176,17.3989
2026-06-11,6.7756,95.76,1530.97,1.2886,32.98,31.62,5.1463,17.3689
2026-06-12,6.7626,95.11,1518.87,1.2833,32.74,31.63,5.0729,17.208
2026-06-15,6.757,94.71,1514.87,1.282,32.53,31.55,5.0567,17.1934
2026-06-16,6.7562,94.62,1508.12,1.2813,32.49,31.57,5.0777,17.1924
2026-06-17,6.7577,94.53,1514.24,1.2827,32.53,31.57,5.0597,17.1796
2026-06-18,6.7686,94.33,1540.64,1.2898,32.79,31.58,5.1689,17.3764
2026-06-22,6.7745,94.68,1537.86,1.2933,32.94,31.63,5.1308,17.3287
2026-06-23,6.79,94.74,1532.43,1.2967,33.25,31.63,5.1812,17.543
2026-06-24,6.8106,94.67,1542.53,1.2977,33.42,31.76,5.2101,17.6173
2026-06-25,6.7976,94.4,1541.44,1.2951,33.32,31.84,5.1728,17.5276
2026-06-26,6.798,94.37,1533.44,1.2931,33.37,31.85,5.1586,17.446
2026-06-29,6.7936,94.54,1542.07,1.2922,33.25,31.85,5.1812,17.5157
2026-06-30,6.7851,94.66,1548.78,1.2941,33.24,31.85,5.1665,17.449
2026-07-01,6.7942,95.25,1550.59,1.2955,33.31,31.88,5.2008,17.5261
2026-07-02,6.7886,95.39,1538.05,1.291,33.17,31.86,5.2004,17.4524
2026-07-06,6.7958,95.4,1530.98,1.2925,33.31,32.04,5.1472,17.4426
2026-07-07,6.7934,94.97,1514.43,1.2919,33.3,32.17,5.1515,17.498
2026-07-08,6.8025,95.56,1511.17,1.2956,33.53,32.09,5.1621,17.627
2026-07-09,6.7921,95.39,1508.76,1.2918,33.37,32.16,5.1204,17.5353
2026-07-10,6.7766,95.33,1501.06,1.2903,33.25,32.09,5.1046,17.4732
2026-07-13,6.7795,95.62,1492.63,1.293,33.43,32.16,5.1201,17.4961
2026-07-14,6.77,96.2,1490.26,1.291,33.46,32.15,5.0768,17.4287
2026-07-15,6.7682,96.26,1488.39,1.2895,33.56,32.2,5.0796,17.3858
2026-07-16,6.7726,96.35,1478.2,1.2901,33.55,32.25,5.0927,17.428
2026-07-17,6.776,96.28,1489.44,1.2911,33.62,32.37,5.108,17.512
2026-07-20,6.7668,96.45,1478.31,1.2912,33.65,32.26,5.0847,17.439
2026-07-21,6.7656,96.24,1479.77,1.2916,33.69,32.36,5.0752,17.3885
2026-07-22,6.7725,96.57,1476.63,1.2903,33.75,32.42,5.0577,17.3905
2026-07-23,6.7701,96.57,1474.88,1.2925,33.83,32.28,5.0841,17.5148
2026-07-24,6.7719,96.56,1460.76,1.2898,33.64,32.39,5.0592,17.4526
