date,NFCI,VIXCLS,DTWEXBGS,DTWEXEMEGS,T10Y2Y
1971-01-08,0.599,,,,
1971-01-15,0.631,,,,
1971-01-22,0.668,,,,
1971-01-29,0.709,,,,
1971-02-05,0.752,,,,
1971-02-12,0.795,,,,
1971-02-19,0.837,,,,
1971-02-26,0.879,,,,
1971-03-05,0.922,,,,
1971-03-12,0.968,,,,
1971-03-19,1.02,,,,
1971-03-26,1.079,,,,
1971-04-02,1.145,,,,
1971-04-09,1.218,,,,
1971-04-16,1.292,,,,
1971-04-23,1.362,,,,
1971-04-30,1.421,,,,
1971-05-07,1.46,,,,
1971-05-14,1.471,,,,
1971-05-21,1.449,,,,
1971-05-28,1.397,,,,
1971-06-04,1.318,,,,
1971-06-11,1.219,,,,
1971-06-18,1.118,,,,
1971-06-25,1.031,,,,
1971-07-02,0.974,,,,
1971-07-09,0.962,,,,
1971-07-16,1.005,,,,
1971-07-23,1.105,,,,
1971-07-30,1.257,,,,
1971-08-06,1.446,,,,
1971-08-13,1.654,,,,
1971-08-20,1.857,,,,
1971-08-27,2.031,,,,
1971-09-03,2.159,,,,
1971-09-10,2.229,,,,
1971-09-17,2.239,,,,
1971-09-24,2.192,,,,
1971-10-01,2.1,,,,
1971-10-08,1.975,,,,
1971-10-15,1.836,,,,
1971-10-22,1.699,,,,
1971-10-29,1.578,,,,
1971-11-05,1.483,,,,
1971-11-12,1.417,,,,
1971-11-19,1.379,,,,
1971-11-26,1.362,,,,
1971-12-03,1.36,,,,
1971-12-10,1.362,,,,
1971-12-17,1.359,,,,
1971-12-24,1.343,,,,
1971-12-31,1.311,,,,
1972-01-07,1.253,,,,
1972-01-14,1.178,,,,
1972-01-21,1.087,,,,
1972-01-28,0.986,,,,
1972-02-04,0.883,,,,
1972-02-11,0.784,,,,
1972-02-18,0.691,,,,
1972-02-25,0.608,,,,
1972-03-03,0.536,,,,
1972-03-10,0.475,,,,
1972-03-17,0.424,,,,
1972-03-24,0.379,,,,
1972-03-31,0.336,,,,
1972-04-07,0.291,,,,
1972-04-14,0.246,,,,
1972-04-21,0.197,,,,
1972-04-28,0.149,,,,
1972-05-05,0.105,,,,
1972-05-12,0.068,,,,
1972-05-19,0.042,,,,
1972-05-26,0.032,,,,
1972-06-02,0.039,,,,
1972-06-09,0.065,,,,
1972-06-16,0.106,,,,
1972-06-23,0.158,,,,
1972-06-30,0.213,,,,
1972-07-07,0.265,,,,
1972-07-14,0.306,,,,
1972-07-21,0.33,,,,
1972-07-28,0.333,,,,
1972-08-04,0.315,,,,
1972-08-11,0.276,,,,
1972-08-18,0.222,,,,
1972-08-25,0.157,,,,
1972-09-01,0.089,,,,
1972-09-08,0.024,,,,
1972-09-15,-0.033,,,,
1972-09-22,-0.078,,,,
1972-09-29,-0.112,,,,
1972-10-06,-0.135,,,,
1972-10-13,-0.153,,,,
1972-10-20,-0.166,,,,
1972-10-27,-0.179,,,,
1972-11-03,-0.194,,,,
1972-11-10,-0.212,,,,
1972-11-17,-0.232,,,,
1972-11-24,-0.253,,,,
1972-12-01,-0.271,,,,
1972-12-08,-0.28,,,,
1972-12-15,-0.277,,,,
1972-12-22,-0.255,,,,
1972-12-29,-0.209,,,,
1973-01-05,-0.136,,,,
1973-01-12,-0.034,,,,
1973-01-19,0.095,,,,
1973-01-26,0.247,,,,
1973-02-02,0.415,,,,
1973-02-09,0.589,,,,
1973-02-16,0.758,,,,
1973-02-23,0.913,,,,
1973-03-02,1.044,,,,
1973-03-09,1.147,,,,
1973-03-16,1.218,,,,
1973-03-23,1.26,,,,
1973-03-30,1.278,,,,
1973-04-06,1.275,,,,
1973-04-13,1.259,,,,
1973-04-20,1.234,,,,
1973-04-27,1.206,,,,
1973-05-04,1.178,,,,
1973-05-11,1.154,,,,
1973-05-18,1.135,,,,
1973-05-25,1.124,,,,
1973-06-01,1.125,,,,
1973-06-08,1.139,,,,
1973-06-15,1.169,,,,
1973-06-22,1.218,,,,
1973-06-29,1.287,,,,
1973-07-06,1.376,,,,
1973-07-13,1.482,,,,
1973-07-20,1.603,,,,
1973-07-27,1.732,,,,
1973-08-03,1.865,,,,
1973-08-10,1.994,,,,
1973-08-17,2.114,,,,
1973-08-24,2.221,,,,
1973-08-31,2.308,,,,
1973-09-07,2.373,,,,
1973-09-14,2.411,,,,
1973-09-21,2.424,,,,
1973-09-28,2.413,,,,
1973-10-05,2.382,,,,
1973-10-12,2.337,,,,
1973-10-19,2.284,,,,
1973-10-26,2.233,,,,
1973-11-02,2.189,,,,
1973-11-09,2.156,,,,
1973-11-16,2.133,,,,
1973-11-23,2.115,,,,
1973-11-30,2.092,,,,
1973-12-07,2.053,,,,
1973-12-14,1.989,,,,
1973-12-21,1.894,,,,
1973-12-28,1.765,,,,
1974-01-04,1.604,,,,
1974-01-11,1.422,,,,
1974-01-18,1.227,,,,
1974-01-25,1.032,,,,
1974-02-01,0.849,,,,
1974-02-08,0.69,,,,
1974-02-15,0.564,,,,
1974-02-22,0.48,,,,
1974-03-01,0.443,,,,
1974-03-08,0.458,,,,
1974-03-15,0.526,,,,
1974-03-22,0.646,,,,
1974-03-29,0.816,,,,
1974-04-05,1.031,,,,
1974-04-12,1.288,,,,
1974-04-19,1.58,,,,
1974-04-26,1.901,,,,
1974-05-03,2.243,,,,
1974-05-10,2.602,,,,
1974-05-17,2.969,,,,
1974-05-24,3.335,,,,
1974-05-31,3.694,,,,
1974-06-07,4.037,,,,
1974-06-14,4.353,,,,
1974-06-21,4.634,,,,
1974-06-28,4.868,,,,
1974-07-05,5.046,,,,
1974-07-12,5.161,,,,
1974-07-19,5.214,,,,
1974-07-26,5.207,,,,
1974-08-02,5.152,,,,
1974-08-09,5.056,,,,
1974-08-16,4.934,,,,
1974-08-23,4.793,,,,
1974-08-30,4.644,,,,
1974-09-06,4.489,,,,
1974-09-13,4.331,,,,
1974-09-20,4.171,,,,
1974-09-27,4.003,,,,
1974-10-04,3.829,,,,
1974-10-11,3.647,,,,
1974-10-18,3.467,,,,
1974-10-25,3.295,,,,
1974-11-01,3.139,,,,
1974-11-08,3.007,,,,
1974-11-15,2.899,,,,
1974-11-22,2.812,,,,
1974-11-29,2.741,,,,
1974-12-06,2.679,,,,
1974-12-13,2.614,,,,
1974-12-20,2.542,,,,
1974-12-27,2.452,,,,
1975-01-03,2.342,,,,
1975-01-10,2.212,,,,
1975-01-17,2.064,,,,
1975-01-24,1.905,,,,
1975-01-31,1.74,,,,
1975-02-07,1.577,,,,
1975-02-14,1.42,,,,
1975-02-21,1.273,,,,
1975-02-28,1.136,,,,
1975-03-07,1.011,,,,
1975-03-14,0.894,,,,
1975-03-21,0.787,,,,
1975-03-28,0.684,,,,
1975-04-04,0.585,,,,
1975-04-11,0.488,,,,
1975-04-18,0.392,,,,
1975-04-25,0.298,,,,
1975-05-02,0.208,,,,
1975-05-09,0.124,,,,
1975-05-16,0.048,,,,
1975-05-23,-0.019,,,,
1975-05-30,-0.074,,,,
1975-06-06,-0.116,,,,
1975-06-13,-0.144,,,,
1975-06-20,-0.162,,,,
1975-06-27,-0.171,,,,
1975-07-04,-0.172,,,,
1975-07-11,-0.169,,,,
1975-07-18,-0.163,,,,
1975-07-25,-0.156,,,,
1975-08-01,-0.146,,,,
1975-08-08,-0.133,,,,
1975-08-15,-0.116,,,,
1975-08-22,-0.095,,,,
1975-08-29,-0.07,,,,
1975-09-05,-0.04,,,,
1975-09-12,-0.007,,,,
1975-09-19,0.027,,,,
1975-09-26,0.061,,,,
1975-10-03,0.093,,,,
1975-10-10,0.12,,,,
1975-10-17,0.139,,,,
1975-10-24,0.151,,,,
1975-10-31,0.155,,,,
1975-11-07,0.148,,,,
1975-11-14,0.131,,,,
1975-11-21,0.103,,,,
1975-11-28,0.064,,,,
1975-12-05,0.014,,,,
1975-12-12,-0.046,,,,
1975-12-19,-0.113,,,,
1975-12-26,-0.185,,,,
1976-01-02,-0.261,,,,
1976-01-09,-0.336,,,,
1976-01-16,-0.407,,,,
1976-01-23,-0.473,,,,
1976-01-30,-0.533,,,,
1976-02-06,-0.584,,,,
1976-02-13,-0.628,,,,
1976-02-20,-0.664,,,,
1976-02-27,-0.694,,,,
1976-03-05,-0.717,,,,
1976-03-12,-0.733,,,,
1976-03-19,-0.742,,,,
1976-03-26,-0.743,,,,
1976-04-02,-0.736,,,,
1976-04-09,-0.72,,,,
1976-04-16,-0.696,,,,
1976-04-23,-0.664,,,,
1976-04-30,-0.627,,,,
1976-05-07,-0.587,,,,
1976-05-14,-0.548,,,,
1976-05-21,-0.513,,,,
1976-05-28,-0.484,,,,
1976-06-01,,,,,0.68
1976-06-02,,,,,0.71
1976-06-03,,,,,0.7
1976-06-04,-0.466,,,,0.77
1976-06-07,,,,,0.79
1976-06-08,,,,,0.79
1976-06-09,,,,,0.82
1976-06-10,,,,,0.86
1976-06-11,-0.459,,,,0.83
1976-06-14,,,,,0.83
1976-06-15,,,,,0.83
1976-06-16,,,,,0.81
1976-06-17,,,,,0.79
1976-06-18,-0.463,,,,0.82
1976-06-21,,,,,0.85
1976-06-22,,,,,0.8
1976-06-23,,,,,0.8
1976-06-24,,,,,0.82
1976-06-25,-0.477,,,,0.81
1976-06-28,,,,,0.84
1976-06-29,,,,,0.84
1976-06-30,,,,,0.84
1976-07-01,,,,,0.86
1976-07-02,-0.5,,,,0.85
1976-07-05,,,,,
1976-07-06,,,,,0.86
1976-07-07,,,,,0.85
1976-07-08,,,,,0.9
1976-07-09,-0.528,,,,1.01
1976-07-12,,,,,1.04
1976-07-13,,,,,1.03
1976-07-14,,,,,1.03
1976-07-15,,,,,1.05
1976-07-16,-0.56,,,,0.98
1976-07-19,,,,,0.97
1976-07-20,,,,,0.96
1976-07-21,,,,,0.96
1976-07-22,,,,,0.95
1976-07-23,-0.592,,,,0.94
1976-07-26,,,,,1.01
1976-07-27,,,,,1.09
1976-07-28,,,,,1.06
1976-07-29,,,,,1.1
1976-07-30,-0.623,,,,1.12
1976-08-02,,,,,1.1
1976-08-03,,,,,1.1
1976-08-04,,,,,1.08
1976-08-05,,,,,1.08
1976-08-06,-0.65,,,,1.13
1976-08-09,,,,,1.16
1976-08-10,,,,,1.16
1976-08-11,,,,,1.16
1976-08-12,,,,,1.17
1976-08-13,-0.674,,,,1.18
1976-08-16,,,,,1.17
1976-08-17,,,,,1.18
1976-08-18,,,,,1.17
1976-08-19,,,,,1.15
1976-08-20,-0.693,,,,1.08
1976-08-23,,,,,1.11
1976-08-24,,,,,1.12
1976-08-25,,,,,1.16
1976-08-26,,,,,1.14
1976-08-27,-0.707,,,,1.12
1976-08-30,,,,,1.14
1976-08-31,,,,,1.16
1976-09-01,,,,,1.14
1976-09-02,,,,,1.13
1976-09-03,-0.717,,,,1.13
1976-09-06,,,,,
1976-09-07,,,,,1.18
1976-09-08,,,,,1.2
1976-09-09,,,,,1.17
1976-09-10,-0.723,,,,1.18
1976-09-13,,,,,1.17
1976-09-14,,,,,1.15
1976-09-15,,,,,1.17
1976-09-16,,,,,1.19
1976-09-17,-0.725,,,,1.23
1976-09-20,,,,,1.18
1976-09-21,,,,,1.21
1976-09-22,,,,,1.17
1976-09-23,,,,,1.19
1976-09-24,-0.724,,,,1.14
1976-09-27,,,,,1.19
1976-09-28,,,,,1.2
1976-09-29,,,,,1.2
1976-09-30,,,,,1.22
1976-10-01,-0.72,,,,1.25
1976-10-04,,,,,1.27
1976-10-05,,,,,1.28
1976-10-06,,,,,1.33
1976-10-07,,,,,1.34
1976-10-08,-0.714,,,,1.51
1976-10-11,,,,,
1976-10-12,,,,,1.55
1976-10-13,,,,,1.53
1976-10-14,,,,,1.53
1976-10-15,-0.706,,,,1.56
1976-10-18,,,,,1.54
1976-10-19,,,,,1.5
1976-10-20,,,,,1.43
1976-10-21,,,,,1.41
1976-10-22,-0.698,,,,1.41
1976-10-25,,,,,1.42
1976-10-26,,,,,1.43
1976-10-27,,,,,1.44
1976-10-28,,,,,1.42
1976-10-29,-0.688,,,,1.39
1976-11-01,,,,,1.35
1976-11-02,,,,,
1976-11-03,,,,,1.37
1976-11-04,,,,,1.43
1976-11-05,-0.679,,,,1.4
1976-11-08,,,,,1.42
1976-11-09,,,,,1.39
1976-11-10,,,,,1.42
1976-11-11,,,,,
1976-11-12,-0.671,,,,1.42
1976-11-15,,,,,1.41
1976-11-16,,,,,1.47
1976-11-17,,,,,1.5
1976-11-18,,,,,1.5
1976-11-19,-0.666,,,,1.57
1976-11-22,,,,,1.61
1976-11-23,,,,,1.57
1976-11-24,,,,,1.58
1976-11-25,,,,,
1976-11-26,-0.666,,,,1.58
1976-11-29,,,,,1.56
1976-11-30,,,,,1.59
1976-12-01,,,,,1.57
1976-12-02,,,,,1.58
1976-12-03,-0.671,,,,1.55
1976-12-06,,,,,1.5
1976-12-07,,,,,1.47
1976-12-08,,,,,1.48
1976-12-09,,,,,1.48
1976-12-10,-0.684,,,,1.51
1976-12-13,,,,,1.47
1976-12-14,,,,,1.5
1976-12-15,,,,,1.5
1976-12-16,,,,,1.48
1976-12-17,-0.703,,,,1.48
1976-12-20,,,,,1.5
1976-12-21,,,,,1.48
1976-12-22,,,,,1.52
1976-12-23,,,,,1.48
1976-12-24,-0.729,,,,
1976-12-27,,,,,1.47
1976-12-28,,,,,1.47
1976-12-29,,,,,1.45
1976-12-30,,,,,1.42
1976-12-31,-0.761,,,,1.47
1977-01-03,,,,,1.42
1977-01-04,,,,,1.4
1977-01-05,,,,,1.4
1977-01-06,,,,,1.36
1977-01-07,-0.797,,,,1.39
1977-01-10,,,,,1.41
1977-01-11,,,,,1.41
1977-01-12,,,,,1.42
1977-01-13,,,,,1.39
1977-01-14,-0.834,,,,1.32
1977-01-17,,,,,1.3
1977-01-18,,,,,1.3
1977-01-19,,,,,1.26
1977-01-20,,,,,1.25
1977-01-21,-0.869,,,,1.26
1977-01-24,,,,,1.25
1977-01-25,,,,,1.24
1977-01-26,,,,,1.24
1977-01-27,,,,,1.17
1977-01-28,-0.9,,,,1.18
1977-01-31,,,,,1.22
1977-02-01,,,,,1.21
1977-02-02,,,,,1.19
1977-02-03,,,,,1.26
1977-02-04,-0.925,,,,1.25
1977-02-07,,,,,1.3
1977-02-08,,,,,1.29
1977-02-09,,,,,1.33
1977-02-10,,,,,1.3
1977-02-11,-0.941,,,,1.34
1977-02-14,,,,,1.32
1977-02-15,,,,,1.32
1977-02-16,,,,,1.32
1977-02-17,,,,,1.27
1977-02-18,-0.948,,,,1.35
1977-02-21,,,,,
1977-02-22,,,,,1.33
1977-02-23,,,,,1.36
1977-02-24,,,,,1.3
1977-02-25,-0.945,,,,1.34
1977-02-28,,,,,1.37
1977-03-01,,,,,1.33
1977-03-02,,,,,1.33
1977-03-03,,,,,1.35
1977-03-04,-0.933,,,,1.38
1977-03-07,,,,,1.38
1977-03-08,,,,,1.38
1977-03-09,,,,,1.38
1977-03-10,,,,,1.38
1977-03-11,-0.913,,,,1.35
1977-03-14,,,,,1.39
1977-03-15,,,,,1.38
1977-03-16,,,,,1.36
1977-03-17,,,,,1.33
1977-03-18,-0.886,,,,1.36
1977-03-21,,,,,1.4
1977-03-22,,,,,1.39
1977-03-23,,,,,1.4
1977-03-24,,,,,1.39
1977-03-25,-0.853,,,,1.38
1977-03-28,,,,,1.36
1977-03-29,,,,,1.39
1977-03-30,,,,,1.39
1977-03-31,,,,,1.41
1977-04-01,-0.816,,,,1.41
1977-04-04,,,,,1.41
1977-04-05,,,,,1.46
1977-04-06,,,,,1.42
1977-04-07,,,,,1.41
1977-04-08,-0.776,,,,
1977-04-11,,,,,1.43
1977-04-12,,,,,1.41
1977-04-13,,,,,1.4
1977-04-14,,,,,1.49
1977-04-15,-0.734,,,,1.47
1977-04-18,,,,,1.45
1977-04-19,,,,,1.43
1977-04-20,,,,,1.37
1977-04-21,,,,,1.39
1977-04-22,-0.693,,,,1.37
1977-04-25,,,,,1.39
1977-04-26,,,,,1.38
1977-04-27,,,,,1.37
1977-04-28,,,,,1.37
1977-04-29,-0.651,,,,1.31
1977-05-02,,,,,1.3
1977-05-03,,,,,1.29
1977-05-04,,,,,1.34
1977-05-05,,,,,1.31
1977-05-06,-0.612,,,,1.26
1977-05-09,,,,,1.25
1977-05-10,,,,,1.25
1977-05-11,,,,,1.18
1977-05-12,,,,,1.18
1977-05-13,-0.577,,,,1.2
1977-05-16,,,,,1.2
1977-05-17,,,,,1.2
1977-05-18,,,,,1.19
1977-05-19,,,,,1.12
1977-05-20,-0.546,,,,1.06
1977-05-23,,,,,1.08
1977-05-24,,,,,1.11
1977-05-25,,,,,1.16
1977-05-26,,,,,1.18
1977-05-27,-0.522,,,,1.18
1977-05-30,,,,,
1977-05-31,,,,,1.2
1977-06-01,,,,,1.14
1977-06-02,,,,,1.19
1977-06-03,-0.504,,,,1.17
1977-06-06,,,,,1.19
1977-06-07,,,,,1.19
1977-06-08,,,,,1.21
1977-06-09,,,,,1.19
1977-06-10,-0.493,,,,1.15
1977-06-13,,,,,1.14
1977-06-14,,,,,1.14
1977-06-15,,,,,1.12
1977-06-16,,,,,1.12
1977-06-17,-0.488,,,,1.14
1977-06-20,,,,,1.16
1977-06-21,,,,,1.14
1977-06-22,,,,,1.13
1977-06-23,,,,,1.14
1977-06-24,-0.488,,,,1.1
1977-06-27,,,,,1.14
1977-06-28,,,,,1.1
1977-06-29,,,,,1.14
1977-06-30,,,,,1.12
1977-07-01,-0.492,,,,1.22
1977-07-04,,,,,
1977-07-05,,,,,1.23
1977-07-06,,,,,1.23
1977-07-07,,,,,1.14
1977-07-08,-0.498,,,,1.12
1977-07-11,,,,,1.11
1977-07-12,,,,,1.1
1977-07-13,,,,,1.09
1977-07-14,,,,,
1977-07-15,-0.504,,,,1.05
1977-07-18,,,,,1.04
1977-07-19,,,,,1.02
1977-07-20,,,,,0.97
1977-07-21,,,,,0.94
1977-07-22,-0.509,,,,0.96
1977-07-25,,,,,0.99
1977-07-26,,,,,1.0
1977-07-27,,,,,0.99
1977-07-28,,,,,0.93
1977-07-29,-0.511,,,,0.92
1977-08-01,,,,,0.94
1977-08-02,,,,,0.9
1977-08-03,,,,,0.89
1977-08-04,,,,,0.91
1977-08-05,-0.51,,,,0.89
1977-08-08,,,,,0.89
1977-08-09,,,,,0.87
1977-08-10,,,,,0.87
1977-08-11,,,,,0.83
1977-08-12,-0.505,,,,0.8
1977-08-15,,,,,0.77
1977-08-16,,,,,0.74
1977-08-17,,,,,0.72
1977-08-18,,,,,0.74
1977-08-19,-0.496,,,,0.73
1977-08-22,,,,,0.73
1977-08-23,,,,,0.72
1977-08-24,,,,,0.68
1977-08-25,,,,,0.7
1977-08-26,-0.484,,,,0.65
1977-08-29,,,,,0.69
1977-08-30,,,,,0.71
1977-08-31,,,,,0.69
1977-09-01,,,,,0.73
1977-09-02,-0.469,,,,0.71
1977-09-05,,,,,
1977-09-06,,,,,0.72
1977-09-07,,,,,0.72
1977-09-08,,,,,0.74
1977-09-09,-0.45,,,,0.6
1977-09-12,,,,,0.6
1977-09-13,,,,,0.62
1977-09-14,,,,,0.6
1977-09-15,,,,,0.63
1977-09-16,-0.428,,,,0.64
1977-09-19,,,,,0.66
1977-09-20,,,,,0.66
1977-09-21,,,,,0.65
1977-09-22,,,,,0.54
1977-09-23,-0.402,,,,0.53
1977-09-26,,,,,0.53
1977-09-27,,,,,0.58
1977-09-28,,,,,0.57
1977-09-29,,,,,0.6
1977-09-30,-0.375,,,,0.59
1977-10-03,,,,,0.57
1977-10-04,,,,,0.56
1977-10-05,,,,,0.54
1977-10-06,,,,,0.55
1977-10-07,-0.347,,,,0.52
1977-10-10,,,,,
1977-10-11,,,,,0.48
1977-10-12,,,,,0.4
1977-10-13,,,,,0.35
1977-10-14,-0.319,,,,0.37
1977-10-17,,,,,0.33
1977-10-18,,,,,0.32
1977-10-19,,,,,0.32
1977-10-20,,,,,0.34
1977-10-21,-0.292,,,,0.33
1977-10-24,,,,,0.36
1977-10-25,,,,,0.38
1977-10-26,,,,,0.4
1977-10-27,,,,,0.42
1977-10-28,-0.267,,,,0.42
1977-10-31,,,,,0.39
1977-11-01,,,,,0.4
1977-11-02,,,,,0.45
1977-11-03,,,,,0.46
1977-11-04,-0.246,,,,0.44
1977-11-07,,,,,0.45
1977-11-08,,,,,
1977-11-09,,,,,0.44
1977-11-10,,,,,0.44
1977-11-11,-0.23,,,,
1977-11-14,,,,,0.46
1977-11-15,,,,,0.45
1977-11-16,,,,,0.43
1977-11-17,,,,,0.44
1977-11-18,-0.219,,,,0.43
1977-11-21,,,,,0.44
1977-11-22,,,,,0.4
1977-11-23,,,,,0.41
1977-11-24,,,,,
1977-11-25,-0.213,,,,0.42
1977-11-28,,,,,0.42
1977-11-29,,,,,0.44
1977-11-30,,,,,0.44
1977-12-01,,,,,0.45
1977-12-02,-0.214,,,,0.44
1977-12-05,,,,,0.45
1977-12-06,,,,,0.48
1977-12-07,,,,,0.47
1977-12-08,,,,,0.48
1977-12-09,-0.219,,,,0.48
1977-12-12,,,,,0.48
1977-12-13,,,,,0.49
1977-12-14,,,,,0.5
1977-12-15,,,,,0.53
1977-12-16,-0.229,,,,0.54
1977-12-19,,,,,0.56
1977-12-20,,,,,0.6
1977-12-21,,,,,0.56
1977-12-22,,,,,0.49
1977-12-23,-0.243,,,,0.51
1977-12-26,,,,,
1977-12-27,,,,,0.52
1977-12-28,,,,,0.53
1977-12-29,,,,,0.56
1977-12-30,-0.258,,,,0.56
1978-01-02,,,,,
1978-01-03,,,,,0.59
1978-01-04,,,,,0.58
1978-01-05,,,,,0.57
1978-01-06,-0.273,,,,0.57
1978-01-09,,,,,0.43
1978-01-10,,,,,0.44
1978-01-11,,,,,0.43
1978-01-12,,,,,0.42
1978-01-13,-0.286,,,,0.41
1978-01-16,,,,,0.43
1978-01-17,,,,,0.44
1978-01-18,,,,,0.44
1978-01-19,,,,,0.42
1978-01-20,-0.294,,,,0.42
1978-01-23,,,,,0.44
1978-01-24,,,,,0.46
1978-01-25,,,,,0.47
1978-01-26,,,,,0.47
1978-01-27,-0.296,,,,0.49
1978-01-30,,,,,0.49
1978-01-31,,,,,0.47
1978-02-01,,,,,0.49
1978-02-02,,,,,0.48
1978-02-03,-0.289,,,,0.49
1978-02-06,,,,,0.49
1978-02-07,,,,,0.47
1978-02-08,,,,,0.48
1978-02-09,,,,,0.49
1978-02-10,-0.274,,,,0.49
1978-02-13,,,,,
1978-02-14,,,,,0.48
1978-02-15,,,,,0.49
1978-02-16,,,,,0.46
1978-02-17,-0.249,,,,0.46
1978-02-20,,,,,
1978-02-21,,,,,0.45
1978-02-22,,,,,0.45
1978-02-23,,,,,0.43
1978-02-24,-0.216,,,,0.43
1978-02-27,,,,,0.43
1978-02-28,,,,,0.47
1978-03-01,,,,,0.46
1978-03-02,,,,,0.45
1978-03-03,-0.175,,,,0.45
1978-03-06,,,,,0.47
1978-03-07,,,,,0.47
1978-03-08,,,,,0.49
1978-03-09,,,,,0.46
1978-03-10,-0.127,,,,0.46
1978-03-13,,,,,0.45
1978-03-14,,,,,0.45
1978-03-15,,,,,0.46
1978-03-16,,,,,0.46
1978-03-17,-0.074,,,,0.45
1978-03-20,,,,,0.44
1978-03-21,,,,,0.44
1978-03-22,,,,,0.44
1978-03-23,,,,,0.45
1978-03-24,-0.017,,,,
1978-03-27,,,,,0.51
1978-03-28,,,,,0.48
1978-03-29,,,,,0.47
1978-03-30,,,,,0.48
1978-03-31,0.043,,,,0.45
1978-04-03,,,,,0.44
1978-04-04,,,,,0.43
1978-04-05,,,,,0.42
1978-04-06,,,,,0.43
1978-04-07,0.104,,,,0.42
1978-04-10,,,,,0.43
1978-04-11,,,,,0.45
1978-04-12,,,,,0.47
1978-04-13,,,,,0.48
1978-04-14,0.167,,,,0.51
1978-04-17,,,,,0.48
1978-04-18,,,,,0.46
1978-04-19,,,,,0.36
1978-04-20,,,,,0.35
1978-04-21,0.231,,,,0.35
1978-04-24,,,,,0.36
1978-04-25,,,,,0.38
1978-04-26,,,,,0.37
1978-04-27,,,,,0.35
1978-04-28,0.295,,,,0.27
1978-05-01,,,,,0.33
1978-05-02,,,,,0.34
1978-05-03,,,,,0.37
1978-05-04,,,,,0.37
1978-05-05,0.358,,,,0.38
1978-05-08,,,,,0.37
1978-05-09,,,,,0.36
1978-05-10,,,,,0.36
1978-05-11,,,,,0.34
1978-05-12,0.418,,,,0.36
1978-05-15,,,,,0.37
1978-05-16,,,,,0.37
1978-05-17,,,,,0.35
1978-05-18,,,,,0.33
1978-05-19,0.475,,,,0.31
1978-05-22,,,,,0.31
1978-05-23,,,,,0.3
1978-05-24,,,,,0.29
1978-05-25,,,,,0.3
1978-05-26,0.526,,,,0.32
1978-05-29,,,,,
1978-05-30,,,,,
1978-05-31,,,,,0.3
1978-06-01,,,,,0.29
1978-06-02,0.571,,,,0.3
1978-06-05,,,,,0.31
1978-06-06,,,,,0.3
1978-06-07,,,,,0.3
1978-06-08,,,,,0.31
1978-06-09,0.607,,,,0.32
1978-06-12,,,,,0.29
1978-06-13,,,,,0.3
1978-06-14,,,,,0.29
1978-06-15,,,,,0.29
1978-06-16,0.634,,,,0.24
1978-06-19,,,,,0.2
1978-06-20,,,,,0.2
1978-06-21,,,,,0.09
1978-06-22,,,,,0.09
1978-06-23,0.649,,,,0.11
1978-06-26,,,,,0.11
1978-06-27,,,,,0.14
1978-06-28,,,,,0.13
1978-06-29,,,,,0.15
1978-06-30,0.653,,,,0.14
1978-07-03,,,,,0.15
1978-07-04,,,,,
1978-07-05,,,,,0.18
1978-07-06,,,,,0.18
1978-07-07,0.645,,,,0.18
1978-07-10,,,,,0.18
1978-07-11,,,,,0.2
1978-07-12,,,,,0.19
1978-07-13,,,,,0.18
1978-07-14,0.627,,,,0.17
1978-07-17,,,,,0.17
1978-07-18,,,,,0.17
1978-07-19,,,,,0.16
1978-07-20,,,,,0.16
1978-07-21,0.601,,,,0.08
1978-07-24,,,,,0.1
1978-07-25,,,,,0.12
1978-07-26,,,,,0.14
1978-07-27,,,,,0.11
1978-07-28,0.569,,,,0.1
1978-07-31,,,,,0.09
1978-08-01,,,,,0.09
1978-08-02,,,,,0.04
1978-08-03,,,,,0.13
1978-08-04,0.535,,,,0.12
1978-08-07,,,,,0.18
1978-08-08,,,,,0.16
1978-08-09,,,,,0.17
1978-08-10,,,,,0.21
1978-08-11,0.504,,,,0.19
1978-08-14,,,,,0.16
1978-08-15,,,,,0.17
1978-08-16,,,,,0.05
1978-08-17,,,,,0.0
1978-08-18,0.484,,,,-0.04
1978-08-21,,,,,-0.06
1978-08-22,,,,,-0.06
1978-08-23,,,,,-0.1
1978-08-24,,,,,-0.06
1978-08-25,0.481,,,,-0.07
1978-08-28,,,,,-0.06
1978-08-29,,,,,-0.07
1978-08-30,,,,,-0.06
1978-08-31,,,,,-0.07
1978-09-01,0.502,,,,-0.12
1978-09-04,,,,,
1978-09-05,,,,,-0.12
1978-09-06,,,,,-0.09
1978-09-07,,,,,-0.1
1978-09-08,0.552,,,,-0.12
1978-09-11,,,,,-0.12
1978-09-12,,,,,-0.16
1978-09-13,,,,,-0.15
1978-09-14,,,,,-0.13
1978-09-15,0.633,,,,-0.14
1978-09-18,,,,,-0.15
1978-09-19,,,,,-0.16
1978-09-20,,,,,-0.14
1978-09-21,,,,,-0.18
1978-09-22,0.747,,,,-0.17
1978-09-25,,,,,-0.19
1978-09-26,,,,,-0.22
1978-09-27,,,,,-0.2
1978-09-28,,,,,-0.18
1978-09-29,0.89,,,,-0.14
1978-10-02,,,,,-0.13
1978-10-03,,,,,-0.12
1978-10-04,,,,,-0.1
1978-10-05,,,,,-0.09
1978-10-06,1.057,,,,-0.11
1978-10-09,,,,,
1978-10-10,,,,,-0.12
1978-10-11,,,,,-0.14
1978-10-12,,,,,-0.18
1978-10-13,1.238,,,,-0.17
1978-10-16,,,,,-0.14
1978-10-17,,,,,-0.17
1978-10-18,,,,,-0.21
1978-10-19,,,,,-0.2
1978-10-20,1.423,,,,-0.19
1978-10-23,,,,,-0.18
1978-10-24,,,,,-0.21
1978-10-25,,,,,-0.31
1978-10-26,,,,,-0.33
1978-10-27,1.601,,,,-0.34
1978-10-30,,,,,-0.47
1978-10-31,,,,,-0.53
1978-11-01,,,,,-0.78
1978-11-02,,,,,-0.69
1978-11-03,1.758,,,,-0.63
1978-11-06,,,,,-0.6
1978-11-07,,,,,
1978-11-08,,,,,-0.63
1978-11-09,,,,,-0.63
1978-11-10,1.886,,,,-0.6
1978-11-13,,,,,-0.57
1978-11-14,,,,,-0.59
1978-11-15,,,,,-0.58
1978-11-16,,,,,-0.49
1978-11-17,1.978,,,,-0.47
1978-11-20,,,,,-0.47
1978-11-21,,,,,-0.46
1978-11-22,,,,,-0.6
1978-11-23,,,,,
1978-11-24,2.027,,,,-0.74
1978-11-27,,,,,-0.74
1978-11-28,,,,,-0.74
1978-11-29,,,,,-0.69
1978-11-30,,,,,-0.69
1978-12-01,2.037,,,,-0.7
1978-12-04,,,,,-0.69
1978-12-05,,,,,-0.65
1978-12-06,,,,,-0.65
1978-12-07,,,,,-0.61
1978-12-08,2.007,,,,-0.61
1978-12-11,,,,,-0.62
1978-12-12,,,,,-0.6
1978-12-13,,,,,-0.56
1978-12-14,,,,,-0.58
1978-12-15,1.942,,,,-0.58
1978-12-18,,,,,-0.73
1978-12-19,,,,,-0.77
1978-12-20,,,,,-0.8
1978-12-21,,,,,-0.82
1978-12-22,1.846,,,,-0.85
1978-12-25,,,,,
1978-12-26,,,,,-0.85
1978-12-27,,,,,-0.86
1978-12-28,,,,,-0.82
1978-12-29,1.727,,,,-0.83
1979-01-01,,,,,
1979-01-02,,,,,-0.82
1979-01-03,,,,,-0.82
1979-01-04,,,,,-0.77
1979-01-05,1.589,,,,-0.77
1979-01-08,,,,,-0.78
1979-01-09,,,,,-0.76
1979-01-10,,,,,-0.78
1979-01-11,,,,,-0.77
1979-01-12,1.441,,,,-0.78
1979-01-15,,,,,-0.76
1979-01-16,,,,,-0.76
1979-01-17,,,,,-0.73
1979-01-18,,,,,-0.74
1979-01-19,1.287,,,,-0.76
1979-01-22,,,,,-0.74
1979-01-23,,,,,-0.75
1979-01-24,,,,,-0.77
1979-01-25,,,,,-0.8
1979-01-26,1.134,,,,-0.74
1979-01-29,,,,,-0.71
1979-01-30,,,,,-0.73
1979-01-31,,,,,-0.69
1979-02-01,,,,,-0.67
1979-02-02,0.987,,,,-0.59
1979-02-05,,,,,-0.58
1979-02-06,,,,,-0.58
1979-02-07,,,,,-0.58
1979-02-08,,,,,-0.61
1979-02-09,0.848,,,,-0.59
1979-02-12,,,,,
1979-02-13,,,,,-0.58
1979-02-14,,,,,-0.55
1979-02-15,,,,,-0.56
1979-02-16,0.721,,,,-0.57
1979-02-19,,,,,
1979-02-20,,,,,-0.57
1979-02-21,,,,,-0.56
1979-02-22,,,,,-0.7
1979-02-23,0.606,,,,-0.71
1979-02-26,,,,,-0.71
1979-02-27,,,,,-0.7
1979-02-28,,,,,-0.72
1979-03-01,,,,,-0.7
1979-03-02,0.507,,,,-0.71
1979-03-05,,,,,-0.72
1979-03-06,,,,,-0.69
1979-03-07,,,,,-0.71
1979-03-08,,,,,-0.66
1979-03-09,0.423,,,,-0.68
1979-03-12,,,,,-0.7
1979-03-13,,,,,-0.69
1979-03-14,,,,,-0.7
1979-03-15,,,,,-0.68
1979-03-16,0.355,,,,-0.72
1979-03-19,,,,,-0.69
1979-03-20,,,,,-0.66
1979-03-21,,,,,-0.66
1979-03-22,,,,,-0.65
1979-03-23,0.302,,,,-0.65
1979-03-26,,,,,-0.64
1979-03-27,,,,,-0.62
1979-03-28,,,,,-0.64
1979-03-29,,,,,-0.61
1979-03-30,0.266,,,,-0.61
1979-04-02,,,,,-0.63
1979-04-03,,,,,-0.63
1979-04-04,,,,,-0.62
1979-04-05,,,,,-0.61
1979-04-06,0.245,,,,-0.65
1979-04-09,,,,,-0.67
1979-04-10,,,,,-0.64
1979-04-11,,,,,-0.65
1979-04-12,,,,,-0.65
1979-04-13,0.238,,,,
1979-04-16,,,,,-0.67
1979-04-17,,,,,-0.61
1979-04-18,,,,,-0.56
1979-04-19,,,,,-0.53
1979-04-20,0.245,,,,-0.54
1979-04-23,,,,,-0.52
1979-04-24,,,,,-0.51
1979-04-25,,,,,-0.54
1979-04-26,,,,,-0.53
1979-04-27,0.266,,,,-0.61
1979-04-30,,,,,-0.56
1979-05-01,,,,,-0.55
1979-05-02,,,,,-0.57
1979-05-03,,,,,-0.55
1979-05-04,0.297,,,,-0.54
1979-05-07,,,,,-0.52
1979-05-08,,,,,-0.53
1979-05-09,,,,,-0.54
1979-05-10,,,,,-0.56
1979-05-11,0.34,,,,-0.56
1979-05-14,,,,,-0.57
1979-05-15,,,,,-0.55
1979-05-16,,,,,-0.53
1979-05-17,,,,,-0.48
1979-05-18,0.392,,,,-0.48
1979-05-21,,,,,-0.51
1979-05-22,,,,,-0.54
1979-05-23,,,,,-0.58
1979-05-24,,,,,-0.52
1979-05-25,0.454,,,,-0.49
1979-05-28,,,,,
1979-05-29,,,,,-0.49
1979-05-30,,,,,
1979-05-31,,,,,-0.5
1979-06-01,0.523,,,,-0.51
1979-06-04,,,,,-0.5
1979-06-05,,,,,-0.48
1979-06-06,,,,,-0.46
1979-06-07,,,,,-0.4
1979-06-08,0.598,,,,-0.35
1979-06-11,,,,,-0.33
1979-06-12,,,,,-0.26
1979-06-13,,,,,-0.25
1979-06-14,,,,,-0.25
1979-06-15,0.677,,,,-0.28
1979-06-18,,,,,-0.31
1979-06-19,,,,,-0.29
1979-06-20,,,,,-0.31
1979-06-21,,,,,-0.32
1979-06-22,0.758,,,,-0.29
1979-06-25,,,,,-0.27
1979-06-26,,,,,-0.15
1979-06-27,,,,,-0.12
1979-06-28,,,,,-0.15
1979-06-29,0.839,,,,-0.16
1979-07-02,,,,,-0.17
1979-07-03,,,,,-0.18
1979-07-04,,,,,
1979-07-05,,,,,-0.18
1979-07-06,0.92,,,,-0.18
1979-07-09,,,,,-0.18
1979-07-10,,,,,-0.12
1979-07-11,,,,,-0.07
1979-07-12,,,,,-0.06
1979-07-13,1.001,,,,-0.07
1979-07-16,,,,,-0.09
1979-07-17,,,,,-0.09
1979-07-18,,,,,-0.07
1979-07-19,,,,,-0.1
1979-07-20,1.084,,,,-0.26
1979-07-23,,,,,-0.25
1979-07-24,,,,,-0.27
1979-07-25,,,,,-0.37
1979-07-26,,,,,-0.28
1979-07-27,1.171,,,,-0.36
1979-07-30,,,,,-0.29
1979-07-31,,,,,-0.3
1979-08-01,,,,,-0.24
1979-08-02,,,,,-0.29
1979-08-03,1.263,,,,-0.35
1979-08-06,,,,,-0.36
1979-08-07,,,,,-0.31
1979-08-08,,,,,-0.32
1979-08-09,,,,,-0.3
1979-08-10,1.362,,,,-0.33
1979-08-13,,,,,-0.34
1979-08-14,,,,,-0.34
1979-08-15,,,,,-0.41
1979-08-16,,,,,-0.39
1979-08-17,1.468,,,,-0.43
1979-08-20,,,,,-0.43
1979-08-21,,,,,-0.47
1979-08-22,,,,,-0.51
1979-08-23,,,,,-0.58
1979-08-24,1.581,,,,-0.58
1979-08-27,,,,,-0.56
1979-08-28,,,,,-0.58
1979-08-29,,,,,-0.59
1979-08-30,,,,,-0.56
1979-08-31,1.701,,,,-0.6
1979-09-03,,,,,
1979-09-04,,,,,-0.68
1979-09-05,,,,,-0.7
1979-09-06,,,,,-0.68
1979-09-07,1.825,,,,-0.76
1979-09-10,,,,,-0.77
1979-09-11,,,,,-0.75
1979-09-12,,,,,-0.74
1979-09-13,,,,,-0.76
1979-09-14,1.951,,,,-0.73
1979-09-17,,,,,-0.76
1979-09-18,,,,,-0.78
1979-09-19,,,,,-0.77
1979-09-20,,,,,-0.74
1979-09-21,2.076,,,,-0.74
1979-09-24,,,,,-0.67
1979-09-25,,,,,-0.69
1979-09-26,,,,,-0.66
1979-09-27,,,,,-0.67
1979-09-28,2.193,,,,-0.66
1979-10-01,,,,,-0.63
1979-10-02,,,,,-0.67
1979-10-03,,,,,-0.64
1979-10-04,,,,,-0.76
1979-10-05,2.3,,,,-0.79
1979-10-08,,,,,
1979-10-09,,,,,-1.19
1979-10-10,,,,,-1.31
1979-10-11,,,,,-1.09
1979-10-12,2.391,,,,-1.02
1979-10-15,,,,,-1.08
1979-10-16,,,,,-1.12
1979-10-17,,,,,-1.2
1979-10-18,,,,,-1.34
1979-10-19,2.461,,,,-1.47
1979-10-22,,,,,-1.47
1979-10-23,,,,,-1.61
1979-10-24,,,,,-1.69
1979-10-25,,,,,-1.61
1979-10-26,2.506,,,,-1.38
1979-10-29,,,,,-1.41
1979-10-30,,,,,-1.37
1979-10-31,,,,,-1.34
1979-11-01,,,,,-1.29
1979-11-02,2.523,,,,-1.35
1979-11-05,,,,,-1.3
1979-11-06,,,,,
1979-11-07,,,,,-1.36
1979-11-08,,,,,-1.33
1979-11-09,2.509,,,,-1.1
1979-11-12,,,,,
1979-11-13,,,,,-1.01
1979-11-14,,,,,-1.07
1979-11-15,,,,,-1.06
1979-11-16,2.465,,,,-1.2
1979-11-19,,,,,-1.28
1979-11-20,,,,,-1.34
1979-11-21,,,,,-1.44
1979-11-22,,,,,
1979-11-23,2.395,,,,-1.18
1979-11-26,,,,,-1.07
1979-11-27,,,,,-0.87
1979-11-28,,,,,-0.86
1979-11-29,,,,,-0.89
1979-11-30,2.305,,,,-0.95
1979-12-03,,,,,-0.98
1979-12-04,,,,,-0.98
1979-12-05,,,,,-0.94
1979-12-06,,,,,-0.95
1979-12-07,2.2,,,,-0.91
1979-12-10,,,,,-0.98
1979-12-11,,,,,-1.14
1979-12-12,,,,,-1.27
1979-12-13,,,,,-1.16
1979-12-14,2.09,,,,-1.02
1979-12-17,,,,,-1.03
1979-12-18,,,,,-0.97
1979-12-19,,,,,-1.05
1979-12-20,,,,,-1.02
1979-12-21,1.984,,,,-1.03
1979-12-24,,,,,-0.99
1979-12-25,,,,,
1979-12-26,,,,,-0.95
1979-12-27,,,,,-0.93
1979-12-28,1.888,,,,-0.89
1979-12-31,,,,,-0.9
1980-01-01,,,,,
1980-01-02,,,,,-0.89
1980-01-03,,,,,-0.85
1980-01-04,1.812,,,,-0.81
1980-01-07,,,,,-0.72
1980-01-08,,,,,-0.69
1980-01-09,,,,,-0.66
1980-01-10,,,,,-0.67
1980-01-11,1.765,,,,-0.65
1980-01-14,,,,,-0.65
1980-01-15,,,,,-0.67
1980-01-16,,,,,-0.65
1980-01-17,,,,,-0.66
1980-01-18,1.754,,,,-0.7
1980-01-21,,,,,-0.62
1980-01-22,,,,,-0.71
1980-01-23,,,,,-0.71
1980-01-24,,,,,-0.67
1980-01-25,1.788,,,,-0.72
1980-01-28,,,,,-0.64
1980-01-29,,,,,-0.67
1980-01-30,,,,,-0.68
1980-01-31,,,,,-0.62
1980-02-01,1.871,,,,-0.75
1980-02-04,,,,,-0.72
1980-02-05,,,,,-0.76
1980-02-06,,,,,-0.5
1980-02-07,,,,,-0.5
1980-02-08,2.006,,,,-0.51
1980-02-11,,,,,-0.59
1980-02-12,,,,,
1980-02-13,,,,,-0.66
1980-02-14,,,,,-0.63
1980-02-15,2.193,,,,-0.93
1980-02-18,,,,,
1980-02-19,,,,,-1.11
1980-02-20,,,,,-1.19
1980-02-21,,,,,-1.29
1980-02-22,2.424,,,,-1.46
1980-02-25,,,,,-1.35
1980-02-26,,,,,-1.26
1980-02-27,,,,,-1.36
1980-02-28,,,,,-1.49
1980-02-29,2.692,,,,-2.01
1980-03-03,,,,,-2.04
1980-03-04,,,,,-1.95
1980-03-05,,,,,-1.96
1980-03-06,,,,,-2.14
1980-03-07,2.977,,,,-2.34
1980-03-10,,,,,-2.08
1980-03-11,,,,,-2.02
1980-03-12,,,,,-2.12
1980-03-13,,,,,-2.19
1980-03-14,3.264,,,,-2.28
1980-03-17,,,,,-2.24
1980-03-18,,,,,-2.02
1980-03-19,,,,,-1.98
1980-03-20,,,,,-2.41
1980-03-21,3.529,,,,-2.27
1980-03-24,,,,,-2.19
1980-03-25,,,,,-2.09
1980-03-26,,,,,-2.23
1980-03-27,,,,,-2.14
1980-03-28,3.75,,,,-2.17
1980-03-31,,,,,-1.99
1980-04-01,,,,,-1.9
1980-04-02,,,,,-1.89
1980-04-03,,,,,-1.99
1980-04-04,3.913,,,,
1980-04-07,,,,,-1.72
1980-04-08,,,,,-1.68
1980-04-09,,,,,-1.48
1980-04-10,,,,,-1.51
1980-04-11,4.001,,,,-1.43
1980-04-14,,,,,-1.34
1980-04-15,,,,,-1.15
1980-04-16,,,,,-1.07
1980-04-17,,,,,-0.84
1980-04-18,4.009,,,,-0.71
1980-04-21,,,,,-0.66
1980-04-22,,,,,-0.61
1980-04-23,,,,,-0.49
1980-04-24,,,,,-0.46
1980-04-25,3.936,,,,-0.44
1980-04-28,,,,,-0.11
1980-04-29,,,,,-0.07
1980-04-30,,,,,-0.05
1980-05-01,,,,,-0.13
1980-05-02,3.789,,,,0.2
1980-05-05,,,,,0.33
1980-05-06,,,,,0.4
1980-05-07,,,,,0.55
1980-05-08,,,,,0.7
1980-05-09,3.578,,,,0.45
1980-05-12,,,,,0.78
1980-05-13,,,,,0.75
1980-05-14,,,,,0.87
1980-05-15,,,,,0.83
1980-05-16,3.319,,,,0.61
1980-05-19,,,,,0.75
1980-05-20,,,,,0.96
1980-05-21,,,,,0.94
1980-05-22,,,,,0.97
1980-05-23,3.026,,,,1.12
1980-05-26,,,,,
1980-05-27,,,,,1.14
1980-05-28,,,,,1.06
1980-05-29,,,,,1.08
1980-05-30,2.714,,,,1.0
1980-06-02,,,,,0.97
1980-06-03,,,,,0.96
1980-06-04,,,,,1.01
1980-06-05,,,,,1.05
1980-06-06,2.396,,,,1.09
1980-06-09,,,,,1.12
1980-06-10,,,,,1.04
1980-06-11,,,,,1.05
1980-06-12,,,,,1.07
1980-06-13,2.084,,,,1.12
1980-06-16,,,,,1.09
1980-06-17,,,,,1.13
1980-06-18,,,,,0.98
1980-06-19,,,,,0.88
1980-06-20,1.786,,,,1.06
1980-06-23,,,,,1.04
1980-06-24,,,,,1.04
1980-06-25,,,,,1.06
1980-06-26,,,,,1.07
1980-06-27,1.513,,,,1.1
1980-06-30,,,,,1.12
1980-07-01,,,,,1.12
1980-07-02,,,,,1.18
1980-07-03,,,,,1.24
1980-07-04,1.275,,,,
1980-07-07,,,,,1.26
1980-07-08,,,,,1.29
1980-07-09,,,,,1.31
1980-07-10,,,,,1.31
1980-07-11,1.079,,,,1.31
1980-07-14,,,,,1.17
1980-07-15,,,,,1.19
1980-07-16,,,,,1.28
1980-07-17,,,,,1.32
1980-07-18,0.932,,,,1.27
1980-07-21,,,,,1.2
1980-07-22,,,,,1.16
1980-07-23,,,,,1.17
1980-07-24,,,,,1.19
1980-07-25,0.831,,,,1.2
1980-07-28,,,,,1.22
1980-07-29,,,,,1.17
1980-07-30,,,,,1.2
1980-07-31,,,,,1.04
1980-08-01,0.776,,,,0.98
1980-08-04,,,,,1.03
1980-08-05,,,,,1.03
1980-08-06,,,,,1.11
1980-08-07,,,,,1.04
1980-08-08,0.762,,,,1.06
1980-08-11,,,,,0.96
1980-08-12,,,,,0.95
1980-08-13,,,,,0.86
1980-08-14,,,,,0.83
1980-08-15,0.781,,,,0.74
1980-08-18,,,,,0.36
1980-08-19,,,,,0.33
1980-08-20,,,,,0.11
1980-08-21,,,,,0.03
1980-08-22,0.821,,,,0.04
1980-08-25,,,,,0.06
1980-08-26,,,,,0.08
1980-08-27,,,,,0.15
1980-08-28,,,,,0.12
1980-08-29,0.881,,,,0.19
1980-09-01,,,,,
1980-09-02,,,,,0.27
1980-09-03,,,,,0.35
1980-09-04,,,,,0.39
1980-09-05,0.955,,,,0.32
1980-09-08,,,,,0.18
1980-09-09,,,,,0.06
1980-09-10,,,,,0.11
1980-09-11,,,,,0.05
1980-09-12,1.035,,,,-0.03
1980-09-15,,,,,-0.17
1980-09-16,,,,,-0.16
1980-09-17,,,,,-0.22
1980-09-18,,,,,-0.31
1980-09-19,1.124,,,,-0.26
1980-09-22,,,,,-0.31
1980-09-23,,,,,-0.24
1980-09-24,,,,,-0.23
1980-09-25,,,,,-0.2
1980-09-26,1.224,,,,-0.41
1980-09-29,,,,,-0.31
1980-09-30,,,,,-0.27
1980-10-01,,,,,-0.24
1980-10-02,,,,,-0.23
1980-10-03,1.337,,,,-0.11
1980-10-06,,,,,-0.06
1980-10-07,,,,,-0.01
1980-10-08,,,,,-0.18
1980-10-09,,,,,-0.21
1980-10-10,1.466,,,,-0.2
1980-10-13,,,,,
1980-10-14,,,,,-0.3
1980-10-15,,,,,-0.29
1980-10-16,,,,,-0.22
1980-10-17,1.619,,,,-0.29
1980-10-20,,,,,-0.36
1980-10-21,,,,,-0.41
1980-10-22,,,,,-0.43
1980-10-23,,,,,-0.49
1980-10-24,1.794,,,,-0.51
1980-10-27,,,,,-0.6
1980-10-28,,,,,-0.59
1980-10-29,,,,,-0.5
1980-10-30,,,,,-0.56
1980-10-31,1.993,,,,-0.62
1980-11-03,,,,,-0.77
1980-11-04,,,,,
1980-11-05,,,,,-0.77
1980-11-06,,,,,-0.53
1980-11-07,2.211,,,,-0.7
1980-11-10,,,,,-0.51
1980-11-11,,,,,
1980-11-12,,,,,-0.39
1980-11-13,,,,,-0.4
1980-11-14,2.438,,,,-0.46
1980-11-17,,,,,-0.76
1980-11-18,,,,,-0.85
1980-11-19,,,,,-0.86
1980-11-20,,,,,-0.94
1980-11-21,2.665,,,,-1.03
1980-11-24,,,,,-1.12
1980-11-25,,,,,-1.25
1980-11-26,,,,,-1.35
1980-11-27,,,,,
1980-11-28,2.881,,,,-1.41
1980-12-01,,,,,-1.33
1980-12-02,,,,,-1.3
1980-12-03,,,,,-1.12
1980-12-04,,,,,-1.24
1980-12-05,3.066,,,,-1.49
1980-12-08,,,,,-1.54
1980-12-09,,,,,-1.44
1980-12-10,,,,,-1.44
1980-12-11,,,,,-1.4
1980-12-12,3.206,,,,-1.53
1980-12-15,,,,,-1.58
1980-12-16,,,,,-1.61
1980-12-17,,,,,-1.7
1980-12-18,,,,,-1.67
1980-12-19,3.299,,,,-1.41
1980-12-22,,,,,-1.1
1980-12-23,,,,,-0.69
1980-12-24,,,,,-0.95
1980-12-25,,,,,
1980-12-26,3.325,,,,-0.7
1980-12-29,,,,,-0.67
1980-12-30,,,,,-0.58
1980-12-31,,,,,-0.63
1981-01-01,,,,,
1981-01-02,3.291,,,,-0.68
1981-01-05,,,,,-0.13
1981-01-06,,,,,-0.31
1981-01-07,,,,,-0.54
1981-01-08,,,,,-0.74
1981-01-09,3.201,,,,-0.96
1981-01-12,,,,,-0.72
1981-01-13,,,,,-0.77
1981-01-14,,,,,-0.42
1981-01-15,,,,,-0.63
1981-01-16,3.066,,,,-0.55
1981-01-19,,,,,-0.98
1981-01-20,,,,,-0.98
1981-01-21,,,,,-1.02
1981-01-22,,,,,-0.96
1981-01-23,2.895,,,,-0.9
1981-01-26,,,,,-0.7
1981-01-27,,,,,-0.67
1981-01-28,,,,,-0.71
1981-01-29,,,,,-0.62
1981-01-30,2.705,,,,-0.58
1981-02-02,,,,,-0.65
1981-02-03,,,,,-0.72
1981-02-04,,,,,-0.77
1981-02-05,,,,,-0.68
1981-02-06,2.504,,,,-0.8
1981-02-09,,,,,-0.76
1981-02-10,,,,,-0.83
1981-02-11,,,,,-0.92
1981-02-12,,,,,
1981-02-13,2.309,,,,-0.8
1981-02-16,,,,,
1981-02-17,,,,,-0.64
1981-02-18,,,,,-0.68
1981-02-19,,,,,-0.63
1981-02-20,2.131,,,,-0.65
1981-02-23,,,,,-0.73
1981-02-24,,,,,-0.79
1981-02-25,,,,,-0.71
1981-02-26,,,,,-0.63
1981-02-27,1.972,,,,-0.65
1981-03-02,,,,,-0.78
1981-03-03,,,,,-0.7
1981-03-04,,,,,-0.76
1981-03-05,,,,,-0.74
1981-03-06,1.844,,,,-0.71
1981-03-09,,,,,-0.75
1981-03-10,,,,,-0.66
1981-03-11,,,,,-0.67
1981-03-12,,,,,-0.67
1981-03-13,1.749,,,,-0.59
1981-03-16,,,,,-0.45
1981-03-17,,,,,-0.52
1981-03-18,,,,,-0.17
1981-03-19,,,,,-0.17
1981-03-20,1.69,,,,-0.11
1981-03-23,,,,,-0.23
1981-03-24,,,,,-0.25
1981-03-25,,,,,-0.3
1981-03-26,,,,,-0.28
1981-03-27,1.669,,,,-0.31
1981-03-30,,,,,-0.1
1981-03-31,,,,,-0.04
1981-04-01,,,,,-0.05
1981-04-02,,,,,-0.15
1981-04-03,1.686,,,,-0.17
1981-04-06,,,,,-0.39
1981-04-07,,,,,-0.29
1981-04-08,,,,,-0.28
1981-04-09,,,,,-0.42
1981-04-10,1.737,,,,-0.31
1981-04-13,,,,,-0.37
1981-04-14,,,,,-0.34
1981-04-15,,,,,-0.45
1981-04-16,,,,,-0.44
1981-04-17,1.822,,,,
1981-04-20,,,,,-0.64
1981-04-21,,,,,-0.61
1981-04-22,,,,,-0.63
1981-04-23,,,,,-0.71
1981-04-24,1.93,,,,-0.78
1981-04-27,,,,,-0.81
1981-04-28,,,,,-0.72
1981-04-29,,,,,-0.62
1981-04-30,,,,,-0.73
1981-05-01,2.059,,,,-0.67
1981-05-04,,,,,-0.9
1981-05-05,,,,,-1.25
1981-05-06,,,,,-1.27
1981-05-07,,,,,-1.36
1981-05-08,2.208,,,,-1.46
1981-05-11,,,,,-1.4
1981-05-12,,,,,-1.47
1981-05-13,,,,,-1.45
1981-05-14,,,,,-1.56
1981-05-15,2.369,,,,-1.48
1981-05-18,,,,,-1.39
1981-05-19,,,,,-1.52
1981-05-20,,,,,-1.63
1981-05-21,,,,,-1.7
1981-05-22,2.535,,,,-1.66
1981-05-25,,,,,
1981-05-26,,,,,-1.42
1981-05-27,,,,,-1.43
1981-05-28,,,,,-1.23
1981-05-29,2.709,,,,-0.9
1981-06-01,,,,,-1.01
1981-06-02,,,,,-1.08
1981-06-03,,,,,-1.1
1981-06-04,,,,,-1.25
1981-06-05,2.878,,,,-1.17
1981-06-08,,,,,-0.95
1981-06-09,,,,,-1.04
1981-06-10,,,,,-1.0
1981-06-11,,,,,-1.08
1981-06-12,3.042,,,,-1.09
1981-06-15,,,,,-0.94
1981-06-16,,,,,-1.03
1981-06-17,,,,,-1.14
1981-06-18,,,,,-1.09
1981-06-19,3.191,,,,-1.19
1981-06-22,,,,,-1.05
1981-06-23,,,,,-1.03
1981-06-24,,,,,-1.05
1981-06-25,,,,,-0.95
1981-06-26,3.319,,,,-0.9
1981-06-29,,,,,-0.8
1981-06-30,,,,,-0.8
1981-07-01,,,,,-0.9
1981-07-02,,,,,-0.92
1981-07-03,3.419,,,,
1981-07-06,,,,,-0.87
1981-07-07,,,,,-0.88
1981-07-08,,,,,-0.91
1981-07-09,,,,,-1.02
1981-07-10,3.491,,,,-0.94
1981-07-13,,,,,-0.84
1981-07-14,,,,,-0.92
1981-07-15,,,,,-0.96
1981-07-16,,,,,-1.0
1981-07-17,3.531,,,,-0.98
1981-07-20,,,,,-1.37
1981-07-21,,,,,-1.39
1981-07-22,,,,,-1.32
1981-07-23,,,,,-1.28
1981-07-24,3.54,,,,-1.23
1981-07-27,,,,,-1.14
1981-07-28,,,,,-1.25
1981-07-29,,,,,-1.15
1981-07-30,,,,,-1.17
1981-07-31,3.523,,,,-1.17
1981-08-03,,,,,-1.21
1981-08-04,,,,,-1.21
1981-08-05,,,,,-1.16
1981-08-06,,,,,-1.17
1981-08-07,3.481,,,,-1.22
1981-08-10,,,,,-1.18
1981-08-11,,,,,-1.27
1981-08-12,,,,,-1.41
1981-08-13,,,,,-1.48
1981-08-14,3.42,,,,-1.45
1981-08-17,,,,,-1.51
1981-08-18,,,,,-1.51
1981-08-19,,,,,-1.55
1981-08-20,,,,,-1.36
1981-08-21,3.347,,,,-1.34
1981-08-24,,,,,-1.54
1981-08-25,,,,,-1.32
1981-08-26,,,,,-1.38
1981-08-27,,,,,-1.39
1981-08-28,3.27,,,,-1.32
1981-08-31,,,,,-1.32
1981-09-01,,,,,-1.37
1981-09-02,,,,,-1.38
1981-09-03,,,,,-1.42
1981-09-04,3.192,,,,-1.38
1981-09-07,,,,,
1981-09-08,,,,,-1.36
1981-09-09,,,,,-1.42
1981-09-10,,,,,-1.42
1981-09-11,3.121,,,,-1.42
1981-09-14,,,,,-1.23
1981-09-15,,,,,-1.05
1981-09-16,,,,,-0.98
1981-09-17,,,,,-1.06
1981-09-18,3.054,,,,-1.11
1981-09-21,,,,,-1.01
1981-09-22,,,,,-1.01
1981-09-23,,,,,-0.88
1981-09-24,,,,,-0.86
1981-09-25,2.991,,,,-0.85
1981-09-28,,,,,-0.92
1981-09-29,,,,,-0.83
1981-09-30,,,,,-0.85
1981-10-01,,,,,-0.82
1981-10-02,2.936,,,,-0.93
1981-10-05,,,,,-0.68
1981-10-06,,,,,-0.71
1981-10-07,,,,,-0.69
1981-10-08,,,,,-0.79
1981-10-09,2.88,,,,-0.47
1981-10-12,,,,,
1981-10-13,,,,,-0.42
1981-10-14,,,,,-0.48
1981-10-15,,,,,-0.43
1981-10-16,2.827,,,,-0.52
1981-10-19,,,,,-0.53
1981-10-20,,,,,-0.39
1981-10-21,,,,,-0.21
1981-10-22,,,,,-0.18
1981-10-23,2.772,,,,-0.11
1981-10-26,,,,,0.04
1981-10-27,,,,,-0.02
1981-10-28,,,,,0.02
1981-10-29,,,,,-0.01
1981-10-30,2.712,,,,0.04
1981-11-02,,,,,0.13
1981-11-03,,,,,
1981-11-04,,,,,0.07
1981-11-05,,,,,-0.01
1981-11-06,2.643,,,,0.08
1981-11-09,,,,,0.22
1981-11-10,,,,,0.18
1981-11-11,,,,,
1981-11-12,,,,,0.42
1981-11-13,2.566,,,,0.35
1981-11-16,,,,,0.38
1981-11-17,,,,,0.47
1981-11-18,,,,,0.81
1981-11-19,,,,,0.82
1981-11-20,2.48,,,,0.93
1981-11-23,,,,,0.94
1981-11-24,,,,,0.98
1981-11-25,,,,,0.85
1981-11-26,,,,,
1981-11-27,2.392,,,,0.81
1981-11-30,,,,,0.77
1981-12-01,,,,,0.66
1981-12-02,,,,,0.6
1981-12-03,,,,,0.57
1981-12-04,2.306,,,,0.92
1981-12-07,,,,,0.92
1981-12-08,,,,,0.85
1981-12-09,,,,,0.77
1981-12-10,,,,,0.64
1981-12-11,2.224,,,,0.49
1981-12-14,,,,,0.23
1981-12-15,,,,,0.45
1981-12-16,,,,,0.49
1981-12-17,,,,,0.34
1981-12-18,2.147,,,,0.32
1981-12-21,,,,,0.22
1981-12-22,,,,,0.25
1981-12-23,,,,,0.02
1981-12-24,,,,,0.06
1981-12-25,2.079,,,,
1981-12-28,,,,,-0.01
1981-12-29,,,,,0.14
1981-12-30,,,,,0.27
1981-12-31,,,,,0.35
1982-01-01,2.017,,,,
1982-01-04,,,,,0.32
1982-01-05,,,,,0.35
1982-01-06,,,,,0.4
1982-01-07,,,,,0.3
1982-01-08,1.966,,,,0.37
1982-01-11,,,,,0.26
1982-01-12,,,,,0.13
1982-01-13,,,,,0.05
1982-01-14,,,,,-0.01
1982-01-15,1.931,,,,0.01
1982-01-18,,,,,-0.08
1982-01-19,,,,,0.01
1982-01-20,,,,,-0.21
1982-01-21,,,,,-0.34
1982-01-22,1.911,,,,-0.37
1982-01-25,,,,,-0.31
1982-01-26,,,,,-0.16
1982-01-27,,,,,-0.06
1982-01-28,,,,,-0.04
1982-01-29,1.911,,,,-0.1
1982-02-01,,,,,-0.46
1982-02-02,,,,,-0.38
1982-02-03,,,,,-0.24
1982-02-04,,,,,-0.2
1982-02-05,1.922,,,,-0.24
1982-02-08,,,,,-0.21
1982-02-09,,,,,-0.2
1982-02-10,,,,,-0.27
1982-02-11,,,,,-0.36
1982-02-12,1.945,,,,
1982-02-15,,,,,
1982-02-16,,,,,-0.51
1982-02-17,,,,,-0.68
1982-02-18,,,,,-0.71
1982-02-19,1.976,,,,-0.7
1982-02-22,,,,,-0.48
1982-02-23,,,,,-0.4
1982-02-24,,,,,-0.37
1982-02-25,,,,,-0.34
1982-02-26,2.01,,,,-0.41
1982-03-01,,,,,-0.4
1982-03-02,,,,,-0.4
1982-03-03,,,,,-0.4
1982-03-04,,,,,-0.29
1982-03-05,2.04,,,,-0.2
1982-03-08,,,,,-0.04
1982-03-09,,,,,-0.24
1982-03-10,,,,,-0.24
1982-03-11,,,,,-0.3
1982-03-12,2.067,,,,-0.38
1982-03-15,,,,,-0.47
1982-03-16,,,,,-0.44
1982-03-17,,,,,-0.27
1982-03-18,,,,,-0.37
1982-03-19,2.091,,,,-0.46
1982-03-22,,,,,-0.35
1982-03-23,,,,,-0.35
1982-03-24,,,,,-0.23
1982-03-25,,,,,-0.34
1982-03-26,2.113,,,,-0.34
1982-03-29,,,,,-0.37
1982-03-30,,,,,-0.44
1982-03-31,,,,,-0.34
1982-04-01,,,,,-0.32
1982-04-02,2.132,,,,-0.34
1982-04-05,,,,,-0.21
1982-04-06,,,,,-0.24
1982-04-07,,,,,-0.36
1982-04-08,,,,,-0.3
1982-04-09,2.156,,,,
1982-04-12,,,,,-0.39
1982-04-13,,,,,-0.34
1982-04-14,,,,,-0.4
1982-04-15,,,,,-0.48
1982-04-16,2.184,,,,-0.53
1982-04-19,,,,,-0.52
1982-04-20,,,,,-0.42
1982-04-21,,,,,-0.35
1982-04-22,,,,,-0.35
1982-04-23,2.221,,,,-0.33
1982-04-26,,,,,-0.32
1982-04-27,,,,,-0.25
1982-04-28,,,,,-0.22
1982-04-29,,,,,-0.15
1982-04-30,2.27,,,,-0.12
1982-05-03,,,,,-0.18
1982-05-04,,,,,-0.3
1982-05-05,,,,,-0.24
1982-05-06,,,,,-0.24
1982-05-07,2.332,,,,-0.19
1982-05-10,,,,,-0.22
1982-05-11,,,,,-0.27
1982-05-12,,,,,-0.21
1982-05-13,,,,,-0.33
1982-05-14,2.41,,,,-0.38
1982-05-17,,,,,-0.28
1982-05-18,,,,,-0.25
1982-05-19,,,,,-0.14
1982-05-20,,,,,0.05
1982-05-21,2.501,,,,-0.05
1982-05-24,,,,,-0.04
1982-05-25,,,,,-0.06
1982-05-26,,,,,0.06
1982-05-27,,,,,0.09
1982-05-28,2.599,,,,0.09
1982-05-31,,,,,
1982-06-01,,,,,0.01
1982-06-02,,,,,-0.09
1982-06-03,,,,,0.0
1982-06-04,2.695,,,,-0.05
1982-06-07,,,,,-0.03
1982-06-08,,,,,-0.06
1982-06-09,,,,,-0.12
1982-06-10,,,,,-0.1
1982-06-11,2.786,,,,-0.15
1982-06-14,,,,,-0.16
1982-06-15,,,,,-0.2
1982-06-16,,,,,-0.19
1982-06-17,,,,,-0.31
1982-06-18,2.864,,,,-0.34
1982-06-21,,,,,-0.29
1982-06-22,,,,,-0.24
1982-06-23,,,,,-0.23
1982-06-24,,,,,-0.24
1982-06-25,2.923,,,,-0.22
1982-06-28,,,,,-0.2
1982-06-29,,,,,-0.22
1982-06-30,,,,,-0.22
1982-07-01,,,,,-0.2
1982-07-02,2.963,,,,-0.21
1982-07-05,,,,,
1982-07-06,,,,,-0.24
1982-07-07,,,,,-0.19
1982-07-08,,,,,-0.07
1982-07-09,2.989,,,,-0.02
1982-07-12,,,,,0.01
1982-07-13,,,,,-0.11
1982-07-14,,,,,-0.13
1982-07-15,,,,,-0.11
1982-07-16,3.005,,,,-0.01
1982-07-19,,,,,0.16
1982-07-20,,,,,0.26
1982-07-21,,,,,0.47
1982-07-22,,,,,0.47
1982-07-23,3.025,,,,0.52
1982-07-26,,,,,0.58
1982-07-27,,,,,0.51
1982-07-28,,,,,0.52
1982-07-29,,,,,0.41
1982-07-30,3.056,,,,0.51
1982-08-02,,,,,0.59
1982-08-03,,,,,0.61
1982-08-04,,,,,0.75
1982-08-05,,,,,0.62
1982-08-06,3.108,,,,0.61
1982-08-09,,,,,0.62
1982-08-10,,,,,0.54
1982-08-11,,,,,0.56
1982-08-12,,,,,0.62
1982-08-13,3.181,,,,0.45
1982-08-16,,,,,0.73
1982-08-17,,,,,0.82
1982-08-18,,,,,0.81
1982-08-19,,,,,0.86
1982-08-20,3.266,,,,1.04
1982-08-23,,,,,0.9
1982-08-24,,,,,0.85
1982-08-25,,,,,0.77
1982-08-26,,,,,0.88
1982-08-27,3.354,,,,0.84
1982-08-30,,,,,0.8
1982-08-31,,,,,0.82
1982-09-01,,,,,0.76
1982-09-02,,,,,0.65
1982-09-03,3.427,,,,0.78
1982-09-06,,,,,
1982-09-07,,,,,0.73
1982-09-08,,,,,0.64
1982-09-09,,,,,0.66
1982-09-10,3.468,,,,0.67
1982-09-13,,,,,0.7
1982-09-14,,,,,0.68
1982-09-15,,,,,0.44
1982-09-16,,,,,0.46
1982-09-17,3.461,,,,0.55
1982-09-20,,,,,0.49
1982-09-21,,,,,0.5
1982-09-22,,,,,0.43
1982-09-23,,,,,0.44
1982-09-24,3.387,,,,0.44
1982-09-27,,,,,0.3
1982-09-28,,,,,0.43
1982-09-29,,,,,0.42
1982-09-30,,,,,0.5
1982-10-01,3.243,,,,0.38
1982-10-04,,,,,0.21
1982-10-05,,,,,0.27
1982-10-06,,,,,0.29
1982-10-07,,,,,0.45
1982-10-08,3.033,,,,0.68
1982-10-11,,,,,
1982-10-12,,,,,0.84
1982-10-13,,,,,0.71
1982-10-14,,,,,0.77
1982-10-15,2.768,,,,0.75
1982-10-18,,,,,0.78
1982-10-19,,,,,0.74
1982-10-20,,,,,0.97
1982-10-21,,,,,0.9
1982-10-22,2.471,,,,0.94
1982-10-25,,,,,1.02
1982-10-26,,,,,0.98
1982-10-27,,,,,0.96
1982-10-28,,,,,0.88
1982-10-29,2.162,,,,0.86
1982-11-01,,,,,0.88
1982-11-02,,,,,
1982-11-03,,,,,0.81
1982-11-04,,,,,0.78
1982-11-05,1.862,,,,0.75
1982-11-08,,,,,0.74
1982-11-09,,,,,0.77
1982-11-10,,,,,0.71
1982-11-11,,,,,
1982-11-12,1.585,,,,0.71
1982-11-15,,,,,0.74
1982-11-16,,,,,0.77
1982-11-17,,,,,0.69
1982-11-18,,,,,0.65
1982-11-19,1.342,,,,0.63
1982-11-22,,,,,0.7
1982-11-23,,,,,0.8
1982-11-24,,,,,0.79
1982-11-25,,,,,
1982-11-26,1.138,,,,0.75
1982-11-29,,,,,0.84
1982-11-30,,,,,0.83
1982-12-01,,,,,0.78
1982-12-02,,,,,0.79
1982-12-03,0.969,,,,0.75
1982-12-06,,,,,0.73
1982-12-07,,,,,0.76
1982-12-08,,,,,0.77
1982-12-09,,,,,0.75
1982-12-10,0.833,,,,0.79
1982-12-13,,,,,0.77
1982-12-14,,,,,0.92
1982-12-15,,,,,1.01
1982-12-16,,,,,1.0
1982-12-17,0.72,,,,0.98
1982-12-20,,,,,1.03
1982-12-21,,,,,1.0
1982-12-22,,,,,0.98
1982-12-23,,,,,0.95
1982-12-24,0.623,,,,
1982-12-27,,,,,0.9
1982-12-28,,,,,0.92
1982-12-29,,,,,0.93
1982-12-30,,,,,0.92
1982-12-31,0.535,,,,0.88
1983-01-03,,,,,1.03
1983-01-04,,,,,0.94
1983-01-05,,,,,0.96
1983-01-06,,,,,1.0
1983-01-07,0.454,,,,1.1
1983-01-10,,,,,1.14
1983-01-11,,,,,1.15
1983-01-12,,,,,1.1
1983-01-13,,,,,1.16
1983-01-14,0.378,,,,1.19
1983-01-17,,,,,1.11
1983-01-18,,,,,1.16
1983-01-19,,,,,1.21
1983-01-20,,,,,1.17
1983-01-21,0.307,,,,1.15
1983-01-24,,,,,1.16
1983-01-25,,,,,1.18
1983-01-26,,,,,1.17
1983-01-27,,,,,1.18
1983-01-28,0.242,,,,1.24
1983-01-31,,,,,1.22
1983-02-01,,,,,1.18
1983-02-02,,,,,1.17
1983-02-03,,,,,1.22
1983-02-04,0.185,,,,1.17
1983-02-07,,,,,1.16
1983-02-08,,,,,1.16
1983-02-09,,,,,1.11
1983-02-10,,,,,1.09
1983-02-11,0.137,,,,1.1
1983-02-14,,,,,1.02
1983-02-15,,,,,1.07
1983-02-16,,,,,1.12
1983-02-17,,,,,1.06
1983-02-18,0.098,,,,1.04
1983-02-21,,,,,
1983-02-22,,,,,1.05
1983-02-23,,,,,1.0
1983-02-24,,,,,1.02
1983-02-25,0.069,,,,0.98
1983-02-28,,,,,0.96
1983-03-01,,,,,0.96
1983-03-02,,,,,0.96
1983-03-03,,,,,0.99
1983-03-04,0.048,,,,1.02
1983-03-07,,,,,0.97
1983-03-08,,,,,0.9
1983-03-09,,,,,0.86
1983-03-10,,,,,0.88
1983-03-11,0.033,,,,0.93
1983-03-14,,,,,0.9
1983-03-15,,,,,0.89
1983-03-16,,,,,0.88
1983-03-17,,,,,0.85
1983-03-18,0.023,,,,0.8
1983-03-21,,,,,0.81
1983-03-22,,,,,0.78
1983-03-23,,,,,0.77
1983-03-24,,,,,0.76
1983-03-25,0.013,,,,0.73
1983-03-28,,,,,0.74
1983-03-29,,,,,0.72
1983-03-30,,,,,0.71
1983-03-31,,,,,0.75
1983-04-01,0.001,,,,
1983-04-04,,,,,0.73
1983-04-05,,,,,0.77
1983-04-06,,,,,0.8
1983-04-07,,,,,0.84
1983-04-08,-0.016,,,,0.84
1983-04-11,,,,,0.88
1983-04-12,,,,,0.84
1983-04-13,,,,,0.82
1983-04-14,,,,,0.8
1983-04-15,-0.038,,,,0.8
1983-04-18,,,,,0.8
1983-04-19,,,,,0.81
1983-04-20,,,,,0.81
1983-04-21,,,,,0.82
1983-04-22,-0.064,,,,0.84
1983-04-25,,,,,0.88
1983-04-26,,,,,0.88
1983-04-27,,,,,0.87
1983-04-28,,,,,0.89
1983-04-29,-0.094,,,,0.92
1983-05-02,,,,,0.97
1983-05-03,,,,,0.99
1983-05-04,,,,,0.93
1983-05-05,,,,,0.91
1983-05-06,-0.125,,,,0.96
1983-05-09,,,,,0.92
1983-05-10,,,,,0.92
1983-05-11,,,,,0.96
1983-05-12,,,,,0.94
1983-05-13,-0.152,,,,0.95
1983-05-16,,,,,0.9
1983-05-17,,,,,0.93
1983-05-18,,,,,0.94
1983-05-19,,,,,0.88
1983-05-20,-0.174,,,,0.9
1983-05-23,,,,,0.83
1983-05-24,,,,,0.81
1983-05-25,,,,,0.82
1983-05-26,,,,,0.74
1983-05-27,-0.19,,,,0.72
1983-05-30,,,,,
1983-05-31,,,,,0.79
1983-06-01,,,,,0.8
1983-06-02,,,,,0.82
1983-06-03,-0.196,,,,0.78
1983-06-06,,,,,0.7
1983-06-07,,,,,0.67
1983-06-08,,,,,0.72
1983-06-09,,,,,0.76
1983-06-10,-0.195,,,,0.69
1983-06-13,,,,,0.64
1983-06-14,,,,,0.68
1983-06-15,,,,,0.66
1983-06-16,,,,,0.59
1983-06-17,-0.187,,,,0.61
1983-06-20,,,,,0.54
1983-06-21,,,,,0.52
1983-06-22,,,,,0.52
1983-06-23,,,,,0.57
1983-06-24,-0.173,,,,0.59
1983-06-27,,,,,0.67
1983-06-28,,,,,0.69
1983-06-29,,,,,0.72
1983-06-30,,,,,0.73
1983-07-01,-0.155,,,,0.76
1983-07-04,,,,,
1983-07-05,,,,,0.69
1983-07-06,,,,,0.67
1983-07-07,,,,,0.7
1983-07-08,-0.136,,,,0.64
1983-07-11,,,,,0.72
1983-07-12,,,,,0.68
1983-07-13,,,,,0.69
1983-07-14,,,,,0.66
1983-07-15,-0.117,,,,0.69
1983-07-18,,,,,0.65
1983-07-19,,,,,0.67
1983-07-20,,,,,0.64
1983-07-21,,,,,0.66
1983-07-22,-0.1,,,,0.66
1983-07-25,,,,,0.67
1983-07-26,,,,,0.72
1983-07-27,,,,,0.74
1983-07-28,,,,,0.8
1983-07-29,-0.088,,,,0.73
1983-08-01,,,,,0.71
1983-08-02,,,,,0.68
1983-08-03,,,,,0.79
1983-08-04,,,,,0.85
1983-08-05,-0.08,,,,0.83
1983-08-08,,,,,0.83
1983-08-09,,,,,0.8
1983-08-10,,,,,0.76
1983-08-11,,,,,0.72
1983-08-12,-0.077,,,,0.69
1983-08-15,,,,,0.68
1983-08-16,,,,,0.74
1983-08-17,,,,,0.79
1983-08-18,,,,,0.85
1983-08-19,-0.08,,,,0.82
1983-08-22,,,,,0.79
1983-08-23,,,,,0.78
1983-08-24,,,,,0.78
1983-08-25,,,,,0.79
1983-08-26,-0.084,,,,0.77
1983-08-29,,,,,0.77
1983-08-30,,,,,0.82
1983-08-31,,,,,0.8
1983-09-01,,,,,0.81
1983-09-02,-0.09,,,,0.83
1983-09-05,,,,,
1983-09-06,,,,,0.82
1983-09-07,,,,,0.82
1983-09-08,,,,,0.82
1983-09-09,-0.094,,,,0.8
1983-09-12,,,,,0.85
1983-09-13,,,,,0.86
1983-09-14,,,,,0.88
1983-09-15,,,,,0.87
1983-09-16,-0.096,,,,0.85
1983-09-19,,,,,0.94
1983-09-20,,,,,0.87
1983-09-21,,,,,0.91
1983-09-22,,,,,0.86
1983-09-23,-0.092,,,,0.88
1983-09-26,,,,,0.92
1983-09-27,,,,,0.88
1983-09-28,,,,,0.9
1983-09-29,,,,,0.86
1983-09-30,-0.083,,,,0.91
1983-10-03,,,,,0.92
1983-10-04,,,,,0.9
1983-10-05,,,,,0.9
1983-10-06,,,,,0.89
1983-10-07,-0.067,,,,0.88
1983-10-10,,,,,
1983-10-11,,,,,0.89
1983-10-12,,,,,0.94
1983-10-13,,,,,0.94
1983-10-14,-0.045,,,,0.93
1983-10-17,,,,,0.98
1983-10-18,,,,,1.01
1983-10-19,,,,,0.94
1983-10-20,,,,,0.93
1983-10-21,-0.019,,,,0.95
1983-10-24,,,,,0.98
1983-10-25,,,,,1.07
1983-10-26,,,,,1.09
1983-10-27,,,,,1.06
1983-10-28,0.008,,,,1.07
1983-10-31,,,,,1.13
1983-11-01,,,,,1.05
1983-11-02,,,,,1.08
1983-11-03,,,,,1.12
1983-11-04,0.036,,,,1.09
1983-11-07,,,,,1.06
1983-11-08,,,,,
1983-11-09,,,,,1.1
1983-11-10,,,,,1.08
1983-11-11,0.061,,,,
1983-11-14,,,,,1.08
1983-11-15,,,,,1.04
1983-11-16,,,,,1.04
1983-11-17,,,,,1.04
1983-11-18,0.082,,,,1.04
1983-11-21,,,,,1.0
1983-11-22,,,,,0.97
1983-11-23,,,,,0.95
1983-11-24,,,,,
1983-11-25,0.098,,,,0.92
1983-11-28,,,,,0.94
1983-11-29,,,,,0.93
1983-11-30,,,,,0.96
1983-12-01,,,,,0.97
1983-12-02,0.107,,,,0.98
1983-12-05,,,,,0.98
1983-12-06,,,,,1.02
1983-12-07,,,,,1.04
1983-12-08,,,,,1.06
1983-12-09,0.109,,,,1.05
1983-12-12,,,,,1.05
1983-12-13,,,,,1.02
1983-12-14,,,,,1.05
1983-12-15,,,,,1.03
1983-12-16,0.102,,,,1.01
1983-12-19,,,,,1.0
1983-12-20,,,,,0.99
1983-12-21,,,,,0.95
1983-12-22,,,,,0.94
1983-12-23,0.085,,,,0.93
1983-12-26,,,,,
1983-12-27,,,,,0.9
1983-12-28,,,,,0.96
1983-12-29,,,,,0.95
1983-12-30,0.058,,,,0.97
1984-01-02,,,,,
1984-01-03,,,,,0.99
1984-01-04,,,,,1.01
1984-01-05,,,,,1.02
1984-01-06,0.025,,,,1.05
1984-01-09,,,,,1.02
1984-01-10,,,,,1.05
1984-01-11,,,,,1.04
1984-01-12,,,,,1.05
1984-01-13,-0.014,,,,1.09
1984-01-16,,,,,1.02
1984-01-17,,,,,1.02
1984-01-18,,,,,1.03
1984-01-19,,,,,1.03
1984-01-20,-0.056,,,,1.04
1984-01-23,,,,,1.02
1984-01-24,,,,,1.0
1984-01-25,,,,,0.99
1984-01-26,,,,,1.01
1984-01-27,-0.097,,,,1.01
1984-01-30,,,,,1.09
1984-01-31,,,,,1.09
1984-02-01,,,,,1.08
1984-02-02,,,,,1.06
1984-02-03,-0.133,,,,1.07
1984-02-06,,,,,1.03
1984-02-07,,,,,1.05
1984-02-08,,,,,1.07
1984-02-09,,,,,1.07
1984-02-10,-0.164,,,,1.1
1984-02-13,,,,,
1984-02-14,,,,,1.07
1984-02-15,,,,,1.08
1984-02-16,,,,,1.08
1984-02-17,-0.185,,,,1.05
1984-02-20,,,,,
1984-02-21,,,,,1.06
1984-02-22,,,,,1.01
1984-02-23,,,,,1.02
1984-02-24,-0.195,,,,1.05
1984-02-27,,,,,1.03
1984-02-28,,,,,1.05
1984-02-29,,,,,1.05
1984-03-01,,,,,1.02
1984-03-02,-0.193,,,,1.07
1984-03-05,,,,,1.06
1984-03-06,,,,,1.08
1984-03-07,,,,,1.14
1984-03-08,,,,,1.09
1984-03-09,-0.176,,,,1.09
1984-03-12,,,,,1.06
1984-03-13,,,,,1.05
1984-03-14,,,,,1.05
1984-03-15,,,,,1.03
1984-03-16,-0.145,,,,1.07
1984-03-19,,,,,1.06
1984-03-20,,,,,0.99
1984-03-21,,,,,0.88
1984-03-22,,,,,0.9
1984-03-23,-0.096,,,,0.89
1984-03-26,,,,,0.9
1984-03-27,,,,,0.88
1984-03-28,,,,,0.94
1984-03-29,,,,,0.92
1984-03-30,-0.031,,,,0.93
1984-04-02,,,,,0.95
1984-04-03,,,,,0.92
1984-04-04,,,,,0.91
1984-04-05,,,,,0.95
1984-04-06,0.051,,,,0.96
1984-04-09,,,,,0.92
1984-04-10,,,,,0.98
1984-04-11,,,,,0.97
1984-04-12,,,,,0.91
1984-04-13,0.148,,,,0.91
1984-04-16,,,,,0.91
1984-04-17,,,,,0.98
1984-04-18,,,,,1.01
1984-04-19,,,,,1.0
1984-04-20,0.258,,,,
1984-04-23,,,,,1.02
1984-04-24,,,,,1.02
1984-04-25,,,,,0.9
1984-04-26,,,,,0.9
1984-04-27,0.38,,,,0.9
1984-04-30,,,,,0.93
1984-05-01,,,,,0.94
1984-05-02,,,,,0.94
1984-05-03,,,,,0.93
1984-05-04,0.508,,,,0.92
1984-05-07,,,,,0.89
1984-05-08,,,,,0.86
1984-05-09,,,,,0.89
1984-05-10,,,,,0.93
1984-05-11,0.639,,,,0.91
1984-05-14,,,,,1.01
1984-05-15,,,,,0.97
1984-05-16,,,,,0.99
1984-05-17,,,,,1.03
1984-05-18,0.768,,,,0.98
1984-05-21,,,,,0.95
1984-05-22,,,,,0.94
1984-05-23,,,,,0.87
1984-05-24,,,,,0.95
1984-05-25,0.887,,,,0.98
1984-05-28,,,,,
1984-05-29,,,,,0.91
1984-05-30,,,,,0.95
1984-05-31,,,,,0.91
1984-06-01,0.994,,,,0.91
1984-06-04,,,,,0.79
1984-06-05,,,,,0.77
1984-06-06,,,,,0.79
1984-06-07,,,,,0.73
1984-06-08,1.083,,,,0.72
1984-06-11,,,,,0.58
1984-06-12,,,,,0.62
1984-06-13,,,,,0.61
1984-06-14,,,,,0.64
1984-06-15,1.151,,,,0.58
1984-06-18,,,,,0.52
1984-06-19,,,,,0.59
1984-06-20,,,,,0.57
1984-06-21,,,,,0.58
1984-06-22,1.196,,,,0.59
1984-06-25,,,,,0.63
1984-06-26,,,,,0.62
1984-06-27,,,,,0.64
1984-06-28,,,,,0.63
1984-06-29,1.213,,,,0.67
1984-07-02,,,,,0.7
1984-07-03,,,,,0.68
1984-07-04,,,,,
1984-07-05,,,,,0.7
1984-07-06,1.2,,,,0.62
1984-07-09,,,,,0.52
1984-07-10,,,,,0.53
1984-07-11,,,,,0.49
1984-07-12,,,,,0.46
1984-07-13,1.159,,,,0.45
1984-07-16,,,,,0.43
1984-07-17,,,,,0.44
1984-07-18,,,,,0.43
1984-07-19,,,,,0.43
1984-07-20,1.094,,,,0.51
1984-07-23,,,,,0.48
1984-07-24,,,,,0.46
1984-07-25,,,,,0.42
1984-07-26,,,,,0.34
1984-07-27,1.012,,,,0.36
1984-07-30,,,,,0.39
1984-07-31,,,,,0.34
1984-08-01,,,,,0.33
1984-08-02,,,,,0.26
1984-08-03,0.921,,,,0.31
1984-08-06,,,,,0.31
1984-08-07,,,,,0.28
1984-08-08,,,,,0.29
1984-08-09,,,,,0.28
1984-08-10,0.828,,,,0.33
1984-08-13,,,,,0.29
1984-08-14,,,,,0.33
1984-08-15,,,,,0.35
1984-08-16,,,,,0.3
1984-08-17,0.738,,,,0.3
1984-08-20,,,,,0.27
1984-08-21,,,,,0.21
1984-08-22,,,,,0.2
1984-08-23,,,,,0.25
1984-08-24,0.653,,,,0.25
1984-08-27,,,,,0.27
1984-08-28,,,,,0.27
1984-08-29,,,,,0.27
1984-08-30,,,,,0.28
1984-08-31,0.575,,,,0.25
1984-09-03,,,,,
1984-09-04,,,,,0.29
1984-09-05,,,,,0.29
1984-09-06,,,,,0.27
1984-09-07,0.505,,,,0.25
1984-09-10,,,,,0.35
1984-09-11,,,,,0.28
1984-09-12,,,,,0.25
1984-09-13,,,,,0.23
1984-09-14,0.441,,,,0.27
1984-09-17,,,,,0.24
1984-09-18,,,,,0.25
1984-09-19,,,,,0.31
1984-09-20,,,,,0.34
1984-09-21,0.381,,,,0.39
1984-09-24,,,,,0.42
1984-09-25,,,,,0.44
1984-09-26,,,,,0.41
1984-09-27,,,,,0.36
1984-09-28,0.323,,,,0.4
1984-10-01,,,,,0.45
1984-10-02,,,,,0.47
1984-10-03,,,,,0.48
1984-10-04,,,,,0.5
1984-10-05,0.267,,,,0.46
1984-10-08,,,,,
1984-10-09,,,,,0.49
1984-10-10,,,,,0.47
1984-10-11,,,,,0.53
1984-10-12,0.212,,,,0.56
1984-10-15,,,,,0.56
1984-10-16,,,,,0.55
1984-10-17,,,,,0.58
1984-10-18,,,,,0.56
1984-10-19,0.157,,,,0.54
1984-10-22,,,,,0.55
1984-10-23,,,,,0.61
1984-10-24,,,,,0.64
1984-10-25,,,,,0.7
1984-10-26,0.106,,,,0.66
1984-10-29,,,,,0.65
1984-10-30,,,,,0.62
1984-10-31,,,,,0.7
1984-11-01,,,,,0.73
1984-11-02,0.057,,,,0.7
1984-11-05,,,,,0.81
1984-11-06,,,,,
1984-11-07,,,,,0.92
1984-11-08,,,,,0.86
1984-11-09,0.011,,,,0.9
1984-11-12,,,,,
1984-11-13,,,,,0.89
1984-11-14,,,,,0.9
1984-11-15,,,,,0.95
1984-11-16,-0.033,,,,0.98
1984-11-19,,,,,0.94
1984-11-20,,,,,0.94
1984-11-21,,,,,1.0
1984-11-22,,,,,
1984-11-23,-0.076,,,,0.95
1984-11-26,,,,,0.95
1984-11-27,,,,,0.97
1984-11-28,,,,,1.03
1984-11-29,,,,,1.05
1984-11-30,-0.118,,,,1.08
1984-12-03,,,,,1.06
1984-12-04,,,,,1.08
1984-12-05,,,,,1.12
1984-12-06,,,,,1.12
1984-12-07,-0.159,,,,1.19
1984-12-10,,,,,1.19
1984-12-11,,,,,1.17
1984-12-12,,,,,1.19
1984-12-13,,,,,1.3
1984-12-14,-0.201,,,,1.36
1984-12-17,,,,,1.42
1984-12-18,,,,,1.44
1984-12-19,,,,,1.45
1984-12-20,,,,,1.43
1984-12-21,-0.242,,,,1.4
1984-12-24,,,,,1.48
1984-12-25,,,,,
1984-12-26,,,,,1.5
1984-12-27,,,,,1.49
1984-12-28,-0.282,,,,1.44
1984-12-31,,,,,1.53
1985-01-01,,,,,
1985-01-02,,,,,1.67
1985-01-03,,,,,1.56
1985-01-04,-0.319,,,,1.59
1985-01-07,,,,,1.49
1985-01-08,,,,,1.46
1985-01-09,,,,,1.52
1985-01-10,,,,,1.48
1985-01-11,-0.351,,,,1.51
1985-01-14,,,,,1.53
1985-01-15,,,,,1.49
1985-01-16,,,,,1.52
1985-01-17,,,,,1.5
1985-01-18,-0.375,,,,1.48
1985-01-21,,,,,
1985-01-22,,,,,1.44
1985-01-23,,,,,1.38
1985-01-24,,,,,1.32
1985-01-25,-0.389,,,,1.35
1985-01-28,,,,,1.32
1985-01-29,,,,,1.32
1985-01-30,,,,,1.32
1985-01-31,,,,,1.27
1985-02-01,-0.392,,,,1.25
1985-02-04,,,,,1.32
1985-02-05,,,,,1.31
1985-02-06,,,,,1.37
1985-02-07,,,,,1.35
1985-02-08,-0.385,,,,1.34
1985-02-11,,,,,1.36
1985-02-12,,,,,
1985-02-13,,,,,1.36
1985-02-14,,,,,1.31
1985-02-15,-0.37,,,,1.36
1985-02-18,,,,,
1985-02-19,,,,,1.36
1985-02-20,,,,,1.39
1985-02-21,,,,,1.35
1985-02-22,-0.35,,,,1.42
1985-02-25,,,,,1.39
1985-02-26,,,,,1.36
1985-02-27,,,,,1.33
1985-02-28,,,,,1.25
1985-03-01,-0.327,,,,1.13
1985-03-04,,,,,1.15
1985-03-05,,,,,1.15
1985-03-06,,,,,1.17
1985-03-07,,,,,1.11
1985-03-08,-0.305,,,,1.15
1985-03-11,,,,,1.16
1985-03-12,,,,,1.16
1985-03-13,,,,,1.11
1985-03-14,,,,,1.06
1985-03-15,-0.288,,,,1.11
1985-03-18,,,,,1.13
1985-03-19,,,,,1.14
1985-03-20,,,,,1.06
1985-03-21,,,,,1.13
1985-03-22,-0.275,,,,1.13
1985-03-25,,,,,1.15
1985-03-26,,,,,1.14
1985-03-27,,,,,1.21
1985-03-28,,,,,1.22
1985-03-29,-0.271,,,,1.22
1985-04-01,,,,,1.21
1985-04-02,,,,,1.22
1985-04-03,,,,,1.24
1985-04-04,,,,,1.22
1985-04-05,-0.275,,,,
1985-04-08,,,,,1.28
1985-04-09,,,,,1.28
1985-04-10,,,,,1.27
1985-04-11,,,,,1.3
1985-04-12,-0.288,,,,1.3
1985-04-15,,,,,1.28
1985-04-16,,,,,1.39
1985-04-17,,,,,1.36
1985-04-18,,,,,1.4
1985-04-19,-0.309,,,,1.35
1985-04-22,,,,,1.41
1985-04-23,,,,,1.37
1985-04-24,,,,,1.44
1985-04-25,,,,,1.47
1985-04-26,-0.335,,,,1.47
1985-04-29,,,,,1.5
1985-04-30,,,,,1.5
1985-05-01,,,,,1.45
1985-05-02,,,,,1.43
1985-05-03,-0.365,,,,1.5
1985-05-06,,,,,1.49
1985-05-07,,,,,1.51
1985-05-08,,,,,1.53
1985-05-09,,,,,1.53
1985-05-10,-0.395,,,,1.42
1985-05-13,,,,,1.4
1985-05-14,,,,,1.4
1985-05-15,,,,,1.49
1985-05-16,,,,,1.5
1985-05-17,-0.423,,,,1.47
1985-05-20,,,,,1.46
1985-05-21,,,,,1.49
1985-05-22,,,,,1.51
1985-05-23,,,,,1.43
1985-05-24,-0.445,,,,1.44
1985-05-27,,,,,
1985-05-28,,,,,1.38
1985-05-29,,,,,1.41
1985-05-30,,,,,1.36
1985-05-31,-0.462,,,,1.36
1985-06-03,,,,,1.33
1985-06-04,,,,,1.37
1985-06-05,,,,,1.41
1985-06-06,,,,,1.38
1985-06-07,-0.469,,,,1.37
1985-06-10,,,,,1.29
1985-06-11,,,,,1.3
1985-06-12,,,,,1.4
1985-06-13,,,,,1.45
1985-06-14,-0.468,,,,1.53
1985-06-17,,,,,1.49
1985-06-18,,,,,1.53
1985-06-19,,,,,1.54
1985-06-20,,,,,1.55
1985-06-21,-0.459,,,,1.54
1985-06-24,,,,,1.58
1985-06-25,,,,,1.54
1985-06-26,,,,,1.6
1985-06-27,,,,,1.58
1985-06-28,-0.441,,,,1.58
1985-07-01,,,,,1.53
1985-07-02,,,,,1.54
1985-07-03,,,,,1.57
1985-07-04,,,,,
1985-07-05,-0.417,,,,1.57
1985-07-08,,,,,1.53
1985-07-09,,,,,1.53
1985-07-10,,,,,1.52
1985-07-11,,,,,1.49
1985-07-12,-0.389,,,,1.45
1985-07-15,,,,,1.46
1985-07-16,,,,,1.48
1985-07-17,,,,,1.49
1985-07-18,,,,,1.54
1985-07-19,-0.355,,,,1.52
1985-07-22,,,,,1.51
1985-07-23,,,,,1.5
1985-07-24,,,,,1.52
1985-07-25,,,,,1.56
1985-07-26,-0.319,,,,1.61
1985-07-29,,,,,1.64
1985-07-30,,,,,1.62
1985-07-31,,,,,1.56
1985-08-01,,,,,1.47
1985-08-02,-0.281,,,,1.51
1985-08-05,,,,,1.51
1985-08-06,,,,,1.52
1985-08-07,,,,,1.47
1985-08-08,,,,,1.44
1985-08-09,-0.242,,,,1.42
1985-08-12,,,,,1.43
1985-08-13,,,,,1.5
1985-08-14,,,,,1.42
1985-08-15,,,,,1.4
1985-08-16,-0.206,,,,1.36
1985-08-19,,,,,1.34
1985-08-20,,,,,1.34
1985-08-21,,,,,1.3
1985-08-22,,,,,1.29
1985-08-23,-0.174,,,,1.27
1985-08-26,,,,,1.3
1985-08-27,,,,,1.31
1985-08-28,,,,,1.31
1985-08-29,,,,,1.31
1985-08-30,-0.148,,,,1.32
1985-09-02,,,,,
1985-09-03,,,,,1.29
1985-09-04,,,,,1.31
1985-09-05,,,,,1.35
1985-09-06,-0.131,,,,1.35
1985-09-09,,,,,1.36
1985-09-10,,,,,1.38
1985-09-11,,,,,1.38
1985-09-12,,,,,1.37
1985-09-13,-0.125,,,,1.37
1985-09-16,,,,,1.38
1985-09-17,,,,,1.36
1985-09-18,,,,,1.36
1985-09-19,,,,,1.3
1985-09-20,-0.13,,,,1.35
1985-09-23,,,,,1.5
1985-09-24,,,,,1.51
1985-09-25,,,,,1.56
1985-09-26,,,,,1.5
1985-09-27,-0.145,,,,
1985-09-30,,,,,1.43
1985-10-01,,,,,1.46
1985-10-02,,,,,1.46
1985-10-03,,,,,1.48
1985-10-04,-0.171,,,,1.52
1985-10-07,,,,,1.45
1985-10-08,,,,,1.4
1985-10-09,,,,,1.4
1985-10-10,,,,,1.39
1985-10-11,-0.203,,,,1.38
1985-10-14,,,,,
1985-10-15,,,,,1.36
1985-10-16,,,,,1.36
1985-10-17,,,,,1.36
1985-10-18,-0.238,,,,1.36
1985-10-21,,,,,1.35
1985-10-22,,,,,1.32
1985-10-23,,,,,1.3
1985-10-24,,,,,1.25
1985-10-25,-0.272,,,,1.33
1985-10-28,,,,,1.37
1985-10-29,,,,,1.29
1985-10-30,,,,,1.29
1985-10-31,,,,,1.31
1985-11-01,-0.302,,,,1.28
1985-11-04,,,,,1.27
1985-11-05,,,,,1.24
1985-11-06,,,,,1.26
1985-11-07,,,,,1.24
1985-11-08,-0.324,,,,1.27
1985-11-11,,,,,
1985-11-12,,,,,1.21
1985-11-13,,,,,1.2
1985-11-14,,,,,1.21
1985-11-15,-0.336,,,,1.26
1985-11-18,,,,,1.21
1985-11-19,,,,,1.21
1985-11-20,,,,,1.18
1985-11-21,,,,,1.07
1985-11-22,-0.339,,,,1.14
1985-11-25,,,,,1.16
1985-11-26,,,,,1.15
1985-11-27,,,,,1.12
1985-11-28,,,,,
1985-11-29,-0.333,,,,1.13
1985-12-02,,,,,1.15
1985-12-03,,,,,1.16
1985-12-04,,,,,1.14
1985-12-05,,,,,1.15
1985-12-06,-0.32,,,,1.18
1985-12-09,,,,,1.14
1985-12-10,,,,,1.13
1985-12-11,,,,,1.2
1985-12-12,,,,,1.2
1985-12-13,-0.303,,,,1.24
1985-12-16,,,,,1.16
1985-12-17,,,,,1.1
1985-12-18,,,,,1.07
1985-12-19,,,,,1.1
1985-12-20,-0.285,,,,1.03
1985-12-23,,,,,1.07
1985-12-24,,,,,1.05
1985-12-25,,,,,
1985-12-26,,,,,1.05
1985-12-27,-0.269,,,,1.0
1985-12-30,,,,,1.02
1985-12-31,,,,,1.02
1986-01-01,,,,,
1986-01-02,,,,,1.02
1986-01-03,-0.257,,,,1.02
1986-01-06,,,,,1.03
1986-01-07,,,,,0.97
1986-01-08,,,,,1.04
1986-01-09,,,,,1.0
1986-01-10,-0.251,,,,1.03
1986-01-13,,,,,1.11
1986-01-14,,,,,1.1
1986-01-15,,,,,1.07
1986-01-16,,,,,1.09
1986-01-17,-0.25,,,,1.05
1986-01-20,,,,,
1986-01-21,,,,,1.02
1986-01-22,,,,,1.09
1986-01-23,,,,,1.06
1986-01-24,-0.254,,,,1.1
1986-01-27,,,,,1.06
1986-01-28,,,,,1.03
1986-01-29,,,,,1.04
1986-01-30,,,,,1.06
1986-01-31,-0.262,,,,1.09
1986-02-03,,,,,1.05
1986-02-04,,,,,1.02
1986-02-05,,,,,0.98
1986-02-06,,,,,1.01
1986-02-07,-0.273,,,,0.96
1986-02-10,,,,,0.92
1986-02-11,,,,,0.89
1986-02-12,,,,,0.83
1986-02-13,,,,,0.79
1986-02-14,-0.284,,,,0.69
1986-02-17,,,,,
1986-02-18,,,,,0.68
1986-02-19,,,,,0.64
1986-02-20,,,,,0.62
1986-02-21,-0.294,,,,0.55
1986-02-24,,,,,0.53
1986-02-25,,,,,0.51
1986-02-26,,,,,0.48
1986-02-27,,,,,0.43
1986-02-28,-0.302,,,,0.42
1986-03-03,,,,,0.44
1986-03-04,,,,,0.55
1986-03-05,,,,,0.58
1986-03-06,,,,,0.66
1986-03-07,-0.31,,,,0.67
1986-03-10,,,,,0.6
1986-03-11,,,,,0.55
1986-03-12,,,,,0.51
1986-03-13,,,,,0.54
1986-03-14,-0.318,,,,0.54
1986-03-17,,,,,0.55
1986-03-18,,,,,0.6
1986-03-19,,,,,0.65
1986-03-20,,,,,0.61
1986-03-21,-0.327,,,,0.61
1986-03-24,,,,,0.59
1986-03-25,,,,,0.58
1986-03-26,,,,,0.53
1986-03-27,,,,,0.45
1986-03-28,-0.339,,,,
1986-03-31,,,,,0.47
1986-04-01,,,,,0.48
1986-04-02,,,,,0.43
1986-04-03,,,,,0.47
1986-04-04,-0.356,,,,0.6
1986-04-07,,,,,0.61
1986-04-08,,,,,0.61
1986-04-09,,,,,0.69
1986-04-10,,,,,0.65
1986-04-11,-0.377,,,,0.64
1986-04-14,,,,,0.66
1986-04-15,,,,,0.69
1986-04-16,,,,,0.59
1986-04-17,,,,,0.59
1986-04-18,-0.401,,,,0.65
1986-04-21,,,,,0.58
1986-04-22,,,,,0.67
1986-04-23,,,,,0.69
1986-04-24,,,,,0.62
1986-04-25,-0.425,,,,0.67
1986-04-28,,,,,0.62
1986-04-29,,,,,0.53
1986-04-30,,,,,0.55
1986-05-01,,,,,0.6
1986-05-02,-0.447,,,,0.63
1986-05-05,,,,,0.63
1986-05-06,,,,,0.64
1986-05-07,,,,,0.6
1986-05-08,,,,,0.62
1986-05-09,-0.464,,,,0.63
1986-05-12,,,,,0.69
1986-05-13,,,,,0.63
1986-05-14,,,,,0.66
1986-05-15,,,,,0.63
1986-05-16,-0.476,,,,0.67
1986-05-19,,,,,0.7
1986-05-20,,,,,0.65
1986-05-21,,,,,0.7
1986-05-22,,,,,0.68
1986-05-23,-0.48,,,,0.65
1986-05-26,,,,,
1986-05-27,,,,,0.59
1986-05-28,,,,,0.56
1986-05-29,,,,,0.64
1986-05-30,-0.479,,,,0.69
1986-06-02,,,,,0.82
1986-06-03,,,,,0.7
1986-06-04,,,,,0.76
1986-06-05,,,,,0.77
1986-06-06,-0.472,,,,0.68
1986-06-09,,,,,0.74
1986-06-10,,,,,0.69
1986-06-11,,,,,0.62
1986-06-12,,,,,0.67
1986-06-13,-0.462,,,,0.58
1986-06-16,,,,,0.53
1986-06-17,,,,,0.55
1986-06-18,,,,,0.56
1986-06-19,,,,,0.59
1986-06-20,-0.453,,,,0.54
1986-06-23,,,,,0.52
1986-06-24,,,,,0.49
1986-06-25,,,,,0.51
1986-06-26,,,,,0.51
1986-06-27,-0.448,,,,0.54
1986-06-30,,,,,0.54
1986-07-01,,,,,0.57
1986-07-02,,,,,0.56
1986-07-03,,,,,0.6
1986-07-04,-0.449,,,,
1986-07-07,,,,,0.61
1986-07-08,,,,,0.6
1986-07-09,,,,,0.58
1986-07-10,,,,,0.58
1986-07-11,-0.457,,,,0.7
1986-07-14,,,,,0.67
1986-07-15,,,,,0.6
1986-07-16,,,,,0.61
1986-07-17,,,,,0.57
1986-07-18,-0.473,,,,0.6
1986-07-21,,,,,0.58
1986-07-22,,,,,0.6
1986-07-23,,,,,0.66
1986-07-24,,,,,0.68
1986-07-25,-0.496,,,,0.66
1986-07-28,,,,,0.77
1986-07-29,,,,,0.7
1986-07-30,,,,,0.74
1986-07-31,,,,,0.77
1986-08-01,-0.521,,,,0.78
1986-08-04,,,,,0.77
1986-08-05,,,,,0.81
1986-08-06,,,,,0.86
1986-08-07,,,,,0.84
1986-08-08,-0.546,,,,0.76
1986-08-11,,,,,0.74
1986-08-12,,,,,0.77
1986-08-13,,,,,0.78
1986-08-14,,,,,0.77
1986-08-15,-0.568,,,,0.78
1986-08-18,,,,,0.77
1986-08-19,,,,,0.73
1986-08-20,,,,,0.83
1986-08-21,,,,,0.88
1986-08-22,-0.584,,,,0.93
1986-08-25,,,,,0.96
1986-08-26,,,,,0.95
1986-08-27,,,,,0.94
1986-08-28,,,,,0.97
1986-08-29,-0.591,,,,1.01
1986-09-01,,,,,
1986-09-02,,,,,1.04
1986-09-03,,,,,1.06
1986-09-04,,,,,1.04
1986-09-05,-0.589,,,,1.07
1986-09-08,,,,,1.08
1986-09-09,,,,,1.05
1986-09-10,,,,,1.08
1986-09-11,,,,,1.14
1986-09-12,-0.581,,,,1.2
1986-09-15,,,,,1.14
1986-09-16,,,,,1.15
1986-09-17,,,,,1.09
1986-09-18,,,,,1.15
1986-09-19,-0.568,,,,1.15
1986-09-22,,,,,1.13
1986-09-23,,,,,1.12
1986-09-24,,,,,1.11
1986-09-25,,,,,1.1
1986-09-26,-0.555,,,,1.08
1986-09-29,,,,,1.08
1986-09-30,,,,,1.07
1986-10-01,,,,,1.05
1986-10-02,,,,,1.07
1986-10-03,-0.545,,,,1.15
1986-10-06,,,,,1.14
1986-10-07,,,,,1.15
1986-10-08,,,,,1.2
1986-10-09,,,,,1.18
1986-10-10,-0.538,,,,1.2
1986-10-13,,,,,
1986-10-14,,,,,1.23
1986-10-15,,,,,1.24
1986-10-16,,,,,1.24
1986-10-17,-0.537,,,,1.19
1986-10-20,,,,,1.19
1986-10-21,,,,,1.17
1986-10-22,,,,,1.15
1986-10-23,,,,,1.12
1986-10-24,-0.54,,,,1.12
1986-10-27,,,,,1.1
1986-10-28,,,,,1.11
1986-10-29,,,,,1.09
1986-10-30,,,,,1.07
1986-10-31,-0.544,,,,1.08
1986-11-03,,,,,1.08
1986-11-04,,,,,1.08
1986-11-05,,,,,0.98
1986-11-06,,,,,1.03
1986-11-07,-0.55,,,,1.05
1986-11-10,,,,,0.96
1986-11-11,,,,,
1986-11-12,,,,,0.97
1986-11-13,,,,,0.98
1986-11-14,-0.555,,,,0.96
1986-11-17,,,,,0.9
1986-11-18,,,,,0.95
1986-11-19,,,,,0.98
1986-11-20,,,,,0.93
1986-11-21,-0.556,,,,0.96
1986-11-24,,,,,0.92
1986-11-25,,,,,0.92
1986-11-26,,,,,0.94
1986-11-27,,,,,
1986-11-28,-0.553,,,,0.94
1986-12-01,,,,,0.93
1986-12-02,,,,,0.86
1986-12-03,,,,,0.89
1986-12-04,,,,,0.86
1986-12-05,-0.546,,,,0.88
1986-12-08,,,,,0.86
1986-12-09,,,,,0.86
1986-12-10,,,,,0.86
1986-12-11,,,,,0.88
1986-12-12,-0.536,,,,0.89
1986-12-15,,,,,0.86
1986-12-16,,,,,0.83
1986-12-17,,,,,0.81
1986-12-18,,,,,0.8
1986-12-19,-0.525,,,,0.81
1986-12-22,,,,,0.8
1986-12-23,,,,,0.78
1986-12-24,,,,,0.77
1986-12-25,,,,,
1986-12-26,-0.512,,,,0.78
1986-12-29,,,,,0.8
1986-12-30,,,,,0.81
1986-12-31,,,,,0.88
1987-01-01,,,,,
1987-01-02,-0.503,,,,0.88
1987-01-05,,,,,0.84
1987-01-06,,,,,0.83
1987-01-07,,,,,0.83
1987-01-08,,,,,0.84
1987-01-09,-0.496,,,,0.82
1987-01-12,,,,,0.85
1987-01-13,,,,,0.88
1987-01-14,,,,,0.87
1987-01-15,,,,,0.86
1987-01-16,-0.491,,,,0.81
1987-01-19,,,,,
1987-01-20,,,,,0.84
1987-01-21,,,,,0.84
1987-01-22,,,,,0.86
1987-01-23,-0.489,,,,0.86
1987-01-26,,,,,0.91
1987-01-27,,,,,0.92
1987-01-28,,,,,0.89
1987-01-29,,,,,0.89
1987-01-30,-0.488,,,,0.85
1987-02-02,,,,,0.87
1987-02-03,,,,,0.87
1987-02-04,,,,,0.85
1987-02-05,,,,,0.87
1987-02-06,-0.486,,,,0.81
1987-02-09,,,,,0.8
1987-02-10,,,,,0.84
1987-02-11,,,,,0.79
1987-02-12,,,,,0.84
1987-02-13,-0.478,,,,0.85
1987-02-16,,,,,
1987-02-17,,,,,0.85
1987-02-18,,,,,0.87
1987-02-19,,,,,0.9
1987-02-20,-0.462,,,,0.91
1987-02-23,,,,,0.88
1987-02-24,,,,,0.86
1987-02-25,,,,,0.84
1987-02-26,,,,,0.86
1987-02-27,-0.437,,,,0.84
1987-03-02,,,,,0.83
1987-03-03,,,,,0.84
1987-03-04,,,,,0.82
1987-03-05,,,,,0.81
1987-03-06,-0.398,,,,0.81
1987-03-09,,,,,0.8
1987-03-10,,,,,0.79
1987-03-11,,,,,0.79
1987-03-12,,,,,0.79
1987-03-13,-0.342,,,,0.8
1987-03-16,,,,,0.81
1987-03-17,,,,,0.78
1987-03-18,,,,,0.81
1987-03-19,,,,,0.83
1987-03-20,-0.268,,,,0.82
1987-03-23,,,,,0.83
1987-03-24,,,,,0.83
1987-03-25,,,,,0.8
1987-03-26,,,,,0.82
1987-03-27,-0.175,,,,0.84
1987-03-30,,,,,0.91
1987-03-31,,,,,0.97
1987-04-01,,,,,0.94
1987-04-02,,,,,0.96
1987-04-03,-0.065,,,,0.97
1987-04-06,,,,,0.97
1987-04-07,,,,,1.03
1987-04-08,,,,,1.02
1987-04-09,,,,,1.04
1987-04-10,0.057,,,,1.01
1987-04-13,,,,,0.99
1987-04-14,,,,,1.09
1987-04-15,,,,,1.08
1987-04-16,,,,,1.13
1987-04-17,0.183,,,,
1987-04-20,,,,,1.14
1987-04-21,,,,,1.1
1987-04-22,,,,,1.01
1987-04-23,,,,,1.03
1987-04-24,0.306,,,,0.99
1987-04-27,,,,,0.87
1987-04-28,,,,,0.85
1987-04-29,,,,,0.92
1987-04-30,,,,,0.83
1987-05-01,0.415,,,,0.92
1987-05-04,,,,,0.91
1987-05-05,,,,,0.85
1987-05-06,,,,,0.92
1987-05-07,,,,,0.9
1987-05-08,0.507,,,,0.86
1987-05-11,,,,,0.91
1987-05-12,,,,,0.87
1987-05-13,,,,,0.87
1987-05-14,,,,,0.91
1987-05-15,0.572,,,,0.85
1987-05-18,,,,,0.8
1987-05-19,,,,,0.9
1987-05-20,,,,,0.87
1987-05-21,,,,,0.81
1987-05-22,0.611,,,,0.81
1987-05-25,,,,,
1987-05-26,,,,,0.76
1987-05-27,,,,,0.76
1987-05-28,,,,,0.75
1987-05-29,0.619,,,,0.8
1987-06-01,,,,,0.78
1987-06-02,,,,,0.87
1987-06-03,,,,,0.86
1987-06-04,,,,,0.82
1987-06-05,0.6,,,,0.84
1987-06-08,,,,,0.85
1987-06-09,,,,,0.85
1987-06-10,,,,,0.88
1987-06-11,,,,,0.86
1987-06-12,0.558,,,,0.81
1987-06-15,,,,,0.81
1987-06-16,,,,,0.81
1987-06-17,,,,,0.81
1987-06-18,,,,,0.83
1987-06-19,0.496,,,,0.85
1987-06-22,,,,,0.81
1987-06-23,,,,,0.78
1987-06-24,,,,,0.77
1987-06-25,,,,,0.78
1987-06-26,0.423,,,,0.81
1987-06-29,,,,,0.86
1987-06-30,,,,,0.9
1987-07-01,,,,,0.92
1987-07-02,,,,,0.92
1987-07-03,0.342,,,,
1987-07-06,,,,,0.91
1987-07-07,,,,,0.92
1987-07-08,,,,,0.97
1987-07-09,,,,,0.99
1987-07-10,0.262,,,,1.0
1987-07-13,,,,,1.02
1987-07-14,,,,,1.01
1987-07-15,,,,,1.06
1987-07-16,,,,,1.07
1987-07-17,0.183,,,,1.02
1987-07-20,,,,,1.03
1987-07-21,,,,,1.04
1987-07-22,,,,,1.07
1987-07-23,,,,,1.1
1987-07-24,0.11,,,,1.05
1987-07-27,,,,,1.01
1987-07-28,,,,,1.01
1987-07-29,,,,,0.97
1987-07-30,,,,,0.98
1987-07-31,0.049,,,,1.03
1987-08-03,,,,,1.09
1987-08-04,,,,,1.09
1987-08-05,,,,,1.06
1987-08-06,,,,,1.08
1987-08-07,0.006,,,,1.01
1987-08-10,,,,,1.03
1987-08-11,,,,,1.04
1987-08-12,,,,,1.05
1987-08-13,,,,,0.99
1987-08-14,-0.015,,,,0.96
1987-08-17,,,,,0.94
1987-08-18,,,,,1.02
1987-08-19,,,,,1.01
1987-08-20,,,,,0.97
1987-08-21,-0.005,,,,0.98
1987-08-24,,,,,0.97
1987-08-25,,,,,0.94
1987-08-26,,,,,0.92
1987-08-27,,,,,0.97
1987-08-28,0.038,,,,1.01
1987-08-31,,,,,1.03
1987-09-01,,,,,1.07
1987-09-02,,,,,1.13
1987-09-03,,,,,1.1
1987-09-04,0.115,,,,1.04
1987-09-07,,,,,
1987-09-08,,,,,1.04
1987-09-09,,,,,1.05
1987-09-10,,,,,1.06
1987-09-11,0.22,,,,1.02
1987-09-14,,,,,1.08
1987-09-15,,,,,1.14
1987-09-16,,,,,1.17
1987-09-17,,,,,1.14
1987-09-18,0.348,,,,1.08
1987-09-21,,,,,1.12
1987-09-22,,,,,1.06
1987-09-23,,,,,1.09
1987-09-24,,,,,1.09
1987-09-25,0.49,,,,1.05
1987-09-28,,,,,1.04
1987-09-29,,,,,1.04
1987-09-30,,,,,1.03
1987-10-01,,,,,1.04
1987-10-02,0.64,,,,0.99
1987-10-05,,,,,1.03
1987-10-06,,,,,0.99
1987-10-07,,,,,0.98
1987-10-08,,,,,0.83
1987-10-09,0.785,,,,0.93
1987-10-12,,,,,
1987-10-13,,,,,0.96
1987-10-14,,,,,0.99
1987-10-15,,,,,0.95
1987-10-16,0.916,,,,1.01
1987-10-19,,,,,1.22
1987-10-20,,,,,1.31
1987-10-21,,,,,1.4
1987-10-22,,,,,1.21
1987-10-23,1.023,,,,1.22
1987-10-26,,,,,1.23
1987-10-27,,,,,1.26
1987-10-28,,,,,1.36
1987-10-29,,,,,1.36
1987-10-30,1.1,,,,1.3
1987-11-02,,,,,1.26
1987-11-03,,,,,1.24
1987-11-04,,,,,1.25
1987-11-05,,,,,1.22
1987-11-06,1.14,,,,1.14
1987-11-09,,,,,1.14
1987-11-10,,,,,1.18
1987-11-11,,,,,
1987-11-12,,,,,1.13
1987-11-13,1.152,,,,1.09
1987-11-16,,,,,1.04
1987-11-17,,,,,1.13
1987-11-18,,,,,1.11
1987-11-19,,,,,1.14
1987-11-20,1.14,,,,1.13
1987-11-23,,,,,1.13
1987-11-24,,,,,1.16
1987-11-25,,,,,1.2
1987-11-26,,,,,
1987-11-27,1.108,,,,1.24
1987-11-30,,,,,1.26
1987-12-01,,,,,1.24
1987-12-02,,,,,1.22
1987-12-03,,,,,1.22
1987-12-04,1.061,,,,1.22
1987-12-07,,,,,1.21
1987-12-08,,,,,1.21
1987-12-09,,,,,1.17
1987-12-10,,,,,1.23
1987-12-11,0.996,,,,1.26
1987-12-14,,,,,1.22
1987-12-15,,,,,1.17
1987-12-16,,,,,1.11
1987-12-17,,,,,1.14
1987-12-18,0.92,,,,1.07
1987-12-21,,,,,1.04
1987-12-22,,,,,1.04
1987-12-23,,,,,1.0
1987-12-24,,,,,0.99
1987-12-25,0.832,,,,
1987-12-28,,,,,1.02
1987-12-29,,,,,0.99
1987-12-30,,,,,1.03
1987-12-31,,,,,1.06
1988-01-01,0.738,,,,
1988-01-04,,,,,1.06
1988-01-05,,,,,1.0
1988-01-06,,,,,1.03
1988-01-07,,,,,1.04
1988-01-08,0.64,,,,1.05
1988-01-11,,,,,1.14
1988-01-12,,,,,1.13
1988-01-13,,,,,1.11
1988-01-14,,,,,1.1
1988-01-15,0.544,,,,0.99
1988-01-18,,,,,
1988-01-19,,,,,0.99
1988-01-20,,,,,1.02
1988-01-21,,,,,1.01
1988-01-22,0.451,,,,0.98
1988-01-25,,,,,0.96
1988-01-26,,,,,0.98
1988-01-27,,,,,1.01
1988-01-28,,,,,1.04
1988-01-29,0.364,,,,1.04
1988-02-01,,,,,1.04
1988-02-02,,,,,0.97
1988-02-03,,,,,0.97
1988-02-04,,,,,1.0
1988-02-05,0.286,,,,1.02
1988-02-08,,,,,1.03
1988-02-09,,,,,1.04
1988-02-10,,,,,1.04
1988-02-11,,,,,1.04
1988-02-12,0.22,,,,1.06
1988-02-15,,,,,
1988-02-16,,,,,1.05
1988-02-17,,,,,1.08
1988-02-18,,,,,1.05
1988-02-19,0.17,,,,1.05
1988-02-22,,,,,1.04
1988-02-23,,,,,1.01
1988-02-24,,,,,1.03
1988-02-25,,,,,1.06
1988-02-26,0.135,,,,1.02
1988-02-29,,,,,1.03
1988-03-01,,,,,1.04
1988-03-02,,,,,1.06
1988-03-03,,,,,1.04
1988-03-04,0.115,,,,1.08
1988-03-07,,,,,1.08
1988-03-08,,,,,1.08
1988-03-09,,,,,1.1
1988-03-10,,,,,1.1
1988-03-11,0.109,,,,1.09
1988-03-14,,,,,1.09
1988-03-15,,,,,1.11
1988-03-16,,,,,1.12
1988-03-17,,,,,1.13
1988-03-18,0.116,,,,1.18
1988-03-21,,,,,1.15
1988-03-22,,,,,1.13
1988-03-23,,,,,1.08
1988-03-24,,,,,1.05
1988-03-25,0.133,,,,1.06
1988-03-28,,,,,1.16
1988-03-29,,,,,1.14
1988-03-30,,,,,1.14
1988-03-31,,,,,1.16
1988-04-01,0.157,,,,
1988-04-04,,,,,1.1
1988-04-05,,,,,1.07
1988-04-06,,,,,1.04
1988-04-07,,,,,1.06
1988-04-08,0.186,,,,1.05
1988-04-11,,,,,1.09
1988-04-12,,,,,1.08
1988-04-13,,,,,1.11
1988-04-14,,,,,1.11
1988-04-15,0.212,,,,1.14
1988-04-18,,,,,1.21
1988-04-19,,,,,1.24
1988-04-20,,,,,1.18
1988-04-21,,,,,1.18
1988-04-22,0.234,,,,1.14
1988-04-25,,,,,1.14
1988-04-26,,,,,1.16
1988-04-27,,,,,1.17
1988-04-28,,,,,1.17
1988-04-29,0.248,,,,1.14
1988-05-02,,,,,1.16
1988-05-03,,,,,1.12
1988-05-04,,,,,1.13
1988-05-05,,,,,1.13
1988-05-06,0.255,,,,1.14
1988-05-09,,,,,1.08
1988-05-10,,,,,1.07
1988-05-11,,,,,1.1
1988-05-12,,,,,1.09
1988-05-13,0.258,,,,1.1
1988-05-16,,,,,1.08
1988-05-17,,,,,1.13
1988-05-18,,,,,1.15
1988-05-19,,,,,1.14
1988-05-20,0.257,,,,1.14
1988-05-23,,,,,1.11
1988-05-24,,,,,1.08
1988-05-25,,,,,1.03
1988-05-26,,,,,0.98
1988-05-27,0.256,,,,1.01
1988-05-30,,,,,
1988-05-31,,,,,0.99
1988-06-01,,,,,0.94
1988-06-02,,,,,0.94
1988-06-03,0.26,,,,0.91
1988-06-06,,,,,0.93
1988-06-07,,,,,0.98
1988-06-08,,,,,0.96
1988-06-09,,,,,0.99
1988-06-10,0.267,,,,0.93
1988-06-13,,,,,0.93
1988-06-14,,,,,0.89
1988-06-15,,,,,0.87
1988-06-16,,,,,0.93
1988-06-17,0.282,,,,0.92
1988-06-20,,,,,0.88
1988-06-21,,,,,0.88
1988-06-22,,,,,0.86
1988-06-23,,,,,0.83
1988-06-24,0.303,,,,0.82
1988-06-27,,,,,0.84
1988-06-28,,,,,0.82
1988-06-29,,,,,0.85
1988-06-30,,,,,0.8
1988-07-01,0.331,,,,0.79
1988-07-04,,,,,
1988-07-05,,,,,0.78
1988-07-06,,,,,0.84
1988-07-07,,,,,0.82
1988-07-08,0.36,,,,0.79
1988-07-11,,,,,0.77
1988-07-12,,,,,0.81
1988-07-13,,,,,0.85
1988-07-14,,,,,0.79
1988-07-15,0.389,,,,0.77
1988-07-18,,,,,0.8
1988-07-19,,,,,0.78
1988-07-20,,,,,0.8
1988-07-21,,,,,0.77
1988-07-22,0.413,,,,0.76
1988-07-25,,,,,0.73
1988-07-26,,,,,0.74
1988-07-27,,,,,0.7
1988-07-28,,,,,0.72
1988-07-29,0.429,,,,0.73
1988-08-01,,,,,0.71
1988-08-02,,,,,0.68
1988-08-03,,,,,0.7
1988-08-04,,,,,0.68
1988-08-05,0.436,,,,0.65
1988-08-08,,,,,0.64
1988-08-09,,,,,0.61
1988-08-10,,,,,0.66
1988-08-11,,,,,0.67
1988-08-12,0.433,,,,0.68
1988-08-15,,,,,0.67
1988-08-16,,,,,0.63
1988-08-17,,,,,0.64
1988-08-18,,,,,0.61
1988-08-19,0.42,,,,0.61
1988-08-22,,,,,0.61
1988-08-23,,,,,0.61
1988-08-24,,,,,0.61
1988-08-25,,,,,0.63
1988-08-26,0.398,,,,0.6
1988-08-29,,,,,0.55
1988-08-30,,,,,0.54
1988-08-31,,,,,0.54
1988-09-01,,,,,0.57
1988-09-02,0.37,,,,0.55
1988-09-05,,,,,
1988-09-06,,,,,0.52
1988-09-07,,,,,0.54
1988-09-08,,,,,0.54
1988-09-09,0.338,,,,0.51
1988-09-12,,,,,0.53
1988-09-13,,,,,0.54
1988-09-14,,,,,0.52
1988-09-15,,,,,0.52
1988-09-16,0.307,,,,0.53
1988-09-19,,,,,0.53
1988-09-20,,,,,0.52
1988-09-21,,,,,0.53
1988-09-22,,,,,0.51
1988-09-23,0.279,,,,0.5
1988-09-26,,,,,0.48
1988-09-27,,,,,0.49
1988-09-28,,,,,0.47
1988-09-29,,,,,0.45
1988-09-30,0.254,,,,0.44
1988-10-03,,,,,0.43
1988-10-04,,,,,0.44
1988-10-05,,,,,0.44
1988-10-06,,,,,0.44
1988-10-07,0.234,,,,0.44
1988-10-10,,,,,
1988-10-11,,,,,0.46
1988-10-12,,,,,0.49
1988-10-13,,,,,0.48
1988-10-14,0.216,,,,0.48
1988-10-17,,,,,0.46
1988-10-18,,,,,0.45
1988-10-19,,,,,0.44
1988-10-20,,,,,0.41
1988-10-21,0.2,,,,0.43
1988-10-24,,,,,0.41
1988-10-25,,,,,0.41
1988-10-26,,,,,0.45
1988-10-27,,,,,0.45
1988-10-28,0.187,,,,0.42
1988-10-31,,,,,0.4
1988-11-01,,,,,0.43
1988-11-02,,,,,0.44
1988-11-03,,,,,0.42
1988-11-04,0.176,,,,0.46
1988-11-07,,,,,0.41
1988-11-08,,,,,0.38
1988-11-09,,,,,0.34
1988-11-10,,,,,0.3
1988-11-11,0.167,,,,
1988-11-14,,,,,0.29
1988-11-15,,,,,0.23
1988-11-16,,,,,0.25
1988-11-17,,,,,0.31
1988-11-18,0.16,,,,0.28
1988-11-21,,,,,0.23
1988-11-22,,,,,0.21
1988-11-23,,,,,0.21
1988-11-24,,,,,
1988-11-25,0.156,,,,0.19
1988-11-28,,,,,0.16
1988-11-29,,,,,0.17
1988-11-30,,,,,0.22
1988-12-01,,,,,0.15
1988-12-02,0.151,,,,0.06
1988-12-05,,,,,0.04
1988-12-06,,,,,0.07
1988-12-07,,,,,0.07
1988-12-08,,,,,0.02
1988-12-09,0.148,,,,0.04
1988-12-12,,,,,0.03
1988-12-13,,,,,-0.01
1988-12-14,,,,,-0.01
1988-12-15,,,,,-0.01
1988-12-16,0.145,,,,-0.01
1988-12-19,,,,,-0.03
1988-12-20,,,,,-0.03
1988-12-21,,,,,-0.02
1988-12-22,,,,,0.03
1988-12-23,0.143,,,,0.01
1988-12-26,,,,,
1988-12-27,,,,,-0.02
1988-12-28,,,,,-0.02
1988-12-29,,,,,0.0
1988-12-30,0.142,,,,0.0
1989-01-02,,,,,
1989-01-03,,,,,0.02
1989-01-04,,,,,-0.03
1989-01-05,,,,,-0.05
1989-01-06,0.144,,,,-0.07
1989-01-09,,,,,-0.06
1989-01-10,,,,,-0.01
1989-01-11,,,,,-0.05
1989-01-12,,,,,-0.06
1989-01-13,0.151,,,,-0.08
1989-01-16,,,,,
1989-01-17,,,,,-0.1
1989-01-18,,,,,-0.14
1989-01-19,,,,,-0.09
1989-01-20,0.165,,,,-0.1
1989-01-23,,,,,-0.13
1989-01-24,,,,,-0.14
1989-01-25,,,,,-0.11
1989-01-26,,,,,-0.15
1989-01-27,0.189,,,,-0.12
1989-01-30,,,,,-0.1
1989-01-31,,,,,-0.11
1989-02-01,,,,,-0.13
1989-02-02,,,,,-0.14
1989-02-03,0.225,,,,-0.22
1989-02-06,,,,,-0.24
1989-02-07,,,,,-0.23
1989-02-08,,,,,-0.26
1989-02-09,,,,,-0.15
1989-02-10,0.275,,,,-0.18
1989-02-13,,,,,-0.19
1989-02-14,,,,,-0.2
1989-02-15,,,,,-0.19
1989-02-16,,,,,-0.16
1989-02-17,0.338,,,,-0.17
1989-02-20,,,,,
1989-02-21,,,,,-0.19
1989-02-22,,,,,-0.19
1989-02-23,,,,,-0.24
1989-02-24,0.409,,,,-0.28
1989-02-27,,,,,-0.26
1989-02-28,,,,,-0.23
1989-03-01,,,,,-0.19
1989-03-02,,,,,-0.21
1989-03-03,0.487,,,,-0.19
1989-03-06,,,,,-0.2
1989-03-07,,,,,-0.22
1989-03-08,,,,,-0.25
1989-03-09,,,,,-0.24
1989-03-10,0.562,,,,-0.32
1989-03-13,,,,,-0.29
1989-03-14,,,,,-0.32
1989-03-15,,,,,-0.31
1989-03-16,,,,,-0.31
1989-03-17,0.63,,,,-0.35
1989-03-20,,,,,-0.37
1989-03-21,,,,,-0.39
1989-03-22,,,,,-0.36
1989-03-23,,,,,-0.38
1989-03-24,0.683,,,,
1989-03-27,,,,,-0.41
1989-03-28,,,,,-0.45
1989-03-29,,,,,-0.44
1989-03-30,,,,,-0.45
1989-03-31,0.716,,,,-0.43
1989-04-03,,,,,-0.35
1989-04-04,,,,,-0.3
1989-04-05,,,,,-0.28
1989-04-06,,,,,-0.34
1989-04-07,0.726,,,,-0.3
1989-04-10,,,,,-0.3
1989-04-11,,,,,-0.3
1989-04-12,,,,,-0.3
1989-04-13,,,,,-0.32
1989-04-14,0.712,,,,-0.25
1989-04-17,,,,,-0.28
1989-04-18,,,,,-0.22
1989-04-19,,,,,-0.22
1989-04-20,,,,,-0.26
1989-04-21,0.674,,,,-0.29
1989-04-24,,,,,-0.31
1989-04-25,,,,,-0.29
1989-04-26,,,,,-0.23
1989-04-27,,,,,-0.18
1989-04-28,0.62,,,,-0.2
1989-05-01,,,,,-0.22
1989-05-02,,,,,-0.19
1989-05-03,,,,,-0.15
1989-05-04,,,,,-0.15
1989-05-05,0.554,,,,-0.05
1989-05-08,,,,,-0.05
1989-05-09,,,,,-0.08
1989-05-10,,,,,-0.11
1989-05-11,,,,,-0.04
1989-05-12,0.485,,,,-0.01
1989-05-15,,,,,-0.09
1989-05-16,,,,,-0.13
1989-05-17,,,,,-0.16
1989-05-18,,,,,-0.22
1989-05-19,0.42,,,,-0.23
1989-05-22,,,,,-0.26
1989-05-23,,,,,-0.23
1989-05-24,,,,,-0.19
1989-05-25,,,,,-0.25
1989-05-26,0.364,,,,-0.23
1989-05-29,,,,,
1989-05-30,,,,,-0.23
1989-05-31,,,,,-0.22
1989-06-01,,,,,-0.21
1989-06-02,0.322,,,,-0.09
1989-06-05,,,,,-0.08
1989-06-06,,,,,-0.09
1989-06-07,,,,,-0.11
1989-06-08,,,,,-0.06
1989-06-09,0.294,,,,-0.13
1989-06-12,,,,,-0.13
1989-06-13,,,,,-0.16
1989-06-14,,,,,-0.16
1989-06-15,,,,,-0.15
1989-06-16,0.276,,,,-0.18
1989-06-19,,,,,-0.18
1989-06-20,,,,,-0.19
1989-06-21,,,,,-0.16
1989-06-22,,,,,-0.17
1989-06-23,0.266,,,,-0.14
1989-06-26,,,,,-0.17
1989-06-27,,,,,-0.16
1989-06-28,,,,,-0.1
1989-06-29,,,,,-0.04
1989-06-30,0.257,,,,0.02
1989-07-03,,,,,0.07
1989-07-04,,,,,
1989-07-05,,,,,0.12
1989-07-06,,,,,0.14
1989-07-07,0.247,,,,0.19
1989-07-10,,,,,0.18
1989-07-11,,,,,0.19
1989-07-12,,,,,0.26
1989-07-13,,,,,0.26
1989-07-14,0.234,,,,0.21
1989-07-17,,,,,0.2
1989-07-18,,,,,0.18
1989-07-19,,,,,0.19
1989-07-20,,,,,0.2
1989-07-21,0.22,,,,0.16
1989-07-24,,,,,0.12
1989-07-25,,,,,0.17
1989-07-26,,,,,0.27
1989-07-27,,,,,0.27
1989-07-28,0.208,,,,0.31
1989-07-31,,,,,0.29
1989-08-01,,,,,0.28
1989-08-02,,,,,0.23
1989-08-03,,,,,0.2
1989-08-04,0.201,,,,0.08
1989-08-07,,,,,0.02
1989-08-08,,,,,0.04
1989-08-09,,,,,0.06
1989-08-10,,,,,0.03
1989-08-11,0.204,,,,-0.03
1989-08-14,,,,,-0.07
1989-08-15,,,,,-0.08
1989-08-16,,,,,-0.05
1989-08-17,,,,,-0.08
1989-08-18,0.216,,,,-0.11
1989-08-21,,,,,-0.12
1989-08-22,,,,,-0.14
1989-08-23,,,,,-0.12
1989-08-24,,,,,-0.12
1989-08-25,0.239,,,,-0.13
1989-08-28,,,,,-0.14
1989-08-29,,,,,-0.17
1989-08-30,,,,,-0.16
1989-08-31,,,,,-0.16
1989-09-01,0.269,,,,-0.18
1989-09-04,,,,,
1989-09-05,,,,,-0.18
1989-09-06,,,,,-0.18
1989-09-07,,,,,-0.18
1989-09-08,0.304,,,,-0.13
1989-09-11,,,,,-0.07
1989-09-12,,,,,-0.05
1989-09-13,,,,,-0.02
1989-09-14,,,,,0.04
1989-09-15,0.337,,,,0.03
1989-09-18,,,,,-0.03
1989-09-19,,,,,-0.05
1989-09-20,,,,,-0.12
1989-09-21,,,,,-0.12
1989-09-22,0.364,,,,-0.12
1989-09-25,,,,,-0.11
1989-09-26,,,,,-0.06
1989-09-27,,,,,-0.09
1989-09-28,,,,,-0.11
1989-09-29,0.38,,,,-0.15
1989-10-02,,,,,-0.2
1989-10-03,,,,,-0.16
1989-10-04,,,,,-0.15
1989-10-05,,,,,-0.16
1989-10-06,0.383,,,,-0.07
1989-10-09,,,,,
1989-10-10,,,,,-0.03
1989-10-11,,,,,-0.01
1989-10-12,,,,,0.03
1989-10-13,0.371,,,,0.18
1989-10-16,,,,,0.13
1989-10-17,,,,,0.17
1989-10-18,,,,,0.18
1989-10-19,,,,,0.09
1989-10-20,0.343,,,,0.06
1989-10-23,,,,,0.04
1989-10-24,,,,,0.09
1989-10-25,,,,,0.1
1989-10-26,,,,,0.1
1989-10-27,0.302,,,,0.07
1989-10-30,,,,,0.07
1989-10-31,,,,,0.07
1989-11-01,,,,,0.04
1989-11-02,,,,,0.06
1989-11-03,0.252,,,,-0.05
1989-11-06,,,,,-0.04
1989-11-07,,,,,0.03
1989-11-08,,,,,0.09
1989-11-09,,,,,0.1
1989-11-10,0.199,,,,0.09
1989-11-13,,,,,0.07
1989-11-14,,,,,0.12
1989-11-15,,,,,0.13
1989-11-16,,,,,0.11
1989-11-17,0.148,,,,0.11
1989-11-20,,,,,0.09
1989-11-21,,,,,0.08
1989-11-22,,,,,0.15
1989-11-23,,,,,
1989-11-24,0.102,,,,0.16
1989-11-27,,,,,0.06
1989-11-28,,,,,0.08
1989-11-29,,,,,0.08
1989-11-30,,,,,0.09
1989-12-01,0.066,,,,0.11
1989-12-04,,,,,0.1
1989-12-05,,,,,0.1
1989-12-06,,,,,0.05
1989-12-07,,,,,0.03
1989-12-08,0.04,,,,0.04
1989-12-11,,,,,0.05
1989-12-12,,,,,0.04
1989-12-13,,,,,0.0
1989-12-14,,,,,0.04
1989-12-15,0.026,,,,0.05
1989-12-18,,,,,0.02
1989-12-19,,,,,0.06
1989-12-20,,,,,0.13
1989-12-21,,,,,0.09
1989-12-22,0.022,,,,0.08
1989-12-25,,,,,
1989-12-26,,,,,0.05
1989-12-27,,,,,0.04
1989-12-28,,,,,0.04
1989-12-29,0.026,,,,0.06
1990-01-01,,,,,
1990-01-02,,17.24,,,0.07
1990-01-03,,18.19,,,0.05
1990-01-04,,19.22,,,0.06
1990-01-05,0.036,20.11,,,0.09
1990-01-08,,20.26,,,0.12
1990-01-09,,22.2,,,0.11
1990-01-10,,22.44,,,0.12
1990-01-11,,20.05,,,0.13
1990-01-12,0.047,24.64,,,0.17
1990-01-15,,26.34,,,
1990-01-16,,24.18,,,0.1
1990-01-17,,24.16,,,0.1
1990-01-18,,24.34,,,0.07
1990-01-19,0.057,22.5,,,0.06
1990-01-22,,26.7,,,0.09
1990-01-23,,24.72,,,0.08
1990-01-24,,25.39,,,0.18
1990-01-25,,25.63,,,0.18
1990-01-26,0.065,26.28,,,0.21
1990-01-29,,26.44,,,0.2
1990-01-30,,27.25,,,0.21
1990-01-31,,25.36,,,0.15
1990-02-01,,24.87,,,0.14
1990-02-02,0.067,24.32,,,0.13
1990-02-05,,24.54,,,0.16
1990-02-06,,24.69,,,0.15
1990-02-07,,24.29,,,0.1
1990-02-08,,23.77,,,0.12
1990-02-09,0.064,23.69,,,0.06
1990-02-12,,24.38,,,0.08
1990-02-13,,23.76,,,0.14
1990-02-14,,22.05,,,0.09
1990-02-15,,19.71,,,0.08
1990-02-16,0.059,20.78,,,0.06
1990-02-19,,,,,
1990-02-20,,22.78,,,0.1
1990-02-21,,23.89,,,0.12
1990-02-22,,22.54,,,0.09
1990-02-23,0.052,23.69,,,0.1
1990-02-26,,23.56,,,0.08
1990-02-27,,22.69,,,0.07
1990-02-28,,21.99,,,0.08
1990-03-01,,21.9,,,0.06
1990-03-02,0.048,21.34,,,0.06
1990-03-05,,22.03,,,0.1
1990-03-06,,20.55,,,0.05
1990-03-07,,19.1,,,0.04
1990-03-08,,19.74,,,-0.02
1990-03-09,0.047,20.3,,,-0.08
1990-03-12,,20.07,,,-0.08
1990-03-13,,21.05,,,-0.04
1990-03-14,,19.65,,,-0.04
1990-03-15,,18.81,,,-0.05
1990-03-16,0.053,17.62,,,-0.05
1990-03-19,,18.29,,,-0.09
1990-03-20,,19.06,,,-0.14
1990-03-21,,20.1,,,-0.14
1990-03-22,,22.74,,,-0.09
1990-03-23,0.064,20.46,,,-0.09
1990-03-26,,19.59,,,-0.1
1990-03-27,,21.01,,,-0.07
1990-03-28,,19.77,,,-0.06
1990-03-29,,18.46,,,-0.02
1990-03-30,0.078,19.73,,,0.01
1990-04-02,,22.84,,,0.03
1990-04-03,,20.44,,,0.02
1990-04-04,,22.03,,,0.01
1990-04-05,,21.21,,,0.03
1990-04-06,0.095,21.76,,,0.04
1990-04-09,,22.3,,,0.05
1990-04-10,,21.69,,,0.06
1990-04-11,,17.73,,,0.07
1990-04-12,,19.8,,,0.07
1990-04-13,0.107,,,,
1990-04-16,,20.75,,,0.07
1990-04-17,,20.38,,,0.07
1990-04-18,,22.67,,,0.07
1990-04-19,,22.46,,,0.06
1990-04-20,0.113,23.33,,,0.13
1990-04-23,,24.16,,,0.11
1990-04-24,,21.7,,,0.08
1990-04-25,,20.86,,,0.06
1990-04-26,,20.25,,,0.04
1990-04-27,0.111,22.19,,,0.08
1990-04-30,,19.52,,,0.08
1990-05-01,,18.43,,,0.06
1990-05-02,,19.32,,,0.04
1990-05-03,,17.81,,,0.06
1990-05-04,0.096,17.28,,,0.14
1990-05-07,,17.65,,,0.13
1990-05-08,,18.49,,,0.16
1990-05-09,,18.64,,,0.13
1990-05-10,,18.59,,,0.13
1990-05-11,0.07,19.81,,,0.09
1990-05-14,,20.14,,,0.1
1990-05-15,,19.49,,,0.11
1990-05-16,,17.71,,,0.14
1990-05-17,,17.27,,,0.13
1990-05-18,0.035,17.2,,,0.12
1990-05-21,,16.72,,,0.13
1990-05-22,,17.84,,,0.11
1990-05-23,,17.18,,,0.1
1990-05-24,,17.7,,,0.13
1990-05-25,-0.006,17.32,,,0.16
1990-05-28,,,,,
1990-05-29,,18.75,,,0.14
1990-05-30,,17.44,,,0.14
1990-05-31,,17.37,,,0.1
1990-06-01,-0.049,17.09,,,0.11
1990-06-04,,18.39,,,0.13
1990-06-05,,18.97,,,0.13
1990-06-06,,17.42,,,0.12
1990-06-07,,16.88,,,0.12
1990-06-08,-0.089,17.58,,,0.13
1990-06-11,,16.34,,,0.12
1990-06-12,,16.6,,,0.12
1990-06-13,,17.38,,,0.13
1990-06-14,,17.4,,,0.14
1990-06-15,-0.122,15.9,,,0.13
1990-06-18,,17.71,,,0.11
1990-06-19,,15.23,,,0.1
1990-06-20,,15.27,,,0.12
1990-06-21,,14.72,,,0.11
1990-06-22,-0.145,19.36,,,0.11
1990-06-25,,17.06,,,0.13
1990-06-26,,16.29,,,0.15
1990-06-27,,16.0,,,0.15
1990-06-28,,16.18,,,0.16
1990-06-29,-0.155,15.5,,,0.19
1990-07-02,,16.26,,,0.18
1990-07-03,,16.11,,,0.2
1990-07-04,,,,,
1990-07-05,,17.25,,,0.2
1990-07-06,-0.151,16.41,,,0.19
1990-07-09,,16.66,,,0.18
1990-07-10,,16.92,,,0.17
1990-07-11,,16.68,,,0.17
1990-07-12,,17.06,,,0.3
1990-07-13,-0.136,17.09,,,0.32
1990-07-16,,16.75,,,0.29
1990-07-17,,16.66,,,0.31
1990-07-18,,18.9,,,0.37
1990-07-19,,18.56,,,0.38
1990-07-20,-0.109,15.63,,,0.4
1990-07-23,,23.68,,,0.43
1990-07-24,,21.79,,,0.41
1990-07-25,,20.19,,,0.41
1990-07-26,,20.26,,,0.41
1990-07-27,-0.072,21.12,,,0.42
1990-07-30,,21.16,,,0.41
1990-07-31,,21.11,,,0.45
1990-08-01,,21.64,,,0.44
1990-08-02,,20.43,,,0.51
1990-08-03,-0.028,28.74,,,0.64
1990-08-06,,35.91,,,0.81
1990-08-07,,32.75,,,0.74
1990-08-08,,28.27,,,0.75
1990-08-09,,24.39,,,0.67
1990-08-10,0.023,25.75,,,0.73
1990-08-13,,25.74,,,0.77
1990-08-14,,24.18,,,0.72
1990-08-15,,23.31,,,0.7
1990-08-16,,27.16,,,0.67
1990-08-17,0.076,27.53,,,0.69
1990-08-20,,26.46,,,0.68
1990-08-21,,28.9,,,0.65
1990-08-22,,30.55,,,0.65
1990-08-23,,36.47,,,0.74
1990-08-24,0.131,33.93,,,0.73
1990-08-27,,29.63,,,0.69
1990-08-28,,29.12,,,0.71
1990-08-29,,27.38,,,0.68
1990-08-30,,29.89,,,0.74
1990-08-31,0.185,29.9,,,0.79
1990-09-03,,,,,
1990-09-04,,29.58,,,0.81
1990-09-05,,28.52,,,0.82
1990-09-06,,30.19,,,0.78
1990-09-07,0.239,28.73,,,0.77
1990-09-10,,29.34,,,0.76
1990-09-11,,28.38,,,0.73
1990-09-12,,28.12,,,0.77
1990-09-13,,29.33,,,0.81
1990-09-14,0.29,30.56,,,0.84
1990-09-17,,29.55,,,0.85
1990-09-18,,28.82,,,0.87
1990-09-19,,27.88,,,0.8
1990-09-20,,28.66,,,0.81
1990-09-21,0.338,30.04,,,0.87
1990-09-24,,30.56,,,0.83
1990-09-25,,28.81,,,0.84
1990-09-26,,28.19,,,0.84
1990-09-27,,28.67,,,0.86
1990-09-28,0.381,29.11,,,0.8
1990-10-01,,28.06,,,0.77
1990-10-02,,27.28,,,0.77
1990-10-03,,27.9,,,0.83
1990-10-04,,27.51,,,0.8
1990-10-05,0.413,27.85,,,0.84
1990-10-08,,28.04,,,
1990-10-09,,30.71,,,0.89
1990-10-10,,31.19,,,0.9
1990-10-11,,33.98,,,0.93
1990-10-12,0.437,31.94,,,0.9
1990-10-15,,31.64,,,0.88
1990-10-16,,31.45,,,0.87
1990-10-17,,31.37,,,0.84
1990-10-18,,29.6,,,0.8
1990-10-19,0.451,27.86,,,0.77
1990-10-22,,27.27,,,0.78
1990-10-23,,27.57,,,0.81
1990-10-24,,28.28,,,0.82
1990-10-25,,29.04,,,0.82
1990-10-26,0.456,30.75,,,0.83
1990-10-29,,31.54,,,0.88
1990-10-30,,30.52,,,0.91
1990-10-31,,30.04,,,0.88
1990-11-01,,30.25,,,0.89
1990-11-02,0.457,30.03,,,0.89
1990-11-05,,29.85,,,0.87
1990-11-06,,29.11,,,0.87
1990-11-07,,30.87,,,0.9
1990-11-08,,30.79,,,0.91
1990-11-09,0.456,26.96,,,0.88
1990-11-12,,25.6,,,
1990-11-13,,24.58,,,0.77
1990-11-14,,22.89,,,0.78
1990-11-15,,22.57,,,0.77
1990-11-16,0.456,21.34,,,0.72
1990-11-19,,20.95,,,0.73
1990-11-20,,20.09,,,0.69
1990-11-21,,21.09,,,0.74
1990-11-22,,,,,
1990-11-23,0.46,20.98,,,0.75
1990-11-26,,22.76,,,0.72
1990-11-27,,22.86,,,0.78
1990-11-28,,22.96,,,0.74
1990-11-29,,23.91,,,0.74
1990-11-30,0.471,22.16,,,0.73
1990-12-03,,22.29,,,0.71
1990-12-04,,22.03,,,0.74
1990-12-05,,20.94,,,0.7
1990-12-06,,22.62,,,0.7
1990-12-07,0.483,22.59,,,0.7
1990-12-10,,23.58,,,0.7
1990-12-11,,23.75,,,0.68
1990-12-12,,21.28,,,0.69
1990-12-13,,23.05,,,0.67
1990-12-14,0.498,23.85,,,0.7
1990-12-17,,24.85,,,0.71
1990-12-18,,23.11,,,0.71
1990-12-19,,23.08,,,0.79
1990-12-20,,23.13,,,0.8
1990-12-21,0.513,22.66,,,0.81
1990-12-24,,24.03,,,0.85
1990-12-25,,,,,
1990-12-26,,24.18,,,0.88
1990-12-27,,24.81,,,0.86
1990-12-28,0.519,25.05,,,0.89
1990-12-31,,26.38,,,0.93
1991-01-01,,,,,
1991-01-02,,26.62,,,0.89
1991-01-03,,27.93,,,0.85
1991-01-04,0.512,27.19,,,0.85
1991-01-07,,28.95,,,0.93
1991-01-08,,30.38,,,1.01
1991-01-09,,33.3,,,1.15
1991-01-10,,31.33,,,1.02
1991-01-11,0.49,32.63,,,1.06
1991-01-14,,36.2,,,1.05
1991-01-15,,36.16,,,1.06
1991-01-16,,33.2,,,1.03
1991-01-17,,27.45,,,0.86
1991-01-18,0.451,25.39,,,0.89
1991-01-21,,24.33,,,
1991-01-22,,24.9,,,0.94
1991-01-23,,23.92,,,0.96
1991-01-24,,22.86,,,0.96
1991-01-25,0.392,22.2,,,0.96
1991-01-28,,23.05,,,0.94
1991-01-29,,23.17,,,0.95
1991-01-30,,21.37,,,0.98
1991-01-31,,20.91,,,0.98
1991-02-01,0.324,21.04,,,1.08
1991-02-04,,21.86,,,1.06
1991-02-05,,21.46,,,1.05
1991-02-06,,22.68,,,0.97
1991-02-07,,23.6,,,1.02
1991-02-08,0.249,23.38,,,0.97
1991-02-11,,22.56,,,1.0
1991-02-12,,22.26,,,1.0
1991-02-13,,20.86,,,1.0
1991-02-14,,21.48,,,1.03
1991-02-15,0.173,19.57,,,0.96
1991-02-18,,,,,
1991-02-19,,19.84,,,0.93
1991-02-20,,22.26,,,0.97
1991-02-21,,20.78,,,0.98
1991-02-22,0.102,21.01,,,0.93
1991-02-25,,22.86,,,0.92
1991-02-26,,20.38,,,0.96
1991-02-27,,21.26,,,0.96
1991-02-28,,21.23,,,0.98
1991-03-01,0.038,,,,0.94
1991-03-04,,20.86,,,0.96
1991-03-05,,20.45,,,0.95
1991-03-06,,20.55,,,0.96
1991-03-07,,21.05,,,0.95
1991-03-08,-0.02,20.81,,,1.05
1991-03-11,,20.88,,,1.01
1991-03-12,,18.82,,,1.02
1991-03-13,,16.09,,,1.02
1991-03-14,,14.94,,,1.07
1991-03-15,-0.07,14.9,,,1.09
1991-03-18,,15.79,,,1.06
1991-03-19,,16.11,,,1.03
1991-03-20,,16.04,,,1.0
1991-03-21,,16.86,,,1.03
1991-03-22,-0.112,16.49,,,1.0
1991-03-25,,16.76,,,0.99
1991-03-26,,16.31,,,0.97
1991-03-27,,16.55,,,1.01
1991-03-28,,16.88,,,1.03
1991-03-29,-0.148,,,,
1991-04-01,,17.42,,,1.06
1991-04-02,,17.4,,,1.06
1991-04-03,,17.61,,,1.06
1991-04-04,,18.01,,,1.06
1991-04-05,-0.178,17.63,,,1.07
1991-04-08,,17.41,,,1.07
1991-04-09,,20.12,,,1.09
1991-04-10,,19.73,,,1.08
1991-04-11,,17.24,,,1.14
1991-04-12,-0.202,18.45,,,1.1
1991-04-15,,16.5,,,1.05
1991-04-16,,15.82,,,1.05
1991-04-17,,15.47,,,1.05
1991-04-18,,16.26,,,1.03
1991-04-19,-0.221,15.68,,,1.07
1991-04-22,,16.78,,,1.08
1991-04-23,,17.02,,,1.07
1991-04-24,,16.72,,,1.11
1991-04-25,,17.15,,,1.14
1991-04-26,-0.234,17.27,,,1.17
1991-04-29,,18.27,,,1.17
1991-04-30,,18.24,,,1.22
1991-05-01,,17.77,,,1.21
1991-05-02,,17.52,,,1.21
1991-05-03,-0.243,17.24,,,1.24
1991-05-06,,17.92,,,1.23
1991-05-07,,17.46,,,1.24
1991-05-08,,17.78,,,1.2
1991-05-09,,17.17,,,1.18
1991-05-10,-0.246,17.54,,,1.25
1991-05-13,,17.66,,,1.23
1991-05-14,,18.0,,,1.28
1991-05-15,,18.38,,,1.29
1991-05-16,,17.24,,,1.28
1991-05-17,-0.245,16.64,,,1.22
1991-05-20,,17.1,,,1.24
1991-05-21,,16.07,,,1.22
1991-05-22,,16.16,,,1.29
1991-05-23,,16.11,,,1.36
1991-05-24,-0.241,15.23,,,1.41
1991-05-27,,,,,
1991-05-28,,15.67,,,1.41
1991-05-29,,15.9,,,1.46
1991-05-30,,16.02,,,1.42
1991-05-31,-0.236,15.93,,,1.38
1991-06-03,,16.87,,,1.35
1991-06-04,,16.17,,,1.35
1991-06-05,,16.4,,,1.36
1991-06-06,,16.93,,,1.37
1991-06-07,-0.234,16.98,,,1.31
1991-06-10,,17.47,,,1.28
1991-06-11,,17.32,,,1.3
1991-06-12,,17.72,,,1.28
1991-06-13,,16.99,,,1.26
1991-06-14,-0.238,15.98,,,1.27
1991-06-17,,15.5,,,1.28
1991-06-18,,16.14,,,1.32
1991-06-19,,17.44,,,1.38
1991-06-20,,16.75,,,1.43
1991-06-21,-0.249,16.51,,,1.38
1991-06-24,,18.28,,,1.37
1991-06-25,,17.85,,,1.29
1991-06-26,,17.98,,,1.32
1991-06-27,,17.87,,,1.32
1991-06-28,-0.269,19.55,,,1.34
1991-07-01,,18.64,,,1.29
1991-07-02,,17.63,,,1.27
1991-07-03,,19.47,,,1.29
1991-07-04,,,,,
1991-07-05,-0.299,18.35,,,1.3
1991-07-08,,20.29,,,1.34
1991-07-09,,19.76,,,1.36
1991-07-10,,19.19,,,1.38
1991-07-11,,17.39,,,1.38
1991-07-12,-0.334,18.29,,,1.38
1991-07-15,,17.78,,,1.38
1991-07-16,,17.49,,,1.37
1991-07-17,,17.52,,,1.36
1991-07-18,,15.77,,,1.4
1991-07-19,-0.374,15.5,,,1.39
1991-07-22,,16.9,,,1.37
1991-07-23,,16.58,,,1.37
1991-07-24,,16.41,,,1.36
1991-07-25,,15.74,,,1.33
1991-07-26,-0.414,15.45,,,1.35
1991-07-29,,15.67,,,1.38
1991-07-30,,15.47,,,1.37
1991-07-31,,15.18,,,1.39
1991-08-01,,15.47,,,1.36
1991-08-02,-0.452,15.26,,,1.37
1991-08-05,,15.92,,,1.35
1991-08-06,,15.54,,,1.4
1991-08-07,,15.56,,,1.39
1991-08-08,,15.98,,,1.46
1991-08-09,-0.484,15.45,,,1.49
1991-08-12,,15.26,,,1.46
1991-08-13,,14.73,,,1.43
1991-08-14,,15.09,,,1.45
1991-08-15,,15.19,,,1.51
1991-08-16,-0.509,16.01,,,1.53
1991-08-19,,21.19,,,1.59
1991-08-20,,18.86,,,1.64
1991-08-21,,15.62,,,1.53
1991-08-22,,14.59,,,1.51
1991-08-23,-0.527,14.41,,,1.42
1991-08-26,,14.81,,,1.43
1991-08-27,,15.46,,,1.48
1991-08-28,,15.31,,,1.52
1991-08-29,,14.82,,,1.49
1991-08-30,-0.54,14.46,,,1.46
1991-09-02,,,,,
1991-09-03,,16.57,,,1.48
1991-09-04,,17.18,,,1.5
1991-09-05,,17.31,,,1.52
1991-09-06,-0.547,16.76,,,1.5
1991-09-09,,17.73,,,1.5
1991-09-10,,18.22,,,1.52
1991-09-11,,17.96,,,1.51
1991-09-12,,16.21,,,1.47
1991-09-13,-0.553,17.88,,,1.48
1991-09-16,,17.82,,,1.46
1991-09-17,,17.68,,,1.44
1991-09-18,,17.56,,,1.44
1991-09-19,,17.56,,,1.41
1991-09-20,-0.557,17.08,,,1.39
1991-09-23,,16.38,,,1.38
1991-09-24,,16.04,,,1.45
1991-09-25,,15.68,,,1.46
1991-09-26,,15.35,,,1.51
1991-09-27,-0.56,16.31,,,1.47
1991-09-30,,15.85,,,1.48
1991-10-01,,14.81,,,1.46
1991-10-02,,15.81,,,1.48
1991-10-03,,17.04,,,1.49
1991-10-04,-0.563,15.63,,,1.48
1991-10-07,,18.58,,,1.47
1991-10-08,,17.81,,,1.54
1991-10-09,,18.54,,,1.58
1991-10-10,,17.8,,,1.6
1991-10-11,-0.568,17.6,,,1.58
1991-10-14,,16.71,,,
1991-10-15,,16.22,,,1.61
1991-10-16,,14.85,,,1.59
1991-10-17,,16.32,,,1.62
1991-10-18,-0.573,15.87,,,1.58
1991-10-21,,16.66,,,1.63
1991-10-22,,16.55,,,1.65
1991-10-23,,16.26,,,1.68
1991-10-24,,15.62,,,1.72
1991-10-25,-0.581,15.75,,,1.75
1991-10-28,,15.45,,,1.77
1991-10-29,,15.55,,,1.73
1991-10-30,,15.46,,,1.75
1991-10-31,,15.48,,,1.77
1991-11-01,-0.589,15.6,,,1.83
1991-11-04,,16.35,,,1.87
1991-11-05,,16.48,,,1.86
1991-11-06,,16.47,,,1.88
1991-11-07,,15.97,,,1.81
1991-11-08,-0.599,15.43,,,1.78
1991-11-11,,14.89,,,
1991-11-12,,14.04,,,1.72
1991-11-13,,13.95,,,1.76
1991-11-14,,13.96,,,1.75
1991-11-15,-0.608,21.18,,,1.79
1991-11-18,,18.28,,,1.78
1991-11-19,,20.34,,,1.87
1991-11-20,,20.4,,,1.86
1991-11-21,,19.11,,,1.89
1991-11-22,-0.618,21.2,,,1.95
1991-11-25,,21.92,,,1.95
1991-11-26,,19.8,,,1.97
1991-11-27,,19.84,,,1.99
1991-11-28,,,,,
1991-11-29,-0.628,20.26,,,2.0
1991-12-02,,20.18,,,1.99
1991-12-03,,19.7,,,1.99
1991-12-04,,19.54,,,1.95
1991-12-05,,20.19,,,1.99
1991-12-06,-0.638,19.04,,,2.07
1991-12-09,,19.74,,,2.13
1991-12-10,,19.89,,,2.14
1991-12-11,,20.57,,,2.18
1991-12-12,,19.08,,,2.13
1991-12-13,-0.648,17.88,,,2.13
1991-12-16,,17.62,,,2.15
1991-12-17,,18.12,,,2.16
1991-12-18,,17.78,,,2.08
1991-12-19,,17.96,,,2.06
1991-12-20,-0.656,17.65,,,2.17
1991-12-23,,16.61,,,2.09
1991-12-24,,15.67,,,2.04
1991-12-25,,,,,
1991-12-26,,15.44,,,2.0
1991-12-27,-0.663,15.7,,,1.97
1991-12-30,,17.63,,,1.96
1991-12-31,,19.31,,,1.94
1992-01-01,,,,,
1992-01-02,,18.95,,,2.01
1992-01-03,-0.665,18.75,,,2.05
1992-01-06,,18.96,,,2.06
1992-01-07,,19.23,,,2.09
1992-01-08,,18.72,,,2.11
1992-01-09,,18.96,,,2.02
1992-01-10,-0.665,18.45,,,2.0
1992-01-13,,18.01,,,1.99
1992-01-14,,17.01,,,2.03
1992-01-15,,17.39,,,1.98
1992-01-16,,17.64,,,2.06
1992-01-17,-0.662,16.32,,,2.07
1992-01-20,,16.42,,,
1992-01-21,,17.92,,,2.06
1992-01-22,,16.75,,,2.14
1992-01-23,,16.46,,,2.18
1992-01-24,-0.659,16.24,,,2.12
1992-01-27,,16.67,,,2.09
1992-01-28,,17.67,,,2.06
1992-01-29,,17.62,,,2.1
1992-01-30,,17.49,,,2.14
1992-01-31,-0.656,17.4,,,2.2
1992-02-03,,18.2,,,2.21
1992-02-04,,17.96,,,2.17
1992-02-05,,18.22,,,2.14
1992-02-06,,18.79,,,2.15
1992-02-07,-0.654,18.51,,,2.23
1992-02-10,,18.56,,,2.27
1992-02-11,,17.7,,,2.22
1992-02-12,,17.37,,,2.22
1992-02-13,,17.45,,,2.18
1992-02-14,-0.653,17.03,,,2.14
1992-02-17,,,,,
1992-02-18,,18.22,,,2.23
1992-02-19,,17.16,,,2.14
1992-02-20,,16.72,,,2.11
1992-02-21,-0.653,16.87,,,1.99
1992-02-24,,17.13,,,2.01
1992-02-25,,16.35,,,2.01
1992-02-26,,16.64,,,1.96
1992-02-27,,16.51,,,2.01
1992-02-28,-0.654,16.68,,,2.0
1992-03-02,,16.88,,,1.93
1992-03-03,,17.26,,,1.95
1992-03-04,,17.89,,,1.93
1992-03-05,,18.47,,,1.89
1992-03-06,-0.657,19.75,,,1.88
1992-03-09,,19.68,,,1.88
1992-03-10,,18.68,,,1.87
1992-03-11,,19.79,,,1.93
1992-03-12,,19.72,,,1.88
1992-03-13,-0.662,18.35,,,1.85
1992-03-16,,18.46,,,1.82
1992-03-17,,16.79,,,1.79
1992-03-18,,16.69,,,1.78
1992-03-19,,16.52,,,1.78
1992-03-20,-0.67,16.82,,,1.78
1992-03-23,,16.73,,,1.75
1992-03-24,,16.32,,,1.75
1992-03-25,,16.19,,,1.81
1992-03-26,,16.29,,,1.88
1992-03-27,-0.682,16.02,,,1.86
1992-03-30,,15.97,,,1.93
1992-03-31,,16.18,,,1.94
1992-04-01,,16.48,,,1.93
1992-04-02,,17.06,,,1.92
1992-04-03,-0.698,16.72,,,2.05
1992-04-06,,16.72,,,2.05
1992-04-07,,18.81,,,2.07
1992-04-08,,20.15,,,2.11
1992-04-09,,17.89,,,2.26
1992-04-10,-0.717,16.85,,,2.21
1992-04-13,,16.99,,,2.22
1992-04-14,,15.98,,,2.2
1992-04-15,,15.15,,,2.15
1992-04-16,,14.85,,,2.11
1992-04-17,-0.738,,,,
1992-04-20,,15.93,,,2.14
1992-04-21,,16.53,,,2.17
1992-04-22,,15.96,,,2.16
1992-04-23,,15.83,,,2.18
1992-04-24,-0.76,15.71,,,2.22
1992-04-27,,16.49,,,2.18
1992-04-28,,16.24,,,2.17
1992-04-29,,15.95,,,2.21
1992-04-30,,15.53,,,2.15
1992-05-01,-0.783,16.61,,,2.23
1992-05-04,,16.92,,,2.26
1992-05-05,,16.66,,,2.26
1992-05-06,,16.81,,,2.21
1992-05-07,,16.54,,,2.15
1992-05-08,-0.804,15.65,,,2.12
1992-05-11,,15.17,,,2.16
1992-05-12,,15.68,,,2.17
1992-05-13,,15.19,,,2.2
1992-05-14,,15.49,,,2.21
1992-05-15,-0.824,14.82,,,2.17
1992-05-18,,14.62,,,2.16
1992-05-19,,13.57,,,2.2
1992-05-20,,13.62,,,2.12
1992-05-21,,13.92,,,2.05
1992-05-22,-0.843,13.73,,,2.11
1992-05-25,,,,,
1992-05-26,,14.92,,,2.11
1992-05-27,,13.99,,,2.16
1992-05-28,,13.77,,,2.14
1992-05-29,-0.859,13.86,,,2.14
1992-06-01,,14.43,,,2.1
1992-06-02,,14.57,,,2.12
1992-06-03,,14.35,,,2.14
1992-06-04,,13.66,,,2.12
1992-06-05,-0.874,14.65,,,2.18
1992-06-08,,15.19,,,2.2
1992-06-09,,15.97,,,2.22
1992-06-10,,16.62,,,2.22
1992-06-11,,16.29,,,2.24
1992-06-12,-0.888,14.95,,,2.23
1992-06-15,,14.76,,,2.23
1992-06-16,,15.22,,,2.22
1992-06-17,,18.08,,,2.23
1992-06-18,,18.2,,,2.25
1992-06-19,-0.901,16.31,,,2.24
1992-06-22,,16.66,,,2.25
1992-06-23,,14.53,,,2.15
1992-06-24,,14.4,,,2.24
1992-06-25,,14.4,,,2.25
1992-06-26,-0.914,14.67,,,2.27
1992-06-29,,13.21,,,2.29
1992-06-30,,13.35,,,2.31
1992-07-01,,13.34,,,2.28
1992-07-02,,13.88,,,2.38
1992-07-03,-0.924,,,,
1992-07-06,,14.87,,,2.44
1992-07-07,,15.83,,,2.47
1992-07-08,,15.53,,,2.51
1992-07-09,,14.6,,,2.51
1992-07-10,-0.931,13.7,,,2.55
1992-07-13,,14.01,,,2.57
1992-07-14,,13.5,,,2.65
1992-07-15,,12.52,,,2.65
1992-07-16,,12.27,,,2.62
1992-07-17,-0.936,12.6,,,2.63
1992-07-20,,12.66,,,2.6
1992-07-21,,12.6,,,2.55
1992-07-22,,13.57,,,2.56
1992-07-23,,13.33,,,2.52
1992-07-24,-0.938,13.37,,,2.48
1992-07-27,,13.9,,,2.42
1992-07-28,,13.05,,,2.36
1992-07-29,,13.44,,,2.35
1992-07-30,,13.5,,,2.36
1992-07-31,-0.936,13.17,,,2.3
1992-08-03,,13.83,,,2.32
1992-08-04,,13.58,,,2.35
1992-08-05,,13.82,,,2.35
1992-08-06,,14.23,,,2.36
1992-08-07,-0.931,13.94,,,2.39
1992-08-10,,14.51,,,2.4
1992-08-11,,15.09,,,2.35
1992-08-12,,14.88,,,2.29
1992-08-13,,15.34,,,2.36
1992-08-14,-0.923,14.66,,,2.39
1992-08-17,,14.61,,,2.43
1992-08-18,,13.84,,,2.44
1992-08-19,,14.35,,,2.41
1992-08-20,,14.48,,,2.42
1992-08-21,-0.912,15.01,,,2.4
1992-08-24,,16.19,,,2.41
1992-08-25,,15.62,,,2.41
1992-08-26,,14.5,,,2.42
1992-08-27,,13.66,,,2.41
1992-08-28,-0.897,13.14,,,2.47
1992-08-31,,13.58,,,2.47
1992-09-01,,13.4,,,2.44
1992-09-02,,12.73,,,2.44
1992-09-03,,12.88,,,2.45
1992-09-04,-0.879,12.98,,,2.51
1992-09-07,,,,,
1992-09-08,,13.65,,,2.46
1992-09-09,,13.36,,,2.46
1992-09-10,,12.92,,,2.48
1992-09-11,-0.858,12.47,,,2.5
1992-09-14,,13.0,,,2.52
1992-09-15,,13.63,,,2.51
1992-09-16,,14.72,,,2.54
1992-09-17,,14.31,,,2.54
1992-09-18,-0.833,13.74,,,2.55
1992-09-21,,13.45,,,2.51
1992-09-22,,13.88,,,2.52
1992-09-23,,13.83,,,2.57
1992-09-24,,13.44,,,2.57
1992-09-25,-0.804,14.8,,,2.63
1992-09-28,,15.19,,,2.6
1992-09-29,,14.97,,,2.57
1992-09-30,,14.28,,,2.57
1992-10-01,,16.31,,,2.56
1992-10-02,-0.773,17.79,,,2.55
1992-10-05,,20.01,,,2.56
1992-10-06,,19.95,,,2.56
1992-10-07,,21.02,,,2.58
1992-10-08,,19.26,,,2.58
1992-10-09,-0.743,20.51,,,2.52
1992-10-12,,19.49,,,
1992-10-13,,17.9,,,2.52
1992-10-14,,18.42,,,2.49
1992-10-15,,17.11,,,2.51
1992-10-16,-0.715,17.01,,,2.56
1992-10-19,,17.31,,,2.54
1992-10-20,,16.87,,,2.52
1992-10-21,,16.62,,,2.51
1992-10-22,,15.84,,,2.5
1992-10-23,-0.694,16.46,,,2.46
1992-10-26,,16.32,,,2.44
1992-10-27,,16.24,,,2.46
1992-10-28,,15.95,,,2.43
1992-10-29,,15.47,,,2.38
1992-10-30,-0.682,16.15,,,2.4
1992-11-02,,16.67,,,2.41
1992-11-03,,17.33,,,2.43
1992-11-04,,16.28,,,2.45
1992-11-05,,15.38,,,2.48
1992-11-06,-0.681,14.69,,,2.49
1992-11-09,,14.23,,,2.43
1992-11-10,,14.37,,,2.41
1992-11-11,,13.99,,,
1992-11-12,,14.37,,,2.35
1992-11-13,-0.689,14.61,,,2.28
1992-11-16,,14.86,,,2.22
1992-11-17,,15.01,,,2.19
1992-11-18,,14.55,,,2.2
1992-11-19,,14.33,,,2.22
1992-11-20,-0.707,13.67,,,2.18
1992-11-23,,13.4,,,2.17
1992-11-24,,12.66,,,2.21
1992-11-25,,12.5,,,2.14
1992-11-26,,,,,
1992-11-27,-0.735,12.58,,,2.16
1992-11-30,,13.01,,,2.16
1992-12-01,,12.8,,,2.13
1992-12-02,,12.56,,,2.12
1992-12-03,,12.03,,,2.13
1992-12-04,-0.769,11.81,,,2.14
1992-12-07,,12.0,,,2.16
1992-12-08,,11.73,,,2.14
1992-12-09,,12.58,,,2.15
1992-12-10,,12.75,,,2.1
1992-12-11,-0.808,12.34,,,2.02
1992-12-14,,12.66,,,2.03
1992-12-15,,12.41,,,2.06
1992-12-16,,12.58,,,2.1
1992-12-17,,12.14,,,2.08
1992-12-18,-0.846,11.66,,,2.1
1992-12-21,,11.65,,,2.07
1992-12-22,,11.75,,,2.01
1992-12-23,,11.51,,,2.05
1992-12-24,,11.57,,,2.09
1992-12-25,-0.88,,,,
1992-12-28,,12.22,,,2.08
1992-12-29,,12.29,,,2.08
1992-12-30,,12.6,,,2.14
1992-12-31,,12.57,,,2.14
1993-01-01,-0.909,,,,
1993-01-04,,13.36,,,2.12
1993-01-05,,13.35,,,2.13
1993-01-06,,13.37,,,2.11
1993-01-07,,14.72,,,2.12
1993-01-08,-0.929,13.77,,,2.25
1993-01-11,,12.86,,,2.23
1993-01-12,,12.78,,,2.24
1993-01-13,,12.42,,,2.25
1993-01-14,,11.99,,,2.25
1993-01-15,-0.944,11.57,,,2.29
1993-01-18,,11.49,,,
1993-01-19,,12.06,,,2.2
1993-01-20,,12.15,,,2.2
1993-01-21,,11.69,,,2.24
1993-01-22,-0.953,11.3,,,2.27
1993-01-25,,11.38,,,2.22
1993-01-26,,11.45,,,2.2
1993-01-27,,12.01,,,2.24
1993-01-28,,12.04,,,2.24
1993-01-29,-0.957,12.42,,,2.19
1993-02-01,,12.33,,,2.19
1993-02-02,,12.25,,,2.21
1993-02-03,,12.12,,,2.18
1993-02-04,,12.29,,,2.2
1993-02-05,-0.957,12.9,,,2.25
1993-02-08,,13.22,,,2.21
1993-02-09,,13.48,,,2.21
1993-02-10,,13.43,,,2.13
1993-02-11,,12.69,,,2.17
1993-02-12,-0.956,12.38,,,2.15
1993-02-15,,,,,
1993-02-16,,15.76,,,2.2
1993-02-17,,15.9,,,2.22
1993-02-18,,15.56,,,2.22
1993-02-19,-0.955,15.02,,,2.16
1993-02-22,,14.7,,,2.1
1993-02-23,,15.04,,,2.02
1993-02-24,,14.72,,,2.04
1993-02-25,,13.76,,,2.08
1993-02-26,-0.956,13.16,,,2.11
1993-03-01,,13.6,,,2.06
1993-03-02,,12.49,,,2.07
1993-03-03,,13.13,,,2.07
1993-03-04,,13.44,,,2.08
1993-03-05,-0.958,14.08,,,1.99
1993-03-08,,16.22,,,1.88
1993-03-09,,14.17,,,1.89
1993-03-10,,13.91,,,1.92
1993-03-11,,14.26,,,1.95
1993-03-12,-0.962,15.66,,,2.0
1993-03-15,,14.74,,,2.07
1993-03-16,,14.51,,,2.04
1993-03-17,,14.53,,,2.04
1993-03-18,,14.17,,,2.02
1993-03-19,-0.967,13.23,,,2.0
1993-03-22,,13.66,,,2.04
1993-03-23,,13.02,,,2.03
1993-03-24,,12.44,,,2.02
1993-03-25,,12.08,,,2.06
1993-03-26,-0.974,12.21,,,2.07
1993-03-29,,12.63,,,2.11
1993-03-30,,12.23,,,2.11
1993-03-31,,12.53,,,2.07
1993-04-01,,13.02,,,2.12
1993-04-02,-0.981,14.5,,,2.17
1993-04-05,,14.12,,,2.17
1993-04-06,,14.24,,,2.15
1993-04-07,,13.64,,,2.14
1993-04-08,,12.83,,,2.12
1993-04-09,-0.988,,,,
1993-04-12,,11.93,,,2.1
1993-04-13,,11.7,,,2.11
1993-04-14,,11.76,,,2.12
1993-04-15,,10.96,,,2.09
1993-04-16,-0.992,11.29,,,2.09
1993-04-19,,12.06,,,2.09
1993-04-20,,11.94,,,2.09
1993-04-21,,12.11,,,2.09
1993-04-22,,12.68,,,2.1
1993-04-23,-0.994,13.36,,,2.14
1993-04-26,,15.25,,,2.15
1993-04-27,,13.93,,,2.14
1993-04-28,,13.12,,,2.17
1993-04-29,,12.8,,,2.2
1993-04-30,-0.993,12.42,,,2.22
1993-05-03,,12.9,,,2.21
1993-05-04,,12.14,,,2.17
1993-05-05,,12.38,,,2.13
1993-05-06,,13.22,,,2.09
1993-05-07,-0.99,13.01,,,2.13
1993-05-10,,13.72,,,2.1
1993-05-11,,13.35,,,2.1
1993-05-12,,13.56,,,2.14
1993-05-13,,14.76,,,2.11
1993-05-14,-0.986,14.39,,,2.06
1993-05-17,,14.13,,,2.02
1993-05-18,,14.19,,,2.07
1993-05-19,,14.29,,,2.08
1993-05-20,,13.98,,,2.06
1993-05-21,-0.982,14.51,,,2.02
1993-05-24,,14.1,,,1.97
1993-05-25,,14.04,,,1.98
1993-05-26,,12.88,,,1.92
1993-05-27,,13.1,,,1.89
1993-05-28,-0.981,13.47,,,1.92
1993-05-31,,,,,
1993-06-01,,13.67,,,1.91
1993-06-02,,13.48,,,1.88
1993-06-03,,13.54,,,1.88
1993-06-04,-0.984,12.86,,,1.8
1993-06-07,,14.07,,,1.78
1993-06-08,,14.74,,,1.76
1993-06-09,,13.96,,,1.78
1993-06-10,,13.31,,,1.78
1993-06-11,-0.991,12.71,,,1.82
1993-06-14,,12.33,,,1.84
1993-06-15,,11.99,,,1.85
1993-06-16,,11.87,,,1.87
1993-06-17,,11.66,,,1.85
1993-06-18,-1.004,12.24,,,1.81
1993-06-21,,12.25,,,1.76
1993-06-22,,11.65,,,1.76
1993-06-23,,12.04,,,1.71
1993-06-24,,12.25,,,1.73
1993-06-25,-1.019,11.25,,,1.74
1993-06-28,,11.11,,,1.74
1993-06-29,,11.29,,,1.76
1993-06-30,,11.26,,,1.77
1993-07-01,,11.51,,,1.81
1993-07-02,-1.036,11.33,,,1.83
1993-07-05,,,,,
1993-07-06,,13.87,,,1.8
1993-07-07,,13.05,,,1.8
1993-07-08,,12.24,,,1.78
1993-07-09,-1.054,10.8,,,1.78
1993-07-12,,10.85,,,1.76
1993-07-13,,11.02,,,1.74
1993-07-14,,10.78,,,1.75
1993-07-15,,10.6,,,1.73
1993-07-16,-1.069,10.96,,,1.72
1993-07-19,,11.46,,,1.72
1993-07-20,,11.05,,,1.66
1993-07-21,,11.97,,,1.68
1993-07-22,,11.69,,,1.68
1993-07-23,-1.082,11.32,,,1.7
1993-07-26,,11.32,,,1.71
1993-07-27,,11.34,,,1.67
1993-07-28,,11.37,,,1.69
1993-07-29,,11.25,,,1.69
1993-07-30,-1.09,11.73,,,1.7
1993-08-02,,11.47,,,1.66
1993-08-03,,11.49,,,1.66
1993-08-04,,11.71,,,1.71
1993-08-05,,12.03,,,1.74
1993-08-06,-1.095,12.33,,,1.77
1993-08-09,,12.39,,,1.76
1993-08-10,,12.31,,,1.72
1993-08-11,,12.07,,,1.65
1993-08-12,,12.38,,,1.71
1993-08-13,-1.096,12.19,,,1.72
1993-08-16,,12.01,,,1.7
1993-08-17,,11.59,,,1.68
1993-08-18,,11.52,,,1.71
1993-08-19,,11.63,,,1.71
1993-08-20,-1.094,11.62,,,1.68
1993-08-23,,12.15,,,1.63
1993-08-24,,11.8,,,1.65
1993-08-25,,12.1,,,1.66
1993-08-26,,12.14,,,1.6
1993-08-27,-1.09,11.91,,,1.61
1993-08-30,,11.74,,,1.58
1993-08-31,,11.85,,,1.57
1993-09-01,,11.48,,,1.58
1993-09-02,,11.87,,,1.58
1993-09-03,-1.083,11.16,,,1.6
1993-09-06,,,,,
1993-09-07,,12.9,,,1.53
1993-09-08,,13.24,,,1.45
1993-09-09,,12.67,,,1.47
1993-09-10,-1.074,11.7,,,1.49
1993-09-13,,12.16,,,1.44
1993-09-14,,13.15,,,1.46
1993-09-15,,12.7,,,1.5
1993-09-16,,13.36,,,1.49
1993-09-17,-1.063,13.39,,,1.49
1993-09-20,,14.6,,,1.5
1993-09-21,,17.3,,,1.57
1993-09-22,,13.75,,,1.55
1993-09-23,,13.36,,,1.55
1993-09-24,-1.05,12.47,,,1.52
1993-09-27,,12.49,,,1.49
1993-09-28,,12.19,,,1.49
1993-09-29,,12.63,,,1.51
1993-09-30,,12.99,,,1.51
1993-10-01,-1.035,11.83,,,1.5
1993-10-04,,12.85,,,1.49
1993-10-05,,12.97,,,1.49
1993-10-06,,12.68,,,1.5
1993-10-07,,13.14,,,1.5
1993-10-08,-1.019,12.04,,,1.48
1993-10-11,,12.26,,,
1993-10-12,,12.41,,,1.45
1993-10-13,,11.38,,,1.43
1993-10-14,,11.0,,,1.41
1993-10-15,-1.001,10.87,,,1.38
1993-10-18,,11.33,,,1.43
1993-10-19,,11.61,,,1.41
1993-10-20,,11.32,,,1.4
1993-10-21,,11.2,,,1.46
1993-10-22,-0.983,11.48,,,1.51
1993-10-25,,11.83,,,1.52
1993-10-26,,11.83,,,1.5
1993-10-27,,12.01,,,1.45
1993-10-28,,11.88,,,1.44
1993-10-29,-0.965,11.46,,,1.44
1993-11-01,,11.78,,,1.45
1993-11-02,,11.74,,,1.47
1993-11-03,,13.26,,,1.54
1993-11-04,,14.68,,,1.54
1993-11-05,-0.95,14.97,,,1.55
1993-11-08,,14.31,,,1.57
1993-11-09,,13.94,,,1.52
1993-11-10,,13.72,,,1.55
1993-11-11,,13.88,,,
1993-11-12,-0.94,13.33,,,1.55
1993-11-15,,14.46,,,1.58
1993-11-16,,15.11,,,1.56
1993-11-17,,15.57,,,1.56
1993-11-18,,14.65,,,1.57
1993-11-19,-0.935,15.03,,,1.62
1993-11-22,,15.9,,,1.63
1993-11-23,,14.27,,,1.63
1993-11-24,,13.51,,,1.66
1993-11-25,,,,,
1993-11-26,-0.937,13.77,,,1.62
1993-11-29,,14.12,,,1.59
1993-11-30,,13.76,,,1.61
1993-12-01,,13.83,,,1.62
1993-12-02,,13.51,,,1.59
1993-12-03,-0.945,12.69,,,1.56
1993-12-06,,12.84,,,1.53
1993-12-07,,12.41,,,1.54
1993-12-08,,12.46,,,1.53
1993-12-09,,12.43,,,1.5
1993-12-10,-0.958,12.6,,,1.52
1993-12-13,,10.98,,,1.55
1993-12-14,,11.13,,,1.57
1993-12-15,,11.03,,,1.61
1993-12-16,,10.9,,,1.61
1993-12-17,-0.974,11.08,,,1.61
1993-12-20,,10.75,,,1.61
1993-12-21,,10.08,,,1.59
1993-12-22,,9.31,,,1.55
1993-12-23,,9.48,,,1.54
1993-12-24,-0.99,,,,
1993-12-27,,9.7,,,1.52
1993-12-28,,9.82,,,1.52
1993-12-29,,10.46,,,1.54
1993-12-30,,10.69,,,1.57
1993-12-31,-1.004,11.66,,,1.58
1994-01-03,,12.57,,,1.62
1994-01-04,,11.91,,,1.59
1994-01-05,,10.94,,,1.59
1994-01-06,,11.27,,,1.6
1994-01-07,-1.014,10.96,,,1.61
1994-01-10,,10.74,,,1.59
1994-01-11,,11.29,,,1.59
1994-01-12,,11.65,,,1.55
1994-01-13,,12.08,,,1.58
1994-01-14,-1.019,11.15,,,1.61
1994-01-17,,11.88,,,
1994-01-18,,11.63,,,1.6
1994-01-19,,11.76,,,1.64
1994-01-20,,11.16,,,1.64
1994-01-21,-1.019,11.09,,,1.64
1994-01-24,,11.6,,,1.65
1994-01-25,,11.38,,,1.67
1994-01-26,,11.17,,,1.64
1994-01-27,,10.3,,,1.62
1994-01-28,-1.012,9.94,,,1.6
1994-01-31,,10.63,,,1.58
1994-02-01,,10.65,,,1.57
1994-02-02,,10.61,,,1.57
1994-02-03,,10.75,,,1.53
1994-02-04,-0.997,15.25,,,1.52
1994-02-07,,13.96,,,1.55
1994-02-08,,13.66,,,1.57
1994-02-09,,13.3,,,1.49
1994-02-10,,14.24,,,1.46
1994-02-11,-0.976,14.46,,,1.44
1994-02-14,,14.28,,,1.46
1994-02-15,,13.4,,,1.44
1994-02-16,,13.13,,,1.45
1994-02-17,,13.79,,,1.5
1994-02-18,-0.949,14.7,,,1.52
1994-02-21,,,,,
1994-02-22,,13.52,,,1.48
1994-02-23,,13.91,,,1.46
1994-02-24,,15.96,,,1.5
1994-02-25,-0.919,14.8,,,1.49
1994-02-28,,14.87,,,1.48
1994-03-01,,15.83,,,1.47
1994-03-02,,16.08,,,1.51
1994-03-03,,16.36,,,1.52
1994-03-04,-0.885,16.0,,,1.5
1994-03-07,,14.26,,,1.45
1994-03-08,,16.23,,,1.46
1994-03-09,,14.41,,,1.42
1994-03-10,,16.55,,,1.52
1994-03-11,-0.852,14.87,,,1.51
1994-03-14,,16.61,,,1.51
1994-03-15,,14.78,,,1.48
1994-03-16,,14.51,,,1.44
1994-03-17,,12.76,,,1.46
1994-03-18,-0.819,13.32,,,1.46
1994-03-21,,14.34,,,1.46
1994-03-22,,13.39,,,1.41
1994-03-23,,12.31,,,1.44
1994-03-24,,13.43,,,1.5
1994-03-25,-0.79,13.67,,,1.51
1994-03-28,,14.9,,,1.51
1994-03-29,,16.49,,,1.52
1994-03-30,,18.59,,,1.59
1994-03-31,,20.45,,,1.56
1994-04-01,-0.764,,,,
1994-04-04,,23.87,,,1.59
1994-04-05,,18.13,,,1.52
1994-04-06,,17.38,,,1.53
1994-04-07,,16.98,,,1.49
1994-04-08,-0.745,16.92,,,1.51
1994-04-11,,16.61,,,1.49
1994-04-12,,16.42,,,1.47
1994-04-13,,17.02,,,1.5
1994-04-14,,16.27,,,1.48
1994-04-15,-0.732,15.98,,,1.46
1994-04-18,,17.22,,,1.44
1994-04-19,,16.93,,,1.4
1994-04-20,,17.01,,,1.38
1994-04-21,,14.93,,,1.32
1994-04-22,-0.724,14.94,,,1.31
1994-04-25,,14.26,,,1.25
1994-04-26,,13.8,,,1.27
1994-04-27,,,,,
1994-04-28,,14.51,,,1.29
1994-04-29,-0.72,13.77,,,1.33
1994-05-02,,14.11,,,1.28
1994-05-03,,13.81,,,1.27
1994-05-04,,14.29,,,1.25
1994-05-05,,14.56,,,1.23
1994-05-06,-0.718,15.08,,,1.23
1994-05-09,,16.16,,,1.23
1994-05-10,,15.19,,,1.2
1994-05-11,,15.55,,,1.2
1994-05-12,,15.46,,,1.23
1994-05-13,-0.718,14.54,,,1.24
1994-05-16,,14.67,,,1.21
1994-05-17,,14.08,,,1.15
1994-05-18,,12.55,,,1.2
1994-05-19,,12.33,,,1.23
1994-05-20,-0.72,12.79,,,1.22
1994-05-23,,13.49,,,1.25
1994-05-24,,12.73,,,1.23
1994-05-25,,12.43,,,1.19
1994-05-26,,12.5,,,1.17
1994-05-27,-0.721,12.49,,,1.15
1994-05-30,,,,,
1994-05-31,,13.03,,,1.16
1994-06-01,,12.72,,,1.14
1994-06-02,,12.73,,,1.14
1994-06-03,-0.72,12.19,,,1.14
1994-06-06,,13.03,,,1.13
1994-06-07,,13.05,,,1.15
1994-06-08,,13.32,,,1.18
1994-06-09,,13.21,,,1.18
1994-06-10,-0.719,12.69,,,1.18
1994-06-13,,11.92,,,1.16
1994-06-14,,11.6,,,1.19
1994-06-15,,11.52,,,1.22
1994-06-16,,11.22,,,1.24
1994-06-17,-0.717,12.31,,,1.26
1994-06-20,,13.96,,,1.24
1994-06-21,,14.7,,,1.18
1994-06-22,,14.02,,,1.16
1994-06-23,,14.12,,,1.16
1994-06-24,-0.716,16.72,,,1.16
1994-06-27,,15.53,,,1.13
1994-06-28,,15.04,,,1.13
1994-06-29,,14.42,,,1.12
1994-06-30,,14.97,,,1.15
1994-07-01,-0.717,14.36,,,1.15
1994-07-04,,,,,
1994-07-05,,14.92,,,1.17
1994-07-06,,14.7,,,1.21
1994-07-07,,14.01,,,1.19
1994-07-08,-0.724,13.26,,,1.17
1994-07-11,,13.83,,,1.18
1994-07-12,,13.4,,,1.19
1994-07-13,,12.42,,,1.19
1994-07-14,,11.64,,,1.2
1994-07-15,-0.736,11.28,,,1.21
1994-07-18,,11.44,,,1.21
1994-07-19,,11.65,,,1.21
1994-07-20,,11.7,,,1.19
1994-07-21,,11.65,,,1.16
1994-07-22,-0.752,11.22,,,1.14
1994-07-25,,11.46,,,1.14
1994-07-26,,11.66,,,1.12
1994-07-27,,11.93,,,1.12
1994-07-28,,12.03,,,1.08
1994-07-29,-0.77,11.13,,,1.13
1994-08-01,,11.17,,,1.1
1994-08-02,,11.27,,,1.13
1994-08-03,,11.35,,,1.13
1994-08-04,,12.18,,,1.14
1994-08-05,-0.786,12.34,,,1.1
1994-08-08,,12.41,,,1.06
1994-08-09,,12.54,,,1.07
1994-08-10,,11.91,,,1.09
1994-08-11,,12.13,,,1.1
1994-08-12,-0.799,11.09,,,1.05
1994-08-15,,12.06,,,1.04
1994-08-16,,11.39,,,0.98
1994-08-17,,11.54,,,1.01
1994-08-18,,12.07,,,1.05
1994-08-19,-0.807,12.83,,,1.04
1994-08-22,,12.62,,,1.04
1994-08-23,,11.75,,,1.02
1994-08-24,,11.57,,,1.04
1994-08-25,,12.02,,,1.05
1994-08-26,-0.806,12.19,,,1.03
1994-08-29,,11.82,,,1.04
1994-08-30,,11.23,,,1.02
1994-08-31,,11.97,,,1.02
1994-09-01,,11.86,,,1.04
1994-09-02,-0.796,11.4,,,1.04
1994-09-05,,,,,
1994-09-06,,11.69,,,1.05
1994-09-07,,11.81,,,1.07
1994-09-08,,11.86,,,1.08
1994-09-09,-0.779,13.12,,,1.09
1994-09-12,,14.01,,,1.09
1994-09-13,,13.77,,,1.09
1994-09-14,,13.09,,,1.08
1994-09-15,,11.88,,,1.07
1994-09-16,-0.753,12.8,,,1.1
1994-09-19,,13.06,,,1.1
1994-09-20,,14.45,,,1.09
1994-09-21,,14.49,,,1.04
1994-09-22,,13.89,,,1.06
1994-09-23,-0.724,14.53,,,1.05
1994-09-26,,14.56,,,1.03
1994-09-27,,14.13,,,1.09
1994-09-28,,13.25,,,1.06
1994-09-29,,13.97,,,1.04
1994-09-30,-0.694,14.28,,,1.0
1994-10-03,,15.44,,,0.97
1994-10-04,,16.66,,,1.02
1994-10-05,,15.92,,,1.04
1994-10-06,,16.24,,,1.07
1994-10-07,-0.666,14.92,,,1.05
1994-10-10,,14.72,,,
1994-10-11,,13.55,,,1.02
1994-10-12,,14.51,,,1.02
1994-10-13,,14.9,,,1.01
1994-10-14,-0.641,13.32,,,1.04
1994-10-17,,14.76,,,1.01
1994-10-18,,14.59,,,1.03
1994-10-19,,15.13,,,1.02
1994-10-20,,15.99,,,1.03
1994-10-21,-0.62,15.91,,,1.01
1994-10-24,,16.97,,,1.02
1994-10-25,,16.13,,,1.01
1994-10-26,,15.7,,,0.98
1994-10-27,,15.67,,,0.99
1994-10-28,-0.6,14.56,,,1.0
1994-10-31,,14.56,,,0.97
1994-11-01,,14.84,,,0.98
1994-11-02,,15.34,,,1.0
1994-11-03,,15.58,,,0.98
1994-11-04,-0.58,16.75,,,0.99
1994-11-07,,17.37,,,0.99
1994-11-08,,16.3,,,0.99
1994-11-09,,16.42,,,0.93
1994-11-10,,16.0,,,0.92
1994-11-11,-0.558,16.5,,,
1994-11-14,,16.68,,,0.88
1994-11-15,,16.66,,,0.82
1994-11-16,,15.56,,,0.82
1994-11-17,,15.91,,,0.82
1994-11-18,-0.532,16.0,,,0.78
1994-11-21,,16.13,,,0.73
1994-11-22,,17.24,,,0.71
1994-11-23,,18.41,,,0.63
1994-11-24,,,,,
1994-11-25,-0.503,17.44,,,0.61
1994-11-28,,16.83,,,0.53
1994-11-29,,16.15,,,0.51
1994-11-30,,15.95,,,0.51
1994-12-01,,16.69,,,0.5
1994-12-02,-0.473,16.55,,,0.37
1994-12-05,,16.1,,,0.25
1994-12-06,,16.05,,,0.29
1994-12-07,,16.28,,,0.33
1994-12-08,,18.15,,,0.28
1994-12-09,-0.444,16.04,,,0.26
1994-12-12,,15.46,,,0.23
1994-12-13,,14.48,,,0.12
1994-12-14,,13.03,,,0.21
1994-12-15,,12.87,,,0.25
1994-12-16,-0.421,12.79,,,0.22
1994-12-19,,13.02,,,0.22
1994-12-20,,12.98,,,0.25
1994-12-21,,12.05,,,0.22
1994-12-22,,12.42,,,0.14
1994-12-23,-0.407,11.82,,,0.11
1994-12-26,,,,,
1994-12-27,,12.07,,,0.09
1994-12-28,,12.81,,,0.09
1994-12-29,,12.86,,,0.13
1994-12-30,-0.405,13.2,,,0.15
1995-01-02,,,,,
1995-01-03,,14.25,,,0.15
1995-01-04,,13.53,,,0.2
1995-01-05,,13.5,,,0.22
1995-01-06,-0.416,13.13,,,0.23
1995-01-09,,13.33,,,0.21
1995-01-10,,12.52,,,0.21
1995-01-11,,12.15,,,0.21
1995-01-12,,12.83,,,0.24
1995-01-13,-0.438,11.1,,,0.3
1995-01-16,,11.14,,,
1995-01-17,,11.79,,,0.26
1995-01-18,,11.57,,,0.23
1995-01-19,,11.86,,,0.25
1995-01-20,-0.469,12.15,,,0.32
1995-01-23,,12.79,,,0.33
1995-01-24,,11.94,,,0.29
1995-01-25,,11.46,,,0.3
1995-01-26,,11.25,,,0.37
1995-01-27,-0.505,11.25,,,0.37
1995-01-30,,12.26,,,0.42
1995-01-31,,11.96,,,0.34
1995-02-01,,11.73,,,0.33
1995-02-02,,11.13,,,0.28
1995-02-03,-0.541,10.98,,,0.35
1995-02-06,,11.22,,,0.35
1995-02-07,,11.17,,,0.33
1995-02-08,,11.42,,,0.35
1995-02-09,,11.63,,,0.35
1995-02-10,-0.574,11.28,,,0.29
1995-02-13,,11.41,,,0.29
1995-02-14,,11.43,,,0.3
1995-02-15,,11.52,,,0.33
1995-02-16,,11.61,,,0.38
1995-02-17,-0.601,11.71,,,0.36
1995-02-20,,,,,
1995-02-21,,12.05,,,0.35
1995-02-22,,11.39,,,0.42
1995-02-23,,11.15,,,0.42
1995-02-24,-0.621,10.84,,,0.44
1995-02-27,,12.51,,,0.45
1995-02-28,,11.75,,,0.43
1995-03-01,,11.65,,,0.42
1995-03-02,,12.02,,,0.42
1995-03-03,-0.633,11.45,,,0.47
1995-03-06,,12.17,,,0.45
1995-03-07,,14.22,,,0.44
1995-03-08,,13.72,,,0.43
1995-03-09,,13.36,,,0.47
1995-03-10,-0.638,12.38,,,0.4
1995-03-13,,12.15,,,0.43
1995-03-14,,12.1,,,0.4
1995-03-15,,12.42,,,0.38
1995-03-16,,11.95,,,0.37
1995-03-17,-0.64,11.8,,,0.43
1995-03-20,,11.34,,,0.43
1995-03-21,,11.53,,,0.45
1995-03-22,,11.29,,,0.46
1995-03-23,,11.43,,,0.46
1995-03-24,-0.639,11.19,,,0.45
1995-03-27,,11.83,,,0.43
1995-03-28,,11.33,,,0.43
1995-03-29,,12.51,,,0.43
1995-03-30,,12.62,,,0.42
1995-03-31,-0.639,13.37,,,0.4
1995-04-03,,13.5,,,0.39
1995-04-04,,12.62,,,0.41
1995-04-05,,12.96,,,0.42
1995-04-06,,12.81,,,0.43
1995-04-07,-0.641,12.85,,,0.46
1995-04-10,,12.79,,,0.46
1995-04-11,,12.73,,,0.44
1995-04-12,,12.04,,,0.45
1995-04-13,,11.48,,,0.52
1995-04-14,-0.648,,,,
1995-04-17,,12.33,,,0.56
1995-04-18,,12.96,,,0.6
1995-04-19,,13.09,,,0.55
1995-04-20,,12.1,,,0.59
1995-04-21,-0.658,11.86,,,0.57
1995-04-24,,11.92,,,0.55
1995-04-25,,12.41,,,0.53
1995-04-26,,12.28,,,0.51
1995-04-27,,11.93,,,0.49
1995-04-28,-0.672,11.75,,,0.47
1995-05-01,,12.14,,,0.47
1995-05-02,,11.88,,,0.49
1995-05-03,,11.69,,,0.49
1995-05-04,,12.64,,,0.5
1995-05-05,-0.686,12.06,,,0.53
1995-05-08,,12.22,,,0.52
1995-05-09,,12.75,,,0.53
1995-05-10,,13.08,,,0.55
1995-05-11,,12.98,,,0.48
1995-05-12,-0.699,11.84,,,0.47
1995-05-15,,12.38,,,0.46
1995-05-16,,12.2,,,0.46
1995-05-17,,12.36,,,0.42
1995-05-18,,13.13,,,0.43
1995-05-19,-0.708,12.81,,,0.42
1995-05-22,,11.68,,,0.44
1995-05-23,,11.55,,,0.42
1995-05-24,,11.26,,,0.43
1995-05-25,,11.63,,,0.4
1995-05-26,-0.711,12.2,,,0.43
1995-05-29,,,,,
1995-05-30,,12.52,,,0.41
1995-05-31,,12.85,,,0.41
1995-06-01,,12.21,,,0.49
1995-06-02,-0.708,12.98,,,0.56
1995-06-05,,13.45,,,0.54
1995-06-06,,13.0,,,0.51
1995-06-07,,12.84,,,0.46
1995-06-08,,12.89,,,0.4
1995-06-09,-0.701,12.76,,,0.39
1995-06-12,,11.91,,,0.41
1995-06-13,,11.29,,,0.51
1995-06-14,,11.29,,,0.48
1995-06-15,,11.23,,,0.45
1995-06-16,-0.69,10.75,,,0.44
1995-06-19,,11.21,,,0.48
1995-06-20,,11.16,,,0.44
1995-06-21,,11.32,,,0.45
1995-06-22,,11.44,,,0.43
1995-06-23,-0.68,11.12,,,0.42
1995-06-26,,11.8,,,0.4
1995-06-27,,12.37,,,0.45
1995-06-28,,11.74,,,0.43
1995-06-29,,11.59,,,0.39
1995-06-30,-0.672,11.38,,,0.42
1995-07-03,,11.57,,,0.42
1995-07-04,,,,,
1995-07-05,,12.1,,,0.41
1995-07-06,,11.52,,,0.49
1995-07-07,-0.667,11.77,,,0.5
1995-07-10,,12.19,,,0.48
1995-07-11,,12.25,,,0.5
1995-07-12,,12.31,,,0.51
1995-07-13,,12.56,,,0.48
1995-07-14,-0.668,12.08,,,0.45
1995-07-17,,12.26,,,0.45
1995-07-18,,12.68,,,0.48
1995-07-19,,13.49,,,0.54
1995-07-20,,12.78,,,0.52
1995-07-21,-0.672,12.37,,,0.58
1995-07-24,,12.55,,,0.49
1995-07-25,,12.77,,,0.49
1995-07-26,,13.18,,,0.51
1995-07-27,,13.18,,,0.52
1995-07-28,-0.68,13.18,,,0.57
1995-07-31,,13.49,,,0.57
1995-08-01,,13.56,,,0.56
1995-08-02,,13.66,,,0.58
1995-08-03,,13.78,,,0.59
1995-08-04,-0.689,13.21,,,0.59
1995-08-07,,13.1,,,0.58
1995-08-08,,13.06,,,0.57
1995-08-09,,12.75,,,0.54
1995-08-10,,13.0,,,0.56
1995-08-11,-0.699,12.9,,,0.54
1995-08-14,,13.24,,,0.54
1995-08-15,,12.35,,,0.46
1995-08-16,,12.45,,,0.47
1995-08-17,,12.13,,,0.45
1995-08-18,-0.706,12.03,,,0.44
1995-08-21,,13.42,,,0.46
1995-08-22,,12.6,,,0.47
1995-08-23,,13.17,,,0.49
1995-08-24,,12.94,,,0.5
1995-08-25,-0.711,12.33,,,0.48
1995-08-28,,12.48,,,0.49
1995-08-29,,12.65,,,0.43
1995-08-30,,12.03,,,0.45
1995-08-31,,11.52,,,0.43
1995-09-01,-0.713,11.29,,,0.44
1995-09-04,,,,,
1995-09-05,,11.65,,,0.41
1995-09-06,,11.65,,,0.41
1995-09-07,,11.85,,,0.41
1995-09-08,-0.711,11.16,,,0.39
1995-09-11,,11.51,,,0.41
1995-09-12,,11.46,,,0.39
1995-09-13,,11.35,,,0.38
1995-09-14,,11.1,,,0.4
1995-09-15,-0.707,11.58,,,0.4
1995-09-18,,12.34,,,0.4
1995-09-19,,12.67,,,0.39
1995-09-20,,12.35,,,0.37
1995-09-21,,12.5,,,0.38
1995-09-22,-0.702,12.46,,,0.4
1995-09-25,,13.22,,,0.37
1995-09-26,,12.9,,,0.4
1995-09-27,,12.9,,,0.38
1995-09-28,,12.46,,,0.36
1995-09-29,-0.697,12.74,,,0.34
1995-10-02,,13.95,,,0.33
1995-10-03,,14.5,,,0.33
1995-10-04,,14.86,,,0.37
1995-10-05,,15.74,,,0.34
1995-10-06,-0.696,13.98,,,0.33
1995-10-09,,14.85,,,
1995-10-10,,14.97,,,0.33
1995-10-11,,14.57,,,0.34
1995-10-12,,14.24,,,0.35
1995-10-13,-0.698,13.67,,,0.3
1995-10-16,,14.62,,,0.3
1995-10-17,,14.03,,,0.32
1995-10-18,,14.05,,,0.32
1995-10-19,,13.55,,,0.31
1995-10-20,-0.704,13.46,,,0.32
1995-10-23,,14.17,,,0.31
1995-10-24,,13.85,,,0.34
1995-10-25,,14.49,,,0.36
1995-10-26,,15.59,,,0.45
1995-10-27,-0.713,14.63,,,0.41
1995-10-30,,14.26,,,0.42
1995-10-31,,13.83,,,0.42
1995-11-01,,13.41,,,0.46
1995-11-02,,13.19,,,0.46
1995-11-03,-0.725,12.26,,,0.45
1995-11-06,,12.74,,,0.45
1995-11-07,,13.05,,,0.45
1995-11-08,,12.16,,,0.45
1995-11-09,,12.46,,,0.48
1995-11-10,-0.737,12.97,,,0.48
1995-11-13,,13.2,,,0.49
1995-11-14,,13.38,,,0.5
1995-11-15,,12.95,,,0.47
1995-11-16,,12.57,,,0.47
1995-11-17,-0.746,12.49,,,0.46
1995-11-20,,12.37,,,0.47
1995-11-21,,11.74,,,0.43
1995-11-22,,11.81,,,0.42
1995-11-23,,,,,
1995-11-24,-0.751,11.87,,,0.42
1995-11-27,,12.43,,,0.42
1995-11-28,,11.57,,,0.43
1995-11-29,,11.65,,,0.42
1995-11-30,,11.58,,,0.4
1995-12-01,-0.753,11.11,,,0.39
1995-12-04,,10.66,,,0.36
1995-12-05,,11.65,,,0.36
1995-12-06,,12.7,,,0.35
1995-12-07,,12.74,,,0.33
1995-12-08,-0.751,11.12,,,0.34
1995-12-11,,11.06,,,0.33
1995-12-12,,10.63,,,0.33
1995-12-13,,10.36,,,0.35
1995-12-14,,11.07,,,0.36
1995-12-15,-0.747,11.44,,,0.39
1995-12-18,,14.55,,,0.42
1995-12-19,,13.16,,,0.45
1995-12-20,,12.2,,,0.43
1995-12-21,,10.77,,,0.44
1995-12-22,-0.744,11.51,,,0.43
1995-12-25,,,,,
1995-12-26,,11.49,,,0.42
1995-12-27,,11.98,,,0.43
1995-12-28,,12.25,,,0.43
1995-12-29,-0.744,12.52,,,0.4
1996-01-01,,,,,
1996-01-02,,12.19,,,0.42
1996-01-03,,12.1,,,0.41
1996-01-04,,13.78,,,0.48
1996-01-05,-0.75,13.58,,,0.49
1996-01-08,,13.11,,,0.48
1996-01-09,,15.21,,,0.52
1996-01-10,,16.4,,,0.58
1996-01-11,,14.69,,,0.56
1996-01-12,-0.76,14.23,,,0.58
1996-01-15,,14.99,,,
1996-01-16,,14.09,,,0.58
1996-01-17,,14.25,,,0.53
1996-01-18,,13.58,,,0.52
1996-01-19,-0.775,12.7,,,0.51
1996-01-22,,13.34,,,0.53
1996-01-23,,13.56,,,0.57
1996-01-24,,12.54,,,0.55
1996-01-25,,12.94,,,0.59
1996-01-26,-0.792,12.0,,,0.57
1996-01-29,,12.19,,,0.59
1996-01-30,,12.42,,,0.61
1996-01-31,,12.53,,,0.67
1996-02-01,,12.65,,,0.7
1996-02-02,-0.809,13.23,,,0.76
1996-02-05,,13.46,,,0.75
1996-02-06,,14.59,,,0.75
1996-02-07,,14.11,,,0.74
1996-02-08,,13.89,,,0.76
1996-02-09,-0.82,14.63,,,0.81
1996-02-12,,14.69,,,0.78
1996-02-13,,14.94,,,0.78
1996-02-14,,15.59,,,0.8
1996-02-15,,16.13,,,0.83
1996-02-16,-0.824,15.37,,,0.86
1996-02-19,,,,,
1996-02-20,,16.8,,,0.83
1996-02-21,,14.47,,,0.82
1996-02-22,,14.56,,,0.81
1996-02-23,-0.82,14.78,,,0.84
1996-02-26,,16.38,,,0.83
1996-02-27,,16.63,,,0.78
1996-02-28,,16.72,,,0.68
1996-02-29,,17.04,,,0.69
1996-03-01,-0.806,16.72,,,0.73
1996-03-04,,16.67,,,0.71
1996-03-05,,16.1,,,0.68
1996-03-06,,16.56,,,0.69
1996-03-07,,16.49,,,0.67
1996-03-08,-0.787,20.7,,,0.68
1996-03-11,,19.4,,,0.62
1996-03-12,,19.09,,,0.58
1996-03-13,,18.13,,,0.62
1996-03-14,,16.93,,,0.66
1996-03-15,-0.764,16.54,,,0.59
1996-03-18,,17.31,,,0.54
1996-03-19,,18.35,,,0.56
1996-03-20,,18.66,,,0.58
1996-03-21,,17.74,,,0.56
1996-03-22,-0.74,17.05,,,0.58
1996-03-25,,17.84,,,0.57
1996-03-26,,17.8,,,0.53
1996-03-27,,17.89,,,0.53
1996-03-28,,18.16,,,0.53
1996-03-29,-0.719,18.88,,,0.55
1996-04-01,,17.9,,,0.52
1996-04-02,,16.45,,,0.51
1996-04-03,,16.33,,,0.5
1996-04-04,,16.18,,,0.5
1996-04-05,-0.702,,,,0.48
1996-04-08,,18.72,,,0.52
1996-04-09,,17.32,,,0.5
1996-04-10,,20.22,,,0.53
1996-04-11,,19.65,,,0.56
1996-04-12,-0.69,17.38,,,0.56
1996-04-15,,16.83,,,0.54
1996-04-16,,16.45,,,0.57
1996-04-17,,17.07,,,0.56
1996-04-18,,16.41,,,0.56
1996-04-19,-0.684,15.12,,,0.58
1996-04-22,,15.38,,,0.56
1996-04-23,,15.01,,,0.59
1996-04-24,,14.91,,,0.62
1996-04-25,,14.72,,,0.57
1996-04-26,-0.685,14.75,,,0.62
1996-04-29,,15.45,,,0.61
1996-04-30,,15.83,,,0.63
1996-05-01,,16.07,,,0.65
1996-05-02,,18.62,,,0.69
1996-05-03,-0.691,16.7,,,0.7
1996-05-06,,16.92,,,0.71
1996-05-07,,16.87,,,0.67
1996-05-08,,15.78,,,0.63
1996-05-09,,16.99,,,0.7
1996-05-10,-0.699,15.61,,,0.71
1996-05-13,,15.16,,,0.66
1996-05-14,,14.9,,,0.65
1996-05-15,,15.59,,,0.64
1996-05-16,,15.71,,,0.62
1996-05-17,-0.708,15.13,,,0.61
1996-05-20,,15.8,,,0.6
1996-05-21,,16.0,,,0.62
1996-05-22,,15.5,,,0.6
1996-05-23,,16.17,,,0.63
1996-05-24,-0.714,15.54,,,0.62
1996-05-27,,,,,
1996-05-28,,16.92,,,0.62
1996-05-29,,17.15,,,0.61
1996-05-30,,16.02,,,0.6
1996-05-31,-0.717,16.07,,,0.58
1996-06-03,,16.86,,,0.61
1996-06-04,,16.18,,,0.62
1996-06-05,,16.04,,,0.58
1996-06-06,,16.84,,,0.6
1996-06-07,-0.715,16.1,,,0.53
1996-06-10,,16.78,,,0.57
1996-06-11,,16.68,,,0.62
1996-06-12,,17.0,,,0.64
1996-06-13,,17.12,,,0.65
1996-06-14,-0.71,18.64,,,0.66
1996-06-17,,17.46,,,0.63
1996-06-18,,17.45,,,0.65
1996-06-19,,17.54,,,0.65
1996-06-20,,16.97,,,0.6
1996-06-21,-0.705,15.8,,,0.61
1996-06-24,,15.91,,,0.62
1996-06-25,,15.43,,,0.61
1996-06-26,,15.23,,,0.61
1996-06-27,,14.19,,,0.62
1996-06-28,-0.701,13.68,,,0.62
1996-07-01,,13.78,,,0.59
1996-07-02,,14.19,,,0.58
1996-07-03,,14.21,,,0.58
1996-07-04,,,,,
1996-07-05,-0.698,16.09,,,0.62
1996-07-08,,16.42,,,0.62
1996-07-09,,15.49,,,0.59
1996-07-10,,15.51,,,0.61
1996-07-11,,17.81,,,0.62
1996-07-12,-0.698,17.09,,,0.59
1996-07-15,,20.11,,,0.57
1996-07-16,,20.1,,,0.61
1996-07-17,,19.22,,,0.6
1996-07-18,,17.93,,,0.56
1996-07-19,-0.703,17.26,,,0.6
1996-07-22,,20.41,,,0.61
1996-07-23,,21.55,,,0.57
1996-07-24,,21.44,,,0.61
1996-07-25,,19.39,,,0.59
1996-07-26,-0.711,17.45,,,0.6
1996-07-29,,20.09,,,0.61
1996-07-30,,20.53,,,0.59
1996-07-31,,19.46,,,0.58
1996-08-01,,18.76,,,0.57
1996-08-02,-0.72,16.19,,,0.6
1996-08-05,,17.36,,,0.6
1996-08-06,,16.93,,,0.61
1996-08-07,,16.24,,,0.58
1996-08-08,,16.04,,,0.59
1996-08-09,-0.731,15.77,,,0.57
1996-08-12,,15.57,,,0.57
1996-08-13,,16.41,,,0.6
1996-08-14,,15.96,,,0.61
1996-08-15,,15.46,,,0.62
1996-08-16,-0.739,14.81,,,0.61
1996-08-19,,15.27,,,0.62
1996-08-20,,14.73,,,0.62
1996-08-21,,14.52,,,0.62
1996-08-22,,13.71,,,0.62
1996-08-23,-0.744,14.18,,,0.63
1996-08-26,,15.38,,,0.62
1996-08-27,,15.11,,,0.61
1996-08-28,,15.1,,,0.62
1996-08-29,,16.22,,,0.63
1996-08-30,-0.744,17.01,,,0.62
1996-09-02,,,,,
1996-09-03,,18.47,,,0.57
1996-09-04,,18.64,,,0.56
1996-09-05,,20.51,,,0.6
1996-09-06,-0.74,17.1,,,0.61
1996-09-09,,16.36,,,0.58
1996-09-10,,16.25,,,0.6
1996-09-11,,16.06,,,0.6
1996-09-12,,15.97,,,0.61
1996-09-13,-0.736,15.2,,,0.64
1996-09-16,,15.43,,,0.59
1996-09-17,,15.74,,,0.59
1996-09-18,,15.86,,,0.57
1996-09-19,,16.03,,,0.58
1996-09-20,-0.732,15.65,,,0.59
1996-09-23,,16.46,,,0.59
1996-09-24,,16.45,,,0.61
1996-09-25,,16.22,,,0.63
1996-09-26,,16.11,,,0.61
1996-09-27,-0.731,16.1,,,0.61
1996-09-30,,16.95,,,0.62
1996-10-01,,17.05,,,0.62
1996-10-02,,16.78,,,0.63
1996-10-03,,16.77,,,0.61
1996-10-04,-0.735,14.8,,,0.63
1996-10-07,,15.11,,,0.64
1996-10-08,,15.58,,,0.63
1996-10-09,,16.09,,,0.59
1996-10-10,,16.26,,,0.6
1996-10-11,-0.742,15.07,,,0.63
1996-10-14,,15.13,,,
1996-10-15,,15.83,,,0.63
1996-10-16,,15.6,,,0.63
1996-10-17,,15.41,,,0.62
1996-10-18,-0.753,15.08,,,0.61
1996-10-21,,15.98,,,0.61
1996-10-22,,16.4,,,0.61
1996-10-23,,16.45,,,0.62
1996-10-24,,16.89,,,0.63
1996-10-25,-0.764,17.29,,,0.64
1996-10-28,,18.34,,,0.64
1996-10-29,,18.28,,,0.63
1996-10-30,,18.48,,,0.61
1996-10-31,,18.11,,,0.6
1996-11-01,-0.775,17.89,,,0.59
1996-11-04,,18.04,,,0.58
1996-11-05,,17.65,,,0.54
1996-11-06,,16.97,,,0.54
1996-11-07,,17.21,,,0.51
1996-11-08,-0.783,15.78,,,0.53
1996-11-11,,14.04,,,
1996-11-12,,15.36,,,0.46
1996-11-13,,14.89,,,0.49
1996-11-14,,13.79,,,0.49
1996-11-15,-0.785,14.36,,,0.51
1996-11-18,,15.12,,,0.5
1996-11-19,,15.23,,,0.49
1996-11-20,,15.94,,,0.49
1996-11-21,,15.77,,,0.48
1996-11-22,-0.781,14.92,,,0.46
1996-11-25,,15.91,,,0.46
1996-11-26,,16.97,,,0.47
1996-11-27,,16.96,,,0.48
1996-11-28,,,,,
1996-11-29,-0.77,17.14,,,0.47
1996-12-02,,17.93,,,0.47
1996-12-03,,18.68,,,0.45
1996-12-04,,17.93,,,0.47
1996-12-05,,18.14,,,0.51
1996-12-06,-0.755,18.82,,,0.53
1996-12-09,,17.75,,,0.51
1996-12-10,,17.88,,,0.52
1996-12-11,,19.68,,,0.56
1996-12-12,,20.45,,,0.56
1996-12-13,-0.737,21.09,,,0.56
1996-12-16,,21.99,,,0.57
1996-12-17,,20.77,,,0.55
1996-12-18,,19.42,,,0.57
1996-12-19,,18.77,,,0.53
1996-12-20,-0.72,18.85,,,0.52
1996-12-23,,19.5,,,0.49
1996-12-24,,18.68,,,0.51
1996-12-25,,,,,
1996-12-26,,18.59,,,0.5
1996-12-27,-0.706,19.13,,,0.49
1996-12-30,,19.51,,,0.51
1996-12-31,,20.92,,,0.55
1997-01-01,,,,,
1997-01-02,,21.14,,,0.57
1997-01-03,-0.696,19.13,,,0.57
1997-01-06,,19.89,,,0.57
1997-01-07,,19.35,,,0.59
1997-01-08,,20.24,,,0.59
1997-01-09,,20.91,,,0.58
1997-01-10,-0.692,19.63,,,0.57
1997-01-13,,19.84,,,0.56
1997-01-14,,19.27,,,0.55
1997-01-15,,19.4,,,0.55
1997-01-16,,19.61,,,0.57
1997-01-17,-0.693,18.63,,,0.56
1997-01-20,,18.6,,,
1997-01-21,,17.81,,,0.53
1997-01-22,,17.09,,,0.56
1997-01-23,,18.47,,,0.54
1997-01-24,-0.699,19.33,,,0.57
1997-01-27,,20.16,,,0.58
1997-01-28,,20.74,,,0.6
1997-01-29,,20.23,,,0.59
1997-01-30,,19.47,,,0.6
1997-01-31,-0.709,,,,0.59
1997-02-03,,19.58,,,0.58
1997-02-04,,19.43,,,0.57
1997-02-05,,21.06,,,0.56
1997-02-06,,20.16,,,0.58
1997-02-07,-0.719,18.9,,,0.57
1997-02-10,,20.65,,,0.56
1997-02-11,,19.97,,,0.55
1997-02-12,,19.48,,,0.49
1997-02-13,,19.23,,,0.49
1997-02-14,-0.729,19.18,,,0.49
1997-02-17,,,,,
1997-02-18,,19.7,,,0.48
1997-02-19,,20.61,,,0.48
1997-02-20,,21.41,,,0.53
1997-02-21,-0.734,20.55,,,0.51
1997-02-24,,19.84,,,0.5
1997-02-25,,19.98,,,0.5
1997-02-26,,20.74,,,0.5
1997-02-27,,21.08,,,0.49
1997-02-28,-0.735,21.1,,,0.47
1997-03-03,,20.89,,,0.47
1997-03-04,,20.62,,,0.49
1997-03-05,,19.49,,,0.47
1997-03-06,,20.48,,,0.47
1997-03-07,-0.729,19.32,,,0.47
1997-03-10,,19.0,,,0.46
1997-03-11,,19.25,,,0.48
1997-03-12,,19.61,,,0.48
1997-03-13,,19.79,,,0.51
1997-03-14,-0.719,19.81,,,0.53
1997-03-17,,20.95,,,0.5
1997-03-18,,21.26,,,0.5
1997-03-19,,21.74,,,0.5
1997-03-20,,21.22,,,0.48
1997-03-21,-0.706,19.69,,,0.45
1997-03-24,,20.06,,,0.43
1997-03-25,,19.26,,,0.42
1997-03-26,,18.32,,,0.42
1997-03-27,,20.5,,,0.45
1997-03-28,-0.69,,,,
1997-03-31,,22.14,,,0.47
1997-04-01,,20.84,,,0.48
1997-04-02,,21.3,,,0.46
1997-04-03,,21.19,,,0.46
1997-04-04,-0.674,19.23,,,0.48
1997-04-07,,18.51,,,0.46
1997-04-08,,18.44,,,0.47
1997-04-09,,18.56,,,0.47
1997-04-10,,19.01,,,0.45
1997-04-11,-0.66,19.76,,,0.45
1997-04-14,,19.09,,,0.44
1997-04-15,,18.25,,,0.43
1997-04-16,,17.64,,,0.41
1997-04-17,,18.71,,,0.42
1997-04-18,-0.648,18.75,,,0.42
1997-04-21,,20.1,,,0.41
1997-04-22,,19.52,,,0.41
1997-04-23,,20.48,,,0.42
1997-04-24,,20.83,,,0.41
1997-04-25,-0.638,21.15,,,0.4
1997-04-28,,21.34,,,0.41
1997-04-29,,19.81,,,0.43
1997-04-30,,20.06,,,0.43
1997-05-01,,19.87,,,0.42
1997-05-02,-0.633,17.51,,,0.42
1997-05-05,,20.13,,,0.39
1997-05-06,,20.85,,,0.38
1997-05-07,,21.34,,,0.4
1997-05-08,,21.26,,,0.39
1997-05-09,-0.629,20.11,,,0.43
1997-05-12,,20.25,,,0.42
1997-05-13,,20.81,,,0.41
1997-05-14,,21.09,,,0.42
1997-05-15,,19.91,,,0.42
1997-05-16,-0.627,21.57,,,0.42
1997-05-19,,21.48,,,0.43
1997-05-20,,19.26,,,0.45
1997-05-21,,19.28,,,0.49
1997-05-22,,18.77,,,0.49
1997-05-23,-0.627,18.08,,,0.49
1997-05-26,,,,,
1997-05-27,,19.36,,,0.49
1997-05-28,,19.28,,,0.46
1997-05-29,,19.02,,,0.45
1997-05-30,-0.628,19.19,,,0.45
1997-06-02,,20.85,,,0.43
1997-06-03,,20.01,,,0.43
1997-06-04,,20.1,,,0.42
1997-06-05,,20.36,,,0.42
1997-06-06,-0.629,18.94,,,0.39
1997-06-09,,19.46,,,0.4
1997-06-10,,19.04,,,0.4
1997-06-11,,18.85,,,0.37
1997-06-12,,18.51,,,0.41
1997-06-13,-0.632,19.27,,,0.4
1997-06-16,,19.77,,,0.38
1997-06-17,,20.17,,,0.38
1997-06-18,,20.45,,,0.38
1997-06-19,,20.1,,,0.36
1997-06-20,-0.636,20.2,,,0.35
1997-06-23,,21.19,,,0.36
1997-06-24,,20.74,,,0.39
1997-06-25,,21.5,,,0.4
1997-06-26,,21.82,,,0.45
1997-06-27,-0.64,21.22,,,0.43
1997-06-30,,21.53,,,0.43
1997-07-01,,21.0,,,0.43
1997-07-02,,19.7,,,0.4
1997-07-03,,17.82,,,0.38
1997-07-04,-0.646,,,,
1997-07-07,,19.13,,,0.35
1997-07-08,,18.76,,,0.35
1997-07-09,,20.4,,,0.35
1997-07-10,,19.92,,,0.35
1997-07-11,-0.65,19.06,,,0.34
1997-07-14,,19.58,,,0.32
1997-07-15,,19.0,,,0.34
1997-07-16,,19.36,,,0.33
1997-07-17,,20.54,,,0.32
1997-07-18,-0.654,22.28,,,0.33
1997-07-21,,23.51,,,0.33
1997-07-22,,21.77,,,0.25
1997-07-23,,21.3,,,0.29
1997-07-24,,20.96,,,0.29
1997-07-25,-0.657,20.82,,,0.31
1997-07-28,,21.84,,,0.3
1997-07-29,,22.02,,,0.32
1997-07-30,,21.39,,,0.29
1997-07-31,,21.48,,,0.28
1997-08-01,-0.658,22.29,,,0.31
1997-08-04,,21.94,,,0.32
1997-08-05,,20.64,,,0.3
1997-08-06,,20.05,,,0.3
1997-08-07,,19.77,,,0.31
1997-08-08,-0.658,22.46,,,0.36
1997-08-11,,22.77,,,0.37
1997-08-12,,23.75,,,0.39
1997-08-13,,24.52,,,0.41
1997-08-14,,23.11,,,0.35
1997-08-15,-0.655,24.45,,,0.4
1997-08-18,,24.37,,,0.39
1997-08-19,,22.64,,,0.36
1997-08-20,,21.09,,,0.36
1997-08-21,,23.83,,,0.35
1997-08-22,-0.652,24.74,,,0.4
1997-08-25,,24.1,,,0.38
1997-08-26,,24.73,,,0.39
1997-08-27,,24.26,,,0.37
1997-08-28,,24.51,,,0.36
1997-08-29,-0.647,24.76,,,0.37
1997-09-01,,,,,
1997-09-02,,24.53,,,0.37
1997-09-03,,24.95,,,0.37
1997-09-04,,25.27,,,0.35
1997-09-05,-0.642,24.31,,,0.39
1997-09-08,,24.4,,,0.35
1997-09-09,,23.89,,,0.36
1997-09-10,,24.64,,,0.37
1997-09-11,,25.99,,,0.39
1997-09-12,-0.634,25.17,,,0.36
1997-09-15,,25.74,,,0.35
1997-09-16,,23.77,,,0.3
1997-09-17,,24.1,,,0.31
1997-09-18,,23.48,,,0.3
1997-09-19,-0.625,22.74,,,0.28
1997-09-22,,22.08,,,0.27
1997-09-23,,22.0,,,0.3
1997-09-24,,22.64,,,0.26
1997-09-25,,22.96,,,0.28
1997-09-26,-0.613,22.26,,,0.28
1997-09-29,,22.23,,,0.3
1997-09-30,,22.91,,,0.32
1997-10-01,,22.32,,,0.29
1997-10-02,,22.27,,,0.28
1997-10-03,-0.598,21.54,,,0.29
1997-10-06,,21.61,,,0.28
1997-10-07,,20.29,,,0.27
1997-10-08,,20.77,,,0.29
1997-10-09,,22.31,,,0.29
1997-10-10,-0.579,19.75,,,0.29
1997-10-13,,20.26,,,
1997-10-14,,19.99,,,0.26
1997-10-15,,20.05,,,0.26
1997-10-16,,20.53,,,0.25
1997-10-17,-0.557,21.69,,,0.26
1997-10-20,,20.72,,,0.25
1997-10-21,,19.53,,,0.22
1997-10-22,,19.86,,,0.21
1997-10-23,,22.99,,,0.25
1997-10-24,-0.534,23.17,,,0.22
1997-10-27,,31.12,,,0.29
1997-10-28,,31.22,,,0.24
1997-10-29,,33.75,,,0.24
1997-10-30,,38.2,,,0.23
1997-10-31,-0.511,35.09,,,0.21
1997-11-03,,32.09,,,0.22
1997-11-04,,32.24,,,0.22
1997-11-05,,32.18,,,0.22
1997-11-06,,32.57,,,0.2
1997-11-07,-0.493,36.27,,,0.19
1997-11-10,,36.63,,,0.18
1997-11-11,,36.38,,,
1997-11-12,,37.84,,,0.19
1997-11-13,,36.64,,,0.17
1997-11-14,-0.48,33.66,,,0.16
1997-11-17,,31.58,,,0.15
1997-11-18,,31.55,,,0.14
1997-11-19,,29.93,,,0.12
1997-11-20,,27.32,,,0.11
1997-11-21,-0.473,26.65,,,0.14
1997-11-24,,29.8,,,0.15
1997-11-25,,28.95,,,0.14
1997-11-26,,,,,0.12
1997-11-27,,,,,
1997-11-28,-0.473,27.43,,,0.1
1997-12-01,,26.01,,,0.08
1997-12-02,,25.66,,,0.08
1997-12-03,,23.92,,,0.09
1997-12-04,,23.84,,,0.13
1997-12-05,-0.478,22.65,,,0.12
1997-12-08,,23.22,,,0.11
1997-12-09,,23.36,,,0.14
1997-12-10,,24.55,,,0.15
1997-12-11,,27.63,,,0.14
1997-12-12,-0.486,27.92,,,0.11
1997-12-15,,27.37,,,0.1
1997-12-16,,26.11,,,0.09
1997-12-17,,26.33,,,0.11
1997-12-18,,27.19,,,0.08
1997-12-19,-0.498,29.18,,,0.06
1997-12-22,,28.56,,,0.03
1997-12-23,,29.86,,,0.04
1997-12-24,,30.27,,,0.09
1997-12-25,,,,,
1997-12-26,-0.513,29.27,,,0.06
1997-12-29,,26.79,,,0.07
1997-12-30,,24.38,,,0.09
1997-12-31,,24.01,,,0.09
1998-01-01,,,,,
1998-01-02,-0.53,23.42,,,0.08
1998-01-05,,24.36,,,0.05
1998-01-06,,25.66,,,0.1
1998-01-07,,25.07,,,0.13
1998-01-08,,26.01,,,0.18
1998-01-09,-0.546,28.69,,,0.23
1998-01-12,,28.02,,,0.19
1998-01-13,,25.17,,,0.16
1998-01-14,,23.75,,,0.16
1998-01-15,,23.45,,,0.19
1998-01-16,-0.564,21.65,,,0.19
1998-01-19,,,,,
1998-01-20,,21.65,,,0.2
1998-01-21,,22.53,,,0.21
1998-01-22,,23.16,,,0.26
1998-01-23,-0.582,23.32,,,0.28
1998-01-26,,23.97,,,0.24
1998-01-27,,22.27,,,0.24
1998-01-28,,22.06,,,0.23
1998-01-29,,21.65,,,0.22
1998-01-30,-0.598,21.47,,,0.21
1998-02-02,,21.36,,,0.21
1998-02-03,,20.67,,,0.22
1998-02-04,,20.55,,,0.25
1998-02-05,,21.29,,,0.26
1998-02-06,-0.613,20.51,,,0.24
1998-02-09,,21.55,,,0.24
1998-02-10,,20.66,,,0.23
1998-02-11,,20.38,,,0.14
1998-02-12,,19.73,,,0.13
1998-02-13,-0.625,19.84,,,0.13
1998-02-16,,,,,
1998-02-17,,20.76,,,0.1
1998-02-18,,19.66,,,0.12
1998-02-19,,19.88,,,0.12
1998-02-20,-0.634,19.0,,,0.13
1998-02-23,,18.99,,,0.12
1998-02-24,,19.35,,,0.12
1998-02-25,,18.62,,,0.08
1998-02-26,,18.63,,,0.07
1998-02-27,-0.638,18.55,,,0.07
1998-03-02,,19.19,,,0.12
1998-03-03,,19.04,,,0.13
1998-03-04,,19.58,,,0.13
1998-03-05,,20.93,,,0.16
1998-03-06,-0.638,19.14,,,0.15
1998-03-09,,20.23,,,0.1
1998-03-10,,19.43,,,0.12
1998-03-11,,18.89,,,0.1
1998-03-12,,18.25,,,0.06
1998-03-13,-0.635,18.71,,,0.08
1998-03-16,,18.51,,,0.07
1998-03-17,,18.66,,,0.06
1998-03-18,,18.29,,,0.06
1998-03-19,,17.76,,,0.06
1998-03-20,-0.631,18.69,,,0.05
1998-03-23,,19.98,,,0.05
1998-03-24,,20.51,,,0.08
1998-03-25,,22.54,,,0.06
1998-03-26,,22.81,,,0.06
1998-03-27,-0.626,23.47,,,0.05
1998-03-30,,24.66,,,0.07
1998-03-31,,24.22,,,0.07
1998-04-01,,23.37,,,0.07
1998-04-02,,21.98,,,0.04
1998-04-03,-0.62,21.82,,,0.05
1998-04-06,,22.47,,,0.06
1998-04-07,,23.66,,,0.08
1998-04-08,,23.17,,,0.09
1998-04-09,,21.51,,,0.09
1998-04-10,-0.615,,,,
1998-04-13,,22.77,,,0.07
1998-04-14,,21.61,,,0.06
1998-04-15,,20.89,,,0.05
1998-04-16,,22.06,,,0.06
1998-04-17,-0.61,20.76,,,0.05
1998-04-20,,20.39,,,0.08
1998-04-21,,19.91,,,0.08
1998-04-22,,19.44,,,0.08
1998-04-23,,20.6,,,0.08
1998-04-24,-0.604,21.97,,,0.06
1998-04-27,,26.09,,,0.09
1998-04-28,,24.17,,,0.11
1998-04-29,,22.78,,,0.1
1998-04-30,,21.18,,,0.09
1998-05-01,-0.597,19.34,,,0.08
1998-05-04,,20.32,,,0.08
1998-05-05,,21.46,,,0.09
1998-05-06,,22.79,,,0.11
1998-05-07,,23.39,,,0.11
1998-05-08,-0.591,20.57,,,0.1
1998-05-11,,21.05,,,0.13
1998-05-12,,20.98,,,0.11
1998-05-13,,20.44,,,0.05
1998-05-14,,19.64,,,0.04
1998-05-15,-0.584,20.44,,,0.05
1998-05-18,,21.69,,,0.05
1998-05-19,,20.39,,,0.06
1998-05-20,,19.89,,,0.04
1998-05-21,,19.38,,,0.02
1998-05-22,-0.578,18.99,,,0.01
1998-05-25,,,,,
1998-05-26,,22.07,,,-0.02
1998-05-27,,22.59,,,0.03
1998-05-28,,20.74,,,0.01
1998-05-29,-0.57,21.32,,,0.03
1998-06-01,,22.83,,,0.01
1998-06-02,,22.0,,,0.03
1998-06-03,,22.85,,,0.02
1998-06-04,,21.22,,,0.01
1998-06-05,-0.564,19.78,,,0.0
1998-06-08,,20.58,,,0.0
1998-06-09,,20.52,,,-0.01
1998-06-10,,21.48,,,-0.04
1998-06-11,,23.57,,,-0.01
1998-06-12,-0.56,22.78,,,0.0
1998-06-15,,25.94,,,-0.05
1998-06-16,,24.8,,,-0.05
1998-06-17,,22.89,,,-0.01
1998-06-18,,22.4,,,-0.03
1998-06-19,-0.557,21.92,,,-0.05
1998-06-22,,21.94,,,-0.06
1998-06-23,,20.17,,,-0.04
1998-06-24,,20.02,,,-0.03
1998-06-25,,20.25,,,-0.07
1998-06-26,-0.555,19.36,,,-0.05
1998-06-29,,19.57,,,-0.04
1998-06-30,,19.71,,,-0.05
1998-07-01,,18.0,,,-0.02
1998-07-02,,17.67,,,-0.02
1998-07-03,-0.555,,,,
1998-07-06,,18.63,,,-0.04
1998-07-07,,18.62,,,-0.02
1998-07-08,,17.82,,,-0.01
1998-07-09,,18.16,,,-0.02
1998-07-10,-0.553,17.92,,,0.01
1998-07-13,,18.26,,,0.02
1998-07-14,,17.88,,,0.03
1998-07-15,,17.89,,,0.02
1998-07-16,,16.97,,,0.04
1998-07-17,-0.546,16.23,,,0.05
1998-07-20,,17.34,,,0.02
1998-07-21,,20.1,,,-0.01
1998-07-22,,20.32,,,-0.02
1998-07-23,,23.01,,,-0.01
1998-07-24,-0.533,23.01,,,-0.03
1998-07-27,,23.13,,,-0.01
1998-07-28,,25.25,,,0.04
1998-07-29,,24.79,,,0.03
1998-07-30,,22.66,,,0.01
1998-07-31,-0.51,24.8,,,0.01
1998-08-03,,25.98,,,0.0
1998-08-04,,31.06,,,0.0
1998-08-05,,29.83,,,0.04
1998-08-06,,28.2,,,0.05
1998-08-07,-0.476,27.02,,,0.06
1998-08-10,,28.75,,,0.07
1998-08-11,,31.91,,,0.06
1998-08-12,,28.55,,,0.08
1998-08-13,,29.92,,,0.07
1998-08-14,-0.431,34.34,,,0.06
1998-08-17,,31.86,,,0.06
1998-08-18,,28.4,,,0.05
1998-08-19,,28.69,,,0.08
1998-08-20,,30.0,,,0.06
1998-08-21,-0.376,33.14,,,0.07
1998-08-24,,31.8,,,0.08
1998-08-25,,30.33,,,0.07
1998-08-26,,31.14,,,0.14
1998-08-27,,38.55,,,0.14
1998-08-28,-0.313,39.6,,,0.16
1998-08-31,,44.28,,,0.14
1998-09-01,,36.48,,,0.19
1998-09-02,,36.76,,,0.14
1998-09-03,,41.43,,,0.12
1998-09-04,-0.248,43.31,,,0.11
1998-09-07,,,,,
1998-09-08,,37.9,,,0.13
1998-09-09,,39.66,,,0.16
1998-09-10,,45.29,,,0.19
1998-09-11,-0.183,43.74,,,0.17
1998-09-14,,38.57,,,0.15
1998-09-15,,36.58,,,0.17
1998-09-16,,35.94,,,0.13
1998-09-17,,39.23,,,0.1
1998-09-18,-0.122,38.63,,,0.09
1998-09-21,,38.58,,,0.06
1998-09-22,,36.62,,,0.07
1998-09-23,,32.47,,,0.17
1998-09-24,,34.66,,,0.21
1998-09-25,-0.068,34.55,,,0.17
1998-09-28,,34.87,,,0.16
1998-09-29,,36.08,,,0.12
1998-09-30,,40.95,,,0.14
1998-10-01,,43.48,,,0.16
1998-10-02,-0.025,40.47,,,0.14
1998-10-05,,42.81,,,0.12
1998-10-06,,41.2,,,0.14
1998-10-07,,43.51,,,0.22
1998-10-08,,45.74,,,0.46
1998-10-09,0.005,42.2,,,0.58
1998-10-12,,40.07,,,
1998-10-13,,40.23,,,0.6
1998-10-14,,38.96,,,0.5
1998-10-15,,33.34,,,0.45
1998-10-16,0.018,34.82,,,0.58
1998-10-19,,33.13,,,0.57
1998-10-20,,33.11,,,0.59
1998-10-21,,33.21,,,0.47
1998-10-22,,31.53,,,0.46
1998-10-23,0.013,32.27,,,0.5
1998-10-26,,32.38,,,0.5
1998-10-27,,32.95,,,0.51
1998-10-28,,32.42,,,0.59
1998-10-29,,29.5,,,0.54
1998-10-30,-0.005,28.05,,,0.52
1998-11-02,,27.26,,,0.51
1998-11-03,,27.76,,,0.53
1998-11-04,,27.37,,,0.4
1998-11-05,,26.01,,,0.35
1998-11-06,-0.031,25.7,,,0.34
1998-11-09,,28.09,,,0.31
1998-11-10,,28.17,,,0.31
1998-11-11,,28.47,,,
1998-11-12,,29.28,,,0.3
1998-11-13,-0.059,29.03,,,0.28
1998-11-16,,28.9,,,0.29
1998-11-17,,27.95,,,0.29
1998-11-18,,27.13,,,0.22
1998-11-19,,25.5,,,0.19
1998-11-20,-0.088,22.47,,,0.16
1998-11-23,,21.84,,,0.21
1998-11-24,,23.28,,,0.21
1998-11-25,,22.15,,,0.17
1998-11-26,,,,,
1998-11-27,-0.114,22.09,,,0.19
1998-11-30,,26.01,,,0.2
1998-12-01,,24.97,,,0.23
1998-12-02,,25.43,,,0.23
1998-12-03,,28.7,,,0.22
1998-12-04,-0.135,25.31,,,0.16
1998-12-07,,24.9,,,0.15
1998-12-08,,25.58,,,0.14
1998-12-09,,25.66,,,0.14
1998-12-10,,26.81,,,0.14
1998-12-11,-0.154,27.72,,,0.15
1998-12-14,,31.31,,,0.16
1998-12-15,,29.42,,,0.15
1998-12-16,,29.96,,,0.18
1998-12-17,,27.96,,,0.16
1998-12-18,-0.172,25.04,,,0.13
1998-12-21,,23.86,,,0.08
1998-12-22,,22.78,,,0.11
1998-12-23,,20.21,,,0.08
1998-12-24,,21.48,,,0.08
1998-12-25,-0.19,,,,
1998-12-28,,23.5,,,0.05
1998-12-29,,22.18,,,0.11
1998-12-30,,23.34,,,0.09
1998-12-31,,24.42,,,0.11
1999-01-01,-0.206,,,,
1999-01-04,,26.17,,,0.11
1999-01-05,,24.46,,,0.1
1999-01-06,,23.34,,,0.11
1999-01-07,,24.37,,,0.14
1999-01-08,-0.221,23.28,,,0.15
1999-01-11,,25.46,,,0.16
1999-01-12,,28.1,,,0.14
1999-01-13,,30.11,,,0.13
1999-01-14,,32.98,,,0.16
1999-01-15,-0.237,29.24,,,0.1
1999-01-18,,,,,
1999-01-19,,29.24,,,0.09
1999-01-20,,28.6,,,0.1
1999-01-21,,30.92,,,0.07
1999-01-22,-0.253,31.95,,,0.05
1999-01-25,,31.13,,,0.08
1999-01-26,,29.23,,,0.06
1999-01-27,,29.73,,,0.11
1999-01-28,,28.11,,,0.09
1999-01-29,-0.272,26.25,,,0.08
1999-02-01,,27.67,,,0.1
1999-02-02,,28.16,,,0.09
1999-02-03,,27.88,,,0.11
1999-02-04,,29.48,,,0.12
1999-02-05,-0.292,29.67,,,0.14
1999-02-08,,30.27,,,0.14
1999-02-09,,31.36,,,0.12
1999-02-10,,30.45,,,0.13
1999-02-11,,27.42,,,0.13
1999-02-12,-0.312,29.76,,,0.15
1999-02-15,,,,,
1999-02-16,,29.65,,,0.1
1999-02-17,,30.65,,,0.09
1999-02-18,,30.45,,,0.11
1999-02-19,-0.333,29.3,,,0.12
1999-02-22,,25.87,,,0.12
1999-02-23,,26.49,,,0.1
1999-02-24,,27.21,,,0.13
1999-02-25,,28.01,,,0.17
1999-02-26,-0.353,27.88,,,0.16
1999-03-01,,28.37,,,0.2
1999-03-02,,29.22,,,0.17
1999-03-03,,29.04,,,0.2
1999-03-04,,26.67,,,0.21
1999-03-05,-0.369,24.08,,,0.2
1999-03-08,,24.54,,,0.17
1999-03-09,,25.02,,,0.16
1999-03-10,,24.79,,,0.16
1999-03-11,,24.37,,,0.16
1999-03-12,-0.383,24.84,,,0.16
1999-03-15,,25.24,,,0.16
1999-03-16,,25.15,,,0.14
1999-03-17,,25.57,,,0.13
1999-03-18,,24.13,,,0.12
1999-03-19,-0.395,24.32,,,0.13
1999-03-22,,25.0,,,0.13
1999-03-23,,27.27,,,0.17
1999-03-24,,26.6,,,0.19
1999-03-25,,24.33,,,0.19
1999-03-26,-0.403,24.04,,,0.22
1999-03-29,,23.54,,,0.26
1999-03-30,,22.73,,,0.24
1999-03-31,,23.26,,,0.26
1999-04-01,,22.06,,,0.26
1999-04-02,-0.41,,,,0.24
1999-04-05,,22.19,,,0.24
1999-04-06,,22.65,,,0.2
1999-04-07,,22.81,,,0.21
1999-04-08,,22.59,,,0.17
1999-04-09,-0.415,21.77,,,0.17
1999-04-12,,21.93,,,0.13
1999-04-13,,22.73,,,0.18
1999-04-14,,24.94,,,0.18
1999-04-15,,23.93,,,0.21
1999-04-16,-0.419,23.9,,,0.21
1999-04-19,,26.42,,,0.19
1999-04-20,,25.02,,,0.21
1999-04-21,,23.31,,,0.18
1999-04-22,,22.62,,,0.2
1999-04-23,-0.422,22.76,,,0.22
1999-04-26,,23.53,,,0.19
1999-04-27,,23.36,,,0.18
1999-04-28,,24.4,,,0.25
1999-04-29,,25.06,,,0.27
1999-04-30,-0.425,25.07,,,0.28
1999-05-03,,24.15,,,0.3
1999-05-04,,25.62,,,0.3
1999-05-05,,25.19,,,0.31
1999-05-06,,27.44,,,0.33
1999-05-07,-0.425,25.36,,,0.35
1999-05-10,,26.62,,,0.39
1999-05-11,,25.62,,,0.4
1999-05-12,,26.13,,,0.32
1999-05-13,,25.02,,,0.29
1999-05-14,-0.421,26.86,,,0.32
1999-05-17,,27.28,,,0.35
1999-05-18,,27.26,,,0.3
1999-05-19,,25.08,,,0.23
1999-05-20,,24.46,,,0.25
1999-05-21,-0.412,24.4,,,0.22
1999-05-24,,27.62,,,0.22
1999-05-25,,28.9,,,0.19
1999-05-26,,27.57,,,0.22
1999-05-27,,28.12,,,0.19
1999-05-28,-0.4,25.39,,,0.22
1999-05-31,,,,,
1999-06-01,,26.62,,,0.24
1999-06-02,,26.21,,,0.25
1999-06-03,,26.2,,,0.26
1999-06-04,-0.385,23.43,,,0.26
1999-06-07,,23.78,,,0.25
1999-06-08,,24.02,,,0.26
1999-06-09,,23.9,,,0.26
1999-06-10,,25.32,,,0.26
1999-06-11,-0.368,25.9,,,0.32
1999-06-14,,26.51,,,0.32
1999-06-15,,25.91,,,0.32
1999-06-16,,22.4,,,0.33
1999-06-17,,21.95,,,0.3
1999-06-18,-0.35,21.75,,,0.28
1999-06-21,,21.81,,,0.28
1999-06-22,,21.7,,,0.29
1999-06-23,,21.32,,,0.3
1999-06-24,,23.06,,,0.3
1999-06-25,-0.33,21.76,,,0.29
1999-06-28,,22.63,,,0.28
1999-06-29,,22.51,,,0.25
1999-06-30,,21.09,,,0.28
1999-07-01,,19.69,,,0.27
1999-07-02,-0.309,18.66,,,0.24
1999-07-05,,,,,
1999-07-06,,20.73,,,0.24
1999-07-07,,20.35,,,0.28
1999-07-08,,20.24,,,0.26
1999-07-09,-0.286,17.96,,,0.23
1999-07-12,,19.73,,,0.21
1999-07-13,,19.95,,,0.21
1999-07-14,,19.71,,,0.19
1999-07-15,,18.68,,,0.19
1999-07-16,-0.26,17.42,,,0.18
1999-07-19,,19.07,,,0.2
1999-07-20,,21.79,,,0.22
1999-07-21,,21.46,,,0.21
1999-07-22,,23.05,,,0.26
1999-07-23,-0.234,23.32,,,0.26
1999-07-26,,24.98,,,0.25
1999-07-27,,23.23,,,0.26
1999-07-28,,22.85,,,0.27
1999-07-29,,24.52,,,0.26
1999-07-30,-0.211,24.64,,,0.29
1999-08-02,,25.59,,,0.27
1999-08-03,,26.27,,,0.3
1999-08-04,,27.4,,,0.32
1999-08-05,,27.01,,,0.33
1999-08-06,-0.189,26.6,,,0.33
1999-08-09,,27.66,,,0.34
1999-08-10,,28.45,,,0.37
1999-08-11,,25.39,,,0.29
1999-08-12,,25.03,,,0.3
1999-08-13,-0.173,22.31,,,0.27
1999-08-16,,23.07,,,0.23
1999-08-17,,21.67,,,0.21
1999-08-18,,23.3,,,0.22
1999-08-19,,24.39,,,0.24
1999-08-20,-0.16,22.95,,,0.23
1999-08-23,,22.55,,,0.23
1999-08-24,,22.4,,,0.2
1999-08-25,,20.96,,,0.2
1999-08-26,,21.21,,,0.19
1999-08-27,-0.149,21.83,,,0.2
1999-08-30,,24.63,,,0.22
1999-08-31,,24.45,,,0.25
1999-09-01,,22.93,,,0.25
1999-09-02,,24.53,,,0.29
1999-09-03,-0.137,20.98,,,0.25
1999-09-06,,,,,
1999-09-07,,23.44,,,0.26
1999-09-08,,23.82,,,0.26
1999-09-09,,23.01,,,0.26
1999-09-10,-0.125,22.03,,,0.25
1999-09-13,,22.89,,,0.26
1999-09-14,,23.77,,,0.25
1999-09-15,,24.56,,,0.27
1999-09-16,,25.25,,,0.27
1999-09-17,-0.112,23.3,,,0.24
1999-09-20,,24.03,,,0.24
1999-09-21,,25.65,,,0.27
1999-09-22,,25.19,,,0.25
1999-09-23,,27.84,,,0.24
1999-09-24,-0.1,27.79,,,0.2
1999-09-27,,26.4,,,0.21
1999-09-28,,26.06,,,0.24
1999-09-29,,26.49,,,0.29
1999-09-30,,25.41,,,0.27
1999-10-01,-0.089,24.93,,,0.27
1999-10-04,,24.46,,,0.25
1999-10-05,,24.79,,,0.24
1999-10-06,,22.06,,,0.23
1999-10-07,,23.58,,,0.23
1999-10-08,-0.083,20.49,,,0.24
1999-10-11,,20.63,,,
1999-10-12,,22.84,,,0.25
1999-10-13,,25.96,,,0.25
1999-10-14,,26.05,,,0.27
1999-10-15,-0.086,28.75,,,0.27
1999-10-18,,28.19,,,0.27
1999-10-19,,26.56,,,0.26
1999-10-20,,23.9,,,0.25
1999-10-21,,24.02,,,0.27
1999-10-22,-0.095,21.64,,,0.25
1999-10-25,,23.6,,,0.24
1999-10-26,,24.26,,,0.22
1999-10-27,,24.2,,,0.25
1999-10-28,,21.34,,,0.25
1999-10-29,-0.11,22.2,,,0.23
1999-11-01,,22.09,,,0.23
1999-11-02,,23.1,,,0.23
1999-11-03,,23.16,,,0.22
1999-11-04,,23.0,,,0.21
1999-11-05,-0.128,21.66,,,0.2
1999-11-08,,21.87,,,0.21
1999-11-09,,22.7,,,0.2
1999-11-10,,22.26,,,0.19
1999-11-11,,22.07,,,
1999-11-12,-0.145,21.65,,,0.15
1999-11-15,,22.74,,,0.15
1999-11-16,,20.73,,,0.12
1999-11-17,,20.96,,,0.14
1999-11-18,,19.76,,,0.16
1999-11-19,-0.159,19.11,,,0.15
1999-11-22,,19.98,,,0.14
1999-11-23,,21.0,,,0.15
1999-11-24,,20.26,,,0.12
1999-11-25,,,,,
1999-11-26,-0.167,22.33,,,0.13
1999-11-29,,23.57,,,0.17
1999-11-30,,24.18,,,0.17
1999-12-01,,22.23,,,0.17
1999-12-02,,21.77,,,0.18
1999-12-03,-0.169,19.32,,,0.18
1999-12-06,,20.58,,,0.18
1999-12-07,,21.09,,,0.16
1999-12-08,,21.25,,,0.17
1999-12-09,,21.19,,,0.18
1999-12-10,-0.168,21.48,,,0.15
1999-12-13,,21.72,,,0.15
1999-12-14,,23.06,,,0.15
1999-12-15,,22.03,,,0.15
1999-12-16,,21.91,,,0.16
1999-12-17,-0.167,21.35,,,0.15
1999-12-20,,23.78,,,0.15
1999-12-21,,22.66,,,0.17
1999-12-22,,22.43,,,0.15
1999-12-23,,21.12,,,0.17
1999-12-24,-0.168,,,,
1999-12-27,,23.07,,,0.19
1999-12-28,,22.97,,,0.2
1999-12-29,,23.09,,,0.19
1999-12-30,,24.76,,,0.2
1999-12-31,-0.171,24.64,,,0.21
2000-01-03,,24.21,,,0.2
2000-01-04,,27.01,,,0.19
2000-01-05,,26.41,,,0.24
2000-01-06,,25.73,,,0.22
2000-01-07,-0.181,21.72,,,0.21
2000-01-10,,21.71,,,0.19
2000-01-11,,22.5,,,0.22
2000-01-12,,22.84,,,0.23
2000-01-13,,21.71,,,0.23
2000-01-14,-0.192,19.66,,,0.25
2000-01-17,,,,,
2000-01-18,,21.5,,,0.28
2000-01-19,,21.72,,,0.27
2000-01-20,,21.75,,,0.3
2000-01-21,-0.203,20.82,,,0.31
2000-01-24,,24.07,,,0.26
2000-01-25,,23.02,,,0.26
2000-01-26,,23.03,,,0.24
2000-01-27,,23.54,,,0.17
2000-01-28,-0.21,26.14,,,0.08
2000-01-31,,24.95,,,0.07
2000-02-01,,23.45,,,0.02
2000-02-02,,23.12,,,-0.03
2000-02-03,,22.01,,,-0.07
2000-02-04,-0.212,21.54,,,-0.1
2000-02-07,,22.79,,,-0.04
2000-02-08,,21.25,,,-0.1
2000-02-09,,22.9,,,-0.13
2000-02-10,,23.07,,,0.0
2000-02-11,-0.209,24.42,,,-0.02
2000-02-14,,24.38,,,-0.06
2000-02-15,,22.92,,,-0.1
2000-02-16,,23.51,,,-0.07
2000-02-17,,23.17,,,-0.11
2000-02-18,-0.202,26.0,,,-0.17
2000-02-21,,,,,
2000-02-22,,25.86,,,-0.21
2000-02-23,,23.89,,,-0.17
2000-02-24,,24.38,,,-0.16
2000-02-25,-0.189,25.2,,,-0.09
2000-02-28,,24.68,,,-0.1
2000-02-29,,23.37,,,-0.11
2000-03-01,,21.64,,,-0.13
2000-03-02,,21.06,,,-0.12
2000-03-03,-0.173,19.21,,,-0.11
2000-03-06,,21.5,,,-0.13
2000-03-07,,24.31,,,-0.09
2000-03-08,,23.82,,,-0.12
2000-03-09,,22.21,,,-0.13
2000-03-10,-0.153,21.24,,,-0.16
2000-03-13,,22.85,,,-0.16
2000-03-14,,24.41,,,-0.17
2000-03-15,,22.34,,,-0.21
2000-03-16,,20.77,,,-0.24
2000-03-17,-0.13,22.37,,,-0.3
2000-03-20,,22.96,,,-0.34
2000-03-21,,21.7,,,-0.37
2000-03-22,,21.49,,,-0.37
2000-03-23,,22.26,,,-0.44
2000-03-24,-0.108,23.31,,,-0.44
2000-03-27,,24.53,,,-0.45
2000-03-28,,24.86,,,-0.43
2000-03-29,,24.1,,,-0.41
2000-03-30,,25.47,,,-0.46
2000-03-31,-0.088,24.11,,,-0.47
2000-04-03,,24.03,,,-0.45
2000-04-04,,27.12,,,-0.45
2000-04-05,,28.41,,,-0.45
2000-04-06,,27.15,,,-0.45
2000-04-07,-0.072,24.39,,,-0.52
2000-04-10,,25.99,,,-0.51
2000-04-11,,27.25,,,-0.47
2000-04-12,,28.98,,,-0.43
2000-04-13,,29.4,,,-0.46
2000-04-14,-0.058,33.49,,,-0.42
2000-04-17,,28.95,,,-0.32
2000-04-18,,26.12,,,-0.28
2000-04-19,,27.02,,,-0.34
2000-04-20,,25.85,,,-0.39
2000-04-21,-0.045,,,,
2000-04-24,,27.37,,,-0.36
2000-04-25,,25.24,,,-0.34
2000-04-26,,26.97,,,-0.36
2000-04-27,,26.19,,,-0.4
2000-04-28,-0.032,26.2,,,-0.45
2000-05-01,,25.88,,,-0.44
2000-05-02,,28.5,,,-0.4
2000-05-03,,31.63,,,-0.33
2000-05-04,,30.77,,,-0.31
2000-05-05,-0.016,27.53,,,-0.33
2000-05-08,,28.2,,,-0.3
2000-05-09,,28.93,,,-0.33
2000-05-10,,29.87,,,-0.37
2000-05-11,,27.76,,,-0.39
2000-05-12,-0.001,26.05,,,-0.4
2000-05-15,,24.86,,,-0.41
2000-05-16,,24.34,,,-0.46
2000-05-17,,23.98,,,-0.42
2000-05-18,,23.96,,,-0.37
2000-05-19,0.013,25.44,,,-0.35
2000-05-22,,26.0,,,-0.37
2000-05-23,,25.87,,,-0.38
2000-05-24,,24.32,,,-0.32
2000-05-25,,24.58,,,-0.32
2000-05-26,0.025,24.47,,,-0.36
2000-05-29,,,,,
2000-05-30,,23.62,,,-0.36
2000-05-31,,23.65,,,-0.4
2000-06-01,,22.36,,,-0.41
2000-06-02,0.032,21.48,,,-0.37
2000-06-05,,22.71,,,-0.37
2000-06-06,,23.05,,,-0.37
2000-06-07,,22.48,,,-0.39
2000-06-08,,22.77,,,-0.43
2000-06-09,0.034,22.14,,,-0.43
2000-06-12,,22.32,,,-0.43
2000-06-13,,21.67,,,-0.38
2000-06-14,,21.48,,,-0.38
2000-06-15,,20.68,,,-0.39
2000-06-16,0.029,20.5,,,-0.39
2000-06-19,,20.63,,,-0.4
2000-06-20,,20.88,,,-0.4
2000-06-21,,20.61,,,-0.39
2000-06-22,,22.0,,,-0.38
2000-06-23,0.017,22.34,,,-0.36
2000-06-26,,22.45,,,-0.39
2000-06-27,,21.8,,,-0.4
2000-06-28,,20.29,,,-0.32
2000-06-29,,19.7,,,-0.33
2000-06-30,-0.001,19.54,,,-0.35
2000-07-03,,19.83,,,-0.31
2000-07-04,,,,,
2000-07-05,,21.16,,,-0.3
2000-07-06,,20.94,,,-0.29
2000-07-07,-0.025,19.22,,,-0.28
2000-07-10,,20.33,,,-0.27
2000-07-11,,20.11,,,-0.26
2000-07-12,,20.03,,,-0.25
2000-07-13,,20.03,,,-0.3
2000-07-14,-0.054,19.32,,,-0.31
2000-07-17,,19.45,,,-0.29
2000-07-18,,19.75,,,-0.28
2000-07-19,,19.65,,,-0.3
2000-07-20,,18.94,,,-0.31
2000-07-21,-0.085,18.94,,,-0.31
2000-07-24,,19.92,,,-0.31
2000-07-25,,19.39,,,-0.31
2000-07-26,,19.67,,,-0.25
2000-07-27,,19.6,,,-0.25
2000-07-28,-0.115,20.84,,,-0.26
2000-07-31,,20.74,,,-0.26
2000-08-01,,20.55,,,-0.27
2000-08-02,,20.0,,,-0.25
2000-08-03,,19.99,,,-0.27
2000-08-04,-0.143,18.62,,,-0.24
2000-08-07,,19.03,,,-0.23
2000-08-08,,18.79,,,-0.23
2000-08-09,,19.18,,,-0.37
2000-08-10,,19.19,,,-0.4
2000-08-11,-0.167,18.55,,,-0.46
2000-08-14,,17.88,,,-0.47
2000-08-15,,17.98,,,-0.47
2000-08-16,,18.02,,,-0.47
2000-08-17,,17.48,,,-0.49
2000-08-18,-0.185,17.05,,,-0.49
2000-08-21,,17.35,,,-0.49
2000-08-22,,17.47,,,-0.49
2000-08-23,,17.38,,,-0.47
2000-08-24,,17.04,,,-0.46
2000-08-25,-0.198,16.53,,,-0.46
2000-08-28,,16.54,,,-0.45
2000-08-29,,16.89,,,-0.45
2000-08-30,,17.69,,,-0.43
2000-08-31,,16.84,,,-0.45
2000-09-01,-0.205,17.53,,,-0.41
2000-09-04,,,,,
2000-09-05,,19.82,,,-0.4
2000-09-06,,20.79,,,-0.39
2000-09-07,,19.42,,,-0.38
2000-09-08,-0.207,18.46,,,-0.38
2000-09-11,,18.4,,,-0.35
2000-09-12,,18.59,,,-0.34
2000-09-13,,18.32,,,-0.35
2000-09-14,,18.26,,,-0.32
2000-09-15,-0.206,18.52,,,-0.23
2000-09-18,,20.25,,,-0.16
2000-09-19,,19.54,,,-0.19
2000-09-20,,19.93,,,-0.2
2000-09-21,,20.18,,,-0.23
2000-09-22,-0.202,20.74,,,-0.24
2000-09-25,,21.41,,,-0.27
2000-09-26,,21.88,,,-0.26
2000-09-27,,21.67,,,-0.17
2000-09-28,,19.47,,,-0.2
2000-09-29,-0.196,20.57,,,-0.18
2000-10-02,,21.23,,,-0.15
2000-10-03,,21.85,,,-0.13
2000-10-04,,21.54,,,-0.13
2000-10-05,,21.03,,,-0.15
2000-10-06,-0.189,22.71,,,-0.16
2000-10-09,,24.02,,,
2000-10-10,,24.86,,,-0.18
2000-10-11,,26.57,,,-0.16
2000-10-12,,30.51,,,-0.13
2000-10-13,-0.181,27.6,,,-0.11
2000-10-16,,26.79,,,-0.15
2000-10-17,,27.84,,,-0.15
2000-10-18,,28.72,,,-0.16
2000-10-19,,25.09,,,-0.2
2000-10-20,-0.174,24.24,,,-0.2
2000-10-23,,24.69,,,-0.23
2000-10-24,,24.28,,,-0.23
2000-10-25,,26.65,,,-0.2
2000-10-26,,28.62,,,-0.21
2000-10-27,-0.167,26.47,,,-0.22
2000-10-30,,25.46,,,-0.23
2000-10-31,,23.63,,,-0.17
2000-11-01,,24.28,,,-0.14
2000-11-02,,23.92,,,-0.13
2000-11-03,-0.157,23.67,,,-0.11
2000-11-06,,24.52,,,-0.12
2000-11-07,,24.91,,,-0.12
2000-11-08,,25.66,,,-0.12
2000-11-09,,27.2,,,-0.12
2000-11-10,-0.143,28.53,,,-0.1
2000-11-13,,29.06,,,-0.13
2000-11-14,,26.81,,,-0.16
2000-11-15,,26.15,,,-0.18
2000-11-16,,25.05,,,-0.19
2000-11-17,-0.126,24.81,,,-0.17
2000-11-20,,27.43,,,-0.19
2000-11-21,,26.62,,,-0.19
2000-11-22,,27.71,,,-0.23
2000-11-23,,,,,
2000-11-24,-0.105,26.0,,,-0.23
2000-11-27,,26.93,,,-0.22
2000-11-28,,27.64,,,-0.2
2000-11-29,,27.49,,,-0.14
2000-11-30,,29.65,,,-0.13
2000-12-01,-0.085,27.48,,,-0.1
2000-12-04,,27.78,,,-0.06
2000-12-05,,24.99,,,-0.06
2000-12-06,,25.07,,,-0.1
2000-12-07,,25.34,,,-0.13
2000-12-08,-0.07,22.41,,,-0.15
2000-12-11,,23.51,,,-0.15
2000-12-12,,24.88,,,-0.18
2000-12-13,,23.63,,,-0.16
2000-12-14,,24.86,,,-0.2
2000-12-15,-0.064,26.55,,,-0.18
2000-12-18,,27.7,,,-0.16
2000-12-19,,27.17,,,-0.16
2000-12-20,,31.74,,,-0.16
2000-12-21,,29.66,,,-0.11
2000-12-22,-0.069,27.55,,,-0.08
2000-12-25,,,,,
2000-12-26,,28.73,,,-0.06
2000-12-27,,28.14,,,0.01
2000-12-28,,26.57,,,-0.05
2000-12-29,-0.089,26.85,,,0.01
2001-01-01,,,,,
2001-01-02,,29.99,,,0.05
2001-01-03,,26.6,,,0.22
2001-01-04,,26.97,,,0.26
2001-01-05,-0.119,28.67,,,0.37
2001-01-08,,29.84,,,0.4
2001-01-09,,27.99,,,0.34
2001-01-10,,26.8,,,0.34
2001-01-11,,25.79,,,0.37
2001-01-12,-0.154,24.56,,,0.35
2001-01-15,,,,,
2001-01-16,,25.28,,,0.35
2001-01-17,,24.93,,,0.35
2001-01-18,,23.37,,,0.4
2001-01-19,-0.19,23.24,,,0.44
2001-01-22,,23.25,,,0.5
2001-01-23,,21.57,,,0.48
2001-01-24,,22.03,,,0.52
2001-01-25,,22.64,,,0.51
2001-01-26,-0.223,22.57,,,0.51
2001-01-29,,22.61,,,0.55
2001-01-30,,22.57,,,0.54
2001-01-31,,22.02,,,0.57
2001-02-01,,21.66,,,0.55
2001-02-02,-0.25,21.95,,,0.52
2001-02-05,,22.19,,,0.5
2001-02-06,,21.98,,,0.5
2001-02-07,,21.67,,,0.4
2001-02-08,,21.46,,,0.37
2001-02-09,-0.268,22.03,,,0.36
2001-02-12,,21.92,,,0.38
2001-02-13,,21.37,,,0.32
2001-02-14,,21.52,,,0.29
2001-02-15,,20.27,,,0.3
2001-02-16,-0.277,22.12,,,0.36
2001-02-19,,,,,
2001-02-20,,24.69,,,0.38
2001-02-21,,25.75,,,0.46
2001-02-22,,26.76,,,0.52
2001-02-23,-0.277,27.21,,,0.57
2001-02-26,,25.43,,,0.59
2001-02-27,,26.49,,,0.52
2001-02-28,,28.35,,,0.51
2001-03-01,,28.08,,,0.46
2001-03-02,-0.271,27.43,,,0.47
2001-03-05,,27.12,,,0.49
2001-03-06,,25.89,,,0.5
2001-03-07,,24.12,,,0.49
2001-03-08,,24.29,,,0.46
2001-03-09,-0.262,25.62,,,0.48
2001-03-12,,30.32,,,0.46
2001-03-13,,27.55,,,0.49
2001-03-14,,29.61,,,0.52
2001-03-15,,28.56,,,0.59
2001-03-16,-0.253,29.91,,,0.52
2001-03-19,,29.78,,,0.5
2001-03-20,,30.96,,,0.54
2001-03-21,,31.93,,,0.56
2001-03-22,,32.84,,,0.56
2001-03-23,-0.249,30.45,,,0.56
2001-03-26,,29.04,,,0.58
2001-03-27,,27.04,,,0.59
2001-03-28,,28.58,,,0.67
2001-03-29,,29.17,,,0.71
2001-03-30,-0.252,28.64,,,0.75
2001-04-02,,31.21,,,0.76
2001-04-03,,34.72,,,0.79
2001-04-04,,34.07,,,0.82
2001-04-05,,29.94,,,0.79
2001-04-06,-0.262,31.69,,,0.82
2001-04-09,,31.91,,,0.83
2001-04-10,,29.44,,,0.85
2001-04-11,,28.46,,,0.83
2001-04-12,,26.12,,,0.81
2001-04-13,-0.281,,,,
2001-04-16,,26.33,,,0.79
2001-04-17,,25.61,,,0.8
2001-04-18,,24.13,,,0.88
2001-04-19,,24.16,,,0.98
2001-04-20,-0.306,25.38,,,1.03
2001-04-23,,28.16,,,1.05
2001-04-24,,28.49,,,1.06
2001-04-25,,27.4,,,1.08
2001-04-26,,25.96,,,1.06
2001-04-27,-0.332,24.02,,,1.06
2001-04-30,,25.48,,,1.05
2001-05-01,,24.2,,,1.07
2001-05-02,,24.23,,,1.04
2001-05-03,,25.78,,,1.0
2001-05-04,-0.36,23.91,,,1.07
2001-05-07,,24.86,,,1.09
2001-05-08,,24.44,,,1.14
2001-05-09,,24.35,,,1.13
2001-05-10,,24.0,,,1.14
2001-05-11,-0.385,23.54,,,1.15
2001-05-14,,24.26,,,1.17
2001-05-15,,23.71,,,1.22
2001-05-16,,21.89,,,1.23
2001-05-17,,21.47,,,1.13
2001-05-18,-0.405,21.23,,,1.04
2001-05-21,,20.76,,,1.04
2001-05-22,,21.35,,,1.08
2001-05-23,,22.08,,,1.12
2001-05-24,,20.57,,,1.2
2001-05-25,-0.421,20.6,,,1.21
2001-05-28,,,,,
2001-05-29,,22.14,,,1.21
2001-05-30,,22.76,,,1.2
2001-05-31,,22.64,,,1.21
2001-06-01,-0.432,21.59,,,1.17
2001-06-04,,21.38,,,1.16
2001-06-05,,19.58,,,1.17
2001-06-06,,20.39,,,1.15
2001-06-07,,19.67,,,1.19
2001-06-08,-0.44,19.92,,,1.21
2001-06-11,,20.7,,,1.21
2001-06-12,,20.7,,,1.18
2001-06-13,,21.45,,,1.2
2001-06-14,,23.12,,,1.22
2001-06-15,-0.446,22.81,,,1.26
2001-06-18,,23.17,,,1.29
2001-06-19,,22.34,,,1.27
2001-06-20,,21.71,,,1.26
2001-06-21,,19.38,,,1.23
2001-06-22,-0.452,20.02,,,1.21
2001-06-25,,20.67,,,1.2
2001-06-26,,21.2,,,1.21
2001-06-27,,20.88,,,1.2
2001-06-28,,20.01,,,1.13
2001-06-29,-0.458,19.06,,,1.17
2001-07-02,,18.76,,,1.16
2001-07-03,,18.92,,,1.17
2001-07-04,,,,,
2001-07-05,,20.09,,,1.2
2001-07-06,-0.468,21.63,,,1.25
2001-07-09,,22.48,,,1.22
2001-07-10,,23.25,,,1.24
2001-07-11,,24.01,,,1.24
2001-07-12,,22.09,,,1.2
2001-07-13,-0.478,21.14,,,1.15
2001-07-16,,22.91,,,1.14
2001-07-17,,22.61,,,1.13
2001-07-18,,23.6,,,1.16
2001-07-19,,22.51,,,1.15
2001-07-20,-0.488,22.34,,,1.17
2001-07-23,,23.74,,,1.15
2001-07-24,,25.24,,,1.16
2001-07-25,,24.0,,,1.22
2001-07-26,,23.01,,,1.25
2001-07-27,-0.497,22.0,,,1.26
2001-07-30,,22.69,,,1.25
2001-07-31,,21.62,,,1.28
2001-08-01,,20.56,,,1.28
2001-08-02,,20.09,,,1.28
2001-08-03,-0.502,19.89,,,1.29
2001-08-06,,21.89,,,1.31
2001-08-07,,21.01,,,1.3
2001-08-08,,22.32,,,1.22
2001-08-09,,21.75,,,1.27
2001-08-10,-0.498,20.55,,,1.26
2001-08-13,,20.42,,,1.27
2001-08-14,,20.48,,,1.23
2001-08-15,,20.91,,,1.2
2001-08-16,,21.54,,,1.2
2001-08-17,-0.484,23.84,,,1.17
2001-08-20,,22.87,,,1.17
2001-08-21,,24.4,,,1.18
2001-08-22,,22.44,,,1.15
2001-08-23,,22.23,,,1.17
2001-08-24,-0.46,19.71,,,1.17
2001-08-27,,20.56,,,1.16
2001-08-28,,22.0,,,1.14
2001-08-29,,23.03,,,1.11
2001-08-30,,25.41,,,1.18
2001-08-31,-0.429,24.92,,,1.21
2001-09-03,,,,,
2001-09-04,,25.85,,,1.16
2001-09-05,,26.35,,,1.18
2001-09-06,,28.61,,,1.21
2001-09-07,-0.396,30.99,,,1.27
2001-09-10,,31.84,,,1.31
2001-09-11,,,,,
2001-09-12,,,,,
2001-09-13,,,,,1.65
2001-09-14,-0.364,,,,1.7
2001-09-17,,41.76,,,1.67
2001-09-18,,38.87,,,1.76
2001-09-19,,40.56,,,1.88
2001-09-20,,43.74,,,1.84
2001-09-21,-0.342,42.66,,,1.79
2001-09-24,,37.75,,,1.79
2001-09-25,,35.81,,,1.84
2001-09-26,,35.26,,,1.83
2001-09-27,,34.0,,,1.8
2001-09-28,-0.336,31.93,,,1.74
2001-10-01,,32.32,,,1.73
2001-10-02,,31.18,,,1.76
2001-10-03,,31.34,,,1.73
2001-10-04,,31.97,,,1.78
2001-10-05,-0.338,33.39,,,1.81
2001-10-08,,35.12,,,
2001-10-09,,34.83,,,1.88
2001-10-10,,31.6,,,1.83
2001-10-11,,31.5,,,1.81
2001-10-12,-0.349,35.27,,,1.87
2001-10-15,,35.31,,,1.84
2001-10-16,,32.88,,,1.82
2001-10-17,,35.08,,,1.79
2001-10-18,,34.95,,,1.81
2001-10-19,-0.364,34.11,,,1.86
2001-10-22,,32.25,,,1.84
2001-10-23,,32.0,,,1.85
2001-10-24,,30.95,,,1.89
2001-10-25,,29.46,,,1.93
2001-10-26,-0.38,28.42,,,1.9
2001-10-29,,31.64,,,1.95
2001-10-30,,33.46,,,1.96
2001-10-31,,33.56,,,1.86
2001-11-01,,32.31,,,1.75
2001-11-02,-0.392,30.71,,,1.89
2001-11-05,,30.5,,,1.85
2001-11-06,,28.8,,,1.93
2001-11-07,,29.13,,,1.9
2001-11-08,,28.62,,,1.9
2001-11-09,-0.397,27.44,,,1.89
2001-11-12,,29.35,,,
2001-11-13,,26.47,,,1.87
2001-11-14,,26.56,,,1.84
2001-11-15,,25.56,,,1.81
2001-11-16,-0.395,25.07,,,1.82
2001-11-19,,24.46,,,1.88
2001-11-20,,24.12,,,1.92
2001-11-21,,24.19,,,1.87
2001-11-22,,,,,
2001-11-23,-0.386,23.25,,,1.84
2001-11-26,,23.79,,,1.83
2001-11-27,,24.0,,,1.87
2001-11-28,,25.9,,,1.86
2001-11-29,,25.18,,,1.92
2001-11-30,-0.372,23.84,,,1.94
2001-12-03,,25.77,,,1.93
2001-12-04,,24.08,,,1.89
2001-12-05,,23.02,,,1.85
2001-12-06,,23.71,,,1.85
2001-12-07,-0.36,23.49,,,2.01
2001-12-10,,25.62,,,2.07
2001-12-11,,25.3,,,2.1
2001-12-12,,24.87,,,2.05
2001-12-13,,25.91,,,2.04
2001-12-14,-0.353,24.63,,,2.04
2001-12-17,,24.26,,,2.05
2001-12-18,,23.29,,,2.03
2001-12-19,,22.58,,,1.97
2001-12-20,,23.67,,,1.93
2001-12-21,-0.356,22.5,,,1.95
2001-12-24,,22.62,,,1.96
2001-12-25,,,,,
2001-12-26,,22.29,,,1.96
2001-12-27,,21.59,,,1.94
2001-12-28,-0.369,21.4,,,1.99
2001-12-31,,23.8,,,2.0
2002-01-01,,,,,
2002-01-02,,22.71,,,1.98
2002-01-03,,21.34,,,1.97
2002-01-04,-0.389,20.45,,,1.99
2002-01-07,,21.94,,,2.01
2002-01-08,,21.83,,,2.03
2002-01-09,,22.13,,,2.07
2002-01-10,,22.36,,,2.06
2002-01-11,-0.414,22.6,,,2.16
2002-01-14,,23.58,,,2.12
2002-01-15,,22.7,,,2.09
2002-01-16,,23.45,,,2.04
2002-01-17,,22.25,,,2.02
2002-01-18,-0.439,22.52,,,2.03
2002-01-21,,,,,
2002-01-22,,23.61,,,1.99
2002-01-23,,21.88,,,1.98
2002-01-24,,21.15,,,1.92
2002-01-25,-0.46,21.01,,,1.93
2002-01-28,,21.14,,,1.93
2002-01-29,,24.35,,,1.97
2002-01-30,,23.22,,,1.96
2002-01-31,,21.09,,,1.91
2002-02-01,-0.475,21.12,,,1.94
2002-02-04,,24.87,,,1.95
2002-02-05,,25.45,,,1.93
2002-02-06,,26.09,,,1.94
2002-02-07,,25.11,,,1.94
2002-02-08,-0.485,23.26,,,1.95
2002-02-11,,21.78,,,1.96
2002-02-12,,21.62,,,1.93
2002-02-13,,20.85,,,1.92
2002-02-14,,21.77,,,1.88
2002-02-15,-0.489,22.37,,,1.89
2002-02-18,,,,,
2002-02-19,,24.43,,,1.9
2002-02-20,,22.66,,,1.88
2002-02-21,,23.8,,,1.88
2002-02-22,-0.489,22.86,,,1.87
2002-02-25,,21.84,,,1.85
2002-02-26,,21.68,,,1.85
2002-02-27,,21.49,,,1.75
2002-02-28,,21.59,,,1.82
2002-03-01,-0.489,19.96,,,1.8
2002-03-04,,20.5,,,1.78
2002-03-05,,20.3,,,1.77
2002-03-06,,19.94,,,1.8
2002-03-07,,20.04,,,1.86
2002-03-08,-0.488,19.27,,,1.73
2002-03-11,,19.84,,,1.74
2002-03-12,,19.59,,,1.76
2002-03-13,,19.46,,,1.79
2002-03-14,,19.2,,,1.77
2002-03-15,-0.489,18.42,,,1.72
2002-03-18,,18.93,,,1.65
2002-03-19,,18.16,,,1.69
2002-03-20,,18.46,,,1.69
2002-03-21,,18.15,,,1.66
2002-03-22,-0.493,17.77,,,1.63
2002-03-25,,18.48,,,1.63
2002-03-26,,18.13,,,1.67
2002-03-27,,17.7,,,1.69
2002-03-28,,17.4,,,1.7
2002-03-29,-0.501,,,,
2002-04-01,,18.73,,,1.7
2002-04-02,,19.16,,,1.73
2002-04-03,,20.2,,,1.75
2002-04-04,,19.78,,,1.71
2002-04-05,-0.515,19.13,,,1.73
2002-04-08,,19.61,,,1.74
2002-04-09,,19.47,,,1.74
2002-04-10,,18.19,,,1.76
2002-04-11,,20.3,,,1.75
2002-04-12,-0.533,19.42,,,1.77
2002-04-15,,19.82,,,1.77
2002-04-16,,18.11,,,1.77
2002-04-17,,18.43,,,1.83
2002-04-18,,19.29,,,1.85
2002-04-19,-0.555,18.3,,,1.85
2002-04-22,,19.77,,,1.82
2002-04-23,,20.28,,,1.79
2002-04-24,,20.77,,,1.83
2002-04-25,,20.95,,,1.85
2002-04-26,-0.578,22.14,,,1.86
2002-04-29,,24.05,,,1.87
2002-04-30,,21.91,,,1.87
2002-05-01,,20.06,,,1.87
2002-05-02,,20.07,,,1.88
2002-05-03,-0.6,20.19,,,1.91
2002-05-06,,22.56,,,1.91
2002-05-07,,21.94,,,1.95
2002-05-08,,20.39,,,1.92
2002-05-09,,21.56,,,1.93
2002-05-10,-0.616,22.41,,,1.96
2002-05-13,,20.72,,,1.95
2002-05-14,,19.35,,,1.92
2002-05-15,,19.19,,,1.91
2002-05-16,,18.5,,,1.92
2002-05-17,-0.627,17.7,,,1.86
2002-05-20,,19.24,,,1.88
2002-05-21,,20.05,,,1.9
2002-05-22,,19.58,,,1.9
2002-05-23,,18.23,,,1.88
2002-05-24,-0.629,18.9,,,1.88
2002-05-27,,,,,
2002-05-28,,20.31,,,1.86
2002-05-29,,20.39,,,1.87
2002-05-30,,20.61,,,1.89
2002-05-31,-0.623,19.98,,,1.86
2002-06-03,,23.37,,,1.87
2002-06-04,,23.89,,,1.91
2002-06-05,,22.61,,,1.92
2002-06-06,,24.16,,,1.91
2002-06-07,-0.608,23.51,,,1.94
2002-06-10,,23.72,,,1.92
2002-06-11,,24.45,,,1.93
2002-06-12,,24.15,,,1.93
2002-06-13,,25.02,,,1.94
2002-06-14,-0.588,25.96,,,1.91
2002-06-17,,24.64,,,1.93
2002-06-18,,24.24,,,1.95
2002-06-19,,26.06,,,1.95
2002-06-20,,27.48,,,1.92
2002-06-21,-0.563,27.23,,,1.91
2002-06-24,,26.98,,,1.94
2002-06-25,,27.84,,,1.96
2002-06-26,,28.42,,,1.98
2002-06-27,,26.29,,,1.99
2002-06-28,-0.536,25.4,,,1.96
2002-07-01,,27.11,,,1.97
2002-07-02,,28.96,,,1.99
2002-07-03,,29.42,,,2.0
2002-07-04,,,,,
2002-07-05,-0.508,27.11,,,2.0
2002-07-08,,28.25,,,2.0
2002-07-09,,30.22,,,2.04
2002-07-10,,34.1,,,2.05
2002-07-11,,33.85,,,2.05
2002-07-12,-0.481,32.94,,,2.07
2002-07-15,,35.03,,,2.11
2002-07-16,,36.65,,,2.09
2002-07-17,,35.45,,,2.08
2002-07-18,,35.12,,,2.11
2002-07-19,-0.457,38.17,,,2.13
2002-07-22,,41.87,,,2.11
2002-07-23,,44.92,,,2.13
2002-07-24,,39.86,,,2.11
2002-07-25,,39.27,,,2.15
2002-07-26,-0.437,35.51,,,2.23
2002-07-29,,31.33,,,2.21
2002-07-30,,31.92,,,2.21
2002-07-31,,32.03,,,2.28
2002-08-01,,36.95,,,2.32
2002-08-02,-0.422,41.29,,,2.34
2002-08-05,,45.08,,,2.36
2002-08-06,,42.03,,,2.31
2002-08-07,,38.73,,,2.37
2002-08-08,,36.33,,,2.3
2002-08-09,-0.411,35.33,,,2.17
2002-08-12,,37.05,,,2.12
2002-08-13,,35.82,,,2.12
2002-08-14,,32.36,,,1.94
2002-08-15,,29.43,,,1.95
2002-08-16,-0.403,28.81,,,2.04
2002-08-19,,28.61,,,2.04
2002-08-20,,29.59,,,2.05
2002-08-21,,28.23,,,2.08
2002-08-22,,27.75,,,2.08
2002-08-23,-0.395,29.32,,,2.06
2002-08-26,,29.89,,,2.03
2002-08-27,,30.11,,,2.03
2002-08-28,,33.32,,,1.99
2002-08-29,,33.67,,,2.02
2002-08-30,-0.387,32.64,,,2.0
2002-09-02,,,,,
2002-09-03,,39.97,,,1.97
2002-09-04,,37.44,,,1.94
2002-09-05,,38.86,,,1.96
2002-09-06,-0.377,36.33,,,1.97
2002-09-09,,36.45,,,1.92
2002-09-10,,35.08,,,1.88
2002-09-11,,34.81,,,1.89
2002-09-12,,37.5,,,1.86
2002-09-13,-0.366,35.82,,,1.85
2002-09-16,,36.74,,,1.83
2002-09-17,,38.01,,,1.81
2002-09-18,,37.52,,,1.82
2002-09-19,,40.65,,,1.86
2002-09-20,-0.357,38.98,,,1.85
2002-09-23,,39.68,,,1.77
2002-09-24,,40.52,,,1.76
2002-09-25,,37.33,,,1.77
2002-09-26,,34.6,,,1.82
2002-09-27,-0.351,36.97,,,1.87
2002-09-30,,39.69,,,1.91
2002-10-01,,34.12,,,1.92
2002-10-02,,36.83,,,1.96
2002-10-03,,37.31,,,1.95
2002-10-04,-0.35,39.46,,,1.91
2002-10-07,,42.64,,,1.87
2002-10-08,,41.02,,,1.85
2002-10-09,,42.13,,,1.89
2002-10-10,,37.55,,,1.93
2002-10-11,-0.356,35.7,,,1.98
2002-10-14,,36.04,,,
2002-10-15,,34.02,,,1.99
2002-10-16,,36.0,,,2.04
2002-10-17,,34.1,,,2.06
2002-10-18,-0.368,33.53,,,2.05
2002-10-21,,33.11,,,2.01
2002-10-22,,34.09,,,2.06
2002-10-23,,33.2,,,2.06
2002-10-24,,34.03,,,2.07
2002-10-25,-0.384,30.0,,,2.14
2002-10-28,,31.07,,,2.22
2002-10-29,,32.27,,,2.18
2002-10-30,,31.23,,,2.25
2002-10-31,,31.14,,,2.25
2002-11-01,-0.402,29.3,,,2.25
2002-11-04,,30.82,,,2.28
2002-11-05,,31.23,,,2.28
2002-11-06,,30.73,,,2.22
2002-11-07,,31.42,,,2.02
2002-11-08,-0.419,29.41,,,1.98
2002-11-11,,31.3,,,
2002-11-12,,30.58,,,2.05
2002-11-13,,31.24,,,2.08
2002-11-14,,28.67,,,2.14
2002-11-15,-0.435,26.65,,,2.14
2002-11-18,,27.66,,,2.11
2002-11-19,,27.41,,,2.08
2002-11-20,,25.32,,,2.1
2002-11-21,,23.81,,,2.09
2002-11-22,-0.445,23.16,,,2.08
2002-11-25,,24.07,,,2.1
2002-11-26,,25.97,,,2.11
2002-11-27,,27.25,,,2.13
2002-11-28,,,,,
2002-11-29,-0.452,27.5,,,2.14
2002-12-02,,27.46,,,2.15
2002-12-03,,28.33,,,2.16
2002-12-04,,28.92,,,2.16
2002-12-05,,30.1,,,2.16
2002-12-06,-0.455,28.88,,,2.2
2002-12-09,,30.78,,,2.18
2002-12-10,,28.76,,,2.16
2002-12-11,,27.76,,,2.16
2002-12-12,,27.29,,,2.16
2002-12-13,-0.458,28.18,,,2.2
2002-12-16,,26.24,,,2.21
2002-12-17,,26.66,,,2.24
2002-12-18,,28.29,,,2.25
2002-12-19,,30.21,,,2.22
2002-12-20,-0.462,26.71,,,2.21
2002-12-23,,26.2,,,2.19
2002-12-24,,26.49,,,2.22
2002-12-25,,,,,
2002-12-26,,27.37,,,2.23
2002-12-27,-0.469,29.55,,,2.23
2002-12-30,,29.62,,,2.21
2002-12-31,,28.62,,,2.22
2003-01-01,,,,,
2003-01-02,,25.39,,,2.27
2003-01-03,-0.48,24.68,,,2.26
2003-01-06,,24.91,,,2.25
2003-01-07,,25.13,,,2.27
2003-01-08,,25.53,,,2.29
2003-01-09,,24.25,,,2.32
2003-01-10,-0.493,24.32,,,2.37
2003-01-13,,24.9,,,2.34
2003-01-14,,24.57,,,2.34
2003-01-15,,25.51,,,2.35
2003-01-16,,25.01,,,2.35
2003-01-17,-0.505,25.7,,,2.35
2003-01-20,,,,,
2003-01-21,,27.59,,,2.34
2003-01-22,,29.01,,,2.29
2003-01-23,,27.53,,,2.29
2003-01-24,-0.515,31.51,,,2.28
2003-01-27,,34.69,,,2.28
2003-01-28,,31.93,,,2.3
2003-01-29,,31.26,,,2.29
2003-01-30,,31.32,,,2.3
2003-01-31,-0.522,31.17,,,2.28
2003-02-03,,31.02,,,2.29
2003-02-04,,32.76,,,2.28
2003-02-05,,33.04,,,2.29
2003-02-06,,33.35,,,2.29
2003-02-07,-0.526,34.01,,,2.33
2003-02-10,,33.99,,,2.31
2003-02-11,,33.68,,,2.33
2003-02-12,,34.33,,,2.31
2003-02-13,,33.7,,,2.32
2003-02-14,-0.529,32.62,,,2.33
2003-02-17,,,,,
2003-02-18,,31.11,,,2.28
2003-02-19,,31.31,,,2.27
2003-02-20,,31.16,,,2.26
2003-02-21,-0.531,30.25,,,2.27
2003-02-24,,31.98,,,2.26
2003-02-25,,31.74,,,2.23
2003-02-26,,31.94,,,2.21
2003-02-27,,30.53,,,2.18
2003-02-28,-0.535,29.63,,,2.18
2003-03-03,,30.43,,,2.16
2003-03-04,,31.83,,,2.16
2003-03-05,,30.38,,,2.17
2003-03-06,,31.37,,,2.2
2003-03-07,-0.542,31.08,,,2.24
2003-03-10,,33.31,,,2.24
2003-03-11,,33.61,,,2.22
2003-03-12,,33.51,,,2.15
2003-03-13,,31.76,,,2.15
2003-03-14,-0.552,30.98,,,2.16
2003-03-17,,31.75,,,2.19
2003-03-18,,30.43,,,2.19
2003-03-19,,31.54,,,2.26
2003-03-20,,30.44,,,2.26
2003-03-21,-0.567,28.67,,,2.31
2003-03-24,,30.39,,,2.27
2003-03-25,,28.75,,,2.28
2003-03-26,,28.23,,,2.28
2003-03-27,,27.96,,,2.33
2003-03-28,-0.586,27.75,,,2.36
2003-03-31,,29.15,,,2.32
2003-04-01,,28.36,,,2.34
2003-04-02,,28.02,,,2.34
2003-04-03,,28.21,,,2.38
2003-04-04,-0.609,29.13,,,2.41
2003-04-07,,28.45,,,2.38
2003-04-08,,27.13,,,2.36
2003-04-09,,27.11,,,2.38
2003-04-10,,25.6,,,2.35
2003-04-11,-0.635,24.44,,,2.35
2003-04-14,,23.41,,,2.3
2003-04-15,,22.56,,,2.29
2003-04-16,,22.52,,,2.29
2003-04-17,,21.5,,,2.27
2003-04-18,-0.66,,,,
2003-04-21,,21.95,,,2.29
2003-04-22,,20.7,,,2.31
2003-04-23,,20.8,,,2.32
2003-04-24,,20.33,,,2.31
2003-04-25,-0.681,20.8,,,2.34
2003-04-28,,20.84,,,2.33
2003-04-29,,20.76,,,2.34
2003-04-30,,21.21,,,2.38
2003-05-01,,21.59,,,2.38
2003-05-02,-0.697,20.63,,,2.38
2003-05-05,,21.13,,,2.37
2003-05-06,,20.8,,,2.39
2003-05-07,,21.0,,,2.27
2003-05-08,,21.24,,,2.21
2003-05-09,-0.707,19.69,,,2.24
2003-05-12,,19.52,,,2.18
2003-05-13,,19.91,,,2.16
2003-05-14,,20.0,,,2.12
2003-05-15,,19.24,,,2.07
2003-05-16,-0.711,18.4,,,2.08
2003-05-19,,20.51,,,2.11
2003-05-20,,21.29,,,2.07
2003-05-21,,21.21,,,2.01
2003-05-22,,19.78,,,1.98
2003-05-23,-0.712,19.17,,,1.96
2003-05-26,,,,,
2003-05-27,,19.99,,,2.08
2003-05-28,,20.03,,,2.09
2003-05-29,,20.43,,,2.04
2003-05-30,-0.71,19.47,,,2.04
2003-06-02,,20.85,,,2.1
2003-06-03,,20.84,,,2.14
2003-06-04,,20.62,,,2.1
2003-06-05,,20.83,,,2.09
2003-06-06,-0.708,21.25,,,2.1
2003-06-09,,22.15,,,2.1
2003-06-10,,20.64,,,2.07
2003-06-11,,20.21,,,2.05
2003-06-12,,20.41,,,2.05
2003-06-13,-0.707,20.66,,,2.03
2003-06-16,,20.22,,,2.0
2003-06-17,,20.01,,,2.02
2003-06-18,,19.76,,,2.1
2003-06-19,,19.8,,,2.18
2003-06-20,-0.709,19.14,,,2.18
2003-06-23,,20.58,,,2.15
2003-06-24,,20.75,,,2.15
2003-06-25,,20.81,,,2.08
2003-06-26,,19.4,,,2.14
2003-06-27,-0.711,19.16,,,2.2
2003-06-30,,19.52,,,2.22
2003-07-01,,19.46,,,2.26
2003-07-02,,19.03,,,2.26
2003-07-03,,19.39,,,2.35
2003-07-04,-0.714,,,,
2003-07-07,,20.06,,,2.38
2003-07-08,,19.48,,,2.36
2003-07-09,,18.93,,,2.36
2003-07-10,,19.19,,,2.37
2003-07-11,-0.716,18.47,,,2.37
2003-07-14,,19.59,,,2.39
2003-07-15,,19.55,,,2.49
2003-07-16,,19.76,,,2.48
2003-07-17,,20.22,,,2.51
2003-07-18,-0.714,19.11,,,2.49
2003-07-21,,19.78,,,2.58
2003-07-22,,19.17,,,2.6
2003-07-23,,18.64,,,2.58
2003-07-24,,18.6,,,2.66
2003-07-25,-0.709,17.75,,,2.7
2003-07-28,,18.36,,,2.7
2003-07-29,,18.67,,,2.75
2003-07-30,,18.85,,,2.7
2003-07-31,,19.49,,,2.69
2003-08-01,-0.7,20.75,,,2.59
2003-08-04,,21.27,,,2.64
2003-08-05,,22.68,,,2.59
2003-08-06,,21.5,,,2.54
2003-08-07,,20.26,,,2.56
2003-08-08,-0.69,19.59,,,2.55
2003-08-11,,19.75,,,2.57
2003-08-12,,17.94,,,2.66
2003-08-13,,18.77,,,2.72
2003-08-14,,18.47,,,2.69
2003-08-15,-0.68,18.27,,,2.7
2003-08-18,,18.18,,,2.62
2003-08-19,,17.86,,,2.57
2003-08-20,,17.82,,,2.61
2003-08-21,,17.84,,,2.55
2003-08-22,-0.672,18.55,,,2.51
2003-08-25,,19.53,,,2.51
2003-08-26,,19.49,,,2.54
2003-08-27,,19.13,,,2.49
2003-08-28,,18.48,,,2.49
2003-08-29,-0.667,18.63,,,2.5
2003-09-01,,,,,
2003-09-02,,19.02,,,2.57
2003-09-03,,19.44,,,2.58
2003-09-04,,18.71,,,2.61
2003-09-05,-0.666,18.17,,,2.63
2003-09-08,,18.26,,,2.66
2003-09-09,,18.85,,,2.66
2003-09-10,,20.01,,,2.64
2003-09-11,,19.25,,,2.64
2003-09-12,-0.668,18.68,,,2.61
2003-09-15,,19.28,,,2.65
2003-09-16,,18.03,,,2.66
2003-09-17,,18.15,,,2.57
2003-09-18,,17.57,,,2.51
2003-09-19,-0.673,17.54,,,2.47
2003-09-22,,19.65,,,2.56
2003-09-23,,19.47,,,2.56
2003-09-24,,21.22,,,2.5
2003-09-25,,22.26,,,2.47
2003-09-26,-0.68,22.23,,,2.44
2003-09-29,,21.67,,,2.48
2003-09-30,,22.72,,,2.46
2003-10-01,,21.07,,,2.49
2003-10-02,,20.8,,,2.55
2003-10-03,-0.687,19.5,,,2.56
2003-10-06,,19.51,,,2.57
2003-10-07,,19.41,,,2.6
2003-10-08,,19.18,,,2.62
2003-10-09,,18.82,,,2.63
2003-10-10,-0.696,18.45,,,2.64
2003-10-13,,17.55,,,
2003-10-14,,17.37,,,2.64
2003-10-15,,17.69,,,2.64
2003-10-16,,17.19,,,2.51
2003-10-17,-0.704,17.62,,,2.51
2003-10-20,,17.04,,,2.53
2003-10-21,,16.55,,,2.49
2003-10-22,,17.67,,,2.49
2003-10-23,,17.68,,,2.5
2003-10-24,-0.709,17.71,,,2.48
2003-10-27,,18.05,,,2.47
2003-10-28,,16.82,,,2.52
2003-10-29,,16.43,,,2.52
2003-10-30,,16.33,,,2.5
2003-10-31,-0.714,16.1,,,2.48
2003-11-03,,16.55,,,2.5
2003-11-04,,16.55,,,2.47
2003-11-05,,16.86,,,2.44
2003-11-06,,16.74,,,2.44
2003-11-07,-0.716,16.93,,,2.44
2003-11-10,,17.62,,,2.43
2003-11-11,,17.54,,,
2003-11-12,,16.75,,,2.39
2003-11-13,,16.47,,,2.38
2003-11-14,-0.716,16.94,,,2.38
2003-11-17,,18.6,,,2.38
2003-11-18,,19.11,,,2.34
2003-11-19,,18.8,,,2.34
2003-11-20,,19.48,,,2.33
2003-11-21,-0.715,18.98,,,2.31
2003-11-24,,17.44,,,2.29
2003-11-25,,16.71,,,2.3
2003-11-26,,16.23,,,2.28
2003-11-27,,,,,
2003-11-28,-0.713,16.32,,,2.28
2003-12-01,,16.77,,,2.28
2003-12-02,,16.27,,,2.31
2003-12-03,,16.63,,,2.32
2003-12-04,,16.3,,,2.32
2003-12-05,-0.712,17.09,,,2.35
2003-12-08,,16.54,,,2.35
2003-12-09,,17.63,,,2.35
2003-12-10,,17.87,,,2.36
2003-12-11,,16.73,,,2.44
2003-12-12,-0.712,16.41,,,2.42
2003-12-15,,17.23,,,2.4
2003-12-16,,15.93,,,2.41
2003-12-17,,15.58,,,2.36
2003-12-18,,16.16,,,2.31
2003-12-19,-0.716,16.42,,,2.33
2003-12-22,,16.94,,,2.34
2003-12-23,,16.49,,,2.32
2003-12-24,,16.66,,,2.37
2003-12-25,,,,,
2003-12-26,-0.722,17.45,,,2.35
2003-12-29,,17.09,,,2.38
2003-12-30,,17.68,,,2.43
2003-12-31,,18.31,,,2.43
2004-01-01,,,,,
2004-01-02,-0.732,18.22,,,2.44
2004-01-05,,17.49,,,2.46
2004-01-06,,16.73,,,2.45
2004-01-07,,15.5,,,2.43
2004-01-08,,15.61,,,2.42
2004-01-09,-0.745,16.75,,,2.43
2004-01-12,,16.82,,,2.43
2004-01-13,,18.04,,,2.42
2004-01-14,,16.75,,,2.36
2004-01-15,,15.56,,,2.32
2004-01-16,-0.759,15.0,,,2.34
2004-01-19,,,,,
2004-01-20,,15.21,,,2.39
2004-01-21,,14.34,,,2.36
2004-01-22,,14.71,,,2.33
2004-01-23,-0.773,14.84,,,2.38
2004-01-26,,14.55,,,2.41
2004-01-27,,15.35,,,2.41
2004-01-28,,16.78,,,2.35
2004-01-29,,17.14,,,2.34
2004-01-30,-0.785,16.63,,,2.32
2004-02-02,,17.11,,,2.35
2004-02-03,,17.34,,,2.35
2004-02-04,,17.87,,,2.35
2004-02-05,,17.71,,,2.35
2004-02-06,-0.795,16.0,,,2.35
2004-02-09,,16.39,,,2.33
2004-02-10,,15.94,,,2.31
2004-02-11,,15.39,,,2.32
2004-02-12,,15.31,,,2.35
2004-02-13,-0.804,15.58,,,2.35
2004-02-16,,,,,
2004-02-17,,15.4,,,2.35
2004-02-18,,15.59,,,2.33
2004-02-19,,15.8,,,2.35
2004-02-20,-0.81,16.04,,,2.35
2004-02-23,,16.29,,,2.36
2004-02-24,,15.9,,,2.35
2004-02-25,,14.93,,,2.35
2004-02-26,,14.83,,,2.36
2004-02-27,-0.813,14.55,,,2.33
2004-03-01,,14.44,,,2.33
2004-03-02,,14.86,,,2.31
2004-03-03,,14.55,,,2.33
2004-03-04,,14.4,,,2.31
2004-03-05,-0.813,14.48,,,2.28
2004-03-08,,15.79,,,2.26
2004-03-09,,16.6,,,2.22
2004-03-10,,18.67,,,2.2
2004-03-11,,20.67,,,2.22
2004-03-12,-0.812,18.3,,,2.24
2004-03-15,,21.13,,,2.22
2004-03-16,,20.34,,,2.19
2004-03-17,,18.11,,,2.18
2004-03-18,,18.53,,,2.21
2004-03-19,-0.808,19.15,,,2.24
2004-03-22,,21.58,,,2.22
2004-03-23,,20.67,,,2.21
2004-03-24,,19.81,,,2.23
2004-03-25,,17.88,,,2.24
2004-03-26,-0.801,17.33,,,2.26
2004-03-29,,16.5,,,2.28
2004-03-30,,16.28,,,2.28
2004-03-31,,16.74,,,2.26
2004-04-01,,16.65,,,2.26
2004-04-02,-0.793,15.64,,,2.29
2004-04-05,,14.97,,,2.33
2004-04-06,,15.32,,,2.33
2004-04-07,,15.76,,,2.32
2004-04-08,,16.26,,,2.33
2004-04-09,-0.782,,,,
2004-04-12,,15.28,,,2.34
2004-04-13,,17.26,,,2.34
2004-04-14,,15.62,,,2.27
2004-04-15,,15.74,,,2.32
2004-04-16,-0.769,14.94,,,2.34
2004-04-19,,15.42,,,2.32
2004-04-20,,16.67,,,2.32
2004-04-21,,15.6,,,2.23
2004-04-22,,14.61,,,2.25
2004-04-23,-0.754,14.01,,,2.19
2004-04-26,,14.77,,,2.18
2004-04-27,,15.07,,,2.22
2004-04-28,,16.29,,,2.2
2004-04-29,,16.6,,,2.21
2004-04-30,-0.739,17.19,,,2.22
2004-05-03,,16.62,,,2.19
2004-05-04,,16.55,,,2.24
2004-05-05,,15.77,,,2.27
2004-05-06,,17.05,,,2.24
2004-05-07,-0.725,18.13,,,2.15
2004-05-10,,19.77,,,2.2
2004-05-11,,18.57,,,2.18
2004-05-12,,18.14,,,2.21
2004-05-13,,18.86,,,2.18
2004-05-14,-0.712,18.47,,,2.2
2004-05-17,,19.96,,,2.19
2004-05-18,,19.33,,,2.16
2004-05-19,,18.93,,,2.18
2004-05-20,,18.67,,,2.17
2004-05-21,-0.702,18.49,,,2.16
2004-05-24,,18.08,,,2.16
2004-05-25,,15.96,,,2.15
2004-05-26,,15.97,,,2.15
2004-05-27,,15.28,,,2.14
2004-05-28,-0.695,15.5,,,2.12
2004-05-31,,,,,
2004-06-01,,16.3,,,2.11
2004-06-02,,16.08,,,2.09
2004-06-03,,17.03,,,2.08
2004-06-04,-0.689,16.78,,,2.08
2004-06-07,,15.39,,,2.11
2004-06-08,,15.01,,,2.05
2004-06-09,,15.39,,,2.03
2004-06-10,,15.04,,,2.0
2004-06-11,-0.686,15.04,,,
2004-06-14,,16.07,,,1.92
2004-06-15,,15.05,,,1.92
2004-06-16,,14.79,,,1.9
2004-06-17,,15.15,,,1.9
2004-06-18,-0.685,14.99,,,1.91
2004-06-21,,15.26,,,1.9
2004-06-22,,14.31,,,1.92
2004-06-23,,13.98,,,1.93
2004-06-24,,14.81,,,1.92
2004-06-25,-0.685,15.19,,,1.92
2004-06-28,,16.07,,,1.9
2004-06-29,,15.47,,,1.87
2004-06-30,,14.34,,,1.92
2004-07-01,,15.2,,,1.93
2004-07-02,-0.686,15.08,,,1.94
2004-07-05,,,,,
2004-07-06,,16.25,,,1.93
2004-07-07,,15.81,,,1.94
2004-07-08,,16.2,,,1.94
2004-07-09,-0.689,15.78,,,1.94
2004-07-12,,14.96,,,1.93
2004-07-13,,14.46,,,1.92
2004-07-14,,13.76,,,1.88
2004-07-15,,14.71,,,1.86
2004-07-16,-0.69,14.34,,,1.84
2004-07-19,,15.17,,,1.82
2004-07-20,,14.17,,,1.8
2004-07-21,,16.41,,,1.79
2004-07-22,,15.75,,,1.79
2004-07-23,-0.692,16.5,,,1.76
2004-07-26,,17.3,,,1.74
2004-07-27,,16.55,,,1.8
2004-07-28,,16.15,,,1.83
2004-07-29,,15.68,,,1.85
2004-07-30,-0.695,15.32,,,1.82
2004-08-02,,15.37,,,1.82
2004-08-03,,16.03,,,1.79
2004-08-04,,16.21,,,1.79
2004-08-05,,18.32,,,1.79
2004-08-06,-0.696,19.34,,,1.84
2004-08-09,,18.89,,,1.83
2004-08-10,,17.47,,,1.77
2004-08-11,,18.04,,,1.76
2004-08-12,,19.08,,,1.75
2004-08-13,-0.698,17.98,,,1.75
2004-08-16,,17.57,,,1.75
2004-08-17,,17.02,,,1.77
2004-08-18,,16.23,,,1.79
2004-08-19,,16.96,,,1.79
2004-08-20,-0.699,16.0,,,1.78
2004-08-23,,15.88,,,1.78
2004-08-24,,15.33,,,1.78
2004-08-25,,14.98,,,1.75
2004-08-26,,14.91,,,1.74
2004-08-27,-0.7,14.71,,,1.75
2004-08-30,,15.44,,,1.72
2004-08-31,,15.29,,,1.72
2004-09-01,,14.91,,,1.72
2004-09-02,,14.28,,,1.74
2004-09-03,-0.7,13.91,,,1.69
2004-09-06,,,,,
2004-09-07,,14.07,,,1.68
2004-09-08,,14.06,,,1.68
2004-09-09,,14.01,,,1.72
2004-09-10,-0.7,13.76,,,1.69
2004-09-13,,13.17,,,1.66
2004-09-14,,13.56,,,1.68
2004-09-15,,14.64,,,1.67
2004-09-16,,14.39,,,1.64
2004-09-17,-0.699,14.03,,,1.61
2004-09-20,,14.43,,,1.61
2004-09-21,,13.66,,,1.56
2004-09-22,,14.74,,,1.5
2004-09-23,,14.8,,,1.45
2004-09-24,-0.699,14.28,,,1.42
2004-09-27,,14.62,,,1.42
2004-09-28,,13.83,,,1.47
2004-09-29,,13.21,,,1.49
2004-09-30,,13.34,,,1.51
2004-10-01,-0.698,12.75,,,1.58
2004-10-04,,13.41,,,1.54
2004-10-05,,13.95,,,1.53
2004-10-06,,13.28,,,1.53
2004-10-07,,14.5,,,1.54
2004-10-08,-0.698,15.05,,,1.54
2004-10-11,,14.71,,,
2004-10-12,,15.05,,,1.56
2004-10-13,,15.42,,,1.56
2004-10-14,,16.43,,,1.55
2004-10-15,-0.699,15.04,,,1.54
2004-10-18,,14.71,,,1.52
2004-10-19,,15.13,,,1.5
2004-10-20,,14.85,,,1.48
2004-10-21,,14.54,,,1.44
2004-10-22,-0.702,15.28,,,1.45
2004-10-25,,16.58,,,1.45
2004-10-26,,16.39,,,1.47
2004-10-27,,15.72,,,1.48
2004-10-28,,15.39,,,1.5
2004-10-29,-0.705,16.27,,,1.49
2004-11-01,,16.27,,,1.5
2004-11-02,,16.18,,,1.5
2004-11-03,,14.04,,,1.49
2004-11-04,,13.97,,,1.47
2004-11-05,-0.708,13.84,,,1.41
2004-11-08,,13.8,,,1.42
2004-11-09,,13.61,,,1.42
2004-11-10,,13.08,,,1.43
2004-11-11,,13.04,,,
2004-11-12,-0.712,13.33,,,1.34
2004-11-15,,13.38,,,1.31
2004-11-16,,13.21,,,1.3
2004-11-17,,13.21,,,1.29
2004-11-18,,12.98,,,1.26
2004-11-19,-0.714,13.5,,,1.25
2004-11-22,,12.97,,,1.23
2004-11-23,,12.67,,,1.21
2004-11-24,,12.72,,,1.19
2004-11-25,,,,,
2004-11-26,-0.715,12.79,,,1.21
2004-11-29,,13.3,,,1.27
2004-11-30,,13.24,,,1.34
2004-12-01,,12.97,,,1.37
2004-12-02,,12.98,,,1.36
2004-12-03,-0.713,12.96,,,1.33
2004-12-06,,13.19,,,1.31
2004-12-07,,13.67,,,1.28
2004-12-08,,13.19,,,1.23
2004-12-09,,12.88,,,1.26
2004-12-10,-0.71,12.76,,,1.21
2004-12-13,,12.54,,,1.18
2004-12-14,,12.73,,,1.15
2004-12-15,,12.35,,,1.12
2004-12-16,,12.27,,,1.18
2004-12-17,-0.705,11.95,,,1.18
2004-12-20,,11.83,,,1.15
2004-12-21,,11.55,,,1.13
2004-12-22,,11.45,,,1.17
2004-12-23,,11.23,,,1.21
2004-12-24,-0.7,,,,
2004-12-27,,12.14,,,1.23
2004-12-28,,12.0,,,1.23
2004-12-29,,11.62,,,1.21
2004-12-30,,12.56,,,1.17
2004-12-31,-0.696,13.29,,,1.16
2005-01-03,,14.08,,,1.13
2005-01-04,,13.98,,,1.09
2005-01-05,,14.09,,,1.07
2005-01-06,,13.58,,,1.11
2005-01-07,-0.694,13.49,,,1.09
2005-01-10,,13.23,,,1.06
2005-01-11,,13.19,,,1.02
2005-01-12,,12.56,,,1.03
2005-01-13,,12.84,,,0.99
2005-01-14,-0.695,12.43,,,0.99
2005-01-17,,,,,
2005-01-18,,12.47,,,0.95
2005-01-19,,13.18,,,0.94
2005-01-20,,13.83,,,0.96
2005-01-21,-0.698,14.36,,,1.0
2005-01-24,,14.65,,,0.94
2005-01-25,,14.06,,,0.97
2005-01-26,,13.44,,,0.94
2005-01-27,,13.24,,,0.94
2005-01-28,-0.702,13.24,,,0.91
2005-01-31,,12.82,,,0.85
2005-02-01,,12.03,,,0.86
2005-02-02,,11.66,,,0.83
2005-02-03,,11.79,,,0.84
2005-02-04,-0.708,11.21,,,0.8
2005-02-07,,11.73,,,0.76
2005-02-08,,11.6,,,0.72
2005-02-09,,12.0,,,0.76
2005-02-10,,11.51,,,0.78
2005-02-11,-0.712,11.43,,,0.76
2005-02-14,,11.52,,,0.7
2005-02-15,,11.27,,,0.73
2005-02-16,,11.1,,,0.75
2005-02-17,,11.77,,,0.81
2005-02-18,-0.712,11.18,,,0.82
2005-02-21,,,,,
2005-02-22,,13.14,,,0.83
2005-02-23,,12.39,,,0.81
2005-02-24,,11.57,,,0.77
2005-02-25,-0.709,11.49,,,0.73
2005-02-28,,12.08,,,0.77
2005-03-01,,12.04,,,0.79
2005-03-02,,12.5,,,0.81
2005-03-03,,12.93,,,0.8
2005-03-04,-0.702,11.94,,,0.75
2005-03-07,,12.26,,,0.7
2005-03-08,,12.4,,,0.76
2005-03-09,,12.7,,,0.86
2005-03-10,,12.49,,,0.8
2005-03-11,-0.692,12.8,,,0.83
2005-03-14,,12.39,,,0.77
2005-03-15,,13.15,,,0.79
2005-03-16,,13.49,,,0.8
2005-03-17,,13.29,,,0.77
2005-03-18,-0.679,13.14,,,0.79
2005-03-21,,13.61,,,0.81
2005-03-22,,14.27,,,0.77
2005-03-23,,14.06,,,0.77
2005-03-24,,13.42,,,0.72
2005-03-25,-0.664,,,,
2005-03-28,,13.75,,,0.74
2005-03-29,,14.49,,,0.73
2005-03-30,,13.64,,,0.7
2005-03-31,,14.02,,,0.7
2005-04-01,-0.65,14.09,,,0.71
2005-04-04,,14.11,,,0.73
2005-04-05,,13.68,,,0.73
2005-04-06,,13.15,,,0.74
2005-04-07,,12.33,,,0.77
2005-04-08,-0.637,12.62,,,0.73
2005-04-11,,11.98,,,0.7
2005-04-12,,11.3,,,0.67
2005-04-13,,13.31,,,0.72
2005-04-14,,14.53,,,0.77
2005-04-15,-0.626,17.74,,,0.73
2005-04-18,,16.56,,,0.72
2005-04-19,,14.96,,,0.71
2005-04-20,,16.92,,,0.7
2005-04-21,,14.41,,,0.67
2005-04-22,-0.616,15.38,,,0.64
2005-04-25,,14.62,,,0.62
2005-04-26,,14.91,,,0.61
2005-04-27,,14.87,,,0.61
2005-04-28,,16.86,,,0.6
2005-04-29,-0.609,15.31,,,0.55
2005-05-02,,15.12,,,0.57
2005-05-03,,14.53,,,0.53
2005-05-04,,13.85,,,0.57
2005-05-05,,13.98,,,0.61
2005-05-06,-0.604,14.05,,,0.55
2005-05-09,,13.75,,,0.53
2005-05-10,,14.91,,,0.54
2005-05-11,,14.45,,,0.53
2005-05-12,,16.12,,,0.52
2005-05-13,-0.6,16.32,,,0.51
2005-05-16,,15.68,,,0.52
2005-05-17,,14.57,,,0.51
2005-05-18,,13.63,,,0.51
2005-05-19,,13.32,,,0.47
2005-05-20,-0.598,13.14,,,0.44
2005-05-23,,12.95,,,0.42
2005-05-24,,12.69,,,0.43
2005-05-25,,12.58,,,0.47
2005-05-26,,12.24,,,0.44
2005-05-27,-0.598,12.15,,,0.44
2005-05-30,,,,,
2005-05-31,,13.29,,,0.4
2005-06-01,,12.36,,,0.41
2005-06-02,,11.84,,,0.37
2005-06-03,-0.599,12.15,,,0.41
2005-06-06,,12.28,,,0.37
2005-06-07,,12.39,,,0.35
2005-06-08,,12.7,,,0.35
2005-06-09,,12.08,,,0.34
2005-06-10,-0.6,11.96,,,0.34
2005-06-13,,11.65,,,0.38
2005-06-14,,11.79,,,0.42
2005-06-15,,11.46,,,0.4
2005-06-16,,11.15,,,0.39
2005-06-17,-0.601,11.48,,,0.37
2005-06-20,,11.47,,,0.39
2005-06-21,,11.08,,,0.35
2005-06-22,,11.05,,,0.33
2005-06-23,,12.13,,,0.33
2005-06-24,-0.603,12.18,,,0.33
2005-06-27,,12.52,,,0.3
2005-06-28,,11.58,,,0.32
2005-06-29,,11.77,,,0.34
2005-06-30,,12.04,,,0.28
2005-07-01,-0.605,11.4,,,0.3
2005-07-04,,,,,
2005-07-05,,11.68,,,0.32
2005-07-06,,12.27,,,0.31
2005-07-07,,12.49,,,0.34
2005-07-08,-0.607,11.45,,,0.33
2005-07-11,,11.28,,,0.3
2005-07-12,,10.95,,,0.33
2005-07-13,,10.84,,,0.33
2005-07-14,,10.81,,,0.33
2005-07-15,-0.61,10.33,,,0.32
2005-07-18,,10.77,,,0.33
2005-07-19,,10.45,,,0.32
2005-07-20,,10.23,,,0.27
2005-07-21,,10.97,,,0.32
2005-07-22,-0.612,10.52,,,0.31
2005-07-25,,11.1,,,0.3
2005-07-26,,10.99,,,0.29
2005-07-27,,10.36,,,0.28
2005-07-28,,10.52,,,0.24
2005-07-29,-0.613,11.57,,,0.26
2005-08-01,,12.08,,,0.28
2005-08-02,,11.75,,,0.28
2005-08-03,,11.83,,,0.28
2005-08-04,,12.52,,,0.28
2005-08-05,-0.612,12.48,,,0.29
2005-08-08,,13.21,,,0.26
2005-08-09,,12.4,,,0.28
2005-08-10,,12.38,,,0.27
2005-08-11,,12.42,,,0.22
2005-08-12,-0.61,12.74,,,0.19
2005-08-15,,12.26,,,0.19
2005-08-16,,13.52,,,0.2
2005-08-17,,13.3,,,0.21
2005-08-18,,13.42,,,0.2
2005-08-19,-0.605,13.42,,,0.18
2005-08-22,,13.42,,,0.19
2005-08-23,,13.34,,,0.19
2005-08-24,,14.17,,,0.2
2005-08-25,,13.73,,,0.18
2005-08-26,-0.598,13.72,,,0.14
2005-08-29,,13.52,,,0.14
2005-08-30,,13.65,,,0.19
2005-08-31,,12.6,,,0.18
2005-09-01,,13.15,,,0.3
2005-09-02,-0.59,13.57,,,0.28
2005-09-05,,,,,
2005-09-06,,12.93,,,0.29
2005-09-07,,12.52,,,0.28
2005-09-08,,12.93,,,0.28
2005-09-09,-0.583,11.98,,,0.26
2005-09-12,,11.65,,,0.26
2005-09-13,,12.39,,,0.26
2005-09-14,,12.91,,,0.27
2005-09-15,,12.49,,,0.32
2005-09-16,-0.575,11.22,,,0.29
2005-09-19,,12.14,,,0.32
2005-09-20,,12.64,,,0.26
2005-09-21,,13.79,,,0.23
2005-09-22,,13.33,,,0.24
2005-09-23,-0.569,12.96,,,0.23
2005-09-26,,13.04,,,0.23
2005-09-27,,12.76,,,0.22
2005-09-28,,12.63,,,0.17
2005-09-29,,12.24,,,0.16
2005-09-30,-0.566,11.92,,,0.16
2005-10-03,,12.46,,,0.18
2005-10-04,,13.2,,,0.16
2005-10-05,,14.55,,,0.15
2005-10-06,,14.96,,,0.17
2005-10-07,-0.567,14.59,,,0.17
2005-10-10,,15.55,,,
2005-10-11,,15.63,,,0.17
2005-10-12,,16.22,,,0.21
2005-10-13,,16.47,,,0.24
2005-10-14,-0.571,14.87,,,0.21
2005-10-17,,14.67,,,0.21
2005-10-18,,15.33,,,0.22
2005-10-19,,13.5,,,0.22
2005-10-20,,16.11,,,0.19
2005-10-21,-0.577,16.13,,,0.17
2005-10-24,,14.74,,,0.2
2005-10-25,,14.53,,,0.2
2005-10-26,,14.59,,,0.22
2005-10-27,,16.02,,,0.21
2005-10-28,-0.583,14.25,,,0.18
2005-10-31,,15.32,,,0.17
2005-11-01,,14.85,,,0.16
2005-11-02,,13.48,,,0.18
2005-11-03,,13.0,,,0.18
2005-11-04,-0.587,13.17,,,0.19
2005-11-07,,13.1,,,0.18
2005-11-08,,13.08,,,0.14
2005-11-09,,12.8,,,0.15
2005-11-10,,11.9,,,0.11
2005-11-11,-0.588,11.63,,,
2005-11-14,,12.18,,,0.11
2005-11-15,,12.23,,,0.09
2005-11-16,,12.26,,,0.07
2005-11-17,,11.25,,,0.09
2005-11-18,-0.585,11.12,,,0.1
2005-11-21,,10.82,,,0.07
2005-11-22,,10.6,,,0.11
2005-11-23,,10.96,,,0.11
2005-11-24,,,,,
2005-11-25,-0.58,10.88,,,0.1
2005-11-28,,11.84,,,0.08
2005-11-29,,11.89,,,0.08
2005-11-30,,12.06,,,0.07
2005-12-01,,11.24,,,0.07
2005-12-02,-0.574,11.01,,,0.09
2005-12-05,,11.6,,,0.1
2005-12-06,,11.52,,,0.07
2005-12-07,,12.18,,,0.1
2005-12-08,,12.21,,,0.1
2005-12-09,-0.567,11.69,,,0.11
2005-12-12,,11.47,,,0.11
2005-12-13,,11.11,,,0.11
2005-12-14,,10.48,,,0.08
2005-12-15,,10.73,,,0.1
2005-12-16,-0.562,10.68,,,0.08
2005-12-19,,11.38,,,0.07
2005-12-20,,11.19,,,0.05
2005-12-21,,10.81,,,0.06
2005-12-22,,10.29,,,0.04
2005-12-23,-0.561,10.27,,,0.01
2005-12-26,,,,,
2005-12-27,,11.57,,,-0.01
2005-12-28,,11.35,,,0.01
2005-12-29,,11.61,,,-0.01
2005-12-30,-0.563,12.07,,,-0.02
2006-01-02,,,101.4155,100.9386,
2006-01-03,,11.14,100.7558,100.8318,0.03
2006-01-04,,11.37,100.2288,100.4582,0.05
2006-01-05,,11.31,100.2992,100.3368,0.04
2006-01-06,-0.569,11.0,100.0241,100.1888,0.02
2006-01-09,,11.13,100.1794,99.9677,0.02
2006-01-10,,10.86,100.1436,100.0931,0.02
2006-01-11,,10.94,99.871,100.0905,0.02
2006-01-12,,11.2,100.0643,99.8573,0.03
2006-01-13,-0.579,11.23,99.9675,100.0169,0.02
2006-01-16,,,99.9715,100.0261,
2006-01-17,,11.91,100.2447,100.093,0.01
2006-01-18,,12.25,100.4085,100.2684,0.01
2006-01-19,,11.98,100.1862,100.1294,0.01
2006-01-20,-0.59,14.56,99.9017,99.9051,0.0
2006-01-23,,13.93,99.3783,99.7974,0.01
2006-01-24,,13.31,99.3434,99.6786,0.03
2006-01-25,,12.87,99.348,99.58,0.03
2006-01-26,,12.42,99.4798,99.5745,0.04
2006-01-27,-0.602,11.97,99.6433,99.4336,0.01
2006-01-30,,12.39,99.7144,99.4179,0.02
2006-01-31,,12.95,99.4311,99.3163,-0.01
2006-02-01,,12.36,99.6132,99.3884,-0.02
2006-02-02,,13.23,99.7916,99.653,-0.02
2006-02-03,-0.613,12.96,100.118,99.6522,-0.05
2006-02-06,,13.04,100.1372,99.3857,-0.07
2006-02-07,,13.59,100.1759,99.517,-0.04
2006-02-08,,12.83,100.4879,99.7386,-0.08
2006-02-09,,13.12,100.2117,99.5299,-0.12
2006-02-10,-0.622,12.87,100.322,99.4846,-0.1
2006-02-13,,13.35,100.3955,99.5516,-0.1
2006-02-14,,12.25,100.3987,99.4829,-0.07
2006-02-15,,12.31,100.4489,99.5362,-0.1
2006-02-16,,11.48,100.5183,99.4909,-0.1
2006-02-17,-0.629,12.01,100.3404,99.3351,-0.12
2006-02-20,,,100.3447,99.3451,
2006-02-21,,12.41,100.2346,99.3046,-0.14
2006-02-22,,11.88,100.3879,99.5821,-0.15
2006-02-23,,11.87,100.1956,99.4597,-0.16
2006-02-24,-0.633,11.46,100.2594,99.3628,-0.16
2006-02-27,,11.59,100.0724,99.3357,-0.15
2006-02-28,,12.34,99.7695,99.2097,-0.14
2006-03-01,,11.54,99.8355,99.1791,-0.12
2006-03-02,,11.72,99.5969,99.2731,-0.08
2006-03-03,-0.634,11.96,99.7024,99.4597,-0.08
2006-03-06,,12.74,99.9834,99.6004,-0.03
2006-03-07,,12.66,100.564,100.0204,-0.03
2006-03-08,,12.32,100.8565,100.3699,0.01
2006-03-09,,12.68,100.7718,100.1352,0.02
2006-03-10,-0.633,11.85,100.9566,100.0695,0.02
2006-03-13,,11.37,100.8563,100.0895,0.03
2006-03-14,,10.74,100.312,99.892,0.05
2006-03-15,,11.35,100.2121,99.7253,0.04
2006-03-16,,11.98,99.9049,99.5801,0.03
2006-03-17,-0.632,12.12,99.8614,99.7016,0.03
2006-03-20,,11.79,100.0491,99.7758,0.01
2006-03-21,,11.62,100.4716,100.0085,-0.01
2006-03-22,,11.21,100.496,100.2427,-0.04
2006-03-23,,11.17,100.8256,100.2447,-0.04
2006-03-24,-0.63,11.19,100.7773,100.3237,-0.05
2006-03-27,,11.46,100.8359,100.522,-0.02
2006-03-28,,11.58,100.7995,100.5828,-0.02
2006-03-29,,10.95,101.0474,100.6095,-0.01
2006-03-30,,11.57,100.5698,100.4592,0.02
2006-03-31,-0.628,11.39,100.56,100.2465,0.04
2006-04-03,,11.57,100.6204,100.0934,0.02
2006-04-04,,11.14,100.1319,99.9411,0.03
2006-04-05,,11.13,100.0792,99.9956,0.03
2006-04-06,,11.45,100.1578,100.2834,0.06
2006-04-07,-0.626,12.26,100.4187,100.5029,0.08
2006-04-10,,12.19,100.4091,100.3339,0.08
2006-04-11,,13.0,100.2903,100.3236,0.05
2006-04-12,,12.76,100.3589,100.3808,0.07
2006-04-13,,12.38,100.4759,100.5398,0.09
2006-04-14,-0.623,,100.4697,100.4692,
2006-04-17,,12.58,99.8719,100.3593,0.1
2006-04-18,,11.4,99.6747,100.0775,0.15
2006-04-19,,11.32,99.3467,99.9691,0.18
2006-04-20,,11.64,99.4974,100.0615,0.15
2006-04-21,-0.622,11.59,99.4345,100.1627,0.11
2006-04-24,,11.75,99.117,99.9308,0.1
2006-04-25,,11.75,98.9687,99.9974,0.12
2006-04-26,,11.76,98.8907,100.2516,0.13
2006-04-27,,11.84,98.5149,99.9848,0.18
2006-04-28,-0.619,11.59,98.1412,99.8708,0.2
2006-05-01,,12.54,97.9085,99.7445,0.2
2006-05-02,,11.99,97.6571,99.5777,0.2
2006-05-03,,11.99,97.5572,99.3563,0.21
2006-05-04,,11.86,97.4878,99.4231,0.19
2006-05-05,-0.614,11.62,97.2585,99.306,0.18
2006-05-08,,12.0,97.1945,99.0923,0.15
2006-05-09,,11.99,96.9578,99.101,0.16
2006-05-10,,11.78,96.6391,98.7758,0.12
2006-05-11,,12.49,96.5383,99.0151,0.15
2006-05-12,-0.606,14.19,96.8788,99.5796,0.18
2006-05-15,,13.57,97.3588,100.2076,0.16
2006-05-16,,13.35,97.1959,99.919,0.14
2006-05-17,,16.26,97.4725,100.0802,0.19
2006-05-18,,16.99,97.7033,100.5597,0.14
2006-05-19,-0.595,17.18,97.933,100.5503,0.09
2006-05-22,,17.72,97.9377,101.1884,0.1
2006-05-23,,18.26,97.7045,100.7116,0.1
2006-05-24,,17.36,98.3936,101.3769,0.09
2006-05-25,,15.5,97.8423,101.0048,0.09
2006-05-26,-0.582,14.26,97.8995,100.74,0.1
2006-05-29,,,97.8936,100.726,
2006-05-30,,18.66,97.588,101.1031,0.1
2006-05-31,,16.44,97.7705,101.1469,0.08
2006-06-01,,14.52,97.7726,101.1206,0.07
2006-06-02,-0.567,14.32,97.5544,101.2204,0.08
2006-06-05,,16.65,97.3681,100.8855,0.03
2006-06-06,,17.34,98.1449,101.2285,0.02
2006-06-07,,17.8,98.1641,101.2495,0.0
2006-06-08,,18.35,98.9313,101.7426,-0.01
2006-06-09,-0.554,18.12,98.5471,101.5206,-0.03
2006-06-12,,20.96,98.5494,101.5988,-0.03
2006-06-13,,23.81,98.9201,101.858,-0.05
2006-06-14,,21.46,98.8338,101.8213,-0.06
2006-06-15,,15.9,98.8846,101.6127,-0.04
2006-06-16,-0.541,17.25,98.9127,101.5043,-0.03
2006-06-19,,17.83,99.145,101.7215,-0.05
2006-06-20,,16.69,99.0117,101.7019,-0.04
2006-06-21,,15.52,98.5544,101.5689,-0.04
2006-06-22,,15.88,99.0856,101.6227,-0.03
2006-06-23,-0.532,15.89,99.4216,101.7721,-0.04
2006-06-26,,15.62,99.3634,101.7215,-0.02
2006-06-27,,16.4,99.219,101.7062,-0.03
2006-06-28,,15.79,99.392,101.6616,-0.04
2006-06-29,,13.03,99.2158,101.5947,0.01
2006-06-30,-0.528,13.08,98.2483,100.9491,-0.01
2006-07-03,,13.05,98.0371,100.5186,-0.02
2006-07-04,,,98.0221,100.4834,
2006-07-05,,14.15,98.308,100.6877,-0.01
2006-07-06,,13.65,98.138,100.5411,-0.03
2006-07-07,-0.529,13.97,97.7508,100.171,-0.03
2006-07-10,,14.02,97.9813,99.9202,-0.04
2006-07-11,,13.14,98.2132,100.1185,-0.07
2006-07-12,,14.49,98.5202,100.3028,-0.07
2006-07-13,,17.79,98.5583,100.4434,-0.04
2006-07-14,-0.535,18.05,98.6814,100.5886,-0.01
2006-07-17,,18.64,99.0767,100.6019,-0.05
2006-07-18,,17.74,99.1341,100.5329,-0.06
2006-07-19,,15.55,98.9262,100.3661,-0.06
2006-07-20,,16.21,98.6014,100.0948,-0.03
2006-07-21,-0.545,17.4,98.5221,100.1385,-0.03
2006-07-24,,14.98,98.7795,100.2351,-0.05
2006-07-25,,14.85,98.9388,100.2067,-0.04
2006-07-26,,14.62,98.742,100.2549,-0.02
2006-07-27,,14.94,98.2283,99.9503,0.0
2006-07-28,-0.558,14.33,98.0539,99.9577,0.02
2006-07-31,,14.95,97.9996,99.939,0.02
2006-08-01,,15.05,98.1715,100.2889,0.02
2006-08-02,,14.34,97.9432,100.1724,-0.01
2006-08-03,,14.46,98.0694,100.2694,-0.02
2006-08-04,-0.572,14.34,97.6005,99.9851,0.0
2006-08-07,,15.23,97.5088,99.8841,-0.03
2006-08-08,,15.23,97.6524,99.9729,0.02
2006-08-09,,15.2,97.4402,99.6894,0.01
2006-08-10,,14.46,97.8887,99.786,0.0
2006-08-11,-0.585,14.3,97.7863,99.6657,0.01
2006-08-14,,14.26,97.9677,99.7472,-0.01
2006-08-15,,13.42,97.8043,99.7737,-0.01
2006-08-16,,12.41,97.3894,99.4556,0.0
2006-08-17,,12.24,97.3486,99.3616,-0.02
2006-08-18,-0.596,11.64,97.7577,99.6214,-0.03
2006-08-21,,12.22,97.3856,99.474,-0.03
2006-08-22,,12.19,97.6079,99.4858,-0.05
2006-08-23,,12.4,97.5731,99.6355,-0.05
2006-08-24,,12.4,97.7939,99.9651,-0.07
2006-08-25,-0.603,12.31,97.8827,100.1198,-0.07
2006-08-28,,12.18,97.8467,100.035,-0.08
2006-08-29,,12.28,97.7748,99.8641,-0.08
2006-08-30,,12.22,97.5792,99.7472,-0.07
2006-08-31,,12.31,97.644,99.8264,-0.05
2006-09-01,-0.606,11.96,97.5084,99.7405,-0.04
2006-09-04,,,97.4981,99.7164,
2006-09-05,,12.63,97.4392,99.4136,-0.02
2006-09-06,,13.74,97.6087,99.7172,-0.02
2006-09-07,,13.88,97.8108,99.9099,-0.02
2006-09-08,-0.606,13.16,98.2119,99.9731,-0.02
2006-09-11,,12.99,98.3845,100.239,-0.03
2006-09-12,,11.92,98.2781,100.1271,-0.04
2006-09-13,,11.18,98.1775,100.0043,-0.03
2006-09-14,,11.55,98.0088,99.9281,-0.04
2006-09-15,-0.605,11.76,98.2104,99.8021,-0.07
2006-09-18,,11.78,98.1332,99.7558,-0.07
2006-09-19,,11.98,98.1703,99.7803,-0.05
2006-09-20,,11.39,98.1556,99.7501,-0.08
2006-09-21,,12.25,97.9458,99.7766,-0.06
2006-09-22,-0.605,12.59,97.8667,100.0568,-0.07
2006-09-25,,12.12,97.9909,100.183,-0.07
2006-09-26,,11.53,98.0555,99.9565,-0.09
2006-09-27,,11.58,98.0107,99.7919,-0.06
2006-09-28,,11.72,98.0381,99.8599,-0.05
2006-09-29,-0.606,11.98,98.1054,99.7441,-0.07
2006-10-02,,12.57,97.9247,99.6996,-0.04
2006-10-03,,12.24,98.1267,99.851,-0.05
2006-10-04,,11.86,98.3682,99.9047,-0.03
2006-10-05,,11.98,98.2776,99.779,-0.04
2006-10-06,-0.609,11.56,98.5619,99.8769,-0.04
2006-10-09,,11.68,98.5702,99.8962,
2006-10-10,,11.52,98.9125,99.9802,-0.07
2006-10-11,,11.62,98.9146,99.9088,-0.07
2006-10-12,,11.09,98.831,99.6894,-0.06
2006-10-13,-0.615,10.75,98.8002,99.3822,-0.06
2006-10-16,,11.09,98.71,99.3331,-0.06
2006-10-17,,11.73,98.5354,99.338,-0.05
2006-10-18,,11.34,98.6164,99.22,-0.08
2006-10-19,,10.9,98.2897,99.1728,-0.06
2006-10-20,-0.622,10.63,98.1629,99.2257,-0.08
2006-10-23,,11.08,98.4483,99.3079,-0.07
2006-10-24,,10.78,98.349,99.2394,-0.08
2006-10-25,,10.66,98.2057,99.1293,-0.1
2006-10-26,,10.56,97.8907,98.8521,-0.08
2006-10-27,-0.628,10.8,97.4914,98.6728,-0.08
2006-10-30,,11.2,97.5672,98.721,-0.1
2006-10-31,,11.1,97.3901,98.7145,-0.1
2006-11-01,,11.51,97.4949,98.6035,-0.09
2006-11-02,,11.42,97.6556,98.8016,-0.07
2006-11-03,-0.631,11.16,97.7209,98.6935,-0.1
2006-11-06,,11.16,97.806,98.8346,-0.11
2006-11-07,,11.09,97.4453,98.6837,-0.11
2006-11-08,,10.75,97.58,98.7823,-0.11
2006-11-09,,11.01,97.5041,98.756,-0.13
2006-11-10,-0.632,10.79,97.4638,98.8169,-0.14
2006-11-13,,10.86,97.7904,98.9148,-0.15
2006-11-14,,10.5,97.7475,98.7936,-0.17
2006-11-15,,10.31,97.8359,98.8785,-0.19
2006-11-16,,10.16,97.8098,98.7984,-0.19
2006-11-17,-0.631,10.05,97.9855,99.1447,-0.15
2006-11-20,,9.97,98.0254,99.0839,-0.16
2006-11-21,,9.9,98.0215,99.1641,-0.17
2006-11-22,,10.14,97.5315,99.0449,-0.17
2006-11-23,,,97.5314,99.0446,
2006-11-24,-0.627,10.73,97.0657,99.0448,-0.18
2006-11-27,,12.3,96.9986,99.0955,-0.17
2006-11-28,,11.62,96.8428,99.0368,-0.16
2006-11-29,,10.83,96.8577,98.8181,-0.17
2006-11-30,,10.91,96.5779,98.6817,-0.16
2006-12-01,-0.622,11.66,96.4585,98.5994,-0.09
2006-12-04,,11.23,96.4319,98.5191,-0.09
2006-12-05,,11.27,96.2082,98.1753,-0.07
2006-12-06,,11.33,96.2839,98.0325,-0.11
2006-12-07,,12.67,96.3207,97.9886,-0.09
2006-12-08,-0.62,12.07,96.6123,98.0478,-0.12
2006-12-11,,10.71,96.6646,98.1308,-0.15
2006-12-12,,10.65,96.7119,98.0752,-0.12
2006-12-13,,10.18,96.7296,98.0114,-0.12
2006-12-14,,9.97,96.7946,97.8747,-0.13
2006-12-15,-0.62,10.05,96.9857,97.8765,-0.13
2006-12-18,,10.6,97.1559,98.0756,-0.11
2006-12-19,,10.3,96.9313,98.2508,-0.11
2006-12-20,,10.26,96.7762,98.0285,-0.11
2006-12-21,,10.53,96.9148,98.135,-0.11
2006-12-22,-0.624,11.36,97.1113,98.1375,-0.08
2006-12-25,,,97.1221,98.1626,
2006-12-26,,11.26,97.1786,98.208,-0.1
2006-12-27,,10.64,97.2076,98.212,-0.11
2006-12-28,,10.99,97.0656,98.068,-0.12
2006-12-29,-0.633,11.56,97.0312,97.9028,-0.11
2007-01-01,,,97.0323,97.9053,
2007-01-02,,,,,-0.12
2007-01-03,,12.04,97.1281,97.7035,-0.09
2007-01-04,,11.51,97.5251,98.083,-0.09
2007-01-05,-0.645,12.14,97.7801,98.3432,-0.11
2007-01-08,,12.0,97.788,98.4444,-0.12
2007-01-09,,11.91,97.9642,98.5622,-0.13
2007-01-10,,11.47,98.0943,98.6234,-0.12
2007-01-11,,10.87,98.0845,98.4398,-0.12
2007-01-12,-0.658,10.15,97.921,98.461,-0.11
2007-01-15,,,97.9201,98.459,
2007-01-16,,10.74,97.9816,98.4107,-0.11
2007-01-17,,10.59,97.7509,98.1395,-0.12
2007-01-18,,10.85,97.8286,98.1092,-0.14
2007-01-19,-0.67,10.4,97.6868,98.0354,-0.15
2007-01-22,,10.77,97.827,98.1471,-0.15
2007-01-23,,10.34,97.8117,98.2637,-0.13
2007-01-24,,9.89,97.908,98.1675,-0.12
2007-01-25,,11.22,97.8396,98.1975,-0.11
2007-01-26,-0.679,11.13,98.1491,98.3819,-0.11
2007-01-29,,11.45,98.2066,98.5558,-0.09
2007-01-30,,10.96,98.1515,98.4919,-0.1
2007-01-31,,10.42,97.964,98.4165,-0.11
2007-02-01,,10.31,97.7101,98.1654,-0.12
2007-02-02,-0.683,10.08,97.9743,98.1837,-0.11
2007-02-05,,10.55,97.87,97.9806,-0.11
2007-02-06,,10.65,97.7357,97.8759,-0.13
2007-02-07,,10.32,97.7239,97.8915,-0.13
2007-02-08,,10.44,97.8169,97.9789,-0.14
2007-02-09,-0.682,11.1,97.7076,97.8853,-0.13
2007-02-12,,11.61,97.9409,98.1418,-0.14
2007-02-13,,10.34,97.7063,98.1168,-0.13
2007-02-14,,10.23,97.2779,97.836,-0.13
2007-02-15,,10.22,97.1588,97.8072,-0.13
2007-02-16,-0.674,10.02,97.164,97.8542,-0.14
2007-02-19,,,97.1545,97.8324,
2007-02-20,,10.24,97.321,97.8798,-0.13
2007-02-21,,10.2,97.27,97.889,-0.13
2007-02-22,,10.18,97.266,97.8697,-0.14
2007-02-23,-0.662,10.58,97.1756,97.9786,-0.14
2007-02-26,,11.15,97.2281,98.0857,-0.14
2007-02-27,,18.31,97.0883,98.3303,-0.09
2007-02-28,,15.42,97.2386,98.4152,-0.09
2007-03-01,,15.82,97.3358,98.4774,-0.07
2007-03-02,-0.646,18.61,97.3691,98.4797,-0.04
2007-03-05,,19.63,97.6716,98.5792,-0.02
2007-03-06,,15.96,97.5123,98.3878,-0.05
2007-03-07,,15.24,97.4558,98.3761,-0.04
2007-03-08,,14.29,97.5731,98.3235,-0.05
2007-03-09,-0.632,14.09,97.4559,98.2124,-0.07
2007-03-12,,13.99,97.3013,98.2988,-0.06
2007-03-13,,18.13,97.2203,98.2998,-0.02
2007-03-14,,17.27,97.2759,98.4219,-0.01
2007-03-15,,16.43,97.2476,98.3119,-0.03
2007-03-16,-0.62,16.79,97.0407,98.2637,-0.03
2007-03-19,,14.59,97.1062,98.2414,-0.03
2007-03-20,,13.27,96.7985,98.0214,-0.04
2007-03-21,,12.19,96.6195,97.7879,0.02
2007-03-22,,12.93,96.3893,97.5501,0.02
2007-03-23,-0.612,12.95,96.5662,97.6137,0.02
2007-03-26,,13.16,96.5493,97.6589,0.04
2007-03-27,,13.48,96.4558,97.6484,0.04
2007-03-28,,14.98,96.4894,97.7518,0.09
2007-03-29,,15.14,96.5067,97.684,0.06
2007-03-30,-0.606,14.64,96.3183,97.6325,0.07
2007-04-02,,14.53,96.3175,97.6025,0.05
2007-04-03,,13.46,96.3774,97.4321,0.04
2007-04-04,,13.24,96.3646,97.3994,0.05
2007-04-05,,13.23,96.1188,97.3022,0.05
2007-04-06,-0.602,,96.2526,97.2764,0.01
2007-04-09,,13.14,96.293,97.2456,0.02
2007-04-10,,12.68,96.1179,97.3963,0.02
2007-04-11,,13.49,96.0293,97.2911,0.01
2007-04-12,,12.71,95.7999,97.2938,0.01
2007-04-13,-0.598,12.2,95.711,97.154,0.0
2007-04-16,,11.98,95.5538,97.1324,0.0
2007-04-17,,12.14,95.3832,97.1268,0.01
2007-04-18,,12.42,95.3109,97.0946,0.02
2007-04-19,,12.54,95.2712,97.0962,0.04
2007-04-20,-0.594,12.07,95.1692,96.9896,0.04
2007-04-23,,13.04,95.1833,96.9816,0.04
2007-04-24,,13.12,95.1608,97.0567,0.05
2007-04-25,,13.21,94.8497,96.7263,0.03
2007-04-26,,12.79,95.1653,96.7928,0.02
2007-04-27,-0.587,12.45,95.0103,96.7951,0.04
2007-04-30,,14.22,94.8365,96.8521,0.03
2007-05-01,,13.51,95.0037,96.8746,0.01
2007-05-02,,13.08,95.0352,96.8362,0.0
2007-05-03,,13.09,95.0167,96.6786,-0.03
2007-05-04,-0.578,12.91,94.9118,96.5595,-0.03
2007-05-07,,13.15,94.6914,96.3698,-0.04
2007-05-08,,13.21,94.8648,96.365,-0.05
2007-05-09,,12.88,94.7933,96.2607,-0.06
2007-05-10,,13.6,94.9506,96.2937,-0.05
2007-05-11,-0.57,12.95,95.0035,96.2348,-0.04
2007-05-14,,13.96,94.8267,96.1162,-0.04
2007-05-15,,14.01,94.5574,96.1098,-0.04
2007-05-16,,13.5,94.8143,96.0423,-0.02
2007-05-17,,13.51,94.8339,96.0494,-0.02
2007-05-18,-0.561,12.76,94.6573,96.0851,-0.01
2007-05-21,,13.3,94.7026,95.9707,-0.02
2007-05-22,,13.06,94.5753,95.778,0.0
2007-05-23,,13.24,94.4557,95.7879,0.01
2007-05-24,,14.08,94.7025,96.0615,0.01
2007-05-25,-0.552,13.34,94.5022,95.7993,0.01
2007-05-28,,,94.4959,95.7847,
2007-05-29,,13.53,94.3533,95.8093,0.0
2007-05-30,,12.83,94.549,95.9151,-0.01
2007-05-31,,13.05,94.3215,95.706,-0.02
2007-06-01,-0.546,12.78,94.132,95.5426,-0.02
2007-06-04,,13.29,93.9969,95.6402,-0.04
2007-06-05,,13.63,93.9986,95.748,-0.01
2007-06-06,,14.87,94.1217,96.0501,0.0
2007-06-07,,17.06,94.3537,96.2528,0.08
2007-06-08,-0.543,14.84,94.7599,96.6467,0.11
2007-06-11,,14.71,94.6576,96.4206,0.13
2007-06-12,,16.67,94.6991,96.3465,0.18
2007-06-13,,14.73,94.9011,96.4696,0.12
2007-06-14,,13.64,94.9029,96.3312,0.13
2007-06-15,-0.539,13.94,94.6228,95.8755,0.11
2007-06-18,,13.42,94.5475,95.6967,0.14
2007-06-19,,12.85,94.3227,95.6338,0.15
2007-06-20,,14.67,94.3618,95.7688,0.17
2007-06-21,,14.21,94.6073,95.9219,0.18
2007-06-22,-0.534,15.75,94.4371,95.8564,0.22
2007-06-25,,16.65,94.5105,95.9632,0.22
2007-06-26,,18.89,94.4678,96.0741,0.2
2007-06-27,,15.53,94.5633,96.1787,0.18
2007-06-28,,15.54,94.2395,95.8729,0.16
2007-06-29,-0.521,16.23,94.1393,95.7818,0.16
2007-07-02,,15.4,93.634,95.5634,0.14
2007-07-03,,14.92,93.697,95.4902,0.16
2007-07-04,,,93.6965,95.4891,
2007-07-05,,15.48,93.7653,95.5804,0.17
2007-07-06,-0.496,14.72,93.5759,95.5201,0.2
2007-07-09,,15.16,93.5519,95.4844,0.19
2007-07-10,,17.57,93.3339,95.3838,0.18
2007-07-11,,16.64,93.3089,95.3922,0.2
2007-07-12,,15.54,93.1198,95.2881,0.19
2007-07-13,-0.451,15.15,93.0133,95.1792,0.17
2007-07-16,,15.59,92.9094,95.1439,0.16
2007-07-17,,15.63,92.9095,95.0961,0.17
2007-07-18,,16.0,92.7959,95.0692,0.18
2007-07-19,,15.23,92.7332,94.9051,0.17
2007-07-20,-0.383,16.95,92.7179,95.0717,0.17
2007-07-23,,16.81,92.6585,94.8274,0.17
2007-07-24,,18.55,92.505,94.9226,0.17
2007-07-25,,18.1,92.9189,95.2599,0.18
2007-07-26,,20.74,93.1186,95.6534,0.23
2007-07-27,-0.289,24.17,93.5485,95.9576,0.24
2007-07-30,,20.87,93.5918,95.7922,0.23
2007-07-31,,23.52,93.4264,95.6247,0.22
2007-08-01,,23.67,93.4011,95.8131,0.2
2007-08-02,,21.22,93.3038,95.6953,0.18
2007-08-03,-0.177,25.16,93.1039,95.7606,0.25
2007-08-06,,22.94,93.1112,95.833,0.26
2007-08-07,,21.56,93.3171,95.8601,0.21
2007-08-08,,21.45,93.0989,95.6992,0.2
2007-08-09,,26.48,93.441,95.9597,0.3
2007-08-10,-0.058,28.3,93.5214,96.2427,0.34
2007-08-13,,26.57,93.6032,96.1587,0.32
2007-08-14,,27.68,94.0416,96.494,0.34
2007-08-15,,30.67,94.5014,96.8351,0.42
2007-08-16,,30.83,94.9055,97.7924,0.52
2007-08-17,0.06,29.99,94.319,97.2658,0.5
2007-08-20,,26.33,94.2138,97.069,0.53
2007-08-21,,25.25,94.2676,97.1686,0.55
2007-08-22,,22.89,94.0998,96.8693,0.48
2007-08-23,,22.62,93.9827,96.8585,0.42
2007-08-24,0.154,20.72,93.6863,96.6483,0.33
2007-08-27,,22.72,93.6109,96.554,0.32
2007-08-28,,26.3,93.8394,96.7931,0.4
2007-08-29,,23.81,93.7174,96.7078,0.43
2007-08-30,,25.06,93.7324,96.6687,0.43
2007-08-31,0.206,23.38,93.6674,96.4944,0.39
2007-09-03,,,93.6691,96.4984,
2007-09-04,,22.78,93.6433,96.4986,0.43
2007-09-05,,24.58,93.5453,96.6908,0.45
2007-09-06,,23.99,93.4468,96.4624,0.43
2007-09-07,0.222,26.23,93.2939,96.649,0.48
2007-09-10,,27.38,93.2349,96.6601,0.47
2007-09-11,,25.27,92.9244,96.4144,0.42
2007-09-12,,24.96,92.6386,96.1787,0.46
2007-09-13,,24.76,92.6172,96.0386,0.41
2007-09-14,0.198,24.92,92.7083,96.1148,0.42
2007-09-17,,26.48,92.823,96.311,0.4
2007-09-18,,20.35,92.6584,96.1447,0.5
2007-09-19,,20.03,92.1534,95.5669,0.53
2007-09-20,,20.45,91.4212,95.3221,0.59
2007-09-21,0.142,19.0,91.4854,95.2555,0.58
2007-09-24,,19.37,91.4017,95.2001,0.58
2007-09-25,,18.6,91.3392,95.264,0.63
2007-09-26,,17.63,91.4335,95.1369,0.66
2007-09-27,,17.0,91.3497,95.0672,0.63
2007-09-28,0.077,18.0,90.9446,94.9144,0.62
2007-10-01,,17.84,90.8801,94.821,0.54
2007-10-02,,18.49,91.12,94.8413,0.56
2007-10-03,,18.8,91.1038,94.7058,0.53
2007-10-04,,18.44,91.1632,94.8,0.54
2007-10-05,0.017,16.91,90.7393,94.5594,0.57
2007-10-08,,17.46,90.748,94.5801,
2007-10-09,,16.12,90.8609,94.4064,0.52
2007-10-10,,16.67,90.7154,94.4508,0.5
2007-10-11,,18.88,90.4901,94.292,0.53
2007-10-12,-0.023,17.73,90.5945,94.3971,0.47
2007-10-15,,19.25,90.5387,94.4146,0.47
2007-10-16,,20.02,90.7123,94.5707,0.54
2007-10-17,,18.54,90.515,94.4707,0.57
2007-10-18,,18.5,90.3084,94.4854,0.59
2007-10-19,-0.03,22.96,90.1014,94.3729,0.61
2007-10-22,,21.64,90.6777,94.6208,0.57
2007-10-23,,20.41,90.1899,94.4732,0.6
2007-10-24,,20.8,90.2262,94.4985,0.62
2007-10-25,,21.17,89.9925,94.2955,0.63
2007-10-26,0.001,19.56,89.6508,94.0566,0.64
2007-10-29,,19.87,89.4118,93.7789,0.6
2007-10-30,,21.07,89.3252,93.7246,0.58
2007-10-31,,18.53,89.1389,93.5798,0.54
2007-11-01,,23.21,89.1628,93.5842,0.59
2007-11-02,0.067,23.01,88.8924,93.6693,0.65
2007-11-05,,24.31,88.8851,93.7362,0.66
2007-11-06,,21.39,88.4938,93.5368,0.68
2007-11-07,,26.49,88.0631,93.5305,0.73
2007-11-08,,26.16,88.2631,93.6485,0.81
2007-11-09,0.165,28.5,88.4615,93.8413,0.81
2007-11-12,,31.09,88.465,93.8499,
2007-11-13,,24.1,89.1016,94.0441,0.72
2007-11-14,,25.94,88.9671,93.8527,0.71
2007-11-15,,28.06,89.4413,94.1165,0.82
2007-11-16,0.276,25.49,89.3182,94.1308,0.82
2007-11-19,,26.01,89.5262,94.3418,0.89
2007-11-20,,24.88,89.2622,94.2004,0.92
2007-11-21,,26.84,89.3352,94.4813,1.01
2007-11-22,,,89.3269,94.4612,
2007-11-23,0.388,25.61,89.2384,94.3372,0.94
2007-11-26,,28.91,89.145,94.3601,0.91
2007-11-27,,26.28,89.4082,94.3689,0.9
2007-11-28,,24.11,89.4195,94.1451,0.86
2007-11-29,,23.97,89.3681,94.0301,0.88
2007-11-30,0.481,22.87,89.6212,93.8414,0.93
2007-12-03,,23.61,89.6403,93.9638,0.99
2007-12-04,,23.79,89.6672,94.0017,0.99
2007-12-05,,22.53,89.8751,93.7313,1.02
2007-12-06,,20.96,89.9268,93.7446,0.99
2007-12-07,0.544,20.85,89.74,93.5736,1.0
2007-12-10,,20.74,89.6811,93.5209,0.98
2007-12-11,,23.59,89.7176,93.4765,1.04
2007-12-12,,22.47,89.7349,93.4783,0.98
2007-12-13,,22.56,90.1374,93.5741,0.97
2007-12-14,0.572,23.27,90.4345,93.74,0.93
2007-12-17,,24.52,90.5363,94.0128,0.96
2007-12-18,,22.64,90.5602,93.9898,0.95
2007-12-19,,21.68,90.6147,93.9677,0.94
2007-12-20,,20.58,90.4695,93.9438,0.95
2007-12-21,0.562,18.47,90.3672,93.7581,0.99
2007-12-24,,18.6,90.1788,93.6337,0.99
2007-12-25,,,90.1786,93.6331,
2007-12-26,,18.66,89.9226,93.5792,0.99
2007-12-27,,20.26,89.684,93.5213,0.97
2007-12-28,0.523,20.74,89.4069,93.5288,0.99
2007-12-31,,22.5,89.6304,93.4692,0.99
2008-01-01,,,89.6297,93.4677,
2008-01-02,,23.17,89.3514,93.43,1.03
2008-01-03,,22.49,89.231,93.1922,1.08
2008-01-04,0.477,23.94,89.2467,93.2788,1.14
2008-01-07,,23.79,89.5718,93.3055,1.1
2008-01-08,,25.43,89.3398,93.1333,1.1
2008-01-09,,24.12,89.6807,93.2774,1.13
2008-01-10,,23.45,89.6226,93.2449,1.2
2008-01-11,0.433,23.68,89.5215,93.0197,1.23
2008-01-14,,22.9,89.2749,92.8573,1.23
2008-01-15,,23.34,89.1555,92.8211,1.19
2008-01-16,,24.38,89.6701,93.0587,1.23
2008-01-17,,28.46,89.6484,93.0946,1.22
2008-01-18,0.41,27.18,89.8993,93.3082,1.3
2008-01-21,,,89.9265,93.3719,
2008-01-22,,31.01,89.84,93.3232,1.44
2008-01-23,,29.02,89.9138,93.4641,1.42
2008-01-24,,27.78,89.203,93.0505,1.43
2008-01-25,0.417,29.08,89.2184,92.9002,1.38
2008-01-28,,27.78,88.9555,92.8216,1.41
2008-01-29,,27.32,88.8342,92.6359,1.4
2008-01-30,,27.62,88.7442,92.6189,1.48
2008-01-31,,26.2,88.6547,92.4228,1.5
2008-02-01,0.448,24.02,88.4824,92.3079,1.53
2008-02-04,,25.99,88.4788,92.2761,1.6
2008-02-05,,28.24,89.076,92.4722,1.68
2008-02-06,,28.97,88.9987,92.4162,1.65
2008-02-07,,27.66,89.4221,92.4445,1.75
2008-02-08,0.51,28.01,89.2226,92.4091,1.71
2008-02-11,,27.6,89.2149,92.4551,1.69
2008-02-12,,26.33,88.9539,92.2912,1.72
2008-02-13,,24.88,89.1382,92.3723,1.79
2008-02-14,,25.54,88.9055,92.2713,1.92
2008-02-15,0.595,25.02,88.9006,92.2391,1.85
2008-02-18,,,88.9004,92.2386,
2008-02-19,,25.59,88.9626,92.0591,1.83
2008-02-20,,24.4,89.2572,92.221,1.79
2008-02-21,,25.12,88.716,92.0169,1.79
2008-02-22,0.694,24.06,88.7082,91.9272,1.81
2008-02-25,,23.03,88.5373,92.0107,1.78
2008-02-26,,21.9,88.0998,91.7161,1.84
2008-02-27,,22.69,87.3353,91.3629,1.84
2008-02-28,,23.53,87.0363,91.1245,1.84
2008-02-29,0.794,26.54,87.1654,91.4093,1.88
2008-03-03,,26.28,87.2381,91.451,1.93
2008-03-04,,25.52,87.3039,91.4498,1.98
2008-03-05,,24.6,87.1347,91.33,2.04
2008-03-06,,27.55,86.9105,91.4397,2.09
2008-03-07,0.885,27.49,87.1258,91.7364,2.03
2008-03-10,,29.38,87.1452,91.8264,1.99
2008-03-11,,26.36,87.1763,91.6002,1.86
2008-03-12,,27.22,86.728,91.4433,1.86
2008-03-13,,27.29,86.3891,91.4984,1.93
2008-03-14,0.946,31.16,86.4301,91.6134,1.97
2008-03-17,,32.24,86.3417,91.8496,1.99
2008-03-18,,25.79,86.1191,91.4239,1.9
2008-03-19,,29.84,86.5755,91.3437,1.84
2008-03-20,,26.62,87.3293,91.6021,1.75
2008-03-21,0.97,,87.2111,91.4291,
2008-03-24,,25.73,87.3103,91.3834,1.72
2008-03-25,,25.72,86.8339,91.205,1.72
2008-03-26,,26.08,86.5513,91.2178,1.8
2008-03-27,,25.88,86.4583,91.1554,1.83
2008-03-28,0.949,25.71,86.6369,91.2291,1.8
2008-03-31,,25.61,86.6881,91.1059,1.83
2008-04-01,,22.68,87.0276,90.9518,1.77
2008-04-02,,23.43,86.8886,90.8465,1.72
2008-04-03,,23.21,86.6424,90.9393,1.7
2008-04-04,0.895,22.45,86.5108,90.8737,1.67
2008-04-07,,22.42,86.603,90.747,1.62
2008-04-08,,22.36,86.7369,90.8015,1.71
2008-04-09,,22.81,86.5764,90.7345,1.72
2008-04-10,,21.98,86.5131,90.499,1.71
2008-04-11,0.821,23.46,86.5029,90.5596,1.73
2008-04-14,,23.82,86.3492,90.4138,1.75
2008-04-15,,22.78,86.4705,90.5153,1.76
2008-04-16,,20.53,85.9037,90.3461,1.74
2008-04-17,,20.37,86.1077,90.3152,1.62
2008-04-18,0.738,20.13,86.5277,90.4479,1.58
2008-04-21,,20.5,86.2979,90.5342,1.55
2008-04-22,,20.87,85.927,90.4013,1.5
2008-04-23,,20.26,86.3841,90.3071,1.55
2008-04-24,,20.06,86.7154,90.4364,1.46
2008-04-25,0.652,19.59,86.8337,90.5655,1.47
2008-04-28,,19.64,86.7635,90.4997,1.5
2008-04-29,,20.24,86.873,90.7714,1.5
2008-04-30,,20.79,86.8907,90.7168,1.48
2008-05-01,,18.88,87.1347,90.6166,1.41
2008-05-02,0.576,18.18,87.2311,90.5623,1.42
2008-05-05,,18.9,87.0636,90.5577,1.46
2008-05-06,,18.21,86.847,90.6859,1.55
2008-05-07,,19.73,87.3421,91.1074,1.56
2008-05-08,,19.4,87.4575,91.2989,1.54
2008-05-09,0.522,19.41,87.2528,91.3617,1.52
2008-05-12,,17.79,87.0403,91.1567,1.48
2008-05-13,,17.98,87.1332,91.2282,1.43
2008-05-14,,17.66,87.3659,91.3938,1.39
2008-05-15,,16.3,87.1823,91.2504,1.38
2008-05-16,0.49,16.47,86.7855,90.9483,1.38
2008-05-19,,17.01,86.8225,90.8016,1.41
2008-05-20,,17.58,86.5627,90.927,1.44
2008-05-21,,18.59,86.1595,90.6417,1.4
2008-05-22,,18.05,86.3223,90.6909,1.36
2008-05-23,0.485,19.55,86.1922,90.7269,1.39
2008-05-26,,,86.19,90.7217,
2008-05-27,,19.64,86.4459,90.8223,1.38
2008-05-28,,19.07,86.4951,90.6105,1.41
2008-05-29,,18.14,86.5616,90.4276,1.41
2008-05-30,0.507,17.83,86.5504,90.3024,1.4
2008-06-02,,19.83,86.6321,90.3029,1.47
2008-06-03,,20.24,86.8359,90.2137,1.47
2008-06-04,,20.8,87.0999,90.513,1.51
2008-06-05,,18.63,87.0968,90.4731,1.54
2008-06-06,0.552,23.56,86.8028,90.539,1.54
2008-06-09,,23.12,86.9096,90.5268,1.29
2008-06-10,,23.18,87.4705,90.71,1.2
2008-06-11,,24.12,87.2059,90.7536,1.27
2008-06-12,,23.33,87.6187,90.7272,1.2
2008-06-13,0.607,21.22,87.7622,90.7651,1.22
2008-06-16,,20.95,87.3911,90.5123,1.23
2008-06-17,,21.13,87.2103,90.2231,1.29
2008-06-18,,22.24,87.1872,90.195,1.27
2008-06-19,,21.58,87.0815,90.2556,1.23
2008-06-20,0.663,22.87,86.9036,90.169,1.28
2008-06-23,,22.64,87.2163,90.364,1.21
2008-06-24,,22.42,86.9666,90.2768,1.23
2008-06-25,,21.14,87.0535,90.2998,1.3
2008-06-26,,23.93,86.6793,90.2695,1.39
2008-06-27,0.715,23.44,86.643,90.4501,1.34
2008-06-30,,23.95,86.7621,90.4731,1.36
2008-07-01,,23.65,86.8447,90.7144,1.38
2008-07-02,,25.92,86.4782,90.4351,1.39
2008-07-03,,24.79,86.8843,90.4375,1.45
2008-07-04,0.747,,86.8781,90.4229,
2008-07-07,,25.78,86.9617,90.3157,1.48
2008-07-08,,23.15,86.9778,90.2837,1.44
2008-07-09,,25.23,86.5335,89.9614,1.44
2008-07-10,,25.59,86.5122,90.0105,1.39
2008-07-11,0.756,27.49,86.221,89.9657,1.37
2008-07-14,,28.48,86.1079,89.8888,1.43
2008-07-15,,28.54,85.8731,89.8521,1.48
2008-07-16,,25.1,85.9285,89.7194,1.53
2008-07-17,,25.01,85.9387,89.6188,1.49
2008-07-18,0.746,24.05,86.0735,89.6155,1.45
2008-07-21,,23.05,86.0151,89.6592,1.43
2008-07-22,,21.18,86.1909,89.5483,1.4
2008-07-23,,21.31,86.2664,89.3369,1.35
2008-07-24,,23.44,86.4017,89.2928,1.42
2008-07-25,0.718,22.91,86.3916,89.1519,1.43
2008-07-28,,24.23,86.4666,89.43,1.47
2008-07-29,,22.03,86.8175,89.4227,1.44
2008-07-30,,21.21,86.8167,89.389,1.43
2008-07-31,,22.94,86.8567,89.4899,1.47
2008-08-01,0.687,22.57,86.8257,89.3981,1.46
2008-08-04,,23.49,87.0611,89.4053,1.45
2008-08-05,,21.14,87.3281,89.406,1.5
2008-08-06,,20.23,87.6004,89.4717,1.5
2008-08-07,,21.15,87.8732,89.7483,1.49
2008-08-08,0.672,20.66,88.8939,90.3387,1.43
2008-08-11,,20.12,89.035,90.368,1.43
2008-08-12,,21.17,89.1916,90.5792,1.46
2008-08-13,,21.55,89.3211,90.7239,1.44
2008-08-14,,20.34,89.3675,90.6993,1.44
2008-08-15,0.68,19.58,89.7244,90.9134,1.44
2008-08-18,,20.98,89.5966,90.8318,1.47
2008-08-19,,21.28,89.6465,91.0308,1.51
2008-08-20,,20.42,89.6977,90.8385,1.54
2008-08-21,,19.82,88.9128,90.5561,1.51
2008-08-22,0.735,18.81,89.2381,90.6387,1.45
2008-08-25,,20.97,89.3094,90.9422,1.46
2008-08-26,,20.49,89.7007,91.0335,1.44
2008-08-27,,19.76,89.6419,90.9368,1.46
2008-08-28,,19.43,89.8225,91.217,1.42
2008-08-29,0.843,20.65,90.0567,91.4021,1.47
2008-09-01,,,90.08,91.4553,
2008-09-02,,21.99,90.8438,92.1942,1.48
2008-09-03,,21.43,90.8286,92.4207,1.45
2008-09-04,,24.03,91.1621,92.6517,1.44
2008-09-05,1.01,23.06,91.341,92.8532,1.43
2008-09-08,,22.64,91.663,92.63,1.36
2008-09-09,,25.47,91.5779,92.8451,1.39
2008-09-10,,24.52,92.1283,93.1642,1.43
2008-09-11,,24.39,92.4901,93.6361,1.46
2008-09-12,1.23,25.66,91.4706,92.9339,1.51
2008-09-15,,31.7,91.757,93.6696,1.69
2008-09-16,,30.3,92.0594,94.0457,1.59
2008-09-17,,36.22,92.0982,94.218,1.77
2008-09-18,,33.1,91.7111,94.5084,1.76
2008-09-19,1.512,32.07,91.0014,93.4396,1.62
2008-09-22,,33.85,90.1119,93.0406,1.7
2008-09-23,,35.72,90.1221,93.3965,1.74
2008-09-24,,35.19,90.4602,93.8379,1.77
2008-09-25,,32.82,90.4651,93.7263,1.72
2008-09-26,1.793,34.74,90.6872,94.0829,1.74
2008-09-29,,46.72,91.3961,94.7358,1.91
2008-09-30,,39.39,92.3773,94.8675,1.85
2008-10-01,,39.81,92.511,95.0667,1.95
2008-10-02,,45.26,93.3792,95.7517,2.04
2008-10-03,2.073,45.14,93.5414,95.8391,2.03
2008-10-06,,52.05,95.1629,97.9849,2.05
2008-10-07,,53.68,95.4889,99.1858,2.03
2008-10-08,,57.53,96.9684,102.146,2.07
2008-10-09,,63.92,96.5143,100.0357,2.19
2008-10-10,2.325,69.95,97.999,101.3589,2.27
2008-10-13,,54.99,97.9686,101.2877,
2008-10-14,,55.13,96.2544,99.001,2.26
2008-10-15,,69.25,97.2045,100.1546,2.4
2008-10-16,,67.61,98.368,101.8109,2.38
2008-10-17,2.522,70.33,97.7255,100.9025,2.34
2008-10-20,,52.97,98.1605,100.6261,2.2
2008-10-21,,53.11,99.4242,101.9028,2.18
2008-10-22,,69.65,101.2131,103.7906,2.12
2008-10-23,,67.8,101.1071,103.6683,2.09
2008-10-24,2.666,79.13,101.8442,104.1996,2.19
2008-10-27,,80.06,102.3415,103.5856,2.2
2008-10-28,,66.96,102.4236,103.5964,2.24
2008-10-29,,69.96,100.0967,102.3745,2.35
2008-10-30,,62.9,99.4568,101.0788,2.41
2008-10-31,2.79,59.89,99.7662,101.0073,2.45
2008-11-03,,53.68,99.4345,101.0867,2.51
2008-11-04,,47.73,97.9957,100.145,2.42
2008-11-05,,54.56,98.0953,100.4372,2.37
2008-11-06,,63.68,99.5364,101.6843,2.47
2008-11-07,2.885,56.1,99.3944,101.3041,2.5
2008-11-10,,59.98,99.5897,101.2144,2.55
2008-11-11,,61.44,99.6041,101.2476,
2008-11-12,,66.46,101.1947,102.6907,2.56
2008-11-13,,59.83,101.774,103.4648,2.6
2008-11-14,2.967,66.31,100.9705,102.7365,2.5
2008-11-17,,69.15,101.1029,103.1172,2.46
2008-11-18,,67.64,101.3965,103.5109,2.38
2008-11-19,,74.26,101.8804,103.8846,2.29
2008-11-20,,80.86,103.2737,105.0782,2.1
2008-11-21,3.044,72.67,103.6289,105.8386,2.11
2008-11-24,,64.7,101.502,104.672,2.04
2008-11-25,,60.9,100.7997,104.1167,1.96
2008-11-26,,54.92,101.2566,103.7813,1.9
2008-11-27,,,101.2564,103.7808,
2008-11-28,3.071,55.84,101.6468,104.2278,1.93
2008-12-01,,68.51,102.1744,105.0103,1.82
2008-12-02,,62.98,101.9891,104.8936,1.78
2008-12-03,,60.72,102.4251,105.0991,1.8
2008-12-04,,63.64,102.0715,105.2227,1.73
2008-12-05,3.064,59.93,103.4902,106.0804,1.74
2008-12-08,,58.49,101.7227,104.7948,1.8
2008-12-09,,58.91,101.7346,104.6542,1.83
2008-12-10,,55.73,101.2913,104.119,1.83
2008-12-11,,55.78,99.5101,102.6172,1.85
2008-12-12,3.0,54.28,100.319,103.7717,1.82
2008-12-15,,56.76,99.1001,103.0062,1.78
2008-12-16,,52.37,98.4771,102.6818,1.72
2008-12-17,,49.84,96.8227,102.1626,1.47
2008-12-18,,47.34,96.8447,101.6594,1.4
2008-12-19,2.876,44.93,98.1278,101.8394,1.39
2008-12-22,,44.56,98.1643,102.3738,1.29
2008-12-23,,45.02,98.2698,102.6215,1.28
2008-12-24,,44.21,98.2249,102.5483,1.3
2008-12-25,,,98.2419,102.5885,
2008-12-26,2.717,43.38,98.2594,102.7549,1.27
2008-12-29,,43.9,97.9359,102.9499,1.35
2008-12-30,,41.63,98.3833,103.0199,1.36
2008-12-31,,40.0,98.6518,103.1185,1.49
2009-01-01,,,,,
2009-01-02,2.565,39.19,98.6008,103.4126,1.58
2009-01-05,,39.08,98.9195,102.9638,1.71
2009-01-06,,38.56,98.7871,102.4709,1.71
2009-01-07,,43.39,98.089,102.5726,1.7
2009-01-08,,42.56,98.3223,103.1101,1.64
2009-01-09,2.412,42.82,98.8752,103.6498,1.68
2009-01-12,,45.84,99.6022,104.0255,1.6
2009-01-13,,43.27,100.3597,104.1318,1.57
2009-01-14,,49.14,100.7546,104.7158,1.51
2009-01-15,,51.0,101.4653,105.1816,1.5
2009-01-16,2.289,46.11,100.711,104.3559,1.63
2009-01-19,,,,,
2009-01-20,,56.65,,,1.67
2009-01-21,,46.42,102.1007,104.7762,1.78
2009-01-22,,47.29,101.8432,104.8323,1.87
2009-01-23,2.2,47.27,102.1096,105.214,1.82
2009-01-26,,45.69,100.9764,104.8573,1.85
2009-01-27,,42.25,101.1702,105.3856,1.72
2009-01-28,,39.66,100.5461,105.0906,1.82
2009-01-29,,42.63,101.3398,105.3454,1.92
2009-01-30,2.14,44.84,102.1169,105.8469,1.93
2009-02-02,,45.52,102.5067,106.376,1.87
2009-02-03,,43.06,101.8506,106.3771,1.93
2009-02-04,,43.85,101.9056,106.0682,1.97
2009-02-05,,43.73,101.9517,105.8552,1.97
2009-02-06,2.111,43.37,101.7455,105.3426,2.06
2009-02-09,,43.64,100.9637,105.2433,2.02
2009-02-10,,46.67,101.7094,105.8347,1.98
2009-02-11,,44.53,102.24,106.1943,1.85
2009-02-12,,41.25,102.598,106.4216,1.86
2009-02-13,2.112,42.93,102.2958,106.0987,1.92
2009-02-16,,,,,
2009-02-17,,48.66,103.7625,107.2168,1.77
2009-02-18,,48.46,104.0385,107.4794,1.77
2009-02-19,,47.08,103.7656,107.4503,1.84
2009-02-20,2.129,49.3,104.0244,108.2962,1.82
2009-02-23,,52.62,103.7416,108.1065,1.82
2009-02-24,,45.49,103.9829,108.191,1.77
2009-02-25,,44.67,104.3086,108.3884,1.86
2009-02-26,,44.66,104.1813,108.4292,1.9
2009-02-27,2.145,46.35,104.9284,108.9521,2.02
2009-03-02,,52.65,105.9617,110.1208,2.02
2009-03-03,,50.93,106.0249,109.901,2.02
2009-03-04,,47.56,105.4558,109.3408,2.04
2009-03-05,,50.17,105.8064,109.7391,1.93
2009-03-06,2.149,49.33,105.3937,109.434,1.92
2009-03-09,,49.68,106.0182,109.6802,1.93
2009-03-10,,44.37,105.1153,109.0262,1.98
2009-03-11,,43.61,104.8499,108.535,1.92
2009-03-12,,41.18,104.89,108.2756,1.86
2009-03-13,2.112,42.36,104.1106,107.5379,1.91
2009-03-16,,43.74,103.2005,106.1461,1.97
2009-03-17,,40.8,103.2305,105.9241,1.97
2009-03-18,,40.06,103.0005,106.0984,1.69
2009-03-19,,43.68,100.3951,105.3031,1.74
2009-03-20,2.039,45.89,101.0581,105.512,1.76
2009-03-23,,43.23,101.103,105.6891,1.75
2009-03-24,,42.93,101.0319,105.6814,1.75
2009-03-25,,42.25,100.9674,105.5522,1.85
2009-03-26,,40.36,101.097,105.4628,1.86
2009-03-27,1.934,41.04,101.8388,105.8384,1.88
2009-03-30,,45.54,102.749,106.5218,1.89
2009-03-31,,44.14,102.3761,106.035,1.9
2009-04-01,,42.28,102.1252,105.3539,1.85
2009-04-02,,42.04,100.8733,104.51,1.89
2009-04-03,1.809,39.7,100.6429,104.087,1.95
2009-04-06,,40.93,100.9428,103.9608,2.01
2009-04-07,,40.39,100.9808,104.0227,2.02
2009-04-08,,38.85,100.8948,103.8389,1.93
2009-04-09,,36.53,100.7988,103.1851,2.0
2009-04-10,1.669,,100.7597,103.1326,
2009-04-13,,37.81,100.1369,103.0336,1.99
2009-04-14,,37.67,99.9097,102.8311,1.94
2009-04-15,,36.17,100.1497,103.1359,1.96
2009-04-16,,35.79,100.0517,102.8185,1.95
2009-04-17,1.526,33.94,100.5719,102.9258,1.99
2009-04-20,,39.18,101.448,103.6398,1.95
2009-04-21,,37.14,101.1794,103.3972,1.98
2009-04-22,,38.1,101.1142,103.3396,1.98
2009-04-23,,37.15,101.0065,103.6369,1.99
2009-04-24,1.386,36.82,100.0244,103.2139,2.04
2009-04-27,,38.32,100.7258,104.2542,2.05
2009-04-28,,37.95,101.3145,104.7747,2.1
2009-04-29,,36.08,100.0009,103.7658,2.18
2009-04-30,,36.5,100.1042,103.6122,2.25
2009-05-01,1.251,35.3,100.0057,103.6726,2.29
2009-05-04,,34.53,99.134,102.5318,2.25
2009-05-05,,33.36,98.8529,102.1726,2.22
2009-05-06,,32.45,98.9044,102.1769,2.22
2009-05-07,,33.44,98.552,101.7326,2.29
2009-05-08,1.126,32.05,98.1269,101.5896,2.29
2009-05-11,,32.87,97.747,101.4808,2.25
2009-05-12,,31.8,97.8269,101.7133,2.27
2009-05-13,,33.65,98.0276,102.0641,2.22
2009-05-14,,31.37,98.1271,102.2131,2.23
2009-05-15,1.025,33.12,98.1063,101.934,2.26
2009-05-18,,30.24,97.9412,101.6469,2.29
2009-05-19,,28.8,97.2827,101.0456,2.34
2009-05-20,,29.03,96.5707,100.7315,2.32
2009-05-21,,31.35,96.6039,101.1045,2.46
2009-05-22,0.941,32.63,95.8788,100.9916,2.53
2009-05-25,,,,,
2009-05-26,,30.62,95.988,101.2686,2.54
2009-05-27,,32.36,95.9622,101.2956,2.75
2009-05-28,,31.67,96.1313,101.3588,2.7
2009-05-29,0.881,28.92,95.268,100.9825,2.55
2009-06-01,,30.04,94.8107,100.5838,2.74
2009-06-02,,29.63,94.6556,100.8382,2.69
2009-06-03,,31.02,95.0751,100.9173,2.65
2009-06-04,,30.18,95.2922,100.9769,2.76
2009-06-05,0.834,29.62,96.0412,101.0845,2.52
2009-06-08,,29.77,96.6548,101.6644,2.49
2009-06-09,,28.27,95.9537,101.5997,2.53
2009-06-10,,28.46,96.1277,101.7232,2.6
2009-06-11,,28.11,95.4993,101.3588,2.53
2009-06-12,0.798,28.15,95.836,101.239,2.51
2009-06-15,,30.81,96.7519,101.5691,2.5
2009-06-16,,32.68,96.2616,101.3226,2.44
2009-06-17,,31.54,96.64,101.853,2.49
2009-06-18,,30.03,96.1482,101.4866,2.58
2009-06-19,0.767,27.99,96.0325,101.4756,2.54
2009-06-22,,31.17,96.8818,101.8389,2.55
2009-06-23,,30.58,96.5196,101.7874,2.51
2009-06-24,,29.05,96.2369,101.4767,2.53
2009-06-25,,26.36,96.7072,101.6502,2.43
2009-06-26,0.73,25.93,96.1935,101.3676,2.42
2009-06-29,,25.35,96.242,101.266,2.4
2009-06-30,,26.35,96.3761,101.1376,2.42
2009-07-01,,26.22,95.6581,100.7522,2.5
2009-07-02,,27.95,96.3216,101.0881,2.53
2009-07-03,0.684,,,,
2009-07-06,,29.0,96.6174,101.4472,2.56
2009-07-07,,30.85,96.6321,101.441,2.49
2009-07-08,,31.3,97.0204,102.0371,2.42
2009-07-09,,29.78,96.6219,102.1473,2.5
2009-07-10,0.629,29.02,97.0819,102.6856,2.41
2009-07-13,,26.31,96.9995,102.9483,2.46
2009-07-14,,25.02,96.6599,102.6753,2.53
2009-07-15,,25.89,95.8004,101.881,2.6
2009-07-16,,25.42,95.7241,101.8078,2.59
2009-07-17,0.562,24.34,95.6036,101.3876,2.65
2009-07-20,,24.4,95.0903,100.9748,2.62
2009-07-21,,23.87,95.0564,100.975,2.54
2009-07-22,,23.47,94.8659,100.8985,2.6
2009-07-23,,23.43,94.532,100.6119,2.64
2009-07-24,0.491,23.09,94.7046,100.7603,2.65
2009-07-27,,24.28,94.6659,100.6802,2.67
2009-07-28,,25.01,94.5592,100.7003,2.6
2009-07-29,,25.61,95.1678,100.9576,2.52
2009-07-30,,25.4,94.8967,100.7047,2.48
2009-07-31,0.422,25.92,94.2526,100.5119,2.39
2009-08-03,,25.56,93.6331,100.1361,2.48
2009-08-04,,24.89,93.7281,100.1152,2.5
2009-08-05,,24.9,93.7848,100.178,2.57
2009-08-06,,25.67,93.9358,100.0385,2.57
2009-08-07,0.362,24.76,94.4692,99.9494,2.57
2009-08-10,,24.99,94.6087,100.0164,2.56
2009-08-11,,25.99,94.8678,100.3539,2.5
2009-08-12,,25.45,94.5394,100.252,2.54
2009-08-13,,24.71,94.2392,99.9619,2.47
2009-08-14,0.313,24.27,94.475,100.0615,2.48
2009-08-17,,27.89,95.1024,100.5756,2.44
2009-08-18,,26.18,95.1118,100.4874,2.45
2009-08-19,,26.26,94.4084,100.2517,2.44
2009-08-20,,25.09,94.3492,100.1445,2.39
2009-08-21,0.272,25.01,94.0103,99.9023,2.43
2009-08-24,,25.14,93.9345,99.9402,2.43
2009-08-25,,24.92,93.9066,100.0711,2.4
2009-08-26,,24.95,94.8662,100.7935,2.38
2009-08-27,,24.68,94.7943,100.9896,2.43
2009-08-28,0.235,24.76,94.4489,100.9325,2.45
2009-08-31,,26.01,94.6202,101.1271,2.43
2009-09-01,,29.15,95.2201,101.6593,2.46
2009-09-02,,28.9,95.1575,101.6723,2.4
2009-09-03,,27.1,94.959,101.4939,2.42
2009-09-04,0.202,25.26,94.5811,101.0771,2.51
2009-09-07,,,,,
2009-09-08,,25.62,93.7323,100.5722,2.54
2009-09-09,,24.32,93.6915,100.7804,2.55
2009-09-10,,23.55,93.6947,100.7321,2.46
2009-09-11,0.169,24.15,93.3225,100.4882,2.44
2009-09-14,,23.86,93.6196,100.697,2.48
2009-09-15,,23.42,93.4427,100.4682,2.51
2009-09-16,,23.69,92.9072,99.9119,2.47
2009-09-17,,23.65,92.8287,100.0105,2.44
2009-09-18,0.136,23.92,93.1233,100.0025,2.46
2009-09-21,,24.06,93.3547,100.17,2.47
2009-09-22,,23.08,92.8664,99.999,2.44
2009-09-23,,23.49,92.979,99.9376,2.48
2009-09-24,,24.95,93.4708,100.2041,2.47
2009-09-25,0.107,25.61,93.5535,100.3126,2.36
2009-09-28,,24.88,93.4669,100.2556,2.33
2009-09-29,,25.19,93.7776,100.4227,2.31
2009-09-30,,25.61,93.1907,100.0426,2.36
2009-10-01,,28.27,93.5995,100.3626,2.34
2009-10-02,0.085,28.68,93.6756,100.463,2.36
2009-10-05,,26.84,93.3356,100.2308,2.36
2009-10-06,,25.7,92.619,99.6838,2.36
2009-10-07,,24.68,92.794,99.6434,2.34
2009-10-08,,24.18,92.2074,99.1918,2.37
2009-10-09,0.064,23.12,92.2984,99.1427,2.42
2009-10-12,,23.01,,,
2009-10-13,,22.99,91.8273,98.8919,2.43
2009-10-14,,22.86,91.5047,98.5121,2.49
2009-10-15,,21.72,91.4367,98.5403,2.52
2009-10-16,0.047,21.43,91.6541,98.574,2.46
2009-10-19,,21.49,91.4406,98.6342,2.42
2009-10-20,,20.9,91.801,98.6734,2.4
2009-10-21,,22.22,91.3805,98.4979,2.42
2009-10-22,,20.69,91.6075,98.7046,2.47
2009-10-23,0.034,22.27,91.7331,98.7275,2.47
2009-10-26,,24.31,92.0998,98.8965,2.53
2009-10-27,,24.83,92.5335,99.3607,2.5
2009-10-28,,27.91,92.8152,99.5993,2.49
2009-10-29,,24.76,92.4708,99.3078,2.55
2009-10-30,0.026,30.69,92.6207,99.2753,2.51
2009-11-02,,29.78,92.4501,99.1678,2.53
2009-11-03,,28.81,92.9037,99.7421,2.58
2009-11-04,,27.72,92.3725,99.3733,2.66
2009-11-05,,25.43,92.3437,99.4468,2.67
2009-11-06,0.017,24.19,92.3848,99.4053,2.68
2009-11-09,,23.15,91.6861,98.9768,2.65
2009-11-10,,22.84,91.6659,98.9418,2.65
2009-11-11,,23.04,,,
2009-11-12,,24.24,91.9461,99.0627,2.63
2009-11-13,0.005,23.36,91.5754,98.5806,2.61
2009-11-16,,22.89,91.194,98.3068,2.55
2009-11-17,,22.41,91.7419,98.5739,2.55
2009-11-18,,21.63,91.249,98.2726,2.59
2009-11-19,,22.63,91.7827,98.7318,2.62
2009-11-20,-0.009,22.19,91.9906,98.783,2.61
2009-11-23,,21.16,91.4864,98.4632,2.6
2009-11-24,,20.47,91.5539,98.3704,2.59
2009-11-25,,20.48,90.9669,98.1255,2.55
2009-11-26,,,,,
2009-11-27,-0.028,24.85,91.5272,98.5753,2.53
2009-11-30,,24.51,91.3717,98.5505,2.54
2009-12-01,,21.92,90.8323,98.2149,2.61
2009-12-02,,21.12,90.8906,98.0427,2.6
2009-12-03,,22.46,90.9152,97.6998,2.65
2009-12-04,-0.053,21.25,91.3806,97.8153,2.64
2009-12-07,,22.1,91.5414,97.9732,2.66
2009-12-08,,23.69,91.9513,98.4293,2.67
2009-12-09,,22.66,92.014,98.7294,2.69
2009-12-10,,22.32,92.0073,98.7717,2.71
2009-12-11,-0.084,21.59,92.2946,98.6195,2.72
2009-12-14,,21.15,92.0305,98.2957,2.69
2009-12-15,,21.49,92.3635,98.2131,2.72
2009-12-16,,20.54,92.1496,98.2353,2.76
2009-12-17,,22.51,93.225,99.0267,2.73
2009-12-18,-0.117,21.68,93.1632,98.8459,2.73
2009-12-21,,20.49,,,2.8
2009-12-22,,19.54,93.2903,99.051,2.81
2009-12-23,,19.71,92.9295,98.8748,2.81
2009-12-24,,19.47,92.8694,98.754,2.82
2009-12-25,-0.148,,,,
2009-12-28,,19.93,92.6993,98.7343,2.76
2009-12-29,,20.01,92.8838,99.0267,2.73
2009-12-30,,19.96,93.0872,98.9685,2.72
2009-12-31,,21.68,92.9124,98.8726,2.71
2010-01-01,-0.173,,,,
2010-01-04,,20.04,92.3566,98.2837,2.76
2010-01-05,,19.35,92.2236,98.0552,2.76
2010-01-06,,19.16,92.0941,97.7616,2.84
2010-01-07,,19.06,92.3684,97.8286,2.82
2010-01-08,-0.193,18.13,92.1485,97.6711,2.87
2010-01-11,,17.55,91.5997,97.3603,2.9
2010-01-12,,18.25,91.7005,97.5291,2.82
2010-01-13,,17.85,91.7272,97.6616,2.83
2010-01-14,,17.63,91.5864,97.6073,2.82
2010-01-15,-0.202,17.91,91.7668,97.5814,2.81
2010-01-18,,,,,
2010-01-19,,17.58,91.9611,97.6003,2.8
2010-01-20,,18.68,92.6766,98.0417,2.76
2010-01-21,,22.27,92.6627,98.1354,2.75
2010-01-22,-0.201,27.31,92.943,98.6154,2.78
2010-01-25,,25.41,92.9099,98.5159,2.8
2010-01-26,,24.55,93.3298,98.8736,2.78
2010-01-27,,23.14,93.2835,98.8923,2.76
2010-01-28,,23.73,93.2635,98.8227,2.81
2010-01-29,-0.197,24.62,93.7638,99.0731,2.81
2010-02-01,,22.59,93.7321,98.9768,2.82
2010-02-02,,21.48,93.4136,98.6603,2.81
2010-02-03,,21.6,93.6268,98.8067,2.85
2010-02-04,,26.08,94.1401,99.2497,2.82
2010-02-05,-0.193,26.11,94.6218,99.6989,2.82
2010-02-08,,26.51,,,2.83
2010-02-09,,26.0,,,2.83
2010-02-10,,25.4,,,2.81
2010-02-11,,23.96,,,2.82
2010-02-12,-0.196,22.73,93.9976,99.0317,2.85
2010-02-15,,,,,
2010-02-16,,22.25,93.482,98.6203,2.84
2010-02-17,,21.72,93.7171,98.5988,2.87
2010-02-18,,20.63,93.8752,98.5685,2.89
2010-02-19,-0.213,20.02,93.9569,98.5636,2.83
2010-02-22,,19.94,93.7402,98.4211,2.89
2010-02-23,,21.37,93.9794,98.6388,2.82
2010-02-24,,20.27,93.9775,98.6388,2.83
2010-02-25,,20.1,94.3797,98.7967,2.82
2010-02-26,-0.242,19.5,93.6602,98.401,2.8
2010-03-01,,19.26,93.7979,98.2794,2.81
2010-03-02,,19.06,93.488,98.1065,2.82
2010-03-03,,18.83,92.9861,97.9064,2.81
2010-03-04,,18.72,93.4079,98.0562,2.75
2010-03-05,-0.281,17.42,93.2623,97.7994,2.78
2010-03-08,,17.79,93.2446,97.7411,2.82
2010-03-09,,17.92,93.1941,97.7042,2.82
2010-03-10,,18.57,93.0426,97.4983,2.81
2010-03-11,,18.06,93.0533,97.5586,2.76
2010-03-12,-0.327,17.58,92.6616,97.3332,2.74
2010-03-15,,18.0,92.9642,97.4779,2.75
2010-03-16,,17.69,92.595,97.355,2.73
2010-03-17,,16.91,92.4446,97.1966,2.7
2010-03-18,,16.62,92.7451,97.2882,2.7
2010-03-19,-0.373,16.97,93.0407,97.5002,2.68
2010-03-22,,16.87,93.1333,97.7042,2.66
2010-03-23,,16.35,93.006,97.4772,2.67
2010-03-24,,17.55,93.6468,97.5525,2.76
2010-03-25,,18.4,93.5885,97.5347,2.81
2010-03-26,-0.414,17.77,93.6873,97.6182,2.82
2010-03-29,,17.59,93.2959,97.2987,2.84
2010-03-30,,17.13,93.2627,97.1493,2.82
2010-03-31,,17.59,92.8987,96.8482,2.82
2010-04-01,,17.47,92.6661,96.7405,2.84
2010-04-02,-0.442,,92.9057,96.6935,2.85
2010-04-05,,17.02,92.6644,96.5576,2.83
2010-04-06,,16.23,92.7373,96.4971,2.84
2010-04-07,,16.62,92.7452,96.4393,2.83
2010-04-08,,16.48,92.7211,96.4881,2.82
2010-04-09,-0.454,16.14,92.4772,96.2353,2.82
2010-04-12,,15.58,92.243,96.2181,2.8
2010-04-13,,16.2,92.2689,96.3552,2.77
2010-04-14,,15.59,91.9297,96.1163,2.81
2010-04-15,,15.89,92.2029,96.122,2.82
2010-04-16,-0.442,18.36,92.5253,96.3255,2.81
2010-04-19,,17.34,92.8577,96.6421,2.82
2010-04-20,,15.73,92.4338,96.3199,2.77
2010-04-21,,16.32,92.4482,96.1677,2.74
2010-04-22,,16.47,92.7277,96.4015,2.73
2010-04-23,-0.407,16.62,92.6622,96.2235,2.74
2010-04-26,,17.47,92.5187,96.0057,2.74
2010-04-27,,22.81,93.0956,96.3945,2.68
2010-04-28,,21.08,93.4856,96.8038,2.77
2010-04-29,,18.44,92.9013,96.2568,2.75
2010-04-30,-0.348,22.05,92.8423,96.1307,2.72
2010-05-03,,20.19,93.235,96.3874,2.72
2010-05-04,,23.84,93.8137,96.7844,2.67
2010-05-05,,24.91,94.3968,97.4181,2.7
2010-05-06,,32.8,95.3032,98.3076,2.66
2010-05-07,-0.271,40.95,95.2952,98.3918,2.62
2010-05-10,,28.84,94.3096,97.2314,2.7
2010-05-11,,28.32,94.4305,97.2796,2.71
2010-05-12,,25.52,94.5515,97.1851,2.67
2010-05-13,,26.68,94.5071,96.914,2.68
2010-05-14,-0.195,31.24,95.3746,97.5271,2.65
2010-05-17,,30.84,95.9795,98.1037,2.66
2010-05-18,,33.55,95.6212,97.7403,2.62
2010-05-19,,35.32,96.5083,98.8487,2.56
2010-05-20,,45.79,96.9483,99.641,2.49
2010-05-21,-0.122,40.1,96.2911,99.2769,2.44
2010-05-24,,38.32,96.6433,99.3433,2.46
2010-05-25,,34.61,97.5487,100.2312,2.37
2010-05-26,,35.02,97.1879,99.7116,2.39
2010-05-27,,29.68,96.3611,99.0738,2.47
2010-05-28,-0.067,32.07,96.3062,98.8593,2.55
2010-05-31,,,,,
2010-06-01,,35.54,96.6123,99.3003,2.51
2010-06-02,,30.17,96.615,99.1151,2.53
2010-06-03,,29.46,96.461,98.7157,2.57
2010-06-04,-0.036,35.48,97.1688,99.1556,2.48
2010-06-07,,36.57,97.503,99.6077,2.43
2010-06-08,,33.7,97.3425,99.5642,2.44
2010-06-09,,33.73,96.8938,99.3209,2.46
2010-06-10,,30.57,96.4877,99.0836,2.54
2010-06-11,-0.027,28.79,96.5616,98.8984,2.49
2010-06-14,,28.58,95.8082,98.4562,2.51
2010-06-15,,25.87,95.7049,98.4433,2.53
2010-06-16,,25.92,95.5668,98.3068,2.52
2010-06-17,,25.05,95.4973,98.2534,2.49
2010-06-18,-0.041,23.95,95.2981,98.0022,2.5
2010-06-21,,24.88,94.8505,97.2732,2.52
2010-06-22,,27.05,95.1165,97.69,2.47
2010-06-23,,26.91,95.4853,98.0828,2.47
2010-06-24,,29.74,95.6194,98.2501,2.47
2010-06-25,-0.069,28.53,95.4582,98.2994,2.47
2010-06-28,,29.0,95.2696,98.1081,2.43
2010-06-29,,34.13,96.0199,98.7716,2.36
2010-06-30,,34.54,95.9934,98.6921,2.36
2010-07-01,,32.86,95.8018,99.1001,2.33
2010-07-02,-0.103,30.12,95.6345,99.0541,2.37
2010-07-05,,,,,
2010-07-06,,29.65,95.1069,98.6934,2.33
2010-07-07,,26.84,95.1795,98.6907,2.37
2010-07-08,,25.71,94.7734,98.3107,2.41
2010-07-09,-0.145,24.98,94.683,98.16,2.44
2010-07-12,,24.43,94.9598,98.3031,2.43
2010-07-13,,24.56,94.3856,98.0685,2.48
2010-07-14,,24.89,94.3247,97.9955,2.45
2010-07-15,,25.14,94.1988,98.1404,2.39
2010-07-16,-0.185,26.25,94.5061,98.4934,2.35
2010-07-19,,25.97,94.602,98.6444,2.38
2010-07-20,,23.93,94.542,98.4352,2.37
2010-07-21,,25.64,94.4496,98.247,2.32
2010-07-22,,24.63,94.1135,98.1343,2.36
2010-07-23,-0.218,23.47,94.1431,98.098,2.42
2010-07-26,,22.73,93.7556,97.8965,2.41
2010-07-27,,23.19,93.7583,97.6131,2.43
2010-07-28,,24.25,93.7506,97.7313,2.42
2010-07-29,,24.13,93.6004,97.7778,2.44
2010-07-30,-0.243,23.5,93.2793,97.5311,2.39
2010-08-02,,22.01,92.7916,97.1704,2.43
2010-08-03,,22.63,92.6258,97.1491,2.41
2010-08-04,,22.21,92.731,97.0889,2.42
2010-08-05,,22.1,92.6401,97.0488,2.41
2010-08-06,-0.257,21.74,92.5915,97.1803,2.36
2010-08-09,,22.14,92.6726,97.0815,2.32
2010-08-10,,22.37,93.2197,97.3829,2.27
2010-08-11,,25.39,93.7778,97.6594,2.18
2010-08-12,,25.73,93.8905,97.7359,2.19
2010-08-13,-0.262,26.24,94.0457,97.7908,2.14
2010-08-16,,26.1,93.7902,97.6706,2.07
2010-08-17,,24.33,93.4239,97.3139,2.12
2010-08-18,,24.59,93.3719,97.2706,2.13
2010-08-19,,26.44,93.7141,97.5762,2.09
2010-08-20,-0.264,25.49,94.2087,97.6966,2.13
2010-08-23,,25.66,94.3295,97.9573,2.11
2010-08-24,,27.46,94.4362,98.2088,2.0
2010-08-25,,26.7,94.7372,98.4662,2.01
2010-08-26,,27.37,94.3523,98.2427,1.99
2010-08-27,-0.266,24.45,94.3462,98.2825,2.1
2010-08-30,,27.21,94.5922,98.5651,2.04
2010-08-31,,26.05,94.7204,98.7096,2.0
2010-09-01,,23.89,94.1148,98.261,2.08
2010-09-02,,23.19,94.0852,98.1806,2.13
2010-09-03,-0.273,21.31,93.6952,97.8363,2.2
2010-09-06,,,,,
2010-09-07,,23.8,94.042,98.1026,2.12
2010-09-08,,23.25,93.7785,97.9047,2.14
2010-09-09,,22.81,93.7033,97.7568,2.2
2010-09-10,-0.288,21.99,93.6768,97.559,2.23
2010-09-13,,21.21,93.0767,97.2371,2.21
2010-09-14,,21.56,92.6182,97.044,2.18
2010-09-15,,22.1,92.9313,97.042,2.24
2010-09-16,,21.72,92.9108,97.1245,2.29
2010-09-17,-0.307,22.01,92.9418,96.9558,2.27
2010-09-20,,21.5,92.7496,96.8005,2.25
2010-09-21,,22.35,92.6684,96.7602,2.18
2010-09-22,,22.51,92.0647,96.4773,2.12
2010-09-23,,23.87,92.0233,96.3963,2.11
2010-09-24,-0.329,21.71,91.5996,96.0998,2.17
2010-09-27,,22.54,91.4803,95.8768,2.1
2010-09-28,,22.6,91.3493,95.8445,2.11
2010-09-29,,23.25,91.1632,95.6673,2.08
2010-09-30,,23.7,91.3415,95.8768,2.11
2010-10-01,-0.353,22.5,90.836,95.5932,2.12
2010-10-04,,23.53,91.0015,95.7136,2.09
2010-10-05,,21.76,90.5622,95.475,2.09
2010-10-06,,21.49,90.1411,95.2026,2.03
2010-10-07,,21.56,90.286,95.3058,2.05
2010-10-08,-0.377,20.71,90.1133,95.1658,2.06
2010-10-11,,18.96,,,
2010-10-12,,18.93,90.2203,95.1978,2.07
2010-10-13,,19.07,89.7779,94.852,2.09
2010-10-14,,19.88,89.5228,94.7496,2.14
2010-10-15,-0.399,19.03,89.6815,94.6938,2.22
2010-10-18,,19.09,89.8484,94.8494,2.14
2010-10-19,,20.63,90.5499,95.178,2.13
2010-10-20,,19.79,90.1446,95.0272,2.16
2010-10-21,,19.27,90.138,95.0282,2.2
2010-10-22,-0.417,18.78,90.4063,95.1445,2.24
2010-10-25,,19.85,89.9328,94.8292,2.22
2010-10-26,,20.22,90.2818,95.0864,2.27
2010-10-27,,20.71,90.8038,95.486,2.35
2010-10-28,,20.88,90.2407,95.2987,2.32
2010-10-29,-0.431,21.2,90.0935,95.0479,2.29
2010-11-01,,21.83,90.0307,95.0378,2.32
2010-11-02,,21.57,89.6847,94.8112,2.29
2010-11-03,,19.56,89.7079,94.7788,2.33
2010-11-04,,18.52,88.9831,94.3761,2.2
2010-11-05,-0.44,18.26,89.2441,94.3147,2.2
2010-11-08,,18.29,89.5711,94.6777,2.19
2010-11-09,,19.08,89.558,94.4361,2.26
2010-11-10,,18.47,89.9056,94.5078,2.21
2010-11-11,,18.64,,,
2010-11-12,-0.443,20.61,90.1701,94.8359,2.25
2010-11-15,,20.2,90.4331,95.0338,2.39
2010-11-16,,22.58,91.1102,95.4041,2.34
2010-11-17,,21.76,90.9282,95.3197,2.39
2010-11-18,,18.75,90.649,94.9358,2.38
2010-11-19,-0.446,18.04,90.6986,95.0111,2.36
2010-11-22,,18.37,90.7023,94.9826,2.31
2010-11-23,,20.63,91.4318,95.7576,2.32
2010-11-24,,19.56,91.2179,95.5071,2.4
2010-11-25,,,,,
2010-11-26,-0.448,22.22,91.8152,95.9294,2.36
2010-11-29,,21.53,92.1997,96.1154,2.32
2010-11-30,,23.54,92.1494,95.896,2.36
2010-12-01,,21.36,91.6799,95.4911,2.44
2010-12-02,,19.39,91.2651,95.3512,2.46
2010-12-03,-0.454,18.01,90.8788,95.1827,2.54
2010-12-06,,18.02,91.0167,95.1701,2.53
2010-12-07,,17.99,90.9732,95.1269,2.61
2010-12-08,,17.74,91.3376,95.4028,2.63
2010-12-09,,17.25,91.3923,95.469,2.59
2010-12-10,-0.466,17.61,91.2831,95.4398,2.68
2010-12-13,,17.55,90.8837,95.3187,2.68
2010-12-14,,17.61,90.764,95.0974,2.83
2010-12-15,,17.94,91.094,95.3419,2.85
2010-12-16,,17.39,91.3773,95.5362,2.81
2010-12-17,-0.481,16.11,91.5555,95.4544,2.72
2010-12-20,,16.41,91.6398,95.5535,2.74
2010-12-21,,16.49,91.519,95.3124,2.72
2010-12-22,,15.45,91.429,95.1201,2.71
2010-12-23,,16.47,91.3013,95.1,2.74
2010-12-24,-0.5,,,,
2010-12-27,,17.67,91.1963,95.0174,2.65
2010-12-28,,17.52,90.9848,94.9287,2.75
2010-12-29,,17.28,90.7669,94.788,2.71
2010-12-30,,17.52,90.5146,94.5179,2.72
2010-12-31,-0.521,17.75,,,2.69
2011-01-03,,17.61,89.9524,94.0516,2.75
2011-01-04,,17.38,90.3277,94.3006,2.73
2011-01-05,,17.02,90.5715,94.2109,2.79
2011-01-06,,17.4,90.9125,94.5059,2.76
2011-01-07,-0.543,17.14,91.0001,94.5761,2.74
2011-01-10,,17.54,91.03,94.7117,2.73
2011-01-11,,16.89,90.8431,94.3603,2.77
2011-01-12,,16.24,90.4111,93.9127,2.79
2011-01-13,,16.39,89.9019,93.8958,2.75
2011-01-14,-0.564,15.46,90.0461,93.9016,2.76
2011-01-17,,,,,
2011-01-18,,15.87,89.821,93.7614,2.79
2011-01-19,,17.31,89.6948,93.8132,2.77
2011-01-20,,17.99,90.1316,94.0817,2.82
2011-01-21,-0.581,18.47,89.7204,93.9356,2.81
2011-01-24,,17.65,89.5375,93.8787,2.78
2011-01-25,,17.59,89.7279,94.0017,2.73
2011-01-26,,16.64,89.5091,93.8287,2.83
2011-01-27,,16.15,89.5728,93.8722,2.83
2011-01-28,-0.593,20.04,89.8189,94.1716,2.82
2011-01-31,,19.53,89.694,94.2802,2.84
2011-02-01,,17.63,89.1436,93.795,2.87
2011-02-02,,17.3,89.0737,93.6559,2.85
2011-02-03,,16.69,89.2522,93.7214,2.87
2011-02-04,-0.598,15.93,89.391,93.653,2.91
2011-02-07,,16.28,89.3556,93.4913,2.9
2011-02-08,,15.81,89.1241,93.3636,2.89
2011-02-09,,15.87,89.4166,93.7262,2.84
2011-02-10,,16.09,89.6266,93.9017,2.85
2011-02-11,-0.597,15.69,89.8784,94.0759,2.79
2011-02-14,,15.95,89.8543,94.0385,2.75
2011-02-15,,16.37,89.8871,94.1512,2.77
2011-02-16,,16.72,89.7059,94.0061,2.76
2011-02-17,,16.59,89.4102,93.8259,2.78
2011-02-18,-0.587,16.43,89.1974,93.6376,2.81
2011-02-21,,,,,
2011-02-22,,20.8,89.4617,94.0333,2.72
2011-02-23,,22.13,89.4186,94.1959,2.75
2011-02-24,,21.32,89.2346,94.249,2.73
2011-02-25,-0.573,19.22,89.1664,94.0772,2.7
2011-02-28,,18.35,88.9391,93.9896,2.73
2011-03-01,,21.01,88.831,93.8546,2.75
2011-03-02,,20.7,88.7317,93.8815,2.77
2011-03-03,,18.6,88.637,93.6227,2.79
2011-03-04,-0.559,19.06,88.4898,93.5014,2.81
2011-03-07,,20.66,88.5207,93.492,2.81
2011-03-08,,19.82,88.6454,93.5144,2.83
2011-03-09,,20.22,88.5328,93.3726,2.78
2011-03-10,,21.88,88.8698,93.5828,2.72
2011-03-11,-0.549,20.08,88.691,93.5292,2.76
2011-03-14,,21.13,88.5191,93.4756,2.75
2011-03-15,,24.32,88.7845,93.8357,2.7
2011-03-16,,29.4,88.9785,93.9496,2.64
2011-03-17,,26.37,88.6549,93.9959,2.65
2011-03-18,-0.543,24.44,88.5221,93.7959,2.67
2011-03-21,,20.61,88.2032,93.5196,2.67
2011-03-22,,20.21,88.0665,93.4171,2.66
2011-03-23,,19.17,88.3328,93.5172,2.67
2011-03-24,,18.0,88.0592,93.345,2.7
2011-03-25,-0.548,17.91,88.1716,93.2268,2.67
2011-03-28,,19.44,88.3058,93.3394,2.66
2011-03-29,,18.16,88.3991,93.3385,2.69
2011-03-30,,17.71,88.2298,93.0698,2.67
2011-03-31,,17.74,88.0299,92.935,2.67
2011-04-01,-0.558,17.4,87.7993,92.6033,2.66
2011-04-04,,17.5,87.8406,92.5608,2.68
2011-04-05,,17.25,87.7483,92.4903,2.66
2011-04-06,,16.9,87.4913,92.3193,2.71
2011-04-07,,17.11,87.532,92.3162,2.77
2011-04-08,-0.572,17.87,87.1493,92.0409,2.76
2011-04-11,,16.59,87.094,92.1223,2.74
2011-04-12,,17.09,87.2943,92.3815,2.75
2011-04-13,,16.92,87.2093,92.2916,2.74
2011-04-14,,16.27,87.0802,92.1336,2.74
2011-04-15,-0.585,15.32,87.005,91.9652,2.72
2011-04-18,,16.96,87.5081,92.2475,2.71
2011-04-19,,15.83,87.0791,92.0229,2.71
2011-04-20,,15.07,86.5642,91.6618,2.74
2011-04-21,,14.69,86.2256,91.4125,2.74
2011-04-22,-0.595,,86.3742,91.5056,
2011-04-25,,15.77,86.4026,91.6385,2.72
2011-04-26,,15.62,86.2576,91.5369,2.69
2011-04-27,,15.35,86.2519,91.4082,2.74
2011-04-28,,14.62,85.8419,91.235,2.72
2011-04-29,-0.599,14.75,85.5999,90.9983,2.71
2011-05-02,,15.99,85.5199,90.9594,2.7
2011-05-03,,16.7,85.6352,91.1706,2.67
2011-05-04,,17.08,85.8917,91.4179,2.65
2011-05-05,,18.2,86.508,91.7607,2.6
2011-05-06,-0.596,18.4,86.4575,91.5377,2.62
2011-05-09,,17.16,86.8346,91.6566,2.6
2011-05-10,,15.91,86.6518,91.527,2.64
2011-05-11,,16.95,86.7195,91.5529,2.63
2011-05-12,,16.03,87.0767,91.8948,2.65
2011-05-13,-0.586,17.07,87.4176,92.1146,2.61
2011-05-16,,18.24,87.3311,92.2391,2.61
2011-05-17,,17.55,87.6307,92.3478,2.57
2011-05-18,,16.23,87.295,92.0872,2.6
2011-05-19,,15.52,87.2638,91.9696,2.62
2011-05-20,-0.574,17.43,87.3044,91.84,2.6
2011-05-23,,18.27,87.8941,92.3655,2.58
2011-05-24,,17.82,87.662,92.1909,2.56
2011-05-25,,17.07,87.6136,92.2189,2.59
2011-05-26,,16.09,87.5588,92.101,2.59
2011-05-27,-0.56,15.98,86.9525,91.7265,2.59
2011-05-30,,,,,
2011-05-31,,15.45,86.656,91.4221,2.6
2011-06-01,,18.3,86.5964,91.475,2.52
2011-06-02,,18.09,86.8435,91.6264,2.59
2011-06-03,-0.547,17.95,86.4234,91.454,2.57
2011-06-06,,18.49,86.4669,91.5465,2.58
2011-06-07,,18.07,86.3627,91.6062,2.62
2011-06-08,,18.79,86.5714,91.7434,2.59
2011-06-09,,17.77,86.5913,91.7404,2.58
2011-06-10,-0.534,18.86,87.042,92.0403,2.58
2011-06-13,,19.61,87.0579,92.1238,2.6
2011-06-14,,18.26,86.6771,91.8391,2.66
2011-06-15,,21.32,87.3342,92.1428,2.6
2011-06-16,,22.73,87.6917,92.4746,2.55
2011-06-17,-0.525,21.85,87.2179,92.2063,2.56
2011-06-20,,19.99,87.1908,92.1687,2.59
2011-06-21,,18.86,86.857,91.8662,2.59
2011-06-22,,18.52,86.8067,91.759,2.62
2011-06-23,,19.29,87.455,92.1075,2.58
2011-06-24,-0.518,21.1,87.5014,92.1675,2.53
2011-06-27,,20.56,87.5225,92.2865,2.54
2011-06-28,,19.17,87.2178,92.0522,2.57
2011-06-29,,17.27,86.8014,91.7283,2.67
2011-06-30,,16.52,86.4786,91.4633,2.73
2011-07-01,-0.511,15.87,86.3613,91.2302,2.72
2011-07-04,,,,,
2011-07-05,,16.06,86.4253,91.2322,2.72
2011-07-06,,16.34,86.6825,91.2999,2.69
2011-07-07,,15.95,86.4825,91.0557,2.68
2011-07-08,-0.499,15.95,86.615,91.1256,2.63
2011-07-11,,18.39,87.1013,91.4802,2.57
2011-07-12,,19.87,87.1701,91.7118,2.55
2011-07-13,,19.91,86.5697,91.3697,2.55
2011-07-14,,20.8,86.5234,91.2998,2.6
2011-07-15,-0.476,19.53,86.5169,91.3618,2.57
2011-07-18,,20.95,86.9549,91.653,2.57
2011-07-19,,19.21,86.4386,91.323,2.52
2011-07-20,,19.09,86.2794,91.1642,2.56
2011-07-21,,17.56,85.8378,90.9685,2.63
2011-07-22,-0.441,17.52,85.8623,90.8667,2.59
2011-07-25,,19.35,85.8006,90.9305,2.61
2011-07-26,,20.23,85.4692,90.7078,2.58
2011-07-27,,22.98,85.7126,90.8659,2.57
2011-07-28,,23.74,85.8245,90.9106,2.56
2011-07-29,-0.392,25.25,85.7282,91.0079,2.46
2011-08-01,,23.66,86.0391,91.0166,2.39
2011-08-02,,24.79,86.0533,91.1606,2.33
2011-08-03,,23.38,86.0706,91.3532,2.31
2011-08-04,,31.66,86.9299,91.8881,2.2
2011-08-05,-0.328,32.0,87.1084,92.1584,2.3
2011-08-08,,48.0,87.1873,92.5865,2.13
2011-08-09,,35.06,87.3919,93.0657,2.01
2011-08-10,,42.99,87.3792,92.9941,1.98
2011-08-11,,39.0,87.3215,92.8856,2.15
2011-08-12,-0.257,36.36,87.177,92.5825,2.04
2011-08-15,,31.87,86.7515,92.3824,2.1
2011-08-16,,32.85,86.7115,92.243,2.03
2011-08-17,,31.58,86.5518,92.1241,1.98
2011-08-18,,42.67,87.1271,92.7066,1.88
2011-08-19,-0.194,43.05,86.8286,92.5251,1.87
2011-08-22,,42.44,87.0753,92.7163,1.88
2011-08-23,,36.27,86.9001,92.6165,1.93
2011-08-24,,35.9,87.1316,92.8891,2.06
2011-08-25,,39.76,87.2306,92.9916,2.01
2011-08-26,-0.135,35.59,87.0751,92.9632,1.99
2011-08-29,,32.28,86.8433,92.7353,2.08
2011-08-30,,32.89,87.001,92.8348,1.99
2011-08-31,,31.62,86.7739,92.4129,2.03
2011-09-01,,31.82,86.8512,92.3179,1.96
2011-09-02,-0.092,33.92,87.1797,92.6723,1.82
2011-09-05,,,,,
2011-09-06,,37.0,88.1645,93.3119,1.77
2011-09-07,,33.38,87.9699,93.1709,1.84
2011-09-08,,34.32,88.1162,93.2739,1.81
2011-09-09,-0.06,38.52,88.9514,93.8023,1.76
2011-09-12,,38.59,89.2192,94.2638,1.73
2011-09-13,,36.91,89.2653,94.7198,1.79
2011-09-14,,34.6,89.419,95.0829,1.84
2011-09-15,,31.97,89.0647,94.9435,1.88
2011-09-16,-0.043,30.98,89.1108,94.9712,1.9
2011-09-19,,32.73,89.9336,96.0042,1.81
2011-09-20,,32.86,89.8777,96.0095,1.77
2011-09-21,,37.32,90.3453,96.8091,1.67
2011-09-22,,41.35,92.075,98.3526,1.52
2011-09-23,-0.034,41.25,91.6904,97.9681,1.61
2011-09-26,,39.02,91.7724,98.0069,1.66
2011-09-27,,37.71,90.8985,96.9592,1.75
2011-09-28,,41.08,91.0227,97.15,1.76
2011-09-29,,38.84,91.3033,97.4179,1.72
2011-09-30,-0.037,42.96,91.9998,98.0732,1.67
2011-10-03,,45.45,92.5128,98.4468,1.56
2011-10-04,,40.82,92.9508,98.7347,1.56
2011-10-05,,37.81,92.3008,97.9751,1.67
2011-10-06,,36.27,91.9661,97.5714,1.72
2011-10-07,-0.049,36.2,91.2469,96.8418,1.8
2011-10-10,,33.02,,,
2011-10-11,,32.86,90.9162,96.7306,1.86
2011-10-12,,31.26,90.3378,96.3656,1.95
2011-10-13,,30.7,90.6603,96.6539,1.9
2011-10-14,-0.07,28.24,90.2116,96.3549,1.98
2011-10-17,,33.39,90.266,96.2541,1.9
2011-10-18,,31.56,90.5907,96.6932,1.91
2011-10-19,,34.44,90.3317,96.4752,1.9
2011-10-20,,34.78,91.1026,97.5444,1.92
2011-10-21,-0.088,31.32,90.279,97.1027,1.93
2011-10-24,,29.26,89.8558,96.5757,1.95
2011-10-25,,32.22,89.9525,96.4598,1.88
2011-10-26,,29.86,90.0836,96.5415,1.95
2011-10-27,,25.46,88.7882,95.4724,2.11
2011-10-28,-0.102,24.53,88.6382,95.116,2.06
2011-10-31,,29.96,89.2053,95.3895,1.92
2011-11-01,,34.77,90.7296,96.7758,1.78
2011-11-02,,32.74,90.244,96.4198,1.8
2011-11-03,,30.5,90.2961,96.3551,1.85
2011-11-04,-0.104,30.16,90.3154,96.2651,1.84
2011-11-07,,29.85,90.3832,96.3401,1.79
2011-11-08,,27.48,90.172,96.1996,1.85
2011-11-09,,36.16,90.6991,96.5497,1.76
2011-11-10,,32.81,90.8588,96.8701,1.8
2011-11-11,-0.096,30.04,,,
2011-11-14,,31.13,90.7215,96.7608,1.8
2011-11-15,,31.22,91.1081,97.0347,1.8
2011-11-16,,33.51,91.1237,97.0595,1.75
2011-11-17,,34.51,91.1822,97.1797,1.69
2011-11-18,-0.084,32.0,91.3676,97.4654,1.72
2011-11-21,,32.91,91.9978,98.3097,1.7
2011-11-22,,31.97,92.0193,98.3042,1.68
2011-11-23,,33.98,92.7463,98.8857,1.63
2011-11-24,,,,,
2011-11-25,-0.071,34.47,93.1455,99.3254,1.69
2011-11-28,,32.13,92.4983,98.7448,1.71
2011-11-29,,30.64,92.2163,98.3973,1.73
2011-11-30,,27.8,91.4728,97.624,1.83
2011-12-01,,27.41,91.227,97.2326,1.84
2011-12-02,-0.07,27.52,91.3532,97.0854,1.8
2011-12-05,,27.84,91.1087,96.9811,1.77
2011-12-06,,28.13,91.2817,97.1144,1.83
2011-12-07,,28.67,91.2331,97.1146,1.78
2011-12-08,,30.59,91.668,97.5486,1.77
2011-12-09,-0.076,26.38,91.6122,97.561,1.85
2011-12-12,,25.67,92.3375,98.2126,1.79
2011-12-13,,25.41,92.5456,98.2938,1.72
2011-12-14,,26.04,93.2176,98.8069,1.67
2011-12-15,,25.11,92.8858,98.5495,1.66
2011-12-16,-0.089,24.29,92.8252,98.389,1.62
2011-12-19,,24.92,92.8685,98.4809,1.58
2011-12-20,,23.22,92.432,98.1698,1.68
2011-12-21,,21.43,92.5262,98.1841,1.7
2011-12-22,,21.16,92.3883,98.1271,1.69
2011-12-23,-0.114,20.73,92.3897,98.0893,1.75
2011-12-26,,,,,
2011-12-27,,21.91,92.4137,98.3865,1.72
2011-12-28,,23.52,92.8374,98.5482,1.65
2011-12-29,,22.65,92.7398,98.4974,1.63
2011-12-30,-0.148,23.4,92.4262,98.304,1.64
2012-01-02,,,,,
2012-01-03,,22.97,91.7551,97.5555,1.7
2012-01-04,,22.22,92.0345,97.5854,1.75
2012-01-05,,21.48,92.5773,97.8533,1.75
2012-01-06,-0.189,20.63,92.7183,97.857,1.73
2012-01-09,,21.07,92.7418,97.8951,1.72
2012-01-10,,20.69,92.2461,97.3736,1.76
2012-01-11,,21.05,92.554,97.4974,1.69
2012-01-12,,20.47,92.2274,97.2356,1.72
2012-01-13,-0.235,20.91,92.5385,97.2684,1.65
2012-01-16,,,,,
2012-01-17,,22.2,92.0142,96.7848,1.66
2012-01-18,,20.89,91.6943,96.3837,1.68
2012-01-19,,19.87,91.3316,96.0814,1.75
2012-01-20,-0.281,18.28,91.3661,96.1458,1.79
2012-01-23,,18.67,90.986,95.8484,1.83
2012-01-24,,18.91,91.181,95.939,1.84
2012-01-25,,18.31,91.277,95.9078,1.79
2012-01-26,,18.57,90.3962,95.2303,1.74
2012-01-27,-0.323,18.53,90.2559,95.1198,1.71
2012-01-30,,19.4,90.4762,95.3876,1.65
2012-01-31,,19.44,90.5538,95.3102,1.61
2012-02-01,,18.55,90.0963,95.0495,1.64
2012-02-02,,17.98,89.8765,94.5218,1.63
2012-02-03,-0.355,17.1,89.8491,94.3123,1.74
2012-02-06,,17.76,89.7907,94.2626,1.69
2012-02-07,,17.65,89.5968,94.1875,1.75
2012-02-08,,18.16,89.6555,94.2215,1.74
2012-02-09,,18.63,89.6246,94.289,1.77
2012-02-10,-0.379,20.79,90.1024,94.6303,1.69
2012-02-13,,19.04,89.8895,94.3683,1.7
2012-02-14,,19.54,90.1919,94.6154,1.63
2012-02-15,,21.14,90.1932,94.5633,1.64
2012-02-16,,19.22,90.3109,94.8444,1.7
2012-02-17,-0.395,17.78,90.23,94.6537,1.72
2012-02-20,,,,,
2012-02-21,,18.19,90.0117,94.4645,1.74
2012-02-22,,18.19,90.2472,94.6277,1.72
2012-02-23,,16.8,90.1108,94.6076,1.68
2012-02-24,-0.407,17.31,89.9104,94.6249,1.67
2012-02-27,,18.19,89.9635,94.6827,1.62
2012-02-28,,17.96,89.8103,94.5817,1.64
2012-02-29,,18.43,89.7487,94.3754,1.68
2012-03-01,,17.26,89.7817,94.3794,1.73
2012-03-02,-0.418,17.29,90.135,94.507,1.71
2012-03-05,,18.05,90.2748,94.7353,1.69
2012-03-06,,20.87,90.8237,95.2999,1.66
2012-03-07,,19.07,90.6837,95.1487,1.68
2012-03-08,,17.95,90.2598,94.7802,1.71
2012-03-09,-0.426,17.11,90.4341,94.4811,1.71
2012-03-12,,15.64,90.6643,94.9403,1.71
2012-03-13,,14.8,90.5363,94.6846,1.79
2012-03-14,,15.31,90.9325,94.9497,1.89
2012-03-15,,15.42,90.7866,94.8622,1.92
2012-03-16,-0.433,14.47,90.5245,94.7858,1.94
2012-03-19,,15.04,90.292,94.6538,2.0
2012-03-20,,15.58,90.6065,94.9756,1.97
2012-03-21,,15.13,90.6761,95.028,1.92
2012-03-22,,15.57,90.8225,95.2716,1.92
2012-03-23,-0.437,14.82,90.6156,95.1886,1.88
2012-03-26,,14.26,90.3266,94.9354,1.9
2012-03-27,,15.59,90.2796,94.7984,1.87
2012-03-28,,15.47,90.603,95.1764,1.87
2012-03-29,,15.48,90.7285,95.4017,1.85
2012-03-30,-0.435,15.5,90.4593,95.1056,1.9
2012-04-02,,15.64,90.247,94.9372,1.89
2012-04-03,,15.66,90.1921,94.8231,1.94
2012-04-04,,16.44,90.8284,95.2128,1.9
2012-04-05,,16.7,90.8781,95.2665,1.84
2012-04-06,-0.427,,90.9375,95.5136,1.75
2012-04-09,,18.81,90.9624,95.5964,1.74
2012-04-10,,20.39,91.2728,96.0555,1.73
2012-04-11,,20.02,91.1768,95.9819,1.75
2012-04-12,,17.2,90.7694,95.6646,1.79
2012-04-13,-0.414,19.55,91.0558,95.8213,1.75
2012-04-16,,19.55,91.2355,96.1136,1.73
2012-04-17,,18.46,90.7661,95.7471,1.76
2012-04-18,,18.64,90.9326,95.9713,1.73
2012-04-19,,18.36,91.0833,96.2143,1.71
2012-04-20,-0.398,17.44,90.8066,95.9611,1.7
2012-04-23,,18.97,91.079,96.2566,1.69
2012-04-24,,18.1,90.8153,96.1042,1.73
2012-04-25,,16.82,90.756,96.0875,1.75
2012-04-26,,16.24,90.6428,96.0804,1.72
2012-04-27,-0.377,16.32,90.3269,95.6586,1.7
2012-04-30,,17.15,90.3634,95.5361,1.68
2012-05-01,,16.6,90.3227,95.4937,1.71
2012-05-02,,16.88,90.6144,95.7117,1.69
2012-05-03,,17.56,90.6839,95.8534,1.68
2012-05-04,-0.351,19.16,91.0497,96.2473,1.64
2012-05-07,,18.94,91.0747,96.2596,1.65
2012-05-08,,19.05,91.4107,96.6522,1.61
2012-05-09,,20.08,91.7632,97.1614,1.6
2012-05-10,,18.83,91.7077,97.0291,1.62
2012-05-11,-0.319,19.89,91.7306,97.0985,1.57
2012-05-14,,21.87,92.2491,97.7709,1.49
2012-05-15,,21.97,92.5235,97.9524,1.47
2012-05-16,,22.27,92.903,98.3061,1.46
2012-05-17,,24.49,92.9632,98.2928,1.38
2012-05-18,-0.286,25.1,93.1395,98.524,1.39
2012-05-21,,22.01,93.0945,98.5329,1.45
2012-05-22,,22.48,93.1113,98.4317,1.49
2012-05-23,,22.33,93.8855,99.3088,1.45
2012-05-24,,21.54,93.8027,99.1762,1.48
2012-05-25,-0.26,21.76,93.9488,99.1866,1.45
2012-05-28,,,,,
2012-05-29,,21.03,93.875,99.0639,1.44
2012-05-30,,24.14,94.302,99.5942,1.36
2012-05-31,,24.06,94.6856,100.1243,1.32
2012-06-01,-0.241,26.66,94.6979,100.2408,1.22
2012-06-04,,26.12,94.5184,99.9861,1.28
2012-06-05,,24.68,94.6184,99.9423,1.32
2012-06-06,,22.16,94.0362,99.4152,1.4
2012-06-07,,21.72,93.774,99.089,1.39
2012-06-08,-0.234,21.23,94.2024,99.391,1.37
2012-06-11,,23.56,94.0369,99.3429,1.33
2012-06-12,,22.09,94.0693,99.4066,1.37
2012-06-13,,24.27,93.8309,99.3198,1.31
2012-06-14,,21.68,93.8152,99.3962,1.34
2012-06-15,-0.239,21.11,93.5203,99.0846,1.31
2012-06-18,,18.32,93.6431,99.064,1.3
2012-06-19,,18.38,93.0524,98.5259,1.34
2012-06-20,,17.24,93.1602,98.6377,1.33
2012-06-21,,20.08,93.6378,98.8725,1.31
2012-06-22,-0.255,18.11,93.9205,99.2092,1.38
2012-06-25,,20.38,94.1757,99.5521,1.32
2012-06-26,,19.72,93.9859,99.3031,1.35
2012-06-27,,19.45,93.8728,98.9236,1.34
2012-06-28,,19.71,94.0203,98.9829,1.29
2012-06-29,-0.274,17.08,92.9096,97.9198,1.34
2012-07-02,,16.8,92.951,97.8037,1.31
2012-07-03,,16.66,92.6508,97.4551,1.35
2012-07-04,,,,,
2012-07-05,,17.5,93.2211,97.7433,1.34
2012-07-06,-0.297,17.1,93.7087,98.2303,1.3
2012-07-09,,17.98,93.6974,98.2302,1.26
2012-07-10,,18.72,93.5552,97.8687,1.26
2012-07-11,,17.95,93.5981,97.9217,1.27
2012-07-12,,18.33,93.9298,98.3777,1.25
2012-07-13,-0.321,16.74,93.5515,98.0058,1.27
2012-07-16,,17.11,93.3746,97.8667,1.26
2012-07-17,,16.48,93.3479,97.71,1.28
2012-07-18,,16.16,93.0973,97.4481,1.3
2012-07-19,,15.45,93.0438,97.5504,1.32
2012-07-20,-0.345,16.27,93.3653,97.8065,1.27
2012-07-23,,18.62,93.9297,98.5613,1.25
2012-07-24,,20.47,94.2635,98.9881,1.22
2012-07-25,,19.34,94.0564,98.8347,1.21
2012-07-26,,17.53,93.3595,98.269,1.22
2012-07-27,-0.366,16.7,92.9333,97.7697,1.33
2012-07-30,,18.03,93.0524,97.7854,1.3
2012-07-31,,18.93,92.8422,97.632,1.28
2012-08-01,,18.96,92.8905,97.5993,1.32
2012-08-02,,17.57,93.4269,98.0153,1.27
2012-08-03,-0.388,15.64,92.6048,97.3594,1.36
2012-08-06,,15.95,92.4339,97.1661,1.35
2012-08-07,,15.99,92.5128,97.3213,1.39
2012-08-08,,15.32,92.5407,97.3081,1.39
2012-08-09,,15.28,92.6057,97.1737,1.4
2012-08-10,-0.407,14.74,92.5129,97.182,1.38
2012-08-13,,13.7,92.5955,97.4019,1.38
2012-08-14,,14.85,92.6152,97.3807,1.46
2012-08-15,,14.63,92.6838,97.4543,1.53
2012-08-16,,14.29,92.5737,97.4315,1.54
2012-08-17,-0.425,13.45,92.711,97.4865,1.52
2012-08-20,,14.02,92.6263,97.4115,1.53
2012-08-21,,15.02,92.3053,97.2835,1.49
2012-08-22,,15.11,92.4362,97.4006,1.45
2012-08-23,,15.96,92.1057,97.2598,1.42
2012-08-24,-0.443,15.18,92.2785,97.3994,1.4
2012-08-27,,16.35,92.3135,97.4769,1.37
2012-08-28,,16.49,92.2033,97.5344,1.37
2012-08-29,,17.06,92.3823,97.7586,1.39
2012-08-30,,17.83,92.6239,97.9595,1.36
2012-08-31,-0.461,17.47,92.1677,97.5522,1.35
2012-09-03,,,,,
2012-09-04,,17.98,92.1582,97.4472,1.36
2012-09-05,,17.74,92.1262,97.3636,1.35
2012-09-06,,15.6,91.8973,97.1008,1.41
2012-09-07,-0.479,14.38,91.3469,96.8494,1.42
2012-09-10,,16.28,91.3102,96.7927,1.43
2012-09-11,,16.41,91.0575,96.7187,1.45
2012-09-12,,15.8,91.0477,96.7159,1.52
2012-09-13,,14.05,90.9632,96.6657,1.51
2012-09-14,-0.499,14.51,90.1436,95.6878,1.61
2012-09-17,,14.59,90.2837,95.7931,1.6
2012-09-18,,14.18,90.5029,95.995,1.57
2012-09-19,,13.88,90.4646,95.9855,1.52
2012-09-20,,14.07,90.7631,96.1715,1.53
2012-09-21,-0.515,13.98,90.5342,95.9238,1.5
2012-09-24,,14.15,90.8263,96.1793,1.47
2012-09-25,,15.43,90.6074,95.9433,1.43
2012-09-26,,16.81,91.0028,96.2138,1.38
2012-09-27,,14.84,90.7538,95.9607,1.41
2012-09-28,-0.528,15.73,90.8342,95.8691,1.42
2012-10-01,,16.32,90.7011,95.7289,1.39
2012-10-02,,15.71,90.644,95.7558,1.41
2012-10-03,,15.43,90.8726,95.7656,1.41
2012-10-04,,14.55,90.4932,95.4761,1.47
2012-10-05,-0.539,14.33,90.2851,95.3588,1.48
2012-10-08,,15.11,,,
2012-10-09,,16.37,90.8703,95.9152,1.49
2012-10-10,,16.29,90.883,96.0075,1.45
2012-10-11,,15.59,90.7437,95.823,1.42
2012-10-12,-0.546,16.14,90.6833,95.7558,1.42
2012-10-15,,15.27,90.6409,95.6449,1.43
2012-10-16,,15.22,90.5583,95.511,1.48
2012-10-17,,15.07,90.2309,95.3885,1.53
2012-10-18,,15.03,90.3804,95.4902,1.57
2012-10-19,-0.55,17.06,90.8107,95.6771,1.49
2012-10-22,,16.62,90.7911,95.6322,1.51
2012-10-23,,18.83,91.0945,95.9325,1.5
2012-10-24,,18.33,91.1275,95.9632,1.51
2012-10-25,,18.12,91.02,95.807,1.55
2012-10-26,-0.549,17.81,91.1411,95.9256,1.48
2012-10-29,,,,,1.44
2012-10-30,,,,,
2012-10-31,,18.6,91.1609,95.9941,1.42
2012-11-01,,16.69,91.1217,95.8999,1.45
2012-11-02,-0.548,17.59,91.281,95.8442,1.47
2012-11-05,,18.42,91.4778,96.11,1.44
2012-11-06,,17.58,91.2908,95.8871,1.48
2012-11-07,,19.08,91.4514,96.011,1.41
2012-11-08,,18.49,91.5375,96.1253,1.35
2012-11-09,-0.546,18.61,91.6871,96.2901,1.34
2012-11-12,,16.68,,,
2012-11-13,,16.65,91.7356,96.3736,1.32
2012-11-14,,17.92,91.7942,96.387,1.34
2012-11-15,,17.99,91.8837,96.501,1.34
2012-11-16,-0.545,16.41,92.0095,96.5135,1.34
2012-11-19,,15.24,91.5653,96.1339,1.36
2012-11-20,,15.08,91.556,96.0188,1.39
2012-11-21,,15.31,91.6645,96.1101,1.42
2012-11-22,,,,,
2012-11-23,-0.549,15.14,91.2616,95.965,1.41
2012-11-26,,15.5,91.2789,95.9919,1.39
2012-11-27,,15.92,91.2608,95.8892,1.37
2012-11-28,,15.51,91.33,96.0746,1.36
2012-11-29,,15.06,91.2104,95.866,1.37
2012-11-30,-0.555,15.87,91.1038,95.7149,1.37
2012-12-03,,16.64,91.0084,95.7833,1.38
2012-12-04,,17.12,90.9748,95.8325,1.37
2012-12-05,,16.46,90.9423,95.6993,1.35
2012-12-06,,16.58,91.0629,95.6447,1.34
2012-12-07,-0.563,15.9,91.0437,95.5476,1.39
2012-12-10,,16.05,90.9631,95.4239,1.39
2012-12-11,,15.57,90.8403,95.3687,1.42
2012-12-12,,15.95,90.7708,95.3057,1.47
2012-12-13,,16.56,90.776,95.3857,1.47
2012-12-14,-0.575,17.0,90.7156,95.4001,1.48
2012-12-17,,16.34,90.6193,95.3673,1.53
2012-12-18,,15.57,90.5161,95.2599,1.56
2012-12-19,,17.36,90.4896,95.2105,1.54
2012-12-20,,17.67,90.6002,95.2968,1.53
2012-12-21,-0.587,17.84,90.9597,95.6671,1.51
2012-12-24,,17.84,91.0354,95.7762,1.53
2012-12-25,,,,,
2012-12-26,,19.48,91.0606,95.7419,1.51
2012-12-27,,19.47,91.1037,95.737,1.48
2012-12-28,-0.6,22.72,91.0419,95.6113,1.46
2012-12-31,,18.02,91.0834,95.558,1.53
2013-01-01,,,,,
2013-01-02,,14.68,90.6941,95.0113,1.59
2013-01-03,,14.56,90.8097,94.9935,1.65
2013-01-04,-0.614,13.83,91.1025,95.132,1.66
2013-01-07,,13.79,90.9852,95.1415,1.65
2013-01-08,,13.62,91.057,95.1922,1.64
2013-01-09,,13.81,91.0088,95.0396,1.64
2013-01-10,,13.49,90.6425,94.7505,1.65
2013-01-11,-0.627,13.36,90.5352,94.772,1.63
2013-01-14,,13.52,90.4935,94.6628,1.63
2013-01-15,,13.55,90.5191,94.7077,1.6
2013-01-16,,13.42,90.596,94.6764,1.58
2013-01-17,,13.57,90.5401,94.5391,1.61
2013-01-18,-0.636,12.46,90.8697,94.6739,1.61
2013-01-21,,,,,
2013-01-22,,12.43,90.7892,94.755,1.6
2013-01-23,,12.46,90.8376,94.7193,1.6
2013-01-24,,12.69,90.9112,94.647,1.65
2013-01-25,-0.643,12.89,91.0868,94.9187,1.7
2013-01-28,,13.57,91.2354,95.2276,1.71
2013-01-29,,13.31,90.9406,94.8998,1.73
2013-01-30,,14.32,90.8836,94.9739,1.76
2013-01-31,,14.28,90.798,94.9878,1.75
2013-02-01,-0.647,12.9,90.6923,94.8324,1.77
2013-02-04,,14.67,90.9774,95.0115,1.75
2013-02-05,,13.72,90.881,94.7527,1.77
2013-02-06,,13.41,91.0176,94.9127,1.73
2013-02-07,,13.5,91.2912,95.0386,1.74
2013-02-08,-0.648,13.02,91.3056,95.0848,1.74
2013-02-11,,12.94,91.4451,95.1742,1.72
2013-02-12,,12.64,91.2779,95.0734,1.73
2013-02-13,,12.98,91.2709,94.9929,1.76
2013-02-14,,12.66,91.366,94.9259,1.73
2013-02-15,-0.649,12.46,91.4551,94.9239,1.72
2013-02-18,,,,,
2013-02-19,,12.31,91.5073,94.9338,1.74
2013-02-20,,14.68,91.6689,94.9335,1.75
2013-02-21,,15.22,92.0394,95.2592,1.73
2013-02-22,-0.65,14.17,92.1197,95.1726,1.7
2013-02-25,,18.99,92.1975,95.1266,1.63
2013-02-26,,16.87,92.4247,95.5073,1.63
2013-02-27,,14.73,92.234,95.2719,1.64
2013-02-28,,15.51,92.295,95.1923,1.64
2013-03-01,-0.651,15.36,92.6177,95.3092,1.61
2013-03-04,,14.01,92.6316,95.3643,1.64
2013-03-05,,13.48,92.4965,95.195,1.65
2013-03-06,,13.53,,,1.7
2013-03-07,,13.06,92.5462,95.2063,1.75
2013-03-08,-0.653,12.59,92.6252,94.8997,1.79
2013-03-11,,11.56,92.5351,94.7809,1.8
2013-03-12,,12.27,92.3853,94.5643,1.76
2013-03-13,,11.83,92.4709,94.498,1.77
2013-03-14,,11.3,92.4695,94.6624,1.77
2013-03-15,-0.656,11.3,92.128,94.6492,1.76
2013-03-18,,13.36,92.3377,94.7304,1.7
2013-03-19,,14.39,92.526,94.7787,1.68
2013-03-20,,12.67,92.4141,94.6566,1.7
2013-03-21,,13.99,92.3322,94.6127,1.68
2013-03-22,-0.659,13.57,92.2051,94.7177,1.67
2013-03-25,,13.74,92.3081,94.5952,1.69
2013-03-26,,12.77,92.232,94.5303,1.67
2013-03-27,,13.15,92.446,94.6717,1.62
2013-03-28,,12.7,92.2544,94.6055,1.62
2013-03-29,-0.664,,92.302,94.5458,
2013-04-01,,13.58,92.1687,94.5714,1.63
2013-04-02,,12.78,92.1432,94.4283,1.63
2013-04-03,,14.21,92.104,94.5186,1.59
2013-04-04,,13.89,92.3896,94.6611,1.56
2013-04-05,-0.671,13.92,92.1043,94.4435,1.48
2013-04-08,,13.19,92.2317,94.2956,1.52
2013-04-09,,12.84,91.9669,94.1457,1.54
2013-04-10,,12.36,91.9598,94.0152,1.6
2013-04-11,,12.24,91.6972,93.8737,1.58
2013-04-12,-0.682,12.06,91.7967,93.9442,1.53
2013-04-15,,17.27,91.9457,94.0651,1.5
2013-04-16,,13.96,91.8451,93.9898,1.51
2013-04-17,,16.51,92.1372,94.1634,1.49
2013-04-18,,17.56,92.176,94.2644,1.48
2013-04-19,-0.693,14.97,92.2166,94.1413,1.49
2013-04-22,,14.39,92.3591,94.3764,1.48
2013-04-23,,13.48,92.3836,94.2702,1.51
2013-04-24,,13.61,92.4581,94.3218,1.5
2013-04-25,,13.62,92.0394,93.8431,1.51
2013-04-26,-0.705,13.61,91.9012,93.9357,1.48
2013-04-29,,13.71,91.6539,93.7138,1.5
2013-04-30,,13.52,91.3741,93.6845,1.48
2013-05-01,,14.49,91.4331,93.8822,1.46
2013-05-02,,13.59,91.6174,93.7552,1.46
2013-05-03,-0.715,12.85,91.5087,93.566,1.56
2013-05-06,,12.66,91.6387,93.626,1.58
2013-05-07,,12.83,91.5201,93.4724,1.6
2013-05-08,,12.66,91.1848,93.2086,1.59
2013-05-09,,13.13,91.3036,93.1448,1.59
2013-05-10,-0.719,12.59,92.2527,93.8231,1.64
2013-05-13,,12.55,92.2711,93.9345,1.68
2013-05-14,,12.77,92.3697,93.8845,1.7
2013-05-15,,12.81,92.7691,94.2175,1.68
2013-05-16,,13.07,92.6602,94.2514,1.64
2013-05-17,-0.717,12.45,93.1617,94.4823,1.69
2013-05-20,,13.02,93.0359,94.476,1.71
2013-05-21,,13.37,92.9662,94.4344,1.68
2013-05-22,,13.82,93.3104,94.5254,1.77
2013-05-23,,14.07,93.2113,94.9644,1.76
2013-05-24,-0.707,13.99,93.2768,95.1034,1.75
2013-05-27,,,,,
2013-05-28,,14.48,93.5853,95.2044,1.86
2013-05-29,,14.83,93.531,95.5479,1.83
2013-05-30,,14.53,93.4219,95.8397,1.82
2013-05-31,-0.691,16.3,93.6076,95.976,1.86
2013-06-03,,16.28,93.163,95.9497,1.83
2013-06-04,,16.27,93.3067,95.789,1.82
2013-06-05,,17.5,93.275,95.9463,1.8
2013-06-06,,16.63,92.809,96.1208,1.78
2013-06-07,-0.671,15.14,92.6056,95.7723,1.85
2013-06-10,,15.44,92.973,96.3258,1.9
2013-06-11,,17.07,92.7996,96.3968,1.86
2013-06-12,,18.59,92.4775,96.2574,1.91
2013-06-13,,16.41,92.3449,96.1247,1.87
2013-06-14,-0.652,17.15,92.1886,95.8238,1.85
2013-06-17,,16.8,92.3332,96.0555,1.92
2013-06-18,,16.61,92.5432,96.4858,1.93
2013-06-19,,16.64,92.4755,96.4397,2.02
2013-06-20,,20.49,94.125,98.0684,2.08
2013-06-21,-0.637,18.9,94.4243,98.1673,2.14
2013-06-24,,20.11,94.5714,98.2219,2.15
2013-06-25,,18.47,94.3285,97.7203,2.17
2013-06-26,,17.21,94.3807,97.7598,2.16
2013-06-27,,16.86,94.2429,97.246,2.13
2013-06-28,-0.629,16.86,94.3047,97.1006,2.16
2013-07-01,,16.37,94.0998,96.8563,2.16
2013-07-02,,16.44,94.4051,97.0711,2.14
2013-07-03,,16.2,94.4767,97.3374,2.16
2013-07-04,,,,,
2013-07-05,-0.63,14.89,95.0639,97.4625,2.33
2013-07-08,,14.78,94.9954,97.3826,2.28
2013-07-09,,14.35,94.9467,97.0832,2.28
2013-07-10,,14.21,94.7595,97.1755,2.32
2013-07-11,,14.01,93.949,96.8014,2.26
2013-07-12,-0.637,13.84,94.0029,96.7945,2.24
2013-07-15,,13.79,93.9729,96.5433,2.23
2013-07-16,,14.42,93.5232,96.1871,2.21
2013-07-17,,13.78,93.5498,95.9922,2.2
2013-07-18,,13.77,93.681,96.1426,2.24
2013-07-19,-0.649,12.54,93.4759,96.1254,2.18
2013-07-22,,12.29,93.2253,96.0276,2.18
2013-07-23,,12.66,93.1631,96.0115,2.2
2013-07-24,,13.18,93.3124,96.3038,2.27
2013-07-25,,12.97,93.2862,96.383,2.29
2013-07-26,-0.661,12.72,93.1695,96.4583,2.27
2013-07-29,,13.39,93.1663,96.5624,2.28
2013-07-30,,13.39,93.3976,96.7967,2.3
2013-07-31,,13.45,93.5703,97.0957,2.29
2013-08-01,,12.94,93.7972,97.0342,2.39
2013-08-02,-0.669,11.98,93.5789,96.7411,2.33
2013-08-05,,11.84,93.507,96.6378,2.35
2013-08-06,,12.72,93.3199,96.549,2.35
2013-08-07,,12.98,93.2652,96.7102,2.29
2013-08-08,,12.73,92.8483,96.3818,2.28
2013-08-09,-0.673,13.41,92.8394,96.3019,2.25
2013-08-12,,12.81,92.9178,96.3435,2.29
2013-08-13,,12.31,93.476,96.8727,2.37
2013-08-14,,13.04,93.382,96.8315,2.37
2013-08-15,,14.73,93.5059,97.1161,2.41
2013-08-16,-0.672,14.37,93.4255,97.2114,2.48
2013-08-19,,15.1,93.6623,97.7787,2.52
2013-08-20,,14.91,93.5536,97.7869,2.46
2013-08-21,,15.94,94.0362,98.3121,2.49
2013-08-22,,14.76,94.2804,98.4175,2.48
2013-08-23,-0.668,13.98,93.9466,97.8132,2.42
2013-08-26,,14.99,94.1853,98.2163,2.38
2013-08-27,,16.77,94.3934,98.8889,2.34
2013-08-28,,16.49,94.4127,98.7239,2.38
2013-08-29,,16.81,94.6398,98.6308,2.36
2013-08-30,-0.664,17.01,94.7541,98.7104,2.39
2013-09-02,,,,,
2013-09-03,,16.61,94.9574,99.0225,2.43
2013-09-04,,15.88,94.5739,98.5885,2.44
2013-09-05,,15.77,94.8891,98.7801,2.46
2013-09-06,-0.663,15.85,94.2487,98.1152,2.48
2013-09-09,,15.63,94.0009,97.9618,2.45
2013-09-10,,14.53,93.938,97.7757,2.46
2013-09-11,,13.82,93.7112,97.5655,2.46
2013-09-12,,14.29,93.5903,97.5261,2.47
2013-09-13,-0.664,14.16,93.6666,97.4914,2.45
2013-09-16,,14.38,93.2875,97.1362,2.47
2013-09-17,,14.53,93.2231,97.0674,2.47
2013-09-18,,13.59,93.2569,97.1109,2.35
2013-09-19,,13.16,92.4082,96.1481,2.42
2013-09-20,-0.669,13.12,92.6049,96.3644,2.41
2013-09-23,,14.31,92.613,96.4945,2.37
2013-09-24,,14.08,92.7691,96.6728,2.32
2013-09-25,,14.01,92.7675,96.86,2.27
2013-09-26,,14.06,93.0096,97.0408,2.32
2013-09-27,-0.677,15.46,92.9747,97.3517,2.3
2013-09-30,,16.6,92.9207,97.3206,2.31
2013-10-01,,15.54,92.9515,97.3023,2.33
2013-10-02,,16.6,92.772,97.2046,2.32
2013-10-03,,17.67,92.7461,97.3365,2.29
2013-10-04,-0.686,16.74,92.6469,96.9151,2.33
2013-10-07,,19.41,92.6725,96.9666,2.28
2013-10-08,,20.34,92.7558,97.1292,2.26
2013-10-09,,19.6,93.0829,97.267,2.31
2013-10-10,,16.48,92.8579,96.8002,2.36
2013-10-11,-0.699,15.72,92.854,96.792,2.35
2013-10-14,,16.07,,,
2013-10-15,,18.66,92.7642,96.4512,2.38
2013-10-16,,14.71,92.6819,96.2577,2.35
2013-10-17,,13.48,92.0246,95.9278,2.28
2013-10-18,-0.713,13.04,91.9989,95.9795,2.27
2013-10-21,,13.16,92.2498,96.3478,2.3
2013-10-22,,13.33,91.9563,96.1336,2.23
2013-10-23,,13.42,92.0947,96.2348,2.2
2013-10-24,,13.2,92.1867,96.3727,2.2
2013-10-25,-0.726,13.09,92.1623,96.1567,2.21
2013-10-28,,13.31,92.1872,96.1438,2.22
2013-10-29,,13.41,92.301,96.1939,2.22
2013-10-30,,13.65,92.3057,96.1926,2.22
2013-10-31,,13.75,92.731,96.6356,2.26
2013-11-01,-0.738,13.28,93.155,96.9705,2.32
2013-11-04,,12.93,92.9359,96.7445,2.31
2013-11-05,,13.27,93.2112,97.1444,2.37
2013-11-06,,12.67,93.0943,97.1852,2.37
2013-11-07,,13.91,93.4003,97.3349,2.34
2013-11-08,-0.749,12.9,93.6619,97.4949,2.45
2013-11-11,,12.53,,,
2013-11-12,,12.82,93.7651,97.7018,2.46
2013-11-13,,12.52,93.4848,97.4223,2.43
2013-11-14,,12.37,93.4328,97.2055,2.4
2013-11-15,-0.758,12.19,93.2854,97.0443,2.4
2013-11-18,,13.1,92.9824,96.6603,2.36
2013-11-19,,13.39,93.0649,96.7273,2.42
2013-11-20,,13.4,93.2501,96.9767,2.52
2013-11-21,,12.66,93.5638,97.3438,2.5
2013-11-22,-0.764,12.26,93.4198,97.1683,2.44
2013-11-25,,12.79,93.5539,97.1504,2.44
2013-11-26,,12.81,93.5226,97.3221,2.42
2013-11-27,,12.98,93.6864,97.4647,2.46
2013-11-28,,,,,
2013-11-29,-0.77,13.7,93.6291,97.524,2.47
2013-12-02,,14.23,93.8856,97.7118,2.51
2013-12-03,,14.55,93.8251,97.8016,2.51
2013-12-04,,14.7,93.8997,97.6215,2.54
2013-12-05,,15.08,93.4954,97.361,2.58
2013-12-06,-0.773,13.79,93.4045,97.0473,2.58
2013-12-09,,13.49,93.1444,96.6664,2.56
2013-12-10,,13.91,,,2.51
2013-12-11,,15.42,93.0842,96.9508,2.55
2013-12-12,,15.54,93.4292,97.2338,2.55
2013-12-13,-0.776,15.76,93.3568,97.1183,2.54
2013-12-16,,16.03,93.2175,97.0376,2.55
2013-12-17,,16.21,93.302,97.0781,2.51
2013-12-18,,13.8,93.4207,97.2793,2.57
2013-12-19,,14.15,93.7368,97.396,2.59
2013-12-20,-0.778,13.79,93.7211,97.3987,2.52
2013-12-23,,13.04,93.572,97.3962,2.56
2013-12-24,,12.48,93.6734,97.4629,2.61
2013-12-25,,,,,
2013-12-26,,12.33,93.766,97.5681,2.58
2013-12-27,-0.779,12.46,93.7018,97.5268,2.62
2013-12-30,,13.56,93.4866,97.4346,2.6
2013-12-31,,13.72,93.5576,97.4769,2.66
2014-01-01,,,,,
2014-01-02,,14.23,93.8192,97.653,2.61
2014-01-03,-0.777,13.76,93.853,97.6439,2.6
2014-01-06,,13.55,93.9109,97.7167,2.58
2014-01-07,,12.92,94.0398,97.6524,2.56
2014-01-08,,12.87,94.2181,97.7371,2.58
2014-01-09,,12.89,94.3299,97.8669,2.53
2014-01-10,-0.774,12.14,94.0045,97.372,2.49
2014-01-13,,13.28,93.899,97.298,2.45
2014-01-14,,12.28,94.0303,97.4613,2.49
2014-01-15,,12.28,94.341,97.7189,2.49
2014-01-16,,12.53,94.5507,98.1125,2.45
2014-01-17,-0.77,12.44,94.5846,98.0078,2.44
2014-01-20,,,,,
2014-01-21,,12.87,94.679,98.2408,2.45
2014-01-22,,12.84,94.8479,98.3285,2.43
2014-01-23,,13.77,94.8415,98.6689,2.4
2014-01-24,-0.766,18.14,94.8555,98.959,2.38
2014-01-27,,17.42,94.9059,99.0562,2.41
2014-01-28,,15.8,94.88,98.7452,2.39
2014-01-29,,17.35,94.8621,98.7893,2.33
2014-01-30,,17.29,95.1294,98.7934,2.36
2014-01-31,-0.763,18.41,95.1774,98.9393,2.33
2014-02-03,,21.44,95.2469,99.3501,2.31
2014-02-04,,19.11,95.0438,98.9024,2.33
2014-02-05,,19.95,95.0285,98.8153,2.38
2014-02-06,,17.23,94.7177,98.5044,2.4
2014-02-07,-0.764,15.29,94.7457,98.694,2.41
2014-02-10,,15.26,94.7189,98.6739,2.38
2014-02-11,,14.51,94.6377,98.6062,2.4
2014-02-12,,14.3,94.6209,98.556,2.45
2014-02-13,,14.14,,,2.41
2014-02-14,-0.768,13.57,94.2711,98.337,2.43
2014-02-17,,,,,
2014-02-18,,13.87,94.1934,98.3688,2.4
2014-02-19,,15.5,94.38,98.5311,2.4
2014-02-20,,14.79,94.6571,98.6613,2.42
2014-02-21,-0.772,14.68,,,2.4
2014-02-24,,14.23,94.4042,98.4303,2.4
2014-02-25,,13.67,94.4735,98.582,2.36
2014-02-26,,14.35,94.7754,98.8085,2.34
2014-02-27,,14.04,94.6722,98.7726,2.32
2014-02-28,-0.776,14.0,94.3879,98.6424,2.33
2014-03-03,,16.0,,,2.28
2014-03-04,,14.1,94.6568,98.8038,2.37
2014-03-05,,13.89,94.4679,98.6267,2.37
2014-03-06,,14.21,93.9858,98.1427,2.37
2014-03-07,-0.779,14.11,94.2532,98.3701,2.42
2014-03-10,,14.2,94.3731,98.555,2.42
2014-03-11,,14.8,94.387,98.606,2.4
2014-03-12,,14.47,94.462,98.7854,2.36
2014-03-13,,16.22,94.1872,98.626,2.32
2014-03-14,-0.78,17.82,94.243,98.713,2.29
2014-03-17,,15.64,,,2.32
2014-03-18,,14.52,94.2631,98.7196,2.32
2014-03-19,,15.12,94.3752,98.7075,2.31
2014-03-20,,14.52,94.9986,99.2219,2.34
2014-03-21,-0.779,15.0,94.8547,99.0824,2.3
2014-03-24,,15.09,94.759,98.8434,2.27
2014-03-25,,14.02,94.6379,98.6766,2.28
2014-03-26,,14.93,94.5281,98.6243,2.26
2014-03-27,,14.62,94.3315,98.4293,2.24
2014-03-28,-0.776,14.41,94.3683,98.3665,2.28
2014-03-31,,13.88,94.2432,98.2515,2.29
2014-04-01,,13.1,94.1244,98.0605,2.33
2014-04-02,,13.09,94.3103,98.2491,2.35
2014-04-03,,13.37,94.512,98.4265,2.34
2014-04-04,-0.774,13.96,94.2191,98.0629,2.31
2014-04-07,,15.57,94.0881,97.9913,2.3
2014-04-08,,14.89,93.6579,97.6368,2.29
2014-04-09,,13.82,93.6716,97.7986,2.34
2014-04-10,,15.89,93.5123,97.7527,2.28
2014-04-11,-0.771,17.03,93.6395,97.8571,2.26
2014-04-14,,16.11,93.8046,97.939,2.28
2014-04-15,,15.61,93.9486,98.1401,2.25
2014-04-16,,14.18,93.9461,98.0033,2.26
2014-04-17,,13.36,93.8936,98.0119,2.3
2014-04-18,-0.769,,93.9629,97.9913,
2014-04-21,,13.25,94.0337,98.0529,2.31
2014-04-22,,13.19,94.0802,98.2085,2.28
2014-04-23,,13.27,94.149,98.3433,2.27
2014-04-24,,13.32,94.1294,98.3654,2.27
2014-04-25,-0.769,14.06,94.1623,98.4624,2.25
2014-04-28,,13.97,94.1374,98.4099,2.26
2014-04-29,,13.71,94.0295,98.2546,2.27
2014-04-30,,13.41,93.8896,98.2699,2.25
2014-05-01,,13.25,93.8707,98.1883,2.22
2014-05-02,-0.77,12.91,93.8182,98.0195,2.18
2014-05-05,,13.29,93.7334,97.9902,2.2
2014-05-06,,13.8,93.4324,97.8177,2.18
2014-05-07,,13.4,93.4337,97.7508,2.21
2014-05-08,,13.43,93.3686,97.5787,2.21
2014-05-09,-0.773,12.92,93.6614,97.688,2.22
2014-05-12,,12.23,93.6537,97.6588,2.25
2014-05-13,,12.13,93.6755,97.5242,2.22
2014-05-14,,12.17,93.5968,97.4201,2.15
2014-05-15,,13.17,93.7065,97.6585,2.12
2014-05-16,-0.777,12.44,93.6073,97.471,2.14
2014-05-19,,12.42,93.502,97.3451,2.18
2014-05-20,,12.96,93.6699,97.5407,2.17
2014-05-21,,11.91,93.7629,97.4809,2.17
2014-05-22,,12.03,93.6944,97.3832,2.19
2014-05-23,-0.783,11.36,93.7042,97.3659,2.17
2014-05-26,,,,,
2014-05-27,,11.51,93.8418,97.5768,2.13
2014-05-28,,11.68,93.8793,97.5825,2.07
2014-05-29,,11.57,93.6973,97.3769,2.08
2014-05-30,-0.789,11.4,93.7606,97.5221,2.11
2014-06-02,,11.58,94.0006,97.7515,2.15
2014-06-03,,11.87,94.0536,97.8442,2.19
2014-06-04,,12.08,94.1239,97.8945,2.2
2014-06-05,,11.68,93.9732,97.6652,2.19
2014-06-06,-0.793,10.73,93.9069,97.5848,2.19
2014-06-09,,11.15,93.9628,97.6243,2.19
2014-06-10,,10.99,94.0638,97.68,2.19
2014-06-11,,11.6,93.9744,97.6821,2.21
2014-06-12,,12.56,93.8155,97.5297,2.16
2014-06-13,-0.793,12.18,93.9168,97.6176,2.15
2014-06-16,,12.65,93.8639,97.7846,2.12
2014-06-17,,12.06,94.0829,98.0464,2.15
2014-06-18,,10.61,94.0525,97.9952,2.13
2014-06-19,,10.62,93.752,97.7611,2.16
2014-06-20,-0.79,10.85,93.7591,97.7713,2.13
2014-06-23,,10.98,93.628,97.6619,2.15
2014-06-24,,12.13,93.7093,97.7226,2.1
2014-06-25,,11.59,93.5851,97.7272,2.09
2014-06-26,,11.63,93.5471,97.6399,2.07
2014-06-27,-0.783,11.26,93.3983,97.5112,2.09
2014-06-30,,11.57,93.2058,97.37,2.06
2014-07-01,,11.15,93.1365,97.2814,2.11
2014-07-02,,10.82,93.2478,97.3617,2.15
2014-07-03,,10.32,93.3149,97.3428,2.13
2014-07-04,-0.773,,,,
2014-07-07,,11.33,93.3803,97.4148,2.11
2014-07-08,,11.98,93.323,97.3427,2.07
2014-07-09,,11.65,93.228,97.2453,2.06
2014-07-10,,12.59,93.3152,97.3685,2.09
2014-07-11,-0.761,12.08,93.4171,97.384,2.05
2014-07-14,,11.82,93.4101,97.3816,2.07
2014-07-15,,11.96,93.5796,97.4954,2.07
2014-07-16,,11.0,93.5991,97.4317,2.05
2014-07-17,,14.54,93.6586,97.5868,2.0
2014-07-18,-0.749,12.06,93.6608,97.5589,1.99
2014-07-21,,12.81,93.6069,97.4763,1.98
2014-07-22,,12.24,93.6306,97.3139,1.99
2014-07-23,,11.52,93.5951,97.2454,1.98
2014-07-24,,11.84,93.6836,97.3558,1.99
2014-07-25,-0.739,12.69,93.8294,97.3438,1.95
2014-07-28,,12.56,93.83,97.4218,1.96
2014-07-29,,13.28,94.0443,97.5481,1.93
2014-07-30,,13.33,94.3473,97.7734,2.01
2014-07-31,,16.95,94.4467,98.0721,2.05
2014-08-01,-0.73,17.03,94.4754,98.2034,2.05
2014-08-04,,15.12,94.448,98.0901,2.04
2014-08-05,,16.87,94.6754,98.2445,2.02
2014-08-06,,16.37,94.6092,98.2342,2.01
2014-08-07,,16.66,94.6364,98.3575,1.99
2014-08-08,-0.725,15.77,94.6027,98.2527,1.99
2014-08-11,,14.23,94.4767,98.0207,1.97
2014-08-12,,14.13,94.5211,98.0007,2.01
2014-08-13,,12.9,94.4681,97.8697,2.0
2014-08-14,,12.42,94.3508,97.729,1.98
2014-08-15,-0.724,13.15,94.2941,97.6945,1.92
2014-08-18,,12.32,94.2519,97.537,1.95
2014-08-19,,12.21,94.4356,97.5819,1.94
2014-08-20,,11.78,94.5937,97.6958,1.94
2014-08-21,,11.76,94.673,97.7681,1.92
2014-08-22,-0.724,11.47,94.8012,97.8553,1.87
2014-08-25,,11.7,94.9159,97.9267,1.86
2014-08-26,,11.63,94.8617,97.814,1.87
2014-08-27,,11.78,94.6863,97.6566,1.86
2014-08-28,,12.05,94.6947,97.7552,1.84
2014-08-29,-0.721,11.98,94.7251,97.7,1.87
2014-09-01,,,,,
2014-09-02,,12.25,95.063,97.9199,1.89
2014-09-03,,12.36,94.8709,97.7167,1.89
2014-09-04,,12.64,95.2641,97.7994,1.91
2014-09-05,-0.716,12.09,95.2203,97.7404,1.94
2014-09-08,,12.66,95.4167,97.7772,1.94
2014-09-09,,13.5,95.8811,98.2443,1.94
2014-09-10,,12.88,95.8641,98.3007,1.96
2014-09-11,,12.8,95.9184,98.3241,1.96
2014-09-12,-0.705,13.31,96.0748,98.5277,2.04
2014-09-15,,14.12,96.1195,98.6758,2.02
2014-09-16,,12.73,95.8483,98.4668,2.05
2014-09-17,,12.65,95.9106,98.5381,2.03
2014-09-18,,12.03,96.1284,98.7556,2.04
2014-09-19,-0.69,12.11,96.3417,98.7913,2.0
2014-09-22,,13.69,96.4625,98.9167,1.99
2014-09-23,,14.93,96.5112,98.9894,1.97
2014-09-24,,13.27,96.6574,98.9561,1.98
2014-09-25,,15.64,96.8988,99.2547,1.96
2014-09-26,-0.672,14.85,97.208,99.401,1.95
2014-09-29,,15.98,97.3523,99.803,1.92
2014-09-30,,16.31,97.5261,99.6781,1.94
2014-10-01,,16.71,97.5387,99.8048,1.89
2014-10-02,,16.16,97.3062,99.6758,1.91
2014-10-03,-0.656,14.55,97.9846,99.9038,1.88
2014-10-06,,15.46,97.5513,99.6278,1.89
2014-10-07,,17.2,97.4459,99.6462,1.84
2014-10-08,,15.11,97.4945,99.893,1.89
2014-10-09,,18.76,97.1711,99.4228,1.88
2014-10-10,-0.645,21.24,97.4144,99.6624,1.86
2014-10-13,,24.64,,,
2014-10-14,,22.79,97.3943,99.5449,1.82
2014-10-15,,26.25,97.3532,99.8786,1.81
2014-10-16,,25.2,97.2869,99.9936,1.82
2014-10-17,-0.637,21.99,97.3067,99.8145,1.83
2014-10-20,,18.57,97.2874,99.8158,1.83
2014-10-21,,16.08,97.2488,99.7157,1.85
2014-10-22,,17.87,97.459,99.8101,1.84
2014-10-23,,16.53,97.6047,99.926,1.88
2014-10-24,-0.638,16.11,97.4772,99.8578,1.88
2014-10-27,,16.04,97.5423,100.0708,1.86
2014-10-28,,14.39,97.2173,99.6986,1.88
2014-10-29,,15.15,97.0145,99.449,1.86
2014-10-30,,14.52,97.456,99.5331,1.84
2014-10-31,-0.643,14.03,98.1163,99.9431,1.85
2014-11-03,,14.73,98.5336,100.2656,1.84
2014-11-04,,14.89,98.5576,100.4055,1.83
2014-11-05,,14.17,98.8086,100.5618,1.84
2014-11-06,,13.67,99.1325,100.7266,1.85
2014-11-07,-0.65,13.12,99.0236,100.7232,1.81
2014-11-10,,12.67,98.9305,100.5934,1.83
2014-11-11,,12.92,,,
2014-11-12,,13.02,98.8897,100.7157,1.82
2014-11-13,,13.79,99.1045,100.9506,1.82
2014-11-14,-0.655,13.31,99.0917,100.9947,1.78
2014-11-17,,13.99,99.2188,101.0494,1.8
2014-11-18,,13.86,99.0185,100.9199,1.79
2014-11-19,,13.96,99.2424,101.1688,1.82
2014-11-20,,13.58,99.2554,101.1711,1.81
2014-11-21,-0.655,12.9,99.2894,101.0529,1.78
2014-11-24,,12.62,99.4227,101.246,1.77
2014-11-25,,12.25,99.2837,101.1844,1.76
2014-11-26,,12.07,99.1893,101.2701,1.71
2014-11-27,,,,,
2014-11-28,-0.648,13.33,100.0719,102.0959,1.71
2014-12-01,,14.29,99.8964,102.273,1.73
2014-12-02,,12.85,100.4478,102.6932,1.73
2014-12-03,,12.47,100.5696,102.6894,1.72
2014-12-04,,12.38,100.3931,102.7541,1.7
2014-12-05,-0.636,11.82,101.0989,103.3133,1.66
2014-12-08,,14.21,101.31,103.6253,1.62
2014-12-09,,14.89,100.8095,103.4702,1.58
2014-12-10,,18.53,101.0212,103.8032,1.59
2014-12-11,,20.08,101.4448,104.3222,1.57
2014-12-12,-0.616,21.08,101.3735,104.6188,1.54
2014-12-15,,20.42,101.674,104.9193,1.52
2014-12-16,,23.57,101.526,104.8539,1.49
2014-12-17,,19.44,101.5527,104.4306,1.52
2014-12-18,,16.81,101.7531,104.3837,1.55
2014-12-19,-0.593,16.49,102.0483,104.5625,1.5
2014-12-22,,15.25,101.9942,104.4335,1.46
2014-12-23,,14.8,102.348,104.7662,1.53
2014-12-24,,14.37,102.3028,104.7672,1.54
2014-12-25,,,,,
2014-12-26,-0.571,14.5,,,1.52
2014-12-29,,15.06,102.3767,104.8373,1.5
2014-12-30,,15.92,102.1019,104.5636,1.51
2014-12-31,,19.2,102.2843,104.5904,1.5
2015-01-01,,,,,
2015-01-02,-0.549,17.79,102.9027,104.9858,1.46
2015-01-05,,19.92,103.4976,105.6341,1.36
2015-01-06,,21.12,103.2938,105.3731,1.32
2015-01-07,,19.31,103.6316,105.2499,1.34
2015-01-08,,17.01,103.2799,104.672,1.41
2015-01-09,-0.53,17.55,103.1213,104.4547,1.39
2015-01-12,,19.6,103.2372,104.555,1.36
2015-01-13,,20.56,103.27,104.3998,1.37
2015-01-14,,21.48,103.0903,104.3229,1.35
2015-01-15,,22.39,103.0829,104.2831,1.33
2015-01-16,-0.516,20.95,103.2189,104.329,1.34
2015-01-19,,,,,
2015-01-20,,19.89,103.5233,104.576,1.29
2015-01-21,,18.85,103.7858,104.5846,1.34
2015-01-22,,16.4,103.9271,104.2139,1.37
2015-01-23,-0.508,16.66,104.3676,104.4282,1.29
2015-01-26,,15.52,104.4818,104.5248,1.29
2015-01-27,,17.22,104.1646,104.3356,1.29
2015-01-28,,20.44,104.4737,104.6944,1.23
2015-01-29,,18.76,105.2763,105.3721,1.26
2015-01-30,-0.506,20.97,105.5884,105.8521,1.21
2015-02-02,,19.43,105.2058,105.584,1.19
2015-02-03,,17.33,104.6063,105.1642,1.27
2015-02-04,,18.33,104.785,105.1953,1.29
2015-02-05,,16.85,104.4915,105.0625,1.31
2015-02-06,-0.508,17.29,105.1283,105.4945,1.3
2015-02-09,,18.55,104.9889,105.3681,1.31
2015-02-10,,17.23,105.2897,105.7194,1.34
2015-02-11,,16.96,105.7901,106.2199,1.33
2015-02-12,,15.34,104.9385,105.6253,1.38
2015-02-13,-0.514,14.69,104.8452,105.4741,1.36
2015-02-16,,,,,
2015-02-17,,15.8,,,1.44
2015-02-18,,15.45,105.2514,105.9352,1.45
2015-02-19,,15.29,105.1407,105.8761,1.44
2015-02-20,-0.522,14.3,105.3387,106.1643,1.46
2015-02-23,,14.56,105.5359,106.2742,1.42
2015-02-24,,13.69,105.5472,106.0453,1.39
2015-02-25,,13.84,105.0503,105.8213,1.35
2015-02-26,,13.91,105.5021,105.8528,1.37
2015-02-27,-0.53,13.34,105.5981,105.9409,1.37
2015-03-02,,13.04,105.8151,106.1557,1.42
2015-03-03,,13.86,105.5562,106.017,1.44
2015-03-04,,14.23,106.1333,106.5147,1.46
2015-03-05,,14.04,,,1.46
2015-03-06,-0.537,15.2,107.4337,107.4348,1.51
2015-03-09,,15.06,107.5199,107.6004,1.5
2015-03-10,,16.69,108.1165,108.0651,1.44
2015-03-11,,16.87,108.5235,107.8573,1.41
2015-03-12,,15.42,108.1741,107.5553,1.43
2015-03-13,-0.542,16.0,108.9174,108.254,1.45
2015-03-16,,15.61,108.6422,108.0235,1.44
2015-03-17,,15.66,108.5805,107.9526,1.36
2015-03-18,,13.97,108.408,107.7968,1.36
2015-03-19,,14.07,108.1826,107.3882,1.35
2015-03-20,-0.546,13.02,107.1671,106.7447,1.33
2015-03-23,,13.41,106.5022,106.2886,1.32
2015-03-24,,13.62,106.4401,106.0898,1.3
2015-03-25,,15.44,106.2636,106.112,1.34
2015-03-26,,15.8,106.5582,106.5004,1.4
2015-03-27,-0.549,15.07,106.8916,106.785,1.37
2015-03-30,,14.51,107.3941,106.9843,1.38
2015-03-31,,15.29,107.4396,106.8414,1.38
2015-04-01,,15.11,107.06,106.395,1.32
2015-04-02,,14.67,106.6738,106.1117,1.37
2015-04-03,-0.551,,105.8861,105.4879,1.36
2015-04-06,,14.74,105.7876,105.4145,1.41
2015-04-07,,14.78,106.4488,105.7542,1.37
2015-04-08,,13.98,106.4231,105.6721,1.38
2015-04-09,,13.09,107.0335,105.9034,1.41
2015-04-10,-0.554,12.58,107.4526,106.2975,1.39
2015-04-13,,13.94,107.7508,106.7806,1.4
2015-04-14,,13.67,107.0547,106.3422,1.37
2015-04-15,,12.84,107.1855,106.5271,1.4
2015-04-16,,12.6,106.2761,105.98,1.4
2015-04-17,-0.555,13.89,106.329,106.2208,1.36
2015-04-20,,13.3,106.4902,106.447,1.35
2015-04-21,,13.25,106.5582,106.4157,1.37
2015-04-22,,12.71,106.5815,106.3569,1.42
2015-04-23,,12.48,106.1658,106.1648,1.41
2015-04-24,-0.557,12.29,105.905,106.0701,1.39
2015-04-27,,13.12,105.6891,105.8983,1.4
2015-04-28,,12.41,105.1234,105.4718,1.44
2015-04-29,,13.39,104.5634,105.4601,1.5
2015-04-30,,14.55,105.312,106.16,1.47
2015-05-01,-0.557,12.7,105.6382,106.5648,1.52
2015-05-04,,12.85,105.6679,106.6408,1.56
2015-05-05,,14.31,105.2396,106.2453,1.57
2015-05-06,,15.15,104.6935,106.0303,1.6
2015-05-07,,15.13,105.1941,106.3721,1.55
2015-05-08,-0.556,12.86,104.8424,105.7949,1.57
2015-05-11,,13.85,105.3075,106.3407,1.66
2015-05-12,,13.86,104.8924,106.3203,1.67
2015-05-13,,13.76,104.3608,106.0493,1.68
2015-05-14,,12.74,104.2359,105.6767,1.67
2015-05-15,-0.555,12.38,104.0202,105.3707,1.59
2015-05-18,,12.73,104.6068,105.7761,1.65
2015-05-19,,12.85,105.3448,106.0698,1.64
2015-05-20,,12.88,105.5605,106.1524,1.66
2015-05-21,,12.11,105.3808,106.1427,1.59
2015-05-22,-0.555,12.13,105.8487,106.2754,1.57
2015-05-25,,,,,
2015-05-26,,14.06,106.7294,106.7873,1.5
2015-05-27,,13.27,106.908,106.9031,1.5
2015-05-28,,13.31,106.92,106.9643,1.51
2015-05-29,-0.554,13.84,106.7388,106.9655,1.51
2015-06-01,,13.97,107.2238,107.2302,1.55
2015-06-02,,14.24,106.4507,107.0631,1.63
2015-06-03,,13.66,106.1443,107.0474,1.69
2015-06-04,,14.71,106.4725,107.4563,1.65
2015-06-05,-0.552,14.21,107.1336,107.8877,1.68
2015-06-08,,15.29,106.7693,107.8702,1.69
2015-06-09,,14.47,106.2238,107.4757,1.7
2015-06-10,,13.22,105.8037,107.1386,1.75
2015-06-11,,12.85,106.0934,107.1841,1.66
2015-06-12,-0.551,13.78,105.9015,107.155,1.65
2015-06-15,,15.39,105.9989,107.2002,1.64
2015-06-16,,14.81,106.0473,107.2368,1.61
2015-06-17,,14.5,106.058,107.2825,1.65
2015-06-18,,13.19,105.102,106.5745,1.69
2015-06-19,-0.548,13.96,105.4496,106.8476,1.61
2015-06-22,,12.74,105.3846,106.7363,1.69
2015-06-23,,12.11,105.9678,106.949,1.72
2015-06-24,,13.26,106.2522,107.1172,1.7
2015-06-25,,14.01,106.1515,107.2569,1.72
2015-06-26,-0.545,14.02,106.4116,107.5464,1.77
2015-06-29,,18.85,106.3785,107.7444,1.69
2015-06-30,,18.23,106.5191,107.6951,1.71
2015-07-01,,16.09,107.0101,107.9486,1.74
2015-07-02,,16.79,106.9106,107.7232,1.76
2015-07-03,-0.54,,,,
2015-07-06,,17.01,107.1343,108.008,1.7
2015-07-07,,16.09,107.785,108.4001,1.69
2015-07-08,,19.66,107.4734,108.3955,1.67
2015-07-09,,19.97,107.5595,108.3051,1.72
2015-07-10,-0.534,16.83,107.213,108.0731,1.77
2015-07-13,,13.9,107.5849,108.1207,1.75
2015-07-14,,13.37,107.4843,108.02,1.75
2015-07-15,,13.23,108.0149,108.3493,1.72
2015-07-16,,12.11,108.1726,108.381,1.69
2015-07-17,-0.529,11.95,108.5374,108.7372,1.66
2015-07-20,,12.25,108.6944,109.0296,1.67
2015-07-21,,12.22,108.3893,108.8201,1.64
2015-07-22,,12.12,108.7817,109.2719,1.58
2015-07-23,,12.64,108.7565,109.5237,1.57
2015-07-24,-0.518,13.74,109.0174,109.9077,1.57
2015-07-27,,15.6,108.6924,110.0284,1.55
2015-07-28,,13.44,108.6881,109.9516,1.57
2015-07-29,,12.5,108.604,109.7345,1.59
2015-07-30,,12.13,109.4328,110.5166,1.56
2015-07-31,-0.502,12.12,108.7819,109.7422,1.53
2015-08-03,,12.56,109.214,110.0547,1.48
2015-08-04,,13.0,109.2244,110.1231,1.49
2015-08-05,,12.51,109.842,110.7134,1.55
2015-08-06,,13.77,109.722,110.7024,1.52
2015-08-07,-0.481,13.39,109.4376,110.3473,1.45
2015-08-10,,12.23,109.1931,110.1797,1.51
2015-08-11,,13.71,109.9464,111.5528,1.47
2015-08-12,,13.61,109.4655,111.895,1.47
2015-08-13,,13.49,109.9025,112.2073,1.47
2015-08-14,-0.458,12.83,109.9174,112.1399,1.47
2015-08-17,,13.02,110.1435,112.4214,1.44
2015-08-18,,13.79,110.2504,112.5022,1.46
2015-08-19,,15.25,110.4333,112.8211,1.45
2015-08-20,,19.14,110.1077,113.0642,1.4
2015-08-21,-0.433,28.03,110.1443,113.7993,1.41
2015-08-24,,40.74,109.9306,114.4939,1.42
2015-08-25,,36.02,110.3394,114.208,1.45
2015-08-26,,30.32,110.5807,114.5077,1.51
2015-08-27,,26.1,110.4834,113.6857,1.5
2015-08-28,-0.411,26.05,110.6714,113.5337,1.47
2015-08-31,,28.43,110.5621,113.4603,1.47
2015-09-01,,31.4,110.4506,113.732,1.47
2015-09-02,,26.09,110.7979,113.9756,1.48
2015-09-03,,25.61,110.8566,113.7354,1.47
2015-09-04,-0.397,27.8,111.1018,114.1411,1.42
2015-09-07,,,,,
2015-09-08,,24.9,110.7942,114.0668,1.46
2015-09-09,,26.23,110.9225,114.0451,1.46
2015-09-10,,24.37,110.6331,113.983,1.48
2015-09-11,-0.391,23.2,110.6109,114.0775,1.49
2015-09-14,,24.25,110.5005,113.9022,1.45
2015-09-15,,22.54,110.6394,113.8516,1.46
2015-09-16,,21.35,110.1021,113.2915,1.48
2015-09-17,,21.14,110.1212,113.2867,1.51
2015-09-18,-0.391,22.28,109.8165,113.2038,1.44
2015-09-21,,20.14,110.6414,113.8235,1.48
2015-09-22,,22.44,111.1967,114.4971,1.45
2015-09-23,,22.13,111.6287,115.2122,1.46
2015-09-24,,23.47,111.4454,115.2111,1.46
2015-09-25,-0.396,23.62,111.3725,114.6807,1.47
2015-09-28,,27.63,111.3914,114.9315,1.43
2015-09-29,,26.83,111.5219,115.1069,1.41
2015-09-30,,24.5,111.3311,114.3737,1.42
2015-10-01,,22.55,111.0439,114.4021,1.41
2015-10-02,-0.407,20.94,110.7006,114.147,1.41
2015-10-05,,19.54,110.4445,113.4994,1.46
2015-10-06,,19.4,110.1371,113.3394,1.44
2015-10-07,,18.4,109.8162,112.7885,1.43
2015-10-08,,17.42,109.6452,112.6405,1.47
2015-10-09,-0.424,17.08,109.0782,112.0077,1.47
2015-10-12,,16.17,,,
2015-10-13,,17.67,109.4119,112.6534,1.42
2015-10-14,,18.03,109.1244,112.5334,1.42
2015-10-15,,16.05,108.6671,111.9034,1.43
2015-10-16,-0.44,15.05,108.9956,112.0503,1.43
2015-10-19,,14.98,109.3858,112.5375,1.43
2015-10-20,,15.75,109.3368,112.6215,1.42
2015-10-21,,16.7,109.7746,113.0577,1.4
2015-10-22,,14.45,110.0342,112.6871,1.43
2015-10-23,-0.454,14.46,110.4329,112.6568,1.43
2015-10-26,,15.29,110.2089,112.4785,1.41
2015-10-27,,15.43,110.4875,112.7828,1.4
2015-10-28,,14.33,110.2334,112.4876,1.37
2015-10-29,,14.61,110.8083,113.0362,1.44
2015-10-30,-0.464,15.07,110.2079,112.569,1.41
2015-11-02,,14.15,110.2188,112.4965,1.43
2015-11-03,,14.54,110.244,112.1118,1.43
2015-11-04,,15.51,110.7139,112.5096,1.41
2015-11-05,,15.05,110.8302,112.6224,1.41
2015-11-06,-0.468,14.33,111.7603,113.2503,1.44
2015-11-09,,16.52,111.9112,113.7996,1.47
2015-11-10,,15.29,111.9919,113.6093,1.45
2015-11-11,,16.06,,,
2015-11-12,,18.37,111.7965,113.6214,1.43
2015-11-13,-0.464,20.08,112.0264,113.791,1.42
2015-11-16,,18.16,112.2199,114.0429,1.39
2015-11-17,,18.84,112.3141,113.9317,1.39
2015-11-18,,16.85,112.3663,113.9502,1.37
2015-11-19,,16.99,111.5749,113.2845,1.33
2015-11-20,-0.454,15.47,111.7799,113.0658,1.33
2015-11-23,,15.62,112.1125,113.3278,1.31
2015-11-24,,15.93,111.7638,113.0082,1.31
2015-11-25,,15.19,111.8936,113.1323,1.3
2015-11-26,,,,,
2015-11-27,-0.439,15.12,112.2824,113.5378,1.3
2015-11-30,,16.13,112.34,113.5789,1.27
2015-12-01,,14.67,112.1134,113.3605,1.24
2015-12-02,,15.91,112.3715,113.536,1.24
2015-12-03,,18.11,111.6407,113.6253,1.37
2015-12-04,-0.419,14.81,111.5463,113.4661,1.32
2015-12-07,,15.84,112.3056,114.3666,1.29
2015-12-08,,17.6,112.5485,114.7856,1.3
2015-12-09,,19.61,112.1918,114.8028,1.29
2015-12-10,,19.34,112.2672,114.8898,1.29
2015-12-11,-0.395,24.39,112.7147,115.8534,1.25
2015-12-14,,22.73,112.7521,115.9308,1.26
2015-12-15,,20.95,112.8609,115.4209,1.3
2015-12-16,,17.86,112.9864,115.5953,1.28
2015-12-17,,18.94,113.8177,116.0148,1.24
2015-12-18,-0.371,20.7,113.2837,115.6192,1.22
2015-12-21,,18.7,113.4144,115.9327,1.24
2015-12-22,,16.6,113.211,115.8792,1.25
2015-12-23,,15.57,113.1847,115.581,1.26
2015-12-24,,15.74,113.0496,115.858,1.22
2015-12-25,-0.349,,,,
2015-12-28,,16.91,113.0461,115.8032,1.19
2015-12-29,,16.08,113.1664,115.7861,1.23
2015-12-30,,17.29,113.4707,116.3211,1.23
2015-12-31,,18.21,113.3429,115.8546,1.21
2016-01-01,-0.329,,,,
2016-01-04,,20.7,114.1595,116.9684,1.22
2016-01-05,,19.34,114.2649,116.8649,1.21
2016-01-06,,20.59,114.6177,117.4278,1.19
2016-01-07,,24.99,114.6516,118.0025,1.2
2016-01-08,-0.312,27.01,115.0095,118.611,1.19
2016-01-11,,24.3,115.0139,118.5311,1.23
2016-01-12,,22.47,115.3128,118.557,1.19
2016-01-13,,25.22,115.1425,118.329,1.17
2016-01-14,,23.95,115.3846,118.5733,1.2
2016-01-15,-0.296,27.02,115.7404,119.4018,1.18
2016-01-18,,,,,
2016-01-19,,26.05,115.8155,119.1441,1.18
2016-01-20,,27.59,116.3498,120.1801,1.16
2016-01-21,,26.69,115.9833,119.8132,1.18
2016-01-22,-0.284,22.34,,,1.19
2016-01-25,,24.15,,,1.15
2016-01-26,,22.5,,,1.16
2016-01-27,,23.11,115.5087,119.3511,1.18
2016-01-28,,22.42,115.2224,119.1753,1.17
2016-01-29,-0.276,20.2,115.5731,118.8798,1.18
2016-02-01,,19.98,115.3331,118.966,1.16
2016-02-02,,21.98,115.553,119.5374,1.12
2016-02-03,,21.65,114.6144,119.2291,1.16
2016-02-04,,21.84,113.6012,118.3103,1.17
2016-02-05,-0.272,23.38,114.2935,118.8963,1.12
2016-02-08,,26.0,114.4351,119.3996,1.09
2016-02-09,,26.54,114.127,119.6827,1.05
2016-02-10,,26.29,114.2877,119.5215,1.0
2016-02-11,,28.14,114.1845,120.3,0.99
2016-02-12,-0.272,25.4,114.2992,120.0616,1.03
2016-02-15,,,,,
2016-02-16,,24.11,114.4905,119.6685,1.04
2016-02-17,,22.31,113.8634,118.7888,1.07
2016-02-18,,21.64,113.8897,118.6398,1.04
2016-02-19,-0.283,20.53,113.9558,118.9171,1.0
2016-02-22,,19.38,113.8232,118.2114,0.99
2016-02-23,,20.98,114.177,118.7272,0.98
2016-02-24,,20.72,114.1716,118.8308,1.0
2016-02-25,,19.11,113.9222,118.6096,0.99
2016-02-26,-0.298,19.81,114.3708,118.9184,0.96
2016-02-29,,20.55,114.2418,118.6387,0.96
2016-03-01,,17.7,113.9265,118.0553,0.98
2016-03-02,,17.09,113.7965,117.8031,0.99
2016-03-03,,16.7,113.2482,117.4538,0.98
2016-03-04,-0.318,16.86,112.6387,116.6681,1.0
2016-03-07,,17.35,112.6219,116.7589,1.0
2016-03-08,,18.67,112.8465,117.219,0.95
2016-03-09,,18.34,112.4268,116.6873,1.0
2016-03-10,,18.05,112.4191,116.9698,1.0
2016-03-11,-0.337,16.5,111.741,116.1562,1.01
2016-03-14,,16.92,112.1688,116.4254,1.0
2016-03-15,,16.84,112.5545,117.0223,0.99
2016-03-16,,14.99,112.7759,117.112,1.07
2016-03-17,,14.44,110.445,115.0665,1.04
2016-03-18,-0.355,14.02,110.4002,114.8866,1.04
2016-03-21,,13.79,110.737,115.11,1.05
2016-03-22,,14.17,110.7877,114.9428,1.03
2016-03-23,,14.94,111.5473,115.6714,1.01
2016-03-24,,14.74,111.816,116.0005,1.02
2016-03-25,-0.367,,111.7698,115.8518,
2016-03-28,,15.24,111.3578,115.4967,1.0
2016-03-29,,13.82,111.3736,115.6063,1.03
2016-03-30,,13.56,110.2301,114.5177,1.07
2016-03-31,,13.95,109.9191,114.1488,1.05
2016-04-01,-0.377,13.1,110.2977,114.6042,1.03
2016-04-04,,14.12,110.3987,114.9873,1.03
2016-04-05,,15.42,110.9478,115.7181,1.01
2016-04-06,,14.09,110.5347,115.4837,1.03
2016-04-07,,16.16,110.8876,115.9232,1.0
2016-04-08,-0.382,15.36,110.4213,115.448,1.02
2016-04-11,,16.26,109.9758,114.9482,1.03
2016-04-12,,14.85,109.816,114.7813,1.05
2016-04-13,,13.84,110.1436,114.867,1.02
2016-04-14,,13.72,110.1691,114.6884,1.03
2016-04-15,-0.385,13.62,110.1933,114.9309,1.02
2016-04-18,,13.35,109.9892,114.7876,1.03
2016-04-19,,13.24,109.2782,114.0356,1.02
2016-04-20,,13.28,109.3926,114.0738,1.05
2016-04-21,,13.95,109.8533,114.611,1.06
2016-04-22,-0.387,13.22,110.2331,114.9739,1.05
2016-04-25,,14.08,110.1865,115.1582,1.06
2016-04-26,,13.96,109.7496,114.6971,1.08
2016-04-27,,13.77,109.8483,114.7476,1.04
2016-04-28,,15.22,109.2148,114.1017,1.06
2016-04-29,-0.386,15.7,108.8274,114.0341,1.06
2016-05-02,,14.68,108.671,114.136,1.08
2016-05-03,,15.6,109.3613,115.0352,1.06
2016-05-04,,16.05,109.9952,115.5738,1.04
2016-05-05,,15.91,110.2417,115.7549,1.04
2016-05-06,-0.384,14.72,110.3801,115.9392,1.05
2016-05-09,,14.57,110.9466,116.5715,1.05
2016-05-10,,13.63,110.8225,116.2551,1.05
2016-05-11,,14.69,110.2806,115.8327,0.99
2016-05-12,,14.41,110.6935,116.2866,0.99
2016-05-13,-0.381,15.04,111.2521,116.7163,0.95
2016-05-16,,14.68,111.1217,116.7827,0.96
2016-05-17,,15.57,111.0867,116.8277,0.94
2016-05-18,,15.95,111.4995,117.2981,0.97
2016-05-19,,16.33,112.2331,117.9949,0.96
2016-05-20,-0.377,15.2,112.1822,117.6159,0.96
2016-05-23,,15.82,112.284,117.7958,0.93
2016-05-24,,14.42,112.2912,117.7928,0.94
2016-05-25,,13.9,112.2001,117.7564,0.95
2016-05-26,,13.43,111.8979,117.5928,0.96
2016-05-27,-0.372,13.12,112.0822,117.6824,0.95
2016-05-30,,,,,
2016-05-31,,14.19,112.4276,117.924,0.97
2016-06-01,,14.2,112.462,118.2094,0.94
2016-06-02,,13.63,112.4564,118.3025,0.92
2016-06-03,-0.366,13.47,111.4451,117.7056,0.93
2016-06-06,,13.65,111.2295,117.507,0.93
2016-06-07,,14.05,110.8378,117.0237,0.94
2016-06-08,,14.08,110.1916,116.2369,0.93
2016-06-09,,14.64,110.6168,116.6591,0.91
2016-06-10,-0.36,17.03,111.1027,117.26,0.91
2016-06-13,,20.97,111.5036,117.9727,0.89
2016-06-14,,20.5,111.9826,118.4838,0.88
2016-06-15,,20.14,111.7671,118.0494,0.91
2016-06-16,,19.37,112.2347,118.4864,0.87
2016-06-17,-0.353,19.41,111.5332,118.0613,0.92
2016-06-20,,18.37,110.8693,117.4645,0.93
2016-06-21,,18.48,111.0077,117.4717,0.95
2016-06-22,,21.17,110.7681,117.0886,0.94
2016-06-23,,17.25,110.262,116.529,0.96
2016-06-24,-0.349,25.76,112.1355,118.2829,0.93
2016-06-27,,23.85,113.1301,119.1995,0.85
2016-06-28,,18.75,112.7545,118.4206,0.85
2016-06-29,,16.64,111.8597,117.3285,0.88
2016-06-30,,15.63,112.1618,117.2949,0.91
2016-07-01,-0.347,14.77,111.6509,117.1037,0.87
2016-07-04,,,,,
2016-07-05,,15.58,112.4231,118.1564,0.81
2016-07-06,,14.96,112.5438,118.2521,0.8
2016-07-07,,14.76,112.5775,118.3647,0.82
2016-07-08,-0.35,13.2,112.3963,117.6819,0.76
2016-07-11,,13.54,112.5254,117.5935,0.77
2016-07-12,,13.55,112.1102,117.0906,0.84
2016-07-13,,13.04,112.0266,117.2597,0.8
2016-07-14,,12.82,111.7692,116.8092,0.85
2016-07-15,-0.356,12.67,112.2833,117.3078,0.89
2016-07-18,,12.44,112.2463,117.3239,0.91
2016-07-19,,11.97,112.638,117.5422,0.86
2016-07-20,,11.77,112.6743,117.528,0.86
2016-07-21,,12.74,112.6239,117.5508,0.87
2016-07-22,-0.362,12.02,112.989,117.6175,0.86
2016-07-25,,12.87,113.1784,118.0221,0.86
2016-07-26,,13.05,113.0593,117.9996,0.82
2016-07-27,,12.83,113.217,118.1143,0.79
2016-07-28,,12.72,112.7393,117.9539,0.8
2016-07-29,-0.367,11.87,111.874,117.3811,0.79
2016-08-01,,12.44,111.9757,117.4306,0.84
2016-08-02,,13.37,111.7124,117.4673,0.88
2016-08-03,,12.86,111.9419,117.6265,0.88
2016-08-04,,12.42,111.9149,117.4239,0.87
2016-08-05,-0.37,11.39,112.3589,117.5314,0.87
2016-08-08,,11.5,112.1456,116.9739,0.85
2016-08-09,,11.66,111.722,116.4181,0.84
2016-08-10,,12.05,111.3238,116.1312,0.81
2016-08-11,,11.68,111.1954,115.9511,0.81
2016-08-12,-0.371,11.55,111.1787,116.0932,0.8
2016-08-15,,11.81,110.9212,115.6808,0.83
2016-08-16,,12.64,110.4295,115.43,0.81
2016-08-17,,12.19,110.9459,116.3313,0.82
2016-08-18,,11.43,110.3134,115.7944,0.82
2016-08-19,-0.369,11.34,110.8163,116.4051,0.82
2016-08-22,,12.27,110.9997,116.6317,0.79
2016-08-23,,12.38,110.9414,116.6368,0.81
2016-08-24,,13.45,111.2958,117.0458,0.8
2016-08-25,,13.63,111.1726,116.7999,0.8
2016-08-26,-0.363,13.65,111.2035,116.5729,0.78
2016-08-29,,12.94,111.8775,117.298,0.76
2016-08-30,,13.12,112.2928,117.7079,0.77
2016-08-31,,13.42,112.4036,117.7733,0.78
2016-09-01,,13.48,112.1733,117.7185,0.79
2016-09-02,-0.356,11.98,112.0009,117.3702,0.8
2016-09-05,,,,,
2016-09-06,,12.02,110.9613,116.4294,0.81
2016-09-07,,11.94,110.9717,116.3397,0.8
2016-09-08,,12.51,111.2609,116.8319,0.83
2016-09-09,-0.35,17.5,111.9879,117.654,0.88
2016-09-12,,15.16,112.1516,118.1475,0.89
2016-09-13,,17.85,112.5207,118.5567,0.93
2016-09-14,,18.14,112.4678,118.535,0.93
2016-09-15,,16.3,112.4753,118.5869,0.97
2016-09-16,-0.345,15.37,113.1765,119.3251,0.93
2016-09-19,,15.53,112.903,118.9879,0.91
2016-09-20,,15.92,113.1848,119.3773,0.9
2016-09-21,,13.3,112.9842,119.2282,0.87
2016-09-22,,12.02,112.2592,118.5107,0.84
2016-09-23,-0.343,12.29,112.7166,118.9303,0.85
2016-09-26,,14.5,112.7112,119.1807,0.83
2016-09-27,,13.1,112.5515,118.4675,0.81
2016-09-28,,12.39,112.6283,118.5793,0.82
2016-09-29,,14.02,112.2879,118.2954,0.83
2016-09-30,-0.346,13.29,112.2795,118.2512,0.83
2016-10-03,,13.57,112.5077,118.3094,0.83
2016-10-04,,13.63,112.6579,118.2517,0.87
2016-10-05,,12.99,112.7946,118.3209,0.87
2016-10-06,,12.84,113.0066,118.3243,0.89
2016-10-07,-0.353,13.48,113.2915,118.5187,0.9
2016-10-10,,13.38,,,
2016-10-11,,15.36,113.4461,118.3549,0.9
2016-10-12,,15.91,113.7442,118.4737,0.92
2016-10-13,,16.69,113.6238,118.6205,0.9
2016-10-14,-0.362,16.12,113.7119,118.6299,0.96
2016-10-17,,16.21,113.5488,118.4793,0.96
2016-10-18,,15.28,113.1393,117.8728,0.93
2016-10-19,,14.41,113.0547,117.6237,0.95
2016-10-20,,13.75,113.4033,117.8231,0.92
2016-10-21,-0.373,13.34,113.9015,118.1569,0.9
2016-10-24,,13.02,113.8571,117.9868,0.93
2016-10-25,,13.46,113.6801,117.7224,0.91
2016-10-26,,14.24,113.8131,118.0908,0.93
2016-10-27,,15.36,114.1998,118.5535,0.98
2016-10-28,-0.386,16.19,114.0931,118.4012,1.0
2016-10-31,,17.06,114.0188,118.4619,0.98
2016-11-01,,18.56,113.9915,118.9562,1.0
2016-11-02,,19.32,113.9206,119.46,1.0
2016-11-03,,22.08,113.7664,119.173,1.01
2016-11-04,-0.398,22.51,113.5828,118.9786,0.99
2016-11-07,,18.71,113.5443,118.2316,1.01
2016-11-08,,18.74,113.3017,117.7593,1.01
2016-11-09,,14.38,114.6956,120.1813,1.17
2016-11-10,,14.74,115.9375,122.0032,1.23
2016-11-11,-0.412,14.17,,,
2016-11-14,,14.48,117.2245,123.3233,1.23
2016-11-15,,13.37,116.7724,122.5184,1.21
2016-11-16,,13.72,116.8062,122.5785,1.22
2016-11-17,,13.35,116.8952,122.4363,1.25
2016-11-18,-0.425,12.85,117.5936,123.0752,1.27
2016-11-21,,12.42,117.4762,123.0986,1.25
2016-11-22,,12.41,117.4508,123.0987,1.24
2016-11-23,,12.43,118.0356,123.768,1.24
2016-11-24,,,,,
2016-11-25,-0.436,12.34,118.02,123.7303,1.24
2016-11-28,,13.15,117.7278,123.3949,1.21
2016-11-29,,12.9,117.644,123.4095,1.21
2016-11-30,,13.33,117.7636,123.1512,1.26
2016-12-01,,14.07,117.6642,123.5965,1.31
2016-12-02,-0.446,14.12,117.3116,123.2924,1.29
2016-12-05,,12.14,117.1008,123.1686,1.26
2016-12-06,,11.79,116.9225,122.7698,1.27
2016-12-07,,12.22,116.672,122.4922,1.24
2016-12-08,,12.64,117.0327,122.553,1.28
2016-12-09,-0.455,11.75,117.2834,122.7041,1.32
2016-12-12,,12.64,116.9161,122.3953,1.34
2016-12-13,,12.72,116.8029,122.3827,1.31
2016-12-14,,13.19,116.7332,122.387,1.27
2016-12-15,,12.79,118.8072,123.7085,1.31
2016-12-16,-0.461,12.2,118.3584,123.4953,1.32
2016-12-19,,11.71,118.3875,123.4583,1.3
2016-12-20,,11.45,118.63,123.4902,1.32
2016-12-21,,11.27,118.581,123.5056,1.34
2016-12-22,,11.43,118.8209,123.9349,1.33
2016-12-23,-0.467,11.44,118.7856,123.6394,1.33
2016-12-26,,,,,
2016-12-27,,11.99,118.9506,123.9292,1.29
2016-12-28,,12.95,119.2305,124.1167,1.25
2016-12-29,,13.37,118.6637,123.8261,1.27
2016-12-30,-0.473,14.04,118.3466,123.7161,1.25
2017-01-02,,,,,
2017-01-03,,12.85,119.0903,124.335,1.23
2017-01-04,,11.85,118.8803,124.661,1.22
2017-01-05,,11.67,117.9999,124.0784,1.2
2017-01-06,-0.479,11.32,118.3495,124.2931,1.2
2017-01-09,,11.56,118.4111,124.4562,1.17
2017-01-10,,11.49,118.5386,124.7667,1.19
2017-01-11,,11.26,119.0219,125.2841,1.18
2017-01-12,,11.54,117.8001,124.2968,1.18
2017-01-13,-0.484,11.23,117.9884,124.2944,1.19
2017-01-16,,,,,
2017-01-17,,11.87,117.2656,123.8449,1.16
2017-01-18,,12.48,117.7242,124.3091,1.19
2017-01-19,,12.78,118.3182,124.6259,1.22
2017-01-20,-0.489,11.54,,,1.28
2017-01-23,,11.77,117.2479,123.5953,1.25
2017-01-24,,11.07,117.0516,123.5074,1.26
2017-01-25,,10.81,116.9355,123.5286,1.3
2017-01-26,,10.63,117.2766,123.6273,1.3
2017-01-27,-0.493,10.58,117.0735,123.195,1.27
2017-01-30,,11.88,116.7325,122.6317,1.27
2017-01-31,,11.99,116.2241,122.5594,1.26
2017-02-01,,11.81,116.3914,122.5527,1.26
2017-02-02,,11.93,115.903,121.9919,1.27
2017-02-03,-0.495,10.97,115.6259,121.3772,1.28
2017-02-06,,11.37,116.0504,121.6281,1.26
2017-02-07,,11.29,116.4082,122.0978,1.24
2017-02-08,,11.45,116.1382,121.7901,1.19
2017-02-09,,10.88,116.306,121.6641,1.2
2017-02-10,-0.496,10.85,116.148,121.4781,1.21
2017-02-13,,11.07,116.3427,121.5728,1.23
2017-02-14,,10.74,116.3949,121.3868,1.22
2017-02-15,,11.97,116.2162,121.1903,1.24
2017-02-16,,11.76,116.0067,121.262,1.23
2017-02-17,-0.496,11.49,116.4035,121.7097,1.21
2017-02-20,,,,,
2017-02-21,,11.57,116.5921,121.6575,1.21
2017-02-22,,11.74,116.2136,120.7877,1.2
2017-02-23,,11.71,115.6527,120.2112,1.2
2017-02-24,-0.493,11.47,115.8143,120.5162,1.19
2017-02-27,,12.09,115.6764,120.4463,1.16
2017-02-28,,12.92,116.0032,120.6905,1.14
2017-03-01,,12.54,116.438,120.7411,1.17
2017-03-02,,11.81,116.8429,121.0257,1.17
2017-03-03,-0.491,10.96,116.6438,120.6564,1.17
2017-03-06,,11.24,116.4313,120.4906,1.18
2017-03-07,,11.45,116.4303,120.4215,1.2
2017-03-08,,11.86,116.875,120.8359,1.21
2017-03-09,,12.3,116.9959,121.1806,1.23
2017-03-10,-0.489,11.66,116.616,120.812,1.22
2017-03-13,,11.35,116.4004,120.6115,1.22
2017-03-14,,12.3,116.5646,120.7389,1.2
2017-03-15,,11.63,116.3584,120.343,1.18
2017-03-16,,11.21,115.4456,119.7654,1.18
2017-03-17,-0.486,11.28,115.2783,119.3641,1.17
2017-03-20,,11.34,115.0426,118.9865,1.17
2017-03-21,,12.47,114.8119,119.0538,1.16
2017-03-22,,12.81,114.7937,119.0267,1.13
2017-03-23,,13.12,114.7899,119.0129,1.15
2017-03-24,-0.485,12.96,114.6372,118.6585,1.14
2017-03-27,,12.5,114.2347,118.3853,1.11
2017-03-28,,11.53,114.419,118.5561,1.12
2017-03-29,,11.42,114.7167,118.5105,1.13
2017-03-30,,11.54,114.5245,118.2573,1.14
2017-03-31,-0.486,12.37,114.7938,118.5918,1.13
2017-04-03,,12.38,114.8734,118.3815,1.11
2017-04-04,,11.79,115.0038,118.5937,1.11
2017-04-05,,12.89,114.9494,118.4572,1.1
2017-04-06,,12.39,115.0181,118.5661,1.1
2017-04-07,-0.489,12.87,115.0547,118.4415,1.09
2017-04-10,,14.05,115.11,118.6064,1.08
2017-04-11,,15.07,115.009,118.7012,1.08
2017-04-12,,15.77,114.9162,118.6282,1.04
2017-04-13,,15.96,114.5059,118.0754,1.03
2017-04-14,-0.495,,114.5368,118.0895,
2017-04-17,,14.66,114.3283,118.0105,1.05
2017-04-18,,14.42,114.2575,117.9998,1.0
2017-04-19,,14.93,114.7923,118.7817,1.02
2017-04-20,,14.15,114.6205,118.6524,1.03
2017-04-21,-0.503,14.63,114.8128,118.6918,1.04
2017-04-24,,10.84,114.3659,118.319,1.03
2017-04-25,,10.76,114.5111,118.6942,1.06
2017-04-26,,10.85,114.9479,119.2167,1.04
2017-04-27,,10.36,114.9946,119.2025,1.05
2017-04-28,-0.513,10.82,114.7877,118.9126,1.01
2017-05-01,,10.11,114.5921,118.5808,1.05
2017-05-02,,10.59,114.6792,118.5323,1.02
2017-05-03,,10.68,114.6637,118.5538,1.03
2017-05-04,,10.46,114.9076,119.0812,1.04
2017-05-05,-0.523,10.57,114.7725,119.0938,1.04
2017-05-08,,9.77,115.0895,119.3147,1.06
2017-05-09,,9.96,115.3933,119.4465,1.05
2017-05-10,,10.21,115.1145,119.0451,1.06
2017-05-11,,10.6,115.0669,118.8363,1.04
2017-05-12,-0.533,10.4,114.7479,118.4699,1.04
2017-05-15,,10.42,114.3504,118.0846,1.03
2017-05-16,,10.65,113.9923,117.9533,1.04
2017-05-17,,15.59,113.7506,118.0097,0.96
2017-05-18,,14.66,114.2683,119.1997,0.96
2017-05-19,-0.542,12.04,113.7001,118.3729,0.95
2017-05-22,,10.93,113.5442,118.3734,0.96
2017-05-23,,10.72,113.6862,118.4561,0.98
2017-05-24,,10.02,113.675,118.307,0.97
2017-05-25,,9.99,113.3719,117.9484,0.95
2017-05-26,-0.551,9.81,113.4839,117.8629,0.95
2017-05-29,,,,,
2017-05-30,,10.38,113.5552,118.1946,0.93
2017-05-31,,10.41,113.2956,117.8608,0.93
2017-06-01,,9.89,113.3017,117.6979,0.93
2017-06-02,-0.558,9.75,113.1908,117.8196,0.87
2017-06-05,,10.07,112.9755,117.3762,0.86
2017-06-06,,10.45,112.7095,117.1444,0.84
2017-06-07,,10.39,112.8191,117.1118,0.86
2017-06-08,,10.16,112.8351,117.0236,0.86
2017-06-09,-0.563,10.7,112.9562,117.024,0.86
2017-06-12,,11.46,112.9837,117.1527,0.86
2017-06-13,,10.42,112.6271,116.9367,0.83
2017-06-14,,10.64,112.0734,116.4428,0.8
2017-06-15,,10.9,112.8708,117.06,0.81
2017-06-16,-0.568,10.38,112.6155,116.8395,0.84
2017-06-19,,10.37,112.7576,116.9607,0.83
2017-06-20,,10.86,113.2698,117.5474,0.8
2017-06-21,,10.75,113.3327,117.6436,0.8
2017-06-22,,10.48,113.1654,117.5586,0.81
2017-06-23,-0.571,10.02,112.8665,117.1961,0.81
2017-06-26,,9.9,112.7633,117.0415,0.78
2017-06-27,,11.06,112.55,117.1185,0.83
2017-06-28,,10.03,112.0747,116.9263,0.88
2017-06-29,,11.44,111.998,117.1406,0.89
2017-06-30,-0.574,11.18,111.9896,117.1521,0.93
2017-07-03,,11.22,112.4268,117.6299,0.94
2017-07-04,,,,,
2017-07-05,,11.07,112.6534,117.9346,0.92
2017-07-06,,12.54,112.4199,117.9304,0.97
2017-07-07,-0.577,11.19,112.3137,117.6297,0.99
2017-07-10,,11.11,112.1587,117.2782,0.98
2017-07-11,,10.89,112.1434,117.2349,1.0
2017-07-12,,10.3,111.5904,116.6137,0.98
2017-07-13,,9.9,111.5365,116.4888,0.98
2017-07-14,-0.58,9.51,110.9075,115.9614,0.98
2017-07-17,,9.82,110.9304,116.0193,0.95
2017-07-18,,9.89,110.4356,115.6279,0.91
2017-07-19,,9.79,110.4339,115.6106,0.9
2017-07-20,,9.58,110.2512,115.6662,0.9
2017-07-21,-0.582,9.36,110.191,115.7707,0.88
2017-07-24,,9.43,110.2004,115.8916,0.89
2017-07-25,,9.43,110.2835,116.0721,0.93
2017-07-26,,9.6,110.3811,116.0627,0.93
2017-07-27,,10.11,110.216,115.7992,0.96
2017-07-28,-0.581,10.29,109.92,115.9372,0.96
2017-07-31,,10.26,109.8177,116.0093,0.96
2017-08-01,,10.09,109.8495,115.8555,0.92
2017-08-02,,10.28,109.7503,115.8648,0.91
2017-08-03,,10.44,109.8332,115.9942,0.9
2017-08-04,-0.578,10.03,110.2808,116.0545,0.91
2017-08-07,,9.93,110.373,116.2305,0.9
2017-08-08,,10.96,110.396,116.0341,0.93
2017-08-09,,11.11,110.3671,116.1133,0.91
2017-08-10,,16.04,110.1886,115.8568,0.87
2017-08-11,-0.573,15.51,110.0422,115.8759,0.89
2017-08-14,,12.33,110.095,115.7422,0.89
2017-08-15,,12.04,110.4846,116.0022,0.92
2017-08-16,,11.74,110.4394,115.832,0.9
2017-08-17,,15.55,110.1673,115.768,0.87
2017-08-18,-0.567,14.26,110.041,115.7477,0.86
2017-08-21,,13.19,109.7349,115.4751,0.86
2017-08-22,,11.35,109.8386,115.3987,0.89
2017-08-23,,12.25,109.8095,115.4713,0.85
2017-08-24,,12.23,109.7524,115.4329,0.86
2017-08-25,-0.563,11.28,109.3415,115.077,0.82
2017-08-28,,11.32,109.1815,115.1847,0.83
2017-08-29,,11.7,109.0946,115.2245,0.8
2017-08-30,,11.22,109.4052,115.037,0.82
2017-08-31,,10.59,109.3686,115.0428,0.79
2017-09-01,-0.561,10.13,109.0504,114.7622,0.81
2017-09-04,,,,,
2017-09-05,,12.23,108.8664,114.7779,0.77
2017-09-06,,11.63,108.4897,114.585,0.8
2017-09-07,,11.55,107.9224,114.0245,0.78
2017-09-08,-0.561,12.12,107.808,114.0543,0.79
2017-09-11,,10.73,108.153,114.2007,0.82
2017-09-12,,10.58,108.3239,114.4646,0.84
2017-09-13,,10.5,108.6628,114.6326,0.85
2017-09-14,,10.44,108.618,114.5981,0.83
2017-09-15,-0.563,10.17,108.3147,114.4864,0.81
2017-09-18,,10.15,108.6401,114.7587,0.83
2017-09-19,,10.18,108.6142,114.8246,0.84
2017-09-20,,9.78,108.4329,114.5724,0.83
2017-09-21,,9.67,108.9267,115.0609,0.82
2017-09-22,-0.568,9.59,108.7542,114.8561,0.8
2017-09-25,,10.21,109.3302,115.4861,0.78
2017-09-26,,10.17,109.7769,115.8888,0.79
2017-09-27,,9.87,110.0722,116.2228,0.84
2017-09-28,,9.55,110.2415,116.5532,0.86
2017-09-29,-0.573,9.51,110.0867,116.2663,0.86
2017-10-02,,9.45,110.3686,116.4515,0.85
2017-10-03,,9.51,110.3281,116.4082,0.86
2017-10-04,,9.63,110.2425,116.2949,0.86
2017-10-05,,9.19,110.5823,116.4629,0.86
2017-10-06,-0.58,9.65,110.7841,116.9265,0.83
2017-10-09,,10.33,,,
2017-10-10,,10.08,110.3034,116.5627,0.84
2017-10-11,,9.85,110.3037,116.6558,0.84
2017-10-12,,9.91,110.3152,116.7132,0.82
2017-10-13,-0.587,9.61,110.2669,116.7545,0.77
2017-10-16,,9.91,110.5432,117.1429,0.76
2017-10-17,,10.31,110.9141,117.3787,0.76
2017-10-18,,10.07,110.7214,117.2069,0.75
2017-10-19,,10.05,110.4577,116.9806,0.75
2017-10-20,-0.593,9.97,111.0375,117.3728,0.79
2017-10-23,,11.07,111.2134,117.6263,0.8
2017-10-24,,11.16,111.4027,117.8551,0.82
2017-10-25,,11.23,111.3904,117.727,0.83
2017-10-26,,11.3,111.6418,117.693,0.83
2017-10-27,-0.599,9.8,112.1495,118.0432,0.83
2017-10-30,,10.5,111.901,117.9692,0.79
2017-10-31,,10.18,111.8052,117.7371,0.78
2017-11-01,,10.2,111.7942,117.5066,0.76
2017-11-02,,9.93,111.5474,117.2941,0.74
2017-11-03,-0.603,9.14,111.9383,117.8788,0.71
2017-11-06,,9.4,111.7197,117.5815,0.71
2017-11-07,,9.89,111.9446,117.8203,0.69
2017-11-08,,9.78,111.6935,117.5281,0.67
2017-11-09,,10.5,111.5626,117.6283,0.7
2017-11-10,-0.605,11.29,,,0.73
2017-11-13,,11.5,111.7833,117.9157,0.7
2017-11-14,,11.59,111.5097,117.8372,0.7
2017-11-15,,13.13,111.4809,117.8204,0.65
2017-11-16,,11.76,111.2568,117.4533,0.65
2017-11-17,-0.606,11.43,111.0016,117.0579,0.62
2017-11-20,,10.65,111.2599,117.268,0.6
2017-11-21,,9.73,110.9828,116.7846,0.59
2017-11-22,,9.88,110.5632,116.4174,0.58
2017-11-23,,,,,
2017-11-24,-0.607,9.67,110.0253,116.0028,0.59
2017-11-27,,9.87,110.1136,116.0467,0.58
2017-11-28,,10.03,110.3018,116.0453,0.59
2017-11-29,,10.7,110.3265,115.9938,0.59
2017-11-30,,11.28,110.4648,116.3292,0.64
2017-12-01,-0.608,11.43,110.1413,116.2641,0.59
2017-12-04,,11.68,110.397,116.3545,0.57
2017-12-05,,11.33,110.4905,116.4568,0.53
2017-12-06,,11.02,110.8711,116.8322,0.55
2017-12-07,,10.16,111.0178,116.9973,0.57
2017-12-08,-0.609,9.58,111.2273,117.0559,0.58
2017-12-11,,9.34,111.0827,117.0127,0.57
2017-12-12,,9.92,111.5214,117.4628,0.57
2017-12-13,,10.18,111.2759,117.2604,0.57
2017-12-14,,10.49,111.0893,117.1682,0.53
2017-12-15,-0.611,9.42,111.1286,117.1032,0.51
2017-12-18,,9.53,110.9086,116.887,0.55
2017-12-19,,10.03,111.1255,117.168,0.59
2017-12-20,,9.72,110.8361,116.9368,0.62
2017-12-21,,9.62,110.8786,117.2486,0.59
2017-12-22,-0.615,9.9,111.0997,117.5363,0.57
2017-12-25,,,,,
2017-12-26,,10.25,110.9758,117.5537,0.55
2017-12-27,,10.47,110.8553,117.5944,0.53
2017-12-28,,10.18,110.5154,117.3892,0.52
2017-12-29,-0.619,11.04,110.0783,117.0394,0.51
2018-01-01,,,,,
2018-01-02,,9.77,109.6445,116.4074,0.54
2018-01-03,,9.15,109.6751,116.2336,0.5
2018-01-04,,9.22,109.4777,115.9461,0.5
2018-01-05,-0.622,9.22,109.3496,115.8726,0.51
2018-01-08,,9.52,109.5681,116.0106,0.53
2018-01-09,,10.08,109.9025,116.402,0.57
2018-01-10,,9.82,109.628,116.076,0.57
2018-01-11,,9.88,109.4888,116.0555,0.56
2018-01-12,-0.622,10.16,108.901,115.3741,0.56
2018-01-15,,,,,
2018-01-16,,11.66,108.3218,115.0379,0.51
2018-01-17,,11.91,108.1526,114.632,0.52
2018-01-18,,12.22,108.0655,114.5584,0.57
2018-01-19,-0.618,11.27,107.9455,114.2736,0.58
2018-01-22,,11.03,108.107,114.5567,0.58
2018-01-23,,11.1,107.9979,114.6314,0.57
2018-01-24,,11.47,107.0802,113.8532,0.57
2018-01-25,,11.58,106.5052,113.2874,0.55
2018-01-26,-0.609,11.08,106.6911,113.42,0.53
2018-01-29,,13.84,107.1142,113.7669,0.59
2018-01-30,,14.79,107.1064,113.9886,0.6
2018-01-31,,13.54,106.7696,113.558,0.58
2018-02-01,,13.47,106.4877,113.218,0.62
2018-02-02,-0.595,17.31,107.1151,113.8419,0.69
2018-02-05,,37.32,107.33,113.8939,0.69
2018-02-06,,29.98,107.5204,114.0621,0.69
2018-02-07,,27.73,107.7175,113.9321,0.69
2018-02-08,,33.46,108.3025,114.9489,0.72
2018-02-09,-0.577,29.06,108.2582,114.7976,0.78
2018-02-12,,25.61,108.0332,114.4452,0.77
2018-02-13,,24.97,107.7574,114.4961,0.73
2018-02-14,,19.26,107.4691,114.2486,0.74
2018-02-15,,19.13,106.9867,113.904,0.71
2018-02-16,-0.562,19.46,107.0359,113.855,0.66
2018-02-19,,,,,
2018-02-20,,20.6,107.6249,114.2704,0.63
2018-02-21,,20.02,107.8679,114.3693,0.68
2018-02-22,,18.72,107.8668,114.4455,0.67
2018-02-23,-0.546,16.49,107.6804,114.1271,0.63
2018-02-26,,15.8,107.7347,114.0783,0.64
2018-02-27,,18.59,108.1731,114.5146,0.63
2018-02-28,,19.85,108.3903,114.7147,0.62
2018-03-01,,22.47,108.5358,114.8466,0.59
2018-03-02,-0.532,19.59,,,0.61
2018-03-05,,18.73,108.3614,114.8024,0.64
2018-03-06,,18.36,107.7969,114.1951,0.63
2018-03-07,,17.76,108.0911,114.4785,0.64
2018-03-08,,16.54,108.2671,114.5632,0.61
2018-03-09,-0.519,14.64,107.923,114.1419,0.63
2018-03-12,,15.78,107.9438,114.1924,0.6
2018-03-13,,16.35,107.7384,113.9399,0.58
2018-03-14,,17.23,107.8623,114.0345,0.55
2018-03-15,,16.59,108.2032,114.3201,0.53
2018-03-16,-0.508,15.8,108.4332,114.468,0.54
2018-03-19,,19.02,108.3145,114.5486,0.54
2018-03-20,,18.2,108.4953,114.6051,0.55
2018-03-21,,17.86,,,0.58
2018-03-22,,23.34,107.9935,114.3056,0.54
2018-03-23,-0.501,24.87,107.7495,114.2517,0.54
2018-03-26,,21.03,107.1819,113.4346,0.52
2018-03-27,,22.5,107.3359,113.5245,0.52
2018-03-28,,22.87,107.5733,113.5212,0.49
2018-03-29,,19.97,107.665,113.4018,0.47
2018-03-30,-0.5,,107.4784,113.1516,
2018-04-02,,23.62,107.7033,113.4409,0.48
2018-04-03,,21.1,107.5624,113.2889,0.51
2018-04-04,,20.06,107.6361,113.544,0.51
2018-04-05,,18.94,107.7281,113.3523,0.53
2018-04-06,-0.503,21.49,107.7886,113.8244,0.5
2018-04-09,,21.77,107.5316,113.6681,0.49
2018-04-10,,20.47,107.3659,113.621,0.48
2018-04-11,,20.24,107.1224,113.4336,0.47
2018-04-12,,18.49,107.2905,113.4873,0.49
2018-04-13,-0.514,17.41,107.2368,113.3122,0.45
2018-04-16,,16.56,107.0595,113.302,0.44
2018-04-17,,15.25,107.0344,113.1828,0.41
2018-04-18,,15.6,107.1096,113.1731,0.45
2018-04-19,,15.96,107.5197,113.7732,0.48
2018-04-20,-0.528,16.88,108.1787,114.4907,0.5
2018-04-23,,16.34,108.9332,115.3184,0.49
2018-04-24,,18.02,108.7906,115.0519,0.52
2018-04-25,,17.84,109.3447,115.8082,0.54
2018-04-26,,16.24,109.3646,115.5756,0.51
2018-04-27,-0.541,15.41,109.1735,115.0726,0.47
2018-04-30,,15.93,109.3363,115.3023,0.46
2018-05-01,,15.49,109.7445,115.5114,0.47
2018-05-02,,15.97,110.1625,116.273,0.48
2018-05-03,,15.9,110.1803,116.3277,0.45
2018-05-04,-0.553,14.77,110.25,116.4101,0.44
2018-05-07,,14.75,110.5721,117.0161,0.46
2018-05-08,,14.71,111.063,117.4411,0.46
2018-05-09,,13.42,110.8818,117.2802,0.46
2018-05-10,,13.23,110.405,116.5952,0.43
2018-05-11,-0.562,12.65,110.2847,116.6991,0.43
2018-05-14,,12.93,110.408,117.1151,0.45
2018-05-15,,14.63,111.2292,117.919,0.5
2018-05-16,,13.42,111.3068,117.8752,0.51
2018-05-17,,13.43,111.3547,117.9834,0.54
2018-05-18,-0.567,13.42,111.7171,118.4658,0.51
2018-05-21,,13.08,111.6394,118.34,0.48
2018-05-22,,13.22,111.1945,117.7148,0.47
2018-05-23,,12.58,111.6933,118.1128,0.48
2018-05-24,,12.53,111.4885,117.9416,0.48
2018-05-25,-0.567,13.22,111.5843,117.6832,0.45
2018-05-28,,,,,
2018-05-29,,17.02,112.2127,118.3919,0.45
2018-05-30,,14.94,111.6731,118.1995,0.42
2018-05-31,,15.43,111.9894,118.6248,0.43
2018-06-01,-0.562,13.46,111.8265,118.324,0.42
2018-06-04,,12.74,111.8247,118.4171,0.42
2018-06-05,,12.4,112.264,119.0682,0.43
2018-06-06,,11.64,111.7525,118.7145,0.45
2018-06-07,,12.13,112.0725,119.3305,0.43
2018-06-08,-0.556,12.18,112.1066,119.3224,0.43
2018-06-11,,12.35,112.1106,119.3209,0.44
2018-06-12,,12.34,112.2138,119.479,0.42
2018-06-13,,12.94,112.2577,119.5321,0.39
2018-06-14,,12.12,112.8593,119.797,0.35
2018-06-15,-0.549,11.98,113.3379,120.3672,0.38
2018-06-18,,12.31,113.4899,120.4623,0.36
2018-06-19,,13.35,113.639,120.5364,0.35
2018-06-20,,12.79,113.4784,120.2218,0.37
2018-06-21,,14.64,113.6109,120.5188,0.34
2018-06-22,-0.544,13.77,113.3047,120.059,0.34
2018-06-25,,17.33,113.286,120.3486,0.33
2018-06-26,,15.92,113.3016,120.2704,0.35
2018-06-27,,17.91,113.8971,120.9332,0.31
2018-06-28,,16.85,113.8405,120.8277,0.32
2018-06-29,-0.541,16.09,113.2586,120.377,0.33
2018-07-02,,15.6,114.1673,121.6842,0.3
2018-07-03,,16.14,113.3222,120.4049,0.3
2018-07-04,,,,,
2018-07-05,,14.97,112.9759,119.9794,0.29
2018-07-06,-0.542,13.37,112.6428,119.6011,0.29
2018-07-09,,12.69,112.6425,119.4846,0.29
2018-07-10,,12.64,112.5794,119.2649,0.28
2018-07-11,,13.63,112.8582,119.7051,0.27
2018-07-12,,12.58,112.779,119.1866,0.25
2018-07-13,-0.547,12.18,113.0705,119.6285,0.24
2018-07-16,,12.83,112.8437,119.4901,0.26
2018-07-17,,12.06,113.1504,119.6296,0.24
2018-07-18,,12.1,113.3348,119.8076,0.28
2018-07-19,,12.87,113.9463,120.6159,0.24
2018-07-20,-0.555,12.86,113.3213,120.3762,0.29
2018-07-23,,12.62,113.4246,120.6215,0.32
2018-07-24,,12.41,113.2045,120.1096,0.32
2018-07-25,,12.29,112.9221,119.6953,0.28
2018-07-26,,12.14,112.9179,119.593,0.29
2018-07-27,-0.564,13.03,112.8125,119.4923,0.29
2018-07-30,,14.26,112.6044,119.4488,0.32
2018-07-31,,12.83,112.7299,119.5231,0.29
2018-08-01,,13.15,112.8899,119.7091,0.33
2018-08-02,,12.19,113.1679,119.9991,0.32
2018-08-03,-0.573,11.64,113.012,119.7419,0.32
2018-08-06,,11.27,113.229,119.8659,0.3
2018-08-07,,10.93,112.9759,119.4919,0.3
2018-08-08,,10.85,113.1411,119.6755,0.28
2018-08-09,,11.27,113.3806,120.0896,0.29
2018-08-10,-0.582,13.16,114.3005,120.9817,0.26
2018-08-13,,14.78,114.851,122.0686,0.27
2018-08-14,,13.31,114.658,121.4993,0.26
2018-08-15,,14.64,115.1526,122.2928,0.25
2018-08-16,,13.45,114.6416,121.4989,0.24
2018-08-17,-0.589,12.64,114.5339,121.5925,0.26
2018-08-20,,12.49,114.3504,121.3769,0.22
2018-08-21,,12.86,113.8604,120.9791,0.24
2018-08-22,,12.25,113.663,120.9633,0.22
2018-08-23,,12.41,114.0932,121.4275,0.21
2018-08-24,-0.595,11.99,113.5985,120.7754,0.19
2018-08-27,,12.16,113.2721,120.5035,0.18
2018-08-28,,12.5,113.3444,120.9552,0.21
2018-08-29,,12.25,113.6461,121.4614,0.22
2018-08-30,,13.53,114.0899,122.1365,0.22
2018-08-31,-0.599,12.86,114.2755,122.0942,0.24
2018-09-03,,,,,
2018-09-04,,13.16,114.8584,122.6916,0.24
2018-09-05,,13.91,114.7477,122.7541,0.24
2018-09-06,,14.65,114.6479,122.6474,0.24
2018-09-07,-0.6,14.88,114.5816,122.3346,0.23
2018-09-10,,14.16,114.6802,122.7591,0.21
2018-09-11,,13.22,114.7051,122.7539,0.22
2018-09-12,,13.14,114.2192,122.2762,0.23
2018-09-13,,12.37,113.9268,121.8757,0.21
2018-09-14,-0.601,12.07,114.0657,121.9992,0.21
2018-09-17,,13.68,113.9158,121.9622,0.21
2018-09-18,,12.79,113.7739,121.7736,0.24
2018-09-19,,11.75,113.6532,121.5973,0.27
2018-09-20,,11.8,113.4989,121.6198,0.26
2018-09-21,-0.598,11.68,113.5099,121.488,0.26
2018-09-24,,12.2,113.5301,121.6416,0.25
2018-09-25,,12.42,113.7202,121.9798,0.27
2018-09-26,,12.89,113.6739,121.7839,0.23
2018-09-27,,12.41,113.9784,121.6822,0.23
2018-09-28,-0.593,12.12,113.8077,121.3702,0.24
2018-10-01,,12.0,113.8235,121.3419,0.27
2018-10-02,,12.05,113.8954,121.3974,0.23
2018-10-03,,11.61,114.1569,121.6508,0.3
2018-10-04,,14.22,114.6867,122.5173,0.32
2018-10-05,-0.586,14.82,114.561,122.2187,0.35
2018-10-08,,15.69,,,
2018-10-09,,15.95,114.6583,122.4219,0.33
2018-10-10,,22.96,114.6072,122.6246,0.34
2018-10-11,,24.98,114.4074,122.2311,0.29
2018-10-12,-0.576,21.31,114.3691,122.1675,0.3
2018-10-15,,21.3,114.045,121.8559,0.31
2018-10-16,,17.62,113.8963,121.6052,0.29
2018-10-17,,17.4,114.1755,121.7445,0.3
2018-10-18,,20.06,114.8164,122.6289,0.3
2018-10-19,-0.565,19.89,114.8567,122.6079,0.28
2018-10-22,,19.64,115.1782,122.9617,0.28
2018-10-23,,20.71,115.1651,123.0912,0.28
2018-10-24,,25.23,115.3755,123.2506,0.26
2018-10-25,,24.22,115.4831,123.1561,0.28
2018-10-26,-0.551,24.16,115.473,123.2435,0.27
2018-10-29,,24.7,115.8936,123.9002,0.27
2018-10-30,,23.35,116.2357,124.373,0.28
2018-10-31,,21.23,116.5281,124.8832,0.28
2018-11-01,,19.34,115.8657,124.0828,0.3
2018-11-02,-0.536,19.51,115.643,123.5092,0.31
2018-11-05,,19.96,115.703,123.7499,0.29
2018-11-06,,19.91,115.5622,123.4983,0.29
2018-11-07,,16.36,115.2519,123.2404,0.26
2018-11-08,,16.72,115.6478,123.7587,0.26
2018-11-09,-0.52,17.36,116.4778,124.6528,0.25
2018-11-12,,20.45,,,
2018-11-13,,20.02,116.6694,124.9221,0.25
2018-11-14,,21.25,116.498,124.6585,0.26
2018-11-15,,19.98,116.3861,124.3818,0.25
2018-11-16,-0.501,18.14,115.9258,124.0259,0.27
2018-11-19,,20.1,115.9859,124.3764,0.27
2018-11-20,,22.48,116.2367,124.4429,0.27
2018-11-21,,20.8,116.092,124.0003,0.25
2018-11-22,,,,,
2018-11-23,-0.48,21.52,116.4713,124.6772,0.24
2018-11-26,,18.9,116.6208,124.8796,0.23
2018-11-27,,19.02,116.9001,124.9081,0.23
2018-11-28,,18.49,116.8343,124.7944,0.25
2018-11-29,,18.79,116.1961,124.1364,0.22
2018-11-30,-0.46,18.07,116.413,124.2851,0.21
2018-12-03,,16.44,115.9057,123.5998,0.15
2018-12-04,,20.74,116.0028,123.7845,0.11
2018-12-05,,,,,
2018-12-06,,21.19,116.3991,124.2917,0.12
2018-12-07,-0.441,23.23,116.0847,123.9352,0.13
2018-12-10,,22.64,116.6746,124.6198,0.13
2018-12-11,,21.76,116.7564,124.4019,0.11
2018-12-12,,21.46,116.2214,123.8321,0.14
2018-12-13,,20.65,116.3974,124.0719,0.16
2018-12-14,-0.428,21.63,116.79,124.4848,0.16
2018-12-17,,24.52,116.4532,124.0567,0.16
2018-12-18,,25.58,116.4127,123.9797,0.17
2018-12-19,,25.58,116.0676,123.6619,0.14
2018-12-20,,28.38,116.0183,123.4719,0.12
2018-12-21,-0.422,30.11,116.2227,123.6857,0.16
2018-12-24,,36.07,116.2182,123.6764,0.19
2018-12-25,,,,,
2018-12-26,,30.41,116.1162,123.5593,0.2
2018-12-27,,29.96,115.9927,123.0369,0.21
2018-12-28,-0.425,28.34,115.7232,122.8536,0.2
2018-12-31,,25.42,115.5674,122.7102,0.21
2019-01-01,,,,,
2019-01-02,,23.22,115.7689,122.651,0.16
2019-01-03,,25.45,115.4622,122.6464,0.17
2019-01-04,-0.437,21.38,114.9821,122.0344,0.17
2019-01-07,,21.4,114.5628,121.6704,0.17
2019-01-08,,20.47,114.7281,121.8589,0.15
2019-01-09,,19.98,114.1406,121.3076,0.18
2019-01-10,,19.5,114.0496,121.0255,0.18
2019-01-11,-0.457,18.19,114.0404,120.8392,0.16
2019-01-14,,19.07,,,0.18
2019-01-15,,18.6,114.3402,120.8813,0.19
2019-01-16,,19.04,114.137,120.6621,0.18
2019-01-17,,18.06,114.4115,121.0326,0.19
2019-01-18,-0.48,17.8,114.558,121.1648,0.17
2019-01-21,,,,,
2019-01-22,,20.8,114.7541,121.4839,0.16
2019-01-23,,19.52,114.5759,121.2962,0.18
2019-01-24,,18.89,114.617,121.011,0.16
2019-01-25,-0.504,17.42,114.0197,120.5435,0.16
2019-01-28,,18.87,114.0522,120.7697,0.15
2019-01-29,,19.13,114.026,120.5936,0.16
2019-01-30,,17.66,114.0731,120.7307,0.18
2019-01-31,,16.57,113.5504,120.1517,0.18
2019-02-01,-0.528,16.14,113.7548,120.6305,0.18
2019-02-04,,15.73,113.8766,120.5219,0.2
2019-02-05,,15.57,114.0431,120.5839,0.18
2019-02-06,,15.38,114.2305,120.7031,0.18
2019-02-07,,16.37,114.4339,120.7713,0.17
2019-02-08,-0.548,15.72,114.5003,120.7838,0.18
2019-02-11,,15.97,115.031,121.4407,0.17
2019-02-12,,15.43,114.7297,121.1123,0.18
2019-02-13,,15.65,114.9407,121.4267,0.18
2019-02-14,,16.22,115.1007,121.4771,0.16
2019-02-15,-0.565,14.91,114.9923,121.3671,0.14
2019-02-18,,,,,
2019-02-19,,14.88,114.57,120.9923,0.15
2019-02-20,,14.02,,,0.15
2019-02-21,,14.46,114.5091,121.0328,0.16
2019-02-22,-0.578,13.51,114.2716,120.6026,0.17
2019-02-25,,14.85,114.1457,120.3157,0.16
2019-02-26,,15.17,114.0687,120.544,0.16
2019-02-27,,14.7,114.0363,120.5563,0.19
2019-02-28,,14.78,114.1991,120.7896,0.21
2019-03-01,-0.587,13.57,114.537,121.0774,0.21
2019-03-04,,14.63,114.6925,121.0505,0.17
2019-03-05,,14.74,114.804,120.9855,0.17
2019-03-06,,15.74,114.9714,121.2381,0.17
2019-03-07,,16.59,115.4919,121.839,0.17
2019-03-08,-0.592,16.05,115.3599,121.6724,0.17
2019-03-11,,14.33,115.2967,121.5382,0.17
2019-03-12,,13.77,114.939,121.1171,0.16
2019-03-13,,13.41,114.7372,121.1718,0.16
2019-03-14,,13.5,114.79,121.234,0.17
2019-03-15,-0.596,12.88,114.5815,120.89,0.16
2019-03-18,,13.1,114.4375,120.6094,0.15
2019-03-19,,13.56,114.2324,120.3826,0.15
2019-03-20,,13.91,114.1509,120.0954,0.14
2019-03-21,,13.63,114.1684,120.0732,0.13
2019-03-22,-0.6,16.48,114.6856,120.9973,0.13
2019-03-25,,16.33,114.4171,120.5562,0.17
2019-03-26,,14.68,114.6414,120.8612,0.17
2019-03-27,,15.15,115.1243,121.5925,0.17
2019-03-28,,14.43,115.2581,121.7089,0.16
2019-03-29,-0.602,13.71,115.1371,121.5021,0.14
2019-04-01,,13.4,114.9362,121.0558,0.16
2019-04-02,,13.36,115.1173,121.1529,0.18
2019-04-03,,13.74,114.7211,120.8409,0.19
2019-04-04,,13.58,114.9697,121.0017,0.18
2019-04-05,-0.606,12.82,114.9726,120.8464,0.15
2019-04-08,,13.18,114.6893,120.7116,0.16
2019-04-09,,14.28,114.5321,120.4937,0.16
2019-04-10,,13.3,114.4269,120.2866,0.17
2019-04-11,,13.02,114.6303,120.43,0.16
2019-04-12,-0.61,12.01,114.3531,120.1187,0.16
2019-04-15,,12.32,114.495,120.3271,0.15
2019-04-16,,12.18,114.6756,120.6458,0.19
2019-04-17,,12.6,114.5141,120.2898,0.19
2019-04-18,,12.09,114.7073,120.3105,0.19
2019-04-19,-0.612,,114.6977,120.2874,
2019-04-22,,12.42,114.7694,120.5344,0.21
2019-04-23,,12.28,115.1578,120.893,0.21
2019-04-24,,13.14,115.4187,121.2375,0.21
2019-04-25,,13.25,115.7709,121.6269,0.21
2019-04-26,-0.611,12.73,115.4767,121.2089,0.23
2019-04-29,,13.11,115.5227,121.3452,0.24
2019-04-30,,13.12,115.3281,121.2998,0.24
2019-05-01,,14.8,115.0022,120.9683,0.21
2019-05-02,,14.42,115.5617,121.6083,0.2
2019-05-03,-0.607,12.87,115.2646,121.2295,0.21
2019-05-06,,15.44,115.3811,121.4713,0.2
2019-05-07,,19.32,115.6116,121.8172,0.17
2019-05-08,,19.4,115.5171,121.7917,0.19
2019-05-09,,19.1,115.8421,122.5899,0.19
2019-05-10,-0.601,16.04,115.5334,122.197,0.21
2019-05-13,,20.55,115.915,122.8543,0.22
2019-05-14,,18.06,115.9425,122.6739,0.22
2019-05-15,,16.44,115.8565,122.543,0.21
2019-05-16,,15.29,116.0346,122.6426,0.2
2019-05-17,-0.592,15.96,116.448,123.2468,0.19
2019-05-20,,16.31,116.3119,123.1078,0.2
2019-05-21,,14.95,116.2844,122.9183,0.17
2019-05-22,,14.75,116.2412,122.8214,0.16
2019-05-23,,16.92,116.2368,122.8863,0.19
2019-05-24,-0.584,15.85,116.0806,122.8043,0.16
2019-05-27,,,,,
2019-05-28,,17.5,116.3174,123.0829,0.14
2019-05-29,,17.9,116.5535,123.2546,0.16
2019-05-30,,17.3,116.3989,122.9306,0.16
2019-05-31,-0.577,18.71,116.7273,123.8177,0.19
2019-06-03,,18.86,116.4764,123.7537,0.25
2019-06-04,,16.97,116.091,123.3262,0.24
2019-06-05,,16.09,116.03,123.3006,0.29
2019-06-06,,15.93,115.9771,123.5578,0.24
2019-06-07,-0.571,16.3,115.7368,123.4326,0.24
2019-06-10,,15.94,115.5001,122.785,0.25
2019-06-11,,15.99,115.3794,122.4923,0.22
2019-06-12,,15.91,115.438,122.5337,0.25
2019-06-13,,15.82,115.6275,122.6628,0.27
2019-06-14,-0.569,15.28,115.9057,122.7389,0.25
2019-06-17,,15.35,115.9684,122.8619,0.23
2019-06-18,,15.15,115.8797,122.4986,0.2
2019-06-19,,14.33,115.7889,122.5786,0.29
2019-06-20,,14.75,114.8046,121.5108,0.29
2019-06-21,-0.569,15.4,114.8377,121.778,0.3
2019-06-24,,15.26,114.6559,121.8625,0.3
2019-06-25,,16.28,114.6363,121.9324,0.29
2019-06-26,,16.21,114.5608,121.7806,0.28
2019-06-27,,15.82,114.665,121.8693,0.27
2019-06-28,-0.571,15.08,114.5821,121.7852,0.25
2019-07-01,,14.06,114.7239,121.464,0.25
2019-07-02,,12.93,114.8258,121.7063,0.21
2019-07-03,,12.57,114.8135,121.689,0.19
2019-07-04,,,,,
2019-07-05,-0.575,13.28,115.1132,121.7137,0.17
2019-07-08,,13.96,115.0254,121.5016,0.17
2019-07-09,,14.09,115.1017,121.5198,0.15
2019-07-10,,13.03,115.0879,121.9167,0.25
2019-07-11,,12.93,114.8361,121.5388,0.28
2019-07-12,-0.577,12.39,114.7685,121.5243,0.28
2019-07-15,,12.68,114.6819,121.3815,0.26
2019-07-16,,12.86,115.0111,121.6229,0.26
2019-07-17,,13.97,114.8819,121.5276,0.23
2019-07-18,,13.53,114.8744,121.4998,0.27
2019-07-19,-0.576,14.45,114.8695,121.5003,0.25
2019-07-22,,13.53,115.0018,121.6259,0.25
2019-07-23,,12.61,115.2995,121.8427,0.25
2019-07-24,,12.07,115.2436,121.7078,0.22
2019-07-25,,12.74,115.2982,121.7177,0.22
2019-07-26,-0.573,12.16,115.5449,121.8206,0.22
2019-07-29,,12.83,115.5885,121.9215,0.21
2019-07-30,,13.94,115.6211,121.8813,0.21
2019-07-31,,16.12,115.4946,121.697,0.13
2019-08-01,,17.87,116.0499,122.3342,0.17
2019-08-02,-0.565,17.61,116.1864,123.0925,0.14
2019-08-05,,24.59,116.5851,124.5684,0.16
2019-08-06,,20.17,116.6904,124.5203,0.13
2019-08-07,,19.49,116.7987,124.91,0.12
2019-08-08,,16.91,116.474,124.2422,0.1
2019-08-09,-0.554,17.97,116.4419,124.3436,0.11
2019-08-12,,21.09,116.7548,124.91,0.07
2019-08-13,,17.52,116.7267,124.5456,0.02
2019-08-14,,22.1,117.0913,124.9918,0.01
2019-08-15,,21.18,117.2239,125.0992,0.04
2019-08-16,-0.543,18.47,117.0786,124.8056,0.07
2019-08-19,,16.88,117.3886,125.3752,0.07
2019-08-20,,17.5,117.3726,125.3075,0.05
2019-08-21,,15.8,117.1764,125.0212,0.03
2019-08-22,,16.68,117.3558,125.4125,0.01
2019-08-23,-0.532,19.87,117.3009,125.7484,0.01
2019-08-26,,19.32,117.6658,126.3091,0.0
2019-08-27,,20.31,117.75,126.4856,-0.04
2019-08-28,,19.35,117.8767,126.5858,-0.03
2019-08-29,,17.88,118.0625,126.6679,-0.03
2019-08-30,-0.523,18.98,118.1575,126.5207,0.0
2019-09-02,,,,,
2019-09-03,,19.66,118.3113,126.6512,0.0
2019-09-04,,17.33,117.6729,125.8897,0.04
2019-09-05,,16.27,117.4776,125.6044,0.02
2019-09-06,-0.516,15.0,117.1292,125.0599,0.02
2019-09-09,,15.27,117.0601,125.0516,0.05
2019-09-10,,15.2,117.0887,124.9946,0.05
2019-09-11,,14.61,117.3125,125.0283,0.07
2019-09-12,,14.22,116.8375,124.3631,0.07
2019-09-13,-0.511,13.74,116.7677,124.1642,0.11
2019-09-16,,14.67,117.0251,124.4234,0.1
2019-09-17,,14.44,116.9826,124.6118,0.09
2019-09-18,,13.95,116.9766,124.4525,0.03
2019-09-19,,14.05,117.0861,124.6992,0.05
2019-09-20,-0.507,15.32,117.1819,124.6827,0.05
2019-09-23,,14.91,117.2986,124.8966,0.04
2019-09-24,,17.05,117.2227,124.9212,0.04
2019-09-25,,15.96,117.6527,125.2942,0.05
2019-09-26,,16.07,117.7267,125.4035,0.04
2019-09-27,-0.507,17.22,117.7218,125.3797,0.06
2019-09-30,,16.24,117.9461,125.6316,0.05
2019-10-01,,18.56,117.9595,125.7979,0.09
2019-10-02,,20.56,117.9671,125.8267,0.12
2019-10-03,,19.12,117.6608,125.519,0.15
2019-10-04,-0.511,17.04,117.5288,125.0401,0.12
2019-10-07,,17.86,117.5533,125.1881,0.1
2019-10-08,,20.28,117.7407,125.2197,0.12
2019-10-09,,18.64,117.6835,125.1926,0.12
2019-10-10,,17.57,117.2801,124.7979,0.14
2019-10-11,-0.52,15.58,116.8239,124.3999,0.13
2019-10-14,,14.57,,,
2019-10-15,,13.54,116.8111,124.2979,0.16
2019-10-16,,13.68,116.6425,124.2939,0.17
2019-10-17,,13.79,116.2615,124.0008,0.16
2019-10-18,-0.532,14.25,116.1344,123.9409,0.18
2019-10-21,,14.0,116.0436,123.8606,0.18
2019-10-22,,14.46,115.9851,123.6849,0.18
2019-10-23,,14.01,116.0586,123.6434,0.19
2019-10-24,,13.71,116.1278,123.6272,0.19
2019-10-25,-0.546,12.65,116.0774,123.4683,0.17
2019-10-28,,13.11,116.0222,123.3936,0.21
2019-10-29,,13.2,115.9797,123.4696,0.2
2019-10-30,,12.33,116.1636,123.6209,0.17
2019-10-31,,13.22,115.9125,123.5461,0.17
2019-11-01,-0.558,12.3,115.7312,123.2524,0.17
2019-11-04,,12.83,115.8624,123.2919,0.19
2019-11-05,,13.1,116.1138,123.2419,0.23
2019-11-06,,12.62,116.1004,123.2641,0.2
2019-11-07,,12.73,116.1172,123.0402,0.24
2019-11-08,-0.567,12.07,116.3436,123.2576,0.26
2019-11-11,,12.69,,,
2019-11-12,,12.68,116.5837,123.8373,0.26
2019-11-13,,13.0,116.8397,124.331,0.25
2019-11-14,,13.05,116.8022,124.3785,0.24
2019-11-15,-0.572,12.05,116.4401,123.7601,0.23
2019-11-18,,12.46,116.3625,123.9105,0.21
2019-11-19,,12.86,116.5391,124.1498,0.19
2019-11-20,,12.78,116.828,124.4615,0.17
2019-11-21,,13.13,116.7435,124.415,0.17
2019-11-22,-0.571,12.34,116.9137,124.4176,0.16
2019-11-25,,11.87,117.0098,124.4933,0.15
2019-11-26,,11.54,117.0513,124.6092,0.16
2019-11-27,,11.75,117.1273,124.7078,0.14
2019-11-28,,,,,
2019-11-29,-0.566,12.62,117.1204,124.7901,0.17
2019-12-02,,14.91,116.9647,124.8394,0.22
2019-12-03,,15.96,116.8898,124.9486,0.19
2019-12-04,,14.8,116.692,124.7128,0.19
2019-12-05,,14.52,116.3838,124.3792,0.22
2019-12-06,-0.557,13.62,116.5381,124.2146,0.23
2019-12-09,,15.86,116.3283,123.9574,0.2
2019-12-10,,15.68,116.2542,123.9116,0.2
2019-12-11,,14.99,116.1478,123.8034,0.18
2019-12-12,,13.94,115.8741,123.2691,0.24
2019-12-13,-0.55,12.63,115.6967,123.1269,0.21
2019-12-16,,12.14,115.555,122.9101,0.24
2019-12-17,,12.29,115.5553,122.758,0.26
2019-12-18,,12.58,115.6618,122.8674,0.29
2019-12-19,,12.5,115.5988,122.8388,0.3
2019-12-20,-0.546,12.51,115.7598,122.7745,0.29
2019-12-23,,12.61,115.8059,122.8409,0.29
2019-12-24,,12.67,,,0.28
2019-12-25,,,,,
2019-12-26,,12.65,115.634,122.7072,0.26
2019-12-27,-0.551,13.43,115.22,122.4651,0.29
2019-12-30,,14.82,114.9631,122.3469,0.32
2019-12-31,,13.78,114.669,122.1692,0.34
2020-01-01,,,,,
2020-01-02,,12.47,114.9745,122.304,0.3
2020-01-03,-0.564,14.02,114.9867,122.4253,0.27
2020-01-06,,13.85,114.9557,122.4746,0.27
2020-01-07,,13.79,115.1477,122.4254,0.29
2020-01-08,,13.45,115.1328,122.1963,0.29
2020-01-09,,12.54,115.2331,122.0996,0.27
2020-01-10,-0.584,12.56,115.0677,121.9072,0.27
2020-01-13,,12.32,115.0342,121.8249,0.27
2020-01-14,,12.39,115.0239,121.7917,0.24
2020-01-15,,12.42,114.9528,121.8741,0.23
2020-01-16,,12.32,115.0006,121.8325,0.23
2020-01-17,-0.606,12.1,115.0656,121.6481,0.26
2020-01-20,,,,,
2020-01-21,,12.85,115.1876,121.9629,0.25
2020-01-22,,12.91,115.2273,121.9024,0.24
2020-01-23,,12.98,115.5545,122.4054,0.23
2020-01-24,-0.619,14.56,115.5556,122.3004,0.21
2020-01-27,,18.23,115.8004,122.7136,0.17
2020-01-28,,16.28,115.7239,122.3925,0.2
2020-01-29,,16.39,115.7003,122.2681,0.18
2020-01-30,,15.49,115.8077,122.7443,0.16
2020-01-31,-0.617,18.84,115.7345,122.9443,0.18
2020-02-03,,17.97,116.1172,123.275,0.18
2020-02-04,,16.05,115.9291,122.7816,0.2
2020-02-05,,15.15,116.009,122.6295,0.22
2020-02-06,,14.96,116.1518,122.7065,0.21
2020-02-07,-0.591,15.47,116.5086,123.2233,0.18
2020-02-10,,15.04,116.5711,123.1698,0.19
2020-02-11,,15.18,116.3585,122.8501,0.18
2020-02-12,,13.74,116.2794,122.7281,0.18
2020-02-13,,14.15,116.3999,122.8116,0.17
2020-02-14,-0.531,13.68,116.4223,122.787,0.17
2020-02-17,,,,,
2020-02-18,,14.83,116.6039,123.0039,0.14
2020-02-19,,14.38,116.7829,123.0475,0.14
2020-02-20,,15.56,117.2454,123.7879,0.13
2020-02-21,-0.431,17.08,117.0473,123.8946,0.12
2020-02-24,,25.03,117.4018,124.5928,0.12
2020-02-25,,27.85,117.2425,124.4247,0.13
2020-02-26,,27.56,117.405,124.6511,0.17
2020-02-27,,39.16,117.3678,124.9306,0.19
2020-02-28,-0.293,40.11,117.6568,125.6816,0.27
2020-03-02,,33.42,116.8144,124.9626,0.26
2020-03-03,,36.82,116.4958,124.5016,0.31
2020-03-04,,31.99,116.7802,124.7231,0.35
2020-03-05,,39.62,116.7901,125.3735,0.33
2020-03-06,-0.132,41.94,116.7106,126.0481,0.25
2020-03-09,,54.46,117.1871,127.7902,0.16
2020-03-10,,47.3,117.9027,127.9146,0.26
2020-03-11,,53.9,118.2505,128.2195,0.32
2020-03-12,,75.47,120.4883,131.0136,0.38
2020-03-13,0.033,57.83,120.4388,130.1351,0.45
2020-03-16,,82.69,120.9352,131.6949,0.37
2020-03-17,,75.91,122.4816,132.8952,0.55
2020-03-18,,76.45,124.1623,134.3589,0.64
2020-03-19,,72.0,125.0587,135.3145,0.68
2020-03-20,0.177,66.04,124.9362,135.1065,0.55
2020-03-23,,61.59,126.1262,137.2907,0.48
2020-03-24,,61.67,125.5001,136.7257,0.46
2020-03-25,,63.95,124.7916,135.7903,0.54
2020-03-26,,61.0,122.4308,133.2685,0.53
2020-03-27,0.269,65.54,122.4007,133.8318,0.47
2020-03-30,,57.08,123.2883,135.3139,0.47
2020-03-31,,53.54,122.5301,133.9314,0.47
2020-04-01,,57.06,123.7933,135.9374,0.39
2020-04-02,,50.91,123.5916,135.2055,0.4
2020-04-03,0.306,46.8,124.4152,136.2543,0.39
2020-04-06,,45.24,124.16,135.8419,0.4
2020-04-07,,46.7,123.0956,134.505,0.47
2020-04-08,,43.35,123.2216,134.6688,0.5
2020-04-09,,41.67,122.476,133.7004,0.5
2020-04-10,0.292,,122.1592,133.214,
2020-04-13,,41.17,122.5203,133.9406,0.51
2020-04-14,,37.76,122.1121,133.7612,0.53
2020-04-15,,40.84,123.0752,134.7932,0.43
2020-04-16,,40.11,123.4615,135.0046,0.41
2020-04-17,0.236,38.15,122.871,134.3988,0.45
2020-04-20,,43.83,123.1033,134.6954,0.43
2020-04-21,,45.41,123.9116,135.7028,0.38
2020-04-22,,41.98,123.9256,135.8349,0.41
2020-04-23,,41.38,123.7542,135.7441,0.39
2020-04-24,0.157,35.93,124.1615,136.3317,0.38
2020-04-27,,33.29,123.8843,136.194,0.43
2020-04-28,,33.57,123.3693,135.3765,0.42
2020-04-29,,31.23,122.7782,134.357,0.43
2020-04-30,,34.15,122.327,134.0595,0.44
2020-05-01,0.061,37.19,123.1492,135.5966,0.44
2020-05-04,,35.97,123.2117,135.197,0.45
2020-05-05,,33.61,122.803,134.1832,0.47
2020-05-06,,34.12,123.609,135.3498,0.55
2020-05-07,,31.44,123.1249,134.7833,0.5
2020-05-08,-0.038,27.98,122.5379,134.0097,0.53
2020-05-11,,27.57,123.2333,134.6834,0.56
2020-05-12,,33.04,123.0592,134.6668,0.52
2020-05-13,,35.28,123.5408,135.2995,0.48
2020-05-14,,32.61,123.6429,135.237,0.47
2020-05-15,-0.128,31.89,123.5991,135.1044,0.48
2020-05-18,,29.3,122.7968,134.3062,0.55
2020-05-19,,30.53,122.5655,134.1493,0.53
2020-05-20,,27.99,122.1007,133.4412,0.52
2020-05-21,,29.53,122.0914,133.0669,0.51
2020-05-22,-0.206,28.16,122.3211,133.0292,0.49
2020-05-25,,,,,
2020-05-26,,28.01,121.3864,132.1417,0.51
2020-05-27,,27.62,121.5677,132.4221,0.49
2020-05-28,,28.59,121.0138,131.9852,0.53
2020-05-29,-0.269,27.51,120.9458,131.9059,0.49
2020-06-01,,28.23,120.2686,131.3062,0.52
2020-06-02,,26.84,119.6854,130.424,0.51
2020-06-03,,25.66,119.2556,130.0214,0.58
2020-06-04,,25.81,119.3014,130.4423,0.63
2020-06-05,-0.315,24.52,118.8138,129.4882,0.69
2020-06-08,,25.81,118.6621,129.457,0.66
2020-06-09,,27.57,118.5893,129.6282,0.64
2020-06-10,,27.57,118.5231,129.7525,0.58
2020-06-11,,40.79,119.2347,130.9228,0.47
2020-06-12,-0.344,36.09,119.6645,130.8579,0.52
2020-06-15,,34.4,119.9539,131.5079,0.52
2020-06-16,,33.67,119.567,130.826,0.54
2020-06-17,,33.47,119.9105,131.3065,0.55
2020-06-18,,32.94,120.2173,131.832,0.52
2020-06-19,-0.366,35.12,120.2186,131.5966,0.51
2020-06-22,,31.77,119.7532,131.2324,0.52
2020-06-23,,31.37,119.3285,130.9018,0.54
2020-06-24,,33.84,119.9744,131.6027,0.5
2020-06-25,,32.22,120.2997,131.8283,0.51
2020-06-26,-0.384,34.73,120.533,132.1425,0.47
2020-06-29,,31.78,120.6658,132.3926,0.48
2020-06-30,,30.43,120.4649,132.2819,0.5
2020-07-01,,28.62,120.0808,131.8158,0.52
2020-07-02,,27.68,119.8555,131.1872,0.52
2020-07-03,-0.401,,,,
2020-07-06,,27.94,119.2852,130.4793,0.53
2020-07-07,,29.43,119.5717,131.0571,0.49
2020-07-08,,28.08,119.5525,131.3388,0.51
2020-07-09,,29.26,119.5129,131.0373,0.46
2020-07-10,-0.419,27.29,119.3509,130.8657,0.49
2020-07-13,,32.19,119.1891,130.6791,0.48
2020-07-14,,29.52,119.3901,131.1615,0.49
2020-07-15,,27.76,119.0331,130.6541,0.48
2020-07-16,,28.0,118.9275,130.5342,0.46
2020-07-17,-0.438,25.68,119.124,130.8593,0.5
2020-07-20,,24.46,119.0483,130.9176,0.46
2020-07-21,,24.84,118.4042,130.2203,0.47
2020-07-22,,24.32,118.1337,130.1424,0.46
2020-07-23,,26.08,118.0613,130.3465,0.43
2020-07-24,-0.457,25.84,118.1329,130.6011,0.45
2020-07-27,,24.74,117.3869,129.8071,0.47
2020-07-28,,25.44,117.3189,129.776,0.45
2020-07-29,,24.1,117.2126,129.7373,0.46
2020-07-30,,24.76,117.4008,130.1307,0.44
2020-07-31,-0.474,24.46,117.2082,129.9887,0.44
2020-08-03,,24.28,117.8074,130.6959,0.45
2020-08-04,,23.76,117.7833,130.9173,0.41
2020-08-05,,22.99,116.8736,130.0616,0.44
2020-08-06,,22.65,117.0422,130.1211,0.44
2020-08-07,-0.488,22.21,117.6239,130.5416,0.44
2020-08-10,,22.13,117.5821,130.508,0.45
2020-08-11,,24.03,117.3781,130.1152,0.48
2020-08-12,,22.28,117.2559,130.095,0.53
2020-08-13,,22.13,117.1193,130.019,0.55
2020-08-14,-0.498,22.05,116.9395,129.6912,0.57
2020-08-17,,21.35,116.749,129.6727,0.55
2020-08-18,,21.51,116.5593,129.8061,0.53
2020-08-19,,22.54,116.567,129.5563,0.54
2020-08-20,,22.72,116.8126,129.909,0.52
2020-08-21,-0.505,22.54,117.0572,129.8404,0.48
2020-08-24,,22.37,116.912,129.6061,0.51
2020-08-25,,22.03,116.8206,129.5514,0.54
2020-08-26,,23.27,116.6243,129.3335,0.53
2020-08-27,,24.47,116.649,129.5498,0.58
2020-08-28,-0.507,22.96,115.9374,128.6951,0.6
2020-08-31,,26.41,115.7586,128.6899,0.58
2020-09-01,,26.12,115.5687,128.1963,0.55
2020-09-02,,26.57,116.0304,128.5148,0.52
2020-09-03,,33.6,116.0685,128.3194,0.5
2020-09-04,-0.505,30.75,116.0347,128.1803,0.58
2020-09-07,,,,,
2020-09-08,,31.46,116.4618,128.5564,0.55
2020-09-09,,28.81,116.1291,127.9995,0.57
2020-09-10,,29.71,115.8806,127.6632,0.54
2020-09-11,-0.5,26.87,116.0866,127.7715,0.54
2020-09-14,,25.85,115.6428,127.2079,0.54
2020-09-15,,25.59,115.5908,126.9113,0.54
2020-09-16,,26.04,115.3537,126.6523,0.55
2020-09-17,,26.46,115.4392,126.6483,0.56
2020-09-18,-0.497,25.83,115.2395,126.4831,0.56
2020-09-21,,27.78,116.378,127.8248,0.54
2020-09-22,,26.86,116.5438,127.8298,0.55
2020-09-23,,28.58,117.2526,129.0009,0.54
2020-09-24,,28.51,117.5473,129.5024,0.53
2020-09-25,-0.491,26.38,117.8679,129.7897,0.54
2020-09-28,,26.19,117.6178,129.7591,0.53
2020-09-29,,26.27,117.526,129.7373,0.55
2020-09-30,,26.37,116.946,128.8681,0.56
2020-10-01,,26.7,116.7227,128.6092,0.54
2020-10-02,-0.488,27.63,116.7321,128.3644,0.57
2020-10-05,,27.96,116.1767,127.6849,0.64
2020-10-06,,29.48,116.2681,127.8057,0.62
2020-10-07,,28.06,116.3447,127.8098,0.65
2020-10-08,,26.36,116.1657,127.5518,0.65
2020-10-09,-0.488,25.0,115.2757,126.3724,0.63
2020-10-12,,25.07,,,
2020-10-13,,26.07,115.9107,127.2652,0.58
2020-10-14,,26.4,115.6872,126.9756,0.59
2020-10-15,,26.97,116.0964,127.185,0.6
2020-10-16,-0.491,27.41,115.7679,126.6744,0.62
2020-10-19,,29.18,115.4031,126.4096,0.62
2020-10-20,,29.35,115.2485,126.2612,0.67
2020-10-21,,28.65,114.9108,126.0806,0.69
2020-10-22,,28.11,115.1158,126.1907,0.71
2020-10-23,-0.497,27.55,115.0126,126.0038,0.67
2020-10-26,,32.46,115.2797,126.2572,0.65
2020-10-27,,33.35,115.0131,126.0283,0.63
2020-10-28,,40.28,115.8023,126.8394,0.63
2020-10-29,,37.59,116.3069,127.1585,0.69
2020-10-30,-0.506,38.02,116.1354,126.9076,0.74
2020-11-02,,37.13,116.2361,127.1668,0.71
2020-11-03,,35.55,115.4802,126.5398,0.73
2020-11-04,,29.57,115.1677,125.9717,0.64
2020-11-05,,27.58,114.4556,125.211,0.65
2020-11-06,-0.519,24.86,113.9919,124.7471,0.67
2020-11-09,,25.75,114.0895,124.3127,0.79
2020-11-10,,24.8,114.0757,124.3445,0.79
2020-11-11,,23.45,,,
2020-11-12,,25.35,114.2843,124.4805,0.71
2020-11-13,-0.536,23.1,114.2397,124.3827,0.72
2020-11-16,,22.45,113.8312,123.8936,0.72
2020-11-17,,22.71,113.682,123.6576,0.69
2020-11-18,,23.84,113.46,123.4971,0.72
2020-11-19,,23.11,113.694,123.6691,0.68
2020-11-20,-0.552,23.7,113.489,123.4014,0.67
2020-11-23,,22.66,113.7548,123.6775,0.7
2020-11-24,,21.64,113.4316,123.424,0.72
2020-11-25,,21.25,113.1823,123.2037,0.71
2020-11-26,,,,,
2020-11-27,-0.567,20.84,,,0.68
2020-11-30,,20.57,113.2256,123.4668,0.68
2020-12-01,,20.77,112.8063,123.0956,0.75
2020-12-02,,21.17,112.6115,122.9525,0.79
2020-12-03,,21.28,112.0236,122.3838,0.76
2020-12-04,-0.579,20.79,111.7778,121.9391,0.81
2020-12-07,,21.3,111.8385,121.9878,0.8
2020-12-08,,20.68,111.8639,121.8712,0.78
2020-12-09,,22.27,112.0305,122.1575,0.79
2020-12-10,,22.52,111.9788,122.3167,0.78
2020-12-11,-0.59,23.31,112.1417,122.495,0.79
2020-12-14,,24.72,112.1708,122.7666,0.77
2020-12-15,,22.89,111.8601,122.4657,0.81
2020-12-16,,22.5,111.7157,122.2407,0.79
2020-12-17,,21.93,111.2226,121.8153,0.81
2020-12-18,-0.597,21.57,111.6071,122.266,0.82
2020-12-21,,25.16,111.9415,122.6529,0.82
2020-12-22,,24.23,112.1947,122.6841,0.8
2020-12-23,,23.31,111.9807,122.693,0.83
2020-12-24,,21.53,,,0.81
2020-12-25,-0.603,,,,
2020-12-28,,21.7,111.9752,122.5593,0.81
2020-12-29,,23.08,111.5172,122.1123,0.82
2020-12-30,,22.77,111.3084,121.982,0.81
2020-12-31,,22.75,111.3169,121.9018,0.8
2021-01-01,-0.608,,,,
2021-01-04,,26.97,111.2075,121.6038,0.82
2021-01-05,,25.34,110.9574,121.6096,0.83
2021-01-06,,25.07,110.8502,121.3055,0.9
2021-01-07,,22.37,111.3042,121.9336,0.94
2021-01-08,-0.613,21.56,111.2847,121.9233,0.99
2021-01-11,,24.08,111.8257,122.4162,1.01
2021-01-12,,23.33,111.5501,122.0038,1.01
2021-01-13,,22.21,111.3622,121.6895,0.96
2021-01-14,,23.25,111.1567,121.5399,0.99
2021-01-15,-0.615,24.34,111.5106,121.7385,0.98
2021-01-18,,,,,
2021-01-19,,23.24,111.4527,121.7055,0.96
2021-01-20,,21.58,,,0.97
2021-01-21,,21.32,111.1973,121.5989,0.99
2021-01-22,-0.617,21.91,111.5516,122.2404,0.97
2021-01-25,,23.19,111.8676,122.6087,0.92
2021-01-26,,23.02,111.6572,122.3641,0.94
2021-01-27,,37.21,112.0782,122.7817,0.92
2021-01-28,,30.21,112.0059,122.6444,0.95
2021-01-29,-0.618,33.09,111.9511,122.6014,1.0
2021-02-01,,30.24,112.4189,123.056,0.98
2021-02-02,,25.56,112.2862,122.5478,1.01
2021-02-03,,22.91,112.2567,122.6484,1.04
2021-02-04,,21.77,112.7469,123.2372,1.04
2021-02-05,-0.62,20.87,112.2379,122.6247,1.1
2021-02-08,,21.24,112.0428,122.3926,1.08
2021-02-09,,21.63,111.7675,122.3251,1.07
2021-02-10,,21.99,111.5834,122.2004,1.04
2021-02-11,,21.25,111.5272,121.9974,1.05
2021-02-12,-0.622,19.97,111.4889,121.9077,1.09
2021-02-15,,,,,
2021-02-16,,21.46,111.7879,122.3823,1.17
2021-02-17,,21.5,112.0204,122.4733,1.18
2021-02-18,,22.49,112.1603,123.0375,1.18
2021-02-19,-0.624,22.05,111.7058,122.7113,1.23
2021-02-22,,23.45,111.918,123.3148,1.26
2021-02-23,,23.11,111.8981,123.1452,1.26
2021-02-24,,21.34,111.7212,122.8526,1.26
2021-02-25,,28.89,111.9253,123.6365,1.37
2021-02-26,-0.626,27.95,112.8306,124.2705,1.3
2021-03-01,,23.35,112.5263,123.5661,1.32
2021-03-02,,24.1,112.5342,123.8095,1.29
2021-03-03,,26.67,112.7617,124.2205,1.33
2021-03-04,,28.57,112.7037,123.9305,1.4
2021-03-05,-0.63,24.66,113.7487,125.0825,1.42
2021-03-08,,25.47,114.2678,125.7655,1.42
2021-03-09,,24.03,113.928,125.4147,1.38
2021-03-10,,22.56,113.5881,124.7956,1.37
2021-03-11,,21.91,112.9214,124.0708,1.4
2021-03-12,-0.635,20.69,113.0269,124.2816,1.5
2021-03-15,,20.03,113.1928,124.3471,1.48
2021-03-16,,19.79,112.9839,123.9815,1.47
2021-03-17,,19.23,113.1589,124.2724,1.5
2021-03-18,,21.58,112.7744,123.7484,1.55
2021-03-19,-0.641,20.95,112.9756,123.8336,1.58
2021-03-22,,18.88,113.0023,124.0053,1.54
2021-03-23,,20.3,113.2916,124.1783,1.48
2021-03-24,,21.2,113.6565,124.6439,1.48
2021-03-25,,19.81,114.0016,124.8995,1.49
2021-03-26,-0.648,18.86,113.7406,124.5565,1.53
2021-03-29,,20.74,113.9314,124.8339,1.59
2021-03-30,,19.61,114.203,124.9365,1.57
2021-03-31,,19.4,113.8234,124.3728,1.58
2021-04-01,,17.33,113.7389,124.3435,1.52
2021-04-02,-0.655,,113.7315,124.2842,1.53
2021-04-05,,17.91,113.394,124.1031,1.56
2021-04-06,,18.12,113.1464,123.6993,1.51
2021-04-07,,17.16,113.2436,123.842,1.52
2021-04-08,,16.95,113.0917,123.7404,1.5
2021-04-09,-0.663,16.69,113.2028,123.985,1.51
2021-04-12,,16.91,113.1815,123.9759,1.51
2021-04-13,,16.65,113.0391,123.891,1.48
2021-04-14,,16.99,112.7849,123.6648,1.48
2021-04-15,,16.57,112.6181,123.2346,1.4
2021-04-16,-0.67,16.25,112.4814,123.1704,1.43
2021-04-19,,17.29,112.1835,122.8886,1.45
2021-04-20,,18.68,112.2354,122.9465,1.43
2021-04-21,,17.5,112.1771,122.9745,1.42
2021-04-22,,18.71,112.2297,122.886,1.41
2021-04-23,-0.676,17.33,112.0889,122.8503,1.42
2021-04-26,,17.64,111.8109,122.6068,1.4
2021-04-27,,17.56,111.9097,122.7686,1.46
2021-04-28,,17.28,111.7909,122.6812,1.46
2021-04-29,,17.61,111.7464,122.8115,1.49
2021-04-30,-0.681,18.61,112.0839,123.0393,1.49
2021-05-03,,18.31,112.005,123.1418,1.47
2021-05-04,,19.48,112.2896,123.3405,1.45
2021-05-05,,19.15,112.1514,123.2233,1.43
2021-05-06,,18.39,111.8401,122.9492,1.42
2021-05-07,-0.686,16.69,111.0249,122.1064,1.46
2021-05-10,,19.66,110.7905,121.8879,1.47
2021-05-11,,21.84,110.8921,122.0575,1.48
2021-05-12,,27.59,111.5636,122.8013,1.53
2021-05-13,,23.13,111.5955,122.7144,1.5
2021-05-14,-0.688,18.81,111.1353,122.2386,1.47
2021-05-17,,19.72,111.079,122.3258,1.48
2021-05-18,,21.34,110.8317,122.1131,1.48
2021-05-19,,22.18,110.8807,122.1812,1.52
2021-05-20,,20.67,110.8605,122.3098,1.48
2021-05-21,-0.69,20.15,111.0576,122.4317,1.46
2021-05-24,,18.4,110.9118,122.2399,1.46
2021-05-25,,18.84,110.842,122.1845,1.41
2021-05-26,,17.36,110.8677,122.0059,1.44
2021-05-27,,16.74,110.8688,122.0113,1.47
2021-05-28,-0.692,16.76,110.7576,121.7298,1.44
2021-05-31,,,,,
2021-06-01,,17.9,110.5046,121.6062,1.46
2021-06-02,,17.48,110.5799,121.5826,1.46
2021-06-03,,18.04,111.1782,122.08,1.47
2021-06-04,-0.693,16.42,110.7521,121.6988,1.42
2021-06-07,,16.42,110.5155,121.4173,1.41
2021-06-08,,17.07,110.649,121.4693,1.39
2021-06-09,,17.89,110.5707,121.2851,1.34
2021-06-10,,16.1,110.5456,121.2703,1.31
2021-06-11,-0.692,15.65,111.0933,121.8454,1.31
2021-06-14,,16.39,110.9659,121.7361,1.35
2021-06-15,,17.02,111.3507,122.2768,1.35
2021-06-16,,18.15,111.1165,121.9418,1.36
2021-06-17,,17.75,112.5772,123.303,1.29
2021-06-18,-0.689,20.7,113.0408,123.7725,1.19
2021-06-21,,17.89,112.8391,123.7878,1.23
2021-06-22,,16.66,112.9174,123.9066,1.23
2021-06-23,,16.32,112.3819,123.2196,1.24
2021-06-24,,15.97,112.326,122.8052,1.23
2021-06-25,-0.685,15.62,111.9655,122.2382,1.26
2021-06-28,,15.76,112.0248,122.2838,1.24
2021-06-29,,16.02,112.2613,122.4383,1.22
2021-06-30,,15.83,112.5533,122.6178,1.2
2021-07-01,,15.48,112.74,122.9477,1.23
2021-07-02,-0.68,15.07,112.5425,122.7304,1.2
2021-07-05,,,,,
2021-07-06,,16.44,112.9516,123.2056,1.15
2021-07-07,,16.2,113.1048,123.3636,1.11
2021-07-08,,19.0,113.0776,123.5222,1.11
2021-07-09,-0.673,16.18,112.8375,123.2822,1.14
2021-07-12,,16.17,112.7611,123.18,1.15
2021-07-13,,17.12,113.0063,123.3239,1.16
2021-07-14,,16.33,112.8801,123.1377,1.14
2021-07-15,,17.01,113.0041,123.133,1.08
2021-07-16,-0.666,18.45,113.0428,123.125,1.06
2021-07-19,,22.5,113.5472,123.7294,0.98
2021-07-20,,19.73,113.7502,123.9536,1.03
2021-07-21,,17.91,113.3926,123.835,1.08
2021-07-22,,17.69,113.4695,123.8371,1.07
2021-07-23,-0.66,17.2,113.4398,123.6673,1.08
2021-07-26,,17.58,113.2238,123.6572,1.07
2021-07-27,,19.36,113.2227,123.7753,1.05
2021-07-28,,18.31,113.1807,123.5845,1.06
2021-07-29,,17.7,112.4834,122.9507,1.08
2021-07-30,-0.654,18.24,112.6714,123.1054,1.05
2021-08-02,,19.46,112.6691,123.097,1.03
2021-08-03,,18.04,112.8228,123.2811,1.02
2021-08-04,,17.97,112.8953,123.3111,1.02
2021-08-05,,17.28,112.7674,123.1728,1.02
2021-08-06,-0.649,16.15,113.3088,123.6283,1.1
2021-08-09,,16.72,113.4521,123.7882,1.1
2021-08-10,,16.79,113.4973,123.8059,1.12
2021-08-11,,16.06,113.282,123.5128,1.12
2021-08-12,,15.59,113.2691,123.4332,1.13
2021-08-13,-0.647,15.45,113.0615,123.4135,1.06
2021-08-16,,16.12,113.1698,123.4834,1.05
2021-08-17,,17.91,113.6174,123.8525,1.03
2021-08-18,,21.57,113.6959,123.8664,1.04
2021-08-19,,21.67,114.1106,124.2453,1.02
2021-08-20,-0.645,18.56,114.5009,124.8275,1.03
2021-08-23,,17.15,113.9418,124.4406,1.02
2021-08-24,,17.22,113.6795,124.1139,1.05
2021-08-25,,16.79,113.6322,124.003,1.12
2021-08-26,,18.84,113.7883,124.21,1.09
2021-08-27,-0.646,16.39,113.3404,123.6599,1.09
2021-08-30,,16.19,113.246,123.424,1.09
2021-08-31,,16.48,113.1076,123.0856,1.1
2021-09-01,,16.11,112.8732,122.9039,1.11
2021-09-02,,16.41,112.7863,122.9266,1.09
2021-09-03,-0.647,16.41,112.5476,122.7277,1.12
2021-09-06,,,,,
2021-09-07,,18.14,112.9795,123.0752,1.16
2021-09-08,,17.96,113.2319,123.2436,1.13
2021-09-09,,18.8,113.043,123.1527,1.07
2021-09-10,-0.649,20.95,112.9425,122.9105,1.12
2021-09-13,,19.37,113.0341,123.0094,1.12
2021-09-14,,19.46,113.0061,123.0025,1.07
2021-09-15,,18.18,112.9773,122.9321,1.1
2021-09-16,,18.69,113.3036,123.226,1.11
2021-09-17,-0.651,20.81,113.5989,123.466,1.14
2021-09-20,,25.71,113.9422,123.9484,1.08
2021-09-21,,24.36,113.8179,123.7978,1.11
2021-09-22,,20.87,113.6223,123.5847,1.07
2021-09-23,,18.63,113.513,123.5099,1.14
2021-09-24,-0.652,17.75,113.7597,123.7823,1.18
2021-09-27,,18.76,113.7432,123.7602,1.17
2021-09-28,,23.25,114.2469,124.3749,1.23
2021-09-29,,22.56,114.7092,124.71,1.25
2021-09-30,,23.14,114.6403,124.6992,1.24
2021-10-01,-0.652,21.15,114.3798,124.4794,1.21
2021-10-04,,22.96,114.2739,124.6458,1.22
2021-10-05,,21.3,114.3654,124.7717,1.26
2021-10-06,,21.0,114.7185,125.0452,1.23
2021-10-07,,19.54,114.5044,124.888,1.26
2021-10-08,-0.65,18.77,114.5986,125.231,1.29
2021-10-11,,20.0,,,
2021-10-12,,19.85,114.7542,125.3243,1.24
2021-10-13,,18.64,114.4705,124.919,1.19
2021-10-14,,16.86,114.2053,124.7507,1.16
2021-10-15,-0.645,16.3,114.0905,124.4311,1.18
2021-10-18,,16.31,113.9899,124.3312,1.15
2021-10-19,,15.7,113.647,123.8228,1.24
2021-10-20,,15.49,113.5083,123.6989,1.25
2021-10-21,,15.01,113.6188,123.9611,1.23
2021-10-22,-0.635,15.43,113.67,123.872,1.18
2021-10-25,,15.24,113.605,123.671,1.17
2021-10-26,,15.98,113.674,123.6337,1.16
2021-10-27,,16.98,113.6218,123.7464,1.04
2021-10-28,,16.53,113.4389,123.8351,1.07
2021-10-29,-0.62,16.26,114.1349,124.4087,1.07
2021-11-01,,16.41,114.2067,124.8679,1.08
2021-11-02,,16.03,114.2847,124.7334,1.1
2021-11-03,,15.1,114.3593,124.9402,1.13
2021-11-04,,15.44,114.3558,124.558,1.12
2021-11-05,-0.603,16.48,114.0732,124.0753,1.06
2021-11-08,,17.22,113.8256,123.8025,1.06
2021-11-09,,17.78,113.762,123.6361,1.05
2021-11-10,,18.73,114.1484,123.9396,1.05
2021-11-11,,17.66,,,
2021-11-12,-0.584,16.29,114.5144,124.0095,1.05
2021-11-15,,16.49,114.5876,124.2077,1.1
2021-11-16,,16.37,115.136,124.6811,1.09
2021-11-17,,17.11,115.0263,124.408,1.08
2021-11-18,,17.59,115.0678,124.5808,1.07
2021-11-19,-0.566,17.91,115.2187,124.7489,1.02
2021-11-22,,19.17,115.6481,125.0681,1.0
2021-11-23,,19.38,116.0118,125.6824,1.07
2021-11-24,,18.58,116.2711,125.9365,1.0
2021-11-25,,,,,
2021-11-26,-0.55,28.62,116.5103,126.8994,0.98
2021-11-29,,22.96,116.581,126.7116,1.01
2021-11-30,,27.19,116.2071,126.0401,0.91
2021-12-01,,31.12,115.889,125.7437,0.87
2021-12-02,,27.95,116.018,125.7988,0.81
2021-12-03,-0.539,30.67,116.2377,126.1458,0.75
2021-12-06,,27.18,116.1538,125.9128,0.78
2021-12-07,,21.89,115.8555,125.4558,0.78
2021-12-08,,19.9,115.4418,124.9816,0.84
2021-12-09,,21.58,115.7784,125.3265,0.79
2021-12-10,-0.537,18.69,115.5732,125.1369,0.81
2021-12-13,,20.31,115.842,125.3491,0.76
2021-12-14,,21.89,116.2397,125.8211,0.77
2021-12-15,,19.29,116.4219,125.9919,0.78
2021-12-16,,20.57,115.7146,125.2688,0.8
2021-12-17,-0.54,21.57,115.791,125.0841,0.75
2021-12-20,,22.87,116.0092,125.3228,0.78
2021-12-21,,21.01,116.1089,125.3807,0.78
2021-12-22,,18.63,115.7485,125.1919,0.78
2021-12-23,,17.96,115.5337,124.8722,0.79
2021-12-24,-0.546,,,,
2021-12-27,,17.68,115.4684,124.7852,0.72
2021-12-28,,17.54,115.4192,124.5993,0.75
2021-12-29,,16.95,115.3678,124.6262,0.8
2021-12-30,,17.33,115.283,124.4632,0.79
2021-12-31,-0.555,17.22,,,0.79
2022-01-03,,16.6,115.4101,124.548,0.85
2022-01-04,,16.91,115.3103,124.5425,0.89
2022-01-05,,19.73,115.137,124.3921,0.88
2022-01-06,,19.61,115.4046,124.6746,0.85
2022-01-07,-0.56,18.76,115.0451,124.4268,0.89
2022-01-10,,19.4,115.2216,124.5521,0.86
2022-01-11,,18.41,114.8332,124.1465,0.85
2022-01-12,,17.62,114.355,123.9478,0.82
2022-01-13,,20.31,114.177,123.899,0.79
2022-01-14,-0.56,19.19,114.3825,123.8483,0.79
2022-01-17,,,,,
2022-01-18,,22.79,114.7373,124.0903,0.81
2022-01-19,,23.85,114.6109,124.0574,0.79
2022-01-20,,25.59,114.4642,123.8527,0.75
2022-01-21,-0.553,28.85,114.6125,123.962,0.74
2022-01-24,,29.9,115.2034,124.4774,0.76
2022-01-25,,31.16,115.1654,124.4321,0.76
2022-01-26,,31.96,115.0922,124.3332,0.72
2022-01-27,,30.49,115.978,124.907,0.63
2022-01-28,-0.539,27.66,116.0393,125.0491,0.63
2022-01-31,,24.83,115.566,124.4936,0.61
2022-02-01,,21.96,115.3685,124.4065,0.63
2022-02-02,,22.09,115.1538,124.3516,0.62
2022-02-03,,24.35,114.9065,124.3771,0.63
2022-02-04,-0.52,23.22,115.1362,124.6288,0.62
2022-02-07,,22.86,115.0098,124.492,0.62
2022-02-08,,21.44,115.0892,124.4873,0.61
2022-02-09,,19.96,114.8232,124.1458,0.58
2022-02-10,,23.91,114.5527,123.9205,0.42
2022-02-11,-0.495,27.36,114.8413,124.0004,0.42
2022-02-14,,28.33,115.1946,124.0872,0.4
2022-02-15,,25.7,114.93,123.8123,0.47
2022-02-16,,24.29,114.6886,123.6312,0.51
2022-02-17,,28.11,114.6755,123.5953,0.48
2022-02-18,-0.466,27.75,114.7982,123.5005,0.45
2022-02-21,,,,,
2022-02-22,,28.81,114.7002,123.454,0.38
2022-02-23,,31.02,114.6668,123.2882,0.41
2022-02-24,,30.32,115.9419,124.5899,0.42
2022-02-25,-0.437,27.59,115.2577,123.9507,0.42
2022-02-28,,30.15,115.2224,124.0757,0.39
2022-03-01,,33.32,115.7962,124.5307,0.41
2022-03-02,,30.74,115.7623,124.5348,0.36
2022-03-03,,30.48,115.9495,124.6348,0.33
2022-03-04,-0.41,31.98,116.6503,125.2961,0.24
2022-03-07,,36.45,117.3278,126.1654,0.23
2022-03-08,,35.13,117.6176,126.468,0.23
2022-03-09,,32.45,116.5961,125.5047,0.26
2022-03-10,,30.23,116.7401,125.5622,0.26
2022-03-11,-0.389,30.75,117.0192,125.747,0.25
2022-03-14,,31.77,117.1506,125.9179,0.27
2022-03-15,,29.83,117.246,125.9446,0.3
2022-03-16,,26.67,116.8073,125.3356,0.24
2022-03-17,,25.67,116.0467,124.7021,0.26
2022-03-18,-0.378,23.87,116.1378,124.5584,0.17
2022-03-21,,23.53,115.9398,124.3618,0.18
2022-03-22,,22.94,116.0824,124.3671,0.2
2022-03-23,,23.57,116.005,124.1881,0.19
2022-03-24,,21.67,115.9599,124.0582,0.21
2022-03-25,-0.372,20.81,115.7921,123.6826,0.18
2022-03-28,,19.63,116.1911,124.1063,0.11
2022-03-29,,18.9,115.5679,123.6304,0.06
2022-03-30,,19.33,115.0818,123.0721,0.04
2022-03-31,,20.56,115.2218,123.1536,0.04
2022-04-01,-0.369,19.63,115.4814,123.2181,-0.05
2022-04-04,,18.57,115.4112,122.9008,-0.01
2022-04-05,,21.03,115.73,123.2485,0.03
2022-04-06,,22.1,115.9995,123.553,0.11
2022-04-07,,21.55,116.3512,123.9206,0.19
2022-04-08,-0.367,21.16,116.4176,123.9023,0.19
2022-04-11,,24.37,116.5401,123.9148,0.29
2022-04-12,,24.26,116.3866,123.5884,0.33
2022-04-13,,21.82,116.2796,123.4616,0.33
2022-04-14,,22.7,116.7558,123.8654,0.36
2022-04-15,-0.36,,116.7017,123.826,
2022-04-18,,22.17,116.8441,123.8602,0.39
2022-04-19,,21.37,117.1324,124.2703,0.32
2022-04-20,,20.32,116.7306,124.258,0.25
2022-04-21,,22.68,117.1432,124.7488,0.22
2022-04-22,-0.35,28.21,118.0186,125.5526,0.18
2022-04-25,,27.02,118.6271,126.159,0.18
2022-04-26,,33.52,118.9624,126.5285,0.23
2022-04-27,,31.6,119.4708,126.7124,0.24
2022-04-28,,29.99,120.0675,127.3146,0.22
2022-04-29,-0.335,33.4,119.4933,126.6253,0.19
2022-05-02,,32.34,119.8825,126.9971,0.26
2022-05-03,,29.25,119.7043,126.8117,0.19
2022-05-04,,25.42,119.5592,126.5731,0.27
2022-05-05,,31.2,120.0068,126.9942,0.34
2022-05-06,-0.317,30.19,119.8577,126.9219,0.4
2022-05-09,,34.75,120.4972,127.8569,0.44
2022-05-10,,32.99,120.7742,128.0705,0.37
2022-05-11,,32.56,120.3925,127.6143,0.25
2022-05-12,,31.77,121.2796,128.3215,0.28
2022-05-13,-0.298,28.87,120.8442,127.8773,0.32
2022-05-16,,27.47,120.6881,127.7574,0.3
2022-05-17,,26.1,119.8871,127.0564,0.27
2022-05-18,,30.96,120.0274,127.2145,0.21
2022-05-19,,29.35,119.4278,126.7988,0.21
2022-05-20,-0.278,29.43,119.3677,126.4347,0.18
2022-05-23,,28.48,118.7169,125.9315,0.21
2022-05-24,,29.45,118.6245,126.0965,0.26
2022-05-25,,28.37,118.9598,126.2658,0.27
2022-05-26,,27.5,118.7687,126.3936,0.29
2022-05-27,-0.257,25.72,118.2834,125.5375,0.27
2022-05-30,,26.54,,,
2022-05-31,,26.19,118.0704,125.3579,0.32
2022-06-01,,25.69,118.6954,125.7966,0.28
2022-06-02,,24.72,118.0658,125.3165,0.27
2022-06-03,-0.234,24.79,118.2153,125.3892,0.3
2022-06-06,,25.07,118.3081,125.4196,0.31
2022-06-07,,24.02,118.4414,125.657,0.23
2022-06-08,,23.96,118.3951,125.632,0.25
2022-06-09,,26.09,118.9226,125.8809,0.21
2022-06-10,-0.209,27.75,119.9981,126.8065,0.09
2022-06-13,,34.02,121.1523,128.3121,0.03
2022-06-14,,32.69,121.6669,128.7555,0.04
2022-06-15,,29.62,121.6403,128.5732,0.13
2022-06-16,,32.95,120.6714,128.2569,0.14
2022-06-17,-0.185,31.13,121.2369,128.2519,0.08
2022-06-20,,31.03,,,
2022-06-21,,30.19,120.6427,127.7648,0.1
2022-06-22,,28.95,120.5197,127.7026,0.1
2022-06-23,,29.05,120.7622,127.765,0.08
2022-06-24,-0.17,27.23,120.4853,127.567,0.09
2022-06-27,,26.95,120.1736,127.392,0.12
2022-06-28,,28.36,120.62,127.7424,0.1
2022-06-29,,28.16,120.9616,128.1448,0.04
2022-06-30,,28.71,120.9652,128.1732,0.06
2022-07-01,-0.164,26.7,121.5058,128.7003,0.04
2022-07-04,,27.53,,,
2022-07-05,,27.54,122.6203,129.5865,0.0
2022-07-06,,26.73,123.0073,129.9683,-0.04
2022-07-07,,26.08,122.7257,129.5558,-0.02
2022-07-08,-0.167,24.64,122.4662,129.2322,-0.03
2022-07-11,,26.17,123.2974,130.0907,-0.08
2022-07-12,,27.29,123.4524,130.3106,-0.07
2022-07-13,,26.82,123.2834,130.131,-0.22
2022-07-14,,26.4,124.0622,130.7701,-0.19
2022-07-15,-0.18,24.23,123.4765,130.177,-0.2
2022-07-18,,25.3,122.7727,129.6247,-0.19
2022-07-19,,24.5,122.4819,129.6737,-0.22
2022-07-20,,23.88,122.5997,129.7544,-0.21
2022-07-21,,23.11,122.9032,130.2737,-0.19
2022-07-22,-0.199,23.03,122.451,129.8673,-0.21
2022-07-25,,23.36,122.4594,129.7959,-0.19
2022-07-26,,24.69,122.7581,129.8107,-0.21
2022-07-27,,23.24,122.8169,129.8172,-0.18
2022-07-28,,22.33,122.1161,129.2547,-0.17
2022-07-29,-0.217,21.33,121.7678,129.0551,-0.22
2022-08-01,,22.84,121.4109,128.8737,-0.3
2022-08-02,,23.93,121.9486,129.3313,-0.31
2022-08-03,,21.95,122.3888,129.6081,-0.37
2022-08-04,,21.44,121.8333,129.0605,-0.35
2022-08-05,-0.23,21.15,122.321,129.1977,-0.41
2022-08-08,,21.29,121.8783,128.919,-0.44
2022-08-09,,21.77,121.8614,128.8855,-0.48
2022-08-10,,19.74,120.7543,127.9866,-0.45
2022-08-11,,20.2,120.7163,127.9899,-0.36
2022-08-12,-0.238,19.53,121.018,127.8706,-0.41
2022-08-15,,19.95,121.4315,128.0362,-0.41
2022-08-16,,19.69,121.6807,128.3402,-0.43
2022-08-17,,19.9,122.0711,128.7004,-0.39
2022-08-18,,19.56,122.3627,128.9578,-0.34
2022-08-19,-0.236,20.6,123.0501,129.4523,-0.27
2022-08-22,,23.8,123.605,129.7707,-0.29
2022-08-23,,24.11,123.0547,129.3703,-0.24
2022-08-24,,22.82,123.109,129.2357,-0.25
2022-08-25,,21.78,123.0586,129.2048,-0.32
2022-08-26,-0.223,25.56,123.0656,129.1942,-0.33
2022-08-29,,26.21,123.4686,129.7606,-0.3
2022-08-30,,26.21,123.6848,129.9284,-0.35
2022-08-31,,25.87,123.535,129.8552,-0.3
2022-09-01,,25.56,124.4006,130.4932,-0.25
2022-09-02,-0.202,25.47,123.7743,129.9141,-0.2
2022-09-05,,25.99,,,
2022-09-06,,26.91,124.767,130.862,-0.17
2022-09-07,,24.64,124.8408,130.8459,-0.18
2022-09-08,,23.61,124.578,130.6284,-0.19
2022-09-09,-0.177,22.79,123.7874,130.1224,-0.23
2022-09-12,,23.87,123.3332,129.9637,-0.21
2022-09-13,,27.27,124.4242,130.6477,-0.33
2022-09-14,,26.16,124.4509,130.7501,-0.37
2022-09-15,,26.27,124.8843,131.3183,-0.42
2022-09-16,-0.149,26.3,124.8794,131.194,-0.4
2022-09-19,,25.76,125.0104,131.3045,-0.46
2022-09-20,,27.16,125.1248,131.3595,-0.39
2022-09-21,,27.99,125.7399,131.6872,-0.51
2022-09-22,,27.35,126.1667,132.0673,-0.41
2022-09-23,-0.124,29.92,127.2853,132.9182,-0.51
2022-09-26,,32.26,128.4539,133.8426,-0.39
2022-09-27,,32.6,128.4386,133.8361,-0.33
2022-09-28,,30.18,128.0884,134.0151,-0.35
2022-09-29,,31.84,127.5437,133.453,-0.4
2022-09-30,-0.105,31.62,127.5148,133.3244,-0.39
2022-10-03,,30.1,127.0813,132.9892,-0.45
2022-10-04,,29.07,126.1819,132.6137,-0.48
2022-10-05,,28.55,126.8616,132.8559,-0.39
2022-10-06,,30.52,127.2493,132.8785,-0.4
2022-10-07,-0.097,31.36,127.3111,132.9211,-0.41
2022-10-10,,32.45,,,
2022-10-11,,33.63,127.6641,133.3317,-0.37
2022-10-12,,33.57,128.1481,133.537,-0.37
2022-10-13,,31.94,127.7286,133.5543,-0.5
2022-10-14,-0.099,32.02,128.3325,133.8677,-0.48
2022-10-17,,31.37,127.6448,133.7722,-0.43
2022-10-18,,30.5,127.9153,133.9472,-0.42
2022-10-19,,30.76,128.3968,134.4016,-0.41
2022-10-20,,29.98,128.0052,134.1301,-0.38
2022-10-21,-0.109,29.69,127.6735,134.0908,-0.28
2022-10-24,,29.85,128.0304,134.5698,-0.25
2022-10-25,,28.46,127.3771,134.2958,-0.32
2022-10-26,,27.28,126.4723,133.6098,-0.35
2022-10-27,,27.39,126.7028,133.6536,-0.34
2022-10-28,-0.124,25.75,127.2135,133.939,-0.39
2022-10-31,,25.88,127.6219,134.2819,-0.41
2022-11-01,,25.81,127.3987,133.751,-0.47
2022-11-02,,25.86,127.3115,133.7385,-0.51
2022-11-03,,25.3,128.1743,134.0078,-0.57
2022-11-04,-0.141,24.55,127.1468,133.5422,-0.49
2022-11-07,,24.35,126.3062,132.8123,-0.5
2022-11-08,,25.54,125.633,132.5596,-0.53
2022-11-09,,26.09,125.9861,132.5007,-0.49
2022-11-10,,23.53,124.7044,131.7673,-0.52
2022-11-11,-0.158,22.52,,,
2022-11-14,,23.73,123.4277,130.5748,-0.52
2022-11-15,,24.54,123.039,130.2918,-0.57
2022-11-16,,24.11,123.2817,130.6893,-0.68
2022-11-17,,23.93,123.977,131.5566,-0.66
2022-11-18,-0.171,23.12,123.8524,131.4091,-0.69
2022-11-21,,22.36,124.7009,131.9171,-0.65
2022-11-22,,21.29,124.2365,131.5996,-0.71
2022-11-23,,20.35,123.7574,131.4669,-0.75
2022-11-24,,20.42,,,
2022-11-25,-0.179,20.5,123.3386,131.0328,-0.74
2022-11-28,,22.21,123.6032,131.2873,-0.77
2022-11-29,,21.89,123.6615,130.6945,-0.73
2022-11-30,,20.58,123.5175,130.3693,-0.7
2022-12-01,,19.84,122.0045,129.2156,-0.72
2022-12-02,-0.184,19.06,122.0102,129.3935,-0.77
2022-12-05,,20.75,122.6384,129.8694,-0.81
2022-12-06,,22.17,123.0191,130.4936,-0.83
2022-12-07,,22.68,122.7608,130.051,-0.84
2022-12-08,,22.29,122.4152,129.8456,-0.83
2022-12-09,-0.187,22.83,122.4201,129.9106,-0.76
2022-12-12,,25.0,122.7714,130.2893,-0.78
2022-12-13,,22.55,121.8493,129.5693,-0.71
2022-12-14,,21.14,121.8226,129.6157,-0.74
2022-12-15,,22.83,122.5519,130.2062,-0.79
2022-12-16,-0.194,22.62,122.6505,130.2251,-0.69
2022-12-19,,22.42,122.5275,130.1779,-0.68
2022-12-20,,21.48,122.1357,130.0194,-0.56
2022-12-21,,20.07,122.2828,129.9372,-0.53
2022-12-22,,21.97,122.2419,129.6387,-0.57
2022-12-23,-0.204,20.87,121.9743,129.3769,-0.56
2022-12-26,,,,,
2022-12-27,,21.65,121.7539,129.2657,-0.48
2022-12-28,,22.14,122.0075,129.3592,-0.43
2022-12-29,,21.44,121.6577,129.1462,-0.51
2022-12-30,-0.221,21.67,121.4256,129.0051,-0.53
2023-01-02,,,,,
2023-01-03,,22.9,122.0905,129.1767,-0.61
2023-01-04,,22.01,121.5008,128.8304,-0.67
2023-01-05,,22.46,122.1017,128.8582,-0.74
2023-01-06,-0.244,21.13,121.0852,128.0001,-0.69
2023-01-09,,21.97,120.1508,127.3176,-0.66
2023-01-10,,20.58,120.2483,127.0471,-0.63
2023-01-11,,21.09,120.1614,126.7824,-0.66
2023-01-12,,18.83,119.4218,126.1264,-0.69
2023-01-13,-0.268,18.35,119.1673,125.6636,-0.73
2023-01-16,,19.49,,,
2023-01-17,,19.36,119.2121,125.8705,-0.65
2023-01-18,,20.34,119.0755,125.7639,-0.69
2023-01-19,,20.52,119.6107,126.5819,-0.7
2023-01-20,-0.289,19.85,119.3486,126.1796,-0.66
2023-01-23,,19.81,119.1434,125.9565,-0.69
2023-01-24,,19.2,119.0958,125.9619,-0.66
2023-01-25,,19.08,118.9686,125.8545,-0.65
2023-01-26,,18.73,119.021,125.8679,-0.68
2023-01-27,-0.305,18.51,118.9223,125.7545,-0.67
2023-01-30,,19.94,118.8953,125.5713,-0.7
2023-01-31,,19.4,118.9802,125.7252,-0.69
2023-02-01,,17.87,118.6259,125.3766,-0.7
2023-02-02,,18.73,118.3421,124.9001,-0.69
2023-02-03,-0.312,18.33,119.5095,126.0479,-0.77
2023-02-06,,19.43,120.541,127.2736,-0.81
2023-02-07,,18.66,120.3475,126.9971,-0.8
2023-02-08,,19.63,120.1436,126.8798,-0.82
2023-02-09,,20.71,119.9781,126.8265,-0.81
2023-02-10,-0.308,20.53,120.1419,126.6398,-0.76
2023-02-13,,20.34,119.9828,126.6086,-0.8
2023-02-14,,18.91,119.9229,126.4266,-0.83
2023-02-15,,18.23,120.4557,126.9584,-0.81
2023-02-16,,20.17,120.4651,126.8579,-0.76
2023-02-17,-0.294,20.02,120.5526,126.8516,-0.78
2023-02-20,,21.23,,,
2023-02-21,,22.87,120.6256,126.8889,-0.72
2023-02-22,,22.29,120.8389,127.0032,-0.73
2023-02-23,,21.14,121.0896,127.1428,-0.78
2023-02-24,-0.268,21.67,121.5681,127.5159,-0.83
2023-02-27,,20.95,121.3941,127.6678,-0.86
2023-02-28,,20.7,121.3341,127.5382,-0.89
2023-03-01,,20.58,120.6347,126.4431,-0.88
2023-03-02,,19.59,121.1302,126.7714,-0.81
2023-03-03,-0.238,18.49,120.7742,126.3355,-0.89
2023-03-06,,18.61,120.485,126.2517,-0.91
2023-03-07,,19.59,121.4623,126.8579,-1.03
2023-03-08,,19.11,121.4511,126.554,-1.07
2023-03-09,,22.61,121.4458,126.905,-0.97
2023-03-10,-0.205,24.8,121.2421,127.217,-0.9
2023-03-13,,26.52,120.8897,127.5997,-0.48
2023-03-14,,23.73,121.0141,127.6864,-0.56
2023-03-15,,26.14,122.1079,128.6228,-0.42
2023-03-16,,22.99,121.7221,128.4176,-0.58
2023-03-17,-0.174,25.51,121.5643,128.3989,-0.42
2023-03-20,,24.15,121.0141,128.0036,-0.45
2023-03-21,,21.38,120.8958,127.7269,-0.58
2023-03-22,,22.26,120.6217,127.3049,-0.48
2023-03-23,,22.61,119.7587,126.4982,-0.38
2023-03-24,-0.155,21.74,120.4598,126.915,-0.38
2023-03-27,,20.6,120.2541,126.8001,-0.41
2023-03-28,,19.97,119.7138,126.2476,-0.47
2023-03-29,,19.12,119.7258,126.0563,-0.51
2023-03-30,,19.02,119.4078,125.9606,-0.55
2023-03-31,-0.151,18.7,119.3602,125.7662,-0.58
2023-04-03,,18.55,119.3204,126.1219,-0.54
2023-04-04,,19.0,119.142,126.2033,-0.49
2023-04-05,,19.08,119.2953,126.3833,-0.49
2023-04-06,,18.4,119.3072,126.3052,-0.52
2023-04-07,-0.154,,119.3547,126.1397,-0.58
2023-04-10,,18.97,119.7948,126.331,-0.59
2023-04-11,,19.1,119.5248,126.3741,-0.6
2023-04-12,,19.09,119.003,125.9417,-0.54
2023-04-13,,17.8,118.3915,125.5278,-0.51
2023-04-14,-0.165,17.07,118.8567,125.6921,-0.56
2023-04-17,,16.95,119.2787,126.0281,-0.58
2023-04-18,,16.83,119.1049,126.0388,-0.61
2023-04-19,,16.46,119.303,126.2213,-0.64
2023-04-20,,17.17,119.1199,126.0348,-0.6
2023-04-21,-0.178,16.77,119.3117,126.1949,-0.6
2023-04-24,,16.89,119.2039,126.2643,-0.6
2023-04-25,,18.76,119.613,126.5467,-0.46
2023-04-26,,18.84,119.3228,126.536,-0.47
2023-04-27,,17.03,119.4298,126.4745,-0.54
2023-04-28,-0.189,15.78,119.2248,126.2732,-0.6
2023-05-01,,16.08,119.4435,126.1574,-0.55
2023-05-02,,17.78,119.6105,126.5364,-0.53
2023-05-03,,18.34,119.1233,126.0475,-0.51
2023-05-04,,20.09,119.0465,125.9882,-0.38
2023-05-05,-0.198,17.19,118.5548,125.3901,-0.48
2023-05-08,,16.98,118.5759,125.5961,-0.48
2023-05-09,,17.71,118.8239,125.5916,-0.48
2023-05-10,,16.94,118.5864,125.2778,-0.47
2023-05-11,,16.93,119.0303,125.4847,-0.5
2023-05-12,-0.205,17.03,119.3671,125.5671,-0.52
2023-05-15,,17.12,119.1608,125.4392,-0.49
2023-05-16,,17.99,119.1743,125.3662,-0.52
2023-05-17,,16.87,119.607,125.8932,-0.55
2023-05-18,,16.05,120.0886,126.3659,-0.59
2023-05-19,-0.209,16.81,119.7751,126.1029,-0.58
2023-05-22,,17.21,120.0875,126.5446,-0.57
2023-05-23,,18.53,120.3204,126.8708,-0.56
2023-05-24,,20.03,120.4752,126.6719,-0.58
2023-05-25,,19.14,120.8413,127.0108,-0.67
2023-05-26,-0.211,17.95,120.6304,126.4874,-0.74
2023-05-29,,17.46,,,
2023-05-30,,17.46,120.5546,126.5883,-0.77
2023-05-31,,17.94,120.9662,127.0355,-0.76
2023-06-01,,15.65,120.0491,126.3308,-0.72
2023-06-02,-0.213,14.6,120.0049,125.9631,-0.81
2023-06-05,,14.73,120.0048,125.989,-0.77
2023-06-06,,13.96,119.9718,125.8096,-0.81
2023-06-07,,13.94,119.859,125.7,-0.77
2023-06-08,,13.65,119.5712,125.7535,-0.79
2023-06-09,-0.215,13.83,119.4322,125.3857,-0.84
2023-06-12,,15.01,119.6376,125.5345,-0.82
2023-06-13,,14.61,119.1899,125.1859,-0.83
2023-06-14,,13.88,118.776,124.9342,-0.91
2023-06-15,,14.5,118.5521,124.9628,-0.9
2023-06-16,-0.217,13.54,118.4184,124.6585,-0.93
2023-06-19,,14.19,,,
2023-06-20,,13.88,118.938,125.3331,-0.94
2023-06-21,,13.2,118.727,125.3154,-0.96
2023-06-22,,12.91,118.7552,125.333,-0.97
2023-06-23,-0.221,13.44,119.152,125.5825,-0.97
2023-06-26,,14.25,119.0761,125.7428,-0.93
2023-06-27,,13.74,118.8949,125.5193,-0.97
2023-06-28,,13.43,119.3382,125.7697,-1.0
2023-06-29,,13.54,119.527,125.9914,-1.02
2023-06-30,-0.227,13.59,119.3606,126.0427,-1.06
2023-07-03,,13.57,119.2119,125.6707,-1.08
2023-07-04,,13.7,,,
2023-07-05,,14.18,119.3483,125.6093,-0.99
2023-07-06,,15.44,119.8193,126.4508,-0.94
2023-07-07,-0.235,14.83,119.0761,125.9162,-0.88
2023-07-10,,15.07,118.9548,125.8682,-0.84
2023-07-11,,14.84,118.7344,125.7208,-0.89
2023-07-12,,13.54,117.6385,124.7236,-0.86
2023-07-13,,13.61,117.1831,124.4826,-0.83
2023-07-14,-0.248,13.34,117.0463,124.112,-0.91
2023-07-17,,13.48,117.1267,124.3042,-0.93
2023-07-18,,13.3,117.0264,124.0179,-0.94
2023-07-19,,13.76,117.3462,124.3262,-0.99
2023-07-20,,13.99,117.5947,124.3364,-0.95
2023-07-21,-0.263,13.6,117.9418,124.7709,-0.98
2023-07-24,,13.91,117.8124,124.5099,-0.95
2023-07-25,,13.86,117.8565,124.4988,-0.94
2023-07-26,,13.19,117.76,124.4165,-0.96
2023-07-27,,14.41,117.8938,124.1983,-0.9
2023-07-28,-0.278,13.33,117.788,124.0713,-0.91
2023-07-31,,13.63,117.8241,124.1107,-0.91
2023-08-01,,13.93,118.5738,124.7666,-0.87
2023-08-02,,16.09,119.1268,125.5691,-0.8
2023-08-03,,15.92,119.3963,126.2777,-0.7
2023-08-04,-0.296,17.1,118.821,125.6986,-0.73
2023-08-07,,15.77,119.0809,125.8638,-0.67
2023-08-08,,15.99,119.6407,126.4322,-0.72
2023-08-09,,15.96,119.476,126.1777,-0.79
2023-08-10,,15.85,119.1581,125.7986,-0.73
2023-08-11,-0.311,14.84,119.6268,126.2394,-0.73
2023-08-14,,14.82,120.0725,126.9399,-0.77
2023-08-15,,16.46,120.2127,127.253,-0.71
2023-08-16,,16.78,120.3551,127.2426,-0.69
2023-08-17,,17.89,120.5242,127.3868,-0.64
2023-08-18,-0.323,17.3,120.4321,127.1525,-0.66
2023-08-21,,17.13,120.4627,127.1639,-0.63
2023-08-22,,16.97,120.3554,126.8306,-0.68
2023-08-23,,15.98,120.0307,126.3659,-0.76
2023-08-24,,17.2,120.2354,126.3114,-0.75
2023-08-25,-0.332,15.68,120.5137,126.3619,-0.78
2023-08-28,,15.08,120.3155,126.2036,-0.78
2023-08-29,,14.45,120.2669,126.4399,-0.75
2023-08-30,,13.88,119.7937,126.1788,-0.78
2023-08-31,,13.57,120.225,126.4746,-0.76
2023-09-01,-0.337,13.09,120.759,127.0687,-0.69
2023-09-04,,13.82,,,
2023-09-05,,14.01,121.4345,127.9173,-0.67
2023-09-06,,14.45,121.8671,128.5162,-0.71
2023-09-07,,14.4,121.9528,128.6174,-0.67
2023-09-08,-0.337,13.84,121.9475,128.7238,-0.72
2023-09-11,,13.8,121.3386,127.9344,-0.68
2023-09-12,,14.23,121.2913,127.6846,-0.71
2023-09-13,,13.48,121.0549,127.2622,-0.71
2023-09-14,,12.82,121.2395,127.2424,-0.71
2023-09-15,-0.332,13.79,121.199,127.1573,-0.69
2023-09-18,,14.0,121.1938,127.3419,-0.73
2023-09-19,,14.11,121.1645,127.3292,-0.71
2023-09-20,,15.14,120.9648,127.1408,-0.77
2023-09-21,,17.54,121.5528,127.7752,-0.63
2023-09-22,-0.323,17.2,121.5306,127.6325,-0.66
2023-09-25,,16.9,122.1143,128.3537,-0.54
2023-09-26,,18.94,122.4742,128.8328,-0.48
2023-09-27,,18.22,122.9895,129.4279,-0.49
2023-09-28,,17.34,122.5342,129.139,-0.45
2023-09-29,-0.311,17.52,122.3077,128.521,-0.44
2023-10-02,,17.61,123.0545,129.1003,-0.43
2023-10-03,,19.78,123.7848,130.1398,-0.34
2023-10-04,,18.58,123.5946,130.251,-0.32
2023-10-05,,18.49,123.8993,131.0294,-0.31
2023-10-06,-0.299,17.45,123.3563,130.5723,-0.3
2023-10-09,,17.7,,,
2023-10-10,,17.03,122.9282,130.1308,-0.3
2023-10-11,,16.09,122.7697,129.6622,-0.41
2023-10-12,,16.69,123.2101,129.9097,-0.36
2023-10-13,-0.29,19.32,123.5954,130.4014,-0.41
2023-10-16,,17.21,123.3185,130.2619,-0.38
2023-10-17,,17.88,123.1202,130.1029,-0.36
2023-10-18,,19.22,123.8148,130.9498,-0.28
2023-10-19,,21.4,123.798,131.0772,-0.16
2023-10-20,-0.284,21.71,123.612,130.9044,-0.14
2023-10-23,,20.37,123.2846,130.6371,-0.19
2023-10-24,,18.97,123.6416,130.8488,-0.19
2023-10-25,,20.19,123.7871,130.9561,-0.13
2023-10-26,,20.68,124.0064,130.8624,-0.16
2023-10-27,-0.283,21.27,123.62,130.3959,-0.15
2023-10-30,,19.75,123.4076,130.2641,-0.15
2023-10-31,,18.14,123.8364,130.424,-0.19
2023-11-01,,16.87,123.7922,130.2165,-0.18
2023-11-02,,15.66,122.8818,129.124,-0.31
2023-11-03,-0.288,14.91,121.7564,128.1021,-0.26
2023-11-06,,14.89,121.6484,127.9623,-0.26
2023-11-07,,14.81,122.0777,128.0389,-0.33
2023-11-08,,14.45,122.0926,128.1438,-0.44
2023-11-09,,15.29,122.1281,128.218,-0.41
2023-11-10,-0.297,14.17,,,-0.43
2023-11-13,,14.76,122.4264,128.6676,-0.39
2023-11-14,,14.16,121.35,127.874,-0.36
2023-11-15,,14.18,121.0749,127.3417,-0.37
2023-11-16,,14.32,121.1754,127.2468,-0.38
2023-11-17,-0.308,13.8,120.8477,126.8927,-0.44
2023-11-20,,13.41,120.2533,126.3101,-0.47
2023-11-21,,13.35,120.2241,126.3032,-0.45
2023-11-22,,12.85,120.6802,126.616,-0.47
2023-11-23,,12.8,,,
2023-11-24,-0.319,12.46,120.2105,126.469,-0.45
2023-11-27,,12.69,120.173,126.4281,-0.45
2023-11-28,,12.69,119.5904,126.0544,-0.39
2023-11-29,,12.98,119.8159,126.2133,-0.37
2023-11-30,,12.92,120.2434,126.7561,-0.36
2023-12-01,-0.329,12.63,119.9424,126.3828,-0.34
2023-12-04,,13.08,120.4727,127.0111,-0.36
2023-12-05,,12.85,120.7913,127.271,-0.39
2023-12-06,,12.97,120.5334,126.7743,-0.48
2023-12-07,,13.06,120.6013,127.1904,-0.44
2023-12-08,-0.338,12.35,120.7607,127.0908,-0.48
2023-12-11,,12.63,120.9279,127.3959,-0.48
2023-12-12,,12.07,120.6817,127.1049,-0.53
2023-12-13,,12.19,121.1571,128.2497,-0.42
2023-12-14,,12.48,119.5683,127.1223,-0.45
2023-12-15,-0.347,12.28,119.7382,126.9809,-0.53
2023-12-18,,12.56,119.9102,127.1737,-0.48
2023-12-19,,12.53,119.4632,126.8127,-0.48
2023-12-20,,13.67,119.5435,126.8212,-0.48
2023-12-21,,13.65,119.3168,126.7869,-0.44
2023-12-22,-0.356,13.03,119.0625,126.4685,-0.41
2023-12-25,,,,,
2023-12-26,,12.99,118.8875,126.3753,-0.37
2023-12-27,,12.43,118.4729,126.1675,-0.41
2023-12-28,,12.47,118.4104,125.8801,-0.42
2023-12-29,-0.365,12.45,118.4208,125.8358,-0.35
2024-01-01,,,,,
2024-01-02,,13.2,119.2686,126.5297,-0.38
2024-01-03,,14.04,119.6958,126.8581,-0.42
2024-01-04,,14.13,119.6208,126.9241,-0.39
2024-01-05,-0.373,13.35,119.388,126.5681,-0.35
2024-01-08,,13.08,119.2506,126.4018,-0.35
2024-01-09,,12.76,119.6666,126.8698,-0.34
2024-01-10,,12.69,119.7614,127.0937,-0.33
2024-01-11,,12.44,119.8916,127.0234,-0.28
2024-01-12,-0.381,12.7,119.534,126.6416,-0.18
2024-01-15,,13.25,,,
2024-01-16,,13.84,120.5759,127.8443,-0.15
2024-01-17,,14.79,121.0402,128.3671,-0.24
2024-01-18,,14.13,120.8895,128.1638,-0.2
2024-01-19,-0.388,13.3,120.6442,127.8433,-0.24
2024-01-22,,13.19,120.6178,127.9487,-0.26
2024-01-23,,12.55,121.1001,128.3867,-0.17
2024-01-24,,13.14,120.4916,127.7977,-0.16
2024-01-25,,13.45,120.8311,128.0284,-0.14
2024-01-26,-0.394,13.26,120.6173,127.8427,-0.19
2024-01-29,,13.6,120.8538,128.0653,-0.21
2024-01-30,,13.31,120.6025,127.8147,-0.3
2024-01-31,,14.35,120.4331,127.7992,-0.28
2024-02-01,,13.88,120.3335,127.6321,-0.33
2024-02-02,-0.401,13.85,120.902,127.8068,-0.33
2024-02-05,,13.67,121.349,128.1193,-0.29
2024-02-06,,13.06,120.9588,127.632,-0.3
2024-02-07,,12.83,120.9049,127.7058,-0.32
2024-02-08,,12.79,121.0798,127.9716,-0.31
2024-02-09,-0.408,12.93,121.039,127.8905,-0.31
2024-02-12,,13.93,120.9378,127.7553,-0.29
2024-02-13,,15.85,121.5202,128.101,-0.33
2024-02-14,,14.38,121.4002,127.962,-0.29
2024-02-15,,14.01,121.2121,127.9376,-0.32
2024-02-16,-0.416,14.24,121.1505,127.8808,-0.34
2024-02-19,,14.71,,,
2024-02-20,,15.42,121.0199,127.8829,-0.32
2024-02-21,,15.34,121.0379,127.9086,-0.32
2024-02-22,,14.54,121.102,128.0351,-0.36
2024-02-23,-0.424,13.75,121.0369,128.0258,-0.41
2024-02-26,,13.74,121.0592,128.1358,-0.41
2024-02-27,,13.43,120.9647,127.9786,-0.39
2024-02-28,,13.84,121.128,128.0643,-0.37
2024-02-29,,13.4,121.1824,127.9935,-0.39
2024-03-01,-0.431,13.11,121.0111,127.8012,-0.35
2024-03-04,,13.49,120.872,127.6585,-0.39
2024-03-05,,14.46,120.8846,127.6717,-0.41
2024-03-06,,14.5,120.4649,127.4215,-0.44
2024-03-07,,14.44,120.1909,127.2781,-0.41
2024-03-08,-0.434,14.74,119.975,126.9808,-0.39
2024-03-11,,15.22,120.0394,126.9647,-0.41
2024-03-12,,13.84,120.1668,127.0608,-0.42
2024-03-13,,13.75,119.9642,126.8474,-0.42
2024-03-14,,14.4,120.241,126.8731,-0.39
2024-03-15,-0.436,14.41,120.4003,127.0644,-0.41
2024-03-18,,14.33,120.5752,127.3554,-0.39
2024-03-19,,13.82,120.9332,127.679,-0.38
2024-03-20,,13.04,120.9289,127.5855,-0.32
2024-03-21,,12.92,120.8086,127.3368,-0.35
2024-03-22,-0.434,13.06,121.1842,127.6839,-0.37
2024-03-25,,13.19,121.0295,127.5444,-0.29
2024-03-26,,13.24,121.0742,127.5533,-0.32
2024-03-27,,12.78,121.0089,127.3215,-0.34
2024-03-28,,13.01,121.0635,127.5029,-0.39
2024-03-29,-0.43,,121.0191,127.3454,
2024-04-01,,13.65,121.5151,127.7815,-0.39
2024-04-02,,14.61,121.3035,127.6073,-0.34
2024-04-03,,14.33,121.0198,127.5323,-0.32
2024-04-04,,16.35,120.7613,127.3148,-0.34
2024-04-05,-0.424,16.03,120.9646,127.3945,-0.34
2024-04-08,,15.19,120.7359,126.9596,-0.36
2024-04-09,,14.98,120.7048,126.9615,-0.38
2024-04-10,,15.8,121.5727,127.5305,-0.42
2024-04-11,,14.91,121.6081,127.4764,-0.37
2024-04-12,-0.418,17.31,122.2885,128.2602,-0.38
2024-04-15,,19.23,122.425,128.4333,-0.3
2024-04-16,,18.4,123.1234,129.5338,-0.3
2024-04-17,,18.21,123.0207,129.454,-0.34
2024-04-18,,18.0,123.0017,129.6587,-0.34
2024-04-19,-0.413,18.71,123.1075,129.8284,-0.35
2024-04-22,,16.94,123.0609,129.6883,-0.35
2024-04-23,,15.69,122.7227,129.4293,-0.25
2024-04-24,,15.97,122.89,129.5795,-0.24
2024-04-25,,15.37,122.8384,129.7575,-0.26
2024-04-26,-0.411,15.03,122.9471,129.6399,-0.29
2024-04-29,,14.67,122.5449,129.2408,-0.34
2024-04-30,,15.65,122.9853,129.5385,-0.35
2024-05-01,,15.39,123.0168,129.5064,-0.33
2024-05-02,,14.68,122.4384,129.0402,-0.29
2024-05-03,-0.41,13.49,122.1375,129.0002,-0.31
2024-05-06,,13.49,121.8913,128.5403,-0.33
2024-05-07,,13.23,122.093,128.6301,-0.35
2024-05-08,,13.0,122.1926,128.6312,-0.36
2024-05-09,,12.69,122.1634,128.716,-0.35
2024-05-10,-0.411,12.55,122.014,128.5042,-0.37
2024-05-13,,13.6,122.0261,128.6164,-0.37
2024-05-14,,13.42,121.9256,128.5879,-0.36
2024-05-15,,12.45,121.3543,127.9631,-0.37
2024-05-16,,12.42,121.2236,127.7874,-0.4
2024-05-17,-0.411,11.99,121.2354,127.7261,-0.41
2024-05-20,,12.15,121.2289,127.6268,-0.38
2024-05-21,,11.86,121.3793,127.82,-0.41
2024-05-22,,12.29,121.5462,127.9687,-0.43
2024-05-23,,12.77,121.7477,128.1977,-0.44
2024-05-24,-0.41,11.93,121.6172,128.176,-0.47
2024-05-27,,12.36,,,
2024-05-28,,12.92,121.43,128.1114,-0.4
2024-05-29,,14.28,122.1641,128.9295,-0.35
2024-05-30,,14.47,121.9601,128.9287,-0.37
2024-05-31,-0.406,12.92,122.098,129.273,-0.38
2024-06-03,,13.11,122.3509,130.3354,-0.41
2024-06-04,,13.16,122.7256,131.0261,-0.44
2024-06-05,,12.63,122.5339,130.3537,-0.43
2024-06-06,,12.58,122.3713,130.2196,-0.44
2024-06-07,-0.401,12.22,123.549,131.9499,-0.44
2024-06-10,,12.74,123.9125,132.3995,-0.4
2024-06-11,,12.85,124.0349,132.4755,-0.42
2024-06-12,,12.04,123.8295,133.1826,-0.44
2024-06-13,,11.94,124.0235,132.7769,-0.44
2024-06-14,-0.393,12.66,124.1694,132.6924,-0.47
2024-06-17,,12.75,124.239,132.8663,-0.47
2024-06-18,,12.3,123.9776,132.5824,-0.47
2024-06-19,,12.48,,,
2024-06-20,,13.28,124.192,132.7482,-0.45
2024-06-21,-0.385,13.2,124.1086,132.3885,-0.45
2024-06-24,,13.33,123.7125,131.8574,-0.46
2024-06-25,,12.84,123.9417,132.204,-0.42
2024-06-26,,12.55,124.26,132.4886,-0.39
2024-06-27,,12.24,124.3379,132.8099,-0.41
2024-06-28,-0.378,12.44,124.2103,132.5582,-0.35
2024-07-01,,12.22,124.4667,132.9404,-0.29
2024-07-02,,12.03,124.2917,132.7736,-0.31
2024-07-03,,12.09,123.7768,132.3547,-0.35
2024-07-04,,12.26,,,
2024-07-05,-0.373,12.48,123.4762,131.9971,-0.32
2024-07-08,,12.37,123.3576,131.7813,-0.34
2024-07-09,,12.51,123.4071,131.6713,-0.32
2024-07-10,,12.85,123.1895,131.3581,-0.34
2024-07-11,,12.92,122.769,131.0993,-0.3
2024-07-12,-0.367,12.46,122.4404,130.673,-0.27
2024-07-15,,13.12,122.6347,131.0273,-0.21
2024-07-16,,13.19,122.7264,130.9029,-0.26
2024-07-17,,14.48,122.518,131.0373,-0.26
2024-07-18,,15.93,122.7909,131.3972,-0.26
2024-07-19,-0.362,16.52,123.147,131.8097,-0.24
2024-07-22,,14.91,123.2172,131.7992,-0.24
2024-07-23,,14.72,123.3843,132.0767,-0.15
2024-07-24,,18.04,123.5575,132.6803,-0.09
2024-07-25,,18.46,123.5286,132.5,-0.14
2024-07-26,-0.359,16.39,123.672,132.7058,-0.16
2024-07-29,,16.6,124.1392,133.3772,-0.19
2024-07-30,,17.69,124.2855,133.6537,-0.2
2024-07-31,,16.36,123.6373,132.8262,-0.2
2024-08-01,,18.59,123.8693,133.0467,-0.17
2024-08-02,-0.357,23.39,123.4681,133.286,-0.08
2024-08-05,,38.57,123.5787,134.0984,-0.11
2024-08-06,,27.71,123.6532,134.0047,-0.09
2024-08-07,,27.85,123.5698,133.7051,-0.04
2024-08-08,,23.79,123.4466,133.4127,-0.05
2024-08-09,-0.358,20.37,122.9276,132.5044,-0.11
2024-08-12,,20.71,123.2204,132.9932,-0.11
2024-08-13,,18.12,123.0146,132.8689,-0.08
2024-08-14,,16.19,122.4297,132.0982,-0.11
2024-08-15,,15.23,122.5844,131.9846,-0.16
2024-08-16,-0.367,14.8,122.3972,131.7817,-0.17
2024-08-19,,14.65,121.8788,131.5072,-0.2
2024-08-20,,15.88,121.7728,131.7147,-0.17
2024-08-21,,16.27,121.8535,132.3527,-0.13
2024-08-22,,17.55,122.3626,133.1556,-0.13
2024-08-23,-0.377,15.86,121.4597,132.0324,-0.09
2024-08-26,,16.15,121.6943,132.573,-0.09
2024-08-27,,15.43,121.8672,133.1224,0.0
2024-08-28,,17.11,121.8943,132.9611,0.01
2024-08-29,,15.65,122.2333,133.3939,0.0
2024-08-30,-0.389,15.0,122.3262,133.1789,0.0
2024-09-02,,15.55,,,
2024-09-03,,20.72,122.7811,133.8877,-0.04
2024-09-04,,21.32,122.5144,133.774,0.01
2024-09-05,,19.9,122.4533,133.8661,-0.02
2024-09-06,-0.4,22.38,122.4991,133.885,0.06
2024-09-09,,19.45,122.7156,133.9327,0.02
2024-09-10,,19.08,123.0071,134.4091,0.06
2024-09-11,,17.69,122.7754,133.8455,0.03
2024-09-12,,17.07,122.4423,133.2995,0.04
2024-09-13,-0.41,16.56,121.6551,132.1499,0.09
2024-09-16,,17.14,121.4976,132.0479,0.07
2024-09-17,,17.61,121.6031,132.1129,0.06
2024-09-18,,18.23,121.5618,132.025,0.09
2024-09-19,,16.33,121.3059,131.7557,0.14
2024-09-20,-0.418,16.15,121.4052,131.9199,0.18
2024-09-23,,15.89,121.4303,132.1053,0.18
2024-09-24,,15.39,121.1291,131.6829,0.25
2024-09-25,,15.41,121.4447,132.176,0.26
2024-09-26,,15.37,121.0785,131.7349,0.19
2024-09-27,-0.425,16.96,121.1111,131.7898,0.2
2024-09-30,,16.73,121.2864,132.0111,0.15
2024-10-01,,19.26,121.6881,132.3178,0.13
2024-10-02,,18.9,121.5724,131.7436,0.16
2024-10-03,,20.49,122.1197,132.3084,0.15
2024-10-04,-0.429,19.21,122.2197,131.8847,0.05
2024-10-07,,22.64,122.4241,132.3582,0.04
2024-10-08,,21.42,122.6625,132.6777,0.06
2024-10-09,,20.86,122.8821,132.8699,0.07
2024-10-10,,20.93,123.0951,133.074,0.11
2024-10-11,-0.433,20.46,122.9805,132.8609,0.13
2024-10-14,,19.7,,,
2024-10-15,,20.64,123.5124,133.6236,0.08
2024-10-16,,19.58,123.9235,134.2473,0.09
2024-10-17,,19.11,124.1122,134.3983,0.13
2024-10-18,-0.438,18.03,123.9185,134.0976,0.13
2024-10-21,,18.37,124.4757,134.8539,0.17
2024-10-22,,18.2,124.4107,134.6268,0.17
2024-10-23,,19.24,124.6931,134.8486,0.17
2024-10-24,,19.08,124.5127,134.6589,0.14
2024-10-25,-0.442,20.33,124.6105,134.8377,0.14
2024-10-28,,19.8,124.8076,135.1167,0.16
2024-10-29,,19.34,124.8612,135.0667,0.17
2024-10-30,,20.35,124.8153,135.3729,0.14
2024-10-31,,23.16,124.7988,135.1164,0.12
2024-11-01,-0.449,21.88,124.8076,135.1547,0.16
2024-11-04,,21.98,124.5903,135.0768,0.14
2024-11-05,,20.49,124.5532,135.4096,0.07
2024-11-06,,16.27,125.7035,136.1624,0.15
2024-11-07,,15.2,124.775,134.988,0.1
2024-11-08,-0.457,14.94,125.5811,136.0019,0.04
2024-11-11,,14.97,,,
2024-11-12,,14.71,126.7762,137.3772,0.09
2024-11-13,,14.02,126.9572,137.3978,0.17
2024-11-14,,14.31,127.0015,137.2726,0.09
2024-11-15,-0.464,16.14,126.8848,136.8744,0.12
2024-11-18,,15.58,126.6045,136.6526,0.13
2024-11-19,,16.35,126.3994,136.3721,0.12
2024-11-20,,17.16,126.88,136.8673,0.1
2024-11-21,,16.87,127.1047,137.1778,0.09
2024-11-22,-0.469,15.24,127.4712,137.3208,0.04
2024-11-25,,14.6,126.9948,136.8505,0.06
2024-11-26,,14.1,127.4301,137.7008,0.09
2024-11-27,,14.1,126.8205,137.4861,0.06
2024-11-28,,13.9,,,
2024-11-29,-0.473,13.51,126.5798,136.9016,0.05
2024-12-02,,13.34,127.1272,137.5478,0.02
2024-12-03,,13.3,126.9565,137.4618,0.06
2024-12-04,,13.45,126.7574,137.0154,0.06
2024-12-05,,13.54,126.4286,136.7265,0.02
2024-12-06,-0.475,12.77,126.688,136.9699,0.05
2024-12-09,,14.19,126.5981,136.8364,0.07
2024-12-10,,14.18,126.957,136.9807,0.07
2024-12-11,,13.58,126.8483,136.7874,0.11
2024-12-12,,13.92,126.9556,136.8515,0.14
2024-12-13,-0.476,13.81,127.3096,137.0552,0.15
2024-12-16,,14.69,127.2687,137.1133,0.14
2024-12-17,,15.87,127.5043,137.4613,0.15
2024-12-18,,27.62,127.6418,137.3833,0.15
2024-12-19,,24.09,128.6366,138.1854,0.25
2024-12-20,-0.478,18.36,127.893,137.3257,0.22
2024-12-23,,16.78,128.3021,137.7634,0.29
2024-12-24,,14.27,128.3377,137.6811,0.3
2024-12-25,,,,,
2024-12-26,,14.73,128.3329,137.7589,0.28
2024-12-27,-0.482,15.95,128.45,137.9984,0.31
2024-12-30,,17.4,128.8205,138.665,0.31
2024-12-31,,17.35,129.2775,139.3368,0.33
2025-01-01,,,,,
2025-01-02,,17.93,129.4598,138.9279,0.32
2025-01-03,-0.486,16.13,129.4535,139.1273,0.32
2025-01-06,,16.04,128.538,138.1866,0.34
2025-01-07,,17.82,128.613,138.1338,0.37
2025-01-08,,17.7,129.0785,138.4742,0.39
2025-01-09,,18.07,129.2827,138.7018,0.41
2025-01-10,-0.492,19.54,129.8664,139.337,0.37
2025-01-13,,19.19,130.0413,139.5333,0.39
2025-01-14,,18.71,129.3812,138.7809,0.41
2025-01-15,,16.12,129.2092,138.6196,0.39
2025-01-16,,16.6,129.436,139.2918,0.38
2025-01-17,-0.498,15.97,129.4859,139.0027,0.34
2025-01-20,,15.81,,,
2025-01-21,,15.06,128.4151,138.0968,0.28
2025-01-22,,15.1,128.3402,137.7331,0.31
2025-01-23,,15.02,128.2162,137.5635,0.36
2025-01-24,-0.502,14.85,127.4611,136.8174,0.36
2025-01-27,,17.9,128.0912,137.9965,0.36
2025-01-28,,16.41,128.2817,137.783,0.36
2025-01-29,,16.56,128.3418,137.7609,0.34
2025-01-30,,15.84,128.1004,137.4107,0.34
2025-01-31,-0.505,16.43,128.4828,137.94,0.36
2025-02-03,,18.62,129.109,138.0964,0.28
2025-02-04,,17.21,128.1083,137.4996,0.31
2025-02-05,,15.77,127.9751,137.846,0.26
2025-02-06,,15.5,128.2017,137.8434,0.24
2025-02-07,-0.504,16.54,128.4292,138.0864,0.2
2025-02-10,,15.81,128.6382,138.3737,0.23
2025-02-11,,16.02,128.4322,138.1272,0.25
2025-02-12,,15.89,128.3288,138.0228,0.26
2025-02-13,,15.1,127.8931,137.7575,0.21
2025-02-14,-0.5,14.77,127.1491,136.9939,0.21
2025-02-17,,15.37,,,
2025-02-18,,15.35,127.2906,137.0332,0.26
2025-02-19,,15.27,127.7317,137.4999,0.25
2025-02-20,,15.66,127.1126,137.0301,0.22
2025-02-21,-0.49,18.21,127.1408,136.9925,0.23
2025-02-24,,18.98,127.1921,137.1533,0.27
2025-02-25,,19.43,127.3752,137.5488,0.23
2025-02-26,,19.1,127.2822,137.362,0.2
2025-02-27,,21.13,127.9704,137.8598,0.22
2025-02-28,-0.477,19.63,128.2805,138.2375,0.25
2025-03-03,,22.78,127.75,137.9827,0.2
2025-03-04,,23.51,127.9966,138.6201,0.26
2025-03-05,,21.93,126.504,137.2846,0.29
2025-03-06,,24.87,126.1099,137.1383,0.33
2025-03-07,-0.46,23.37,125.9814,136.9754,0.33
2025-03-10,,27.86,126.268,137.3113,0.33
2025-03-11,,26.92,126.0457,137.2559,0.34
2025-03-12,,24.23,125.8664,136.9448,0.31
2025-03-13,,24.66,126.0031,136.8692,0.33
2025-03-14,-0.442,21.77,125.6942,136.242,0.29
2025-03-17,,20.51,125.3688,136.1494,0.25
2025-03-18,,21.7,125.488,136.3376,0.25
2025-03-19,,19.9,125.8006,136.586,0.26
2025-03-20,,19.8,125.985,136.9056,0.29
2025-03-21,-0.424,19.28,126.2679,137.0932,0.31
2025-03-24,,17.48,126.1956,136.8908,0.3
2025-03-25,,17.15,126.0535,136.7839,0.35
2025-03-26,,18.33,126.2364,137.0122,0.37
2025-03-27,,18.69,126.3626,137.3098,0.41
2025-03-28,-0.407,21.65,126.4187,137.6987,0.38
2025-03-31,,22.28,126.7075,137.827,0.34
2025-04-01,,21.77,126.4338,137.5418,0.3
2025-04-02,,21.51,126.3811,137.8388,0.29
2025-04-03,,30.02,124.7316,136.6368,0.35
2025-04-04,-0.392,45.31,125.8129,138.0688,0.33
2025-04-07,,46.98,126.8282,139.1335,0.42
2025-04-08,,52.33,126.8668,139.4838,0.55
2025-04-09,,33.62,126.628,139.9892,0.43
2025-04-10,,40.72,125.089,138.4086,0.56
2025-04-11,-0.381,37.56,124.0163,137.3895,0.52
2025-04-14,,30.89,123.6598,137.042,0.54
2025-04-15,,30.12,123.776,136.8086,0.51
2025-04-16,,32.64,123.2724,136.5042,0.52
2025-04-17,,29.65,123.1298,136.1603,0.53
2025-04-18,-0.381,,122.9865,136.0569,
2025-04-21,,33.82,122.3145,135.6296,0.67
2025-04-22,,30.57,122.4175,135.6016,0.65
2025-04-23,,28.45,123.0252,135.6639,0.59
2025-04-24,,26.47,122.9251,135.5977,0.55
2025-04-25,-0.388,24.84,122.8858,135.569,0.55
2025-04-28,,25.15,122.7176,135.4533,0.56
2025-04-29,,24.17,122.5944,135.2777,0.54
2025-04-30,,24.7,122.5921,135.0816,0.57
2025-05-01,,24.6,123.1405,135.3536,0.55
2025-05-02,-0.402,22.68,122.4962,134.5782,0.5
2025-05-05,,23.64,122.2613,134.0304,0.53
2025-05-06,,24.76,122.0417,134.0168,0.52
2025-05-07,,23.55,122.117,134.1091,0.48
2025-05-08,,22.48,122.7568,134.2954,0.47
2025-05-09,-0.419,21.9,122.5191,133.9208,0.49
2025-05-12,,18.39,123.4863,134.4202,0.47
2025-05-13,,18.22,122.9583,133.9552,0.47
2025-05-14,,18.62,122.6746,133.6194,0.48
2025-05-15,,17.83,122.8174,133.8624,0.49
2025-05-16,-0.437,17.24,123.0737,134.0453,0.45
2025-05-19,,18.14,122.4186,133.5284,0.49
2025-05-20,,18.09,122.3199,133.4431,0.51
2025-05-21,,20.87,121.7496,133.2363,0.58
2025-05-22,,20.28,122.0429,133.3622,0.54
2025-05-23,-0.451,22.29,121.3837,132.8557,0.51
2025-05-26,,20.57,,,
2025-05-27,,18.96,121.6099,132.9025,0.51
2025-05-28,,19.31,121.9888,133.298,0.51
2025-05-29,,19.18,121.5617,133.0056,0.51
2025-05-30,-0.463,18.57,121.7674,133.4449,0.52
2025-06-02,,18.36,121.1881,133.0361,0.52
2025-06-03,,17.69,121.4592,133.0436,0.5
2025-06-04,,17.61,121.0539,132.7789,0.5
2025-06-05,,18.48,120.9596,132.5619,0.48
2025-06-06,-0.473,16.77,121.161,132.5643,0.47
2025-06-09,,17.16,120.9103,132.3037,0.48
2025-06-10,,16.95,121.0485,132.4496,0.46
2025-06-11,,17.26,120.587,131.9441,0.47
2025-06-12,,18.02,120.1723,131.7786,0.46
2025-06-13,-0.48,20.82,120.3245,132.0663,0.45
2025-06-16,,19.11,120.1565,131.8779,0.49
2025-06-17,,21.6,120.5048,132.1269,0.45
2025-06-18,,20.14,120.7305,132.2654,0.44
2025-06-19,,22.17,,,
2025-06-20,-0.487,20.62,121.0408,132.6109,0.48
2025-06-23,,19.83,121.1694,132.8931,0.5
2025-06-24,,17.48,120.3645,132.0517,0.55
2025-06-25,,16.76,120.3336,131.8855,0.55
2025-06-26,,16.59,119.6451,131.4906,0.56
2025-06-27,-0.493,16.32,119.659,131.3834,0.56
2025-06-30,,16.73,119.4088,131.2895,0.52
2025-07-01,,16.83,119.3436,131.1483,0.48
2025-07-02,,16.64,119.3037,131.0995,0.52
2025-07-03,,16.38,119.2382,130.8497,0.47
2025-07-04,-0.5,17.48,,,
2025-07-07,,17.79,119.6201,131.2125,0.5
2025-07-08,,16.81,119.8371,131.3423,0.52
2025-07-09,,15.94,119.7311,131.1148,0.48
2025-07-10,,15.78,119.8343,131.2778,0.49
2025-07-11,-0.506,16.4,119.9214,131.3786,0.53
2025-07-14,,17.2,120.2209,131.7292,0.53
2025-07-15,,17.38,120.5105,131.8636,0.55
2025-07-16,,17.16,120.4175,131.8075,0.58
2025-07-17,,16.52,120.6384,131.9202,0.56
2025-07-18,-0.511,16.41,120.356,131.7345,0.56
2025-07-21,,16.65,119.9961,131.5115,0.53
2025-07-22,,16.5,119.681,131.3882,0.52
2025-07-23,,15.37,119.5697,131.1958,0.52
2025-07-24,,15.39,119.5664,131.0936,0.52
2025-07-25,-0.515,14.93,119.9857,131.4572,0.49
2025-07-28,,15.03,120.6149,132.0522,0.51
2025-07-29,,15.98,120.9674,132.1891,0.48
2025-07-30,,15.48,121.4042,132.5368,0.44
2025-07-31,,16.72,121.721,132.7331,0.43
2025-08-01,-0.518,20.38,121.2122,132.7539,0.54
2025-08-04,,17.52,120.9859,132.4414,0.53
2025-08-05,,17.85,120.9082,132.3198,0.5
2025-08-06,,16.77,120.5082,131.9871,0.53
2025-08-07,,16.57,120.5043,131.9755,0.51
2025-08-08,-0.519,15.15,120.3329,131.684,0.51
2025-08-11,,16.25,120.6892,132.0012,0.51
2025-08-12,,14.73,120.2736,131.6475,0.57
2025-08-13,,14.49,120.13,131.6873,0.57
2025-08-14,,14.83,120.6446,132.2103,0.55
2025-08-15,-0.522,15.09,120.3377,131.9778,0.58
2025-08-18,,14.99,120.5622,132.1202,0.57
2025-08-19,,15.57,120.7224,132.278,0.55
2025-08-20,,15.69,120.7757,132.3135,0.55
2025-08-21,,16.6,121.0843,132.5204,0.54
2025-08-22,-0.523,14.22,120.2774,131.7944,0.58
2025-08-25,,14.79,120.4214,131.8179,0.55
2025-08-26,,14.62,120.5274,132.024,0.65
2025-08-27,,14.85,120.7274,132.1683,0.65
2025-08-28,,14.43,120.2595,131.7961,0.6
2025-08-29,-0.524,15.36,120.2082,131.8829,0.64
2025-09-01,,16.12,,,
2025-09-02,,17.17,120.6837,132.2817,0.62
2025-09-03,,16.35,120.5052,132.1034,0.61
2025-09-04,,15.3,120.7629,132.3052,0.58
2025-09-05,-0.524,15.18,120.1282,131.8827,0.59
2025-09-08,,15.11,120.0971,131.7588,0.56
2025-09-09,,15.04,120.1569,131.7107,0.54
2025-09-10,,15.35,120.1223,131.5843,0.5
2025-09-11,,14.71,119.9534,131.4113,0.49
2025-09-12,-0.524,14.76,120.0611,131.3792,0.5
2025-09-15,,15.69,119.5644,130.9056,0.51
2025-09-16,,16.36,119.1348,130.6265,0.53
2025-09-17,,15.72,119.1582,130.6446,0.54
2025-09-18,,15.7,119.6616,130.9912,0.54
2025-09-19,-0.523,15.45,119.7858,131.1028,0.57
2025-09-22,,16.1,119.8152,131.1943,0.54
2025-09-23,,16.64,119.6202,130.8859,0.59
2025-09-24,,16.18,120.1707,131.4691,0.59
2025-09-25,,16.74,120.5419,131.5985,0.54
2025-09-26,-0.522,15.29,120.4349,131.5046,0.57
2025-09-29,,16.12,120.115,131.2405,0.52
2025-09-30,,16.28,120.1368,131.344,0.56
2025-10-01,,16.29,120.1502,131.3439,0.57
2025-10-02,,16.63,120.4296,131.6741,0.55
2025-10-03,-0.521,16.65,120.0881,131.3743,0.55
2025-10-06,,16.37,120.2722,131.3331,0.58
2025-10-07,,17.24,120.4884,131.4612,0.57
2025-10-08,,16.3,120.7766,131.5043,0.55
2025-10-09,,16.43,121.0902,131.6457,0.54
2025-10-10,-0.519,21.66,121.1163,132.1268,0.53
2025-10-13,,19.03,,,
2025-10-14,,20.81,121.1822,132.1325,0.55
2025-10-15,,20.64,120.8642,131.7943,0.55
2025-10-16,,25.31,120.6698,131.5551,0.58
2025-10-17,-0.516,20.78,120.7028,131.7369,0.56
2025-10-20,,18.23,120.6209,131.5107,0.54
2025-10-21,,17.87,120.8895,131.7729,0.53
2025-10-22,,18.6,120.8958,131.8154,0.52
2025-10-23,,17.3,120.9531,131.786,0.53
2025-10-24,-0.513,16.37,120.9345,131.7205,0.54
2025-10-27,,15.79,120.7988,131.5463,0.53
2025-10-28,,16.42,120.6361,131.5343,0.52
2025-10-29,,16.92,120.5312,131.405,0.49
2025-10-30,,16.91,121.2832,131.9345,0.5
2025-10-31,-0.51,17.44,121.3859,131.9613,0.51
2025-11-03,,17.17,121.4512,131.9178,0.53
2025-11-04,,19.0,121.8271,132.3445,0.52
2025-11-05,,18.01,121.8482,132.2464,0.54
2025-11-06,,19.5,121.6948,132.2965,0.54
2025-11-07,-0.506,19.08,121.388,132.0394,0.56
2025-11-10,,17.6,121.2984,131.7174,0.55
2025-11-11,,17.28,,,
2025-11-12,,17.51,121.0458,131.4934,0.52
2025-11-13,,20.0,120.7725,131.3293,0.53
2025-11-14,-0.504,19.83,120.9666,131.455,0.52
2025-11-17,,22.38,121.1146,131.604,0.53
2025-11-18,,24.69,121.2127,131.7025,0.54
2025-11-19,,23.66,121.4978,131.7416,0.55
2025-11-20,,26.42,121.6889,131.9368,0.55
2025-11-21,-0.504,23.43,121.8653,132.2398,0.55
2025-11-24,,20.52,121.9171,132.3376,0.58
2025-11-25,,18.56,121.6335,132.0138,0.58
2025-11-26,,17.19,121.2437,131.6454,0.55
2025-11-27,,17.21,,,
2025-11-28,-0.505,16.35,121.0527,131.5324,0.55
2025-12-01,,17.24,120.9862,131.5469,0.55
2025-12-02,,16.59,121.1467,131.6384,0.58
2025-12-03,,16.08,120.7336,131.4338,0.57
2025-12-04,,15.78,120.6766,131.3701,0.59
2025-12-05,-0.508,15.41,120.6863,131.3871,0.58
2025-12-08,,16.66,120.776,131.4788,0.6
2025-12-09,,16.93,120.6832,131.3345,0.57
2025-12-10,,15.77,120.6752,131.4621,0.59
2025-12-11,,14.85,119.98,130.9262,0.62
2025-12-12,-0.513,15.74,120.1442,130.9415,0.67
2025-12-15,,16.5,119.9561,130.7702,0.67
2025-12-16,,16.48,119.8902,130.8328,0.67
2025-12-17,,17.62,120.155,131.0736,0.67
2025-12-18,,16.87,120.0528,130.8565,0.66
2025-12-19,-0.522,14.91,120.1652,130.8398,0.68
2025-12-22,,14.08,119.9912,130.8585,0.73
2025-12-23,,14.0,119.7057,130.5751,0.7
2025-12-24,,13.47,119.4372,130.1991,0.68
2025-12-25,,,,,
2025-12-26,-0.533,13.6,119.4723,130.1404,0.68
2025-12-29,,14.2,119.5899,130.3392,0.67
2025-12-30,,14.33,119.4939,130.1494,0.69
2025-12-31,,14.95,119.7456,130.3432,0.71
2026-01-01,,,,,
2026-01-02,-0.545,14.51,119.6059,130.0598,0.72
2026-01-05,,14.9,119.6192,130.0344,0.71
2026-01-06,,14.75,119.7807,130.0971,0.71
2026-01-07,,15.38,119.8719,130.1695,0.68
2026-01-08,,15.45,120.0904,130.2797,0.7
2026-01-09,-0.556,14.49,120.2215,130.2576,0.64
2026-01-12,,15.12,119.9958,130.0982,0.65
2026-01-13,,15.98,120.1401,130.1045,0.65
2026-01-14,,16.75,119.9537,129.8862,0.64
2026-01-15,,15.84,119.9951,129.5626,0.61
2026-01-16,-0.562,15.86,120.0838,129.6946,0.65
2026-01-19,,18.84,,,
2026-01-20,,20.09,119.4455,129.4923,0.7
2026-01-21,,16.9,119.3431,129.0498,0.66
2026-01-22,,15.64,119.1962,129.0364,0.65
2026-01-23,-0.564,16.09,118.8976,128.9393,0.64
2026-01-26,,16.15,118.0525,128.3106,0.66
2026-01-27,,16.35,117.4523,127.9422,0.71
2026-01-28,,16.35,117.5117,127.8804,0.7
2026-01-29,,16.88,117.4396,127.9713,0.71
2026-01-30,-0.56,17.44,117.8996,128.3721,0.74
2026-02-02,,16.34,118.3609,128.4354,0.72
2026-02-03,,18.0,117.9764,127.862,0.71
2026-02-04,,18.64,118.2602,128.179,0.72
2026-02-05,,21.77,118.5034,128.5373,0.74
2026-02-06,-0.552,17.76,118.2407,128.1537,0.72
2026-02-09,,17.36,117.6392,127.7001,0.74
2026-02-10,,17.79,117.5216,127.695,0.71
2026-02-11,,17.65,117.4601,127.5197,0.66
2026-02-12,,20.82,117.5376,127.4832,0.62
2026-02-13,-0.539,20.6,117.5258,127.4607,0.64
2026-02-16,,21.2,,,
2026-02-17,,20.29,117.7375,127.4456,0.62
2026-02-18,,19.62,117.8426,127.4391,0.62
2026-02-19,,20.23,118.2354,127.8154,0.61
2026-02-20,-0.522,19.09,117.9917,127.4833,0.6
2026-02-23,,21.01,117.9395,127.5602,0.6
2026-02-24,,19.55,117.9463,127.381,0.61
2026-02-25,,17.93,117.769,127.1101,0.6
2026-02-26,,18.63,117.9042,127.2897,0.6
2026-02-27,-0.503,19.86,117.8223,127.3986,0.59
2026-03-02,,21.44,118.667,128.093,0.58
2026-03-03,,23.57,119.4341,129.2833,0.55
2026-03-04,,21.15,119.0705,128.8428,0.55
2026-03-05,,23.75,119.5683,129.4111,0.56
2026-03-06,-0.484,29.49,119.491,129.699,0.59
2026-03-09,,25.5,119.5151,129.7091,0.56
2026-03-10,,24.93,118.7255,128.5107,0.58
2026-03-11,,24.23,119.2885,129.0063,0.57
2026-03-12,,27.29,119.8227,129.7382,0.51
2026-03-13,-0.468,27.19,120.5518,130.394,0.55
2026-03-16,,23.51,120.097,129.8847,0.55
2026-03-17,,22.37,119.8328,129.5744,0.52
2026-03-18,,25.09,119.9276,129.6265,0.5
2026-03-19,,24.06,120.1802,130.209,0.46
2026-03-20,-0.458,26.78,120.2757,130.4018,0.51
2026-03-23,,26.15,119.9371,130.0389,0.51
2026-03-24,,26.95,120.1295,130.2313,0.49
2026-03-25,,25.33,120.1282,130.0653,0.49
2026-03-26,,27.44,120.389,130.2614,0.46
2026-03-27,-0.454,31.05,120.8851,130.9859,0.56
2026-03-30,,30.61,121.2851,131.3181,0.53
2026-03-31,,25.25,121.035,131.0155,0.51
2026-04-01,,24.54,120.1198,130.0469,0.52
2026-04-02,,23.87,120.503,130.2251,0.52
2026-04-03,-0.459,,120.6565,130.2878,0.51
2026-04-06,,24.17,120.4302,130.0459,0.5
2026-04-07,,25.78,120.32,129.9201,0.52
2026-04-08,,21.04,119.0596,128.4118,0.5
2026-04-09,,19.49,118.8998,128.2563,0.51
2026-04-10,-0.469,19.23,118.8552,128.1718,0.5
2026-04-13,,19.12,118.9916,128.4134,0.52
2026-04-14,,18.36,118.3581,127.8325,0.5
2026-04-15,,18.17,118.3623,127.9288,0.53
2026-04-16,,17.94,118.3616,127.8863,0.54
2026-04-17,-0.48,17.48,118.0795,127.6095,0.55
2026-04-20,,18.87,118.2374,127.8626,0.54
2026-04-21,,19.5,118.4331,128.0288,0.52
2026-04-22,,18.92,118.6004,128.117,0.51
2026-04-23,,19.31,118.7155,128.2434,0.51
2026-04-24,-0.489,18.71,118.7294,128.3759,0.53
2026-04-27,,18.02,118.5458,128.2469,0.57
2026-04-28,,17.83,118.7717,128.4104,0.52
2026-04-29,,18.81,119.0975,128.8916,0.5
2026-04-30,,16.89,118.671,128.7708,0.52
2026-05-01,-0.496,16.99,118.3926,128.4657,0.51
2026-05-04,,18.29,118.8264,128.8541,0.5
2026-05-05,,17.38,118.6207,128.4877,0.5
2026-05-06,,17.39,118.0982,127.7266,0.49
2026-05-07,,17.08,118.0116,127.587,0.49
2026-05-08,-0.5,17.19,118.0392,127.5879,0.48
2026-05-11,,18.38,118.0562,127.6934,0.47
2026-05-12,,17.99,118.5238,128.1153,0.46
2026-05-13,,17.87,118.4737,127.9262,0.48
2026-05-14,,17.26,118.6696,128.0519,0.47
2026-05-15,-0.499,18.43,119.2825,128.7739,0.5
2026-05-18,,17.82,119.0574,128.5139,0.54
2026-05-19,,18.06,119.451,128.9953,0.54
2026-05-20,,17.44,119.1624,128.6004,0.53
2026-05-21,,16.76,119.369,128.7075,0.49
2026-05-22,-0.498,16.7,119.2868,128.5954,0.43
2026-05-25,,16.59,,,
2026-05-26,,17.01,119.1696,128.4586,0.49
2026-05-27,,16.29,119.1829,128.4441,0.48
2026-05-28,,15.74,119.0318,128.341,0.46
2026-05-29,-0.495,15.32,118.8783,128.2828,0.47
2026-06-01,,16.05,119.1653,128.3677,0.42
2026-06-02,,15.77,119.0359,128.2521,0.41
2026-06-03,,16.06,119.3848,128.5202,0.41
2026-06-04,,15.4,119.3615,128.6216,0.42
2026-06-05,-0.495,21.51,120.0831,129.382,0.38
2026-06-08,,18.92,120.034,129.2771,0.41
2026-06-09,,19.87,119.9617,129.1711,0.4
2026-06-10,,22.22,119.9134,129.0731,0.42
2026-06-11,,19.44,120.1174,129.0592,0.4
2026-06-12,-0.497,17.68,119.5073,128.3014,0.39
2026-06-15,,16.2,119.3158,128.0489,0.4
2026-06-16,,16.41,119.256,128.0067,0.38
2026-06-17,,18.44,119.3871,128.0389,0.29
2026-06-18,,16.4,120.3958,128.9187,0.27
2026-06-19,-0.502,16.78,,,
2026-06-22,,17.28,120.5463,128.9465,0.27
2026-06-23,,19.49,121.0552,129.594,0.34
2026-06-24,,18.63,121.412,129.9919,0.3
2026-06-25,,18.89,121.0559,129.6404,0.31
2026-06-26,-0.51,18.41,120.8866,129.398,0.31
2026-06-29,,17.65,120.9525,129.575,0.28
2026-06-30,,16.45,120.9248,129.4572,0.3
2026-07-01,,16.59,121.1455,129.7915,0.31
2026-07-02,,16.15,120.6902,129.4776,0.35
2026-07-03,-0.522,15.81,,,
2026-07-06,,15.57,120.835,129.469,0.35
2026-07-07,,16.13,120.8145,129.476,0.36
2026-07-08,,16.9,121.1307,129.8962,0.35
2026-07-09,,15.84,120.753,129.5119,0.38
2026-07-10,-0.534,15.03,120.5046,129.156,0.35
2026-07-13,,17.16,120.7413,129.2765,0.36
2026-07-14,,16.5,120.4728,129.0652,0.4
2026-07-15,,15.67,120.3088,128.9555,0.42
2026-07-16,,16.73,120.331,129.0412,0.41
2026-07-17,-0.544,18.77,120.5315,129.4359,0.37
2026-07-20,,18.65,120.5401,129.1448,0.39
2026-07-21,,17.05,120.5779,129.0274,0.37
2026-07-22,,16.64,120.5736,129.0605,0.36
2026-07-23,,18.7,120.9075,129.3803,0.34
2026-07-24,-0.554,18.58,120.7105,129.1064,0.36
2026-07-27,,18.67,,,0.34
2026-07-28,,18.21,,,0.35
