date,CNH,IDR,INR,KRW,MYR,PHP,SGD,THB,TWD
2014-01-03,0.9680761167248656,-1.0483678557115732,1.8941956141501746,0.8639267833495365,-0.8283131937108396,-0.260279973784869,-0.5936548554022938,-0.6151371071280191,-0.3804455284869818
2014-01-10,0.99816643265375,-1.1070240148237205,1.9033685325161396,0.8001183680754577,-0.7988513971675706,-0.31720702866210815,-0.5718310366827102,-0.5553270860561634,-0.3514127698530741
2014-01-17,1.085614563180204,-1.0832850888663392,1.8909711260186441,0.7250755353384122,-0.7835353054479661,-0.32222487450460546,-0.5763467861498708,-0.5593460809883527,-0.3769230885801262
2014-01-24,1.2256457362798754,-1.262417007467437,1.739854516164349,0.6891936581336786,-0.7038401033126149,-0.3444921916103237,-0.47571252235650263,-0.42952767287657306,-0.4387044129544518
2014-01-31,1.3535789769425266,-1.389186865468364,1.6346010410872653,0.5754169762604567,-0.6671335520523035,-0.35121107813370694,-0.3435576789518484,-0.30413339412464707,-0.5083744255593788
2014-02-07,1.3653557424547211,-1.4640376099529695,1.628431337555018,0.49271954373275156,-0.6591028371641188,-0.43136023485643266,-0.21838433407323735,-0.17168961454430234,-0.5419319931514298
2014-02-14,1.2579374684400844,-1.207885935706387,1.8029866160646657,0.4766362052942113,-0.7338707231287086,-0.5094318350059689,-0.2540029503668824,-0.24012650776884645,-0.5922423378221678
2014-02-21,1.0552208859420176,-0.7941696300611513,1.973417892924963,0.5690366220209495,-0.8218420962937544,-0.5454748405057922,-0.4587627442962798,-0.31417923947173176,-0.6632468502592208
2014-02-28,0.33435023109147516,-0.22441195231579378,2.091789814295617,0.6222257350202587,-0.7566172011729994,-0.5059672831384127,-0.4111848946953547,-0.2599328812474608,-0.8902515678373296
2014-03-07,-0.38262546130771186,0.33523394360020714,2.126382665807385,0.46829123356299424,-0.5888265135874714,-0.34288006298482004,-0.47832101388001297,-0.10878930600548907,-1.0284654852050814
2014-03-14,-1.0871527490173987,1.0120339658233852,1.912655720247711,0.27410693376538425,-0.47290616334517943,-0.17112690961230678,-0.39999725143212955,-0.050554909354915446,-1.0170586370745502
2014-03-21,-1.2282760743578989,1.1699517234697592,1.867420730065618,0.17910328322033778,-0.42847653122421087,-0.19125535227951565,-0.5243997649781764,0.010469783973403765,-0.8545377978893168
2014-03-28,-1.278344024369268,1.2578583052780736,1.7875948823792858,0.16003414754187809,-0.4706621870202303,-0.41009245737384975,-0.4859481720233239,0.17573236257760097,-0.7361728569901667
2014-04-04,-1.2814474459808183,1.0206989319511828,1.9523168152077794,0.1531547062475869,-0.4436674065744299,-0.6671310579988239,-0.5103247638249883,0.355190700722039,-0.5787904797495278
2014-04-11,-1.3720988807431531,1.021132160051889,1.8939448584291323,0.06310091634559915,-0.621409280968801,-0.5873423987658015,-0.3557586760720908,0.3951679156736465,-0.4367366139504205
2014-04-18,-1.5089524426531087,0.8740673861211451,1.9291413147059473,0.03318875063127602,-0.7384855235910227,-0.3156805493725668,-0.17345934175770086,0.28888275142711967,-0.3887023455110891
2014-04-25,-1.6302458989076225,0.7070545405053336,1.9649282883332297,0.07078435693205083,-0.7881478562053577,-0.04286933590536568,0.01179555088572491,0.15437498354065396,-0.44767462917864714
2014-05-02,-1.6537899417964042,0.5972053512006659,2.000711625574214,0.21902969631601846,-0.676230881855982,0.027011649442046638,-0.05059806433155476,0.1049346676632592,-0.5682741022122637
2014-05-09,-1.6885272555625974,0.5329193563351661,2.013901633074573,0.3299620278601317,-0.32797928056474596,-0.10861556165992703,-0.1417816713446656,-0.0743782561116309,-0.5355009920263036
2014-05-16,-1.6319868522881738,0.6929468909832193,1.923867126625175,0.4110099268404941,-0.008584694044740493,-0.2140016920496001,-0.23378244937503598,-0.3237017369472035,-0.6157665197441347
2014-05-23,-1.4104743190509132,0.5358379844164514,1.9763773787465482,0.6096001675909598,0.14705923325140427,-0.3119637221535756,-0.26836097622615135,-0.5653931166296178,-0.7126826299451059
2014-05-30,-0.9965923516533799,0.14235495043085078,1.9352426883112992,0.96913707455827,0.05281623323914514,-0.28983884707169055,-0.2568522814027659,-0.718055460726847,-0.838212005684882
2014-06-06,-0.5863355601737438,-0.5138765287558965,1.9454124433191033,1.3028497983999598,0.024858212573102056,-0.31934681416872585,-0.2287115333687987,-0.7581618084509091,-0.8666882093740916
2014-06-13,-0.3978002846885475,-0.7909362473091052,1.9241244874992276,1.3524533836111992,0.1460583222249907,-0.28352357041665277,-0.2888874556972461,-0.7892880497327264,-0.8722005854911395
2014-06-20,-0.4347389267007966,-0.823809823730539,1.9405954616813041,1.2805754124174193,0.2989833299907099,-0.2594362527004828,-0.36966856487618377,-0.7878804343195117,-0.8446202017619197
2014-06-27,-0.5288518305918735,-0.931391093347869,1.8733177665737746,1.2851554539092553,0.4201841615401123,-0.207279810400554,-0.43224304288100407,-0.6677458206749955,-0.8111457841268462
2014-07-04,-0.33377637419803147,-1.363285939420983,1.70774796602859,1.1263982818549625,0.4323874376254326,-0.02591330330114912,-0.44014811040019625,-0.3660811056462112,-0.7373288525424139
2014-07-11,0.03271760355197062,-1.6736121612081798,1.647613596779987,0.9228355380626888,0.37766276465995813,0.1696200225686463,-0.5475245858601093,-0.2747960006740355,-0.6545167778809263
2014-07-18,0.3091445255431931,-1.7904593303350254,1.2430644330636944,0.6553123527154221,0.4395098724507216,0.7292862270544896,-0.4200887063718149,-0.3810901350112907,-0.7846792391093902
2014-07-25,0.38917363352806716,-1.3979121284107185,1.0475122178919882,0.3094155593710503,0.7103357000853627,1.0567301886689362,-0.4687293831945583,-0.5629367476717722,-1.0835890402683555
2014-08-01,0.5990570889540312,-1.1364406616927643,0.5412703454473045,-0.28770287635189645,0.8502286233053988,1.3890583843927347,-0.38152433003458364,-0.24114840438878812,-1.3327981696314368
2014-08-08,1.1355943942860847,-0.918413780611318,0.6230345354680925,-0.7709836481425224,0.5645516845301274,0.6199966751121567,-0.4081139537559853,0.39904172756646733,-1.2447076344531027
2014-08-15,1.689046558486842,-0.9478387522198282,0.3412825217772583,-0.8669473220889238,0.3959472791812737,-0.07467202310418546,-0.345930352246492,0.7588299020983106,-0.9497178118842551
2014-08-22,1.788496517727855,-0.625949602874332,0.7406145734189892,-0.6798593531987206,0.2558090831517496,-0.8429630648709446,-0.4405557897689123,0.7849717230581295,-0.9805640866438136
2014-08-29,1.4950419276327969,0.06766971984125396,0.8500670403455889,-0.609698040115984,0.35496632989136917,-0.9742857766973275,-0.7591286306550673,0.6760090014976439,-1.100641571740274
2014-09-05,1.157793122036944,0.6926088814830035,1.3450109819441325,-0.6385675561310079,0.1121617760866145,-0.9736913559357566,-0.9593491548994063,0.42558643974510374,-1.1615531343296273
2014-09-12,1.3216699451783205,0.7654441463265558,1.1596940760360557,-0.7148659837913729,0.08483239317893147,-0.9375969197087404,-0.9916115848804253,0.39752815228657995,-1.085094224625905
2014-09-19,1.6691995361035137,0.4058921394189378,1.1869985485157508,-0.840324111578334,0.02836970548371623,-0.7615705504761211,-0.8604945805468892,0.1800710022598767,-1.0081416891804516
2014-09-26,2.0375364537300213,0.08498896890675511,0.9336972584700677,-0.9292988018721667,-0.006398019350765033,-0.7279835097594676,-0.6278006362278006,0.21206019615769744,-0.9768019100543414
2014-10-03,1.9984306928958804,0.3167028346688609,0.8349607332232319,-1.222694758138805,-0.20207955798291422,-0.612959013535667,-0.3613621089195203,0.07060741959719771,-0.8216062418082645
2014-10-10,1.8936816124843574,0.2857135702966784,0.8997784203365743,-1.4774115709674691,-0.3233645540143629,-0.441358276083726,-0.23666960358520953,0.058622577146948324,-0.6589921756137903
2014-10-17,1.7544524595073676,0.13750779823767315,1.0997473913115494,-1.592591210995306,-0.37403979535162324,-0.29456552365011507,-0.27566280617948413,0.04650127015900866,-0.5013495830390701
2014-10-24,1.8892482746953914,-0.2878903835733211,1.270147500064904,-1.352544267806241,-0.3658463916558881,-0.33244971124719364,-0.47708689547235067,0.06768530899075537,-0.41126343399605636
2014-10-31,2.043502970138865,-0.33442263156261937,1.2201273632836085,-1.0664310736535845,-0.3788820641989523,-0.4657925509306011,-0.6061969205582076,0.012638743721410115,-0.42454383623991837
2014-11-07,2.1220035589144524,-0.23786060086965324,1.189513803032737,-0.9238850752088065,-0.3921695832207362,-0.5457945614552827,-0.6730371364055054,-0.08548324734542974,-0.45328715744177517
2014-11-14,2.0787206518643657,-0.07236945684514927,1.2270782014249375,-0.9567764408720728,-0.5103588365101045,-0.47553353556648376,-0.6350335224483848,-0.16749103017213515,-0.48823603087497264
2014-11-21,2.100473034428943,-0.07037281015863874,1.184359101312858,-0.9827210376960208,-0.5929858253482769,-0.38693272514301374,-0.5291896649526945,-0.1816097137648054,-0.5410203586783505
2014-11-28,2.101656176055601,-0.08707024780463284,1.0517409284950452,-1.075364201833198,-0.6096879235878883,-0.09779284674046333,-0.4652156775209071,-0.1201607909501396,-0.6981054161134175
2014-12-05,2.2225191463210354,-0.2942336417497573,0.842362226419004,-0.9795207931005807,-0.5308857197051752,-0.007736715561851705,-0.45849574175819924,-0.03614832768715808,-0.7578604331773172
2014-12-12,2.13779709513904,-0.035367853623547364,0.7139816177795848,-1.03050765977013,-0.6631142844098811,0.22791557189911837,-0.5510667389962097,-0.008415496249624918,-0.7912222517683505
2014-12-19,2.2286534998305303,0.02039767377739703,0.5618836001365587,-0.894662307577862,-0.7923365389486682,0.24514989206002435,-0.57529306541079,-0.05261108201666006,-0.7411816718505303
2014-12-26,1.976521249310203,-0.00016810234572628424,0.8636229345714393,-0.8884426706654657,-0.9204244794783442,0.4884490938718979,-0.5831232776957681,-0.14162810303752119,-0.7948066445307148
2015-01-02,1.829692737385888,-0.4286943769942541,0.6200865472422532,-0.6481172805696254,-0.965777649183648,0.548874074068986,-0.5252204546612631,0.39674976454655136,-0.8275933618348881
2015-01-09,1.762053493538776,-0.5772947414008062,0.5504618426312002,-0.5528380233033733,-1.0461461604751534,0.7537022413719648,-0.47703322408608023,0.4136771884213879,-0.826582616697916
2015-01-16,1.5740493446267323,-0.5914621987753071,0.3863921765953184,-0.3347817011910354,-1.343434548526896,0.8693786290091697,-0.5598459201853095,0.7080097989336491,-0.7083055804863219
2015-01-23,1.750891332592604,-0.37859123763830577,0.7177679780180203,-0.36936765811383915,-1.4179011742964196,0.6255766970660771,-0.6296040102993377,0.29456160165502787,-0.5933335289838276
2015-01-30,1.5249971297702956,-0.5274770899372255,0.9587108152682534,-0.2818816971320223,-1.5398288724716649,0.3589895039623072,-0.5976090053352476,0.683338397987424,-0.57923918211212
2015-02-06,1.7595880763643592,-0.5055992819528334,0.9428306904856335,-0.35925366740579845,-1.3258530293238027,0.13932828308667683,-0.6919012460842128,0.6820031801552164,-0.641143005325239
2015-02-13,1.4950282622345543,-0.7647142894744202,1.0589899529650182,-0.17463240661542412,-1.2279244887175869,0.46188807192437853,-0.9147885751353589,0.7227372463934699,-0.6565837735746313
2015-02-20,1.3217853994260913,-0.7588212714843715,1.231336953134581,-0.0904167219129719,-1.1211345276320455,0.6383982767350257,-1.1698464575904293,0.5857423879712426,-0.6370440386471231
2015-02-27,1.166046064332378,-0.38076443509920505,1.0055848917681032,-0.12771498137714038,-1.1084744908832158,0.9564411355614769,-1.2133159220516545,0.45410358824937824,-0.7519058505001212
2015-03-06,1.4992176151030028,-0.09219407953821007,0.5723915300414891,-0.19555331181291077,-1.0038802098074007,0.8401658768345711,-1.0326542405944539,0.3651754198402292,-0.9526686000663173
2015-03-13,2.0048635057614717,-0.07078875008204899,0.09274831931445783,-0.17318111312916332,-0.8003529913393219,0.7452804021828504,-0.9261349656417345,0.070897123255949,-0.9433315303224606
2015-03-20,2.2657588058030647,-0.5322699570503381,0.3346136194496027,-0.18603150364910315,-0.5888653088073262,0.4729407010865412,-0.7585408307183098,-0.120571859646456,-0.8870336664676751
2015-03-27,2.2302017904755793,-0.7820401941816816,0.6531073525772438,-0.06916572178372896,-0.615916303449379,0.21254654999453618,-0.7444997115730868,-0.1399071692737768,-0.7443265927857065
2015-04-03,1.9287054953614622,-0.25078104465083945,0.4663408162102792,0.18526608202221698,-0.9452378641815887,-0.1480710733081576,-0.7919063542281326,0.2205907813547013,-0.6649068385799417
2015-04-10,1.9233582550610702,0.2778916126931544,-0.1129327936635857,0.27060647144473154,-1.0956073541998979,-0.5255542600347076,-0.6811656366303042,0.5216813226731184,-0.5782776173435792
2015-04-17,1.76832584798881,0.9800801634465678,-0.6819560856264987,0.14111378632805052,-1.2173789324257374,-0.601952653537089,-0.5145284754216229,0.6765590514554858,-0.5502627022079664
2015-04-24,2.037147716834753,0.6345323883654453,-0.4816057345605365,-0.2559188158166226,-0.9327089228193217,-0.7058239207136237,-0.026370335339387263,0.4435455695046177,-0.712797945455324
2015-05-01,1.94954206279024,0.28816576122047466,-0.04904409220383562,-0.07244454760390297,-0.6903435469360896,-0.9732503734168491,0.29509596194169646,-0.19526863014313092,-0.5524525956486033
2015-05-08,2.073172177051015,-0.20984578337706106,0.3417140435410362,-0.001662559651900648,-0.4136916489729206,-1.14259566270552,0.5658942789421997,-0.8522429655997871,-0.360741879227062
2015-05-15,2.046771452828475,-0.19305749509865214,0.28696583124053837,0.05113575813319252,-0.1600351382724785,-1.0709702908998375,0.5363061963258867,-1.3981745497250593,-0.09894176453206509
2015-05-22,2.2095835437388636,-0.3963517957345624,0.006763326097988964,-0.17810224860026422,0.10784847151984918,-0.6816171470462353,0.3317655436338749,-1.339751404764293,-0.06013828884522197
2015-05-29,2.2787063198865414,-0.3283814147705422,-0.5694814125051667,-0.3598404859378486,0.3079526587999044,-0.42272015277026703,0.1944084259913811,-1.0671937261816347,-0.03345021251236747
2015-06-05,2.295398610925227,-0.4392244094859102,-0.7305003813660212,-0.6009825483731829,0.4040127572161826,-0.4481932847175156,0.10496429937786368,-0.7682580756668568,0.18278303209021377
2015-06-12,2.2658030707553087,-0.48655150114735884,-0.7531727979914834,-0.6970514200630155,0.1556926094209232,-0.6020733463805502,0.13935380223077326,-0.5211882286799182,0.49918781185532063
2015-06-19,2.2746455005288326,-0.8183615223647535,-0.33225710178147244,-0.7816929763033579,-0.08461645410365948,-0.621336839230826,0.12071296502836454,-0.4825254900053361,0.7254319182322079
2015-06-26,2.3088031058241683,-0.861438729837173,0.017042821938433428,-0.7837860592017946,-0.37865556696399844,-0.4127616553967845,-0.0683520035927329,-0.43707858328075533,0.6162266705106366
2015-07-03,2.2823891969837766,-0.6608778502431808,0.49210400397202836,-0.8972362543983611,-0.6494570224526314,-0.1706091606202296,-0.2333465148656286,-0.4442964980465622,0.281330099670789
2015-07-10,1.9700460350691216,-0.6202874697742556,1.1836921844291444,-0.870008717553881,-0.7572122952020287,-0.02181978853596328,-0.3891771148457199,-0.46950526548294774,-0.02572756810346946
2015-07-17,1.7726143700173267,-0.5383534322237522,1.54499490034678,-0.5974492033611785,-0.8375399250518284,-0.0116051106483152,-0.520303596585974,-0.536748365346564,-0.27560963714649417
2015-07-24,1.7319852472660147,-0.5593969263971748,1.5708395870349658,-0.39228431321374074,-0.9181944912450217,0.034928242508322084,-0.5047904244625891,-0.7015301712111105,-0.2615567502796658
2015-07-31,1.7048846756540057,-0.008655731332320782,1.3997580456224525,-0.30288530657279367,-1.0160045449933783,0.09825189796868662,-0.5169595030219699,-0.8242495645779053,-0.5341399687467767
2015-08-07,1.6438685757112985,0.38205697924078086,1.2199786518882232,-0.28986008847151684,-0.9640932464044146,0.24235553506368188,-0.5279457017235364,-1.0581678930268734,-0.6481928122776436
2015-08-14,0.6335775523440202,0.8871159464660269,1.279722783750157,-0.25631763934816265,-0.9169367915012638,0.6612510793569707,-0.7109992795695255,-0.7746722407549127,-0.8027414107433103
2015-08-21,0.07003723907253544,1.0030732025237319,1.1021092452537864,-0.1982279167665916,-0.6124869985819646,0.6157724108352923,-0.47188065375574934,-0.2849068082292472,-1.2234897203517936
2015-08-28,-0.3112071210857117,1.0399753111265453,1.0916330953560331,-0.04263534914670142,-0.5678936083616904,-0.07509943443846538,-0.6690531651842203,0.20671879055065437,-0.672438518816444
2015-09-04,0.4131452595457179,0.6898404482547443,0.750445017431438,0.2897969438681614,-0.890300169187503,-0.9450527705236677,-0.26645734007298677,0.2675779653846236,-0.30899535470052786
2015-09-11,0.806815761661468,0.36147166168803496,0.713544556145638,0.521838955337511,-1.5583280982456191,-1.3637116999557675,-0.3378650621036314,0.29846400929366684,0.557769916178699
2015-09-18,1.0843338141691274,0.26749967369251576,0.4761006501761047,0.6847113308789554,-1.9815562999069432,-1.2280143363018867,-0.007266700845287614,0.39438854293178266,0.3098033252056313
2015-09-25,1.169571968564886,0.44589681450147367,0.39208134559403146,0.7149633407312667,-1.8193382540174496,-1.206963862557213,-0.12978521321563896,0.07144899468362342,0.36212486571502
2015-10-02,1.454647798785133,0.552932388830795,0.2592651461287779,0.5785765458900843,-1.529872293499939,-1.3770945462482311,-0.29383750115495955,-0.08919441474505736,0.4445768760133964
2015-10-09,1.6324971551697975,0.46723097310884043,0.17123394116055998,0.2493644292564506,-0.8673646602900575,-1.5573115868590897,-0.45728232400501273,-0.0657343157389239,0.42736638819743517
2015-10-16,1.6170481523651807,0.46215956635602806,0.3343825018677493,0.016993974263091117,-0.33518961846478484,-1.9028024428795127,-0.6687129035454044,0.2573555681384861,0.21876520189916623
2015-10-23,1.1698021654802069,0.6345018235596595,0.2338685798965471,-0.10009686979479455,0.42959795317142296,-2.0705064918704523,-0.7033966638103565,0.5228085481267649,-0.11657904475899816
2015-10-30,0.9285546650421136,1.1095220419262644,0.273263094593075,-0.10217282972477376,0.20196845207821293,-2.0591107412310925,-0.4682884622046503,0.2555337140604912,-0.1392699345396406
2015-11-06,0.9234157878698207,1.4344201705281945,-0.24596557049542422,-0.4792500731458284,0.20620392566284076,-1.7401343759074885,-0.1982812979733172,0.22847445573042777,-0.12888302226922546
2015-11-13,1.2014493807960944,1.7072714278540395,-0.06571555683187218,-0.5632911205070862,-0.26196469818898865,-1.242493746169444,-0.23698561112273617,-0.14117577193493597,-0.3970943038950712
2015-11-20,0.7836559516443683,1.9290687186041797,-0.4659724923395978,-0.4661701009563743,-0.37572694257745304,-0.8499756041875853,-0.17149943366268508,-0.14535800805698387,-0.23802208846786918
2015-11-27,0.18138127657537106,1.703020438896553,-0.7958916827895232,0.31498589242146857,-0.5231853018746547,-0.2978092070531082,-0.203831364454406,-0.33638554336458376,-0.042284508357116946
2015-12-04,-0.183324717513912,1.7525190252439984,-1.625857942427747,0.392586267698718,-0.2627206333251953,-0.15031900082705082,0.05887356701852772,-0.4167316082815971,0.434975042414258
2015-12-11,-0.09463388200107332,1.4796920188670384,-1.892792031925607,0.5740373434482781,0.015988369353870328,-0.061401878610591244,0.20843696421458016,-0.6833198992628365,0.4539929959163411
2015-12-18,0.24133987533355405,1.7068517109804076,-1.6580936448184602,0.3210468602934522,0.2810202282918628,-0.09410095168727689,0.27575889273580284,-0.9712880309093576,-0.10253494021998528
2015-12-25,0.596333793187255,1.4667824271039198,-1.4298018858234933,0.3666566669363565,0.39557948454601655,0.14932263378628408,0.23614655260972148,-1.3253352380524772,-0.45568443429358324
2016-01-01,0.8269744684366901,0.4427587914116204,-1.247764388846193,0.2907722170120374,0.5015960085487281,0.8458013051217025,0.018326297665454388,-0.8716298482749171,-0.806834851075123
2016-01-08,1.228261647260885,-0.012492749693170399,-0.32087712692891174,-0.09669471450394877,0.3508200922225471,0.6074623868609416,-0.2221129934047594,-0.6348793216929866,-0.899487220120597
2016-01-15,1.2940802089688541,-0.13606928163203227,0.58940369144288,-0.23152128775075428,0.09868015466623009,0.17442163320918783,-0.38790857646541427,-0.40689403839385646,-0.9941925040450948
2016-01-22,1.4919035811501706,0.7758628196587516,0.514138374377673,-0.43179516572337634,-0.12981628024554928,-0.7212951267569707,-0.17336206920769245,-0.26043835311750596,-1.0651977801355008
2016-01-29,0.8429543913694291,1.3834970995153828,-0.23111942165755237,-0.4294697662092106,-0.24704077775301103,-0.6716770124106692,0.11610142333925301,0.3089206630745273,-1.072166599268149
2016-02-05,0.11555281934474253,1.738231053661173,-0.8068790464059267,-0.5399714354148124,-0.24927223201162563,-0.5741975266713528,0.38580780398310877,0.9354393872269302,-1.004710823712237
2016-02-12,-0.36300561319504315,2.1598979558149196,-0.34562010159252,-0.7535812593299265,-0.19160432269519093,-0.41325633527897426,0.0030572962233532306,0.8331930088532807,-0.929080628799899
2016-02-19,-0.5112782425480764,2.2187144473627165,-0.11916644886970218,-1.0467573062400837,0.07915127825991027,-0.441408281983022,-0.2359064263595306,0.6460702632177581,-0.5894192828399701
2016-02-26,-0.5701921370738984,2.087306435972751,-0.1555704950872563,-1.1453456160196474,0.3640376715402179,-0.06409692402780413,-0.36251424171226326,0.4970238736422932,-0.6506485672343933
2016-03-04,-0.9374682197792041,1.4958039202217923,-0.2835007308258235,-1.370224390426196,0.6857154934102575,0.5547707508166795,-0.08118616343045441,0.666772872361669,-0.7306835323487207
2016-03-11,-0.7378460748528668,1.2565349990461965,-0.42314350259549477,-1.3359990101612145,0.7137619469557906,0.9711812927796964,-0.19331371416487553,0.796078186698407,-1.0472541237056394
2016-03-18,-0.3125541018210795,0.8843132334228261,-0.6604613257951151,-1.2844468904378872,0.5931757111552921,1.1590944714283504,-0.28585139210386096,1.0324308852090864,-1.125700591057613
2016-03-25,0.4697855321892042,1.0281228529049393,-0.765522490325924,-1.4388240196694395,0.19500020346413308,1.0180495196357169,-0.33527727511942457,0.6450998013330212,-0.8164341244122268
2016-04-01,1.029551265086674,0.8767241454719367,-0.8463745761959028,-1.49288638310526,-0.24328532306677528,0.9703248163696635,-0.23707634793010182,0.3495790829806961,-0.40655667961093056
2016-04-08,1.4351965441983552,0.8230312862773713,-0.8304956249809933,-1.67903523275416,-0.5485151918688299,0.6928076114457197,-0.24429574598852832,-0.12792186934451844,0.47922822301558377
2016-04-15,1.4602117242365198,0.81738194585895,-0.7340224686871878,-1.5978855343638123,-0.49236105783385625,0.31517636591564097,-0.6082135253693169,0.09677614620110035,0.7429364040419623
2016-04-22,1.0876104629000478,1.0831588715143023,-0.687914277368297,-1.303872042628541,-0.20150007514128207,-0.42476919766921073,-0.7668674501691587,0.26827329240796094,0.9458804161541785
2016-04-29,0.5254082124167382,1.5913815267827882,-0.7363903765500229,-1.0513140202520288,0.13397138136416817,-0.8309667099084944,-0.8869130859693831,0.6427274737126664,0.6120955984035684
2016-05-06,-0.09019395996010411,1.8580454570958722,-0.8843715582492461,-0.885139298688529,0.21155198724858973,-0.6360679761570801,-0.7903024774673834,0.5606077849045759,0.6558700412733044
2016-05-13,-0.2853669929952037,1.7974527603728114,-0.8161331633597871,-0.6966790109456179,-0.023287422567031202,0.32426364719182094,-0.9845704236604215,0.15080950145026328,0.5335111045131652
2016-05-20,0.1757584496943941,1.4865090649417299,-0.46602071149083946,-0.8336055732940473,-0.3139456964318425,1.0671005182508313,-0.732399684221443,-0.6438849399135865,0.26048857246480295
2016-05-27,0.729733772244565,1.1312793434219333,-0.18005985921916112,-0.7802803660811918,-0.5352887246468572,1.5182776480918958,-0.7657996478433874,-1.0184187975225785,-0.09944336844521812
2016-06-03,1.1356728743195519,1.0020417412315281,-0.04607921941771314,-1.0946986350751364,-0.3935080103880852,1.46322645527362,-0.547035782668828,-1.2102583123421014,-0.3093611109328363
2016-06-10,1.157334752999577,1.3503495585697698,-0.08844201944405,-1.0124137107532407,-0.41865587689199524,0.8698191130685071,-0.4530355210629505,-1.0892025361578879,-0.31575376032772956
2016-06-17,1.0552349643130687,1.7345258005709219,-0.14561080533126827,-0.7149351730046717,-0.1451573072373172,-0.20248062694222746,-0.24987998793727392,-0.7260387862849198,-0.6056580781463122
2016-06-24,0.9416592511279709,1.9098800549951944,-0.04105841118973861,-0.2603330974980991,-0.12852593176348998,-1.0954334115539954,-0.1656686877026056,-0.25199192499343787,-0.9085278414217989
2016-07-01,0.6878778057082728,1.6620645682116688,0.2644249276361896,-0.0859326670271902,-0.22050875029134365,-0.9407556017526532,-0.6491988174764579,0.4951544872298282,-1.2131259522383149
2016-07-08,0.47404905040126777,1.2533157475027366,0.5858944455032169,-0.22321834425159048,-0.16981716246663825,-0.3442533038694277,-1.0627757971024232,0.9037975709687931,-1.4169922066859353
2016-07-15,0.10355499046780252,1.2511588880257347,0.7110560269797594,-0.6631044723727365,0.01743017473522357,0.13346273948582946,-1.265177353691577,1.1059922907837327,-1.3943732844137697
2016-07-22,-0.16566443083472102,1.4601330471883862,0.6917232256916979,-0.7495316609795225,0.4731829910706577,-0.10915640968499997,-1.3528757066966908,0.8711468186095468,-1.1189578743643545
2016-07-29,-0.24572516614322182,1.840565088506945,0.5324849143495425,-0.8057739067690415,0.6992587413453656,-0.37461998175574923,-1.2061724504803928,0.5311786216728979,-0.971195860726346
2016-08-05,0.06862944240834666,1.930772007181601,0.1920326075664225,-0.6969620021992696,0.7938755914208787,-0.6451199357470783,-0.9272703008704882,0.2861141449944394,-1.0020715547548527
2016-08-12,0.38074540267089624,1.9984884549971007,-0.33869900201953884,-0.642080155979624,0.6301842267069676,-0.47674296294265495,-0.4654598282038906,0.200651638890137,-1.2870877741193933
2016-08-19,0.4621255695506894,1.9550876907948462,-0.5030262857458447,-1.0894721554613704,0.30318758471906265,-0.23764934129609205,-0.003948010742123827,0.214061623458471,-1.1003666752776384
2016-08-26,0.40546177918755283,1.6298428073805322,-0.2905785622821033,-1.7127078117226002,0.1668798124118048,0.06134996891795554,0.24497190414372452,0.25040708271657897,-0.7556269807534454
2016-09-02,0.2070446485582137,1.1107056004092815,0.46212203457913703,-2.0997442516293385,-0.17307793046869338,0.027255212061790574,0.004049418486830825,0.4395449139643093,0.02210035403846918
2016-09-09,0.3989539170540777,0.8321524263112826,1.0437253439819447,-1.7023181332981505,-0.6746026436011873,-0.3783830855035724,-0.21472550914376062,0.3199091203654261,0.3752885638339394
2016-09-16,0.5167201036215875,0.7194757494266749,1.4498124359400375,-0.8272773709777134,-1.1877293795427712,-0.9205901676521745,-0.580062813798185,0.2461328450059278,0.583518597976616
2016-09-23,0.7558959742029211,1.0191383791313686,1.305746341660312,-0.16689963881640157,-1.4439918381736978,-1.3135898083550785,-0.4388822877769733,0.030130237229346917,0.25245264089820235
2016-09-30,0.3850522666716378,1.2489961200314221,1.1824990493148047,0.1463755594943037,-1.4014994398859528,-1.372846663622905,-0.37189174655680407,0.24360990782662204,-0.06029505327312842
2016-10-07,-0.0252547385863567,1.5073990991459398,0.965783109914942,0.02212007066413031,-1.340012281564597,-1.3520505925930395,0.06951605601183575,0.5663994851998684,-0.4139002081927232
2016-10-14,-0.4490212907654418,1.662843767968816,0.8298159528984668,-0.2444087435519827,-1.1814595222480195,-0.9129798307794182,0.19033919600656948,0.8392571552493336,-0.7343866847783236
2016-10-21,-0.6332963228699117,1.3569408949801876,0.35867744075035685,-0.595672930835197,-0.9104128444643643,-0.1947386935264889,0.30757059846648444,1.2408765765143233,-0.9299447190153901
2016-10-28,-0.4274528704786677,1.0602156480734193,0.4429222712337075,-1.181860750285508,-0.7664971397077834,0.13495696392383905,0.1299860449859652,1.3916388412732654,-0.7839090090182363
2016-11-04,0.115795739094864,-0.05322155924388983,0.45930722200927004,-1.0871211803887666,-0.24243974198854745,0.13105927882571794,-0.34852996452519786,1.523978608617054,-0.4988284024005039
2016-11-11,0.5481999962185024,-0.11541921823913588,0.8697555657852091,-1.0847093622707966,-0.10050177915482945,-0.809169820328269,-0.6328319965663859,1.0492445330322475,0.2754320815234581
2016-11-18,0.45989572802288997,-0.0909808716725643,1.0026397407018337,-0.6173777486672042,-0.26158436115069533,-0.9911447818239353,-1.011487943714014,0.7531254699775234,0.7569147683261659
2016-11-25,0.13018044795280004,0.7715650754632043,1.3222669545600725,-0.34404130891699364,-0.9305608315086474,-1.088477738877138,-0.94734829628766,0.15729985594236837,0.9291158416719939
2016-12-02,-0.028474680500078748,0.948489059262504,1.51342028903854,0.04408852375372078,-1.3598569734060344,-0.5998687923770412,-1.1746408920708442,-0.0754557658670577,0.7322992321662906
2016-12-09,-0.05957033314590456,0.7863357905870068,1.449520260641723,0.6947705527043979,-1.348274744198651,-0.1315823714474977,-1.4194268668395484,-0.26115950084611034,0.2893872125445845
2016-12-16,0.1776646952106118,0.7504968125178256,0.9504312356092214,1.0706494234642154,-1.1035089084930008,-0.03221828968381304,-1.4560122024132458,-0.5333915904741157,0.17588882426230135
2016-12-23,0.4316906604519557,0.2801067929072842,0.6643969501148331,1.3133650726034716,-0.7927301777317229,0.18455534756080108,-1.5310447492640211,-0.8990194169314307,0.34867952028882954
2016-12-30,0.5101768951581805,0.06718834425517439,0.5366913928017364,1.236508075451222,-0.3007644721819816,0.09655047949336105,-1.6738540866650207,-1.0533153305077827,0.5808187021951108
2017-01-06,0.6226011580935115,-0.30571824379869955,0.04966591388776872,0.9852562556111003,0.2760109567445061,0.2718774247559321,-1.8106883940233764,-0.6687142158036803,0.5797091445329382
2017-01-13,0.6427167075767756,-0.43042496053970836,0.08226223198177081,0.8230862211510169,0.6944648257521556,-0.047477653778416916,-1.9629731932420789,0.13400199152819603,0.06434382957028906
2017-01-20,0.6887396510520939,-0.21320105514455356,0.027378637156254437,0.7543566815111791,0.5613810359790173,-0.6620909793702557,-1.733097245289736,0.7048582642887352,-0.12832499018273452
2017-01-27,0.3488868796902487,0.0027024191684158114,0.9705871068002945,0.7198904425227045,0.335813201153955,-1.4834983590579363,-1.5060254664506534,0.762169797348585,-0.1505260211756139
2017-02-03,-0.09950704053842141,0.344853669098246,1.4564438173946768,0.7715704739861597,0.020352027302889764,-1.6849373486761994,-0.9661430593051022,0.36845839870917824,-0.21109093797142794
2017-02-10,-0.31313213620250213,0.1534228842619048,1.916679024104446,0.8178350405327367,-0.016894666929567436,-1.491116837530578,-0.4637236053129354,-0.222685716938671,-0.3803839859848335
2017-02-17,-0.3850444057611306,-0.05018975324015503,2.092132873583212,0.7017033740522236,-0.012022275606309937,-1.345462805381529,0.07579024605609885,-0.3919959212322532,-0.6849113324701569
2017-02-24,-0.17222728243835664,-0.22019747297948533,1.9632199410364972,0.9289950364348417,0.09316042462291624,-1.2150613632657714,0.053289425528264045,-0.48038898140348607,-0.9507897275354195
2017-03-03,-0.16176822741425922,-0.1349094506691969,1.9796064265460893,0.6420681186886573,0.08285262669857794,-0.5601393369354803,-0.1353041433223402,-0.5658997110282787,-1.1465063025637692
2017-03-10,-0.3463284833199469,-0.012854187844699291,2.1173324318543068,0.5923795501854686,-0.09465571954099539,-0.01210787571484564,-0.40768755466912715,-0.8675328999865126,-0.9685452609636488
2017-03-17,-0.5754165344499731,0.1381498891415667,2.1694718502279775,0.24235533539546916,-0.20484368180682178,0.5699390178630573,-0.3163798596732857,-1.1559864753919034,-0.8672895413060866
2017-03-24,-0.8324788177093861,0.47847042704220355,1.979482894907146,-0.10547898172857006,-0.16013015873926242,0.5633447282927566,-0.01048917927472326,-1.2805012359626131,-0.632219676827551
2017-03-31,-0.9028779108557687,0.912543994218071,1.306322944378856,-0.630114533600825,0.17917647761541775,0.2173134317120297,0.330875272593228,-1.1331370336082784,-0.2801026424527301
2017-04-07,-0.7770601524613169,1.324566973106366,0.24196230242564223,-1.0622982651056205,0.6611610617185917,-0.317590039164791,0.5496488445257994,-0.8684813600072417,0.24809063496257114
2017-04-14,-0.5519768640420616,1.5179660358127265,-0.680726966887227,-1.0284270300369487,1.047857637478363,-0.9750054920066725,0.7009417034385966,-0.5529792807637782,0.5223502570070021
2017-04-21,-0.599482786236769,1.309716711658197,-1.0069139809892969,-0.6481848446116846,1.0469622184140661,-1.1463759662876025,0.8165937722834217,-0.484314874248519,0.7119997500181876
2017-04-28,-0.8823374854181109,0.9885612440239969,-0.48849769420244565,-0.5022367174975203,1.086878502977427,-1.3610540974167284,1.0380464784961039,-0.5195963069682762,0.640236076005554
2017-05-05,-1.2068523317550706,0.6765706589782617,0.1411829923745593,-0.3348639394212168,1.1819511652923251,-1.2154131431408035,1.0616165976963925,-0.8308234582148497,0.5266314581904024
2017-05-12,-1.591726260510687,0.5814387896475411,0.6859217224680747,-0.4843530504067199,1.3151483065306835,-0.8605602601490839,0.7561611796740598,-0.6510351019191386,0.24900467466527018
2017-05-19,-1.9415953807288011,0.51114443723707,0.6750683706905648,-0.3429928027854901,1.377752852126927,-0.22075173325941919,0.29621146079338895,-0.4566799004064688,0.10184269633222846
2017-05-26,-2.1181642601482324,0.5071719423367462,0.3931994563481509,-0.16819300434520743,1.4028961600043226,0.30469927492481946,0.04983057072847594,-0.234879868541742,-0.1365602713073329
2017-06-02,-1.7851928194971831,0.7442446274046741,-0.4329783198207844,-0.1657656720688211,1.386156116331282,0.740430138127303,0.06362225540337572,-0.2080866996291657,-0.3424296262506808
2017-06-09,-1.2262152970020594,1.2095980385009557,-1.1707842870089678,-0.12762730705028355,1.0838034274084039,0.7906188826097432,0.10299164972045116,-0.16499080415281242,-0.49739430302543103
2017-06-16,-0.7978214801755269,1.6921717233645068,-1.5217626153760826,-0.5799734496245001,0.7145376605071311,0.6330303509071717,0.1611302809394073,0.20870863360323388,-0.510021104145341
2017-06-23,-0.4957696471466691,1.840023766293169,-1.361619399754322,-0.8846038133205006,0.4226958102803113,0.4737892892125113,-0.12591304855580746,0.4906257879049007,-0.3592287449135932
2017-06-30,-0.14505135335753624,1.7655864253802136,-0.3673966523075504,-1.2162395497315446,-0.10390038207857315,0.06491873426904331,-0.3919132070667249,0.7691685092998161,-0.3751725244071436
2017-07-07,-0.17900007262661524,1.016398952759719,0.4229564696114192,-1.4540090949921873,0.06252790014098797,-0.1698608150105074,-0.6368211209142246,0.6836927557053842,0.254115025326024
2017-07-14,-0.30434202565019625,-0.04553422391131923,1.1405549903678907,-1.2724333295905002,0.34631921228707974,-0.20787021469495234,-0.6904864150735109,0.36495460728962964,0.6688373989758788
2017-07-21,-0.33540476634316,-1.2587156558518353,0.9895774741401655,-0.9652584242581006,1.0407174715471124,-0.1532145815946193,-0.4517126452866753,-0.06659163786523081,1.2006027655123435
2017-07-28,-0.3247399477532535,-1.5999300215723842,0.8213408811118649,-0.5799254779249389,1.2397594965251033,-0.2687065215891713,-0.19607557896947558,-0.3257574051672531,1.2340345753395083
2017-08-04,-0.45408157834767504,-1.318165886329425,0.8756371226894225,-0.09649962603000023,0.4840220190698443,-0.6931100621902915,0.41565774294317936,-0.3385409189834265,1.1250811871783724
2017-08-11,-0.814006604202654,-0.7420257333509485,0.7881381309284934,-0.2483886306240997,0.06802758918266917,-1.095818540272589,1.0579922067407197,-0.1610202216595329,1.1471018032579423
2017-08-18,-0.921715413058251,0.2665201354133453,0.4222902869487168,-0.22782399824973276,-0.5320739378481328,-1.226004669516926,1.3647066959763994,-0.07248161443090939,0.9265825147654908
2017-08-25,-0.9969565795073828,0.8551005561564331,-0.2593510343928343,-0.06411769077359038,-0.2880187373409229,-1.3123492146454583,1.2151521680776984,-0.08255806117877852,0.9330985936048362
2017-09-01,-1.067698884064317,1.1413207381605017,-0.8463490663278409,0.5650673246036345,-0.12302847262169281,-1.2359435837431354,0.9329220219568052,-0.18052983506796508,0.8142397571040099
2017-09-08,-1.1366090742848727,0.8424014509275239,-1.248255841367856,0.9140750271707715,0.2954886753919899,-0.5209327784184781,0.5877750525266222,-0.38051525609849124,0.64657274415279
2017-09-15,-1.1519478169518302,0.8121541127212778,-1.4896183159002534,0.7033181444024367,0.7886775488532289,0.11551006007232116,0.39520659985011863,-0.6524160038719755,0.47911567082467527
2017-09-22,-1.2686706425131822,0.9619866410305656,-1.670344401668024,0.3668673172017811,0.9454049914261593,0.880844133951661,0.21243611381500482,-0.7313891583028861,0.30286500505892017
2017-09-29,-1.5083132665231023,0.9688788786224611,-1.535699103273033,0.23010120192703262,0.9248463918269602,0.835072464666817,0.22463172044632337,-0.49511311525521856,0.35559482756175925
2017-10-06,-1.6311862026653188,0.9874773151962387,-1.4016274507998492,0.5804969961918468,0.45178325784841755,0.7373153702031185,0.11360064385248031,-0.13971496719704854,0.3018550373701145
2017-10-13,-1.8257635808086476,0.7859365813002518,-0.7581753485351254,0.9857412369539024,-0.14309656205340762,0.42684041619902646,-0.156251072651736,0.06504864012065242,0.6197196894750835
2017-10-20,-1.5882936230585472,0.578939425490358,-0.22766202294669005,1.4296845409132652,-0.5782730184145035,0.1880452156915445,-0.8052433500110899,0.1230018791916918,0.8798009531439709
2017-10-27,-1.43497040644894,0.20467092076635718,0.3326174400155189,1.4665848628816913,-0.5017206099358084,0.05761845935630424,-1.2832837414289138,0.08947390503561177,1.0690091697581785
2017-11-03,-1.2351809182784852,0.11070306662285978,0.5901347196925948,0.9244245871037747,-0.2808645275059487,0.08972312800583478,-1.5985633637254872,0.06772945620243122,1.3318938518824255
2017-11-10,-1.0721725189308784,-0.21604221054764583,0.5253109241623343,0.6422473419233801,-0.47047267382720287,0.3034640756672695,-1.513397940961527,0.3636882845990396,1.4373747179152305
2017-11-17,-0.9742100715955395,-0.5451722464406721,0.4954598694923344,0.41371090853636483,-0.9074585622700333,0.1315638297467738,-0.5680108996219638,0.43465023016751353,1.5194669419852225
2017-11-24,-0.8280274615665149,-0.6690870205121292,0.7052111503926075,0.29740874637378384,-1.4660738016921948,0.16365337130400429,0.1866777068521206,0.4854950679368441,1.1247422409114785
2017-12-01,-0.7544322434849199,-0.39408254770889933,1.136830336815189,-0.5597131916109465,-1.236985223331551,0.10361461265446137,0.9243760652201712,0.05572154528896269,0.7246706461575321
2017-12-08,-0.5510604398727644,0.005563741314583148,1.3515843318651735,-1.556473394888533,-0.6710086334374185,0.4131295648477888,0.8128362901706435,-0.3003665262731989,0.495795066273726
2017-12-15,-0.18448270366580677,0.03200113842013615,1.1109808188707313,-2.126413652170516,-0.08210080871781116,0.8056160794239684,0.6154472325732826,-0.5998083302089486,0.42876022547496445
2017-12-22,0.10044327402796237,-0.17336621312385245,0.7114192322869819,-2.204148568480714,0.05642178285872313,1.0081137209698412,0.5829679293851331,-0.5886131881095132,0.5067620301854379
2017-12-29,0.37215944122349415,-0.6238872476511197,0.058766049354396964,-2.0210601411223466,0.06522641684521231,1.4027325886115438,0.3753463331459119,-0.007072128930509384,0.3777886885234165
2018-01-05,0.27902011080029876,-0.45370719131095444,-0.5227874801297776,-1.8359368910616933,0.26480572924177753,1.3546332965915437,0.5701991132756631,0.4807482302943309,-0.13697491770118853
2018-01-12,-0.0019512253011870022,-0.27885733284023645,-0.1613442265314716,-1.5590486630473765,0.41676517494952875,0.8439430681970732,0.6213168567026469,0.8713906272426759,-0.7522142793716536
2018-01-19,-0.3027484011460868,-0.1901625725280693,0.7001112979801762,-1.4504132135843701,0.5971634742165118,0.09806641330802364,0.7427601273945514,0.8373340221722169,-1.0321111478129537
2018-01-26,-0.33328709221760144,-0.4975681636363809,1.6627971921254805,-1.3038989453625274,0.857519408112546,-0.5305565083141758,0.5530915586154653,0.5587684864602585,-0.9668659357830651
2018-02-02,-0.20793699040526828,-0.664919019087255,1.7461934534209729,-1.3875075412026014,1.0479777016070841,-0.6860419487659275,0.20743335326583803,0.2508244960028897,-0.30602350483573265
2018-02-09,0.14452404738337482,-0.11298265096695888,1.3366357154217627,-1.5689605548625847,0.5206528282864884,-0.5381902440021308,-0.17780575043007027,-0.013770899800779038,0.4098975089708974
2018-02-16,0.0457586171001802,0.5540256209490323,0.9970264620675183,-1.616406340808236,-0.38076878133067,-0.23802641985375603,-0.10061636740036835,-0.24796869932583165,0.9869759086021314
2018-02-23,-0.2104952596923139,0.9971883541412012,0.5503817984002473,-0.9413655933843099,-1.50344391532534,-0.05656509029337619,0.2776500435287586,-0.06019962621706981,0.9468492888422028
2018-03-02,-0.6375307801937465,0.6371362853457598,0.09069749034491632,0.3954469288864064,-1.615427249635446,-0.06543353153993091,0.7314363884792229,0.039237523095418746,0.4244369452173995
2018-03-09,-0.4648900012863746,-0.2105915422914897,-0.5523770741199382,1.5764100403805144,-1.106920037101986,-0.1490859798664967,0.7138714165646035,0.19837769590491316,-0.00479451818374584
2018-03-16,0.07478363841100515,-0.8308244443890201,-0.9383557918919235,2.2066054453694517,-0.5162904690694142,-0.1245778472578158,0.1698528465716409,0.07295131642270174,-0.11414469416662569
2018-03-23,0.6337895147332772,-1.1042348991035331,-0.9963768664172941,2.165247470872731,-0.17725541019339644,-0.07802994425598296,-0.3240623898070763,-0.06030734930611323,-0.05877012652261209
2018-03-30,1.281201783680719,-0.9336203194629777,-1.0424007043053667,1.6100661941647256,-0.24361175891168418,0.06970245540909825,-0.7940554149503333,-0.030169117653386247,0.08288688202920512
2018-04-06,1.3534586384030944,-0.6065050261860413,-1.0805652658635674,1.051096325512058,-0.754217667435364,0.47379646817259474,-0.7059001567168536,0.2057865771526001,0.06305010696147893
2018-04-13,0.8572461955059034,-0.10520085953669737,-1.4486620356317312,0.2727849684273292,-0.8605304714069781,0.5731763660858554,0.01946154969931498,0.47146311107449224,0.22026117578251161
2018-04-20,-0.0791539819735289,0.30968707332410916,-1.669401553050875,-0.04257108709279197,-0.9417192352924256,0.37825395975592574,0.7461878912348493,0.7528498752358953,0.5458670578588417
2018-04-27,-0.6569916403488967,0.44066081615662633,-2.014561812675558,-0.1782502091931979,-0.41808915515887185,-0.012392505338901095,1.0943348569820779,0.7812414923290811,0.9640481572476398
2018-05-04,-0.9014811027975417,0.3621571097159355,-1.897432666829107,-0.2553601957272426,0.09416005805137521,-0.10660704313386023,0.8183303505803164,0.6625063912672252,1.2237270988728992
2018-05-11,-0.7521420161372516,-0.04804013335767613,-1.9076571730953695,-0.06504826030715677,0.8125860159055072,-0.08297031274676826,0.48969561524888133,0.5496307070847039,1.0039455574051304
2018-05-18,-0.337047265251565,-0.5917085533939516,-1.8549054370718212,-0.12717399127996615,1.3932816582421796,0.05493520306649222,0.5685264246709508,0.2758775955796658,0.6182143654380157
2018-05-25,0.19080882038260816,-1.0847957106218777,-1.913142266011211,0.19040759371613128,1.4988097490564856,0.04637470908766478,0.3963294281210354,0.3012830171211956,0.3739246591479682
2018-06-01,0.24745699094233178,-0.9082578192905486,-1.8245061906782507,0.793936484487583,1.023292431312406,-0.2069080605418235,0.3123157459151963,0.35373445097156636,0.20893596688153934
2018-06-08,-0.314724125731922,-0.11213528132411632,-1.7031142627141838,1.2651040063053114,0.8484282861403366,-0.4800840541047253,0.05346527544687927,0.2375444820104217,0.20551567397199824
2018-06-15,-0.7355087927787003,0.3508935477746707,-1.6979209515701468,1.5439884388584357,0.7259418308735159,-0.5353912470002146,0.3073149873613827,-0.018378382025457107,0.059060568506513596
2018-06-22,-1.0591170079393701,0.4848297784504152,-1.6694926029224415,1.1231118617777065,1.1132894140527867,-0.15284414708370017,0.5996418597383206,-0.49174830113102486,0.05232914505730762
2018-06-29,-1.0034611186939015,0.436408308906864,-1.4977023162563239,0.453654174290754,1.281019865445373,0.339412207501518,0.8111926695354824,-0.7563717505254154,-0.06415204020435059
2018-07-06,-1.263589229456101,0.6086806325434818,-1.2975368841286403,0.10754502659096998,1.1080115250960556,0.8127394801116763,0.8783996642544576,-0.8576310218062559,-0.09661919320564395
2018-07-13,-1.2169369086656066,0.6624923156101644,-1.2224320523936976,0.038401347696032984,0.741415185742683,1.2857118025334815,0.8350993273338662,-0.9488192125881358,-0.17493180526878807
2018-07-20,-1.19238526213124,0.5941819180762984,-0.9965259437980025,0.23563633484531443,0.5155308802454243,1.6107423928331288,0.4923733378876877,-1.0150834086356104,-0.24447024932300043
2018-07-27,-1.0564200303986435,0.35357139107449603,-0.5269912180237208,0.1382570899882287,0.607798876175599,1.882498689887384,0.2845885817192217,-1.109053902689945,-0.5742494777326203
2018-08-03,-1.3567315795184411,0.41595280310652466,-0.11069989507522791,0.11076171374824716,0.5171417842278262,1.9047889604599069,0.17524772556377446,-1.0049538558601772,-0.6515076566524334
2018-08-10,-1.5588732500342048,0.4379079809518515,0.45656219728215747,-0.004245242934054187,0.06928959554987942,1.6094717131193035,0.3836116132816873,-0.5901435325429432,-0.803581074673677
2018-08-17,-1.774286171195394,0.899758447075207,0.7965249856758333,-0.1498226518406193,-0.4507384261513814,1.1094432199189073,0.4240154927581625,-0.2722649604118833,-0.5826299358288322
2018-08-24,-1.8975132889190724,1.109131579464398,0.9539683864388965,-0.3055123253483942,-0.7992465810006913,0.7618308982749666,0.45228772971569936,-0.019235794796964027,-0.25571060382883865
2018-08-31,-2.0041877971804927,1.1518683809606405,0.5086959011216086,-0.08594028903772304,-1.027379379568391,0.4688731331247462,0.5517594020021582,0.2587846734058091,0.17752597517164428
2018-09-07,-2.0581228695212364,1.0779017869713734,0.19251488727539848,-0.3058747119499675,-0.7530498807255143,0.4783775034008954,0.48470948601912217,0.5788877474261973,0.30465605110373145
2018-09-14,-1.3300940040237546,0.35745998790963746,0.19170590535050444,-0.6737008889852906,-0.2823990635788578,0.3112138547363446,0.033256937215286365,1.2945203476477378,0.09803692372839247
2018-09-21,-0.5939387389695355,-0.5407483925523112,0.13688232021483368,-0.49258066541259105,0.4250748771696931,-0.08501414994828722,-0.24486162570919154,1.5593395795930454,-0.1641532043856558
2018-09-28,0.34331350308417335,-1.430266560193112,-0.14470333888179998,0.22212374066719995,0.8649254050922298,-0.4018963419061166,-0.5348766117889872,1.5099439953369105,-0.42856379141049733
2018-10-05,0.5738836234263234,-1.819814886871641,-0.30594383787812063,1.0120069062799315,0.550221569628791,-0.517732695065555,-0.34380285677039096,1.1588515288457513,-0.30766935159508935
2018-10-12,0.8158679556985401,-1.099690928899082,-0.7269480717272593,0.6009552582333598,0.06405414756576126,0.10866611755136794,-0.45760273139543334,1.1616115604185417,-0.46691330744579584
2018-10-19,0.7741883494700706,-0.34248372595131826,-0.8716296570243601,-0.0018420257730539975,-0.6658140457341749,0.6886545607790154,-0.5916114539371785,1.3435357159798693,-0.3329977178088692
2018-10-26,0.7428587101087344,0.5819778259775507,-1.2653025517249634,-0.15471545919453863,-0.8924331212386688,1.147161792106064,-0.8422491032762093,1.261372578673449,-0.5786706714314175
2018-11-02,0.5628156889934911,1.0472542489049594,-1.1963707930369811,0.1372781445506799,-0.9402443035786895,1.0613296281082027,-0.9811545297147197,0.8878889617552014,-0.5787970459821438
2018-11-09,0.049532397873148636,1.1132168151768416,-1.1873123053282177,0.7657925488898855,-0.8773314819899612,1.0283865942975388,-0.9577665840325172,0.7690809991773575,-0.7035989840640754
2018-11-16,-0.45445272795928493,1.2309746951512366,-1.0807895335067677,0.8517583578115101,-0.7378293902631391,1.0137633325273692,-0.8849705681550409,0.8238340499557332,-0.7622882155616163
2018-11-23,-0.940494070711208,0.8149664293943134,-0.057794134903725425,0.39381589625335317,-0.6530597100945364,1.0457109132568538,-0.7975798255110114,0.8722562526798531,-0.6778217503638921
2018-11-30,-0.9318467808349715,0.752554233337932,0.9487800522362265,-0.20128308037903442,-0.713943542485265,0.8639580690264186,-0.7586461469355079,0.7258456648619572,-0.6854184688277556
2018-12-07,-0.9941836896926693,0.7011554054387137,1.8966071261166146,-0.733825231180058,-0.688672112098534,0.6793694601196005,-0.7408002411231293,0.5819137151320257,-0.701564432712564
2018-12-14,-0.9664017236924293,0.7651968873403302,1.8944636552938239,-0.6695393577701066,-0.7075731806802491,0.6738156081523329,-0.7481558081048033,0.5380306110689426,-0.7798366916078412
2018-12-21,-0.9965300263918918,0.6820291333554952,1.7454419189005776,-0.6824928504665713,-0.6146950658846179,0.6626127988251928,-0.7828358163800164,0.8151384651799471,-0.8286685571381155
2018-12-28,-0.9678130625040032,0.4342920559851495,1.5507682836834842,-0.8088409976010341,0.0549409107094548,0.5346183859464152,-0.7999022959051194,0.9071350347784772,-0.9051983150928239
2019-01-04,-1.0669917448573674,0.508069598031648,1.3556883284161565,-0.9633770601396044,0.6398690940890953,0.3520172842516704,-0.5789424131957941,0.7503730150027397,-0.9967061015985439
2019-01-11,-0.41355284684960747,0.3729818317976794,1.1019013595037837,-1.2488600290001486,1.261668189779787,0.15239643144655649,-0.3372814132171608,0.306401585069765,-1.1956551085306544
2019-01-18,0.31061338244584197,0.4474274090168516,0.22349075611207114,-1.310417707809062,1.2662716872946895,0.09246624015551945,-0.05938106330661765,0.2152259956386389,-1.1856966995479328
2019-01-25,1.152517977709557,0.20984093061962197,-0.7391561467119593,-1.1189628549889212,1.3455608514338564,0.010312454197248999,-0.0837382081890068,0.42620575317718795,-1.202580757247585
2019-02-01,1.2554099379911146,0.23810203200873156,-1.4759017959162524,-0.7838731238036711,1.3897305016494628,-0.003880676416622491,-0.07315924387699364,0.5594899226201583,-1.1059175542559274
2019-02-08,1.1835515546553086,0.41511596056663036,-1.4137228181036041,-0.5864999852253789,1.252249859112082,0.261861289418447,-0.25769252523694036,0.4441626576415061,-1.2990259928280505
2019-02-15,1.058318881643872,0.6663991118517697,-1.2055268368009193,-0.5494341173478801,1.2764307968686064,0.36347009874219055,-0.42277194550074276,0.2730437641514672,-1.4599297536083637
2019-02-22,0.9413575751521918,0.9132055220068009,-0.6521433110622319,-0.5973738647544489,1.2920113818966337,0.025997298874559666,-0.794448422408625,0.24311994912257315,-1.3717261288274532
2019-03-01,1.0298791520959136,1.0818123674635143,-0.24915515484392714,-0.9119118996063319,1.262419900546893,-0.5761090132866745,-0.8768701335974294,0.19902478199917917,-0.9590900007711366
2019-03-08,0.9786908418924637,1.0854566148910165,0.4047020594277167,-1.2662682276028672,1.0997310346111777,-0.7993567515979527,-0.7615760137079884,0.1339327498681655,-0.8753123077817317
2019-03-15,0.7584740076157739,0.920937823959704,0.4033290570581558,-1.380684193442382,0.7040002238867965,-0.2097233606309945,-0.03408953128380654,0.13833541370546254,-1.30057944086871
2019-03-22,0.29171210287386884,0.5758918920325692,0.41238003358281855,-1.2938499331725255,0.4806370747108432,-0.06344665188907922,0.7434395578028722,0.5235265565388266,-1.6702906324801934
2019-03-29,-0.09422481563895084,0.18997578979849353,0.0740164936639135,-1.0301628168861632,0.25152347264881453,-0.19333608588340126,1.4074800776857073,1.0267578129596038,-1.632029928348017
2019-04-05,0.3131136289659769,-0.20363644966947958,0.07894587312140229,-1.1762387847618323,-0.01000349756823162,-0.5736825192458004,1.4654664381765816,1.1684019564850852,-1.0623666455037017
2019-04-12,0.7293876682274171,-0.3225339355257912,0.39810561719495124,-1.440603907456018,-0.41161334472881955,-0.3921144599642117,0.9438949434366631,1.0508326831217996,-0.5553552643059904
2019-04-19,1.3319437523414175,-0.0717431941863232,0.7096083916791692,-1.7472201378121557,-0.8436273231667325,0.10263108272419778,0.20374421273161758,0.4755495372020835,-0.16088632151327434
2019-04-26,1.1306548408382133,0.3383080531494964,0.9807207508223749,-1.9295331114055945,-0.8145050341016359,0.5901434040513802,-0.231441294896523,0.12942746586266152,-0.19377507432037308
2019-05-03,0.9412401386937121,0.2980083824425641,0.976869405788443,-2.0364256424665985,-0.3847132894376724,0.8815944647735234,-0.3323597757320498,-0.06577807486319136,-0.2784356091987305
2019-05-10,0.4382766983755096,-0.144030952959584,0.8157928916954466,-2.2203144516474915,0.18615878761952512,0.9486989907466437,0.015362788638299207,0.3147970194734395,-0.354741771941788
2019-05-17,-0.36902416159770984,-0.5876104108759325,0.570936605744017,-1.9404863164268973,0.6740001038149604,0.933426262051575,0.03820289456727859,0.7499395304946986,-0.06938450777199019
2019-05-24,-1.1301777192760822,-0.8993112538554765,0.3678406747468543,-1.2729679465048922,0.8131839060882715,0.9110978111741158,-0.04287096550665307,0.8873712753155968,0.36583421781826564
2019-05-31,-1.570328261214847,-0.5264603649103641,0.3592798988429818,-0.35508831085367404,0.2075857104021428,0.8880148985571997,-0.6544894581652866,0.8963157392108113,0.7551701481310357
2019-06-07,-1.4226941377196454,-0.09495107487177308,0.30198559894938076,-0.5024396203864133,-0.2751487880224445,0.9159129535579874,-0.7986622251698473,0.9955693578255403,0.8804279358372146
2019-06-14,-1.2278386797990466,0.49090301225269634,0.3061465676716107,-0.898727850608735,-0.6113781785962779,0.9330972343625595,-0.8883386230403564,1.1804858422433024,0.7156506755142461
2019-06-21,-1.0413407885885972,0.7240623089830649,0.6149756575678821,-1.3937277128930832,0.03161030767980366,0.7198509487732235,-0.9907344772097025,0.9139012863937541,0.4214024692936546
2019-06-28,-0.9760849054649219,1.078356119985936,1.0728286783829415,-1.2005968271458458,0.3415686666544255,0.47014609501937826,-1.0760201401094178,0.36591471388108426,-0.07611240120357987
2019-07-05,-1.1310688065524193,1.1967627638467893,1.2792511779677815,-0.7955910141640036,0.3651681816961654,0.37157730255280247,-0.8424290255545638,0.26758632873956295,-0.7112569085321153
2019-07-12,-1.3273550776369374,0.9786547407258949,1.1216717089264918,-0.6208782889725203,0.6177569987154383,0.5031822566947013,-0.5250914829268214,0.3688438463111239,-1.1167847018373713
2019-07-19,-1.3162047950497595,0.5201047369311371,0.8847943842315047,-0.5709676539401238,0.9959867027682149,0.653479259405072,-0.602093188047522,0.6307709350843974,-1.1958703813829208
2019-07-26,-0.8536038477232069,0.15001304654646838,0.7337558643501251,-0.5219435825074156,1.4170466588883441,0.6787928729118603,-1.2337201579765982,0.6658547825191782,-1.036195637008756
2019-08-02,-0.2956395940040461,-0.09714869918362924,0.3873418205229118,-0.6773288816946091,1.0652372018748186,0.8339558776711266,-1.6586926746896244,0.9931262343245679,-0.5508512848215165
2019-08-09,0.35703935883423066,-0.1795812214105279,0.33863094578797287,-0.6514864038134679,0.22027718171187063,0.8117971354202526,-1.8129471801317927,1.281042568789249,-0.3647723851877874
2019-08-16,0.6963828610147466,0.03587710006983672,0.10751776336155931,-0.7858836265598682,-0.5804407301179036,0.6829156972257167,-1.5663265519487737,1.521262328922625,-0.11130484196793901
2019-08-23,0.9031924326440232,0.27769907546823697,-0.15107377887989937,-0.7542219737390042,-0.83132094037739,0.2278408352802773,-1.2703245172938638,1.746859170627508,-0.14865030372988833
2019-08-30,0.7653897100196465,0.43480785751714784,-0.7917683836915552,-0.6697556419791217,-0.581676522245156,-0.10740003918757306,-1.1077233679189258,1.9679878810518918,0.09013850643364556
2019-09-06,0.5839761194382792,0.6374570328936454,-1.2720744559040655,-0.5923556117673692,-0.11871783986657397,-0.28679787243504085,-0.9831528311308165,1.9572211407035756,0.07444431806836573
2019-09-13,0.4493165039521145,0.9728684598472808,-1.5287417445551748,-0.3448237025302174,-0.03180996263272385,-0.25863168346021553,-0.9695397189738922,1.7087311330004766,0.0026307153523517507
2019-09-20,0.3388938735582012,1.308766892565265,-1.5442827196513367,-0.49266085119967107,0.13707600413175455,-0.19884586932855644,-0.9196738070833682,1.5215517232582458,-0.15082524625053426
2019-09-27,0.4332726553057613,1.0901561529048724,-1.0723833294863572,-0.9224420991726124,0.18042810783681748,-0.047053435603017224,-1.066063748035951,1.4990679394784383,-0.09498224322795189
2019-10-04,0.5699982819041391,0.6790934849037608,-0.3137127980063456,-1.4847163538804533,0.008736781005360794,0.076318263376436,-1.0540461585050307,1.593060518909926,-0.07473201970779339
2019-10-11,0.5002823488679425,0.26233567984525497,0.030768219726880503,-1.5542189455743298,-0.4565663627407006,0.2634557931518636,-0.9736462492001726,1.8130841558451347,0.11450536007812658
2019-10-18,0.34467200183472135,0.1795705219996396,-0.15738627657946125,-1.4612963145719469,-0.8197466422261906,0.47430635392672005,-0.6853175615000578,1.8740055612277853,0.2511923558887898
2019-10-25,0.0139635668196778,0.18822108121601164,-0.6714017246346676,-1.2603938599456999,-0.9963302617961749,0.7275947971717471,-0.19908275799726272,1.965718233618965,0.23171092554740333
2019-11-01,0.6273827615707698,0.4413406973794847,-1.063280949418269,-1.083254465804892,-0.7049527229404435,0.6610790122861027,-0.08833504646906866,1.2603214803023919,-0.050300766906076044
2019-11-08,1.1410671397815493,0.4294292553283938,-1.2901333700821758,-0.4673382513644668,-0.7875139743488454,0.772099706065492,-0.036869621815921017,0.41496746239894505,-0.17570834596297105
2019-11-15,1.7845479858963695,0.3736586852767796,-1.481551867359815,-0.05294606997343859,-0.6174657256793049,0.8525829521504168,-0.41998948383654194,-0.3978252329757539,-0.04101124349871162
2019-11-22,1.6319142098744923,-0.13711770824042815,-1.6596312213487598,0.26537386801444063,-0.6422827969525766,1.0601360776155098,-0.26518139633924376,-0.44172419105939903,0.18851315843596453
2019-11-29,1.6973550691465096,-0.5301519705602326,-1.785839007886093,0.03358895708654915,-0.35418818923100615,0.8747696102696066,-0.030786093282639482,-0.201306174291545,0.2965577987488503
2019-12-06,1.666613716195582,-0.9168621637444468,-1.5594920592729584,-0.47549638130019484,-0.20874398145728723,0.7438411310885648,0.20675413443920396,0.17417845005752175,0.36920715399401405
2019-12-13,1.7758191719883574,-0.7530073933100104,-0.8177212542037662,-1.2162260951553627,-0.15651704951661194,0.6300218188565527,0.1140885196489705,0.16167034636673416,0.26187193532513614
2019-12-20,1.6831420190214625,-0.6066705091677428,-0.6316864599573984,-1.5973583295476887,-0.08919033116218829,0.8731546817406279,0.04311790928286471,0.03784576864565561,0.28764525114440714
2019-12-27,1.9048830542505317,-0.193666774642828,-0.4600747601733364,-1.3776671494305794,-0.1365537755443373,0.8488339800264892,-0.2847532129816253,-0.25170645931270547,-0.04929490219160939
2020-01-03,2.0039876285334244,-5.446740861094387e-05,-0.450086915790532,-1.124826803796383,-0.22904034627841488,0.7950499329406369,-0.3311421957767614,-0.3284422407730319,-0.33544459165032786
2020-01-10,2.1278183143354705,0.30377482511208953,0.3132230569549217,-0.6897970112782305,-0.2612208007255481,0.23638990373749544,-0.6052077893875062,-0.4006503579970187,-1.024330140751674
2020-01-17,1.764212559927632,0.43132477639212147,0.81596965247717,-0.4720668946291145,-0.16846936396527531,-0.1526351774719367,-0.1380445811709942,-0.5887406910802957,-1.4915502804793073
2020-01-24,1.5195800348715431,0.5386312581277454,0.860263486747875,-0.10115041854389994,0.0860761589514435,-0.41451542945057235,0.11833923675976395,-1.0479732088892313,-1.5592511185746678
2020-01-31,1.4159073107995805,0.5514324143962279,0.994885693192419,-0.5180965795395444,0.1899027497762471,-0.3765755700072068,0.20989699321836372,-1.1816281980606969,-1.285724813775391
2020-02-07,1.378143391272521,0.8175349868716735,0.9317142224550716,-1.0561493946865168,0.13318115715647372,-0.26727857423519236,-0.05297101062550983,-1.1794675498343825,-0.7047072283741388
2020-02-14,1.1296496987249043,0.7464217923260859,1.2437984948461507,-1.621809193529985,-0.42816575904607346,0.1343293432295138,-0.33488426712179825,-0.6226630900613646,-0.2466770193674338
2020-02-21,0.7917965273255357,0.6453447799482018,1.1978231803538688,-1.6734592781733255,-0.8646450791960719,0.5184379692687034,-0.511122101829378,-0.3680795697285657,0.2639035720310309
2020-02-28,0.20190405702026334,-0.1426289581569186,1.3051299852191935,-0.9121223670155406,-1.2032578857765983,0.8602632613713901,-0.8067954180922915,0.13932007486499343,0.5581872505655082
2020-03-06,0.1744664441954226,-0.2673224858967817,1.2502572387424824,-0.467046333548694,-1.1955328209624634,1.106345999243577,-1.2164440156507754,0.13339003499839389,0.4818859388788383
2020-03-13,0.19294605804614406,-0.15712227092265243,1.0896708647487436,0.08072179001334882,-1.3785575322346564,0.9646832996257798,-1.4859746582472948,0.30082084864221503,0.39281160032837237
2020-03-20,0.14910624697025834,0.45531674160495594,1.0925611950141636,0.021522199247761647,-1.3918357563080932,0.4014612613005208,-1.4831028638963077,0.3191789071680385,0.43579206889870203
2020-03-27,-0.3744334656188197,0.7397983889395633,1.0624076152455295,0.3291745207756191,-1.3509220615740567,-0.4362683601488384,-1.3593132898424483,0.6359030940658208,0.7536535581576299
2020-04-03,-1.043807773917602,0.8729441658723234,1.0539924378474197,0.3690705744395712,-1.1794176971794492,-0.40240715848465797,-1.2093698735247813,0.7747317314312222,0.7642635935159534
2020-04-10,-1.2032601547562563,0.7856230761385811,0.7520648989764442,0.33434867492398873,-1.1345242675748597,0.46898982103382975,-1.2094819086752167,0.6939444801454898,0.5122953797879991
2020-04-17,-1.3379237168440004,0.7630232848419429,0.6511478344097197,0.357387373712484,-1.1660047740447583,0.9361438602811695,-1.2995498306063447,0.7067108846577895,0.3890650835919975
2020-04-24,-1.262632865910667,0.7634858064547773,0.6904909604102948,0.27465671164348987,-1.1622834979109051,0.9524775254251381,-1.3400097346898645,0.767503421788664,0.3163116727890721
2020-05-01,-1.0828457030439027,0.7166882473607172,0.7855329195418667,0.17668365329167776,-1.2052635274950834,1.0100482365815966,-1.35994372935133,0.7025934696733954,0.2565064334410615
2020-05-08,-0.9871915679615166,0.6447002109503006,0.9377554571364396,-0.05909558219398669,-1.2660466991428256,1.1923153401249271,-1.3121276065409693,0.5963706968824463,0.25331975074518404
2020-05-15,-1.0066938299598414,0.6168175567680939,0.982854172393646,-0.06759573240107848,-1.2827434384449974,1.2741552761891375,-1.2713768030071981,0.49211646379643553,0.262466334665802
2020-05-22,-1.2897731468052303,0.8949327386694644,0.9977789845653794,-0.27658104457253596,-1.268057062286842,0.9844394691078807,-0.6026070130337619,0.38815119390519986,0.17171588045044417
2020-05-29,-1.343587676804814,1.054651774446531,1.0814299867097625,-0.545395478998777,-1.1537794290495533,0.88359341803951,0.0006938044178156725,0.18255743892126997,-0.16016383768174555
2020-06-05,-0.8709875208634617,0.9481616208803834,1.4309397703618885,-0.9072776143523392,-0.5844988021313157,0.49432453082576616,0.17952147996822096,-0.02525829669821988,-0.6649251679909232
2020-06-12,0.04359963179538632,0.8011718692392514,1.5900843634409494,-1.1434217310226702,0.0720913773167386,-0.012450901904804912,-0.28946004319406876,-0.15141989374138998,-0.9101946719293926
2020-06-19,0.812776075835691,0.34862924476444174,1.7679672794805095,-1.1981501623659205,0.37767924515705104,-0.18682695788344614,-0.5651614880649648,-0.23644174995657063,-1.1204714869667916
2020-06-26,1.2074965197528265,0.3774140396674636,1.5249284746528204,-1.2872412659556027,0.3855269228103555,-0.1419266944574231,-0.5508455897792546,-0.4062089298067249,-1.109143476884461
2020-07-03,0.9514099590201698,0.1311842617094738,1.8139172891179143,-1.1375987754216592,0.03524329823148612,0.23548170234465104,-0.3683179534880183,-0.4583389285379673,-1.2029808529760502
2020-07-10,0.6495284924793463,0.38740091812485006,1.795822218265478,-1.1454116767368874,0.023028000238715835,0.46822532061250605,-0.4601156208259374,-0.5226346973815703,-1.1958429547765013
2020-07-17,0.2329812717942286,0.23533210249283987,1.978455047424541,-1.0114303507467368,-0.11035189194455812,0.866617016599949,-0.3440475057372974,-0.6610726962892657,-1.1864829935937007
2020-07-24,0.04235455346120581,0.14983462603528827,1.960605590398955,-0.996634348458392,-0.10201350803212765,1.068653336681302,-0.526479466241008,-0.5383244577434926,-1.0579963261017313
2020-07-31,-0.04689424774740022,-0.1142051690866207,2.129710466943694,-0.8451344678562348,-0.09861468262070085,0.9657336426471911,-0.5906490408871821,-0.4617832046806673,-0.93816329671208
2020-08-07,-0.1125405991662407,-0.18893239397457495,2.3014699304808737,-0.862708838470875,-0.1781404991992012,0.7420474727010341,-0.6542447715428713,-0.2821876914268853,-0.7647626094012595
2020-08-14,-0.13817997463013273,-0.16660287928942932,2.4293870757890583,-0.9204999228022915,-0.1636908266313442,0.5008851844542309,-0.6076981257330166,-0.2747645962168795,-0.6588359349401952
2020-08-21,-0.14198757227427009,-0.10562685293170278,2.406702449515648,-1.0085535747184446,-0.10001999978967879,0.44520948827585416,-0.4258232259444777,-0.5364137443945779,-0.5334869677383504
2020-08-28,-0.08088768047801602,0.13376959324077528,2.125904554063249,-1.0923986438879065,-0.12079623319279509,0.7483128154218935,-0.36786730421592745,-0.721676449357997,-0.6243606515932755
2020-09-04,0.05676080625296261,0.37738744886856973,1.7755734591747896,-1.1051129688372714,-0.20019684563631227,1.1055086134761989,-0.3776920190176398,-0.8926060237109213,-0.7396224705703759
2020-09-11,0.21732152595009122,0.3441761512076962,1.5149173098794508,-1.109617142827405,-0.2065561867320845,1.49329866783339,-0.5890572035060142,-0.7165359855047714,-0.947947136300353
2020-09-18,0.2758167409042936,-0.11784764429615217,1.5866073429893965,-0.9684303452383833,-0.10921984541078371,1.4729639556629952,-0.7458220480073856,-0.39825582376275115,-0.9958123328412295
2020-09-25,0.2962761614949172,-0.587669377236359,1.9553477021230299,-0.8783176677647031,0.00980313926097585,0.97438902015413,-0.7661955320841516,-0.21374302542369963,-0.78989042052414
2020-10-02,0.1576040211558518,-0.6521316471072125,2.261411196765864,-0.925633170817306,-0.10715716040029892,0.4625073073755217,-0.6170467211709759,-0.05034403115483411,-0.5292097946466104
2020-10-09,0.20243590994521854,-0.585521945135922,2.4489817404054004,-1.0636716636898271,-0.23156281777244916,0.013918690613387954,-0.4088110147574218,-0.05286506137776013,-0.3229038382306267
2020-10-16,0.25346651313003976,-0.15517785113247295,2.2993354290425017,-1.3438577640354508,-0.2991345066831929,-0.2411846448035564,-0.1758611350205265,0.0513497041457743,-0.38893574464311653
2020-10-23,0.5567578043729687,0.08823858012240961,2.1629104642982377,-1.2223004157733397,-0.29241061721465267,-0.6100281774223021,-0.055273398573888195,-0.04822512245587413,-0.5796691173535593
2020-10-30,0.6959704254399148,0.5303109578412221,1.9824492890694485,-1.085894084222174,-0.07836003751455982,-0.9419202315266434,-0.10515624028107307,-0.1698721759240958,-0.8275279028820394
2020-11-06,0.7440858529714333,0.6614859983977524,1.951431168543194,-0.6860705114362332,-0.04964973015964717,-0.7654695945562661,-0.22259809722485466,-0.48597991348305675,-1.1472351730523218
2020-11-13,0.5055451796441737,0.7955526012561039,1.945742181707229,-0.5981983640980897,0.052838408207375946,-0.36427151003500424,-0.34201257423692066,-0.6470129391989484,-1.3481829832459198
2020-11-20,0.33073029609143595,0.6673759860950708,2.0158536810772723,-0.5520922744335026,-0.176536726538153,0.04489241192022588,-0.6125191005289427,-0.35904925580801156,-1.358655017875395
2020-11-27,0.5290481563006098,0.29068629716382427,1.9400102651616606,-0.7291072143623493,-0.07113378942371691,0.16248201035887833,-0.7695884945568192,-0.02152004064559927,-1.3308771899964886
2020-12-04,0.8588318258697049,0.047021347310594354,1.784305296022266,-1.0435963323723911,-0.1095715562543818,0.1909430562154264,-0.8943221720423217,0.3840460997493898,-1.2176575644982872
2020-12-11,1.2179916796859676,-0.13551693031109177,1.6735214783092456,-1.2556108365515326,-0.042276268395667595,0.13244023170142857,-0.7069627313182248,0.28521229884329496,-1.1687989219634203
2020-12-18,1.4059572089322974,-0.07618386215416664,1.5515981075922214,-1.3449297559522406,0.05542166608219764,-0.14353332983270456,-0.5849280343785818,0.1640269189164587,-1.0274289192054817
2020-12-25,1.7000076524814594,-0.19135478391445293,1.3684146274216566,-1.0553368541299715,-0.008320168184201596,-0.34440058304163257,-0.45294515369010585,0.10976123575902032,-1.1258259727017723
2021-01-01,1.948617881520421,-0.07004403924980131,0.9745012205230058,-0.8737758357801123,-0.036319224026685526,-0.38003312991666144,-0.24858964746479587,0.019958079978957953,-1.3343153055843284
2021-01-08,1.9608960203111774,0.037904099544458454,0.9086609473934909,-0.877211084722969,-0.2527115703577859,-0.009152473102502001,-0.3514562174440994,-0.09599560488325903,-1.3209341167385114
2021-01-15,1.64966982133796,0.3286191114379703,1.0159216956185535,-1.0463434669220157,-0.19674154348173856,0.35895944638594607,-0.510893334780157,-0.24994012194228396,-1.349251607654235
2021-01-22,1.333187240789665,0.504045665313743,1.0626534468691746,-1.2708298565720282,0.1990984575909255,0.5348428365800704,-0.7269829539539878,-0.3430365673338868,-1.292978269283676
2021-01-29,0.9627743558122047,0.8101513640008862,1.2611727493219298,-1.2454703941745187,0.15536875209911855,0.4267125711651188,-0.7174755019090121,-0.35081733809775234,-1.302416558217975
2021-02-05,1.0378159224091004,1.0336438542363242,1.1953263749592697,-1.1108605901199269,-0.051632516249303574,0.24254612494233163,-0.7383217073426368,-0.6438322540829838,-0.9646852087521749
2021-02-12,1.219095490320883,1.0332565263870468,1.376044247674703,-1.0516539937632725,-0.5745694656335175,-0.012635198931153927,-0.5987108278864608,-0.8645610540990031,-0.526265724069225
2021-02-19,1.4905024914097382,0.7674358204322904,1.3013580375683333,-0.8515941144317031,-0.588694406669347,-0.5352805410362605,-0.4534007255435964,-1.0355583073252472,-0.0947682544042084
2021-02-26,1.7389663444434174,0.47117496780080326,1.0092964521830885,-0.6767447451092777,-0.31962812371050126,-0.8977808912590589,-0.011002828625207054,-1.1187177234054129,-0.19556345231785185
2021-03-05,1.920380846946313,0.16378495922156533,0.4097557687914099,-0.09087900174774528,-0.2620738666194425,-1.1708757414648527,0.26032919804601345,-0.9687292144687848,-0.26169294870447707
2021-03-12,2.2375109919401424,-0.07414361602414499,0.1340532584465314,-0.10797735969749496,-0.18313864646109845,-0.9052915362377773,0.18837138219788926,-0.9041187383150454,-0.3852657358490026
2021-03-19,2.1109173275982385,-0.1270542977826773,0.49738336029314034,0.042955255979067596,-0.4551869715316574,-0.8433530222755401,-0.29791203117353576,-0.7658317784282435,-0.16191784267879297
2021-03-26,1.934889142923872,0.19417822636873824,1.033692304501449,-0.27920061890880915,-0.5772242706531805,-0.5141993624897533,-0.8883583952413368,-0.9293072371105229,0.02553021060954323
2021-04-02,1.8417299492224413,0.40263993544417237,0.93806169882961,-0.21317257626375516,-0.6752903604902919,-0.1079439572520849,-1.132619123512666,-0.9627143006981324,-0.09069126527929366
2021-04-09,1.9024623209282094,0.6042359277536277,0.6009325440842718,-0.5400082283759883,-0.23706492666406828,0.09121228676992381,-1.1548439652047915,-1.0530373595621543,-0.2138885997290306
2021-04-16,1.7356064834831042,0.25607278255159005,0.43895096759532004,-0.8769182110811072,0.6247375951771631,0.08485744275291296,-0.9287230539825456,-0.8947402378722037,-0.43984376862423447
2021-04-23,1.699142238596165,0.07637918903903072,0.36421325459702686,-1.1639073438349066,1.1231248202240958,-0.20224685628955286,-0.8473667490694208,-0.6503049169431528,-0.3990336363192856
2021-04-30,1.8417251188755044,-0.14385205384901417,0.24369091963750014,-1.2903599352447281,1.1052830026092069,-0.40615071220694476,-0.7209158816901288,-0.28718510945048764,-0.3422353486809084
2021-05-07,2.289372712030861,-0.07026624236310075,0.025735483728394144,-0.9476913537305279,0.46715441574325417,-0.3552856392805553,-0.8194271608184369,-0.3520381920704154,-0.2375540232394738
2021-05-14,2.320552627088475,-0.0003460038835821633,0.236696364409648,-0.741505202241148,0.03859272750171291,-0.2712233108940119,-0.8527514301702865,-0.6654855453291995,-0.0645302264816081
2021-05-21,2.301622313165393,-0.14366039009433892,0.41919978803034524,-0.5393442380912591,-0.08574398158909798,-0.19916797034893086,-1.0132237822771974,-0.8585000360055103,0.11881829721059572
2021-05-28,2.1229650690550024,-0.1667833294854042,0.7978292908162942,-0.5970810247604629,-0.12581214662891205,-0.27650803506259863,-1.1744513497214597,-0.8467117066342972,0.2665532324218373
2021-06-04,1.9753599962168087,0.21560044826806446,0.5927664892785679,-0.853867131624563,0.13796125990924543,-0.5161493662473098,-1.0646749887198605,-0.7312596968135976,0.24426298973264382
2021-06-11,1.7705237597809462,0.9024941854242371,0.31524433022880216,-0.9651982341876865,0.01647477591279346,-0.5623708210648531,-0.9097538775878754,-0.6735656217868611,0.10615150328049645
2021-06-18,1.7618225236715925,1.2301239529452854,0.07009504890204227,-1.0718693395369394,0.17014292937797426,-0.5704860024362737,-0.9510363542352542,-0.6014735367440384,-0.03731922194438942
2021-06-25,1.763775198814259,1.1064878724417313,0.27678751227759074,-1.1623831071255568,0.03623319634490673,-0.3983531860108193,-1.0182170877458498,-0.485579447847651,-0.11875095114861094
2021-07-02,1.9427010847567783,0.621587753039574,0.3155853538341717,-0.9439285764904204,0.24654375392808925,-0.3940418759999023,-1.1712754355598118,-0.21148908723902327,-0.40568297026945577
2021-07-09,1.6097382418673198,-0.16860525209000063,0.4252621972294255,-0.06861735591892922,0.15366768444831724,-0.4213471955282568,-0.9982066067645913,0.016293566754677986,-0.5481852799979627
2021-07-16,1.4480176039682444,-0.6403611342757014,0.08640392436814433,0.9638090781609123,-0.3806381797422689,-0.17306341268413108,-0.7312192909727679,-0.2349757951516496,-0.3379727936707826
2021-07-23,1.1405200689644923,-0.8403157280780952,0.032669705930949734,1.574777614295902,-0.9236807704018943,0.1560713813084879,-0.5917677376714171,-0.6924278536946784,0.1441533193462526
2021-07-30,1.1332164818456392,-0.3681369449246092,-0.045045396138781946,1.2488092975469829,-1.439331376870089,0.5895597526540016,-0.5687707768284701,-1.159721365158379,0.6094203278737055
2021-08-06,0.9798957573940578,0.03961902949494197,0.16265509876756132,0.7428134858426497,-1.3631840201071672,0.6594043151166447,-0.5907601769045427,-1.409665450844759,0.779221961240613
2021-08-13,0.7380883483871328,0.3655185613717242,0.4878342346141227,-0.49917003128862336,-1.1469245234843217,0.8293152880882939,-0.36090895656583993,-1.341001967139281,0.9272490460167916
2021-08-20,0.47966225032745213,0.23467772954669516,0.919830974923524,-1.309614713544389,-0.7110513206623087,0.8239816829352121,-0.12846638218918605,-1.1734354891117238,0.8644152677747236
2021-08-27,0.4315887046747842,-0.21124049365235062,0.6564185437254393,-1.651712067058454,0.28834699517836687,0.8534286424554235,0.13177972191766046,-0.8440277607864446,0.34541771354557443
2021-09-03,0.8189190480153398,-0.6434598899994001,0.6186898645967241,-1.329979716090845,0.6132262849679347,0.9739235244803628,0.01728283177277523,-0.7104205831917119,-0.35818136455118027
2021-09-10,1.4030890839941683,-0.35582383811140944,0.055066499216778614,-0.7449216516500926,0.9696558275355466,0.6816130464698178,-0.13212563277350675,-0.8100940784948194,-1.0664592561864839
2021-09-17,1.8776240917749483,0.16792614975921738,0.268377021863101,-0.5466097820561974,0.48518891010431126,0.42416524978227677,-0.5668064629227082,-0.8098942723685728,-1.2999709059363769
2021-09-24,1.9219324946640957,0.7464732774590428,0.3487868451038169,-0.38926684396310574,0.24842745222487386,-0.0421834890622251,-0.7382858542232257,-0.9448504535769762,-1.1510334286262973
2021-10-01,1.7831723539098647,1.1738217086784202,0.35116445678852154,-0.31982796292977517,-0.1663474021353531,-0.4366360425384504,-0.753147864516273,-0.9321740672036376,-0.7000251800533182
2021-10-08,1.6763835508625782,1.490311982695065,0.01622505712369589,-0.2258889644783277,-0.47904810676135967,-0.7527525999477005,-0.7249888460806639,-0.7264229464410245,-0.27381912697226357
2021-10-15,1.5469997782131981,1.750498111240698,-0.6271961763167431,-0.05986136930217681,-0.4807274331327574,-0.8619071916293763,-0.5711650782245677,-0.5476602482086435,-0.14898039263963184
2021-10-22,1.479495400747559,1.7316701601498028,-1.0751685075731272,-0.005443686824514127,-0.3355013616466766,-0.8957352803328053,-0.34001218932148713,-0.31577882151709885,-0.24352571368165324
2021-10-29,1.3734922899927795,1.6082207796955943,-0.810317002276954,-0.14124471359627397,0.10987461391099429,-0.8740215215993773,-0.13416149293562435,-0.33425346233776737,-0.7975894908533719
2021-11-05,1.425723589486559,1.1889330380388425,-0.8386794156185583,-0.266240710562786,0.4170414065880319,-0.5602474032231987,0.2192153730443219,-0.4387105674334548,-1.1470353103197581
2021-11-12,1.6040049531744938,0.5316546750871456,-0.7011780171494624,-0.5720067474087472,0.5730815822399263,0.09278100268775165,0.4671238970438721,-0.5771389165378662,-1.418322429137114
2021-11-19,1.7957746369523473,-0.004947043480800754,-1.0116035871932836,-0.742174042313831,0.6451264500631432,0.5245871505051631,0.47454277788563765,-0.5266851551346416,-1.154621187283734
2021-11-26,1.9135423800412594,-0.502376256960006,-0.8992455302079314,-0.7089819612314406,0.3977947097262467,0.765102130018683,0.49601938528385503,-0.5112560291463774,-0.950598827524289
2021-12-03,1.8442026896734998,-0.43966050413258734,-0.1310525866289812,-0.6437341093413022,-0.20774995470926316,0.6650286872658926,-0.09251784434718469,-0.39836218526382217,-0.596154192516252
2021-12-10,1.3829734655167034,-0.18802958296249375,-0.1691775521498112,-0.8377270813826415,-0.6517652548791445,0.9444177401610556,-0.259277784162601,-0.01608809396312168,-0.20532585617794596
2021-12-17,0.39879716601020093,-0.18325406064745597,0.04657892948248516,-0.6456864586438505,-0.7087625452898094,1.0707806696734756,-0.8296847365554546,0.22259123866107344,0.6286397973093348
2021-12-24,0.13592999779641646,-0.12320679095511895,-1.1207018463868064,-0.7480344167425227,0.04191000213696694,1.1098018866980655,-0.7212013844395807,0.41318028808425183,1.0123222638083276
2021-12-31,0.3220500867255151,-0.40747345400921237,-1.4485044493430326,-0.41572478582497013,0.5665513264415116,0.7828078546483459,-0.3381894904915497,0.06665234420056185,0.8718305676528301
2022-01-07,0.7642558801876386,-0.49912344656523056,-1.3212869798889453,-0.8525527913936539,1.2081899070249926,0.36989174128861935,0.10557559545777746,-0.4154756436233069,0.6405257375121088
2022-01-14,0.687810485856342,-0.6978953437053049,-0.6071316435864841,-0.8383817417095555,1.616804904247623,-0.07537988064524652,0.544659206760726,-0.8693989147435729,0.23891292752547247
2022-01-21,0.6787620772653483,-1.0452251846004803,-0.14758138534479323,-0.4238505670642991,1.545289025946185,-0.6854432509239944,0.644296535021263,-0.9498331094149414,0.3835858591157117
2022-01-28,0.8136182181069153,-0.9715981747432014,-0.5609340465388616,-0.20698232125453273,0.836509213371725,-0.5407549082673836,1.1773166929184993,-0.8036010212163239,0.25642634762316324
2022-02-04,0.8674966972895689,-0.9243771217602895,-1.0065894716192831,0.2984666571864449,0.5487564502241212,-0.6066772939510007,1.2516835778163513,-0.7729793610257564,0.34421986583984276
2022-02-11,0.6804511977077893,-0.6552597706952762,-1.2896369096864218,0.29137444421907815,0.5156383577009208,-0.654716881345337,1.3017435752833437,-0.6457011194423138,0.45610710625821643
2022-02-18,0.8655477068309375,-0.5909825455209213,-1.306123959174392,0.09179242867954973,0.4984568197256922,-0.970819721492321,1.0763277797921715,-0.34705978519682684,0.68286127635611
2022-02-25,1.0164683008443112,-0.7247055172767097,-1.170721550368712,-0.6613541602351276,-0.04844654589846128,-0.6347753775724246,1.2936745926957296,0.05418817913233226,0.8756720786790625
2022-03-04,1.3294139297778838,-0.6736881433183269,-1.2005303498425808,-1.0718756009650559,-0.396660964633506,0.1510130235466206,0.6416938178493751,0.3039329342378316,0.9167013533477583
2022-03-11,1.414960256132123,-0.6722786002946345,-1.2457455441531653,-0.9522084796313686,-0.3425733695455359,0.5745210101152235,-0.0473937671934764,0.46357980646527047,0.8071386881055629
2022-03-18,1.4813420384224176,-0.5832028628620044,-1.33779918093535,-0.7752328693730711,-0.4021615743202997,0.955441187085761,-0.8382338562537065,0.5725393774188605,0.9273077408173916
2022-03-25,1.0363887279840853,-0.5510220381353853,-1.0668236276557315,-0.6687891849484714,-0.5267251907669372,1.26235098023157,-0.7024000313378639,0.004229846020586218,1.212790518608147
2022-04-01,0.4529721186044792,-0.3278341390884568,-0.8243440695457105,-0.5879450889430167,-0.6473227202831555,1.5076530248189908,-0.574805810422958,-0.4532662027377796,1.4548928875976064
2022-04-08,-0.11319249719375668,-0.06715473773444552,-0.6014000113165726,-0.506995289169981,-0.7209266078979132,1.7300722344651052,-0.47425173213158606,-0.8951222783687944,1.6489709193479438
2022-04-15,-0.18809827707253068,0.0437955662576435,-0.4996168445520545,-0.5056395105237478,-0.7975894563990252,1.7948986576129269,-0.5350831701699678,-0.8908986784433139,1.5782317132900687
2022-04-22,0.2699108505340692,0.015462232824504462,-0.512623746216314,-0.6453538627830923,-0.29140020913287307,1.6037776627211686,-0.6689472335200035,-1.0766084720980456,1.3057827776705861
2022-04-29,0.6177524678578331,0.17155900543027028,-0.6952772278720785,-0.9917057340721867,0.212980757835177,1.1517088248716512,-0.22927090422097052,-1.2227182567660144,0.9849710669363181
2022-05-06,0.8678413822215042,0.3642391029208838,-1.1130749094211434,-1.4208716570650315,0.7249264256772316,0.5986317382389367,0.09606045032154621,-0.6840398566149669,0.566287323721039
2022-05-13,0.6404335047054565,0.4963968568154513,-1.7811889314707303,-1.1392031162766216,0.7316508539574964,0.3294608206637337,0.49049420187269477,-0.09813821556123892,0.33009402529375764
2022-05-20,0.5661752530624702,0.3961278635248298,-2.059789609230535,-0.562736233337695,0.7976811844359389,-0.3245894165612508,0.3995626860632402,0.5546260281156498,0.2329422439273511
2022-05-27,0.4943421850197924,0.3756646402590171,-2.180762477440855,0.09274071427312487,0.8202881816572862,-0.8574555329468803,0.49029545793316914,0.4806506973595828,0.28423613388576174
2022-06-03,0.528314640128755,0.45542098293884953,-1.9242646340335838,0.19989734644969373,0.8262307891959649,-1.5194374341562067,0.6047099399064387,0.49612616497882756,0.33300220459126
2022-06-10,0.6531455650325035,-0.04450797026484077,-1.6590771605682775,0.3674530369147688,0.9300127926138032,-1.3225857793288982,0.1241030684278837,0.535401622028303,0.41605482514475317
2022-06-17,0.7827167097250299,-0.7728704110749499,-1.3455925991318456,0.47173454068987924,0.9764044344802744,-0.5998024385611361,-0.4455691382339187,0.4974383449709337,0.4355405571357325
2022-06-24,0.9287148638182753,-1.5155055936658455,-1.064371486460766,0.6291007539367072,0.9970170632473909,0.15441091483181169,-1.0456137556828284,0.43845113113747036,0.47779610883778395
2022-07-01,0.9505997763113928,-1.6636293513541365,-1.0384261934423802,0.6539087331742633,0.9104331332916221,0.6687434361433354,-1.1232476894425918,0.19627123492226572,0.4453469203962277
2022-07-08,1.0286050124999944,-1.5755332782379317,-1.1116070970191412,0.7879533030821747,0.8339371153604166,0.5807899676281618,-1.1039567551360552,0.04150819558356964,0.5183035362388099
2022-07-15,0.40926313763821226,-1.4420401852255835,-1.0725088013470399,0.9275428686383579,0.8274807484728335,0.6074306477767671,-1.0788859948815184,0.1027571013232063,0.7189604776047638
2022-07-22,-0.21803522213469248,-1.286692533323284,-1.0645754693890117,1.0191532197594013,0.8696366229599181,0.623676300567929,-1.0515359859681492,0.19220744437629148,0.9161656231515968
2022-07-29,-0.9962786020981653,-1.2723885608762124,-1.047143705857627,0.9741908475907278,0.9040077992142629,0.690582970648677,-0.4996959990950179,0.28866059127641525,0.9580646591969391
2022-08-05,-1.0667716250535035,-1.1353489100850909,-1.0469464915649729,0.8440585615079588,0.9636865188569118,0.7406707460295118,0.11751044931595478,-0.2928411387116626,0.8759818897048918
2022-08-12,-1.113414674138184,-1.070076304531616,-0.9872977816558541,0.754077441000898,0.9873311720636021,0.818215067736448,0.7352787352753632,-0.844716612737554,0.7206029569868962
2022-08-19,-0.8265017338354267,-0.7357208386450842,-0.5887899615578246,0.3007924060037388,1.316359523010996,1.123573317785858,0.31006315397000805,-1.1097920434083375,0.21001617667607145
2022-08-26,-0.04071470430289229,-0.6171393024493749,-0.34860474764955257,-0.18960162738204075,1.4720070032020356,1.2056053993921942,-0.20583250640853323,-0.8751117930647831,-0.40060772133705386
2022-09-02,0.7099340687528634,-0.5462116293162101,-0.2365140903448374,-0.7048157368221825,1.5325698038325684,1.1954608697530158,-0.8361263718944305,-0.7431282433434111,-0.37116867061737696
2022-09-09,1.265130167660626,-0.6680474206418129,-0.36685307082996993,-0.819561678185952,1.3239283097355365,0.944652131964176,-1.0052463645759033,-0.812106453672845,0.13810437854614385
2022-09-16,1.344359783527918,-0.736162353734591,-0.445687075345635,-0.8495511427153898,1.1683943562437682,0.8085692437837447,-1.1615283855252543,-0.8700450703566368,0.7416506441220753
2022-09-23,1.3767330970781948,-0.6651518152713555,-0.5629434960128151,-1.026778506599622,0.8407307297920211,0.7924842475546691,-0.4992395227408699,-0.9641935788181532,0.7083588450179298
2022-09-30,1.36940212909036,-0.4738318520539162,-0.8043005064032659,-1.167621135620627,0.47522190387398217,0.7567876352810928,0.18591883066397497,-1.0425029206775491,0.700925915845947
2022-10-07,0.7426512394368466,-0.4565061050224462,-0.9500976499558433,-1.3043220603748584,0.2775679514172707,0.920995434311472,1.0165795626842595,-1.0792636768540598,0.832395304357358
2022-10-14,0.15865242231166765,-0.5046259133110199,-0.9665429133982942,-1.2207416326337137,0.3337120641721763,1.0899058768005567,1.1548591845086078,-0.9830384541866021,0.9378193657366204
2022-10-21,-0.41537701999019694,-0.6502440684856151,-0.8744763154432894,-1.049844014305507,0.4311502630008482,1.2834629519286163,1.2551589365181737,-1.0075360597043297,1.027705326481299
2022-10-28,-0.5501197100070528,-0.6755109167822743,-0.8535320346179273,-0.8890880670338973,0.5138203421189059,1.3907683821135777,1.2265635111310902,-1.0585221498375457,0.8956206429151229
2022-11-04,-0.6546945892415277,-0.6329048463022141,-0.8127047536764868,-0.7978676966186063,0.6201095105892344,1.4662591580339408,1.1490692930068507,-1.1343052309830812,0.7970391551918894
2022-11-11,-0.04574482033690589,-0.925771667448409,-0.9319977354151453,-0.5262073030151423,0.3663408512819024,1.0216897895979555,1.1582881822230953,-0.8300525431385744,0.7134552462512224
2022-11-18,0.6518445533482549,-1.2860416515681268,-0.2427622034051926,-0.3833541523651411,-0.007144049023734352,0.4802151494739995,0.6784065634635493,-0.6138911741073593,0.7227269641837496
2022-11-25,1.2040634696992918,-1.771710727733551,0.36472863630723823,-0.32495991753409226,-0.11820806674828989,-0.21275772495470177,0.16641091622141221,0.023855010320951758,0.6685784044217399
2022-12-02,1.126681381593156,-1.9116104684470254,1.1544822146241118,-0.5637392688163999,0.1805353380426924,-0.41404736421553645,-0.41090167150838103,0.3277298780859438,0.5108699606414381
2022-12-09,1.1110808051118422,-1.7535341455155475,0.24781922828512046,-0.6944278083607741,0.5805550934140421,-0.07033155183666388,-0.468474339482896,0.6760319460522831,0.3712807723325931
2022-12-16,1.2209243309766469,-1.5024716145837933,-0.5880273319949855,-0.7607401605518799,0.5983592112797224,0.46261006118479936,-0.3973185927201616,0.6561926923780992,0.31047140403155143
2022-12-23,1.2675426296761376,-1.301138294673928,-1.4955931067989068,-0.37513889430512126,0.6175064561155675,0.9609102675976468,-0.47211119788538297,0.5881823634470519,0.20983977682693455
2022-12-30,1.3039136918705978,-0.6053966393091496,-0.872368598895855,-0.2804649016104392,0.2190317533041155,0.9889084124093822,-0.32247524639449604,0.03920068542914571,-0.4703491568033021
2023-01-06,1.3502830727580595,0.013702507213113871,-0.4203345209423534,-0.06256182707270955,-0.20049929039481537,0.9686561634304027,-0.1284137378447168,-0.30136351496372393,-1.2194688521832575
2023-01-13,1.3323413262858013,0.9317794043575326,0.3664946030567982,-0.6970103197307055,-0.4081227783639305,0.6958249984890434,0.035757236853512286,-0.662921918147234,-1.5941425528008182
2023-01-20,1.4313519868783002,0.741207994408136,0.4554861055467832,-0.32841170960313204,-0.4959443961323699,0.15047682730458514,-0.08003207306303195,-0.26079316175051337,-1.6133415735887582
2023-01-27,1.502363728786768,0.6312190524524741,0.46304109177494673,-0.004435373207970976,-0.698814175728018,-0.3361783907637897,-0.2951464408707309,0.14440398488925982,-1.4064534773329402
2023-02-03,1.6104078612623756,0.4889333788616897,0.14497140136839176,0.48018649583531237,-0.5830552711306847,-0.5413346736255776,-0.2549309828222271,0.3685724879431724,-1.713750697692453
2023-02-10,1.6481089942747955,0.7638000768831817,-0.25641500467542405,0.09432704943047815,-0.055078325745921974,-0.717877953234999,-0.16651684344152254,0.03073776836580115,-1.3410857618563898
2023-02-17,1.392467923908035,1.1639754771026132,-0.19844565552526694,-0.09374616741099819,0.6520324265624198,-0.8644077939543556,-0.3074813872247743,-0.8531934365158355,-0.8912013869418386
2023-02-24,1.4743587606483375,1.1293616867731915,-0.2905749411910826,-0.06173010641792138,0.40258396010068703,-0.7526855496143682,-0.046837741563599135,-1.1159105891173193,-0.7385654796179258
2023-03-03,1.3269358777530775,1.285780265096497,-0.2590228921391488,0.29847747153599435,0.01658233625408802,-0.2717478424585002,-0.2961431727941421,-1.1281202224789457,-0.972741820768921
2023-03-10,1.4916949715659584,1.2552231648316003,-0.26520806345985687,0.07608046559090255,-0.4040900881378568,0.2643181169652561,-0.13271820168701465,-0.7393869810463546,-1.5459133846226354
2023-03-17,1.3496332395991082,1.2253414195777814,-0.1278520261822962,-0.12682686587982128,-0.3122134320868491,0.5077645730595409,-0.3766902131888666,-0.3977221894360512,-1.7414345054625466
2023-03-24,1.0517216586067972,1.1264849329467512,-0.014288092694539524,-0.9190501089621108,-0.33892340490620315,0.8303620644091688,-0.3640905808620572,0.14993306599926245,-1.5221495345370697
2023-03-31,0.6576529293683678,1.170841826468485,-0.025323309445136184,-1.3740703970290038,-0.3034903154938329,1.0202160424738935,-0.528184018675741,0.42296497193357396,-1.0406077296006073
2023-04-07,0.651830273927413,1.3178399502140288,0.3652974452571644,-1.6993837938427248,-0.3288495743050149,0.7858192322060367,-0.6882291625704857,0.13610683371210755,-0.5404312045985259
2023-04-14,0.2198373177408052,1.6238596140697463,0.5354282193027206,-1.5470421968852304,-0.4831029981642425,0.4268702824789064,-0.27095196264653,-0.2200087154194221,-0.2848895604767536
2023-04-21,0.3654782720413552,1.5154630365880282,0.545455110231258,-1.157096187498228,-0.30030186762187266,-0.030380693435789804,0.28210418381493657,-1.0332735474807002,-0.18744830663898834
2023-04-28,0.03339216134136095,1.4417594992903797,0.34169842355278496,-0.7784283874342594,-0.27452429846737075,0.17984410261975317,0.6360575535909718,-0.8139314886111491,-0.765867565882472
2023-05-05,-0.009052870884283934,1.194265885442684,0.5388776808241899,-0.4664629552883665,-0.005416872437734296,0.39143916809950846,0.5677759226359761,-0.8092621691621763,-1.4021637892297978
2023-05-12,-0.4087259390097233,1.2325830664549038,0.7670318210460163,-0.3498666960483474,-0.16058464399641192,0.8604209774750013,0.25872410198983337,-0.18115294244320332,-2.0184297454680693
2023-05-19,-0.6594232143049416,1.297687210474491,0.9066108746668147,-0.3042075378089932,-0.24174431203902066,1.0864045899658088,-0.13899690042248677,-0.12090311652060831,-1.825427594011065
2023-05-26,-0.5698637079811708,1.3263448381148732,0.7643598643509625,-0.08999511378246998,-0.8378459878283646,1.1605029594050167,-0.4744963181401711,0.026934890303309856,-1.3059414244419862
2023-06-02,-0.6861986910955986,1.4226926153673345,0.7280442884462145,0.07045241389865933,-0.8654846385999933,1.166679719967175,-0.6533054072777061,-0.08023053533947233,-1.1026497653666139
2023-06-09,-0.9033716268278683,1.4919756626961913,0.545594337148144,0.14487013487289288,-0.8668474405862402,1.1511489938635557,-0.2305256913955885,-0.2979643858270539,-1.0348799839440337
2023-06-16,-0.47984989228920805,1.5475510510930282,0.5326061247484474,0.08959545756110145,-0.29341155081486164,1.008159636559199,-0.4410535693677337,-0.5302774476415751,-1.4333198098483981
2023-06-23,-0.2623539005451789,1.4196636983935529,0.6815094895898394,-0.006206307475952337,-0.48399915737408444,0.8870582538417486,-0.10546718558292241,-0.5678169636368328,-1.562387927210171
2023-06-30,-0.13222282419410725,1.3306905358878387,1.0125947751823112,-0.08757413926412792,-0.6344528143001026,0.8524032002396101,-0.22614722563215017,-0.6059815982748409,-1.509309909644432
2023-07-07,-0.4483429877289172,1.19166986540081,1.2317455558831416,-0.2670498127108649,-0.6759650635370243,0.9607654520351824,0.13245841943549666,-0.45151489770149333,-1.6737665310763317
2023-07-14,-0.6320164460352836,0.9840437187925852,1.259491589935459,-0.3968145229265647,-0.19263242489157503,1.153696486609248,-0.0843047703592606,-0.5547726912134902,-1.5366909399111188
2023-07-21,-0.6611218873031356,0.7252116728205825,0.9892662179750804,-0.22075810850468702,0.35212215167356803,1.282136921421742,-0.3409578437957676,-1.0688460438925589,-1.0570530803948242
2023-07-28,-0.8226083720512606,0.4144963979407941,0.8010850508895578,0.03481895413529338,0.6820927497310935,1.4086489037864383,-0.33223934719327325,-1.722163086090702,-0.4641312511479418
2023-08-04,-0.9369702173938643,0.5030311270205589,0.736998719694158,0.4304856283774401,0.3750874771651367,1.3593218456959946,-0.6806359086847928,-1.440796039644721,-0.34652263222991087
2023-08-11,-0.9519361686061186,0.8870919341736148,0.9437360461889778,0.585398797272248,-0.11625676728315264,1.065609347674213,-0.7393690110898147,-0.9192103893943978,-0.7550637889355701
2023-08-18,-1.073398610356317,1.3402454513097053,0.9616727303402626,0.5106164676709267,-0.2988727334664571,0.7419303769717995,-0.6273856283501916,-0.8286986355516888,-0.72610941856804
2023-08-25,-0.8966717779554179,1.7155190326989216,0.9648648220165702,0.15202657082335258,-0.24832627784418496,0.3689228588867735,-0.2698520994100417,-0.8402011237884759,-0.946282005427498
2023-09-01,-0.9440367066231955,1.6286031841069555,0.8729794724063646,-0.27101345275305605,-0.0015841604767885948,0.449003651324845,0.11115785523272366,-0.692004324374979,-1.1531055188428703
2023-09-08,-0.7335001621251892,0.8974842644059601,0.9905900227706751,-0.5685177779910755,-0.10320128638858822,0.8021414166228348,0.4522829074703818,-0.07620224150316766,-1.6610771432618316
2023-09-15,-0.48491323875664744,-0.06357582265082647,1.24651687002732,-0.7012426318171636,-0.02695946898852449,0.7895923838209233,0.9341548195380817,-0.13433684247496328,-1.559236068698201
2023-09-22,0.18301153664180755,-0.772383149451887,1.3708473572647268,-0.4573204608112172,-0.04987108396284601,0.10371177092988552,1.1915357618213112,-0.2571735080178765,-1.3123582244139052
2023-09-29,0.8113582710892585,-0.8313185913253331,1.1120768662136002,0.01986079560791702,-0.7244664933396211,-0.4453466644712217,1.1148048327228737,-0.24930591069639987,-0.8076631058010747
2023-10-06,1.1196475579412655,-0.39790682254666665,1.0291228276333306,0.309440055478379,-1.0580512410844205,-0.5119496500117322,0.6169956630832533,-0.08819128519470915,-1.0191071052987004
2023-10-13,0.7316737100617047,-0.16880708204379172,1.3531890971256584,0.18899616315871892,-1.3428941220988626,-0.04848949478356629,0.4262788125340604,-0.06937997030874245,-1.0705671136451802
2023-10-20,-0.00208004031282664,0.2299131623040105,1.5688290736744352,0.08934140050460408,-0.9618613848552456,-0.2387944863181772,0.688544802673893,0.07579752792476625,-1.4496900555954604
2023-10-27,-0.8760370242747868,0.32160038254937445,1.3869661402527527,0.2723769500146573,-1.001886698460462,-0.6041247726254915,1.0412653649439616,0.270039305052912,-0.8101996474529191
2023-11-03,-1.4389111342238348,0.3289059163906945,1.2083922939214178,0.5270122299719736,-0.8771833525682627,-0.4171746851910118,1.0121266719691426,0.2244453510955262,-0.5676132913656463
2023-11-10,-1.8083476306096091,0.14543493410905226,1.2706699905728107,0.6778338167934592,-0.6256407974855606,0.22468262285669183,0.546415609507994,0.01785192747905297,-0.448900473223892
2023-11-17,-1.7120810604736871,-0.18274288979909978,1.4523850434795047,0.84914876340529,-0.6301203687349158,0.8848594421878726,0.21306156576954707,-0.2418628263002839,-0.6326476695342281
2023-11-24,-1.6318730468003892,-0.16468275475112076,1.45373947848415,0.7510952250150299,-0.8759686778344987,0.9878215634506878,0.11174041484066512,-0.1303483893072687,-0.5015238130972556
2023-12-01,-1.4070908732352383,-0.08231960237843021,1.6389321827202152,0.3923862027265361,-1.1700277967533341,1.0782371945418945,0.05742274445519515,-0.24366571096304646,-0.26387434111379265
2023-12-08,-1.3044829739327686,0.1811618709247285,1.5729725458292358,-0.14573462873672663,-1.1100245367051456,1.3386598531310074,0.19336197591819057,-0.39830346399286115,-0.3276106424356609
2023-12-15,-0.9824545932135843,0.3759012974417198,1.3848621268178825,-0.29410625998351453,-1.2004547254455762,1.480062460267936,0.24515355366102612,-0.31215090457159117,-0.6968129549742986
2023-12-22,-0.8147995040852921,0.5070392533274278,1.2228454086499925,-0.15263649046249272,-0.9021568325102224,1.2140442591899931,0.25791624812511027,0.04588855718520871,-1.3781408994197257
2023-12-29,-0.6931397868882073,0.6761324406614654,1.1767980449452535,0.04939161050454458,-0.4933636312843617,0.9451417192204702,-0.3771464319628399,0.29761290848991223,-1.5814268736862376
2024-01-05,-0.9878572731830128,0.8147652174364963,1.3450427796308275,-0.07318881819796345,-0.026821850258764036,0.64944381975512,-0.4402792520829351,0.30218774523697917,-1.5832923683367481
2024-01-12,-1.352157861076601,1.0209394282074238,1.3518497839598276,-0.4015798629126581,-0.09383275399502435,0.6512923298335612,-0.31119176586677694,0.08567650691925642,-0.9509958050690096
2024-01-19,-1.6895443292129446,1.0978584483059104,1.4266866589053098,-0.5728584203484677,-0.3433004222622655,0.6654746388734538,0.10289327731453414,-0.1540772533079456,-0.5331325982675853
2024-01-26,-1.7102008323866784,1.1590217687556752,1.2308732253101837,-0.39334072994469144,-0.5704320932617347,0.9740455191976466,-0.103158231287084,-0.40955088469768763,-0.1772577416856298
2024-02-02,-1.5583359862393795,1.0636780460614375,1.25079357108362,-0.07589640962034482,-0.6891540320050873,1.2405612970874882,-0.5044344661064026,-0.6293636185194099,-0.0978484017419219
2024-02-09,-1.4630504068494197,0.8507088720883852,1.3246722251214493,0.19577489613747634,-0.6354850177095689,1.3108225781690932,-0.6238317005763285,-0.6044712121091137,-0.3551402342719742
2024-02-16,-1.0661500552207583,0.586873856800361,1.7692404958284251,-0.005000613282552228,-0.4994434802034997,1.0350871265284072,-0.6806752420828625,-0.6110854546011637,-0.5288466337663572
2024-02-23,-0.8791628630511258,0.5633244749215628,2.0274736739368646,-0.12980340116178327,-0.37902961986393385,0.8172074879353387,-0.570163478507322,-0.6366335383099736,-0.8132127358996285
2024-03-01,-0.8862475138218513,0.4553922139106694,2.2450753034903985,-0.29280071963187476,-0.4059797091948105,0.5678114452204469,-0.4612617377644394,-0.5953235282715805,-0.6266657539369588
2024-03-08,-1.3690202834102594,0.326213694323304,2.1036806976714604,0.018177514515031395,-0.466116984176562,0.5679175641573962,-0.3121025792913526,-0.49552408724432445,-0.3732255365446946
2024-03-15,-1.6192714225933218,-0.03820926930404961,1.937937821299541,0.2522948548112154,-0.5817639962713245,0.7663752320807907,-0.21893539378922622,-0.4039612376001261,-0.0944665886334994
2024-03-22,-1.3786087703984249,-0.2863042628085905,1.6979558593132535,0.3657145564267685,-0.5684760147368746,1.2232576842195628,-0.34565613169588255,-0.45500858639601455,-0.25287433392379827
2024-03-29,-0.84483920966303,-0.3668709025288404,1.5312013300700678,0.14580434614484458,-0.43130133070181703,1.5322190586918412,-0.8792042025514147,-0.5258500806853936,-0.16115900877625863
2024-04-05,0.02308250988614317,-0.24670435249845923,1.4668408257340424,0.06060725006808492,-0.47061435409180224,1.4704498427315142,-1.1872899268877806,-0.5254385305829471,-0.5909332643587962
2024-04-12,0.38254792347307864,0.0635456490645971,1.5430896880237448,-0.01877693358134764,-0.7994359262244002,1.1356578121765188,-1.1199508798951296,-0.4198912987372169,-0.7667860342998457
2024-04-19,0.5877345042871415,0.30817146775051346,1.7024822150065875,0.1612219392878251,-1.1448324126371994,0.7404313143060349,-0.7366512178658707,-0.286678230562672,-1.3318795795723612
2024-04-26,0.10749339135442676,0.3956411593871816,1.7881839664157626,0.34670691595400477,-0.9288420169716546,0.518845772207969,-0.44614010958547995,-0.23411362561893642,-1.5477754531432748
2024-05-03,-0.06264111180100466,0.37117178263974276,1.9394963373329392,0.3758126596889771,-0.48534654254137816,0.30747629052282127,-0.41587344603974136,-0.5798066721547831,-1.4502892976475739
2024-05-10,-0.24066890258236132,0.3902393725542643,2.056027726764077,0.30430828254971015,-0.026816365952940662,0.05558573901564534,-0.3213047378654183,-0.923687137788311,-1.2936839766946664
2024-05-17,-0.2586055401614752,0.5156634047589007,2.127823539806697,0.06101159551724774,0.3567108180824681,-0.31230154557950235,-0.31480711069118716,-1.151592575483648,-1.0239025862495017
2024-05-24,-0.7349581149692148,0.7521379573309446,1.9650962311428,-0.15877886048807863,0.5378157985667897,-0.6208561864802022,-0.0957541662846409,-0.8723174081574024,-0.772385250660996
2024-05-31,-1.4995435661501884,0.7791154265136963,1.3195699592362848,-0.263947906750964,0.8259727494989058,-0.4777602289458253,0.24726375041390955,-0.46783570094703336,-0.4628344828687856
2024-06-07,-2.089607877771006,0.7142134424760102,0.6683908269752935,-0.42362105683636964,0.8611415556305436,-0.18685910838053024,0.6141606439679402,-0.19340149054119235,0.035583064479310124
2024-06-14,-2.2851488102678803,0.7350066944787447,0.38459868076428344,-0.4502174355663533,0.6953678010483085,0.0036924560006378615,0.8536951887377985,0.06817235280048263,-0.005166927996023141
2024-06-21,-2.019303733438428,0.8799482313315962,0.6911619565689552,-0.5974534921517147,0.5889857785638747,0.04277242035297769,0.7680181762525953,0.05235863538399798,-0.4064879728638555
2024-06-28,-1.6651460233248632,1.0591199366252468,1.2440011424886046,-0.46021774896502854,0.2977894571267421,0.05572213060960712,0.47432129550588537,0.05701267376585062,-1.0626028638320462
2024-07-05,-1.1937514818153783,0.8516744110790851,1.4092247625477683,-0.22642822005271068,0.4085176815402127,0.10763890619396103,0.4126610500842565,-0.09156086895237088,-1.6779762406248253
2024-07-12,-0.757517592556201,0.7876713790126845,1.4922512771666125,0.09550877642696905,-0.11320782704680425,-0.01925955656478105,0.4559601654077092,-0.024261964305807664,-1.9171446575403825
2024-07-19,-0.7951440959400408,0.7326177677667028,1.6538532702562414,0.17778954350313647,-0.2675863931424088,-0.266112012797278,0.20947084719041228,0.11101262727723409,-1.5559015541140007
2024-07-26,-0.9754559985219807,0.819295606177351,1.8847783894405907,-0.112364898174983,-0.4203482569742853,-0.167579547443501,-0.22238954667113262,0.22199394936637962,-1.0279296971984402
2024-08-02,-0.8400007293544114,0.7833559745519221,2.14075539474411,-0.44345207359606276,-0.18160384921505449,-0.14086225298120555,-0.6332383961042785,0.06821072006511138,-0.7531647881101318
2024-08-09,-0.23864015725118706,0.6903840948723913,1.782507871324823,-0.5551465672672101,0.41766876205846915,-0.13455069215321466,-0.596802395678594,-0.19442331452411832,-1.1709976013813606
2024-08-16,0.2678674227837126,0.917255333030267,1.4158269955872669,-0.5776771357253258,0.4655669975759222,-0.27802055396469066,-0.2959909897180659,-0.266169505090233,-1.648658564478854
2024-08-23,0.2692501266020971,1.2406148236249248,0.9518111215181458,-0.48003865342591895,0.535824494412149,-0.25414068349444846,-0.12096710987195496,-0.182837044177896,-1.959517075187099
2024-08-30,-0.2910940758657315,1.5277156428653669,1.0790377350152218,-0.5449873636156336,-0.0007384001691336748,0.012402098207656106,-0.21394008232977935,0.16353132068179307,-1.73192687478976
2024-09-06,-0.7877131924654935,1.347106761432304,1.242431806468381,-0.15967653307242838,-0.03031888630762138,0.2553535696593932,-0.5924660455241249,0.28174620819359975,-1.5564636883840102
2024-09-13,-1.0613054610345578,0.916117891900131,1.4735477470197553,0.1601503848925627,-0.14506119149709498,0.16992136063231325,-1.0487470728073,0.7047468820646982,-1.1693705411705082
2024-09-20,-0.569172948435071,0.5479027183662057,1.2431692779110488,0.4342192243549259,0.004438814498938348,0.08067179966707687,-1.2636733922226162,0.9278196218075493,-1.4053751159480585
2024-09-27,-0.17159708193649717,0.7585726383626845,1.3469798744072972,0.260478618525017,-0.22563127997887686,-0.41339016342739293,-1.138963853613985,0.7590760289673106,-1.1755247813055585
2024-10-04,-0.10087989644701882,0.9799862862392185,1.5668036980439688,-0.03144582583685703,-0.33688276622349456,-0.4959682381793091,-0.7660357027133036,0.33451103625696793,-1.1500885911401733
2024-10-11,-0.17270328298316792,1.0206156336146197,1.993010712367578,-0.5549311558978418,-0.5738392607070938,-0.21427615256588772,-0.5336446856522099,-0.06025420946314906,-0.9039775987128481
2024-10-18,-0.09809204322123503,0.39530701744364105,2.0995512138395243,-0.8716018857407256,-0.602199512676373,0.36909584067383294,-0.546332990425696,0.0822926359148067,-0.8280202758077763
2024-10-25,0.18713196928329054,-0.08411803540636971,1.9714372607327402,-1.131544595188925,-0.7033128719473577,1.0027905822969563,-0.6193792297200003,0.03844719197207817,-0.6614522720224136
2024-11-01,0.31310010225580576,-0.4223725505903751,1.8815470051865082,-1.0271117392710472,-0.9156389232075296,1.1603858528649982,-0.5484505599605162,0.14908748642387648,-0.5905466737017213
2024-11-08,0.09377955520979546,-0.07815245040774565,1.5333767076016913,-0.8413683792775771,-0.9596342226566238,1.5063541132886085,-0.5154205269063673,0.045350222873016315,-0.7842850197247984
2024-11-15,0.20984149932102125,0.6083362742089088,1.2636428629965004,-0.5896267207323942,-0.8554532969442151,1.161656760677628,-0.39964674633197744,-0.28293551649329457,-1.115815116702178
2024-11-22,0.14790000799663783,1.3327902604346487,1.1526892320132116,-0.3834292935544695,-0.7858917102456472,0.7535990961122746,-0.2437299609973258,-0.8427824426429987,-1.1311451891163322
2024-11-29,0.24704901852052896,1.591681728601544,1.2522456339739687,-7.843700625642658e-05,-0.679285904922616,0.03722068990793089,-0.036193175274316,-1.270418246361067,-1.142221307439718
2024-12-06,0.03156214265059396,1.2856004874265494,1.6153986604136463,0.23805966255137015,-0.8543260905777208,-0.16700577979252254,-0.05113442448356755,-1.249597820241685,-0.8485568379466645
2024-12-13,0.06368152623019671,0.7196075198501252,1.979160051239079,0.28032567595055,-0.9164892590533021,-0.38605887424904406,-0.019433492932465383,-1.0633476396531585,-0.6574455073819818
2024-12-20,0.3682410653555846,-0.10189417426850138,2.281320781268486,0.11351277430274437,-0.9376836453453344,-0.4422100699975391,-0.1937976423241401,-0.839311185176247,-0.24817790381505403
2024-12-27,0.47385943644181255,-0.48100796216978353,2.361289241165508,-0.05644264605614565,-0.7835168986959431,-0.17405968455918552,-0.4351832171826713,-0.6469371783549189,-0.25800109058867354
2025-01-03,0.7917607759376327,-0.6382780547385101,1.8879817794211917,0.049959913871428785,-0.5868497134799876,0.22881328788624047,-0.5324420750182758,-0.3839074990751237,-0.8170384148045974
2025-01-10,0.9671929064576933,-0.20722287383933533,1.2740836698247644,0.09509646885173044,-0.2954856879838607,0.5222682483601032,-0.40643636791316173,-0.319982283213151,-1.6295140805447836
2025-01-17,0.9766839551968007,0.07409225575670947,1.160003606365466,0.0926574282068278,-0.1664796207175444,0.336857028309882,-0.11775560047608012,-0.2741862534108615,-2.0818727992312005
2025-01-24,0.47508026835106243,0.5348415518737232,1.2372415901899283,-0.07209162244602081,0.14387248099411548,0.08802267894930493,-0.008750974097305027,-0.23322447848695296,-2.164991495327856
2025-01-31,-0.038227177879057495,0.7365465898787042,1.497273848870994,-0.08418565386941523,0.24599465897106484,-0.050530204995270216,-0.0017546972849986446,-0.16662614897089567,-2.1384912147211264
2025-02-07,-0.2710230863703426,0.8422341942158332,0.9021956321180163,0.13693363281969928,0.531895767109118,0.34784518761458316,0.09311729666636272,-0.3106228413555803,-2.27257578281769
2025-02-14,-0.28051583307374234,0.678565868142251,0.46996385792740064,0.25758143148302515,0.3847933226898997,0.8229547728504026,0.44772776082618115,-0.6180642373570772,-2.1630069434883414
2025-02-21,-0.18332812192607653,0.49211819118156824,0.07063666588060437,0.26882455341312095,0.2628388109459516,1.1138062821254542,0.9330899357041836,-1.115421025525854,-1.8425652917989528
2025-02-28,-0.04982051167638569,0.38371919445668484,0.1145499038805086,-0.05001272577831125,0.10099266477392904,1.1691449429047893,1.262394369324767,-1.2375279945171203,-1.6934398433688618
2025-03-07,0.07580400330007926,0.5221593732708958,0.5185485815838944,-0.27357450427052576,-0.03175139831800955,0.9474841984582394,1.1027971908559613,-1.1135905744240995,-1.7478768704564356
2025-03-14,0.08512364666528956,0.7098180518179712,1.0265405830655117,-0.5456088789388027,-0.12279058134346173,0.8629666550633263,0.6125264509858087,-0.6765585733848583,-1.952017353930785
2025-03-21,0.07392083854858626,0.7086554245800748,1.4515738751970257,-0.5939149765172813,-0.05305649754430253,0.7226806100826223,0.12927424793129474,-0.4451120513421654,-1.9940214709358555
2025-03-28,-0.11135501953079274,0.5135523931876572,1.6189993610877476,-0.4026191511872827,0.07984391210972751,0.7890470170184561,-0.4609202380787106,-0.19939878279475418,-1.827149491812049
2025-04-04,-0.46151617763968905,0.15660112512357885,1.711330503491375,-0.04949351404669807,0.17357286554495835,0.8806123501371047,-0.9005333766322702,0.006574479389068309,-1.5171482553674285
2025-04-11,-1.1204914432971682,-0.06292413212910862,1.6075973056006345,0.5198142715180731,-0.18854394257572085,0.7661712396475986,-0.9398363136051442,0.3671002984736241,-0.9488872836327888
2025-04-18,-1.6788636611073515,-0.143783225610946,1.4538944435702321,0.6982253098521651,-0.32703195816382863,0.6135094829089988,-0.7734750670169696,0.5923512029225769,-0.4348265273548781
2025-04-25,-1.5890016518147814,-0.041127809247882195,1.269387685764171,0.725605007364944,-0.9027201077166929,0.32654173939539805,-0.583095010623221,1.0243121040544352,-0.22990195717637127
2025-05-02,-1.3289114184459152,0.19001899668107303,1.22990030934852,0.7550946060708991,-1.0770417794124552,0.43732593317373675,-0.7658299961598862,0.9239853797035033,-0.364542030959476
2025-05-09,-0.9907320194717437,0.5686923555392074,1.2896007074141773,0.6685756279670949,-1.3140768836726975,0.5458931853643567,-0.9214187559723754,0.7216234269426324,-0.5681576441106525
2025-05-16,-1.371058798450079,0.8669940481915348,1.3032359072171713,0.6932862571087904,-0.9814788208442166,0.7129963019781719,-0.7129865948582128,0.19523141100412897,-0.7062197113472898
2025-05-23,-1.5653315157657577,0.9898695144193478,1.5186848986354218,0.2643931945426002,-0.6736408247048539,0.25782387652371136,-0.2396547224925051,0.09800103260027243,-0.6501454537582373
2025-05-30,-1.713705514527961,1.0167586390373893,1.4265500374467048,0.04036994895002988,-0.6823262464501836,-0.09952617511219064,0.46347791767761587,0.18020870076145998,-0.6318073077828651
2025-06-06,-1.725281719431656,1.1794339136477674,1.0389925354900698,-0.09392885665631519,-0.735687785610203,-0.00871857396899045,0.7071176404756606,0.1720076025381204,-0.5339347564844544
2025-06-13,-1.8557535114333479,1.3246982630819082,0.7101586748173244,0.10574287318848734,-0.6025003069011861,-0.01999381418917053,0.4358657623027404,0.08720072480470052,-0.18541866567145718
2025-06-20,-1.6880355596138699,0.8532572964252708,0.7435848347217219,0.8300508239368937,-0.4173723981876583,-0.2907492508824987,0.011104894146173957,-0.25351466927372496,0.2116740287276908
2025-06-27,-1.500795984829922,0.2730268704329369,1.0222293908339786,1.1143846940307605,0.0032674415313390845,-1.1148181703237734,-0.1377668859013498,-0.3511357419801724,0.691608386206202
2025-07-04,-1.3071748234913507,-0.10561433934420321,0.877018504404805,1.0159263435512587,0.0966964178497472,-1.4821598056050977,0.18304204417499825,-0.2438197529420876,0.9660854114019296
2025-07-11,-1.4270420627128788,0.22675550295385075,0.816775765524306,0.241572376824697,0.0003997893178633305,-1.531225709199317,0.612698758839311,-0.07354581789117111,1.1336113963433385
2025-07-18,-1.3600746908402739,0.5767316307015111,0.8493284902600701,-0.6840261389413608,-0.2705919455581525,-1.0856920343618985,0.7658461289843589,0.02607958217757059,1.1823989775781747
2025-07-25,-1.196941676190036,0.7788554122626555,0.8154816745963475,-1.2289260508257558,-0.38095374135788035,-0.1579252416389838,1.0171726345244074,-0.3221448188713248,0.6753818075005701
2025-08-01,-1.2359564717814966,0.8342784138582554,0.9450372675577986,-1.1704249035391627,-0.20964909223749253,0.46399768745303716,0.97547208069384,-0.6674246915454008,0.06466970954062116
2025-08-08,-1.3372845638355884,0.8019064625213258,1.1281883729844022,-0.6857477510388773,-0.19007054181925934,0.783958789300002,0.9972711751424818,-0.843899632963384,-0.6543223102911032
2025-08-15,-1.492428864900628,1.106636680299506,1.2665964107320649,-0.25635826624096736,-0.04507284457173055,0.6278498501550739,0.49523460408625003,-0.6477781244310652,-1.0546794451285042
2025-08-22,-1.2658832831785551,1.2944982385982413,1.0837542594328922,-0.3941405692681456,0.17749251007329714,0.8266336310192668,0.06315894697100322,-0.696544329901072,-1.0889694037469282
2025-08-29,-0.8667531162148897,1.485807649266518,1.023756010743207,-0.3824910101047465,0.3992472237609143,0.8203239505736349,-0.5228437876425366,-0.8162679582048934,-1.1407789621772089
2025-09-05,-0.33587632913901094,1.3111067205463305,1.1383797735816288,-0.47294919212485115,0.5559430100917204,0.7957960479027893,-1.0153091404942003,-0.9032032136281664,-1.0738876767362406
2025-09-12,0.06769821372571871,0.9956309168315038,1.2170503754346276,-0.23155796519435448,0.6997357919260233,0.5947944567304044,-1.5408902277515397,-0.6739435837310088,-1.1285179779713752
2025-09-19,0.19939673997490334,0.5399618213353551,1.164828054984773,-0.10540990534707477,0.9949194003144974,0.5466113165723104,-1.7830141996710178,-0.4630133430551764,-1.0942798851085709
2025-09-26,-0.009594151456079003,0.013679841811192306,1.3951762343203453,0.04035602196740474,0.9876256372993045,0.5099051669593798,-1.6273219470082225,-0.11275328661505263,-1.1970735172782732
2025-10-03,-0.4561873561639556,-0.010879601349568538,1.6836072130503537,0.09375841889851622,0.8284871002903432,0.4962666284441328,-1.2722657602368586,-0.12127995983487205,-1.2415066830980919
2025-10-10,-0.6968999397638983,-0.0008158144620392509,1.9342240364553955,0.18429613368717088,0.4193452768334842,0.5994830061208861,-0.8661921095899098,-0.25853486050876473,-1.3149057287723254
2025-10-17,-1.1555804607667797,0.12892823842371434,1.7601729605173275,0.401528732974432,0.07392277261490239,0.4989763310190483,-0.5990349412247105,0.015274665630372386,-1.1241882991883076
2025-10-24,-1.5200717180229641,0.32836382631449973,1.257806413382159,0.5326513889453169,0.023216545511021636,0.026380045937869395,-0.11570555962163494,0.42115717230393407,-0.9537981147502029
2025-10-31,-2.0918954104578953,0.35457835187737724,0.8182729402067639,0.6970319404034048,0.11995906387554145,-0.4835237119194087,0.2295659387060868,0.8850725060571928,-0.5290616187490641
2025-11-07,-2.0996901446840357,0.48895485176061565,0.7788410217880549,0.8783502457579716,0.26042408132322376,-0.8544363725283515,0.1667060043347379,0.5953336807739649,-0.21448336852618266
2025-11-14,-1.8338181489462013,0.4666990969350932,1.1229623747943334,0.9939769000163062,0.09793139272225466,-0.8433311594805571,-0.4266005874984559,0.3372914189668652,0.08488871249036055
2025-11-21,-1.7091779982929447,0.5988861946802388,1.2679683628704217,1.0388340256089645,0.08196638317152645,-0.5209324322883603,-0.9726609723183145,-0.024731695399309972,0.23984813196777674
2025-11-28,-1.5809399991868391,0.7694553924923103,1.3823753505603813,0.5315987346420227,0.20424570123379424,-0.10007956373004684,-0.7951484517653281,-0.616570115805265,0.20506295155896961
2025-12-05,-1.6179284484192682,0.5537478831769461,1.3533006650841448,-0.1800150416210611,0.6887791757439089,0.27360849423127825,-0.1829528465051807,-0.8071893805573961,-0.08135050113337257
2025-12-12,-0.9135322675648337,0.2591916832636585,1.05520092739493,-0.9749974725012377,1.1105323012516806,0.3080972781296653,0.5977785509231458,-1.086841800897617,-0.35542919999939304
2025-12-19,-0.8039839661851809,0.10979839700656595,0.7737353790302585,-1.5824411652691552,1.0276828279650652,0.4226029516543985,0.7452548427369398,-0.4264100801454735,-0.2662391867934187
2025-12-26,-0.9589533590138041,-0.20222865936275128,0.3163005202507819,-1.3855851186270822,1.0240250801567135,0.2597580937159346,0.5167936012536937,0.03879186072843621,0.3910979808980765
2026-01-02,-1.67013526885981,-0.14807633032030418,0.7551424566043705,-1.1055365620824757,0.6404008992184537,0.27421282457238505,-0.028844462896375805,0.7869003392324011,0.495936104531354
2026-01-09,-1.3461948143786113,-0.3731657880362802,1.3420563179081773,-0.6429069990761352,0.3331029054145317,0.13804912595860766,-0.3554133011604952,0.75628663889406,0.14818591447614426
2026-01-16,-0.5785745455523252,-0.40409797710843426,1.9109764462823289,-0.593111486336454,0.053416492292191885,0.12109324389344933,-0.912552939046337,0.75941680349259,-0.35656603791701036
2026-01-23,-0.6063055011074444,-0.4631882024054468,1.5046476670071647,-0.504101914226161,0.37336607246026166,0.17797175902002313,-0.8328329626191083,0.8020708109749416,-0.4516277291042318
2026-01-30,-0.5232018967916251,-0.7024511144305962,0.40743313044708707,-0.05614098503592894,0.9893521943374918,0.22073786927473926,-0.4578175847648656,0.9214191025871443,-0.7993307156234476
2026-02-06,-0.9717228249849915,-0.8451801519109843,-0.534076609125952,0.36914957562282574,1.3820051004617986,0.6050974320912571,0.26150206237137474,0.7579543025926098,-1.0247288871179394
2026-02-13,-0.5791455013796912,-1.1136277093792797,-0.906529383094843,0.5798986610884912,1.4621734194498393,0.7934498224443559,0.3772650900548213,0.5858652387213348,-1.19934963790503
2026-02-20,-0.7613732340237215,-1.4216135943951125,-0.620391393512887,0.4247905398713969,1.6420470004807715,0.821750146916659,0.24613054554182823,0.463449349451231,-0.7947893603301672
2026-02-27,-0.5366534063116296,-1.7091640218414164,0.0705118320529468,0.1519554664799655,1.679054868708344,0.5287452538346544,0.10252807914852645,0.43245392812706074,-0.7194320001984531
2026-03-06,-0.1964199876643519,-1.9516787624486855,0.5390643812776988,-0.0010114373931276687,1.7321350755847413,0.10502662211599885,0.0510910087994395,0.3304419388182,-0.6086488390899146
2026-03-13,0.18444611923949938,-1.7056412382184185,0.8831936966462295,-0.0005788055251295943,1.678102485063132,-0.47133706959155686,0.059984626685315755,0.08235938808374088,-0.7105292023828139
2026-03-20,0.44009486132962755,-1.159656181762136,0.6661937704655471,0.20195009341969059,1.6778803078267799,-1.1314204873184142,0.20461462462303803,-0.2046193161983232,-0.6950376723858112
2026-03-27,0.5938341008458534,-0.5646963526900669,0.3969820729640518,0.28126264562738396,1.7241594520602146,-1.6604848613290726,0.3304352685184664,-0.52516885520458,-0.5763234707922525
2026-04-03,0.6827027643432824,-0.17464005401520322,-0.21519231925292037,0.23347065609228712,1.7893612245676078,-1.782273730589066,0.39990609791884096,-0.5793628443426728,-0.3539717947221574
2026-04-10,0.7294698364878699,0.25356439750536414,-0.853448254227315,-0.15433722196856,1.7754534363747343,-1.3858292932453393,0.4488791543080704,-0.6188959296050532,-0.19485612562977264
2026-04-17,0.7450082603332985,0.3855713908390355,-1.420708438378129,-0.5244173269677771,1.6267091586687037,-0.5862633032363785,0.516747956729155,-0.549083102368739,-0.19356459561917028
2026-04-24,0.7819814158933137,0.19379756283361563,-1.6984291463019332,-0.6843829478950606,1.3365580095244278,0.37994158242052856,0.541307722138061,-0.7211118611760917,-0.12966233743686267
2026-05-01,0.92509316552164,-0.3303430378882319,-1.6200945110271447,-0.9484024487143153,1.2635371372743223,0.8034989546531048,0.5184258412235897,-0.6370911129940032,0.025376011951037187
2026-05-08,0.9087740847493059,-0.6810535127535705,-1.340738195580643,-0.3808337242437346,1.3134903936176123,0.08318185609371416,0.46855510175194875,-0.5533168941692602,0.18194089053462603
2026-05-15,0.840964387074202,-0.7359802112773028,-1.1686680237241835,0.10795955328875984,1.43985527140383,-0.8136592120105619,0.4256947641054171,-0.4450630799072792,0.34889655104711736
2026-05-22,0.7453013875897057,-0.7729864798801067,-0.8694883729674037,0.7875140056154962,1.3960325160841565,-1.6348281006430583,0.4106402342966963,-0.4967457290402315,0.43456053894474445
2026-05-29,0.8607063969407426,-0.7907541138494696,-1.0719149753300865,0.7353433429170142,1.2463974512432279,-1.3759914778057398,0.4367988764466391,-0.6492693655875614,0.6086838650252322
2026-06-05,0.8796123626092869,-1.267240137561647,-0.9334708689718488,0.6198109914918607,1.1101217607934541,-0.9961767711801137,0.46441746906219633,-0.5531894730626127,0.6761146668194226
2026-06-12,0.867383902759799,-1.8506632345058147,-0.6990321011548207,0.3045822850219965,0.8764212287901078,-0.32288640908290717,0.44982860345318537,-0.359666777439384,0.7340325021578363
2026-06-19,0.8587261742658182,-1.7414875008452493,-0.20754041611446275,-0.17017151734791955,-0.14507503405864042,0.38030210803788433,0.37419467032691006,-0.07280375853312794,0.7238552742687858
2026-06-26,0.8719433951359988,-1.491976230431354,0.06398188224475107,-0.5666327657969334,-0.9052638028069916,1.059649924573806,0.2873909462809851,0.1062923691769148,0.5746142816228215
2026-07-03,1.119712225772697,-0.8635729019351287,-0.4029338855297375,-0.7431676685420164,-1.412233995601195,1.4745201985703602,0.3107696717893485,0.040992486603911395,0.47591386887175907
2026-07-10,1.290233311797155,-0.9885797042339947,-0.8194526460156156,-0.6773567853227811,-0.9697018307448081,1.4372431745778094,0.35021807150914297,-0.10054514379899242,0.47794155223208284
2026-07-17,1.0313185377973748,-0.8730341652123412,-0.8364225629067855,-0.021071909398609145,-0.2793481820405205,1.0173940625011708,0.18351410737653717,0.02904696592245663,-0.2513968540392846
