date,LIVE  2*carry + 1*esi,+ 1*reer_lvl,+ 0.5*reer_lvl,+ 1*reer_mis,+ 0.5*reer_mis,+ 1*cds,+ 0.5*cds,+ 1*reer_lvl + 1*cds,+ 0.5 reer_lvl + 0.5 cds
2013-01-04,,,,,,,,,
2013-01-11,,,,,,,,,
2013-01-18,,,,,,,,,
2013-01-25,,,,,,,,,
2013-02-01,,,,,,,,,
2013-02-08,,,,,,,,,
2013-02-15,,,,,,,,,
2013-02-22,,,,,,,,,
2013-03-01,,,,,,,,,
2013-03-08,,,,,,,,,
2013-03-15,,,,,,,,,
2013-03-22,,,,,,,,,
2013-03-29,,,,,,,,,
2013-04-05,,,,,,,,,
2013-04-12,,,,,,,,,
2013-04-19,,,,,,,,,
2013-04-26,,,,,,,,,
2013-05-03,,,,,,,,,
2013-05-10,,,,,,,,,
2013-05-17,,,,,,,,,
2013-05-24,,,,,,,,,
2013-05-31,,,,,,,,,
2013-06-07,,,,,,,,,
2013-06-14,,,,,,,,,
2013-06-21,,,,,,,,,
2013-06-28,,,,,,,,,
2013-07-05,,,,,,,,,
2013-07-12,,,,,,,,,
2013-07-19,,,,,,,,,
2013-07-26,,,,,,,,,
2013-08-02,,,,,,,,,
2013-08-09,,,,,,,,,
2013-08-16,,,,,,,,,
2013-08-23,,,,,,,,,
2013-08-30,,,,,,,,,
2013-09-06,,,,,,,,,
2013-09-13,,,,,,,,,
2013-09-20,,,,,,,,,
2013-09-27,,,,,,,,,
2013-10-04,,,,,,,,,
2013-10-11,,,,,,,,,
2013-10-18,,,,,,,,,
2013-10-25,,,,,,,,,
2013-11-01,,,,,,,,,
2013-11-08,,,,,,,,,
2013-11-15,,,,,,,,,
2013-11-22,,,,,,,,,
2013-11-29,,,,,,,,,
2013-12-06,,,,,,,,,
2013-12-13,,,,,,,,,
2013-12-20,,,,,,,,,
2013-12-27,,,,,,,,,
2014-01-03,0.01057994027746619,0.010496827782323399,0.010501673930372763,0.01057994027746619,0.01057994027746619,0.010107652375992926,0.013173113401990275,0.010542637934597605,0.010605919944336989
2014-01-10,0.00014736263137883702,0.006333929032906704,0.005821114576642593,0.00014736263137883702,0.00014736263137883702,0.0010741256461614817,0.00018075355940727744,0.005499203183627989,0.005700313266598316
2014-01-17,0.0012230928203244946,-0.0013881116752567622,-0.0027300071709035778,0.0012230928203244946,0.0012230928203244946,-0.01223234582763539,0.0015001684734980043,0.0009615389285620884,-0.0003833081806129566
2014-01-24,0.0022198693138633227,0.007912495046506563,0.007486451502694062,0.0022198693138633227,0.0022198693138633227,0.0005837399212926458,0.0006088288211440995,0.0031421433348401704,0.007017727136943513
2014-01-31,-0.0019110644784578348,-0.005210089138081015,-0.006431852527846746,-0.0019110644784578348,-0.0019110644784578348,-0.000730883344973607,-0.002388216897052,-0.0031688622863010065,-0.006322588032981647
2014-02-07,0.0007568865263569976,0.0011029581222606038,0.0011099941055792574,0.0007568865263569976,0.0007568865263569976,0.001533160168121285,0.0009466263154811787,0.0009920740220671679,0.0010929904042874638
2014-02-14,0.0020440509725244017,0.000984248801591582,0.0010005486667392662,0.0020440509725244017,0.0020440509725244017,0.0018070583633853468,0.0025570611118523397,0.0008842242237214772,0.0009852610122543031
2014-02-21,-0.0008588513780329772,0.000993181438868584,0.0009916128190453693,-0.0008588513780329772,-0.0008588513780329772,-0.0010232677596555167,-0.0010739192491824605,0.0008922443199821859,0.0009768677099959557
2014-02-28,0.006700431599559763,0.010028734894277032,0.013437788529024443,0.006700431599559763,0.006700431599559763,0.0072264034938169025,0.003957795135708921,0.009009422424210059,0.013237652736790942
2014-03-07,-0.003014568663295101,-0.005643837996445923,-0.0052064676467110495,-0.003014568663295101,-0.003014568663295101,-0.003323430413650775,0.0019974812465524414,-0.005098423680785552,-0.005127850218907583
2014-03-14,0.02198234088704853,0.028148795025027727,0.02650044311487597,0.02198234088704853,0.02198234088704853,0.023766645055555723,0.013530109571347938,0.02542842911751003,0.026056223047775277
2014-03-21,0.011456387765230064,0.01916994038680209,0.01885280882357698,0.011456387765230064,0.011456387765230064,0.014668169788683773,0.01666274231432232,0.019038872006105913,0.018573326437293702
2014-03-28,-0.0003238229380221597,0.0014647472159978244,0.001205796814134706,-0.0003238229380221597,-0.0003238229380221597,0.0002145134698391157,0.00024076755192387433,0.005241618537304445,0.0019897578526663793
2014-04-04,0.0005633958653572193,-0.0007788478225952942,0.0006821438010859417,0.0005633958653572193,0.0005633958653572193,7.565685450428713e-06,-0.0006356222290499459,-0.00014970753952485929,0.0005146556189990977
2014-04-11,-0.0002935334797498225,0.0012284570977604149,0.0013098358471828118,-0.0002935334797498225,-0.0002935334797498225,0.0005520899229826585,0.0006208794248327253,0.0011348703018154065,0.0012956938887976862
2014-04-18,0.000988117982739506,0.002348304315764557,0.001793795414809883,0.000988117982739506,0.000988117982739506,0.001051661162972613,0.0011817070933901669,0.002172293455096347,0.0017727783111212221
2014-04-25,0.006923771796504597,0.001237250701054383,0.0010234873306839403,0.006923771796504597,0.006923771796504597,0.0030450083524408587,0.0034228199932558588,0.0009196050440333073,0.0010124078266932838
2014-05-02,-0.002862568005566179,-0.004499857526257522,-0.003915361792814415,-0.002862568005566179,-0.002862568005566179,-0.0033493219358776034,-0.003762599870716334,-0.0034401051728520193,-0.003861369037763709
2014-05-09,0.006356064984644864,0.006212634697850636,0.0076502081295397924,0.006356064984644864,0.006356064984644864,0.005598173185119061,0.0083322171152558,0.003163018036958351,0.005874266736062909
2014-05-16,-0.0026310026448709556,-0.0008391436160328717,0.00237378369004299,-0.0026310026448709556,-0.0026310026448709556,0.002501908702308858,-0.0004852609660952101,-0.0006979644333997903,0.003960476157427806
2014-05-23,-0.0011077171681505723,-0.004353854032478514,-0.0026145502641225764,-0.0011077171681505723,-0.0011077171681505723,0.0006274605336119815,0.0006971061033263737,-0.005241779201808546,-0.002612072603902273
2014-05-30,-0.00028877913235700174,0.0007046959291446071,-0.00044765705664607895,-0.00028877913235700174,-0.00028877913235700174,0.0014510029992868328,0.00012453107294896983,0.00019661152154283802,-7.934642691914698e-05
2014-06-06,0.006296022600727046,0.006306834454142554,0.004830607122601343,0.006296022600727046,0.006296022600727046,0.001953848202444481,0.004761641457286116,0.004335193914992567,0.004458971082153525
2014-06-13,-0.0010610594952404184,-0.0013841248515855564,-0.0012124772550548353,-0.0010610594952404184,-0.0010610594952404184,-0.0014742477543035265,-0.0013954266034795965,-0.003152623284374257,-0.0031131496945561695
2014-06-20,0.0026759420595418785,0.004437213892392725,0.0034375959481522116,0.0026759420595418785,0.0026759420595418785,0.003796861537499757,0.004063668796160826,0.0033225456870105362,0.003868943090007109
2014-06-27,0.0011984301905336241,0.002378768287738654,0.001536949131024952,0.0011984301905336241,0.0011984301905336241,-0.0005526070640207876,-0.0005990150273336574,-0.00025644249103138467,-0.0005460208971457823
2014-07-04,0.0005139404220115027,0.00018101513039704304,0.0002658364992387649,0.0005139404220115027,0.0005139404220115027,-0.0008696158133727629,-0.000942979583438113,0.00018515346917437542,0.00026486135775715156
2014-07-11,0.0008074745272498966,0.0019908808431087204,0.002667615735966259,0.0008074745272498966,0.0008074745272498966,0.0016771495139887855,0.0018416585995830272,0.0019990789010877253,0.0025952538500551093
2014-07-18,0.0006943372715719,0.0028532109505836592,0.0020348616090009436,0.0006943372715719,0.0006943372715719,0.0007080015788373909,0.0007867229849832152,0.0028535960118982752,0.001946023002448199
2014-07-25,0.0011173364350393579,0.0033953574908671424,0.0016671803489707203,0.0011173364350393579,0.0011173364350393579,0.0019340693674250746,0.001732028631161778,0.0034541061020265077,0.0016030485999675953
2014-08-01,0.0017041964525999753,0.002068119113745537,0.0028295577548965536,0.0017041964525999753,0.0017041964525999753,0.0009293848536149453,0.0021375934883023804,0.003509413555858658,0.0017423616771472532
2014-08-08,0.0005533373185428872,-0.000683514337284867,0.0005873379721345548,0.0005533373185428872,0.0005533373185428872,0.0017889241436815017,0.002317884776056596,-0.00016652749000624378,0.0018704856239512352
2014-08-15,0.006359503038462303,0.007470992145297917,0.008290680763996552,0.006359503038462303,0.006359503038462303,0.005662361784411504,0.008264111762071763,0.01050457553770238,0.005910531644260126
2014-08-22,0.00285533682412771,0.001083236352669146,0.002494100294017199,0.00285533682412771,0.00285533682412771,0.0013706149042520942,0.004144111325366218,-0.0014522598999276257,0.0027565092465959267
2014-08-29,0.0028259820464836528,0.006276012393114302,0.002492577943704367,0.0028259820464836528,0.0028259820464836528,0.0030885135206517645,0.0,0.005308551212131097,0.0013688176775599763
2014-09-05,0.008082273145287082,0.008236977819764952,0.007778130469145116,0.008082273145287082,0.008082273145287082,0.01179747559348449,-0.008443618047194248,0.007769074529594878,0.007636608329414457
2014-09-12,0.004852799027352329,0.0025400331418086054,0.005676589399927698,0.004852799027352329,0.004852799027352329,0.006519896371629563,0.007775894146759171,0.005658695269978431,0.005361015229563862
2014-09-19,0.003950673461665624,0.008635225850592237,0.005096436056151122,0.003950673461665624,0.003950673461665624,0.00031173303475723373,0.005971328048391322,0.00854443399591901,0.006465002467619087
2014-09-26,-0.004859083922155672,-0.005221864245113266,-0.0027287086816272003,-0.004859083922155672,-0.004859083922155672,-0.005183345565279064,-0.006333167338304018,-0.005164093612153839,-0.0026540367891493563
2014-10-03,0.003032333335262053,0.00445852491699621,0.003388247105082932,0.003032333335262053,0.003032333335262053,0.00326627179618195,0.005036173577084631,-3.387990370172793e-05,0.003278542013050222
2014-10-10,0.0005275561076820972,0.00442955039116514,0.003986425559096967,0.0005275561076820972,0.0005275561076820972,0.0010563047402943867,0.0006842648039935551,0.001956162960316766,0.0038566104602386834
2014-10-17,0.003370249638268994,0.005152994314859848,0.00395308926735774,0.003370249638268994,0.003370249638268994,0.004083100248036989,0.004176821637716731,0.004847473689229231,0.0037654135901990823
2014-10-24,0.0093531002067818,0.005777381523194058,0.012262652125782852,0.0093531002067818,0.0093531002067818,0.006172189498909711,0.011083043748799823,0.0015168780879910957,0.010429528931791917
2014-10-31,0.006236980001898695,0.007650549445172277,0.006777910042953874,0.006236980001898695,0.006236980001898695,0.004085162642030326,0.00815076900186253,0.007388510605701663,0.006587567863087896
2014-11-07,0.0002901885535443274,-0.0069058773957035476,0.0017887408470069928,0.0002901885535443274,0.0002901885535443274,-0.0013532121389553515,0.00190777994122552,-0.006289776189482028,0.0017383510496453655
2014-11-14,0.0077555841589148815,0.0096132835952007,0.005515103596461118,0.0077555841589148815,0.0077555841589148815,0.00833890539798305,0.010331075452841659,0.00541267764483203,0.005245777934451666
2014-11-21,-0.0020146746803910947,0.008716273081274834,-0.007858574480331025,-0.0020146746803910947,-0.0020146746803910947,-0.0003541940743707267,-0.004741473478413959,0.0070971414062663265,-0.0038279605495998175
2014-11-28,0.016612075366545194,0.03668727606956602,0.024645207198651948,0.016612075366545194,0.016612075366545194,0.01834634825137326,0.023294360495425506,0.026986403182899594,0.02109758534908345
2014-12-05,-0.0043182845565795415,0.0027804347233058207,0.0002837318306006989,-0.0043182845565795415,-0.0043182845565795415,-0.0020319439609849375,-0.0053450979848446495,0.007162587926891861,0.0002858103144350735
2014-12-12,0.012567330038379333,0.015993520175199148,0.007172695349462937,0.012567330038379333,0.012567330038379333,0.01300766242664609,0.015535489401998373,0.005877753471215619,0.007228685531349778
2014-12-19,0.009269538555705779,0.014203330897356663,0.01104173476719461,0.009269538555705779,0.009269538555705779,0.011608523765612715,0.01120747933769283,0.011318282803861981,0.011514300124039258
2014-12-26,0.0024088005831389573,0.0011998587787983477,0.0025433157887388316,0.0021777514600773676,0.0024464122941751055,0.0030217409993508223,0.0028989859034518,0.0019448706847844913,0.003375902837063424
2015-01-02,0.009118215218964715,0.0033855186735782077,0.0022821467098652856,-0.0033048554575891,0.0020042584563943317,0.008599577384499374,0.010266330241703083,0.007244769977933805,0.0039053752351964634
2015-01-09,0.0051122378452120925,0.00361048609290645,0.006093457729246355,-0.01947653553043186,0.005140595631946204,-0.009733787185624398,-0.021007497053141953,0.0028805332891280594,0.0018896719990503155
2015-01-16,-0.0023604676485020127,-0.0019621720413871228,-0.00217979980449552,-0.004092688657415721,-0.0032446300837196424,0.00015274505421522424,0.002081170078316114,-8.225921404450636e-06,0.0014952740438710253
2015-01-23,0.005240493278048209,-0.00044204440675440994,-0.0004928281346986941,0.004161845711719297,0.0013298484558452548,0.008672904226797555,0.0068877443438188175,0.0023734980466933045,-0.004136189148290464
2015-01-30,-0.004516971830752382,-0.012383685731942989,-0.0015989376751092397,-0.00028067827756716985,0.0008562813330136794,-0.01792674958330738,-0.008622455473504724,-0.01344897940766908,-0.009854258224621647
2015-02-06,-0.0038301632456509,-0.0018963415005552285,-0.0036521727684979037,-0.0024754333479718995,-0.0038867673064350784,-0.0011232681864990315,-0.002422279798693229,0.0008750865066345382,-0.0007152358778255408
2015-02-13,0.013340662938799997,0.011210919929598355,0.01272499871296542,0.002350244957574044,0.00781180095133066,0.009288876616505189,0.014556689476999599,0.012358596847523244,0.01289996006246826
2015-02-20,-0.0011296901924834617,-0.0007632935596168825,-0.00455081291252451,0.006525777662263032,0.001159240533726052,0.003667314027540052,-0.0012224200790229912,-0.0008428740131755187,-0.0046061077547388815
2015-02-27,0.009330713861244249,0.014181144443745916,0.00881917966913423,-0.0013182774867968633,0.0045534528807188905,0.009164559594898727,0.010096429015214063,0.014979849836589575,0.00892866668774318
2015-03-06,0.00880072161189215,-0.0138644737648673,0.01662817181195407,0.0003933074877041428,0.00043852577343101356,0.01468635127432886,0.016048541620559242,-0.015280945391940711,0.016851713035551344
2015-03-13,-0.004243276391723494,-0.009378399180849427,-0.003983063161911149,0.008132564338701171,-0.0009981749810818504,-0.00364637392875492,-0.003912591375211528,-0.00757846796736174,-0.004026011912927098
2015-03-20,-0.008758056427300273,-0.005781385189143643,-0.007735181737388204,-0.0028351753550014316,-0.017530640332059262,-0.00025097932882681183,-0.005840894145213055,-0.006537836060871169,-0.00788017366922379
2015-03-27,-0.0065074562989955,-0.005477605681009942,-0.00600720201287073,-0.002000412037174639,-0.004869620333476228,-0.009458330633993112,-0.005167123205429288,-0.0039735043278412725,-0.006171750090272988
2015-04-03,0.017032766216017996,0.012627688475256263,0.017696060605333228,0.009990531400807369,0.010711095821042262,0.0180942063276106,0.015187520099136301,0.01521226132436161,0.0184270781661558
2015-04-10,-0.009916021519085823,-0.0037315848832808265,-0.004259261132223206,-0.008818784541048253,-0.009667023468830308,-0.008373403761825512,-0.008885074787158767,-0.007908915062933626,-0.0054521260188551595
2015-04-17,-0.03142272746167828,-0.013235561462840481,-0.016518509920676806,0.006802995179752461,0.003982820316296983,-0.0062174550415663886,-0.02010735528260981,0.0028158070616930084,-0.016820790392126993
2015-04-24,-0.017484477042590277,-0.004601332274664824,-0.02025348683995407,-0.012624924818062768,-0.021963001356037265,-0.009095546561771346,-0.01912814943088661,-0.005982317241084595,-0.020618126299801504
2015-05-01,0.00475069398629971,0.00840169139016651,0.01066628551491572,0.027467246526065754,0.013378495758228009,0.012879932734549413,0.010246273934901068,0.00875007493508911,0.010848114682845859
2015-05-08,0.001159319929162168,-0.0029125740426361986,-0.0007562442761014093,-0.0012814990006130354,-0.0009400680425264754,0.0010040615383816042,-0.0007220571027523633,-0.0028222643855565785,-0.0017315043616901976
2015-05-15,0.0016863930043626676,0.004615781694930333,0.0068622657591589035,-0.007547625523121518,0.001497559041745793,-0.0035987300607348695,0.0018741777757731379,0.005505304517597505,0.008246225980271221
2015-05-22,0.005990619593872917,0.0014541745398232823,0.007268425609902217,-0.003273265705298393,0.007387345800645259,0.005774364442800479,0.006200407589236139,0.003933212891776168,0.005145334828208444
2015-05-29,0.0022685986605493883,0.003494655523875471,0.003509297606686146,-0.0020274047178802605,0.004849351714327058,0.0004670774978765812,-5.2194408475051494e-05,0.004519495685318578,0.001456191949105879
2015-06-05,-0.004679916272514453,-0.004011443978611529,-0.00604721178378558,-0.00048687990626942865,-0.004972731135486612,-0.0064296148407817465,-0.00447022448175804,-0.0055102790246413375,-0.006100898808995106
2015-06-12,-0.000757443213410054,-0.0005185539945018116,-0.0011578589586646755,0.0008027155679725715,-0.002680192341341833,-0.0008227077124869049,-0.000718225060697687,-0.0011543161291907205,-0.001169099393519422
2015-06-19,0.004650110495688961,0.0071424160702848105,0.005792197882038355,0.0027077610072840236,0.0056759604253454245,0.008943741387848241,0.005546184878421548,0.00856012968056709,0.009805439940871685
2015-06-26,0.00578709355632407,0.005936491801600684,0.007121620936143931,0.0024229409153806738,0.0029758969609420456,0.004297175204104321,0.002214582570276832,0.013108011025440694,0.013234496042675516
2015-07-03,-0.0042971516521677555,-0.006154565305026818,-0.0073753132868882585,-0.001076738803871328,-0.005485848847680137,0.00016851135674101844,-0.004085622100148748,-0.0072325301100585665,-0.0072910152345603595
2015-07-10,0.013016230635595209,0.007229111993224935,0.012654100132951937,0.007794136199526298,0.01258232577543263,0.013692474985193227,0.011923822564795402,0.008363079255854574,0.012031688110792225
2015-07-17,0.0016829502451594573,0.0016691267576849785,0.0023834391191723614,0.008041608277109947,0.0021470514190352684,0.001842214956178473,0.001608490320679821,0.004857864617627785,0.0034992750615327195
2015-07-24,0.0016241503843910236,-0.0030348460056477513,-0.004954221524603366,0.0030344150101506346,-0.0014427242449565364,0.001021020491054689,0.0015522298692395502,-0.0019435438416509332,-0.004909514073767243
2015-07-31,0.006358349246130092,0.004643400782732043,0.005557764282763726,0.0009008586308940113,0.006270687848486848,0.005395498535365827,0.004711198089781686,0.00859657224206951,0.005686415869233168
2015-08-07,-0.03301620514137388,-0.03142798611053717,-0.027684397534317205,-0.02967197288146256,-0.04320314792120444,-0.0362444187440921,-0.03161242864902426,-0.030026377795014915,-0.03462776139544575
2015-08-14,0.0037421088741198248,-0.006549589705368731,-0.0005827411326029229,-0.010926920994975688,-0.023721358128732037,0.003956201035680015,0.0036443979819394817,-0.004065046878310686,-0.005348841448334738
2015-08-21,0.00047203125125690464,0.0016094312351628676,0.0010113991180499486,0.0038095373099369108,0.01096663892567846,-0.00396208424148703,-0.0036552390796338098,0.004825670026412447,0.0007027694610932494
2015-08-28,0.006258954095262675,-0.0008050516193292762,-0.0009791804877214217,-0.0016120498899539375,0.0030782222418230783,0.002656922880854103,0.00607486966977235,0.002376764706222257,0.00583482021760484
2015-09-04,-0.013095698934156805,-0.012503555163815626,-0.015174352043333703,-0.013934433102070105,-0.01569960607792002,-0.0062711230344705245,-0.012702598764264933,-0.01077430494643312,-0.012216745715156532
2015-09-11,-0.0019498089132064138,-0.00283615387315836,-0.0027676589757339065,-0.002769736172826487,-0.001953713509889145,-0.0020125051762202163,-0.0018986523769318865,-0.0024483774674408766,-0.002580968489627563
2015-09-18,0.016464563036100565,0.013744365046150689,0.01641930125731541,0.010676105694506825,0.016515371960221865,0.015299892363087137,0.013674291983973939,0.015342035461915909,0.015312407407926082
2015-09-25,-0.009469836546400701,-0.009668990953768455,-0.008805556844883326,-0.012761281493628556,-0.009474549458727619,-0.008451234780915988,-0.009372641052383097,-0.005972921292225679,-0.008265466377729788
2015-10-02,0.019744828427214985,0.055077959411507345,0.017847551923415174,0.026087774670486414,0.01977480214024614,0.021809940557343203,0.016871974299942454,0.06582533042717623,0.016790092595398667
2015-10-09,-0.005207276007780035,-0.002389569278874399,-0.003952723367118229,-0.00448699657842372,-0.005200124095741085,-0.005685632300108881,-0.00524802164385989,-0.0025878186757284224,-0.0037395412134491237
2015-10-16,0.018250434714245003,0.014058158052121966,0.020510269521766225,0.01375916122039818,0.018242090753606756,0.019879696379571033,0.01840058439887398,0.013448955740746579,0.019416333721623744
2015-10-23,0.004782348309761023,0.002822268626688475,0.004486031361111713,0.0059496001683003695,0.005231026381055362,0.0062635833444107045,0.005594857963279712,0.0021679063586539098,0.004274635799237141
2015-10-30,0.007607509183787199,0.008052712934858488,0.008957884073909728,0.007840925042266992,0.006222112325886584,0.007075054164945928,0.006603949509248125,0.008762275433420737,0.00851897536834422
2015-11-06,0.0016525110144136855,0.0009450777556592486,0.003915408925674208,0.003780633670936797,0.0015504428058572702,0.0029395811636810415,0.0022628383098797743,0.0010275797099267537,0.003022972544960907
2015-11-13,0.0024783669772492334,0.0017257043897522528,0.004116547585894676,-0.00017216451433367844,0.004362668089276197,0.00016829659784168974,0.002491811864254415,0.005228525711218644,0.0019981370011053767
2015-11-20,-0.0022898092779223807,-0.002326477148992895,-0.003689219588441922,-0.0015580695410873336,-0.002305034368654251,-0.0013797619203180283,-0.002302655151306652,-0.001491906071384071,-0.0033324302790513245
2015-11-27,0.0031816470006957396,0.0037863036254273887,0.004380011756904169,0.00040006536770980305,0.0008674504854133984,0.0008272359727640584,0.0007730568049370553,0.004964858191160623,0.005361270866498047
2015-12-04,-0.00510414894223499,0.0005626324549433812,-0.00029036182196433047,-0.00528931856924953,-0.0046303606938726425,-0.006554060512073354,-0.006130156831594338,-0.00017739924827610534,-0.0002489021294024572
2015-12-11,0.0014166516938106965,-0.00017457902620504273,0.0003485387910884353,-0.0025609790597054876,-0.0015520983370349657,0.0031225331025262534,0.002931989041201996,0.0008060727189835829,0.0012094963053612842
2015-12-18,0.009710354878063831,0.004469370025413626,0.007116319616222925,0.008551529959149718,0.007476675292552927,0.009268050486483971,0.011106227849925238,0.004469160710751117,0.006957779664792416
2015-12-25,0.002125075381455861,-9.704465733449342e-05,0.0008751090179253306,0.002989237430057111,0.0026178500291796545,0.0032746122281269853,0.00213400677940435,-0.00010282724353078215,0.0008205946102166058
2016-01-01,0.0073080196811468505,0.0035510639714628153,0.005635818281273327,0.005000434150410644,0.004380841257720225,0.005931368834929677,0.0052533638952751,0.0036073239569012886,0.005068717476348746
2016-01-08,0.0011035419755042195,0.00022142641035819406,-0.00026522121823971726,0.0006286893416447158,0.0016205027596631395,-0.00027833184028023487,-0.0002586844312164834,0.00023479003342411538,-0.0002489816918710968
2016-01-15,-0.002475713365087638,-0.0009699501688983683,-0.0024806531512727176,-0.004537450812361583,-0.00249872032071206,-0.002664124146563975,-0.00250717684755299,-0.0010281151464731242,-0.0023256462742777496
2016-01-22,-0.007200978941771862,-0.0027074701563922217,-0.0042842941592299314,-0.001936114013048603,-0.008343938479889316,-0.004531408456697159,-0.004267180770503903,-0.0017656136905158458,-0.004013045822383151
2016-01-29,0.007730103303371225,0.0018123345721801469,0.00285882204905044,0.004257520046783346,-0.0009035584174408144,0.0030283897564809944,0.002852553800014426,0.0019198995922415898,0.0026847579420711263
2016-02-05,0.0026938088839031254,0.010064480230044677,0.009631410106974634,0.007697791243235104,0.0007228783899886839,0.0105019957992403,0.009655882174608305,0.007227108310985773,0.009118392995347203
2016-02-12,0.007508293962670719,-0.0007220586673166236,-0.0011346068839853986,0.008993242266558428,0.006778189171037807,0.008439630403364012,0.007765340883382946,-0.006221304959053888,-0.001073909478857159
2016-02-19,0.0021542997607252317,0.003141674881178925,0.0030273694039257494,0.005992030068942695,0.004430778329539231,0.0028186615500344365,0.001892760177787064,0.00435426707842135,0.002862830500037033
2016-02-26,-0.005770227166814664,0.0018253140192258583,0.001590643388730619,-0.0009899952432303421,-0.004318787667707101,-0.0009313860838431604,-0.005968777038065113,0.002920414046530882,0.0015038709312383263
2016-03-04,-0.002105815009502781,0.00046592800293735365,8.860619307683029e-05,0.0008668163025591857,-0.0022035824602330157,9.46895468567055e-05,-0.0021773699553929533,0.000547817900491039,8.373433164951157e-05
2016-03-11,-0.0037841193229639727,-0.0026389811913181743,-0.004051063900192397,-0.0034585347213776183,-0.002091472526652081,-0.005343874034082224,-0.0028627796083266583,-0.0024859992826858092,-0.0038205084104248996
2016-03-18,-0.0012462344272854006,-0.00010891655621606402,-0.00017197837902802553,-0.0011011441844977292,9.269065977733188e-05,-0.0009357773202731354,-0.001302650595995568,-0.0008945298515205542,-0.0012579738246383475
2016-03-25,-0.0031052018712131456,-0.002132826528465247,-0.003377112200106543,-0.001831739242148805,-0.0005741706289045771,-0.000529128638534209,-0.0032408876191098884,-0.0020014813697341103,-0.003135663250969998
2016-04-01,-0.0012607694511295078,-7.873193650569254e-06,-0.0013512241091363933,-0.004507102526040057,-0.001646539500701424,-0.0012161048807308528,-0.0013152240815754682,-0.0017486752172823136,-0.00127310133200567
2016-04-08,0.0013966222236062623,0.002200506860758698,0.0035128126530155927,0.0072100794740045295,0.0046819675301848045,0.0037347757469546124,0.0034100604494539674,0.002323652112240052,0.0033058879750479213
2016-04-15,0.005323731151463367,0.0014208779770276082,0.0043682276942398745,0.003716362749513496,0.005006215832140518,0.003141423695332483,0.005553934278651043,0.0015058525364826797,0.004113865923487811
2016-04-22,-0.010496785288296904,-0.0006615776052494833,-0.0006656022977767418,-0.0052829038977427025,-0.006585756298661104,-0.003609538849744929,-0.007064040909941969,-0.0006928294660688574,-0.0006254463271227233
2016-04-29,0.011463323437873131,0.0048086075262289175,0.01776655582655884,0.003944596660525798,0.01001550598475948,0.005470190288871464,0.012507015218676707,0.007133951777209733,0.008179290529473077
2016-05-06,0.0016997477764798962,0.0035270399028633228,0.00178469121938318,0.005005613812006945,0.005417087557937591,0.006295265671308222,0.0017666158475997576,0.003983223737844578,0.001738923015705301
2016-05-13,0.0,-0.0014373526165650788,0.0029308185558841737,0.0035210618102527987,0.005184309616327786,0.004514706400659756,0.0034928612956324247,-0.0010037924298828768,-0.001820882505870247
2016-05-20,0.0,0.0009855108040817124,0.0077583401017821295,0.001666145596931014,0.007063044950365698,0.0017712582763171716,0.007658301803375853,0.0007374592287473029,0.0016218999011673309
2016-05-27,-0.01246831665901549,-0.009682850258121177,-0.0065757793198551046,-0.013426414011564353,-0.018069093875970922,-0.011130777559987447,-0.00826193754897238,-0.0042956456105802225,-0.0064449050199644345
2016-06-03,0.0012223605294585924,0.0007240235803755794,-0.0012085788004527914,0.0005396150460541235,-0.00033072618150136693,0.0007820975062460691,0.00140379056043831,0.000879354749921823,0.0006814478359865104
2016-06-10,0.0035721353558562374,0.0051145216811390925,0.005439406224391791,0.0040802656965213,0.003290862822453196,0.004591194227622199,0.004798074194714044,0.004010463224265473,0.006325401257501173
2016-06-17,0.002805959398302083,0.0015627546783966515,0.0022204468046226914,0.004095247838312655,0.002584969089615064,0.0036487355224041635,0.0029477371142833417,0.0021157934188280932,0.002941634801154507
2016-06-24,0.011413972709674923,0.006284621982293162,0.010180536761558202,0.0036497237221823978,0.007919866621582906,0.016441290662379756,0.01359927712489184,0.007722569498328968,0.010012313916052042
2016-07-01,0.0006732185683870703,0.001194598248046444,0.0010514527495835123,0.00010755980680918441,0.0006594353832131746,0.0012701351631209318,0.0011954696085114077,0.0006498878643528505,0.0010168412522062712
2016-07-08,-0.0028802231925774482,-0.00176533474949246,-0.0029595385061710012,-0.004163186480430215,-0.002675763148789445,-0.0021820371533444066,-0.002060499866337157,-0.002125237037572496,-0.0029318987408509423
2016-07-15,0.008461705521473505,0.0042563415714834294,0.006918275694174298,0.010592157237683687,0.008206928573089741,0.0021029002410528764,0.0019853992600940267,0.006187988984467112,0.0068577677367294455
2016-07-22,0.005411029718301951,0.00470395207478009,0.007616963349917342,0.001739082686668248,0.0013521026732135183,0.004167743513118298,0.006145581129932589,0.00274685323422394,0.005564175916612742
2016-07-29,-0.0014904077141636547,0.0006387710869775403,-0.0016315126470044352,-0.007214498813684669,-0.006017398337695639,0.003921846362007405,0.0011273035016943263,-0.0004028636991207638,0.001026827539167449
2016-08-05,-0.0017326568820165008,-0.0009387306588035917,0.00040366179636528533,-0.0010483355364384896,-1.242491840637245e-05,-0.0015826313736490264,-0.001787537509086823,-0.001293763499535037,-8.259878979588035e-05
2016-08-12,-0.0020862187538417047,-0.00036606981783764137,-0.002274185106987757,-0.0007246285054221195,-0.0018925091655295008,-0.0024220571391506355,-0.002098825979659585,-0.00046863224383577635,-0.002408711196011001
2016-08-19,0.001428778773835831,0.0011366347418684851,0.0010354577756583037,-0.00024939834041522196,0.0009201869338864508,0.0016552024458760433,0.0015287364652027912,0.001188759149525422,0.0011091514519492548
2016-08-26,0.001711306875096791,0.0032581107802548857,0.004576008085786229,0.002279166676836563,-0.00017445481434033984,0.001997211850593968,0.0018419475832344829,0.0034068668681401532,0.00277330980140377
2016-09-02,-0.005375230721887313,-0.0023613253015699826,-0.005629917389561202,-0.003272383259205486,-0.0026933693876755194,-0.005540072715593861,-0.005123124707837319,-0.0024662361090664682,-0.0060394405755511745
2016-09-09,0.0024187699014856776,0.0028132473556843366,0.002684531125852693,0.006665722768265309,0.004045151142879649,0.0038083698396175615,0.002622000446413428,0.003842943342409091,0.003955556750281853
2016-09-16,-0.005372135255082144,-0.002000570131569736,-0.005256729307082681,-0.008731348426757574,-0.005749994138925431,-0.008314990025439782,-0.007455478813612281,-0.0020713045549195066,-0.005591480216794755
2016-09-23,0.00408032402326512,0.0032415264173325524,0.004935205656759022,0.0023663829276985983,0.004038631695428749,0.004591419247376691,0.0039034502911388736,0.003350509663172871,0.005272905691833674
2016-09-30,0.00515429770564357,0.0037462038615170266,0.005787050727077209,0.008651219929045275,0.006517531643987161,-0.0035887342411793544,0.00036674154197421726,0.0033812939140383173,0.006281424774407728
2016-10-07,0.011934516476821961,0.013363732110565326,0.013295467488552622,0.01299270486127225,0.007691913482713264,0.011544839797186738,0.0108313042865224,0.012812771419781077,0.014484975212196544
2016-10-14,0.004000374557547026,0.005627244624298796,0.004461677363652863,0.007874724705178367,0.00565782269512437,0.005027959137138916,0.004718716340708715,0.004307214531732014,0.004835401778221009
2016-10-21,0.0008506358873139097,0.0027617191153369576,0.0009876410430686461,-0.004056331508193386,-0.0011612569530667033,-0.0001531406018786587,0.0017294373074073148,0.010218533065317456,0.0031015608133943785
2016-10-28,-0.006975841378408592,-0.0034726839693809946,-0.008078505270369084,-0.004942607497030364,-0.005909791531411342,-0.0069621844496395935,-0.006430762549622423,-0.007050740130348996,-0.0058261569155149484
2016-11-04,-0.004852967901698852,0.00882094630501029,-4.0005071841772874e-05,0.0025303892276607814,0.0020727400627145367,-0.001807752850655935,-0.00048301905600405996,0.003541563423673386,0.0017367192355895167
2016-11-11,0.006014750963565307,0.016553645976519454,0.01943553849982794,0.012558626514833684,0.006410922746498429,0.007028874816935569,0.006496017536326763,0.012612164191280544,0.014846613444132425
2016-11-18,-0.008221580093347345,-0.008091580981842723,-0.009144216175369781,-0.006436881619596191,-0.00843921953604465,-0.005617222092507047,-0.005197018511026311,-0.00847396558952495,-0.009718995325070746
2016-11-25,0.003997837387631837,0.0035171065681142972,0.004722939648965501,0.008082546312229247,0.005878079731530835,0.007295165706066965,0.005507321451697374,0.004800724934527003,0.00552273693352152
2016-12-02,0.01085846350106367,0.012007305343374757,0.01137161625190247,0.00591529340728733,0.00904396616397672,0.013468096951742144,0.011098701132961289,0.011685544316984969,0.013387908907095928
2016-12-09,0.011218722945106195,0.005999728081608747,0.006311519494065868,0.013819719767297468,0.011890627390552943,0.012160450950875847,0.011517052878665427,0.011756865589575673,0.01336768047974615
2016-12-16,0.006173729340810568,0.009957715275546782,0.006945895494321697,0.011867826090790201,0.00976474468946429,-0.0008602446010919825,0.005348959998986576,0.010687835095711664,0.007947984851484234
2016-12-23,-0.004665991068117222,0.002237161914465377,5.044871320506471e-05,-0.0013552364843254674,-0.003610741725980787,-0.00549351123022177,-0.005232054549186482,0.00011917406343421297,-0.005955849100864998
2016-12-30,0.008120418567583729,0.010502379530394604,0.011084317681252587,0.011725442864208948,0.007030500176765925,0.007083675434047979,0.006744061025222392,0.006775109762699502,0.009931274320775037
2017-01-06,-0.010219456947300079,-0.01625661873233854,-0.017133605122311185,-0.011211524366854048,-0.010576284613245335,-0.010720618663307875,-0.014687022186018231,-0.013532084960750293,-0.01884615306848823
2017-01-13,0.00016607390627266917,-0.0003361810407830341,-0.0004767713586687226,0.0015446471837721988,-0.0001247641194875196,0.0003240626085750272,0.0008577791352563895,3.7513454707861554e-06,0.0007601135516705356
2017-01-20,0.0005816071156156255,0.004614808080846446,0.0006126854938202703,-0.0012278983137919005,-0.00012059090719694919,-5.568559833605364e-05,0.0006318681721101718,0.004289734611594413,0.0006405142681625167
2017-01-27,-0.006986722243723469,-0.0010569311769267518,-0.0072849906145129725,-0.001981423402502024,-0.00837762114843357,0.0008799506580314608,-0.0075059491550375215,-0.004777996398191521,0.0008975166075741183
2017-02-03,0.004265724038850405,0.011188321361924719,0.0037214413226490553,0.004580795216339283,0.004187937475025691,0.0025753941124886694,0.005156518773475036,0.012024983733351806,0.01161516952536284
2017-02-10,-0.002026761146834149,9.114834319951333e-05,-0.002163894759091134,0.0003691727321061289,0.0001703904323327497,-0.0019182699282291153,-0.001736818009836319,0.00046630965344148927,0.0005198927770401601
2017-02-17,-0.008672297422248372,-0.007165996068408835,-0.006119855468827273,-0.004714609379294233,-0.005688240678696311,-0.006281652772622808,-0.005667125795624172,-0.005941623447570047,-0.01289017992114128
2017-02-24,0.0005485841812799282,0.009120584149992707,0.0037866834367107443,0.004851520694926715,0.0001627456044288199,0.004430652085179055,-0.0037017803071810506,0.00999830201856844,0.006471562560745805
2017-03-03,0.003747158477970579,-0.0007298097827377384,0.0028908294728569347,0.0014076223150989865,0.003625879404768126,0.0033837020172642917,0.00407790013249243,-0.0008004422446520149,-0.000823138807548087
2017-03-10,-0.010833448548259402,-0.017183859552897543,-0.011552541656020387,-0.010051193307858381,-0.00594678089118309,-0.008658710470885869,-0.012949073094230587,-0.01377320059616317,-0.008618274194082018
2017-03-17,-0.002603782604077334,-0.004977774055802875,-0.005260447995480691,-0.004161388871523232,-0.0025313354111312484,-0.004322337335252682,-0.0027972548372834022,-0.005252366309480617,-0.0059175337082603575
2017-03-24,0.0010080173050256726,0.0013982481348601987,0.002253328362955531,-0.00048496069543615305,0.0005202104453638773,0.0013847224354702748,0.00108254183462498,0.0015669904098637175,0.002534571986433379
2017-03-31,0.010691499190210028,0.007289434356232208,0.01187355922786094,0.011683948782328547,0.009725013086489683,0.015334593475525841,0.011503286443157963,0.010149139095030322,0.013374149052057914
2017-04-07,-0.00037109257526795757,0.0008678528534447295,-0.0003003995776089773,0.0005726490553495089,-0.00038556683598174265,-0.0010187438887216376,-0.0003991596268202153,0.0009740103086273048,0.001014400916659885
2017-04-14,-0.003934805350370478,-0.0030737552162580432,-0.003205314231902693,-0.002391824777986478,-0.0025554380411133993,-0.004820188504743837,-0.004263844940880532,-0.0034489444485579926,-0.0035960201782241187
2017-04-21,-0.00170049608602854,-0.005061418030589542,-0.005292226605854296,-0.0011980379034903122,-0.0008849521132507933,0.00014739260255687943,0.000136162152902092,-0.005668019664062174,-0.005935515504703548
2017-04-28,0.0008171375177449308,-0.0011654213793612677,0.0010358742843807778,-0.0017931608463920238,-0.001487353118780374,0.0025216313389062064,0.001739437834806164,-0.000197831530633975,-0.001363030866338491
2017-05-05,-0.003083891123356517,0.0020387268054516,-0.00499999666733873,-0.0005410674420766521,-0.00046129362190012427,-6.811650447753041e-05,0.0003922586802203644,-0.0009573675258394486,-0.000992211137264226
2017-05-12,0.0042562417248326444,-0.011120109811897415,-0.00027334026689314735,0.004124642610172378,0.0035286891305043666,-0.012387912367181847,-0.012024364386491116,-0.012670446592783737,-0.0009321404825964856
2017-05-19,0.005236597638737005,0.004061236083073341,0.003923264715593887,0.0059514947479483325,0.0050272818187368845,0.004662982228043981,0.004528249855706402,0.004580264775666301,0.004163965328825512
2017-05-26,0.0019283998263303183,0.00047694006824534646,0.0003729304064022945,0.0001817180869793687,-0.0002789145715793454,0.001667927280407399,0.0016513719188076465,0.0005377641389249548,0.00038965175652255367
2017-06-02,0.007063624466630822,0.006385813148006644,0.006953038882186979,0.010359078223869176,0.010800807592789636,0.009236121105249077,0.008301393557217167,0.006780167983830769,0.006184036455083022
2017-06-09,0.006193405636389562,0.006301281499641579,0.006855609806158252,0.010534501399179568,0.010074631810702043,0.006178795873118942,0.00629530316410646,0.006684885131338082,0.003918278223000187
2017-06-16,0.0001698806604744436,-0.00048728065083864197,-0.0011537790796273084,-0.000586360924058752,-0.0002000025341170898,0.00017797098034758027,0.00017320268015826533,0.0002444241296059627,-0.0004995385188251086
2017-06-23,-0.004155459830478074,-0.00030686875671757165,-0.00033102628004367504,0.001306433885795089,0.001468719323724474,-0.003442521143609435,-0.0022724853443782857,-0.0009258147336400111,-0.0012524369975672825
2017-06-30,0.0035529109249654123,0.0027069487460483696,0.00401639492565114,0.002589105599185026,0.00314003676855327,0.003082285870477034,0.004360274644229316,0.00300238315905526,0.004228743165134953
2017-07-07,-0.00012921705024020974,-0.0038437950774498227,-0.002079543036829753,0.0011322812220175547,-0.00371497102067703,-0.004516137222355461,-0.0042748889877930775,-0.005713379721067178,-0.0018842435622901566
2017-07-14,-0.015598501994961746,-0.01278778043186517,-0.013985447394245839,-0.019866271033907618,-0.01991280979766267,-0.01613014548662433,-0.015272908698185442,-0.01354775761191582,-0.013949053293859445
2017-07-21,-0.0011692971642856401,-0.0025176562038418913,2.6020591672306555e-05,-0.0023455158798567303,-0.001170516296288203,-0.0012435150818437878,-0.0011855448644710414,-0.0027128186597130234,-0.0013320178334606044
2017-07-28,0.006252283810954717,0.005779752862283847,0.006890682376866495,0.005695929040170823,0.006174339876088123,0.008782429832554957,0.006364584178800294,0.008947593164646193,0.007732957460951343
2017-08-04,-0.0007359693828427201,0.0016512903552604933,0.0018160146172670796,0.0017244008220258763,-0.0007458215313377918,-0.002291675860524069,-0.0007475827108062658,0.004067880656407409,0.004424546259160737
2017-08-11,-0.0006238592849163274,-0.000909923074490825,-0.0009983893274018187,-0.0016475138179914068,-0.0013941544093738917,-0.0005922571905871549,-0.0006335113408585195,-0.0008670035115703885,-0.00012932009569494458
2017-08-18,0.001227660701479211,0.00044342386251646057,0.00022265748918083635,0.0025772387993912463,0.0023362504793322915,0.0013426912021223397,0.001295895964496754,-0.0009276019419184526,-0.0012857086987622603
2017-08-25,0.0013576364735541067,0.0016707807267559492,0.0012063806921832289,0.0019182751220323641,-0.00018054049275440323,0.001055095153175701,0.001378082374591792,0.0011242152912081997,0.0012617974117523632
2017-09-01,-7.912889577282279e-05,-0.0033599889185110354,-0.0036952750297129244,0.0018041644002308721,-0.0005287176328317877,0.0022582586248134882,-8.033527880663203e-05,0.0009879599672848484,-0.0006836772849413449
2017-09-08,-0.0019758530681019413,0.0017061468158242545,-9.17207549631228e-05,-0.004877857330864767,-0.004766476794818571,-0.0030984863615108812,-0.0019985658588624216,0.004905476970245951,-9.611818697326295e-05
2017-09-15,-0.002413815393378335,0.00037190757915540087,0.00040920365457618554,0.004045733164057409,0.003945020159186921,-0.0028002733787310975,-0.002698798884080676,0.0005427276153628175,-0.0028020411669428505
2017-09-22,0.0028412877069525716,0.005530492972672012,0.0008310887267932292,-0.0029942419367951193,-0.0028767339794817915,-0.001056084070972414,0.0028988898368818143,0.00590220013104416,0.003569183795326633
2017-09-29,-0.006048471676860098,0.003519803157386194,0.003924114622200315,-0.008181337173615516,-0.002234269214094211,-0.002203791966612542,-0.006166755058560992,0.003756741420190067,-0.00249107411652958
2017-10-06,-0.008697811239180443,-0.012293021142138696,-0.01370118726341138,-0.018280062900371673,-0.011321705373928792,-0.015883972539196135,-0.01499584486995905,-0.01310315432959435,-0.01432944746542359
2017-10-13,-0.002749906442237893,-0.0014906662609704719,-0.0016570993863546245,0.004317411277318404,0.0037154131793175433,0.0010328511113485324,0.0009800194983857207,-0.001572876466656169,-0.0017278592159176815
2017-10-20,-0.004021697849883914,0.004389198702739132,0.00487247244005261,0.0032928552649913708,0.005739478140460665,0.002437964184152038,-0.0040450352742253575,0.006190524820667089,0.0021568181567728803
2017-10-27,0.005621541751674867,0.0061347947624718815,0.004825096903075738,0.004133182949250256,0.004808653380388789,0.002580222043481987,0.002956194258848993,0.0025301507026441864,0.0026388262582233454
2017-11-03,-0.010489416022745897,-0.007831822229901758,-0.010217220568395101,-0.000876893441999113,-0.003049561185451666,-0.004905053882647496,-0.007797443958565723,-0.0027781518237182706,-0.008084629688522416
2017-11-10,0.0008115504514360125,-0.0003202945465193223,-0.0003522053929642337,0.0047265295594767776,-0.0016032817634366462,0.0008442833648999833,0.0007924137977705842,-0.0019143945788377395,-0.00011559846213539839
2017-11-17,0.004829204449364793,0.0023778417985211293,0.004555772175274057,0.009883690994016913,0.00446057927207775,0.006835827558181017,0.0047172679643422396,0.002518175803681528,0.004609459596031294
2017-11-24,0.004856656931245583,0.004430730687857723,0.005805180276211829,0.004914505862121479,0.002615005876149962,0.002116003389927271,0.0019888480698061857,0.004295265117556253,0.004617983603176
2017-12-01,3.470881725582904e-05,0.0022495953402942876,0.00041543778264449316,-0.0013167575360983732,-0.002631184279099588,3.5914128366972077e-05,3.360192584915667e-05,0.00039102047568201115,0.0016538279648543057
2017-12-08,-0.006299878954397107,0.0001717650195496469,-0.0005075708043950517,-0.006033988208040715,-0.005376780031541652,-0.005639463660752627,-0.005204393685715136,0.00026397059740819034,0.00043468993244037647
2017-12-15,0.00225600891740234,0.005866640533924111,0.006677366358324157,0.0037013938046010653,-0.0004271836621678162,0.004771401933040623,0.0021662322652059025,0.005629842463284461,0.005293376952144696
2017-12-22,-0.006756731231375305,-0.008326411138679409,-0.005924594435111202,-0.006043872381646984,-0.006737225151132006,-0.006630065013671466,-0.006443071673613382,-0.009699692730518029,-0.004085087868231146
2017-12-29,-3.419204961250572e-05,0.0055704488191295485,-0.0011056086221967203,-0.0036811190028557773,-3.398084067223514e-05,-0.0001533034728429369,-3.2604950889127246e-05,0.0021696323857573916,0.0030883468907083964
2018-01-05,0.013233087968761399,0.005757466041204663,0.004537347835319026,0.006219554908321648,0.01302318224867957,0.022420085020467672,0.012433712039497063,0.0017477421725083085,0.011830092754823019
2018-01-12,-0.0006441363632248826,-0.00314157079471014,-0.0030058273973550638,0.01925764356135155,0.0065851353868776425,0.010796082339635886,-0.0006187734345820884,-0.0033141809774455315,-0.003051802172839985
2018-01-19,0.006250062525712641,-0.007602079163906626,0.005994115322922745,0.010701934577288647,0.004504969745229351,0.0057284767329424694,0.006008249389035506,-0.008016383192551112,0.006082030331989868
2018-01-26,0.005503634303543834,0.0036074970581256647,0.005284304371366392,0.008237664986616733,0.0068474451521077576,0.005058262651786274,0.0052900406197214835,0.0037924698552658912,0.005366128983883882
2018-02-02,0.0015906040641107282,0.005487278867018018,0.0015275883803829754,-0.0007805131158426068,-0.0009055912313161082,0.0014346459747396694,0.0015235095968154542,0.0058052546012346785,0.0015210264329328363
2018-02-09,-0.012118117897099311,-0.02983926957727576,-0.016587610040789767,-0.024021849863526297,-0.012152898115569117,-0.01666574293794646,-0.01163916830368852,-0.03167944299282926,-0.011973348688550836
2018-02-16,0.013141717848334846,0.016576481152698348,0.024181211871248748,0.0190871268341379,0.02420130613193956,0.0114470179986372,0.012658906783744834,0.016172642313747737,0.023902027570643948
2018-02-23,-0.005652555194442686,-0.0015275673173423586,-0.0035916941076805046,-0.007430532677610354,-0.00336658632209091,-0.005790251037331207,-0.0063387913275785995,-0.00033636764937619346,-0.004935570012357565
2018-03-02,-0.0009039812639883518,-0.0006465788224728311,-0.0007764594680514326,0.005393633243386971,0.004649785076269009,0.009645796667068841,0.014408610566704913,0.0018893768294833326,-0.0008539040356069381
2018-03-09,0.0036644692444338044,0.0026055016584085942,0.003135432797405706,-0.002443860721824354,0.003353936828377735,-0.0074770357454420275,0.0029677227373363945,0.00187335636213039,0.003441180002731934
2018-03-16,-0.009543063078136054,-0.004061091497829488,-0.004776974405068562,-0.003937877629072774,-0.001197093515430771,0.0016744053097148463,-0.0005132145949448436,-0.00296413602120176,-0.0051428897000608195
2018-03-23,0.015715058860949666,0.005970887698803644,0.009461992748658363,0.00790983515449412,0.009829172640267825,0.013515424257701896,0.014496146141363261,-0.001124259053416721,0.010197246747504562
2018-03-30,0.01250744382265554,0.008439480977745542,0.00868588419710575,0.0078060888233759404,0.009644610030400385,0.004948669135091269,0.008518931737392196,0.007597889971988798,0.009343106713671664
2018-04-06,-0.005655859687107497,-0.007335759161467869,-0.0017254707223120997,-0.004185603910014716,-0.005202873269726131,-0.005351167638816795,-0.0052587546327055226,-0.0036977937601308506,-0.005501414055071346
2018-04-13,-0.00837283857044408,-0.006498022870387623,-0.007085895997029417,-0.006762678579032262,-0.007771543102116961,-0.004425593243649036,-0.004844062130806511,-0.006065480669273451,-0.008446384690274124
2018-04-20,0.01772489393614485,0.0197386761343779,0.01922410271700284,0.011769268623312621,0.015686954282705154,0.01968458867870095,0.01992546601955537,0.015250627859053536,0.020556805467954523
2018-04-27,0.0072934245846640045,0.007829497160804631,0.006683330736417156,0.004204693312858065,0.008972647427551004,0.007179373148052685,0.011430233084388581,0.0060381809488673915,0.007353876929951371
2018-05-04,-0.015495545802123315,-0.009726462974252689,-0.013124316178585794,-0.011939568037276136,-0.01453973706883645,-0.00553281005839268,-0.005946922491966027,-0.008074551166768591,-0.0109047023983933
2018-05-11,0.018593269354150718,0.008177375606532401,0.017031607052539383,0.009985681957159421,0.02259105876143119,0.026769246183041058,0.0205378586221218,0.018942040939364208,0.022760376477046436
2018-05-18,0.0017287477842519194,0.005240511716960133,0.001628792604280621,-0.0021435662294927074,0.0003099502039381144,3.792011531242091e-05,0.0020484319820977138,0.001181766984438194,0.0020276161693126692
2018-05-25,0.008168605533111401,0.007256393677049519,0.007327175337202996,0.010346680053438835,0.011896632133149001,0.008750509263738665,0.009919798091978174,0.017015928604395127,0.018159261687832863
2018-06-01,-0.002396419304645691,-0.00820497349729128,-0.009438420665195192,-0.006828955731770284,-0.006495316435414519,-0.0035649463164682507,-0.0040252860198272625,-0.008940298192033968,-0.01013680100148947
2018-06-08,0.024520290486490272,0.015381393016042749,0.01760927510501363,0.018502992860786455,0.020126989902654834,0.015205726355154622,0.017179455299902613,0.010550310265750986,0.01185790031217878
2018-06-15,0.01756623565344077,0.019518665031393944,0.02212895037019881,0.017549557729408544,0.01410620094878214,0.016291287744738116,0.01822930727832009,0.018464831867481706,0.020590562494350827
2018-06-22,-0.002384164343851302,-0.00528757893776486,-0.006497277414199817,0.00032291975766307173,-0.005167377950568896,-0.0033190110599486218,-0.0024309415598510677,-0.0020563462811758093,-0.002271236152688105
2018-06-29,-0.01644869791662464,-0.014875500991467616,-0.013929923770036868,-0.0045799523879691455,-0.00690296064570614,-0.007560363044838209,-0.010390805761456727,-0.009372529064586882,-0.009519346912912374
2018-07-06,0.011178192259560646,0.007959422625669054,0.00859999174065536,0.008207656873604401,0.00910337137443727,0.007568331303149073,0.00828916381208636,0.009987607490693542,0.005169691990230281
2018-07-13,0.012956271332898232,0.010604453112236916,0.015728479986153628,0.014278161227508353,0.012339773987199137,0.018677423734922875,0.011897905713668848,0.009958970300019536,0.014339294262648117
2018-07-20,0.0013513170494265812,0.00885969595010351,0.004033674735001291,0.005445413643643821,0.0050275468553985314,0.004616970131539976,0.009499857237583157,0.009390831407627242,0.004852079151988062
2018-07-27,-0.0011464760390198852,0.00027150990289837176,-0.001237856040519478,-0.003380389009552057,-0.0008909947013640155,-0.0012509806433227569,-0.0014112755441725417,-0.0011138745831212416,-0.0013141381249639633
2018-08-03,-0.0006017393815266699,-0.001666520869915565,-0.00404802781292299,0.002029596398402656,0.0017825697127337521,-0.0038106085055100675,-0.003638938106561989,-0.00039435626731206675,-0.0040049975648660235
2018-08-10,-0.00693494663458911,-0.006570778740807764,-0.007999805685707176,-0.003609490318203052,-0.0071327978995898685,-0.007796108650493857,-0.0073440781061466995,-0.0070000198564694,-0.008493994008236179
2018-08-17,-0.002359707086297165,-0.008547156216204735,-0.00564315893876247,-0.0022940926790178924,-0.0026067132169066624,-0.0022094312179248474,-0.002491398488681362,-0.005474265816840369,-0.0059708688217628685
2018-08-24,-0.008474985901712322,-0.0064392308644319355,-0.007177116841294674,-0.007652996656760817,-0.008687348607339464,-0.0064476503005420766,-0.008938325142005234,-0.006968060586155528,-0.007588315620197738
2018-08-31,-0.004832345545788126,0.000612128053468408,-0.00205840486177812,-0.0027603894492824995,-0.003120092556516197,-0.008814256047579967,-0.009847655680111303,-0.001999066850243359,-0.003710634761226317
2018-09-07,3.942043405397903e-05,-0.005205509417206765,-0.0013641312872534213,-0.0007446686746864301,-0.0008414531096821142,0.003551617421738112,0.0007408449586747859,-0.0011113070430749299,-0.0012039099493256781
2018-09-14,-0.01931440370118824,-0.008925237712742617,-0.01805586696122276,-0.017564478184920223,-0.019870829237490447,-0.021047638957763744,-0.021776002793953402,-0.018860493893867906,-0.020394412907436495
2018-09-21,-0.0068074031958770586,0.00040504190139731906,-0.003025898290714282,-0.0072746267156956115,-0.006112632604482617,-0.0015297168234324305,-0.0005040875326834073,-0.002608811046272162,-0.0027898371978993934
2018-09-28,0.011494512005887024,0.014437995818221527,0.01210995110993836,0.009394012972520693,0.01326143434965046,0.010935165099542444,0.011645378868073514,0.008400518414649383,0.01161538929633622
2018-10-05,-0.001822161377915026,-0.0011731436149527313,-0.0017083641661013416,0.00011835913984572542,-0.0003775333973671011,-0.0003284950541156644,-0.001864994260415179,0.0003906756777705367,-0.0012899972091007911
2018-10-12,0.004057087496980348,0.0036256253987968635,0.003855654748753244,0.0036463089095439,0.0041457810897109785,0.004303240992010762,0.004234224945332261,0.004550644923896229,0.004006793089838664
2018-10-19,0.02330638502083086,0.02154790245241384,0.02214681278420465,0.020864605251962855,0.02372395347366131,0.016955018160966406,0.025143418593436592,0.022277989553042377,0.023819844941083485
2018-10-26,0.0017002427978496108,0.00153716787757534,0.0016279166785991312,0.0007892383371803857,0.005361507264367108,0.0014493456718347837,0.0017579690560173484,0.005623386648471061,0.00167373262995902
2018-11-02,-0.0005893893046858984,-0.0005333852826252143,-0.0005641857564246716,0.008438512813336827,0.0030157117943395693,5.812027419804465e-05,-0.0006087390037669784,0.0015867877999154068,-0.0005795660782557815
2018-11-09,0.006007101325334965,0.005419414757093084,0.005755538650667794,0.008090798187461574,0.006059704696455452,0.0029283583274581624,0.006185676866074532,0.005552005176103832,0.005889185422108762
2018-11-16,0.014967836553613664,0.012623862526819891,0.01424693609919312,0.01460258415690689,0.015836739627741653,0.012974061565400916,0.015389663112616062,0.012569475452452008,0.014583498087253845
2018-11-23,0.002509149124157927,3.6228382491645344e-05,-0.000848782703055874,-0.0008309150530291701,0.0010523042690704463,-0.0008389886583112686,0.0031580242980770263,-0.0008253159117161868,-0.0008686019065725892
2018-11-30,-0.010833172326256232,-0.010516355641860266,-0.006148500558270701,-0.004302191083634611,-0.0045666780650283,-0.010791394531246203,-0.011166528316557383,-0.011987809348272115,-0.006286007745502578
2018-12-07,0.0005433651017362225,-0.00361066382288767,-0.0026263440985655963,-0.0012750430558866176,-0.00016547916615810868,-0.002597801093290193,-0.0002863830306492996,-0.004177927224184396,-0.003574905704152506
2018-12-14,-0.002268677742723798,-0.004341242068252744,-0.0007746878724166273,-0.003956122357829409,-0.004202864059478316,-0.0008548953876705193,0.001180369342073178,-0.0007335804466249006,-0.000788912308504023
2018-12-21,0.004033974380794493,0.0038901115100588276,0.00393552150598281,0.005029494242730775,0.006251037409799463,0.003954199001871274,0.004791203690051719,0.003973455770728923,0.0040030111144310305
2018-12-28,0.009144830074317965,0.00984445126894055,0.010592266641170089,0.006289020862994767,0.005055057384752121,0.009067140968839876,0.009522330843577441,0.010230646703455134,0.013586395736185468
2019-01-04,0.0021587542116463052,0.0030324634247714368,0.00019723725068789818,0.005974407092403393,0.006348401177794305,0.003904621945818592,0.0011690797385593722,0.002720941867105427,0.003268683102779637
2019-01-11,-0.007942383135356338,-0.00950823410688696,-0.00852255633924644,-0.007410970421396755,-0.009611511782688202,-0.006770989816454554,-0.007022160493749695,-0.00812460818196102,-0.007432212659196812
2019-01-18,0.002992418665151479,0.0010790008355130846,0.0008472484486120382,-0.0030587825050288997,0.0003643973115676397,0.0008781492194782066,0.0009067663886258515,0.0011060520618896073,0.000856660114592639
2019-01-25,-0.0005533958181791274,0.0018402626452065501,0.0032874441179423595,0.002059886842259074,0.0052053884702977764,0.003406905296486791,0.0035168223594899827,0.0018875264606810728,0.003323317471698823
2019-02-01,0.01007628198631676,0.011219548993632476,0.008530535692519336,0.013546465763412717,0.00903956648786334,0.004950137466325605,0.005110222022335001,0.011507630810685858,0.008624067766827653
2019-02-08,-0.006157154067734598,-0.0015561293589699595,-0.0028438567977028067,-0.0037706160279880425,-0.00468832633174265,-0.003970511658759995,-0.004100946070065507,-0.0019108566757611554,-0.0032129723241603922
2019-02-15,0.004160321657247321,0.0009453033625960881,0.002279796659623211,0.006243994319137787,0.004083946911144977,0.004290527385545427,0.00438126265027225,0.000972691216873581,0.002286023295434323
2019-02-22,-0.005435854927850242,-0.002114847375472471,-0.002310929232644956,0.004080916836158644,0.0010205821159010233,-0.005606017930205278,-0.005723730469831493,-0.0021711825863816323,-0.0023072695142954576
2019-03-01,0.005452195496935503,0.003950882012878507,0.005520447493783724,0.002476356820670721,0.005511803527808848,0.0056253267722869826,0.005740568246077444,0.001640191614055152,0.005516369892566483
2019-03-08,0.00446338152116395,0.0036841691683772745,0.004227795225848727,0.001929051414810069,0.004696257739948421,0.004320476085561385,0.004428123571963241,0.003780805362730382,0.004226831710977228
2019-03-15,0.00022665658263495463,-0.0020519739484443525,0.00022955652017064563,0.0020851500442192806,0.0018796063434136626,0.0006594467792879893,0.00024049544335763673,-0.0019239427463265686,0.0006401204193683923
2019-03-22,-0.0006503661982532036,0.0017653020262679505,-0.0006562072581681062,-0.002399393718919942,-0.0011232918371166412,-0.0010734795849786758,-0.002363686081462121,0.0018939157825757277,0.0004129556244313561
2019-03-29,0.012650582268095756,0.01036062748891274,0.012706425793745705,0.017262781656915867,0.015966919501339553,0.012140678828327272,0.01231524549077797,0.010185632256466058,0.01208561768265395
2019-04-05,0.009663161420197545,0.005776672270654128,0.006802892817961527,0.011553108099755217,0.013263328111576529,0.008406165566924846,0.010160109082272342,0.004296414800480195,0.0072327018855085756
2019-04-12,0.0017711492629394004,0.00019334416571699733,0.0019601985558377636,0.001793835842756658,0.001815927024201867,0.0027775592038872697,0.002807068151425756,0.002449686178463281,0.0017956129581178481
2019-04-19,0.0006438457587054701,0.003172719089328385,0.0022378969287491983,0.0016217135151102035,0.0045044309512525405,4.110234519928094e-05,0.0006756476301134093,0.002949483068960959,0.00225684629353283
2019-04-26,0.005304843880993426,0.004731080316372935,0.005644252641258966,0.0039047276516749503,0.0064064945816564595,0.00555537816187231,0.0055985185327439065,0.005626714643857631,0.005688220567784234
2019-05-03,-0.005137217762201834,-0.004777500413460678,-0.0051975238014724656,-0.01314939317500294,-0.004370026759840058,-0.005382373964459435,-0.005441642047315606,-0.005182914152912052,-0.005239457546237618
2019-05-10,0.010611748136279528,0.004698889514135452,0.008663567528432652,0.008208127966082314,0.010918704452594132,0.010948692694865344,0.01106711714084291,0.008573201901092252,0.008683174699642235
2019-05-17,0.006322776265910313,0.008761368626132122,0.009855506530586734,0.0088142758312174,0.010579634874905906,0.011590779671393282,0.010191973548870938,0.013899676851001696,0.009981687195574575
2019-05-24,-0.0012200054261384055,0.003785108193409166,-0.0037930865299977646,-0.004576980378047549,-0.004864394302051754,-0.007007220882439476,-0.0012690586989650688,0.0005463131714060716,-0.003614790653773688
2019-05-31,-0.0070454911378218694,-0.0067207007405637054,-0.006573254547607156,0.004020915669528038,0.004268919900861061,-0.00971348789584379,-0.0073396507997481476,-0.003522612958631776,-0.002858103017589097
2019-06-07,0.0031085145908235617,0.000967544670292313,0.0013079939517512866,-0.0037227986782046446,-0.00044211348881411977,0.0032062821161122166,0.003239356904220826,-0.00021750912652755932,-0.0012113771178172707
2019-06-14,0.0033708826040403112,0.005999951399019174,0.004704031220101445,0.004958638107450465,0.0008788928732697509,0.0034201917230885634,0.00345318906102896,0.010232706637019093,0.005629716965520112
2019-06-21,0.0018205178591144987,0.0012874434499843704,0.0027219414394550447,-0.00023630264061816713,0.0013008585433893656,9.722526498316755e-05,9.808942889275265e-05,0.0013305782543405948,0.0013793071668763565
2019-06-28,0.007588120747717496,0.007745334984212733,0.00985353568200605,0.00942669752960887,0.009619321187156476,0.007893369872832,0.007955653190246893,0.008302841148891448,0.010753773171563792
2019-07-05,0.002364656798373361,0.004150333772657734,0.0038225236663454515,0.002664130387594581,0.002561434476263076,0.0031962195387342097,0.0032444726033958784,0.0037207664323244357,0.003818314184402473
2019-07-12,7.662247385634895e-05,0.0007070156639642631,0.0007010698818411406,7.202948493271301e-05,7.72118211007652e-05,0.0006853985823325002,0.0009400013850081433,0.0006845567888321387,0.000697126756639589
2019-07-19,0.0056461740065319194,0.0038019914761530187,0.002715935500991599,0.00532984883938376,0.005658300539208203,0.0038180611120347215,0.0037617072319018957,0.0036644105718235615,0.003768324776128577
2019-07-26,-0.0036324120334063742,-0.009545707612929801,-0.0095243874231825,-0.006681404287046882,-0.007072200519810615,-0.00573611700615542,-0.005678388164513163,-0.00976904420772149,-0.009385372182106071
2019-08-02,-0.013530507731737952,-0.013969229341407308,-0.013957653742708647,-0.015521006775410578,-0.011415041876051728,-0.014890473056111507,-0.014731680416362854,-0.013446603153247003,-0.013755372517863362
2019-08-09,0.008857252659391218,0.005818178013106275,0.005830679331739854,0.009227639899934035,0.007812969697999776,0.006078639595160762,0.006003884219779745,0.005607581986836365,0.005746615083736912
2019-08-16,0.0014374143688997702,-0.005329847165159794,-0.0013337208796895459,-0.004301425890000186,-0.004145288854134031,0.001455715361209844,0.0014359827087184391,-0.005137960994459659,-0.001315197170218541
2019-08-23,0.008835286791017524,0.003573654810669891,0.0062013119376993905,0.0038550350428096054,0.003989194825916705,0.008943391688525636,0.008826085662785588,0.0012052096722916777,0.006115436263681438
2019-08-30,0.003220332345235334,0.005873726069555294,0.004265405970672491,0.00577517674210703,0.005783641318496713,0.003357493002830984,0.0033339761182038376,0.005604729859731666,0.004208727135880344
2019-09-06,0.0015576623923447084,0.0011978983707451286,0.0012911810622819478,0.0006669489792302766,0.0010249521774423275,0.0015823356632259315,0.0015737318340719225,0.0009896385480126398,0.0010787132043344584
2019-09-13,0.001702934191621052,-0.0015055002590703488,0.0012216585565542873,-0.0016379268167994417,-0.0018008122941435614,0.00030368820049066187,0.00030206572547536285,-0.0017235407904904838,-0.001789833901770018
2019-09-20,0.002048250319171905,0.0033429584834818835,0.0035008149083845595,-0.0014277006283888373,0.0022811003841194323,-0.001566195436290608,0.00020343123830072042,0.0026557426161766986,0.0027782829769077005
2019-09-27,-0.0017779326459821038,-0.0023100394813227883,-0.002433912271423327,0.002112584967073745,-0.001633693691390274,-0.003084467888473134,-0.0030401139547516186,-0.0023138738393156983,-0.0024229370836125644
2019-10-04,-0.003675256737327196,-0.006355689601301407,-0.0060134128143831305,0.002384161022361185,-0.0037140152058985653,-0.0014876101878553358,-0.0014590317141421753,-0.004986902900815619,-0.004291641035482534
2019-10-11,0.006543819330206115,-0.0036741219884252573,0.0020297278691302815,0.003579572869618856,0.0039887405359619816,0.006726677667359527,0.006681156355015591,0.0019082001342293653,0.003986130339371655
2019-10-18,0.005082352506897118,0.004924568212328067,0.00416713950110518,-0.0038726983432589897,0.0009543777876388524,0.005222478457700822,0.002813312487514538,0.003919808980575317,0.0009537469284764295
2019-10-25,-0.003063334217686422,0.0014525514288408314,0.0022967135992012153,-0.0019581377227862523,-0.00010863420630465442,-0.0017785928492988073,0.0011812276362347352,0.001028746050135387,0.0022978948054530155
2019-11-01,0.003622578384929745,-0.00686446296623026,-0.009168973288303699,0.005212341076173074,0.003949079537632857,0.003606693331033098,0.003727874113124435,-0.005682268733390124,-0.007172645780881923
2019-11-08,-0.0012786931536104143,-0.0021712618857901984,-0.000579938824198937,0.001714825357757906,-0.0017390365102826057,-0.001718636672669527,0.0011363784403945509,-0.0021325852794325485,-0.0018133888522861234
2019-11-15,-0.0014051568517610099,-0.0008154083314237056,-0.0020267404756844766,-0.0017929985218852003,-0.0020358618521620292,-0.0011238261688656975,-0.0018201589807612271,-0.0010821290763417329,-0.0011473727243391412
2019-11-22,0.00142075335967552,-0.0016288481823345906,-0.002478802518680383,0.00040935814742654614,0.0004690651058245086,0.0008537316922270397,0.0009136978013391454,-0.0017723015767679277,-0.0017023070801221957
2019-11-29,0.007131162659198147,0.007486671887881962,0.009701326854512011,0.009288849255904985,0.010625979735353031,0.006885396461667692,0.006521072833424094,0.00793717193288312,0.008515901377267336
2019-12-06,-0.0010065355061363028,0.0022409410754499286,-0.0014427162819324003,-0.0013328181061298297,-0.0015283903194719588,-0.0012178923856579653,-0.0010794497058993372,-0.00014039426996638192,-0.0010157860712493804
2019-12-13,-0.004888323792690036,-0.0009152416296460287,-0.0024437279865097135,2.2744828300615977e-05,-0.0013008411125567819,-0.0036034161164269474,-0.0038042636633407643,-0.002036183857079647,-0.0012682087561010913
2019-12-20,-0.0018899966706114526,-0.0006624059433273685,-0.0024886324062429947,-0.002302752541411279,-0.002107621402205222,-0.002495389709955939,-0.0026255179243248445,-0.0012550573452353411,-0.0035175862442925307
2019-12-27,0.004588856803477338,0.003605889352315926,0.0031857344162027944,0.001252701163630948,0.0026033158206944166,0.005067790411385086,0.0048951993193586335,0.005193670972182615,0.0037705371776842454
2020-01-03,0.01831818015876466,0.009003581207997751,0.01495373590614476,0.009259992963213596,0.014651388226429253,0.01469926033950545,0.0190572819503124,0.008113485350245676,0.015481666389546157
2020-01-10,0.0016646198698814518,-0.0004578733176111126,0.001193716372303123,0.001522829970898521,0.0027420315566876897,0.0014134374379709729,0.0017235429488340452,0.00017008416990863713,0.0013275634623287006
2020-01-17,0.0018783729919702986,0.0021048216175030402,0.001340683961854226,-0.001115234928279032,-0.001282284354898397,0.0018711922576155069,0.0019326674935411098,0.00024762223322626986,0.0014813855033423886
2020-01-24,0.004484611162554352,-0.003792529036882062,0.004505891655803067,0.00040457371718412137,0.005628955068027747,-0.003136384118529056,-0.003239799760125737,-0.0010692819839183657,-0.0032685482080362397
2020-01-31,0.002346043847824599,0.0048071938635387,0.004552256016006721,0.0018073826230971739,0.003194603584909627,0.0007028042082473902,0.0007249323598215292,0.003243784038340501,0.00329063993531498
2020-02-07,0.00305829375756465,0.003051964292016525,0.002789134144961683,0.0012833925717029794,0.0014298442953843775,0.0008663835702305971,0.0008931006928828523,0.0011614323425257114,0.001145577454419724
2020-02-14,0.001042164793788513,-0.0016140206699518584,-0.0014816745208228754,-0.0013272263665643018,-0.0014904407855318943,-0.000610441871879635,6.820701997195072e-06,-0.002639836197885763,-0.0026155621591783525
2020-02-21,-0.049392798797451946,-0.050554121875618176,-0.05406551035535919,-0.04078300603668374,-0.04546109843315482,-0.054745121633438684,-0.05651720160423352,-0.037619819565833754,-0.05457795330182044
2020-02-28,-0.01506704517222396,-0.0270314892950967,-0.023848533071048474,-0.025923051494997167,-0.025857325594565887,-0.01694667304742489,-0.010858063566170086,-0.02412611226255173,-0.017805234467348274
2020-03-06,0.009865399644366368,0.008452977026771816,0.008328405675345475,0.005433219140953534,0.008819764788737104,0.007817488062539532,0.008823981268350494,0.002742819017804838,0.005779349034826278
2020-03-13,0.007131177463527225,-0.003916696496907742,-0.0035462563397256957,0.006668790021996411,0.00695434542208505,2.4531163363899668e-05,2.5527242043547865e-05,-0.012128951003577994,0.0006226084220092459
2020-03-20,-0.003057198228257457,-0.002996634681276588,-0.005178659046149941,-0.003554675761855168,-0.002859413041411202,0.0025967801435793463,0.002702137971370324,0.0027603613471221884,0.002486636255966669
2020-03-27,-0.0055554672249235135,0.0022316087179578507,0.0020102837149705696,-0.00013503508958127156,-0.0007673820290529325,0.002024488482864031,0.0021098055017711175,-0.004901597532447224,-0.0006513790149483923
2020-04-03,0.0034963056663114413,0.002832865116227265,0.006368607173198405,0.0049933419828020785,0.0005567472497152407,0.0032113857221165274,0.0033476796875092337,0.00852131946665932,0.00056845871570402
2020-04-10,9.727971923139329e-05,-0.0031361279252968997,-0.0016386295081112431,-0.0011856811163827173,9.365184792987095e-05,8.886199706962793e-05,9.306438945636057e-05,-0.002452662832237984,9.398252223058062e-05
2020-04-17,0.008616684554390228,-0.002510651023129538,0.0013188297543554937,0.003764135168189229,0.006764437628046949,0.007878143033212312,0.008248443139046008,-0.0026910844161694867,0.006790709272228825
2020-04-24,0.0009918575909021845,0.005006013041648585,0.004490421145625632,0.0029478650245759893,0.003972036416725554,0.0009073421572642219,0.0009500135102869976,0.007226360330156116,0.0066227481158011095
2020-05-01,0.00033914906727725925,0.0019790558183967015,-0.001049414430016268,0.0002098749124418932,0.00032875459683312085,0.0003102900109802963,0.0003248156227701299,0.0021129579437827507,0.0018357783345494814
2020-05-08,-0.0006705207619317266,5.016792864446673e-05,0.00012088091083274737,-0.0010022793952974916,-0.0006481723503180918,-0.0006121724193531648,-0.0006416152494800256,5.3662427642448724e-05,-0.0009205345887414431
2020-05-15,-0.003232391302908806,0.0016336607741122432,0.00041920199687134324,0.0010810222492589042,-0.0014040911490181519,-0.003611718301367683,-0.0030901993031794786,0.0017678825777607701,-0.002448040366685244
2020-05-22,0.0032480884472855073,0.004842262267146147,0.00438621936832439,0.004754753444769138,0.0009623702309695787,-0.00027752539591248285,0.0031360487122451004,0.005392798178805786,0.0036425479879975647
2020-05-29,-0.005052896831090104,0.005224352425319041,0.0027505359843503783,-0.0038555036052448635,-0.003982323425800407,-0.0056301343957852945,-0.004877053972107482,0.0057918541757026095,-0.00018690977564071092
2020-06-05,0.00039359529706589733,-0.002699620644492259,8.256696810361619e-05,-0.002168153627456474,-0.0004369182613891828,0.0009993248213632218,0.0003796965473019305,-0.0004017169283575495,-0.002555183248808642
2020-06-12,0.008129792134511484,-0.0031772024299395116,0.0019221323831739312,-0.004953897582882475,0.0015679566264829104,0.006462418157072361,0.006662623737897727,-0.0018958583966468788,0.0023109990594200576
2020-06-19,0.0007551891745529292,-0.00020813724253846444,0.0029096923615000003,-0.0014233173957950945,0.0036532458697413513,0.0008629009125812171,0.0043337906858255445,-0.00023376739716332782,-0.001329978631404091
2020-06-26,0.003062599897177822,0.003139011576876437,0.002734725904642197,0.004293904037066846,0.000884944301236987,0.0008421365214057377,0.0029555781659898386,0.0040405240236127925,0.0035591206554204417
2020-07-03,0.001217418754319351,0.0036460801869888037,-9.188203183321033e-05,0.0028131533830660373,0.002155523948725653,0.0011450300256920015,0.0011750141084906677,0.004111232255082717,0.0019644111088108402
2020-07-10,-0.0015705956255985937,0.002184223336511777,0.0019872501719571875,0.005105426701189642,0.001907142130314072,-0.003450477888169483,-0.0015965574869484043,0.002461540163034154,0.002180998324318127
2020-07-17,0.0042306241323776745,0.01669157324395484,0.005701384171759338,0.015157946482799674,0.012815318207846354,0.011429221484025602,0.011742628767547149,0.017672263077433113,0.0025693553760675124
2020-07-24,-0.0031730936495776743,-0.004117673611754367,-0.005105259323287318,-0.0050854523237925916,-0.002695586230015661,-0.004143555325648336,-0.0029882635484858046,-0.005815348532424611,-0.005641471896026769
2020-07-31,0.0012106627761678,-0.0029081257707988966,-0.0020244590511616666,5.098151628729887e-05,0.0008331080228940868,-0.0017441270736314345,0.0011437726095030233,-0.003265775849400566,-0.003066370272535657
2020-08-07,0.0020436102798376487,0.001734917964124972,0.0013073519856544708,0.003139395377620683,0.0014110043116464695,0.0018679403469779746,0.0019353555235956655,0.001963667985198924,0.0018356132293946606
2020-08-14,0.0017475623021060355,0.0013367616688746118,0.002557157837841868,0.0030438411642314356,0.0033614283345649552,0.0015848614574520607,0.0016412344347877291,0.0015151235785611005,0.002845599316118309
2020-08-21,0.006404058750511263,0.011939616453888541,0.007850549574884945,0.00709889238603795,0.009003375479383081,0.005807656906047987,0.0060145747494018366,0.01355296595571533,0.008731931649297588
2020-08-28,0.007033381017985687,0.005372372698111675,0.006115046818029027,0.004766730190787354,0.006616558329487104,0.006373006782732195,0.00659942905247558,0.006043333096779149,0.004722524997841596
2020-09-04,-0.00035658528735966187,-0.0002147037614146531,-0.00031065931185009416,0.0008831350482051541,0.00039554466882984226,-0.00032333780062427124,-0.0003349476771808977,-0.0002414949854776283,-0.00034618860338417784
2020-09-11,0.003557590686231906,0.0010925384240633913,0.0031001479607407232,0.004525377814432633,0.0038954044387393707,0.004653171220785536,0.004818319370660294,0.00211119630741344,0.0034548914382361005
2020-09-18,-0.013310104764730664,-0.007929911355090562,-0.004160914757466491,-0.004393977425693868,-0.006984196993209524,-0.004623142901919331,-0.018130606779274572,-0.022319896409481562,-0.00463596641704338
2020-09-25,-0.0007989683949595724,-0.003038141813309311,-0.0033126884046632385,-0.004936235391653544,-0.006459993785842702,-0.0034325740852281994,-0.0030703284091727363,-0.0063488291695716105,-0.003687569091597369
2020-10-02,-0.0028195628941799704,-0.00245021959454202,-0.0022745931894687446,-2.1053708244995525e-05,-0.0038800605646585927,-0.0026323686836167265,-0.002562641323742074,-0.0022652881630048785,-0.0025312514524880943
2020-10-09,0.0013540731421128977,0.009206484489711755,0.010877093186072303,0.00717103956947141,0.007270925778209476,0.005280713317838818,0.003613669318257315,0.007295198796586636,0.012082083259888531
2020-10-16,-0.006434073303558189,-0.0016327136029515349,-0.001269783472332967,-0.0005407139845319822,-0.004232797231567761,-0.005581983801655127,-0.004622369856873897,-0.0013696661579557705,-0.0015008139375379348
2020-10-23,0.001562589163806089,-0.003324674606948935,0.005123384549104024,-0.0006020278379086893,0.0014738471340143156,0.0013029682372063813,0.0014151592898959263,0.0031251557168440872,0.0056580253147799475
2020-10-30,0.0027444073342052233,0.0025029024531976634,0.00033907166494064907,0.0019435621309437593,0.003800896737614613,0.0025471592520384203,0.002482492051295529,0.0034226036053898513,0.00037401656629558764
2020-11-06,-0.0006434896527107272,-0.006296764876682368,0.0003756013022340238,0.0003171777677231552,-0.0005405596133925581,-0.004267031884106528,-0.003885090447998314,-0.0009111053110545403,-0.0066491516930813534
2020-11-13,0.001652278518705438,0.0065351973826380675,-0.0028603658542365054,0.004423741287896775,-0.0004034129540789268,0.005827600658259165,0.00039471266558821657,0.023012296363403066,0.007457129613495818
2020-11-20,0.004101738744006537,0.003845674039906107,0.003631700491415318,0.005530165799237682,0.0031932288002528885,0.003100412629598813,0.003226980611241812,0.0036616496324265433,0.0032696091891008506
2020-11-27,-0.01141676602373132,-0.008639973746988331,-0.010122805533764746,-0.004298179780605678,-0.004336787757190611,-0.007442675554049325,-0.010305889653237749,-0.00018682477991842093,-0.006677842927116841
2020-12-04,0.0011198091017434503,0.005280445521368102,0.0010004984560725103,-1.120705826477634e-05,0.005566265138599836,0.0053363102371891315,0.0035635643206549635,0.00719953671207064,0.0073042068097655816
2020-12-11,0.0018153994501248886,0.0010545040879405753,0.0013583587545004695,0.0025335006371371097,0.0021136450869005015,0.0020249700627832353,0.0016399582584827332,0.0008381302319844388,0.0011134861316965945
2020-12-18,0.00023319657072509107,-0.0012749349918097232,0.00020803621071669232,0.0003923561592823117,-0.0007979876117021563,0.0036190323133354426,0.00021039055549287638,-0.0012204336302725324,-0.002339188466113432
2020-12-25,0.002295896008774575,0.005368619753790627,0.002048610679784844,0.006419692038604711,0.005688828338775446,0.0014093090371970897,0.002071739143777779,0.005177800412863187,0.005326191254771508
2021-01-01,-0.0012064797050350719,-0.0073381370156074,-0.004219595699370032,-0.005392971856974262,-0.0029913043799779434,-0.007895601738415558,-0.001043674770036171,-0.0070910445244862196,-0.0077585826574632965
2021-01-08,0.0006387002181103987,0.002366955937161577,0.0017327849338802037,0.003035483283582731,-0.00012389781035733978,0.0017845903059532796,0.0005724021690009827,0.0027587062697101653,0.0025332485868274778
2021-01-15,-4.470365461159119e-05,-0.004231614580517354,0.0026035979936604335,-0.005306970435744076,-4.222386834360002e-05,-4.0180667834482036e-05,-4.0061015818386296e-05,-0.0014643453348836826,-0.0032188274093031327
2021-01-22,0.0012337044136021774,-0.000267003687399567,0.002447619810440064,0.0013287464973142217,0.0011649890074224608,0.002585250254889149,0.0025084691452579673,0.005538718195072176,0.0011478812781306356
2021-01-29,0.0017957893469719318,0.005097696407384979,0.0014619441716951231,0.0032868703013662908,0.0022393455650953488,-0.0009380635140857286,-0.0009354161786448126,0.002280296632980846,0.0002767008945957071
2021-02-05,0.0017985966777913649,0.002051057839400415,0.0015666103163601633,-0.00032327611341384055,0.0010245474232572218,0.0016117760150380473,0.0016071749572309562,0.0019757159188865375,0.0016727244104069031
2021-02-12,-0.00929779248612227,-0.001591330291626035,-0.008096581084847154,-0.002650151073191681,-0.008781296928003612,-0.00832448068148772,-0.00830094055866017,-0.0015325771124193705,-0.008639712261721274
2021-02-19,-0.01084730813661815,-0.00974269408623322,-0.00838996958692991,-0.01163836768650055,-0.009071602035535664,-0.009737971102338368,-0.009709447344131473,-0.009385801802499927,-0.010522138434584773
2021-02-26,0.00446540365003139,0.0065118909232217415,0.005933471317972622,-0.0002326867656066792,0.0032044969406876574,0.0033124335440402725,0.004199405533377488,0.005714840646216475,0.005531069832171624
2021-03-05,0.0074168107561010475,0.011608057615171691,0.011797889169353655,0.01577330605972271,0.010630733868382286,0.009342347281139446,0.006701805132488769,0.009346866593220987,0.011666013486527406
2021-03-12,0.0063086884484447135,0.0069731882253682214,0.00626219444065614,0.011266665037027576,0.008292001748897302,-0.0005565826732509501,0.0025850782629409023,0.004212931480846166,0.006055649007158602
2021-03-19,0.012555012026514406,0.006723263225597033,0.012339854993354845,0.005446753334718727,0.012457776789552944,0.017781253665961234,0.015366482910231936,0.008550343246135933,0.01178692702326647
2021-03-26,-0.011560203414173867,-0.009137370994256886,-0.011056413924010128,-0.010406290029691942,-0.01108853735284763,-0.00955178249124301,-0.009982545865557177,-0.007577206676099638,-0.010879040829822207
2021-04-02,-0.01060769257825382,-0.007748721551609037,-0.004821855041460291,-0.008656449794807865,-0.009753244147026281,-0.00995892285415729,-0.00906658257716258,-0.003383804030372601,-0.0054967293146960155
2021-04-09,0.0001560609243029318,-0.0004694423986982016,0.0008240301205276537,-0.0009313215120725761,-0.001338724743215996,0.00022849456279607053,0.00013399872554631162,0.000574474465016196,0.0008497387034612357
2021-04-16,-0.0005051379904887802,0.00012380536904067646,0.00027370159934371176,0.00199434554108412,-0.0009845656633714706,-0.0020272797122401296,-0.0011019630713013763,-0.0003632604625090898,-0.0013741681301527042
2021-04-23,0.004596481304353406,0.0044889384254634315,0.005008277572893721,0.004586877285996344,0.0031538952845554385,0.003715620032503188,0.003577613149631868,0.003390142603615116,0.00422175941548215
2021-04-30,0.0023174505543774,0.01473641757124832,0.006019337222474095,0.005089669264364321,0.0009701294931817082,-0.0009870099676628885,0.001973137426650265,0.006141920177976,0.003018444910026658
2021-05-07,0.004338262344175383,0.0002297740321494383,0.0036203181939112703,0.003229775196877059,0.00470242313076722,0.0014726203839939217,0.003694898181464022,0.0025703308050696277,0.001638438181966587
2021-05-14,-0.0012371409239480536,-0.0036952180359155905,-0.002417960560513619,-0.0025157917010573544,-0.0024107715252761393,-0.0019691968596229526,-0.0020658040030586836,-0.0015032830291357101,-0.002277137021462966
2021-05-21,0.00047781140720459483,0.0004433546901041108,0.000844900473059827,-0.00046570096962269175,4.547294459518039e-05,0.0008855455960929644,0.0003164253717913811,0.0010258517771353287,0.0009074116458184415
2021-05-28,-0.0005150020012850483,0.0026920284572595835,0.003079806355205422,0.0032698721995154637,0.0028186512272809976,0.00309063892844064,0.0026358689502716925,-1.0001109668116239e-05,0.003180109391592468
2021-06-04,0.0027925263856891586,-0.000556159219290709,0.0028771251910187563,0.0017526193907497036,0.003851664314897274,-0.001253213426617435,0.0036175375146865296,-0.0004831795620713921,-0.0006528528167142831
2021-06-11,-0.0015246846867332173,-0.0006434405829814699,-0.0014981207533343234,-0.0016585826296105935,-0.0017800396377046345,-0.0004816560109116838,-0.0012888617348234023,-0.0005570131623012099,-0.0007556029381718878
2021-06-18,0.0027449685995606142,0.006855662924066128,0.0005937051703499744,0.008961524354062795,0.003858802708175345,0.005804209450754592,0.0022835164423246103,0.00591585512332793,0.0074685524451545355
2021-06-25,0.0028037491013471567,-0.0011122625739213782,-0.0025414065840789544,0.007017353437323569,0.007484244945319141,-0.0023844632839559203,0.0015333946861845677,-0.000962737261389304,-0.0012337611674689696
2021-07-02,0.000421590819554255,-0.0008601197999059254,-0.0006017022186204803,0.0011142186575591791,-0.0015964373274020443,0.00037635052564484266,0.0009073818290576891,-0.0024284288672640963,-0.0032173728853748603
2021-07-09,0.0012825983381464156,0.003582150494603378,0.000832984486899954,0.0008341978573051793,0.0015701160350910476,0.0018354092085384513,0.0010735231207716922,0.002488629568451332,0.0011330449511706266
2021-07-16,0.006731383950191314,0.0014282988457202353,0.006526038626003422,0.003913293381478445,0.006363870071851344,0.004879429794277703,0.005633454155924485,0.0026875575965910506,0.005242100613121809
2021-07-23,0.0002849209991676653,-0.0011458808001471622,-0.0009630012365848239,-0.000530490253641323,-9.102672603673024e-05,0.000270669083971677,0.00025029528171014283,0.0006133651373144331,0.00025384902554454895
2021-07-30,0.005967256482274152,0.0009159162470480662,0.0010690233108327763,0.005457237340557167,0.006166526158243453,0.00460191295508775,0.004228060204127554,0.001326327697505114,0.0017163153356065937
2021-08-06,4.209268898714558e-05,0.004915150755336252,0.005732133751526662,-0.0017501549803832118,-0.001408988437956145,0.0025797675465992855,0.0023657910786148116,0.0013328231683331988,0.0017260864448255598
2021-08-13,0.012366566842539615,0.006423642902330744,0.007482374648061894,0.008402384255740398,0.012440476257135798,0.0033633751474928504,0.0030843879814118963,0.0037528286137384816,0.004861999652613156
2021-08-20,-0.003682233046920904,-0.002185691738489064,-0.005252996746488145,0.003926177870938837,-0.0019209015609250178,-0.008258368942004442,-0.00833394233735387,-0.0026632019725165296,-0.004446281858239343
2021-08-27,-0.004455104746051572,-0.004706514622081817,-0.0037879333610043135,-0.010621378324891777,-0.009425616981675487,0.00048299348158456913,-0.000288026057598248,-0.0047985886947412276,-0.004551072436367432
2021-09-03,0.006273755420498489,0.006335794176426354,0.009984247952011438,0.0060006113160677495,0.006094458509724951,0.005534015529055073,0.0059874736435064965,0.0031797937031328386,0.005814402805485353
2021-09-10,0.010954767800205253,0.007116915395307929,0.01089690368670295,0.004456552996732819,0.004519936283225287,0.012062255121649242,0.009764222067981743,0.006817778531232175,0.010178416602151862
2021-09-17,-0.001583787189854318,-0.0034024374955229555,-0.0015787695293570704,-0.003569320465904303,-0.001988366124969245,-0.0015467423622500373,-0.0014232129834205634,-0.0011654611814337905,-0.0014768064100250868
2021-09-24,0.010346474482566934,0.005673649054630905,0.008490152147537363,0.0056572400532897095,0.008973515660521784,0.009351857048878955,0.00996878572606231,0.007128440279926796,0.007925075749836847
2021-10-01,0.011090555917393793,0.009964640055095455,0.011005653480751406,0.008729499441689118,0.011837801976745638,0.008607039026754866,0.009151936482608989,0.005026203894358692,0.00971098530926834
2021-10-08,-0.001961514271402474,0.0005068286534772758,0.000558649455132268,0.0027008289829079145,0.0006031092034827834,-0.002844805303510539,-0.003021509223047192,0.0004861907575582483,-0.0017253918445890104
2021-10-15,0.0010190546445056237,-0.013494812187455612,-0.01532733347735707,-0.00987896683822965,-0.011023459535687353,-0.0003992943103118042,0.000999660549424644,-0.012682608317408936,-0.0038729290504518855
2021-10-22,0.0017822122003090105,0.006082876318325105,0.00357630214536743,0.0018137346011092503,0.0017835395861372097,-0.0018343575298620926,0.0017289556428043804,0.002991555658607847,0.0016078658523154456
2021-10-29,0.004950936651466867,0.006475331742369964,0.004252075318738811,0.005928296607616287,0.008513162491760908,0.0017740936708236866,0.0038802323953223065,0.003842967442345581,0.004521590319026854
2021-11-05,0.008144102150488632,0.0011160260800939972,0.006734055316744974,0.008627341756855027,0.007165814595445226,0.006951244390172043,0.007313430595366163,0.006945627215863373,0.008628433912563089
2021-11-12,0.0013983297432415649,-0.0034250488270929818,0.0003153550988613008,-0.001788461510707272,0.0013975216683794203,0.003818939216778217,0.004771152830396551,-0.002138589453525462,0.0013049313910289916
2021-11-19,-0.0025871261797908184,0.00722979768349293,0.007279140348352231,0.0024931501175449655,0.0035789245212445478,0.004882698698841768,-0.0025399112103375093,0.008112695604698529,0.00735478658741118
2021-11-26,-0.005562716929764325,-0.004761831814953533,-0.005233684702243242,0.0010178651023286579,-0.005559605046164414,-0.005267572313268423,-0.005452289765238232,-0.0053395335085879275,-0.005276342653739739
2021-12-03,-0.004352699519286633,-0.0008021850332572982,-0.000911302417318493,-0.0024137266791913014,-0.0009568648851049565,0.0038750398669949683,-0.0010066321186649842,-0.0027221267189331843,-0.0009222794684779338
2021-12-10,0.008977437722351551,0.0015669655364037329,0.0025191259538498057,0.0028576196793344893,0.003959018013939466,0.0028907863152089998,0.0031074559004797726,0.0016962947044821019,0.002903816922513764
2021-12-17,0.011438323657974744,0.009489228815731134,0.008287440546635246,0.00479655837632382,0.0,0.010817212700749524,0.011429782160873942,-0.00095153442953022,0.00815786870830545
2021-12-24,0.0029012197972226603,0.0026752238667455256,0.0027424301609027765,0.009760958529095233,0.008809624356405985,0.0036743161631669105,0.0028965577792275906,0.004432075417859514,0.002977071450208999
2021-12-31,-0.0007444042182606387,0.006454454043719203,0.007191983652858744,0.0010312557821104177,0.004499979279043286,-0.0034053946841481773,0.004415911940845567,0.008823279575791949,-0.005246762206548737
2022-01-07,0.005720088327757261,0.014200923889093445,0.007294144852690105,0.01241865915424724,0.010009157575718604,0.004887434553915322,0.007499149345142389,0.01347459627468676,0.006607248226806986
2022-01-14,-0.005800802181162238,0.010365387418384706,-0.0019091157078464393,-0.0006410780789460919,0.0026005567782225363,-0.0056671211269299394,-0.00576583001814307,-0.0018891929108203233,-0.0019599091808000504
2022-01-21,-0.007142915660016882,-0.0031790404371501374,-0.0035292320647264666,-0.005048440859723434,-0.0021252722204852556,-0.006105429478213255,-0.0072005621429427616,-0.0070281653344110365,-0.007241321883289104
2022-01-28,0.00443319988005725,0.007090780189354709,0.005284621344016648,0.008414908107266438,0.0017779599084171772,0.009112502690720147,0.006006359424387705,0.007238024692613568,0.0054240088744869405
2022-02-04,0.005720790948779868,0.0063162282109028595,0.0037182307889730144,0.003072313720133864,0.005678374751093884,0.006957367409612817,0.007098299534852236,0.003997038322904321,0.007216566648286936
2022-02-11,0.000805319468864612,0.007332443164660396,-0.00196543182711863,0.0007630438641601151,0.0007754576214986739,-0.001497729484021014,-0.0001358459477172483,-0.003541324905988883,-0.0016848608050416092
2022-02-18,0.009175089046747872,0.005616980486470526,0.00831799413852283,0.006975730878462995,0.007495183999838625,0.004429395702409919,0.0053353041157194045,0.004083135192818183,0.006591640011202074
2022-02-25,0.010820294715206144,0.005336729487215886,0.01159723171646183,0.009123455184707023,0.01245451149200449,-0.004218462890311022,-0.0031507418719754613,-0.0020989990145338358,-0.00020537819725504776
2022-03-04,0.004903132032468688,0.0036287555025366104,0.004413877163470923,0.011536204687906068,0.004816465719318652,0.005360795596786515,0.005562673884936246,0.00883681187098121,0.006779677940384828
2022-03-11,-0.001235434721686974,-0.0010668050789404383,-0.0012299238759313155,0.00466939519366343,-0.0012296845627427608,0.0014463385931398984,0.0014859260581427268,-0.0016937003550729836,-0.0013206785085964731
2022-03-18,0.02607943716856049,0.02251012091329963,0.021743449668911063,0.026909233134105086,0.02611392791724432,0.026996747214053186,0.027699614477295253,0.020720448567766676,0.02787837309098371
2022-03-25,0.0028291488010244526,0.004144884426774383,0.002557923904269673,0.002919616952879902,0.0027946176441445768,0.0009033949447926112,0.0029059146813523065,0.0021127467871260557,-0.0008665404614758184
2022-04-01,0.002975618424972903,0.007311874695486199,0.010189307569497454,0.014218764346410045,0.011312756105132172,0.004321810476436457,0.004444751274831254,0.011767454157656187,0.012548341799488234
2022-04-08,0.00031308321265986863,0.0019832649747427767,0.0023255329711890675,-0.0018108756512242685,0.0003400502225727467,0.0017151748865994465,0.0017716986134113926,0.007472863006556141,0.008030001744183096
2022-04-15,-0.007299439265449083,-0.00767475737404592,-0.008976471523530656,-0.009563982299892963,-0.009623273725611108,-0.007287071410615303,-0.007530966681828115,-0.00855888052210822,-0.009194811332968999
2022-04-22,0.0022673289699559453,-0.0010374363191858402,-0.00578560546240893,0.006403816049608468,0.0011299365659895302,0.002278329256487761,0.0023429520980033963,-0.005548750751649212,-0.005951575628733836
2022-04-29,0.005498561816138649,-0.0023885360690255775,0.0003076010605269402,0.0020376606468324805,0.0027910776128635163,0.0050008651875602566,0.005680890997943806,0.0003229256362429223,0.00031654700617619045
2022-05-06,0.010131335717352908,4.693398704362319e-05,0.0023244815789991483,0.002486649129996228,-0.002417129059207055,-0.009186837602561988,-0.013229512684912566,4.987323220264426e-05,0.0002759124664174339
2022-05-13,-0.005242532253469848,0.015559026293674092,0.0037811275082761343,-0.009383839111526762,-0.00026667286069452896,0.003288682800039441,-0.004303864205946008,0.010800255806930247,-0.005440587785058235
2022-05-20,-0.005592304713598946,0.0031872241761247604,-0.0018158772372666907,-0.008133107386510099,-0.0027188924337138236,0.005280081974771331,-0.003521412961453694,0.003680770932280971,-0.007927430837318825
2022-05-27,-0.008309917408083846,-0.0022500621950787866,-0.009445973123792903,-0.0020713488361145975,-0.006318773237769549,-0.00846220740199649,-0.008347388761765285,0.001401871938333282,-0.008154582876012017
2022-06-03,0.004104495038860138,-0.0018592457199343112,0.0014948206742157273,0.0003391254494665712,0.005226030168368225,0.004174843239393676,0.0041226708012408395,-0.0023976919486646555,0.005165839069137368
2022-06-10,-0.004006811425129918,-0.007915820604589603,-0.006954097890961144,0.005790628793331418,-0.0038338147632433063,-0.01453794926111803,-0.010356354616946957,-0.0051643529359044656,-0.0048616351190352725
2022-06-17,-0.0028153532538520653,-0.011203198213665704,-0.012259648951690742,-0.010382621378758288,-0.01358098877926774,-0.006965141860615938,-0.007045993693978829,-0.012463794371427129,-0.012044982862183423
2022-06-24,-0.0025246574610264566,-0.002887556145919059,-0.0031277016582406474,-0.0002717164350605907,-0.004997008059762182,-0.0028462150229553364,-0.002862534402511909,-0.0027874875683564842,-0.002832185697254099
2022-07-01,-0.005587337743083688,-0.003562515498326926,-0.004644701299858874,-0.006570470791992193,-0.0046908631155787965,-0.006118797134527588,-0.004781929342549344,-0.0038894779364206642,-0.004743947317845893
2022-07-08,-0.0005126717677628183,0.0026181733311965018,-0.0004877308469852189,0.0010458517984534533,-0.000493263523746055,-0.0004993449486782439,-0.0005016118023321443,0.0028750843710319716,-0.0005013258893619758
2022-07-15,0.004906775832700941,0.0037748229968751395,0.004670940369823336,0.003525619494444669,0.004721968438093984,0.004782350011261932,0.004804427872264017,0.004145426103997279,0.004802095410632282
2022-07-22,0.020351686086054244,0.025155400911151274,0.027342558439631532,0.014494112258138282,0.01958375639791715,0.01978039779569278,0.01994343339206131,0.0260949398137069,0.029405010431725956
2022-07-29,-0.008434955676818921,-0.006208792496072729,-0.006200339088089651,-0.009973616207344306,-0.0067377210253031505,-0.008187863844373632,-0.008236856558367433,-0.004573608516308212,-0.00622122205936789
2022-08-05,-0.0006670558070923001,0.0033864270974398904,0.001770102843101395,-0.0011285928912982068,-0.0004558417348450836,-0.0009906866697439805,-0.0006534550429030134,0.004194961219803411,0.00022908288578262588
2022-08-12,-0.0019344498316819965,-0.0025012933738014047,0.0014515370063927955,0.001015678431632724,-0.0004412535952896454,0.0004400609784983837,0.00044326824963143155,-0.0027138545240274195,0.0014530641061466388
2022-08-19,0.004053243931414303,0.010743224357627052,0.00833923431610395,0.004588210187821992,0.006204905920096319,0.003849322472838634,0.003878294171378381,0.011647895881217434,0.0083155837366738
2022-08-26,0.01403707160836719,0.009341138127294094,0.009393798859163563,0.005928954779637739,0.008267243119223763,0.011039822828205089,0.0137162135568827,0.012864594570329584,0.009334113781016949
2022-09-02,0.002936822983727242,0.006144325744252628,0.003500682988084323,0.0015271045875805992,0.002964159211291314,0.005355844388203102,0.003741232744118547,0.006021712760303374,0.0055328330026254416
2022-09-09,0.0040529242564305065,-0.00031654838086600827,0.003693483602300872,0.0028094157185940207,0.00393429033457557,0.0038119428152136926,0.00391959891425076,-0.0018582074365820992,0.0024324047345187067
2022-09-16,0.009339129408472212,-0.0034899901463687774,0.000735441122854119,-0.003948195193560722,-0.007384034612256899,0.009050412852093931,0.009035602470205715,-0.003734859460260061,0.0007240691911994679
2022-09-23,-0.004853237375023159,-0.014961598951567102,-0.017849920527968237,-0.01302073869583912,-0.009082940862319042,-0.018866078297371098,-0.008800367044337868,-0.020641205669990427,-0.01756795515453971
2022-09-30,-0.0005501659298867662,0.0029888843506504005,0.002549290872220189,-0.0039718547447637215,-0.0034496881246387587,0.0010036368419180993,0.0006020665310389322,0.003093707467244514,0.005287781997682953
2022-10-07,-0.003241394918024833,-0.0009397921662363864,0.001840475915490699,-0.001392604780150248,0.0011385663555644264,0.004478805408423084,-0.001307473990127853,0.004133784397835536,0.003910235233464115
2022-10-14,0.000742216105941325,0.009713397173663828,0.01032540489697536,0.0026148263968514074,0.0023558690875905503,0.005699636095792757,0.001940295648302246,0.008483858304146935,0.009025158540542765
2022-10-21,0.015275722633783167,0.008756394736963232,0.0056712341722990195,0.013734020668455865,0.015290858201680494,0.01647341676107295,0.024312437876754012,0.014227432468237341,0.006936919388131335
2022-10-28,0.00015068354713129427,0.011861586208034625,0.014988316424894933,-0.0052954043871640535,-2.1709336570647663e-05,0.002073739234697217,0.00013545472907613442,0.011860637135323742,0.015011930502975952
2022-11-04,-0.014158821254415185,-0.01979374864619419,-0.04330709270476192,-0.006440230888481327,-0.020637704732080032,-0.03351287368101999,-0.030437538689882054,-0.014182435027082422,-0.031020910501623686
2022-11-11,0.00371823477352369,-0.011104907467861093,-8.372858115429584e-05,0.0048237169897838135,0.0005633744386208248,0.0038040994325786687,0.002018216374772703,-0.008445210509252172,-0.0004544158927002706
2022-11-18,0.0016810683509747902,-0.002560948274597913,-0.00014866332576326217,-0.002823977485334399,0.0013308418219669582,0.003353931242944424,-0.0013175517944582328,-0.0018089408769829743,-0.0032075381588042786
2022-11-25,-0.006768619952702943,-0.0008420862278536833,-0.002878424691761655,-0.006734328601196945,-0.006472418153528886,-0.005475839932145014,-0.005706496068006757,-0.0015001570036267005,-0.0030385414167867896
2022-12-02,-0.011814043315657727,-0.008247246339241954,-0.007478870127263555,-0.007606222730718261,-0.00739260098176854,-0.006586632773769824,-0.014937074294976895,-0.008737421269642168,-0.005624553249813128
2022-12-09,0.015084782099143868,0.007836700477332276,0.013696503929821668,0.016959456763912407,0.014749557776931233,0.011398825126514236,0.011444431611458111,0.003087460602629705,0.011291406412721328
2022-12-16,0.01072670595613852,0.01761562197948031,0.007432029138435354,0.0055214114274300405,0.005424467751274202,0.00469014665727815,0.004705247125423022,0.01014320512020883,0.004206940936722006
2022-12-23,-0.002734618872431414,-0.0010177149321099713,-0.0020643980507348515,-0.0026990842832515446,-0.002646584427383391,0.0008303455632262031,0.0008329075775396754,-0.0008766786681860036,-0.0016434283604343438
2022-12-30,-0.005560767751814451,-0.006337706230640378,-0.004881228164375505,-0.005565062531287853,-0.005437113002140324,-0.004391194767791556,-0.002188609138741132,-0.007362733864903508,-0.00454030440337838
2023-01-06,-0.0006143052847436513,0.0012798146525319183,0.0011122833363487778,-0.0006145372949030791,-0.0006021099615260256,-0.00048809151803670095,-0.0004908426187756903,0.0014091550338143585,0.0012056772562452514
2023-01-13,0.005891210340840371,0.0028567387640123006,0.0018566063499730722,0.011835520909323436,0.005840901814785653,0.002852776617606958,0.002879330283052612,-0.00045362342553539366,0.002011734341173226
2023-01-20,-0.008155654476866397,-0.000976400113738921,-0.000893276608050082,-0.0023350136030323232,-0.003955272426330741,-0.003010997840802122,-0.00652208773488137,-0.0017122353518950703,-0.0011888636218320668
2023-01-27,0.0024241013922430324,-0.0010890127253100812,0.0012901339696945863,0.0013232537694075708,-0.0027401118616719082,-0.0038048707966611608,0.0019431646555841673,-7.170340758157625e-05,0.001864316564408424
2023-02-03,0.009279144859187571,0.0002819053775169195,0.006555984250071322,0.0006497169174325523,0.009093905408092058,0.005294283915315412,0.007451195950785458,0.0017835654066989683,0.0071395281487819555
2023-02-10,0.01273341356155047,0.0072887336532803755,0.009021561212204612,0.001462444083809873,0.01246934509539901,0.010305618791959029,0.010267873020132483,0.007276349166526809,0.009844918232400298
2023-02-17,-0.005046938087998971,0.005752108101596249,-0.0036180743130275355,0.0025705631776203474,-0.002639166714919963,0.0006981611474048603,-0.0021899249748597673,-0.0007577020377787583,-0.000674776070934498
2023-02-24,0.008468392176252358,0.00403773768001851,0.005237517243006105,0.002440472901048935,0.008308792313636753,0.0069110658635109104,0.006874454347304214,0.00488159691036448,0.004355081288362467
2023-03-03,-0.002444914901412855,0.0017663323926625212,0.0065309165105872785,-0.0068906864819168814,-0.004047890754355084,9.374629708446095e-05,-0.0036924176016123653,0.011351895170408374,0.010117682528224637
2023-03-10,-0.03110027471598535,-0.022811497170140665,-0.020035659284276763,-0.016513542531836838,-0.01514547173560421,-0.04293774121115682,-0.04249359990188648,-0.04793394850709402,-0.0246368608825799
2023-03-17,0.011442913353083185,0.010206021896537243,0.009345758457341126,0.0010574352336102629,0.010479238556699454,0.014500697681530632,0.010724818865777733,0.007074909416976069,0.010955885216687427
2023-03-24,0.028139336689978416,0.015863628368960977,0.019096017024764687,0.013317801269865788,0.01676701081074325,0.023498067524562127,0.020068669748951086,0.016417180513361815,0.02138113719111929
2023-03-31,0.002893854506090416,-0.0014656318951692913,0.0033771862777650756,0.0024203045239541013,0.005100494395438015,0.0023206590366504623,0.0026282511764419694,-0.000423517621858806,-0.0004588983016383379
2023-04-07,0.011677920976963392,0.007428560008587928,0.008744617580742069,0.006698882391097696,0.010275484054054474,0.006017868629772626,0.0077983294417989235,0.008322314912664188,0.01023598198547694
2023-04-14,0.00030478409076642855,-0.0010342893529663444,-0.0006170538840853776,-0.0023487353884606445,-0.00096782233520236,0.0014715411145484255,0.0006776845514129282,-0.0007704511375075271,-0.0006344539849556137
2023-04-21,0.010488271034012427,0.008017391599228626,0.010131691769759128,0.009873344462098472,0.013260821516528062,0.005459795562463297,0.0056487811694338076,0.006711974134341164,0.010420826957727138
2023-04-28,0.00541948475425149,0.004885804122681733,0.005589285569973005,0.003848827691595401,0.003624463595552553,0.0011093351706404039,0.0011466352065537388,0.0010097470516073086,0.0012780026813388047
2023-05-05,0.011956513434303772,0.003784927732793222,0.009957926724676361,-0.0021917149686307004,0.006101452792571905,0.008922450665940324,0.009225474377539487,0.0036171121289496917,0.010277508606752386
2023-05-12,-0.0024808132286852835,-0.006249139693347337,-0.005373228447219771,0.0010871393230436972,-0.004205607428407183,-0.0018687677578110773,-0.0019341169591667855,-0.006433887430332397,-0.005540831569319242
2023-05-19,0.0035955869204578293,0.0035024813351458876,0.0012950025285923608,0.004296279940571041,0.003970117614862064,0.003776541260268639,0.0028011252602799107,0.001270607644682663,0.0030765146855939083
2023-05-26,0.00866834611105939,0.0025304885678838415,0.002154483265692587,0.004043345643719691,0.009556840592361641,0.0064829728589768905,0.006728793093560853,0.002112505660703501,0.002235850232417477
2023-06-02,0.016811436732923988,0.011020170737058035,0.009437598878131292,0.011368178442837879,0.014159215789250865,0.012560665588145203,0.013024463892169186,0.009188832530703201,0.00978893810496741
2023-06-09,0.00412799100241802,0.002641559512510426,0.0022746185771516532,0.0028578108583420594,0.003351864613521038,0.0029896846320878637,0.003091733646782477,0.0022124302958598956,0.0023581743585015646
2023-06-16,0.015016396099446484,0.01313646907288971,0.011281827767289709,0.020555885289584595,0.016596310539849196,0.011972583790903803,0.012323728458963191,0.01094044663051882,0.01167958385240462
2023-06-23,0.0014157271310378894,0.001212628006715026,0.0010473669210613664,0.0024695033615936414,0.0015241186214662295,0.0010957264776860973,0.0011252313859116496,0.001011748864174032,0.0010839029507510253
2023-06-30,-0.011046717195924035,-0.012341341927062663,-0.010656526631700143,-0.020726438424684777,-0.015576687413142385,-0.008664261795853133,-0.008769052870974094,-0.010283207688007182,-0.011027935374271115
2023-07-07,0.008139656297498299,-0.002643735752665911,-0.001429193343661919,-0.001718241730653074,-0.0020339736678418817,0.0063711899295682,0.006536584471352076,0.000987178269754099,-0.0014758372552395088
2023-07-14,-0.001058775571815703,0.0011358428445411345,0.0005266738028471117,0.000537922052014466,0.0007489072849374992,-0.0008299391325913866,-0.00085080612490417,0.0009610710531464657,0.0006149787095083988
2023-07-21,-0.00028669741438734614,0.0009488964170559883,-0.0002537605547394922,-0.00036644242443398766,-0.00036099500864600776,-0.00022500324884858414,-0.00023070644457443056,-0.0011775811392813558,-0.0002620032901892706
2023-07-28,-0.008889870972796097,-0.006811086675743824,-0.005826915593176773,-0.009868379901458042,-0.008294672768441593,-0.006944790605042521,-0.007130056035511841,-0.0056723688779663104,-0.006048286875227189
2023-08-04,0.014560315157843706,0.0028170052506384137,0.003023053450083303,0.0007175086060361334,0.0017270546245162749,0.005982061801547854,0.011745436621468206,0.002155328003917537,0.0031363489052009916
2023-08-11,-0.00041268737284385124,0.0021989984126909307,-0.0032818448520297023,0.005175111403359968,0.003393018453514299,-0.002468821167911308,-0.0024899057625690653,-0.0017515668256016627,-0.003406189011923895
2023-08-18,0.00284166439025654,0.0029707510060956663,0.0018105189845051195,0.0033444854631320456,0.002155629030365549,0.0023490525128920703,0.0023017483593445426,0.002017027844115968,0.0018782216552810465
2023-08-25,-0.0048226850667076075,-0.0031462735509664675,-0.004937318976861504,-0.004928609285319598,-0.006385083388345345,-0.0038727055245007724,-0.0039060518799906704,-0.002563269937120834,-0.004654969967439936
2023-09-01,-0.006117052071812423,-0.0007704655228303876,-0.004698084067644724,-0.0028150611742075973,-0.008874119828835314,-0.0049170801805094415,-0.0049713859370971985,-0.004142998309119731,-0.0059055241137431
2023-09-08,0.006309373379193399,0.007831533230679517,0.00907538103771972,0.005466304614654188,0.009591483721873535,0.009187867593051437,0.005157432849425851,0.010055573965033744,0.008412344447757097
2023-09-15,-0.0015388691939922968,-0.005601889185214635,-0.00467912823165256,-0.0022534935270285615,-0.006398309329095704,-0.003084410835462203,-0.0017685227388382916,-0.004611435780820608,-0.003705098266640418
2023-09-22,0.0027252302815766742,-0.0020303795443637335,-0.002349802399064833,0.007179461652181232,0.0001523297454011016,0.0014495975142569866,0.0022306405366403943,-0.001675509908180255,-0.0030964488152903685
2023-09-29,-0.00877053757509422,-0.007837671930348645,-0.012202348607482984,0.005616170892684131,0.0011017422463432459,-0.0064277348363215745,-0.007185555052827075,-0.006153853435954992,-0.006319467512743835
2023-10-06,-0.001678969523725927,-0.0011576404286654592,0.0008852898004825125,-0.005180674412402566,-0.0007877675851166536,-3.666596288754848e-06,-3.6927660429529734e-06,-0.004126794535434102,-0.001953115523641336
2023-10-13,0.010304418186032773,0.01199426242385972,0.006414313161518846,0.014228338513885061,0.005101884932178496,0.0084500470633571,0.00851411211048457,0.008179691635603156,0.003771957225770581
2023-10-20,-0.00020743726794222755,0.0033657896321167063,0.00021197192496216337,-0.0035254814499156815,-0.00074736152505911,-0.0002903739563170115,-0.00017186403111697006,0.0005555341200481096,0.0005863091969045185
2023-10-27,0.003669602371168871,-0.0011175154025551916,0.0009642166639062594,-0.003484620829520426,0.004009914651932027,9.995820575376204e-05,0.00010170347738156972,-0.0009436645953602279,0.0010311627282275206
2023-11-03,0.0005818253390447082,-0.0024751703197665644,-0.0016201551792046434,0.0007823825792516383,-0.0007088963514436642,0.00047975263046354374,0.00048823981160167856,-0.0018877691943422798,-0.001033970999370605
2023-11-10,-0.002813831561518143,-0.004653314539214911,-0.003424877159144663,-0.014028882613443174,-0.007890195497444618,-0.0051302142757873636,-0.005159340132336533,-0.005644832545062318,-0.005629447249376805
2023-11-17,-0.0012798299425645747,-0.0014381834610331468,-0.0012774125667683598,-0.004180617633259799,-0.002616639418612837,-0.00044838437030706054,-0.0011104817140373058,-0.0006673783113177525,-0.0007509050957135901
2023-11-24,-0.00113399866223543,-7.195244459034846e-05,-6.37842972526402e-05,-9.53683453846602e-05,-8.284261452675483e-05,-0.00045493954980063516,-0.0009855375880319986,6.309569372594776e-05,7.11292805503021e-05
2023-12-01,-0.00031939442369679116,-0.0007395733663560436,-0.0006569313087313367,-0.0009619976214739682,-0.0008583264865769697,-0.0005800300126318259,-0.0002772509657723494,-0.0005934331559514004,-0.0006704659458914231
2023-12-08,-0.00020425842737599562,-0.0011314635118524743,-0.0002177963883422755,-0.0028535393773470143,-0.001846259335482695,-0.00017480993613519654,-0.00017870592324412991,-0.002038184655036236,-0.00022115005049439117
2023-12-15,-0.0017674732732256844,-0.008275355288751077,-0.001913356828207555,-0.006625801559106445,-0.005788876816079537,-0.001510151858209415,-0.00154471905569364,-0.005972660407292927,-0.001923995206477748
2023-12-22,-0.0033321231474667183,-0.006789326266215685,-0.004825646444273759,-0.00712167051757354,-0.006206852693732292,-0.002839941965862911,-0.002905336991495176,-0.005225534358182595,-0.004826454814817106
2023-12-29,0.004924912603503954,0.004914888779395389,0.004246772406177388,0.0069511636038214345,0.006842257891864455,0.0036512686860807665,0.004292635928141487,0.003803142029844474,0.004245296206845053
2024-01-05,0.00500248035693556,0.006192630962736033,0.005425997614966802,0.007373315256106969,0.004166120232678119,0.004256676852618424,0.004342326407882368,0.003047245626538627,0.003766249664295345
2024-01-12,0.005920722865222153,0.005761776510484627,0.006403453629061609,0.011494134034750279,0.008198728050149302,0.005036003592346053,0.0051360207323100015,0.004677604315677936,0.006405770213996777
2024-01-19,-0.0013113374773342946,-0.004467006925654797,-0.0020140424699610832,-0.003985246021095258,-0.0025748330763578748,-0.0028181994395284063,-0.0011372202545642347,-0.0011691910176818453,-0.0020144758731920876
2024-01-26,-0.0004164510910483308,-0.005057520726747143,0.0019922005707316793,0.0011637151452069676,0.0021702970235899922,0.00034781950795077955,0.0016854113928866695,0.0006451436271782906,0.0025803645537343873
2024-02-02,0.0037568869400814047,0.0042126278343528655,0.004020426765182933,0.007117423695420004,0.004175493108471235,0.0016656661954559833,0.0018742247544491593,0.0028585780801114622,0.0032480458911593175
2024-02-09,-6.464422307076763e-05,0.0005997351374490296,-0.0012614140634377771,0.0020932427627795053,0.0007178381167604293,0.0004907299639791053,0.0005030588239547253,0.0004699997809812464,0.00018938389221351463
2024-02-16,0.0016549205143332637,0.0014815932370205835,0.0026256779480793987,0.0011367999545426524,0.002788792160986942,0.001160645665906362,0.0011904546637028022,0.0011577632831193988,0.002267415138012731
2024-02-23,0.0009324359427293142,-0.0005304388345759453,-0.0007205637239940662,-0.00133600466740355,-0.0011663003633076252,0.0007834461645800479,0.0008047179467188061,-0.0002133572913298613,-0.00048827617154680795
2024-03-01,-0.0013522350860632616,-0.001914792668295853,-0.0015561682703398292,-0.0014263149312274124,-0.0017726498785612466,-0.0010789676342003326,-0.0011085056630353502,-0.0023427624871650236,-0.001988824302534512
2024-03-08,0.002974490481960994,0.005033907299355768,0.0032049619866685018,0.006470923338162393,0.004179945621416829,0.0034549777769502517,0.0035588900445227513,0.003963837521658634,0.0032198304753987667
2024-03-15,0.0026321930806520112,-0.00010965614973909063,-9.709746873640534e-05,-0.00013220709972345087,-0.00012117891966680979,-0.001367986636559086,0.00020645715926274072,-0.00487384737815642,-0.00010054644776987171
2024-03-22,0.0005637112912032443,-0.0005748102249564395,-0.0005053338112205155,-0.0006760226411681301,-0.000629699821329483,0.0007789160810848135,0.0008024942588127752,-0.001730616413147561,0.0008965068675699493
2024-03-29,0.00043893933939072105,0.005216154729492318,0.003595811286214911,0.0017971358535339614,0.002007662606179057,0.0034314760014762945,0.00043827123065776655,0.005054767896234643,0.003877003022951933
2024-04-05,-0.0033218151338469106,-0.004429225241186159,-0.0027494679778697676,-0.0034189836337544066,-0.0032611906270300518,-0.004983962915586838,-0.004902506020037302,-0.004284073664688785,-0.00459010110979857
2024-04-12,-0.006930971481499067,-0.002541604902490918,-0.007444187500669008,-0.009582528320386498,-0.008770939202920897,-0.006944567488712519,-0.00687422288518615,-0.0056145537082226415,-0.008091628145848183
2024-04-19,0.013710347701160724,0.005115084898977394,0.0147640655413781,0.010161047325237068,0.017305459988625878,0.008841222693794308,0.013612085742987935,0.010189316697000133,0.016017380535795687
2024-04-26,-0.006194986154467313,0.0031370470708791333,-0.006714195925905351,-0.005283859162657424,-0.007755372469554116,-0.004625270451354666,-0.007306690165419028,-0.004460229492723834,-0.007278316351896143
2024-05-03,0.003911106498858697,0.002074459481246777,0.0031518484242115783,-0.002868965197981689,0.003593745519068113,0.0029186639899584977,0.003820393575966387,0.003138311868440804,0.00557903947233268
2024-05-10,-0.0013449076503495327,-0.0043992787365169555,-0.0014917737871269067,-0.007133273695120685,-0.0010973948729357315,-0.00136786313768399,-0.0015748591735635612,0.001133176366251036,-0.0016003649119013992
2024-05-17,0.006513194301716824,0.009874726358659262,0.007304178154967082,0.010408786545017961,0.009927309500839683,0.006623175352875217,0.007997761089901245,0.010828456115318331,0.00785256520844935
2024-05-24,-0.00364459999024113,-0.004421479047460886,-0.004064386003664719,-0.004813265632472651,-0.005370394456087941,-0.003891441232174742,-0.003300437092419262,-0.0042191671377994145,-0.00437834466323134
2024-05-31,-0.011828250993076949,0.0012370796798170903,-0.01305585595245535,-0.013866474811592866,-0.014413698972901219,-0.011362780807317913,-0.010827524692274005,-0.010683353406091297,-0.014060016162101594
2024-06-07,0.00034743588830269626,0.004537054574847729,-0.000299194301567214,0.008082573628839013,-0.00032988560908930333,-0.006989280001864404,-0.006612779474032966,-0.0017914012048986447,-0.0008845231898864021
2024-06-14,0.0007249088224950576,-0.0020797906936762542,0.0013056975785123274,0.0006202339044930604,0.0014400416922514749,0.004270314128881842,0.004038362626049577,0.0020426246366891236,0.0014081659382220732
2024-06-21,0.004494754174954861,0.0034260834993216555,0.0023685500272376155,0.006448201071553563,0.0035930453556321856,0.0035523853100513482,0.004351117595642341,0.003090299586616057,0.00258481223396676
2024-06-28,-0.0020393868862365124,-0.004859625750855109,-0.0007651762327044157,-0.005846077755889921,-0.0019744289733806147,-0.003220186924985727,-0.0019739801257357744,-0.0023616529427330415,-0.0021486859922474556
2024-07-05,0.0036995719404360737,0.0025409310760407555,0.00315816011779315,0.0018582739729048542,0.0017827866411646495,0.00486921214006928,0.004529767839920325,-6.066718359189236e-05,0.0056803217341432465
2024-07-12,-0.003217798534268518,-0.006401753651417116,-0.0009425561713516024,-0.0042973821639764945,-0.004370719364577475,-0.0020269830208296848,-0.0018775675876135105,-0.005858003510038533,-0.0010352754294447976
2024-07-19,-0.005397217259724549,-0.00491345748466988,-0.005096944123028398,-0.0010341466184606498,-0.006533006801649411,-0.005610294784313168,-0.005196702391737355,-0.0034029618639768735,-0.0055991016558008646
2024-07-26,-0.03186465859076696,-0.027866160543175266,-0.028541891256342655,-0.011496923469913815,-0.0322813518617155,-0.026405994131083983,-0.027578210692367884,-0.017301974838733216,-0.03357737945535355
2024-08-02,0.0031499917458212745,0.007559614012970674,0.006959044212113224,0.008472726191363536,0.007633435167206265,0.005106603579821848,0.006958776529971412,0.008196964819032785,0.007315189695586563
2024-08-09,0.0015516666998060143,0.0011868587632143542,0.0005060910228286433,0.0013766398407044254,0.0005517824469820676,0.001619295504233086,0.0015438727662736413,0.0015037712121422236,0.0005316218786169149
2024-08-16,-0.01074260170188266,-0.007704597888146945,-0.008583397492510993,-0.013521602169721514,-0.009361251074670479,-0.010745209935994461,-0.010721065144205472,-0.010331249212072747,-0.008987607383673584
2024-08-23,-0.004186458644738039,-0.009816044074930556,-0.004337134749676112,0.011044137282918962,0.002186490079615825,-0.00845652932018094,-0.00672507788391629,-0.010129540987052665,-0.0045537363571187
2024-08-30,-0.0023865164275191286,-0.0013939770354689607,-0.0012041874608073495,-0.0063668389175982,-0.005083497037474493,-0.007644273676129044,-0.0011325071214798627,-0.004962444154655818,-0.0012626484582670915
2024-09-06,0.000706573995046516,0.001409882206987788,0.0012284109680740338,0.0020889550593428947,0.0013463312787077803,0.004147719318016483,0.0011888750919800736,0.00966693422256331,0.0012953870257266435
2024-09-13,0.0011065737019419252,0.0019468412195718465,0.001643777364291263,0.0015830421560562202,0.002352595130794668,0.0031722053324113385,0.001320092441532517,0.003926682539733392,0.004336719323496406
2024-09-20,-0.0019946591728408716,-0.0034810932285171243,-0.004168243001222053,-0.004946666570755961,-0.004283437858826368,0.0034586962385448456,-0.0044978535936389605,0.00299174822537317,0.002732860382883021
2024-09-27,0.007701605957801883,0.00699267596024143,0.008162305178103695,0.0057308570154569975,0.005533547424261368,-0.0036291807395530283,0.003570606838581185,-0.00409236622667032,-0.0037527833981007923
2024-10-04,-0.0011134006986288027,-0.0007130950251497261,-0.0012369510264913673,0.0008177127085579638,0.0007838336543190075,-0.011572968444215926,-0.007032130815261566,-0.01145716167517097,-0.0048324789429880395
2024-10-11,-0.00035901832237921264,0.0013517803995243115,-0.0003986594074016704,0.004237910693314934,-0.000400043800780971,-0.015327565223768623,-0.0010378030266099377,0.004285322715363936,-0.00039566987598310156
2024-10-18,0.0052168932673562944,0.0087588181661582,0.006243239249638082,0.0076120379138553,0.0055713398109188935,0.0073380238867208425,0.0032423283323481746,0.00845078387861279,0.006075460202950451
2024-10-25,0.0011820346600381068,-0.0016549075803490984,-0.0016214437794028792,0.0010852610038100375,0.0011861677650576183,0.0011688915233700075,0.001175792269452327,-0.0011383370345115795,0.001171949192733422
2024-11-01,0.0027325075349961593,0.003622917515098694,0.0031004888001270182,0.00024310665285621466,0.0033621300399179622,0.0027369462141402325,0.0026968426900680466,0.0034690498384276603,0.0025040204575206295
2024-11-08,0.00996279484015106,0.017971959903711462,0.016742293289112323,0.019933994145252123,0.016187502529459906,0.009972762112517717,0.009831044873393816,0.01674146872651847,0.012355338856627771
2024-11-15,0.0003680543832648461,0.005621941631435498,0.004962668708110184,0.00501444217186818,0.007058994221227661,0.00037082787048039215,0.00036713283799038915,0.004606418075804716,-0.004009469343635952
2024-11-22,-0.006334257581231667,-0.016532451868852657,-0.014615353155968564,-0.009864848181070088,-0.007872030493389314,-0.006159855157171224,-0.006317144639658028,-0.01572920924884378,-0.0019354007170505078
2024-11-29,-0.0036546908672626045,-0.007553255402628865,-0.0067473393115547765,-0.004822287581188085,-0.0026000478456327616,-0.003684704681678848,-0.0036463378729976463,-0.007221823975555686,-0.006934456430499195
2024-12-06,0.003943858609084561,0.006917629323771748,0.005555327136007614,0.006905074245725994,0.005447305239549293,0.003328535098651794,0.003067020485011862,0.006328630101865559,0.0060512345285842345
2024-12-13,0.0003197230347334616,0.002203208269101994,0.0031230833346575127,0.003606948950226337,0.002602241672245282,0.002656100486896491,0.002296020714118274,0.0013591799493388513,0.0018564187074229508
2024-12-20,0.0011579710533849087,-0.006633517287308377,-0.004105247509409384,-0.006267485278332875,-0.00551480850213953,4.4422347364936236e-05,-0.00031762482648832853,-0.0023172012699360194,0.0002744919366908139
2024-12-27,-0.0034088784293581924,0.003733380692462195,0.0036741826205439337,0.00500612820806792,0.0038249555712700544,-0.003943840055234833,-0.00610912641458852,-0.0006953513858910504,-0.0006482733365005902
2025-01-03,0.0013347748075989681,0.0001320739666776214,-0.00029477720335520694,0.0012275615571226454,-0.00030821776465460424,-8.067723354321732e-05,0.001076597435384808,0.00048352520582980475,0.001170208242952567
2025-01-10,-0.0020468860349854017,-0.0045765271026207074,-0.0020168624894868876,-0.005932006759486046,-0.003918071867969639,-0.00807033489434457,-0.007963287797463064,-0.004710580763373035,-0.003960337364639679
2025-01-17,-0.005106418014120433,-0.007511797192073202,-0.0005810725341005439,-0.010377920724910731,-0.0005027911763132154,-0.009188865731460105,-0.009032411344951483,-0.005912443654690358,-0.0005090577324199311
2025-01-24,0.0016410557724514134,0.0022971497300797853,0.0007851429865050129,0.003933854121659927,0.00017696222702343333,0.0020664815023614474,0.002024089876052518,0.0022445765475852778,6.47684579463122e-05
2025-01-31,-0.0033302264343505186,-0.002330706312553046,-0.003293432659457893,-0.0030202190826139883,-0.0026555147274662074,-0.0021037984776267676,-0.0020666441432274757,-0.0008050251143775626,-0.0034616333863583173
2025-02-07,0.00899255909293047,0.006215563519967014,0.0054370852496726275,0.0009718941296951338,-0.00021274916062658702,0.006967132640713569,0.00684104087491512,0.006053507734110345,0.0057043400816180366
2025-02-14,-0.00042722315284930294,0.0010105231463588386,0.0007448154193281109,0.0009260251865432355,0.0013880426028461072,-0.0037795109009937044,-0.0016681140830835973,0.00017025227526968424,0.0007804828149361192
2025-02-21,-0.0009484113004720517,-0.0009866470886511593,-0.0007621977297459827,-0.002878426373395854,-0.00020888200408844965,-0.001504180027579134,-0.0014795789518044875,-0.014110948402703603,-0.0007983464680907273
2025-02-28,0.0017718868425132615,0.0009622920593702722,0.0008391628451365831,-0.006380659725252022,-0.0025632068384663247,0.005059724599374744,0.00497422082823224,0.0014421175779792642,0.0008789100457674322
2025-03-07,0.00534573060416231,0.006081469401344898,0.00536761684205307,0.005683434399835244,0.005576607510788611,0.009257212573200045,0.005214283621194517,0.0015836049916632504,0.00562436021057392
2025-03-14,0.00968771665709629,0.013362040727015625,0.010844516888611008,0.014268959601139738,0.01242385553006249,0.008349527587775697,0.00687597514780705,0.00930056468077319,0.011360599504626688
2025-03-21,0.005259916422974601,0.007308278835034921,0.007948580322400447,0.006942179199996123,0.0081981361469594,0.007068102841520125,0.0051798314615379435,0.004688707923450795,0.00878552447930991
2025-03-28,-0.0001485259492344602,0.0009353952605247402,-0.0001471833705683839,0.00013168538922997525,-0.00015170089282014526,-0.0010571733501239771,-0.00014619471388308545,0.0006631869149265402,0.0006251623434393359
2025-04-04,-0.010327430422083436,-0.009545008298445835,-0.008471921981368024,-0.009208559480351894,-0.008711036800858087,-0.008660385406625861,-0.010166604267878777,-0.006449155851041885,-0.00977941844349732
2025-04-11,0.009294182988035115,0.00797923337945566,0.00928170985618447,0.007684332748736363,0.009535362898002867,0.020086681814749232,0.01543848858585896,0.010395405660675771,0.009655122719098585
2025-04-18,0.008506887108837461,0.010215433147726521,0.008105888716987825,0.010010418331009395,0.008750473959291096,0.010909332917057016,0.00813168385965054,0.007834572668706723,0.012312293791778632
2025-04-25,-0.0015965370555908812,0.00981104426709529,-0.001598959807578233,0.003443187359507803,-0.0016436934362217973,-0.008197169754810198,-0.0015225259898713124,0.016934584218407846,-0.001638325000570149
2025-05-02,0.0003820493846919775,0.001953659845267564,-0.0003913978832905401,0.0019821081925827174,-0.00040268873872092504,0.0003317374256395192,0.0003652956287405785,0.0014041957233177143,-0.00040123911671282973
2025-05-09,-0.001195160141459015,0.0014997405679137584,-0.00026826210875253157,0.0015246390253675138,-0.00027599891621517145,-0.002170810128124972,-0.002396331566672796,-0.0006721350975745215,-0.002580225695879049
2025-05-16,0.002863403950503604,0.0022479786586621807,0.0072989234032090336,0.0028613194405913054,0.0029422192640140106,0.002479047963429557,0.0027365703742717557,-0.00015658541393704227,0.007507199502376087
2025-05-23,0.0018824865880800207,-0.004108230365226774,0.0023675374332165714,-0.0018470866097554449,0.0024763368117441537,0.0016684784708285764,0.001811563318349108,-0.003972039302865643,0.0024353482667421687
2025-05-30,0.005284236619161608,0.018825653414265203,0.02148973223120277,0.010146751239388336,0.009095179607929422,0.006215348420849096,0.0071626645476566735,0.011232105159844151,0.008923104878059428
2025-06-06,0.0006351708625784572,-0.008316128459702657,-0.0016274642002768907,-0.0029132024073039854,-0.0018414725676426176,0.00029593236625971087,0.0006005255688268161,-0.008582044383103338,-0.0018028635236103164
2025-06-13,0.0006784196384638972,0.0014885994520760198,-0.0002883251591880446,-0.0008619465081214671,-0.0003262074975805741,0.0012956323650433928,0.002591907460060449,0.004635678271633015,-0.0003194946855963742
2025-06-20,0.0012315771937042306,1.174300450917481e-05,0.001601654987513783,0.0019301410638547976,0.0024764096272468124,0.0010539404355089724,0.0011823957121581427,1.2048977138247766e-05,0.002425578409263274
2025-06-27,0.003962042381875722,0.0011844761019857903,0.001802925255170162,0.001731871718978725,0.0037110333952931184,0.002594983629958131,0.004010599128340202,0.0012158096978268982,0.0024993418795701454
2025-07-04,-0.005228258536612199,-0.001374196028202376,-0.003311575838299728,-0.0019294289203239225,-0.0030788806185835095,-0.0064290447825522765,-0.005015476952719274,-0.005820615939851754,-0.007599554062871258
2025-07-11,-0.001455520727093177,-0.003937769233317536,-0.0026818055512932426,-0.003331418334442647,-0.0038989332807525525,0.0029409691773242506,-0.001400486247424795,-0.0033926932348280485,-0.0029539193011319663
2025-07-18,-0.00014746509639134925,-0.0016490099071409196,-0.0013120288819661635,-0.0028304337762377696,-0.0014871884935701639,0.0012810271531365932,0.0007614775803528657,-0.002454778263683184,-0.0014450847212219284
2025-07-25,-0.002236160428995975,0.0024652964559658914,0.00017105667491619408,0.002873864240244345,0.0001944631445221937,-0.0071903870050527025,-0.003706602542586753,0.001088680915494568,0.00018848636512413638
2025-08-01,0.014422672115212552,0.008208966667400548,0.01045517311593507,0.008704960076563047,0.012661543461503211,0.008919935604781482,0.01403201038294474,0.009118719425005029,0.015292773284307573
2025-08-08,0.0055193816993426,0.0036123563661907302,0.004531381597479922,0.003836230689595193,0.0054712696977798694,0.003293571928175857,0.00476906575629633,0.004276609615797094,0.00532577776878898
2025-08-15,0.0016063402348732876,0.005015779691807153,0.005464253299202543,0.005326221961196597,0.0065905571904495515,0.0011129149310500424,0.0013883854339796274,0.0013320636215433646,0.006413207726851836
2025-08-22,-0.0105664588224989,-0.007267559321963005,-0.007910319036428361,-0.008205901547274018,-0.010551683716358165,-0.005956635510359995,-0.008480394427812283,-0.006707388703939598,-0.008449339183485834
2025-08-29,0.00437002380312775,0.005211990076182286,0.005132848320899107,0.0072390023642186115,0.007802081143416485,0.011588343451977852,0.00865323704548585,0.003877879465361828,0.002346172791095848
2025-09-05,-0.0019227776300304819,-0.0004939753416614047,-0.0004869060969162486,-0.0032771831562962515,-0.0035295468696267167,0.0006778447170970791,-0.0016302079245405754,0.0004375447770548713,-0.0005777082705215638
2025-09-12,0.003681765782332913,0.0007460379973281139,0.0004952158205764684,0.0018542042712808907,0.0005932748183298467,0.008852600098844027,0.011156753543513942,0.007597752469494209,0.007231000656578542
2025-09-19,0.00423556059972738,0.001929516559327294,0.0038253126942879153,0.005065091840874821,0.004583780566806909,0.0028221760918239456,0.003528162286860345,0.0012883450581082677,0.004528898864501409
2025-09-26,0.000945705350646846,0.0025410289988987704,0.0005484808488988684,0.004816088252410894,0.005184320340683449,0.0006277229375493034,0.0007928711065512485,-0.00010967216457817627,0.0006427216179766686
2025-10-03,0.010170257323466972,0.006947112078431154,0.0027614311633705414,0.00962635362825837,0.009147912891302304,0.006618726477404941,0.008343080855791492,0.0066511725598717,0.007010918815224549
2025-10-10,0.005542736295840093,0.004242395952568788,0.004241820586139178,0.004626286864723683,0.004994298317880779,0.003750656523770358,0.004672070460178721,0.004190993458569746,0.005003534516747194
2025-10-17,0.0047649235155304195,0.004700259867290923,0.004707107335581186,0.0044947952994322145,0.00554184077484373,0.00345461415052693,0.00402266026424271,0.004649599813346686,0.005551652894293908
2025-10-24,0.001552548373224907,-0.002147962006173123,-0.0021425027475638837,-0.006908264650183582,-0.006040426527298666,-0.002035499847027319,-0.002353069107195909,-0.005092826658846705,-0.002530444605077186
2025-10-31,0.012265163346863152,0.0059364020988201885,0.007686909926875946,0.006390321870650699,0.008925034930371717,0.005932002018839012,0.008416917565977924,0.007620168802978892,0.009040526524104805
2025-11-07,0.0071397057097589605,0.000676383211723954,0.0018603674465181232,0.0007274280235966547,0.0017589688101958818,0.006260457819002286,0.007196819519363808,0.0017630782677719216,0.002845649781185391
2025-11-14,-0.010204258289542396,-0.003048930878965109,-0.003944770257938884,-0.003414928313763429,-0.00732113673337662,-0.0030510899463652478,-0.004356374540288698,-0.004460130506268834,-0.00526290125951768
2025-11-21,0.0009589105203280575,-0.0046310351296853375,-0.0024951888643888294,-0.005186362311324418,-0.003474067363300982,0.005177118497495914,0.005964818182868946,0.0003574082166522018,0.00042348959301125147
2025-11-28,-0.0008626271759747712,-0.009115209041131838,-0.00928452006113398,-0.0097538845738999,-0.00955791132851685,-0.0006302782867022414,-0.0007295297884527831,-0.0070656492888304355,-0.001329941785449427
2025-12-05,0.00012022824152682366,-0.005287027220410868,-0.005302735888654857,-0.005576634903492424,-0.005824254072483078,-0.0008278654050698261,-0.0009600877054322807,-0.0018730533514032391,0.002279943824227297
2025-12-12,-0.01391111184722179,-0.002726684627304333,-0.00279728869453314,-0.002883116635791967,-0.0027273359153182635,-0.009531004877006144,-0.011699351809383893,-0.011969758410402122,-0.013548812826827008
2025-12-19,-0.003887129104496468,-0.0035035888661324563,-0.006309502017398926,-0.0044161222400513934,-0.0076758974377085405,-0.004835916049715476,-0.003939179089150672,-0.0032937871368477465,-0.007543673218944311
2025-12-26,0.00426658155422137,0.003722392427956613,0.005479400709071164,0.00226746499158632,0.004276525693703945,0.005154080931102133,0.005927486265246789,0.004365631264449735,0.005898448164311469
2026-01-02,-0.0010394924390910109,0.002442486651440886,0.0003671263521849843,-0.00011560089721458933,-0.0015162935182207603,-0.0007668319036602688,-0.0008919325798988654,-0.00047670161670685334,0.0015825847182247132
2026-01-09,0.0021757841917044805,0.0016753862113689524,0.0019214004836425977,0.0020385210679950993,0.0021256581576312656,0.0016067480692251587,0.001867121324619805,0.0021645940240840205,0.002679839010322274
2026-01-16,-0.002824759869095672,-0.00651681505080793,-0.0028805671945624847,-0.00611262415681059,-0.0032066353819890574,-0.0024582934559863765,-0.0028803400318547535,-0.006548623435755267,-0.0030424195404391676
2026-01-23,0.0033005451084306353,-0.0071784160065543,-0.005351909205092971,0.0006638687639466647,0.0006491130548866535,0.0025215874540843045,0.002985826889730272,0.0005625308134737677,0.0006157103492198591
2026-01-30,0.01338282325313465,0.013295769100955025,0.00990769941589869,0.01237057024520056,0.012060754574110495,0.007657310927204722,0.012109900317313838,0.009660294733268238,0.010573579617019085
2026-02-06,-0.00651279287120714,-0.00027398288448736137,-0.008083275818671635,-0.0007771727165364003,-0.0032969239503094,0.0005779013664197995,-0.0039687865083232535,0.0012940538252471153,-0.006653699030938689
2026-02-13,0.0016776603422630004,0.00027125492104985435,0.00010857075734140446,-0.0006728306926310658,-0.0004060337577959589,0.001499183273878646,0.0017470670526458325,0.0011011414642014526,0.0015184640158613556
2026-02-20,0.003454383309679564,0.006707594724664677,0.00646927481341801,0.0018402367635063116,0.0016296852037285764,0.0013612902276363523,0.003197825234013144,0.006391483648482283,0.0036198008688767725
2026-02-27,-0.00788645809722546,0.0014752226895372762,0.0014230699304689713,0.0007897360063606376,0.0019015960052173222,-0.03314407173681561,-0.017018301361359112,0.0004385173208726217,0.0015339995900272004
2026-03-06,0.007499234958731673,0.006645504814405746,0.006410567113127955,0.0038809902868225327,0.0036960309821404205,0.0005144685570229808,0.0006834931401703906,-0.010547730712913535,0.006910540166723248
2026-03-13,-0.020493289983176857,-0.013205167800728985,-0.01750875799508961,-0.013011205825217479,-0.0141679909070698,-0.01439257026768355,-0.010072957763814025,-0.017937535816474778,-0.018877097404318366
2026-03-20,0.0004073020845032146,0.0016153699849263538,0.0007914091133711849,0.0010630216983359747,0.006409541743971653,-0.0037442886604587547,-0.00033365897832174845,0.0008537202643657418,0.0001382115483663191
2026-03-27,0.02442076484412696,0.016672738563598806,0.016861804513828176,0.017760743192135567,0.017746731801816563,0.011900144605738818,0.01600179895329923,0.015633600901837946,0.01810505167942209
2026-04-03,-0.0013989013247873315,-0.0021832245158337465,-0.0013985999394750743,-0.0034394991391662674,-0.003723055598691266,-0.004307867394384652,0.004504031892162623,-0.005557090874377158,-0.006020330804598433
2026-04-10,0.012975097996902076,0.006331594783975471,0.010243046651946643,0.013390253972682783,0.013190018356760565,0.0038621365178751316,0.005291113162558457,0.0002564917303802848,0.00491600001077688
2026-04-17,-0.0004887765523470029,0.0018066346388016727,-0.0016301578385326798,-0.0037963991637742947,-0.004087510514738615,0.0021331155973627882,0.002918159824299304,0.004711403845198727,0.0015172152172175499
2026-04-24,-0.002592725970963222,-0.0033528339848090494,-0.0029759280519382402,-0.006568486198525598,-0.005376905614844025,-0.0010226889070387099,-0.004973233109334897,-0.0011015751121244218,-0.0011187488181869775
2026-05-01,0.0033613982768114737,0.0028548591986290997,0.0030315322689222204,0.003827037436524418,0.003651945520609804,0.0037753393539991065,0.00497998458916718,0.0007857643296441041,0.0015374237092182048
2026-05-08,-0.009180035718697244,-0.009138486853738184,-0.008284929610975246,-0.010717015710684617,-0.010058985079667382,-0.007234291891911456,-0.00786092274045713,-0.00952418863871357,-0.01014460432324489
2026-05-15,0.0002860908925944332,0.0013102233992897349,0.00025886406607062004,0.0004315623707350343,0.00040593558828860106,-0.0004956472129760216,0.0009090147793856067,0.001492450092116291,0.0016643570716477624
2026-05-22,0.0048801925828736,-0.0014261743834937605,-0.0022162660238800353,-0.0008278502111123332,0.0008187026046202511,0.003321446718743837,0.0044792418873979565,0.0022311329856472785,0.0019422410697062902
2026-05-29,-0.003941069764920823,-0.002672917001151268,-0.003190046142371291,-0.0021791118864891478,-0.0037810683634976706,-0.00041426375871174285,-0.0005449561128422871,-0.007167652094548134,-0.0036192667572530865
2026-06-05,0.014872503797710771,0.024519259887682547,0.023061845572106065,0.015361660099525479,0.01656861253277527,0.006437881695430384,0.025981192456257112,0.010832581611661063,0.024745965609645457
2026-06-12,0.011616732663578247,0.020809492499863254,0.014105550437954228,0.02334577542809851,0.012826102217881134,0.013897421465503757,0.008959742982697527,0.01523526455011753,0.013722705078150495
2026-06-19,0.002779158292370425,0.009805927080805141,0.007114287554619715,0.007872378749291087,0.005394195895247728,-0.002712429573081255,0.0024812503778399763,0.006814365897211961,0.004855620080678968
2026-06-26,-0.012375974999513746,-0.022993915526018757,-0.022076985527357464,-0.024392971954739506,-0.020482343187538544,-0.010053025610101032,-0.01091839470946729,-0.0201557812695552,-0.021325289245490656
2026-07-03,0.0034655166368036797,0.006939829061392841,0.0033803810336721185,0.006097251176013443,0.0039209555889565505,0.0017800222733240837,0.0021692763371355694,0.004749811012482068,0.003330111049884504
2026-07-10,-0.0022225301281575487,0.0004782581226498206,-0.0008058413272754428,0.0005037066747130056,-0.0008892656732807824,0.004023766760955631,0.0018501018079198229,0.0004717163312889417,-0.0008052832381640489
2026-07-17,0.0028244350437210907,0.003721333245955597,0.0036559585309584148,0.0019451177527222985,0.0034474927132497894,0.001465403017701284,0.0017922112298030678,0.002898714603065355,0.002966315083563394
2026-07-24,0.0,0.0,0.0,0.0,0.0,0.0,0.0,0.0,0.0
