date,CNH,IDR,INR,KRW,MYR,PHP,SGD,THB,TWD
2014-01-03,,-1.0606601717798212,1.7677669529663687,0.35355339059327373,-1.0606601717798212,0.35355339059327373,-1.0606601717798212,0.35355339059327373,0.35355339059327373
2014-01-10,,-1.0606601717798212,1.7677669529663687,0.35355339059327373,-1.0606601717798212,0.35355339059327373,-1.0606601717798212,0.35355339059327373,0.35355339059327373
2014-01-17,,-1.0606601717798212,1.7677669529663687,0.35355339059327373,-1.0606601717798212,0.35355339059327373,-1.0606601717798212,0.35355339059327373,0.35355339059327373
2014-01-24,,-1.620185174601965,-1.620185174601965,0.5400617248673217,0.5400617248673217,0.5400617248673217,0.5400617248673217,0.5400617248673217,0.5400617248673217
2014-01-31,,-1.620185174601965,-1.620185174601965,0.5400617248673217,0.5400617248673217,0.5400617248673217,0.5400617248673217,0.5400617248673217,0.5400617248673217
2014-02-07,,-1.620185174601965,-1.620185174601965,0.5400617248673217,0.5400617248673217,0.5400617248673217,0.5400617248673217,0.5400617248673217,0.5400617248673217
2014-02-14,,-0.35355339059327373,-0.35355339059327373,2.4748737341529163,-0.35355339059327373,-0.35355339059327373,-0.35355339059327373,-0.35355339059327373,-0.35355339059327373
2014-02-21,,-0.0,-0.0,1.8708286933869707,-0.0,-0.0,-1.8708286933869707,-0.0,-0.0
2014-02-28,,-0.0,-0.0,1.8708286933869707,-0.0,-0.0,-0.0,-0.0,-1.8708286933869707
2014-03-07,,-0.14978617237881953,1.0485032066517366,1.0485032066517366,-0.14978617237881953,1.0485032066517366,-1.3480755514093756,-0.14978617237881953,-1.3480755514093756
2014-03-14,,-0.0,1.0801234497346435,1.0801234497346435,-1.0801234497346435,1.0801234497346435,-1.0801234497346435,-0.0,-1.0801234497346435
2014-03-21,,0.2820380374088831,1.4101901870444156,1.4101901870444156,-0.8461141122266493,-0.8461141122266493,-0.8461141122266493,0.2820380374088831,-0.8461141122266493
2014-03-28,,0.5040161287741853,0.5040161287741853,1.8480591388386793,-0.8400268812903088,-0.8400268812903088,-0.8400268812903088,0.5040161287741853,-0.8400268812903088
2014-04-04,,0.14978617237881953,0.14978617237881953,1.3480755514093756,-1.0485032066517366,-1.0485032066517366,-1.0485032066517366,0.14978617237881953,1.3480755514093756
2014-04-11,,-0.35355339059327373,-0.35355339059327373,-0.35355339059327373,-1.7677669529663687,1.0606601717798212,1.0606601717798212,-0.35355339059327373,1.0606601717798212
2014-04-18,,-0.35355339059327373,-0.35355339059327373,-0.35355339059327373,-1.7677669529663687,1.0606601717798212,1.0606601717798212,-0.35355339059327373,1.0606601717798212
2014-04-25,,-0.35355339059327373,-0.35355339059327373,-0.35355339059327373,-1.7677669529663687,1.0606601717798212,1.0606601717798212,-0.35355339059327373,1.0606601717798212
2014-05-02,,-0.35355339059327373,-0.35355339059327373,-0.35355339059327373,-1.7677669529663687,1.0606601717798212,1.0606601717798212,-0.35355339059327373,1.0606601717798212
2014-05-09,,-0.5040161287741853,-0.5040161287741853,-0.5040161287741853,0.8400268812903088,0.8400268812903088,0.8400268812903088,-1.8480591388386793,0.8400268812903088
2014-05-16,,0.6614378277661477,0.6614378277661477,-0.6614378277661477,0.6614378277661477,-0.6614378277661477,0.6614378277661477,-1.984313483298443,0.6614378277661477
2014-05-23,,-0.35355339059327373,1.0606601717798212,-0.35355339059327373,-0.35355339059327373,-0.35355339059327373,1.0606601717798212,-1.7677669529663687,1.0606601717798212
2014-05-30,,-0.1950473744013735,-0.1950473744013735,1.3653316208096145,-0.1950473744013735,-0.1950473744013735,1.3653316208096145,-1.7554263696123615,-0.1950473744013735
2014-06-06,,-0.35355339059327373,-0.35355339059327373,1.0606601717798212,1.0606601717798212,-0.35355339059327373,1.0606601717798212,-1.7677669529663687,-0.35355339059327373
2014-06-13,,-0.35355339059327373,-0.35355339059327373,1.0606601717798212,1.0606601717798212,-0.35355339059327373,1.0606601717798212,-1.7677669529663687,-0.35355339059327373
2014-06-20,,-1.0801234497346435,-1.0801234497346435,1.0801234497346435,1.0801234497346435,-0.0,1.0801234497346435,-1.0801234497346435,-0.0
2014-06-27,,-1.0801234497346435,-1.0801234497346435,1.0801234497346435,1.0801234497346435,-0.0,1.0801234497346435,-1.0801234497346435,-0.0
2014-07-04,,-1.0801234497346435,-1.0801234497346435,1.0801234497346435,-0.0,1.0801234497346435,1.0801234497346435,-1.0801234497346435,-0.0
2014-07-11,,-0.0,-1.3228756555322954,1.3228756555322954,-0.0,1.3228756555322954,-0.0,-1.3228756555322954,-0.0
2014-07-18,,0.35355339059327373,-1.0606601717798212,0.35355339059327373,0.35355339059327373,1.7677669529663687,0.35355339059327373,-1.0606601717798212,-1.0606601717798212
2014-07-25,,0.1950473744013735,-1.3653316208096145,0.1950473744013735,0.1950473744013735,1.7554263696123615,0.1950473744013735,0.1950473744013735,-1.3653316208096145
2014-08-01,,0.5040161287741853,-0.8400268812903088,-0.8400268812903088,-0.8400268812903088,1.8480591388386793,0.5040161287741853,0.5040161287741853,-0.8400268812903088
2014-08-08,,1.20761472884912,-0.724568837309472,-0.724568837309472,-0.724568837309472,-0.724568837309472,1.20761472884912,1.20761472884912,-0.724568837309472
2014-08-15,,0.2820380374088831,-0.8461141122266493,-0.8461141122266493,1.4101901870444156,-0.8461141122266493,0.2820380374088831,1.4101901870444156,-0.8461141122266493
2014-08-22,,0.2820380374088831,-0.8461141122266493,-0.8461141122266493,1.4101901870444156,-0.8461141122266493,0.2820380374088831,1.4101901870444156,-0.8461141122266493
2014-08-29,,-0.35355339059327373,-1.7677669529663687,-0.35355339059327373,1.0606601717798212,-0.35355339059327373,-0.35355339059327373,1.0606601717798212,1.0606601717798212
2014-09-05,,-0.35355339059327373,1.0606601717798212,-0.35355339059327373,-0.35355339059327373,-0.35355339059327373,-1.7677669529663687,1.0606601717798212,1.0606601717798212
2014-09-12,,-1.20761472884912,0.724568837309472,0.724568837309472,0.724568837309472,-1.20761472884912,0.724568837309472,0.724568837309472,-1.20761472884912
2014-09-19,,,,,,,,,
2014-09-26,,0.724568837309472,-1.20761472884912,0.724568837309472,-1.20761472884912,0.724568837309472,0.724568837309472,-1.20761472884912,0.724568837309472
2014-10-03,,0.724568837309472,-1.20761472884912,-1.20761472884912,-1.20761472884912,0.724568837309472,0.724568837309472,0.724568837309472,0.724568837309472
2014-10-10,,0.724568837309472,-1.20761472884912,-1.20761472884912,-1.20761472884912,0.724568837309472,0.724568837309472,0.724568837309472,0.724568837309472
2014-10-17,,0.5400617248673217,-1.620185174601965,-1.620185174601965,0.5400617248673217,0.5400617248673217,0.5400617248673217,0.5400617248673217,0.5400617248673217
2014-10-24,,0.5400617248673217,-1.620185174601965,-1.620185174601965,0.5400617248673217,0.5400617248673217,0.5400617248673217,0.5400617248673217,0.5400617248673217
2014-10-31,,0.724568837309472,-1.20761472884912,-1.20761472884912,0.724568837309472,0.724568837309472,0.724568837309472,-1.20761472884912,0.724568837309472
2014-11-07,,0.5400617248673217,-1.620185174601965,0.5400617248673217,0.5400617248673217,0.5400617248673217,0.5400617248673217,-1.620185174601965,0.5400617248673217
2014-11-14,,-1.20761472884912,-1.20761472884912,0.724568837309472,0.724568837309472,0.724568837309472,0.724568837309472,-1.20761472884912,0.724568837309472
2014-11-21,,-1.20761472884912,-1.20761472884912,0.724568837309472,0.724568837309472,0.724568837309472,0.724568837309472,-1.20761472884912,0.724568837309472
2014-11-28,,-1.20761472884912,0.724568837309472,-1.20761472884912,0.724568837309472,0.724568837309472,0.724568837309472,-1.20761472884912,0.724568837309472
2014-12-05,,-1.20761472884912,0.724568837309472,-1.20761472884912,0.724568837309472,0.724568837309472,0.724568837309472,-1.20761472884912,0.724568837309472
2014-12-12,,-1.0606601717798212,0.35355339059327373,-1.0606601717798212,0.35355339059327373,1.7677669529663687,0.35355339059327373,-1.0606601717798212,0.35355339059327373
2014-12-19,,-1.0606601717798212,0.35355339059327373,-1.0606601717798212,0.35355339059327373,1.7677669529663687,0.35355339059327373,-1.0606601717798212,0.35355339059327373
2014-12-26,,-1.3653316208096145,0.1950473744013735,0.1950473744013735,0.1950473744013735,1.7554263696123615,0.1950473744013735,-1.3653316208096145,0.1950473744013735
2015-01-02,,-1.3653316208096145,0.1950473744013735,0.1950473744013735,0.1950473744013735,1.7554263696123615,0.1950473744013735,-1.3653316208096145,0.1950473744013735
2015-01-09,,-1.3228756555322954,1.3228756555322954,1.3228756555322954,-0.0,-0.0,-0.0,-1.3228756555322954,-0.0
2015-01-16,,-1.8480591388386793,0.8400268812903088,0.8400268812903088,-0.5040161287741853,0.8400268812903088,-0.5040161287741853,0.8400268812903088,-0.5040161287741853
2015-01-23,,-1.8480591388386793,0.8400268812903088,0.8400268812903088,-0.5040161287741853,-0.5040161287741853,-0.5040161287741853,0.8400268812903088,0.8400268812903088
2015-01-30,,-1.3228756555322954,1.3228756555322954,-0.0,-0.0,-0.0,-0.0,1.3228756555322954,-1.3228756555322954
2015-02-06,,-1.3228756555322954,1.3228756555322954,-0.0,-0.0,-0.0,-0.0,1.3228756555322954,-1.3228756555322954
2015-02-13,,-1.7677669529663687,1.0606601717798212,-0.35355339059327373,-0.35355339059327373,-0.35355339059327373,-0.35355339059327373,1.0606601717798212,1.0606601717798212
2015-02-20,,-1.0485032066517366,1.3480755514093756,-1.0485032066517366,0.14978617237881953,0.14978617237881953,0.14978617237881953,1.3480755514093756,-1.0485032066517366
2015-02-27,,-0.8461141122266493,1.4101901870444156,-0.8461141122266493,0.2820380374088831,0.2820380374088831,-0.8461141122266493,1.4101901870444156,-0.8461141122266493
2015-03-06,,-0.8461141122266493,1.4101901870444156,-0.8461141122266493,0.2820380374088831,0.2820380374088831,-0.8461141122266493,1.4101901870444156,-0.8461141122266493
2015-03-13,,-0.724568837309472,1.20761472884912,-0.724568837309472,1.20761472884912,1.20761472884912,-0.724568837309472,-0.724568837309472,-0.724568837309472
2015-03-20,,-0.5400617248673217,1.620185174601965,-0.5400617248673217,1.620185174601965,-0.5400617248673217,-0.5400617248673217,-0.5400617248673217,-0.5400617248673217
2015-03-27,,-0.9354143466934853,-0.9354143466934853,0.9354143466934853,0.9354143466934853,-0.9354143466934853,-0.9354143466934853,0.9354143466934853,0.9354143466934853
2015-04-03,,-1.0606601717798212,-1.0606601717798212,1.7677669529663687,0.35355339059327373,0.35355339059327373,-1.0606601717798212,0.35355339059327373,0.35355339059327373
2015-04-10,,-1.0606601717798212,-1.0606601717798212,1.7677669529663687,0.35355339059327373,0.35355339059327373,-1.0606601717798212,0.35355339059327373,0.35355339059327373
2015-04-17,,0.1950473744013735,-1.3653316208096145,1.7554263696123615,0.1950473744013735,0.1950473744013735,-1.3653316208096145,0.1950473744013735,0.1950473744013735
2015-04-24,,-0.35355339059327373,-0.35355339059327373,2.4748737341529163,-0.35355339059327373,-0.35355339059327373,-0.35355339059327373,-0.35355339059327373,-0.35355339059327373
2015-05-01,,0.1950473744013735,0.1950473744013735,1.7554263696123615,0.1950473744013735,-1.3653316208096145,0.1950473744013735,-1.3653316208096145,0.1950473744013735
2015-05-08,,-1.0606601717798212,0.35355339059327373,1.7677669529663687,0.35355339059327373,-1.0606601717798212,0.35355339059327373,-1.0606601717798212,0.35355339059327373
2015-05-15,,-1.8708286933869707,-0.0,1.8708286933869707,-0.0,-0.0,-0.0,-0.0,-0.0
2015-05-22,,-1.620185174601965,0.5400617248673217,-1.620185174601965,0.5400617248673217,0.5400617248673217,0.5400617248673217,0.5400617248673217,0.5400617248673217
2015-05-29,,-1.0606601717798212,0.35355339059327373,-1.0606601717798212,-1.0606601717798212,0.35355339059327373,0.35355339059327373,0.35355339059327373,1.7677669529663687
2015-06-05,,-0.9354143466934853,0.9354143466934853,-0.9354143466934853,0.9354143466934853,-0.9354143466934853,0.9354143466934853,0.9354143466934853,-0.9354143466934853
2015-06-12,,-1.20761472884912,0.724568837309472,-1.20761472884912,0.724568837309472,0.724568837309472,0.724568837309472,0.724568837309472,-1.20761472884912
2015-06-19,,-1.20761472884912,0.724568837309472,-1.20761472884912,0.724568837309472,0.724568837309472,0.724568837309472,0.724568837309472,-1.20761472884912
2015-06-26,,-1.20761472884912,0.724568837309472,-1.20761472884912,0.724568837309472,0.724568837309472,0.724568837309472,0.724568837309472,-1.20761472884912
2015-07-03,,-1.20761472884912,0.724568837309472,-1.20761472884912,0.724568837309472,0.724568837309472,0.724568837309472,0.724568837309472,-1.20761472884912
2015-07-10,,-0.9354143466934853,0.9354143466934853,-0.9354143466934853,0.9354143466934853,0.9354143466934853,0.9354143466934853,-0.9354143466934853,-0.9354143466934853
2015-07-17,1.8333333333333333,-1.1666666666666665,0.33333333333333326,0.33333333333333326,0.33333333333333326,0.33333333333333326,-1.1666666666666665,0.33333333333333326,-1.1666666666666665
2015-07-24,1.849000654084097,-1.4792005232672776,0.1849000654084097,0.1849000654084097,0.1849000654084097,0.1849000654084097,0.1849000654084097,0.1849000654084097,-1.4792005232672776
2015-07-31,1.849000654084097,-1.4792005232672776,0.1849000654084097,0.1849000654084097,0.1849000654084097,0.1849000654084097,0.1849000654084097,0.1849000654084097,-1.4792005232672776
2015-08-07,1.849000654084097,-1.4792005232672776,0.1849000654084097,0.1849000654084097,0.1849000654084097,0.1849000654084097,0.1849000654084097,0.1849000654084097,-1.4792005232672776
2015-08-14,-1.3333333333333335,-1.3333333333333335,0.6666666666666666,0.6666666666666666,0.6666666666666666,0.6666666666666666,0.6666666666666666,0.6666666666666666,-1.3333333333333335
2015-08-21,0.3333333333333333,0.3333333333333333,0.3333333333333333,0.3333333333333333,0.3333333333333333,0.3333333333333333,0.3333333333333333,0.3333333333333333,-2.6666666666666665
2015-08-28,0.5039526306789696,0.5039526306789696,0.5039526306789696,0.5039526306789696,0.5039526306789696,-1.7638342073763937,-1.7638342073763937,0.5039526306789696,0.5039526306789696
2015-09-04,0.5039526306789696,0.5039526306789696,0.5039526306789696,0.5039526306789696,-1.7638342073763937,-1.7638342073763937,0.5039526306789696,0.5039526306789696,0.5039526306789696
2015-09-11,0.5039526306789696,0.5039526306789696,0.5039526306789696,0.5039526306789696,-1.7638342073763937,-1.7638342073763937,0.5039526306789696,0.5039526306789696,0.5039526306789696
2015-09-18,0.5039526306789696,0.5039526306789696,0.5039526306789696,0.5039526306789696,-1.7638342073763937,-1.7638342073763937,0.5039526306789696,0.5039526306789696,0.5039526306789696
2015-09-25,0.6666666666666666,0.6666666666666666,0.6666666666666666,0.6666666666666666,-1.3333333333333335,-1.3333333333333335,0.6666666666666666,-1.3333333333333335,0.6666666666666666
2015-10-02,0.5039526306789696,0.5039526306789696,0.5039526306789696,0.5039526306789696,-1.7638342073763937,-1.7638342073763937,0.5039526306789696,0.5039526306789696,0.5039526306789696
2015-10-09,-0.33333333333333326,1.1666666666666665,-0.33333333333333326,-0.33333333333333326,1.1666666666666665,-1.8333333333333333,-0.33333333333333326,1.1666666666666665,-0.33333333333333326
2015-10-16,-0.33333333333333326,1.1666666666666665,-0.33333333333333326,-0.33333333333333326,1.1666666666666665,-1.8333333333333333,-0.33333333333333326,1.1666666666666665,-0.33333333333333326
2015-10-23,-0.33333333333333326,1.1666666666666665,-0.33333333333333326,-0.33333333333333326,1.1666666666666665,-1.8333333333333333,-0.33333333333333326,1.1666666666666665,-0.33333333333333326
2015-10-30,1.414213562373095,1.414213562373095,-0.0,-1.414213562373095,-0.0,-1.414213562373095,-0.0,-0.0,-0.0
2015-11-06,1.4213381090374029,1.4213381090374029,-1.1370704872299222,-1.1370704872299222,0.14213381090374028,-1.1370704872299222,0.14213381090374028,0.14213381090374028,0.14213381090374028
2015-11-13,1.4666666666666666,1.4666666666666666,-0.9333333333333332,-0.9333333333333332,-0.9333333333333332,-0.9333333333333332,0.2666666666666666,0.2666666666666666,0.2666666666666666
2015-11-20,-0.7647191129018726,1.9882696935448687,-0.7647191129018726,-0.7647191129018726,-0.7647191129018726,-0.7647191129018726,0.611775290321498,0.611775290321498,0.611775290321498
2015-11-27,-0.7647191129018726,1.9882696935448687,-0.7647191129018726,-0.7647191129018726,-0.7647191129018726,-0.7647191129018726,0.611775290321498,0.611775290321498,0.611775290321498
2015-12-04,-0.9428090415820634,1.8856180831641265,-0.9428090415820634,-0.9428090415820634,0.4714045207910316,-0.9428090415820634,0.4714045207910316,0.4714045207910316,0.4714045207910316
2015-12-11,0.6666666666666666,0.6666666666666666,-1.3333333333333335,0.6666666666666666,0.6666666666666666,-1.3333333333333335,0.6666666666666666,-1.3333333333333335,0.6666666666666666
2015-12-18,0.6666666666666666,0.6666666666666666,-1.3333333333333335,0.6666666666666666,0.6666666666666666,-1.3333333333333335,0.6666666666666666,-1.3333333333333335,0.6666666666666666
2015-12-25,0.6666666666666666,0.6666666666666666,-1.3333333333333335,0.6666666666666666,0.6666666666666666,-1.3333333333333335,0.6666666666666666,-1.3333333333333335,0.6666666666666666
2016-01-01,0.8432740427115677,-1.0540925533894598,-1.0540925533894598,0.8432740427115677,0.8432740427115677,-1.0540925533894598,0.8432740427115677,-1.0540925533894598,0.8432740427115677
2016-01-08,0.8432740427115677,-1.0540925533894598,-1.0540925533894598,0.8432740427115677,0.8432740427115677,-1.0540925533894598,0.8432740427115677,-1.0540925533894598,0.8432740427115677
2016-01-15,0.8432740427115677,-1.0540925533894598,-1.0540925533894598,0.8432740427115677,0.8432740427115677,-1.0540925533894598,0.8432740427115677,-1.0540925533894598,0.8432740427115677
2016-01-22,0.6666666666666666,-1.3333333333333335,-1.3333333333333335,0.6666666666666666,0.6666666666666666,-1.3333333333333335,0.6666666666666666,0.6666666666666666,0.6666666666666666
2016-01-29,0.14213381090374028,-1.1370704872299222,-1.1370704872299222,0.14213381090374028,1.4213381090374029,-1.1370704872299222,0.14213381090374028,1.4213381090374029,0.14213381090374028
2016-02-05,0.1849000654084097,0.1849000654084097,-1.4792005232672776,0.1849000654084097,1.849000654084097,-1.4792005232672776,0.1849000654084097,0.1849000654084097,0.1849000654084097
2016-02-12,-0.0,1.414213562373095,-1.414213562373095,-0.0,1.414213562373095,-1.414213562373095,-0.0,-0.0,-0.0
2016-02-19,0.14213381090374028,1.4213381090374029,-1.1370704872299222,0.14213381090374028,1.4213381090374029,-1.1370704872299222,-1.1370704872299222,0.14213381090374028,0.14213381090374028
2016-02-26,0.14213381090374028,1.4213381090374029,-1.1370704872299222,0.14213381090374028,1.4213381090374029,-1.1370704872299222,-1.1370704872299222,0.14213381090374028,0.14213381090374028
2016-03-04,-0.38490017945975047,0.769800358919501,-1.5396007178390019,-0.38490017945975047,0.769800358919501,0.769800358919501,-1.5396007178390019,0.769800358919501,0.769800358919501
2016-03-11,-0.26666666666666666,0.9333333333333333,-1.4666666666666668,-0.26666666666666666,0.9333333333333333,0.9333333333333333,-1.4666666666666668,-0.26666666666666666,0.9333333333333333
2016-03-18,-0.611775290321498,0.7647191129018726,-1.9882696935448687,-0.611775290321498,0.7647191129018726,0.7647191129018726,0.7647191129018726,-0.611775290321498,0.7647191129018726
2016-03-25,-1.539600717839002,0.7698003589195012,-1.539600717839002,-0.3849001794597505,0.7698003589195012,0.7698003589195012,0.7698003589195012,-0.3849001794597505,0.7698003589195012
2016-04-01,-1.4666666666666668,0.9333333333333333,-1.4666666666666668,-0.26666666666666666,-0.26666666666666666,0.9333333333333333,0.9333333333333333,-0.26666666666666666,0.9333333333333333
2016-04-08,-1.4666666666666668,0.9333333333333333,-1.4666666666666668,-0.26666666666666666,-0.26666666666666666,0.9333333333333333,0.9333333333333333,-0.26666666666666666,0.9333333333333333
2016-04-15,0.7647191129018726,0.7647191129018726,-1.9882696935448687,-0.611775290321498,-0.611775290321498,0.7647191129018726,0.7647191129018726,-0.611775290321498,0.7647191129018726
2016-04-22,-0.4714045207910316,0.9428090415820634,-1.8856180831641265,-0.4714045207910316,-0.4714045207910316,0.9428090415820634,0.9428090415820634,-0.4714045207910316,0.9428090415820634
2016-04-29,-1.3333333333333333,0.6666666666666667,-1.3333333333333333,0.6666666666666667,-1.3333333333333333,0.6666666666666667,0.6666666666666667,0.6666666666666667,0.6666666666666667
2016-05-06,-1.0540925533894598,0.8432740427115677,-1.0540925533894598,0.8432740427115677,-1.0540925533894598,0.8432740427115677,0.8432740427115677,-1.0540925533894598,0.8432740427115677
2016-05-13,-1.539600717839002,0.7698003589195012,-0.3849001794597505,0.7698003589195012,-0.3849001794597505,0.7698003589195012,0.7698003589195012,-1.539600717839002,0.7698003589195012
2016-05-20,-0.33333333333333326,-0.33333333333333326,-0.33333333333333326,-1.8333333333333333,-0.33333333333333326,1.1666666666666665,1.1666666666666665,-0.33333333333333326,1.1666666666666665
2016-05-27,-0.5039526306789696,-0.5039526306789696,-0.5039526306789696,-0.5039526306789696,-0.5039526306789696,1.7638342073763937,-0.5039526306789696,-0.5039526306789696,1.7638342073763937
2016-06-03,-0.5039526306789696,-0.5039526306789696,-0.5039526306789696,-0.5039526306789696,-0.5039526306789696,1.7638342073763937,-0.5039526306789696,-0.5039526306789696,1.7638342073763937
2016-06-10,-0.8432740427115677,1.0540925533894598,-0.8432740427115677,-0.8432740427115677,-0.8432740427115677,1.0540925533894598,1.0540925533894598,-0.8432740427115677,1.0540925533894598
2016-06-17,-0.8432740427115677,1.0540925533894598,-0.8432740427115677,-0.8432740427115677,-0.8432740427115677,1.0540925533894598,1.0540925533894598,-0.8432740427115677,1.0540925533894598
2016-06-24,-0.3333333333333333,1.1666666666666667,-0.3333333333333333,-0.3333333333333333,-0.3333333333333333,-1.8333333333333335,1.1666666666666667,-0.3333333333333333,1.1666666666666667
2016-07-01,-0.611775290321498,0.7647191129018726,-0.611775290321498,0.7647191129018726,0.7647191129018726,-1.9882696935448687,-0.611775290321498,0.7647191129018726,0.7647191129018726
2016-07-08,-0.611775290321498,0.7647191129018726,-0.611775290321498,0.7647191129018726,0.7647191129018726,-1.9882696935448687,-0.611775290321498,0.7647191129018726,0.7647191129018726
2016-07-15,-0.4714045207910316,0.9428090415820634,-0.4714045207910316,0.9428090415820634,0.9428090415820634,-1.8856180831641265,-0.4714045207910316,0.9428090415820634,-0.4714045207910316
2016-07-22,-0.4714045207910316,0.9428090415820634,-0.4714045207910316,0.9428090415820634,0.9428090415820634,-1.8856180831641265,-0.4714045207910316,0.9428090415820634,-0.4714045207910316
2016-07-29,-0.1849000654084097,1.4792005232672776,-0.1849000654084097,-0.1849000654084097,1.4792005232672776,-1.849000654084097,-0.1849000654084097,-0.1849000654084097,-0.1849000654084097
2016-08-05,-0.1849000654084097,1.4792005232672776,-0.1849000654084097,-0.1849000654084097,1.4792005232672776,-1.849000654084097,-0.1849000654084097,-0.1849000654084097,-0.1849000654084097
2016-08-12,-0.33333333333333326,1.1666666666666665,-0.33333333333333326,-0.33333333333333326,1.1666666666666665,-1.8333333333333333,-0.33333333333333326,1.1666666666666665,-0.33333333333333326
2016-08-19,-1.4213381090374029,1.1370704872299222,-0.14213381090374028,-0.14213381090374028,1.1370704872299222,-1.4213381090374029,-0.14213381090374028,1.1370704872299222,-0.14213381090374028
2016-08-26,-1.8856180831641265,0.9428090415820634,-0.4714045207910316,-0.4714045207910316,0.9428090415820634,-0.4714045207910316,0.9428090415820634,0.9428090415820634,-0.4714045207910316
2016-09-02,-1.4213381090374029,1.1370704872299222,-0.14213381090374028,-0.14213381090374028,1.1370704872299222,-0.14213381090374028,-1.4213381090374029,1.1370704872299222,-0.14213381090374028
2016-09-09,-1.1370704872299222,1.4213381090374029,0.14213381090374028,0.14213381090374028,1.4213381090374029,-1.1370704872299222,-1.1370704872299222,0.14213381090374028,0.14213381090374028
2016-09-16,-1.1666666666666665,1.8333333333333333,0.33333333333333326,0.33333333333333326,0.33333333333333326,-1.1666666666666665,-1.1666666666666665,0.33333333333333326,0.33333333333333326
2016-09-23,-1.1666666666666665,1.8333333333333333,0.33333333333333326,0.33333333333333326,0.33333333333333326,-1.1666666666666665,-1.1666666666666665,0.33333333333333326,0.33333333333333326
2016-09-30,-1.1370704872299222,1.4213381090374029,1.4213381090374029,0.14213381090374028,0.14213381090374028,-1.1370704872299222,-1.1370704872299222,0.14213381090374028,0.14213381090374028
2016-10-07,-0.9333333333333333,1.4666666666666668,1.4666666666666668,0.26666666666666666,0.26666666666666666,-0.9333333333333333,-0.9333333333333333,-0.9333333333333333,0.26666666666666666
2016-10-14,-1.1370704872299222,1.4213381090374029,1.4213381090374029,0.14213381090374028,0.14213381090374028,-1.1370704872299222,-1.1370704872299222,0.14213381090374028,0.14213381090374028
2016-10-21,-1.1666666666666665,1.8333333333333333,0.33333333333333326,0.33333333333333326,0.33333333333333326,-1.1666666666666665,-1.1666666666666665,0.33333333333333326,0.33333333333333326
2016-10-28,0.1849000654084097,1.849000654084097,0.1849000654084097,0.1849000654084097,0.1849000654084097,-1.4792005232672776,-1.4792005232672776,0.1849000654084097,0.1849000654084097
2016-11-04,0.1849000654084097,1.849000654084097,0.1849000654084097,0.1849000654084097,0.1849000654084097,-1.4792005232672776,-1.4792005232672776,0.1849000654084097,0.1849000654084097
2016-11-11,1.3333333333333333,-0.6666666666666667,-0.6666666666666667,1.3333333333333333,-0.6666666666666667,-0.6666666666666667,-0.6666666666666667,-0.6666666666666667,1.3333333333333333
2016-11-18,1.0540925533894598,-0.8432740427115677,1.0540925533894598,1.0540925533894598,-0.8432740427115677,-0.8432740427115677,-0.8432740427115677,-0.8432740427115677,1.0540925533894598
2016-11-25,1.3333333333333333,-0.6666666666666667,1.3333333333333333,1.3333333333333333,-0.6666666666666667,-0.6666666666666667,-0.6666666666666667,-0.6666666666666667,-0.6666666666666667
2016-12-02,1.0540925533894598,-0.8432740427115677,1.0540925533894598,1.0540925533894598,1.0540925533894598,-0.8432740427115677,-0.8432740427115677,-0.8432740427115677,-0.8432740427115677
2016-12-09,1.0540925533894598,-0.8432740427115677,1.0540925533894598,1.0540925533894598,1.0540925533894598,-0.8432740427115677,-0.8432740427115677,-0.8432740427115677,-0.8432740427115677
2016-12-16,1.7638342073763937,-0.5039526306789696,-0.5039526306789696,-0.5039526306789696,1.7638342073763937,-0.5039526306789696,-0.5039526306789696,-0.5039526306789696,-0.5039526306789696
2016-12-23,1.7638342073763937,-0.5039526306789696,-0.5039526306789696,-0.5039526306789696,1.7638342073763937,-0.5039526306789696,-0.5039526306789696,-0.5039526306789696,-0.5039526306789696
2016-12-30,1.7638342073763937,-0.5039526306789696,-0.5039526306789696,-0.5039526306789696,1.7638342073763937,-0.5039526306789696,-0.5039526306789696,-0.5039526306789696,-0.5039526306789696
2017-01-06,1.3333333333333333,-0.6666666666666667,-0.6666666666666667,-0.6666666666666667,1.3333333333333333,-0.6666666666666667,-0.6666666666666667,1.3333333333333333,-0.6666666666666667
2017-01-13,0.3849001794597505,-0.7698003589195012,-0.7698003589195012,-0.7698003589195012,0.3849001794597505,-0.7698003589195012,-0.7698003589195012,1.539600717839002,1.539600717839002
2017-01-20,0.3849001794597505,-0.7698003589195012,-0.7698003589195012,-0.7698003589195012,0.3849001794597505,-0.7698003589195012,-0.7698003589195012,1.539600717839002,1.539600717839002
2017-01-27,0.611775290321498,-0.7647191129018726,-0.7647191129018726,-0.7647191129018726,0.611775290321498,-0.7647191129018726,-0.7647191129018726,0.611775290321498,1.9882696935448687
2017-02-03,-0.1849000654084097,1.4792005232672776,-0.1849000654084097,-0.1849000654084097,-0.1849000654084097,-1.849000654084097,1.4792005232672776,-0.1849000654084097,-0.1849000654084097
2017-02-10,-0.0,-0.0,-0.0,-0.0,-0.0,-2.0,2.0,-0.0,-0.0
2017-02-17,-0.0,-0.0,-0.0,-0.0,-0.0,-2.0,2.0,-0.0,-0.0
2017-02-24,-0.1849000654084097,-0.1849000654084097,1.4792005232672776,1.4792005232672776,-0.1849000654084097,-1.849000654084097,-0.1849000654084097,-0.1849000654084097,-0.1849000654084097
2017-03-03,-1.4792005232672776,0.1849000654084097,1.849000654084097,0.1849000654084097,0.1849000654084097,-1.4792005232672776,0.1849000654084097,0.1849000654084097,0.1849000654084097
2017-03-10,-1.1666666666666667,0.3333333333333333,1.8333333333333335,0.3333333333333333,0.3333333333333333,-1.1666666666666667,0.3333333333333333,-1.1666666666666667,0.3333333333333333
2017-03-17,-1.4666666666666668,-0.26666666666666666,0.9333333333333333,0.9333333333333333,-0.26666666666666666,-1.4666666666666668,0.9333333333333333,0.9333333333333333,-0.26666666666666666
2017-03-24,-1.414213562373095,-0.0,1.414213562373095,-0.0,-0.0,-1.414213562373095,1.414213562373095,-0.0,-0.0
2017-03-31,-1.4792005232672776,0.1849000654084097,0.1849000654084097,0.1849000654084097,0.1849000654084097,-1.4792005232672776,1.849000654084097,0.1849000654084097,0.1849000654084097
2017-04-07,-1.4792005232672776,0.1849000654084097,0.1849000654084097,0.1849000654084097,0.1849000654084097,-1.4792005232672776,1.849000654084097,0.1849000654084097,0.1849000654084097
2017-04-14,-1.849000654084097,-0.1849000654084097,-0.1849000654084097,-0.1849000654084097,-0.1849000654084097,-0.1849000654084097,1.4792005232672776,1.4792005232672776,-0.1849000654084097
2017-04-21,-1.849000654084097,-0.1849000654084097,-0.1849000654084097,-0.1849000654084097,-0.1849000654084097,-0.1849000654084097,1.4792005232672776,1.4792005232672776,-0.1849000654084097
2017-04-28,-1.8333333333333333,-0.33333333333333326,-0.33333333333333326,-0.33333333333333326,1.1666666666666665,-0.33333333333333326,1.1666666666666665,1.1666666666666665,-0.33333333333333326
2017-05-05,-1.1370704872299222,0.14213381090374028,0.14213381090374028,0.14213381090374028,1.4213381090374029,1.4213381090374029,-1.1370704872299222,-1.1370704872299222,0.14213381090374028
2017-05-12,-1.4213381090374029,-0.14213381090374028,-0.14213381090374028,-0.14213381090374028,1.1370704872299222,1.1370704872299222,-1.4213381090374029,1.1370704872299222,-0.14213381090374028
2017-05-19,-1.8856180831641265,-0.4714045207910316,-0.4714045207910316,0.9428090415820634,0.9428090415820634,0.9428090415820634,0.9428090415820634,-0.4714045207910316,-0.4714045207910316
2017-05-26,1.0540925533894598,-0.8432740427115677,-0.8432740427115677,1.0540925533894598,-0.8432740427115677,1.0540925533894598,1.0540925533894598,-0.8432740427115677,-0.8432740427115677
2017-06-02,-0.8432740427115677,1.0540925533894598,-0.8432740427115677,1.0540925533894598,-0.8432740427115677,1.0540925533894598,1.0540925533894598,-0.8432740427115677,-0.8432740427115677
2017-06-09,-0.8432740427115677,1.0540925533894598,-0.8432740427115677,1.0540925533894598,-0.8432740427115677,1.0540925533894598,1.0540925533894598,-0.8432740427115677,-0.8432740427115677
2017-06-16,-0.3333333333333333,1.1666666666666667,-0.3333333333333333,-1.8333333333333335,-0.3333333333333333,1.1666666666666667,1.1666666666666667,-0.3333333333333333,-0.3333333333333333
2017-06-23,-0.3333333333333333,1.1666666666666667,-0.3333333333333333,-1.8333333333333335,-0.3333333333333333,1.1666666666666667,1.1666666666666667,-0.3333333333333333,-0.3333333333333333
2017-06-30,1.7638342073763937,-0.5039526306789696,-0.5039526306789696,-0.5039526306789696,-0.5039526306789696,-0.5039526306789696,1.7638342073763937,-0.5039526306789696,-0.5039526306789696
2017-07-07,1.4792005232672776,-1.849000654084097,-0.1849000654084097,-0.1849000654084097,-0.1849000654084097,-0.1849000654084097,1.4792005232672776,-0.1849000654084097,-0.1849000654084097
2017-07-14,1.7638342073763937,-0.5039526306789696,-0.5039526306789696,-0.5039526306789696,-0.5039526306789696,-0.5039526306789696,1.7638342073763937,-0.5039526306789696,-0.5039526306789696
2017-07-21,1.3333333333333335,-0.6666666666666666,-0.6666666666666666,1.3333333333333335,-0.6666666666666666,-0.6666666666666666,1.3333333333333335,-0.6666666666666666,-0.6666666666666666
2017-07-28,-0.5039526306789696,-0.5039526306789696,-0.5039526306789696,1.7638342073763937,-0.5039526306789696,-0.5039526306789696,1.7638342073763937,-0.5039526306789696,-0.5039526306789696
2017-08-04,-0.5039526306789696,-0.5039526306789696,-0.5039526306789696,1.7638342073763937,-0.5039526306789696,-0.5039526306789696,1.7638342073763937,-0.5039526306789696,-0.5039526306789696
2017-08-11,-0.0,-2.0,-0.0,-0.0,-0.0,-0.0,2.0,-0.0,-0.0
2017-08-18,-0.0,-2.0,-0.0,-0.0,-0.0,-0.0,2.0,-0.0,-0.0
2017-08-25,-0.3333333333333333,-0.3333333333333333,-0.3333333333333333,1.1666666666666667,-0.3333333333333333,-1.8333333333333335,1.1666666666666667,-0.3333333333333333,1.1666666666666667
2017-09-01,-0.3333333333333333,-0.3333333333333333,-0.3333333333333333,1.1666666666666667,-0.3333333333333333,-1.8333333333333335,1.1666666666666667,-0.3333333333333333,1.1666666666666667
2017-09-08,-0.1849000654084097,1.4792005232672776,-0.1849000654084097,-0.1849000654084097,-0.1849000654084097,-1.849000654084097,-0.1849000654084097,-0.1849000654084097,1.4792005232672776
2017-09-15,-0.1849000654084097,1.4792005232672776,-0.1849000654084097,-0.1849000654084097,-0.1849000654084097,-1.849000654084097,-0.1849000654084097,-0.1849000654084097,1.4792005232672776
2017-09-22,-0.0,1.414213562373095,-1.414213562373095,-0.0,-0.0,-1.414213562373095,-0.0,-0.0,1.414213562373095
2017-09-29,0.4714045207910316,-0.9428090415820634,0.4714045207910316,-0.9428090415820634,0.4714045207910316,-0.9428090415820634,-0.9428090415820634,0.4714045207910316,1.8856180831641265
2017-10-06,0.33333333333333326,0.33333333333333326,0.33333333333333326,-1.1666666666666665,0.33333333333333326,-1.1666666666666665,-1.1666666666666665,0.33333333333333326,1.8333333333333333
2017-10-13,0.1849000654084097,0.1849000654084097,0.1849000654084097,0.1849000654084097,0.1849000654084097,-1.4792005232672776,-1.4792005232672776,0.1849000654084097,1.849000654084097
2017-10-20,0.1849000654084097,0.1849000654084097,0.1849000654084097,0.1849000654084097,0.1849000654084097,-1.4792005232672776,-1.4792005232672776,0.1849000654084097,1.849000654084097
2017-10-27,-0.0,-0.0,-0.0,1.414213562373095,-0.0,-1.414213562373095,-1.414213562373095,-0.0,1.414213562373095
2017-11-03,0.1849000654084097,0.1849000654084097,0.1849000654084097,0.1849000654084097,0.1849000654084097,-1.4792005232672776,-1.4792005232672776,0.1849000654084097,1.849000654084097
2017-11-10,0.33333333333333326,0.33333333333333326,-1.1666666666666665,0.33333333333333326,0.33333333333333326,-1.1666666666666665,-1.1666666666666665,0.33333333333333326,1.8333333333333333
2017-11-17,-0.0,-0.0,-1.414213562373095,-0.0,-0.0,1.414213562373095,-1.414213562373095,-0.0,1.414213562373095
2017-11-24,-0.6666666666666666,-0.6666666666666666,1.3333333333333335,-0.6666666666666666,-0.6666666666666666,1.3333333333333335,-0.6666666666666666,-0.6666666666666666,1.3333333333333335
2017-12-01,-0.8432740427115677,-0.8432740427115677,1.0540925533894598,-0.8432740427115677,1.0540925533894598,1.0540925533894598,-0.8432740427115677,-0.8432740427115677,1.0540925533894598
2017-12-08,-0.8432740427115677,-0.8432740427115677,1.0540925533894598,-0.8432740427115677,1.0540925533894598,1.0540925533894598,-0.8432740427115677,-0.8432740427115677,1.0540925533894598
2017-12-15,-0.611775290321498,-1.9882696935448687,0.7647191129018726,-0.611775290321498,0.7647191129018726,0.7647191129018726,0.7647191129018726,-0.611775290321498,0.7647191129018726
2017-12-22,-0.7647191129018726,-2.141213516125243,0.611775290321498,0.611775290321498,0.611775290321498,0.611775290321498,0.611775290321498,-0.7647191129018726,0.611775290321498
2017-12-29,-0.611775290321498,-1.9882696935448687,0.7647191129018726,0.7647191129018726,0.7647191129018726,0.7647191129018726,-0.611775290321498,-0.611775290321498,0.7647191129018726
2018-01-05,-1.0540925533894598,0.8432740427115677,0.8432740427115677,-1.0540925533894598,0.8432740427115677,0.8432740427115677,-1.0540925533894598,-1.0540925533894598,0.8432740427115677
2018-01-12,0.8432740427115677,-1.0540925533894598,0.8432740427115677,-1.0540925533894598,0.8432740427115677,0.8432740427115677,-1.0540925533894598,-1.0540925533894598,0.8432740427115677
2018-01-19,-0.8432740427115677,-0.8432740427115677,1.0540925533894598,-0.8432740427115677,1.0540925533894598,1.0540925533894598,-0.8432740427115677,-0.8432740427115677,1.0540925533894598
2018-01-26,-0.6666666666666666,-0.6666666666666666,1.3333333333333335,-0.6666666666666666,1.3333333333333335,1.3333333333333335,-0.6666666666666666,-0.6666666666666666,-0.6666666666666666
2018-02-02,-0.1849000654084097,-0.1849000654084097,1.4792005232672776,-1.849000654084097,1.4792005232672776,-0.1849000654084097,-0.1849000654084097,-0.1849000654084097,-0.1849000654084097
2018-02-09,-0.0,-1.414213562373095,1.414213562373095,-1.414213562373095,1.414213562373095,-0.0,-0.0,-0.0,-0.0
2018-02-16,-0.3333333333333333,-1.8333333333333335,1.1666666666666667,-0.3333333333333333,1.1666666666666667,-0.3333333333333333,1.1666666666666667,-0.3333333333333333,-0.3333333333333333
2018-02-23,-0.0,-1.414213562373095,-1.414213562373095,-0.0,1.414213562373095,-0.0,1.414213562373095,-0.0,-0.0
2018-03-02,0.14213381090374028,-1.1370704872299222,-1.1370704872299222,-1.1370704872299222,1.4213381090374029,0.14213381090374028,1.4213381090374029,0.14213381090374028,0.14213381090374028
2018-03-09,-0.14213381090374028,-1.4213381090374029,-1.4213381090374029,1.1370704872299222,1.1370704872299222,-0.14213381090374028,1.1370704872299222,-0.14213381090374028,-0.14213381090374028
2018-03-16,-0.14213381090374028,-1.4213381090374029,-1.4213381090374029,1.1370704872299222,1.1370704872299222,-0.14213381090374028,1.1370704872299222,-0.14213381090374028,-0.14213381090374028
2018-03-23,-0.0,-1.414213562373095,-1.414213562373095,-0.0,1.414213562373095,-0.0,1.414213562373095,-0.0,-0.0
2018-03-30,-0.14213381090374028,-1.4213381090374029,-1.4213381090374029,1.1370704872299222,1.1370704872299222,-0.14213381090374028,1.1370704872299222,-0.14213381090374028,-0.14213381090374028
2018-04-06,-0.14213381090374028,-1.4213381090374029,-1.4213381090374029,1.1370704872299222,1.1370704872299222,-0.14213381090374028,1.1370704872299222,-0.14213381090374028,-0.14213381090374028
2018-04-13,-0.14213381090374028,-1.4213381090374029,-1.4213381090374029,1.1370704872299222,1.1370704872299222,-0.14213381090374028,1.1370704872299222,-0.14213381090374028,-0.14213381090374028
2018-04-20,-0.1849000654084097,-1.849000654084097,-0.1849000654084097,-0.1849000654084097,1.4792005232672776,-0.1849000654084097,1.4792005232672776,-0.1849000654084097,-0.1849000654084097
2018-04-27,0.1849000654084097,-1.4792005232672776,0.1849000654084097,0.1849000654084097,1.849000654084097,0.1849000654084097,-1.4792005232672776,0.1849000654084097,0.1849000654084097
2018-05-04,0.3333333333333333,0.3333333333333333,0.3333333333333333,-2.6666666666666665,0.3333333333333333,0.3333333333333333,0.3333333333333333,0.3333333333333333,0.3333333333333333
2018-05-11,,,,,,,,,
2018-05-18,0.3333333333333333,0.3333333333333333,0.3333333333333333,-2.6666666666666665,0.3333333333333333,0.3333333333333333,0.3333333333333333,0.3333333333333333,0.3333333333333333
2018-05-25,0.3333333333333333,0.3333333333333333,0.3333333333333333,0.3333333333333333,0.3333333333333333,0.3333333333333333,-2.6666666666666665,0.3333333333333333,0.3333333333333333
2018-06-01,-0.0,2.0,-0.0,-0.0,-0.0,-0.0,-2.0,-0.0,-0.0
2018-06-08,-0.0,2.0,-0.0,-0.0,-0.0,-0.0,-2.0,-0.0,-0.0
2018-06-15,0.5039526306789696,-1.7638342073763937,-1.7638342073763937,0.5039526306789696,0.5039526306789696,0.5039526306789696,0.5039526306789696,0.5039526306789696,0.5039526306789696
2018-06-22,-0.8432740427115677,-0.8432740427115677,-0.8432740427115677,-0.8432740427115677,1.0540925533894598,1.0540925533894598,1.0540925533894598,1.0540925533894598,-0.8432740427115677
2018-06-29,0.6666666666666666,0.6666666666666666,-1.3333333333333335,-1.3333333333333335,0.6666666666666666,0.6666666666666666,0.6666666666666666,0.6666666666666666,-1.3333333333333335
2018-07-06,0.6666666666666666,0.6666666666666666,-1.3333333333333335,-1.3333333333333335,0.6666666666666666,0.6666666666666666,0.6666666666666666,0.6666666666666666,-1.3333333333333335
2018-07-13,0.8432740427115677,0.8432740427115677,-1.0540925533894598,-1.0540925533894598,0.8432740427115677,0.8432740427115677,0.8432740427115677,-1.0540925533894598,-1.0540925533894598
2018-07-20,0.8432740427115677,0.8432740427115677,-1.0540925533894598,-1.0540925533894598,0.8432740427115677,0.8432740427115677,0.8432740427115677,-1.0540925533894598,-1.0540925533894598
2018-07-27,0.8432740427115677,0.8432740427115677,-1.0540925533894598,-1.0540925533894598,0.8432740427115677,0.8432740427115677,0.8432740427115677,-1.0540925533894598,-1.0540925533894598
2018-08-03,0.8432740427115677,0.8432740427115677,-1.0540925533894598,-1.0540925533894598,0.8432740427115677,0.8432740427115677,0.8432740427115677,-1.0540925533894598,-1.0540925533894598
2018-08-10,0.8432740427115677,-1.0540925533894598,-1.0540925533894598,-1.0540925533894598,0.8432740427115677,0.8432740427115677,0.8432740427115677,0.8432740427115677,-1.0540925533894598
2018-08-17,0.6666666666666666,0.6666666666666666,0.6666666666666666,-1.3333333333333335,-1.3333333333333335,0.6666666666666666,0.6666666666666666,0.6666666666666666,-1.3333333333333335
2018-08-24,0.4714045207910316,0.4714045207910316,-0.9428090415820634,1.8856180831641265,-0.9428090415820634,0.4714045207910316,-0.9428090415820634,0.4714045207910316,-0.9428090415820634
2018-08-31,0.4714045207910316,0.4714045207910316,-0.9428090415820634,1.8856180831641265,-0.9428090415820634,0.4714045207910316,-0.9428090415820634,0.4714045207910316,-0.9428090415820634
2018-09-07,0.8432740427115677,0.8432740427115677,-1.0540925533894598,0.8432740427115677,-1.0540925533894598,0.8432740427115677,-1.0540925533894598,0.8432740427115677,-1.0540925533894598
2018-09-14,0.8432740427115677,0.8432740427115677,-1.0540925533894598,0.8432740427115677,-1.0540925533894598,0.8432740427115677,-1.0540925533894598,0.8432740427115677,-1.0540925533894598
2018-09-21,0.4714045207910316,0.4714045207910316,-0.9428090415820634,1.8856180831641265,-0.9428090415820634,0.4714045207910316,-0.9428090415820634,0.4714045207910316,-0.9428090415820634
2018-09-28,0.4714045207910316,0.4714045207910316,-0.9428090415820634,1.8856180831641265,-0.9428090415820634,0.4714045207910316,-0.9428090415820634,0.4714045207910316,-0.9428090415820634
2018-10-05,1.0540925533894598,1.0540925533894598,-0.8432740427115677,-0.8432740427115677,-0.8432740427115677,1.0540925533894598,-0.8432740427115677,1.0540925533894598,-0.8432740427115677
2018-10-12,1.0540925533894598,1.0540925533894598,-0.8432740427115677,-0.8432740427115677,-0.8432740427115677,1.0540925533894598,-0.8432740427115677,1.0540925533894598,-0.8432740427115677
2018-10-19,1.0540925533894598,1.0540925533894598,-0.8432740427115677,-0.8432740427115677,-0.8432740427115677,1.0540925533894598,-0.8432740427115677,1.0540925533894598,-0.8432740427115677
2018-10-26,0.8432740427115677,0.8432740427115677,-1.0540925533894598,0.8432740427115677,-1.0540925533894598,0.8432740427115677,-1.0540925533894598,0.8432740427115677,-1.0540925533894598
2018-11-02,0.4714045207910316,1.8856180831641265,-0.9428090415820634,0.4714045207910316,-0.9428090415820634,0.4714045207910316,-0.9428090415820634,0.4714045207910316,-0.9428090415820634
2018-11-09,-0.8432740427115677,1.0540925533894598,-0.8432740427115677,1.0540925533894598,-0.8432740427115677,1.0540925533894598,-0.8432740427115677,1.0540925533894598,-0.8432740427115677
2018-11-16,-0.8432740427115677,1.0540925533894598,-0.8432740427115677,1.0540925533894598,-0.8432740427115677,1.0540925533894598,-0.8432740427115677,1.0540925533894598,-0.8432740427115677
2018-11-23,-0.7647191129018726,0.611775290321498,1.9882696935448687,-0.7647191129018726,-0.7647191129018726,0.611775290321498,-0.7647191129018726,0.611775290321498,-0.7647191129018726
2018-11-30,-0.7647191129018726,0.611775290321498,1.9882696935448687,-0.7647191129018726,-0.7647191129018726,0.611775290321498,-0.7647191129018726,0.611775290321498,-0.7647191129018726
2018-12-07,-0.7647191129018726,0.611775290321498,1.9882696935448687,-0.7647191129018726,-0.7647191129018726,0.611775290321498,-0.7647191129018726,0.611775290321498,-0.7647191129018726
2018-12-14,-0.7647191129018726,0.611775290321498,1.9882696935448687,-0.7647191129018726,-0.7647191129018726,0.611775290321498,-0.7647191129018726,0.611775290321498,-0.7647191129018726
2018-12-21,-0.7698003589195012,0.3849001794597505,1.539600717839002,-0.7698003589195012,-0.7698003589195012,0.3849001794597505,-0.7698003589195012,1.539600717839002,-0.7698003589195012
2018-12-28,-0.9578949441427994,0.11973686801784993,1.1973686801784993,-0.9578949441427994,1.1973686801784993,0.11973686801784993,-0.9578949441427994,1.1973686801784993,-0.9578949441427994
2019-01-04,-1.1547005383792517,1.1547005383792517,1.1547005383792517,-1.1547005383792517,1.1547005383792517,-0.0,-0.0,-0.0,-1.1547005383792517
2019-01-11,1.1370704872299222,-0.14213381090374028,1.1370704872299222,-1.4213381090374029,1.1370704872299222,-0.14213381090374028,-0.14213381090374028,-0.14213381090374028,-1.4213381090374029
2019-01-18,1.4213381090374029,0.14213381090374028,-1.1370704872299222,-1.1370704872299222,1.4213381090374029,0.14213381090374028,0.14213381090374028,0.14213381090374028,-1.1370704872299222
2019-01-25,1.4213381090374029,0.14213381090374028,-1.1370704872299222,-1.1370704872299222,1.4213381090374029,0.14213381090374028,0.14213381090374028,0.14213381090374028,-1.1370704872299222
2019-02-01,1.4213381090374029,0.14213381090374028,-1.1370704872299222,-1.1370704872299222,1.4213381090374029,0.14213381090374028,0.14213381090374028,0.14213381090374028,-1.1370704872299222
2019-02-08,0.9578949441427994,0.9578949441427994,-1.1973686801784993,-1.1973686801784993,0.9578949441427994,0.9578949441427994,-0.11973686801784993,-0.11973686801784993,-1.1973686801784993
2019-02-15,0.9578949441427994,0.9578949441427994,-1.1973686801784993,-1.1973686801784993,0.9578949441427994,0.9578949441427994,-0.11973686801784993,-0.11973686801784993,-1.1973686801784993
2019-02-22,1.1370704872299222,1.1370704872299222,-0.14213381090374028,-1.4213381090374029,1.1370704872299222,-0.14213381090374028,-0.14213381090374028,-0.14213381090374028,-1.4213381090374029
2019-03-01,1.1370704872299222,1.1370704872299222,-0.14213381090374028,-1.4213381090374029,1.1370704872299222,-0.14213381090374028,-0.14213381090374028,-0.14213381090374028,-1.4213381090374029
2019-03-08,0.9333333333333333,0.9333333333333333,0.9333333333333333,-1.4666666666666668,0.9333333333333333,-0.26666666666666666,-0.26666666666666666,-0.26666666666666666,-1.4666666666666668
2019-03-15,0.769800358919501,0.769800358919501,0.769800358919501,-1.5396007178390019,0.769800358919501,-0.38490017945975047,0.769800358919501,-0.38490017945975047,-1.5396007178390019
2019-03-22,0.769800358919501,0.769800358919501,0.769800358919501,-1.5396007178390019,0.769800358919501,-0.38490017945975047,0.769800358919501,-0.38490017945975047,-1.5396007178390019
2019-03-29,0.9578949441427994,-1.1973686801784993,0.9578949441427994,-1.1973686801784993,0.9578949441427994,-0.11973686801784993,0.9578949441427994,-0.11973686801784993,-1.1973686801784993
2019-04-05,0.8003267306650412,-1.2576562910450648,0.8003267306650412,-1.2576562910450648,0.8003267306650412,0.8003267306650412,0.8003267306650412,-0.22866478019001174,-1.2576562910450648
2019-04-12,1.1547005383792517,-1.1547005383792517,1.1547005383792517,-1.1547005383792517,-0.0,-0.0,1.1547005383792517,-0.0,-1.1547005383792517
2019-04-19,0.9333333333333333,0.9333333333333333,0.9333333333333333,-1.4666666666666668,-0.26666666666666666,-0.26666666666666666,0.9333333333333333,-0.26666666666666666,-1.4666666666666668
2019-04-26,-0.9333333333333333,1.4666666666666668,-0.9333333333333333,-0.9333333333333333,0.26666666666666666,0.26666666666666666,1.4666666666666668,0.26666666666666666,-0.9333333333333333
2019-05-03,-0.9428090415820634,-0.9428090415820634,0.4714045207910316,-0.9428090415820634,0.4714045207910316,0.4714045207910316,1.8856180831641265,0.4714045207910316,-0.9428090415820634
2019-05-10,-1.1666666666666665,0.33333333333333326,-1.1666666666666665,0.33333333333333326,0.33333333333333326,0.33333333333333326,1.8333333333333333,0.33333333333333326,-1.1666666666666665
2019-05-17,-1.0540925533894598,0.8432740427115677,-1.0540925533894598,0.8432740427115677,0.8432740427115677,-1.0540925533894598,-1.0540925533894598,0.8432740427115677,0.8432740427115677
2019-05-24,-1.7638342073763937,0.5039526306789696,0.5039526306789696,0.5039526306789696,0.5039526306789696,0.5039526306789696,-1.7638342073763937,0.5039526306789696,0.5039526306789696
2019-05-31,-1.3333333333333335,0.6666666666666666,0.6666666666666666,0.6666666666666666,-1.3333333333333335,0.6666666666666666,-1.3333333333333335,0.6666666666666666,0.6666666666666666
2019-06-07,-1.1370704872299222,0.14213381090374028,0.14213381090374028,0.14213381090374028,-1.1370704872299222,1.4213381090374029,-1.1370704872299222,1.4213381090374029,0.14213381090374028
2019-06-14,-1.1370704872299222,0.14213381090374028,0.14213381090374028,0.14213381090374028,-1.1370704872299222,1.4213381090374029,-1.1370704872299222,1.4213381090374029,0.14213381090374028
2019-06-21,-1.1370704872299222,1.4213381090374029,0.14213381090374028,0.14213381090374028,-1.1370704872299222,1.4213381090374029,-1.1370704872299222,0.14213381090374028,0.14213381090374028
2019-06-28,-1.414213562373095,1.414213562373095,1.414213562373095,-0.0,-1.414213562373095,-0.0,-0.0,-0.0,-0.0
2019-07-05,-1.1666666666666665,1.8333333333333333,0.33333333333333326,0.33333333333333326,-1.1666666666666665,0.33333333333333326,0.33333333333333326,0.33333333333333326,-1.1666666666666665
2019-07-12,-0.0,-0.0,-0.0,-0.0,2.0,-0.0,-0.0,-0.0,-2.0
2019-07-19,-0.0,-0.0,-0.0,-0.0,2.0,-0.0,-0.0,-0.0,-2.0
2019-07-26,0.1849000654084097,0.1849000654084097,0.1849000654084097,0.1849000654084097,1.849000654084097,0.1849000654084097,-1.4792005232672776,0.1849000654084097,-1.4792005232672776
2019-08-02,-0.9428090415820634,-0.9428090415820634,-0.9428090415820634,0.4714045207910316,1.8856180831641265,0.4714045207910316,-0.9428090415820634,0.4714045207910316,0.4714045207910316
2019-08-09,0.6666666666666666,-1.3333333333333335,0.6666666666666666,0.6666666666666666,-1.3333333333333335,0.6666666666666666,-1.3333333333333335,0.6666666666666666,0.6666666666666666
2019-08-16,0.6666666666666666,-1.3333333333333335,0.6666666666666666,0.6666666666666666,-1.3333333333333335,0.6666666666666666,-1.3333333333333335,0.6666666666666666,0.6666666666666666
2019-08-23,0.33333333333333326,-1.1666666666666665,0.33333333333333326,0.33333333333333326,-1.1666666666666665,0.33333333333333326,-1.1666666666666665,1.8333333333333333,0.33333333333333326
2019-08-30,0.33333333333333326,-1.1666666666666665,0.33333333333333326,0.33333333333333326,-1.1666666666666665,0.33333333333333326,-1.1666666666666665,1.8333333333333333,0.33333333333333326
2019-09-06,0.1849000654084097,0.1849000654084097,0.1849000654084097,0.1849000654084097,-1.4792005232672776,0.1849000654084097,-1.4792005232672776,1.849000654084097,0.1849000654084097
2019-09-13,-0.0,1.414213562373095,-0.0,-0.0,-1.414213562373095,-0.0,-1.414213562373095,1.414213562373095,-0.0
2019-09-20,-0.9333333333333332,1.4666666666666666,0.2666666666666666,-0.9333333333333332,-0.9333333333333332,0.2666666666666666,-0.9333333333333332,1.4666666666666666,0.2666666666666666
2019-09-27,-0.9333333333333332,0.2666666666666666,1.4666666666666666,-0.9333333333333332,-0.9333333333333332,0.2666666666666666,-0.9333333333333332,1.4666666666666666,0.2666666666666666
2019-10-04,-0.9333333333333332,0.2666666666666666,1.4666666666666666,-0.9333333333333332,-0.9333333333333332,0.2666666666666666,-0.9333333333333332,1.4666666666666666,0.2666666666666666
2019-10-11,-0.9333333333333332,0.2666666666666666,0.2666666666666666,-0.9333333333333332,-0.9333333333333332,0.2666666666666666,-0.9333333333333332,1.4666666666666666,1.4666666666666666
2019-10-18,-0.9333333333333332,0.2666666666666666,0.2666666666666666,-0.9333333333333332,-0.9333333333333332,1.4666666666666666,-0.9333333333333332,1.4666666666666666,0.2666666666666666
2019-10-25,-0.9333333333333332,0.2666666666666666,0.2666666666666666,-0.9333333333333332,-0.9333333333333332,1.4666666666666666,-0.9333333333333332,1.4666666666666666,0.2666666666666666
2019-11-01,-1.1973686801784993,0.9578949441427994,0.9578949441427994,-1.1973686801784993,0.9578949441427994,-0.11973686801784993,-1.1973686801784993,0.9578949441427994,-0.11973686801784993
2019-11-08,-0.0,1.1547005383792517,-1.1547005383792517,-1.1547005383792517,1.1547005383792517,-0.0,-1.1547005383792517,1.1547005383792517,-0.0
2019-11-15,-0.14213381090374028,1.1370704872299222,-0.14213381090374028,-1.4213381090374029,1.1370704872299222,-0.14213381090374028,-1.4213381090374029,1.1370704872299222,-0.14213381090374028
2019-11-22,-0.6666666666666666,-0.6666666666666666,-0.6666666666666666,-0.6666666666666666,1.3333333333333335,-0.6666666666666666,1.3333333333333335,1.3333333333333335,-0.6666666666666666
2019-11-29,-0.6666666666666666,-0.6666666666666666,-0.6666666666666666,-0.6666666666666666,1.3333333333333335,-0.6666666666666666,1.3333333333333335,1.3333333333333335,-0.6666666666666666
2019-12-06,-0.6666666666666666,-0.6666666666666666,-0.6666666666666666,-0.6666666666666666,1.3333333333333335,-0.6666666666666666,1.3333333333333335,1.3333333333333335,-0.6666666666666666
2019-12-13,-0.6666666666666666,-0.6666666666666666,-0.6666666666666666,-0.6666666666666666,1.3333333333333335,-0.6666666666666666,1.3333333333333335,1.3333333333333335,-0.6666666666666666
2019-12-20,-1.0540925533894598,0.8432740427115677,-1.0540925533894598,0.8432740427115677,0.8432740427115677,-1.0540925533894598,0.8432740427115677,0.8432740427115677,-1.0540925533894598
2019-12-27,-0.8432740427115677,-0.8432740427115677,-0.8432740427115677,1.0540925533894598,1.0540925533894598,-0.8432740427115677,1.0540925533894598,1.0540925533894598,-0.8432740427115677
2020-01-03,-0.8432740427115677,-0.8432740427115677,-0.8432740427115677,1.0540925533894598,1.0540925533894598,-0.8432740427115677,1.0540925533894598,1.0540925533894598,-0.8432740427115677
2020-01-10,0.5039526306789696,-1.7638342073763937,0.5039526306789696,0.5039526306789696,0.5039526306789696,0.5039526306789696,0.5039526306789696,0.5039526306789696,-1.7638342073763937
2020-01-17,0.5039526306789696,-1.7638342073763937,0.5039526306789696,0.5039526306789696,0.5039526306789696,0.5039526306789696,0.5039526306789696,0.5039526306789696,-1.7638342073763937
2020-01-24,0.8432740427115677,-1.0540925533894598,-1.0540925533894598,0.8432740427115677,0.8432740427115677,0.8432740427115677,0.8432740427115677,-1.0540925533894598,-1.0540925533894598
2020-01-31,0.1849000654084097,0.1849000654084097,0.1849000654084097,0.1849000654084097,1.849000654084097,0.1849000654084097,-1.4792005232672776,-1.4792005232672776,0.1849000654084097
2020-02-07,-0.0,2.0,-0.0,-0.0,-2.0,-0.0,-0.0,-0.0,-0.0
2020-02-14,-0.1849000654084097,1.4792005232672776,-0.1849000654084097,-0.1849000654084097,-1.849000654084097,1.4792005232672776,-0.1849000654084097,-0.1849000654084097,-0.1849000654084097
2020-02-21,-0.7647191129018726,0.611775290321498,-0.7647191129018726,-0.7647191129018726,-0.7647191129018726,1.9882696935448687,-0.7647191129018726,0.611775290321498,0.611775290321498
2020-02-28,-1.0540925533894598,-1.0540925533894598,0.8432740427115677,0.8432740427115677,-1.0540925533894598,0.8432740427115677,-1.0540925533894598,0.8432740427115677,0.8432740427115677
2020-03-06,0.1849000654084097,0.1849000654084097,0.1849000654084097,0.1849000654084097,-1.4792005232672776,1.849000654084097,-1.4792005232672776,0.1849000654084097,0.1849000654084097
2020-03-13,0.5039526306789696,0.5039526306789696,0.5039526306789696,0.5039526306789696,-1.7638342073763937,0.5039526306789696,-1.7638342073763937,0.5039526306789696,0.5039526306789696
2020-03-20,-1.0540925533894598,0.8432740427115677,0.8432740427115677,0.8432740427115677,-1.0540925533894598,-1.0540925533894598,-1.0540925533894598,0.8432740427115677,0.8432740427115677
2020-03-27,-1.0540925533894598,0.8432740427115677,0.8432740427115677,0.8432740427115677,-1.0540925533894598,-1.0540925533894598,-1.0540925533894598,0.8432740427115677,0.8432740427115677
2020-04-03,-1.3333333333333335,0.6666666666666666,0.6666666666666666,0.6666666666666666,-1.3333333333333335,0.6666666666666666,-1.3333333333333335,0.6666666666666666,0.6666666666666666
2020-04-10,-1.1666666666666665,0.33333333333333326,0.33333333333333326,0.33333333333333326,-1.1666666666666665,1.8333333333333333,-1.1666666666666665,0.33333333333333326,0.33333333333333326
2020-04-17,-1.3333333333333335,0.6666666666666666,0.6666666666666666,0.6666666666666666,-1.3333333333333335,0.6666666666666666,-1.3333333333333335,0.6666666666666666,0.6666666666666666
2020-04-24,-1.3333333333333335,0.6666666666666666,0.6666666666666666,0.6666666666666666,-1.3333333333333335,0.6666666666666666,-1.3333333333333335,0.6666666666666666,0.6666666666666666
2020-05-01,-1.1666666666666665,0.33333333333333326,0.33333333333333326,0.33333333333333326,-1.1666666666666665,1.8333333333333333,-1.1666666666666665,0.33333333333333326,0.33333333333333326
2020-05-08,-1.3333333333333335,0.6666666666666666,0.6666666666666666,0.6666666666666666,-1.3333333333333335,0.6666666666666666,-1.3333333333333335,0.6666666666666666,0.6666666666666666
2020-05-15,-1.3333333333333335,0.6666666666666666,0.6666666666666666,0.6666666666666666,-1.3333333333333335,0.6666666666666666,-1.3333333333333335,0.6666666666666666,0.6666666666666666
2020-05-22,-1.4213381090374029,1.1370704872299222,-0.14213381090374028,-0.14213381090374028,-1.4213381090374029,1.1370704872299222,1.1370704872299222,-0.14213381090374028,-0.14213381090374028
2020-05-29,-1.4666666666666666,0.9333333333333332,0.9333333333333332,-0.2666666666666666,-1.4666666666666666,0.9333333333333332,0.9333333333333332,-0.2666666666666666,-0.2666666666666666
2020-06-05,1.0540925533894598,1.0540925533894598,1.0540925533894598,-0.8432740427115677,1.0540925533894598,-0.8432740427115677,-0.8432740427115677,-0.8432740427115677,-0.8432740427115677
2020-06-12,1.3333333333333335,1.3333333333333335,-0.6666666666666666,-0.6666666666666666,1.3333333333333335,-0.6666666666666666,-0.6666666666666666,-0.6666666666666666,-0.6666666666666666
2020-06-19,1.1666666666666665,1.1666666666666665,-1.8333333333333333,-0.33333333333333326,1.1666666666666665,-0.33333333333333326,-0.33333333333333326,-0.33333333333333326,-0.33333333333333326
2020-06-26,1.3333333333333335,1.3333333333333335,-0.6666666666666666,-0.6666666666666666,1.3333333333333335,-0.6666666666666666,-0.6666666666666666,-0.6666666666666666,-0.6666666666666666
2020-07-03,1.0540925533894598,1.0540925533894598,1.0540925533894598,-0.8432740427115677,1.0540925533894598,-0.8432740427115677,-0.8432740427115677,-0.8432740427115677,-0.8432740427115677
2020-07-10,1.0540925533894598,1.0540925533894598,1.0540925533894598,-0.8432740427115677,1.0540925533894598,-0.8432740427115677,-0.8432740427115677,-0.8432740427115677,-0.8432740427115677
2020-07-17,1.3333333333333335,-0.6666666666666666,1.3333333333333335,-0.6666666666666666,1.3333333333333335,-0.6666666666666666,-0.6666666666666666,-0.6666666666666666,-0.6666666666666666
2020-07-24,1.3333333333333335,-0.6666666666666666,1.3333333333333335,-0.6666666666666666,1.3333333333333335,-0.6666666666666666,-0.6666666666666666,-0.6666666666666666,-0.6666666666666666
2020-07-31,1.1666666666666665,-1.8333333333333333,1.1666666666666665,-0.33333333333333326,1.1666666666666665,-0.33333333333333326,-0.33333333333333326,-0.33333333333333326,-0.33333333333333326
2020-08-07,1.4792005232672776,-1.849000654084097,-0.1849000654084097,-0.1849000654084097,1.4792005232672776,-0.1849000654084097,-0.1849000654084097,-0.1849000654084097,-0.1849000654084097
2020-08-14,1.1666666666666665,-1.8333333333333333,-0.33333333333333326,-0.33333333333333326,1.1666666666666665,-0.33333333333333326,-0.33333333333333326,1.1666666666666665,-0.33333333333333326
2020-08-21,1.1666666666666665,-1.8333333333333333,-0.33333333333333326,-0.33333333333333326,1.1666666666666665,-0.33333333333333326,-0.33333333333333326,-0.33333333333333326,1.1666666666666665
2020-08-28,1.0540925533894598,-0.8432740427115677,1.0540925533894598,-0.8432740427115677,-0.8432740427115677,-0.8432740427115677,-0.8432740427115677,1.0540925533894598,1.0540925533894598
2020-09-04,1.3333333333333335,-0.6666666666666666,-0.6666666666666666,-0.6666666666666666,-0.6666666666666666,-0.6666666666666666,-0.6666666666666666,1.3333333333333335,1.3333333333333335
2020-09-11,1.1666666666666665,-1.8333333333333333,-0.33333333333333326,-0.33333333333333326,-0.33333333333333326,-0.33333333333333326,-0.33333333333333326,1.1666666666666665,1.1666666666666665
2020-09-18,0.8432740427115677,-1.0540925533894598,-1.0540925533894598,0.8432740427115677,0.8432740427115677,-1.0540925533894598,0.8432740427115677,0.8432740427115677,-1.0540925533894598
2020-09-25,1.414213562373095,-1.414213562373095,-0.0,1.414213562373095,-0.0,-0.0,-1.414213562373095,-0.0,-0.0
2020-10-02,1.414213562373095,-1.414213562373095,-0.0,1.414213562373095,-0.0,-0.0,-1.414213562373095,-0.0,-0.0
2020-10-09,1.7638342073763937,-0.5039526306789696,-0.5039526306789696,-0.5039526306789696,-0.5039526306789696,-0.5039526306789696,-0.5039526306789696,1.7638342073763937,-0.5039526306789696
2020-10-16,1.7638342073763937,-0.5039526306789696,-0.5039526306789696,-0.5039526306789696,-0.5039526306789696,-0.5039526306789696,-0.5039526306789696,1.7638342073763937,-0.5039526306789696
2020-10-23,2.0,-0.0,-2.0,-0.0,-0.0,-0.0,-0.0,-0.0,-0.0
2020-10-30,2.6666666666666665,-0.3333333333333333,-0.3333333333333333,-0.3333333333333333,-0.3333333333333333,-0.3333333333333333,-0.3333333333333333,-0.3333333333333333,-0.3333333333333333
2020-11-06,1.0540925533894598,1.0540925533894598,-0.8432740427115677,-0.8432740427115677,-0.8432740427115677,-0.8432740427115677,1.0540925533894598,1.0540925533894598,-0.8432740427115677
2020-11-13,1.1666666666666667,-0.3333333333333333,-1.8333333333333335,-0.3333333333333333,1.1666666666666667,-0.3333333333333333,1.1666666666666667,-0.3333333333333333,-0.3333333333333333
2020-11-20,2.0,-0.0,-2.0,-0.0,-0.0,-0.0,-0.0,-0.0,-0.0
2020-11-27,2.0,-0.0,-2.0,-0.0,-0.0,-0.0,-0.0,-0.0,-0.0
2020-12-04,2.0,-0.0,-2.0,-0.0,-0.0,-0.0,-0.0,-0.0,-0.0
2020-12-11,2.6666666666666665,-0.3333333333333333,-0.3333333333333333,-0.3333333333333333,-0.3333333333333333,-0.3333333333333333,-0.3333333333333333,-0.3333333333333333,-0.3333333333333333
2020-12-18,1.7638342073763937,-0.5039526306789696,1.7638342073763937,-0.5039526306789696,-0.5039526306789696,-0.5039526306789696,-0.5039526306789696,-0.5039526306789696,-0.5039526306789696
2020-12-25,1.7638342073763937,-0.5039526306789696,1.7638342073763937,-0.5039526306789696,-0.5039526306789696,-0.5039526306789696,-0.5039526306789696,-0.5039526306789696,-0.5039526306789696
2021-01-01,1.0540925533894598,1.0540925533894598,1.0540925533894598,-0.8432740427115677,1.0540925533894598,-0.8432740427115677,-0.8432740427115677,-0.8432740427115677,-0.8432740427115677
2021-01-08,1.0540925533894598,1.0540925533894598,1.0540925533894598,-0.8432740427115677,1.0540925533894598,-0.8432740427115677,-0.8432740427115677,-0.8432740427115677,-0.8432740427115677
2021-01-15,1.0540925533894598,1.0540925533894598,1.0540925533894598,-0.8432740427115677,1.0540925533894598,-0.8432740427115677,-0.8432740427115677,-0.8432740427115677,-0.8432740427115677
2021-01-22,1.3333333333333335,1.3333333333333335,1.3333333333333335,-0.6666666666666666,-0.6666666666666666,-0.6666666666666666,-0.6666666666666666,-0.6666666666666666,-0.6666666666666666
2021-01-29,1.3333333333333335,1.3333333333333335,1.3333333333333335,-0.6666666666666666,-0.6666666666666666,-0.6666666666666666,-0.6666666666666666,-0.6666666666666666,-0.6666666666666666
2021-02-05,0.9428090415820634,0.9428090415820634,0.9428090415820634,-0.4714045207910316,-1.8856180831641265,-0.4714045207910316,-0.4714045207910316,0.9428090415820634,-0.4714045207910316
2021-02-12,0.8432740427115677,0.8432740427115677,0.8432740427115677,-1.0540925533894598,-1.0540925533894598,-1.0540925533894598,0.8432740427115677,0.8432740427115677,-1.0540925533894598
2021-02-19,0.8432740427115677,0.8432740427115677,0.8432740427115677,-1.0540925533894598,-1.0540925533894598,-1.0540925533894598,0.8432740427115677,0.8432740427115677,-1.0540925533894598
2021-02-26,-0.0,-1.414213562373095,-1.414213562373095,-0.0,-0.0,-0.0,1.414213562373095,1.414213562373095,-0.0
2021-03-05,-1.1666666666666665,0.33333333333333326,0.33333333333333326,0.33333333333333326,-1.1666666666666665,0.33333333333333326,-1.1666666666666665,1.8333333333333333,0.33333333333333326
2021-03-12,-1.849000654084097,-0.1849000654084097,-0.1849000654084097,-0.1849000654084097,-0.1849000654084097,1.4792005232672776,-0.1849000654084097,1.4792005232672776,-0.1849000654084097
2021-03-19,-1.849000654084097,-0.1849000654084097,-0.1849000654084097,-0.1849000654084097,-0.1849000654084097,1.4792005232672776,-0.1849000654084097,1.4792005232672776,-0.1849000654084097
2021-03-26,-2.0,-0.0,-0.0,-0.0,-0.0,2.0,-0.0,-0.0,-0.0
2021-04-02,-2.0,-0.0,-0.0,-0.0,-0.0,2.0,-0.0,-0.0,-0.0
2021-04-09,-0.1849000654084097,-0.1849000654084097,-1.849000654084097,1.4792005232672776,-0.1849000654084097,1.4792005232672776,-0.1849000654084097,-0.1849000654084097,-0.1849000654084097
2021-04-16,-0.1849000654084097,-0.1849000654084097,-1.849000654084097,1.4792005232672776,-0.1849000654084097,1.4792005232672776,-0.1849000654084097,-0.1849000654084097,-0.1849000654084097
2021-04-23,-0.4714045207910316,-0.4714045207910316,-1.8856180831641265,0.9428090415820634,-0.4714045207910316,0.9428090415820634,0.9428090415820634,-0.4714045207910316,0.9428090415820634
2021-04-30,-1.0540925533894598,-1.0540925533894598,-1.0540925533894598,0.8432740427115677,0.8432740427115677,0.8432740427115677,0.8432740427115677,-1.0540925533894598,0.8432740427115677
2021-05-07,0.4714045207910318,0.4714045207910318,-0.9428090415820634,0.4714045207910318,0.4714045207910318,0.4714045207910318,0.4714045207910318,-2.3570226039551585,0.4714045207910318
2021-05-14,0.611775290321498,0.611775290321498,-0.7647191129018726,0.611775290321498,-0.7647191129018726,0.611775290321498,0.611775290321498,-2.141213516125243,0.611775290321498
2021-05-21,0.6666666666666667,0.6666666666666667,-1.3333333333333333,0.6666666666666667,-1.3333333333333333,0.6666666666666667,0.6666666666666667,-1.3333333333333333,0.6666666666666667
2021-05-28,-0.3849001794597505,0.7698003589195012,-0.3849001794597505,0.7698003589195012,-1.539600717839002,0.7698003589195012,0.7698003589195012,-1.539600717839002,0.7698003589195012
2021-06-04,-0.611775290321498,0.7647191129018726,-0.611775290321498,0.7647191129018726,-0.611775290321498,0.7647191129018726,0.7647191129018726,-1.9882696935448687,0.7647191129018726
2021-06-11,-0.611775290321498,0.7647191129018726,-0.611775290321498,0.7647191129018726,-0.611775290321498,0.7647191129018726,0.7647191129018726,-1.9882696935448687,0.7647191129018726
2021-06-18,0.11973686801784993,-0.9578949441427994,-0.9578949441427994,1.1973686801784993,0.11973686801784993,1.1973686801784993,-0.9578949441427994,-0.9578949441427994,1.1973686801784993
2021-06-25,0.22866478019001174,-0.8003267306650412,-0.8003267306650412,1.2576562910450648,-0.8003267306650412,1.2576562910450648,-0.8003267306650412,-0.8003267306650412,1.2576562910450648
2021-07-02,0.5039526306789697,-0.6299407883487121,-0.6299407883487121,1.6378460497066516,-0.6299407883487121,-0.6299407883487121,-0.6299407883487121,-0.6299407883487121,1.6378460497066516
2021-07-09,0.2666666666666666,-0.9333333333333332,-0.9333333333333332,1.4666666666666666,0.2666666666666666,0.2666666666666666,-0.9333333333333332,-0.9333333333333332,1.4666666666666666
2021-07-16,0.2666666666666666,-0.9333333333333332,-0.9333333333333332,1.4666666666666666,0.2666666666666666,0.2666666666666666,-0.9333333333333332,-0.9333333333333332,1.4666666666666666
2021-07-23,-0.769800358919501,-0.769800358919501,-0.769800358919501,1.5396007178390019,0.38490017945975047,0.38490017945975047,-0.769800358919501,-0.769800358919501,1.5396007178390019
2021-07-30,-0.769800358919501,-0.769800358919501,-0.769800358919501,1.5396007178390019,0.38490017945975047,0.38490017945975047,-0.769800358919501,-0.769800358919501,1.5396007178390019
2021-08-06,-0.769800358919501,-0.769800358919501,-0.769800358919501,1.5396007178390019,0.38490017945975047,0.38490017945975047,-0.769800358919501,-0.769800358919501,1.5396007178390019
2021-08-13,-0.4714045207910318,-0.4714045207910318,-0.4714045207910318,-0.4714045207910318,-0.4714045207910318,0.9428090415820634,-0.4714045207910318,-0.4714045207910318,2.3570226039551585
2021-08-20,-0.611775290321498,-0.611775290321498,0.7647191129018726,-0.611775290321498,-0.611775290321498,0.7647191129018726,-0.611775290321498,-0.611775290321498,2.141213516125243
2021-08-27,-0.9333333333333333,-0.9333333333333333,0.26666666666666666,-0.9333333333333333,0.26666666666666666,0.26666666666666666,1.4666666666666668,-0.9333333333333333,1.4666666666666668
2021-09-03,0.9333333333333332,-0.2666666666666666,0.9333333333333332,-1.4666666666666666,-0.2666666666666666,-0.2666666666666666,0.9333333333333332,-1.4666666666666666,0.9333333333333332
2021-09-10,0.9333333333333332,-0.2666666666666666,0.9333333333333332,-1.4666666666666666,-0.2666666666666666,-0.2666666666666666,0.9333333333333332,-1.4666666666666666,0.9333333333333332
2021-09-17,0.9333333333333332,-0.2666666666666666,0.9333333333333332,-1.4666666666666666,-0.2666666666666666,-0.2666666666666666,0.9333333333333332,-1.4666666666666666,0.9333333333333332
2021-09-24,0.9578949441427994,-0.11973686801784993,0.9578949441427994,-1.1973686801784993,-1.1973686801784993,-0.11973686801784993,0.9578949441427994,-1.1973686801784993,0.9578949441427994
2021-10-01,0.9578949441427994,-0.11973686801784993,0.9578949441427994,-1.1973686801784993,-1.1973686801784993,-0.11973686801784993,0.9578949441427994,-1.1973686801784993,0.9578949441427994
2021-10-08,1.1973686801784993,0.11973686801784993,-0.9578949441427994,-0.9578949441427994,-0.9578949441427994,0.11973686801784993,1.1973686801784993,-0.9578949441427994,1.1973686801784993
2021-10-15,1.1973686801784993,0.11973686801784993,-0.9578949441427994,-0.9578949441427994,-0.9578949441427994,0.11973686801784993,1.1973686801784993,-0.9578949441427994,1.1973686801784993
2021-10-22,0.2666666666666666,0.2666666666666666,-0.9333333333333332,-0.9333333333333332,-0.9333333333333332,0.2666666666666666,1.4666666666666666,-0.9333333333333332,1.4666666666666666
2021-10-29,0.2666666666666666,0.2666666666666666,-0.9333333333333332,-0.9333333333333332,-0.9333333333333332,0.2666666666666666,1.4666666666666666,-0.9333333333333332,1.4666666666666666
2021-11-05,0.3849001794597505,-0.7698003589195012,-0.7698003589195012,-0.7698003589195012,-0.7698003589195012,0.3849001794597505,1.539600717839002,-0.7698003589195012,1.539600717839002
2021-11-12,0.3849001794597505,-0.7698003589195012,-0.7698003589195012,-0.7698003589195012,-0.7698003589195012,0.3849001794597505,1.539600717839002,-0.7698003589195012,1.539600717839002
2021-11-19,1.3333333333333333,-0.6666666666666667,-0.6666666666666667,-0.6666666666666667,-0.6666666666666667,1.3333333333333333,-0.6666666666666667,-0.6666666666666667,1.3333333333333333
2021-11-26,1.0540925533894598,-0.8432740427115677,-0.8432740427115677,-0.8432740427115677,-0.8432740427115677,1.0540925533894598,1.0540925533894598,-0.8432740427115677,1.0540925533894598
2021-12-03,1.5396007178390019,-0.769800358919501,-0.769800358919501,-0.769800358919501,-0.769800358919501,0.38490017945975047,0.38490017945975047,-0.769800358919501,1.5396007178390019
2021-12-10,1.5396007178390019,-0.769800358919501,-0.769800358919501,-0.769800358919501,-0.769800358919501,0.38490017945975047,0.38490017945975047,-0.769800358919501,1.5396007178390019
2021-12-17,1.5396007178390019,-0.769800358919501,-0.769800358919501,-0.769800358919501,-0.769800358919501,0.38490017945975047,0.38490017945975047,-0.769800358919501,1.5396007178390019
2021-12-24,1.5396007178390019,-0.769800358919501,-0.769800358919501,-0.769800358919501,-0.769800358919501,0.38490017945975047,0.38490017945975047,-0.769800358919501,1.5396007178390019
2021-12-31,1.2576562910450648,-0.8003267306650412,-0.8003267306650412,-0.8003267306650412,-0.8003267306650412,0.22866478019001174,1.2576562910450648,-0.8003267306650412,1.2576562910450648
2022-01-07,1.2576562910450648,-0.8003267306650412,-0.8003267306650412,-0.8003267306650412,-0.8003267306650412,0.22866478019001174,1.2576562910450648,-0.8003267306650412,1.2576562910450648
2022-01-14,1.2576562910450648,-0.8003267306650412,-0.8003267306650412,-0.8003267306650412,-0.8003267306650412,0.22866478019001174,1.2576562910450648,-0.8003267306650412,1.2576562910450648
2022-01-21,0.3849001794597505,-0.7698003589195012,-0.7698003589195012,-0.7698003589195012,-0.7698003589195012,0.3849001794597505,1.539600717839002,-0.7698003589195012,1.539600717839002
2022-01-28,0.611775290321498,-0.7647191129018726,-0.7647191129018726,-0.7647191129018726,-0.7647191129018726,0.611775290321498,1.9882696935448687,-0.7647191129018726,0.611775290321498
2022-02-04,0.611775290321498,-0.7647191129018726,-0.7647191129018726,-0.7647191129018726,-0.7647191129018726,0.611775290321498,1.9882696935448687,-0.7647191129018726,0.611775290321498
2022-02-11,0.4714045207910316,-0.9428090415820634,-0.9428090415820634,-0.9428090415820634,-0.9428090415820634,0.4714045207910316,1.8856180831641265,0.4714045207910316,0.4714045207910316
2022-02-18,1.1973686801784993,-0.9578949441427994,-0.9578949441427994,-0.9578949441427994,-0.9578949441427994,0.11973686801784993,1.1973686801784993,0.11973686801784993,1.1973686801784993
2022-02-25,0.4714045207910316,-0.9428090415820634,-0.9428090415820634,-0.9428090415820634,-0.9428090415820634,0.4714045207910316,1.8856180831641265,0.4714045207910316,0.4714045207910316
2022-03-04,1.0540925533894598,-0.8432740427115677,-0.8432740427115677,-0.8432740427115677,-0.8432740427115677,1.0540925533894598,-0.8432740427115677,1.0540925533894598,1.0540925533894598
2022-03-11,1.0540925533894598,-0.8432740427115677,-0.8432740427115677,-0.8432740427115677,-0.8432740427115677,1.0540925533894598,-0.8432740427115677,1.0540925533894598,1.0540925533894598
2022-03-18,1.0540925533894598,-0.8432740427115677,-0.8432740427115677,-0.8432740427115677,-0.8432740427115677,1.0540925533894598,-0.8432740427115677,1.0540925533894598,1.0540925533894598
2022-03-25,-0.5039526306789696,-0.5039526306789696,-0.5039526306789696,-0.5039526306789696,-0.5039526306789696,1.7638342073763937,-0.5039526306789696,-0.5039526306789696,1.7638342073763937
2022-04-01,-0.5039526306789696,-0.5039526306789696,-0.5039526306789696,-0.5039526306789696,-0.5039526306789696,1.7638342073763937,-0.5039526306789696,-0.5039526306789696,1.7638342073763937
2022-04-08,-0.5039526306789696,-0.5039526306789696,-0.5039526306789696,-0.5039526306789696,-0.5039526306789696,1.7638342073763937,-0.5039526306789696,-0.5039526306789696,1.7638342073763937
2022-04-15,-0.5039526306789696,-0.5039526306789696,-0.5039526306789696,-0.5039526306789696,-0.5039526306789696,1.7638342073763937,-0.5039526306789696,-0.5039526306789696,1.7638342073763937
2022-04-22,1.0540925533894598,-0.8432740427115677,-0.8432740427115677,-0.8432740427115677,1.0540925533894598,1.0540925533894598,-0.8432740427115677,-0.8432740427115677,1.0540925533894598
2022-04-29,0.6666666666666666,0.6666666666666666,-1.3333333333333335,-1.3333333333333335,0.6666666666666666,0.6666666666666666,0.6666666666666666,-1.3333333333333335,0.6666666666666666
2022-05-06,0.5039526306789696,0.5039526306789696,-1.7638342073763937,-1.7638342073763937,0.5039526306789696,0.5039526306789696,0.5039526306789696,0.5039526306789696,0.5039526306789696
2022-05-13,0.3333333333333333,0.3333333333333333,-2.6666666666666665,0.3333333333333333,0.3333333333333333,0.3333333333333333,0.3333333333333333,0.3333333333333333,0.3333333333333333
2022-05-20,0.5039526306789696,0.5039526306789696,-1.7638342073763937,0.5039526306789696,0.5039526306789696,-1.7638342073763937,0.5039526306789696,0.5039526306789696,0.5039526306789696
2022-05-27,0.5039526306789696,0.5039526306789696,-1.7638342073763937,0.5039526306789696,0.5039526306789696,-1.7638342073763937,0.5039526306789696,0.5039526306789696,0.5039526306789696
2022-06-03,0.5039526306789696,0.5039526306789696,-1.7638342073763937,0.5039526306789696,0.5039526306789696,-1.7638342073763937,0.5039526306789696,0.5039526306789696,0.5039526306789696
2022-06-10,0.8432740427115677,-1.0540925533894598,-1.0540925533894598,0.8432740427115677,0.8432740427115677,-1.0540925533894598,-1.0540925533894598,0.8432740427115677,0.8432740427115677
2022-06-17,0.6666666666666666,-1.3333333333333335,-1.3333333333333335,0.6666666666666666,0.6666666666666666,0.6666666666666666,-1.3333333333333335,0.6666666666666666,0.6666666666666666
2022-06-24,0.6666666666666666,-1.3333333333333335,-1.3333333333333335,0.6666666666666666,0.6666666666666666,0.6666666666666666,-1.3333333333333335,0.6666666666666666,0.6666666666666666
2022-07-01,0.6666666666666666,-1.3333333333333335,-1.3333333333333335,0.6666666666666666,0.6666666666666666,0.6666666666666666,-1.3333333333333335,0.6666666666666666,0.6666666666666666
2022-07-08,0.6666666666666666,-1.3333333333333335,-1.3333333333333335,0.6666666666666666,0.6666666666666666,0.6666666666666666,-1.3333333333333335,0.6666666666666666,0.6666666666666666
2022-07-15,-1.0540925533894598,-1.0540925533894598,-1.0540925533894598,0.8432740427115677,0.8432740427115677,0.8432740427115677,-1.0540925533894598,0.8432740427115677,0.8432740427115677
2022-07-22,-1.0540925533894598,-1.0540925533894598,-1.0540925533894598,0.8432740427115677,0.8432740427115677,0.8432740427115677,-1.0540925533894598,0.8432740427115677,0.8432740427115677
2022-07-29,-1.3333333333333335,-1.3333333333333335,-1.3333333333333335,0.6666666666666666,0.6666666666666666,0.6666666666666666,0.6666666666666666,0.6666666666666666,0.6666666666666666
2022-08-05,-1.0540925533894598,-1.0540925533894598,-1.0540925533894598,0.8432740427115677,0.8432740427115677,0.8432740427115677,0.8432740427115677,-1.0540925533894598,0.8432740427115677
2022-08-12,-1.0540925533894598,-1.0540925533894598,-1.0540925533894598,0.8432740427115677,0.8432740427115677,0.8432740427115677,0.8432740427115677,-1.0540925533894598,0.8432740427115677
2022-08-19,-0.5039526306789696,-0.5039526306789696,-0.5039526306789696,-0.5039526306789696,1.7638342073763937,1.7638342073763937,-0.5039526306789696,-0.5039526306789696,-0.5039526306789696
2022-08-26,1.3333333333333333,-0.6666666666666667,-0.6666666666666667,-0.6666666666666667,1.3333333333333333,1.3333333333333333,-0.6666666666666667,-0.6666666666666667,-0.6666666666666667
2022-09-02,1.0540925533894598,-0.8432740427115677,-0.8432740427115677,-0.8432740427115677,1.0540925533894598,1.0540925533894598,-0.8432740427115677,-0.8432740427115677,1.0540925533894598
2022-09-09,1.0540925533894598,-0.8432740427115677,-0.8432740427115677,-0.8432740427115677,1.0540925533894598,1.0540925533894598,-0.8432740427115677,-0.8432740427115677,1.0540925533894598
2022-09-16,1.0540925533894598,-0.8432740427115677,-0.8432740427115677,-0.8432740427115677,1.0540925533894598,1.0540925533894598,-0.8432740427115677,-0.8432740427115677,1.0540925533894598
2022-09-23,0.8432740427115677,-1.0540925533894598,-1.0540925533894598,-1.0540925533894598,0.8432740427115677,0.8432740427115677,0.8432740427115677,-1.0540925533894598,0.8432740427115677
2022-09-30,0.8432740427115677,-1.0540925533894598,-1.0540925533894598,-1.0540925533894598,0.8432740427115677,0.8432740427115677,0.8432740427115677,-1.0540925533894598,0.8432740427115677
2022-10-07,-0.8432740427115677,-0.8432740427115677,-0.8432740427115677,-0.8432740427115677,1.0540925533894598,1.0540925533894598,1.0540925533894598,-0.8432740427115677,1.0540925533894598
2022-10-14,-0.8432740427115677,-0.8432740427115677,-0.8432740427115677,-0.8432740427115677,1.0540925533894598,1.0540925533894598,1.0540925533894598,-0.8432740427115677,1.0540925533894598
2022-10-21,-0.8432740427115677,-0.8432740427115677,-0.8432740427115677,-0.8432740427115677,1.0540925533894598,1.0540925533894598,1.0540925533894598,-0.8432740427115677,1.0540925533894598
2022-10-28,-0.8432740427115677,-0.8432740427115677,-0.8432740427115677,-0.8432740427115677,1.0540925533894598,1.0540925533894598,1.0540925533894598,-0.8432740427115677,1.0540925533894598
2022-11-04,-0.8432740427115677,-0.8432740427115677,-0.8432740427115677,-0.8432740427115677,1.0540925533894598,1.0540925533894598,1.0540925533894598,-0.8432740427115677,1.0540925533894598
2022-11-11,1.1370704872299222,-1.4213381090374029,-1.4213381090374029,-0.14213381090374028,-0.14213381090374028,-0.14213381090374028,1.1370704872299222,-0.14213381090374028,1.1370704872299222
2022-11-18,1.1666666666666665,-1.8333333333333333,1.1666666666666665,-0.33333333333333326,-0.33333333333333326,-0.33333333333333326,-0.33333333333333326,-0.33333333333333326,1.1666666666666665
2022-11-25,0.7647191129018726,-1.9882696935448687,0.7647191129018726,-0.611775290321498,0.7647191129018726,-0.611775290321498,-0.611775290321498,0.7647191129018726,0.7647191129018726
2022-12-02,0.7647191129018726,-1.9882696935448687,0.7647191129018726,-0.611775290321498,0.7647191129018726,-0.611775290321498,-0.611775290321498,0.7647191129018726,0.7647191129018726
2022-12-09,0.7698003589195012,-1.539600717839002,-1.539600717839002,-0.3849001794597505,0.7698003589195012,0.7698003589195012,-0.3849001794597505,0.7698003589195012,0.7698003589195012
2022-12-16,0.7698003589195012,-1.539600717839002,-1.539600717839002,-0.3849001794597505,0.7698003589195012,0.7698003589195012,-0.3849001794597505,0.7698003589195012,0.7698003589195012
2022-12-23,0.629940788348712,-1.6378460497066512,-1.6378460497066512,0.629940788348712,0.629940788348712,0.629940788348712,-0.5039526306789696,0.629940788348712,0.629940788348712
2022-12-30,0.629940788348712,-1.6378460497066512,-1.6378460497066512,0.629940788348712,0.629940788348712,0.629940788348712,-0.5039526306789696,0.629940788348712,0.629940788348712
2023-01-06,0.629940788348712,-1.6378460497066512,-1.6378460497066512,0.629940788348712,0.629940788348712,0.629940788348712,-0.5039526306789696,0.629940788348712,0.629940788348712
2023-01-13,0.3333333333333334,0.3333333333333334,0.3333333333333334,0.3333333333333334,0.3333333333333334,0.3333333333333334,-2.666666666666666,0.3333333333333334,0.3333333333333334
2023-01-20,0.6666666666666667,0.6666666666666667,0.6666666666666667,0.6666666666666667,-1.3333333333333333,-1.3333333333333333,-1.3333333333333333,0.6666666666666667,0.6666666666666667
2023-01-27,0.6666666666666667,0.6666666666666667,0.6666666666666667,0.6666666666666667,-1.3333333333333333,-1.3333333333333333,-1.3333333333333333,0.6666666666666667,0.6666666666666667
2023-02-03,0.8432740427115677,-1.0540925533894598,0.8432740427115677,0.8432740427115677,-1.0540925533894598,-1.0540925533894598,-1.0540925533894598,0.8432740427115677,0.8432740427115677
2023-02-10,0.9428090415820634,-0.4714045207910316,-1.8856180831641265,0.9428090415820634,-0.4714045207910316,-0.4714045207910316,-0.4714045207910316,0.9428090415820634,0.9428090415820634
2023-02-17,-0.9428090415820634,0.4714045207910316,-0.9428090415820634,-0.9428090415820634,-0.9428090415820634,1.8856180831641265,0.4714045207910316,0.4714045207910316,0.4714045207910316
2023-02-24,-0.7647191129018726,0.611775290321498,-0.7647191129018726,-0.7647191129018726,-0.7647191129018726,1.9882696935448687,0.611775290321498,0.611775290321498,-0.7647191129018726
2023-03-03,-0.7647191129018726,0.611775290321498,-0.7647191129018726,-0.7647191129018726,-0.7647191129018726,1.9882696935448687,0.611775290321498,0.611775290321498,-0.7647191129018726
2023-03-10,-0.7647191129018726,0.611775290321498,-0.7647191129018726,-0.7647191129018726,-0.7647191129018726,1.9882696935448687,0.611775290321498,0.611775290321498,-0.7647191129018726
2023-03-17,-0.7698003589195012,0.3849001794597505,-0.7698003589195012,-0.7698003589195012,-0.7698003589195012,1.539600717839002,0.3849001794597505,1.539600717839002,-0.7698003589195012
2023-03-24,-0.7698003589195012,0.3849001794597505,-0.7698003589195012,-0.7698003589195012,-0.7698003589195012,1.539600717839002,0.3849001794597505,1.539600717839002,-0.7698003589195012
2023-03-31,-0.8003267306650412,1.2576562910450648,-0.8003267306650412,-0.8003267306650412,-0.8003267306650412,1.2576562910450648,0.22866478019001174,1.2576562910450648,-0.8003267306650412
2023-04-07,-0.11973686801784993,0.9578949441427994,-1.1973686801784993,-1.1973686801784993,0.9578949441427994,0.9578949441427994,-0.11973686801784993,0.9578949441427994,-1.1973686801784993
2023-04-14,-0.0,-0.0,-1.1547005383792517,-1.1547005383792517,1.1547005383792517,1.1547005383792517,-0.0,1.1547005383792517,-1.1547005383792517
2023-04-21,0.14213381090374028,0.14213381090374028,-1.1370704872299222,-1.1370704872299222,1.4213381090374029,0.14213381090374028,0.14213381090374028,1.4213381090374029,-1.1370704872299222
2023-04-28,0.14213381090374028,0.14213381090374028,-1.1370704872299222,-1.1370704872299222,1.4213381090374029,0.14213381090374028,0.14213381090374028,1.4213381090374029,-1.1370704872299222
2023-05-05,0.14213381090374028,1.4213381090374029,-1.1370704872299222,-1.1370704872299222,1.4213381090374029,0.14213381090374028,0.14213381090374028,0.14213381090374028,-1.1370704872299222
2023-05-12,-0.7647191129018726,1.9882696935448687,-0.7647191129018726,-0.7647191129018726,-0.7647191129018726,0.611775290321498,0.611775290321498,0.611775290321498,-0.7647191129018726
2023-05-19,0.611775290321498,1.9882696935448687,-0.7647191129018726,-0.7647191129018726,-0.7647191129018726,-0.7647191129018726,0.611775290321498,0.611775290321498,-0.7647191129018726
2023-05-26,0.7647191129018726,2.141213516125243,-0.611775290321498,-0.611775290321498,-0.611775290321498,-0.611775290321498,0.7647191129018726,-0.611775290321498,-0.611775290321498
2023-06-02,0.22866478019001174,1.2576562910450648,-0.8003267306650412,1.2576562910450648,-0.8003267306650412,-0.8003267306650412,1.2576562910450648,-0.8003267306650412,-0.8003267306650412
2023-06-09,0.11973686801784993,1.1973686801784993,-0.9578949441427994,1.1973686801784993,-0.9578949441427994,0.11973686801784993,1.1973686801784993,-0.9578949441427994,-0.9578949441427994
2023-06-16,0.11973686801784993,1.1973686801784993,-0.9578949441427994,1.1973686801784993,-0.9578949441427994,0.11973686801784993,1.1973686801784993,-0.9578949441427994,-0.9578949441427994
2023-06-23,-0.0,1.1547005383792517,-1.1547005383792517,1.1547005383792517,-1.1547005383792517,-0.0,1.1547005383792517,-0.0,-1.1547005383792517
2023-06-30,-0.0,1.1547005383792517,-1.1547005383792517,1.1547005383792517,-1.1547005383792517,-0.0,1.1547005383792517,-0.0,-1.1547005383792517
2023-07-07,0.11973686801784993,1.1973686801784993,-0.9578949441427994,1.1973686801784993,-0.9578949441427994,-0.9578949441427994,1.1973686801784993,0.11973686801784993,-0.9578949441427994
2023-07-14,-0.3849001794597505,0.7698003589195012,-1.539600717839002,0.7698003589195012,0.7698003589195012,0.7698003589195012,0.7698003589195012,-0.3849001794597505,-1.539600717839002
2023-07-21,-0.3849001794597505,0.7698003589195012,-1.539600717839002,0.7698003589195012,0.7698003589195012,0.7698003589195012,0.7698003589195012,-0.3849001794597505,-1.539600717839002
2023-07-28,-0.3849001794597505,0.7698003589195012,-1.539600717839002,0.7698003589195012,0.7698003589195012,0.7698003589195012,0.7698003589195012,-0.3849001794597505,-1.539600717839002
2023-08-04,-0.0,-0.0,-1.1547005383792517,1.1547005383792517,1.1547005383792517,-1.1547005383792517,1.1547005383792517,-0.0,-1.1547005383792517
2023-08-11,-0.9333333333333333,0.26666666666666666,-0.9333333333333333,0.26666666666666666,1.4666666666666668,0.26666666666666666,1.4666666666666668,-0.9333333333333333,-0.9333333333333333
2023-08-18,-0.9428090415820634,0.4714045207910316,-0.9428090415820634,0.4714045207910316,-0.9428090415820634,-0.9428090415820634,1.8856180831641265,0.4714045207910316,0.4714045207910316
2023-08-25,-0.9428090415820634,0.4714045207910316,-0.9428090415820634,0.4714045207910316,-0.9428090415820634,-0.9428090415820634,1.8856180831641265,0.4714045207910316,0.4714045207910316
2023-09-01,-0.9428090415820634,0.4714045207910316,-0.9428090415820634,0.4714045207910316,-0.9428090415820634,-0.9428090415820634,1.8856180831641265,0.4714045207910316,0.4714045207910316
2023-09-08,-0.7647191129018726,-0.7647191129018726,-0.7647191129018726,0.611775290321498,-0.7647191129018726,-0.7647191129018726,1.9882696935448687,0.611775290321498,0.611775290321498
2023-09-15,-0.9428090415820634,-0.9428090415820634,0.4714045207910316,0.4714045207910316,-0.9428090415820634,-0.9428090415820634,1.8856180831641265,0.4714045207910316,0.4714045207910316
2023-09-22,-0.7647191129018726,-0.7647191129018726,0.611775290321498,0.611775290321498,-0.7647191129018726,-0.7647191129018726,1.9882696935448687,0.611775290321498,-0.7647191129018726
2023-09-29,-0.9428090415820634,0.4714045207910316,0.4714045207910316,0.4714045207910316,-0.9428090415820634,-0.9428090415820634,1.8856180831641265,0.4714045207910316,-0.9428090415820634
2023-10-06,-0.9428090415820634,0.4714045207910316,0.4714045207910316,0.4714045207910316,-0.9428090415820634,-0.9428090415820634,1.8856180831641265,0.4714045207910316,-0.9428090415820634
2023-10-13,-0.9428090415820634,0.4714045207910316,0.4714045207910316,0.4714045207910316,-0.9428090415820634,-0.9428090415820634,1.8856180831641265,0.4714045207910316,-0.9428090415820634
2023-10-20,-0.9428090415820634,0.4714045207910316,0.4714045207910316,0.4714045207910316,-0.9428090415820634,-0.9428090415820634,1.8856180831641265,0.4714045207910316,-0.9428090415820634
2023-10-27,-1.3333333333333335,0.6666666666666666,0.6666666666666666,0.6666666666666666,-1.3333333333333335,-1.3333333333333335,0.6666666666666666,0.6666666666666666,0.6666666666666666
2023-11-03,-1.4213381090374029,-0.14213381090374028,-0.14213381090374028,1.1370704872299222,-1.4213381090374029,1.1370704872299222,-0.14213381090374028,-0.14213381090374028,1.1370704872299222
2023-11-10,-0.769800358919501,0.38490017945975047,0.38490017945975047,1.5396007178390019,-0.769800358919501,1.5396007178390019,-0.769800358919501,-0.769800358919501,-0.769800358919501
2023-11-17,1.1370704872299222,-0.14213381090374028,-1.4213381090374029,-0.14213381090374028,-1.4213381090374029,1.1370704872299222,-0.14213381090374028,-0.14213381090374028,1.1370704872299222
2023-11-24,-0.0,-1.414213562373095,-1.414213562373095,-0.0,-0.0,1.414213562373095,-0.0,-0.0,1.414213562373095
2023-12-01,-0.0,-1.414213562373095,-1.414213562373095,-0.0,-0.0,1.414213562373095,-0.0,-0.0,1.414213562373095
2023-12-08,-0.0,-1.414213562373095,-1.414213562373095,-0.0,-0.0,1.414213562373095,-0.0,-0.0,1.414213562373095
2023-12-15,-0.14213381090374028,-1.4213381090374029,-1.4213381090374029,-0.14213381090374028,-0.14213381090374028,1.1370704872299222,-0.14213381090374028,1.1370704872299222,1.1370704872299222
2023-12-22,-0.14213381090374028,-1.4213381090374029,-1.4213381090374029,-0.14213381090374028,-0.14213381090374028,1.1370704872299222,-0.14213381090374028,1.1370704872299222,1.1370704872299222
2023-12-29,-0.26666666666666666,-1.4666666666666668,-1.4666666666666668,-0.26666666666666666,0.9333333333333333,0.9333333333333333,-0.26666666666666666,0.9333333333333333,0.9333333333333333
2024-01-05,-0.14213381090374028,-1.4213381090374029,-1.4213381090374029,-0.14213381090374028,-0.14213381090374028,1.1370704872299222,-0.14213381090374028,1.1370704872299222,1.1370704872299222
2024-01-12,0.14213381090374028,-1.1370704872299222,-1.1370704872299222,0.14213381090374028,0.14213381090374028,-1.1370704872299222,0.14213381090374028,1.4213381090374029,1.4213381090374029
2024-01-19,0.611775290321498,-0.7647191129018726,-0.7647191129018726,-0.7647191129018726,0.611775290321498,-0.7647191129018726,-0.7647191129018726,0.611775290321498,1.9882696935448687
2024-01-26,0.611775290321498,-0.7647191129018726,-0.7647191129018726,0.611775290321498,-0.7647191129018726,-0.7647191129018726,-0.7647191129018726,0.611775290321498,1.9882696935448687
2024-02-02,0.38490017945975047,-0.769800358919501,-0.769800358919501,0.38490017945975047,-0.769800358919501,-0.769800358919501,-0.769800358919501,1.5396007178390019,1.5396007178390019
2024-02-09,-0.6666666666666667,-0.6666666666666667,-0.6666666666666667,1.3333333333333333,-0.6666666666666667,-0.6666666666666667,-0.6666666666666667,1.3333333333333333,1.3333333333333333
2024-02-16,-1.0540925533894598,-1.0540925533894598,0.8432740427115677,0.8432740427115677,0.8432740427115677,-1.0540925533894598,-1.0540925533894598,0.8432740427115677,0.8432740427115677
2024-02-23,-0.9428090415820634,-0.9428090415820634,1.8856180831641265,0.4714045207910316,0.4714045207910316,-0.9428090415820634,-0.9428090415820634,0.4714045207910316,0.4714045207910316
2024-03-01,-0.9428090415820634,-0.9428090415820634,1.8856180831641265,0.4714045207910316,0.4714045207910316,-0.9428090415820634,-0.9428090415820634,0.4714045207910316,0.4714045207910316
2024-03-08,-1.4666666666666668,-1.4666666666666668,0.9333333333333333,-0.26666666666666666,-0.26666666666666666,0.9333333333333333,0.9333333333333333,-0.26666666666666666,0.9333333333333333
2024-03-15,-0.8003267306650412,-0.8003267306650412,1.2576562910450648,-0.8003267306650412,0.22866478019001174,1.2576562910450648,1.2576562910450648,-0.8003267306650412,-0.8003267306650412
2024-03-22,-0.3333333333333334,-0.3333333333333334,-0.3333333333333334,-0.3333333333333334,2.666666666666666,-0.3333333333333334,-0.3333333333333334,-0.3333333333333334,-0.3333333333333334
2024-03-29,-0.3333333333333334,-0.3333333333333334,-0.3333333333333334,-0.3333333333333334,2.666666666666666,-0.3333333333333334,-0.3333333333333334,-0.3333333333333334,-0.3333333333333334
2024-04-05,-0.5039526306789696,-0.5039526306789696,-0.5039526306789696,1.7638342073763937,1.7638342073763937,-0.5039526306789696,-0.5039526306789696,-0.5039526306789696,-0.5039526306789696
2024-04-12,-0.6666666666666667,1.3333333333333333,-0.6666666666666667,1.3333333333333333,-0.6666666666666667,-0.6666666666666667,1.3333333333333333,-0.6666666666666667,-0.6666666666666667
2024-04-19,-0.6666666666666667,1.3333333333333333,-0.6666666666666667,1.3333333333333333,-0.6666666666666667,-0.6666666666666667,1.3333333333333333,-0.6666666666666667,-0.6666666666666667
2024-04-26,-0.6666666666666667,1.3333333333333333,-0.6666666666666667,1.3333333333333333,-0.6666666666666667,-0.6666666666666667,1.3333333333333333,-0.6666666666666667,-0.6666666666666667
2024-05-03,1.8856180831641265,0.4714045207910316,-0.9428090415820634,0.4714045207910316,0.4714045207910316,-0.9428090415820634,0.4714045207910316,-0.9428090415820634,-0.9428090415820634
2024-05-10,1.9882696935448687,0.611775290321498,-0.7647191129018726,-0.7647191129018726,0.611775290321498,-0.7647191129018726,0.611775290321498,-0.7647191129018726,-0.7647191129018726
2024-05-17,1.1973686801784993,0.11973686801784993,-0.9578949441427994,-0.9578949441427994,1.1973686801784993,0.11973686801784993,1.1973686801784993,-0.9578949441427994,-0.9578949441427994
2024-05-24,-0.7698003589195012,0.3849001794597505,-0.7698003589195012,-0.7698003589195012,1.539600717839002,0.3849001794597505,1.539600717839002,-0.7698003589195012,-0.7698003589195012
2024-05-31,-0.7698003589195012,0.3849001794597505,-0.7698003589195012,-0.7698003589195012,1.539600717839002,0.3849001794597505,1.539600717839002,-0.7698003589195012,-0.7698003589195012
2024-06-07,-0.7698003589195012,0.3849001794597505,-0.7698003589195012,-0.7698003589195012,1.539600717839002,0.3849001794597505,1.539600717839002,-0.7698003589195012,-0.7698003589195012
2024-06-14,-0.7698003589195012,0.3849001794597505,-0.7698003589195012,-0.7698003589195012,1.539600717839002,0.3849001794597505,1.539600717839002,-0.7698003589195012,-0.7698003589195012
2024-06-21,-0.611775290321498,0.7647191129018726,-0.611775290321498,-0.611775290321498,2.141213516125243,0.7647191129018726,-0.611775290321498,-0.611775290321498,-0.611775290321498
2024-06-28,-0.611775290321498,0.7647191129018726,-0.611775290321498,-0.611775290321498,2.141213516125243,0.7647191129018726,-0.611775290321498,-0.611775290321498,-0.611775290321498
2024-07-05,-0.7647191129018726,0.611775290321498,-0.7647191129018726,-0.7647191129018726,1.9882696935448687,0.611775290321498,0.611775290321498,-0.7647191129018726,-0.7647191129018726
2024-07-12,-0.9333333333333333,0.26666666666666666,-0.9333333333333333,-0.9333333333333333,1.4666666666666668,0.26666666666666666,1.4666666666666668,0.26666666666666666,-0.9333333333333333
2024-07-19,-1.1666666666666665,0.33333333333333326,-1.1666666666666665,-1.1666666666666665,1.8333333333333333,0.33333333333333326,0.33333333333333326,0.33333333333333326,0.33333333333333326
2024-07-26,-1.3333333333333335,0.6666666666666666,-1.3333333333333335,-1.3333333333333335,0.6666666666666666,0.6666666666666666,0.6666666666666666,0.6666666666666666,0.6666666666666666
2024-08-02,1.4792005232672776,-0.1849000654084097,-1.849000654084097,1.4792005232672776,-0.1849000654084097,-0.1849000654084097,-0.1849000654084097,-0.1849000654084097,-0.1849000654084097
2024-08-09,1.1666666666666665,-0.33333333333333326,-1.8333333333333333,1.1666666666666665,-0.33333333333333326,-0.33333333333333326,-0.33333333333333326,-0.33333333333333326,1.1666666666666665
2024-08-16,1.1666666666666665,1.1666666666666665,-1.8333333333333333,-0.33333333333333326,-0.33333333333333326,-0.33333333333333326,-0.33333333333333326,-0.33333333333333326,1.1666666666666665
2024-08-23,1.4792005232672776,-0.1849000654084097,-1.849000654084097,-0.1849000654084097,-0.1849000654084097,-0.1849000654084097,-0.1849000654084097,-0.1849000654084097,1.4792005232672776
2024-08-30,1.4792005232672776,-0.1849000654084097,-1.849000654084097,-0.1849000654084097,-0.1849000654084097,-0.1849000654084097,-0.1849000654084097,-0.1849000654084097,1.4792005232672776
2024-09-06,1.4792005232672776,-0.1849000654084097,-1.849000654084097,-0.1849000654084097,-0.1849000654084097,-0.1849000654084097,-0.1849000654084097,-0.1849000654084097,1.4792005232672776
2024-09-13,1.4792005232672776,-0.1849000654084097,-1.849000654084097,-0.1849000654084097,-0.1849000654084097,-0.1849000654084097,-0.1849000654084097,-0.1849000654084097,1.4792005232672776
2024-09-20,1.4792005232672776,-0.1849000654084097,-1.849000654084097,-0.1849000654084097,-0.1849000654084097,-0.1849000654084097,-0.1849000654084097,-0.1849000654084097,1.4792005232672776
2024-09-27,1.4792005232672776,-0.1849000654084097,-1.849000654084097,-0.1849000654084097,-0.1849000654084097,-0.1849000654084097,-0.1849000654084097,-0.1849000654084097,1.4792005232672776
2024-10-04,0.6666666666666666,0.6666666666666666,-1.3333333333333335,0.6666666666666666,0.6666666666666666,-1.3333333333333335,0.6666666666666666,0.6666666666666666,-1.3333333333333335
2024-10-11,0.6666666666666666,0.6666666666666666,-1.3333333333333335,0.6666666666666666,0.6666666666666666,0.6666666666666666,-1.3333333333333335,0.6666666666666666,-1.3333333333333335
2024-10-18,0.8432740427115677,0.8432740427115677,-1.0540925533894598,-1.0540925533894598,0.8432740427115677,0.8432740427115677,-1.0540925533894598,0.8432740427115677,-1.0540925533894598
2024-10-25,0.6666666666666666,0.6666666666666666,-1.3333333333333335,0.6666666666666666,0.6666666666666666,0.6666666666666666,0.6666666666666666,-1.3333333333333335,-1.3333333333333335
2024-11-01,0.6666666666666666,0.6666666666666666,-1.3333333333333335,0.6666666666666666,-1.3333333333333335,0.6666666666666666,0.6666666666666666,0.6666666666666666,-1.3333333333333335
2024-11-08,-0.7647191129018726,1.9882696935448687,-0.7647191129018726,0.611775290321498,-0.7647191129018726,0.611775290321498,0.611775290321498,-0.7647191129018726,-0.7647191129018726
2024-11-15,0.1849000654084097,1.849000654084097,-1.4792005232672776,0.1849000654084097,0.1849000654084097,0.1849000654084097,0.1849000654084097,-1.4792005232672776,0.1849000654084097
2024-11-22,0.1849000654084097,1.849000654084097,-1.4792005232672776,0.1849000654084097,0.1849000654084097,0.1849000654084097,0.1849000654084097,-1.4792005232672776,0.1849000654084097
2024-11-29,0.1849000654084097,1.849000654084097,-1.4792005232672776,0.1849000654084097,0.1849000654084097,0.1849000654084097,0.1849000654084097,-1.4792005232672776,0.1849000654084097
2024-12-06,-0.0,1.414213562373095,-1.414213562373095,-0.0,-0.0,1.414213562373095,-0.0,-1.414213562373095,-0.0
2024-12-13,-0.0,1.414213562373095,-1.414213562373095,-0.0,-0.0,1.414213562373095,-0.0,-1.414213562373095,-0.0
2024-12-20,0.1849000654084097,0.1849000654084097,-1.4792005232672776,0.1849000654084097,0.1849000654084097,1.849000654084097,0.1849000654084097,-1.4792005232672776,0.1849000654084097
2024-12-27,0.1849000654084097,0.1849000654084097,-1.4792005232672776,0.1849000654084097,0.1849000654084097,1.849000654084097,0.1849000654084097,-1.4792005232672776,0.1849000654084097
2025-01-03,0.1849000654084097,0.1849000654084097,-1.4792005232672776,0.1849000654084097,0.1849000654084097,1.849000654084097,0.1849000654084097,-1.4792005232672776,0.1849000654084097
2025-01-10,0.1849000654084097,0.1849000654084097,-1.4792005232672776,0.1849000654084097,0.1849000654084097,1.849000654084097,0.1849000654084097,-1.4792005232672776,0.1849000654084097
2025-01-17,0.1849000654084097,0.1849000654084097,-1.4792005232672776,0.1849000654084097,0.1849000654084097,1.849000654084097,0.1849000654084097,-1.4792005232672776,0.1849000654084097
2025-01-24,0.9428090415820634,-0.4714045207910316,-1.8856180831641265,-0.4714045207910316,0.9428090415820634,0.9428090415820634,-0.4714045207910316,0.9428090415820634,-0.4714045207910316
2025-01-31,1.1973686801784993,-0.9578949441427994,-0.9578949441427994,-0.9578949441427994,0.11973686801784993,1.1973686801784993,0.11973686801784993,1.1973686801784993,-0.9578949441427994
2025-02-07,1.1973686801784993,-0.9578949441427994,-0.9578949441427994,-0.9578949441427994,0.11973686801784993,1.1973686801784993,0.11973686801784993,1.1973686801784993,-0.9578949441427994
2025-02-14,1.0,-1.0,-1.0,-1.0,-0.0,1.0,1.0,1.0,-1.0
2025-02-21,0.8432740427115677,-1.0540925533894598,-1.0540925533894598,-1.0540925533894598,0.8432740427115677,0.8432740427115677,0.8432740427115677,0.8432740427115677,-1.0540925533894598
2025-02-28,0.9578949441427994,-0.11973686801784993,-1.1973686801784993,-1.1973686801784993,0.9578949441427994,0.9578949441427994,0.9578949441427994,-0.11973686801784993,-1.1973686801784993
2025-03-07,0.8003267306650412,-0.22866478019001174,-1.2576562910450648,-1.2576562910450648,0.8003267306650412,0.8003267306650412,0.8003267306650412,0.8003267306650412,-1.2576562910450648
2025-03-14,0.8003267306650412,-0.22866478019001174,-1.2576562910450648,-1.2576562910450648,0.8003267306650412,0.8003267306650412,0.8003267306650412,0.8003267306650412,-1.2576562910450648
2025-03-21,0.8432740427115677,-1.0540925533894598,-1.0540925533894598,-1.0540925533894598,0.8432740427115677,0.8432740427115677,0.8432740427115677,0.8432740427115677,-1.0540925533894598
2025-03-28,0.769800358919501,-0.38490017945975047,-0.38490017945975047,-1.5396007178390019,0.769800358919501,0.769800358919501,0.769800358919501,0.769800358919501,-1.5396007178390019
2025-04-04,-0.9333333333333333,0.26666666666666666,0.26666666666666666,-0.9333333333333333,1.4666666666666668,1.4666666666666668,0.26666666666666666,-0.9333333333333333,-0.9333333333333333
2025-04-11,-2.141213516125243,-0.7647191129018726,-0.7647191129018726,0.611775290321498,0.611775290321498,0.611775290321498,0.611775290321498,0.611775290321498,0.611775290321498
2025-04-18,-1.8856180831641265,-0.4714045207910316,-0.4714045207910316,-0.4714045207910316,0.9428090415820634,0.9428090415820634,-0.4714045207910316,0.9428090415820634,0.9428090415820634
2025-04-25,-1.8333333333333333,-0.33333333333333326,-0.33333333333333326,-0.33333333333333326,1.1666666666666665,-0.33333333333333326,-0.33333333333333326,1.1666666666666665,1.1666666666666665
2025-05-02,1.0540925533894598,-0.8432740427115677,-0.8432740427115677,1.0540925533894598,1.0540925533894598,-0.8432740427115677,-0.8432740427115677,1.0540925533894598,-0.8432740427115677
2025-05-09,1.3333333333333335,-0.6666666666666666,-0.6666666666666666,-0.6666666666666666,1.3333333333333335,-0.6666666666666666,-0.6666666666666666,1.3333333333333335,-0.6666666666666666
2025-05-16,1.1666666666666667,-0.3333333333333333,-1.8333333333333335,-0.3333333333333333,1.1666666666666667,-0.3333333333333333,-0.3333333333333333,1.1666666666666667,-0.3333333333333333
2025-05-23,1.1666666666666667,-0.3333333333333333,-1.8333333333333335,-0.3333333333333333,1.1666666666666667,-0.3333333333333333,-0.3333333333333333,1.1666666666666667,-0.3333333333333333
2025-05-30,1.1666666666666667,-0.3333333333333333,-1.8333333333333335,-0.3333333333333333,1.1666666666666667,-0.3333333333333333,-0.3333333333333333,1.1666666666666667,-0.3333333333333333
2025-06-06,1.1666666666666667,-0.3333333333333333,-1.8333333333333335,-0.3333333333333333,1.1666666666666667,-0.3333333333333333,-0.3333333333333333,1.1666666666666667,-0.3333333333333333
2025-06-13,1.1370704872299222,-0.14213381090374028,-1.4213381090374029,-0.14213381090374028,1.1370704872299222,-1.4213381090374029,-0.14213381090374028,1.1370704872299222,-0.14213381090374028
2025-06-20,1.1666666666666667,-0.3333333333333333,-1.8333333333333335,-0.3333333333333333,1.1666666666666667,-0.3333333333333333,-0.3333333333333333,1.1666666666666667,-0.3333333333333333
2025-06-27,1.1666666666666667,-0.3333333333333333,-1.8333333333333335,-0.3333333333333333,1.1666666666666667,-0.3333333333333333,-0.3333333333333333,1.1666666666666667,-0.3333333333333333
2025-07-04,1.1666666666666667,-0.3333333333333333,-1.8333333333333335,-0.3333333333333333,1.1666666666666667,-0.3333333333333333,-0.3333333333333333,1.1666666666666667,-0.3333333333333333
2025-07-11,1.1666666666666667,-0.3333333333333333,-1.8333333333333335,-0.3333333333333333,1.1666666666666667,-0.3333333333333333,-0.3333333333333333,1.1666666666666667,-0.3333333333333333
2025-07-18,1.1370704872299222,-0.14213381090374028,-1.4213381090374029,-0.14213381090374028,1.1370704872299222,-1.4213381090374029,-0.14213381090374028,1.1370704872299222,-0.14213381090374028
2025-07-25,0.9333333333333333,-0.26666666666666666,-1.4666666666666668,-0.26666666666666666,0.9333333333333333,-1.4666666666666668,0.9333333333333333,0.9333333333333333,-0.26666666666666666
2025-08-01,-1.1370704872299222,0.14213381090374028,0.14213381090374028,-1.1370704872299222,1.4213381090374029,-1.1370704872299222,1.4213381090374029,0.14213381090374028,0.14213381090374028
2025-08-08,-1.1370704872299222,0.14213381090374028,0.14213381090374028,-1.1370704872299222,1.4213381090374029,-1.1370704872299222,1.4213381090374029,0.14213381090374028,0.14213381090374028
2025-08-15,-0.7647191129018726,0.611775290321498,-0.7647191129018726,-0.7647191129018726,1.9882696935448687,-0.7647191129018726,-0.7647191129018726,0.611775290321498,0.611775290321498
2025-08-22,0.14213381090374028,0.14213381090374028,-1.1370704872299222,-1.1370704872299222,1.4213381090374029,1.4213381090374029,-1.1370704872299222,0.14213381090374028,0.14213381090374028
2025-08-29,1.1370704872299222,-0.14213381090374028,-0.14213381090374028,-1.4213381090374029,1.1370704872299222,1.1370704872299222,-1.4213381090374029,-0.14213381090374028,-0.14213381090374028
2025-09-05,1.1370704872299222,-0.14213381090374028,-0.14213381090374028,-1.4213381090374029,1.1370704872299222,1.1370704872299222,-1.4213381090374029,-0.14213381090374028,-0.14213381090374028
2025-09-12,1.1370704872299222,-0.14213381090374028,-0.14213381090374028,-1.4213381090374029,1.1370704872299222,1.1370704872299222,-1.4213381090374029,-0.14213381090374028,-0.14213381090374028
2025-09-19,1.1547005383792517,-1.1547005383792517,-0.0,-1.1547005383792517,1.1547005383792517,1.1547005383792517,-1.1547005383792517,-0.0,-0.0
2025-09-26,1.4213381090374029,-1.1370704872299222,0.14213381090374028,0.14213381090374028,1.4213381090374029,-1.1370704872299222,-1.1370704872299222,0.14213381090374028,0.14213381090374028
2025-10-03,1.4213381090374029,-1.1370704872299222,0.14213381090374028,0.14213381090374028,1.4213381090374029,-1.1370704872299222,-1.1370704872299222,0.14213381090374028,0.14213381090374028
2025-10-10,1.4213381090374029,-1.1370704872299222,0.14213381090374028,0.14213381090374028,1.4213381090374029,-1.1370704872299222,-1.1370704872299222,0.14213381090374028,0.14213381090374028
2025-10-17,1.4213381090374029,-1.1370704872299222,0.14213381090374028,0.14213381090374028,1.4213381090374029,-1.1370704872299222,-1.1370704872299222,0.14213381090374028,0.14213381090374028
2025-10-24,1.4213381090374029,-1.1370704872299222,0.14213381090374028,0.14213381090374028,1.4213381090374029,-1.1370704872299222,-1.1370704872299222,0.14213381090374028,0.14213381090374028
2025-10-31,1.4213381090374029,-1.1370704872299222,0.14213381090374028,0.14213381090374028,1.4213381090374029,-1.1370704872299222,-1.1370704872299222,0.14213381090374028,0.14213381090374028
2025-11-07,1.8333333333333333,-1.1666666666666665,0.33333333333333326,0.33333333333333326,0.33333333333333326,-1.1666666666666665,-1.1666666666666665,0.33333333333333326,0.33333333333333326
2025-11-14,1.849000654084097,-1.4792005232672776,0.1849000654084097,0.1849000654084097,0.1849000654084097,-1.4792005232672776,0.1849000654084097,0.1849000654084097,0.1849000654084097
2025-11-21,1.849000654084097,-1.4792005232672776,0.1849000654084097,0.1849000654084097,0.1849000654084097,-1.4792005232672776,0.1849000654084097,0.1849000654084097,0.1849000654084097
2025-11-28,0.5039526306789696,-1.7638342073763937,0.5039526306789696,0.5039526306789696,0.5039526306789696,-1.7638342073763937,0.5039526306789696,0.5039526306789696,0.5039526306789696
2025-12-05,0.5039526306789696,-1.7638342073763937,0.5039526306789696,0.5039526306789696,0.5039526306789696,-1.7638342073763937,0.5039526306789696,0.5039526306789696,0.5039526306789696
2025-12-12,0.5039526306789696,-1.7638342073763937,0.5039526306789696,0.5039526306789696,0.5039526306789696,-1.7638342073763937,0.5039526306789696,0.5039526306789696,0.5039526306789696
2025-12-19,0.5039526306789696,-1.7638342073763937,0.5039526306789696,0.5039526306789696,0.5039526306789696,-1.7638342073763937,0.5039526306789696,0.5039526306789696,0.5039526306789696
2025-12-26,0.5039526306789696,-1.7638342073763937,0.5039526306789696,0.5039526306789696,0.5039526306789696,-1.7638342073763937,0.5039526306789696,0.5039526306789696,0.5039526306789696
2026-01-02,0.5039526306789696,-1.7638342073763937,0.5039526306789696,0.5039526306789696,0.5039526306789696,-1.7638342073763937,0.5039526306789696,0.5039526306789696,0.5039526306789696
2026-01-09,0.5039526306789696,-1.7638342073763937,0.5039526306789696,0.5039526306789696,0.5039526306789696,-1.7638342073763937,0.5039526306789696,0.5039526306789696,0.5039526306789696
2026-01-16,0.5039526306789696,-1.7638342073763937,0.5039526306789696,-1.7638342073763937,0.5039526306789696,0.5039526306789696,0.5039526306789696,0.5039526306789696,0.5039526306789696
2026-01-23,0.1849000654084097,-1.4792005232672776,0.1849000654084097,-1.4792005232672776,0.1849000654084097,0.1849000654084097,1.849000654084097,0.1849000654084097,0.1849000654084097
2026-01-30,-0.1849000654084097,-1.849000654084097,-0.1849000654084097,1.4792005232672776,-0.1849000654084097,-0.1849000654084097,1.4792005232672776,-0.1849000654084097,-0.1849000654084097
2026-02-06,-0.3333333333333333,-1.8333333333333335,-0.3333333333333333,1.1666666666666667,-0.3333333333333333,1.1666666666666667,1.1666666666666667,-0.3333333333333333,-0.3333333333333333
2026-02-13,-0.0,-2.0,-0.0,2.0,-0.0,-0.0,-0.0,-0.0,-0.0
2026-02-20,-0.1849000654084097,-1.849000654084097,-0.1849000654084097,1.4792005232672776,1.4792005232672776,-0.1849000654084097,-0.1849000654084097,-0.1849000654084097,-0.1849000654084097
2026-02-27,-0.1849000654084097,-1.849000654084097,-0.1849000654084097,1.4792005232672776,1.4792005232672776,-0.1849000654084097,-0.1849000654084097,-0.1849000654084097,-0.1849000654084097
2026-03-06,0.4714045207910316,-0.9428090415820634,-0.9428090415820634,-0.9428090415820634,1.8856180831641265,-0.9428090415820634,0.4714045207910316,0.4714045207910316,0.4714045207910316
2026-03-13,0.4714045207910316,-0.9428090415820634,-0.9428090415820634,0.4714045207910316,1.8856180831641265,-0.9428090415820634,0.4714045207910316,0.4714045207910316,-0.9428090415820634
2026-03-20,0.33333333333333326,-1.1666666666666665,0.33333333333333326,0.33333333333333326,1.8333333333333333,-1.1666666666666665,0.33333333333333326,0.33333333333333326,-1.1666666666666665
2026-03-27,0.33333333333333326,-1.1666666666666665,0.33333333333333326,0.33333333333333326,1.8333333333333333,-1.1666666666666665,0.33333333333333326,0.33333333333333326,-1.1666666666666665
2026-04-03,1.4213381090374029,-1.1370704872299222,0.14213381090374028,0.14213381090374028,1.4213381090374029,-1.1370704872299222,0.14213381090374028,0.14213381090374028,-1.1370704872299222
2026-04-10,0.14213381090374028,-1.1370704872299222,0.14213381090374028,0.14213381090374028,1.4213381090374029,-1.1370704872299222,1.4213381090374029,0.14213381090374028,-1.1370704872299222
2026-04-17,-0.0,-1.1547005383792517,-0.0,1.1547005383792517,1.1547005383792517,-1.1547005383792517,1.1547005383792517,-0.0,-1.1547005383792517
2026-04-24,-0.0,-0.0,-1.1547005383792517,1.1547005383792517,1.1547005383792517,-1.1547005383792517,1.1547005383792517,-0.0,-1.1547005383792517
2026-05-01,-0.0,-0.0,-1.1547005383792517,1.1547005383792517,1.1547005383792517,-1.1547005383792517,1.1547005383792517,-0.0,-1.1547005383792517
2026-05-08,-0.0,-0.0,-1.1547005383792517,1.1547005383792517,1.1547005383792517,-1.1547005383792517,1.1547005383792517,-0.0,-1.1547005383792517
2026-05-15,0.33333333333333326,0.33333333333333326,0.33333333333333326,-1.1666666666666665,1.8333333333333333,-1.1666666666666665,0.33333333333333326,-1.1666666666666665,0.33333333333333326
2026-05-22,0.33333333333333326,0.33333333333333326,0.33333333333333326,-1.1666666666666665,1.8333333333333333,-1.1666666666666665,0.33333333333333326,-1.1666666666666665,0.33333333333333326
2026-05-29,0.33333333333333326,0.33333333333333326,0.33333333333333326,-1.1666666666666665,1.8333333333333333,-1.1666666666666665,0.33333333333333326,-1.1666666666666665,0.33333333333333326
2026-06-05,0.4714045207910316,0.4714045207910316,-0.9428090415820634,-0.9428090415820634,1.8856180831641265,-0.9428090415820634,0.4714045207910316,-0.9428090415820634,0.4714045207910316
2026-06-12,0.4714045207910316,0.4714045207910316,-0.9428090415820634,-0.9428090415820634,1.8856180831641265,-0.9428090415820634,0.4714045207910316,-0.9428090415820634,0.4714045207910316
2026-06-19,0.33333333333333326,0.33333333333333326,1.8333333333333333,-1.1666666666666665,0.33333333333333326,-1.1666666666666665,0.33333333333333326,-1.1666666666666665,0.33333333333333326
2026-06-26,0.33333333333333326,0.33333333333333326,1.8333333333333333,-1.1666666666666665,0.33333333333333326,-1.1666666666666665,0.33333333333333326,0.33333333333333326,-1.1666666666666665
2026-07-03,1.4666666666666668,-0.9333333333333333,1.4666666666666668,-0.9333333333333333,0.26666666666666666,-0.9333333333333333,0.26666666666666666,0.26666666666666666,-0.9333333333333333
2026-07-10,1.8856180831641265,-0.9428090415820634,-0.9428090415820634,-0.9428090415820634,0.4714045207910316,-0.9428090415820634,0.4714045207910316,0.4714045207910316,0.4714045207910316
2026-07-17,1.414213562373095,-1.414213562373095,-0.0,1.414213562373095,-0.0,-1.414213562373095,-0.0,-0.0,-0.0
