date,CNH,IDR,INR,KRW,PHP,SGD,THB,TWD,BRL,MXN,CLP,PLN,HUF
2013-01-04,,,,,,,,,,,,,
2013-01-11,,,,,,,,,,,,,
2013-01-18,,,,,,,,,,,,,
2013-01-25,,,,,,,,,,,,,
2013-02-01,,,,,,,,,,,,,
2013-02-08,,,,,,,,,,,,,
2013-02-15,,,,,,,,,,,,,
2013-02-22,,,,,,,,,,,,,
2013-03-01,,,,,,,,,,,,,
2013-03-08,,,,,,,,,,,,,
2013-03-15,,,,,,,,,,,,,
2013-03-22,,,,,,,,,,,,,
2013-03-29,,,,,,,,,,,,,
2013-04-05,,,,,,,,,,,,,
2013-04-12,,,,,,,,,,,,,
2013-04-19,,,,,,,,,,,,,
2013-04-26,,,,,,,,,,,,,
2013-05-03,,,,,,,,,,,,,
2013-05-10,,,,,,,,,,,,,
2013-05-17,,,,,,,,,,,,,
2013-05-24,,,,,,,,,,,,,
2013-05-31,,,,,,,,,,,,,
2013-06-07,,,,,,,,,,,,,
2013-06-14,,,,,,,,,,,,,
2013-06-21,,,,,,,,,,,,,
2013-06-28,,,,,,,,,,,,,
2013-07-05,,,,,,,,,,,,,
2013-07-12,,,,,,,,,,,,,
2013-07-19,,,,,,,,,,,,,
2013-07-26,,,,,,,,,,,,,
2013-08-02,,,,,,,,,,,,,
2013-08-09,,,,,,,,,,,,,
2013-08-16,,,,,,,,,,,,,
2013-08-23,,,,,,,,,,,,,
2013-08-30,,,,,,,,,,,,,
2013-09-06,,,,,,,,,,,,,
2013-09-13,,,,,,,,,,,,,
2013-09-20,,,,,,,,,,,,,
2013-09-27,,,,,,,,,,,,,
2013-10-04,,,,,,,,,,,,,
2013-10-11,,,,,,,,,,,,,
2013-10-18,,,,,,,,,,,,,
2013-10-25,,,,,,,,,,,,,
2013-11-01,,,,,,,,,,,,,
2013-11-08,,,,,,,,,,,,,
2013-11-15,,,,,,,,,,,,,
2013-11-22,,,,,,,,,,,,,
2013-11-29,,,,,,,,,,,,,
2013-12-06,,,,,,,,,,,,,
2013-12-13,,,,,,,,,,,,,
2013-12-20,,,,,,,,,,,,,
2013-12-27,,,,,,,,,,,,,
2014-01-03,,,,,,,,,,,,,
2014-01-10,,,,,,,,,,,,,
2014-01-17,,,,,,,,,,,,,
2014-01-24,0.0035897573922549384,0.023606267101816788,-0.0019069726066967864,-0.03067489797261998,-0.014305586206656036,-0.0073467356062058235,0.007936685040982447,-0.006141441264206724,-0.0075473006512195885,-0.029133491503825857,-0.043342698305259234,-0.01881359303429432,-0.03930725390206827
2014-01-31,0.00041032361903454745,0.02004936687472959,0.011343563568500633,-0.023819371446283964,0.003018840648002799,-0.0006635886047693627,0.009609310770937405,-0.009005439061582656,0.012854202952421442,-0.019560907809812015,-0.035887648706133604,-0.012730972912590831,-0.01916825848064994
2014-02-07,-0.0006161847783996885,0.004514938647847484,0.0049327453509638245,-0.009873539302365838,0.009889319052300859,0.004126948855468618,0.015661494394381924,-0.008310780686635762,-0.0006493788885478802,-0.026238070616678592,-0.03539803175697349,-0.0009602974436964933,-0.01837246943467738
2014-02-14,-0.003798172254999378,0.03396460527900168,-0.0021999579560144046,-0.0005244084569834551,0.02511337657736759,0.008007479978631153,0.0213100337318841,-0.00525844166150791,-0.01065681078522306,-0.008072154795684572,-0.011094941543783059,7.006472813498015e-05,-0.004765363079184902
2014-02-21,-0.010746998459500261,0.05197403857508704,0.023543128165764402,0.01215702394686792,0.028295875324526994,0.010421862959467568,0.017884311362436085,-0.002130368841659013,0.0064293048105614065,0.016935372560696493,0.006352246692778519,0.01379729503879084,0.021885119758322937
2014-02-28,-0.01377293665004646,0.05499835196697793,0.011187209491788131,0.003352990975931035,0.01742423994559417,-3.154560305998998e-05,0.016386541917392076,-0.0020070241465368595,-0.00313072101322235,-0.002837231503064362,-0.0015291322098564264,0.010048433929315492,0.00272401530224641
2014-03-07,-0.01443864346334536,0.04999294071125835,0.014315326617918171,-0.0045016788906139145,0.009873315956006865,-0.006948033234340139,0.017394955705927074,0.0006577326682741442,0.01241808927096017,0.007082670415268152,-0.012771184163992465,-0.00969764121639766,-0.006561370173858854
2014-03-14,-0.02144697185596796,0.025544591334388713,0.012740367811850953,-0.0248857394133134,-0.0008397829161966878,-0.006590232567547414,0.005439602234227056,-0.004351513677902371,0.006261824958188929,-0.0004598970962207717,-0.029794913252543374,-0.019982982157309554,-0.0014253380850870216
2014-03-21,-0.016395332901354368,0.032406096834236696,0.025735450986443725,-0.01798131819284947,-0.012071145154281687,-0.00758210567587356,0.008869054712617074,-0.007644156141690027,0.03318478092611801,0.0071432818440140804,0.004181000627500063,-0.015975253068562636,-0.013624874881486757
2014-03-28,-0.014926064542898292,0.0347078224310529,0.045710851798686655,-0.00593482464883535,0.005138298739771566,0.010433234007715678,0.011904613161753362,-0.0017483186322989064,0.04153196157277553,0.024179157661936145,0.03547740206107412,-0.0028724010898578366,0.001902939819640878
2014-04-04,-0.016311599937070043,0.031187645177295838,0.04116785476443386,0.015394749022870115,0.003964476254156022,0.016325465806590833,0.007571775960057265,0.006323546142240777,0.052222157001016,0.026059362650805044,0.042811979869750084,0.003817990950245083,0.015300970961847099
2014-04-11,-0.008118301811997772,0.003922311975698926,0.02781564287782062,0.03418992692842618,0.01305986561523505,0.01800552325255073,0.007729004390168652,0.011610861317023366,0.07065502275563496,0.017282374527132854,0.054908049829792006,0.007678521277131924,0.006096114775223127
2014-04-18,-0.00393294839666582,0.012126178525436898,0.016850579494068763,0.039095238669094035,0.030591005543949164,0.0211973470343712,0.014862854699853364,0.015087972309854782,0.028529888251498842,0.0156899820625102,0.02319824597570224,0.0028365687023372416,0.004641426931165054
2014-04-25,-0.00869934340629183,-0.015998155067937912,-0.009573624703344212,0.021251942465908683,0.010203442028702407,0.0018179183478000405,0.014757261473945077,0.007560240672297127,0.013601591486182986,-0.001907444878206344,-0.009867206735688838,-0.012065208577555013,-0.01460253873185264
2014-05-02,-0.0071870170425634055,-0.017143960889686557,-0.005247215828503227,0.0071994400469239436,0.007167693156786015,-0.001437350869828537,0.008588855516406887,0.0010290531521603952,0.00361261978497651,3.681119351413645e-05,-0.008057329226674854,-0.014709645739200281,-0.020786984149881827
2014-05-09,-0.0021777668181413206,0.014647766213864308,0.018986206614380385,0.006797270675300087,0.025611159786707305,0.0016857172289305679,0.0002774596968035843,0.001600088554328622,-0.007578239535503354,0.01735893125613175,0.0003211853502056491,-0.004183595491677978,-0.003184828904356663
2014-05-16,-0.0007391129168232444,0.021225184879873425,0.038638773346684606,0.007762169303918968,0.017498335028011663,0.003857435272682846,-0.00018370687961544,0.00287083929248554,0.011799086995252764,0.017853628966534626,0.0204175260737402,-0.0124651453480456,-0.0028413357181403358
2014-05-23,0.005408237911913812,0.01990559138435269,0.055852978970057074,0.015407443823952535,0.028189563014799385,0.010224784793746564,0.000955477308420289,0.006466185104103977,0.001332531119473233,0.031131598054618882,0.02637373808266074,0.0023532852868381826,0.015635269546316867
2014-05-30,0.004127825144878071,0.007138973149757979,0.03141239535326841,0.008969608230282675,0.021999798498693893,0.008007684480329229,-0.004013361483643751,0.007547157124973097,-0.03135418151690224,0.02421058111643208,0.0343449746207158,0.008592697431682521,0.011294143225000535
2014-06-06,0.0014433296499669341,-0.005691128118319397,0.02820922382929212,0.0038281175620521555,0.006829304514284273,0.002484739244191642,0.013772984708269383,0.006098011472258907,-0.03388019197150102,0.01654867512063904,0.02447112625324668,-0.00300000607613533,-0.007417059323111883
2014-06-13,0.006652358078456372,-0.020510125581307347,-0.004891600039614514,-0.003005793683032748,0.00416125333084344,0.00493007521209878,0.013061379449256522,0.0076461104711835004,-0.04211221131224235,-0.0021073693222295638,0.002019640809744958,-0.011158838802973026,-0.018482039298412682
2014-06-20,0.003372187117997333,-0.015811408333778948,-0.02657937258839317,-0.008769565381280372,-0.0009640622582003042,0.0007129437655749753,0.009161939155711629,0.0066411316378341655,-0.02622489755858769,-0.013746733410144613,0.0008862832962453163,-0.023576964263734398,-0.024136713111042252
2014-06-27,0.006295358846620938,-0.012273138097329724,-0.012478054764398162,-0.0073599214662440895,0.0029520277187440203,0.0008737162886514821,0.01495502468509836,0.004748429495627347,0.013068778216847484,-0.017850983615280595,0.0040123782757806314,-0.031255711817445284,-0.03022573442074714
2014-07-04,0.005791431155529464,0.009411226118741203,-0.01078839146331758,-0.002277236192534172,0.00045605140007141855,0.004542656450737954,0.006386098482313272,0.004756252951147354,0.008941205817253604,-0.011274835291524867,0.002570169225439209,-0.026190144292073798,-0.02644420580249269
2014-07-11,0.0006892851454264365,0.025477488051499686,-0.009938228784634602,-0.011457359641949934,0.002363070703069693,0.002588737422350064,0.008136047310362538,-0.0001369160228897985,0.010883085644475696,-0.0005089901671605427,0.00019977623769234544,-0.009119336471432295,-0.004925083486289332
2014-07-18,0.002923693319768883,0.04512852704014194,-0.0002984879927340964,-0.015914419175057162,0.003223573195956798,0.005901180537364938,0.015061447292561012,-0.0012822087784135792,-0.005129295304933448,0.0077116167056515104,-0.012818086177377626,-0.0017671257869456437,-0.006498968578643538
2014-07-25,0.004684232408660984,0.05364127738460037,0.01267628865697974,-0.01240715017798794,0.012521065540992055,0.010544566334433333,0.030469041782621987,-0.001743480873228944,-0.014258635459606435,0.013310407851821318,-0.014729103606388466,-0.001138077962340312,0.012735399751429
2014-08-01,0.00561817048615321,0.019691396215019218,-0.008477617092379996,-0.026691458225427532,-0.0019750850707424923,0.0007014199200998973,0.017145993327715065,-0.0035985484223944424,-0.007119513101846794,-0.004979830343296535,-0.028286656460153513,-0.0005240500763020144,0.009652009924610946
2014-08-08,0.008153194889535056,0.023067268161244648,-0.004952305887425418,-0.011563742553792816,-0.0037713299366694047,-0.003825464724814729,0.011525738540504404,8.816378286191631e-05,-0.029796584912872442,-0.008068270959606005,-0.019931484266718442,-0.010653525064279735,0.01138464015640555
2014-08-15,0.010450473602394972,0.022413966246130214,0.0006291610585306513,0.005213101902279981,-0.0009753425144586299,-0.0037462030439192142,0.014838246797029546,0.0016705652206491948,-0.009539649972286873,-0.0017144535010660891,-0.0011568144008713768,-0.015484741037247847,0.005464032458997351
2014-08-22,0.005325084339840163,0.022953436222560193,8.835511520841749e-06,0.002250211932360519,-0.011485447036461233,-0.004619498277639582,0.006075313749496887,0.0019029479622489423,-0.016253941089127963,-0.0017166516683722833,-0.020822824365018595,-0.008579489367840913,-0.00033420004291718174
2014-08-29,0.004646762273874173,0.0361489702052087,0.016334015198520572,0.015429184527740256,0.005760801030187659,0.0034086501862161133,0.01822145159424807,0.007592652032833244,0.00016032368948498688,0.02147150632475455,-0.016563272865601927,-0.014707460370140138,0.0020772922872463826
2014-09-05,0.002928660804992457,0.01746173370174655,0.025032180088584887,0.010161523623904413,0.015712128138385347,0.006473896875288528,0.018141510005054845,0.008291970381832445,0.022063984518713425,0.031314878892017756,0.0009135636443194685,-0.007561536117923271,-0.003097682523741552
2014-09-12,0.0023819113109032264,0.004412152404743009,0.009612268329111186,-0.009350409981625785,0.0010844067303609779,-0.0018647423286981043,0.00805882874570528,0.0036562288879671374,-0.00688952575352679,0.009101357659495069,-0.006638125093574284,-0.002698501480850336,0.008391996136795907
2014-09-19,0.0032805482226015547,-0.007832718743593642,-0.00256313837007857,-0.01421839786921781,-0.0068941121419353515,-0.0044223187787853484,0.006819353825439151,-0.004585673188147675,-0.01809970589202561,0.011029813692891507,0.0011668710781456183,-0.003854057340731596,0.013714610419932296
2014-09-26,0.0016137221775085026,-0.012401586356430508,-0.012018379833157466,-0.023625921443250972,-0.021345372939468886,-0.008384342491317549,0.0031583979721428552,-0.010936727083428638,-0.05640644321910137,-0.011064968609136912,0.016897793625243525,0.001804432104407153,0.014274548415097265
2014-10-03,-0.0032249679642380193,-0.011001008651138539,-0.02280044130264857,-0.03854953641740849,-0.02397523287937699,-0.005254296369890024,-0.0035183629920643167,-0.01650302607621145,-0.07394733593526721,-0.013495456990877362,0.013525051804954794,0.004188037586482028,0.025250901224733235
2014-10-10,-0.0010377750195105563,-0.0016881678901609005,-0.006034276983633581,-0.03378793078792582,-0.00942745725962281,-0.0022842149144299056,0.0005916141811827483,-0.013114876885413754,-0.026013378561610987,-0.004728589116689184,0.027121365603682647,0.0014610475016708585,0.030739572509892076
2014-10-17,0.0008842470950754455,0.011847994596744089,-0.010416958956393746,-0.029034234460079165,-0.004143441913439714,-0.006533159625373444,-0.0062447580368622515,-0.007206681289019671,-0.0327206701659309,-0.021231336637319353,0.038942147526951965,-0.009941607214045996,0.025180529954469687
2014-10-24,0.0050146604895053275,0.021749921604544684,0.0004999040662670142,-0.015889079521139535,0.006240898306556099,-0.003839852781148749,-0.00399724717709022,-0.004038515742966767,0.0031582238356526564,-0.005623737692337044,0.040130964773656616,-0.0074073883438691285,0.022329960654487776
2014-10-31,0.00905920385518069,0.01879076754209352,0.004664470641656992,-0.00372225353553003,0.0035589003366661995,-0.008619014622812912,0.0012457295113831248,0.00347157815198975,0.029767726634204468,-3.110926039223347e-05,0.04447946822530456,-0.00829251809511038,0.016765877799992803
2014-11-07,0.005107159341900431,0.01801808799528741,-2.62957145972276e-05,-0.004706739848249448,0.003725273348407722,-0.008041706381117002,-0.00344274838279874,0.002419139112065594,-0.018376456436340397,-0.001983278904382869,0.02591673684660823,-0.0015679329864261744,0.005537640207589922
2014-11-14,0.005077331131637709,0.007241713614180866,-0.0031792544599908833,-0.024900830605759774,0.006532845198159499,-0.008150686443937639,-0.0005912601964156105,-0.002450843465847937,-0.020342496591335146,0.00986513451091099,0.005883461104624203,0.011296677386455168,0.014643382004708338
2014-11-21,0.000871382590323674,0.010546016114651197,-0.003135210490005847,-0.03611136905435642,0.007276758715721459,-0.006086219332013591,0.003910412821045782,-0.007374473749195459,-0.0048463164071959886,0.0037575967029799128,0.004460425681023294,0.01849525662069959,0.02870199136244163
2014-11-28,-0.002130771059418823,-0.007823877698247007,-0.01765138387341543,-0.02837142018596226,0.003719054158150153,-0.008790251901314574,-0.0018370683769217697,-0.01354733154992675,-0.03964909744106963,-0.023118504548088472,-0.03352109972266698,0.028603459564263606,0.022195825534158987
2014-12-05,-0.0007915872613246629,-0.016592461135518932,-0.012923108996249636,-0.019025310949868528,0.010749757278290556,-0.015424344776102319,0.0011581806737691156,-0.01342822852191334,-0.023552176236694557,-0.04755442514908416,-0.027016234486268876,0.03149468297716036,0.01640068115460585
2014-12-12,-0.008903704300710368,-0.02821905055486652,-0.015504143017148727,0.006660251473893092,0.012720256431371757,-0.007176446469845539,0.0020000117854348663,-0.013920390643424152,-0.015530599583808875,-0.0818738043196979,-0.030289245084491177,0.0257606743856886,0.0004847303725399295
2014-12-19,-0.013531418070059677,-0.029717713600248292,-0.03133708979503806,0.020637232603098854,0.006274100181297721,-0.010563814885111211,-0.001762352407709257,-0.012359373575122245,-0.02671718977356629,-0.06431300946737879,-0.02404774899030604,-0.010620417609727345,-0.029682235123865346
2014-12-26,-0.008810550652886176,-0.01091779538758177,-0.018643865530242342,0.024362978235556366,0.010319224714054163,-0.004701705195423511,0.0036981783894885593,-0.012045390928806006,-0.019150741590319945,-0.050784305720603315,0.003677298624842621,-0.05617397676418918,-0.029619484143850697
2015-01-02,-0.011516442264266166,-0.008063264043288899,-0.018593892936728914,0.021319034261281053,-7.579431016639746e-05,0.001656001574879089,0.006256175337906709,-0.009096031518364932,-0.006250984324443152,-0.03228265170243269,0.0006638275743298706,-0.0385288958459071,-0.022139726079398514
2015-01-09,-0.001018410854564361,-0.001397076181540939,0.011091154364831466,0.03353289959019137,0.0013236230223529245,-0.0020379597315599504,0.011977759759163303,-0.006821136515569716,0.023726742785810828,0.02110706254262102,0.018690122080665564,-0.032812754216032594,-0.018759250477148146
2015-01-16,-0.0010715174186807473,-0.013076953249930143,0.028102099759358914,0.030115347144422235,0.008631260161951324,0.004954299175344838,0.018821641584056345,0.00974265165912319,0.021071209602834998,0.004280023948731952,-0.008258138295625155,-0.039261287382971834,-0.029585863876984888
2015-01-23,-0.005121362570720902,-0.002294678070560739,0.03281595654348267,0.03507782203008084,0.025819538069437514,-0.001053436328713661,0.025068655633952837,0.02380800124315071,0.07205610744626553,0.007963745214521045,-0.0007738867221496019,0.02163636421876951,0.005871279299281627
2015-01-30,-0.00791930263367005,-0.028551742876743134,0.016093703515777616,0.010017726875214138,0.020222065769564902,-0.00882657547169441,0.015908680542411378,0.006986462580482796,0.03180899559035361,-0.0072628085709288345,-0.003908140922243397,0.008354204309162372,0.00847068678773963
2015-02-06,-0.006768116440674631,-0.020887371282079455,-0.004076301519416755,0.0028419812713815183,0.014807116130029146,-0.010007306569990614,0.013907227125590893,0.015176595141472533,-0.025319006185862435,-0.023708947409930174,0.006844030182557515,0.01490580792227543,0.028454726510703895
2015-02-13,-0.002623887661277583,-0.018488549188143653,-0.012543699007230569,-0.015964187738724038,0.008964187185501751,-0.02474411516063811,0.0015716199694798079,0.005454252388841347,-0.0386667422771704,-0.016552667904723713,0.03266389182290758,0.0465606514633515,0.06191487903134142
2015-02-20,-0.005255894939655816,-0.03808999422176955,-0.013475282777378765,-0.03600449189441809,-0.00894646203064657,-0.022146605598779345,-0.002771000823782415,-0.020485447166167944,-0.08276278895119628,-0.024553719734688343,0.026964236684544837,0.02183668485815489,0.026794896267454377
2015-02-27,-0.004298449565584937,-0.015951199611138958,0.0007639473010820036,-0.000375919401497931,0.0009646630666095991,-0.008527225625901717,0.01161822641814873,0.0031692278075890513,-0.047141753823180574,0.004079879695024537,0.03285066561696388,0.013965228980980838,0.026648247332358124
2015-03-06,-0.006726642743767249,-0.019995719193637167,-0.01997951629893458,-0.017439899608221798,0.0015864409334164385,-0.011865873971851622,0.00640405833366369,-0.004042942961192518,-0.05581164396069046,-0.03174498092615168,0.008373630864178035,-0.004818358943626674,-0.0063242411899415395
2015-03-13,-0.005378748258746878,-0.02643598977897585,-0.02503783046741903,-0.019380212457401604,-0.003412002689321094,-0.0013182101958257707,0.0011311679014120168,-0.015792381296522277,-0.09208617667377769,-0.036963633749534486,-0.022927879628998473,-0.01594690185029659,0.0012208337936824645
2015-03-20,0.011023171199481506,-0.014325029169134463,-0.01312379395424647,0.00046597981007536447,-0.016834566430719268,-0.003302403132008646,-0.0002596643969360068,0.006183824690198086,-0.0821605091431459,0.000889147930577934,-0.026293496554508983,-0.008142380996186674,0.00164358958128895
2015-03-27,0.011932154898566442,0.0034502246948094053,-0.02546825744401454,-0.006106591786758871,-0.018651523635335853,0.0015775189661460564,-0.009962551889156119,0.0007069836042635828,-0.08673205901224039,-0.014243953203708724,-0.006637349736186727,0.0029196167340312072,0.01795040381337475
2015-04-03,0.011269833593917948,0.02055495639825815,0.003522174037154392,0.006889764813427551,-0.003069300007580527,0.011478959436096624,-0.011330565856721394,0.009124655735398321,0.021363350661783208,0.04191436813243213,0.01030007821456686,0.02353098152868162,0.038268345717093546
2015-04-10,0.008188622673394881,0.03622481728779636,0.006365329199726877,0.024935047964590694,-0.00516555659533615,0.009651595434942716,0.0007057902755495254,0.007891877559169126,0.06964429971350558,0.022713736887095815,0.03575544145165554,0.04394143609446996,0.032815613612162425
2015-04-17,-0.004766934161406213,0.03720537236038815,-0.014513641324608997,0.013299478456267768,0.01562929637671038,0.02034554525656205,-0.00207674370095749,-0.0026319367206185705,0.06535825203639258,-0.02441492629616321,0.03588710774574707,0.030046902307754832,0.015123057340908169
2015-04-24,-0.00447238726604067,0.02488050255867062,-0.023460352754405153,0.010175187867484534,0.013949455937475442,0.02029276676796871,-0.009413862621762425,0.0038187349991290562,0.10836796891347335,-0.019717029941618943,0.01898457420933275,0.016427592519173893,-0.010978241455798853
2015-05-01,-0.011970292815065781,-0.0023612510824504683,-0.03560623382902004,-0.014496340717173262,-0.008165327323976816,0.01041857392212761,-0.028231455600861963,-0.007745964473677278,-0.00437738240487693,-0.059150702519264464,0.0052905488450314675,0.007831327548138017,-0.00956360384941667
2015-05-08,-0.009102454585846456,-0.0128028123507014,-0.03216439018242718,-0.03172705876518986,-0.0020317428868301757,0.006737080625778572,-0.04642817994282011,0.0016322270298842726,0.007724405649857342,-0.012593374297741319,0.00814990341820739,0.002396069257274501,-0.011467914608779148
2015-05-15,-0.007606836820082826,-0.02313267781442055,-0.017356971963603737,-0.03376436472681557,-0.0022570898558963628,0.0014737435881669808,-0.045724638962226,0.01081008955491573,0.002417202546030523,0.00780027195468049,0.013532319965969736,0.008868006241451735,-0.007663749196396976
2015-05-22,-0.0019513629566715032,-0.010298608665784834,0.0027332290025959623,-0.025143779703642455,-0.008319652828352533,-0.0068382179313903,-0.0297831981939174,0.009660757242021062,-0.04988387897785809,0.010934616737943855,0.009014736587906363,-0.011020926911591782,-0.01105818523492504
2015-05-29,0.005145839388657631,-0.0009782947424997407,0.0038743968422839782,-0.02126337094048112,0.004190859113427008,-0.007044246175446894,-0.013902766244870374,0.005238890438583443,-0.029723763948086818,0.02118468220848443,0.0011153809234692481,-0.013856754116872197,-0.020961178759117932
2015-06-05,0.0015093050997845572,-0.012737740173356923,0.0006209508594939945,-0.01689281679194101,-0.011529552351728348,-0.013397241185460715,-0.0019658963145885965,-0.0040827499668636465,-0.0492109543783789,-0.026509452280172496,-0.040630629642513,-0.018982379084742856,-0.03342750414775919
2015-06-12,-0.0010524726080595778,0.0003124141607506164,-0.006891448217907295,-0.009385055595318595,-0.01915845948659866,-0.012266894542461089,0.007512273731070442,-0.010404789271078359,-0.032565997005177615,-0.013681574751568889,-0.04339682938147204,-0.019696974668911984,-0.01950403018804269
2015-06-19,-0.00409321523646377,-0.010617359801341897,0.00036897383012995076,-0.014893814382597018,-0.009482582700536181,-0.008034982100172467,-0.0020558711731429964,-0.015164569307955138,-0.008744867444797876,-0.004928575222089331,-0.044312280674110756,-0.0096849846839318,-0.017319423582894823
2015-06-26,-0.005012408818989265,-0.00708774036548832,0.005931456607452089,-0.013317244327247247,-0.01220020811513126,-0.008061719341845006,0.0007667626776552312,-0.009522467989209818,0.01805016225146069,-0.008494086182587138,-0.027185714307785935,-0.01232114547016229,-0.018635997150751378
2015-07-03,-0.0014475778386184557,0.007448995052077085,0.01588190819393797,-0.0059947990859768215,0.00559579338051954,0.004787295777703361,0.0026164389547594234,0.0026361843804359776,0.019756663579902363,0.010487513575515067,0.003101291487632965,-0.008507711025117302,-0.006388111838730899
2015-07-10,-0.0010344122946805458,0.005317178633080674,0.021653046160251706,-0.009195482004283021,0.0075396228652444665,0.0016726193873080543,-0.005209217638983745,0.0010019746455721267,-0.004277357750098968,-0.0022303336339925513,-0.016781662047855615,0.0012225361414762211,0.012160384112919193
2015-07-17,0.0017419146312123944,0.006300819730743364,0.014623283538513063,-0.021371506254167685,0.0015090471080916013,-0.0018023420094081138,-0.005258772827212306,-0.00039289102879205146,0.004223259534848419,-0.005310560220606502,0.0014741236347610327,0.017737167810462674,0.018658319227795123
2015-07-24,-0.0012141385977010384,-0.0022265366628940603,0.002405392759346191,-0.029359125644408842,-0.003395735316978896,-0.001727411355808213,-0.0239149806904252,-0.007056585448533715,0.0014237979746619753,-0.020093293872817088,-0.026297044316220982,0.016258369085443924,0.018132035036489875
2015-07-31,0.00019325465764838726,-0.0023460295240319263,0.003889110443341613,-0.019557909757524673,-0.005781870645056522,-0.00032901605972545864,-0.02126280443619023,-0.008879644111684834,-0.05222287927065305,0.00045597342172933736,-0.03906021430140702,0.02014142064498357,0.04228449331076159
2015-08-07,0.0029139391656581907,-0.006355307126164117,0.0016817065101114225,-0.017459502903603197,-0.008403521809648581,-0.009382214972892914,-0.02438060514968958,-0.007553096990945281,-0.01849361497025584,-0.007160241264303728,-0.030872811200110546,-0.00670538242566864,0.0051014870701777855
2015-08-14,-0.03765958788738696,-0.02249503346610352,-0.02060576955071055,-0.0167853286998985,-0.012724949005936431,-0.026223646367336442,-0.02353374789388305,-0.021761105760271827,-0.04365829351768788,-0.02368660268184495,-0.053972897688023505,-0.008574976215730277,0.007680022339455372
2015-08-21,-0.03363057449595689,-0.02796167638275525,-0.02744433251647225,-0.019717890684312945,-0.018678206216218192,-0.02453373181721638,-0.01679919807489012,-0.027713354310904454,-0.048467578332360206,-0.03655078159707358,-0.0438282041082679,-0.011181664012502672,0.001481371214806541
2015-08-28,-0.036939100422301266,-0.020839931678939758,-0.033958139475325264,-0.010881411735155753,-0.019100198402664068,-0.028428889070208897,-0.025809236497126808,-0.017333344126391273,-0.010065591004641588,-0.03848562762878488,-0.022342250837482577,-0.01608130308093394,-0.024265715390495022
2015-09-04,-0.03655115708998957,-0.028026095274529636,-0.04218338719839644,-0.023812098205203504,-0.021796807913180106,-0.031239711343678974,-0.03077105545033163,-0.026258503067418906,-0.05508403592334726,-0.03355031244776996,-0.018287677978585465,-0.00844508370461808,-0.016194924142001778
2015-09-11,0.010159556653142367,-0.019057849972657873,-0.016451817290992293,-0.0032694131834216725,-0.009264801092842598,-0.009950572484675964,-0.034425873713801874,-0.007720287409659092,-0.08751637787145367,-0.017319630966853985,0.000818324610132485,-0.004721772411998107,-0.025631945105613202
2015-09-18,0.01321432459254134,0.0019608040671891674,0.013158022336699394,0.03420569421000527,0.011351417674533907,0.007435403842098086,-0.0011817324868974508,0.014016444563636184,-0.07499057800281242,0.041686841941772135,0.026783207605226098,0.005898536357518646,0.0005763356851966779
2015-09-25,0.01400415340442908,-0.018222291034792303,0.008696564471001374,-0.0011724878243359708,0.0036221829655263913,-0.0067017961667164,-0.010709818538610312,-0.01715716005014099,-0.06194644686855981,0.007255105423857915,-0.0035490110922124438,-0.0016136669438641497,-0.020579591922539
2015-10-02,0.01860668951245158,-0.0072372814636960155,0.026196686941377542,0.017380934626503464,0.007727221819049388,-0.0008309962798364826,-0.013214284354517618,-0.0017925847545533788,-0.038772896281240414,0.015391955401645015,0.003499052817876157,0.005282765372716367,0.007610433169276164
2015-10-09,0.0121144201459307,0.08237414201974852,0.027094384014171358,0.031792362372636065,0.024616281777758195,0.012260933079857402,0.019904921437724828,0.005651244416520593,0.058502031887283985,0.038578696177883134,0.02032086871566448,-0.0008491951413505871,0.010725989406843333
2015-10-16,0.004344929139795326,0.06942640205447728,0.015831677109374727,0.02697590960923431,0.006872285009225765,0.005489211873742217,0.009472101880361967,0.004937787069290215,0.03663499080537109,0.01632084162862353,0.009812095553539506,-0.009935538169665258,0.00447446483558361
2015-10-23,0.0018272750720809325,0.08725156709677723,0.020351723411492623,0.04928360564773341,0.0035042243932902877,0.021291098988858864,0.02234600101893342,0.019587482268507466,0.03709340351185907,0.03974449779465678,0.01856135396479232,-0.009330887157987106,0.01650051343006067
2015-10-30,0.007667367588277902,0.07212506681792263,0.0003590154412725817,0.036016435867168066,6.241840988056076e-05,0.02356487553568736,0.0304105551718891,0.013587887578469513,0.055529217917060766,0.032543069894297144,0.009969784108905167,-0.008859676919670777,0.002752715444644855
2015-11-06,-0.003310918677312754,-0.016927138171478527,-0.01299693496832096,0.010127182839358331,-0.030461368395880324,0.0037785294276100542,0.0025954131186199008,-0.0006725008576449465,0.004373198990423776,0.0011330047981623972,-0.01439931751229757,-0.005350888866688497,-0.007720418233136829
2015-11-13,-0.002763103287534161,-0.010429711885816286,-0.013547096016871409,-0.0180093273746012,-0.024046983120197863,-0.008636488082884995,-0.006887155321378732,-0.007454451769896283,0.03062824844069247,0.013727658300632902,-0.017842468174525016,-0.009670616824917487,-0.009758459127477555
2015-11-20,-0.00025044549285748905,-0.0061877542009636695,-0.009972842304638664,-0.005435930815745824,-0.007824079650118894,-0.004857794487855195,0.00567852206810132,0.01079018996329268,0.04851724645507988,0.025814044503099414,-0.004899633538607955,-0.0031882744495617546,0.002376987839591985
2015-11-27,-0.015124403038231874,-0.01371006887072052,-0.00948434131727466,0.0018760973459978486,-0.0075375624487332114,0.0018844701903801444,0.007582957820525809,0.00638090894208076,0.06891716591960137,0.12913336963899996,-0.00140311829813457,-0.00990424189670672,-0.004419555110203655
2015-12-04,-0.004942298614599988,-0.013596143375227037,0.0008342984804578422,-0.002825576534927006,0.0022361918479224027,0.010528465047423193,0.01129473249709562,0.008172046778570429,0.04796771706203239,0.12292472696958151,0.008925892781814687,-0.016424438287687877,0.015234174539156799
2015-12-11,-0.015705237185295977,-0.03133732607183764,-0.003569382576294349,-0.007834354996320722,-0.004415762493254278,-0.0026245442701565824,0.0022131642439842687,-0.0015084808500840739,0.021785660079588792,0.07685647670114357,0.002570215260979298,-0.01852108082739179,-0.005887446437132434
2015-12-18,-0.01655430098044081,-0.010801428714823619,0.008804777549782877,-0.01140761510974667,-0.001496823446925347,-0.0059322111715301,-0.00129180642059236,-0.0016113659903796238,-0.007959833511575747,0.07812164891730006,0.018588819019259295,0.0046937229522671375,0.00476885966318619
2015-12-25,-0.010834524666500542,0.025232422054948685,0.019487362770595713,-0.005777159078906125,0.008799195845489535,-0.007038566497694899,0.00039096266248097233,0.008974265080274312,-0.05579280608564144,-0.04100643149005529,0.009613673745160253,0.019347692393297818,-0.002560637190459655
2016-01-01,-0.015943965490969353,0.006571864481847496,0.014169816409160138,-0.007859651524496266,0.013105314818886233,-0.01613916033037122,0.0006782343782688063,0.00668764751081132,-0.04164120313493886,-0.004263706434509407,-0.01685571410619253,0.0006105807193536074,-0.0061446923990244075
2016-01-08,-0.01725012011674363,0.021157576957948596,0.009375325371294176,-0.002736125236509965,0.014723427934081408,-0.0038127813233222894,0.008540999522796085,0.012970304538274774,-0.03587908726752922,-0.022707310183426047,-0.016855985814705005,-0.008242059176639461,0.008408554666032991
2016-01-15,-0.0030327273447748066,-0.01647616693916171,-0.015284972719458403,-0.016790032023112654,-0.0023808224634685564,-0.0006431214951303629,0.0077162465267935215,-0.007259135813140812,-0.021439010812838104,-0.04253016985215676,-0.03266711193983192,-0.02993255022136644,0.006601722228009817
2016-01-22,-0.004618259359556866,-0.023443262489898635,-0.017529149252029228,-0.012547546718600321,-0.00501671005858756,0.006561386136692749,0.015735083429763614,-0.006742478700324031,-0.017423538996183048,-0.04105499523995174,0.00034997102803885,-0.051554690313438886,0.018153220029108887
2016-01-29,0.0002977707556630106,0.007086674037683255,-0.020210923279252817,-0.021230624892409317,-0.009891217152541555,0.015905457159849118,0.024007709049195233,-0.008923217045167402,0.018224017552867896,-0.04962080824971732,0.021209043251972697,-0.020965894509488527,0.020971874043797717
2016-02-05,0.01747369260517978,-0.006810656603994453,-0.013627484818846392,-0.004070573553474744,-0.004233995340970608,0.024620271886433696,0.02605130394409698,-0.004186886294123913,0.043577066895770025,-0.023918096271989903,0.0259103849511947,-0.0008468425798258874,0.022538556019240805
2016-02-12,0.013231844112214251,0.006085086351703074,-0.008298060647089905,-0.007377594879316639,0.006821300822891353,0.012945410654261639,0.019605181699827067,0.01002414909299785,0.018965859797875503,-0.06588886246732506,0.018077868471738628,-0.0035756431497371947,0.00382872914031274
2016-02-19,0.01015249352911633,-0.01061722445862475,-0.017685459469007958,-0.03612425166743176,0.004339446492163421,0.001668109908658566,0.00792528002713958,-0.0034695369900136948,0.015063175572689248,-0.00027853794870937726,-0.0033631620789565464,0.014543478916666823,0.0013549207053387639
2016-02-26,0.00895652664424176,-0.0058647246578288365,-0.009368007345078562,-0.020535233677195477,0.008795906089293341,0.0023097448021823716,0.0005919063523662227,0.0031414196949337016,0.0004238286406807179,-0.0026554127980913493,0.01715684096933179,0.007426853467641815,-0.010211572532556024
2016-03-04,0.007645494463374589,0.018126313588827034,0.015704973363459954,0.003386719432122501,0.02841165552150613,0.014073720860177249,0.015315308070075808,0.022087224098073573,0.051035822359433984,0.038878664621492455,0.020856389426399967,0.012648018299761268,-0.007914189573455471
2016-03-11,0.00015320087641275252,0.0027800652569856983,0.013895163224569143,-0.002531999306586344,0.029354189404742766,0.006715494333838451,0.02068444544936352,0.007203305098346671,0.08279617896072725,0.08154778966392327,0.030566019668982577,0.018698064907884962,-0.007370359419444262
2016-03-18,0.004271970749773432,0.003959902313056817,0.029280069380806517,0.02376103643199065,0.024632055201420054,0.015610312397331225,0.02840417669017981,0.0160364171825006,0.09740248796866484,0.052467377968013554,0.040276558003577,0.026144820507018475,-0.005384552256689731
2016-03-25,-0.0015249960234466108,-0.02282867046551281,0.024648649113866865,0.03498511783522947,0.023488379327755354,0.0061292166795972915,0.018181324769693998,0.005667307249871681,0.07217346132714501,0.03574003500171688,0.013332431510382233,0.024633354404185605,-0.008245643092740262
2016-04-01,0.00378485929396167,-0.01868148956945217,0.009743134214867801,0.027825085674083795,0.010358110975088142,-0.0008442029523400537,0.004768762814008946,-0.00422774476921583,0.04754334614967082,0.02740023498640127,0.02960038334353015,0.021723381552617403,-0.01782565549476498
2016-04-08,-0.0002563856239835437,-0.003481452265830791,0.011704441225320952,0.025899037862637593,0.004993272402728406,0.009927776377822285,0.006719761265344351,-0.003950158371613241,0.01872468210093442,0.008095502157485713,0.013924168511091307,0.009634005894147354,-0.0062295061529971645
2016-04-15,-0.005304130558700909,-0.010135066682937628,0.0002068595444629142,0.004838975328584865,0.00565934849175789,-0.002388101969415757,0.0011789316020756045,-0.010369862740883702,0.04018618721655243,-0.007577175499760177,0.019539770006473355,-0.004901923169839799,-0.0014511437664925953
2016-04-22,-0.0016893979669919436,-0.0006444491447981475,0.0021554655151863112,-0.00366172516567356,-0.01123846441593435,0.003034198362891546,0.008813873377608031,-0.005036024169682163,0.022905411891823487,0.0010267712552702452,0.016691765889267345,-0.024271188536991846,0.009322933270624983
2016-04-29,-0.007287233411165935,-0.011244820780974546,-0.0023430433869769613,-0.016571866879742853,-0.023916181004857942,-0.006297795947332743,0.010877676371709971,-0.013428785486505238,0.009859493821806939,0.015259514807466557,0.014512221312338203,-0.03615919188895205,-0.0003122584072141159
2016-05-06,-0.005442770059130404,-0.023630827296909792,0.0005277875167486903,-0.029410094647137938,-0.02196930823494854,-0.01131078275761263,0.0045986281448618495,-0.004942602992699919,0.018607762959123957,-0.01088192351346546,0.034333696952570686,-0.029223455566651842,-0.004980712219228028
2016-05-13,-0.007280624294934779,-0.0019966334637496162,-0.0026218058896197707,-0.024594933760795072,-0.009325556084947444,-0.010070777412928347,-0.0018389682865239537,-0.010279191696526725,0.0003611705554615709,-0.026247601695475298,-0.010207337296117173,-0.021641849338152448,-0.01782616231151451
2016-05-20,-0.0034553628003804004,-0.01645469817134,-0.008677909065353059,-0.032874859869347565,0.001038902952458926,-0.022125428186412926,-0.008814120729170366,-0.006609197564496728,0.021824912462582564,-0.040126575783931355,0.010155921236825682,-0.006004838512185938,-0.019534721367663883
2016-05-27,-0.0040005472182953325,-0.015965100056029462,-0.005873140714067058,-0.028740326837387704,0.010801824648408336,-0.011535129543637253,-0.0068942880502553625,0.00044783958703049735,0.005166384202070809,-0.06340848946336937,0.004861721115003395,0.005078309584533963,-0.005007009264136494
2016-06-03,0.004147968571172643,0.008240653599737937,0.0008794199713835198,0.0034174822695727785,0.016900679713665705,-0.00021267312525214115,-0.0008978384358346095,0.006794149056765033,0.013458831701440391,-0.006595438028276316,0.016930802895885857,0.012889483673357245,0.00636608903946285
2016-06-10,0.003806945247514795,0.01151516679617252,0.011025120695595744,0.020426917637167023,0.014927304580847664,0.013895851568186218,0.012677305763947025,0.020628710386717306,0.04551723193972825,0.010614552434279287,0.044070507348819336,0.020253543870471465,0.01831330122955322
2016-06-17,0.0035723418598882454,0.034135409526003704,0.013334543048926192,0.02427297367058067,0.009051158143616088,0.03125919659450255,0.017464459914811287,0.01968017578637201,0.05453807093673897,0.004428182538177415,0.025480040762292606,-0.0034238658838926725,0.0005645274080854495
2016-06-24,-0.0006092923838578747,0.032348570050692686,-0.005482892479075166,0.021410637058664687,0.0001284853293165196,0.030997942873190593,0.018492919378970643,0.01589667965480246,0.08306500027939898,0.006418433206756209,0.019790943302262783,-0.00041705467708078644,-0.002799304077566779
2016-07-01,-0.014519017465756161,0.03466202805581506,-0.004301955485886909,0.02247110536138148,-0.0059414582835777855,0.028427969133847437,0.024340131453340838,0.010888050095838328,0.11973846211610029,0.023713300448049215,0.02165847812491602,0.002321850314446262,-0.010221965264636174
2016-07-08,-0.00953130338309886,0.015499617244284067,-0.0018852018724285552,0.025782272336132332,-0.013212163851477455,0.02484704229487824,0.016957170322206144,0.011029954503381439,0.06966668813513785,0.0007175726122576886,0.01047680382896016,-0.009385966380722114,-0.008156437962147864
2016-07-15,-0.008560260674930348,0.0023459214955960928,0.00540487869729061,0.043797924342230204,0.003573303154574624,0.012474427288075912,0.02242455055429496,0.021729038308066717,0.06900953207801881,0.023309970877736022,0.03420619625811608,0.021088437301277088,0.009338464635886393
2016-07-22,0.0057483366417000244,-0.002200068087029089,0.020806453148841032,0.052580998479394875,0.009719242740254434,0.004804219070950289,0.025189979822962123,0.02411320460528993,0.06350307873583279,0.018877478667008875,0.03756946003321529,0.0321407317768449,0.020570436899583173
2016-07-29,0.018715797397128284,-0.02968950684994251,0.020084028685858984,0.060748726055989306,0.012594169797574337,0.006637175944818018,0.014223465527743572,0.026423120027686726,0.029290960561025196,-0.005787598912230518,0.002312607921939892,0.019221450455774898,0.016625805439018565
2016-08-05,0.014804251298680206,-0.033045557893072994,0.016365194942622483,0.04439321356372885,0.011387664827062726,-0.004044420033845736,0.00716130995742864,0.02950600979070744,0.04261470450317145,0.002679767193481475,0.007557337659116519,0.03620977269602332,0.010288931802285762
2016-08-12,0.01619637583196103,-0.021319886713860856,0.008411710551388429,0.039688670013891786,0.012200942717265061,0.0009268501243682172,0.010828748092362294,0.02181914622992456,0.03357039409790974,0.026339772480710857,-0.008955378888285894,0.0375705866327545,0.014630831209553373
2016-08-19,0.00021221568332698698,-0.03192993296057106,-0.0020060094788700725,0.0007796198641701509,0.012047841995340387,-0.0125104701678591,-0.0011897367085182105,0.00043285069214303237,-0.01740300045318664,0.03152432155591669,-0.03979328775579416,0.00941029685657353,0.0017043451508924837
2016-08-26,-0.004500135985680404,-0.019965126586184267,-0.0008969097873015933,-0.0056896582610828535,0.01705560040681849,-0.01846412591943284,-0.0008732621235725217,-0.0003625927418039179,-0.010438858159601726,0.030569861633874918,-0.012168215787845724,0.018786387293623544,0.017108199419666292
2016-09-02,-0.0005958425497956878,-0.013571889217193862,0.002935553850911307,-0.0015903580686629669,0.01088369793332189,-0.01681488210324546,0.012757349004589452,-0.0055373328021949275,-0.01571875515603505,0.015880475796718883,-0.029846588653095092,-0.016432920058322132,0.0024043266306380245
2016-09-09,-0.004318655515153422,-0.01094804511312061,0.004171157978756541,-0.0053449534776580454,-0.019031691671861257,-0.02113929965377921,-0.004541521932465233,-0.007993227255159139,-0.012660801879801375,-0.019428922579431948,-0.035281655941295016,-0.01609700360891514,-0.002732226692223576
2016-09-16,0.010608666893155417,0.01443115114354821,0.012239192545401024,0.004386618508827322,-0.02585341464179932,-0.008949479772327028,-0.000720432778169345,0.006339461431978624,0.0018145008374181402,-0.057752677296580485,-0.020126139472851128,0.006853569894044476,0.0035756974566517417
2016-09-23,0.003794298232192156,0.011374423947335857,0.008621722671606864,0.007735273972809275,-0.035389020577477816,-0.006035855908483874,0.005557314415011732,0.010538935548159342,-0.015935316134294455,-0.06184241649433032,-0.007397309728149649,0.003022686127966615,-0.002563422715765982
2016-09-30,0.0064983489671898795,0.018491623947634785,0.007130366933793891,0.009952800878935287,-0.03710970614710027,-0.0030910664755499965,-0.003361172600466615,0.009521111152496367,0.0006171670001623979,-0.017128228267824046,0.02641471023745305,0.02254805974818738,0.0027145083908537027
2016-10-07,0.0035445598287562313,0.02430770631706888,0.009989341890286944,-0.013738851777132619,-0.014702002930919562,-0.006405064119587906,-0.004209405658556089,0.0024566617884667144,-0.00012086285709460472,-0.0016358833456473487,0.018519111510723017,0.02452568756984819,0.030352415941481033
2016-10-14,-0.005492153781284347,0.008973164158995368,0.008943626469031619,-0.010549294191675627,-0.004305691946798453,-0.011675620401650306,-0.014422219453098729,-0.0005964626870400662,0.022954759847287697,0.05497981780836579,0.03790800055908266,0.0058242070251876,0.022458957328383926
2016-10-21,-0.004172550055360822,0.008027535766803916,0.0014749753092128401,-0.027237673757391962,0.0028188576037765237,-0.015147532614290216,-0.016573806880190493,-0.00834314771983391,0.020035587293328105,0.0733437359991222,0.02105581837708384,-0.007661826353320675,-0.003935186677458541
2016-10-28,-0.009359653626625039,0.0016060491502454424,0.0007102884735676542,-0.036644965339647124,0.005563887726403851,-0.014877391715371684,-0.011397054577727044,-0.007920972832661561,-0.0012847677077599661,0.04365626149766399,0.02544207699404155,-0.007202794007028083,0.002824690340128805
2016-11-04,-0.004054877515839567,-0.015053132099125652,-0.0002207475019752466,-0.01768244602593972,0.004205946397134541,-0.005135077306728946,-0.0009085622833444964,0.0017693815359075245,-0.031283250418206066,0.022616168894052734,0.011619267090839627,-0.0071389761295716295,-0.006750128800729064
2016-11-11,-0.0074920977000191066,-0.04167679314918507,-0.008540197152231071,-0.015680369780991105,-0.0012726895939634175,-0.009597656135499974,-0.0010151325165517165,-0.00497686595789879,-0.13423211917868183,-0.0823640054232411,-0.03686719217254145,-0.029340321628920706,-0.016449203440561777
2016-11-18,-0.007200155245272343,-0.01870616669283445,-0.006522186567479697,-0.011903287874776623,-0.007466078060395671,-0.004988857534513192,-0.005258917499685148,-0.003232524744541023,-0.07540492991351433,-0.08226709147866315,-0.05485626032159287,-0.022578545227851552,-0.0023459315503222937
2016-11-25,-0.01099386394117815,-0.03370563361426099,-0.013761772358776191,-0.0005446161083584077,-0.0025454264333374856,-0.00522406539416241,-0.011355284462210765,-0.0007283960333034564,-0.08728967638006706,-0.10022115435151342,-0.08314924013143707,-0.011780590155903735,0.0013081299774313415
2016-12-02,-0.005270315323181125,-0.020308602447438217,-0.010214106385864542,-0.00769385725275608,-0.006682537040070667,-0.00980252334308379,-0.016828968424617674,-0.011532585435372607,-0.06982960618159259,-0.08003183283235436,-0.042440107134676004,-0.041661543449232716,-0.03095766832255477
2016-12-09,-0.0066678498753819145,0.025376527899918705,0.006996473114179941,-0.0012072504611927133,-0.009031946283676557,-0.001382814959472269,-0.008953111257445577,0.004060160255659469,0.04168392894159173,0.01850872185335957,0.02902824990483463,-0.008102609909682243,-0.025512757795938194
2016-12-16,-0.004374730488040034,-0.002996598736159331,0.004736424556475653,-0.015618488199905151,-0.006536866615472974,-0.00723996331845907,-0.012168849460443354,-0.002600118423542882,-0.023513894091146795,-0.01508961457438776,0.011037366026633594,0.0038963680713460114,-0.012660226157506156
2016-12-23,0.004111203658794472,0.01235390083466224,0.012728138477255447,-0.030109489103497464,-0.0005494350910452668,-0.006458480211427244,-0.009043059684938085,-0.010602272312425741,0.044806915668164124,0.004414818106169607,0.027501543203196522,0.0014769997675618454,0.001023364138275985
2016-12-30,-0.005904347700457644,0.0047258559578140505,0.00822908432139126,-0.02813604297961257,0.006020864496790061,-0.007101440840333433,-0.002468634205259789,-0.011645988937848501,0.042227808405064675,-0.016067756168282935,0.013636956086755197,0.02479915135567426,0.01618849346896533
2017-01-06,0.019266524695472867,-0.0004399814169679557,-0.0010882349912789116,-0.015761850240292384,0.009004521070883063,0.0005253283873739639,0.0018646198250511722,-0.0015368848658659298,0.027519059450414017,-0.06979996378666448,-0.02349439947737708,0.03627231836044663,0.03135218363788977
2017-01-13,0.015921378370986755,0.000609104502847754,-0.0005213209215225289,0.005688132375475602,0.0032667440118608095,2.7520523582157293e-05,0.008868400772296087,0.007950632842559754,0.020847840862517675,-0.06024667728208208,0.006482476605164991,0.014694589321217123,0.01602513382387343
2017-01-20,0.014616380458466971,-0.010329571284735342,-0.0038166206594167818,0.016483495806964496,-0.004852962856250656,0.0003062738188309008,0.008232547767212831,0.008209704075995927,-0.01847059214047133,-0.07116111267745019,0.004225656119480254,0.008221402189809806,-0.006753923859709772
2017-01-27,0.013941724125823595,-0.0030908730404242152,-0.004081685735665261,0.016810175716302056,-0.006654804475427127,0.0009277638555554996,0.009274249992149772,0.01724718616725429,-0.003642518324503307,-0.015815756613674264,0.010799308104391598,0.011247207991428199,-0.01410226084299747
2017-02-03,0.0017623771976025375,-0.009591761490534605,0.0073609206489454425,0.03545766763509731,-0.0026690887111642685,0.00369551312856073,0.009299591786070597,0.022232019777728883,-0.002526053518454592,0.07760296150762405,0.03817010048917486,0.002245239132282529,-0.013091802645923908
2017-02-10,-0.0011045184238701114,-0.0012416925526012122,0.019571294957532372,0.021677621183348737,-0.0008785127706438969,0.003582712578575114,0.0061676319493549955,0.012033999937851389,0.004017373889586437,0.10269905158586101,0.0354624583969583,0.012155050176656489,-0.006896224559224525
2017-02-17,0.0020458582422919203,0.006176934114174938,0.01571682216439891,0.018905155340112483,0.0010906306634832958,0.00524691119389935,0.010840485625017287,0.017951855696464382,0.010910094370924746,0.11142713263697868,0.02617284407974799,0.0047862841179237055,0.0022975504267126992
2017-02-24,0.004164624851769083,0.004763697092484523,0.022321727266926765,0.041391028093088394,0.00012869391925315605,0.018319001342319993,0.011839087692283756,0.024243451662346767,-0.002702513634765212,0.0998023253572436,0.013948495779696255,0.00038987575079378785,0.006255234179072725
2017-03-03,-0.007974245911507801,-0.0028981459836526515,0.012304419029134433,-0.0065177584629427035,-0.0032904457664218348,0.002028335885120282,0.002932106900107232,-0.008535913669647954,-0.0358175336971701,0.05915029317334004,-0.025912995165173217,-0.006522244437760956,-0.0005351792496041982
2017-03-10,0.0005562990730601051,-0.005893200378456167,0.006850317758415274,0.0010919791846618365,0.00357144069986321,0.004575308080321693,-0.006501890977279651,-0.0030962623132097,-0.03949585068786414,0.05481207666620484,-0.03538305760248036,-0.0072986218385820405,-0.008180231383980403
2017-03-17,-0.004270563439378159,-0.0022675829296653276,0.023699588445163105,0.012986717777704352,0.00390423981834248,0.005320351378683176,-3.4654468456418036e-05,0.003614904834451019,-0.04132128885012557,0.09201386356072902,-0.03872011321377926,0.005804157104060263,0.0009941400759791805
2017-03-24,-0.0036507480104227994,-0.0024951931395627352,0.017511342821823525,-0.001281307608595815,0.00622613876218348,-0.006973224031207231,0.0023268196860593126,-0.0019822630173477428,-0.0422678527382139,0.06759229201645534,-0.03988096919196408,0.008361841428734371,-0.003151046152802468
2017-03-31,0.002499540046012509,0.0022585291554126923,0.02571286389769784,0.021969339901256348,0.010962079190442469,0.006762176167153445,0.016212127155924634,0.01333372289423701,-0.0348383394993702,0.06004643426061325,-0.021699439049652637,0.010416639432890583,-0.005295581627594539
2017-04-07,0.0019021264816017906,0.0037100232611910165,0.03069365590176069,0.006539654981211172,0.020539600058106854,0.008367563030632888,0.018406544566646456,0.005087183492643396,-0.0023468118708286495,0.07003068060295314,0.0008257017157115264,0.02077641597659595,-0.001603259125148684
2017-04-14,0.0026785545692179194,0.0031491975630340376,0.01031496999870506,-0.014769540736920684,0.02443475278243466,0.005698778181763972,0.012104080779046657,0.0004742594140411411,-0.013590004959983812,0.031118201831849573,0.017658139494096007,0.0023765764117056574,-0.026657128269304033
2017-04-21,-0.0010794812861480573,-0.00016001491252234153,0.007550711277706807,-0.019634850876778537,0.015743388266850334,0.004296395603897366,0.0019599217071478527,-0.004143383688670097,-0.01533760987937592,0.018652468209386007,0.014707012063811135,-0.008180167265006578,-0.02034675214029032
2017-04-28,-0.006299611956196617,-0.0028828807608491736,0.0007893532679747622,-0.03463944059395317,0.0033415676265973696,-0.007917591451501865,-0.016678100887201154,-0.005521834963089934,-0.017636400396857127,-0.01487076153231235,-0.016365206497293085,0.0038937394457597644,-0.009895125837805618
2017-05-05,-0.008637315852425729,-0.006766362035956758,-0.0070489655790296115,-0.023999503827390377,-0.004098177022117859,-0.01501993510811889,-0.014457783567944964,0.001460209722523485,-0.03055898986106819,-0.03425490487178807,-0.04530040330585848,0.004221196039919431,0.0017660249064002835
2017-05-12,-0.007441337847179172,-0.005059080084619348,-0.0013216089532194835,0.0015362865305138477,-0.001974845558623121,-0.011310027609291095,-0.016251195029291263,-0.0008083783756652207,-0.02040345513525678,-0.023645399704521404,-0.043584942711407226,0.009291232837222491,0.020708516882168092
2017-05-19,-0.006173010722527489,-0.004667498915635727,-0.011582200422842701,-0.012733603472064635,-0.0015567735680702072,-0.008108465268227262,-0.011027373010611125,-0.004435792600821526,-0.03592782778324945,-0.02324909528047806,-0.04429935271344071,0.017578575214829743,0.02408251482668143
2017-05-26,0.0066310790347845995,-0.0005487898073156985,-0.013244794259353272,-0.0014866829980487968,0.006572089478164214,0.0021596013286986054,0.008597836323702387,-0.006406082086556878,-0.018535891384794397,0.01349286927629633,-0.016340022425449463,0.007929925626853617,0.02008056356654657
2017-06-02,0.013670575065860618,0.0009027964655664935,-0.01155819188953187,-0.003652818833233553,0.00874796802617487,0.004895129227402174,0.008984533245092595,-0.00797395750884309,-0.015074162958065936,-0.005737935501275628,-0.004484540207496437,-0.0014910610449741304,0.01090528033727924
2017-06-09,0.014198566664632426,-0.0008728336050117082,-0.012947835669571783,-0.021754540140688713,6.921443960292064e-05,0.0022031372410203326,0.008299307635146275,-0.010306680957345311,-0.03396908599887142,-0.009918691513515685,0.0006409560298797808,-0.001267751682040838,0.004216086155191164
2017-06-16,0.012187413465126837,0.00152196343115816,-0.0023832816461665336,-0.018304644649301663,-0.0007997081475102927,0.00248598414969567,0.008804977718559003,-0.013249806426522601,-0.018860553635647953,0.009129436581479352,0.006299605264927129,-0.010030264239610467,0.002429455512220973
2017-06-23,0.00048546107845573406,-0.001272510148291337,-0.004658895410077614,-0.019906248408805678,-0.005229918149018706,-0.00425626890110283,0.00043260110280058696,-0.011932663747673267,-0.02702061682087495,-0.006582438921505493,0.010925051074488589,-0.017181793455857013,-0.007993079531865004
2017-06-30,0.0018784919285383395,-0.0062079614328236655,-0.01279214034758009,-0.03649842101742558,-0.01919455837034828,-0.0026569794777460574,-0.0017323879162850545,-0.02008110911107021,-0.0260075436305784,-0.0026225771069847414,0.0051171109135246095,-0.025768764685971078,-0.009169202750071017
2017-07-07,-0.001061292327191504,-0.009615710785396069,-0.008432648064675433,-0.03836052211305761,-0.019501263986142,-0.0034587530572142986,-0.006365236463491106,-0.02400896042144854,-0.001148806334205471,0.0030625494782708686,-0.01041154185716477,-0.023540409239647727,0.0004170936993890843
2017-07-14,0.005767702507553395,-0.0026751969751867355,-0.002815285247169002,-0.013110135879232578,-0.010843203908025657,-0.002288929263626096,-0.003612092113972543,-0.012536792372200133,0.02970066197544626,0.014190098758131833,-0.0013283422407694735,-0.014127003637878152,-0.000147595304881411
2017-07-21,0.005556388304713948,-0.0033011580895603884,-0.007194924992598093,-0.009969869937099867,-0.009814203370934341,-0.001565577241102286,0.0006783033116207057,-0.02102336337108582,0.03634448557591446,0.012451396052479408,0.002320748817965454,-0.021095879034584982,0.011127092534337739
2017-07-28,0.0013673526708699302,0.00041750108344790486,0.0008499055531834354,0.0021104056881674025,0.0009702611715390348,0.0016092883717659478,0.005137958870373667,-0.009318432966567083,0.009565556771624985,0.008021525032941741,0.015246486991039544,-0.009153669923091174,0.013832203783726307
2017-08-04,0.004533356386216538,0.004762191956408997,0.0031204419103651954,0.0028490736647968137,0.007911020780332172,0.000501881182133135,0.011686578202393867,-0.0031979593512041654,-0.0019850856947936685,-0.016600322500498796,0.02246293278935746,-0.0014983230944788017,0.00858488761897365
2017-08-11,0.009247017862356082,-0.005535327894342501,-0.008707522487264918,-0.03099922632242482,-0.008507123357924752,-0.0041956653749147844,0.00447863994552156,-0.014438127158840578,-0.023488669541950568,-0.045058314973914826,0.018214168884543084,-0.014323993729879685,0.006682838006979023
2017-08-18,0.012139167545508017,-0.0026601839678471527,-0.0021279520663528397,-0.025882353641196586,-0.007994035017351624,-0.00017518795928494254,0.001506852277448326,-0.0036082764364579354,-0.01809772408103905,-0.040482276527602286,0.013405893228424346,-0.0029412108583254594,0.00604124634307162
2017-08-25,0.013230086612797986,0.0005779318994779483,-0.0031996642760826776,-0.0055555915247395265,-0.0038483062849044413,0.0013648274242265591,-0.0018027998223086967,-0.0021617544396188154,0.007470025865336212,-0.009264521345656147,0.022448541355226406,-0.000973438140400735,-0.0019866771573094945
2017-09-01,0.023748102855559314,-0.0018420222896693172,-0.00761175853155761,-0.0004115292551070107,-0.008870883258199734,0.00028296910772948125,-0.002406520943425906,-0.005550014505199995,0.006143455592868764,0.018335677300017096,0.04104315246955854,-0.010585484005622595,-0.0057835073532103
2017-09-08,0.0180220844030182,0.011865843723328254,-0.0031596363829966712,-0.0036737058684538706,0.008361939828670378,0.005232107631023329,-0.0063395733456254625,-0.004052170772178952,0.013950951386628663,0.0075982558957755734,0.03180365434762723,-0.008653538689449073,-0.015767602005714455
2017-09-15,0.014156724025580486,0.005400284008256042,-0.008570108906248741,-0.005916914526541646,0.003633467096318706,0.0023286251165588355,-0.005414979197739495,-0.004879940450215324,0.0034337407995762483,0.005152653012441246,0.018723885128921813,-0.021090300978781628,-0.03147400504350806
2017-09-22,0.009864381568036788,0.0005504494850537183,-0.021166077948754126,-0.015509754781309084,0.009340350714081116,0.0025612005892048724,0.0008271133435927786,-0.010643917205616497,-0.005540078104095124,-0.015369999177046074,0.008006255774644554,-0.01476674121871885,-0.022246307308083472
2017-09-29,-0.00840149414118665,-0.006996205265198195,-0.027432418526838517,-0.01781294777332175,0.008204130027060486,0.0015052112617295116,-0.006345731146503538,-0.012189752064042627,-0.02569131752722876,-0.05351638901859304,-0.03957170211471755,-0.021933823538218426,-0.02347801770977788
2017-10-06,-0.006784422600227921,-0.021696364807305597,-0.023770177566581428,0.009366015249114382,-0.001497870869626025,-0.001989609555813878,-0.0015575507688523659,-0.005261376382656496,-0.026953931713783217,-0.06143299558265443,-0.02242330476523531,-0.012096561957608979,-0.014989553490984409
2017-10-13,0.004468898099942357,-0.009573364710416117,-0.008857185509771038,0.016444657619522757,0.0066732565305955074,0.005462270126555398,0.004075610529615364,0.0019511470603892443,-0.020125403853872334,-0.07168407954619159,-0.005180944597970409,0.008233367545730903,0.008463317310038982
2017-10-20,0.002145087703937585,-0.0105091980044017,-0.002120208210551606,0.011910691399864287,-0.011483185964849093,-0.0008294876920005947,-9.961869759928877e-05,0.001607664430797667,-0.03441012923962331,-0.07693063343903257,-0.01621954730841076,0.005779923184719682,0.010348214515314057
2017-10-27,0.009240971291763647,-0.002086568187257499,0.007772927675372569,0.027402834713996797,-0.009480235037784312,0.005943614851935373,0.005809071644541825,0.010956632543908126,-0.014673441160112918,-0.04352634798785741,0.00792979640512244,0.006519862726805889,0.0037712659613852624
2017-11-03,0.007589922902276443,0.007790788348701377,0.014302827828411722,0.03045208098346876,0.004967899797296544,0.009154808725770285,0.008709814320107688,0.00929150007445205,-0.01639502064198303,-0.023483987610681607,0.0016467889220620462,0.00875559985586582,0.01063554284429354
2017-11-10,-0.007070517959641529,-0.0006660204123380988,-0.007425005375125929,0.013685140164130605,0.005189696770369573,0.0015468105412412858,-0.00023041174374620918,0.0011850132305338053,0.0008099236481278888,-0.0004490871375366669,0.0007845626833245392,-0.005306241120296221,-0.007749833112727211
2017-11-17,-0.0020284450176331296,0.003111438984579628,0.0011812783770131985,0.03466587270830247,0.017369428543411065,0.003771991186528184,0.008171163307833637,0.007430175398784203,0.012467976175572597,0.008104418853381987,0.011513704996272143,-0.015165190631780373,-0.013062441515403271
2017-11-24,-0.0005262872941591409,0.0022110724208717616,0.002722907414135599,0.026569908665820197,0.020795556578758534,0.0020309863568872925,0.008369667137421738,0.0013764024619162358,0.021741166437774823,0.028918870095987342,-0.004650130817043421,0.00014967619627290207,-0.0030008600238496767
2017-12-01,-0.005131312344784513,-0.00523550515289758,-0.004201474565771532,0.017960237013276332,0.019378354525274998,-0.0004666403075761355,0.006592543986687537,0.0019891680421422436,0.015521123679685653,0.0107638557005958,-0.03450647832387362,-0.005066886642613563,-0.017401547985360553
2017-12-08,0.003045091003525559,0.0011590036849034135,0.008828904052269462,0.022402734470359443,0.016549970815156422,0.0023372893028192196,0.010079468911851764,0.005167381970871652,-0.005315571305973362,-0.006145513880611332,-0.046971108148468894,0.003530516362069811,-0.0070333498747718725
2017-12-15,0.0055487966395369615,-4.8655293155163e-05,0.010560533057448099,0.009529192890789908,0.012120218524269902,0.008403698931998022,0.008366870767139833,0.004875263591311114,0.0013400971551410894,-0.014781561162082334,-0.021810089769117816,0.006010593838514305,-0.005480949141764715
2017-12-22,0.00399347807389889,0.00295872430595464,0.005154980042162494,0.009946914044961605,0.016470587344451573,0.00483502852444762,-0.0021747192266523474,0.005689409113020476,-0.016169491329922743,-0.061655470841011764,0.017193380832557004,0.0031633831635517803,-0.0006442426180927278
2017-12-29,0.009905875621262182,0.002232831045919626,0.007930408023363365,0.008392347815741885,0.009390735210413548,0.0025931935534057645,-0.003505373436263648,0.011058186032484233,-0.01807361295144193,-0.04499600385154396,0.04751152123923954,0.006568429425549461,0.012298339198482952
2018-01-05,0.012657984028454555,0.008189882526929523,0.012257115842919714,0.013174373811844957,0.013495965017180547,0.005264160083614816,0.0051756051242118,0.013452211563424184,0.004915530806182747,-0.021586188642930125,0.07115525259320571,-0.0019097368993184517,0.012214453903136498
2018-01-12,0.007906502044906727,0.0133163179264053,0.0009968463512794899,0.0014671851374140838,-0.003195784178252316,-0.005747932522184958,0.007299735850208055,0.0025267033629241178,0.0006691848050065759,-0.0019817972643000007,0.04444675924055795,-0.00882122932073931,0.006604112946107819
2018-01-19,0.015397553841868111,0.011539083781129554,-0.0038212382182025418,-0.010275519147172304,-0.018155151120748177,-0.001389653142874365,0.018452044142439044,0.012309484475426244,0.00944741252699898,0.04328736987795134,0.012335475105476203,-0.015378823027010182,0.001025035701865914
2018-01-26,0.01831065911011972,0.009975164976917816,-0.003707403850574484,-0.01591967599979368,-0.024766898459526124,0.0020707349017221907,0.030022510523021996,0.014687967989440193,0.012182806964602132,0.04397645162295892,0.010967901564450103,-0.015787205145054807,-0.008479056220461332
2018-02-02,0.0180114211721354,-0.012681035998550373,-0.018298804304784234,-0.03500070370312498,-0.03813916954813986,-0.009623749381640465,0.017044999229151744,0.003187687365113992,-0.021977366458620296,0.0256313854529132,-0.008851756698523531,-0.017342169617914814,-0.008241067146277953
2018-02-09,0.02414610955625466,-0.02252206636310583,-0.012227852761975506,-0.018432187485604337,-0.021243552324862636,-0.001750142107097354,0.007198534147978201,0.013853037257458688,-0.015805147180446545,0.008600582960514398,-0.004598289838798215,-0.0037980816688907753,-0.004076036002604216
2018-02-16,0.014222888581203092,-0.01751089596978522,-0.00927889052449958,0.0022221090223704266,-0.02805994188795793,0.0012561945428272193,0.013003098383695108,0.010016157689703525,-0.014472380365551384,0.002324713437259365,0.013862165415278618,-0.0027266029815673125,-0.007976869245908076
2018-02-23,0.00466726458334631,-0.021514865874993024,-0.01988047977069956,-9.382432016077392e-05,-0.012051082306479397,-0.0044911124797880585,-0.0014690362800670346,-0.0006566964232937698,-0.011472271187763207,0.004391513415760673,0.017661437460637475,-0.011392690878250313,-0.008423543887004378
2018-03-02,-0.0012117759652676785,-0.0130772947397519,-0.016647541791322454,0.011647379107031227,-0.003447611079561051,0.0031543236384139637,-0.000473971759727722,0.0032594449470182895,-0.00036196902267972633,-0.00589146296744813,0.0070340626573161084,-0.011767491442807077,-0.013142947630849158
2018-03-09,-0.0034842905933447368,-0.0015144180864055468,-0.014270426628720467,0.016915360300212685,-0.008042232379510126,0.007123322385239448,0.002686669448634632,0.0026070745770889257,0.0007370032648143605,0.02184511134353659,-0.006747462878832377,-0.014378533427829647,-0.0029665643552208385
2018-03-16,-0.0030298752664793126,-0.005001875378694463,-0.011485259649345159,-0.0014434326567093602,0.006623479182212611,-0.00030568275646302443,0.0013131633970294605,0.0014932800473986966,-0.015281808820452204,-0.002529485098321063,-0.01958098808269321,-0.02230827410317974,0.0021307392225015645
2018-03-23,0.000701880636721623,0.0015350532503236548,-0.002358851106476701,-0.005857088123600073,-0.011472581946235556,0.0023302643516994424,-0.00027524254405126257,0.0013572380941154604,-0.027260615541315227,-0.002667884362426462,-0.027038663157452087,-0.019191560422684793,0.0016581367879250145
2018-03-30,0.010743949043465168,0.01289022267209029,0.0021821617071429303,0.020978052780538478,-0.0032652146541644004,0.008618801483850712,0.0035668320708867355,0.005991253852774451,-0.014938426834979862,0.03916157003938338,-0.007380245869611788,-0.0033184302390195097,0.008502769752087533
2018-04-06,0.000860405916236583,0.004293841027794532,0.002985483582226825,-0.00345944007853693,0.0009294818720706781,-0.0011553501392382063,0.0011153416553855407,-0.002094500489987083,-0.029619620328235764,0.018631889437615703,-0.003448036284936412,-0.007449286683546274,-0.002548926342597681
2018-04-13,0.0064450016921304,0.004447486825274958,-0.0029163898485034313,-0.0039009999150073655,0.001245323592623116,0.0018165292463624546,-0.00549038987722481,-0.010436304910288238,-0.03353630304119623,0.03642135665413922,0.015299109517498565,0.013175896071411498,-0.0006133789401360388
2018-04-20,0.005681938744806814,-0.005008570541468263,-0.01760449453449139,0.005859363984415406,0.005872968935642121,0.0022294664695985816,-0.006718990765577974,-0.011730817746284936,-0.018712756843898108,0.008292204671061454,0.009407298947489448,0.017083714565050756,0.009295784628470008
2018-04-27,-0.005368482769980163,0.00413943009497026,-0.0196663365136587,-0.009319312257987983,0.009538137785284374,-0.0038639148007584157,-0.009352434474498572,-0.014312800419535636,-0.034231306106814754,-0.02032504318671721,-0.007292797852823242,-0.0006123457556160301,-0.001683414702208695
2018-05-04,-0.0020527195491097366,0.0016616070352954296,-0.024096105796360005,-0.010083048329970541,-0.0003761538573680452,-0.0029004675551991205,-0.01206231093257347,-0.01118783496323391,-0.02733215074313078,-0.03814044969981073,-0.01935776086030439,-0.006083418267449607,-0.005686694843277967
2018-05-11,-0.0034445503840958448,0.0029247828015162426,-0.024975091990145692,-0.0031389371533787243,-0.01672069071374276,-0.006473334544812094,-0.01908603419485455,-0.010371469146557602,-0.008394164779398342,-0.061428295698599214,-0.03632686976654743,-0.017037610422806843,-0.012468216670245717
2018-05-18,-0.004163841301553112,0.0054983404647220915,-0.01618734611328952,-0.010053872634416339,-0.010582888828147428,-0.0036953242232912664,-0.014758835440926824,-0.008051265833924874,-0.008911180052369324,-0.05513713654546278,-0.048496540815967604,-0.021168676568065273,-0.018928247015293578
2018-05-25,-0.0041534269124550525,-0.00023699017574424497,-0.008500734800039284,-0.010414782832504868,-0.021400502304640998,0.0012094541171843763,0.0010424726680181642,-0.0051103876261362376,0.040015042058786796,-0.03062822634243546,-0.02060116439941792,-0.012668549124523077,-0.02067130287585517
2018-06-01,-0.007398999762706122,0.02155165985412395,0.004738144646073814,0.002007324037670593,-0.013074481111263274,0.006057449361145699,0.0020265632981969406,0.0007668816230124113,0.028987808650611714,-0.024264504242746926,-0.018714057773673486,-0.004637117418801016,-0.014778059582612968
2018-06-08,-0.013375036152973897,0.008036983610477819,0.0016916855964185691,-0.0056704774689258376,-0.003281556106959335,0.0068811319620664235,0.003205128318485598,0.00027797097166353674,0.05239090685192354,-0.05799334137347144,-0.025382311360776257,0.006071480741220669,-0.009134358398299054
2018-06-15,-0.011547651269991598,0.01482501974590291,0.0005782161502383082,-0.01745649927120577,-0.014270146234132192,0.0023798981011561894,-0.005538525771168588,-0.0015657491945219966,0.055283980143883485,-0.03356022244976945,-0.011886147341368218,0.011518314896527066,-0.001983830973589484
2018-06-22,-0.02390562597479399,0.0019930475140285805,0.003475386919678012,-0.03600194838311026,-0.009088404050005204,-0.012254093361338262,-0.033335375535305925,-0.013568885632284922,0.014368727059125001,-0.024281204502902155,-0.0278957729222616,0.003139255310984069,0.0017103163537917814
2018-06-29,-0.035990331923972455,-0.022744965071550532,-0.016371609244175023,-0.038380203257011775,-0.013540058996989185,-0.01742426939770341,-0.033586243825498234,-0.0176768025443272,0.011368168510583497,0.017032379242527863,-0.026775027080703596,-0.0037176257132376105,-0.007480085489840367
2018-07-06,-0.04007389227799645,-0.019473125815884444,-0.011339638560752423,-0.03929233967532237,-0.008200539310935645,-0.015769689128774453,-0.03346521546570225,-0.017742060171549247,-0.033040637868974446,0.09055911184744496,-0.020091369647075606,-0.00851114171211718,0.011544012159543461
2018-07-13,-0.04314739617666857,-0.017366022892659393,0.0018055212993086612,-0.023636402432558986,0.0021225346216813368,-0.01443889745843497,-0.0234012700263333,-0.015156176399233343,-0.007632810980181096,0.10360078023428192,0.001323450113785013,0.001002361662177433,0.01210123677794133
2018-07-20,-0.03978076853432596,-0.02052203846160075,-0.00958124488047381,-0.009737528897386095,0.004505456089125715,-0.004861890319102939,-0.01357313355087659,-0.006042806266259986,0.007723787236713507,0.061988930497011395,-0.01261081338250769,0.007379516474193316,0.005379016975482797
2018-07-27,-0.025071889606340138,-0.0007083975934596733,0.0007182466095213094,0.0002228180242732289,0.009308864832905717,0.0019268127070857614,-0.00951026161596806,-0.00362175362203116,0.04364735066289818,0.06057538218109497,0.016327373232471402,0.0208969772186397,0.019305421613262264
2018-08-03,-0.017961556113302104,0.0017776892577395344,0.008595310878530132,0.002348909907351617,0.013894020694227873,0.0027845427154366657,0.003943233514146479,0.0003524536940822081,0.06406001073727143,0.04043276823419163,0.02389689996766287,0.025593775497416305,0.008133454685043348
2018-08-10,-0.010978700644982506,0.0035357332433562684,0.0023203260964384503,0.011511899965170581,0.01214895943021967,0.008469144817898313,0.009749609096990686,0.002954386138169572,0.030321241314897364,0.014983327459288034,-0.0007020358496573533,0.01632899226499605,0.008122481805273305
2018-08-17,-0.0007716620466384357,0.0030053945986027748,-0.008957503480492013,0.012712054028843307,0.005578921854329047,0.004242736975970546,0.012187011471029323,0.0014309128388259452,-0.024248518721199805,0.019396254068264965,-0.007716123850977332,0.00655097512149865,0.008539272849936726
2018-08-24,0.005600022431875199,-0.007115046925474385,-0.00980881059277816,0.004356205748684971,0.003957926248336964,0.00026046290397615125,0.02451441905209971,6.845870224836989e-05,-0.06984298900166444,-0.005812677026200015,-0.022131877590418937,0.013721586052595238,0.007305371257954187
2018-08-31,0.00021896024041432108,-0.014845317092190488,-0.024389143984422986,0.0048183686295101905,-0.004897011680055949,-0.004829533429225402,0.013360823655767375,-0.002251665114443066,-0.07205174190202578,-0.02533706143403487,-0.043839264642568015,0.004713245139133052,-0.009345173538910734
2018-09-07,-0.004051989749519016,-0.01874830492484587,-0.03887887154988793,-0.002560464957585479,-0.011873017267278472,-0.01288526725989243,0.009244782951904064,-0.004475048343454742,-0.045934909435476914,-0.02112418358361408,-0.035680317927099664,-0.005680842299246385,-0.009180152984286987
2018-09-14,-0.007603907006098718,-0.005127813925439982,-0.02182179777605208,-0.006425770266216856,-0.014573441342807246,-0.008353447722515494,0.00940607770204419,-0.004585544285079732,-0.03777945529993412,0.0031569372100497435,-0.028085351578422204,0.006326974304817372,0.0011904261455402353
2018-09-21,-0.00968752444187898,-0.012354497173175927,-0.028467839836225597,-0.009996638821311516,-0.01899722837562306,-0.0049902736534671345,-0.001908079573888251,-0.0016698203666903723,0.010953012558604605,-0.004698865305107039,-0.012301917511551071,-0.010155861787585471,0.0010565165918180373
2018-09-28,-0.004678380512547236,0.0007583157330054539,-0.01823186982310098,0.001956879706641627,-0.012445274478484748,0.0026451335756494773,0.010926821538276604,0.00753035827292047,0.04313901030385631,0.02566456493367049,0.014860881318220057,-0.0039690209180644025,0.006917612048014537
2018-10-05,-0.00581599371215594,-0.012610113586408244,-0.01995524382583952,-0.011606063571550177,-0.009032276030286729,-0.002148528899701633,-0.0022309491378394563,-0.0027385110875423786,0.03729487859461976,0.02458337035070214,-0.008816486793286019,-0.003360788625227564,-0.0038241104752757705
2018-10-12,-0.00550238490953172,-0.020571512003936924,-0.014473869999251007,-0.016384605001892483,-0.0034368563579093886,-0.00165981264203851,-0.005076396684793775,-0.0016161464542077746,0.07818270142170773,0.002550092198494838,-0.014841847529451599,-0.0010698402853464885,-0.00046910514674996465
2018-10-19,-0.005437823141890122,-0.011254004904027212,-0.0032112804697157164,-0.012117031591361594,0.0057558275923764776,-0.0006927884445503858,0.0018120635187472709,-0.003033427994699314,0.0656763629813108,-0.0036602956787157104,-0.02405585787073375,0.0013193783588526407,-0.005077827430916759
2018-10-26,-0.0051938588156120735,-0.007609420513224101,0.0034510559718896336,-0.030384072520882186,0.006757714409139583,-0.003410587401587663,-0.02087024649220293,-0.014493623999460588,0.040747409396926094,-0.030153154251879824,-0.03814936519310131,-0.007692602596776651,-0.008315963664776186
2018-11-02,0.006682999534482538,0.02821441409603159,0.028418819921539336,0.014119149088024696,0.018408721381488125,0.01233200869066806,0.0014503490621793503,0.013660834634845447,0.022647296330577948,-0.044659663720399354,-0.015231871174283512,0.0001207652426270608,0.010661349780643325
2018-11-09,0.005285507422940849,0.04029293414188108,0.02738628161772423,0.01059953971897455,0.021545433820873067,0.010346078343771804,-0.0011258236961835671,0.007388770830402805,0.0034432257794808543,-0.05004935640304865,0.012837051459004545,0.008828636845427094,0.011483630864300232
2018-11-16,0.007890049924266482,0.050651047908479664,0.029174553208217695,0.008661064783873029,0.025803584301788602,0.009040408601331094,-0.004267204396004606,0.004975209339660752,0.006136407789076525,-0.03042461985193878,0.01970236770613249,0.004526939442107867,0.010409405213809935
2018-11-23,0.00769502437878365,0.051588583680654096,0.04369322420825025,0.01784006684546375,0.023756066380690416,0.009652664730381061,0.005830443241774837,0.0024767826777872103,-0.013212264511102837,-0.023130206853771193,0.020524281550466424,0.009962176296515059,0.013076410347026642
2018-11-30,-0.0025908024535171484,0.04496889636554115,0.04986821185389158,0.0034663299003753235,0.012344704392617973,0.006289493794634126,0.0024461236850964255,-0.009259147474420967,-0.01556464980554354,0.009064011297510952,0.015174789980926088,0.01130006003031045,-0.0013513420674390697
2018-12-07,0.011092399091596277,0.021897624005294766,0.022493239824094367,0.008309491430597345,0.007446884800355253,0.005656456906199137,0.0031804934396682935,-0.005102376868450727,0.00523736919775112,0.024678734110201585,0.0044014595616655786,0.0014104917473718114,-0.006112957549745803
2018-12-14,0.010004071882170501,0.004484409404775587,0.004777293680556542,0.0012202916829973359,-0.010099677713973874,0.0027946286913470403,0.005707399752027677,0.0008520086040449907,-0.022066946730851637,0.01348800881862237,-0.008638945113579401,0.005509497379234452,-0.0014069682563363222
2018-12-21,0.007633133645969242,-0.0012752069808718647,0.008360855988491055,0.011188571240361583,-0.007380796090413238,0.0031925180544062097,0.01327407228850203,0.009547893727193547,0.00027925184086869184,0.03382155750931898,0.0016642565953634376,0.00731047904244328,0.011892220118619005
2018-12-28,0.010494275098283982,-0.007793592181846772,-0.0064380421939554035,0.007594186349463581,0.003967759996344232,0.0026136838761353495,0.005155587137354509,0.010331816759612648,0.007689323564347908,0.032485062622271146,0.000655152500816646,0.0009051680045819386,0.014325149427389203
2019-01-04,0.004166354195368476,0.025111619251037588,0.019966650953118413,0.008968339410548583,0.009780548661123073,0.006397430444112491,0.022253552543881,0.004196720485347591,0.03600019968725172,0.034027291020520205,0.011778338199134413,0.005154204235147402,0.011276170401488091
2019-01-11,0.017113332206051986,0.037966262611964036,0.02227024134979188,0.011108768695747602,0.029117528683025848,0.009919604442575378,0.014573977274244917,0.00118490570412095,0.05265703323378728,0.051411827303102106,0.026329488496467043,0.00118918963504958,0.004453472729173798
2019-01-18,0.017193600268243465,0.03113428420069939,-0.0057438479599611824,-4.684330680346195e-05,0.01861543686207083,0.008697640816277389,0.021429919958486702,-0.0021848068608114365,0.03452993577537971,0.03812750969557226,0.025253817320083527,-0.0007190702497875305,0.005378563661290588
2019-01-25,0.01783201286126026,0.034199618890605334,-0.0014827996143691046,-0.004202315680526665,0.014822585619682353,0.006014432321693098,0.02511445330126416,-0.002066358355461831,0.028589696775749462,0.02724595229349881,0.033555360988924796,0.0008613566238780774,0.002620714281711141
2019-02-01,0.015255441733139367,0.015538744158266976,-0.009343885535819151,-0.005171948874355478,0.015003443248262263,0.00574173404656278,0.01713494773651422,0.005521830009311987,0.013870695208913993,0.005072606763586722,0.04735520654575946,0.004570767017652027,0.007391038042757116
2019-02-08,0.000526285579443691,0.01052635607654052,0.00104522011689833,-0.00017004555513192238,0.0077374243401068426,0.004909815023904437,0.016501514659041278,0.006293805961376376,0.0029088717724671427,0.0023082140288113746,0.02782469693338626,0.00848851876310802,0.009265206107547533
2019-02-15,0.0046959615588820945,0.010099690709815966,0.006971897597707167,2.8862816328494544e-05,0.010257951687598015,0.0035447642544539255,0.012640303403349972,0.009355780758815437,0.007287650422618551,-0.01630943333963876,0.02349688377282136,0.0021500253778169902,-0.0027977176081199306
2019-02-22,0.008199939630464635,0.004946755718590571,0.014239855777835878,-0.002271582605210447,0.015408769217286351,0.007118591706818358,0.0037451085238974727,0.009031268954378523,0.007746758711978994,-0.009157713591591682,0.0359654326833497,0.010934383890976954,0.0035643806575054583
2019-03-01,0.011127247996628956,-0.0111054099255838,0.017376820779010718,-0.002218206056317366,0.013944584040942535,0.002520047485330738,-0.016321459589945075,0.006653437869604279,-0.03075406097798951,-0.004317765265726092,0.0009082123366370379,0.014821527867327088,0.01194795381969991
2019-03-08,0.012660494739351609,-0.023017634715274585,0.027909377715915985,-0.0068251100298020876,0.0012914961935849255,0.0009364872987701451,-0.011725427997513097,0.004488389811919158,-0.025357437037162308,-0.020381590333583645,-0.00707960323734112,0.016143252414096292,0.014041122753630737
2019-03-15,0.009733876102110788,-0.011222451625109453,0.04374406241526427,-0.009414121536144729,-0.000889084647820516,0.0023802626120643933,-0.020849359918819216,0.0028065761970553793,-0.010911669944408346,0.00049259994183501,-0.008580230553906859,0.020701870024812666,0.015465682510745708
2019-03-22,3.980240359443676e-05,-0.019328977189856468,0.03208992900081943,-0.012631519278867031,-0.010700137933685188,0.00019141626939252762,-0.018390860816507038,7.914568489275479e-05,-0.017032104955780697,-0.0043837910530820055,-0.03285861992497307,0.018548330676014316,0.0013962875240179674
2019-03-29,0.0012840839482097205,-0.0036012561553257823,0.035127330715125055,-0.004640735006028553,-0.013807608404211335,0.004018728574876996,-0.0025294326349468085,0.006869750920597564,0.00921347293058931,-0.0007311933807621716,-0.021108981937107727,0.013285391964200517,-0.022265171169561525
2019-04-05,0.002226465560483034,0.012096546264451788,0.023956871536027366,-0.00025793212462911757,0.006620412499923756,0.0034285830090726214,-0.00865207211988677,0.00879535779975738,0.016178545020389862,0.02008542598767199,0.015592075588239397,0.014217298960035022,-0.020208170473135348
2019-04-12,0.0035557667691435623,0.008982945668145111,0.0029856964953089956,0.0047658731379381005,0.019984775419278917,0.0013892859562691525,-0.003764096827234982,0.005785267913142258,0.015331075956937008,0.02134007380320651,0.004738123782479439,0.015124466775824455,-0.02071737180151215
2019-04-19,0.010262660071856819,0.015656508229932673,-0.0006452927284814154,0.007153891092875061,0.019041843109247458,0.0006331750049118018,0.0008084704727672498,0.006590087937595775,0.013605877485132353,0.023772284217584837,0.03233039150659335,0.01023256604394968,-0.004139624047883459
2019-04-26,0.004211733781909456,0.0072346066435373495,-0.010048805364676503,-0.012828393282782733,0.012305083935617675,-0.001653268031986637,-0.0031387256253476437,0.0031271417540361273,0.011227111019897637,0.02804854830763246,0.014775309207223454,0.004282543623578498,0.004034312433322697
2019-05-03,0.002797629058249625,-0.009176972394700156,-0.004265729340986898,-0.02317623784701906,0.003110984520377622,-0.004325212650923265,-0.0013854543887643577,-8.313567737003812e-05,0.0159734329871982,-0.0005196789840334979,-0.008977997856471269,0.0010629412167178281,-0.005532052078582185
2019-05-10,-0.016039699759458678,-0.017382451796371892,-0.008002701813900106,-0.03789366980911969,-0.013367994879840818,-0.00562251536454407,0.0037622522932194173,-0.002592032053791573,0.007505085805204261,-0.017758428154823633,-0.004702452379174184,-0.0006836160271854112,-0.0040883995985038606
2019-05-17,-0.02882893988626869,-0.023710405055506503,-0.0016959489435490684,-0.041837575004107765,-0.019357101273120014,-0.012989147405721537,-0.001706723005499849,-0.013664437125740725,-0.008375861408949262,-0.013170872185272275,-0.03269190247389642,0.002793247229486692,-0.015034375211574936
2019-05-24,-0.021372766196476378,-0.009717309357773225,0.008851817500221392,-0.024468305655938816,-0.004578713695359461,-0.013065257172197885,-0.0025834003734869666,-0.019498865466514803,-0.013740108861424509,-0.015812520129543733,-0.009578801506470624,0.0008545536121873465,-0.011691722933071205
2019-05-31,-0.02242229896724489,0.004257463204367302,-0.007040925302567182,-0.014507652105429026,-0.009277753533984282,-0.008052375478244386,0.004336885292028378,-0.018850777951474974,0.008593714895463723,-0.02937984262937649,-0.01876174989844409,0.004900256544441596,-0.0035705161152300626
2019-06-07,-0.008783178112528203,0.018009495624063645,0.006591323208871715,0.0012253723070499577,0.0012786146125891495,-0.001407396688363963,-0.0001391131594112808,-0.009055017212446628,0.01584512042376134,-0.031033725678475614,-0.0008208617407150336,0.011373329252090279,0.008062841521145928
2019-06-14,0.005312214511939362,0.015271087146902878,0.00032438473840669217,0.008109747263773975,0.008050393818348909,0.004981848008898313,0.013505468212468442,-0.00029475688395345315,0.02780060708004396,-0.018801880611171565,0.006081890317860935,0.01213130098899939,0.014095859692587445
2019-06-21,0.005438516599201974,0.01252380630459158,-0.0004205858099693184,0.02312197183780836,0.00654649820941709,0.007466104389037403,0.022397641375157328,0.020023019323139254,0.02732294300721163,-0.02041349931562627,0.0072283555250363075,0.004596699039867071,-0.00446950987999124
2019-06-28,0.004960020584921991,0.006569596360643833,0.013354192405368684,0.025086092373255063,0.013155868016913642,0.007720055936659181,0.01698607016046407,0.018571256782416133,-0.003003791034112099,-0.007485966353285587,0.030100694865506032,0.008492703518991533,0.005311242944130256
2019-07-05,0.013304832397879702,0.0027016325516279393,0.018316182450472687,0.014901227217824753,0.011869150262438009,0.0035118860305405884,0.017901928460745415,0.011174668166344923,-0.01014423690606494,0.011520124120921044,0.018707158237065407,-0.00467261328517739,-0.013054800273304084
2019-07-12,0.007663641934190944,0.007604890643794146,0.022514686865864556,0.005553736870617668,0.012616152576277012,0.0020732212807579933,0.0010454457706098545,0.012487195137402936,0.011016788122322034,-0.009055950969160455,0.022668263691691285,-0.014714228981908342,-0.021483118852201902
2019-07-19,0.005899454364502569,0.009098466249409949,0.015356913201953724,-0.0052745923903322,0.008273272036736036,0.004498934285067769,0.0018753767395296786,0.0013334012148648127,0.02148632248824062,0.0019468113524154142,-0.030300139083638496,0.000508462046102446,0.0034563584340096647
2019-07-26,0.009048350441849845,0.009623007137767753,0.012638377847218833,-0.012046661194838635,0.003896729201113574,-0.00348268956687431,0.00045693599521270424,0.0035603622827207067,0.009452243812781815,0.016712412745200418,-0.055632275228354164,-0.013783838877932438,-0.010594584789268023
2019-08-02,-0.005694922612375341,-0.0016555311282276126,-0.01045054108726137,-0.019270493519694572,-0.009224111686675083,-0.007294513120737008,-0.0014110244630758636,-0.005647110748505879,-0.0029901471876091854,-0.0003702246790665449,-0.07235725019547105,-0.013930413260489244,-0.008699018140038674
2019-08-09,-0.02366735177868573,-0.004007777473671654,-0.027214276637470957,-0.026421255200893896,-0.020936636528556575,-0.013829755124121667,0.003992119535575398,-0.005202080040601426,-0.023049751930720303,-0.0025824946443401826,-0.0834582815680403,-0.007972167569520664,0.007942061815810692
2019-08-16,-0.014717961454270017,-0.0010109026422655439,-0.017959735432058782,-0.01683535779321514,-0.030820564037374806,-0.014956665663659875,-0.00787095016790727,-0.0010120476672996724,-0.030114939600247685,-0.0041108949936549035,-0.025563516227524737,-0.020070989524062322,0.0027005639057646625
2019-08-23,-0.02498042804273247,-0.008637031994269061,-0.02450373408078389,-0.014551631502396396,-0.03039881270396945,-0.011477771951459817,-0.002612740848609257,-0.0036506191285349174,-0.02575861947512644,-0.015771535559637593,-0.022055406756329957,-0.019920215084177073,-0.009785937919063443
2019-08-30,-0.021678029560609297,0.01125401245348928,-0.0027090411284105623,0.013414452202184242,-0.010999724533280974,-0.0019720248976191034,0.002344621829790874,0.01089011759186419,-0.007148830859876771,-0.010618361876682582,-0.0006856926097354096,-0.00606897856229176,-0.004805401778805918
2019-09-06,0.00036519466343455306,0.01605802662384808,0.013649417626964722,0.04000019232587017,0.0027722528048635484,0.008249633747356431,0.0005514944606117211,0.01133095965068997,0.014985114893651962,0.006179535335994531,0.014712397630393538,0.0022050823990923205,-0.012110395682292842
2019-09-13,-0.0024277796796417367,0.0018702051130328502,0.015229072592175008,0.03233881598250997,0.006798042156489437,0.005892945064243224,0.013309850049314561,0.010565420656860496,-0.006021756870214504,0.0001944726935794337,0.0067798417435353696,0.005291430657183165,-0.011673781426949461
2019-09-20,0.001362632164161931,0.003554805200177061,0.015689926688905977,0.02925799624429766,0.004501692149831843,0.007612099330703523,0.00800338353893795,0.012119944420191035,-0.030973107628312034,0.003338199554987698,0.011924577630792459,-0.004250815260860432,-0.006719294195470999
2019-09-27,0.010053399996944778,-0.007753772905103094,0.013102452109656815,0.01521684774926231,0.002602274530935966,0.0037638629761478117,-0.003561257549937462,0.010461566703912194,-0.022750484884989673,0.007034697640518938,0.0018652282916342949,-0.008488131111768752,-0.013162469352262595
2019-10-04,0.009206133803972755,-0.007546957044508923,-0.00045230480781900846,0.005417850734579564,-0.0010856801461029478,0.002628880225177986,0.0037223746730097006,0.013907497321018251,-0.008785126097807822,0.001419723971067927,0.00758806257228871,0.0013125502756417377,-0.00759051060707078
2019-10-11,-7.782557764329182e-05,-0.013639701669165467,-0.013853473831120632,0.002377670629157902,0.0038205326527589703,-0.0001955719746555974,-0.006000426550954486,0.011650071502934557,-0.018524499402106726,-0.0038016363845054402,-0.0006675378374176102,0.002023806944089819,-0.006675382550509925
2019-10-18,0.000994775354813297,-0.016258264482498556,-0.0136579627735593,0.0028295892354826893,0.005980695686115779,0.0007785547984886744,-0.006874355479159509,0.007301383160455792,0.0035196222708613785,-8.180984993100444e-05,0.00331656291570938,0.020130810022446564,0.0049773745180639335
2019-10-25,0.0022718234690577224,-0.01110517979698385,-0.014009076271811784,0.014279431297454109,0.0015067810306794646,0.002270982235755299,0.0031158711149745846,0.005219067240433196,0.01377945141825561,-0.006657162897122754,-0.018630331466527095,0.020833451186474988,0.019669339032649148
2019-11-01,0.0009258456442440936,-0.01683645520924035,0.00112854298027592,0.01680326831670437,0.01530229164961915,0.002923611966214221,-0.004231158005932932,0.0018947012788908045,-0.012675897278685134,-0.026717625631903497,-0.0478187426876267,0.010579066712898173,0.015353387175386672
2019-11-08,0.008238782918293398,-0.007207089492327899,-0.00536202841129026,0.024130683922478427,0.014808274631798882,0.006212861312943189,-0.004770460262127501,0.0018850507002222618,-0.02479489814568407,-0.019230395428655882,-0.04279420644842379,0.00934294999862386,0.0005735690989627368
2019-11-15,0.008437130712668921,-0.0033629897654141733,-0.011542175988456197,0.022485718361864318,0.010218371721187454,0.003169703370641184,-0.00201376542228626,0.0006968624489686638,-0.027394682705422228,-0.027554451623238697,-0.08260658554089131,0.002959871301369277,-0.0046120824284574
2019-11-22,-0.0012655287710065868,-0.011161391441731366,-0.020105523930829493,0.0007845377636998777,0.004323460407255753,-0.0019859261056958547,-0.006271017894121752,-0.00025872371762762896,-0.04974261927316139,-0.032319072687235495,-0.07954356614731656,-0.002990847631026264,-0.010447195993773679
2019-11-29,0.002368578767965058,-0.008611936475649827,-0.02466362905472073,-0.005947355212675965,-0.007958980146975315,-0.004631664494282327,-0.003571718827782471,-0.00048029209450471243,-0.05526882102147828,-0.021969479108307478,-0.07135447432418826,-0.014403556739595319,-0.014788247811493408
2019-12-06,-0.008309154517339087,-0.0071156039009151835,-0.007366042430684377,-0.028802078124050765,-0.011444287129845384,-0.00491492074406849,-0.0077431282768109615,-0.007266409097623483,-0.024323706104161152,-0.010587232559292326,-0.037449496201148964,-0.010370615019916053,0.004375783318443419
2019-12-13,-0.004680568862646472,-0.005877536843876237,0.006332351971944997,-0.01603971463969305,-0.007140070473974393,-0.0011190844274928384,-0.0070950946731340525,0.003506466308627723,0.014116009118545134,0.013817424760423394,0.014785661402307491,-0.0021413495789710853,0.014782862792556938
2019-12-20,0.006055258653067576,0.0042696521504739515,0.003744122551162938,0.014786816979183121,-0.0009692758795247774,0.004443562815509651,-0.006072542359881003,0.010983308628213053,0.023886845241465005,0.03621214044967443,0.0606134571072969,0.0059175701914373265,0.00797245868653732
2019-12-27,-0.0029795916965747946,0.0003074421855867983,0.0018746244700739764,0.011230284230645095,-0.007827826567667695,0.0019904026506663243,-0.006551090001706015,0.00715081310460965,0.02985969764294477,0.03565149097086312,0.06941472550532544,0.008349539173982271,0.006652881524189316
2020-01-03,0.003533790914651267,0.0017969842680721256,-0.002659236615597844,0.015613577583005986,-0.013565090311635778,0.002248193267823761,-0.0025358343811743367,0.009399427423319394,0.043640715291459506,0.028074824620948576,0.019692772768304265,0.01068711415180211,0.0025044107691110143
2020-01-10,0.012481384026128892,0.014722347623011079,0.0028646595215880595,0.020639162535863276,-0.0012143118255372176,0.004643839986264745,-0.004153549222246465,0.009639928885243246,0.019415469282539802,0.019076167098447186,-0.002357673893693988,0.01031679905903505,-0.010007514827352834
2020-01-17,0.016622209182662412,0.013757824426330023,0.0038807662645116074,0.0020102820880161017,-0.009170670077417344,0.002588539212237292,-0.012089921510053496,0.005083500216908558,-0.022246360790979216,0.01761864788690793,-0.025184975048155374,0.00527754775150548,-0.01419210088238455
2020-01-24,0.015314123931826103,0.020872356817801193,0.0028961328578691967,0.0029481058081742466,7.657921213556455e-05,0.006345136861445909,-0.015071302855443761,0.006096014350777352,-0.006833517050833293,0.0156350262541574,-0.01883708805361122,-0.00030442079932001265,-0.014899419968751113
2020-01-31,0.006617534533638713,0.0072389599680674245,-0.004626226467179373,-0.01613777009574915,0.0003939127133442081,-0.00519798803390516,-0.036122453396716214,-0.002971082830885351,-0.029408461831336493,0.012098269608890863,-0.03333009458943719,-0.015917220625228122,-0.024318549593752934
2020-02-07,-0.006304545091449987,0.0027278786914754823,-0.013693851195200802,-0.019514432883232753,-0.005529441806026686,-0.020606025873844077,-0.03347196128470089,0.0035894662615803367,-0.024877176473654956,0.018691016671492512,0.004450476425842859,-0.007565436821132275,-0.009953186509358173
2020-02-14,-0.013597489209900157,-0.005067842124331661,-0.012193823357291411,-0.008512619016385767,0.00969204439250949,-0.022589245251822633,-0.02261098347564027,0.005182702159162835,0.005449278197021339,0.019646408695109474,0.010099541907614827,-0.007777380928090057,-0.002256428432611325
2020-02-21,-0.014216682494162589,-0.018128258019929552,-0.009292108207025881,-0.026718283549962956,0.0002863019901709193,-0.02578104727550381,-0.02756524678517342,-0.006689385534436158,-0.0231207753700905,0.002508187628445173,-0.012332850298579246,-0.006052528850397603,0.0024577198299363494
2020-02-28,0.008232481086511513,-0.03844119116097025,-0.017515853086676844,0.004445174783786939,0.00011695227787529312,-0.01415837045053087,-0.008620545818444,0.015680015692590574,-0.024291515498281763,-0.03095024309805959,-0.004943219556822913,-0.002771608465019223,0.0015486890423971576
2020-03-06,0.01999713053792179,-0.02960034831140232,-0.0415448733692273,0.01129406055991376,0.0024321138545154867,0.0008437902677890831,-0.012910399236675056,0.010619040430885199,-0.050352139782382066,-0.06342240424452679,-0.054488599554779596,-0.000388063511578645,0.00046243532037888377
2020-03-13,0.017994681541588682,-0.016037006883686422,-0.040314010960698705,-0.0015477467654388555,-0.006155479168936486,-0.009348466198409974,-0.02389056457879353,0.012184014788660302,-0.02779001088063678,-0.12778717218240648,-0.05175937839250065,-0.0035234046416377646,0.001005592245730407
2020-03-20,0.024442698849816535,-0.061556049128355224,-0.059166823898978954,0.01679708085903635,0.009461247734277365,0.0031546686726910533,-0.02007796754086131,0.037943953444905844,-0.02272550719429282,-0.16596714497064918,-0.011224823634992272,-0.020845034771971575,-0.010770122251041106
2020-03-27,-0.0008216794604260173,-0.07039864144334632,-0.044076856410698854,0.010419775791662103,0.009405169244637862,-0.007790749158536134,-0.025102010025290063,0.016426982522910097,-0.05165319635171019,-0.11528015714600065,0.01857806011548603,-0.04305260053219116,-0.04711471706519612
2020-04-03,-0.005790087583379849,-0.09387222574510895,-0.03197494808972334,-0.006334197760984147,0.00799463699969335,-0.009365024826565978,-0.03434090524749625,0.01219598509012763,-0.05555553544408576,-0.09684624463735851,0.016494016329276433,-0.06123133615236766,-0.08212023772065036
2020-04-10,0.00012066399409273437,-0.045917504392752065,-0.02758592657227389,0.010066997505224669,0.013354362912599291,0.013599701523492368,-0.02292541970421328,0.01064483076537871,-0.054442792953023324,-0.014325557030337853,0.033405138035135624,-0.05619848129436111,-0.04659477980938083
2020-04-17,-0.004451787048804907,0.011950205595686724,-0.010926171677152064,0.010648177003240156,-0.0034543813890459615,7.633406189938227e-05,-0.009712235939739867,-0.003757849079978659,-0.07508732520908701,0.012843014454411265,0.002829168490106974,-0.02608118706277263,-0.03328599952685443
2020-04-24,0.0034626238944127368,0.051261450598195216,-0.006510044789888678,0.0019676977610925024,0.007392319746876577,0.011911029523287122,0.006126731968795896,0.0038049705131568403,-0.09909458718620767,-0.03958541856621453,-0.016363358673380898,0.0016603332738310238,0.001928290327612981
2020-05-01,-0.011045361108437214,0.07821714349224894,0.012558980357709762,0.0016451754070466555,-0.0007888670939467206,0.007319688918854436,0.0064991227426196094,0.0014131979891528583,-0.05690726432387465,-0.08166624815899436,0.021458657056568187,0.0017228329913234301,0.03924852479588615
2020-05-08,-0.00760922082220556,0.050139685725849974,0.014052707342450822,-0.006910846516328484,-0.003406851401750206,-0.0023056372085059375,0.007920365495458635,-0.002609079523523618,-0.12078693728682802,-0.10640810572087032,0.02168311981001444,-0.0007088414468019617,0.012029152054500803
2020-05-15,-0.008661181806933729,0.04546636333756971,0.016589612490272618,-0.013793835083686848,-0.0004433679394401117,-0.005553339847570093,0.006078115790099939,-0.0047192685470119405,-0.09556433944663559,-0.07396962333318316,0.04549755570675592,-0.007610982121693496,0.0005336405395051369
2020-05-22,-0.012285795579713104,0.037217594696626076,0.010070523863686752,-0.018987367584144092,-0.006811053047011399,-0.010588305607116245,0.0006451903528741998,-0.011299680817859724,0.015683595147588325,-0.016418095436780904,0.08067128409948078,0.006732733540064465,0.022216772630019446
2020-05-29,-0.011417542797936117,0.02142116249808229,0.004798001915751524,-0.027436454346378106,-0.008266107673612303,-0.012847169528536638,0.005839265992305677,-0.016153274361018564,-0.002019672407090313,0.03657444239280874,0.057066190332635894,0.024580363820856148,0.024760302825755767
2020-06-05,-0.007530758668069529,0.02086123093884254,-0.0004199032135641203,-0.019153383762356653,-0.0020547780309576333,-0.011177601666833925,0.003763846490703695,-0.009806685419685256,0.08919580701447323,0.018908996825474724,0.0749834410778092,0.026890603307309725,0.018632003757358365
2020-06-12,-0.005603859935621101,0.004665449892362089,-0.001730636313599515,-0.00872327461224851,-0.00943465122737265,-0.0069527542512689226,0.012714765080053252,-0.007742333460398414,0.10470622541445172,-0.014794171222683589,0.02587699111519568,0.0204621719233482,0.016324154445410195
2020-06-19,-0.0031799826861058336,0.003160943876823731,-0.002869990464698206,-0.001954852151398497,-0.005303502086187962,-0.011528408130450907,0.006011590845416323,-0.0003475067325583057,0.014151658643609434,-0.03643737235844945,-0.040895576162067473,-0.0013190098476178313,0.002242072064415671
2020-06-26,0.00527796889933259,-0.01846023598046871,0.002904531006372276,0.012508810802177757,-0.0002619151345881667,-0.004337010633444893,0.012953669662312558,0.005241487717105797,-0.0017254589438751473,-0.08379948996555954,-0.02451545960721191,-0.014111010021144406,-0.03698926649293263
2020-07-03,-0.002698639574252476,-0.06096439423056198,0.018362205790449542,0.0005516970196477126,-0.00016870708053570022,-0.00826052979904837,0.002469097689907874,-0.00011905147718571716,-0.03667200381690745,-0.050555072933615414,-0.04299438576620328,-0.014304941569321957,-0.03170885915670597
2020-07-10,0.009874808951820932,-0.03937349743151374,0.0166031774032935,-0.00466876691233757,0.011417446538676667,-0.00431148804339447,-0.019372507781201795,-0.0015869430597580429,-0.04061627197819068,-0.03769269429898159,0.0035622637063492738,-0.007001190017916127,-0.01768986252142455
2020-07-17,0.010871212494020488,-0.05374769371937571,0.023063758639215524,-0.006278745603059652,0.00943753049678724,-0.0001734162586617201,-0.027231957536580604,-0.004723414533203365,-0.0060104637156759115,-0.03299785789551078,0.045779911005775734,0.0002892614947588362,-0.01576220641044855
2020-07-24,0.0027970398836161814,-0.03414842741036449,0.01503690768311823,-0.02127957930731854,0.0029776982377022823,-0.00811084434390492,-0.03505172201249081,-0.009566121713134448,0.02874669141759614,-0.01368534885039744,0.06414018961065299,0.009863088600960565,0.026856914512172265
2020-07-31,0.005865155640926361,-0.03552773029960415,-0.0025824031642562306,-0.019160965122348564,-1.831775050838494e-06,-0.0022483786506978624,-0.01540314612755263,-0.00744072285163792,0.007672736130477899,-0.03205117406984494,0.04482974149149809,0.013027822464531451,0.02745202774185538
2020-08-07,-0.0017140651648070494,-0.03638404049381897,0.002978130538433709,-0.011421055463726737,0.0021322251318500463,-0.0018609821584259214,-0.001797088268149511,-0.00779204428738735,-0.02890273708919928,-0.026626459105360697,0.021520424689958594,0.012616697989727328,0.02187372537008944
2020-08-14,0.0018575077415651138,-0.03392292460480149,0.0032885256047671414,-0.0031692625379407036,0.009463283390547493,0.0020201806965559764,0.016829382758920125,-0.0068015348287746155,-0.00674590406793891,-0.019078271233812942,-0.008438825202093377,0.016249746042434926,0.018677974330656235
2020-08-21,0.015307371397984378,-0.029291058772736554,0.0026109517686311017,0.0052975439429971145,0.012400537733312877,0.008845265729875797,0.011676687709742105,-0.003951940569177258,-0.05888758925631938,0.006375327933241754,-0.0218380599841869,0.0036192770741207206,-0.008687800663764697
2020-08-28,0.015201018042598028,0.004822590225809189,0.02803667157377049,0.00504930627950685,0.011841563389337367,0.008693435205261687,0.010105994545214256,-0.0057923317493562805,-0.02075763368189828,-0.0030290242693413547,-0.027173717068495317,0.0018299117383397921,-0.030270048394414793
2020-09-04,0.01700079181111845,-0.004918318433994873,0.02895507794599046,-0.0019766748152663005,0.006377250218120675,0.005878226281724507,-0.0009458278541244263,-0.0023100981425580613,0.0541515396215545,0.03984359619399314,-0.00012324876921692568,-0.01670406475119773,-0.03562513186278331
2020-09-11,0.016327325892170806,0.010345297604076086,0.02335525031465355,0.00583482944598721,0.0005474310931535629,0.009128237552545734,0.002323956656094501,-9.189636563792158e-05,0.057021961679942806,0.05713933547571874,0.04585174532321589,0.0005121709407038197,-0.018678560874479343
2020-09-18,0.021387632314559788,0.03133346284317152,0.021910015807996033,0.026583252954260686,0.0013314922687778998,0.013766002428258144,0.019845119465737127,0.01003342759788787,0.09328667818304273,0.06610766803800651,0.03825996739483434,-0.0035947468669933636,-0.014496759508979148
2020-09-25,0.008614952684145385,-0.00012539366078976114,0.00018800606834646445,0.019404012138569567,-0.002934129819748797,0.0012524836718277553,-0.003994171342912748,0.0024204346268059153,0.04031484152661137,0.027567916162383632,0.0189393388401701,-0.025034227811931972,-0.002555344643299446
2020-10-02,0.014961505499412369,0.018652309727431884,0.005650049735493215,0.029308847060347178,-0.0002397029921612111,0.012774272872414059,0.00743152824371035,0.01209987903480038,-0.017374761163495667,0.018170314679285628,-0.006295630430713319,0.00606292710998213,0.019467977944662075
2020-10-09,0.02118977489073692,0.03842296509322667,0.010182399389638832,0.03534041594324583,-0.0019014973940638872,0.01060898607808609,0.012627899343944307,0.02003661413534357,-0.015420993576019067,0.0028178565363439576,-0.03278986277136267,-0.009378441760587612,0.006115591744589399
2020-10-16,0.010600965503930429,0.0018286603474177415,0.0073683531512110986,0.022114332425221518,-0.008171854486015335,0.005216005488563458,0.005006195135559563,0.005652318223254457,-0.005353514499476707,0.0007993120356483835,-0.029075877819901754,-0.019015892515181015,-0.005619895211021053
2020-10-23,0.018124034377838518,0.009095811680063917,-0.0015329217967514595,0.029252561445175938,-0.005204887665266918,0.006797327609127526,0.011236391821775509,0.013845500350602913,0.015846103431663178,0.04447985113987231,0.008818873480424635,-0.009369133090598399,-0.010651818112377658
2020-10-30,0.006310765695728909,0.007533642607714958,-0.014436677531905917,0.026565796487221193,-0.0048267097045683015,0.0013191358912561764,0.017756463144635387,0.007855906623311155,0.03419139381695375,0.033475405770680325,0.03158294228285152,-0.02577582286742239,-0.022105435877848023
2020-11-06,0.008545981096122382,0.009301264927484123,-0.009685845025517805,0.01581529724037292,8.458008805225722e-05,0.0032837764640096566,0.020460706056527625,-0.00463054429586396,0.05490414025265823,0.038430569072679915,0.05357333914498831,-0.013619734773999859,0.0005685479508187354
2020-11-13,0.007943689998382415,0.031046950613195685,-0.013287534965357246,0.02364619453359404,0.004425623223504184,0.0054433748345674715,0.032722440458978014,0.004291969543089753,0.04431019508540939,0.04437380966812357,0.03647226021877574,0.013122183722887155,0.0289697225769429
2020-11-20,0.013268897150372732,0.026132431487922957,0.0005534265570053187,0.011887779499607742,-0.0003762707086508437,0.011869778390620343,0.03311862597632068,-5.888330874171321e-05,0.06454926815330034,0.07298203999677841,0.019564243181279015,0.02543430160523175,0.024279086702938626
2020-11-27,0.010158814261520727,0.009628109764335558,0.008443012337656153,0.01341734388739952,0.0010025709065973746,0.008033980800113734,0.01817254501030325,-0.00647637697780775,0.07111677154574031,0.06111744386149902,-0.009511773768717691,0.023435598784359052,0.017671881509119296
2020-12-04,0.003365152827118946,-0.01126045085488741,0.0028994208293802405,0.019886720125984286,-0.005172479787170135,0.0005934434118327627,0.0006286102856706108,0.006254785129975337,0.05548404326013568,0.038962720838130654,-0.002141148463588597,0.011823272031234712,0.003692599336251384
2020-12-11,0.0014192082771296924,-0.019687259899906905,0.011557555778749055,0.0006960384024159421,-0.006053145073270621,-0.004126413158219014,-0.009087618864464997,0.0007544120352553502,0.07008857034274994,0.022132294504664696,0.022787634009251618,0.009032909518403666,0.008463274846116517
2020-12-18,-0.005407430150135848,-0.010557236950236977,0.006718352651539128,-0.0053474478681810565,-0.00524947272725401,-0.00483153220119484,7.19813034533532e-05,0.002042672223683175,0.0278570232679802,-0.01584694057555973,0.024449653339975418,-0.004824868554086331,0.0038721123004740576
2020-12-25,0.00016444722696187667,-0.0008192191754751998,0.006533123298565956,-0.013176761065642213,-0.005007236348682151,-0.0030546366710739827,-0.005059067796523127,0.004843015927557275,-0.03099798884588293,-0.001349082372489492,0.059601832287530174,-0.004225517146008836,-0.00034665065418487163
2021-01-01,-0.004451441268517611,0.019569614284685236,0.011616096736639159,-0.012588590047308862,-0.004906646180237334,0.003550591222711191,-0.0032609174123179596,-0.005978578884601296,-0.041667755475411114,-0.0012158845899824548,0.04106257922799428,-0.024873632584024304,-0.011454579649587175
2021-01-08,0.006168507551979162,0.009768408388783676,0.00806477925087355,-0.008788942324785111,-0.004777233510046188,0.007421363130802841,-0.0027026729324550244,-0.00021482588788371195,-0.08996627834912074,-0.0008589654738314885,0.02073624876276875,-0.013439658857266806,-0.007889341755582518
2021-01-15,0.004218758016754009,0.01712859751218248,0.009995707485471472,0.00013867977689828968,-0.0022126481718714075,0.005653150388277863,-0.0036426854139784163,0.003766004701241123,-0.04464907241563082,0.03564296554024579,-0.009005935081331393,-0.009910410676878362,0.0023902040224973754
2021-01-22,-0.001016473429464411,3.827708139147665e-05,0.012125413775214698,-0.003511208076088752,-0.005320740613944626,0.0019441790131725749,0.0043846482159142115,0.0024289029506498706,-0.016973464778809462,0.004365085431574062,-0.02272357252153613,-0.004140842255509466,0.019830275532734823
2021-01-29,0.008306471302273558,-0.008837587870757623,0.007817649258189188,-0.01982182191441563,-0.004007249363165098,0.001012679874524194,0.006772172877811044,0.0035943013219346515,-0.0176944518857802,0.00429102176618851,-0.026809254142362834,0.0206579883343634,0.028642753862585718
2021-02-05,-0.001330158323381177,-0.002029202351922904,0.011025421526025599,-0.020241368476836878,-0.0026179270394118574,-0.0043343556741435646,-0.00040494493292722155,0.000754412068329007,0.06421980851921705,0.0017028856345108461,-0.024444530495400876,-0.000515708967825778,0.007108462433276232
2021-02-12,0.004917032814531164,-0.01449059667000174,0.010047564366873466,-0.005980770608409397,-0.004890012027423148,0.0010262664543145873,0.001498003302305229,-0.006217824641436644,0.04757363339251146,-0.022537294851727563,0.0130093757179617,0.011444240175887029,0.005952975494588362
2021-02-19,0.0024238841887419607,-0.005746036247338681,0.009049684833841718,-0.001285697696292577,-0.011634844017576711,0.0025551109134121443,-0.001449057976330703,-0.0020364498360925234,0.07621799959731965,-0.016827278475546804,0.022793587047113345,0.015270227506491476,-0.0024510180862299543
2021-02-26,-0.00854691407303905,-0.01597301839439607,-0.011736224275868744,-0.011633800758793979,-0.016203006399997357,-0.000261323540077416,-0.01655591832131547,0.0013896927670771473,0.03938775689943784,-0.000937191303709688,0.011939046405935332,0.009392144387238325,-0.007935418744832019
2021-03-05,-0.009480029515286875,-0.027277125305133883,0.0006799316615544154,-0.004139961762732455,-0.011613508421273757,-0.001596903755874346,-0.010300730855402283,-0.002432643674936238,-0.0012094174584480893,0.00306053948700906,0.006479821367132746,-0.00793778951971436,-0.018915213141862404
2021-03-12,-0.012799215560633365,-0.014727870670369774,0.0031791504998627566,-0.020729613641365996,-0.005101147804566745,-0.008942175474388907,-0.024100958350197724,-0.009175434397142423,0.030208822453787452,0.031162856933012382,0.011738685233838914,-0.011418869223480125,-0.011913388128754181
2021-03-19,-0.008782243562526132,6.896369827513911e-05,0.005247179137184959,-0.00891700106081585,0.003071880466417161,-0.0052387358794037005,-0.023888019695275462,-0.01766746986536709,0.04536446877747329,0.06684256206410624,0.0006328776193030338,-0.019990478082203916,-0.007219098939748898
2021-03-26,-0.009470822586338976,0.00763057434516043,0.023719683299524695,0.012734304793291379,0.010723491520079422,-0.0022256716564232515,-0.020398259043296313,-0.026000407006707506,0.053092766769177874,0.06696618424448357,0.003948413737119075,-0.01789203011434949,0.00911484601247331
2021-04-02,-0.009733082156796245,0.010084288950310258,-0.0009673384048479849,0.010871697646439183,0.0037738228777458465,0.005907679967187944,-0.02927166304886377,-0.01995423182349553,0.05450355165827681,0.08892959934347577,0.028329135378581227,0.013781066939690945,0.03323237811367226
2021-04-09,-0.014400311245834331,-0.014630690072623246,-0.028393956369076455,0.019669630892518625,-0.0013058370444946556,0.004957224446931352,-0.026703674773973618,-0.0062546107871418975,0.006342291457064832,0.04990477138723259,-0.006411236724749879,0.022949365066420806,0.041508513485634314
2021-04-16,-0.006705297898787709,-0.022462597675352473,-0.030464302598131758,0.007018084684531259,0.0006921661796114769,0.0029239423996059916,-0.01999062863098211,-0.0011590678464877796,-0.028124540241642404,0.027446916038872476,-0.009853036624986803,0.02226271977346412,0.02363840241102457
2021-04-23,-0.001184303416293787,-0.020703652243886938,-0.039944140188899475,-0.00355417295513483,-0.004258068438119384,0.00013215514413806055,-0.01745713592839524,0.011043870783020649,0.004690747654126656,0.004943264429145274,-0.03126100394456682,0.008968454736542918,-0.007250122374697026
2021-04-30,0.009599401745927003,-0.0008981780907290227,-0.013973583791537424,-0.004568441442493997,0.0028268748711078066,-0.0017193391501254332,0.0033556550775708308,0.013200111849281208,0.013887541453459818,-0.028546610743575826,-0.058278854835684554,0.004950440550802366,0.0028949861145057855
2021-05-07,0.015482616502982985,0.03197287566998546,0.014759007790365958,-0.012755824514295824,0.006619903491246072,-0.001825764863017781,0.0065695582424295865,0.010207588269222925,0.03702768278309007,-0.019669303274167292,-0.03758938699810457,-0.024607456016054335,-0.009231423733769395
2021-05-14,0.006248012783569491,0.024837579790475836,0.013826931965444047,-0.02248254225473162,0.0064230420464597635,-0.007774032363921135,-0.004112204864888958,0.005411579333868376,0.04777390763299816,-0.018755665631239808,-0.052167108272497154,-0.00032873275989909675,0.007497028560949261
2021-05-21,0.0014853954296532206,0.01851374862911256,0.027588330765502714,-0.017501542676637755,0.005000540441998893,-0.007876279834964594,0.0038481870070842666,-0.0014958466864781691,0.03737042941147925,-0.02465871232517472,-0.038948406006738066,0.019233931522056533,0.03585748206857965
2021-05-28,0.003525586860428631,0.013877722395676894,0.017867894252921606,-0.009552427613737372,0.004612854468342696,-0.003031728117819781,-0.0036842240149174777,0.003552325418732874,0.040338486981683325,-0.013601938939927175,-0.04025401013431144,0.014937971944300481,0.021439424675627913
2021-06-04,-0.0016683223319885919,0.003802303544657739,0.004736478870896518,-0.0024946962039876838,0.0026401938946867634,0.0006491664777337813,0.0006754973882982132,0.004669143078491425,0.05067044342837479,-0.007535699915219501,-0.03035883469660567,0.0412629308128597,0.030173727202611772
2021-06-11,0.001314091680347459,0.017765512360837205,-0.00023327782221445586,0.00648110638351607,4.7256858117874796e-05,0.005991844843137007,0.012024251265543606,0.010232909252975033,0.048614403808728335,0.006899353717192299,-0.026309147094958317,0.022013018305212177,0.023855063605613167
2021-06-18,0.003922274989892169,0.00895831499856998,-0.012431580223311244,0.00048618659226090134,-0.010623307651431222,0.0025097682779727706,0.0038550878347689407,0.007963041069821446,0.10430797849333973,0.004685632978830009,-0.03475666624330561,0.007990434858474785,-0.005528757092428583
2021-06-25,-0.006101351972508817,0.00754032887223383,-0.0191430647806991,-0.005318276078575451,-0.015277630452461414,-0.0031729868699709326,-0.011802596131543884,-0.008388286873695085,0.10879436996274239,0.03596226102988454,-0.012697113922121764,0.011762763300522469,0.007977784058856482
2021-07-02,-0.005276925216950688,0.00885743531221286,-0.016808928078494535,-0.012138405763497433,-0.03286593978167021,-0.0056451158080636525,-0.022944852585380253,-0.010387152868207598,0.04792319699419852,0.027270136068337357,-0.023480356489921677,0.0026997543429886778,-0.0022731450589628874
2021-07-09,-0.005496510818321784,0.0013069257606891666,-0.012827461981548981,-0.01797733237596421,-0.04394381784018679,-0.009610596732799548,-0.040369172167175775,-0.013399011560130125,0.0007195645049022925,0.009251231360738785,-0.03505430064375992,-0.0037131337693030063,-0.008639455859801993
2021-07-16,-0.0030085552624216126,0.01875016139111057,-0.004155160570050899,-0.005485080196285272,-0.0367410148636463,-0.005272864681282147,-0.034290346232454444,-0.00956791656759893,-0.009342496807253534,0.03525708775183299,-0.0067995673875613245,0.002381382196871027,0.0024543151226602018
2021-07-23,-0.002407135352244996,0.016411599363817017,-0.0004018171600994212,-0.018143728635646797,-0.030151585367641343,-0.007387875319083752,-0.025862777984529593,-0.0058973851860305284,-0.0341216633223749,-0.007143844659018439,-0.01202839778473754,-0.0016087416378886303,-0.01709880226506474
2021-07-30,-0.0014916473007035263,0.006247634760835006,0.003090212659073588,-0.014412520478773116,-0.013711139907792262,-0.004980194230988488,-0.019715884878204703,-0.0025851669200180893,0.006176475657469349,-0.011933994087295119,-0.014479323644195964,-0.003970459163672008,-0.01245294493057018
2021-08-06,-0.00024887279460952664,0.011094122315141773,0.00780246674624788,0.005012794163097146,-0.008113027743756492,0.001672282677236753,-0.014331241152551084,0.0038409306179392174,0.06832701873052152,-0.009360135361347457,-0.012685419015941704,0.0032349088970980207,0.011003151525481012
2021-08-13,-0.00631732218152655,0.007999543075591736,0.004779237839946807,-0.01736952387003281,0.0039906384324541145,-0.0008019831948482808,-0.008107206897300398,0.002685197437370844,0.01285402664446897,-0.02042626388804459,-0.008629215835091016,-0.0004928417218525113,0.013738535184322744
2021-08-20,-0.004703578502578495,0.005916806125509004,0.004342183163625176,-0.014288758770087959,0.006408666090618041,0.0018427284193673573,0.0018000553114570468,0.0006174421765971841,-0.015471547272133358,-0.028873968475954456,-0.021723562584243482,0.00447343956374502,0.031629623225054276
2021-08-27,-0.0027465189492091218,0.005718239963355687,0.01387064937702661,-0.006866855677820404,0.00876698732839978,0.009228886144667785,0.01989898789314673,-7.71345060382872e-05,-0.007838568211803766,-0.015932813446805413,-0.022703216556098017,0.007569702689194652,0.030820016313301182
2021-09-03,-0.001155296853994469,0.0028154786654079906,0.013350984560070759,-0.018294761821079177,0.014820821912407231,0.004292014252180743,0.029472783875614115,0.0024781555872232866,-0.006677536507253026,-0.006386259051218339,0.005365018355510155,0.010263497587104797,0.013557998385006993
2021-09-10,0.0020801802821994596,0.006718832792891037,0.010432070209744626,-0.011288679697413512,0.012020320511712076,0.011165988813123164,0.020870765910076854,0.0016450553249124852,-0.003510443505070099,0.008873852204003904,-0.03829484313314145,0.012625508039119422,0.016188174675701515
2021-09-17,-0.0012728274096865367,0.00885961260341011,0.006393616982058347,-0.012667144484891398,0.004460565536613557,0.0075992215551675315,-0.00674978944831368,0.00043913178087875114,0.01761047612931101,0.030392617655194278,-0.028733519734545625,-0.006096199798410872,-0.004082443891764022
2021-09-24,-0.00029861286351798495,0.00900008937762983,-0.004650513437455209,-0.016300654348902828,-0.014330765281316014,-0.00326149954947325,-0.026819928104387318,7.716031778686903e-05,-0.008628000055356317,0.021278737546961444,-0.026558706086331412,-0.006541587732713371,-0.013405016709760114
2021-10-01,0.005703240526456398,0.01572714667638903,-0.01216450637930748,-0.01630420068887411,-0.012301599232889865,0.0014668719955056465,-0.033487088871797695,-0.009414002168217389,-0.01867617798888889,0.003036282301235904,-0.04068550533649823,-0.009990033196322624,0.0034728922872550028
2021-10-08,0.0034472765130334196,0.011875163581882729,-0.018792961692323785,-0.015353228904475175,-0.009920228523008227,-0.00215088806165634,-0.03352980595496887,-0.01765440130164423,-0.04753164847502584,-0.019033383462664644,-0.026542570707221283,-0.03789067323662044,-0.01813915649850182
2021-10-15,0.007183840614991886,0.018928214365136826,-0.015735594386174535,0.0011691102395203403,-0.012235219067792336,0.003537770501906178,-0.0007369581539527562,-0.007399392070723779,-0.024698461941030904,-0.015186901010037048,-0.06033961266753109,-0.016219536711346787,-0.004052722698305542
2021-10-22,0.012752023728042364,0.005983149343668797,-0.01244149830001999,0.005607484383217788,0.003059504293897883,0.007306740796741792,0.01096086472285808,-0.00379011601854847,-0.07158511424114318,-0.00314124375629813,-0.03926194914909931,-0.02651511434681685,-0.013367559857000524
2021-10-29,0.004091820207600702,-0.0003503118022794632,-0.0067764185580096795,0.005675600098276388,0.012536679997598449,0.008109563142990736,0.0229397866744785,0.003353843837303392,-0.05813685542021609,-0.009201098778870626,-0.02193566216594968,-0.026479449026910233,-0.01230575965409711
2021-11-05,0.006009470427477195,-0.006183160693395908,0.015024768605608923,0.010125236786403802,0.013938770341976806,0.007234227219226842,0.03404360276486269,0.009233493480116156,-0.006248255100180629,0.001474861682221037,0.005064392767793146,0.001137400780239339,0.011724581802424923
2021-11-12,0.012385104672427986,-0.001632141183092458,0.014673205768230398,0.02018890960324862,0.02697325503176393,0.006956671257428303,0.038785411419455976,0.010259505331793805,-0.004102709344806443,0.0024936670170614354,0.05613664475043462,-0.017834433258383783,-0.026838249979567942
2021-11-19,0.005104702420082336,0.0109242401979253,0.016654488440584217,0.01177185228194899,0.014740507853073433,0.007093146171801679,0.03899832555423981,0.007889547531591835,0.02277574158005407,-0.0047491831019562895,0.0022508970791355262,-0.014150979714492726,-0.004341772066902814
2021-11-26,0.006049871025409274,-0.0075900679867257625,0.005902254464762677,0.01133231883412095,0.005163804122431578,-0.005792980062361112,0.008006491105402094,0.0018597954779588127,0.00804821760401533,-0.037273950634057154,-0.004029015267631688,-0.016352286254108655,-0.021270638174169028
2021-12-03,0.009091792609442725,-0.005624776620700262,-0.006082450884087597,0.025912989997506696,0.00023303747663405618,-0.005408626226646281,-0.00229130093013033,0.010826791439484671,-0.02744372459444498,-0.026900323689256555,-0.021380742158300388,0.0072884837740672045,-0.017787743352451507
2021-12-10,0.0004612736006795494,-0.01190712665873914,-0.013599963199804733,0.019879887785994903,-0.0052811636646081985,-0.004488960123532713,-0.014219777148306969,0.0036171914635340007,-0.03833614630826562,-0.011566448490652123,-0.05022149216375745,0.013956224333519767,0.010541141063680485
2021-12-17,0.00020994012351726677,-0.007137174017760519,-0.0187587687610472,0.01896039470419755,0.01828296806701906,-0.0013775493482901958,-0.007635510671974471,-0.0005410382610328262,-0.016706576862480553,0.005018087254973038,-0.005568050540148766,0.024113897587084474,0.009884548479090486
2021-12-24,-0.0009080512938417508,0.01726132019855208,0.0023985409356028376,0.019293998809821435,0.013213185300536518,0.008681259858310643,0.012880712712687575,0.0021602313841812965,-0.019337865748218726,0.049832766769329594,-0.04857438832565064,0.021264486422023055,-0.004917980690471436
2021-12-31,-0.00020519638808029527,0.014180545727248504,0.016102968018054026,0.005188256214248815,-0.01017830528673734,0.017986789422841466,0.04352240789376648,-0.0008371378192627418,0.004214154106041415,0.03451282735642224,-0.029011722890316387,0.00011972198117792248,-0.012328972288767878
2022-01-07,-0.004505275543704429,-0.005147993564429404,0.026012476401893057,-0.020193653050639932,-0.017835570973723187,0.005973424204134126,0.01856244291984831,-0.0008542891763612783,-0.010405905062009413,0.010983678189350882,0.012998495157563586,0.0078044061793603285,0.01486523042595797
2022-01-14,0.0012382947309930426,-0.00855968161271953,0.028292503891774,-0.005274026690390815,-0.02476042324268996,0.00653554205007837,0.0155631624664456,0.0027304662853613946,0.018136527034378805,-0.006590634757661487,0.02057884940853278,0.00878704613143147,0.015173528862559597
2022-01-21,0.007876045776032193,-0.017248409747172597,0.014560871609234138,-0.0028168427975853597,-0.01921880962327459,0.009975256306292214,0.029469973997096603,-0.0008846901190330339,0.042166436693209894,-0.002099615554340416,0.0841170180347069,0.014205302266695568,0.02525625586698945
2022-01-28,0.007273816566900713,-0.01847957442085922,-0.0021081497746632608,0.002048222347162415,0.006186065035290257,0.0014488309254536771,-0.010213495379307443,-0.0046992825541685695,0.055308935652163826,0.013171559514208597,0.08288025303826087,0.010596225870356694,0.03112788461396126
2022-02-04,0.003002505997031427,-0.02017527092994275,-0.006439944873812848,0.011619237288887578,0.001891773547651794,0.005360535284829972,0.007328866452980183,-0.009453491387563094,0.04974934815447245,-0.009948018245139198,0.018553541539554373,0.002983541944120643,0.014198242398446602
2022-02-11,0.0021078517038439996,-0.009991822438300662,-0.014357692016914704,0.01182841174195269,-0.00040923217753521205,0.00676150883560577,0.006115442149610666,-0.008356259208276083,0.06744546258411167,0.023354304800120768,0.038133238098667116,0.01657667924676387,0.014923898413049412
2022-02-18,0.001667347815541894,-0.01153750948248025,-0.0024173309211448883,0.009036537107148551,-0.006271933640808309,-0.0004215552603541355,0.019339573905887725,-0.007322787662711894,0.056343771539306975,0.025239318677386074,0.025503912235286523,0.007540630361705257,0.0064706528495766
2022-02-25,0.0012837589822409742,-0.005612451454525245,-0.0031921750673969173,0.0123213426483379,-0.008271668290180997,-0.004561082764471489,0.019889182041472192,-0.00935884604053831,0.03649651727025347,0.012949644806268219,0.020161410817145817,-0.01204904419073048,-0.02062582011403502
2022-03-04,0.01169310455953295,0.00771575269064337,-0.010227991595159679,0.015076670687712419,-0.02815516773684892,0.004928948455133458,0.028311917389550356,-0.004286851485512487,0.08027116219007432,0.03949970514329621,0.06999650054145433,-0.042290177806847136,-0.07182521085412005
2022-03-11,0.008064551753143622,0.007688452204248084,-0.0036739896575245104,-0.006667867590055294,-0.03080975301182932,0.004846079178627176,0.003324115472218194,-0.01207599013145029,0.05373126705413721,0.013512107395913471,0.047108167141949146,-0.046453716043357435,-0.06134429413590203
2022-03-18,-0.002057132973320947,0.004626503188803269,-0.012790456678807988,0.00984040657676255,-0.027454549844090535,0.005783514896893415,-0.025462169501918066,-0.010446663707967716,0.03707882805671435,0.025370775227520938,0.02438722269609493,-0.033356759478010686,-0.052592693770789026
2022-03-25,-0.0024057128086300518,0.0022727816436820926,-0.008320328461995633,0.000784532181272498,-0.018464103272104453,0.009908517806262597,-0.01838608264011127,-0.016820358232185514,0.09201553235801041,0.053966409610852376,0.06311158035218756,-0.0021226618038577352,-0.02389852491409842
2022-04-01,-0.0018131173593729085,-0.0009112787980454637,0.005335316653613768,0.0029250892422935278,0.019976733961857375,0.00455389594575303,-0.02263090006085597,-0.016830778321734456,0.06697545994909428,0.05056537487692007,0.03690593680098471,0.04853450662060439,0.03967314430815545
2022-04-08,0.001229250966819466,-0.0062013857711900764,0.011664782235306065,0.012244451715290795,0.025619930781304718,0.0005525584704662528,-0.0018242384838407111,-0.015304341802983705,0.04525577262463702,0.042524482429210406,-0.00840613932628917,0.03744326107733763,0.004561211047897713
2022-04-15,0.005072033339132234,0.0015409282892086423,0.007779066061509214,0.003492609526628423,0.018279597203598955,0.009087638655963015,0.005686521170235372,-0.021432949744697852,0.056457727622435144,0.04040891743583696,0.0034460715028145662,0.03598189585965533,0.014852195767825451
2022-04-22,-0.016315116841198685,-0.0002670053025491002,0.009844181907742276,0.002955378534565921,0.006880854443932402,0.0026325516650227074,0.004390645661313364,-0.013230019278779058,-0.014438629918552107,0.002071667507149884,-0.050439277029631746,0.02780060966360293,0.021005268007333346
2022-04-29,-0.03224024287056271,0.006873771463357293,0.011683516992203487,0.0017503246562122687,0.003990259490058318,0.0020586444277420866,0.005082967856477918,-0.009551158741730535,-0.06139316264302632,0.020579297129588156,-0.0447876670326711,-0.0011999075188627306,-0.011938572629615951
2022-05-06,-0.043027910990502655,0.0075798124602874765,0.003746435788927412,-0.0007342810923286181,-0.0028385559668939395,-0.00035559547006285236,0.00134682821817096,-0.009582409679251652,-0.060191995693704856,0.047081728163166525,-0.00459636928037194,0.008683601541522479,0.0148844769161996
2022-05-13,-0.05369729435163248,-0.00024250472642368785,0.0031634975435080705,-0.007766063569220629,0.011576382993194944,-0.013110720002596329,-0.009255680239513977,-0.007412269734539477,-0.07114698720039014,0.03827596766285283,-0.006769264704077403,0.002055384870224934,-0.0017405339389487892
2022-05-20,-0.026588559410547236,-0.006715172801857209,-0.008033545208286554,-0.006576236544136145,0.013901384740605864,-0.00622558456564383,-0.002436457378862354,-0.007763794798652626,-0.014181172731257921,0.0426223498251654,0.03204448962122839,0.002211060792589467,-0.02936801678237114
2022-05-27,-0.022032053693771814,-0.004550691189608909,-0.021176875977713075,-0.004374766847256047,0.0012902666878488599,-0.006002911728279353,-0.004919488714291655,-0.0017778575687074777,0.04458669908181748,0.016933476462338358,0.03007565692014802,0.008390968198252986,-0.04592238151992921
2022-06-03,0.004062562314524702,-0.0015849259249152512,-0.023083830681952355,0.00414691661883238,-0.006083729230781643,-0.005839414131150102,-0.005194023943551303,0.004871449578630798,0.0404710492338064,-0.00428504585962138,0.03650332466175192,-0.01984092060724933,-0.0490251459756669
2022-06-10,0.012507522548162297,-0.007533583416832305,-0.015709465958444524,-0.0009455649263644984,-0.00987890721902889,0.0031633871258667547,0.0007068408445153529,0.008465382970298323,-0.0003602925578986352,-0.009685556793723876,0.025172251979711853,-0.0007542788541972413,-0.03522550839786956
2022-06-17,0.007025697231666347,-0.01249787313591983,-7.753680819382481e-05,-0.009624424650626143,-0.022998926674708695,-8.746418197025439e-05,-0.013632638453675905,0.0065255059667826635,-0.06148495082065609,-0.03364744532578208,-0.030356704668964708,-0.01472256304597451,0.006146551829002023
2022-06-24,0.019948290206216808,-0.017084576625779467,0.0018437905633095567,-0.01198987526004599,-0.03976562603576315,6.769639178365512e-05,-0.02191031460141038,-0.001276315352547444,-0.10709450507525578,-0.006003996315454941,-0.07782499520840716,-0.023684565249497375,0.018617854881556997
2022-07-01,-0.0016481962351699926,-0.03298623032648387,0.0019154487395137533,-0.01776892958301449,-0.032299516717967824,-0.0036953847589045446,-0.022814755044480592,-0.0047815016645565735,-0.09826966612124036,-0.02062705623858729,-0.10955828351266642,-0.0023018881612157094,0.023787647851324565
2022-07-08,0.013583246365418909,-0.01661113221820456,-0.0007356465083408698,0.009664842188467483,-0.04233692074884686,0.0017165414625412052,-0.014848067981852411,0.006902606103574743,-0.03527332330534709,-0.007448632726817828,-0.10939995691250294,-0.027272205072423374,0.04661713606426761
2022-07-15,0.0028401557714324357,-0.002035367563827336,-0.007898349444312083,0.010112323290280188,-0.03328277360412191,0.0065520263651867,-0.014890623381191292,0.009064205127519376,-0.02391275083905104,0.021822291264141695,-0.08370799217504686,-0.011524788488804566,0.05571591438981912
2022-07-22,-0.00426411135421169,-0.0007371805729658432,-0.00945711967802134,0.009175509949307947,-0.009724005291697693,0.011029130478523906,-0.016270406572338587,0.004483532592203746,-0.022347561827136334,-0.013428294012001315,0.01739203561547714,-0.0013648602708550717,0.0751367117321505
2022-07-29,-0.005172095445150772,0.014904015455602208,0.0005066041294783091,0.006330869621355779,0.004523091814792955,0.013462690132329645,-0.01591935019359087,-0.00426759207752027,0.02274572581020438,0.0004392805632882175,0.03060609305674587,-0.01582345228180759,0.04386713703177395
2022-08-05,-0.014594341523721608,0.0018169631964395421,0.00043885637343687913,-0.00667295661342931,0.01442427648124878,0.008360988514364757,-0.0006188496011951782,-0.010072571131425467,0.006266835548696533,-0.009773546411381114,0.05861374460350026,-0.0025415050850181344,0.036813609573370494
2022-08-12,-0.007067476301940446,0.018700722443337474,-0.003086183987857594,-0.0030202849404213413,0.012906575554536087,0.006600385980442261,0.016949592105758377,-0.010607055215520095,0.021336005528387006,0.0032683320736662125,0.08493841262540917,-0.006164599925423963,-0.0053589271120209735
2022-08-19,-0.009245902464180444,0.008008446612860617,0.008165241668882741,-0.009093144387067697,0.009689660534601977,-0.0010387007918606877,0.02739961377751465,-0.0026458534738461603,0.04533863624869165,0.02439972752835733,-0.015412713577409892,0.0016408579484457203,-0.016692248869277636
2022-08-26,-0.00920801866512071,0.009356442442367705,0.008419934382143925,0.002474635403542959,-0.002724507575781161,0.0034820757891973575,0.018587086513622775,0.005148837833147443,0.0340581580609426,0.03646129235652071,0.04199499347942305,0.023814787445141934,-0.001210734796606952
2022-09-02,-0.011623313036166748,0.016136213937272208,0.009107935884846572,-0.017189263398251733,-0.011487675861766616,-0.0028631869601297624,-0.00927670979048411,-0.008355349842984364,0.01596229697307842,0.03993889202852666,0.0521172284345242,0.028702710775841044,0.03048117335460045
2022-09-09,-0.016764996760412612,-0.0008848033037696847,0.013748383881729588,-0.028229376766171186,-0.005246454783056216,-0.007966753656378538,-0.011731366706886433,-0.014651949408302237,0.009236619019479848,0.017486562516270062,0.0370702744687456,0.015184168587322515,0.04830139914340835
2022-09-16,-0.01771893419050783,-0.0008368828812277164,0.008445637418551095,-0.020924676757087854,-0.010230115988829306,-0.006776207161013629,-0.023685368710320107,-0.029428034430991068,-0.01509758626253833,0.005595469631075085,0.04159670045183779,0.012677444485969556,0.031381320575040623
2022-09-23,-0.020106172298711446,-0.010412796058416739,-0.007916976537499391,-0.03220933845145456,-0.026920398889164178,-0.010423447309642533,-0.01734563831938197,-0.033523502357227564,-0.01632161071999582,0.005794077761954734,-0.017013253949347162,0.006529343848681979,0.03487667300211675
2022-09-30,-0.02120991184723193,-0.021438916366774412,-0.016026569878644693,-0.04028240636848125,-0.021234000186808464,-0.01727870436055037,-0.018314313192354142,-0.025749117919636563,-0.03971971162490537,0.0034216645311658076,-0.04988059159787765,-0.027963264587317044,-0.06003531234493658
2022-10-07,-0.010200381784850557,-0.02041609096293321,-0.029127155566808526,-0.0013123373226317375,-0.022703994109108814,-0.009031513223397656,-0.012092048716636012,-0.009557369511973482,-0.00458403092120311,0.016504694396364657,-0.02754368443452766,-0.01475489637149393,-0.0673552443537471
2022-10-14,-0.012925276563974974,-0.022673533406902605,-0.023691863638889248,-0.011736183626847791,-0.015394047837425956,-0.0013441522319231573,-0.01817995988134486,-0.005375406542949938,-0.0020985030011883357,0.019649297131715544,0.014769525478373242,-0.001650206014499049,-0.0062718248674057675
2022-10-21,-0.015639767981613338,-0.029387150867762078,-0.02268156213928387,-0.016398327405787297,0.004402227748090612,-0.0053984399667500495,-0.019721773517424938,-0.007568259939986385,-0.014782227333962117,-0.002992185424139591,-0.016301883241551164,-0.010534206968248569,-0.003360744979424027
2022-10-28,-0.022342803080989803,-0.017928447048584602,-0.015056727106393738,0.004976425894988369,0.018383756030062336,0.006752915677356175,-0.009000354084480099,-0.007683353111540666,0.0017584761995902316,-0.008013584837387304,0.0073015508709515925,0.016164902522054207,0.03188878089858012
2022-11-04,-0.012942875957677399,-0.024938508032364436,0.002380559005478341,-0.0018839534994192254,0.009825103104138375,0.00456311443723508,-0.0032214746488427384,-0.0109203769665338,0.011942329436940763,-0.002113506695650519,-0.012877925788370746,0.020091712722160284,0.04430357968238985
2022-11-11,-0.0022221026124533486,-0.011436836427851406,0.0019759943847393047,0.04884972697827218,0.021739109291062493,0.005393695705166938,0.03590561746018368,0.018425001275746835,-0.03257378722839539,-0.02453494456842169,-0.023673153072596,-0.030055398672634303,-0.016506156334692594
2022-11-18,0.0054854411950971925,-0.012612051748603872,0.0010275805550309172,0.044019052682924074,0.02458037873883658,0.012510029978015529,0.049287234066031145,0.02794643781830017,-0.06480765069630057,-0.01553204809177759,-0.03337882117982261,-0.023651100549252558,-0.011147130559729004
2022-11-25,0.0012989130027763474,-0.01859104035286621,-0.006047171875858652,0.036986113698306566,0.018674447013537668,0.0028096587150097012,0.04196692460220654,0.033304687210550604,-0.031034520524306875,-0.012337564100741502,-0.05025604783130396,-0.03880522949643904,-0.026670036739940468
2022-12-02,0.002014159210689455,0.0031541693605020814,-0.009010821399521278,0.03631865587140775,0.035146909075874117,0.009284320795440688,0.04593246397568429,0.03046660055561064,-0.05513574909817302,-0.030470787242951727,-0.03143467634688194,-0.040009776195240994,-0.034622009059470486
2022-12-09,0.013744756055425366,-0.009289987691361669,-0.02494750151662722,-0.0015724880245263466,0.03137759862133571,0.005866110508600324,0.027075517204296747,0.00838797479434181,0.007252141551176657,-0.025261543181678146,0.010668012675252171,-0.0017275533630042418,-0.016004953882244446
2022-12-16,0.011968252399784239,-0.0002456130214331929,-0.017435791880204655,0.006615234015657984,0.02482789978126887,-0.0020207495999775074,0.010204650169346262,0.004240209781008336,0.008465286737315485,-0.029938866811044212,0.01653043171868724,0.002804400704967149,0.012898906173174907
2022-12-23,0.022202033435001906,0.005941071872161238,-0.014681891525844416,0.02835682391272557,0.02077208899153218,0.007428284004752635,0.016335009682032997,-0.0007546720979783102,0.010447639028488259,-0.01872047575793566,0.017957780931550482,0.02092822586703552,0.04864692494788511
2022-12-30,0.017325856252109424,-0.005071443428999829,-0.01585507864128166,0.028002109167153184,0.0057853680657118985,0.0005984164544987564,-0.003445628035901705,-0.003564735774067909,-0.034045207433366594,-0.021206438478837804,0.015513660846728082,0.0026379466594201924,0.03608855617630476
2023-01-06,0.017502894326942804,0.0016536929709109684,0.0019869215216433266,0.026603831387359902,0.0019836069560101952,0.0013005412966450975,0.02056602306789022,0.00022433753724302678,-0.024242962075679476,0.019546841497131085,0.0016877205992710635,-0.015276433930244436,0.04876185342507081
2023-01-13,0.03356889112445234,0.028711310212149156,0.015010605135505842,0.03112843991363743,0.0033048929805744543,0.012663824529072575,0.03918282949531562,0.009074636413887654,0.007209803380562601,0.030217207121873355,0.030107695874536714,-0.01790011387204589,0.017046384880815016
2023-01-20,0.024897355768535127,0.03409948392318746,0.021032150036241228,0.015423770802382617,0.009474018185408523,0.00787411836667878,0.04072015209211248,0.00690455559275844,-0.027178024773337958,0.014472894418515311,0.024342394073046905,-0.023072233512611423,0.018714664086281453
2023-01-27,0.015694851427960774,0.03400210163182446,0.014538608935944728,0.004709072668518668,0.013487151303595114,0.010426319963419833,0.03961932643910675,0.013264185596613841,-0.014432787971261553,0.03135438561512417,0.021567073936377256,-0.011266517034519467,0.029727462083567475
2023-02-03,0.006039401393294301,0.038631761500128835,0.0042475252112879084,0.003375284170189276,0.02413552053389099,0.005979653379709005,0.001951491271070114,0.02588595386439301,-0.018788643537905853,0.008969773022095246,0.033044470403997724,0.013095963655570836,0.04454306251338319
2023-02-10,-0.009225026939142199,0.002201297181816506,-0.00531928973325025,-0.012533808558754439,0.012854230159401979,-0.005265592221555515,-0.01866092582889614,0.014012357836539159,-0.048275959000584276,0.010529893584840529,0.040174287047447375,-0.01055540143742133,0.03610615335529781
2023-02-17,-0.00412739076137144,-0.0022545242374751727,-0.010530669101384157,-0.03381284516576311,-0.007422910684620742,-0.007919396690387914,-0.04226917310458153,0.010574806345753644,-0.02450927639982836,0.029599118529656524,0.05868990250017242,-0.007076451944652755,0.035237647459883455
2023-02-24,-0.012311809251371217,-0.006980464605530913,-0.000557622673297291,-0.03654307466002829,0.0030081872827244435,-0.013959101801316393,-0.04383810808200163,0.005801622077117784,-0.01527894521724148,0.029786588711348656,0.014203142711661634,0.010117017607894647,0.03883972241827831
2023-03-03,-0.007374489640260806,-0.014355592508056994,0.015457805020658246,-0.034185876951557455,-0.009817071731119517,-0.015145258159981042,-0.028243828368041228,-0.01328315646191687,-0.016131275264613467,0.04518353669784229,0.006084557394441036,-0.002546797694618956,0.015554137078940933
2023-03-10,-0.0038945300102542755,-0.008969399295764392,0.014735413079166112,-0.024236207899140216,0.001014498731625427,-0.008810976321337377,-0.01744051888606732,-0.007735265724225792,0.011931065490684279,0.024934649397062046,0.021328180160016568,0.032171236973439016,0.023017588805564322
2023-03-17,-0.0007979319573212279,-0.0029254457347482757,0.005314302152017725,-0.009956923347584114,0.015619798493883844,-0.0010529601936849755,0.01982607130580076,-0.004111921717118181,-0.0005618703833051141,-0.015445011849541966,-0.06453813105993567,0.012420529646805064,-0.036986694474028164
2023-03-24,0.006949801506022761,0.00905566721033839,0.00462326299310946,-0.006294536859766621,0.012645102538614832,0.0014170626519647142,0.01442189103319337,0.0017464319166536433,0.02980065584514596,-0.00239898583412234,-0.01782911315127917,0.00922190405474076,-0.015119006942089383
2023-03-31,-0.0029268482567483293,0.026150632497037633,-0.006414298841759109,-0.019711648420755346,0.005004117574159052,0.0005369633575003242,0.005975986814281159,-0.004947044115566458,0.042576982267625296,-0.006258225213573127,-0.01811802517603168,0.014153120370814853,0.00820451848334894
2023-04-07,-0.00730073527617899,0.02998748246901019,-0.0027031277706758496,-0.02721860024723665,-0.00018403540025384215,-0.004660300749659917,-0.0016776401681900012,-0.0025418502302951285,0.034088454310312294,-0.0014095164433319766,-0.07154947229253339,-3.103508813759835e-05,0.022837674988908166
2023-04-14,-0.004736390298150726,0.031037925809529743,0.007348992432597123,-0.015777402283907463,-0.02139564105208582,-0.01144311178897063,-0.028210455353039208,-0.004025267167900776,0.07579317156341975,0.024480685321640962,0.016313918393907965,0.027418046144441613,0.07779537834024601
2023-04-21,-0.006450382775659224,0.011083767042187102,0.004272041182646537,-0.03486113829762103,-0.03275548632507105,-0.014775746062139189,-0.019274571323109446,-0.013077691121460996,0.04280375749506997,0.010075301775840248,0.004613420078273128,0.02027099070304144,0.03226504868736656
2023-04-28,-0.007596751341983253,0.0202745389025396,0.0063354804936234035,-0.02928653435301179,-0.0216203152790179,-0.01095054326273673,-0.007910876496499207,-0.007775869980093079,0.06748037625101938,-0.002875786214617942,-0.020933369542374375,0.0264375645653277,0.022670281327857963
2023-05-05,-0.0054200902693657335,0.01911144968673154,0.003088999668116534,-0.004730164936602544,-0.017582251127153715,-0.001599667694314107,0.0025971799907505075,-0.008990331158856111,0.07674475075866659,0.00961236310354912,0.01724016523849578,0.015572326406009767,0.003197207249228834
2023-05-12,-0.004659269405825299,0.005444744280691296,0.004797089586603203,-0.010030033823926268,5.481446672042276e-05,0.0005320778780890031,0.021056389850106452,-0.0018319573514755595,0.06211412756510195,0.02407508364224783,0.030207871262177492,0.020492263862828014,-0.0020135857359915893
2023-05-19,-0.009348338732233591,0.006267166211479338,-0.0002894666192035534,0.02286400051496768,0.01199742838606107,-0.0035787538248924743,0.009234436635464994,0.01004142455282467,0.05639166358732439,0.00046049538651816296,0.019462080931670712,0.009450399522763466,-0.011445718923968689
2023-05-26,-0.004817035193911653,-0.0133958352307965,0.004573169609370522,0.03958572088717939,0.009829115171914394,-0.0037752165529978936,0.000619972155332953,0.01537560053980835,0.0123264641350354,-0.0016699449346807677,0.03186382589408424,0.002996213525926738,-0.012976139707589849
2023-06-02,-0.00833259666896305,-0.0025639237941133767,0.007300450522016248,0.04333528819939003,0.008314056799282024,-0.0055893466539047205,-0.004149867083433217,0.016263517067275624,0.0072080974564604165,-0.0006378149177857948,0.038085276177011775,0.01742256122456219,-0.01200387482186007
2023-06-09,-0.01630729715966729,-0.001970463405481371,0.00491130850908705,0.05055791035062462,0.005734382062797372,-0.0035212546371085137,-0.012501526899856525,0.009761986440900084,0.008330005682735177,-0.023754078062752513,0.013275462664383625,0.012021299369830344,-0.011324970491321957
2023-06-16,-0.015947218580826275,-0.009546808720880332,0.012323854466652458,0.03050653243484772,-0.0007805117565348766,-0.002251911193014064,-0.014237035290418533,-0.004694656966141405,0.018374528868605383,-0.013823165570476727,-0.01331494400673897,0.016639457692028323,0.000704111372787114
2023-06-23,-0.02492301634612643,-0.011558961806881818,0.00548805647088701,0.0004506563422211826,-0.0026367415838005883,-0.010435630847606224,-0.024812204192065097,-0.01343748583873942,0.03606418158938556,-0.016673835463142037,-0.027838239444864257,0.018989680896615305,-0.004790519741415999
2023-06-30,-0.02525195514250704,-0.02114319663904584,0.0035386440646031168,-0.020536778906683227,0.008567662278597423,-0.013417237576612326,-0.027068356546493075,-0.017491365222208167,0.034972122542741,-0.02667481247410366,-0.02527379347747223,0.012255177903366651,-0.014485129880730186
2023-07-07,-0.01203281709389919,-0.026893301627467676,-0.003118596313034584,-0.019720744063950232,0.005933561903769291,-0.012379355114106459,-0.024936807938493795,-0.019691621461182925,0.005453542864588554,-0.026750761382437763,-0.05030123901294977,-0.009498030450694622,-0.047693854774869926
2023-07-14,-0.005243313619536072,-0.009372749678560293,-0.0072820924279233595,-0.015056601307028608,0.016354044549639492,0.00016933988562361883,-0.015838308217258568,-0.011664913896469817,0.00882134741739985,-0.012439408310537161,-0.06491414069596962,-0.005669463205228938,-0.004633872025365575
2023-07-21,0.0021537961200913756,-0.006645547013218954,-0.00286980183046063,-0.0014359719515639312,0.00961961884054243,0.004805094220646531,0.008760020487815106,-0.013654845328064946,-0.007502125677392035,-0.01807260839378188,-0.05064149889488966,-0.012953429203805508,-0.027811127756751722
2023-07-28,0.015499891349499476,-0.004835540916896241,-0.003312605058921066,0.021476697940706963,0.0010042335689630626,0.007814717427507875,0.018216968302711342,-0.007787428926599587,-0.005272471119283501,0.0009393875399889284,-0.05913956015350551,-0.003944797890832961,-0.03773162376939971
2023-08-04,0.006594440284647019,0.0018450600529094714,-0.00017557401861706574,-0.009447287949330248,-0.006158877081325603,0.002894995099018736,0.004679895415282544,-0.011182927736103496,-0.028057900558353627,-0.009754728089399901,-0.0666363326217237,0.005278950890451454,-0.010459350310052424
2023-08-11,0.0005095642309453996,-0.00310893900644767,0.005346899729026165,-0.012379910505235946,-0.02657311937992675,-0.009140674073676854,0.0037423024715072034,-0.013377969729636672,-0.028454095564603724,-0.01094990324320345,-0.013909382621304612,0.004913841106784678,-0.023953472431989278
2023-08-18,-0.0026258678549650034,-0.002992374110455392,-0.002083494858089631,-0.012837585713682991,-0.014527111953919317,-0.006285504620481233,-0.015759603468407074,-0.0038587973361467742,-0.045449599191572806,-0.0072583078705091945,-0.02836787710191286,-0.005237125121653812,-0.012675380689674996
2023-08-25,-0.006747199874896671,0.002685035818044075,0.006975729546930193,-0.01131270802957652,-0.018600635045801943,-0.006377609779568019,-0.01087988607724528,0.0020246581749854145,-0.04755788356530168,-0.013231828392589101,-0.004707406727776021,-0.020574642902144565,0.0036100657684825406
2023-09-01,0.00025997435542973995,0.013135771565217573,0.013454577724493405,0.022074683293388447,-0.003253205757706405,0.0024905365188568323,0.002676727405529963,0.011307741431118736,-0.021406167478932765,-0.009112055838448575,0.013766040649173035,-0.01299990920484229,0.007235232822045266
2023-09-08,-0.0011692351390163273,0.01235548778614427,0.010975860021975202,0.02348913823297469,0.012946905363758652,0.0031563278733025436,-0.0007187231839034629,0.010169527891475584,-0.03636336279714454,-0.03583034426997433,-0.0387456476356609,-0.05216202587904338,-0.019171903302399068
2023-09-15,0.015968431617684853,0.011639595328759569,0.012459273568201706,0.0357880766322982,0.004473206255235386,0.006528605617337984,0.002646896164885289,0.017132198407177224,0.009422414145647096,-0.001602719296856188,-0.022626149932052645,-0.04947212161940778,-0.011197744680835862
2023-09-22,0.011686462903680197,0.00651095564589611,0.007356096015831772,0.016515188786792024,0.009719237678823604,0.004786235803172797,-0.013504126101351974,0.003433191839241047,-0.010192261885114892,0.006949352127545421,-0.035212945623272346,-0.032810937390488557,-0.022763181625912135
2023-09-29,0.013029320323136447,-0.003154651732233518,0.007851104743248186,0.003881214182110206,0.012289320312654919,0.003726047653957734,-0.028642806548962126,0.005134548699218564,-0.023523074717089795,0.016129398660416013,-0.043027038010107,-0.04436065467927934,-0.01997104323948372
2023-10-06,0.01891281688178782,-0.011880184700982704,0.006233740381886126,0.002910760314872003,0.0045503629729783685,0.005339995040132904,-0.032582169685050705,0.0058976547887854116,-0.04326131474297837,-0.022663654773014533,-0.0322329054982285,-0.007204482638512831,-0.017058564756251518
2023-10-13,0.005576655728962913,-0.010600905770711072,0.0069874770437260165,0.00016517996223390854,0.005044891039900734,0.003038857140187977,-0.007927937611794063,0.0008114743313433555,-0.03594129292710974,-0.02863137998623223,-0.05338389696608196,0.017280554590648246,-0.023837315663355375
2023-10-20,0.0027019806017587016,-0.02402780465750516,0.002703781879553894,-0.003437588141670779,0.0006520643389201163,-0.001130298748626708,-0.011171757901019857,-0.0002340879185732574,-0.02053826855575708,-0.06797370053935783,-0.06873525017361147,0.0235931441221884,0.013199546735830587
2023-10-27,-0.000615793762275153,-0.017475489203639293,0.0009697506540089029,0.005200468358859586,-0.004922718367674428,-0.00010681354604914588,0.012441975962139622,-0.0022101880758487037,0.018296929503736906,-0.04454224013950368,-0.020337382106583007,0.031006861050101524,0.012300495881376888
2023-11-03,-0.0018956010837776335,0.004363651804246978,-0.0015322907194899264,0.023149414082389477,0.010571295054576529,0.0038672973536686985,0.033906103874276804,-0.000889125047899151,0.0615689681321509,0.05115696226207901,0.03866881389290528,0.031071674702313794,0.02369891874446783
2023-11-10,0.0036001611189489793,0.001729831951490045,-0.0008944975715396751,0.01627383391891484,0.010558302220811479,0.004057336920652984,0.00823832568511892,-0.00688726572075228,0.01875647349488501,-0.004259028872786511,0.007719875472486738,0.022157744779495156,0.032442602227660024
2023-11-17,0.011744039046945048,0.016824753704640136,-0.005293873928772733,0.01757659776082473,0.01166719508361294,0.00760083081268415,0.029820318163564036,0.01191075683463786,0.014727335121279243,0.027552514600159568,0.029351388669245294,0.014562855833522185,0.0037066443349202186
2023-11-24,0.016092728062163608,0.0020275836555394312,-0.00781669368984169,-0.0028540347745363032,0.010444738990943694,0.0021678269226984934,0.00796043074257005,0.011744292462712766,-0.006489103132932964,0.010608168115647685,0.008298676123538754,0.01536912661828198,0.0013084286951320027
2023-12-01,0.01749452819906298,-0.0035864060231306973,-0.0037727538328225832,-0.01797191575713649,-0.0030276778864195635,0.000901530336823306,0.0004009963994260103,0.015296792920606133,-0.008157479016798514,-0.025692107707497736,-0.008419119544296355,0.009015781717362989,-0.018512939928494097
2023-12-08,0.011711965968393984,-0.0010968080867884743,-0.004963531151654225,-0.017129164784072285,-0.005018206096542566,0.002119741862123325,0.0032549336489802166,0.022178609641295435,-0.00324705084202909,0.008937116113211942,0.02823370631365937,0.004197474600335705,-0.03019373988399949
2023-12-15,0.00581992597743315,-0.014503828877100503,0.0010616841313422338,-0.01867578508857178,-0.01584710489561944,-0.001699132069519832,-0.007745899332555626,0.005982845119845906,-0.005136333072614275,-0.003199035945443591,-0.004636678432822377,-0.005545184029930861,-0.03954446099704108
2023-12-22,-0.008913004250998918,-0.004096910672520537,-0.0010218819442371408,-0.01495457976663885,-0.011930920715756943,-0.0019304376358662053,0.0035368648947680477,0.007378494303341317,0.008728284830371476,0.004185139041661854,-0.04529977839344219,-0.01419504825739153,-0.034467296230889795
2023-12-29,-0.005038344217359383,-0.007484185945653865,-0.0028822108624311964,-0.01738093384123798,-0.009881985518188337,-0.0010531126793001367,0.0056657821527172515,0.017491608428094753,0.0017839102674015537,0.004151169396277026,-0.03868679330798423,-0.009721827427907606,-0.02265369601075795
2024-01-05,-0.0023247478621792484,-0.006827928005903908,0.0009273055651768673,-0.013192609827225851,-0.0036231908360392327,-0.0007337078163619985,0.011964737667579453,0.009040891542150887,0.00038325246457892627,0.010266036696527897,-0.038607141791352016,-0.007516371034183756,0.0025638379211341787
2024-01-12,-0.00660443004710291,-0.0003468369754017148,0.00244391346655785,-0.007027167644851132,0.0017555173992085888,-0.0009401019830251509,-0.005853310655716523,0.004099519197842384,0.018953032775689663,0.013231978499500741,-0.04019906293616493,-0.012518849624276183,0.013749946806242787
2024-01-19,0.0046598091918077554,0.0008157918585753781,0.005264411414210747,-0.009357977410716313,-0.0005969568006633586,-0.0030057128374596695,-0.010105515153552944,-0.0041458300200225345,-0.009697061017816345,-0.009812802919279037,-0.008104039674587973,-0.006966304797910106,0.0032420155825627524
2024-01-26,0.005358778525106121,-0.009370095034241648,0.007207873647786436,-0.00232192039360258,-0.006689863037502951,-0.0019315007375075993,-0.014016224992170551,-0.011921177823692591,-0.009173026085839258,-0.01117411175530897,-0.02891335560166495,-0.00812256153659503,-0.009678353691015624
2024-02-02,0.002528785707712875,-0.005414692100866017,0.0053936858537422675,0.0006311736279315319,-0.005108811909385016,-0.002379068201657542,-0.012605001716668136,-0.0078072534649369935,-0.006581262557590379,-0.011320527062388909,-0.04223737753870901,-0.005432858271487827,-0.020303496683043775
2024-02-09,0.008681201515197308,0.0050896623015923,0.002201146766371938,0.004524645459596342,0.004930834242241301,0.0001728411850590837,-0.0022159649985074945,0.0013069141154497172,-0.01917733935284077,-0.015789882901922837,-0.041418265277368,-0.0004287760931045953,-0.019968846479471954
2024-02-16,0.00828565255995873,0.004784846978496721,0.004159430435770112,0.01757932614097202,0.007114328500938211,0.003968996718504054,0.0038078305887933126,0.011281985077055984,-0.003262482039390456,-0.003030858127697436,-0.037067978967375716,-0.0031795532727986095,-0.017930576660201043
2024-02-23,0.005128388040295892,0.014874048206969399,0.0042733331013239725,0.011032608754415777,0.01267606525398891,0.0015272670400010558,0.005574517522704522,-0.004660463650422373,-0.010014194692782512,-0.0018918157459050875,-0.04641632507163416,0.007055565582328217,-0.0026472123346274285
2024-03-01,0.004477328331683679,0.0021372786144223128,0.0018308451490209549,0.0037469209514033076,0.0023972288179371468,-0.0015742695736117253,-0.0004503094073107952,-0.003984358509274328,0.003914412945709387,0.0012751702904882246,0.005106182725145028,-0.004180121253400814,-0.015217414883138273
2024-03-08,0.0010476874907046196,0.001391041298138434,0.0013216334754112405,0.0013747361311280976,0.004006840143347427,0.003530220968477363,0.010865439238540308,-0.0022798726255000143,-0.011018148256777507,0.008088248844752472,0.017208391172853894,-0.0007102762967921106,-0.010895798289421749
2024-03-15,0.0012445387428846768,-0.002964170759105613,0.00029269132858646,-0.005239661049589207,0.0043500546890209105,0.0008990778064480913,0.004118609001611735,-0.009610612550212935,-0.012952941755773585,0.01551564996108609,0.03372524131690284,0.003919280232520764,0.0027206179782000815
2024-03-22,-0.004489623642123801,-0.008791154486984344,-0.006646983659240369,-0.000904483120521488,-0.0037828976572504454,-0.0009033450720357199,-0.005858509292988619,-0.0057832106989434565,-0.0023541333142474297,0.021799047546005517,0.02185261318424071,-0.008325941717281276,-0.0033271086310072773
2024-03-29,-0.0003336467176288842,-0.005376975101593541,-0.004638837399668543,-0.0013378174167381158,0.0043097711144500835,0.0013683571713977605,-0.004794679040952933,-0.005005545822650638,-0.0169852225004923,0.021430933963009914,0.0012359652527393983,-0.0018018655949194875,0.010685581772915445
2024-04-05,0.0024027394240649516,-0.011836052649442479,-0.0038672503540816846,-0.012319554010627504,-0.00948715813336787,-0.0042642650139204236,-0.01920698182026114,-0.012654226131334557,-0.012029426679551914,0.01909333526570404,0.02362596875724734,-0.00231003949702814,0.02521935498738421
2024-04-12,0.005739622166940287,-0.01285149685334512,-0.003327957572173367,-0.009344604925667417,-0.004007624263828228,-0.0003590270729285387,-9.99685846352072e-06,-0.003825199071024731,-0.024944891000851455,0.012105957317440998,-0.009671534551319829,-0.004903733037275127,0.008410126079824883
2024-04-19,0.014079549637781397,-0.011007702817535166,0.0055046565100857585,-0.004629297493207962,-0.009882938345996456,0.0028829970717826276,0.0024162005223799365,-0.004609519458629092,-0.042345431562343536,-0.023485175362164237,0.015606676995750949,-0.002411149941781492,0.01573738321231421
2024-04-26,0.008227284943083052,-0.008405972482309867,0.002816662797384387,-0.0060686200998532926,-0.020427752152125535,-0.000572273606187106,-0.004748172488441239,-0.008625536819155325,-0.01978234237287573,-0.03275069127077843,0.0225484627887074,-0.0086792123346105,0.010738106942480237
2024-05-03,0.014274725890167431,0.0041663882547972615,0.0013110384174991243,0.006748439357778508,-0.0032878842226445985,0.004172593039178605,0.0009212335311431499,0.0006703221089941862,-0.004779766769210706,-0.02799853569939969,0.011415551741987882,-0.016654401271949053,0.006053401654794743
2024-05-10,0.003950514446474933,0.007073426016065004,0.0006061671341630826,0.002285904201747263,-0.018884650546238682,-8.926486831573347e-05,-0.009256751884711346,-0.007281856538479532,-0.0037827436381523295,-0.015343860109327529,0.022805193334700366,-0.004743699490968388,0.02241842671068067
2024-05-17,-0.002602137290440926,0.01229136926222132,-0.000665963212035099,-0.002438795108687131,-0.010902430994980148,0.000480135203654771,0.011364558395512933,0.002644513066197193,0.011014696038641405,0.01645489713692392,0.04682545404373788,0.006865266267643758,0.021868360270038346
2024-05-24,-0.003005723579875798,0.00977924797811015,0.003074848732454617,-0.006164491172917725,-0.012783762351156944,0.0005851490139216439,0.004269227392104519,0.007939122704647623,-0.016727291173341784,0.010197467876666748,0.04385463297087108,0.010719694075621984,0.02670409399652017
2024-05-31,-0.01001259727600525,-0.013863251983689383,-0.0005714326043617761,-0.024541185494931395,-0.025826838033845015,-0.003930316168104536,0.0034597924250858413,-0.005241214540321681,-0.042335467247249514,-0.016771166833368566,0.019547108041708408,0.012857100020961267,0.004953050964849796
2024-06-07,-0.0031490118833231,-0.010052955296998768,0.00068057019515705,-0.009588558923085098,-0.020274323675998816,-0.00033867913332290994,0.001835719299795831,0.0019307788088107026,-0.025241126038008488,-0.09573388414533215,0.035418510846977,-0.008021412152113109,-0.006561540609384864
2024-06-14,0.00035340210605196935,-0.01837027050381869,-0.00016753920504398556,-0.009357489404495158,-0.009216076343768618,-0.0007096035464160678,-0.007072781268606276,0.0013452371661330032,-0.042359819992099375,-0.09432220903799175,0.024882246815343477,-0.0365745251793573,-0.03007513481387694
2024-06-21,0.002256787482334637,-0.011863005080240654,-0.003307901418816889,-0.0024916780437650565,-0.0028554732427147215,0.00248580021965676,0.006668975377597261,0.0023481545631047116,-0.044398600256662396,-0.0783567596342074,0.006229792289378835,-0.023673602351668738,-0.03008906966784509
2024-06-28,0.0017858926913017293,0.008227080432104312,0.00451147023460482,0.0212482347747949,0.010722277778736973,0.004454033542401314,0.011469512749151388,0.00938325106229182,-0.043644763792058144,-0.06669437016019722,0.024148033676615287,-0.011222269495420684,-0.006782643428841885
2024-07-05,-0.004174956717215544,0.006225459966563343,0.0010350949252962037,0.0005727250636677044,0.006042791580816068,-0.0006577661616784746,0.005932418419913768,-0.001037822740524514,-0.03579148675823906,0.0011808288714516531,0.014105204903255546,0.002774916870472703,0.002624951341030723
2024-07-12,-0.007458861942569094,0.010354467958873957,-0.0006981358478248484,-0.005972756751251059,0.0008151039797329538,-0.00783610551496828,0.006007162924632916,-0.01193241813281921,-0.016662800594681445,0.014731223475228403,-0.0013594804522119204,0.014829542206703064,0.02092598341835134
2024-07-19,-0.0036009926223974247,0.01323342946233808,-0.0029500801353510185,-0.01269891385057271,0.004311359374271686,-0.002444129425293164,0.003470759544485635,-0.02095700453489652,-0.014903048231783025,-0.0037346958812889824,0.0291288987313251,0.009638485621480924,0.01913976888243045
2024-07-26,0.00079118891797594,-0.0004026261496871417,-0.005973322340060702,-0.019042625438121102,-0.005017434240886718,-0.0012307512985444738,0.010980956822333115,-0.020028866223044478,-0.012593244208339214,-0.023096345610783137,0.026495799912035913,-0.0007562294737416776,0.0056280283961965254
2024-08-02,0.013404842473857448,0.002219950930382501,-0.004904853395895912,0.000622358815401236,0.00940970689339031,0.007706394091031932,0.014240583604991402,-0.018432793145932023,-0.041765649161074704,-0.05821932255521105,0.008408191846159999,-0.019234206021076183,-0.024042951025701788
2024-08-09,0.013600011478176494,0.017285942798862024,-0.005713290032095949,0.0022876893575799174,0.019213007268781,0.01470641252342349,0.014152644323121993,-0.0020725373791033643,0.0008542640854114283,-0.07536981107628488,0.04016956777214287,-0.019487919319130433,-0.014451891394725514
2024-08-16,0.007939970562184267,0.020793898522673153,-0.0037941535623844643,0.008852019007054165,0.018229603629763145,0.007535844363143022,0.02398114295159024,0.00381731611167799,0.01420519538103348,-0.06343803290959882,0.010822427301859146,-0.01678311856858752,-0.022302121761617208
2024-08-23,0.0024626608467295686,0.025544062919098075,-0.005107405112036688,0.005118777309287025,0.027441350838711912,0.006093681095348668,0.017577202867928673,0.005489557096708013,0.018620373858394823,-0.06736900566754223,0.008171477825124132,-0.01903350902858857,-0.01460338816318688
2024-08-30,0.0018179491304989078,0.03126043279417534,-0.001448191497200877,0.005442771989075453,0.02471593042374751,0.006547395306751967,0.027703578141368663,0.013918731870022539,0.015405003431595884,-0.04653174495703818,0.021902392410654704,-0.0037274630736916,0.013350262660375842
2024-09-06,0.0006029788407645406,0.02291023987420628,-0.0012687018764084496,0.001069312079437246,0.014987723104173406,0.004172407443473657,0.026880284976158096,0.0016536841957614182,-0.019991424034192278,-0.06649656434885101,-0.04136362056960355,0.00037640642816802027,-0.001278416111324187
2024-09-13,0.0011469281507144155,0.015207170722023697,-0.00015892708183807202,0.004088677903249481,0.0160467160796887,0.006005683210459991,0.02653703792017896,0.0016003916811519454,-0.013122796553890792,-0.026154944996868344,-0.01878904621739817,-0.01228383283682794,-0.00041180816933642514
2024-09-20,0.007513676212586529,0.022776137479160838,0.005471175997808582,-0.003533664680813259,0.010044824961574824,0.006825858371899869,0.026291346885180155,-0.0027297400636862226,0.008222001921458364,0.00018969694329129018,-0.013381882689092744,-0.006158949637296112,0.0014418523348190427
2024-09-27,0.0064779555366837995,0.01625200335436942,0.0012801862628306817,0.007504363139352441,-0.00039126542998015653,0.008263383237371202,0.03181421709546183,0.007277966743014759,0.04482244142970668,0.0007759342544069389,0.0024476606395157086,-0.007615734826302236,-0.01446027218633459
2024-10-04,0.0026347472595658235,-0.009134847622303936,0.0019204340644649789,0.010848174477449735,-0.0027195676770135103,0.002786697352882613,0.025403820461717366,0.0018305195442326356,0.04512396958954827,0.06223049756345687,0.036740479040801174,-0.012587575695461546,-0.014344490593594762
2024-10-11,0.008103933727966296,-0.002413954819032966,0.0006079590694560842,0.008521825220467528,-0.014738618941703049,0.002752965327583585,0.019418507989954384,0.0071580780455657135,0.003983086859787939,0.006724160328092085,0.026047966633312776,-0.002133269527364481,-0.012324781123438853
2024-10-18,-6.005874812411256e-05,0.003452990308875869,-0.0021854666327030645,0.01074512414740927,-0.017048616238079753,0.00146394742152711,0.024835237917715025,0.021257182380614238,-0.005691005222994277,0.007096088090701683,0.0019440483784875576,-0.009059709719238168,-0.012758807861330296
2024-10-25,-0.006847613982335847,-0.0029026881702599715,0.0012230790068799274,-0.009628465598935893,-0.021389370583060213,-0.009099961063614413,0.001087446751009271,0.012341940065903584,-0.01644671916819867,0.014250941886399844,-0.012273511797009059,-0.013778381961734379,-0.004547494099366971
2024-11-01,0.0012366191618808729,0.009586840848294616,0.0027009329117121954,0.0031725834809735627,-0.02070422266539958,-0.005903387276645135,-0.00280837553230133,0.028098026436454447,-0.05067621888241039,-0.029550164337538237,-0.021859519548797442,-0.006111340921657046,-0.0010696020087889533
2024-11-08,-0.00778093463541187,0.016010843607794808,0.00042157650952598727,-0.000312001268468913,-0.005863951277631197,-0.0029600068972367886,-0.005711715723661325,0.017918571617507588,-0.0014114134977086558,-0.020104960559232252,-0.027132465561937047,-0.008678927608434738,-0.0004743507044527055
2024-11-15,-0.0011551945962589068,0.00048261129637807224,0.00018420975454951647,0.020232671083374437,-0.005328772142311094,-0.005436001976596535,-0.01789601038822136,0.00853974824397745,0.010640003372035599,-0.013968054354991117,0.015762196725033144,-0.0025725900385847,-0.012648955137277783
2024-11-22,-0.0025099181489698303,0.014096997380734406,0.0002666728783869432,0.02737578740907616,0.0066970237332351305,-0.0016811754100716989,0.00524022042601981,0.007052280147119357,0.011656746754677646,-0.010861900025302277,0.016778326802094325,-0.002030457931170053,-0.019459516853780192
2024-11-29,-0.00946604332276472,0.011973391046942452,-0.003798815450426427,0.007520203887219497,0.0059565033444095505,-0.00415712466909743,0.002672742501125737,-0.009180838956005856,-0.0008650302694904119,0.005780705798048005,0.019987256211527617,0.004206070390145257,-0.024763206917506792
2024-12-06,-0.009063256035877359,0.002316793081586616,-0.001829593424488451,-0.0044267278103738775,0.015580731973794369,-0.007376987902435084,0.00690954521542692,-0.0001196314265001757,-0.027257455112493577,0.021578645514004336,0.027724788854552783,0.013248349373102505,-0.021977405062816584
2024-12-13,-0.006047630391377397,0.001102363935089023,-0.003453240711796505,-0.0172149465653903,0.004139602489845734,-0.004428339594458132,0.01626626955835927,0.0017823796004689451,-0.031123324278498732,0.03165634102118554,0.0334407730106171,0.014092293805141643,0.000597259004547674
2024-12-20,-0.003367153345792231,-0.013831796481418586,-0.00529707344330491,-0.023554423222894777,0.0052717654293654645,-0.006865680449776943,0.001568599992917319,-0.0003884841351457849,-0.037398679158836726,0.04455358862306776,0.025205352385305885,0.018906882903940568,0.0018526328253080059
2024-12-27,0.005090802987019829,0.0025210388608184094,-0.007215888641820733,-0.028192916926033974,0.02377967802751994,8.7997805493883e-05,0.020053931187932632,0.005241496489151695,-0.01977236359642194,0.02518904448080242,0.03872886793566717,0.019528354551712798,0.02404516833364279
2025-01-03,0.0046661105979372355,0.0034990962139696104,-0.008638891440039962,-0.0009107343738128208,0.011775143491520748,-0.004205888140582758,0.006815506199240378,0.003914590434902047,0.0049878288252308695,-0.0002814192781396222,0.018112336008223234,0.0033022405678693485,0.012346119259870284
2025-01-10,0.0004006416966763893,0.009621678526248564,-0.011385182793411766,0.0029953348635823277,0.018339951327108965,-0.000969566924190928,0.002822396065224635,0.001553580528634608,0.010788858929196718,-0.003832264687162858,-0.003545497387096759,0.0045440746980560855,0.007265505107006447
2025-01-17,-0.0034821468451675967,0.005286119367936073,-0.015438622151348313,0.011737766012951227,0.016747159749117946,0.0016686056030176372,0.002011163555439885,0.0027297101960465243,0.02989028394612387,-0.0026988958921893465,-0.0013250713521979602,0.008569424340864296,0.01983963536095572
2025-01-24,0.002321516566641339,-0.003053338214748691,-0.006162328076435635,0.03164745331816497,-0.006386806992185002,0.00460007357256235,0.0024388281690484875,0.003968277875298857,0.06888637045899022,0.013348710118829396,-0.0031212427246362535,0.013121233894632017,0.01662427342979568
2025-01-31,0.0037273895793589282,-0.012930845485870516,-0.0070480720848841785,0.00976696808888432,-0.005920189410276611,0.006328703392611371,0.01643437863933028,0.00024310969619085847,0.06983920199011966,0.008055711868174359,0.027536121307384073,0.01308432316401021,0.025178185492218716
2025-02-07,-0.0006828696455593542,-0.022276624739135067,-0.01641934756533424,0.0011053781472195215,0.0041795135117064066,0.0029598512039246327,0.007118453777015085,-0.00022481196735647693,0.07183776130404876,0.0014869317173090858,0.03712705606888065,0.006100272833253724,0.010432318921019331
2025-02-14,0.0015532850627545827,-0.015463728800165732,0.0001593427386836644,-0.007453623760886268,0.0028627595688701327,0.0035816001041104385,-0.004343624815921446,-0.004777556645928732,0.059445411774781964,0.007161270837160073,0.04551369944722575,0.010445110464584864,0.02140308215006241
2025-02-21,-0.006807561463479489,-0.020965926575866767,-0.0021922595471542392,-0.010817409503566647,0.006111772952041666,0.0006501946867722751,-0.014163674457653697,-0.004014659342118145,0.040294995620582814,-0.0035138895255051672,0.031621784422798005,-0.004673953691771068,0.001785348304265055
2025-02-28,-0.006121580555997716,-0.023118828732134708,-0.006366447475564578,-0.013751266695895513,0.004593266636675059,-0.0007679987624113257,-0.03462146743535037,-0.002159950398479194,0.0016852530260954741,0.020215166329860666,0.01399253164957019,0.006112468477268473,0.022540882289749306
2025-03-07,-0.010797526261244052,-0.03262502226156333,0.003960955585997093,-0.03630556702791135,-0.00552265482440176,-0.011815080081377698,-0.03887874236465857,-0.01770175359329757,-0.011663259002363022,0.009542693668829058,-0.007207916941898476,0.0041041797483029364,0.03256949088620285
2025-03-14,-0.012216522871423361,-0.03259025292813494,-0.005179912295196536,-0.03608282412976388,-0.0015820525035989633,-0.017137128997314247,-0.026915299259912588,-0.01893975955044891,-0.00865090291220463,0.005807094181210346,-0.03381362899423103,-0.0067569738327181005,0.018691546311402886
2025-03-21,-0.014344342419540888,-0.03320126698957618,0.005351828463763846,-0.04510042532447585,0.00128275196302873,-0.018815355391149945,-0.03430079625234468,-0.019124594255728013,0.002796556094344916,0.004134758020467405,-0.02397033843379406,-0.008134126581350746,0.030513848088623147
2025-03-28,-0.012802857010795914,-0.0311933919273764,0.018672400247552224,-0.03476239226441953,-0.000668260130441304,-0.019406867756753342,-0.02128160893957425,-0.02381818818476583,0.012410726113739178,-0.011072097552608264,-0.039347044302085896,-0.013815651219013809,-0.0015265041876938966
2025-04-04,-0.009807035387476818,-0.046717592247776205,0.01961759110646452,-0.012168652480497213,-0.001103694386227037,-0.013598168997152556,-0.032053487267847,-0.010695210823523305,0.0018762003422603465,-0.002453915791666548,-0.0656117225722902,-0.022785385480385514,-0.010333663011646645
2025-04-11,-0.01355839893056947,-0.053162721543236105,0.006316004347714734,-0.0014384088282980937,-0.00512165703449462,-0.00777432358808361,-0.013809097246543639,0.011166148573785383,-0.032108340889683236,-0.025709864424139563,-0.08105293095313179,-0.026440516980194353,-0.026049796135801478
2025-04-18,-0.01762866521840537,-0.05090754564070522,0.0034914686000840963,0.001482908575669322,-0.005270638871874825,-0.007094283571338461,-0.01574192645293564,-6.915301340539373e-05,-0.032425069931946576,0.015691210250691538,-0.06800939791019595,-0.01938219320475495,-0.028741301764399103
2025-04-25,-0.013039049910683009,-0.04463265693051713,-0.0011924929828800689,-0.005208576146596203,0.004764489345571477,-0.003753253909047082,-0.016783791301071074,0.007803449367490931,0.005630285760534821,0.03716790560260487,-0.020007751197667165,-0.024723692537493,-0.014518271326425193
2025-05-02,0.006344416857569056,0.014152470913172299,0.011447046769229356,0.03665991435798972,0.024120093379926735,0.023721500527408918,0.03044208367164924,0.073132255794196,0.027716669226139024,0.039228550492392385,0.01388585852453537,-0.002841723847878952,-0.0014829188571869219
2025-05-09,0.008827860001263198,0.020998554405143664,0.012150848154410379,0.028605258107208154,0.028252996467455674,0.019400815036990673,0.013818192255504777,0.07245793811724395,0.04743350663083211,0.0490623966240517,0.06049758290083931,0.0071084859385061,0.010525931069542253
2025-05-16,0.022211547142162103,0.03141738125119034,0.0019384228903724095,0.04051978721978006,0.025044734737382474,0.020411746089169416,0.012670135800110133,0.08383078633043521,0.030225596341616878,-0.0011716323532894833,0.034383734803717925,-0.003298715438650502,0.011762799893848978
2025-05-23,0.01903724785308609,0.030375076190881756,0.005091540271373311,0.06286484042611082,0.01581986133100871,0.021215052645966317,0.027847026982698853,0.07900596832405302,0.0021995236903175016,-0.010858302041019409,-0.005860270038658272,-0.004889753663969718,0.0013058444056760167
2025-05-30,-2.3584333499288186e-05,0.0007175943871494173,-0.010179782162657344,0.015228634875382863,-0.006842549083758434,-0.003439189824802474,-0.007856268601208914,0.018290269847263355,-0.019282609343893056,-0.009617303789422195,-0.008620560960507239,-0.006523778439396922,-0.005795491731263684
2025-06-06,0.003058853020150446,0.0037173978745607236,-0.0015095715734488107,0.03142608320128562,-0.014245311308781738,-0.002004564313943756,-0.010557995355018784,-0.005043309669780877,0.007228146605487873,-0.006440014238552631,-0.010751419049131596,-0.018697123237457806,0.002204365195702735
2025-06-13,-0.006894205606682598,-0.003869877869268759,-0.0038110173723921283,0.011117817869698142,-0.021016338627444266,-0.004457827626294382,-0.004509160080530334,0.006337830489874556,0.02041051538780396,0.010177604880880462,-0.0034794565572586027,-0.00602966666863043,0.005860040098372349
2025-06-20,-0.004634305319795926,-0.010237808038431278,-0.012015142910958366,0.0009014779924321221,-0.04039953088362289,-0.006639512279899343,-0.027433244626630597,0.008538391505653687,0.04246628236984208,0.007287551921471554,0.0031880459864842585,-0.00023407719686821104,0.014916193804054461
2025-06-27,-0.0016669422806937797,-0.0019775141972410808,0.00047262416336151837,0.002658163497557039,-0.028161873732640997,-0.0028300602746037353,-0.01717213781572177,0.016622625161538618,0.048076631300868915,0.02590961773916691,0.0035986939549707926,0.00491418039387324,0.025433275678729824
2025-07-04,-0.0038801588627471436,-0.003026791312741611,0.005691210939510087,-0.01435906621917809,-0.020508418784988894,-0.002397884419133363,-0.015949472526790614,0.02439136654751974,0.03739846208048664,0.03225846022978654,-0.01751149589006888,0.02297313317204843,0.025766346531942763
2025-07-11,0.00010820440938605195,0.0016211318482030066,0.00751268410999259,-0.004508378530582256,-0.007942902245620654,-0.001963795765683383,-0.0060774773409898435,0.006880206700296933,-0.0003933486111082213,0.02799096391907901,-0.02520810918762203,0.014888003868187508,0.01985633002422191
2025-07-18,-9.673658275023678e-05,0.004091492653625243,0.007646993828435187,-0.013367297423803083,0.003492348646285009,0.0011288927834025967,0.01200431592272606,-0.00018138590733402828,-0.012790809042931877,0.036348384750769305,-0.031344083245043224,0.018568913045292075,0.0212014826254616
2025-07-25,0.00040953771486646764,-0.012081087596138192,-0.005320965008421207,-0.007789709015568386,-0.005935042176903906,-0.003316539591973017,0.0054377117328306334,-0.019929688036609557,-0.009382289193004479,0.020100316109032058,-0.026424395192626512,0.006955265900136168,0.012266776040038539
2025-08-01,-0.0007288910620864141,0.0004108459332179959,-0.01317123833612083,-0.0010872611309160774,-0.016167357205438382,-0.0033756016563465437,0.006538842952893589,-0.02250304144758128,-0.014682408259005714,0.0031942119699677985,-0.01354772204008486,-0.007152076700809268,0.008776178421676675
2025-08-08,-0.00200413800563604,0.00014525783811412387,-0.01674253569532088,-0.006666002772816745,-0.005032615837308739,-0.003489484413666517,0.003964145378179081,-0.028196105835648445,0.03156142937818969,0.018956652942660406,-0.006311316336267956,0.003438778598916433,0.012373750166941276
2025-08-15,-0.0029653493967796325,0.00437970707149881,-0.012948215163605737,-0.0005602103999167237,-0.0025318084228254925,-0.0037636659820796973,-0.008697987007058164,-0.02970121548439731,0.0260586568234175,0.0054326554343198195,-0.0015601233104110311,-0.003666723747176571,0.009972492031214364
2025-08-22,-0.000786245933087751,0.012763354678562102,-0.005301437573421872,0.004507699631368775,0.012569485902890299,-0.001148388800419502,-0.002120664731537384,-0.03198454289543731,0.016127964130920998,0.00816073171865559,0.001491034129114231,-0.0051694925886398724,0.005966686457506763
2025-08-29,0.007651890040758275,-0.010562458570895996,-0.00948075881222792,-0.007870343312799816,0.005808650823955035,-0.00214643103659786,-0.005232356346964394,-0.03980758299307366,0.0079692796855177,0.01429435505516072,-0.0015810020393946123,-0.00488799100754154,-0.000248471106051122
2025-09-05,0.008701945075060774,-0.005161078052430107,-0.005086262405584936,0.002296353214578619,0.0018629803828791244,-0.002139425478267588,0.0020571887516421562,-0.023265227907805715,-0.0015585315520180963,-0.004489450806149936,0.00379578434113292,-0.005791713196481904,0.010416348672174062
2025-09-12,0.009236862846172039,-0.010557324487583855,-0.008969568719085405,-0.003302934744534919,-0.0016067393968832158,-0.002988238783055086,0.018863077040662916,-0.015389459546000576,-0.002162813275616724,0.004513170374904582,0.01200361740036221,-0.0076773470572924305,0.008197423262634326
2025-09-19,0.010147365287734227,-0.024262288638243507,-0.010324100785437247,-0.0096599533037466,-0.008522032303850877,-0.0025987480375046284,0.01761233895025285,-0.0023860842284060767,0.019592408335567975,0.0007286673747960589,0.010152102814287198,-0.003691709715770696,0.009633775547477729
2025-09-26,0.0002192325825320961,-0.010121119806039025,-0.0007458531140213404,-0.006829414596092461,-0.012611702121074181,-0.004945045090478755,0.005290064641973888,0.0010164931543683482,0.014314029365108545,0.00022602849127114103,0.018429902278874578,0.0024031125028557265,0.01751634103430511
2025-10-03,0.00013210305460010087,-0.008727353201958853,-0.0018240359860304837,-0.008854971560708108,-0.019209849776352983,-0.0038157917481485885,-0.011273237453166496,-0.0026345722849179624,0.010267502863255562,0.0001246008859927721,0.006838208042848844,-0.0012830137170070366,0.008878043584626398
2025-10-10,0.0028712653821909833,0.0005535867894440492,0.004065658668834566,-0.008147335817709567,-0.011805838322221056,-0.0037216821620880158,-0.02298521654842264,-0.0077278572286772745,0.013339748605737677,0.008747346321313241,0.017020838559152478,0.0007191939993504578,0.0017306599027269495
2025-10-17,5.918174308515347e-05,0.01657962167884761,0.011305934232191122,-0.005696335975341524,-0.01325041474188012,-0.004552864853786417,-0.02791399699456796,-0.013762071681723885,-0.020475478760198285,0.0026894942253552915,0.005938285967299232,0.005376892268295257,0.005874022299993465
2025-10-24,0.005274175949203998,0.016378198111113455,0.01507421034973449,-0.01029076618530685,-0.0026688765843442507,8.404975752162062e-05,-0.00796755270193179,-0.013733520672550695,-0.0025364519988241505,0.010783188345501167,0.017359254126893393,0.0069414756552953144,0.005181954375367351
2025-10-31,0.007457746988835195,0.01120474435997133,0.006925577282587251,0.003071361467259101,-0.00020552986902233616,0.002700767456134571,0.015997137521239355,-0.01270255735339015,-0.013964374687748481,0.008724112880963352,0.032673226581841186,0.00906592066154618,0.004979679558367046
2025-11-07,0.0029235027381681166,0.0031223604626635874,0.006915669682007219,-0.012149888863319764,-0.006336991789786519,0.001431908268438386,0.013665804750737313,-0.014146290090667977,-0.00842429533588606,0.0004138920387743335,0.016047060561448116,0.012337627607040609,0.02069041697338222
2025-11-14,0.006381511973736181,-0.00033875172431759287,-0.0007747138242892536,-0.006746758937525386,-0.007131560026869828,0.0033954526530357446,0.0171353084629782,-0.0024756724003566436,0.025294065976103168,0.011951481922309794,0.04262810532034998,0.011111697683577884,0.014809513281663113
2025-11-21,0.005415338389291835,0.005349350915571506,-0.015507449766897476,-0.009722082139016399,0.006288869746216298,-0.0006063654525642142,0.01665183701698388,-0.01890908833278393,-0.004857449249561267,0.0007656881395500187,0.014300599357453554,0.004221894284718999,0.012155196426052832
2025-11-28,0.0070091488551721195,0.008862211563352365,-0.0017835116195305824,-0.01652668321881051,0.002276369475052825,0.003838140160528867,0.00429588021261772,-0.021734500301624986,0.008630924583487055,0.007468154501661565,0.010508572569413736,0.007124433887810417,0.01333817250468456
2025-12-05,0.006360713323054311,0.006678933174121677,-0.010262214760858833,-0.004317808801874708,0.003487482245146346,0.0025441189134184027,0.011481931402974623,-0.014920311461753709,-0.015133457375623003,0.009041750850058605,0.013714542232296876,0.0030464104033541125,-0.00028837084427368095
2025-12-12,0.004035278431218368,0.0117632102647639,-0.020111781025234594,-0.015357153944807907,-0.001554179385812484,0.0006753290006020162,0.01998578995479957,-0.02530971984517795,-0.03624389450033987,0.006996836512631055,0.002789031255907101,-0.003013997312250125,-0.011174514678902129
2025-12-19,0.0064649731285593695,0.00288271171360476,0.002778267529388069,-0.0032108006848544967,-0.0013066530696508177,0.004192591556832249,0.019151000590642682,-0.009721447497560674,-0.03384615209247025,0.01407961468774414,0.004640740706874897,0.007937425239767718,-0.017457623349184406
2025-12-26,0.005145482947327068,-0.00578800794187486,-0.003016290573334827,0.012479506059077054,-0.0058801411513479205,0.0007377601445574819,0.023183676271607008,-0.005244715188140216,-0.05050477189960476,0.01748772210899975,0.005894717996232409,-0.0020665149967713167,-0.027653063806630337
2026-01-02,0.011840546915426114,0.0030960585351812904,0.0012699638422603412,0.019289049795107576,0.0018997951796563823,0.003996467331633674,0.007756549337467722,-0.0032454276036186294,-0.020777692692254903,0.012980109398227493,0.0059589003354945085,0.005193807481304925,-0.00968379115458123
2026-01-09,0.009967304897020175,-0.0032929656311178027,0.01137762712977887,0.018803913278106908,0.00304771308223169,0.007694612030559872,0.008245543335869798,-0.008076352916529524,-0.002553835516461104,0.003991947301548062,-0.001354314971326993,0.006598497976556237,-0.007472766535756735
2026-01-16,0.007618665327106884,-0.004260209962463662,-0.005009160802007731,0.008302627374514732,-0.004321129815026949,0.006593413387917155,-0.0012828214758894667,-0.002439473514197994,0.012097671030282846,0.016491818898261325,0.011953278463971987,-0.0011559731803249306,-0.0006835093563023129
2026-01-23,0.0012774035951089256,-0.002260933237218553,-0.015489638496830258,-0.016422036239516644,-0.0011642452169313288,0.0027684955997926974,-0.009222653599763611,-0.008165037751244116,0.03332208416269428,0.011362757989657251,0.028249862992904863,0.0001414402705679817,0.003750015495282673
2026-01-30,-0.003549834644834335,-0.0037013713791386625,-0.012828014713788298,-0.0002722454473963465,0.0006380935637337218,0.005476563847417728,-0.011802984067699479,-0.0049420447925245725,0.026894120561694525,0.014696035731179065,0.03197823069548076,-0.002552260078086885,-0.002404140908105184
2026-02-06,0.0004911365064386476,0.0012624705528932094,0.0020036955928510528,0.001956272002924652,0.014319443961966919,0.0040471655753909885,-0.01543482768152453,-0.0008086235160678166,0.017854018625086412,0.020293224873330063,0.03735714450064546,-0.00460620720302725,0.012676296937869182
2026-02-13,0.002579406898940953,0.004873466599184409,0.003920890027537504,0.01850636847108111,0.021685226089987318,0.006562256540123202,0.00025464437165776885,0.007574365630987267,0.017184424814993837,0.007837363280386719,0.02319697613939623,-0.008152725892377408,0.001539168276123229
2026-02-20,0.00644060213904561,0.007547337837419789,0.017921338056357466,0.023953387740091498,0.025908472732108688,0.008810875797356284,0.003105647889307437,0.007149071006615569,0.012700724306494665,0.011417774998072377,0.009205011517607308,-0.0019898877607128287,0.004471604828830514
2026-02-27,0.011123957928893919,0.010282622574399457,0.01577628557485676,0.013804450051431383,0.025543495651615226,0.005816766565794701,0.018312159918321254,0.012560421641528544,0.015292350405453223,0.002631207656783036,-0.007677135909611923,-0.006799267080010437,0.004233876954541184
2026-03-06,0.0018412647732441488,0.0047355676694816,-0.0028087898343929617,-0.00333477620393045,0.0003929083136024695,-6.964876798329616e-05,-0.004505737101331311,0.00909899914205722,-0.02195344904761598,-0.028290063857693247,-0.03594813149878976,-0.026799212026798646,-0.04926065085942037
2026-03-13,-0.0014049291930704239,0.01437021077164087,-0.00332117073850989,-0.010277723253192508,-0.005612969112210974,0.0033575706336907633,-0.02273173959242205,-0.0030828847416009613,-0.01793989920567818,-0.025430723025125213,-0.018343331164707988,-0.019521825429317755,-0.02919457622375068
2026-03-20,-0.004310713143097796,0.01034681910139796,-0.01712271451996626,-0.01765899095606687,-0.007705949642978875,-0.002048058842507883,-0.045528056929408575,0.001462926748579557,-0.028478391017266496,-0.03160924822975522,-0.008231612147004531,-0.0198344055162102,-0.0216853243101667
2026-03-27,-0.01172640176118115,0.005364405219238578,-0.0291078597776685,-0.02273880176804065,-0.01761500464743808,-0.0046919719244455605,-0.04230342750300509,-0.01190698888121704,-0.0279691582874665,-0.0319620476720659,0.0045265725684292425,-0.013341860840166003,-0.019914140614891704
2026-04-03,-0.002017796805752373,0.009229226230820384,-0.002930024767036212,-0.007366032013663255,-0.0022040978182674043,-0.0014299229260189997,-0.02112784098523199,-0.00830412653801486,0.018093464657281462,0.0035218745653442423,0.03860493678562325,0.008348767587820214,0.029226905574406107
2026-04-10,0.004653047849689636,-0.01095605295293949,-0.008595780967972463,-0.005088030923211412,-0.005145940923467995,-0.004466467162224252,-0.011003710201309852,-0.006445727895089444,0.04482136301240545,0.019313186258309474,0.05553503288453816,0.013463613143687044,0.030394752329139525
2026-04-17,0.006433142853754825,-0.007643027356926322,0.007631542357304421,0.010258447566524484,-0.004619855766836526,-0.001666379299327184,0.008466542345066913,-0.0016435727654456828,0.05064640967373418,0.02191847709449153,0.045023578873491316,0.014348056566742984,0.03836156012299794
2026-04-24,0.004631462356313903,-0.0173499501029606,0.0028402117957017636,0.004487962693530592,-0.010740958514628167,-0.0042210698927975295,-0.008466741826702356,0.0013111499697796075,0.030449989272360933,0.015824729798115705,0.023219525994149042,0.004650960690233793,0.014988227262434515
2026-05-01,0.0007316721964879713,-0.019560642986129712,-0.02637137600717934,0.014079302138353202,-0.02074918496773192,-0.0010698663036781929,-0.01392724910543178,-0.005714485972979396,0.029473951095530297,0.0026723701537059736,0.005344224237995162,0.0017312299566523475,0.01624590759201288
2026-05-08,-0.0025456471973352313,-0.013629810602869686,-0.014615838454479788,0.012768731624099808,-0.008697048335006662,-0.0019874960943352333,-0.01602128715632932,0.004094591663833947,0.01140706913681157,-0.011290326711686267,-0.027267265738338792,-0.0065872312104539605,0.01591425126753889
2026-05-15,-0.002382588054011061,-0.022618012427164696,-0.02839174720209596,-0.008663623733278784,-0.0181933562440915,-0.002939574246772521,-0.016465712883504863,0.00048430596612037205,-0.019590672854990464,-0.008278844105042073,-0.03363468686601227,-0.006352641958332671,-0.015422780922893195
2026-05-22,0.0025675977409157858,-0.021591652118460335,-0.007861933219234672,-0.02133284348419966,-0.008225117408428215,0.0007946465391387778,-0.010008200955212817,0.0032937439262534004,-0.004732747460656725,0.0021022387042902674,-0.013178144232963294,-0.005805921170078234,-0.008889026932220817
2026-05-29,0.005838444228658826,-0.025992880398419994,0.004906919397158786,-0.01967497665191336,-0.0007374889524673005,-0.00010603553381037523,-0.007031257116614236,0.012811912035286924,-0.022324553053742216,0.0030520476388807925,0.010811531956187257,9.005962484123688e-05,-0.010199228046869327
2026-06-05,-0.00027260895087092207,-0.03455455907877557,-0.010959479751120098,-0.055490611133796136,-0.017468211224793927,-0.007229639395665003,-0.027720519005666917,0.002746634462125339,-0.026489022552257803,0.0008946911295596733,-0.004808552215973561,-0.0036138224443361937,-0.04893069436534584
2026-06-12,0.0006162524663210634,-0.011867760851928436,-0.002500059175053027,-0.022119374746367614,-6.727201181029943e-05,-0.0037828307481250125,-0.03348170274042582,-0.0031591578030098245,0.009803541973495066,0.0059057212712682935,-0.0010461636133289095,-0.014339629774646792,-0.03605885006163986
2026-06-19,-0.0023671528954215073,0.006782155046230991,0.0031098536828374646,-0.005019184741927217,0.0054918611537947346,-0.003564673239879017,-0.0340277140790783,-0.005557163348236437,-0.001714058317495896,0.009082179066768748,-0.008011980502417098,-0.010363627039339266,-0.03671045312477392
2026-06-26,-0.008578261250380137,0.012373408148052047,-0.005722966177809419,-0.007618407027169153,0.00040381765622946476,-0.0037165702538602295,-0.043819008354723896,-0.00834135314495159,0.0005041506025569671,0.00868514403086053,-0.041202050908982185,-0.021433310352279772,-0.048412690771111995
2026-07-03,-0.004396625202124322,0.01813483415804459,0.000912494239900627,0.025037564930718417,0.004299917089625943,0.0010179783542008836,-0.018365809038569634,-0.00848243986545525,-0.008562631373442285,-0.0033825794689240707,-0.021868219691086658,-0.01756654295277002,-0.02059918065306103
2026-07-10,-0.004718944999630813,0.00030150763502381816,0.0066260769604046775,0.026538933393879947,0.0030479362858265467,-7.74262255110068e-05,-0.010085488332064393,-0.005050802327776119,-0.011103502548159035,-0.014970598968982679,-0.021514570864549276,-0.018885959518371936,-0.020123285594512534
2026-07-17,-0.004007710797850197,-0.002719027555127736,-0.0032968134195145117,0.03953693052419928,0.006419777133204882,-0.0007191504519712835,-0.009125856763771662,-0.011009560064313839,-0.009936367693837392,-0.02215125901945402,-0.018018009257538655,-0.018330247395776832,-0.014920707942170135
2026-07-24,0.0017974920790338176,0.008172334212457487,-0.0003530051552937787,0.06237014887003926,0.011158389798866243,0.0028884133263132666,0.006305382389426474,-0.002212289363131354,0.006984374935057623,-0.01052707246605513,-0.014370941131178327,-0.005923281187536192,-0.0018556543289764225
